customer_id,company_name,segment,industry,region,country,acquisition_channel,sales_rep,signup_month,cohort_month,last_active_month,active_months,is_active,churn_month,churn_reason,churn_type,initial_mrr,current_mrr,peak_mrr,lifetime_recognised_revenue,lifetime_billings,failed_billings,failed_invoices,avg_days_to_pay,latest_plan_name,latest_billing_period,latest_seats,expansion_events,contraction_events,net_expansion_ratio,avg_seat_utilization,avg_csat,total_support_tickets,latest_health_score,latest_risk_tier
CUS-00011,Halcyon Point Partners,SMB,Manufacturing,North America,United States,Inbound,F. Whitfield,2023-01-01,2023-01-01,2026-08-01,41,1,2026-01-01,Price / budget cuts,voluntary,1614.6,1366.2,2732.4,86567.4,94392.00,0.00,0,7.3,Growth,annual,33,3,1,0.846,0.184,3.7,87,46.6,At Risk
CUS-00014,Bluefin Arbor Industries,SMB,Financial Services,EMEA,Germany,Self-Serve,,2023-01-01,2023-01-01,2023-04-01,4,0,2023-05-01,Low adoption,voluntary,760.59,0.0,760.59,3042.36,3042.36,0.00,0,0.3,Growth,monthly,18,0,0,1.0,0.694,4.12,6,60.8,Watch
CUS-00019,Corvus Field Partners,Mid-Market,Education,North America,United States,Inbound,B. Lindqvist,2023-02-01,2023-02-01,2023-03-01,2,0,2023-04-01,Switched to competitor,voluntary,3577.5,0.0,3577.5,7155.0,7155.00,0.00,0,1.5,Scale,monthly,50,0,0,1.0,0.52,3.92,6,48.1,At Risk
CUS-00059,Halcyon Point Analytics,SMB,Retail & E-commerce,North America,United States,Marketplace,A. Okafor,2023-04-01,2023-04-01,2023-04-01,1,0,2023-05-01,Price / budget cuts,voluntary,143.25,0.0,143.25,143.25,143.25,0.00,0,1.0,Starter,monthly,6,0,0,1.0,0.5,3.76,2,51.6,At Risk
CUS-00064,Meridian Cove Networks,SMB,Retail & E-commerce,North America,United States,Inbound,D. Ferreira,2023-04-01,2023-04-01,2023-09-01,6,0,2023-10-01,Price / budget cuts,voluntary,73.13,0.0,73.13,438.78,438.72,0.00,0,1.5,Starter,monthly,3,0,0,1.0,0.444,3.91,12,48.3,At Risk
CUS-00072,Basalt Vale Logistics,Mid-Market,Retail & E-commerce,North America,Canada,Partner,H. Kowalski,2023-05-01,2023-05-01,2026-08-01,40,1,,,,883.8,3977.1,3977.1,75785.85,75785.85,0.00,0,1.7,Growth,monthly,90,7,0,4.5,0.871,4.41,62,87.0,Healthy
CUS-00074,Aster Bridge Analytics,SMB,Manufacturing,North America,United States,Partner,E. Nakamura,2023-05-01,2023-05-01,2026-08-01,40,1,,,,1418.31,2252.61,2252.61,67578.3,80092.80,0.00,0,11.0,Growth,annual,54,2,0,1.588,0.882,4.77,35,93.7,Healthy
CUS-00076,Corvus Watch Technologies,SMB,Healthcare,North America,United States,Self-Serve,,2023-05-01,2023-05-01,2023-08-01,4,0,2023-09-01,Price / budget cuts,voluntary,940.28,0.0,940.28,3761.12,3761.08,0.00,0,2.8,Growth,monthly,21,0,0,1.0,0.643,3.81,6,61.6,Watch
CUS-00105,Orchid Bridge Networks,SMB,Retail & E-commerce,North America,United States,Self-Serve,,2023-06-01,2023-06-01,2023-10-01,5,0,2023-11-01,Low adoption,voluntary,568.62,0.0,568.62,2843.1,2843.10,0.00,0,1.8,Growth,monthly,13,0,0,1.0,0.631,4.32,6,62.3,Watch
CUS-00112,Tidal Vale Group,Enterprise,Education,North America,United States,Partner,D. Ferreira,2023-07-01,2023-07-01,2026-08-01,38,1,,,,8714.78,55517.33,55517.33,1176991.37,1176991.32,0.00,0,2.0,Enterprise,monthly,569,5,0,6.37,0.943,4.65,58,89.4,Healthy
CUS-00113,Zephyr Watch Energy,Mid-Market,Media & Entertainment,EMEA,United Kingdom,Inbound,A. Okafor,2023-07-01,2023-07-01,2024-03-01,9,0,2024-04-01,Payment failure,involuntary,10806.23,0.0,10806.23,80212.67,70929.47,9283.20,1,1.6,Scale,monthly,128,2,1,0.859,0.479,4.04,16,43.8,At Risk
CUS-00141,Zephyr Field Logistics,SMB,Healthcare,APAC,Japan,Self-Serve,,2023-09-01,2023-09-01,2025-09-01,21,0,2025-10-01,Payment failure,involuntary,807.97,0.0,1190.7,17350.14,16159.44,1190.70,1,1.3,Growth,monthly,28,2,0,1.474,0.752,4.2,35,89.4,Healthy
CUS-00188,Harbor Harbour Retail,Mid-Market,Software & Technology,APAC,India,Outbound,A. Okafor,2023-11-01,2023-11-01,2026-08-01,34,1,,,,1288.8,1933.2,1933.2,55337.94,55337.94,0.00,0,1.9,Growth,monthly,48,2,0,1.5,0.19,3.79,68,34.3,Critical
CUS-00201,Lyra Point Group,SMB,Education,EMEA,United Kingdom,Marketplace,H. Kowalski,2023-11-01,2023-11-01,2024-09-01,11,0,2024-10-01,Switched to competitor,voluntary,1789.65,0.0,1789.65,19686.15,19686.15,0.00,0,1.9,Growth,monthly,41,0,0,1.0,0.348,3.62,22,39.1,Critical
CUS-00206,Nimbus Point Solutions,SMB,Professional Services,EMEA,Germany,Self-Serve,,2023-11-01,2023-11-01,2025-02-01,16,0,2025-03-01,Payment failure,involuntary,147.6,0.0,147.6,1992.6,1869.60,123.00,1,1.5,Starter,monthly,5,0,1,0.833,0.617,4.18,28,68.7,Watch
CUS-00239,Lyra Vale Energy,Mid-Market,Software & Technology,North America,United States,Inbound,J. Petersen,2024-01-01,2024-01-01,2026-08-01,32,1,,,,1744.16,7890.23,7890.23,117439.91,110913.96,0.00,0,13.3,Scale,annual,133,4,0,4.524,0.791,4.59,59,88.1,Healthy
CUS-00248,Falcon Harbour Industries,SMB,Healthcare,North America,United States,Self-Serve,,2024-01-01,2024-01-01,2025-12-01,24,0,2026-01-01,Payment failure,involuntary,1941.66,0.0,2659.23,55421.73,52762.50,2659.23,1,1.7,Growth,monthly,63,3,0,1.37,0.834,3.97,59,76.8,Healthy
CUS-00250,Bluefin Peak Partners,SMB,Software & Technology,APAC,Japan,Marketplace,H. Kowalski,2024-01-01,2024-01-01,2024-11-01,11,0,2024-12-01,Switched to competitor,voluntary,150.0,0.0,150.0,1275.0,1275.00,0.00,0,1.5,Starter,monthly,5,1,2,0.833,0.629,4.68,5,63.2,Watch
CUS-00263,Harbor Bridge Logistics,SMB,Education,North America,United States,Inbound,H. Kowalski,2024-02-01,2024-02-01,2024-08-01,7,0,2024-09-01,Low adoption,voluntary,1690.07,0.0,1690.07,11830.49,11830.49,0.00,0,0.7,Growth,monthly,39,0,0,1.0,0.476,3.87,11,48.4,At Risk
CUS-00268,Cobalt Bridge Analytics,SMB,Retail & E-commerce,EMEA,Sweden,Inbound,F. Whitfield,2024-02-01,2024-02-01,2024-05-01,4,0,2024-06-01,Low adoption,voluntary,1284.8,0.0,1284.8,5139.2,5139.20,0.00,0,1.8,Growth,monthly,31,0,0,1.0,0.686,3.87,11,63.8,Watch
CUS-00291,Ridge Vale Systems,SMB,Manufacturing,North America,United States,Partner,H. Kowalski,2024-03-01,2024-03-01,2026-08-01,30,1,,,,249.7,431.3,431.3,8081.2,9534.00,0.00,0,8.0,Starter,annual,19,2,0,1.727,0.72,4.23,55,76.3,Healthy
CUS-00330,Corvus Field Solutions,Mid-Market,Financial Services,APAC,Singapore,Inbound,G. Almeida,2024-04-01,2024-04-01,2026-08-01,29,1,,,,509.54,1175.85,1175.85,23281.9,25398.36,0.00,0,16.3,Growth,annual,30,4,1,2.308,0.702,4.23,55,76.7,Healthy
CUS-00337,Bluefin Point Logistics,Enterprise,Software & Technology,EMEA,Netherlands,Partner,C. Moreau,2024-04-01,2024-04-01,2024-04-01,1,0,2024-05-01,Low adoption,voluntary,8265.9,0.0,8265.9,8265.9,8265.90,0.00,0,2.0,Scale,monthly,118,0,0,1.0,0.576,4.18,1,59.3,Watch
CUS-00343,Vertex Gate Labs,Mid-Market,Financial Services,North America,United States,Outbound,B. Lindqvist,2024-05-01,2024-05-01,2025-04-01,12,0,2025-05-01,Low adoption,voluntary,1613.79,0.0,2289.33,21166.92,19365.48,0.00,0,14.0,Growth,annual,48,1,1,1.116,0.689,4.17,19,63.5,Watch
CUS-00344,Harbor Harbour Logistics,SMB,Financial Services,North America,United States,Self-Serve,,2024-05-01,2024-05-01,2025-04-01,12,0,2025-05-01,Company acquired or closed,voluntary,300.0,0.0,375.0,3900.0,3900.00,0.00,0,2.1,Starter,monthly,15,1,0,1.25,0.39,4.03,23,33.9,Critical
CUS-00349,Zephyr Court Energy,SMB,Logistics & Transport,LATAM,Brazil,Self-Serve,,2024-05-01,2024-05-01,2026-08-01,22,1,2025-02-01,Low adoption,voluntary,882.63,756.54,882.63,17778.69,17778.69,0.00,0,1.2,Growth,monthly,18,0,0,0.857,0.712,4.19,41,69.7,Watch
CUS-00370,Sable Bridge Partners,Mid-Market,Manufacturing,LATAM,Brazil,Inbound,G. Almeida,2024-06-01,2024-06-01,2026-08-01,27,1,,,,3197.7,2758.8,4326.3,89974.5,123393.60,0.00,0,15.3,Scale,annual,44,1,2,0.863,0.519,3.59,77,51.8,At Risk
CUS-00377,Juniper Forge Analytics,SMB,Healthcare,North America,United States,Inbound,B. Lindqvist,2024-06-01,2024-06-01,2026-08-01,27,1,,,,484.11,1276.29,1276.29,19144.35,19144.35,0.00,0,1.8,Growth,monthly,29,4,0,2.636,0.897,4.63,34,90.7,Healthy
CUS-00386,Nimbus Field Technologies,Enterprise,Logistics & Transport,North America,United States,Outbound,I. Castellanos,2024-06-01,2024-06-01,2025-11-01,18,0,2025-12-01,Price / budget cuts,voluntary,8970.0,0.0,9591.0,168429.0,168429.00,0.00,0,1.4,Scale,monthly,139,1,1,1.069,0.302,3.74,47,33.5,Critical
CUS-00396,Nimbus Court Technologies,Mid-Market,Software & Technology,EMEA,France,Marketplace,E. Nakamura,2024-06-01,2024-06-01,2026-08-01,27,1,,,,944.19,1561.54,1561.54,31739.21,43577.88,0.00,0,14.3,Growth,annual,43,3,0,1.654,0.368,4.18,44,34.3,Critical
CUS-00412,Halcyon Point Systems,SMB,Manufacturing,APAC,India,Self-Serve,,2024-07-01,2024-07-01,2026-08-01,26,1,,,,535.5,420.75,535.5,13005.0,17901.00,0.00,0,13.7,Growth,annual,11,0,1,0.786,0.804,4.44,36,84.9,Healthy
CUS-00414,Maple Cross Partners,SMB,Manufacturing,LATAM,Brazil,Inbound,A. Okafor,2024-07-01,2024-07-01,2026-08-01,26,1,,,,1524.6,2178.0,2178.0,41599.8,41599.80,0.00,0,1.6,Growth,monthly,50,1,0,1.429,0.751,3.86,59,66.9,Watch
CUS-00418,Corvus River Logistics,SMB,Professional Services,North America,United States,Inbound,J. Petersen,2024-07-01,2024-07-01,2026-08-01,26,1,,,,92.7,92.7,139.05,3012.83,3012.83,0.00,0,1.8,Starter,monthly,4,2,1,1.0,0.722,3.89,64,75.4,Healthy
CUS-00428,Vertex Forge Networks,SMB,Manufacturing,North America,United States,Self-Serve,,2024-08-01,2024-08-01,2026-07-01,24,0,2026-08-01,Poor support experience,voluntary,44.35,0.0,66.53,1086.58,1330.56,0.00,0,13.0,Starter,annual,2,1,1,1.0,0.493,3.53,50,54.9,At Risk
CUS-00434,Juniper Watch Industries,SMB,Media & Entertainment,North America,United States,Self-Serve,,2024-08-01,2024-08-01,2025-07-01,12,0,2025-08-01,Price / budget cuts,voluntary,1314.27,0.0,1314.27,12330.97,15771.24,0.00,0,0.0,Growth,annual,13,0,2,0.382,0.35,3.93,17,36.4,Critical
CUS-00444,Halcyon Vale Networks,Mid-Market,Healthcare,North America,United States,Inbound,I. Castellanos,2024-08-01,2024-08-01,2024-09-01,2,0,2024-10-01,Payment failure,involuntary,1195.38,0.0,1195.38,2390.76,1195.38,1195.38,1,3.0,Growth,monthly,29,0,0,1.0,0.655,3.95,5,58.1,Watch
CUS-00446,Northwind Cove Retail,SMB,Media & Entertainment,North America,United States,Partner,C. Moreau,2024-08-01,2024-08-01,2024-09-01,2,0,2024-10-01,Low adoption,voluntary,708.39,0.0,708.39,1416.78,1416.78,0.00,0,0.0,Growth,monthly,17,0,0,1.0,0.706,3.76,4,61.1,Watch
CUS-00449,Orchid Point Health,Mid-Market,Software & Technology,North America,United States,Inbound,K. Rahman,2024-09-01,2024-09-01,2024-12-01,4,0,2025-01-01,Missing functionality,voluntary,1057.68,0.0,1057.68,4230.72,4230.72,0.00,0,4.8,Growth,monthly,26,0,0,1.0,0.606,3.38,16,52.8,At Risk
CUS-00461,Ironwood Watch Partners,SMB,Retail & E-commerce,North America,United States,Self-Serve,,2024-09-01,2024-09-01,2024-12-01,4,0,2025-01-01,Price / budget cuts,voluntary,75.0,0.0,100.0,375.0,375.00,0.00,0,2.0,Starter,monthly,4,1,0,1.333,0.542,4.19,9,60.2,Watch
CUS-00467,Lyra Vale Partners,SMB,Logistics & Transport,LATAM,Brazil,Self-Serve,,2024-09-01,2024-09-01,2024-10-01,2,0,2024-11-01,Low adoption,voluntary,175.0,0.0,175.0,350.0,350.00,0.00,0,0.0,Starter,monthly,7,0,0,1.0,0.714,3.97,3,59.5,Watch
CUS-00478,Quartz Gate Industries,SMB,Software & Technology,APAC,Australia,Self-Serve,,2024-09-01,2024-09-01,2024-09-01,1,0,2024-10-01,Payment failure,involuntary,1080.0,0.0,1080.0,1080.0,0.00,1080.00,1,0.0,Growth,monthly,25,0,0,1.0,0.72,4.01,3,61.6,Watch
CUS-00510,Granite River Media,Enterprise,Software & Technology,APAC,Australia,Outbound,D. Ferreira,2024-10-01,2024-10-01,2026-08-01,23,1,,,,3337.2,3584.4,3584.4,82194.0,83059.20,0.00,0,8.5,Scale,annual,58,1,0,1.074,0.734,4.03,37,77.6,Healthy
CUS-00511,Quartz Vale Financial,Enterprise,Financial Services,EMEA,United Kingdom,Outbound,C. Moreau,2024-10-01,2024-10-01,2025-10-01,13,0,2025-11-01,Low adoption,voluntary,73313.9,0.0,73313.9,891453.2,1513023.60,0.00,0,5.0,Enterprise,annual,578,0,1,0.72,0.589,3.66,29,65.5,Watch
CUS-00539,Lyra Arbor Labs,Mid-Market,Healthcare,North America,United States,Inbound,D. Ferreira,2024-11-01,2024-11-01,2026-08-01,22,1,,,,1476.0,2664.0,2664.0,39420.0,35424.00,0.00,0,17.5,Growth,annual,74,2,0,1.805,0.665,4.45,24,71.2,Healthy
CUS-00541,Solstice Field Industries,SMB,Financial Services,North America,United States,Inbound,K. Rahman,2024-11-01,2024-11-01,2025-02-01,4,0,2025-03-01,Missing functionality,voluntary,1124.37,0.0,1124.37,4497.48,4497.48,0.00,0,1.5,Growth,monthly,26,0,0,1.0,0.558,3.36,14,49.5,At Risk
CUS-00544,Maple Vale Solutions,SMB,Software & Technology,North America,United States,Self-Serve,,2024-12-01,2024-12-01,2024-12-01,1,0,2025-01-01,Payment failure,involuntary,1215.0,0.0,1215.0,1215.0,0.00,1215.00,1,0.0,Growth,monthly,27,0,0,1.0,0.704,3.44,4,57.8,Watch
CUS-00573,Pioneer Forge Financial,Mid-Market,Professional Services,EMEA,France,Inbound,J. Petersen,2024-12-01,2024-12-01,2026-08-01,21,1,,,,5231.77,11721.83,11721.83,132317.57,125562.48,0.00,0,17.0,Scale,annual,177,6,2,2.241,0.826,4.01,37,78.1,Healthy
CUS-00578,Vertex Cove Group,SMB,Software & Technology,North America,Canada,Inbound,L. Duarte,2024-12-01,2024-12-01,2026-08-01,21,1,,,,90.7,45.35,90.7,1360.5,1632.60,0.00,0,9.0,Starter,annual,2,0,1,0.5,0.524,3.94,39,60.9,Watch
CUS-00588,Corvus Field Technologies,SMB,Software & Technology,APAC,Australia,Inbound,G. Almeida,2025-01-01,2025-01-01,2025-02-01,2,0,2025-03-01,Poor support experience,voluntary,558.09,0.0,558.09,1116.18,1116.18,0.00,0,1.0,Growth,monthly,13,0,0,1.0,0.538,3.81,5,50.3,At Risk
CUS-00590,Onyx Gate Energy,Mid-Market,Software & Technology,North America,United States,Inbound,G. Almeida,2025-01-01,2025-01-01,2026-08-01,20,1,,,,6870.38,7830.75,7830.75,153733.89,153733.89,0.00,0,1.6,Scale,monthly,106,1,0,1.14,0.441,3.87,43,57.2,Watch
CUS-00593,Tidal Cross Labs,SMB,Retail & E-commerce,APAC,Singapore,Self-Serve,,2025-01-01,2025-01-01,2025-09-01,9,0,2025-10-01,Poor support experience,voluntary,71.93,0.0,95.9,767.22,767.18,0.00,0,1.3,Starter,monthly,4,1,0,1.333,0.713,4.45,18,73.1,Healthy
CUS-00606,Lumen Bridge Systems,SMB,Education,EMEA,Germany,Self-Serve,,2025-01-01,2025-01-01,2025-09-01,9,0,2025-10-01,Company acquired or closed,voluntary,1521.45,0.0,1521.45,13693.05,13693.05,0.00,0,1.4,Growth,monthly,35,0,0,1.0,0.486,4.13,20,48.8,At Risk
CUS-00608,Sable Harbour Retail,Mid-Market,Education,EMEA,Germany,Partner,F. Whitfield,2025-01-01,2025-01-01,2026-08-01,20,1,,,,4097.55,8611.8,8611.8,123898.8,123898.80,0.00,0,1.4,Scale,monthly,124,3,0,2.102,0.891,4.55,30,89.0,Healthy
CUS-00613,Pioneer Bridge Financial,SMB,Media & Entertainment,North America,United States,Self-Serve,,2025-01-01,2025-01-01,2025-04-01,4,0,2025-05-01,Payment failure,involuntary,275.0,0.0,275.0,1100.0,825.00,275.00,1,1.7,Starter,monthly,11,0,0,1.0,0.682,3.44,12,61.3,Watch
CUS-00641,Bluefin Vale Solutions,SMB,Manufacturing,North America,United States,Inbound,K. Rahman,2025-02-01,2025-02-01,2025-06-01,5,0,2025-07-01,Price / budget cuts,voluntary,149.85,0.0,149.85,749.25,749.25,0.00,0,1.8,Starter,monthly,6,0,0,1.0,0.5,3.55,14,52.8,At Risk
CUS-00645,Corvus Forge Media,Mid-Market,Logistics & Transport,North America,United States,Partner,J. Petersen,2025-02-01,2025-02-01,2026-08-01,19,1,,,,414.0,538.2,538.2,7990.2,7990.20,0.00,0,1.2,Growth,monthly,13,1,0,1.3,0.283,3.71,45,35.6,Critical
CUS-00653,Ridge Field Group,SMB,Manufacturing,North America,Canada,Self-Serve,,2025-02-01,2025-02-01,2025-11-01,10,0,2025-12-01,Low adoption,voluntary,100.0,0.0,100.0,1000.0,1000.00,0.00,0,0.6,Starter,monthly,4,0,0,1.0,0.5,4.12,13,59.1,Watch
CUS-00659,Onyx Field Labs,Mid-Market,Software & Technology,North America,United States,Outbound,K. Rahman,2025-03-01,2025-03-01,2026-08-01,18,1,,,,7956.9,14019.3,14019.3,220140.9,263714.40,0.00,0,15.5,Scale,annual,222,2,0,1.762,0.704,3.65,51,59.6,Watch
CUS-00664,Falcon Harbour Analytics,SMB,Software & Technology,LATAM,Mexico,Self-Serve,,2025-03-01,2025-03-01,2025-06-01,4,0,2025-07-01,Price / budget cuts,voluntary,693.36,0.0,693.36,2773.44,2773.44,0.00,0,0.5,Growth,monthly,16,0,0,1.0,0.609,3.85,6,55.5,Watch
CUS-00676,Beacon River Logistics,SMB,Logistics & Transport,EMEA,Germany,Marketplace,G. Almeida,2025-03-01,2025-03-01,2025-05-01,3,0,2025-06-01,Price / budget cuts,voluntary,144.15,0.0,144.15,432.45,432.45,0.00,0,1.3,Starter,monthly,6,0,0,1.0,0.611,3.75,3,58.9,Watch
CUS-00681,Northwind Gate Health,SMB,Software & Technology,North America,United States,Marketplace,L. Duarte,2025-03-01,2025-03-01,2026-02-01,12,0,2026-03-01,Price / budget cuts,voluntary,209.0,0.0,209.0,2508.0,2508.00,0.00,0,10.0,Starter,annual,10,0,0,1.0,0.225,3.1,34,34.6,Critical
CUS-00705,Tidal Peak Networks,Mid-Market,Financial Services,APAC,India,Inbound,L. Duarte,2025-04-01,2025-04-01,2025-04-01,1,0,2025-05-01,Payment failure,involuntary,543.69,0.0,543.69,543.69,0.00,6524.28,1,0.0,Growth,annual,14,0,0,1.0,0.714,3.69,2,61.2,Watch
CUS-00707,Corvus Field Energy,SMB,Software & Technology,North America,United States,Inbound,F. Whitfield,2025-04-01,2025-04-01,2026-08-01,17,1,,,,1080.0,900.0,1080.0,17010.0,17010.00,0.00,0,2.8,Growth,monthly,20,1,1,0.833,0.559,4.15,29,55.6,Watch
CUS-00713,Beacon Court Media,SMB,Retail & E-commerce,EMEA,Sweden,Self-Serve,,2025-04-01,2025-04-01,2026-08-01,17,1,,,,1702.8,1362.24,1958.22,29373.3,29373.30,0.00,0,1.6,Growth,monthly,32,1,1,0.8,0.66,4.08,34,70.3,Healthy
CUS-00714,Bluefin River Systems,Enterprise,Retail & E-commerce,North America,United States,Inbound,L. Duarte,2025-04-01,2025-04-01,2026-08-01,17,1,,,,14010.48,19566.36,19566.36,317248.8,402922.08,0.00,0,12.0,Enterprise,annual,243,2,0,1.397,0.586,3.74,26,65.9,Watch
CUS-00731,Granite Cross Analytics,SMB,Software & Technology,North America,United States,Self-Serve,,2025-04-01,2025-04-01,2026-08-01,17,1,,,,470.88,470.88,470.88,8004.96,11301.12,0.00,0,9.5,Growth,annual,12,0,0,1.0,0.431,4.36,21,46.4,At Risk
CUS-00733,Onyx Cove Networks,SMB,Retail & E-commerce,North America,United States,Inbound,B. Lindqvist,2025-04-01,2025-04-01,2026-08-01,17,1,,,,207.5,394.25,394.25,5810.0,7221.00,0.00,0,20.0,Starter,annual,19,2,0,1.9,0.816,4.44,32,81.9,Healthy
CUS-00738,Falcon Cove Solutions,SMB,Manufacturing,APAC,Australia,Self-Serve,,2025-05-01,2025-05-01,2025-10-01,6,0,2025-11-01,Poor support experience,voluntary,46.5,0.0,46.5,279.0,279.00,0.00,0,0.8,Starter,monthly,2,0,0,1.0,0.5,3.25,12,46.0,At Risk
CUS-00764,Quartz Bridge Media,Enterprise,Financial Services,EMEA,Sweden,Partner,D. Ferreira,2025-05-01,2025-05-01,2026-08-01,16,1,,,,7162.5,13236.3,13236.3,164680.2,244785.60,0.00,0,9.0,Scale,annual,231,2,0,1.848,0.842,4.46,26,79.9,Healthy
CUS-00777,Quartz Arbor Analytics,Mid-Market,Professional Services,North America,United States,Partner,D. Ferreira,2025-06-01,2025-06-01,2026-08-01,15,1,,,,1164.24,1164.24,1940.4,22332.24,37255.68,0.00,0,7.0,Growth,annual,33,3,1,1.0,0.859,4.62,23,81.2,Healthy
CUS-00786,Beacon Watch Partners,SMB,Logistics & Transport,North America,Canada,Marketplace,D. Ferreira,2025-06-01,2025-06-01,2026-08-01,15,1,,,,163.28,233.25,233.25,2938.99,2938.99,0.00,0,1.7,Starter,monthly,10,1,0,1.429,0.429,4.06,28,46.0,At Risk
CUS-00801,Summit Court Media,Mid-Market,Software & Technology,EMEA,United Kingdom,Marketplace,L. Duarte,2025-06-01,2025-06-01,2025-11-01,6,0,2025-12-01,Switched to competitor,voluntary,3501.98,0.0,4162.73,22333.38,22333.34,0.00,0,1.5,Scale,monthly,63,1,0,1.189,0.646,4.36,11,64.7,Watch
CUS-00807,Granite River Industries,Mid-Market,Healthcare,APAC,India,Partner,A. Okafor,2025-06-01,2025-06-01,2026-08-01,15,1,,,,1775.93,1894.32,1894.32,28178.02,44042.88,0.00,0,11.0,Growth,annual,48,1,0,1.067,0.68,4.46,18,69.6,Watch
CUS-00829,Sable Harbour Energy,Enterprise,Media & Entertainment,North America,United States,Outbound,B. Lindqvist,2025-07-01,2025-07-01,2026-08-01,14,1,,,,4185.0,7588.8,7588.8,71758.8,141285.60,0.00,0,13.5,Scale,annual,136,3,1,1.813,0.724,4.15,24,74.2,Healthy
CUS-00847,Lyra River Labs,SMB,Media & Entertainment,North America,United States,Partner,H. Kowalski,2025-08-01,2025-08-01,2026-08-01,13,1,,,,1329.12,1038.38,1329.12,13789.68,13789.68,0.00,0,1.4,Growth,monthly,25,0,1,0.781,0.718,4.1,34,66.5,Watch
CUS-00860,Meridian Gate Health,SMB,Healthcare,EMEA,Germany,Inbound,D. Ferreira,2025-08-01,2025-08-01,2026-08-01,13,1,,,,1035.0,720.0,1035.0,9990.0,9990.00,0.00,0,1.5,Growth,monthly,16,0,1,0.696,0.628,4.26,16,59.1,Watch
CUS-00862,Bluefin Gate Solutions,SMB,Logistics & Transport,North America,United States,Self-Serve,,2025-08-01,2025-08-01,2026-08-01,13,1,,,,61.72,61.72,61.72,802.36,1481.28,0.00,0,17.0,Starter,annual,3,0,0,1.0,0.769,4.25,12,89.7,Healthy
CUS-00871,Cobalt Gate Networks,SMB,Education,APAC,Japan,Self-Serve,,2025-08-01,2025-08-01,2026-08-01,13,1,,,,93.8,140.7,140.7,1407.0,1407.00,0.00,0,1.2,Starter,monthly,6,2,0,1.5,0.499,3.84,27,39.7,Critical
CUS-00882,Summit Point Partners,SMB,Manufacturing,APAC,Singapore,Self-Serve,,2025-09-01,2025-09-01,2026-08-01,12,1,,,,108.38,108.38,108.38,1300.56,1300.56,0.00,0,4.0,Starter,annual,5,0,0,1.0,0.667,4.11,22,75.2,Healthy
CUS-00885,Crestline Arbor Systems,SMB,Software & Technology,EMEA,Netherlands,Self-Serve,,2025-09-01,2025-09-01,2026-02-01,6,0,2026-03-01,Price / budget cuts,voluntary,161.53,0.0,161.53,969.18,969.18,0.00,0,0.5,Starter,monthly,7,0,0,1.0,0.619,4.38,5,65.3,Watch
CUS-00911,Solstice River Retail,Enterprise,Media & Entertainment,EMEA,Netherlands,Outbound,L. Duarte,2025-09-01,2025-09-01,2026-08-01,12,1,,,,19355.6,14242.8,20725.1,182508.7,232267.20,0.00,0,8.0,Enterprise,annual,156,1,1,0.736,0.624,3.98,24,57.5,Watch
CUS-00930,Onyx Peak Technologies,Mid-Market,Financial Services,EMEA,Sweden,Inbound,B. Lindqvist,2025-10-01,2025-10-01,2026-05-01,8,0,2026-06-01,Switched to competitor,voluntary,3859.65,0.0,3859.65,24373.01,24372.94,0.00,0,1.8,Scale,monthly,41,0,1,0.759,0.302,3.3,21,33.5,Critical
CUS-00966,Maple Peak Energy,SMB,Education,North America,United States,Self-Serve,,2025-11-01,2025-11-01,2026-08-01,10,1,,,,300.0,400.0,400.0,3800.0,3800.00,0.00,0,1.2,Starter,monthly,16,1,0,1.333,0.856,4.52,16,82.9,Healthy
CUS-01008,Quartz Field Health,Mid-Market,Financial Services,North America,United States,Inbound,H. Kowalski,2025-11-01,2025-11-01,2026-08-01,10,1,,,,4971.08,4971.08,4971.08,49710.8,59652.84,0.00,0,5.0,Scale,annual,79,0,0,1.0,0.537,3.8,18,55.6,Watch
CUS-01025,Quartz Cross Retail,SMB,Manufacturing,North America,United States,Inbound,L. Duarte,2025-12-01,2025-12-01,2026-08-01,9,1,,,,146.1,146.1,146.1,1314.9,1314.90,0.00,0,1.2,Starter,monthly,6,0,0,1.0,0.519,4.1,12,56.3,Watch
CUS-01027,Nimbus Cross Industries,SMB,Professional Services,North America,United States,Self-Serve,,2025-12-01,2025-12-01,2026-05-01,6,0,2026-06-01,Payment failure,involuntary,46.15,0.0,46.15,276.9,230.75,46.15,1,1.6,Starter,monthly,2,0,0,1.0,0.5,4.18,13,57.3,Watch
CUS-01029,Solstice Court Analytics,SMB,Software & Technology,APAC,India,Self-Serve,,2025-12-01,2025-12-01,2026-08-01,9,1,,,,115.5,115.5,138.6,1108.8,1108.80,0.00,0,1.6,Starter,monthly,5,1,1,1.0,0.589,4.43,10,54.0,At Risk
CUS-01030,Sable Vale Labs,SMB,Logistics & Transport,EMEA,United Kingdom,Self-Serve,,2025-12-01,2025-12-01,2025-12-01,1,0,2026-01-01,Price / budget cuts,voluntary,770.31,0.0,770.31,770.31,770.31,0.00,0,2.0,Growth,monthly,18,0,0,1.0,0.722,4.24,1,67.0,Watch
CUS-01053,Juniper Bridge Media,SMB,Software & Technology,APAC,Australia,Partner,H. Kowalski,2025-12-01,2025-12-01,2026-08-01,9,1,,,,450.0,720.0,720.0,4500.0,4500.00,0.00,0,0.8,Growth,monthly,16,2,0,1.6,0.897,4.5,7,84.8,Healthy
CUS-01066,Corvus Stone Group,SMB,Healthcare,North America,United States,Self-Serve,,2025-12-01,2025-12-01,2026-08-01,9,1,,,,828.9,828.9,828.9,7460.1,9946.80,0.00,0,2.0,Growth,annual,20,0,0,1.0,0.267,3.56,26,31.8,Critical
CUS-01071,Maple Vale Energy,SMB,Financial Services,EMEA,United Kingdom,Marketplace,F. Whitfield,2025-12-01,2025-12-01,2026-08-01,9,1,,,,963.27,963.27,963.27,8669.43,8669.43,0.00,0,1.1,Growth,monthly,22,0,0,1.0,0.677,4.26,16,62.8,Watch
CUS-01079,Falcon Vale Systems,SMB,Software & Technology,North America,United States,Self-Serve,,2025-12-01,2025-12-01,2026-08-01,9,1,,,,752.76,974.16,974.16,7439.04,7439.04,0.00,0,1.6,Growth,monthly,22,1,0,1.294,0.429,3.57,11,36.5,Critical
CUS-01096,Ridge Forge Logistics,SMB,Financial Services,North America,United States,Partner,B. Lindqvist,2026-01-01,2026-01-01,2026-08-01,8,1,,,,1262.25,1262.25,1262.25,10098.0,10098.00,0.00,0,0.6,Growth,monthly,30,0,0,1.0,0.55,3.82,17,57.1,Watch
CUS-01113,Aster Watch Group,SMB,Professional Services,EMEA,United Kingdom,Marketplace,A. Okafor,2026-01-01,2026-01-01,2026-08-01,8,1,,,,900.0,1215.0,1215.0,8775.0,8775.00,0.00,0,3.3,Growth,monthly,27,1,0,1.35,0.515,3.91,17,52.6,At Risk
CUS-01118,Meridian Point Analytics,SMB,Media & Entertainment,North America,United States,Self-Serve,,2026-01-01,2026-01-01,2026-08-01,8,1,,,,70.72,47.15,70.72,400.77,400.77,0.00,0,2.5,Starter,monthly,2,0,1,0.667,0.521,4.33,11,59.0,Watch
CUS-01126,Juniper Court Energy,SMB,Healthcare,North America,United States,Marketplace,L. Duarte,2026-01-01,2026-01-01,2026-05-01,5,0,2026-06-01,Missing functionality,voluntary,1882.76,0.0,1882.76,9413.8,9413.75,0.00,0,1.0,Growth,monthly,43,0,0,1.0,0.642,4.25,9,55.7,Watch
CUS-01130,Onyx Bridge Solutions,SMB,Professional Services,North America,United States,Inbound,K. Rahman,2026-01-01,2026-01-01,2026-08-01,8,1,,,,61.58,82.1,82.1,554.2,738.84,0.00,0,15.0,Starter,annual,4,1,0,1.333,0.698,4.58,12,70.2,Healthy
CUS-01157,Northwind Stone Networks,SMB,Manufacturing,APAC,India,Self-Serve,,2026-02-01,2026-02-01,2026-08-01,7,1,,,,69.45,69.45,69.45,486.15,486.15,0.00,0,2.6,Starter,monthly,3,0,0,1.0,0.667,4.4,13,60.7,Watch
CUS-01168,Ridge River Media,Mid-Market,Logistics & Transport,North America,United States,Inbound,L. Duarte,2026-02-01,2026-02-01,2026-08-01,7,1,,,,3918.75,3918.75,3918.75,27431.25,27431.25,0.00,0,1.6,Scale,monthly,55,0,0,1.0,0.777,4.36,13,68.6,Watch
CUS-01186,Solstice Field Labs,SMB,Software & Technology,APAC,Australia,Self-Serve,,2026-02-01,2026-02-01,2026-08-01,7,1,,,,945.45,945.45,945.45,6618.15,6618.15,0.00,0,1.0,Growth,monthly,22,0,0,1.0,0.779,3.86,14,67.5,Watch
CUS-01229,Ridge Cross Media,Mid-Market,Manufacturing,North America,Canada,Inbound,L. Duarte,2026-03-01,2026-03-01,2026-04-01,2,0,2026-05-01,Switched to competitor,voluntary,1391.45,0.0,1391.45,2782.9,2782.90,0.00,0,2.0,Growth,monthly,33,0,0,1.0,0.591,3.97,2,59.2,Watch
CUS-01245,Lyra Watch Solutions,Mid-Market,Healthcare,North America,United States,Marketplace,E. Nakamura,2026-03-01,2026-03-01,2026-08-01,6,1,,,,612.99,831.92,831.92,4115.8,4115.78,0.00,0,1.2,Growth,monthly,19,1,0,1.357,0.648,3.89,16,60.9,Watch
CUS-01285,Tidal Harbour Group,Enterprise,Software & Technology,North America,United States,Outbound,L. Duarte,2026-04-01,2026-04-01,2026-08-01,5,1,,,,18496.5,18496.5,18496.5,92482.5,92482.50,0.00,0,1.4,Enterprise,monthly,190,0,0,1.0,0.625,3.9,7,63.0,Watch
CUS-01287,Cobalt Bridge Solutions,Mid-Market,Retail & E-commerce,North America,United States,Outbound,K. Rahman,2026-04-01,2026-04-01,2026-08-01,5,1,,,,6926.4,8658.0,8658.0,39826.8,83116.80,0.00,0,11.0,Scale,annual,130,1,0,1.25,0.707,4.19,7,64.6,Watch
CUS-01299,Basalt Point Partners,Enterprise,Logistics & Transport,LATAM,Mexico,Outbound,D. Ferreira,2026-04-01,2026-04-01,2026-08-01,5,1,,,,3150.0,4275.0,4275.0,20250.0,37800.00,0.00,0,12.0,Scale,annual,76,1,0,1.357,0.708,4.53,10,66.1,Watch
CUS-01330,Northwind Cross Health,SMB,Education,APAC,India,Self-Serve,,2026-05-01,2026-05-01,2026-08-01,4,1,,,,325.0,325.0,325.0,1300.0,1300.00,0.00,0,2.5,Starter,monthly,13,0,0,1.0,0.731,4.41,3,66.0,Watch
CUS-01348,Meridian Vale Group,SMB,Healthcare,APAC,Singapore,Self-Serve,,2026-05-01,2026-05-01,2026-08-01,4,1,,,,215.33,167.48,215.33,765.62,765.58,0.00,0,1.0,Starter,monthly,7,0,1,0.778,0.619,4.01,8,54.8,At Risk
CUS-01383,Corvus Stone Energy,Enterprise,Media & Entertainment,North America,United States,Outbound,D. Ferreira,2026-06-01,2026-06-01,2026-08-01,3,1,,,,70207.5,59535.96,70207.5,189279.42,189279.42,0.00,0,1.0,Enterprise,monthly,636,0,1,0.848,0.78,4.34,7,72.1,Healthy
CUS-01397,Bluefin Watch Industries,SMB,Retail & E-commerce,North America,United States,Inbound,K. Rahman,2026-06-01,2026-06-01,2026-06-01,1,0,2026-07-01,Low adoption,voluntary,69.83,0.0,69.83,69.83,69.83,0.00,0,1.0,Starter,monthly,3,0,0,1.0,0.667,3.59,7,56.6,Watch
CUS-01400,Lumen Vale Energy,Mid-Market,Manufacturing,EMEA,United Kingdom,Outbound,H. Kowalski,2026-06-01,2026-06-01,2026-08-01,3,1,,,,1600.2,1600.2,1600.2,4800.6,4800.60,0.00,0,1.3,Growth,monthly,40,0,0,1.0,0.667,4.37,5,62.9,Watch
CUS-01417,Pioneer Cove Labs,Mid-Market,Logistics & Transport,EMEA,France,Inbound,A. Okafor,2026-06-01,2026-06-01,2026-08-01,3,1,,,,1547.91,995.08,1547.91,4090.9,18574.92,0.00,0,9.0,Growth,annual,27,0,1,0.643,0.791,4.57,4,72.3,Healthy
CUS-01421,Falcon Court Partners,SMB,Software & Technology,EMEA,Germany,Self-Serve,,2026-07-01,2026-07-01,2026-08-01,2,1,,,,188.33,188.33,188.33,376.66,2259.84,0.00,0,5.0,Starter,annual,9,0,0,1.0,0.778,4.45,4,69.3,Watch
CUS-01431,Zephyr Point Health,Enterprise,Media & Entertainment,LATAM,Brazil,Inbound,I. Castellanos,2026-07-01,2026-07-01,2026-08-01,2,1,,,,62386.17,62386.17,62386.17,124772.34,748634.04,0.00,0,11.0,Enterprise,annual,717,0,0,1.0,0.637,4.45,1,63.5,Watch
CUS-01432,Falcon Court Technologies,SMB,Software & Technology,North America,United States,Inbound,H. Kowalski,2026-07-01,2026-07-01,2026-08-01,2,1,,,,46.1,46.1,46.1,92.2,92.20,0.00,0,3.0,Starter,monthly,2,0,0,1.0,0.5,4.14,1,58.6,Watch
CUS-01435,Aster Bridge Logistics,SMB,Retail & E-commerce,North America,United States,Inbound,B. Lindqvist,2026-07-01,2026-07-01,2026-08-01,2,1,,,,233.75,233.75,233.75,467.5,467.50,0.00,0,2.0,Starter,monthly,10,0,0,1.0,0.75,3.95,2,69.7,Watch
CUS-01443,Basalt Harbour Financial,Mid-Market,Software & Technology,EMEA,Germany,Outbound,K. Rahman,2026-07-01,2026-07-01,2026-08-01,2,1,,,,1328.04,1328.04,1328.04,2656.08,2656.08,0.00,0,2.5,Growth,monthly,31,0,0,1.0,0.774,4.62,3,77.2,Healthy
CUS-01460,Granite Harbour Logistics,SMB,Manufacturing,EMEA,United Kingdom,Inbound,D. Ferreira,2026-07-01,2026-07-01,2026-08-01,2,1,,,,580.32,580.32,580.32,1160.64,1160.64,0.00,0,5.5,Growth,monthly,13,0,0,1.0,0.577,4.05,4,58.7,Watch
CUS-01465,Cobalt Cove Solutions,SMB,Manufacturing,EMEA,France,Inbound,E. Nakamura,2026-07-01,2026-07-01,2026-08-01,2,1,,,,146.7,146.7,146.7,293.4,293.40,0.00,0,0.5,Starter,monthly,6,0,0,1.0,0.667,4.59,2,71.2,Healthy
CUS-01514,Corvus Gate Media,SMB,Software & Technology,EMEA,Germany,Inbound,B. Lindqvist,2026-08-01,2026-08-01,2026-08-01,1,1,,,,711.36,711.36,711.36,711.36,711.36,0.00,0,1.0,Growth,monthly,16,0,0,1.0,0.563,4.42,1,61.1,Watch
CUS-00018,Zephyr Arbor Health,Enterprise,Manufacturing,North America,United States,Inbound,G. Almeida,2023-02-01,2023-02-01,2026-08-01,43,1,,,,3636.6,9154.2,9154.2,199824.9,199824.90,0.00,0,1.5,Scale,monthly,146,6,1,2.517,0.76,3.87,86,78.3,Healthy
CUS-00057,Basalt Bridge Solutions,SMB,Professional Services,North America,United States,Marketplace,L. Duarte,2023-04-01,2023-04-01,2026-08-01,41,1,,,,1120.5,537.84,1434.24,46702.44,46702.44,0.00,0,1.5,Growth,monthly,12,2,3,0.48,0.872,4.3,74,94.1,Healthy
CUS-00099,Northwind Point Networks,SMB,Software & Technology,EMEA,Germany,Self-Serve,,2023-06-01,2023-06-01,2026-08-01,39,1,,,,807.57,1031.9,1390.82,38898.02,38897.98,0.00,0,2.0,Growth,monthly,23,4,2,1.278,0.833,4.11,82,88.9,Healthy
CUS-00107,Northwind Forge Industries,SMB,Financial Services,North America,United States,Inbound,I. Castellanos,2023-06-01,2023-06-01,2026-08-01,39,1,,,,144.75,96.5,144.75,5452.25,5452.25,0.00,0,2.1,Starter,monthly,4,0,1,0.667,0.85,4.31,72,87.8,Healthy
CUS-00130,Lumen Field Solutions,Mid-Market,Healthcare,EMEA,Netherlands,Inbound,E. Nakamura,2023-08-01,2023-08-01,2023-12-01,5,0,2024-01-01,Price / budget cuts,voluntary,715.28,0.0,715.28,3576.4,3576.40,0.00,0,0.8,Growth,monthly,17,0,0,1.0,0.729,3.68,11,72.0,Healthy
CUS-00137,Beacon Field Retail,SMB,Manufacturing,North America,United States,Inbound,L. Duarte,2023-08-01,2023-08-01,2024-03-01,8,0,2024-04-01,Payment failure,involuntary,873.18,0.0,1081.08,7817.04,6735.96,1081.08,1,1.1,Growth,monthly,26,1,0,1.238,0.804,4.68,9,77.6,Healthy
CUS-00153,Summit Point Retail,SMB,Software & Technology,EMEA,United Kingdom,Partner,G. Almeida,2023-09-01,2023-09-01,2026-08-01,31,1,2024-01-01,Missing functionality,voluntary,630.0,425.0,765.0,15705.0,15705.00,0.00,0,1.5,Starter,monthly,17,3,1,0.675,0.92,4.67,44,76.5,Healthy
CUS-00162,Lumen Arbor Analytics,Enterprise,Media & Entertainment,APAC,Singapore,Outbound,E. Nakamura,2023-10-01,2023-10-01,2026-08-01,35,1,,,,35597.1,127117.76,127117.76,3068263.66,3068263.66,0.00,0,1.5,Enterprise,monthly,1232,4,0,3.571,0.175,3.33,84,27.1,Critical
CUS-00168,Pioneer Bridge Health,Mid-Market,Software & Technology,North America,United States,Partner,J. Petersen,2023-10-01,2023-10-01,2023-10-01,1,0,2023-11-01,Payment failure,involuntary,461.57,0.0,461.57,461.57,0.00,5538.72,1,0.0,Growth,annual,13,0,0,1.0,0.846,4.46,4,72.7,Healthy
CUS-00177,Sable Forge Networks,Mid-Market,Manufacturing,North America,United States,Outbound,G. Almeida,2023-10-01,2023-10-01,2024-02-01,5,0,2024-03-01,Payment failure,involuntary,1212.12,0.0,1212.12,6060.6,4848.48,1212.12,1,1.8,Growth,monthly,28,0,0,1.0,0.679,4.29,8,65.0,Watch
CUS-00185,Aster Cove Labs,Mid-Market,Financial Services,North America,United States,Inbound,D. Ferreira,2023-11-01,2023-11-01,2025-01-01,15,0,2025-02-01,Poor support experience,voluntary,7687.65,0.0,16898.33,176670.89,176670.87,0.00,0,1.9,Scale,monthly,233,4,0,2.198,0.514,4.06,20,49.4,At Risk
CUS-00189,Ironwood Stone Media,SMB,Logistics & Transport,North America,United States,Marketplace,A. Okafor,2023-11-01,2023-11-01,2026-08-01,34,1,,,,106.0,254.4,254.4,6996.0,6868.80,0.00,0,13.3,Starter,annual,12,4,1,2.4,0.797,4.34,69,82.3,Healthy
CUS-00215,Cobalt Bridge Health,SMB,Healthcare,EMEA,United Kingdom,Self-Serve,,2023-12-01,2023-12-01,2023-12-01,1,0,2024-01-01,Payment failure,involuntary,141.0,0.0,141.0,141.0,0.00,141.00,1,0.0,Starter,monthly,6,0,0,1.0,0.833,4.51,2,72.2,Healthy
CUS-00224,Quartz Point Labs,Mid-Market,Media & Entertainment,APAC,Japan,Partner,D. Ferreira,2023-12-01,2023-12-01,2025-12-01,25,0,2026-01-01,Poor support experience,voluntary,581.49,0.0,581.49,9774.57,9774.57,0.00,0,1.4,Starter,monthly,8,0,1,0.317,0.332,3.7,60,40.4,At Risk
CUS-00234,Quartz Arbor Health,SMB,Retail & E-commerce,North America,United States,Marketplace,D. Ferreira,2023-12-01,2023-12-01,2023-12-01,1,0,2024-01-01,Low adoption,voluntary,69.3,0.0,69.3,69.3,69.30,0.00,0,3.0,Starter,monthly,3,0,0,1.0,0.667,3.82,1,56.6,Watch
CUS-00255,Tidal Peak Group,SMB,Financial Services,North America,Canada,Inbound,L. Duarte,2024-01-01,2024-01-01,2024-08-01,8,0,2024-09-01,Missing functionality,voluntary,48.05,0.0,48.05,384.4,384.40,0.00,0,1.9,Starter,monthly,2,0,0,1.0,0.5,4.0,14,54.7,At Risk
CUS-00259,Pioneer Cove Financial,SMB,Logistics & Transport,North America,United States,Inbound,H. Kowalski,2024-01-01,2024-01-01,2024-12-01,8,0,2025-01-01,Price / budget cuts,voluntary,125.0,0.0,175.0,1150.0,1150.00,0.00,0,1.4,Starter,monthly,5,1,0,1.0,0.718,3.8,22,69.9,Watch
CUS-00261,Ironwood Point Health,SMB,Software & Technology,North America,United States,Marketplace,K. Rahman,2024-01-01,2024-01-01,2026-08-01,32,1,,,,814.59,1396.44,1551.6,39216.69,39100.32,0.00,0,10.7,Growth,annual,36,4,2,1.714,0.707,4.12,52,78.3,Healthy
CUS-00264,Granite Forge Logistics,SMB,Professional Services,North America,United States,Inbound,L. Duarte,2024-02-01,2024-02-01,2026-08-01,31,1,,,,675.0,1215.0,1350.0,30195.0,30195.00,0.00,0,2.0,Growth,monthly,27,3,1,1.8,0.833,4.13,64,88.5,Healthy
CUS-00269,Summit Harbour Solutions,SMB,Media & Entertainment,North America,United States,Self-Serve,,2024-02-01,2024-02-01,2026-08-01,31,1,,,,257.4,514.8,514.8,11115.0,11115.00,0.00,0,1.8,Starter,monthly,22,4,0,2.0,0.737,4.24,64,85.0,Healthy
CUS-00286,Ridge Point Solutions,SMB,Healthcare,EMEA,Germany,Inbound,E. Nakamura,2024-03-01,2024-03-01,2024-04-01,2,0,2024-05-01,Switched to competitor,voluntary,1440.0,0.0,1440.0,2880.0,2880.00,0.00,0,0.5,Growth,monthly,32,0,0,1.0,0.719,4.31,1,62.7,Watch
CUS-00301,Ridge Field Retail,SMB,Healthcare,North America,United States,Inbound,K. Rahman,2024-03-01,2024-03-01,2026-08-01,30,1,,,,103.75,207.5,207.5,4980.0,5478.00,0.00,0,16.0,Starter,annual,10,2,0,2.0,0.465,3.66,83,59.0,Watch
CUS-00325,Basalt Arbor Labs,SMB,Software & Technology,North America,United States,Inbound,G. Almeida,2024-04-01,2024-04-01,2024-05-01,2,0,2024-06-01,Missing functionality,voluntary,93.1,0.0,93.1,186.2,186.20,0.00,0,0.0,Starter,monthly,4,0,0,1.0,0.625,3.86,4,63.4,Watch
CUS-00346,Falcon Gate Partners,SMB,Healthcare,North America,United States,Self-Serve,,2024-05-01,2024-05-01,2024-05-01,1,0,2024-06-01,Poor support experience,voluntary,1260.0,0.0,1260.0,1260.0,1260.00,0.00,0,2.0,Growth,monthly,28,0,0,1.0,0.571,3.91,3,54.3,At Risk
CUS-00354,Pioneer Watch Media,SMB,Professional Services,EMEA,Germany,Self-Serve,,2024-05-01,2024-05-01,2026-08-01,28,1,,,,273.9,273.9,448.2,8391.3,8391.30,0.00,0,1.9,Starter,monthly,11,3,1,1.0,0.711,4.06,47,88.7,Healthy
CUS-00356,Aster Arbor Health,Mid-Market,Professional Services,APAC,Australia,Outbound,A. Okafor,2024-05-01,2024-05-01,2026-08-01,28,1,,,,963.59,186.2,963.59,15235.83,15235.83,0.00,0,2.2,Starter,monthly,8,1,3,0.193,0.735,3.9,58,80.0,Healthy
CUS-00366,Vertex Watch Analytics,SMB,Media & Entertainment,North America,United States,Inbound,H. Kowalski,2024-05-01,2024-05-01,2025-01-01,9,0,2025-02-01,Company acquired or closed,voluntary,193.0,0.0,265.38,2026.52,2026.52,0.00,0,1.8,Starter,monthly,11,1,0,1.375,0.862,4.6,18,79.0,Healthy
CUS-00387,Meridian Forge Systems,Enterprise,Software & Technology,North America,Canada,Partner,J. Petersen,2024-06-01,2024-06-01,2026-08-01,27,1,,,,58547.28,93657.96,93657.96,1743417.72,2529030.24,0.00,0,9.0,Enterprise,annual,1059,2,0,1.6,0.666,3.95,51,80.4,Healthy
CUS-00394,Harbor Peak Systems,Mid-Market,Logistics & Transport,North America,United States,Inbound,G. Almeida,2024-06-01,2024-06-01,2024-07-01,2,0,2024-08-01,Missing functionality,voluntary,6451.88,0.0,6451.88,12903.76,12903.76,0.00,0,1.5,Scale,monthly,93,0,0,1.0,0.688,4.1,5,63.6,Watch
CUS-00422,Cobalt Peak Energy,SMB,Healthcare,EMEA,United Kingdom,Marketplace,D. Ferreira,2024-07-01,2024-07-01,2026-08-01,26,1,,,,144.9,144.9,193.2,4177.95,4177.95,0.00,0,1.7,Starter,monthly,6,2,1,1.0,0.632,4.14,46,68.8,Watch
CUS-00423,Juniper Point Partners,Enterprise,Healthcare,APAC,India,Inbound,E. Nakamura,2024-07-01,2024-07-01,2026-08-01,26,1,,,,35682.57,75657.78,75657.78,1142289.39,1807201.44,0.00,0,9.7,Enterprise,annual,846,4,2,2.12,0.28,3.78,57,38.5,Critical
CUS-00426,Lyra Cove Systems,Mid-Market,Retail & E-commerce,EMEA,Sweden,Marketplace,E. Nakamura,2024-08-01,2024-08-01,2026-08-01,25,1,,,,829.04,1045.3,1081.35,22456.09,32440.32,0.00,0,13.0,Growth,annual,29,2,1,1.261,0.758,4.34,28,88.3,Healthy
CUS-00433,Halcyon Cross Labs,SMB,Professional Services,EMEA,United Kingdom,Inbound,B. Lindqvist,2024-08-01,2024-08-01,2025-09-01,14,0,2025-10-01,Switched to competitor,voluntary,98.1,0.0,122.63,1397.93,1397.92,0.00,0,0.9,Starter,monthly,5,1,0,1.25,0.982,4.86,20,89.5,Healthy
CUS-00450,Ridge Cove Energy,SMB,Software & Technology,North America,United States,Inbound,E. Nakamura,2024-09-01,2024-09-01,2025-11-01,15,0,2025-12-01,Low adoption,voluntary,284.4,0.0,331.8,4787.4,4787.40,0.00,0,2.5,Starter,monthly,14,1,0,1.167,0.602,4.31,24,63.9,Watch
CUS-00457,Northwind Peak Industries,Mid-Market,Software & Technology,EMEA,Germany,Marketplace,D. Ferreira,2024-09-01,2024-09-01,2025-09-01,13,0,2025-10-01,Price / budget cuts,voluntary,683.28,0.0,683.28,8882.64,8882.64,0.00,0,2.0,Growth,monthly,16,0,0,1.0,0.394,3.54,29,37.7,Critical
CUS-00460,Crestline Cross Systems,Mid-Market,Financial Services,APAC,Japan,Inbound,I. Castellanos,2024-09-01,2024-09-01,2026-08-01,24,1,,,,562.18,691.92,691.92,14443.8,14443.76,0.00,0,1.5,Growth,monthly,16,3,1,1.231,0.598,3.87,55,65.0,Watch
CUS-00470,Beacon Harbour Labs,SMB,Retail & E-commerce,North America,United States,Self-Serve,,2024-09-01,2024-09-01,2025-11-01,15,0,2025-12-01,Payment failure,involuntary,225.0,0.0,275.0,3625.0,3350.00,275.00,1,1.5,Starter,monthly,11,1,0,1.222,0.687,3.92,26,72.7,Healthy
CUS-00471,Halcyon Cross Energy,SMB,Education,EMEA,United Kingdom,Self-Serve,,2024-09-01,2024-09-01,2026-08-01,24,1,,,,100.0,150.0,150.0,2700.0,2700.00,0.00,0,1.5,Starter,monthly,6,1,0,1.5,0.743,4.35,37,77.1,Healthy
CUS-00473,Quartz Watch Financial,Mid-Market,Software & Technology,APAC,Australia,Outbound,F. Whitfield,2024-09-01,2024-09-01,2026-08-01,19,1,2025-03-01,Company acquired or closed,voluntary,2942.78,3732.3,3732.3,61224.12,61224.09,0.00,0,1.4,Scale,monthly,52,2,0,1.268,0.844,4.09,33,89.7,Healthy
CUS-00475,Sable Forge Group,SMB,Financial Services,EMEA,France,Marketplace,H. Kowalski,2024-09-01,2024-09-01,2026-05-01,21,0,2026-06-01,Payment failure,involuntary,200.0,0.0,200.0,3600.0,3525.00,75.00,1,1.0,Starter,monthly,3,1,2,0.375,0.772,4.5,36,69.0,Watch
CUS-00480,Quartz Cove Media,Enterprise,Logistics & Transport,EMEA,France,Inbound,C. Moreau,2024-09-01,2024-09-01,2026-08-01,24,1,,,,4187.7,4060.8,4187.7,97966.8,97966.80,0.00,0,1.8,Scale,monthly,64,1,1,0.97,0.822,4.27,45,89.4,Healthy
CUS-00496,Bluefin River Media,SMB,Retail & E-commerce,North America,United States,Inbound,H. Kowalski,2024-10-01,2024-10-01,2025-07-01,10,0,2025-08-01,Low adoption,voluntary,147.6,0.0,147.6,1131.6,1131.60,0.00,0,2.2,Starter,monthly,4,1,1,0.667,0.6,3.8,24,57.1,Watch
CUS-00500,Aster Peak Technologies,Mid-Market,Logistics & Transport,North America,United States,Inbound,G. Almeida,2024-10-01,2024-10-01,2024-11-01,2,0,2024-12-01,Payment failure,involuntary,2013.12,0.0,2013.12,4026.24,2013.12,2013.12,1,0.0,Growth,monthly,48,0,0,1.0,0.76,4.24,1,70.8,Healthy
CUS-00505,Orchid Court Logistics,SMB,Retail & E-commerce,North America,United States,Inbound,A. Okafor,2024-10-01,2024-10-01,2025-03-01,6,0,2025-04-01,Low adoption,voluntary,47.6,0.0,71.4,309.4,309.40,0.00,0,2.0,Starter,monthly,3,1,0,1.5,0.472,3.77,16,40.5,At Risk
CUS-00506,Solstice Vale Group,Mid-Market,Retail & E-commerce,APAC,India,Marketplace,E. Nakamura,2024-10-01,2024-10-01,2026-08-01,23,1,,,,4158.6,6596.4,6596.4,128629.8,128629.80,0.00,0,1.4,Scale,monthly,92,3,0,1.586,0.192,3.5,69,35.0,Critical
CUS-00518,Crestline Field Financial,Mid-Market,Software & Technology,North America,United States,Inbound,L. Duarte,2024-11-01,2024-11-01,2025-10-01,12,0,2025-11-01,Price / budget cuts,voluntary,1659.24,0.0,3092.22,29866.32,19910.88,0.00,0,10.0,Growth,annual,82,2,0,1.864,0.31,3.63,22,31.0,Critical
CUS-00532,Granite Point Technologies,Enterprise,Financial Services,North America,United States,Outbound,H. Kowalski,2024-11-01,2024-11-01,2026-08-01,22,1,,,,5997.6,9547.2,10281.6,178581.6,180662.40,0.00,0,14.0,Scale,annual,156,4,1,1.592,0.456,3.73,53,53.5,At Risk
CUS-00570,Zephyr Arbor Partners,SMB,Financial Services,North America,United States,Inbound,D. Ferreira,2024-12-01,2024-12-01,2025-02-01,3,0,2025-03-01,Low adoption,voluntary,495.0,0.0,495.0,1485.0,1485.00,0.00,0,7.0,Growth,monthly,11,0,0,1.0,0.667,4.32,6,66.0,Watch
CUS-00591,Pioneer Cove Analytics,SMB,Professional Services,EMEA,France,Inbound,G. Almeida,2025-01-01,2025-01-01,2026-08-01,20,1,,,,312.0,240.0,312.0,5496.0,5496.00,0.00,0,1.8,Starter,monthly,10,0,2,0.769,0.679,3.92,40,68.5,Watch
CUS-00616,Quartz Arbor Industries,SMB,Education,North America,United States,Self-Serve,,2025-01-01,2025-01-01,2025-04-01,4,0,2025-05-01,Payment failure,involuntary,463.82,0.0,505.98,1897.44,1391.46,505.98,1,2.0,Growth,monthly,12,1,0,1.091,0.688,4.21,3,67.3,Watch
CUS-00619,Beacon Field Energy,Enterprise,Healthcare,North America,United States,Outbound,K. Rahman,2025-01-01,2025-01-01,2026-08-01,20,1,,,,6964.88,3171.0,6964.88,124122.07,159003.12,0.00,0,7.0,Scale,annual,56,0,3,0.455,0.513,4.38,30,69.0,Watch
CUS-00625,Maple Point Health,Enterprise,Education,North America,United States,Inbound,G. Almeida,2025-02-01,2025-02-01,2026-08-01,19,1,,,,7458.08,9161.1,9161.1,151921.64,178993.92,0.00,0,12.0,Scale,annual,156,1,0,1.228,0.236,3.59,37,33.2,Critical
CUS-00635,Beacon Bridge Health,SMB,Retail & E-commerce,North America,United States,Self-Serve,,2025-02-01,2025-02-01,2025-02-01,1,0,2025-03-01,Low adoption,voluntary,237.75,0.0,237.75,237.75,237.75,0.00,0,2.0,Starter,monthly,10,0,0,1.0,0.7,3.94,2,58.6,Watch
CUS-00637,Quartz Cove Logistics,SMB,Professional Services,EMEA,United Kingdom,Self-Serve,,2025-02-01,2025-02-01,2026-08-01,19,1,,,,555.66,555.66,754.11,12542.04,15717.24,0.00,0,8.5,Growth,annual,14,1,1,1.0,0.696,4.38,37,77.9,Healthy
CUS-00649,Granite Court Logistics,Mid-Market,Manufacturing,North America,United States,Inbound,C. Moreau,2025-02-01,2025-02-01,2026-08-01,19,1,,,,795.96,868.32,868.32,15050.88,19971.36,0.00,0,6.5,Growth,annual,24,1,1,1.091,0.783,4.07,33,80.2,Healthy
CUS-00667,Aster Vale Retail,SMB,Financial Services,North America,United States,Self-Serve,,2025-03-01,2025-03-01,2025-10-01,8,0,2025-11-01,Company acquired or closed,voluntary,1908.54,0.0,1908.54,15268.32,15268.32,0.00,0,1.3,Growth,monthly,46,0,0,1.0,0.565,4.05,15,52.5,At Risk
CUS-00668,Lyra Vale Analytics,Enterprise,Healthcare,EMEA,United Kingdom,Outbound,E. Nakamura,2025-03-01,2025-03-01,2026-08-01,18,1,,,,10381.2,40663.92,40663.92,309334.44,309334.44,0.00,0,1.8,Enterprise,monthly,438,4,0,3.917,0.634,4.03,37,68.8,Watch
CUS-00677,Beacon Harbour Industries,SMB,Retail & E-commerce,EMEA,Germany,Inbound,K. Rahman,2025-03-01,2025-03-01,2025-10-01,8,0,2025-11-01,Missing functionality,voluntary,991.53,0.0,991.53,7932.24,7932.24,0.00,0,2.3,Growth,monthly,23,0,0,1.0,0.554,3.83,9,49.3,At Risk
CUS-00683,Lyra Arbor Financial,Enterprise,Retail & E-commerce,EMEA,Germany,Partner,E. Nakamura,2025-03-01,2025-03-01,2026-08-01,18,1,,,,22316.58,35763.75,35763.75,511946.16,511946.16,0.00,0,1.4,Enterprise,monthly,375,3,1,1.603,0.472,4.08,36,53.3,At Risk
CUS-00716,Onyx Field Analytics,SMB,Manufacturing,APAC,Australia,Inbound,G. Almeida,2025-04-01,2025-04-01,2026-03-01,12,0,2026-04-01,Missing functionality,voluntary,254.1,0.0,369.6,3626.7,3626.70,0.00,0,1.9,Starter,monthly,16,1,0,1.455,0.644,4.14,20,68.4,Watch
CUS-00717,Crestline Harbour Networks,Mid-Market,Financial Services,North America,United States,Inbound,B. Lindqvist,2025-04-01,2025-04-01,2026-08-01,17,1,,,,11001.38,8134.35,11001.38,172021.57,238429.80,0.00,0,4.5,Scale,annual,122,0,2,0.739,0.377,3.55,39,31.9,Critical
CUS-00773,Onyx Arbor Media,Mid-Market,Media & Entertainment,EMEA,France,Outbound,L. Duarte,2025-05-01,2025-05-01,2025-09-01,5,0,2025-10-01,Poor support experience,voluntary,8271.38,0.0,8271.38,41356.9,41356.90,0.00,0,3.6,Scale,monthly,115,0,0,1.0,0.638,4.02,9,61.9,Watch
CUS-00780,Corvus River Financial,SMB,Software & Technology,APAC,India,Inbound,C. Moreau,2025-06-01,2025-06-01,2025-06-01,1,0,2025-07-01,Low adoption,voluntary,440.1,0.0,440.1,440.1,440.10,0.00,0,1.0,Growth,monthly,10,0,0,1.0,0.7,4.38,1,64.9,Watch
CUS-00798,Orchid River Labs,Mid-Market,Manufacturing,EMEA,France,Outbound,H. Kowalski,2025-06-01,2025-06-01,2026-08-01,15,1,,,,2905.73,2905.73,2905.73,43585.95,43585.80,0.00,0,1.3,Scale,monthly,43,0,0,1.0,0.622,4.16,25,69.0,Watch
CUS-00838,Halcyon Arbor Retail,SMB,Professional Services,EMEA,Netherlands,Inbound,G. Almeida,2025-07-01,2025-07-01,2026-05-01,11,0,2026-06-01,Payment failure,involuntary,275.0,0.0,275.0,3025.0,2750.00,275.00,1,1.2,Starter,monthly,11,0,0,1.0,0.595,4.15,27,68.2,Watch
CUS-00879,Zephyr Cove Partners,SMB,Healthcare,North America,United States,Self-Serve,,2025-09-01,2025-09-01,2026-08-01,12,1,,,,125.0,125.0,125.0,1500.0,1500.00,0.00,0,1.8,Starter,monthly,5,0,0,1.0,0.433,3.65,28,43.4,At Risk
CUS-00886,Lyra Bridge Industries,Enterprise,Software & Technology,EMEA,Sweden,Inbound,A. Okafor,2025-09-01,2025-09-01,2026-08-01,12,1,,,,6785.25,4855.5,8154.75,74700.0,81423.00,0.00,0,12.0,Scale,annual,78,1,2,0.716,0.728,3.95,19,73.4,Healthy
CUS-00916,Falcon Watch Financial,SMB,Software & Technology,EMEA,Sweden,Self-Serve,,2025-09-01,2025-09-01,2026-08-01,12,1,,,,288.0,408.0,408.0,4080.0,4080.00,0.00,0,1.6,Starter,monthly,17,2,0,1.417,0.649,4.15,23,57.9,Watch
CUS-00927,Sable Stone Systems,SMB,Software & Technology,APAC,Australia,Marketplace,B. Lindqvist,2025-10-01,2025-10-01,2026-02-01,5,0,2026-03-01,Price / budget cuts,voluntary,100.0,0.0,100.0,500.0,500.00,0.00,0,0.8,Starter,monthly,4,0,0,1.0,0.55,4.26,8,56.9,Watch
CUS-00931,Granite Vale Industries,Mid-Market,Logistics & Transport,EMEA,Germany,Inbound,B. Lindqvist,2025-10-01,2025-10-01,2026-08-01,11,1,,,,10199.48,12125.25,12125.25,125674.67,125674.67,0.00,0,2.1,Scale,monthly,170,1,0,1.189,0.789,4.4,22,75.0,Healthy
CUS-00958,Juniper Vale Industries,Enterprise,Software & Technology,APAC,Australia,Outbound,L. Duarte,2025-10-01,2025-10-01,2026-08-01,11,1,,,,25136.76,31742.04,31742.04,283109.64,301641.12,0.00,0,9.0,Enterprise,annual,346,1,0,1.263,0.601,3.91,22,59.2,Watch
CUS-00964,Northwind Forge Partners,Enterprise,Healthcare,APAC,Japan,Outbound,C. Moreau,2025-10-01,2025-10-01,2026-08-01,11,1,,,,3829.05,5429.25,5429.25,45319.95,45948.60,0.00,0,15.0,Scale,annual,95,1,0,1.418,0.245,3.6,36,27.5,Critical
CUS-00991,Pioneer Point Analytics,SMB,Professional Services,North America,United States,Partner,G. Almeida,2025-11-01,2025-11-01,2026-08-01,10,1,,,,478.67,696.24,696.24,6527.26,6527.24,0.00,0,1.9,Growth,monthly,16,1,0,1.455,0.628,3.84,28,63.1,Watch
CUS-01012,Summit Bridge Energy,Mid-Market,Manufacturing,North America,United States,Inbound,F. Whitfield,2025-11-01,2025-11-01,2026-08-01,10,1,,,,12696.0,9798.0,12696.0,118266.0,118266.00,0.00,0,1.6,Scale,monthly,142,0,1,0.772,0.84,4.48,12,81.9,Healthy
CUS-01033,Corvus River Media,SMB,Logistics & Transport,North America,United States,Self-Serve,,2025-12-01,2025-12-01,2026-08-01,9,1,,,,186.98,186.98,186.98,1682.82,2243.64,0.00,0,13.0,Starter,annual,9,0,0,1.0,0.42,4.23,14,48.3,At Risk
CUS-01052,Orchid Forge Networks,Mid-Market,Healthcare,EMEA,Germany,Marketplace,A. Okafor,2025-12-01,2025-12-01,2026-08-01,9,1,,,,1081.08,1081.08,1081.08,9729.72,9729.72,0.00,0,1.3,Growth,monthly,26,0,0,1.0,0.842,4.34,14,76.0,Healthy
CUS-01082,Meridian Vale Retail,Enterprise,Media & Entertainment,APAC,Singapore,Outbound,A. Okafor,2026-01-01,2026-01-01,2026-08-01,8,1,,,,4452.53,4105.58,4452.53,34579.39,53430.36,0.00,0,6.0,Scale,annual,71,0,1,0.922,0.406,3.8,11,46.4,At Risk
CUS-01111,Northwind Vale Logistics,SMB,Media & Entertainment,EMEA,United Kingdom,Inbound,G. Almeida,2026-01-01,2026-01-01,2026-01-01,1,0,2026-02-01,Low adoption,voluntary,1191.92,0.0,1191.92,1191.92,1191.91,0.00,0,1.0,Growth,monthly,27,0,0,1.0,0.741,4.08,0,68.9,Watch
CUS-01119,Maple Arbor Analytics,SMB,Logistics & Transport,LATAM,Brazil,Marketplace,B. Lindqvist,2026-01-01,2026-01-01,2026-08-01,8,1,,,,972.0,972.0,972.0,7776.0,11664.00,0.00,0,9.0,Growth,annual,24,0,0,1.0,0.594,3.95,14,60.7,Watch
CUS-01137,Harbor Stone Retail,Mid-Market,Logistics & Transport,APAC,Singapore,Outbound,J. Petersen,2026-02-01,2026-02-01,2026-08-01,7,1,,,,1911.78,1911.78,1911.78,13382.46,13382.46,0.00,0,2.0,Growth,monthly,43,0,0,1.0,0.678,3.89,21,65.8,Watch
CUS-01152,Lyra Field Solutions,SMB,Financial Services,North America,United States,Marketplace,D. Ferreira,2026-02-01,2026-02-01,2026-08-01,7,1,,,,232.25,232.25,232.25,1625.75,1625.75,0.00,0,1.4,Starter,monthly,10,0,0,1.0,0.771,4.37,11,72.4,Healthy
CUS-01154,Summit Cove Financial,SMB,Professional Services,North America,United States,Self-Serve,,2026-02-01,2026-02-01,2026-06-01,5,0,2026-07-01,Payment failure,involuntary,173.95,0.0,298.2,1093.4,795.20,298.20,1,2.0,Starter,monthly,12,2,0,1.714,0.747,4.14,8,68.3,Watch
CUS-01159,Zephyr Cross Group,Mid-Market,Media & Entertainment,North America,United States,Inbound,H. Kowalski,2026-02-01,2026-02-01,2026-08-01,7,1,,,,396.0,396.0,396.0,2772.0,4752.00,0.00,0,17.0,Growth,annual,10,0,0,1.0,0.571,3.78,16,57.3,Watch
CUS-01172,Maple Bridge Media,SMB,Financial Services,North America,United States,Marketplace,K. Rahman,2026-02-01,2026-02-01,2026-08-01,7,1,,,,891.0,891.0,891.0,6237.0,6237.00,0.00,0,2.0,Growth,monthly,20,0,0,1.0,0.843,4.47,11,77.0,Healthy
CUS-01212,Ridge Cove Systems,Mid-Market,Professional Services,APAC,Singapore,Outbound,F. Whitfield,2026-03-01,2026-03-01,2026-08-01,6,1,,,,1272.96,1829.88,1829.88,9308.52,15275.52,0.00,0,9.0,Growth,annual,46,1,0,1.438,0.639,4.33,7,62.1,Watch
CUS-01224,Aster Harbour Group,SMB,Retail & E-commerce,APAC,Australia,Inbound,A. Okafor,2026-03-01,2026-03-01,2026-04-01,2,0,2026-05-01,Missing functionality,voluntary,175.0,0.0,175.0,350.0,350.00,0.00,0,2.0,Starter,monthly,7,0,0,1.0,0.571,4.21,6,62.4,Watch
CUS-01225,Cobalt Harbour Analytics,Mid-Market,Healthcare,EMEA,France,Outbound,D. Ferreira,2026-03-01,2026-03-01,2026-08-01,6,1,,,,1607.76,1607.76,1607.76,9646.56,19293.12,0.00,0,17.0,Growth,annual,44,0,0,1.0,0.538,4.25,11,52.9,At Risk
CUS-01259,Juniper Bridge Industries,SMB,Software & Technology,North America,Canada,Self-Serve,,2026-04-01,2026-04-01,2026-04-01,1,0,2026-05-01,Missing functionality,voluntary,197.4,0.0,197.4,197.4,197.40,0.00,0,0.0,Starter,monthly,8,0,0,1.0,0.625,4.2,3,58.1,Watch
CUS-01265,Ironwood Bridge Analytics,SMB,Healthcare,EMEA,France,Self-Serve,,2026-04-01,2026-04-01,2026-08-01,5,1,,,,158.38,113.13,158.38,701.4,1900.56,0.00,0,7.0,Starter,annual,5,0,1,0.714,0.503,3.82,7,48.7,At Risk
CUS-01283,Nimbus Vale Group,SMB,Financial Services,North America,United States,Self-Serve,,2026-04-01,2026-04-01,2026-04-01,1,0,2026-05-01,Payment failure,involuntary,49.9,0.0,49.9,49.9,0.00,49.90,1,0.0,Starter,monthly,2,0,0,1.0,0.5,4.29,3,52.3,At Risk
CUS-01291,Cobalt Vale Solutions,Mid-Market,Software & Technology,EMEA,United Kingdom,Inbound,D. Ferreira,2026-04-01,2026-04-01,2026-08-01,5,1,,,,755.82,755.82,755.82,3779.1,9069.84,0.00,0,21.0,Growth,annual,19,0,0,1.0,0.653,4.27,9,63.9,Watch
CUS-01298,Juniper Peak Industries,SMB,Financial Services,North America,United States,Inbound,I. Castellanos,2026-04-01,2026-04-01,2026-08-01,5,1,,,,197.1,262.8,262.8,1051.2,2365.20,0.00,0,18.0,Starter,annual,12,1,0,1.333,0.689,4.21,6,66.5,Watch
CUS-01324,Lumen Forge Industries,SMB,Healthcare,LATAM,Brazil,Partner,I. Castellanos,2026-05-01,2026-05-01,2026-05-01,1,0,2026-06-01,Price / budget cuts,voluntary,48.75,0.0,48.75,48.75,48.75,0.00,0,0.0,Starter,monthly,2,0,0,1.0,0.5,4.32,3,56.1,Watch
CUS-01331,Ironwood Bridge Energy,Mid-Market,Manufacturing,North America,United States,Inbound,K. Rahman,2026-05-01,2026-05-01,2026-08-01,4,1,,,,8102.25,9722.7,9722.7,34029.45,97227.00,0.00,0,15.0,Scale,annual,156,1,0,1.2,0.661,3.89,12,56.5,Watch
CUS-01334,Beacon Point Media,SMB,Healthcare,North America,Canada,Self-Serve,,2026-05-01,2026-05-01,2026-08-01,4,1,,,,138.45,138.45,138.45,553.8,553.80,0.00,0,0.5,Starter,monthly,6,0,0,1.0,0.667,4.03,9,61.6,Watch
CUS-01337,Vertex Bridge Systems,SMB,Financial Services,EMEA,France,Inbound,E. Nakamura,2026-05-01,2026-05-01,2026-08-01,4,1,,,,252.45,252.45,252.45,1009.8,3029.40,0.00,0,23.0,Starter,annual,11,0,0,1.0,0.614,3.69,12,55.4,Watch
CUS-01339,Vertex Cove Media,Enterprise,Retail & E-commerce,North America,Canada,Partner,E. Nakamura,2026-05-01,2026-05-01,2026-08-01,4,1,,,,2869.2,2869.2,2869.2,11476.8,34430.40,0.00,0,20.0,Scale,annual,48,0,0,1.0,0.734,4.43,7,69.6,Watch
CUS-01351,Orchid Forge Health,Mid-Market,Healthcare,EMEA,France,Marketplace,G. Almeida,2026-05-01,2026-05-01,2026-06-01,2,0,2026-07-01,Payment failure,involuntary,4354.2,0.0,4354.2,8708.4,4354.20,4354.20,1,0.0,Scale,monthly,59,0,0,1.0,0.585,3.87,4,53.3,At Risk
CUS-01355,Pioneer Field Analytics,Mid-Market,Healthcare,LATAM,Mexico,Outbound,L. Duarte,2026-05-01,2026-05-01,2026-08-01,4,1,,,,2037.42,2037.42,2037.42,8149.68,8149.68,0.00,0,2.8,Growth,monthly,49,0,0,1.0,0.628,4.19,8,54.7,At Risk
CUS-01357,Lyra Forge Solutions,Enterprise,Software & Technology,North America,United States,Outbound,B. Lindqvist,2026-05-01,2026-05-01,2026-08-01,4,1,,,,21610.6,21610.6,21610.6,86442.4,86442.40,0.00,0,1.5,Enterprise,monthly,235,0,0,1.0,0.761,4.23,6,65.1,Watch
CUS-01364,Corvus Watch Retail,SMB,Logistics & Transport,APAC,Australia,Partner,J. Petersen,2026-06-01,2026-06-01,2026-08-01,3,1,,,,121.63,145.95,145.95,413.53,413.52,0.00,0,1.0,Starter,monthly,6,1,0,1.2,0.589,4.03,5,52.3,At Risk
CUS-01368,Vertex Watch Networks,Mid-Market,Financial Services,EMEA,France,Outbound,J. Petersen,2026-06-01,2026-06-01,2026-08-01,3,1,,,,7892.1,7892.1,7892.1,23676.3,23676.30,0.00,0,1.3,Scale,monthly,111,0,0,1.0,0.547,4.07,5,49.4,At Risk
CUS-01393,Meridian Cross Industries,SMB,Financial Services,APAC,Australia,Partner,C. Moreau,2026-06-01,2026-06-01,2026-08-01,3,1,,,,45.95,45.95,45.95,137.85,551.40,0.00,0,13.0,Starter,annual,2,0,0,1.0,0.5,4.23,5,54.9,At Risk
CUS-01407,Meridian Bridge Systems,SMB,Software & Technology,North America,Canada,Marketplace,E. Nakamura,2026-06-01,2026-06-01,2026-08-01,3,1,,,,86.4,86.4,86.4,259.2,1036.80,0.00,0,19.0,Starter,annual,4,0,0,1.0,0.833,4.32,2,84.1,Healthy
CUS-01415,Crestline Stone Networks,SMB,Software & Technology,North America,United States,Partner,L. Duarte,2026-06-01,2026-06-01,2026-08-01,3,1,,,,223.2,223.2,223.2,669.6,669.60,0.00,0,2.0,Starter,monthly,9,0,0,1.0,0.556,3.57,7,56.0,Watch
CUS-01416,Corvus River Industries,Mid-Market,Healthcare,EMEA,Sweden,Outbound,I. Castellanos,2026-06-01,2026-06-01,2026-08-01,3,1,,,,8165.63,8165.63,8165.63,24496.89,97987.44,0.00,0,4.0,Scale,annual,125,0,0,1.0,0.565,3.76,5,55.6,Watch
CUS-01427,Harbor Arbor Technologies,Mid-Market,Healthcare,North America,United States,Outbound,L. Duarte,2026-07-01,2026-07-01,2026-08-01,2,1,,,,725.04,725.04,725.04,1450.08,8700.48,0.00,0,21.0,Growth,annual,19,0,0,1.0,0.579,3.37,5,47.2,At Risk
CUS-01448,Summit Stone Technologies,Mid-Market,Software & Technology,EMEA,United Kingdom,Inbound,F. Whitfield,2026-07-01,2026-07-01,2026-08-01,2,1,,,,7087.5,7087.5,7087.5,14175.0,85050.00,0.00,0,5.0,Scale,annual,108,0,0,1.0,0.667,4.06,3,58.5,Watch
CUS-01466,Onyx River Logistics,Mid-Market,Professional Services,North America,United States,Inbound,B. Lindqvist,2026-07-01,2026-07-01,2026-08-01,2,1,,,,7720.13,7720.13,7720.13,15440.26,92641.44,0.00,0,7.0,Scale,annual,119,0,0,1.0,0.58,3.69,1,59.5,Watch
CUS-01503,Zephyr Stone Logistics,Mid-Market,Software & Technology,APAC,Singapore,Partner,K. Rahman,2026-08-01,2026-08-01,2026-08-01,1,1,,,,3733.2,3733.2,3733.2,3733.2,3733.20,0.00,0,1.0,Scale,monthly,51,0,0,1.0,0.686,4.25,2,63.6,Watch
CUS-00015,Cobalt River Systems,SMB,Logistics & Transport,EMEA,United Kingdom,Self-Serve,,2023-01-01,2023-01-01,2026-08-01,44,1,,,,1298.47,9477.38,9477.38,114564.44,114564.25,0.00,0,1.5,Scale,monthly,127,7,1,7.299,0.932,4.48,77,94.1,Healthy
CUS-00045,Granite Harbour Retail,Mid-Market,Financial Services,EMEA,Netherlands,Outbound,A. Okafor,2023-03-01,2023-03-01,2023-12-01,10,0,2024-01-01,Price / budget cuts,voluntary,785.75,0.0,785.75,7857.5,7857.50,0.00,0,2.8,Growth,monthly,19,0,0,1.0,0.742,4.17,17,70.1,Healthy
CUS-00046,Cobalt Field Health,SMB,Logistics & Transport,EMEA,Germany,Inbound,H. Kowalski,2023-03-01,2023-03-01,2023-08-01,6,0,2023-09-01,Payment failure,involuntary,100.0,0.0,100.0,600.0,500.00,100.00,1,1.0,Starter,monthly,4,0,0,1.0,0.75,4.45,11,69.7,Watch
CUS-00093,Solstice River Networks,SMB,Manufacturing,EMEA,Germany,Self-Serve,,2023-06-01,2023-06-01,2026-05-01,36,0,2026-06-01,Missing functionality,voluntary,135.0,0.0,135.0,4680.0,4860.00,0.00,0,9.7,Starter,annual,4,1,2,0.667,0.732,4.18,63,79.9,Healthy
CUS-00109,Northwind Cove Labs,Mid-Market,Logistics & Transport,EMEA,Germany,Partner,A. Okafor,2023-07-01,2023-07-01,2024-05-01,11,0,2024-06-01,Company acquired or closed,voluntary,772.92,0.0,1464.48,12204.0,12204.00,0.00,0,2.7,Growth,monthly,36,3,0,1.895,0.389,3.72,24,39.3,Critical
CUS-00131,Lumen Peak Systems,Mid-Market,Software & Technology,North America,Canada,Outbound,D. Ferreira,2023-08-01,2023-08-01,2026-08-01,37,1,,,,506.03,895.28,895.28,25340.36,33631.20,0.00,0,9.0,Growth,annual,23,3,0,1.769,0.868,4.53,53,87.8,Healthy
CUS-00158,Juniper Stone Systems,Enterprise,Software & Technology,North America,United States,Inbound,H. Kowalski,2023-09-01,2023-09-01,2026-08-01,36,1,,,,6147.6,10659.6,10659.6,287245.2,274104.00,0.00,0,7.7,Scale,annual,189,5,2,1.734,0.909,4.48,62,85.3,Healthy
CUS-00165,Sable Cove Industries,SMB,Professional Services,EMEA,France,Inbound,I. Castellanos,2023-10-01,2023-10-01,2024-04-01,7,0,2024-05-01,Switched to competitor,voluntary,69.98,0.0,93.3,606.46,606.46,0.00,0,1.4,Starter,monthly,4,1,0,1.333,0.583,3.94,14,65.7,Watch
CUS-00174,Zephyr Forge Financial,SMB,Education,EMEA,Germany,Self-Serve,,2023-10-01,2023-10-01,2025-09-01,24,0,2025-10-01,Price / budget cuts,voluntary,285.6,0.0,380.8,7711.2,7711.20,0.00,0,1.5,Starter,monthly,16,1,0,1.333,0.262,3.66,41,35.2,Critical
CUS-00175,Aster Cross Systems,Mid-Market,Professional Services,North America,United States,Partner,D. Ferreira,2023-10-01,2023-10-01,2026-08-01,35,1,,,,2679.6,1351.98,2679.6,54127.92,63725.76,0.00,0,8.3,Growth,annual,37,3,2,0.505,0.878,4.43,57,87.1,Healthy
CUS-00179,Bluefin Cove Analytics,SMB,Financial Services,North America,United States,Partner,K. Rahman,2023-10-01,2023-10-01,2023-10-01,1,0,2023-11-01,Payment failure,involuntary,124.0,0.0,124.0,124.0,0.00,124.00,1,0.0,Starter,monthly,5,0,0,1.0,0.8,4.65,0,74.9,Healthy
CUS-00195,Tidal Cove Analytics,SMB,Healthcare,EMEA,United Kingdom,Inbound,H. Kowalski,2023-11-01,2023-11-01,2023-11-01,1,0,2023-12-01,Missing functionality,voluntary,300.0,0.0,300.0,300.0,300.00,0.00,0,1.0,Starter,monthly,12,0,0,1.0,0.75,4.29,2,69.0,Watch
CUS-00197,Solstice Stone Energy,SMB,Healthcare,North America,Canada,Self-Serve,,2023-11-01,2023-11-01,2024-05-01,7,0,2024-06-01,Switched to competitor,voluntary,1305.0,0.0,1305.0,7785.0,7785.00,0.00,0,3.6,Growth,monthly,26,1,1,0.897,0.313,3.69,12,40.9,At Risk
CUS-00233,Quartz Bridge Analytics,SMB,Healthcare,North America,United States,Marketplace,I. Castellanos,2023-12-01,2023-12-01,2026-08-01,33,1,,,,299.33,787.46,1119.02,21284.43,21284.39,0.00,0,2.2,Growth,monthly,19,5,2,2.631,0.949,4.72,42,97.6,Healthy
CUS-00242,Tidal Stone Systems,Mid-Market,Professional Services,EMEA,Germany,Partner,C. Moreau,2024-01-01,2024-01-01,2026-08-01,32,1,,,,558.18,797.4,797.4,21569.67,22965.12,0.00,0,19.7,Growth,annual,20,2,1,1.429,0.612,4.0,60,81.2,Healthy
CUS-00253,Maple Field Logistics,SMB,Retail & E-commerce,North America,United States,Self-Serve,,2024-01-01,2024-01-01,2024-11-01,11,0,2024-12-01,Poor support experience,voluntary,628.43,0.0,628.43,6912.73,6912.73,0.00,0,1.7,Growth,monthly,15,0,0,1.0,0.321,3.75,33,34.9,Critical
CUS-00266,Quartz Cross Media,SMB,Professional Services,North America,United States,Inbound,I. Castellanos,2024-02-01,2024-02-01,2026-08-01,31,1,,,,63.68,106.13,106.13,2589.58,2801.52,0.00,0,9.3,Starter,annual,5,2,0,1.667,0.504,3.83,62,39.4,Critical
CUS-00279,Juniper Court Media,SMB,Software & Technology,North America,United States,Self-Serve,,2024-02-01,2024-02-01,2025-03-01,14,0,2025-04-01,Poor support experience,voluntary,990.0,0.0,1305.0,17775.0,17775.00,0.00,0,1.4,Growth,monthly,27,1,1,1.227,0.797,4.25,33,78.9,Healthy
CUS-00308,Ridge Forge Labs,Mid-Market,Healthcare,EMEA,United Kingdom,Partner,C. Moreau,2024-03-01,2024-03-01,2026-08-01,30,1,,,,4558.13,3015.38,4978.88,129871.65,129871.58,0.00,0,1.1,Scale,monthly,43,1,2,0.662,0.847,4.13,61,84.7,Healthy
CUS-00332,Nimbus Peak Logistics,SMB,Healthcare,LATAM,Mexico,Self-Serve,,2024-04-01,2024-04-01,2026-02-01,23,0,2026-03-01,Payment failure,involuntary,73.05,0.0,121.75,2386.3,2288.90,97.40,1,2.3,Starter,monthly,4,2,1,1.333,0.449,3.82,43,61.3,Watch
CUS-00347,Crestline Cross Industries,SMB,Software & Technology,North America,Canada,Self-Serve,,2024-05-01,2024-05-01,2024-11-01,7,0,2024-12-01,Low adoption,voluntary,207.0,0.0,253.0,1587.0,1587.00,0.00,0,0.9,Starter,monthly,11,1,1,1.222,0.547,3.82,12,52.8,At Risk
CUS-00369,Meridian River Analytics,Mid-Market,Manufacturing,APAC,Singapore,Partner,A. Okafor,2024-06-01,2024-06-01,2026-08-01,22,1,2024-07-01,Low adoption,voluntary,1854.09,1456.79,2295.54,43129.7,43129.70,0.00,0,1.8,Growth,monthly,33,1,1,0.786,0.856,4.36,43,90.4,Healthy
CUS-00393,Corvus Field Logistics,Enterprise,Logistics & Transport,APAC,Singapore,Partner,J. Petersen,2024-06-01,2024-06-01,2026-08-01,27,1,,,,22910.8,27601.2,27601.2,701936.4,908133.60,0.00,0,10.3,Enterprise,annual,306,2,0,1.205,0.697,3.99,59,81.2,Healthy
CUS-00404,Meridian Cross Group,SMB,Retail & E-commerce,APAC,Australia,Marketplace,L. Duarte,2024-07-01,2024-07-01,2025-03-01,9,0,2025-04-01,Low adoption,voluntary,1564.92,0.0,1564.92,11997.72,11997.72,0.00,0,1.9,Growth,monthly,20,0,1,0.556,0.493,3.88,15,42.4,At Risk
CUS-00413,Orchid River Solutions,SMB,Retail & E-commerce,EMEA,Netherlands,Self-Serve,,2024-07-01,2024-07-01,2026-08-01,26,1,,,,300.0,350.0,425.0,9150.0,9150.00,0.00,0,2.7,Starter,monthly,14,2,1,1.167,0.819,4.56,43,81.1,Healthy
CUS-00427,Vertex Harbour Solutions,Enterprise,Retail & E-commerce,North America,United States,Inbound,F. Whitfield,2024-08-01,2024-08-01,2026-08-01,25,1,,,,13111.56,25712.28,26052.84,543874.32,722327.76,0.00,0,6.7,Enterprise,annual,302,4,1,1.961,0.758,4.54,32,81.3,Healthy
CUS-00462,Halcyon Bridge Financial,Mid-Market,Logistics & Transport,North America,United States,Inbound,G. Almeida,2024-09-01,2024-09-01,2025-08-01,12,0,2025-09-01,Price / budget cuts,voluntary,7919.4,0.0,11465.4,104252.4,95032.80,0.00,0,8.0,Scale,annual,95,2,2,0.709,0.777,4.57,12,83.3,Healthy
CUS-00465,Lyra Cove Financial,Mid-Market,Financial Services,APAC,India,Marketplace,E. Nakamura,2024-09-01,2024-09-01,2026-08-01,24,1,,,,5873.25,4727.25,6231.38,138952.52,138952.52,0.00,0,1.7,Scale,monthly,66,1,1,0.805,0.782,4.06,51,84.4,Healthy
CUS-00469,Nimbus Cross Labs,SMB,Media & Entertainment,North America,United States,Marketplace,J. Petersen,2024-09-01,2024-09-01,2026-08-01,24,1,,,,251.63,251.63,320.25,6199.24,6038.88,0.00,0,6.5,Starter,annual,11,2,1,1.0,0.768,4.17,40,77.3,Healthy
CUS-00488,Summit Arbor Group,Enterprise,Logistics & Transport,North America,United States,Inbound,F. Whitfield,2024-10-01,2024-10-01,2026-08-01,23,1,,,,30954.0,33960.96,33960.96,732990.72,742896.00,0.00,0,9.5,Enterprise,annual,384,1,0,1.097,0.644,3.82,39,72.9,Healthy
CUS-00497,Tidal Arbor Energy,SMB,Media & Entertainment,LATAM,Mexico,Self-Serve,,2024-10-01,2024-10-01,2025-08-01,11,0,2025-09-01,Payment failure,involuntary,97.5,0.0,97.5,1023.75,975.00,48.75,1,1.2,Starter,monthly,2,0,1,0.5,0.773,4.69,10,90.6,Healthy
CUS-00514,Northwind Bridge Retail,Enterprise,Retail & E-commerce,North America,United States,Inbound,L. Duarte,2024-11-01,2024-11-01,2026-08-01,22,1,,,,26618.24,23378.52,26618.24,471598.16,599961.12,0.00,0,11.0,Enterprise,annual,267,1,1,0.878,0.83,4.5,32,83.9,Healthy
CUS-00529,Cobalt Arbor Group,SMB,Financial Services,North America,United States,Partner,B. Lindqvist,2024-11-01,2024-11-01,2026-08-01,22,1,,,,98.4,172.2,172.2,2853.6,2853.60,0.00,0,1.9,Starter,monthly,7,2,0,1.75,0.914,4.27,50,80.5,Healthy
CUS-00550,Summit Cove Energy,Mid-Market,Logistics & Transport,EMEA,United Kingdom,Outbound,K. Rahman,2024-12-01,2024-12-01,2026-08-01,21,1,,,,1402.56,1884.69,1884.69,35502.3,35502.30,0.00,0,1.1,Growth,monthly,43,2,0,1.344,0.371,4.05,31,36.0,Critical
CUS-00576,Basalt Harbour Technologies,SMB,Financial Services,North America,United States,Self-Serve,,2024-12-01,2024-12-01,2025-06-01,7,0,2025-07-01,Payment failure,involuntary,1853.28,0.0,2106.0,13983.84,11877.84,2106.00,1,2.0,Growth,monthly,50,1,0,1.136,0.655,4.19,9,67.7,Watch
CUS-00582,Falcon Stone Analytics,SMB,Retail & E-commerce,EMEA,Netherlands,Self-Serve,,2024-12-01,2024-12-01,2026-08-01,21,1,,,,301.28,301.28,417.15,6836.66,6836.66,0.00,0,1.9,Starter,monthly,13,3,2,1.0,0.658,3.82,52,68.3,Watch
CUS-00598,Lyra Field Energy,Mid-Market,Education,EMEA,United Kingdom,Inbound,G. Almeida,2025-01-01,2025-01-01,2026-08-01,20,1,,,,447.48,203.4,610.2,8542.8,8542.80,0.00,0,1.5,Starter,monthly,9,1,1,0.455,0.591,3.93,34,64.9,Watch
CUS-00630,Corvus Court Partners,Mid-Market,Professional Services,APAC,Singapore,Inbound,J. Petersen,2025-02-01,2025-02-01,2026-08-01,19,1,,,,463.32,463.32,463.32,8803.08,11119.68,0.00,0,8.0,Growth,annual,12,0,0,1.0,0.702,4.07,37,74.7,Healthy
CUS-00650,Onyx Arbor Financial,SMB,Healthcare,North America,United States,Inbound,A. Okafor,2025-02-01,2025-02-01,2025-06-01,5,0,2025-07-01,Switched to competitor,voluntary,49.35,0.0,74.03,271.43,271.43,0.00,0,2.4,Starter,monthly,2,1,1,1.0,0.833,4.46,10,64.0,Watch
CUS-00669,Meridian Watch Media,SMB,Logistics & Transport,North America,Canada,Marketplace,B. Lindqvist,2025-03-01,2025-03-01,2026-05-01,15,0,2026-06-01,Low adoption,voluntary,120.75,0.0,120.75,1762.95,1762.95,0.00,0,1.9,Starter,monthly,4,0,1,0.8,0.407,3.83,27,48.1,At Risk
CUS-00678,Sable Stone Industries,SMB,Software & Technology,North America,United States,Marketplace,K. Rahman,2025-03-01,2025-03-01,2026-08-01,18,1,,,,556.29,834.44,834.44,11205.29,13350.96,0.00,0,18.0,Growth,annual,21,2,0,1.5,0.669,4.39,23,68.6,Watch
CUS-00704,Onyx Harbour Logistics,SMB,Software & Technology,EMEA,United Kingdom,Inbound,E. Nakamura,2025-04-01,2025-04-01,2026-08-01,10,1,2025-08-01,Missing functionality,voluntary,186.6,116.63,209.93,1609.44,1609.42,0.00,0,2.0,Starter,monthly,5,2,1,0.625,0.674,4.07,16,76.2,Healthy
CUS-00715,Cobalt Arbor Industries,Mid-Market,Manufacturing,EMEA,Germany,Partner,L. Duarte,2025-04-01,2025-04-01,2026-08-01,17,1,,,,651.02,765.9,765.9,12331.01,17002.92,0.00,0,14.5,Growth,annual,20,2,0,1.176,0.632,4.02,32,67.1,Watch
CUS-00721,Corvus Cove Media,SMB,Software & Technology,EMEA,United Kingdom,Self-Serve,,2025-04-01,2025-04-01,2026-08-01,17,1,,,,72.9,72.9,72.9,1239.3,1239.30,0.00,0,1.5,Starter,monthly,3,0,0,1.0,0.686,4.25,27,65.3,Watch
CUS-00725,Vertex Peak Group,Enterprise,Financial Services,APAC,Australia,Inbound,E. Nakamura,2025-04-01,2025-04-01,2026-08-01,17,1,,,,3329.1,4315.5,4315.5,57396.15,80638.20,0.00,0,8.5,Scale,annual,70,2,1,1.296,0.648,3.95,37,63.8,Watch
CUS-00734,Halcyon Gate Financial,SMB,Education,North America,United States,Self-Serve,,2025-04-01,2025-04-01,2026-03-01,12,0,2026-04-01,Payment failure,involuntary,72.83,0.0,121.38,1092.42,971.04,121.38,1,1.8,Starter,monthly,5,2,0,1.667,0.411,4.1,21,41.6,At Risk
CUS-00782,Lumen Court Media,SMB,Logistics & Transport,North America,United States,Self-Serve,,2025-06-01,2025-06-01,2025-10-01,5,0,2025-11-01,Payment failure,involuntary,70.65,0.0,70.65,353.25,282.60,70.65,1,2.0,Starter,monthly,3,0,0,1.0,0.6,4.14,9,47.6,At Risk
CUS-00788,Sable Cove Group,SMB,Software & Technology,North America,United States,Inbound,D. Ferreira,2025-06-01,2025-06-01,2025-12-01,7,0,2026-01-01,Company acquired or closed,voluntary,50.0,0.0,50.0,350.0,350.00,0.00,0,2.7,Starter,monthly,2,0,0,1.0,0.5,3.86,19,53.8,At Risk
CUS-00815,Nimbus Bridge Group,Mid-Market,Financial Services,EMEA,Germany,Partner,C. Moreau,2025-07-01,2025-07-01,2026-08-01,14,1,,,,7012.2,11787.75,11787.75,147981.6,225599.40,0.00,0,2.5,Scale,annual,195,2,0,1.681,0.651,4.07,25,67.0,Watch
CUS-00820,Falcon Harbour Networks,Mid-Market,Software & Technology,North America,United States,Inbound,K. Rahman,2025-07-01,2025-07-01,2026-08-01,14,1,,,,399.96,399.96,509.04,6144.84,9599.04,0.00,0,7.0,Growth,annual,11,1,1,1.0,0.731,3.99,40,76.4,Healthy
CUS-00842,Orchid Arbor Networks,SMB,Professional Services,APAC,Singapore,Self-Serve,,2025-07-01,2025-07-01,2026-06-01,12,0,2026-07-01,Switched to competitor,voluntary,189.8,0.0,189.8,1613.3,1613.30,0.00,0,1.3,Starter,monthly,4,0,1,0.5,0.646,4.18,19,71.5,Healthy
CUS-00864,Ironwood Cross Logistics,Enterprise,Retail & E-commerce,EMEA,United Kingdom,Partner,H. Kowalski,2025-08-01,2025-08-01,2025-08-01,1,0,2025-09-01,Payment failure,involuntary,2551.5,0.0,2551.5,2551.5,0.00,30618.00,1,0.0,Scale,annual,45,0,0,1.0,0.6,4.58,0,62.9,Watch
CUS-00884,Pioneer Bridge Labs,Mid-Market,Software & Technology,North America,Canada,Partner,E. Nakamura,2025-09-01,2025-09-01,2026-08-01,12,1,,,,2009.25,8051.25,8051.25,42436.5,42436.50,0.00,0,1.3,Scale,monthly,113,4,0,4.007,0.788,4.34,20,80.7,Healthy
CUS-00895,Nimbus Bridge Financial,SMB,Software & Technology,North America,United States,Partner,A. Okafor,2025-09-01,2025-09-01,2026-08-01,12,1,,,,250.0,350.0,350.0,3875.0,3875.00,0.00,0,1.7,Starter,monthly,14,2,0,1.4,0.38,4.01,22,33.5,Critical
CUS-00899,Pioneer Harbour Industries,Mid-Market,Healthcare,North America,United States,Outbound,J. Petersen,2025-09-01,2025-09-01,2026-08-01,12,1,,,,1183.54,1434.6,1434.6,16210.96,14202.48,0.00,0,14.0,Growth,annual,40,1,0,1.212,0.582,3.91,20,56.9,Watch
CUS-00928,Basalt Cove Health,Mid-Market,Manufacturing,EMEA,Netherlands,Outbound,J. Petersen,2025-10-01,2025-10-01,2026-08-01,11,1,,,,820.8,1684.8,1684.8,10929.6,10929.60,0.00,0,1.5,Growth,monthly,39,2,0,2.053,0.687,3.63,26,56.4,Watch
CUS-00955,Maple Arbor Industries,SMB,Retail & E-commerce,North America,United States,Inbound,I. Castellanos,2025-10-01,2025-10-01,2026-01-01,4,0,2026-02-01,Low adoption,voluntary,540.0,0.0,540.0,2160.0,2160.00,0.00,0,1.5,Growth,monthly,12,0,0,1.0,0.5,3.26,18,32.8,Critical
CUS-00971,Crestline Cove Analytics,Enterprise,Manufacturing,LATAM,Mexico,Outbound,L. Duarte,2025-11-01,2025-11-01,2026-08-01,10,1,,,,16727.04,22564.08,22564.08,188789.04,200724.48,0.00,0,9.0,Enterprise,annual,259,2,0,1.349,0.587,3.74,25,60.2,Watch
CUS-00976,Orchid Vale Labs,Mid-Market,Software & Technology,LATAM,Brazil,Inbound,J. Petersen,2025-11-01,2025-11-01,2026-08-01,10,1,,,,1340.33,421.25,1340.33,6931.42,16083.96,0.00,0,4.0,Growth,annual,11,0,3,0.314,0.3,3.44,28,32.5,Critical
CUS-01001,Cobalt Peak Analytics,SMB,Software & Technology,EMEA,Sweden,Marketplace,A. Okafor,2025-11-01,2025-11-01,2026-08-01,10,1,,,,93.3,186.6,186.6,1539.45,1539.45,0.00,0,1.8,Starter,monthly,8,2,0,2.0,0.692,4.76,11,72.4,Healthy
CUS-01009,Granite Bridge Media,SMB,Software & Technology,North America,United States,Inbound,A. Okafor,2025-11-01,2025-11-01,2026-08-01,10,1,,,,50.0,75.0,75.0,650.0,650.00,0.00,0,1.1,Starter,monthly,3,1,0,1.5,0.533,4.22,19,52.1,At Risk
CUS-01019,Solstice River Solutions,SMB,Education,EMEA,Sweden,Self-Serve,,2025-11-01,2025-11-01,2026-08-01,10,1,,,,75.0,100.0,100.0,975.0,975.00,0.00,0,0.8,Starter,monthly,4,1,0,1.333,0.742,4.09,20,71.3,Healthy
CUS-01043,Cobalt Bridge Technologies,SMB,Financial Services,North America,United States,Self-Serve,,2025-12-01,2025-12-01,2026-04-01,5,0,2026-05-01,Missing functionality,voluntary,100.0,0.0,125.0,550.0,550.00,0.00,0,2.0,Starter,monthly,5,1,0,1.25,0.77,4.17,11,70.4,Healthy
CUS-01047,Summit Watch Financial,Enterprise,Healthcare,North America,United States,Inbound,E. Nakamura,2025-12-01,2025-12-01,2026-08-01,9,1,,,,6165.9,8221.2,8221.2,61719.45,73990.80,0.00,0,21.0,Scale,annual,136,2,0,1.333,0.626,4.0,9,58.5,Watch
CUS-01050,Meridian Gate Group,Mid-Market,Financial Services,EMEA,Germany,Inbound,L. Duarte,2025-12-01,2025-12-01,2026-08-01,9,1,,,,6786.45,7471.95,7471.95,61763.55,61763.55,0.00,0,1.7,Scale,monthly,109,1,0,1.101,0.508,3.91,19,51.4,At Risk
CUS-01056,Granite Watch Financial,SMB,Financial Services,EMEA,France,Inbound,L. Duarte,2025-12-01,2025-12-01,2026-08-01,9,1,,,,42.4,42.4,42.4,381.6,508.80,0.00,0,21.0,Starter,annual,2,0,0,1.0,0.722,4.18,19,81.2,Healthy
CUS-01107,Onyx Stone Labs,Enterprise,Financial Services,North America,United States,Outbound,C. Moreau,2026-01-01,2026-01-01,2026-08-01,8,1,,,,27769.83,26152.17,27769.83,214070.34,333237.96,0.00,0,11.0,Enterprise,annual,291,1,1,0.942,0.581,3.66,26,60.0,Watch
CUS-01129,Bluefin Watch Energy,Mid-Market,Logistics & Transport,EMEA,United Kingdom,Partner,E. Nakamura,2026-01-01,2026-01-01,2026-08-01,8,1,,,,6110.1,3482.1,6110.1,46252.8,73321.20,0.00,0,2.0,Scale,annual,53,0,1,0.57,0.674,4.61,10,73.8,Healthy
CUS-01182,Tidal Peak Analytics,Mid-Market,Logistics & Transport,North America,United States,Outbound,K. Rahman,2026-02-01,2026-02-01,2026-05-01,4,0,2026-06-01,Low adoption,voluntary,3090.15,0.0,3090.15,12360.6,12360.60,0.00,0,2.3,Scale,monthly,42,0,0,1.0,0.875,4.59,5,83.0,Healthy
CUS-01189,Lyra Stone Networks,Enterprise,Media & Entertainment,APAC,Japan,Outbound,G. Almeida,2026-02-01,2026-02-01,2026-08-01,7,1,,,,33083.16,46860.0,46860.0,314243.16,314243.16,0.00,0,3.3,Enterprise,monthly,500,1,0,1.416,0.729,4.33,10,75.4,Healthy
CUS-01191,Orchid Point Networks,SMB,Professional Services,APAC,Japan,Self-Serve,,2026-02-01,2026-02-01,2026-08-01,7,1,,,,482.13,482.13,482.13,3374.91,3374.91,0.00,0,0.6,Growth,monthly,11,0,0,1.0,0.571,4.02,18,58.5,Watch
CUS-01196,Lumen Cross Energy,SMB,Financial Services,APAC,Japan,Partner,B. Lindqvist,2026-03-01,2026-03-01,2026-08-01,6,1,,,,68.1,68.1,68.1,408.6,817.20,0.00,0,18.0,Starter,annual,3,0,0,1.0,0.556,3.8,12,49.4,At Risk
CUS-01202,Sable Watch Group,SMB,Software & Technology,North America,United States,Partner,G. Almeida,2026-03-01,2026-03-01,2026-08-01,6,1,,,,1834.38,1834.38,1834.38,11006.28,11006.28,0.00,0,1.3,Growth,monthly,43,0,0,1.0,0.578,3.93,13,54.4,At Risk
CUS-01226,Beacon Cove Analytics,Mid-Market,Logistics & Transport,APAC,Australia,Partner,K. Rahman,2026-03-01,2026-03-01,2026-08-01,6,1,,,,6916.35,4234.5,6916.35,28088.85,28088.85,0.00,0,1.8,Scale,monthly,60,0,1,0.612,0.669,4.1,12,63.9,Watch
CUS-01254,Lyra Point Labs,SMB,Software & Technology,APAC,Australia,Self-Serve,,2026-03-01,2026-03-01,2026-08-01,6,1,,,,139.05,115.88,139.05,811.13,811.13,0.00,0,1.5,Starter,monthly,5,0,1,0.833,0.656,4.18,14,60.7,Watch
CUS-01269,Solstice Cross Energy,SMB,Healthcare,North America,United States,Self-Serve,,2026-04-01,2026-04-01,2026-08-01,5,1,,,,198.2,272.52,272.52,1288.28,1288.28,0.00,0,1.0,Starter,monthly,11,1,0,1.375,0.573,3.98,8,59.3,Watch
CUS-01279,Northwind Arbor Logistics,Enterprise,Financial Services,APAC,Japan,Inbound,H. Kowalski,2026-04-01,2026-04-01,2026-08-01,5,1,,,,70744.96,70744.96,70744.96,353724.8,353724.80,0.00,0,2.0,Enterprise,monthly,773,0,0,1.0,0.528,4.27,8,54.3,At Risk
CUS-01282,Sable Stone Technologies,SMB,Retail & E-commerce,North America,United States,Marketplace,A. Okafor,2026-04-01,2026-04-01,2026-08-01,5,1,,,,147.15,147.15,147.15,735.75,735.75,0.00,0,0.8,Starter,monthly,6,0,0,1.0,0.633,3.92,9,54.1,At Risk
CUS-01308,Lumen Cove Systems,SMB,Healthcare,North America,United States,Self-Serve,,2026-05-01,2026-05-01,2026-08-01,4,1,,,,46.25,46.25,46.25,185.0,185.00,0.00,0,1.3,Starter,monthly,2,0,0,1.0,0.5,3.65,9,48.4,At Risk
CUS-01320,Basalt Forge Logistics,SMB,Software & Technology,APAC,Australia,Partner,B. Lindqvist,2026-05-01,2026-05-01,2026-08-01,4,1,,,,922.68,922.68,922.68,3690.72,3690.72,0.00,0,1.8,Growth,monthly,22,0,0,1.0,0.716,4.51,7,70.7,Healthy
CUS-01338,Granite Harbour Analytics,SMB,Software & Technology,North America,United States,Partner,K. Rahman,2026-05-01,2026-05-01,2026-05-01,1,0,2026-06-01,Missing functionality,voluntary,984.06,0.0,984.06,984.06,984.06,0.00,0,0.0,Growth,monthly,22,0,0,1.0,0.636,4.14,0,60.0,Watch
CUS-01340,Juniper Peak Solutions,Mid-Market,Financial Services,North America,United States,Marketplace,F. Whitfield,2026-05-01,2026-05-01,2026-08-01,4,1,,,,11077.2,11077.2,11077.2,44308.8,132926.40,0.00,0,3.0,Scale,annual,181,0,0,1.0,0.53,4.06,8,54.2,At Risk
CUS-01344,Halcyon River Media,SMB,Healthcare,EMEA,Netherlands,Self-Serve,,2026-05-01,2026-05-01,2026-08-01,4,1,,,,70.5,70.5,70.5,282.0,282.00,0.00,0,4.5,Starter,monthly,3,0,0,1.0,0.667,3.97,8,58.8,Watch
CUS-01365,Vertex Cross Health,Enterprise,Media & Entertainment,North America,Canada,Outbound,E. Nakamura,2026-06-01,2026-06-01,2026-08-01,3,1,,,,5701.05,5701.05,5701.05,17103.15,68412.60,0.00,0,3.0,Scale,annual,103,0,0,1.0,0.608,4.05,6,56.5,Watch
CUS-01412,Beacon Field Partners,Mid-Market,Retail & E-commerce,North America,United States,Inbound,J. Petersen,2026-06-01,2026-06-01,2026-08-01,3,1,,,,429.66,429.66,429.66,1288.98,5155.92,0.00,0,1.0,Growth,annual,11,0,0,1.0,0.758,4.47,6,72.6,Healthy
CUS-01434,Crestline Arbor Networks,SMB,Software & Technology,North America,United States,Inbound,E. Nakamura,2026-07-01,2026-07-01,2026-08-01,2,1,,,,190.8,190.8,190.8,381.6,381.60,0.00,0,1.5,Starter,monthly,8,0,0,1.0,0.625,3.98,2,56.9,Watch
CUS-01441,Tidal Watch Solutions,SMB,Financial Services,LATAM,Mexico,Self-Serve,,2026-07-01,2026-07-01,2026-08-01,2,1,,,,1208.34,1208.34,1208.34,2416.68,2416.68,0.00,0,1.5,Growth,monthly,28,0,0,1.0,0.679,4.06,5,59.7,Watch
CUS-01446,Harbor Forge Health,Enterprise,Logistics & Transport,North America,United States,Outbound,J. Petersen,2026-07-01,2026-07-01,2026-08-01,2,1,,,,4149.53,4149.53,4149.53,8299.06,8299.06,0.00,0,3.0,Scale,monthly,61,0,0,1.0,0.697,3.78,2,60.6,Watch
CUS-01454,Ridge Point Health,Mid-Market,Manufacturing,EMEA,France,Inbound,B. Lindqvist,2026-07-01,2026-07-01,2026-08-01,2,1,,,,1577.03,1577.03,1577.03,3154.06,18924.24,0.00,0,18.0,Growth,annual,43,0,0,1.0,0.616,4.08,2,61.3,Watch
CUS-01478,Summit Peak Financial,Enterprise,Financial Services,EMEA,United Kingdom,Outbound,H. Kowalski,2026-08-01,2026-08-01,2026-08-01,1,1,,,,60999.51,60999.51,60999.51,60999.51,731994.12,0.00,0,20.0,Enterprise,annual,723,0,0,1.0,0.675,3.95,2,56.9,Watch
CUS-01479,Tidal Court Solutions,Enterprise,Software & Technology,North America,United States,Inbound,F. Whitfield,2026-08-01,2026-08-01,2026-08-01,1,1,,,,15903.58,15903.58,15903.58,15903.58,15903.58,0.00,0,3.0,Enterprise,monthly,161,0,0,1.0,0.714,4.45,1,67.1,Watch
CUS-01486,Orchid Vale Solutions,Mid-Market,Software & Technology,EMEA,Sweden,Outbound,J. Petersen,2026-08-01,2026-08-01,2026-08-01,1,1,,,,568.62,568.62,568.62,568.62,568.62,0.00,0,3.0,Growth,monthly,13,0,0,1.0,0.615,3.66,3,53.8,At Risk
CUS-01500,Onyx Gate Health,SMB,Education,North America,United States,Marketplace,J. Petersen,2026-08-01,2026-08-01,2026-08-01,1,1,,,,49.5,49.5,49.5,49.5,49.50,0.00,0,2.0,Starter,monthly,2,0,0,1.0,0.5,4.85,1,59.0,Watch
CUS-01508,Basalt Stone Media,Mid-Market,Professional Services,EMEA,Netherlands,Inbound,A. Okafor,2026-08-01,2026-08-01,2026-08-01,1,1,,,,889.25,889.25,889.25,889.25,889.25,0.00,0,3.0,Growth,monthly,21,0,0,1.0,0.714,4.16,1,68.6,Watch
CUS-01511,Zephyr Point Financial,SMB,Manufacturing,North America,United States,Self-Serve,,2026-08-01,2026-08-01,2026-08-01,1,1,,,,115.13,115.13,115.13,115.13,115.12,0.00,0,12.0,Starter,monthly,5,0,0,1.0,0.6,4.26,3,59.0,Watch
CUS-00021,Orchid Stone Technologies,Mid-Market,Financial Services,North America,United States,Partner,H. Kowalski,2023-02-01,2023-02-01,2026-08-01,43,1,,,,3700.13,15675.08,15675.08,330858.54,330858.49,0.00,0,1.8,Scale,monthly,233,7,1,4.236,0.784,4.13,75,86.6,Healthy
CUS-00028,Lumen Stone Partners,Mid-Market,Healthcare,North America,United States,Outbound,A. Okafor,2023-02-01,2023-02-01,2026-08-01,43,1,,,,10226.03,17551.05,17551.05,446028.78,446028.72,0.00,0,1.4,Scale,monthly,242,3,2,1.716,0.207,3.83,87,37.9,Critical
CUS-00049,Lyra Vale Solutions,SMB,Healthcare,APAC,Australia,Marketplace,C. Moreau,2023-03-01,2023-03-01,2025-10-01,32,0,2025-11-01,Payment failure,involuntary,1123.88,0.0,2472.53,61408.65,59565.49,1843.15,1,1.5,Growth,monthly,41,3,1,1.64,0.542,3.62,74,65.6,Watch
CUS-00053,Nimbus Gate Networks,SMB,Healthcare,APAC,Singapore,Inbound,B. Lindqvist,2023-04-01,2023-04-01,2023-12-01,9,0,2024-01-01,Price / budget cuts,voluntary,75.0,0.0,75.0,600.0,600.00,0.00,0,1.7,Starter,monthly,2,0,1,0.667,0.574,4.31,20,56.0,Watch
CUS-00075,Solstice Forge Logistics,Mid-Market,Professional Services,North America,United States,Marketplace,J. Petersen,2023-05-01,2023-05-01,2024-01-01,9,0,2024-02-01,Low adoption,voluntary,618.66,0.0,618.66,5567.94,5567.94,0.00,0,1.4,Growth,monthly,14,0,0,1.0,0.651,4.21,13,66.5,Watch
CUS-00083,Ironwood Bridge Systems,SMB,Software & Technology,North America,United States,Inbound,C. Moreau,2023-05-01,2023-05-01,2025-01-01,21,0,2025-02-01,Payment failure,involuntary,577.4,0.0,888.3,16300.31,15412.00,888.30,1,1.6,Growth,monthly,20,2,1,1.538,0.972,4.68,27,90.1,Healthy
CUS-00116,Lyra Peak Energy,SMB,Software & Technology,North America,United States,Self-Serve,,2023-07-01,2023-07-01,2025-05-01,23,0,2025-06-01,Missing functionality,voluntary,96.3,0.0,120.38,2263.06,2263.06,0.00,0,1.6,Starter,monthly,4,1,1,1.0,0.48,4.0,37,62.5,Watch
CUS-00121,Orchid Harbour Retail,Mid-Market,Retail & E-commerce,EMEA,United Kingdom,Outbound,G. Almeida,2023-07-01,2023-07-01,2024-04-01,10,0,2024-05-01,Company acquired or closed,voluntary,7261.65,0.0,8361.9,73716.75,73716.75,0.00,0,1.4,Scale,monthly,114,1,0,1.152,0.362,3.78,22,41.1,At Risk
CUS-00123,Corvus Court Logistics,Mid-Market,Media & Entertainment,APAC,Japan,Inbound,C. Moreau,2023-07-01,2023-07-01,2023-08-01,2,0,2023-09-01,Price / budget cuts,voluntary,1082.57,0.0,1082.57,2165.14,2165.14,0.00,0,1.5,Growth,monthly,27,0,0,1.0,0.37,3.92,2,44.2,At Risk
CUS-00146,Falcon Cove Logistics,SMB,Media & Entertainment,APAC,Japan,Inbound,G. Almeida,2023-09-01,2023-09-01,2026-08-01,36,1,,,,1438.56,2472.53,2472.53,67252.73,67252.73,0.00,0,1.6,Growth,monthly,55,2,0,1.719,0.69,4.14,57,73.1,Healthy
CUS-00147,Juniper River Energy,SMB,Professional Services,North America,United States,Self-Serve,,2023-09-01,2023-09-01,2024-02-01,6,0,2024-03-01,Low adoption,voluntary,1641.6,0.0,1641.6,8294.4,8294.40,0.00,0,2.2,Growth,monthly,24,0,2,0.632,0.569,4.19,7,56.9,Watch
CUS-00155,Northwind Field Partners,SMB,Professional Services,EMEA,Germany,Self-Serve,,2023-09-01,2023-09-01,2025-10-01,26,0,2025-11-01,Payment failure,involuntary,200.0,0.0,300.0,6275.0,5975.00,300.00,1,1.8,Starter,monthly,12,4,1,1.5,0.924,4.8,36,96.6,Healthy
CUS-00156,Sable Court Financial,SMB,Software & Technology,EMEA,United Kingdom,Self-Serve,,2023-09-01,2023-09-01,2024-02-01,6,0,2024-03-01,Low adoption,voluntary,74.47,0.0,99.3,546.14,546.14,0.00,0,1.8,Starter,monthly,4,1,0,1.333,0.722,4.41,9,75.2,Healthy
CUS-00170,Harbor River Networks,SMB,Education,APAC,Australia,Self-Serve,,2023-10-01,2023-10-01,2026-08-01,35,1,,,,68.48,91.3,91.3,2921.66,3012.96,0.00,0,11.7,Starter,annual,4,1,0,1.333,0.752,4.33,74,79.7,Healthy
CUS-00173,Meridian Cove Health,SMB,Logistics & Transport,North America,United States,Inbound,G. Almeida,2023-10-01,2023-10-01,2023-11-01,2,0,2023-12-01,Company acquired or closed,voluntary,585.0,0.0,585.0,1170.0,1170.00,0.00,0,0.5,Growth,monthly,13,0,0,1.0,0.615,3.78,3,52.8,At Risk
CUS-00176,Granite Point Logistics,Enterprise,Software & Technology,APAC,Japan,Outbound,D. Ferreira,2023-10-01,2023-10-01,2026-08-01,32,1,2026-02-01,Low adoption,voluntary,66089.54,128101.82,147160.64,2666338.4,2666338.40,0.00,0,1.4,Enterprise,monthly,1351,5,1,1.938,0.261,3.74,79,39.6,Critical
CUS-00190,Ridge Harbour Labs,SMB,Financial Services,North America,United States,Self-Serve,,2023-11-01,2023-11-01,2026-08-01,34,1,,,,84.4,147.7,147.7,4241.1,3798.00,0.00,0,13.7,Starter,annual,7,4,1,1.75,0.559,4.07,75,66.9,Watch
CUS-00194,Harbor River Group,SMB,Healthcare,North America,United States,Self-Serve,,2023-11-01,2023-11-01,2025-10-01,24,0,2025-11-01,Payment failure,involuntary,1677.51,0.0,1765.8,38847.6,37081.80,1765.80,1,1.8,Growth,monthly,40,1,1,1.053,0.745,4.06,46,81.1,Healthy
CUS-00199,Vertex Court Systems,SMB,Software & Technology,North America,United States,Inbound,H. Kowalski,2023-11-01,2023-11-01,2024-12-01,14,0,2025-01-01,Price / budget cuts,voluntary,89.5,0.0,89.5,1253.0,2148.00,0.00,0,5.5,Starter,annual,4,0,0,1.0,0.357,3.58,38,36.8,Critical
CUS-00214,Lyra Peak Systems,SMB,Retail & E-commerce,EMEA,Germany,Partner,I. Castellanos,2023-12-01,2023-12-01,2026-03-01,28,0,2026-04-01,Switched to competitor,voluntary,675.0,0.0,1350.0,22500.0,22500.00,0.00,0,1.8,Growth,monthly,30,5,1,2.0,0.818,4.41,44,86.9,Healthy
CUS-00222,Basalt Gate Media,Mid-Market,Professional Services,North America,Canada,Marketplace,H. Kowalski,2023-12-01,2023-12-01,2026-08-01,33,1,,,,1814.4,7992.0,7992.0,118843.2,118843.20,0.00,0,1.7,Scale,monthly,111,5,1,4.405,0.867,4.47,50,92.8,Healthy
CUS-00225,Nimbus Point Networks,SMB,Retail & E-commerce,APAC,Australia,Self-Serve,,2023-12-01,2023-12-01,2026-08-01,33,1,,,,720.0,855.0,855.0,24975.0,24975.00,0.00,0,1.6,Growth,monthly,19,3,1,1.188,0.333,4.32,56,45.2,At Risk
CUS-00276,Harbor Cross Industries,SMB,Logistics & Transport,EMEA,Netherlands,Self-Serve,,2024-02-01,2024-02-01,2026-08-01,31,1,,,,1710.0,10200.0,10200.0,112785.0,112785.00,0.00,0,1.6,Scale,monthly,136,5,0,5.965,0.72,4.26,52,71.3,Healthy
CUS-00292,Summit Cross Group,SMB,Software & Technology,North America,United States,Self-Serve,,2024-03-01,2024-03-01,2024-06-01,4,0,2024-07-01,Low adoption,voluntary,97.7,0.0,97.7,390.8,390.80,0.00,0,1.8,Starter,monthly,4,0,0,1.0,0.75,4.5,10,71.0,Healthy
CUS-00302,Northwind River Health,SMB,Financial Services,APAC,Japan,Inbound,E. Nakamura,2024-03-01,2024-03-01,2024-05-01,3,0,2024-06-01,Low adoption,voluntary,75.0,0.0,75.0,175.0,175.00,0.00,0,1.7,Starter,monthly,2,0,1,0.667,0.556,3.79,8,51.8,At Risk
CUS-00307,Cobalt Arbor Technologies,SMB,Software & Technology,North America,United States,Self-Serve,,2024-03-01,2024-03-01,2025-10-01,20,0,2025-11-01,Missing functionality,voluntary,150.0,0.0,275.0,3500.0,3500.00,0.00,0,2.3,Starter,monthly,11,3,0,1.833,0.616,4.13,39,62.1,Watch
CUS-00321,Aster Stone Group,SMB,Financial Services,EMEA,Netherlands,Self-Serve,,2024-04-01,2024-04-01,2026-08-01,29,1,,,,69.08,138.15,138.15,3177.51,3177.43,0.00,0,1.5,Starter,monthly,6,3,0,2.0,0.778,4.45,53,81.7,Healthy
CUS-00326,Ironwood Field Financial,Mid-Market,Education,EMEA,Germany,Inbound,D. Ferreira,2024-04-01,2024-04-01,2026-08-01,29,1,,,,1088.1,2212.47,2756.52,62783.37,70073.64,0.00,0,5.7,Growth,annual,61,4,2,2.033,0.875,4.23,65,83.1,Healthy
CUS-00345,Vertex Vale Health,Mid-Market,Software & Technology,North America,Canada,Inbound,E. Nakamura,2024-05-01,2024-05-01,2024-11-01,7,0,2024-12-01,Switched to competitor,voluntary,5852.93,0.0,5852.93,37943.12,37943.12,0.00,0,1.7,Scale,monthly,72,0,1,0.828,0.599,4.06,8,56.2,Watch
CUS-00348,Basalt Arbor Energy,Mid-Market,Professional Services,APAC,Australia,Outbound,A. Okafor,2024-05-01,2024-05-01,2024-08-01,4,0,2024-09-01,Switched to competitor,voluntary,1610.06,0.0,1610.06,6440.24,6440.24,0.00,0,2.3,Growth,monthly,37,0,0,1.0,0.628,4.2,6,63.3,Watch
CUS-00371,Vertex Cove Partners,SMB,Software & Technology,North America,United States,Inbound,I. Castellanos,2024-06-01,2024-06-01,2025-05-01,12,0,2025-06-01,Company acquired or closed,voluntary,218.03,0.0,218.03,2616.36,2616.36,0.00,0,1.9,Starter,monthly,9,0,0,1.0,0.454,4.13,15,43.6,At Risk
CUS-00409,Ridge Harbour Financial,Mid-Market,Financial Services,EMEA,Germany,Inbound,I. Castellanos,2024-07-01,2024-07-01,2026-04-01,22,0,2026-05-01,Company acquired or closed,voluntary,1485.54,0.0,1485.54,22778.28,22778.28,0.00,0,1.5,Growth,monthly,20,0,1,0.556,0.403,3.96,51,33.9,Critical
CUS-00411,Basalt Point Solutions,Mid-Market,Media & Entertainment,North America,United States,Partner,G. Almeida,2024-07-01,2024-07-01,2026-08-01,26,1,,,,1160.46,911.79,1574.91,29011.5,29011.50,0.00,0,1.7,Growth,monthly,22,1,2,0.786,0.819,4.5,36,89.2,Healthy
CUS-00452,Basalt Gate Logistics,SMB,Media & Entertainment,North America,United States,Inbound,B. Lindqvist,2024-09-01,2024-09-01,2026-02-01,18,0,2026-03-01,Payment failure,involuntary,580.23,0.0,1409.13,19147.61,17738.48,1409.13,1,1.8,Growth,monthly,34,4,0,2.429,0.639,3.97,38,68.0,Watch
CUS-00484,Corvus Cross Health,SMB,Financial Services,APAC,Japan,Partner,A. Okafor,2024-10-01,2024-10-01,2025-04-01,7,0,2025-05-01,Switched to competitor,voluntary,1800.0,0.0,2475.0,13950.0,13950.00,0.00,0,1.0,Growth,monthly,55,1,0,1.375,0.661,4.51,13,61.2,Watch
CUS-00498,Quartz Peak Solutions,SMB,Retail & E-commerce,EMEA,Germany,Self-Serve,,2024-10-01,2024-10-01,2024-11-01,2,0,2024-12-01,Low adoption,voluntary,225.0,0.0,225.0,450.0,450.00,0.00,0,3.0,Starter,monthly,9,0,0,1.0,0.556,3.58,4,51.2,At Risk
CUS-00507,Juniper Cross Systems,SMB,Software & Technology,North America,United States,Marketplace,F. Whitfield,2024-10-01,2024-10-01,2024-12-01,3,0,2025-01-01,Switched to competitor,voluntary,48.75,0.0,48.75,146.25,146.25,0.00,0,1.0,Starter,monthly,2,0,0,1.0,0.5,3.59,7,45.3,At Risk
CUS-00528,Solstice Gate Systems,SMB,Software & Technology,North America,United States,Inbound,D. Ferreira,2024-11-01,2024-11-01,2025-02-01,4,0,2025-03-01,Price / budget cuts,voluntary,1425.6,0.0,1425.6,5702.4,5702.40,0.00,0,0.5,Growth,monthly,33,0,0,1.0,0.667,4.27,9,60.2,Watch
CUS-00555,Tidal Gate Energy,SMB,Financial Services,North America,United States,Self-Serve,,2024-12-01,2024-12-01,2026-02-01,8,0,2026-03-01,Price / budget cuts,voluntary,211.95,0.0,211.95,1413.0,1413.00,0.00,0,1.0,Starter,monthly,7,0,0,0.778,0.81,4.08,18,73.9,Healthy
CUS-00577,Basalt Court Systems,SMB,Healthcare,APAC,Japan,Self-Serve,,2024-12-01,2024-12-01,2026-08-01,21,1,,,,70.43,93.9,93.9,1854.55,1854.55,0.00,0,1.7,Starter,monthly,4,1,0,1.333,0.706,3.8,52,69.1,Watch
CUS-00597,Ridge Bridge Logistics,SMB,Retail & E-commerce,APAC,India,Self-Serve,,2025-01-01,2025-01-01,2026-03-01,15,0,2026-04-01,Payment failure,involuntary,1711.13,0.0,1711.13,25008.81,23341.44,1667.25,1,0.9,Growth,monthly,38,1,1,0.974,0.727,4.09,27,72.2,Healthy
CUS-00605,Basalt Cove Networks,Enterprise,Financial Services,North America,United States,Outbound,F. Whitfield,2025-01-01,2025-01-01,2026-08-01,20,1,,,,48006.75,93835.5,93835.5,1316238.0,1536579.00,0.00,0,11.5,Enterprise,annual,1034,4,0,1.955,0.708,4.39,28,75.2,Healthy
CUS-00660,Ironwood Peak Group,Mid-Market,Financial Services,North America,United States,Inbound,J. Petersen,2025-03-01,2025-03-01,2026-08-01,18,1,,,,9933.75,11523.15,11523.15,180661.8,180661.80,0.00,0,1.2,Scale,monthly,174,1,1,1.16,0.644,4.09,33,71.1,Healthy
CUS-00692,Meridian Court Logistics,SMB,Software & Technology,North America,United States,Inbound,F. Whitfield,2025-03-01,2025-03-01,2026-08-01,18,1,,,,250.0,450.0,450.0,5300.0,5300.00,0.00,0,2.3,Starter,monthly,18,2,0,1.8,0.677,4.01,31,73.5,Healthy
CUS-00693,Lumen Court Systems,Enterprise,Financial Services,North America,United States,Inbound,L. Duarte,2025-03-01,2025-03-01,2026-08-01,18,1,,,,26581.5,32980.75,37411.0,530153.25,530153.25,0.00,0,1.7,Enterprise,monthly,335,1,1,1.241,0.91,4.53,32,92.6,Healthy
CUS-00706,Quartz Cross Partners,SMB,Retail & E-commerce,North America,Canada,Self-Serve,,2025-04-01,2025-04-01,2026-08-01,17,1,,,,225.0,250.0,250.0,3850.0,3850.00,0.00,0,1.7,Starter,monthly,10,1,0,1.111,0.546,4.07,19,59.8,Watch
CUS-00736,Harbor Vale Media,SMB,Education,EMEA,Germany,Self-Serve,,2025-04-01,2025-04-01,2026-04-01,13,0,2026-05-01,Payment failure,involuntary,249.75,0.0,324.68,3621.4,3371.65,249.75,1,1.8,Starter,monthly,10,1,1,1.0,0.639,4.05,18,66.9,Watch
CUS-00740,Cobalt Cove Health,SMB,Logistics & Transport,North America,United States,Self-Serve,,2025-05-01,2025-05-01,2026-08-01,9,1,2025-09-01,Missing functionality,voluntary,1620.0,1170.0,1620.0,12330.0,12330.00,0.00,0,1.2,Growth,monthly,26,0,0,0.722,0.848,4.56,10,87.0,Healthy
CUS-00748,Beacon Arbor Health,SMB,Professional Services,EMEA,Sweden,Self-Serve,,2025-05-01,2025-05-01,2026-08-01,16,1,,,,226.6,226.6,226.6,3625.6,5438.40,0.00,0,10.0,Starter,annual,11,0,0,1.0,0.767,4.33,23,78.4,Healthy
CUS-00763,Onyx Cross Solutions,SMB,Software & Technology,North America,United States,Marketplace,C. Moreau,2025-05-01,2025-05-01,2025-06-01,2,0,2025-07-01,Low adoption,voluntary,220.28,0.0,220.28,440.56,440.56,0.00,0,2.5,Starter,monthly,9,0,0,1.0,0.667,4.39,1,65.8,Watch
CUS-00789,Meridian Cove Systems,SMB,Healthcare,EMEA,United Kingdom,Inbound,F. Whitfield,2025-06-01,2025-06-01,2026-08-01,15,1,,,,878.85,962.55,962.55,13433.85,13433.85,0.00,0,2.1,Growth,monthly,23,1,0,1.095,0.645,4.06,29,64.9,Watch
CUS-00794,Sable Forge Industries,SMB,Healthcare,EMEA,France,Self-Serve,,2025-06-01,2025-06-01,2025-12-01,7,0,2026-01-01,Low adoption,voluntary,162.4,0.0,162.4,1136.8,1136.80,0.00,0,1.9,Starter,monthly,7,0,0,1.0,0.429,3.98,9,45.4,At Risk
CUS-00796,Ironwood River Financial,SMB,Software & Technology,North America,United States,Inbound,A. Okafor,2025-06-01,2025-06-01,2026-08-01,15,1,,,,1057.32,1057.32,1057.32,15859.8,15859.80,0.00,0,1.5,Growth,monthly,24,0,0,1.0,0.786,4.26,21,86.8,Healthy
CUS-00817,Sable Peak Industries,Mid-Market,Financial Services,EMEA,Sweden,Outbound,L. Duarte,2025-07-01,2025-07-01,2026-08-01,14,1,,,,13499.85,23142.6,23142.6,264211.35,264211.35,0.00,0,1.5,Scale,monthly,312,2,0,1.714,0.838,4.13,33,71.7,Healthy
CUS-00818,Tidal Vale Logistics,SMB,Software & Technology,North America,United States,Self-Serve,,2025-07-01,2025-07-01,2025-07-01,1,0,2025-08-01,Poor support experience,voluntary,71.1,0.0,71.1,71.1,71.10,0.00,0,0.0,Starter,monthly,3,0,0,1.0,0.667,4.03,1,62.0,Watch
CUS-00846,Crestline River Networks,SMB,Software & Technology,North America,United States,Marketplace,J. Petersen,2025-08-01,2025-08-01,2025-09-01,2,0,2025-10-01,Missing functionality,voluntary,720.0,0.0,720.0,1440.0,1440.00,0.00,0,1.0,Growth,monthly,16,0,0,1.0,0.75,4.29,6,67.4,Watch
CUS-00863,Falcon Watch Analytics,SMB,Professional Services,APAC,Japan,Self-Serve,,2025-08-01,2025-08-01,2025-10-01,3,0,2025-11-01,Missing functionality,voluntary,463.82,0.0,463.82,1391.46,1391.46,0.00,0,3.3,Growth,monthly,11,0,0,1.0,0.636,3.84,10,57.7,Watch
CUS-00866,Vertex Court Retail,Mid-Market,Financial Services,North America,United States,Inbound,D. Ferreira,2025-08-01,2025-08-01,2026-03-01,8,0,2026-04-01,Payment failure,involuntary,3611.25,0.0,3611.25,28890.0,25278.75,3611.25,1,1.7,Scale,monthly,50,0,0,1.0,0.655,3.92,14,63.3,Watch
CUS-00873,Harbor Cove Financial,SMB,Logistics & Transport,North America,United States,Inbound,H. Kowalski,2025-08-01,2025-08-01,2026-08-01,13,1,,,,602.1,642.24,642.24,7907.58,14932.08,0.00,0,5.0,Growth,annual,16,1,0,1.067,0.893,4.7,23,89.4,Healthy
CUS-00887,Sable Point Industries,SMB,Software & Technology,APAC,Japan,Self-Serve,,2025-09-01,2025-09-01,2026-08-01,12,1,,,,938.52,938.52,938.52,11262.24,11262.24,0.00,0,6.0,Growth,annual,24,0,0,1.0,0.649,4.1,18,66.6,Watch
CUS-00920,Pioneer Arbor Solutions,Enterprise,Retail & E-commerce,APAC,Japan,Outbound,I. Castellanos,2025-09-01,2025-09-01,2026-08-01,12,1,,,,4259.55,5134.8,5134.8,55490.85,51114.60,0.00,0,12.0,Scale,annual,88,1,0,1.205,0.656,3.72,30,68.1,Watch
CUS-00935,Granite Cove Group,Mid-Market,Software & Technology,APAC,Australia,Inbound,F. Whitfield,2025-10-01,2025-10-01,2025-10-01,1,0,2025-11-01,Price / budget cuts,voluntary,1395.36,0.0,1395.36,1395.36,1395.36,0.00,0,3.0,Growth,monthly,32,0,0,1.0,0.688,3.93,3,62.5,Watch
CUS-00957,Onyx Stone Logistics,Mid-Market,Education,North America,United States,Outbound,K. Rahman,2025-10-01,2025-10-01,2026-08-01,11,1,,,,3717.0,4914.0,4914.0,46872.0,44604.00,0.00,0,3.0,Scale,annual,78,1,0,1.322,0.598,3.56,33,52.8,At Risk
CUS-00992,Falcon Arbor Technologies,Enterprise,Healthcare,North America,United States,Outbound,F. Whitfield,2025-11-01,2025-11-01,2026-08-01,10,1,,,,20891.64,24227.28,24227.28,225594.6,250699.68,0.00,0,24.0,Enterprise,annual,276,1,0,1.16,0.778,4.15,18,73.6,Healthy
CUS-01024,Halcyon Cross Health,SMB,Healthcare,APAC,Japan,Marketplace,K. Rahman,2025-12-01,2025-12-01,2026-08-01,9,1,,,,1238.76,1238.76,1238.76,11148.84,14865.12,0.00,0,10.0,Growth,annual,31,0,0,1.0,0.81,4.27,14,78.0,Healthy
CUS-01039,Basalt River Labs,Mid-Market,Software & Technology,North America,United States,Outbound,G. Almeida,2025-12-01,2025-12-01,2026-08-01,9,1,,,,566.37,202.28,566.37,3276.88,3276.88,0.00,0,2.4,Starter,monthly,9,0,1,0.357,0.451,3.87,14,39.1,Critical
CUS-01049,Zephyr Stone Retail,Mid-Market,Financial Services,APAC,Japan,Outbound,B. Lindqvist,2025-12-01,2025-12-01,2025-12-01,1,0,2026-01-01,Price / budget cuts,voluntary,963.27,0.0,963.27,963.27,963.27,0.00,0,2.0,Growth,monthly,22,0,0,1.0,0.5,3.89,2,51.5,At Risk
CUS-01076,Sable Forge Logistics,SMB,Logistics & Transport,North America,United States,Self-Serve,,2025-12-01,2025-12-01,2026-01-01,2,0,2026-02-01,Switched to competitor,voluntary,1529.33,0.0,1922.58,3451.91,3451.91,0.00,0,1.5,Growth,monthly,44,1,0,1.257,0.644,3.88,4,58.3,Watch
CUS-01083,Corvus Vale Media,Mid-Market,Financial Services,EMEA,Germany,Marketplace,I. Castellanos,2026-01-01,2026-01-01,2026-08-01,8,1,,,,7869.0,9997.5,9997.5,68950.5,94428.00,0.00,0,21.0,Scale,annual,155,2,0,1.27,0.669,4.32,16,75.7,Healthy
CUS-01084,Halcyon Cove Health,SMB,Professional Services,North America,United States,Marketplace,L. Duarte,2026-01-01,2026-01-01,2026-08-01,8,1,,,,642.6,642.6,642.6,5140.8,5140.80,0.00,0,1.8,Growth,monthly,15,0,0,1.0,0.7,4.25,3,64.9,Watch
CUS-01099,Basalt Stone Retail,SMB,Financial Services,LATAM,Brazil,Partner,F. Whitfield,2026-01-01,2026-01-01,2026-08-01,8,1,,,,1751.22,782.46,1751.22,9016.92,21014.64,0.00,0,16.0,Growth,annual,21,0,2,0.447,0.635,3.62,21,59.2,Watch
CUS-01103,Cobalt Court Systems,SMB,Healthcare,EMEA,United Kingdom,Marketplace,A. Okafor,2026-01-01,2026-01-01,2026-08-01,8,1,,,,219.6,170.8,219.6,1561.6,1561.60,0.00,0,1.4,Starter,monthly,7,0,1,0.778,0.764,4.56,12,71.8,Healthy
CUS-01105,Juniper Watch Networks,Enterprise,Retail & E-commerce,APAC,Japan,Outbound,G. Almeida,2026-01-01,2026-01-01,2026-08-01,8,1,,,,23109.57,29370.33,29370.33,205500.24,277314.84,0.00,0,15.0,Enterprise,annual,319,2,0,1.271,0.785,4.39,16,75.9,Healthy
CUS-01133,Pioneer Vale Industries,SMB,Education,APAC,India,Inbound,G. Almeida,2026-01-01,2026-01-01,2026-01-01,1,0,2026-02-01,Payment failure,involuntary,48.7,0.0,48.7,48.7,0.00,48.70,1,0.0,Starter,monthly,2,0,0,1.0,0.5,4.26,2,56.7,Watch
CUS-01136,Quartz Arbor Technologies,SMB,Software & Technology,EMEA,Netherlands,Inbound,A. Okafor,2026-02-01,2026-02-01,2026-02-01,1,0,2026-03-01,Price / budget cuts,voluntary,95.4,0.0,95.4,95.4,95.40,0.00,0,6.0,Starter,monthly,4,0,0,1.0,0.75,4.4,2,66.4,Watch
CUS-01142,Basalt Arbor Logistics,SMB,Software & Technology,EMEA,France,Self-Serve,,2026-02-01,2026-02-01,2026-08-01,7,1,,,,562.95,562.95,562.95,3940.65,6755.40,0.00,0,8.0,Growth,annual,15,0,0,1.0,0.695,4.08,19,69.4,Watch
CUS-01143,Lumen Vale Industries,Mid-Market,Manufacturing,APAC,Japan,Partner,K. Rahman,2026-02-01,2026-02-01,2026-08-01,7,1,,,,7742.25,5161.5,7742.25,49034.25,49034.25,0.00,0,1.1,Scale,monthly,74,0,1,0.667,0.663,4.11,11,60.6,Watch
CUS-01144,Vertex Court Solutions,SMB,Software & Technology,EMEA,Germany,Inbound,C. Moreau,2026-02-01,2026-02-01,2026-08-01,7,1,,,,85.4,64.05,85.4,533.75,1024.80,0.00,0,5.0,Starter,annual,3,0,1,0.75,0.571,3.65,14,58.2,Watch
CUS-01173,Tidal Vale Labs,Mid-Market,Healthcare,North America,Canada,Partner,A. Okafor,2026-02-01,2026-02-01,2026-08-01,7,1,,,,3895.5,3895.5,3895.5,27268.5,27268.50,0.00,0,1.1,Scale,monthly,53,0,0,1.0,0.528,4.11,13,53.2,At Risk
CUS-01177,Sable Court Media,SMB,Financial Services,EMEA,Germany,Self-Serve,,2026-02-01,2026-02-01,2026-08-01,7,1,,,,823.5,576.45,823.5,4529.25,9882.00,0.00,0,5.0,Growth,annual,14,0,1,0.7,0.741,4.17,10,71.2,Healthy
CUS-01200,Beacon Gate Solutions,Mid-Market,Media & Entertainment,North America,Canada,Outbound,A. Okafor,2026-03-01,2026-03-01,2026-08-01,6,1,,,,1069.2,1069.2,1069.2,6415.2,12830.40,0.00,0,1.0,Growth,annual,27,0,0,1.0,0.586,4.24,10,62.7,Watch
CUS-01237,Lumen Vale Systems,SMB,Education,EMEA,Germany,Self-Serve,,2026-03-01,2026-03-01,2026-04-01,2,0,2026-05-01,Missing functionality,voluntary,288.9,0.0,288.9,577.8,577.80,0.00,0,1.0,Starter,monthly,12,0,0,1.0,0.75,4.09,3,64.7,Watch
CUS-01248,Beacon Harbour Media,SMB,Healthcare,EMEA,France,Inbound,B. Lindqvist,2026-03-01,2026-03-01,2026-08-01,6,1,,,,46.65,69.98,69.98,373.22,373.22,0.00,0,1.5,Starter,monthly,3,1,0,1.5,0.611,4.03,13,64.3,Watch
CUS-01256,Ironwood River Solutions,SMB,Media & Entertainment,APAC,Australia,Partner,A. Okafor,2026-03-01,2026-03-01,2026-06-01,4,0,2026-07-01,Poor support experience,voluntary,626.4,0.0,626.4,2505.6,2505.60,0.00,0,1.3,Growth,monthly,15,0,0,1.0,0.583,4.41,3,58.3,Watch
CUS-01317,Sable Peak Energy,Enterprise,Retail & E-commerce,North America,Canada,Inbound,G. Almeida,2026-05-01,2026-05-01,2026-08-01,4,1,,,,16674.9,16674.9,16674.9,66699.6,200098.80,0.00,0,3.0,Enterprise,annual,186,0,0,1.0,0.742,4.36,4,73.8,Healthy
CUS-01322,Northwind Harbour Retail,Enterprise,Software & Technology,North America,United States,Outbound,A. Okafor,2026-05-01,2026-05-01,2026-08-01,4,1,,,,71098.5,71098.5,71098.5,284394.0,853182.00,0.00,0,20.0,Enterprise,annual,775,0,0,1.0,0.663,4.02,4,62.2,Watch
CUS-01327,Bluefin Arbor Energy,Mid-Market,Logistics & Transport,APAC,India,Outbound,J. Petersen,2026-05-01,2026-05-01,2026-08-01,4,1,,,,967.23,967.23,967.23,3868.92,3868.92,0.00,0,0.5,Growth,monthly,22,0,0,1.0,0.705,4.28,3,65.8,Watch
CUS-01367,Basalt Cove Media,Mid-Market,Manufacturing,North America,Canada,Marketplace,B. Lindqvist,2026-06-01,2026-06-01,2026-08-01,3,1,,,,6823.58,6823.58,6823.58,20470.74,20470.74,0.00,0,1.3,Scale,monthly,99,0,0,1.0,0.751,4.34,5,72.3,Healthy
CUS-01375,Juniper Stone Media,Mid-Market,Manufacturing,LATAM,Mexico,Inbound,E. Nakamura,2026-06-01,2026-06-01,2026-08-01,3,1,,,,3725.85,2778.6,3725.85,10230.3,44710.20,0.00,0,4.0,Scale,annual,44,0,1,0.746,0.515,4.16,5,54.8,At Risk
CUS-01377,Ironwood Cross Partners,SMB,Professional Services,APAC,Japan,Inbound,L. Duarte,2026-06-01,2026-06-01,2026-08-01,3,1,,,,71.1,71.1,71.1,213.3,213.30,0.00,0,1.0,Starter,monthly,3,0,0,1.0,0.667,3.52,13,53.8,At Risk
CUS-01384,Harbor Point Health,SMB,Software & Technology,EMEA,Germany,Partner,B. Lindqvist,2026-06-01,2026-06-01,2026-08-01,3,1,,,,553.41,553.41,553.41,1660.23,1660.23,0.00,0,1.7,Growth,monthly,13,0,0,1.0,0.769,4.19,6,67.3,Watch
CUS-01392,Summit Cross Energy,SMB,Financial Services,North America,United States,Self-Serve,,2026-06-01,2026-06-01,2026-08-01,3,1,,,,230.75,230.75,230.75,692.25,2769.00,0.00,0,3.0,Starter,annual,10,0,0,1.0,0.533,3.74,3,50.4,At Risk
CUS-01396,Basalt Stone Logistics,SMB,Retail & E-commerce,North America,United States,Marketplace,C. Moreau,2026-06-01,2026-06-01,2026-08-01,3,1,,,,720.0,810.0,810.0,2250.0,2250.00,0.00,0,1.3,Growth,monthly,18,1,0,1.125,0.78,4.5,3,75.0,Healthy
CUS-01403,Zephyr Peak Analytics,SMB,Software & Technology,North America,Canada,Self-Serve,,2026-06-01,2026-06-01,2026-08-01,3,1,,,,118.13,118.13,118.13,354.39,354.36,0.00,0,1.7,Starter,monthly,5,0,0,1.0,0.667,4.25,4,69.9,Watch
CUS-01405,Bluefin Harbour Industries,Mid-Market,Healthcare,North America,United States,Marketplace,E. Nakamura,2026-06-01,2026-06-01,2026-08-01,3,1,,,,830.66,1147.1,1147.1,3124.86,9967.80,0.00,0,14.0,Growth,annual,29,1,0,1.381,0.625,3.56,3,61.1,Watch
CUS-01424,Halcyon Court Technologies,SMB,Manufacturing,North America,United States,Self-Serve,,2026-07-01,2026-07-01,2026-08-01,2,1,,,,217.58,217.58,217.58,435.16,435.14,0.00,0,2.0,Starter,monthly,9,0,0,1.0,0.667,4.48,3,66.2,Watch
CUS-01428,Pioneer Peak Energy,SMB,Retail & E-commerce,North America,United States,Inbound,F. Whitfield,2026-07-01,2026-07-01,2026-08-01,2,1,,,,255.2,255.2,255.2,510.4,510.40,0.00,0,2.0,Starter,monthly,11,0,0,1.0,0.636,4.44,5,64.6,Watch
CUS-01484,Beacon Arbor Industries,SMB,Software & Technology,North America,United States,Marketplace,B. Lindqvist,2026-08-01,2026-08-01,2026-08-01,1,1,,,,170.8,170.8,170.8,170.8,170.80,0.00,0,3.0,Starter,monthly,7,0,0,1.0,0.571,3.59,2,53.9,At Risk
CUS-01487,Pioneer Cove Systems,SMB,Software & Technology,North America,United States,Self-Serve,,2026-08-01,2026-08-01,2026-08-01,1,1,,,,1620.0,1620.0,1620.0,1620.0,1620.00,0.00,0,2.0,Growth,monthly,36,0,0,1.0,0.722,3.25,6,52.6,At Risk
CUS-01488,Beacon Peak Financial,SMB,Education,APAC,Singapore,Self-Serve,,2026-08-01,2026-08-01,2026-08-01,1,1,,,,149.85,149.85,149.85,149.85,149.85,0.00,0,1.0,Starter,monthly,6,0,0,1.0,0.5,3.83,1,55.8,Watch
CUS-01493,Granite Harbour Solutions,SMB,Software & Technology,North America,Canada,Inbound,F. Whitfield,2026-08-01,2026-08-01,2026-08-01,1,1,,,,181.8,181.8,181.8,181.8,2181.60,0.00,0,20.0,Starter,annual,8,0,0,1.0,0.625,3.99,1,57.2,Watch
CUS-01516,Pioneer Harbour Solutions,SMB,Software & Technology,EMEA,France,Marketplace,E. Nakamura,2026-08-01,2026-08-01,2026-08-01,1,1,,,,753.53,753.53,753.53,753.53,753.52,0.00,0,0.0,Growth,monthly,17,0,0,1.0,0.647,3.99,0,62.6,Watch
CUS-00016,Nimbus Forge Solutions,SMB,Healthcare,APAC,India,Inbound,H. Kowalski,2023-02-01,2023-02-01,2023-05-01,4,0,2023-06-01,Missing functionality,voluntary,72.15,0.0,72.15,288.6,288.60,0.00,0,3.0,Starter,monthly,3,0,0,1.0,0.667,4.16,6,63.6,Watch
CUS-00039,Beacon Stone Health,SMB,Software & Technology,North America,Canada,Self-Serve,,2023-03-01,2023-03-01,2023-10-01,8,0,2023-11-01,Payment failure,involuntary,117.5,0.0,141.0,869.5,775.50,94.00,1,2.1,Starter,monthly,4,2,1,0.8,0.679,4.33,10,73.3,Healthy
CUS-00129,Tidal Harbour Technologies,Enterprise,Software & Technology,EMEA,Sweden,Outbound,C. Moreau,2023-08-01,2023-08-01,2026-08-01,37,1,,,,6502.28,45727.11,45727.11,818556.83,1141955.04,0.00,0,11.3,Enterprise,annual,561,9,1,7.032,0.62,4.11,76,59.2,Watch
CUS-00140,Bluefin Cross Group,Enterprise,Financial Services,North America,United States,Partner,J. Petersen,2023-09-01,2023-09-01,2023-09-01,1,0,2023-10-01,Payment failure,involuntary,2768.7,0.0,2768.7,2768.7,0.00,33224.40,1,0.0,Scale,annual,44,0,0,1.0,0.659,4.19,1,65.6,Watch
CUS-00160,Quartz Peak Analytics,Mid-Market,Media & Entertainment,North America,United States,Inbound,K. Rahman,2023-10-01,2023-10-01,2024-09-01,12,0,2024-10-01,Price / budget cuts,voluntary,380.7,0.0,380.7,4568.4,4568.40,0.00,0,14.0,Growth,annual,10,0,0,1.0,0.433,3.46,36,35.8,Critical
CUS-00193,Nimbus Peak Group,SMB,Software & Technology,APAC,Australia,Self-Serve,,2023-11-01,2023-11-01,2025-02-01,16,0,2025-03-01,Low adoption,voluntary,70.43,0.0,140.85,1619.82,1619.82,0.00,0,1.1,Starter,monthly,6,3,1,2.0,0.451,4.48,17,47.8,At Risk
CUS-00243,Lyra Stone Technologies,Mid-Market,Logistics & Transport,North America,United States,Inbound,H. Kowalski,2024-01-01,2024-01-01,2026-08-01,32,1,,,,540.0,1584.0,1584.0,34488.0,37152.00,0.00,0,7.3,Growth,annual,44,5,0,2.933,0.238,3.81,52,35.4,Critical
CUS-00282,Solstice Cove Labs,Mid-Market,Software & Technology,EMEA,Sweden,Marketplace,J. Petersen,2024-02-01,2024-02-01,2026-08-01,31,1,,,,1938.42,5139.75,6755.1,137334.17,137334.11,0.00,0,1.7,Scale,monthly,70,5,3,2.652,0.576,3.6,72,57.5,Watch
CUS-00300,Harbor Field Technologies,SMB,Retail & E-commerce,North America,United States,Self-Serve,,2024-03-01,2024-03-01,2024-08-01,6,0,2024-09-01,Payment failure,involuntary,200.0,0.0,200.0,1200.0,1000.00,200.00,1,3.0,Starter,monthly,8,0,0,1.0,0.708,4.7,7,74.0,Healthy
CUS-00313,Summit Harbour Partners,Enterprise,Education,EMEA,France,Inbound,E. Nakamura,2024-04-01,2024-04-01,2026-08-01,29,1,,,,38723.52,29042.64,51291.68,1051054.84,1315580.64,0.00,0,9.3,Enterprise,annual,342,2,2,0.75,0.504,4.13,55,69.3,Watch
CUS-00317,Zephyr Arbor Industries,SMB,Software & Technology,North America,United States,Marketplace,L. Duarte,2024-04-01,2024-04-01,2025-05-01,14,0,2025-06-01,Missing functionality,voluntary,75.0,0.0,75.0,750.0,750.00,0.00,0,2.2,Starter,monthly,2,1,2,0.667,0.524,3.75,33,56.7,Watch
CUS-00338,Bluefin Cove Technologies,SMB,Media & Entertainment,North America,United States,Marketplace,E. Nakamura,2024-04-01,2024-04-01,2024-09-01,6,0,2024-10-01,Price / budget cuts,voluntary,142.2,0.0,142.2,758.4,758.40,0.00,0,1.5,Starter,monthly,5,0,1,0.833,0.461,3.8,16,50.2,At Risk
CUS-00341,Beacon River Solutions,Enterprise,Healthcare,North America,United States,Outbound,J. Petersen,2024-04-01,2024-04-01,2026-08-01,29,1,,,,22042.02,24544.96,39643.34,865532.8,993102.00,0.00,0,3.7,Enterprise,annual,304,4,2,1.114,0.183,3.64,59,36.6,Critical
CUS-00359,Tidal Gate Group,Enterprise,Manufacturing,APAC,Japan,Partner,D. Ferreira,2024-05-01,2024-05-01,2026-02-01,22,0,2026-03-01,Company acquired or closed,voluntary,5248.13,0.0,6997.5,128544.18,128544.06,0.00,0,1.5,Scale,monthly,100,2,0,1.333,0.726,4.16,47,74.0,Healthy
CUS-00385,Quartz Watch Partners,SMB,Healthcare,EMEA,Germany,Inbound,D. Ferreira,2024-06-01,2024-06-01,2024-06-01,1,0,2024-07-01,Switched to competitor,voluntary,257.68,0.0,257.68,257.68,257.68,0.00,0,1.0,Starter,monthly,11,0,0,1.0,0.818,4.33,5,65.6,Watch
CUS-00391,Beacon Stone Logistics,SMB,Professional Services,EMEA,Netherlands,Self-Serve,,2024-06-01,2024-06-01,2024-06-01,1,0,2024-07-01,Switched to competitor,voluntary,300.0,0.0,300.0,300.0,300.00,0.00,0,1.0,Starter,monthly,12,0,0,1.0,0.583,4.2,2,55.3,Watch
CUS-00405,Cobalt Vale Group,SMB,Software & Technology,APAC,Australia,Inbound,D. Ferreira,2024-07-01,2024-07-01,2024-10-01,4,0,2024-11-01,Price / budget cuts,voluntary,1305.0,0.0,1305.0,5220.0,5220.00,0.00,0,1.3,Growth,monthly,29,0,0,1.0,0.655,3.9,11,64.8,Watch
CUS-00431,Harbor River Technologies,SMB,Software & Technology,North America,United States,Inbound,D. Ferreira,2024-08-01,2024-08-01,2026-08-01,25,1,,,,233.2,381.6,445.2,9052.4,12720.00,0.00,0,6.3,Starter,annual,18,3,1,1.636,0.858,4.74,31,93.5,Healthy
CUS-00432,Halcyon Forge Media,SMB,Healthcare,North America,United States,Self-Serve,,2024-08-01,2024-08-01,2024-09-01,2,0,2024-10-01,Payment failure,involuntary,1244.7,0.0,1244.7,2489.4,1244.70,1244.70,1,0.0,Growth,monthly,30,0,0,1.0,0.65,4.14,3,62.3,Watch
CUS-00435,Lumen Bridge Logistics,Mid-Market,Software & Technology,EMEA,France,Inbound,F. Whitfield,2024-08-01,2024-08-01,2026-08-01,25,1,,,,690.03,852.39,852.39,20173.23,20173.23,0.00,0,1.2,Growth,monthly,21,1,0,1.235,0.2,3.51,54,33.4,Critical
CUS-00459,Granite Point Analytics,SMB,Software & Technology,North America,United States,Self-Serve,,2024-09-01,2024-09-01,2026-08-01,24,1,,,,75.0,200.0,200.0,2900.0,2900.00,0.00,0,1.6,Starter,monthly,8,4,0,2.667,0.836,4.23,48,83.7,Healthy
CUS-00472,Falcon River Retail,SMB,Professional Services,EMEA,Sweden,Self-Serve,,2024-09-01,2024-09-01,2024-09-01,1,0,2024-10-01,Price / budget cuts,voluntary,165.2,0.0,165.2,165.2,165.20,0.00,0,3.0,Starter,monthly,7,0,0,1.0,0.714,4.58,0,68.9,Watch
CUS-00482,Lyra Point Logistics,Mid-Market,Manufacturing,North America,United States,Partner,H. Kowalski,2024-09-01,2024-09-01,2026-08-01,24,1,,,,781.11,2023.79,2414.34,41647.4,28119.96,0.00,0,19.0,Growth,annual,57,5,1,2.591,0.778,4.06,49,85.8,Healthy
CUS-00490,Orchid Harbour Media,SMB,Media & Entertainment,EMEA,United Kingdom,Inbound,I. Castellanos,2024-10-01,2024-10-01,2024-10-01,1,0,2024-11-01,Payment failure,involuntary,720.0,0.0,720.0,720.0,0.00,720.00,1,0.0,Growth,monthly,16,0,0,1.0,0.625,4.36,0,63.6,Watch
CUS-00524,Quartz Forge Labs,SMB,Retail & E-commerce,EMEA,France,Inbound,C. Moreau,2024-11-01,2024-11-01,2026-03-01,17,0,2026-04-01,Payment failure,involuntary,125.0,0.0,175.0,2475.0,2375.00,100.00,1,1.9,Starter,monthly,4,1,1,0.8,0.719,4.39,33,76.4,Healthy
CUS-00527,Vertex Arbor Partners,SMB,Software & Technology,EMEA,France,Partner,K. Rahman,2024-11-01,2024-11-01,2024-11-01,1,0,2024-12-01,Payment failure,involuntary,1975.41,0.0,1975.41,1975.41,0.00,1975.41,1,0.0,Growth,monthly,47,0,0,1.0,0.617,4.13,0,61.3,Watch
CUS-00533,Beacon Peak Energy,SMB,Software & Technology,North America,United States,Inbound,B. Lindqvist,2024-11-01,2024-11-01,2024-11-01,1,0,2024-12-01,Price / budget cuts,voluntary,1350.0,0.0,1350.0,1350.0,1350.00,0.00,0,2.0,Growth,monthly,30,0,0,1.0,0.633,3.69,0,59.5,Watch
CUS-00540,Sable Forge Analytics,SMB,Software & Technology,LATAM,Brazil,Inbound,J. Petersen,2024-11-01,2024-11-01,2026-08-01,22,1,,,,120.75,120.75,120.75,2366.7,2366.70,0.00,0,2.1,Starter,monthly,5,1,1,1.0,0.564,4.25,40,62.1,Watch
CUS-00543,Quartz Harbour Industries,Enterprise,Retail & E-commerce,EMEA,Germany,Outbound,H. Kowalski,2024-12-01,2024-12-01,2026-08-01,21,1,,,,39829.02,37179.45,55811.91,991708.41,1147691.16,0.00,0,2.5,Enterprise,annual,435,2,1,0.933,0.596,3.98,36,64.0,Watch
CUS-00553,Lumen Court Financial,Mid-Market,Healthcare,North America,Canada,Inbound,A. Okafor,2024-12-01,2024-12-01,2026-08-01,21,1,,,,436.59,635.04,833.49,13415.22,12859.56,0.00,0,9.5,Growth,annual,16,3,1,1.455,0.393,3.54,45,57.3,Watch
CUS-00566,Sable Cross Networks,SMB,Healthcare,LATAM,Brazil,Inbound,L. Duarte,2024-12-01,2024-12-01,2026-08-01,21,1,,,,150.0,250.0,250.0,4050.0,4050.00,0.00,0,2.1,Starter,monthly,10,2,0,1.667,0.746,4.62,24,72.4,Healthy
CUS-00568,Ironwood Cove Networks,SMB,Retail & E-commerce,EMEA,Germany,Partner,D. Ferreira,2024-12-01,2024-12-01,2026-08-01,21,1,,,,324.68,324.68,324.68,6818.28,6818.28,0.00,0,2.1,Starter,monthly,13,0,0,1.0,0.813,4.47,38,86.4,Healthy
CUS-00596,Quartz Point Financial,Mid-Market,Software & Technology,North America,United States,Outbound,L. Duarte,2025-01-01,2025-01-01,2026-08-01,20,1,,,,2847.6,5424.0,5424.0,93970.8,93970.80,0.00,0,1.4,Scale,monthly,80,3,0,1.905,0.395,4.15,28,40.2,At Risk
CUS-00615,Onyx River Solutions,SMB,Software & Technology,EMEA,France,Self-Serve,,2025-01-01,2025-01-01,2026-08-01,20,1,,,,604.8,864.0,864.0,14558.4,14558.40,0.00,0,1.4,Growth,monthly,20,2,0,1.429,0.487,4.28,17,58.3,Watch
CUS-00638,Pioneer Vale Energy,Mid-Market,Software & Technology,EMEA,Germany,Inbound,D. Ferreira,2025-02-01,2025-02-01,2026-08-01,19,1,,,,756.9,681.21,946.13,14683.87,18165.60,0.00,0,7.5,Growth,annual,18,1,1,0.9,0.865,4.64,34,85.6,Healthy
CUS-00646,Bluefin Forge Technologies,SMB,Media & Entertainment,North America,Canada,Self-Serve,,2025-02-01,2025-02-01,2026-08-01,19,1,,,,424.8,259.6,424.8,5262.8,5262.80,0.00,0,1.4,Starter,monthly,11,2,1,0.611,0.698,4.28,38,71.3,Healthy
CUS-00673,Nimbus Point Partners,SMB,Retail & E-commerce,APAC,Australia,Inbound,E. Nakamura,2025-03-01,2025-03-01,2025-12-01,3,0,2026-01-01,Payment failure,involuntary,50.0,0.0,50.0,150.0,100.00,50.00,1,2.5,Starter,monthly,2,0,0,1.0,0.833,4.42,5,80.4,Healthy
CUS-00679,Solstice Cove Analytics,SMB,Manufacturing,North America,United States,Inbound,K. Rahman,2025-03-01,2025-03-01,2026-08-01,18,1,,,,1154.25,1026.0,1154.25,15518.25,15518.25,0.00,0,2.3,Growth,monthly,24,1,1,0.889,0.406,4.06,36,31.4,Critical
CUS-00698,Meridian Arbor Energy,Enterprise,Software & Technology,North America,United States,Outbound,B. Lindqvist,2025-03-01,2025-03-01,2026-02-01,12,0,2026-03-01,Poor support experience,voluntary,11428.5,0.0,11428.5,137142.0,137142.00,0.00,0,6.0,Scale,annual,190,0,0,1.0,0.436,3.97,18,48.3,At Risk
CUS-00699,Halcyon Peak Financial,SMB,Logistics & Transport,APAC,India,Inbound,H. Kowalski,2025-03-01,2025-03-01,2026-08-01,18,1,,,,536.76,223.65,670.95,5099.22,5099.22,0.00,0,1.2,Starter,monthly,9,1,1,0.417,0.682,4.31,26,82.9,Healthy
CUS-00710,Ridge Vale Industries,SMB,Healthcare,EMEA,United Kingdom,Marketplace,K. Rahman,2025-04-01,2025-04-01,2026-08-01,17,1,,,,1719.9,1719.9,1719.9,29238.3,29238.30,0.00,0,2.4,Growth,monthly,39,0,0,1.0,0.661,4.58,21,61.2,Watch
CUS-00719,Lumen Stone Group,SMB,Professional Services,North America,United States,Self-Serve,,2025-04-01,2025-04-01,2025-09-01,6,0,2025-10-01,Price / budget cuts,voluntary,458.37,0.0,458.37,2750.22,5500.44,0.00,0,3.0,Growth,annual,11,0,0,1.0,0.591,3.98,10,60.2,Watch
CUS-00720,Halcyon Cross Partners,SMB,Financial Services,North America,United States,Inbound,L. Duarte,2025-04-01,2025-04-01,2025-06-01,3,0,2025-07-01,Company acquired or closed,voluntary,1845.0,0.0,1845.0,5535.0,5535.00,0.00,0,2.0,Growth,monthly,41,0,0,1.0,0.642,3.71,6,52.0,At Risk
CUS-00729,Ironwood Arbor Retail,SMB,Financial Services,EMEA,Germany,Inbound,A. Okafor,2025-04-01,2025-04-01,2026-08-01,17,1,,,,580.32,758.88,758.88,12142.08,12142.08,0.00,0,2.0,Growth,monthly,17,2,0,1.308,0.744,4.27,28,77.1,Healthy
CUS-00739,Harbor Field Financial,SMB,Healthcare,North America,United States,Marketplace,J. Petersen,2025-05-01,2025-05-01,2026-08-01,11,1,2025-08-01,Missing functionality,voluntary,99.7,49.85,99.7,897.3,897.30,0.00,0,2.1,Starter,monthly,2,0,1,0.5,0.591,4.28,15,61.9,Watch
CUS-00744,Sable Court Labs,SMB,Healthcare,APAC,Singapore,Self-Serve,,2025-05-01,2025-05-01,2026-08-01,16,1,,,,75.0,75.0,75.0,1050.0,1050.00,0.00,0,1.0,Starter,monthly,3,1,1,1.0,0.479,3.83,38,55.2,Watch
CUS-00746,Summit Harbour Group,SMB,Software & Technology,APAC,Australia,Self-Serve,,2025-05-01,2025-05-01,2026-08-01,16,1,,,,150.0,150.0,150.0,2400.0,2400.00,0.00,0,2.0,Starter,monthly,6,0,0,1.0,0.604,4.1,28,72.5,Healthy
CUS-00760,Tidal Stone Energy,SMB,Logistics & Transport,North America,United States,Marketplace,J. Petersen,2025-05-01,2025-05-01,2025-09-01,5,0,2025-10-01,Price / budget cuts,voluntary,487.08,0.0,487.08,2435.4,2435.40,0.00,0,1.2,Growth,monthly,11,0,0,1.0,0.618,3.9,14,59.9,Watch
CUS-00768,Cobalt Forge Financial,SMB,Financial Services,EMEA,Sweden,Marketplace,D. Ferreira,2025-05-01,2025-05-01,2026-02-01,10,0,2026-03-01,Price / budget cuts,voluntary,50.0,0.0,50.0,500.0,500.00,0.00,0,1.6,Starter,monthly,2,0,0,1.0,0.5,4.13,11,54.4,At Risk
CUS-00771,Lyra Harbour Systems,SMB,Software & Technology,EMEA,Netherlands,Inbound,L. Duarte,2025-05-01,2025-05-01,2026-08-01,16,1,,,,92.7,92.7,115.88,1552.75,1552.75,0.00,0,1.3,Starter,monthly,4,2,1,1.0,0.707,3.96,24,68.1,Watch
CUS-00812,Vertex Field Media,Mid-Market,Software & Technology,North America,United States,Partner,C. Moreau,2025-06-01,2025-06-01,2025-07-01,2,0,2025-08-01,Low adoption,voluntary,9017.4,0.0,9017.4,14034.6,14034.60,0.00,0,2.5,Scale,monthly,74,0,1,0.556,0.566,3.75,3,53.2,At Risk
CUS-00816,Beacon Bridge Partners,SMB,Media & Entertainment,APAC,Japan,Self-Serve,,2025-07-01,2025-07-01,2025-07-01,1,0,2025-08-01,Price / budget cuts,voluntary,765.0,0.0,765.0,765.0,765.00,0.00,0,2.0,Growth,monthly,17,0,0,1.0,0.529,3.74,2,50.3,At Risk
CUS-00840,Northwind Field Media,Enterprise,Financial Services,North America,United States,Outbound,L. Duarte,2025-07-01,2025-07-01,2026-08-01,14,1,,,,5805.45,4129.65,5805.45,64697.85,119221.20,0.00,0,3.0,Scale,annual,69,1,1,0.711,0.244,3.69,29,32.5,Critical
CUS-00841,Corvus Arbor Networks,Mid-Market,Software & Technology,APAC,Australia,Inbound,A. Okafor,2025-07-01,2025-07-01,2026-08-01,14,1,,,,6813.23,8150.4,8150.4,98059.56,179563.44,0.00,0,16.0,Scale,annual,128,1,0,1.196,0.429,3.82,25,41.4,At Risk
CUS-00845,Beacon Field Technologies,Enterprise,Software & Technology,APAC,Japan,Outbound,C. Moreau,2025-07-01,2025-07-01,2025-09-01,3,0,2025-10-01,Price / budget cuts,voluntary,16542.68,0.0,16542.68,31260.54,31260.54,0.00,0,1.0,Scale,monthly,107,0,1,0.445,0.731,4.33,4,71.8,Healthy
CUS-00872,Lyra Cove Labs,SMB,Manufacturing,North America,United States,Marketplace,G. Almeida,2025-08-01,2025-08-01,2025-11-01,4,0,2025-12-01,Price / budget cuts,voluntary,1694.61,0.0,1694.61,6778.44,6778.44,0.00,0,1.0,Growth,monthly,38,0,0,1.0,0.737,4.18,7,69.5,Watch
CUS-00883,Nimbus Peak Partners,Enterprise,Logistics & Transport,EMEA,United Kingdom,Partner,C. Moreau,2025-09-01,2025-09-01,2026-08-01,12,1,,,,3652.8,3652.8,3652.8,43833.6,43833.60,0.00,0,14.0,Scale,annual,64,0,0,1.0,0.634,4.23,13,66.3,Watch
CUS-00894,Nimbus Bridge Logistics,Enterprise,Financial Services,EMEA,Netherlands,Outbound,G. Almeida,2025-09-01,2025-09-01,2026-08-01,12,1,,,,78210.0,104247.0,104247.0,1079496.0,1079496.00,0.00,0,1.9,Enterprise,monthly,1053,2,0,1.333,0.653,4.04,18,65.4,Watch
CUS-00897,Lumen Bridge Labs,SMB,Professional Services,North America,United States,Self-Serve,,2025-09-01,2025-09-01,2026-08-01,4,1,2025-11-01,Missing functionality,voluntary,585.0,450.0,585.0,2070.0,2070.00,0.00,0,2.8,Growth,monthly,10,0,0,0.769,0.727,4.57,4,75.4,Healthy
CUS-00929,Sable Bridge Group,Mid-Market,Healthcare,EMEA,France,Outbound,F. Whitfield,2025-10-01,2025-10-01,2026-08-01,11,1,,,,900.72,600.48,900.72,7506.0,10808.64,0.00,0,15.0,Growth,annual,16,0,1,0.667,0.775,4.51,16,72.6,Healthy
CUS-00944,Solstice Point Technologies,SMB,Healthcare,North America,United States,Marketplace,J. Petersen,2025-10-01,2025-10-01,2026-01-01,4,0,2026-02-01,Poor support experience,voluntary,893.7,0.0,893.7,3574.8,3574.80,0.00,0,0.8,Growth,monthly,20,0,0,1.0,0.65,4.34,6,60.3,Watch
CUS-00945,Orchid Forge Solutions,Enterprise,Media & Entertainment,APAC,Australia,Outbound,J. Petersen,2025-10-01,2025-10-01,2026-08-01,11,1,,,,14341.8,8179.5,14341.8,151597.5,172101.60,0.00,0,16.0,Scale,annual,133,0,1,0.57,0.482,3.77,26,49.8,At Risk
CUS-00980,Juniper Field Group,SMB,Professional Services,APAC,Australia,Partner,I. Castellanos,2025-11-01,2025-11-01,2026-08-01,10,1,,,,938.52,682.56,938.52,8361.36,8361.36,0.00,0,1.5,Growth,monthly,16,0,1,0.727,0.849,4.31,19,80.9,Healthy
CUS-01002,Meridian Bridge Partners,Mid-Market,Manufacturing,APAC,Australia,Inbound,D. Ferreira,2025-11-01,2025-11-01,2026-08-01,10,1,,,,996.75,1196.1,1196.1,10565.55,10565.55,0.00,0,2.2,Growth,monthly,30,1,0,1.2,0.617,4.09,18,58.7,Watch
CUS-01021,Nimbus Gate Systems,Mid-Market,Healthcare,APAC,Japan,Marketplace,H. Kowalski,2025-12-01,2025-12-01,2026-08-01,9,1,,,,813.11,1583.42,1583.42,11469.1,11469.05,0.00,0,1.6,Growth,monthly,37,2,0,1.947,0.681,4.37,18,66.3,Watch
CUS-01037,Lumen Arbor Media,Enterprise,Software & Technology,EMEA,United Kingdom,Outbound,B. Lindqvist,2025-12-01,2025-12-01,2026-08-01,9,1,,,,57796.86,46182.18,57796.86,485327.7,693562.32,0.00,0,11.0,Enterprise,annual,501,0,1,0.799,0.761,4.13,22,74.4,Healthy
CUS-01046,Lyra Cross Energy,SMB,Professional Services,North America,United States,Inbound,B. Lindqvist,2025-12-01,2025-12-01,2026-08-01,9,1,,,,1578.42,1578.42,1578.42,14205.78,14205.78,0.00,0,1.1,Growth,monthly,37,0,0,1.0,0.616,4.1,12,57.9,Watch
CUS-01060,Corvus Watch Systems,Enterprise,Financial Services,North America,United States,Outbound,G. Almeida,2025-12-01,2025-12-01,2026-08-01,9,1,,,,50616.72,50616.72,50616.72,455550.48,607400.64,0.00,0,4.0,Enterprise,annual,581,0,0,1.0,0.736,4.0,18,59.2,Watch
CUS-01065,Quartz Vale Labs,Mid-Market,Software & Technology,APAC,India,Inbound,H. Kowalski,2025-12-01,2025-12-01,2026-08-01,9,1,,,,364.05,364.05,364.05,3276.45,4368.60,0.00,0,5.0,Growth,annual,10,0,0,1.0,0.644,3.95,21,66.6,Watch
CUS-01075,Maple Harbour Analytics,SMB,Media & Entertainment,EMEA,Netherlands,Inbound,J. Petersen,2025-12-01,2025-12-01,2026-03-01,4,0,2026-04-01,Missing functionality,voluntary,1170.0,0.0,1170.0,4680.0,4680.00,0.00,0,1.5,Growth,monthly,26,0,0,1.0,0.75,4.41,6,66.0,Watch
CUS-01089,Harbor Cove Energy,SMB,Software & Technology,APAC,Australia,Self-Serve,,2026-01-01,2026-01-01,2026-08-01,8,1,,,,75.0,75.0,75.0,550.0,550.00,0.00,0,1.4,Starter,monthly,3,1,1,1.0,0.688,4.17,12,64.4,Watch
CUS-01094,Ridge Peak Labs,SMB,Retail & E-commerce,North America,Canada,Self-Serve,,2026-01-01,2026-01-01,2026-08-01,8,1,,,,132.75,132.75,132.75,1062.0,1593.00,0.00,0,14.0,Starter,annual,6,0,0,1.0,0.604,4.38,13,58.0,Watch
CUS-01097,Nimbus Cove Technologies,SMB,Healthcare,North America,United States,Self-Serve,,2026-01-01,2026-01-01,2026-02-01,2,0,2026-03-01,Switched to competitor,voluntary,333.9,0.0,333.9,667.8,667.80,0.00,0,1.5,Starter,monthly,14,0,0,1.0,0.679,4.5,3,63.0,Watch
CUS-01106,Bluefin Harbour Networks,SMB,Software & Technology,North America,United States,Self-Serve,,2026-01-01,2026-01-01,2026-08-01,8,1,,,,585.0,585.0,585.0,4680.0,4680.00,0.00,0,1.8,Growth,monthly,13,0,0,1.0,0.721,4.48,10,71.6,Healthy
CUS-01123,Granite Watch Technologies,SMB,Software & Technology,APAC,India,Inbound,E. Nakamura,2026-01-01,2026-01-01,2026-03-01,3,0,2026-04-01,Missing functionality,voluntary,1733.4,0.0,1733.4,5200.2,5200.20,0.00,0,3.7,Growth,monthly,40,0,0,1.0,0.692,4.21,5,58.3,Watch
CUS-01141,Northwind River Solutions,SMB,Logistics & Transport,North America,Canada,Marketplace,L. Duarte,2026-02-01,2026-02-01,2026-08-01,7,1,,,,225.0,225.0,225.0,1575.0,1575.00,0.00,0,1.4,Starter,monthly,9,0,0,1.0,0.683,3.95,14,67.6,Watch
CUS-01146,Nimbus Field Analytics,SMB,Software & Technology,APAC,Australia,Inbound,B. Lindqvist,2026-02-01,2026-02-01,2026-08-01,7,1,,,,120.75,96.6,120.75,748.65,748.65,0.00,0,1.9,Starter,monthly,4,0,1,0.8,0.543,4.06,13,59.3,Watch
CUS-01163,Aster Peak Labs,Mid-Market,Logistics & Transport,APAC,Singapore,Outbound,A. Okafor,2026-02-01,2026-02-01,2026-08-01,7,1,,,,792.0,1069.2,1069.2,6098.4,6098.40,0.00,0,2.0,Growth,monthly,27,1,0,1.35,0.802,4.53,15,73.8,Healthy
CUS-01180,Northwind Point Logistics,SMB,Financial Services,North America,United States,Marketplace,H. Kowalski,2026-02-01,2026-02-01,2026-08-01,7,1,,,,145.2,193.6,193.6,1306.8,1306.80,0.00,0,1.3,Starter,monthly,8,1,0,1.333,0.631,3.94,13,66.1,Watch
CUS-01184,Tidal Peak Logistics,SMB,Retail & E-commerce,North America,Canada,Inbound,E. Nakamura,2026-02-01,2026-02-01,2026-06-01,5,0,2026-07-01,Low adoption,voluntary,193.6,0.0,193.6,968.0,968.00,0.00,0,1.6,Starter,monthly,8,0,0,1.0,0.65,4.37,7,63.8,Watch
CUS-01187,Ridge Cove Retail,Enterprise,Media & Entertainment,LATAM,Mexico,Outbound,C. Moreau,2026-02-01,2026-02-01,2026-08-01,7,1,,,,3463.2,3463.2,3463.2,24242.4,24242.40,0.00,0,1.4,Scale,monthly,52,0,0,1.0,0.679,4.22,15,59.0,Watch
CUS-01206,Basalt Cross Systems,SMB,Software & Technology,EMEA,Sweden,Inbound,H. Kowalski,2026-03-01,2026-03-01,2026-08-01,6,1,,,,307.77,213.08,307.77,1467.86,1467.82,0.00,0,1.0,Starter,monthly,9,0,1,0.692,0.57,3.73,13,46.5,At Risk
CUS-01217,Aster Forge Group,Mid-Market,Software & Technology,EMEA,United Kingdom,Outbound,E. Nakamura,2026-03-01,2026-03-01,2026-08-01,6,1,,,,4017.75,4017.75,4017.75,24106.5,24106.50,0.00,0,1.8,Scale,monthly,55,0,0,1.0,0.676,4.2,13,66.6,Watch
CUS-01218,Halcyon Vale Financial,SMB,Logistics & Transport,APAC,Japan,Inbound,J. Petersen,2026-03-01,2026-03-01,2026-08-01,6,1,,,,1186.92,1186.92,1186.92,7121.52,7121.52,0.00,0,2.2,Growth,monthly,28,0,0,1.0,0.774,4.41,12,74.0,Healthy
CUS-01228,Corvus Cross Partners,Mid-Market,Software & Technology,North America,United States,Inbound,B. Lindqvist,2026-03-01,2026-03-01,2026-08-01,6,1,,,,5759.1,7038.9,7038.9,38394.0,38394.00,0.00,0,2.0,Scale,monthly,99,1,0,1.222,0.593,4.04,10,52.0,At Risk
CUS-01241,Juniper Gate Financial,SMB,Retail & E-commerce,North America,United States,Self-Serve,,2026-03-01,2026-03-01,2026-05-01,3,0,2026-06-01,Switched to competitor,voluntary,209.7,0.0,209.7,629.1,629.10,0.00,0,1.0,Starter,monthly,9,0,0,1.0,0.556,4.06,7,55.6,Watch
CUS-01244,Orchid Watch Systems,SMB,Software & Technology,North America,United States,Inbound,L. Duarte,2026-03-01,2026-03-01,2026-08-01,6,1,,,,163.8,140.4,163.8,936.0,936.00,0.00,0,3.3,Starter,monthly,6,0,1,0.857,0.754,4.43,13,81.2,Healthy
CUS-01253,Lumen Bridge Solutions,Mid-Market,Software & Technology,North America,United States,Inbound,A. Okafor,2026-03-01,2026-03-01,2026-08-01,6,1,,,,1836.09,2155.41,2155.41,11974.5,22033.08,0.00,0,9.0,Growth,annual,54,1,0,1.174,0.587,3.98,8,56.7,Watch
CUS-01271,Summit Arbor Solutions,Mid-Market,Retail & E-commerce,North America,United States,Partner,B. Lindqvist,2026-04-01,2026-04-01,2026-05-01,2,0,2026-06-01,Switched to competitor,voluntary,11544.0,0.0,16233.75,27777.75,27777.75,0.00,0,1.0,Scale,monthly,225,1,0,1.406,0.534,3.69,7,56.0,Watch
CUS-01272,Lumen Vale Labs,SMB,Professional Services,North America,Canada,Inbound,C. Moreau,2026-04-01,2026-04-01,2026-08-01,5,1,,,,237.88,237.88,237.88,1189.4,2854.56,0.00,0,11.0,Starter,annual,11,0,0,1.0,0.636,4.02,4,64.5,Watch
CUS-01275,Nimbus Stone Logistics,SMB,Healthcare,North America,United States,Inbound,E. Nakamura,2026-04-01,2026-04-01,2026-08-01,5,1,,,,47.7,47.7,47.7,238.5,238.50,0.00,0,2.0,Starter,monthly,2,0,0,1.0,0.5,3.65,13,47.4,At Risk
CUS-01288,Harbor Field Logistics,SMB,Manufacturing,EMEA,Sweden,Self-Serve,,2026-04-01,2026-04-01,2026-08-01,5,1,,,,75.0,75.0,75.0,375.0,375.00,0.00,0,0.4,Starter,monthly,3,0,0,1.0,0.667,3.99,14,63.3,Watch
CUS-01289,Bluefin Gate Retail,SMB,Media & Entertainment,EMEA,Netherlands,Self-Serve,,2026-04-01,2026-04-01,2026-07-01,4,0,2026-08-01,Price / budget cuts,voluntary,1218.87,0.0,1386.99,5043.6,5043.60,0.00,0,1.8,Growth,monthly,33,1,0,1.138,0.609,3.89,4,58.3,Watch
CUS-01363,Nimbus Watch Networks,SMB,Media & Entertainment,North America,United States,Self-Serve,,2026-06-01,2026-06-01,2026-07-01,2,0,2026-08-01,Low adoption,voluntary,116.5,0.0,116.5,233.0,233.00,0.00,0,2.0,Starter,monthly,5,0,0,1.0,0.6,3.99,3,58.7,Watch
CUS-01378,Corvus Bridge Solutions,Enterprise,Professional Services,APAC,India,Outbound,H. Kowalski,2026-06-01,2026-06-01,2026-08-01,3,1,,,,61349.2,66649.0,66649.0,194647.2,736190.40,0.00,0,13.0,Enterprise,annual,830,1,0,1.086,0.479,4.25,4,48.7,At Risk
CUS-01387,Northwind Gate Analytics,SMB,Software & Technology,North America,United States,Inbound,L. Duarte,2026-06-01,2026-06-01,2026-08-01,3,1,,,,507.6,507.6,507.6,1522.8,1522.80,0.00,0,2.7,Growth,monthly,12,0,0,1.0,0.694,3.94,6,61.8,Watch
CUS-01391,Aster Arbor Logistics,SMB,Education,North America,United States,Self-Serve,,2026-06-01,2026-06-01,2026-08-01,3,1,,,,50.0,50.0,50.0,150.0,150.00,0.00,0,3.3,Starter,monthly,2,0,0,1.0,0.5,3.9,7,57.5,Watch
CUS-01426,Solstice Cross Media,SMB,Financial Services,APAC,Australia,Self-Serve,,2026-07-01,2026-07-01,2026-07-01,1,0,2026-08-01,Switched to competitor,voluntary,935.55,0.0,935.55,935.55,935.55,0.00,0,1.0,Growth,monthly,22,0,0,1.0,0.636,4.07,0,62.7,Watch
CUS-01438,Meridian Forge Logistics,Mid-Market,Healthcare,North America,United States,Marketplace,E. Nakamura,2026-07-01,2026-07-01,2026-08-01,2,1,,,,852.12,852.12,852.12,1704.24,10225.44,0.00,0,15.0,Growth,annual,24,0,0,1.0,0.729,4.33,1,68.9,Watch
CUS-01439,Maple Point Retail,SMB,Media & Entertainment,EMEA,United Kingdom,Inbound,H. Kowalski,2026-07-01,2026-07-01,2026-08-01,2,1,,,,1041.75,1041.75,1041.75,2083.5,2083.50,0.00,0,5.5,Growth,monthly,25,0,0,1.0,0.68,4.12,4,60.3,Watch
CUS-01445,Basalt Cove Industries,SMB,Professional Services,APAC,Japan,Self-Serve,,2026-07-01,2026-07-01,2026-08-01,2,1,,,,75.0,75.0,75.0,150.0,150.00,0.00,0,0.5,Starter,monthly,3,0,0,1.0,0.667,4.03,1,62.5,Watch
CUS-01455,Zephyr Cross Health,SMB,Retail & E-commerce,North America,United States,Inbound,J. Petersen,2026-07-01,2026-07-01,2026-08-01,2,1,,,,990.0,990.0,990.0,1980.0,1980.00,0.00,0,0.5,Growth,monthly,22,0,0,1.0,0.591,3.96,3,53.6,At Risk
CUS-01471,Ridge Arbor Health,SMB,Retail & E-commerce,North America,United States,Inbound,A. Okafor,2026-08-01,2026-08-01,2026-08-01,1,1,,,,106.25,106.25,106.25,106.25,1275.00,0.00,0,19.0,Starter,annual,5,0,0,1.0,0.8,4.27,1,68.4,Watch
CUS-01489,Corvus Stone Industries,SMB,Software & Technology,North America,United States,Self-Serve,,2026-08-01,2026-08-01,2026-08-01,1,1,,,,66.0,66.0,66.0,66.0,792.00,0.00,0,3.0,Starter,annual,3,0,0,1.0,0.667,4.02,2,62.6,Watch
CUS-01509,Meridian Cross Partners,SMB,Healthcare,APAC,Japan,Self-Serve,,2026-08-01,2026-08-01,2026-08-01,1,1,,,,1450.44,1450.44,1450.44,1450.44,1450.44,0.00,0,0.0,Growth,monthly,34,0,0,1.0,0.765,4.34,0,69.4,Watch
CUS-00017,Basalt Vale Systems,Mid-Market,Healthcare,LATAM,Mexico,Outbound,D. Ferreira,2023-02-01,2023-02-01,2023-05-01,4,0,2023-06-01,Missing functionality,voluntary,2662.88,0.0,3787.2,11775.84,31954.56,0.00,0,8.0,Scale,annual,64,1,0,1.422,0.575,4.19,4,58.6,Watch
CUS-00026,Vertex Cross Labs,SMB,Logistics & Transport,EMEA,United Kingdom,Inbound,D. Ferreira,2023-02-01,2023-02-01,2026-08-01,43,1,,,,1944.0,2764.8,2764.8,107308.8,107308.80,0.00,0,2.2,Growth,monthly,64,3,1,1.422,0.6,4.44,62,69.3,Watch
CUS-00051,Zephyr Cove Retail,SMB,Retail & E-commerce,EMEA,United Kingdom,Inbound,J. Petersen,2023-03-01,2023-03-01,2024-10-01,20,0,2024-11-01,Missing functionality,voluntary,686.88,0.0,944.46,15927.03,15927.03,0.00,0,1.4,Growth,monthly,22,2,0,1.375,0.695,4.07,37,69.7,Watch
CUS-00081,Pioneer River Industries,SMB,Financial Services,North America,United States,Inbound,B. Lindqvist,2023-05-01,2023-05-01,2025-08-01,28,0,2025-09-01,Switched to competitor,voluntary,100.0,0.0,200.0,3925.0,3925.00,0.00,0,1.7,Starter,monthly,5,3,2,1.25,0.708,4.55,47,81.7,Healthy
CUS-00085,Solstice Bridge Energy,Mid-Market,Software & Technology,North America,Canada,Partner,D. Ferreira,2023-05-01,2023-05-01,2026-08-01,40,1,,,,560.7,881.1,1161.45,33281.55,33281.55,0.00,0,2.1,Growth,monthly,22,3,1,1.571,0.917,4.17,86,85.1,Healthy
CUS-00097,Lyra Stone Retail,SMB,Logistics & Transport,APAC,Australia,Self-Serve,,2023-06-01,2023-06-01,2024-06-01,13,0,2024-07-01,Payment failure,involuntary,716.04,0.0,968.76,10403.64,9603.36,800.28,1,2.1,Growth,monthly,19,2,1,1.118,0.699,3.95,34,67.8,Watch
CUS-00108,Falcon Gate Technologies,SMB,Retail & E-commerce,North America,United States,Partner,K. Rahman,2023-06-01,2023-06-01,2024-12-01,19,0,2025-01-01,Low adoption,voluntary,1317.6,0.0,1317.6,23145.84,23145.84,0.00,0,1.1,Growth,monthly,28,1,1,0.933,0.68,4.04,48,75.8,Healthy
CUS-00166,Lumen Vale Logistics,SMB,Software & Technology,LATAM,Brazil,Self-Serve,,2023-10-01,2023-10-01,2025-04-01,19,0,2025-05-01,Payment failure,involuntary,92.0,0.0,115.0,1978.0,1863.00,115.00,1,2.1,Starter,monthly,5,1,0,1.25,0.608,3.96,25,62.9,Watch
CUS-00181,Zephyr River Logistics,Mid-Market,Manufacturing,North America,United States,Outbound,C. Moreau,2023-10-01,2023-10-01,2024-01-01,4,0,2024-02-01,Payment failure,involuntary,1710.54,0.0,1710.54,6842.16,5131.62,1710.54,1,1.7,Growth,monthly,43,0,0,1.0,0.593,4.18,6,56.9,Watch
CUS-00203,Pioneer Court Labs,Mid-Market,Professional Services,North America,United States,Inbound,E. Nakamura,2023-11-01,2023-11-01,2026-08-01,34,1,,,,6339.37,8271.38,8271.38,261906.82,274585.56,0.00,0,10.7,Scale,annual,137,1,0,1.305,0.655,4.07,69,84.5,Healthy
CUS-00217,Maple Forge Energy,Mid-Market,Software & Technology,EMEA,Germany,Marketplace,F. Whitfield,2023-12-01,2023-12-01,2026-08-01,33,1,,,,1932.48,11199.6,11199.6,136313.04,136313.04,0.00,0,1.3,Scale,monthly,153,5,0,5.795,0.871,4.18,63,91.3,Healthy
CUS-00251,Orchid Stone Solutions,SMB,Media & Entertainment,EMEA,Germany,Marketplace,F. Whitfield,2024-01-01,2024-01-01,2026-08-01,32,1,,,,528.12,704.16,704.16,21300.84,21300.84,0.00,0,1.5,Growth,monthly,16,1,0,1.333,0.792,4.39,55,77.2,Healthy
CUS-00288,Halcyon Field Solutions,Enterprise,Retail & E-commerce,LATAM,Mexico,Partner,C. Moreau,2024-03-01,2024-03-01,2026-08-01,30,1,,,,7784.1,15317.1,15317.1,377340.58,407535.24,0.00,0,7.7,Scale,annual,244,3,0,1.968,0.322,3.65,86,31.0,Critical
CUS-00327,Vertex Arbor Energy,SMB,Financial Services,EMEA,Germany,Self-Serve,,2024-04-01,2024-04-01,2025-03-01,12,0,2025-04-01,Low adoption,voluntary,72.52,0.0,72.52,870.24,870.24,0.00,0,1.8,Starter,monthly,3,0,0,1.0,0.444,3.92,20,47.4,At Risk
CUS-00384,Granite Bridge Systems,Enterprise,Manufacturing,North America,United States,Outbound,B. Lindqvist,2024-06-01,2024-06-01,2025-05-01,12,0,2025-06-01,Price / budget cuts,voluntary,61213.68,0.0,79283.82,752634.3,734564.16,0.00,0,10.0,Enterprise,annual,917,1,0,1.295,0.404,3.78,28,36.2,Critical
CUS-00399,Pioneer Point Solutions,SMB,Media & Entertainment,North America,Canada,Self-Serve,,2024-07-01,2024-07-01,2024-10-01,4,0,2024-11-01,Price / budget cuts,voluntary,225.0,0.0,225.0,675.0,675.00,0.00,0,2.5,Starter,monthly,6,0,1,0.667,0.667,4.36,9,66.6,Watch
CUS-00425,Cobalt Arbor Health,SMB,Manufacturing,North America,United States,Marketplace,D. Ferreira,2024-08-01,2024-08-01,2026-08-01,25,1,,,,1821.02,2531.65,2531.65,50233.42,50233.27,0.00,0,1.7,Growth,monthly,57,2,0,1.39,0.668,4.0,51,66.7,Watch
CUS-00443,Aster Field Group,SMB,Healthcare,North America,United States,Partner,L. Duarte,2024-08-01,2024-08-01,2025-08-01,13,0,2025-09-01,Price / budget cuts,voluntary,1575.0,0.0,2790.0,27765.0,27765.00,0.00,0,1.6,Growth,monthly,62,2,0,1.771,0.646,3.91,37,64.3,Watch
CUS-00453,Basalt Gate Health,SMB,Manufacturing,EMEA,Germany,Inbound,J. Petersen,2024-09-01,2024-09-01,2026-08-01,24,1,,,,43.7,43.7,43.7,1048.8,1048.80,0.00,0,5.0,Starter,annual,2,0,0,1.0,0.563,4.39,31,69.4,Watch
CUS-00454,Crestline Point Technologies,SMB,Financial Services,North America,Canada,Self-Serve,,2024-09-01,2024-09-01,2024-09-01,1,0,2024-10-01,Payment failure,involuntary,528.12,0.0,528.12,528.12,0.00,528.12,1,0.0,Growth,monthly,12,0,0,1.0,0.75,3.99,2,68.1,Watch
CUS-00455,Orchid Point Media,Mid-Market,Software & Technology,North America,United States,Partner,K. Rahman,2024-09-01,2024-09-01,2026-08-01,24,1,,,,662.58,1766.88,1950.93,32613.66,26944.92,0.00,0,14.5,Growth,annual,48,5,1,2.667,0.873,4.44,46,80.5,Healthy
CUS-00458,Tidal Harbour Logistics,SMB,Professional Services,EMEA,United Kingdom,Self-Serve,,2024-09-01,2024-09-01,2026-08-01,24,1,,,,121.63,170.28,170.28,3259.67,3259.50,0.00,0,1.2,Starter,monthly,7,1,0,1.4,0.421,3.76,44,53.8,At Risk
CUS-00502,Vertex Peak Health,Mid-Market,Software & Technology,North America,United States,Inbound,F. Whitfield,2024-10-01,2024-10-01,2024-11-01,2,0,2024-12-01,Low adoption,voluntary,8200.13,0.0,8200.13,16400.26,16400.24,0.00,0,2.5,Scale,monthly,111,0,0,1.0,0.658,4.57,3,66.0,Watch
CUS-00503,Northwind Court Retail,SMB,Education,North America,Canada,Marketplace,G. Almeida,2024-10-01,2024-10-01,2024-12-01,3,0,2025-01-01,Price / budget cuts,voluntary,854.15,0.0,854.15,2247.76,2247.74,0.00,0,0.7,Growth,monthly,12,0,1,0.632,0.616,3.74,7,58.0,Watch
CUS-00521,Quartz Watch Energy,SMB,Financial Services,EMEA,Sweden,Self-Serve,,2024-11-01,2024-11-01,2026-08-01,22,1,,,,1845.0,2205.0,2205.0,41670.0,41670.00,0.00,0,1.5,Growth,monthly,49,1,0,1.195,0.686,3.6,59,71.9,Healthy
CUS-00526,Lyra Point Industries,Enterprise,Software & Technology,EMEA,Netherlands,Partner,I. Castellanos,2024-11-01,2024-11-01,2024-11-01,1,0,2024-12-01,Price / budget cuts,voluntary,72821.43,0.0,72821.43,72821.43,72821.43,0.00,0,0.0,Enterprise,monthly,743,0,0,1.0,0.646,4.01,3,56.0,Watch
CUS-00548,Harbor Bridge Media,SMB,Professional Services,EMEA,United Kingdom,Inbound,E. Nakamura,2024-12-01,2024-12-01,2025-02-01,3,0,2025-03-01,Low adoption,voluntary,187.4,0.0,187.4,562.2,562.20,0.00,0,4.7,Starter,monthly,8,0,0,1.0,0.458,3.82,6,48.1,At Risk
CUS-00562,Aster Cross Analytics,Mid-Market,Software & Technology,North America,United States,Inbound,I. Castellanos,2024-12-01,2024-12-01,2026-08-01,21,1,,,,1032.26,1317.02,1494.99,25379.31,26055.60,0.00,0,7.5,Growth,annual,37,2,1,1.276,0.864,4.32,35,84.6,Healthy
CUS-00579,Northwind Stone Media,SMB,Retail & E-commerce,APAC,Singapore,Self-Serve,,2024-12-01,2024-12-01,2026-08-01,21,1,,,,2115.0,2565.0,2565.0,48915.0,48915.00,0.00,0,1.7,Growth,monthly,57,1,0,1.213,0.7,4.5,32,74.4,Healthy
CUS-00580,Northwind Peak Financial,SMB,Financial Services,EMEA,Germany,Self-Serve,,2024-12-01,2024-12-01,2025-03-01,4,0,2025-04-01,Switched to competitor,voluntary,233.75,0.0,233.75,935.0,935.00,0.00,0,1.5,Starter,monthly,10,0,0,1.0,0.5,3.99,5,55.3,Watch
CUS-00599,Basalt Field Financial,Mid-Market,Software & Technology,North America,United States,Marketplace,I. Castellanos,2025-01-01,2025-01-01,2026-08-01,20,1,,,,1053.36,2031.48,2031.48,28704.06,30697.92,0.00,0,12.0,Growth,annual,54,3,0,1.929,0.644,4.28,34,70.4,Healthy
CUS-00610,Bluefin Cove Retail,Mid-Market,Financial Services,EMEA,Germany,Marketplace,B. Lindqvist,2025-01-01,2025-01-01,2026-08-01,20,1,,,,12729.15,12325.05,14210.85,239429.25,239429.25,0.00,0,1.4,Scale,monthly,183,2,1,0.968,0.393,4.21,26,48.5,At Risk
CUS-00675,Maple Field Analytics,SMB,Media & Entertainment,APAC,Japan,Marketplace,F. Whitfield,2025-03-01,2025-03-01,2026-06-01,16,0,2026-07-01,Payment failure,involuntary,618.03,0.0,927.05,11036.28,10109.18,927.04,1,1.3,Growth,monthly,21,3,1,1.5,0.585,3.85,23,63.7,Watch
CUS-00712,Northwind Forge Media,SMB,Software & Technology,North America,United States,Inbound,D. Ferreira,2025-04-01,2025-04-01,2026-05-01,14,0,2026-06-01,Payment failure,involuntary,1679.54,0.0,2110.19,26528.11,24417.79,2110.18,1,1.5,Growth,monthly,49,1,0,1.256,0.928,4.73,23,87.0,Healthy
CUS-00758,Lumen Harbour Health,SMB,Professional Services,EMEA,United Kingdom,Inbound,G. Almeida,2025-05-01,2025-05-01,2025-06-01,2,0,2025-07-01,Price / budget cuts,voluntary,225.0,0.0,225.0,450.0,450.00,0.00,0,1.5,Starter,monthly,9,0,0,1.0,0.667,4.05,3,58.4,Watch
CUS-00770,Juniper Cross Technologies,Mid-Market,Healthcare,LATAM,Brazil,Inbound,C. Moreau,2025-05-01,2025-05-01,2025-06-01,2,0,2025-07-01,Price / budget cuts,voluntary,1826.55,0.0,1826.55,3653.1,3653.10,0.00,0,1.0,Growth,monthly,45,0,0,1.0,0.622,3.38,8,50.2,At Risk
CUS-00772,Beacon Point Analytics,SMB,Software & Technology,APAC,India,Inbound,A. Okafor,2025-05-01,2025-05-01,2026-08-01,16,1,,,,200.0,250.0,250.0,3900.0,3900.00,0.00,0,2.8,Starter,monthly,10,1,0,1.25,0.584,3.91,36,64.0,Watch
CUS-00793,Beacon Cross Solutions,SMB,Software & Technology,EMEA,Germany,Partner,H. Kowalski,2025-06-01,2025-06-01,2026-01-01,8,0,2026-02-01,Low adoption,voluntary,165.38,0.0,212.63,1417.54,1417.52,0.00,0,1.6,Starter,monthly,9,1,0,1.286,0.603,3.66,19,58.1,Watch
CUS-00823,Pioneer Cove Logistics,SMB,Professional Services,North America,United States,Self-Serve,,2025-07-01,2025-07-01,2026-02-01,8,0,2026-03-01,Payment failure,involuntary,188.0,0.0,188.0,1034.0,940.00,94.00,1,1.6,Starter,monthly,4,0,1,0.5,0.703,4.17,16,63.6,Watch
CUS-00836,Sable Harbour Financial,SMB,Retail & E-commerce,APAC,Australia,Inbound,G. Almeida,2025-07-01,2025-07-01,2026-07-01,13,0,2026-08-01,Price / budget cuts,voluntary,172.38,0.0,221.63,2684.19,2684.10,0.00,0,1.4,Starter,monthly,9,1,0,1.286,0.767,4.79,14,80.9,Healthy
CUS-00888,Bluefin Vale Energy,SMB,Software & Technology,North America,United States,Inbound,H. Kowalski,2025-09-01,2025-09-01,2025-11-01,3,0,2025-12-01,Company acquired or closed,voluntary,1393.61,0.0,1393.61,4180.83,4180.83,0.00,0,2.3,Growth,monthly,31,0,0,1.0,0.57,4.07,5,56.9,Watch
CUS-00890,Meridian Stone Technologies,Mid-Market,Education,APAC,Japan,Outbound,D. Ferreira,2025-09-01,2025-09-01,2026-08-01,12,1,,,,602.28,688.32,688.32,7399.44,7399.44,0.00,0,1.6,Growth,monthly,16,1,0,1.143,0.651,3.88,28,67.1,Watch
CUS-00901,Lyra Harbour Media,Mid-Market,Healthcare,EMEA,Germany,Outbound,I. Castellanos,2025-09-01,2025-09-01,2025-12-01,4,0,2026-01-01,Low adoption,voluntary,917.73,0.0,917.73,3670.92,3670.92,0.00,0,0.5,Growth,monthly,22,0,0,1.0,0.489,4.0,7,51.0,At Risk
CUS-00903,Basalt Watch Labs,SMB,Software & Technology,North America,Canada,Partner,A. Okafor,2025-09-01,2025-09-01,2025-10-01,2,0,2025-11-01,Missing functionality,voluntary,540.0,0.0,540.0,740.0,740.00,0.00,0,1.5,Starter,monthly,8,0,1,0.37,0.792,4.21,6,67.3,Watch
CUS-00915,Sable Harbour Solutions,Mid-Market,Financial Services,EMEA,United Kingdom,Marketplace,D. Ferreira,2025-09-01,2025-09-01,2026-08-01,12,1,,,,614.16,614.16,614.16,7369.92,7369.92,0.00,0,9.0,Growth,annual,16,0,0,1.0,0.734,4.18,19,67.7,Watch
CUS-00917,Crestline Cross Health,Mid-Market,Media & Entertainment,North America,United States,Partner,C. Moreau,2025-09-01,2025-09-01,2026-08-01,12,1,,,,1384.02,1887.3,1887.3,20131.2,20131.20,0.00,0,2.9,Growth,monthly,45,1,0,1.364,0.377,3.9,27,36.5,Critical
CUS-00938,Juniper Watch Solutions,SMB,Manufacturing,North America,United States,Self-Serve,,2025-10-01,2025-10-01,2026-08-01,11,1,,,,325.0,325.0,325.0,3575.0,3575.00,0.00,0,1.5,Starter,monthly,13,0,0,1.0,0.867,4.03,15,82.6,Healthy
CUS-00947,Orchid Peak Networks,Mid-Market,Logistics & Transport,LATAM,Mexico,Partner,A. Okafor,2025-10-01,2025-10-01,2026-08-01,11,1,,,,1099.13,1406.88,1406.88,14508.47,14508.46,0.00,0,3.4,Growth,monthly,32,2,0,1.28,0.678,4.12,21,69.2,Watch
CUS-00950,Aster Forge Partners,SMB,Manufacturing,North America,United States,Inbound,C. Moreau,2025-10-01,2025-10-01,2026-07-01,10,0,2026-08-01,Payment failure,involuntary,1806.84,0.0,2452.14,20004.3,17552.16,2452.14,1,1.3,Growth,monthly,57,1,0,1.357,0.912,4.36,18,84.9,Healthy
CUS-00985,Crestline Cross Analytics,SMB,Software & Technology,North America,United States,Marketplace,K. Rahman,2025-11-01,2025-11-01,2026-01-01,3,0,2026-02-01,Missing functionality,voluntary,125.0,0.0,125.0,375.0,375.00,0.00,0,2.3,Starter,monthly,5,0,0,1.0,0.6,4.23,7,61.3,Watch
CUS-01003,Summit Cross Logistics,SMB,Retail & E-commerce,North America,United States,Marketplace,E. Nakamura,2025-11-01,2025-11-01,2026-08-01,10,1,,,,271.7,321.1,321.1,3013.4,3013.40,0.00,0,1.0,Starter,monthly,13,1,0,1.182,0.734,4.7,15,70.1,Healthy
CUS-01015,Basalt Cove Financial,Mid-Market,Manufacturing,North America,United States,Inbound,H. Kowalski,2025-11-01,2025-11-01,2026-08-01,10,1,,,,4982.7,6008.55,6008.55,50926.14,50926.14,0.00,0,2.0,Scale,monthly,82,1,1,1.206,0.596,4.19,16,64.0,Watch
CUS-01026,Sable Arbor Energy,SMB,Healthcare,APAC,Singapore,Self-Serve,,2025-12-01,2025-12-01,2026-08-01,9,1,,,,50.0,75.0,75.0,575.0,575.00,0.00,0,0.8,Starter,monthly,3,1,0,1.5,0.648,4.37,8,68.3,Watch
CUS-01036,Basalt Point Systems,Enterprise,Software & Technology,APAC,Australia,Outbound,B. Lindqvist,2025-12-01,2025-12-01,2026-08-01,9,1,,,,67058.2,47886.96,67058.2,469325.12,804698.40,0.00,0,11.0,Enterprise,annual,582,0,1,0.714,0.648,3.85,19,65.7,Watch
CUS-01040,Harbor Forge Networks,SMB,Software & Technology,EMEA,Netherlands,Inbound,F. Whitfield,2025-12-01,2025-12-01,2026-08-01,9,1,,,,450.0,200.0,450.0,3550.0,3550.00,0.00,0,1.3,Starter,monthly,8,0,1,0.444,0.606,4.01,20,67.0,Watch
CUS-01045,Nimbus Watch Solutions,SMB,Software & Technology,North America,United States,Marketplace,I. Castellanos,2025-12-01,2025-12-01,2026-01-01,2,0,2026-02-01,Low adoption,voluntary,115.38,0.0,115.38,230.76,230.76,0.00,0,2.5,Starter,monthly,5,0,0,1.0,0.6,4.17,5,59.8,Watch
CUS-01057,Aster Field Media,SMB,Retail & E-commerce,North America,United States,Self-Serve,,2025-12-01,2025-12-01,2026-04-01,5,0,2026-05-01,Poor support experience,voluntary,225.0,0.0,225.0,1125.0,1125.00,0.00,0,1.4,Starter,monthly,9,0,0,1.0,0.8,4.26,14,70.5,Healthy
CUS-01070,Ridge Watch Technologies,Mid-Market,Financial Services,North America,United States,Partner,G. Almeida,2025-12-01,2025-12-01,2026-08-01,9,1,,,,687.74,687.74,687.74,6189.66,6189.66,0.00,0,1.4,Growth,monthly,17,0,0,1.0,0.706,3.84,24,68.6,Watch
CUS-01072,Harbor Harbour Industries,SMB,Media & Entertainment,EMEA,United Kingdom,Self-Serve,,2025-12-01,2025-12-01,2026-04-01,5,0,2026-05-01,Price / budget cuts,voluntary,125.0,0.0,150.0,700.0,700.00,0.00,0,3.2,Starter,monthly,6,1,0,1.2,0.433,4.21,7,46.4,At Risk
CUS-01101,Lumen Vale Retail,Enterprise,Education,EMEA,United Kingdom,Inbound,H. Kowalski,2026-01-01,2026-01-01,2026-08-01,8,1,,,,19564.38,37018.08,37018.08,250765.02,234772.56,0.00,0,8.0,Enterprise,annual,456,2,0,1.892,0.757,4.34,9,66.0,Watch
CUS-01104,Quartz Cross Systems,Mid-Market,Software & Technology,North America,United States,Inbound,A. Okafor,2026-01-01,2026-01-01,2026-08-01,8,1,,,,3400.8,3400.8,3400.8,27206.4,40809.60,0.00,0,20.0,Scale,annual,52,0,0,1.0,0.397,4.11,10,44.8,At Risk
CUS-01132,Falcon Cove Health,Enterprise,Retail & E-commerce,EMEA,United Kingdom,Outbound,E. Nakamura,2026-01-01,2026-01-01,2026-08-01,8,1,,,,4467.68,6984.68,6984.68,41152.98,41152.98,0.00,0,1.1,Scale,monthly,111,2,0,1.563,0.688,4.27,15,71.7,Healthy
CUS-01162,Quartz Arbor Retail,SMB,Software & Technology,North America,United States,Self-Serve,,2026-02-01,2026-02-01,2026-04-01,3,0,2026-05-01,Company acquired or closed,voluntary,720.0,0.0,720.0,2160.0,2160.00,0.00,0,2.0,Growth,monthly,16,0,0,1.0,0.646,4.37,9,60.0,Watch
CUS-01178,Lyra Point Partners,SMB,Healthcare,North America,United States,Inbound,K. Rahman,2026-02-01,2026-02-01,2026-08-01,7,1,,,,208.8,116.0,208.8,1090.4,2505.60,0.00,0,20.0,Starter,annual,5,0,1,0.556,0.629,4.14,9,54.7,At Risk
CUS-01201,Pioneer Gate Media,SMB,Retail & E-commerce,APAC,Japan,Marketplace,L. Duarte,2026-03-01,2026-03-01,2026-08-01,6,1,,,,172.2,172.2,172.2,1033.2,2066.40,0.00,0,9.0,Starter,annual,8,0,0,1.0,0.604,3.85,10,60.6,Watch
CUS-01252,Aster Peak Group,Mid-Market,Financial Services,North America,United States,Inbound,K. Rahman,2026-03-01,2026-03-01,2026-08-01,6,1,,,,813.96,942.48,942.48,5012.28,5012.28,0.00,0,1.7,Growth,monthly,22,1,0,1.158,0.734,3.92,6,62.9,Watch
CUS-01258,Ridge Forge Energy,SMB,Education,EMEA,Germany,Inbound,A. Okafor,2026-04-01,2026-04-01,2026-08-01,5,1,,,,119.63,119.63,119.63,598.15,598.10,0.00,0,2.0,Starter,monthly,5,0,0,1.0,0.72,4.51,8,78.2,Healthy
CUS-01260,Lumen Court Logistics,SMB,Software & Technology,EMEA,United Kingdom,Marketplace,B. Lindqvist,2026-04-01,2026-04-01,2026-08-01,5,1,,,,675.0,720.0,720.0,3420.0,3420.00,0.00,0,2.4,Growth,monthly,16,1,0,1.067,0.513,4.13,7,57.3,Watch
CUS-01262,Vertex Point Industries,SMB,Education,EMEA,Netherlands,Self-Serve,,2026-04-01,2026-04-01,2026-08-01,5,1,,,,162.23,162.23,162.23,811.15,811.10,0.00,0,1.6,Starter,monthly,7,0,0,1.0,0.571,3.91,7,50.1,At Risk
CUS-01313,Harbor Gate Solutions,Enterprise,Manufacturing,North America,United States,Inbound,L. Duarte,2026-05-01,2026-05-01,2026-08-01,4,1,,,,23026.08,25527.04,25527.04,99607.2,276312.96,0.00,0,21.0,Enterprise,annual,296,1,0,1.109,0.604,3.89,11,52.0,At Risk
CUS-01350,Cobalt Stone Systems,SMB,Retail & E-commerce,North America,United States,Inbound,D. Ferreira,2026-05-01,2026-05-01,2026-08-01,4,1,,,,800.1,800.1,800.1,3200.4,9601.20,0.00,0,11.0,Growth,annual,20,0,0,1.0,0.825,4.28,6,78.0,Healthy
CUS-01359,Aster Watch Networks,SMB,Manufacturing,North America,United States,Self-Serve,,2026-05-01,2026-05-01,2026-08-01,4,1,,,,90.3,67.73,90.3,248.33,1083.60,0.00,0,8.0,Starter,annual,3,1,1,0.75,0.604,4.51,5,69.8,Watch
CUS-01376,Ironwood Harbour Industries,SMB,Logistics & Transport,North America,Canada,Marketplace,J. Petersen,2026-06-01,2026-06-01,2026-08-01,3,1,,,,962.28,962.28,962.28,2886.84,2886.84,0.00,0,3.0,Growth,monthly,22,0,0,1.0,0.53,3.72,5,57.1,Watch
CUS-01452,Nimbus Forge Labs,SMB,Professional Services,North America,Canada,Marketplace,K. Rahman,2026-07-01,2026-07-01,2026-08-01,2,1,,,,122.0,122.0,122.0,244.0,244.00,0.00,0,2.0,Starter,monthly,5,0,0,1.0,0.6,4.17,3,66.0,Watch
CUS-01491,Quartz Forge Logistics,SMB,Retail & E-commerce,APAC,Japan,Inbound,C. Moreau,2026-08-01,2026-08-01,2026-08-01,1,1,,,,1215.0,1215.0,1215.0,1215.0,1215.00,0.00,0,2.0,Growth,monthly,27,0,0,1.0,0.704,4.29,0,65.3,Watch
CUS-00005,Lyra Watch Retail,SMB,Healthcare,North America,United States,Inbound,H. Kowalski,2023-01-01,2023-01-01,2023-01-01,1,0,2023-02-01,Low adoption,voluntary,49.8,0.0,49.8,49.8,49.80,0.00,0,2.0,Starter,monthly,2,0,0,1.0,0.5,3.71,4,48.4,At Risk
CUS-00010,Beacon Point Industries,SMB,Professional Services,APAC,Australia,Marketplace,A. Okafor,2023-01-01,2023-01-01,2026-08-01,44,1,,,,1907.33,1595.93,2724.75,78005.83,76604.40,0.00,0,8.5,Growth,annual,41,3,2,0.837,0.734,4.28,67,77.8,Healthy
CUS-00012,Sable Cross Solutions,Mid-Market,Manufacturing,EMEA,United Kingdom,Marketplace,B. Lindqvist,2023-01-01,2023-01-01,2026-08-01,44,1,,,,5733.45,6966.45,12145.05,413671.5,480130.20,0.00,0,9.5,Scale,annual,113,3,1,1.215,0.734,4.04,80,70.5,Healthy
CUS-00020,Halcyon Harbour Media,Mid-Market,Manufacturing,EMEA,France,Inbound,K. Rahman,2023-02-01,2023-02-01,2025-08-01,31,0,2025-09-01,Switched to competitor,voluntary,5294.25,0.0,5294.25,137487.6,137487.60,0.00,0,1.1,Growth,monthly,36,1,3,0.277,0.759,4.16,67,79.5,Healthy
CUS-00027,Ridge Court Media,SMB,Healthcare,EMEA,United Kingdom,Self-Serve,,2023-02-01,2023-02-01,2023-11-01,10,0,2023-12-01,Poor support experience,voluntary,416.7,0.0,416.7,4167.0,4167.00,0.00,0,1.4,Growth,monthly,10,0,0,1.0,0.55,3.85,21,52.4,At Risk
CUS-00030,Tidal Watch Group,SMB,Logistics & Transport,APAC,Singapore,Inbound,K. Rahman,2023-02-01,2023-02-01,2026-08-01,43,1,,,,69.15,115.25,115.25,4149.0,4149.00,0.00,0,1.4,Starter,monthly,5,2,0,1.667,0.633,4.22,71,69.0,Watch
CUS-00033,Corvus Point Labs,SMB,Financial Services,APAC,India,Inbound,I. Castellanos,2023-02-01,2023-02-01,2026-08-01,43,1,,,,123.3,61.65,184.95,5322.45,6165.00,0.00,0,10.5,Starter,annual,3,2,2,0.5,0.896,4.66,63,94.7,Healthy
CUS-00034,Zephyr Harbour Solutions,SMB,Software & Technology,North America,Canada,Inbound,H. Kowalski,2023-03-01,2023-03-01,2025-10-01,32,0,2025-11-01,Missing functionality,voluntary,462.83,0.0,715.28,15609.92,15609.92,0.00,0,1.5,Growth,monthly,17,2,0,1.545,0.609,4.24,49,61.7,Watch
CUS-00036,Northwind Peak Solutions,SMB,Education,North America,United States,Inbound,C. Moreau,2023-03-01,2023-03-01,2023-09-01,7,0,2023-10-01,Company acquired or closed,voluntary,1871.1,0.0,1871.1,10333.6,10333.55,0.00,0,0.9,Growth,monthly,31,0,1,0.705,0.638,3.85,16,60.7,Watch
CUS-00040,Vertex Bridge Financial,SMB,Financial Services,North America,United States,Inbound,A. Okafor,2023-03-01,2023-03-01,2023-10-01,8,0,2023-11-01,Missing functionality,voluntary,1170.0,0.0,1170.0,9360.0,9360.00,0.00,0,1.0,Growth,monthly,26,0,0,1.0,0.76,4.38,8,74.4,Healthy
CUS-00047,Juniper Field Retail,SMB,Education,North America,Canada,Self-Serve,,2023-03-01,2023-03-01,2024-11-01,13,0,2024-12-01,Missing functionality,voluntary,99.7,0.0,99.7,1296.1,1296.10,0.00,0,1.1,Starter,monthly,4,0,0,1.0,0.327,3.58,25,47.6,At Risk
CUS-00056,Cobalt Bridge Partners,Enterprise,Healthcare,North America,Canada,Outbound,H. Kowalski,2023-04-01,2023-04-01,2026-08-01,41,1,,,,10174.5,33883.08,39676.56,769116.39,893536.56,0.00,0,15.5,Enterprise,annual,386,5,1,3.33,0.747,4.6,50,76.5,Healthy
CUS-00058,Ridge Harbour Group,Enterprise,Financial Services,EMEA,Germany,Outbound,K. Rahman,2023-04-01,2023-04-01,2025-10-01,31,0,2025-11-01,Payment failure,involuntary,6352.5,0.0,9909.9,232755.6,224243.25,8512.35,1,2.1,Scale,monthly,134,2,1,1.34,0.791,4.01,60,77.7,Healthy
CUS-00079,Halcyon Cove Retail,SMB,Software & Technology,APAC,Singapore,Inbound,E. Nakamura,2023-05-01,2023-05-01,2023-09-01,5,0,2023-10-01,Switched to competitor,voluntary,686.16,0.0,686.16,3430.8,3430.80,0.00,0,1.2,Growth,monthly,16,0,0,1.0,0.7,4.43,5,66.1,Watch
CUS-00101,Lyra Field Retail,Mid-Market,Software & Technology,North America,United States,Partner,C. Moreau,2023-06-01,2023-06-01,2024-05-01,12,0,2024-06-01,Poor support experience,voluntary,691.92,0.0,691.92,8303.04,8303.04,0.00,0,2.3,Growth,monthly,16,0,0,1.0,0.62,4.01,23,67.0,Watch
CUS-00127,Cobalt River Industries,SMB,Education,North America,United States,Self-Serve,,2023-08-01,2023-08-01,2026-08-01,37,1,,,,982.08,2053.44,2053.44,56826.72,56826.72,0.00,0,1.6,Growth,monthly,46,4,0,2.091,0.885,4.31,76,79.1,Healthy
CUS-00136,Lumen Watch Health,SMB,Logistics & Transport,North America,United States,Self-Serve,,2023-08-01,2023-08-01,2024-03-01,8,0,2024-04-01,Price / budget cuts,voluntary,1119.02,0.0,1574.91,11231.61,11231.61,0.00,0,2.1,Growth,monthly,38,1,0,1.407,0.509,3.7,15,53.0,At Risk
CUS-00182,Basalt Stone Systems,SMB,Manufacturing,EMEA,France,Self-Serve,,2023-10-01,2023-10-01,2024-09-01,12,0,2024-10-01,Company acquired or closed,voluntary,917.73,0.0,1209.74,10470.52,11012.76,0.00,0,8.0,Growth,annual,19,1,1,0.864,0.642,3.95,23,58.3,Watch
CUS-00186,Sable Harbour Group,Mid-Market,Software & Technology,North America,United States,Marketplace,F. Whitfield,2023-11-01,2023-11-01,2026-08-01,34,1,,,,602.91,947.43,947.43,27561.6,27561.60,0.00,0,1.8,Growth,monthly,22,2,1,1.571,0.815,4.3,64,87.6,Healthy
CUS-00207,Lumen Bridge Analytics,Mid-Market,Professional Services,EMEA,United Kingdom,Inbound,C. Moreau,2023-11-01,2023-11-01,2026-08-01,34,1,,,,5677.65,1172.16,5677.65,119841.15,156043.80,0.00,0,17.0,Growth,annual,32,2,3,0.206,0.897,4.61,55,80.1,Healthy
CUS-00213,Pioneer Gate Energy,Mid-Market,Software & Technology,North America,Canada,Outbound,L. Duarte,2023-12-01,2023-12-01,2024-11-01,12,0,2024-12-01,Switched to competitor,voluntary,5806.5,0.0,6615.0,72912.0,72912.00,0.00,0,1.7,Scale,monthly,90,1,0,1.139,0.506,4.01,26,53.7,At Risk
CUS-00230,Solstice Cross Health,Mid-Market,Manufacturing,EMEA,United Kingdom,Outbound,B. Lindqvist,2023-12-01,2023-12-01,2024-11-01,12,0,2024-12-01,Switched to competitor,voluntary,7046.63,0.0,7046.63,57843.63,84559.44,0.00,0,9.0,Scale,annual,71,1,2,0.617,0.721,4.07,22,68.0,Watch
CUS-00267,Lyra Arbor Networks,Mid-Market,Software & Technology,EMEA,France,Outbound,J. Petersen,2024-02-01,2024-02-01,2024-04-01,3,0,2024-05-01,Price / budget cuts,voluntary,527.09,0.0,689.27,1743.45,1743.44,0.00,0,1.7,Growth,monthly,17,1,0,1.308,0.581,3.51,8,49.6,At Risk
CUS-00273,Nimbus Stone Media,Mid-Market,Financial Services,North America,Canada,Partner,G. Almeida,2024-02-01,2024-02-01,2026-08-01,31,1,,,,7232.4,10348.8,10348.8,289060.8,327398.40,0.00,0,8.3,Scale,annual,176,3,0,1.431,0.808,4.81,35,82.4,Healthy
CUS-00304,Pioneer Court Solutions,Enterprise,Retail & E-commerce,North America,United States,Inbound,L. Duarte,2024-03-01,2024-03-01,2026-08-01,30,1,,,,17393.42,26542.56,26542.56,601631.36,601631.36,0.00,0,1.4,Enterprise,monthly,264,2,1,1.526,0.879,4.6,49,89.0,Healthy
CUS-00310,Ridge Court Labs,Mid-Market,Financial Services,North America,United States,Inbound,B. Lindqvist,2024-03-01,2024-03-01,2025-07-01,17,0,2025-08-01,Payment failure,involuntary,1268.46,0.0,1268.46,21563.82,20295.36,1268.46,1,1.7,Growth,monthly,29,0,0,1.0,0.74,4.1,37,78.0,Healthy
CUS-00315,Nimbus Field Group,SMB,Healthcare,APAC,Singapore,Inbound,J. Petersen,2024-04-01,2024-04-01,2026-03-01,24,0,2026-04-01,Payment failure,involuntary,1329.75,0.0,2216.25,40380.14,38163.89,2216.25,1,1.8,Growth,monthly,50,2,0,1.667,0.739,4.6,27,82.8,Healthy
CUS-00319,Falcon Gate Industries,Mid-Market,Manufacturing,North America,Canada,Outbound,A. Okafor,2024-04-01,2024-04-01,2026-08-01,29,1,,,,733.64,776.79,1251.49,25159.46,25159.34,0.00,0,1.0,Growth,monthly,18,3,1,1.059,0.958,4.49,44,87.4,Healthy
CUS-00323,Ironwood Cove Technologies,SMB,Software & Technology,EMEA,Sweden,Inbound,K. Rahman,2024-04-01,2024-04-01,2025-12-01,21,0,2026-01-01,Payment failure,involuntary,48.25,0.0,168.88,2147.21,1978.27,168.88,1,2.0,Starter,monthly,7,4,0,3.5,0.677,4.46,34,77.9,Healthy
CUS-00324,Ironwood Peak Financial,SMB,Software & Technology,North America,United States,Inbound,C. Moreau,2024-04-01,2024-04-01,2024-10-01,7,0,2024-11-01,Company acquired or closed,voluntary,149.7,0.0,149.7,1047.9,1047.90,0.00,0,1.3,Starter,monthly,6,0,0,1.0,0.667,3.95,16,60.3,Watch
CUS-00328,Quartz Peak Retail,SMB,Financial Services,North America,Canada,Self-Serve,,2024-04-01,2024-04-01,2026-08-01,29,1,,,,1240.16,2160.27,2160.27,44445.68,49446.00,0.00,0,7.7,Growth,annual,54,2,0,1.742,0.556,3.86,61,61.1,Watch
CUS-00329,Tidal Forge Industries,Mid-Market,Healthcare,EMEA,France,Inbound,L. Duarte,2024-04-01,2024-04-01,2026-04-01,25,0,2026-05-01,Payment failure,involuntary,1182.24,0.0,1182.24,27671.88,27043.68,12856.80,1,10.0,Growth,annual,29,1,1,0.906,0.302,3.72,57,36.4,Critical
CUS-00355,Maple Field Health,Enterprise,Professional Services,EMEA,United Kingdom,Outbound,H. Kowalski,2024-05-01,2024-05-01,2025-09-01,17,0,2025-10-01,Company acquired or closed,voluntary,20143.2,0.0,20143.2,342434.4,342434.40,0.00,0,1.2,Enterprise,monthly,210,0,0,1.0,0.229,3.62,43,27.4,Critical
CUS-00380,Basalt Harbour Logistics,SMB,Retail & E-commerce,EMEA,United Kingdom,Inbound,L. Duarte,2024-06-01,2024-06-01,2026-08-01,27,1,,,,568.89,406.35,568.89,12759.39,16579.08,0.00,0,19.3,Growth,annual,10,0,1,0.714,0.234,3.78,56,37.5,Critical
CUS-00395,Juniper Bridge Energy,Mid-Market,Healthcare,APAC,Australia,Outbound,E. Nakamura,2024-06-01,2024-06-01,2024-09-01,4,0,2024-10-01,Switched to competitor,voluntary,10335.6,0.0,10335.6,41342.4,41342.40,0.00,0,1.8,Scale,monthly,144,0,0,1.0,0.549,4.18,4,58.8,Watch
CUS-00401,Granite Stone Systems,SMB,Retail & E-commerce,North America,United States,Self-Serve,,2024-07-01,2024-07-01,2026-08-01,22,1,2025-01-01,Company acquired or closed,voluntary,97.6,390.4,390.4,4270.0,4270.00,0.00,0,2.0,Starter,monthly,16,5,0,4.0,0.578,4.05,31,76.4,Healthy
CUS-00421,Halcyon Arbor Health,SMB,Logistics & Transport,North America,United States,Marketplace,J. Petersen,2024-07-01,2024-07-01,2026-08-01,26,1,,,,192.2,216.23,216.23,5165.41,5165.34,0.00,0,1.7,Starter,monthly,9,1,0,1.125,0.576,4.39,43,62.6,Watch
CUS-00441,Ironwood Court Health,Mid-Market,Education,North America,Canada,Partner,H. Kowalski,2024-08-01,2024-08-01,2024-08-01,1,0,2024-09-01,Switched to competitor,voluntary,1241.1,0.0,1241.1,1241.1,1241.10,0.00,0,0.0,Growth,monthly,28,0,0,1.0,0.679,3.85,1,63.7,Watch
CUS-00445,Ironwood Forge Analytics,SMB,Professional Services,EMEA,United Kingdom,Inbound,B. Lindqvist,2024-08-01,2024-08-01,2025-02-01,7,0,2025-03-01,Company acquired or closed,voluntary,50.0,0.0,50.0,350.0,350.00,0.00,0,2.1,Starter,monthly,2,0,0,1.0,0.643,4.01,11,77.9,Healthy
CUS-00487,Orchid Point Energy,SMB,Education,North America,United States,Inbound,F. Whitfield,2024-10-01,2024-10-01,2026-08-01,23,1,,,,83.5,104.38,104.38,2087.54,2004.00,0.00,0,14.0,Starter,annual,5,1,0,1.25,0.404,3.66,44,44.1,At Risk
CUS-00536,Solstice Vale Media,SMB,Logistics & Transport,EMEA,Germany,Marketplace,G. Almeida,2024-11-01,2024-11-01,2026-08-01,22,1,,,,2174.13,2928.42,2928.42,63670.95,63670.95,0.00,0,2.1,Growth,monthly,66,1,0,1.347,0.661,4.52,27,69.7,Watch
CUS-00551,Pioneer Vale Technologies,SMB,Professional Services,APAC,Japan,Self-Serve,,2024-12-01,2024-12-01,2025-11-01,12,0,2025-12-01,Switched to competitor,voluntary,290.55,0.0,290.55,3486.6,3486.60,0.00,0,5.0,Starter,annual,13,0,0,1.0,0.423,3.61,26,34.0,Critical
CUS-00561,Orchid Arbor Logistics,Mid-Market,Retail & E-commerce,EMEA,United Kingdom,Inbound,H. Kowalski,2024-12-01,2024-12-01,2026-08-01,21,1,,,,736.16,1433.57,1433.57,20069.97,20922.24,0.00,0,11.0,Growth,annual,37,3,0,1.947,0.912,4.49,35,81.5,Healthy
CUS-00574,Ridge Cross Systems,Mid-Market,Financial Services,APAC,Singapore,Outbound,H. Kowalski,2024-12-01,2024-12-01,2026-08-01,21,1,,,,1983.06,2931.48,3276.36,62854.38,62854.38,0.00,0,1.7,Growth,monthly,68,2,1,1.478,0.719,4.74,19,76.7,Healthy
CUS-00584,Basalt Point Industries,SMB,Financial Services,EMEA,Germany,Inbound,L. Duarte,2024-12-01,2024-12-01,2026-08-01,21,1,,,,573.07,878.72,878.72,15396.65,15129.12,0.00,0,17.5,Growth,annual,23,3,0,1.533,0.88,4.09,39,81.3,Healthy
CUS-00604,Pioneer Court Media,SMB,Software & Technology,North America,Canada,Inbound,A. Okafor,2025-01-01,2025-01-01,2026-04-01,16,0,2026-05-01,Price / budget cuts,voluntary,554.0,0.0,554.0,4233.1,4233.10,0.00,0,1.2,Starter,monthly,8,0,2,0.342,0.793,4.7,14,83.5,Healthy
CUS-00623,Pioneer Point Industries,Enterprise,Manufacturing,EMEA,Netherlands,Inbound,L. Duarte,2025-02-01,2025-02-01,2026-08-01,19,1,,,,7190.4,10448.55,11852.93,189983.86,211667.40,0.00,0,7.5,Scale,annual,186,3,2,1.453,0.645,4.2,34,69.6,Watch
CUS-00643,Vertex Peak Labs,SMB,Healthcare,North America,United States,Self-Serve,,2025-02-01,2025-02-01,2025-04-01,3,0,2025-05-01,Low adoption,voluntary,922.32,0.0,922.32,2766.96,2766.96,0.00,0,3.0,Growth,monthly,21,0,0,1.0,0.556,4.02,3,55.2,Watch
CUS-00647,Summit Stone Partners,SMB,Software & Technology,North America,United States,Self-Serve,,2025-02-01,2025-02-01,2025-04-01,3,0,2025-05-01,Low adoption,voluntary,648.0,0.0,820.8,2116.8,2116.80,0.00,0,0.3,Growth,monthly,19,1,0,1.267,0.734,4.68,0,68.5,Watch
CUS-00648,Zephyr River Partners,Mid-Market,Education,LATAM,Mexico,Inbound,J. Petersen,2025-02-01,2025-02-01,2026-08-01,19,1,,,,10307.1,13602.97,13602.97,245272.95,286920.84,0.00,0,16.0,Scale,annual,227,1,0,1.32,0.716,3.82,40,65.5,Watch
CUS-00662,Nimbus Arbor Health,Mid-Market,Retail & E-commerce,EMEA,Germany,Partner,F. Whitfield,2025-03-01,2025-03-01,2026-08-01,18,1,,,,1948.32,1339.47,2435.4,35191.53,35191.53,0.00,0,1.6,Growth,monthly,33,1,1,0.688,0.615,4.12,27,59.9,Watch
CUS-00682,Lumen Court Labs,Enterprise,Retail & E-commerce,EMEA,United Kingdom,Partner,B. Lindqvist,2025-03-01,2025-03-01,2025-11-01,9,0,2025-12-01,Low adoption,voluntary,38209.05,0.0,53410.5,389485.8,458508.60,0.00,0,16.0,Enterprise,annual,650,1,0,1.398,0.723,4.33,9,68.6,Watch
CUS-00695,Maple Forge Media,SMB,Healthcare,EMEA,United Kingdom,Self-Serve,,2025-03-01,2025-03-01,2025-07-01,5,0,2025-08-01,Price / budget cuts,voluntary,70.8,0.0,70.8,354.0,354.00,0.00,0,1.8,Starter,monthly,3,0,0,1.0,0.867,4.11,10,78.1,Healthy
CUS-00696,Ironwood Arbor Analytics,Mid-Market,Financial Services,North America,United States,Outbound,C. Moreau,2025-03-01,2025-03-01,2025-11-01,9,0,2025-12-01,Company acquired or closed,voluntary,556.92,0.0,676.26,5410.08,5410.08,0.00,0,0.9,Growth,monthly,17,2,0,1.214,0.401,3.8,17,43.5,At Risk
CUS-00697,Quartz River Industries,SMB,Healthcare,APAC,India,Self-Serve,,2025-03-01,2025-03-01,2025-03-01,1,0,2025-04-01,Price / budget cuts,voluntary,271.15,0.0,271.15,271.15,271.15,0.00,0,2.0,Starter,monthly,11,0,0,1.0,0.727,4.13,2,65.5,Watch
CUS-00766,Solstice Court Industries,Mid-Market,Education,North America,Canada,Outbound,B. Lindqvist,2025-05-01,2025-05-01,2025-11-01,7,0,2025-12-01,Payment failure,involuntary,5801.25,0.0,7848.75,45318.0,38902.50,6415.50,1,1.8,Scale,monthly,94,2,1,1.106,0.821,4.58,7,76.3,Healthy
CUS-00813,Vertex Arbor Labs,SMB,Software & Technology,LATAM,Mexico,Self-Serve,,2025-06-01,2025-06-01,2026-08-01,15,1,,,,146.7,195.6,195.6,2885.1,2885.10,0.00,0,1.7,Starter,monthly,8,1,0,1.333,0.936,4.31,22,88.3,Healthy
CUS-00852,Ironwood Cove Group,Mid-Market,Healthcare,North America,United States,Inbound,H. Kowalski,2025-08-01,2025-08-01,2025-08-01,1,0,2025-09-01,Low adoption,voluntary,8873.55,0.0,8873.55,8873.55,8873.55,0.00,0,2.0,Scale,monthly,126,0,0,1.0,0.603,3.74,3,55.5,Watch
CUS-00853,Quartz Bridge Industries,SMB,Software & Technology,North America,United States,Inbound,H. Kowalski,2025-08-01,2025-08-01,2026-06-01,11,0,2026-07-01,Low adoption,voluntary,74.25,0.0,99.0,940.5,940.50,0.00,0,1.5,Starter,monthly,4,1,0,1.333,0.705,4.48,11,72.5,Healthy
CUS-00855,Ironwood Forge Solutions,SMB,Logistics & Transport,North America,United States,Self-Serve,,2025-08-01,2025-08-01,2025-09-01,2,0,2025-10-01,Low adoption,voluntary,299.65,0.0,299.65,599.3,3595.80,0.00,0,16.0,Starter,annual,13,0,0,1.0,0.615,4.43,3,60.1,Watch
CUS-00865,Bluefin Vale Financial,SMB,Manufacturing,North America,United States,Self-Serve,,2025-08-01,2025-08-01,2026-08-01,13,1,,,,75.0,75.0,75.0,975.0,975.00,0.00,0,1.5,Starter,monthly,3,0,0,1.0,0.846,4.51,19,84.4,Healthy
CUS-00889,Northwind Court Media,Mid-Market,Healthcare,North America,United States,Inbound,A. Okafor,2025-09-01,2025-09-01,2026-01-01,5,0,2026-02-01,Payment failure,involuntary,3095.4,0.0,3939.6,16321.2,12381.60,3939.60,1,1.0,Scale,monthly,56,1,0,1.273,0.634,3.78,13,61.3,Watch
CUS-00891,Halcyon Arbor Media,Enterprise,Education,EMEA,United Kingdom,Partner,K. Rahman,2025-09-01,2025-09-01,2026-08-01,12,1,,,,5346.0,8019.0,8019.0,70227.0,64152.00,0.00,0,13.0,Scale,annual,132,2,0,1.5,0.668,4.48,16,69.4,Watch
CUS-00900,Orchid Forge Industries,SMB,Manufacturing,APAC,Australia,Self-Serve,,2025-09-01,2025-09-01,2026-08-01,12,1,,,,252.3,147.17,252.3,2396.82,3027.60,0.00,0,9.0,Starter,annual,7,0,1,0.583,0.78,4.35,18,76.8,Healthy
CUS-00919,Juniper Peak Financial,Enterprise,Financial Services,EMEA,United Kingdom,Inbound,E. Nakamura,2025-09-01,2025-09-01,2026-08-01,12,1,,,,8801.1,15268.58,15268.58,166887.57,166887.57,0.00,0,1.4,Scale,monthly,229,2,0,1.735,0.435,3.57,24,49.1,At Risk
CUS-00937,Quartz Watch Technologies,SMB,Financial Services,North America,United States,Self-Serve,,2025-10-01,2025-10-01,2026-08-01,11,1,,,,1518.48,2957.04,2957.04,22617.36,18221.76,0.00,0,3.0,Growth,annual,74,3,0,1.947,0.838,4.43,12,80.8,Healthy
CUS-00954,Northwind Cross Networks,SMB,Professional Services,North America,United States,Inbound,I. Castellanos,2025-10-01,2025-10-01,2025-11-01,2,0,2025-12-01,Poor support experience,voluntary,672.48,0.0,672.48,1260.9,1260.90,0.00,0,2.0,Growth,monthly,14,0,1,0.875,0.598,4.49,4,61.6,Watch
CUS-00960,Aster Vale Systems,SMB,Financial Services,North America,United States,Marketplace,B. Lindqvist,2025-10-01,2025-10-01,2026-08-01,11,1,,,,44.2,44.2,44.2,486.2,530.40,0.00,0,21.0,Starter,annual,2,0,0,1.0,1.0,4.87,13,91.9,Healthy
CUS-00961,Basalt Cross Solutions,SMB,Retail & E-commerce,EMEA,France,Self-Serve,,2025-10-01,2025-10-01,2026-08-01,11,1,,,,840.51,840.51,840.51,9245.61,10086.12,0.00,0,21.0,Growth,annual,22,0,0,1.0,0.657,4.41,21,66.7,Watch
CUS-00995,Maple Arbor Energy,Mid-Market,Manufacturing,North America,United States,Partner,A. Okafor,2025-11-01,2025-11-01,2026-08-01,10,1,,,,1044.36,1131.39,1131.39,11052.81,11052.81,0.00,0,1.7,Growth,monthly,26,1,0,1.083,0.493,3.92,22,49.2,At Risk
CUS-00998,Lyra Point Energy,SMB,Manufacturing,North America,United States,Marketplace,C. Moreau,2025-11-01,2025-11-01,2026-04-01,6,0,2026-05-01,Low adoption,voluntary,300.0,0.0,300.0,1800.0,1800.00,0.00,0,1.3,Starter,monthly,12,0,0,1.0,0.569,3.71,7,51.6,At Risk
CUS-01017,Maple Vale Health,Enterprise,Healthcare,North America,United States,Partner,F. Whitfield,2025-11-01,2025-11-01,2026-07-01,9,0,2026-08-01,Payment failure,involuntary,39996.11,0.0,58674.0,428124.62,369450.62,58674.00,1,2.3,Enterprise,monthly,600,2,0,1.467,0.684,4.31,13,67.9,Watch
CUS-01020,Onyx Gate Technologies,SMB,Financial Services,EMEA,Netherlands,Marketplace,C. Moreau,2025-12-01,2025-12-01,2026-08-01,9,1,,,,1566.77,973.94,1566.77,12915.27,12915.27,0.00,0,1.3,Growth,monthly,23,0,1,0.622,0.315,3.93,9,40.3,At Risk
CUS-01042,Granite Vale Media,Mid-Market,Software & Technology,North America,United States,Inbound,C. Moreau,2025-12-01,2025-12-01,2026-08-01,9,1,,,,3934.5,3934.5,3934.5,35410.5,47214.00,0.00,0,11.0,Scale,annual,61,0,0,1.0,0.687,4.18,8,59.4,Watch
CUS-01068,Pioneer Vale Labs,SMB,Media & Entertainment,EMEA,United Kingdom,Inbound,K. Rahman,2025-12-01,2025-12-01,2026-08-01,9,1,,,,612.99,612.99,612.99,5516.91,5516.91,0.00,0,1.4,Growth,monthly,14,0,0,1.0,0.548,4.42,13,59.8,Watch
CUS-01114,Basalt Harbour Partners,SMB,Education,North America,United States,Self-Serve,,2026-01-01,2026-01-01,2026-02-01,2,0,2026-03-01,Missing functionality,voluntary,423.45,0.0,423.45,846.9,846.90,0.00,0,1.5,Growth,monthly,10,0,0,1.0,0.65,4.14,5,62.0,Watch
CUS-01120,Cobalt Gate Retail,Mid-Market,Professional Services,EMEA,Germany,Partner,H. Kowalski,2026-01-01,2026-01-01,2026-08-01,8,1,,,,2756.55,4374.52,4374.52,25827.67,33078.60,0.00,0,7.0,Scale,annual,73,2,0,1.587,0.797,4.41,17,74.3,Healthy
CUS-01127,Northwind Vale Group,Mid-Market,Retail & E-commerce,EMEA,Sweden,Inbound,I. Castellanos,2026-01-01,2026-01-01,2026-08-01,8,1,,,,678.02,678.02,678.02,5424.16,8136.12,0.00,0,7.0,Growth,annual,19,0,0,1.0,0.638,3.76,17,55.9,Watch
CUS-01134,Aster River Systems,SMB,Software & Technology,North America,Canada,Self-Serve,,2026-01-01,2026-01-01,2026-05-01,5,0,2026-06-01,Switched to competitor,voluntary,96.8,0.0,121.0,508.2,508.20,0.00,0,1.6,Starter,monthly,5,1,0,1.25,0.76,4.05,10,69.5,Watch
CUS-01169,Tidal Vale Media,SMB,Manufacturing,APAC,Japan,Self-Serve,,2026-02-01,2026-02-01,2026-08-01,7,1,,,,212.18,212.18,212.18,1485.26,1485.19,0.00,0,1.9,Starter,monthly,9,0,0,1.0,0.714,4.1,14,64.5,Watch
CUS-01171,Solstice Gate Industries,SMB,Software & Technology,EMEA,United Kingdom,Marketplace,K. Rahman,2026-02-01,2026-02-01,2026-08-01,7,1,,,,75.0,75.0,75.0,525.0,525.00,0.00,0,3.6,Starter,monthly,3,0,0,1.0,0.619,4.26,14,53.0,At Risk
CUS-01194,Juniper Court Partners,SMB,Healthcare,North America,United States,Inbound,E. Nakamura,2026-03-01,2026-03-01,2026-03-01,1,0,2026-04-01,Switched to competitor,voluntary,1010.16,0.0,1010.16,1010.16,1010.16,0.00,0,2.0,Growth,monthly,23,0,0,1.0,0.783,4.51,0,70.4,Healthy
CUS-01204,Lyra Harbour Technologies,SMB,Media & Entertainment,APAC,Singapore,Partner,D. Ferreira,2026-03-01,2026-03-01,2026-04-01,2,0,2026-05-01,Price / budget cuts,voluntary,95.6,0.0,95.6,191.2,191.20,0.00,0,1.5,Starter,monthly,4,0,0,1.0,0.5,3.96,2,55.1,Watch
CUS-01205,Orchid River Networks,SMB,Software & Technology,EMEA,Germany,Marketplace,H. Kowalski,2026-03-01,2026-03-01,2026-08-01,6,1,,,,625.68,625.68,625.68,3754.08,7508.16,0.00,0,19.0,Growth,annual,16,0,0,1.0,0.552,3.89,12,58.1,Watch
CUS-01209,Halcyon Forge Solutions,Mid-Market,Software & Technology,LATAM,Brazil,Partner,K. Rahman,2026-03-01,2026-03-01,2026-08-01,6,1,,,,6957.68,6957.68,6957.68,41746.08,83492.16,0.00,0,13.0,Scale,annual,107,0,0,1.0,0.579,3.88,9,59.1,Watch
CUS-01230,Tidal Court Health,SMB,Professional Services,APAC,Japan,Self-Serve,,2026-03-01,2026-03-01,2026-08-01,6,1,,,,72.97,48.65,72.97,316.22,316.22,0.00,0,1.0,Starter,monthly,2,0,1,0.667,0.528,3.99,10,50.8,At Risk
CUS-01236,Ridge Field Analytics,Mid-Market,Professional Services,North America,Canada,Outbound,F. Whitfield,2026-03-01,2026-03-01,2026-08-01,6,1,,,,676.8,592.2,676.8,3976.2,3976.20,0.00,0,1.8,Growth,monthly,14,0,1,0.875,0.476,3.59,16,44.6,At Risk
CUS-01239,Orchid Bridge Media,Mid-Market,Retail & E-commerce,North America,United States,Marketplace,D. Ferreira,2026-03-01,2026-03-01,2026-08-01,6,1,,,,634.18,634.18,634.18,3805.08,7610.16,0.00,0,4.0,Growth,annual,17,0,0,1.0,0.49,3.76,14,48.4,At Risk
CUS-01246,Bluefin Bridge Health,Mid-Market,Software & Technology,North America,United States,Outbound,G. Almeida,2026-03-01,2026-03-01,2026-08-01,6,1,,,,7702.28,7702.28,7702.28,46213.68,92427.24,0.00,0,18.0,Scale,annual,119,0,0,1.0,0.629,4.24,10,58.5,Watch
CUS-01251,Ironwood Field Technologies,SMB,Manufacturing,APAC,Australia,Self-Serve,,2026-03-01,2026-03-01,2026-08-01,6,1,,,,48.2,96.4,96.4,457.9,457.90,0.00,0,2.8,Starter,monthly,4,2,0,2.0,0.486,4.03,13,43.3,At Risk
CUS-01290,Summit Vale Financial,SMB,Professional Services,EMEA,Netherlands,Partner,G. Almeida,2026-04-01,2026-04-01,2026-05-01,2,0,2026-06-01,Low adoption,voluntary,144.9,0.0,144.9,289.8,289.80,0.00,0,0.0,Starter,monthly,6,0,0,1.0,0.667,3.82,2,58.6,Watch
CUS-01295,Lumen Gate Labs,SMB,Software & Technology,North America,United States,Self-Serve,,2026-04-01,2026-04-01,2026-08-01,5,1,,,,62.1,62.1,62.1,310.5,745.20,0.00,0,17.0,Starter,annual,3,0,0,1.0,0.667,3.7,12,54.4,At Risk
CUS-01311,Northwind Stone Analytics,Mid-Market,Retail & E-commerce,EMEA,Netherlands,Inbound,G. Almeida,2026-05-01,2026-05-01,2026-08-01,4,1,,,,2055.06,2055.06,2055.06,8220.24,8220.24,0.00,0,2.3,Growth,monthly,49,0,0,1.0,0.755,4.34,6,65.8,Watch
CUS-01328,Harbor Forge Analytics,SMB,Software & Technology,APAC,Singapore,Self-Serve,,2026-05-01,2026-05-01,2026-08-01,4,1,,,,213.75,213.75,213.75,855.0,855.00,0.00,0,2.5,Starter,monthly,9,0,0,1.0,0.694,4.22,12,70.9,Healthy
CUS-01356,Tidal Point Networks,Enterprise,Retail & E-commerce,EMEA,France,Outbound,D. Ferreira,2026-05-01,2026-05-01,2026-08-01,4,1,,,,26668.4,35496.56,35496.56,124329.92,320020.80,0.00,0,14.0,Enterprise,annual,386,1,0,1.331,0.61,3.81,6,57.8,Watch
CUS-01358,Beacon Bridge Networks,SMB,Software & Technology,EMEA,United Kingdom,Self-Serve,,2026-05-01,2026-05-01,2026-06-01,2,0,2026-07-01,Payment failure,involuntary,213.75,0.0,213.75,427.5,213.75,213.75,1,0.0,Starter,monthly,9,0,0,1.0,0.667,4.21,2,65.6,Watch
CUS-01360,Meridian Arbor Industries,Enterprise,Software & Technology,North America,United States,Outbound,E. Nakamura,2026-06-01,2026-06-01,2026-08-01,3,1,,,,18669.42,18669.42,18669.42,56008.26,56008.26,0.00,0,1.3,Enterprise,monthly,189,0,0,1.0,0.603,4.55,2,60.1,Watch
CUS-01394,Meridian River Media,Enterprise,Retail & E-commerce,EMEA,United Kingdom,Outbound,F. Whitfield,2026-06-01,2026-06-01,2026-08-01,3,1,,,,3854.4,3854.4,3854.4,11563.2,46252.80,0.00,0,13.0,Scale,annual,64,0,0,1.0,0.646,3.79,10,50.0,At Risk
CUS-01398,Cobalt Arbor Labs,SMB,Software & Technology,EMEA,Sweden,Inbound,C. Moreau,2026-06-01,2026-06-01,2026-08-01,3,1,,,,121.75,121.75,121.75,365.25,365.25,0.00,0,1.3,Starter,monthly,5,0,0,1.0,0.733,4.09,3,63.4,Watch
CUS-01399,Bluefin Peak Solutions,Enterprise,Financial Services,North America,United States,Partner,F. Whitfield,2026-06-01,2026-06-01,2026-08-01,3,1,,,,10323.0,11710.5,11710.5,33744.0,123876.00,0.00,0,8.0,Scale,annual,211,1,0,1.134,0.646,4.03,6,59.8,Watch
CUS-01450,Basalt Gate Analytics,Mid-Market,Software & Technology,EMEA,Germany,Partner,G. Almeida,2026-07-01,2026-07-01,2026-08-01,2,1,,,,12483.0,12483.0,12483.0,24966.0,149796.00,0.00,0,11.0,Scale,annual,190,0,0,1.0,0.587,4.28,3,59.0,Watch
CUS-01464,Orchid Cove Health,SMB,Software & Technology,North America,United States,Self-Serve,,2026-07-01,2026-07-01,2026-07-01,1,0,2026-08-01,Payment failure,involuntary,50.0,0.0,50.0,50.0,0.00,50.00,1,0.0,Starter,monthly,2,0,0,1.0,0.5,4.07,0,55.2,Watch
CUS-01474,Sable Bridge Health,Mid-Market,Software & Technology,APAC,Singapore,Inbound,I. Castellanos,2026-08-01,2026-08-01,2026-08-01,1,1,,,,3149.85,3149.85,3149.85,3149.85,3149.85,0.00,0,1.0,Scale,monthly,46,0,0,1.0,0.674,4.05,1,59.8,Watch
CUS-01477,Halcyon Stone Financial,Enterprise,Healthcare,North America,United States,Inbound,D. Ferreira,2026-08-01,2026-08-01,2026-08-01,1,1,,,,14808.86,14808.86,14808.86,14808.86,177706.32,0.00,0,7.0,Enterprise,annual,166,0,0,1.0,0.584,3.57,1,55.3,Watch
CUS-01496,Quartz Field Financial,SMB,Healthcare,EMEA,Germany,Partner,F. Whitfield,2026-08-01,2026-08-01,2026-08-01,1,1,,,,422.55,422.55,422.55,422.55,422.55,0.00,0,1.0,Growth,monthly,10,0,0,1.0,0.6,4.4,1,60.4,Watch
CUS-01515,Onyx Court Health,SMB,Software & Technology,North America,United States,Marketplace,A. Okafor,2026-08-01,2026-08-01,2026-08-01,1,1,,,,120.88,120.88,120.88,120.88,120.88,0.00,0,2.0,Starter,monthly,5,0,0,1.0,0.8,4.7,0,73.9,Healthy
CUS-01519,Ridge Watch Financial,SMB,Professional Services,North America,Canada,Self-Serve,,2026-08-01,2026-08-01,2026-08-01,1,1,,,,143.5,143.5,143.5,143.5,1722.00,0.00,0,5.0,Starter,annual,7,0,0,1.0,0.857,4.1,2,69.5,Watch
CUS-00009,Summit River Solutions,SMB,Software & Technology,North America,United States,Inbound,B. Lindqvist,2023-01-01,2023-01-01,2023-06-01,6,0,2023-07-01,Poor support experience,voluntary,75.0,0.0,100.0,550.0,550.00,0.00,0,1.5,Starter,monthly,4,1,0,1.333,0.556,4.22,11,58.4,Watch
CUS-00023,Maple Bridge Logistics,Enterprise,Software & Technology,LATAM,Brazil,Outbound,L. Duarte,2023-02-01,2023-02-01,2026-08-01,43,1,,,,43498.29,59778.84,59778.84,1492550.73,1753290.00,0.00,0,7.5,Enterprise,annual,716,5,2,1.374,0.913,4.86,46,97.9,Healthy
CUS-00029,Meridian Court Solutions,Mid-Market,Retail & E-commerce,EMEA,United Kingdom,Outbound,B. Lindqvist,2023-02-01,2023-02-01,2023-08-01,7,0,2023-09-01,Poor support experience,voluntary,6044.4,0.0,6044.4,42310.8,72532.80,0.00,0,18.0,Scale,annual,92,0,0,1.0,0.68,4.08,15,59.0,Watch
CUS-00128,Basalt Field Retail,SMB,Software & Technology,APAC,Australia,Self-Serve,,2023-08-01,2023-08-01,2024-10-01,15,0,2024-11-01,Company acquired or closed,voluntary,350.0,0.0,425.0,4700.0,4700.00,0.00,0,3.1,Starter,monthly,6,1,3,0.429,0.411,3.43,34,43.4,At Risk
CUS-00138,Sable Arbor Labs,SMB,Logistics & Transport,North America,United States,Inbound,H. Kowalski,2023-08-01,2023-08-01,2023-09-01,2,0,2023-10-01,Missing functionality,voluntary,275.0,0.0,275.0,475.0,475.00,0.00,0,3.0,Starter,monthly,8,0,1,0.727,0.585,3.83,3,54.0,At Risk
CUS-00144,Halcyon Gate Media,SMB,Logistics & Transport,North America,United States,Inbound,H. Kowalski,2023-09-01,2023-09-01,2025-12-01,28,0,2026-01-01,Poor support experience,voluntary,145.95,0.0,145.95,3527.24,3527.01,0.00,0,2.0,Starter,monthly,5,0,1,0.833,0.326,4.12,37,51.2,At Risk
CUS-00148,Ironwood Point Industries,SMB,Retail & E-commerce,APAC,Japan,Inbound,I. Castellanos,2023-09-01,2023-09-01,2025-05-01,21,0,2025-06-01,Payment failure,involuntary,1035.0,0.0,1710.0,27765.0,26055.00,1710.00,1,1.7,Growth,monthly,38,4,0,1.652,0.746,3.78,51,74.4,Healthy
CUS-00196,Harbor Cove Media,Enterprise,Retail & E-commerce,APAC,Japan,Inbound,G. Almeida,2023-11-01,2023-11-01,2026-08-01,34,1,,,,4628.7,4315.95,4628.7,144615.6,149369.40,0.00,0,12.7,Scale,annual,69,1,1,0.932,0.127,3.32,71,32.4,Critical
CUS-00212,Meridian Harbour Technologies,Mid-Market,Retail & E-commerce,North America,United States,Marketplace,F. Whitfield,2023-12-01,2023-12-01,2026-08-01,33,1,,,,11470.8,16098.23,16098.23,434065.58,441886.44,0.00,0,9.7,Scale,annual,247,3,1,1.403,0.844,4.34,55,87.6,Healthy
CUS-00223,Vertex Harbour Labs,SMB,Healthcare,EMEA,Germany,Self-Serve,,2023-12-01,2023-12-01,2026-08-01,33,1,,,,447.3,536.76,536.76,17623.62,17623.62,0.00,0,2.1,Growth,monthly,12,1,0,1.2,0.784,4.33,55,77.6,Healthy
CUS-00232,Pioneer Cove Health,SMB,Financial Services,North America,United States,Inbound,L. Duarte,2023-12-01,2023-12-01,2024-03-01,4,0,2024-04-01,Missing functionality,voluntary,121.63,0.0,121.63,486.52,486.48,0.00,0,1.5,Starter,monthly,5,0,0,1.0,0.55,3.93,7,46.2,At Risk
CUS-00244,Basalt Bridge Financial,SMB,Professional Services,North America,United States,Self-Serve,,2024-01-01,2024-01-01,2024-03-01,3,0,2024-04-01,Payment failure,involuntary,540.0,0.0,540.0,1620.0,1080.00,540.00,1,2.0,Growth,monthly,12,0,0,1.0,0.694,4.45,5,64.6,Watch
CUS-00281,Harbor Cross Retail,SMB,Logistics & Transport,LATAM,Brazil,Self-Serve,,2024-02-01,2024-02-01,2024-05-01,4,0,2024-06-01,Payment failure,involuntary,282.6,0.0,282.6,942.0,753.60,188.40,1,2.0,Starter,monthly,8,0,1,0.667,0.729,3.76,6,61.7,Watch
CUS-00283,Tidal Watch Industries,SMB,Manufacturing,North America,United States,Self-Serve,,2024-02-01,2024-02-01,2026-08-01,23,1,2024-12-01,Low adoption,voluntary,582.12,415.8,582.12,12224.52,12224.52,0.00,0,1.3,Growth,monthly,10,0,1,0.714,0.851,4.44,41,83.8,Healthy
CUS-00336,Harbor Peak Networks,SMB,Software & Technology,EMEA,France,Inbound,E. Nakamura,2024-04-01,2024-04-01,2024-11-01,8,0,2024-12-01,Payment failure,involuntary,116.75,0.0,116.75,793.9,700.50,93.40,1,2.4,Starter,monthly,4,0,1,0.8,0.525,3.69,19,51.6,At Risk
CUS-00342,Quartz Court Industries,Mid-Market,Software & Technology,EMEA,Germany,Partner,A. Okafor,2024-05-01,2024-05-01,2026-04-01,24,0,2026-05-01,Price / budget cuts,voluntary,1633.23,0.0,2804.9,50417.17,35789.04,0.00,0,3.5,Growth,annual,79,5,1,1.717,0.303,3.51,43,35.2,Critical
CUS-00351,Ridge Field Industries,Mid-Market,Media & Entertainment,North America,Canada,Partner,F. Whitfield,2024-05-01,2024-05-01,2026-08-01,28,1,,,,627.08,162.58,627.08,9689.56,9689.56,0.00,0,2.0,Starter,monthly,7,0,3,0.259,0.224,3.63,60,38.4,Critical
CUS-00362,Ironwood Gate Industries,Mid-Market,Healthcare,North America,United States,Inbound,I. Castellanos,2024-05-01,2024-05-01,2026-08-01,28,1,,,,831.6,1900.8,1940.4,35877.6,35877.60,0.00,0,1.5,Growth,monthly,48,5,1,2.286,0.781,4.53,36,74.2,Healthy
CUS-00365,Tidal Forge Logistics,SMB,Media & Entertainment,North America,United States,Self-Serve,,2024-05-01,2024-05-01,2026-08-01,28,1,,,,900.0,720.0,900.0,22590.0,22590.00,0.00,0,2.4,Growth,monthly,16,1,2,0.8,0.831,4.47,41,95.0,Healthy
CUS-00367,Falcon Gate Labs,SMB,Financial Services,EMEA,Sweden,Inbound,C. Moreau,2024-06-01,2024-06-01,2024-09-01,4,0,2024-10-01,Low adoption,voluntary,93.2,0.0,93.2,372.8,372.80,0.00,0,1.3,Starter,monthly,4,0,0,1.0,0.75,4.28,8,67.1,Watch
CUS-00374,Ironwood Stone Networks,SMB,Education,North America,Canada,Partner,L. Duarte,2024-06-01,2024-06-01,2024-08-01,3,0,2024-09-01,Poor support experience,voluntary,167.83,0.0,167.83,479.51,479.49,0.00,0,1.7,Starter,monthly,6,0,1,0.857,0.548,3.95,8,51.2,At Risk
CUS-00376,Orchid Field Analytics,SMB,Software & Technology,APAC,Australia,Self-Serve,,2024-06-01,2024-06-01,2026-08-01,27,1,,,,158.38,113.13,158.38,4231.01,5701.68,0.00,0,17.0,Starter,annual,5,0,1,0.714,0.535,4.13,35,68.2,Watch
CUS-00406,Vertex Stone Systems,SMB,Software & Technology,EMEA,Sweden,Marketplace,D. Ferreira,2024-07-01,2024-07-01,2024-09-01,3,0,2024-10-01,Missing functionality,voluntary,72.83,0.0,72.83,218.49,218.49,0.00,0,0.7,Starter,monthly,3,0,0,1.0,0.667,4.31,9,61.9,Watch
CUS-00440,Granite Vale Technologies,Mid-Market,Retail & E-commerce,EMEA,Germany,Outbound,B. Lindqvist,2024-08-01,2024-08-01,2024-08-01,1,0,2024-09-01,Payment failure,involuntary,7754.63,0.0,7754.63,7754.63,0.00,7754.62,1,0.0,Scale,monthly,113,0,0,1.0,0.637,4.15,1,63.3,Watch
CUS-00483,Beacon Cross Media,Enterprise,Media & Entertainment,North America,Canada,Partner,B. Lindqvist,2024-09-01,2024-09-01,2026-08-01,24,1,,,,6174.0,6174.0,6174.0,148176.0,148176.00,0.00,0,10.0,Scale,annual,112,0,0,1.0,0.491,3.87,56,62.8,Watch
CUS-00504,Harbor Forge Media,SMB,Professional Services,APAC,Australia,Self-Serve,,2024-10-01,2024-10-01,2026-08-01,23,1,,,,585.0,675.0,675.0,12870.0,12870.00,0.00,0,2.1,Growth,monthly,15,3,1,1.154,0.452,4.32,40,38.3,Critical
CUS-00509,Orchid Point Group,SMB,Professional Services,North America,United States,Inbound,E. Nakamura,2024-10-01,2024-10-01,2026-08-01,23,1,,,,1674.09,2951.69,2951.69,46566.14,46566.13,0.00,0,1.8,Growth,monthly,67,2,0,1.763,0.891,4.32,46,88.5,Healthy
CUS-00523,Nimbus Bridge Retail,SMB,Logistics & Transport,EMEA,United Kingdom,Self-Serve,,2024-11-01,2024-11-01,2024-11-01,1,0,2024-12-01,Low adoption,voluntary,125.0,0.0,125.0,125.0,125.00,0.00,0,0.0,Starter,monthly,5,0,0,1.0,0.6,3.84,3,56.5,Watch
CUS-00534,Lumen Point Analytics,SMB,Software & Technology,EMEA,United Kingdom,Self-Serve,,2024-11-01,2024-11-01,2026-04-01,18,0,2026-05-01,Payment failure,involuntary,139.5,0.0,139.5,2511.0,2371.50,139.50,1,2.4,Starter,monthly,6,0,0,1.0,0.667,4.32,34,73.4,Healthy
CUS-00552,Beacon Harbour Technologies,SMB,Software & Technology,North America,Canada,Self-Serve,,2024-12-01,2024-12-01,2025-02-01,3,0,2025-03-01,Payment failure,involuntary,149.25,0.0,149.25,447.75,298.50,149.25,1,0.5,Starter,monthly,6,0,0,1.0,0.889,4.48,7,80.1,Healthy
CUS-00556,Pioneer Field Systems,SMB,Healthcare,North America,United States,Marketplace,E. Nakamura,2024-12-01,2024-12-01,2026-08-01,21,1,,,,115.88,162.23,162.23,2781.04,2781.03,0.00,0,2.1,Starter,monthly,7,2,0,1.4,0.814,4.06,37,81.0,Healthy
CUS-00586,Vertex Bridge Retail,SMB,Media & Entertainment,North America,United States,Marketplace,K. Rahman,2025-01-01,2025-01-01,2026-08-01,20,1,,,,121.5,315.9,315.9,3742.2,3742.20,0.00,0,1.7,Starter,monthly,13,3,0,2.6,0.723,4.34,40,81.1,Healthy
CUS-00622,Sable Gate Systems,SMB,Healthcare,EMEA,Germany,Inbound,G. Almeida,2025-01-01,2025-01-01,2025-12-01,12,0,2026-01-01,Missing functionality,voluntary,711.36,0.0,800.28,8980.92,8980.92,0.00,0,1.3,Growth,monthly,18,1,0,1.125,0.648,4.15,22,61.5,Watch
CUS-00628,Quartz Stone Group,SMB,Healthcare,EMEA,Germany,Partner,J. Petersen,2025-02-01,2025-02-01,2025-11-01,10,0,2025-12-01,Payment failure,involuntary,645.98,0.0,645.98,5167.85,4952.50,215.32,1,1.4,Starter,monthly,9,0,1,0.333,0.467,4.41,10,48.2,At Risk
CUS-00636,Maple Field Solutions,SMB,Logistics & Transport,EMEA,United Kingdom,Self-Serve,,2025-02-01,2025-02-01,2026-08-01,19,1,,,,158.9,158.9,158.9,3019.1,3813.60,0.00,0,8.5,Starter,annual,7,0,0,1.0,0.346,3.48,43,32.2,Critical
CUS-00639,Sable Stone Energy,Enterprise,Software & Technology,APAC,Australia,Outbound,F. Whitfield,2025-02-01,2025-02-01,2026-08-01,19,1,,,,37034.8,32018.8,37034.8,598743.2,828643.20,0.00,0,8.0,Enterprise,annual,383,1,1,0.865,0.632,4.08,25,64.5,Watch
CUS-00642,Granite Gate Logistics,SMB,Manufacturing,North America,United States,Inbound,I. Castellanos,2025-02-01,2025-02-01,2026-08-01,19,1,,,,50.0,50.0,50.0,950.0,950.00,0.00,0,2.0,Starter,monthly,2,0,0,1.0,0.5,4.18,38,55.7,Watch
CUS-00657,Vertex Vale Analytics,SMB,Retail & E-commerce,EMEA,United Kingdom,Inbound,J. Petersen,2025-03-01,2025-03-01,2026-08-01,18,1,,,,181.6,249.7,249.7,3677.4,5175.60,0.00,0,23.5,Starter,annual,11,1,0,1.375,0.907,4.51,32,75.6,Healthy
CUS-00671,Ironwood Court Labs,SMB,Healthcare,EMEA,France,Self-Serve,,2025-03-01,2025-03-01,2025-11-01,9,0,2025-12-01,Missing functionality,voluntary,300.0,0.0,300.0,2700.0,2700.00,0.00,0,1.7,Starter,monthly,12,0,0,1.0,0.481,4.01,16,46.1,At Risk
CUS-00723,Zephyr Peak Financial,Enterprise,Manufacturing,North America,United States,Outbound,A. Okafor,2025-04-01,2025-04-01,2026-08-01,17,1,,,,77093.94,125396.04,125396.04,1797027.54,1797027.54,0.00,0,2.8,Enterprise,monthly,1324,3,0,1.627,0.571,4.0,31,61.9,Watch
CUS-00730,Aster Court Analytics,SMB,Retail & E-commerce,EMEA,United Kingdom,Self-Serve,,2025-04-01,2025-04-01,2026-08-01,17,1,,,,1979.64,2737.8,2737.8,38202.84,38202.84,0.00,0,1.4,Growth,monthly,65,1,0,1.383,0.833,4.5,28,82.9,Healthy
CUS-00743,Nimbus Stone Labs,SMB,Healthcare,APAC,Australia,Inbound,H. Kowalski,2025-05-01,2025-05-01,2026-08-01,16,1,,,,196.2,196.2,196.2,3139.2,3139.20,0.00,0,1.9,Starter,monthly,8,0,0,1.0,0.75,4.31,31,75.9,Healthy
CUS-00755,Halcyon Field Analytics,SMB,Education,EMEA,Sweden,Self-Serve,,2025-05-01,2025-05-01,2025-10-01,6,0,2025-11-01,Payment failure,involuntary,1395.0,0.0,1755.0,10170.0,8415.00,1755.00,1,1.8,Growth,monthly,39,1,0,1.258,0.784,4.24,9,74.2,Healthy
CUS-00759,Corvus River Group,SMB,Retail & E-commerce,APAC,Singapore,Inbound,L. Duarte,2025-05-01,2025-05-01,2026-08-01,16,1,,,,1585.8,2061.54,2061.54,30605.94,43768.08,0.00,0,11.5,Growth,annual,52,1,0,1.3,0.385,3.79,41,36.5,Critical
CUS-00779,Bluefin Vale Analytics,SMB,Professional Services,North America,United States,Marketplace,C. Moreau,2025-06-01,2025-06-01,2026-08-01,15,1,,,,97.6,48.8,97.6,1073.6,1073.60,0.00,0,0.9,Starter,monthly,2,0,2,0.5,0.606,3.85,35,58.3,Watch
CUS-00792,Northwind Arbor Solutions,SMB,Financial Services,North America,United States,Marketplace,L. Duarte,2025-06-01,2025-06-01,2026-08-01,15,1,,,,125.0,75.0,125.0,1625.0,1625.00,0.00,0,1.1,Starter,monthly,3,0,2,0.6,0.684,3.85,34,65.7,Watch
CUS-00805,Harbor Stone Partners,SMB,Professional Services,North America,United States,Self-Serve,,2025-06-01,2025-06-01,2026-06-01,13,0,2026-07-01,Payment failure,involuntary,107.25,0.0,107.25,1394.25,1287.00,1287.00,1,14.0,Starter,annual,5,0,0,1.0,0.785,4.47,18,77.6,Healthy
CUS-00814,Cobalt Forge Energy,Mid-Market,Logistics & Transport,North America,United States,Outbound,E. Nakamura,2025-06-01,2025-06-01,2025-08-01,3,0,2025-09-01,Price / budget cuts,voluntary,9726.75,0.0,9726.75,29180.25,29180.25,0.00,0,0.7,Scale,monthly,131,0,0,1.0,0.583,3.86,4,61.3,Watch
CUS-00824,Onyx Forge Financial,SMB,Software & Technology,APAC,India,Inbound,D. Ferreira,2025-07-01,2025-07-01,2026-08-01,14,1,,,,139.35,139.35,139.35,1950.9,1950.90,0.00,0,1.4,Starter,monthly,6,0,0,1.0,0.667,3.9,37,60.8,Watch
CUS-00834,Bluefin River Retail,SMB,Software & Technology,APAC,Australia,Self-Serve,,2025-07-01,2025-07-01,2026-08-01,14,1,,,,321.75,445.5,445.5,4628.25,4628.25,0.00,0,2.4,Starter,monthly,18,1,0,1.385,0.724,3.79,34,74.8,Healthy
CUS-00837,Beacon Cross Systems,Mid-Market,Retail & E-commerce,North America,United States,Marketplace,C. Moreau,2025-07-01,2025-07-01,2026-08-01,14,1,,,,1863.23,1863.23,1863.23,26085.22,44717.28,0.00,0,15.0,Growth,annual,49,0,0,1.0,0.585,3.78,35,52.6,At Risk
CUS-00869,Cobalt Gate Systems,SMB,Logistics & Transport,LATAM,Mexico,Inbound,L. Duarte,2025-08-01,2025-08-01,2025-11-01,4,0,2025-12-01,Price / budget cuts,voluntary,121.63,0.0,121.63,486.52,486.48,0.00,0,1.3,Starter,monthly,5,0,0,1.0,0.6,3.9,4,59.9,Watch
CUS-00870,Meridian Forge Media,SMB,Financial Services,EMEA,Netherlands,Self-Serve,,2025-08-01,2025-08-01,2025-12-01,5,0,2026-01-01,Price / budget cuts,voluntary,810.54,0.0,810.54,3754.08,3754.08,0.00,0,1.8,Growth,monthly,12,0,1,0.632,0.819,4.57,5,76.0,Healthy
CUS-00896,Onyx Bridge Technologies,SMB,Manufacturing,North America,United States,Self-Serve,,2025-09-01,2025-09-01,2026-08-01,12,1,,,,879.3,1714.64,1714.64,16003.28,16003.24,0.00,0,2.8,Growth,monthly,39,2,0,1.95,0.826,4.56,18,84.4,Healthy
CUS-00910,Nimbus Cross Group,Mid-Market,Software & Technology,APAC,India,Inbound,K. Rahman,2025-09-01,2025-09-01,2026-08-01,12,1,,,,4803.15,5209.05,5682.6,61358.55,61358.55,0.00,0,1.8,Scale,monthly,77,1,1,1.085,0.832,4.57,18,79.5,Healthy
CUS-00925,Ridge Peak Analytics,SMB,Logistics & Transport,EMEA,United Kingdom,Marketplace,D. Ferreira,2025-10-01,2025-10-01,2026-08-01,11,1,,,,187.4,234.25,257.68,2225.38,2225.38,0.00,0,1.6,Starter,monthly,10,1,1,1.25,0.748,4.27,21,73.8,Healthy
CUS-00926,Granite Forge Systems,SMB,Healthcare,North America,United States,Partner,L. Duarte,2025-10-01,2025-10-01,2026-02-01,5,0,2026-03-01,Price / budget cuts,voluntary,253.28,0.0,253.28,1266.4,1266.40,0.00,0,1.4,Starter,monthly,11,0,0,1.0,0.691,4.16,7,60.9,Watch
CUS-00942,Quartz Harbour Networks,SMB,Healthcare,EMEA,France,Partner,C. Moreau,2025-10-01,2025-10-01,2025-12-01,3,0,2026-01-01,Missing functionality,voluntary,92.7,0.0,92.7,278.1,278.10,0.00,0,1.3,Starter,monthly,4,0,0,1.0,0.5,3.69,5,48.9,At Risk
CUS-00949,Zephyr Court Group,SMB,Retail & E-commerce,North America,Canada,Inbound,L. Duarte,2025-10-01,2025-10-01,2026-08-01,11,1,,,,177.0,199.13,199.13,1969.13,2124.00,0.00,0,1.0,Starter,annual,9,1,0,1.125,0.686,3.92,22,68.6,Watch
CUS-00959,Juniper Court Labs,Mid-Market,Manufacturing,North America,United States,Inbound,A. Okafor,2025-10-01,2025-10-01,2026-08-01,11,1,,,,8324.85,8324.85,8324.85,91573.35,99898.20,0.00,0,0.0,Scale,annual,127,0,0,1.0,0.428,3.77,19,39.9,Critical
CUS-00963,Sable Stone Solutions,Enterprise,Manufacturing,North America,Canada,Outbound,K. Rahman,2025-10-01,2025-10-01,2026-08-01,11,1,,,,35555.52,65054.88,65054.88,592722.24,592722.24,0.00,0,1.5,Enterprise,monthly,666,3,0,1.83,0.827,4.2,29,80.4,Healthy
CUS-01007,Crestline Gate Systems,SMB,Professional Services,North America,Canada,Inbound,E. Nakamura,2025-11-01,2025-11-01,2026-02-01,4,0,2026-03-01,Poor support experience,voluntary,265.1,0.0,265.1,1060.4,1060.40,0.00,0,3.5,Starter,monthly,11,0,0,1.0,0.614,3.7,10,56.9,Watch
CUS-01013,Nimbus Court Labs,Mid-Market,Media & Entertainment,North America,United States,Outbound,L. Duarte,2025-11-01,2025-11-01,2026-08-01,10,1,,,,720.77,948.38,948.38,9256.19,8649.12,0.00,0,21.0,Growth,annual,25,1,0,1.316,0.659,4.05,16,70.6,Healthy
CUS-01014,Aster Harbour Financial,Mid-Market,Healthcare,North America,United States,Marketplace,L. Duarte,2025-11-01,2025-11-01,2026-01-01,3,0,2026-02-01,Price / budget cuts,voluntary,1357.29,0.0,1357.29,4071.87,4071.87,0.00,0,2.3,Growth,monthly,33,0,0,1.0,0.485,3.45,6,50.8,At Risk
CUS-01041,Meridian Gate Partners,SMB,Professional Services,EMEA,France,Self-Serve,,2025-12-01,2025-12-01,2026-08-01,9,1,,,,965.25,965.25,965.25,8687.25,11583.00,0.00,0,5.0,Growth,annual,26,0,0,1.0,0.496,4.41,11,53.2,At Risk
CUS-01073,Harbor Field Industries,Mid-Market,Retail & E-commerce,North America,United States,Inbound,H. Kowalski,2025-12-01,2025-12-01,2026-08-01,9,1,,,,3683.63,4286.4,4286.4,37974.83,37974.82,0.00,0,0.9,Scale,monthly,64,1,0,1.164,0.486,4.06,15,45.2,At Risk
CUS-01077,Lumen Forge Partners,Mid-Market,Financial Services,North America,Canada,Inbound,A. Okafor,2025-12-01,2025-12-01,2026-08-01,9,1,,,,7616.7,7616.7,7616.7,68550.3,91400.40,0.00,0,0.0,Scale,annual,117,0,0,1.0,0.506,4.35,18,49.1,At Risk
CUS-01095,Basalt Arbor Health,Enterprise,Financial Services,APAC,Singapore,Outbound,B. Lindqvist,2026-01-01,2026-01-01,2026-08-01,8,1,,,,36653.1,47943.94,47943.94,349679.0,439837.20,0.00,0,1.0,Enterprise,annual,569,1,0,1.308,0.556,4.12,19,50.0,At Risk
CUS-01125,Meridian Field Health,SMB,Healthcare,North America,United States,Self-Serve,,2026-01-01,2026-01-01,2026-08-01,8,1,,,,161.53,207.68,207.68,1476.84,1476.84,0.00,0,0.9,Starter,monthly,9,1,0,1.286,0.837,4.35,18,78.3,Healthy
CUS-01145,Aster Peak Industries,Enterprise,Retail & E-commerce,EMEA,Netherlands,Partner,G. Almeida,2026-02-01,2026-02-01,2026-08-01,7,1,,,,16900.4,18370.0,18370.0,122711.6,202804.80,0.00,0,11.0,Enterprise,annual,200,1,0,1.087,0.705,4.07,13,67.5,Watch
CUS-01151,Pioneer Arbor Media,SMB,Financial Services,North America,United States,Marketplace,D. Ferreira,2026-02-01,2026-02-01,2026-08-01,7,1,,,,470.34,470.34,470.34,3292.38,5644.08,0.00,0,21.0,Growth,annual,12,0,0,1.0,0.429,3.79,9,46.8,At Risk
CUS-01170,Onyx Field Solutions,SMB,Financial Services,North America,United States,Inbound,E. Nakamura,2026-02-01,2026-02-01,2026-08-01,7,1,,,,65.47,87.3,87.3,480.12,785.64,0.00,0,10.0,Starter,annual,4,1,0,1.333,0.679,3.7,19,62.0,Watch
CUS-01199,Bluefin Gate Partners,Mid-Market,Software & Technology,North America,United States,Inbound,G. Almeida,2026-03-01,2026-03-01,2026-08-01,6,1,,,,10102.13,10102.13,10102.13,60612.78,121225.44,0.00,0,8.0,Scale,annual,155,0,0,1.0,0.63,4.33,4,65.3,Watch
CUS-01216,Pioneer Peak Health,Enterprise,Professional Services,North America,United States,Partner,A. Okafor,2026-03-01,2026-03-01,2026-08-01,6,1,,,,10771.2,9873.6,10771.2,62832.0,129254.40,0.00,0,18.0,Scale,annual,176,0,1,0.917,0.473,3.88,8,47.7,At Risk
CUS-01221,Tidal Cove Financial,SMB,Financial Services,North America,United States,Self-Serve,,2026-03-01,2026-03-01,2026-08-01,6,1,,,,1911.6,1911.6,1911.6,11469.6,22939.20,0.00,0,18.0,Growth,annual,48,0,0,1.0,0.573,4.01,7,57.0,Watch
CUS-01235,Summit Field Labs,SMB,Media & Entertainment,North America,United States,Inbound,E. Nakamura,2026-03-01,2026-03-01,2026-03-01,1,0,2026-04-01,Payment failure,involuntary,945.0,0.0,945.0,945.0,0.00,945.00,1,0.0,Growth,monthly,21,0,0,1.0,0.571,3.92,3,52.5,At Risk
CUS-01255,Halcyon Field Health,Mid-Market,Financial Services,North America,United States,Outbound,F. Whitfield,2026-03-01,2026-03-01,2026-08-01,6,1,,,,10801.35,9734.55,10801.35,61607.7,61607.70,0.00,0,1.0,Scale,monthly,146,0,1,0.901,0.759,4.38,10,73.1,Healthy
CUS-01270,Corvus Court Systems,SMB,Software & Technology,North America,Canada,Self-Serve,,2026-04-01,2026-04-01,2026-08-01,5,1,,,,70.35,70.35,70.35,351.75,351.75,0.00,0,2.0,Starter,monthly,3,0,0,1.0,0.667,4.41,9,59.2,Watch
CUS-01303,Aster Stone Financial,Mid-Market,Software & Technology,North America,United States,Partner,L. Duarte,2026-04-01,2026-04-01,2026-08-01,5,1,,,,11030.7,15283.5,15283.5,67911.9,132368.40,0.00,0,3.0,Scale,annual,230,1,0,1.386,0.657,3.57,9,58.7,Watch
CUS-01310,Vertex Bridge Group,SMB,Professional Services,EMEA,France,Inbound,A. Okafor,2026-05-01,2026-05-01,2026-08-01,4,1,,,,204.75,273.0,273.0,1023.75,2457.00,0.00,0,19.0,Starter,annual,12,1,0,1.333,0.715,4.16,6,63.7,Watch
CUS-01332,Bluefin Harbour Labs,Mid-Market,Retail & E-commerce,North America,United States,Partner,E. Nakamura,2026-05-01,2026-05-01,2026-08-01,4,1,,,,10505.93,7598.63,10505.93,35217.99,35217.96,0.00,0,1.8,Scale,monthly,115,1,1,0.723,0.533,3.58,10,45.5,At Risk
CUS-01349,Corvus Watch Financial,Mid-Market,Financial Services,North America,United States,Partner,I. Castellanos,2026-05-01,2026-05-01,2026-08-01,4,1,,,,9501.3,9501.3,9501.3,38005.2,114015.60,0.00,0,8.0,Scale,annual,162,0,0,1.0,0.821,4.52,4,74.0,Healthy
CUS-01354,Juniper Peak Networks,SMB,Manufacturing,North America,United States,Partner,K. Rahman,2026-05-01,2026-05-01,2026-08-01,4,1,,,,240.0,240.0,240.0,960.0,960.00,0.00,0,1.3,Starter,monthly,10,0,0,1.0,0.6,4.48,4,56.6,Watch
CUS-01370,Crestline Court Systems,Mid-Market,Software & Technology,EMEA,United Kingdom,Inbound,E. Nakamura,2026-06-01,2026-06-01,2026-06-01,1,0,2026-07-01,Payment failure,involuntary,749.25,0.0,749.25,749.25,0.00,749.25,1,0.0,Growth,monthly,18,0,0,1.0,0.778,3.96,0,67.9,Watch
CUS-01372,Summit Watch Technologies,SMB,Financial Services,EMEA,Germany,Self-Serve,,2026-06-01,2026-06-01,2026-08-01,3,1,,,,94.4,94.4,94.4,283.2,283.20,0.00,0,1.0,Starter,monthly,4,0,0,1.0,0.667,3.86,5,57.4,Watch
CUS-01380,Summit Gate Systems,SMB,Manufacturing,EMEA,Netherlands,Inbound,D. Ferreira,2026-06-01,2026-06-01,2026-07-01,2,0,2026-08-01,Switched to competitor,voluntary,98.4,0.0,98.4,196.8,196.80,0.00,0,1.0,Starter,monthly,4,0,0,1.0,0.75,3.71,2,64.4,Watch
CUS-01409,Summit Forge Partners,SMB,Healthcare,North America,United States,Marketplace,K. Rahman,2026-06-01,2026-06-01,2026-07-01,2,0,2026-08-01,Low adoption,voluntary,1434.51,0.0,1434.51,2869.02,2869.02,0.00,0,2.0,Growth,monthly,33,0,0,1.0,0.636,4.28,3,63.1,Watch
CUS-01425,Ridge Stone Financial,SMB,Financial Services,North America,United States,Self-Serve,,2026-07-01,2026-07-01,2026-08-01,2,1,,,,93.4,93.4,93.4,186.8,186.80,0.00,0,2.0,Starter,monthly,4,0,0,1.0,0.75,4.25,6,60.3,Watch
CUS-01467,Falcon Gate Networks,Mid-Market,Logistics & Transport,EMEA,United Kingdom,Inbound,L. Duarte,2026-07-01,2026-07-01,2026-08-01,2,1,,,,1840.19,1840.19,1840.19,3680.38,3680.36,0.00,0,2.0,Growth,monthly,43,0,0,1.0,0.535,3.91,4,49.2,At Risk
CUS-01483,Aster River Logistics,SMB,Financial Services,North America,United States,Self-Serve,,2026-08-01,2026-08-01,2026-08-01,1,1,,,,219.83,219.83,219.83,219.83,219.82,0.00,0,1.0,Starter,monthly,9,0,0,1.0,0.667,3.76,4,56.0,Watch
CUS-01494,Zephyr Field Energy,Enterprise,Professional Services,EMEA,Germany,Partner,A. Okafor,2026-08-01,2026-08-01,2026-08-01,1,1,,,,44094.6,44094.6,44094.6,44094.6,529135.20,0.00,0,5.0,Enterprise,annual,510,0,0,1.0,0.68,3.65,5,56.8,Watch
CUS-01513,Harbor Cove Retail,Enterprise,Healthcare,North America,United States,Inbound,E. Nakamura,2026-08-01,2026-08-01,2026-08-01,1,1,,,,23750.32,23750.32,23750.32,23750.32,285003.84,0.00,0,7.0,Enterprise,annual,274,0,0,1.0,0.65,4.41,2,62.4,Watch
CUS-00003,Corvus Forge Group,SMB,Software & Technology,North America,United States,Partner,J. Petersen,2023-01-01,2023-01-01,2023-03-01,3,0,2023-04-01,Price / budget cuts,voluntary,585.0,0.0,585.0,1755.0,1755.00,0.00,0,2.0,Growth,monthly,13,0,0,1.0,0.487,3.69,4,48.7,At Risk
CUS-00008,Tidal Court Group,SMB,Healthcare,North America,United States,Marketplace,J. Petersen,2023-01-01,2023-01-01,2026-08-01,36,1,2024-02-01,Price / budget cuts,voluntary,480.65,742.82,742.82,21629.15,21628.90,0.00,0,2.0,Growth,monthly,17,3,0,1.545,0.85,4.02,75,84.8,Healthy
CUS-00063,Orchid River Logistics,Mid-Market,Healthcare,EMEA,Germany,Inbound,H. Kowalski,2023-04-01,2023-04-01,2024-08-01,17,0,2024-09-01,Payment failure,involuntary,7056.0,0.0,7056.0,109584.0,103824.00,5760.00,1,2.1,Scale,monthly,80,0,1,0.816,0.227,3.67,32,33.3,Critical
CUS-00077,Pioneer Court Health,Enterprise,Professional Services,APAC,Singapore,Outbound,J. Petersen,2023-05-01,2023-05-01,2026-08-01,40,1,,,,30179.6,20983.6,33022.0,1123667.6,1350307.20,0.00,0,13.3,Enterprise,annual,251,2,3,0.695,0.91,4.46,75,92.0,Healthy
CUS-00089,Tidal Field Group,SMB,Software & Technology,North America,United States,Marketplace,G. Almeida,2023-06-01,2023-06-01,2023-09-01,4,0,2023-10-01,Payment failure,involuntary,164.5,0.0,164.5,658.0,493.50,164.50,1,2.0,Starter,monthly,7,0,0,1.0,0.643,4.08,9,63.1,Watch
CUS-00096,Cobalt Court Technologies,Mid-Market,Software & Technology,EMEA,United Kingdom,Partner,H. Kowalski,2023-06-01,2023-06-01,2026-08-01,39,1,,,,801.0,2322.9,2322.9,45056.25,62478.00,0.00,0,16.3,Growth,annual,58,8,2,2.9,0.908,4.5,53,90.0,Healthy
CUS-00100,Crestline Vale Retail,SMB,Media & Entertainment,North America,United States,Partner,K. Rahman,2023-06-01,2023-06-01,2023-09-01,4,0,2023-10-01,Switched to competitor,voluntary,323.7,0.0,323.7,1294.8,1294.80,0.00,0,1.0,Starter,monthly,13,0,0,1.0,0.692,4.1,7,67.4,Watch
CUS-00111,Beacon Arbor Labs,SMB,Media & Entertainment,North America,United States,Self-Serve,,2023-07-01,2023-07-01,2023-08-01,2,0,2023-09-01,Price / budget cuts,voluntary,300.0,0.0,300.0,600.0,600.00,0.00,0,0.5,Starter,monthly,12,0,0,1.0,0.625,3.5,10,45.3,At Risk
CUS-00149,Orchid Cove Group,Mid-Market,Professional Services,EMEA,France,Inbound,J. Petersen,2023-09-01,2023-09-01,2025-09-01,25,0,2025-10-01,Payment failure,involuntary,878.63,0.0,1265.22,24812.4,24039.12,15182.64,1,16.0,Growth,annual,36,3,1,1.44,0.28,3.51,65,33.5,Critical
CUS-00198,Nimbus Point Analytics,SMB,Logistics & Transport,North America,United States,Inbound,L. Duarte,2023-11-01,2023-11-01,2026-08-01,34,1,,,,828.9,538.79,828.9,21965.97,21965.82,0.00,0,2.3,Growth,monthly,13,0,2,0.65,0.838,3.99,86,80.5,Healthy
CUS-00219,Zephyr Field Technologies,Mid-Market,Media & Entertainment,APAC,Japan,Outbound,F. Whitfield,2023-12-01,2023-12-01,2026-08-01,33,1,,,,4491.6,6560.1,7683.0,197985.0,224816.40,0.00,0,10.0,Scale,annual,111,3,1,1.461,0.85,4.34,49,78.2,Healthy
CUS-00221,Bluefin Arbor Partners,SMB,Retail & E-commerce,North America,United States,Inbound,L. Duarte,2023-12-01,2023-12-01,2024-04-01,5,0,2024-05-01,Missing functionality,voluntary,74.93,0.0,99.9,449.56,449.54,0.00,0,1.6,Starter,monthly,4,1,0,1.333,0.717,4.26,9,67.5,Watch
CUS-00231,Cobalt Field Systems,SMB,Education,North America,United States,Self-Serve,,2023-12-01,2023-12-01,2026-08-01,33,1,,,,75.0,50.0,150.0,3225.0,3225.00,0.00,0,1.5,Starter,monthly,2,2,3,0.667,0.714,4.14,63,88.1,Healthy
CUS-00241,Quartz Field Energy,SMB,Manufacturing,North America,United States,Marketplace,D. Ferreira,2024-01-01,2024-01-01,2026-05-01,29,0,2026-06-01,Low adoption,voluntary,249.98,0.0,363.6,7544.76,10635.24,0.00,0,10.3,Starter,annual,8,1,2,0.727,0.217,3.68,58,43.7,At Risk
CUS-00249,Zephyr Harbour Health,Mid-Market,Software & Technology,North America,United States,Outbound,J. Petersen,2024-01-01,2024-01-01,2026-08-01,30,1,2025-01-01,Poor support experience,voluntary,873.54,1481.22,1481.22,30118.14,34182.00,0.00,0,9.0,Growth,annual,39,3,0,1.696,0.744,4.0,61,81.2,Healthy
CUS-00256,Quartz Cove Technologies,SMB,Retail & E-commerce,North America,United States,Partner,H. Kowalski,2024-01-01,2024-01-01,2024-02-01,2,0,2024-03-01,Switched to competitor,voluntary,765.0,0.0,765.0,1530.0,1530.00,0.00,0,7.0,Growth,monthly,17,0,0,1.0,0.706,4.22,1,68.9,Watch
CUS-00257,Tidal Court Energy,SMB,Software & Technology,North America,United States,Partner,A. Okafor,2024-01-01,2024-01-01,2026-08-01,32,1,,,,99.8,124.75,124.75,3592.8,3592.80,0.00,0,2.0,Starter,monthly,5,1,0,1.25,0.891,4.66,45,89.1,Healthy
CUS-00262,Falcon Stone Industries,SMB,Professional Services,APAC,Australia,Self-Serve,,2024-01-01,2024-01-01,2026-08-01,32,1,,,,150.68,236.78,236.78,5876.45,6199.20,0.00,0,14.3,Starter,annual,11,2,1,1.571,0.811,4.73,39,91.9,Healthy
CUS-00275,Vertex River Labs,SMB,Professional Services,North America,Canada,Marketplace,G. Almeida,2024-02-01,2024-02-01,2026-08-01,31,1,,,,94.6,70.95,94.6,2388.65,2388.65,0.00,0,1.4,Starter,monthly,3,1,2,0.75,0.836,4.16,73,89.0,Healthy
CUS-00277,Falcon Cross Technologies,SMB,Media & Entertainment,APAC,Japan,Inbound,D. Ferreira,2024-02-01,2024-02-01,2024-05-01,4,0,2024-06-01,Switched to competitor,voluntary,1755.0,0.0,2115.0,8100.0,8100.00,0.00,0,2.3,Growth,monthly,47,1,0,1.205,0.771,4.34,3,67.0,Watch
CUS-00280,Crestline Cove Technologies,Mid-Market,Retail & E-commerce,EMEA,United Kingdom,Outbound,A. Okafor,2024-02-01,2024-02-01,2026-08-01,31,1,,,,9535.5,14242.12,18765.38,493584.42,510516.00,0.00,0,15.0,Scale,annual,233,2,1,1.494,0.814,3.81,76,72.2,Healthy
CUS-00294,Ironwood Gate Health,SMB,Software & Technology,North America,Canada,Self-Serve,,2024-03-01,2024-03-01,2024-04-01,2,0,2024-05-01,Payment failure,involuntary,244.5,0.0,244.5,489.0,244.50,244.50,1,15.0,Starter,monthly,10,0,0,1.0,0.6,4.1,4,60.1,Watch
CUS-00298,Bluefin River Solutions,Enterprise,Financial Services,EMEA,Netherlands,Outbound,F. Whitfield,2024-03-01,2024-03-01,2026-08-01,30,1,,,,6988.8,14227.2,14227.2,261393.6,321984.00,0.00,0,10.7,Scale,annual,228,3,1,2.036,0.69,4.32,33,80.9,Healthy
CUS-00306,Basalt Arbor Media,Mid-Market,Manufacturing,North America,United States,Partner,B. Lindqvist,2024-03-01,2024-03-01,2026-08-01,30,1,,,,923.13,1065.15,1065.15,30676.32,36641.16,0.00,0,9.3,Growth,annual,30,1,0,1.154,0.455,3.61,77,45.5,At Risk
CUS-00368,Lumen Forge Media,Mid-Market,Financial Services,EMEA,Germany,Inbound,E. Nakamura,2024-06-01,2024-06-01,2026-08-01,27,1,,,,3492.0,3710.25,4001.25,103305.0,103305.00,0.00,0,1.9,Scale,monthly,51,2,1,1.063,0.915,4.52,55,85.6,Healthy
CUS-00372,Quartz Bridge Labs,SMB,Healthcare,APAC,Japan,Marketplace,C. Moreau,2024-06-01,2024-06-01,2026-08-01,27,1,,,,155.4,244.2,310.8,6748.8,7725.60,0.00,0,9.3,Starter,annual,11,3,2,1.571,0.679,4.47,36,84.2,Healthy
CUS-00378,Granite Harbour Group,SMB,Healthcare,APAC,Japan,Inbound,L. Duarte,2024-06-01,2024-06-01,2025-08-01,15,0,2025-09-01,Low adoption,voluntary,1360.13,0.0,2588.63,31195.17,31195.08,0.00,0,1.5,Growth,monthly,59,2,0,1.903,0.739,4.17,31,70.6,Healthy
CUS-00392,Solstice Field Logistics,SMB,Logistics & Transport,North America,United States,Inbound,F. Whitfield,2024-06-01,2024-06-01,2026-05-01,19,0,2026-06-01,Payment failure,involuntary,765.0,0.0,1215.0,15975.0,14760.00,1215.00,1,2.1,Growth,monthly,27,2,0,1.588,0.725,4.16,36,75.5,Healthy
CUS-00420,Falcon Peak Logistics,Enterprise,Software & Technology,EMEA,Netherlands,Outbound,C. Moreau,2024-07-01,2024-07-01,2026-08-01,26,1,,,,6661.35,15385.95,15385.95,336722.4,427269.60,0.00,0,13.7,Scale,annual,261,4,0,2.31,0.697,4.2,38,73.4,Healthy
CUS-00439,Juniper Field Logistics,Enterprise,Media & Entertainment,North America,Canada,Outbound,A. Okafor,2024-08-01,2024-08-01,2026-08-01,25,1,,,,65747.99,91919.52,91919.52,1957758.11,2680986.00,0.00,0,10.7,Enterprise,annual,1008,1,0,1.398,0.902,4.42,32,91.7,Healthy
CUS-00468,Bluefin Cross Partners,SMB,Professional Services,North America,United States,Marketplace,F. Whitfield,2024-09-01,2024-09-01,2025-12-01,16,0,2026-01-01,Price / budget cuts,voluntary,116.38,0.0,116.38,1489.68,1489.68,0.00,0,0.9,Starter,monthly,3,0,1,0.6,0.633,3.91,35,65.3,Watch
CUS-00493,Solstice Cove Partners,SMB,Retail & E-commerce,North America,United States,Self-Serve,,2024-10-01,2024-10-01,2026-08-01,23,1,,,,159.25,204.75,204.75,4322.5,4095.00,0.00,0,12.0,Starter,annual,9,2,0,1.286,0.512,4.33,32,66.4,Watch
CUS-00508,Corvus Gate Partners,Enterprise,Retail & E-commerce,North America,Canada,Outbound,H. Kowalski,2024-10-01,2024-10-01,2026-08-01,23,1,,,,14841.64,36020.16,36020.16,524793.72,423236.88,0.00,0,10.5,Enterprise,annual,432,3,0,2.427,0.881,4.68,32,90.8,Healthy
CUS-00512,Aster Vale Media,Mid-Market,Manufacturing,North America,United States,Partner,L. Duarte,2024-10-01,2024-10-01,2025-11-01,14,0,2025-12-01,Payment failure,involuntary,910.98,0.0,910.98,12450.06,11842.74,607.32,1,1.8,Growth,monthly,14,0,1,0.667,0.85,4.03,33,80.6,Healthy
CUS-00515,Harbor Watch Media,Enterprise,Manufacturing,North America,Canada,Outbound,I. Castellanos,2024-11-01,2024-11-01,2026-08-01,22,1,,,,14626.26,20213.82,20213.82,403536.87,418080.96,0.00,0,9.0,Enterprise,annual,246,2,1,1.382,0.745,4.05,38,68.1,Watch
CUS-00522,Summit Field Health,SMB,Software & Technology,North America,United States,Inbound,I. Castellanos,2024-11-01,2024-11-01,2025-05-01,7,0,2025-06-01,Payment failure,involuntary,614.25,0.0,614.25,4124.25,3597.75,526.50,1,1.0,Growth,monthly,12,0,1,0.857,0.745,4.38,10,77.7,Healthy
CUS-00546,Beacon Forge Media,Mid-Market,Healthcare,APAC,Singapore,Outbound,L. Duarte,2024-12-01,2024-12-01,2025-09-01,10,0,2025-10-01,Price / budget cuts,voluntary,5980.8,0.0,6921.6,67804.8,67804.80,0.00,0,1.9,Scale,monthly,103,2,0,1.157,0.575,3.91,15,56.3,Watch
CUS-00563,Nimbus Peak Labs,Enterprise,Logistics & Transport,North America,Canada,Inbound,H. Kowalski,2024-12-01,2024-12-01,2026-08-01,21,1,,,,7283.25,4594.05,7283.25,128521.41,147906.00,0.00,0,15.0,Scale,annual,82,2,4,0.631,0.593,4.07,28,64.4,Watch
CUS-00571,Bluefin Court Partners,Enterprise,Software & Technology,North America,United States,Partner,L. Duarte,2024-12-01,2024-12-01,2026-08-01,21,1,,,,16647.4,8150.62,16647.4,307111.5,399537.60,0.00,0,10.5,Scale,annual,135,0,1,0.49,0.935,4.48,34,92.3,Healthy
CUS-00594,Halcyon Cross Media,Mid-Market,Healthcare,North America,United States,Outbound,L. Duarte,2025-01-01,2025-01-01,2026-08-01,20,1,,,,4133.93,1174.91,4133.93,64924.48,64924.30,0.00,0,1.1,Growth,monthly,27,0,2,0.284,0.575,4.12,37,68.9,Watch
CUS-00631,Sable Cove Health,SMB,Financial Services,LATAM,Mexico,Inbound,B. Lindqvist,2025-02-01,2025-02-01,2026-08-01,19,1,,,,1669.14,2996.87,2996.87,40400.8,48708.48,0.00,0,6.5,Growth,annual,79,2,0,1.795,0.37,3.63,34,40.4,At Risk
CUS-00672,Ironwood Bridge Financial,SMB,Retail & E-commerce,North America,United States,Self-Serve,,2025-03-01,2025-03-01,2026-08-01,18,1,,,,1132.38,796.86,1132.38,17782.56,17782.56,0.00,0,1.7,Growth,monthly,19,0,2,0.704,0.758,4.17,34,76.7,Healthy
CUS-00689,Basalt Cove Solutions,Mid-Market,Financial Services,EMEA,United Kingdom,Inbound,I. Castellanos,2025-03-01,2025-03-01,2026-08-01,18,1,,,,7260.0,6270.0,7722.0,112068.0,154440.00,0.00,0,7.5,Scale,annual,95,3,2,0.864,0.42,3.68,33,55.9,Watch
CUS-00732,Bluefin Bridge Media,SMB,Manufacturing,North America,United States,Inbound,J. Petersen,2025-04-01,2025-04-01,2026-03-01,12,0,2026-04-01,Payment failure,involuntary,1519.56,0.0,1772.82,20767.32,18994.50,1772.82,1,1.9,Growth,monthly,42,1,0,1.167,0.498,4.33,19,48.0,At Risk
CUS-00761,Orchid Watch Analytics,SMB,Logistics & Transport,EMEA,United Kingdom,Self-Serve,,2025-05-01,2025-05-01,2025-12-01,8,0,2026-01-01,Price / budget cuts,voluntary,117.38,0.0,117.38,939.04,939.04,0.00,0,3.0,Starter,monthly,5,0,0,1.0,0.6,3.85,14,60.1,Watch
CUS-00803,Northwind Bridge Financial,SMB,Software & Technology,LATAM,Brazil,Self-Serve,,2025-06-01,2025-06-01,2026-02-01,9,0,2026-03-01,Missing functionality,voluntary,189.6,0.0,189.6,1706.4,1706.40,0.00,0,1.7,Starter,monthly,8,0,0,1.0,0.542,3.74,16,48.9,At Risk
CUS-00808,Nimbus Cross Technologies,Enterprise,Financial Services,EMEA,France,Inbound,C. Moreau,2025-06-01,2025-06-01,2026-08-01,15,1,,,,60017.65,71929.55,79168.32,1010037.49,1583366.40,0.00,0,3.5,Enterprise,annual,785,1,1,1.198,0.295,3.77,29,34.0,Critical
CUS-00809,Sable Bridge Systems,Mid-Market,Professional Services,North America,United States,Inbound,B. Lindqvist,2025-06-01,2025-06-01,2025-10-01,5,0,2025-11-01,Price / budget cuts,voluntary,6369.75,0.0,6705.0,29569.05,29569.05,0.00,0,1.6,Scale,monthly,100,1,1,1.053,0.706,4.44,11,60.2,Watch
CUS-00832,Basalt Stone Energy,Mid-Market,Professional Services,North America,United States,Inbound,C. Moreau,2025-07-01,2025-07-01,2026-08-01,14,1,,,,4993.2,12517.2,12517.2,106362.0,106362.00,0.00,0,1.6,Scale,monthly,183,4,0,2.507,0.892,4.44,25,90.7,Healthy
CUS-00833,Meridian Bridge Technologies,Mid-Market,Healthcare,EMEA,United Kingdom,Partner,D. Ferreira,2025-07-01,2025-07-01,2026-08-01,14,1,,,,4519.35,5135.63,5135.63,70049.98,70049.87,0.00,0,1.4,Scale,monthly,75,1,0,1.136,0.882,4.55,19,84.8,Healthy
CUS-00851,Lumen Vale Health,SMB,Manufacturing,North America,United States,Marketplace,B. Lindqvist,2025-08-01,2025-08-01,2026-02-01,7,0,2026-03-01,Price / budget cuts,voluntary,297.9,0.0,297.9,2085.3,2085.30,0.00,0,1.6,Starter,monthly,12,0,0,1.0,0.631,4.17,17,57.4,Watch
CUS-00861,Juniper River Media,Mid-Market,Healthcare,EMEA,Germany,Partner,H. Kowalski,2025-08-01,2025-08-01,2026-01-01,6,0,2026-02-01,Company acquired or closed,voluntary,1122.03,0.0,1122.03,6732.18,6732.18,0.00,0,3.2,Growth,monthly,26,0,0,1.0,0.513,4.02,9,49.4,At Risk
CUS-00941,Lumen Forge Retail,Mid-Market,Software & Technology,APAC,Singapore,Partner,G. Almeida,2025-10-01,2025-10-01,2025-11-01,2,0,2025-12-01,Low adoption,voluntary,4592.85,0.0,4592.85,9185.7,9185.70,0.00,0,1.5,Scale,monthly,67,0,0,1.0,0.657,3.88,6,57.5,Watch
CUS-00952,Bluefin Vale Industries,SMB,Retail & E-commerce,EMEA,Germany,Inbound,L. Duarte,2025-10-01,2025-10-01,2026-08-01,11,1,,,,1170.0,1170.0,1170.0,12870.0,12870.00,0.00,0,1.8,Growth,monthly,26,0,0,1.0,0.724,4.11,20,66.6,Watch
CUS-00975,Lumen Harbour Retail,SMB,Retail & E-commerce,EMEA,Germany,Partner,A. Okafor,2025-11-01,2025-11-01,2026-08-01,10,1,,,,142.5,142.5,142.5,1425.0,1425.00,0.00,0,1.7,Starter,monthly,6,0,0,1.0,0.75,4.13,22,69.3,Watch
CUS-00984,Ironwood Point Analytics,SMB,Logistics & Transport,North America,United States,Self-Serve,,2025-11-01,2025-11-01,2026-08-01,10,1,,,,206.75,165.4,206.75,2026.15,2481.00,0.00,0,19.0,Starter,annual,8,0,1,0.8,0.848,4.37,16,81.3,Healthy
CUS-00989,Beacon Stone Technologies,SMB,Retail & E-commerce,North America,United States,Self-Serve,,2025-11-01,2025-11-01,2026-03-01,5,0,2026-04-01,Payment failure,involuntary,324.68,0.0,324.68,1623.4,1298.72,324.68,1,1.5,Starter,monthly,13,0,0,1.0,0.646,4.02,9,60.5,Watch
CUS-00999,Granite Vale Networks,Enterprise,Retail & E-commerce,EMEA,France,Outbound,H. Kowalski,2025-11-01,2025-11-01,2026-08-01,10,1,,,,68368.08,123376.88,123376.88,1008625.64,1008625.64,0.00,0,1.9,Enterprise,monthly,1256,2,0,1.805,0.668,4.11,17,66.1,Watch
CUS-01016,Ridge Gate Health,SMB,Software & Technology,APAC,Japan,Inbound,I. Castellanos,2025-11-01,2025-11-01,2026-08-01,10,1,,,,321.43,321.43,321.43,3214.3,3214.30,0.00,0,2.1,Starter,monthly,13,0,0,1.0,0.569,4.05,21,55.8,Watch
CUS-01023,Zephyr Watch Labs,Enterprise,Financial Services,APAC,Singapore,Outbound,D. Ferreira,2025-12-01,2025-12-01,2026-08-01,9,1,,,,4104.0,4674.0,4674.0,38076.0,49248.00,0.00,0,19.0,Scale,annual,82,1,0,1.139,0.495,4.13,12,50.8,At Risk
CUS-01032,Solstice Field Networks,SMB,Healthcare,North America,United States,Self-Serve,,2025-12-01,2025-12-01,2026-01-01,2,0,2026-02-01,Low adoption,voluntary,144.75,0.0,144.75,289.5,289.50,0.00,0,0.5,Starter,monthly,6,0,0,1.0,0.667,4.13,2,59.0,Watch
CUS-01055,Harbor Gate Logistics,SMB,Retail & E-commerce,APAC,India,Inbound,F. Whitfield,2025-12-01,2025-12-01,2026-01-01,2,0,2026-02-01,Payment failure,involuntary,71.93,0.0,71.93,143.86,71.92,71.92,1,1.0,Starter,monthly,3,0,0,1.0,0.667,4.18,2,66.6,Watch
CUS-01115,Crestline Vale Labs,SMB,Media & Entertainment,North America,United States,Inbound,G. Almeida,2026-01-01,2026-01-01,2026-08-01,8,1,,,,1242.95,753.3,1242.95,8474.65,14915.28,0.00,0,17.0,Growth,annual,20,0,1,0.606,0.599,4.16,11,64.3,Watch
CUS-01121,Crestline Peak Technologies,SMB,Software & Technology,APAC,Singapore,Self-Serve,,2026-01-01,2026-01-01,2026-04-01,4,0,2026-05-01,Payment failure,involuntary,48.0,0.0,48.0,192.0,144.00,48.00,1,3.0,Starter,monthly,2,0,0,1.0,0.625,4.47,4,82.9,Healthy
CUS-01131,Lyra Vale Media,SMB,Healthcare,North America,United States,Self-Serve,,2026-01-01,2026-01-01,2026-08-01,8,1,,,,66.68,66.68,66.68,533.44,800.04,0.00,0,1.0,Starter,annual,3,0,0,1.0,0.5,3.84,15,44.5,At Risk
CUS-01138,Bluefin Point Media,Enterprise,Manufacturing,North America,United States,Outbound,C. Moreau,2026-02-01,2026-02-01,2026-08-01,7,1,,,,55270.05,55270.05,55270.05,386890.35,663240.60,0.00,0,17.0,Enterprise,annual,645,0,0,1.0,0.734,4.37,10,69.6,Watch
CUS-01153,Orchid Cove Analytics,Mid-Market,Logistics & Transport,EMEA,France,Inbound,F. Whitfield,2026-02-01,2026-02-01,2026-08-01,7,1,,,,391.05,533.25,533.25,3590.55,4692.60,0.00,0,7.0,Growth,annual,15,1,0,1.364,0.443,3.89,15,45.9,At Risk
CUS-01156,Tidal Bridge Logistics,SMB,Education,North America,United States,Self-Serve,,2026-02-01,2026-02-01,2026-08-01,7,1,,,,184.8,138.6,184.8,1247.4,1247.40,0.00,0,1.9,Starter,monthly,6,0,1,0.75,0.5,3.69,15,50.5,At Risk
CUS-01158,Quartz Arbor Systems,SMB,Financial Services,North America,United States,Self-Serve,,2026-02-01,2026-02-01,2026-08-01,7,1,,,,1422.72,1422.72,1422.72,9959.04,9959.04,0.00,0,1.3,Growth,monthly,32,0,0,1.0,0.688,4.0,14,67.3,Watch
CUS-01176,Vertex Watch Solutions,SMB,Retail & E-commerce,EMEA,United Kingdom,Inbound,D. Ferreira,2026-02-01,2026-02-01,2026-08-01,7,1,,,,507.6,719.1,719.1,4822.2,4822.20,0.00,0,1.1,Growth,monthly,17,1,0,1.417,0.658,4.17,12,60.7,Watch
CUS-01185,Halcyon Harbour Networks,Mid-Market,Retail & E-commerce,EMEA,Germany,Partner,H. Kowalski,2026-02-01,2026-02-01,2026-08-01,7,1,,,,549.36,392.4,549.36,3060.72,6592.32,0.00,0,11.0,Growth,annual,10,0,1,0.714,0.535,4.22,14,55.3,Watch
CUS-01214,Maple Watch Labs,Enterprise,Manufacturing,EMEA,United Kingdom,Outbound,J. Petersen,2026-03-01,2026-03-01,2026-08-01,6,1,,,,15752.22,15752.22,15752.22,94513.32,189026.64,0.00,0,14.0,Enterprise,annual,174,0,0,1.0,0.692,4.51,6,73.3,Healthy
CUS-01223,Crestline Gate Energy,SMB,Logistics & Transport,North America,United States,Inbound,A. Okafor,2026-03-01,2026-03-01,2026-08-01,6,1,,,,1980.0,1980.0,1980.0,11880.0,11880.00,0.00,0,1.8,Growth,monthly,44,0,0,1.0,0.75,3.88,17,69.6,Watch
CUS-01233,Solstice Vale Solutions,SMB,Manufacturing,North America,Canada,Self-Serve,,2026-03-01,2026-03-01,2026-03-01,1,0,2026-04-01,Payment failure,involuntary,846.45,0.0,846.45,846.45,0.00,10157.40,1,0.0,Growth,annual,22,0,0,1.0,0.546,3.73,0,58.5,Watch
CUS-01280,Aster Point Analytics,Mid-Market,Software & Technology,EMEA,United Kingdom,Marketplace,C. Moreau,2026-04-01,2026-04-01,2026-08-01,5,1,,,,1479.47,1479.47,1479.47,7397.35,17753.52,0.00,0,19.0,Growth,annual,39,0,0,1.0,0.672,4.48,5,66.9,Watch
CUS-01284,Nimbus Cross Networks,SMB,Professional Services,North America,Canada,Self-Serve,,2026-04-01,2026-04-01,2026-08-01,5,1,,,,84.1,84.1,84.1,420.5,1009.20,0.00,0,15.0,Starter,annual,4,0,0,1.0,0.7,4.04,8,69.3,Watch
CUS-01286,Onyx Vale Media,Mid-Market,Software & Technology,North America,United States,Marketplace,H. Kowalski,2026-04-01,2026-04-01,2026-08-01,5,1,,,,515.97,515.97,515.97,2579.85,6191.64,0.00,0,0.0,Growth,annual,13,0,0,1.0,0.585,4.45,7,60.1,Watch
CUS-01300,Cobalt Vale Health,SMB,Healthcare,North America,United States,Marketplace,B. Lindqvist,2026-04-01,2026-04-01,2026-08-01,5,1,,,,70.28,70.28,70.28,351.4,351.40,0.00,0,0.8,Starter,monthly,3,0,0,1.0,0.667,4.33,11,62.4,Watch
CUS-01343,Orchid Bridge Financial,SMB,Financial Services,North America,United States,Self-Serve,,2026-05-01,2026-05-01,2026-05-01,1,0,2026-06-01,Low adoption,voluntary,119.38,0.0,119.38,119.38,119.38,0.00,0,2.0,Starter,monthly,5,0,0,1.0,0.6,4.11,3,54.8,At Risk
CUS-01347,Aster Cross Energy,SMB,Financial Services,EMEA,France,Self-Serve,,2026-05-01,2026-05-01,2026-05-01,1,0,2026-06-01,Price / budget cuts,voluntary,821.66,0.0,821.66,821.66,821.65,0.00,0,2.0,Growth,monthly,19,0,0,1.0,0.684,4.44,1,63.7,Watch
CUS-01352,Maple Stone Solutions,SMB,Education,North America,United States,Self-Serve,,2026-05-01,2026-05-01,2026-08-01,4,1,,,,200.0,200.0,200.0,800.0,800.00,0.00,0,1.3,Starter,monthly,8,0,0,1.0,0.656,3.92,10,59.3,Watch
CUS-01366,Summit Court Financial,SMB,Logistics & Transport,EMEA,United Kingdom,Partner,H. Kowalski,2026-06-01,2026-06-01,2026-06-01,1,0,2026-07-01,Price / budget cuts,voluntary,75.0,0.0,75.0,75.0,75.00,0.00,0,1.0,Starter,monthly,3,0,0,1.0,0.667,4.02,3,59.3,Watch
CUS-01389,Tidal Forge Group,Enterprise,Manufacturing,North America,United States,Outbound,E. Nakamura,2026-06-01,2026-06-01,2026-08-01,3,1,,,,51840.8,51840.8,51840.8,155522.4,155522.40,0.00,0,1.3,Enterprise,monthly,548,0,0,1.0,0.686,3.92,3,62.9,Watch
CUS-01402,Vertex Field Partners,Mid-Market,Healthcare,EMEA,Germany,Inbound,L. Duarte,2026-06-01,2026-06-01,2026-08-01,3,1,,,,604.35,604.35,604.35,1813.05,7252.20,0.00,0,15.0,Growth,annual,17,0,0,1.0,0.686,4.01,9,57.9,Watch
CUS-01447,Crestline Harbour Group,Mid-Market,Healthcare,APAC,Singapore,Partner,A. Okafor,2026-07-01,2026-07-01,2026-08-01,2,1,,,,1196.1,1196.1,1196.1,2392.2,2392.20,0.00,0,0.0,Growth,monthly,30,0,0,1.0,0.633,3.43,9,51.2,At Risk
CUS-01456,Summit Vale Retail,SMB,Media & Entertainment,EMEA,Germany,Self-Serve,,2026-07-01,2026-07-01,2026-08-01,2,1,,,,300.0,300.0,300.0,600.0,600.00,0.00,0,1.5,Starter,monthly,12,0,0,1.0,0.708,3.77,5,61.5,Watch
CUS-01459,Harbor Peak Labs,Mid-Market,Software & Technology,APAC,Australia,Inbound,A. Okafor,2026-07-01,2026-07-01,2026-08-01,2,1,,,,857.34,857.34,857.34,1714.68,10288.08,0.00,0,16.0,Growth,annual,22,0,0,1.0,0.659,3.97,5,62.7,Watch
CUS-01468,Juniper Field Media,Mid-Market,Media & Entertainment,EMEA,United Kingdom,Outbound,C. Moreau,2026-07-01,2026-07-01,2026-08-01,2,1,,,,3915.38,3915.38,3915.38,7830.76,7830.76,0.00,0,1.5,Scale,monthly,53,0,0,1.0,0.632,4.45,4,62.0,Watch
CUS-01473,Beacon Forge Partners,SMB,Financial Services,LATAM,Brazil,Partner,B. Lindqvist,2026-08-01,2026-08-01,2026-08-01,1,1,,,,1631.34,1631.34,1631.34,1631.34,1631.34,0.00,0,2.0,Growth,monthly,38,0,0,1.0,0.711,4.65,0,70.9,Healthy
CUS-01497,Ridge Peak Group,Mid-Market,Education,North America,Canada,Inbound,L. Duarte,2026-08-01,2026-08-01,2026-08-01,1,1,,,,1506.6,1506.6,1506.6,1506.6,18079.20,0.00,0,12.0,Growth,annual,40,0,0,1.0,0.6,4.19,1,61.3,Watch
CUS-01510,Solstice Cove Retail,SMB,Financial Services,North America,United States,Inbound,J. Petersen,2026-08-01,2026-08-01,2026-08-01,1,1,,,,125.0,125.0,125.0,125.0,125.00,0.00,0,0.0,Starter,monthly,5,0,0,1.0,0.6,3.77,3,55.3,Watch
CUS-00061,Granite Bridge Logistics,SMB,Logistics & Transport,EMEA,Germany,Inbound,A. Okafor,2023-04-01,2023-04-01,2023-04-01,1,0,2023-05-01,Payment failure,involuntary,48.1,0.0,48.1,48.1,0.00,48.10,1,0.0,Starter,monthly,2,0,0,1.0,1.0,4.23,0,81.9,Healthy
CUS-00068,Orchid Watch Energy,Mid-Market,Financial Services,EMEA,France,Outbound,A. Okafor,2023-05-01,2023-05-01,2026-08-01,40,1,,,,7854.6,41298.4,41298.4,674482.9,674482.90,0.00,0,1.5,Enterprise,monthly,380,6,1,5.258,0.916,4.35,65,82.6,Healthy
CUS-00070,Granite Bridge Labs,Enterprise,Manufacturing,EMEA,Germany,Outbound,D. Ferreira,2023-05-01,2023-05-01,2025-05-01,25,0,2025-06-01,Payment failure,involuntary,7791.45,0.0,7791.45,147362.7,164172.60,67730.40,1,5.5,Scale,annual,92,2,2,0.724,0.786,4.17,58,78.7,Healthy
CUS-00078,Bluefin Point Analytics,SMB,Manufacturing,EMEA,Sweden,Marketplace,D. Ferreira,2023-05-01,2023-05-01,2024-11-01,19,0,2024-12-01,Missing functionality,voluntary,1935.0,0.0,1935.0,36765.0,36765.00,0.00,0,2.1,Growth,monthly,43,0,0,1.0,0.294,3.71,47,36.6,Critical
CUS-00080,Nimbus Arbor Systems,Enterprise,Professional Services,North America,United States,Outbound,K. Rahman,2023-05-01,2023-05-01,2026-08-01,40,1,,,,2735.85,963.5,4103.78,121555.14,126467.76,0.00,0,5.0,Growth,annual,27,2,2,0.352,0.679,4.12,73,68.8,Watch
CUS-00088,Crestline Forge Labs,SMB,Healthcare,LATAM,Brazil,Self-Serve,,2023-06-01,2023-06-01,2024-03-01,10,0,2024-04-01,Poor support experience,voluntary,1590.08,0.0,1590.08,15900.8,15900.80,0.00,0,1.6,Growth,monthly,37,0,0,1.0,0.551,3.79,22,56.9,Watch
CUS-00095,Beacon Point Solutions,SMB,Professional Services,North America,United States,Inbound,K. Rahman,2023-06-01,2023-06-01,2023-10-01,5,0,2023-11-01,Price / budget cuts,voluntary,143.25,0.0,191.0,907.25,907.25,0.00,0,1.8,Starter,monthly,8,1,0,1.333,0.633,3.97,10,58.8,Watch
CUS-00139,Onyx Forge Technologies,SMB,Media & Entertainment,APAC,Singapore,Inbound,B. Lindqvist,2023-09-01,2023-09-01,2023-12-01,4,0,2024-01-01,Low adoption,voluntary,288.0,0.0,288.0,1152.0,1152.00,0.00,0,1.5,Starter,monthly,12,0,0,1.0,0.604,3.53,14,57.8,Watch
CUS-00157,Orchid Watch Retail,SMB,Retail & E-commerce,North America,United States,Self-Serve,,2023-09-01,2023-09-01,2026-08-01,36,1,,,,598.05,598.05,598.05,21529.8,21529.80,0.00,0,7.0,Growth,annual,15,0,0,1.0,0.789,4.33,50,83.6,Healthy
CUS-00163,Juniper Peak Group,SMB,Retail & E-commerce,North America,United States,Partner,E. Nakamura,2023-10-01,2023-10-01,2024-01-01,4,0,2024-02-01,Payment failure,involuntary,49.6,0.0,49.6,198.4,148.80,49.60,1,0.7,Starter,monthly,2,0,0,1.0,0.5,4.3,5,60.3,Watch
CUS-00202,Ironwood Cross Networks,SMB,Software & Technology,EMEA,France,Inbound,F. Whitfield,2023-11-01,2023-11-01,2026-08-01,34,1,,,,231.5,138.9,231.5,6019.0,6019.00,0.00,0,1.9,Starter,monthly,6,0,1,0.6,0.891,4.3,60,86.4,Healthy
CUS-00238,Beacon Gate Labs,SMB,Logistics & Transport,EMEA,Netherlands,Inbound,E. Nakamura,2024-01-01,2024-01-01,2026-08-01,32,1,,,,115.5,138.6,138.6,3418.8,3418.80,0.00,0,2.2,Starter,monthly,6,3,1,1.2,0.638,3.88,67,75.8,Healthy
CUS-00270,Onyx Harbour Retail,Mid-Market,Manufacturing,North America,United States,Outbound,I. Castellanos,2024-02-01,2024-02-01,2026-08-01,31,1,,,,4203.0,6234.45,6234.45,155440.95,155440.95,0.00,0,1.5,Scale,monthly,89,3,0,1.483,0.867,3.98,67,90.7,Healthy
CUS-00284,Meridian Arbor Systems,SMB,Retail & E-commerce,North America,Canada,Self-Serve,,2024-02-01,2024-02-01,2026-05-01,28,0,2026-06-01,Payment failure,involuntary,1658.34,0.0,7694.1,155689.74,147995.64,7694.10,1,1.9,Scale,monthly,103,4,0,4.64,0.871,4.15,55,91.4,Healthy
CUS-00289,Quartz Court Solutions,Mid-Market,Manufacturing,LATAM,Mexico,Outbound,H. Kowalski,2024-03-01,2024-03-01,2024-04-01,2,0,2024-05-01,Switched to competitor,voluntary,1927.17,0.0,1927.17,3854.34,23126.04,0.00,0,11.0,Growth,annual,49,0,0,1.0,0.633,3.86,5,59.6,Watch
CUS-00299,Harbor Forge Group,SMB,Software & Technology,North America,United States,Inbound,I. Castellanos,2024-03-01,2024-03-01,2024-09-01,7,0,2024-10-01,Price / budget cuts,voluntary,256.03,0.0,349.13,2071.51,2071.48,0.00,0,1.4,Starter,monthly,15,1,0,1.364,0.769,4.37,13,67.9,Watch
CUS-00303,Lyra Cove Retail,Enterprise,Education,North America,United States,Partner,I. Castellanos,2024-03-01,2024-03-01,2024-03-01,1,0,2024-04-01,Low adoption,voluntary,6451.2,0.0,6451.2,6451.2,6451.20,0.00,0,3.0,Scale,monthly,96,0,0,1.0,0.615,4.24,1,60.8,Watch
CUS-00318,Juniper Harbour Health,SMB,Financial Services,APAC,Australia,Inbound,A. Okafor,2024-04-01,2024-04-01,2024-05-01,2,0,2024-06-01,Payment failure,involuntary,163.28,0.0,163.28,326.56,163.28,163.28,1,10.0,Starter,monthly,7,0,0,1.0,0.643,4.03,6,62.8,Watch
CUS-00335,Nimbus Gate Partners,Mid-Market,Software & Technology,EMEA,Netherlands,Inbound,G. Almeida,2024-04-01,2024-04-01,2026-08-01,23,1,2025-06-01,Price / budget cuts,voluntary,3031.95,2958.0,4067.25,79644.15,79644.15,0.00,0,1.7,Scale,monthly,40,1,1,0.976,0.349,3.61,46,56.3,Watch
CUS-00352,Crestline Bridge Systems,Mid-Market,Professional Services,APAC,Singapore,Partner,F. Whitfield,2024-05-01,2024-05-01,2025-11-01,19,0,2025-12-01,Poor support experience,voluntary,7889.7,0.0,8685.3,164225.1,164225.10,0.00,0,2.1,Scale,monthly,131,1,0,1.101,0.199,3.63,42,31.3,Critical
CUS-00379,Maple Forge Technologies,Mid-Market,Healthcare,EMEA,Germany,Inbound,D. Ferreira,2024-06-01,2024-06-01,2024-09-01,4,0,2024-10-01,Price / budget cuts,voluntary,3519.0,0.0,3519.0,14076.0,14076.00,0.00,0,0.8,Scale,monthly,51,0,0,1.0,0.74,4.46,10,69.4,Watch
CUS-00415,Granite Harbour Partners,SMB,Logistics & Transport,North America,United States,Self-Serve,,2024-07-01,2024-07-01,2026-08-01,26,1,,,,161.53,161.53,161.53,4199.78,5815.08,0.00,0,13.0,Starter,annual,7,0,0,1.0,0.626,3.82,57,69.4,Watch
CUS-00447,Solstice River Labs,SMB,Professional Services,North America,United States,Self-Serve,,2024-09-01,2024-09-01,2026-08-01,24,1,,,,974.97,763.02,1059.75,22593.87,22593.87,0.00,0,1.6,Growth,monthly,18,1,1,0.783,0.545,3.9,46,62.1,Watch
CUS-00456,Juniper Court Systems,SMB,Software & Technology,North America,United States,Self-Serve,,2024-09-01,2024-09-01,2025-02-01,6,0,2025-03-01,Price / budget cuts,voluntary,582.08,0.0,582.08,3492.48,3492.48,0.00,0,1.5,Growth,monthly,13,0,0,1.0,0.577,4.14,8,64.6,Watch
CUS-00463,Harbor Bridge Analytics,Mid-Market,Financial Services,EMEA,Sweden,Marketplace,J. Petersen,2024-09-01,2024-09-01,2026-02-01,18,0,2026-03-01,Price / budget cuts,voluntary,3121.8,0.0,3618.45,57185.7,57185.70,0.00,0,1.8,Scale,monthly,51,1,0,1.159,0.244,3.92,30,39.5,Critical
CUS-00476,Summit Arbor Energy,SMB,Financial Services,APAC,Japan,Partner,F. Whitfield,2024-09-01,2024-09-01,2024-10-01,2,0,2024-11-01,Payment failure,involuntary,49.15,0.0,49.15,98.3,49.15,49.15,1,10.0,Starter,monthly,2,0,0,1.0,0.5,4.11,5,57.5,Watch
CUS-00486,Basalt Bridge Industries,SMB,Media & Entertainment,North America,Canada,Self-Serve,,2024-10-01,2024-10-01,2026-06-01,21,0,2026-07-01,Missing functionality,voluntary,100.0,0.0,100.0,1750.0,1750.00,0.00,0,2.1,Starter,monthly,3,0,1,0.75,0.706,3.93,56,71.2,Healthy
CUS-00491,Zephyr Cove Analytics,Mid-Market,Logistics & Transport,North America,United States,Inbound,J. Petersen,2024-10-01,2024-10-01,2026-08-01,23,1,,,,7021.88,11353.13,11353.13,187687.57,180337.56,0.00,0,11.5,Scale,annual,173,2,0,1.617,0.659,4.29,32,78.5,Healthy
CUS-00494,Lumen Harbour Industries,SMB,Financial Services,EMEA,Germany,Inbound,F. Whitfield,2024-10-01,2024-10-01,2024-11-01,2,0,2024-12-01,Low adoption,voluntary,94.0,0.0,94.0,188.0,188.00,0.00,0,0.5,Starter,monthly,4,0,0,1.0,0.75,3.97,5,66.0,Watch
CUS-00525,Solstice Stone Logistics,Mid-Market,Software & Technology,EMEA,Sweden,Inbound,E. Nakamura,2024-11-01,2024-11-01,2025-04-01,6,0,2025-05-01,Payment failure,involuntary,1007.06,0.0,1007.06,6042.36,5035.25,1007.05,1,1.4,Growth,monthly,23,0,0,1.0,0.783,4.42,8,74.7,Healthy
CUS-00530,Onyx Cove Financial,SMB,Software & Technology,North America,United States,Self-Serve,,2024-11-01,2024-11-01,2026-08-01,22,1,,,,1011.96,1855.26,1855.26,25973.68,25973.68,0.00,0,2.0,Growth,monthly,44,3,0,1.833,0.576,4.12,40,68.3,Watch
CUS-00575,Maple River Energy,Enterprise,Software & Technology,North America,United States,Outbound,G. Almeida,2024-12-01,2024-12-01,2026-08-01,21,1,,,,2638.05,4785.3,5092.05,92270.4,83190.60,0.00,0,15.5,Scale,annual,78,3,1,1.814,0.187,3.38,54,33.6,Critical
CUS-00581,Ridge Forge Networks,SMB,Retail & E-commerce,APAC,Singapore,Self-Serve,,2024-12-01,2024-12-01,2026-03-01,16,0,2026-04-01,Price / budget cuts,voluntary,47.55,0.0,71.33,974.82,974.82,0.00,0,1.4,Starter,monthly,3,1,0,1.5,0.594,3.87,39,68.6,Watch
CUS-00602,Meridian Peak Solutions,Mid-Market,Retail & E-commerce,North America,United States,Partner,B. Lindqvist,2025-01-01,2025-01-01,2026-08-01,20,1,,,,696.24,696.24,696.24,12967.49,12967.45,0.00,0,2.1,Growth,monthly,16,1,2,1.0,0.219,3.6,51,37.3,Critical
CUS-00654,Lumen Vale Analytics,SMB,Manufacturing,EMEA,Sweden,Inbound,C. Moreau,2025-03-01,2025-03-01,2025-03-01,1,0,2025-04-01,Company acquired or closed,voluntary,563.94,0.0,563.94,563.94,563.94,0.00,0,1.0,Growth,monthly,13,0,0,1.0,0.539,3.89,0,55.1,Watch
CUS-00655,Nimbus Point Labs,Mid-Market,Professional Services,EMEA,Sweden,Inbound,D. Ferreira,2025-03-01,2025-03-01,2025-08-01,6,0,2025-09-01,Poor support experience,voluntary,1044.36,0.0,1044.36,6266.16,6266.16,0.00,0,1.7,Growth,monthly,24,0,0,1.0,0.493,3.92,14,36.2,Critical
CUS-00702,Cobalt Harbour Energy,Enterprise,Professional Services,EMEA,United Kingdom,Inbound,C. Moreau,2025-04-01,2025-04-01,2026-08-01,17,1,,,,21832.8,21832.8,21832.8,371157.6,523987.20,0.00,0,15.0,Enterprise,annual,240,0,0,1.0,0.576,3.87,36,54.1,At Risk
CUS-00727,Granite Court Retail,SMB,Media & Entertainment,North America,United States,Self-Serve,,2025-04-01,2025-04-01,2026-08-01,17,1,,,,1468.67,1513.17,1780.2,22475.05,22475.00,0.00,0,1.5,Growth,monthly,34,2,1,1.03,0.606,4.47,23,65.3,Watch
CUS-00735,Tidal Bridge Industries,Mid-Market,Healthcare,North America,United States,Marketplace,D. Ferreira,2025-04-01,2025-04-01,2026-08-01,17,1,,,,971.1,747.0,971.1,15612.3,23306.40,0.00,0,12.5,Growth,annual,20,0,1,0.769,0.663,3.97,32,72.8,Healthy
CUS-00741,Falcon Field Analytics,Mid-Market,Software & Technology,North America,Canada,Outbound,F. Whitfield,2025-05-01,2025-05-01,2025-11-01,7,0,2025-12-01,Price / budget cuts,voluntary,13934.03,0.0,13934.03,80286.56,80286.49,0.00,0,1.7,Scale,monthly,111,0,1,0.587,0.444,3.71,14,47.6,At Risk
CUS-00745,Nimbus Gate Analytics,Mid-Market,Software & Technology,North America,United States,Inbound,J. Petersen,2025-05-01,2025-05-01,2026-08-01,16,1,,,,831.6,907.2,907.2,13986.0,20865.60,0.00,0,14.5,Growth,annual,24,1,0,1.091,0.763,4.31,32,69.7,Watch
CUS-00750,Harbor Stone Systems,Mid-Market,Manufacturing,North America,United States,Outbound,G. Almeida,2025-05-01,2025-05-01,2026-08-01,16,1,,,,4301.25,6451.88,6451.88,76520.63,76520.63,0.00,0,1.4,Scale,monthly,93,2,1,1.5,0.643,4.27,15,70.8,Healthy
CUS-00762,Lumen Cove Health,Mid-Market,Software & Technology,North America,United States,Partner,A. Okafor,2025-05-01,2025-05-01,2025-10-01,6,0,2025-11-01,Switched to competitor,voluntary,1563.44,0.0,1563.44,9380.64,9380.64,0.00,0,2.2,Growth,monthly,37,0,0,1.0,0.662,4.19,8,65.4,Watch
CUS-00787,Cobalt Gate Energy,SMB,Financial Services,EMEA,France,Inbound,D. Ferreira,2025-06-01,2025-06-01,2026-08-01,15,1,,,,225.0,300.0,300.0,3900.0,3900.00,0.00,0,1.3,Starter,monthly,12,1,0,1.333,0.659,4.36,20,59.0,Watch
CUS-00791,Lyra Watch Health,SMB,Software & Technology,North America,United States,Inbound,B. Lindqvist,2025-06-01,2025-06-01,2026-02-01,9,0,2026-03-01,Poor support experience,voluntary,250.0,0.0,350.0,2850.0,2850.00,0.00,0,1.6,Starter,monthly,14,1,0,1.4,0.635,3.65,21,56.0,Watch
CUS-00811,Harbor River Energy,SMB,Media & Entertainment,North America,United States,Inbound,K. Rahman,2025-06-01,2025-06-01,2025-06-01,1,0,2025-07-01,Payment failure,involuntary,635.04,0.0,635.04,635.04,0.00,7620.48,1,0.0,Growth,annual,16,0,0,1.0,0.625,3.47,1,57.6,Watch
CUS-00844,Crestline Point Retail,Mid-Market,Retail & E-commerce,North America,Canada,Inbound,A. Okafor,2025-07-01,2025-07-01,2026-08-01,14,1,,,,791.73,791.73,791.73,11084.22,11084.22,0.00,0,1.7,Growth,monthly,19,0,0,1.0,0.538,3.87,24,53.3,At Risk
CUS-00874,Tidal Cross Group,SMB,Software & Technology,North America,United States,Self-Serve,,2025-08-01,2025-08-01,2025-10-01,3,0,2025-11-01,Missing functionality,voluntary,250.0,0.0,250.0,750.0,750.00,0.00,0,1.3,Starter,monthly,10,0,0,1.0,0.567,3.94,5,51.7,At Risk
CUS-00912,Falcon Bridge Analytics,Mid-Market,Retail & E-commerce,North America,United States,Outbound,K. Rahman,2025-09-01,2025-09-01,2026-03-01,7,0,2026-04-01,Company acquired or closed,voluntary,5759.1,0.0,12015.9,60506.1,60506.10,0.00,0,3.3,Scale,monthly,169,2,0,2.086,0.569,3.94,17,53.2,At Risk
CUS-00921,Maple Point Media,SMB,Education,EMEA,United Kingdom,Inbound,E. Nakamura,2025-10-01,2025-10-01,2026-06-01,9,0,2026-07-01,Missing functionality,voluntary,532.98,0.0,710.64,5818.38,5818.35,0.00,0,1.3,Growth,monthly,16,2,0,1.333,0.722,4.01,18,62.4,Watch
CUS-00940,Sable Watch Labs,SMB,Software & Technology,North America,Canada,Self-Serve,,2025-10-01,2025-10-01,2026-01-01,4,0,2026-02-01,Payment failure,involuntary,99.2,0.0,124.0,421.6,297.60,124.00,1,1.3,Starter,monthly,5,1,0,1.25,0.475,3.98,14,40.2,At Risk
CUS-00953,Harbor Cove Partners,SMB,Software & Technology,North America,United States,Partner,C. Moreau,2025-10-01,2025-10-01,2026-08-01,11,1,,,,1080.0,1350.0,1350.0,14175.0,14175.00,0.00,0,1.7,Growth,monthly,30,1,1,1.25,0.772,4.44,13,73.4,Healthy
CUS-00965,Lyra Court Logistics,SMB,Software & Technology,EMEA,Germany,Inbound,C. Moreau,2025-11-01,2025-11-01,2026-08-01,10,1,,,,272.35,272.35,272.35,2723.5,3268.20,0.00,0,6.0,Starter,annual,13,0,0,1.0,0.5,4.21,9,54.0,At Risk
CUS-01006,Onyx Vale Retail,SMB,Software & Technology,North America,United States,Self-Serve,,2025-11-01,2025-11-01,2026-04-01,6,0,2026-05-01,Company acquired or closed,voluntary,74.18,0.0,98.9,543.96,543.94,0.00,0,1.3,Starter,monthly,4,1,0,1.333,0.597,4.03,12,53.4,At Risk
CUS-01028,Cobalt Cross Systems,Mid-Market,Logistics & Transport,APAC,Australia,Outbound,C. Moreau,2025-12-01,2025-12-01,2026-08-01,9,1,,,,974.16,1785.96,1785.96,12907.62,12907.62,0.00,0,1.3,Growth,monthly,44,3,0,1.833,0.739,4.37,17,69.1,Watch
CUS-01063,Meridian Peak Financial,SMB,Financial Services,EMEA,United Kingdom,Self-Serve,,2025-12-01,2025-12-01,2026-08-01,9,1,,,,65.85,65.85,65.85,592.65,790.20,0.00,0,5.0,Starter,annual,3,0,0,1.0,0.667,4.65,12,70.0,Healthy
CUS-01102,Quartz Cove Partners,SMB,Education,North America,United States,Self-Serve,,2026-01-01,2026-01-01,2026-08-01,8,1,,,,414.9,414.9,414.9,3319.2,3319.20,0.00,0,1.8,Growth,monthly,10,0,0,1.0,0.7,4.16,15,68.8,Watch
CUS-01110,Lumen Arbor Logistics,Mid-Market,Software & Technology,North America,United States,Partner,F. Whitfield,2026-01-01,2026-01-01,2026-08-01,8,1,,,,1092.29,566.37,1092.29,5461.43,5461.43,0.00,0,0.6,Growth,monthly,14,0,2,0.519,0.589,3.74,16,57.9,Watch
CUS-01160,Meridian Court Health,SMB,Retail & E-commerce,North America,Canada,Self-Serve,,2026-02-01,2026-02-01,2026-08-01,7,1,,,,93.7,163.98,163.98,1030.73,1030.72,0.00,0,2.0,Starter,monthly,7,2,0,1.75,0.627,4.03,16,60.6,Watch
CUS-01181,Onyx Harbour Financial,SMB,Financial Services,APAC,Japan,Self-Serve,,2026-02-01,2026-02-01,2026-08-01,7,1,,,,48.45,72.68,72.68,460.3,460.25,0.00,0,2.4,Starter,monthly,3,1,0,1.5,0.619,3.8,15,60.8,Watch
CUS-01183,Juniper Cross Solutions,Mid-Market,Media & Entertainment,EMEA,France,Inbound,E. Nakamura,2026-02-01,2026-02-01,2026-08-01,7,1,,,,1958.22,1958.22,1958.22,13707.54,13707.54,0.00,0,2.4,Growth,monthly,44,0,0,1.0,0.633,4.46,12,55.4,Watch
CUS-01207,Sable Cove Labs,SMB,Software & Technology,North America,United States,Self-Serve,,2026-03-01,2026-03-01,2026-08-01,6,1,,,,75.0,75.0,75.0,425.0,425.00,0.00,0,2.5,Starter,monthly,3,1,1,1.0,0.722,4.26,13,66.3,Watch
CUS-01208,Maple Arbor Networks,Enterprise,Software & Technology,EMEA,France,Outbound,F. Whitfield,2026-03-01,2026-03-01,2026-08-01,6,1,,,,5036.85,5867.1,7084.8,39243.15,60442.20,0.00,0,16.0,Scale,annual,106,1,1,1.165,0.713,4.18,12,64.4,Watch
CUS-01210,Solstice Bridge Networks,SMB,Retail & E-commerce,North America,United States,Self-Serve,,2026-03-01,2026-03-01,2026-08-01,6,1,,,,75.0,75.0,75.0,450.0,450.00,0.00,0,1.0,Starter,monthly,3,0,0,1.0,0.722,4.38,16,68.5,Watch
CUS-01215,Bluefin Bridge Networks,SMB,Healthcare,LATAM,Mexico,Inbound,K. Rahman,2026-03-01,2026-03-01,2026-05-01,3,0,2026-06-01,Price / budget cuts,voluntary,249.5,0.0,249.5,748.5,748.50,0.00,0,2.7,Starter,monthly,10,0,0,1.0,0.533,3.73,9,50.9,At Risk
CUS-01220,Sable Peak Networks,Mid-Market,Manufacturing,APAC,India,Inbound,D. Ferreira,2026-03-01,2026-03-01,2026-08-01,6,1,,,,1003.95,1003.95,1003.95,6023.7,6023.70,0.00,0,2.3,Growth,monthly,23,0,0,1.0,0.515,4.09,13,51.0,At Risk
CUS-01296,Nimbus Point Health,SMB,Professional Services,North America,United States,Self-Serve,,2026-04-01,2026-04-01,2026-08-01,5,1,,,,72.08,96.1,96.1,432.46,432.46,0.00,0,2.0,Starter,monthly,4,1,0,1.333,0.717,4.27,14,62.9,Watch
CUS-01306,Cobalt Court Logistics,SMB,Financial Services,North America,United States,Inbound,H. Kowalski,2026-04-01,2026-04-01,2026-08-01,5,1,,,,298.5,298.5,298.5,1492.5,1492.50,0.00,0,1.8,Starter,monthly,12,0,0,1.0,0.5,3.64,10,47.7,At Risk
CUS-01307,Nimbus Field Logistics,SMB,Manufacturing,EMEA,United Kingdom,Self-Serve,,2026-04-01,2026-04-01,2026-08-01,5,1,,,,124.5,149.4,149.4,647.4,647.40,0.00,0,2.2,Starter,monthly,6,1,0,1.2,0.58,4.29,9,61.3,Watch
CUS-01314,Ridge Court Analytics,SMB,Software & Technology,North America,United States,Self-Serve,,2026-05-01,2026-05-01,2026-08-01,4,1,,,,100.0,100.0,100.0,400.0,400.00,0.00,0,5.5,Starter,monthly,4,0,0,1.0,0.688,4.51,2,62.2,Watch
CUS-01323,Beacon Cross Energy,Mid-Market,Retail & E-commerce,APAC,Australia,Inbound,G. Almeida,2026-05-01,2026-05-01,2026-08-01,4,1,,,,1500.98,1500.98,1500.98,6003.92,6003.88,0.00,0,1.0,Growth,monthly,35,0,0,1.0,0.621,4.13,8,58.7,Watch
CUS-01326,Corvus Point Media,Mid-Market,Financial Services,LATAM,Mexico,Outbound,J. Petersen,2026-05-01,2026-05-01,2026-08-01,4,1,,,,5515.35,5515.35,5515.35,22061.4,66184.20,0.00,0,4.0,Scale,annual,83,0,0,1.0,0.732,4.5,13,66.5,Watch
CUS-01369,Nimbus Vale Energy,SMB,Financial Services,North America,United States,Inbound,B. Lindqvist,2026-06-01,2026-06-01,2026-08-01,3,1,,,,75.0,75.0,75.0,225.0,225.00,0.00,0,0.3,Starter,monthly,3,0,0,1.0,0.667,4.22,9,61.7,Watch
CUS-01371,Cobalt Stone Health,SMB,Logistics & Transport,APAC,Australia,Partner,J. Petersen,2026-06-01,2026-06-01,2026-08-01,3,1,,,,1632.15,1632.15,1632.15,4896.45,4896.45,0.00,0,1.3,Growth,monthly,39,0,0,1.0,0.513,3.29,7,44.4,At Risk
CUS-01385,Onyx Field Health,Enterprise,Professional Services,North America,United States,Inbound,J. Petersen,2026-06-01,2026-06-01,2026-08-01,3,1,,,,6019.65,6019.65,6019.65,18058.95,72235.80,0.00,0,5.0,Scale,annual,98,0,0,1.0,0.656,4.35,4,61.1,Watch
CUS-01386,Vertex Watch Media,Enterprise,Education,APAC,India,Outbound,J. Petersen,2026-06-01,2026-06-01,2026-08-01,3,1,,,,16943.3,16943.3,16943.3,50829.9,203319.60,0.00,0,13.0,Enterprise,annual,211,0,0,1.0,0.578,3.74,8,57.3,Watch
CUS-01408,Summit River Technologies,SMB,Media & Entertainment,EMEA,United Kingdom,Self-Serve,,2026-06-01,2026-06-01,2026-08-01,3,1,,,,929.88,929.88,929.88,2789.64,2789.64,0.00,0,2.3,Growth,monthly,21,0,0,1.0,0.714,4.13,9,63.8,Watch
CUS-01423,Corvus Gate Systems,Mid-Market,Manufacturing,North America,Canada,Inbound,D. Ferreira,2026-07-01,2026-07-01,2026-07-01,1,0,2026-08-01,Price / budget cuts,voluntary,775.49,0.0,775.49,775.49,775.49,0.00,0,2.0,Growth,monthly,19,0,0,1.0,0.579,4.54,0,60.3,Watch
CUS-01436,Basalt Harbour Media,SMB,Financial Services,North America,United States,Self-Serve,,2026-07-01,2026-07-01,2026-08-01,2,1,,,,1197.99,1197.99,1197.99,2395.98,2395.98,0.00,0,1.5,Growth,monthly,27,0,0,1.0,0.593,4.23,3,59.4,Watch
CUS-01449,Summit River Labs,Mid-Market,Software & Technology,North America,United States,Inbound,K. Rahman,2026-07-01,2026-07-01,2026-08-01,2,1,,,,3933.0,3933.0,3933.0,7866.0,47196.00,0.00,0,16.0,Scale,annual,60,0,0,1.0,0.692,4.47,2,68.4,Watch
CUS-01470,Solstice Court Energy,Mid-Market,Logistics & Transport,LATAM,Brazil,Partner,B. Lindqvist,2026-08-01,2026-08-01,2026-08-01,1,1,,,,613.44,613.44,613.44,613.44,7361.28,0.00,0,4.0,Growth,annual,16,0,0,1.0,0.688,4.78,2,67.9,Watch
CUS-01476,Juniper Gate Technologies,SMB,Logistics & Transport,APAC,Japan,Self-Serve,,2026-08-01,2026-08-01,2026-08-01,1,1,,,,67.58,67.58,67.58,67.58,810.96,0.00,0,6.0,Starter,annual,3,0,0,1.0,0.667,4.32,2,64.6,Watch
CUS-01480,Summit Cove Group,SMB,Manufacturing,EMEA,Germany,Inbound,J. Petersen,2026-08-01,2026-08-01,2026-08-01,1,1,,,,96.2,96.2,96.2,96.2,96.20,0.00,0,3.0,Starter,monthly,4,0,0,1.0,0.75,4.35,0,68.0,Watch
CUS-01481,Corvus Peak Labs,Mid-Market,Professional Services,North America,United States,Marketplace,F. Whitfield,2026-08-01,2026-08-01,2026-08-01,1,1,,,,7094.1,7094.1,7094.1,7094.1,7094.10,0.00,0,0.0,Scale,monthly,107,0,0,1.0,0.72,3.96,1,64.7,Watch
CUS-01485,Falcon Peak Networks,Mid-Market,Retail & E-commerce,EMEA,Germany,Outbound,C. Moreau,2026-08-01,2026-08-01,2026-08-01,1,1,,,,1759.73,1759.73,1759.73,1759.73,21116.64,0.00,0,20.0,Growth,annual,45,0,0,1.0,0.689,4.3,1,66.6,Watch
CUS-01495,Aster River Energy,Mid-Market,Software & Technology,APAC,Australia,Outbound,G. Almeida,2026-08-01,2026-08-01,2026-08-01,1,1,,,,1610.06,1610.06,1610.06,1610.06,1610.06,0.00,0,1.0,Growth,monthly,37,0,0,1.0,0.676,3.85,2,60.6,Watch
CUS-00007,Pioneer Stone Energy,Mid-Market,Healthcare,North America,United States,Inbound,E. Nakamura,2023-01-01,2023-01-01,2026-08-01,44,1,,,,11707.8,10077.6,12522.9,495284.4,495284.40,0.00,0,1.8,Scale,monthly,136,2,3,0.861,0.186,3.55,95,38.8,Critical
CUS-00022,Solstice Harbour Retail,Mid-Market,Professional Services,EMEA,Germany,Inbound,B. Lindqvist,2023-02-01,2023-02-01,2024-08-01,19,0,2024-09-01,Switched to competitor,voluntary,746.01,0.0,1409.13,24618.33,24618.33,0.00,0,1.8,Growth,monthly,34,2,0,1.889,0.894,4.53,22,90.2,Healthy
CUS-00037,Orchid Peak Partners,Enterprise,Media & Entertainment,North America,United States,Partner,H. Kowalski,2023-03-01,2023-03-01,2025-03-01,25,0,2025-04-01,Payment failure,involuntary,14890.04,0.0,19218.54,356695.98,383331.96,95620.56,1,11.5,Scale,annual,135,2,2,0.535,0.833,4.25,40,77.6,Healthy
CUS-00038,Basalt Point Technologies,Mid-Market,Software & Technology,APAC,Australia,Inbound,L. Duarte,2023-03-01,2023-03-01,2025-12-01,34,0,2026-01-01,Price / budget cuts,voluntary,1916.64,0.0,2439.36,62900.64,62900.64,0.00,0,2.2,Growth,monthly,40,2,1,0.909,0.421,4.12,52,46.2,At Risk
CUS-00065,Meridian Gate Systems,SMB,Education,APAC,Australia,Self-Serve,,2023-04-01,2023-04-01,2023-07-01,4,0,2023-08-01,Switched to competitor,voluntary,1520.82,0.0,1520.82,6083.28,6083.28,0.00,0,1.3,Growth,monthly,34,0,0,1.0,0.559,4.05,6,57.1,Watch
CUS-00069,Nimbus Harbour Industries,Enterprise,Retail & E-commerce,LATAM,Brazil,Partner,J. Petersen,2023-05-01,2023-05-01,2026-08-01,40,1,,,,9635.85,37482.06,50297.94,1349968.62,1533452.76,0.00,0,9.8,Enterprise,annual,427,7,3,3.89,0.897,4.67,60,86.4,Healthy
CUS-00086,Nimbus Forge Networks,SMB,Manufacturing,North America,Canada,Inbound,G. Almeida,2023-06-01,2023-06-01,2024-10-01,17,0,2024-11-01,Payment failure,involuntary,50.0,0.0,75.0,1175.0,1100.00,75.00,1,1.4,Starter,monthly,3,2,1,1.5,0.627,4.16,35,66.3,Watch
CUS-00087,Lyra Gate Financial,Mid-Market,Education,EMEA,Germany,Inbound,C. Moreau,2023-06-01,2023-06-01,2026-08-01,39,1,,,,594.72,1401.84,1401.84,32072.4,32072.40,0.00,0,1.5,Growth,monthly,33,4,1,2.357,0.937,4.3,68,74.8,Healthy
CUS-00098,Onyx Forge Energy,Mid-Market,Retail & E-commerce,EMEA,Netherlands,Inbound,F. Whitfield,2023-06-01,2023-06-01,2025-12-01,31,0,2026-01-01,Low adoption,voluntary,4686.9,0.0,4686.9,92979.9,92979.90,0.00,0,1.3,Growth,monthly,28,1,4,0.247,0.262,3.83,55,36.9,Critical
CUS-00103,Beacon Vale Health,Enterprise,Professional Services,APAC,India,Outbound,H. Kowalski,2023-06-01,2023-06-01,2026-05-01,36,0,2026-06-01,Low adoption,voluntary,31665.92,0.0,31665.92,839055.36,856627.20,0.00,0,7.3,Enterprise,annual,296,1,1,0.855,0.178,3.42,94,30.1,Critical
CUS-00104,Nimbus Harbour Group,SMB,Media & Entertainment,North America,United States,Self-Serve,,2023-06-01,2023-06-01,2026-08-01,39,1,,,,2160.0,8475.0,8475.0,137400.0,137400.00,0.00,0,1.7,Scale,monthly,113,3,0,3.924,0.723,4.03,84,74.6,Healthy
CUS-00106,Orchid Cove Energy,Mid-Market,Software & Technology,North America,United States,Inbound,H. Kowalski,2023-06-01,2023-06-01,2026-08-01,39,1,,,,11908.5,11908.5,18283.05,542467.2,542467.20,0.00,0,2.2,Scale,monthly,170,4,3,1.0,0.674,4.23,60,83.2,Healthy
CUS-00183,Basalt Cross Retail,SMB,Retail & E-commerce,North America,United States,Marketplace,I. Castellanos,2023-10-01,2023-10-01,2025-09-01,24,0,2025-10-01,Payment failure,involuntary,231.25,0.0,231.25,4486.32,4278.06,208.12,1,1.3,Starter,monthly,9,1,1,0.9,0.332,3.76,58,36.1,Critical
CUS-00204,Sable Cross Group,SMB,Education,North America,Canada,Self-Serve,,2023-11-01,2023-11-01,2024-10-01,12,0,2024-11-01,Price / budget cuts,voluntary,1513.35,0.0,2070.9,18717.75,18160.20,0.00,0,17.0,Growth,annual,52,1,0,1.368,0.7,4.29,23,65.7,Watch
CUS-00210,Falcon Vale Energy,SMB,Healthcare,LATAM,Mexico,Marketplace,E. Nakamura,2023-12-01,2023-12-01,2026-08-01,33,1,,,,552.24,1316.88,1316.88,28546.56,28546.56,0.00,0,1.7,Growth,monthly,31,3,0,2.385,0.752,4.01,68,76.6,Healthy
CUS-00218,Northwind Point Solutions,Mid-Market,Media & Entertainment,North America,United States,Inbound,C. Moreau,2023-12-01,2023-12-01,2025-04-01,17,0,2025-05-01,Low adoption,voluntary,850.5,0.0,1488.38,19774.17,19774.14,0.00,0,2.4,Growth,monthly,35,3,1,1.75,0.798,4.19,34,85.7,Healthy
CUS-00226,Crestline River Logistics,Mid-Market,Software & Technology,North America,United States,Partner,B. Lindqvist,2023-12-01,2023-12-01,2024-11-01,12,0,2024-12-01,Payment failure,involuntary,911.93,0.0,911.93,10943.16,10031.12,911.92,1,2.0,Growth,monthly,21,0,0,1.0,0.782,4.03,28,79.0,Healthy
CUS-00278,Quartz Gate Energy,SMB,Healthcare,EMEA,France,Self-Serve,,2024-02-01,2024-02-01,2026-08-01,31,1,,,,144.03,144.03,246.9,4876.4,5431.92,0.00,0,5.7,Starter,annual,7,3,1,1.0,0.639,3.99,65,75.0,Healthy
CUS-00285,Meridian Court Networks,Enterprise,Media & Entertainment,North America,United States,Inbound,K. Rahman,2024-02-01,2024-02-01,2026-08-01,31,1,,,,5914.95,6858.83,6858.83,200353.29,224264.64,0.00,0,11.0,Scale,annual,109,1,0,1.16,0.841,4.63,34,94.0,Healthy
CUS-00305,Meridian Cross Analytics,Enterprise,Healthcare,North America,United States,Partner,B. Lindqvist,2024-03-01,2024-03-01,2026-08-01,30,1,,,,4200.0,6360.0,6360.0,183600.0,203040.00,0.00,0,14.0,Scale,annual,106,2,0,1.514,0.688,4.47,46,68.1,Watch
CUS-00311,Summit River Analytics,SMB,Manufacturing,APAC,Japan,Partner,E. Nakamura,2024-03-01,2024-03-01,2024-06-01,4,0,2024-07-01,Company acquired or closed,voluntary,1824.71,0.0,1824.71,5696.66,5696.64,0.00,0,1.0,Growth,monthly,23,0,1,0.561,0.644,4.29,5,62.1,Watch
CUS-00363,Tidal Cove Energy,SMB,Financial Services,North America,United States,Self-Serve,,2024-05-01,2024-05-01,2024-06-01,2,0,2024-07-01,Low adoption,voluntary,279.9,0.0,279.9,559.8,559.80,0.00,0,1.0,Starter,monthly,12,0,0,1.0,0.625,3.63,4,55.0,Watch
CUS-00388,Falcon Field Media,SMB,Financial Services,APAC,India,Inbound,B. Lindqvist,2024-06-01,2024-06-01,2024-07-01,2,0,2024-08-01,Price / budget cuts,voluntary,100.0,0.0,100.0,200.0,200.00,0.00,0,1.5,Starter,monthly,4,0,0,1.0,0.75,4.35,4,67.7,Watch
CUS-00416,Juniper Vale Systems,SMB,Software & Technology,North America,United States,Self-Serve,,2024-07-01,2024-07-01,2026-08-01,26,1,,,,150.0,150.0,150.0,3900.0,3900.00,0.00,0,1.7,Starter,monthly,6,0,0,1.0,0.737,4.56,37,75.8,Healthy
CUS-00501,Nimbus Arbor Technologies,Mid-Market,Manufacturing,EMEA,France,Marketplace,J. Petersen,2024-10-01,2024-10-01,2026-08-01,23,1,,,,1571.4,2095.2,2095.2,42427.8,42427.80,0.00,0,1.3,Growth,monthly,48,2,0,1.333,0.815,4.01,48,86.5,Healthy
CUS-00520,Crestline Cross Retail,SMB,Software & Technology,North America,Canada,Inbound,B. Lindqvist,2024-11-01,2024-11-01,2025-02-01,4,0,2025-03-01,Price / budget cuts,voluntary,969.8,0.0,1054.13,4047.86,4047.84,0.00,0,1.5,Growth,monthly,25,1,0,1.087,0.615,4.06,8,62.1,Watch
CUS-00537,Northwind Harbour Energy,Mid-Market,Professional Services,APAC,Singapore,Outbound,J. Petersen,2024-11-01,2024-11-01,2026-08-01,22,1,,,,11591.1,8586.0,11591.1,209569.95,209569.95,0.00,0,2.1,Scale,monthly,120,1,2,0.741,0.657,4.66,21,66.2,Watch
CUS-00545,Pioneer Bridge Technologies,SMB,Software & Technology,EMEA,France,Inbound,K. Rahman,2024-12-01,2024-12-01,2026-08-01,21,1,,,,137.25,160.13,160.13,3339.85,3568.44,0.00,0,13.5,Starter,annual,7,1,0,1.167,0.862,4.51,30,85.7,Healthy
CUS-00603,Aster Gate Financial,Mid-Market,Software & Technology,North America,United States,Outbound,B. Lindqvist,2025-01-01,2025-01-01,2026-08-01,20,1,,,,1128.83,1128.83,1128.83,22576.6,27091.92,0.00,0,18.0,Growth,annual,29,0,0,1.0,0.64,4.02,35,63.7,Watch
CUS-00618,Onyx Watch Solutions,SMB,Healthcare,APAC,India,Marketplace,L. Duarte,2025-01-01,2025-01-01,2026-06-01,18,0,2026-07-01,Payment failure,involuntary,144.3,0.0,144.3,2597.4,2453.10,144.30,1,1.8,Starter,monthly,6,0,0,1.0,0.769,4.1,31,86.7,Healthy
CUS-00624,Corvus River Networks,SMB,Retail & E-commerce,APAC,Singapore,Self-Serve,,2025-02-01,2025-02-01,2026-08-01,19,1,,,,193.4,241.75,241.75,4109.76,4109.74,0.00,0,1.6,Starter,monthly,10,1,1,1.25,0.568,4.24,28,59.8,Watch
CUS-00652,Falcon Point Group,SMB,Financial Services,APAC,Japan,Self-Serve,,2025-02-01,2025-02-01,2026-08-01,19,1,,,,495.0,585.0,720.0,10755.0,10755.00,0.00,0,1.5,Growth,monthly,13,2,1,1.182,0.522,4.22,30,56.1,Watch
CUS-00694,Ironwood Cove Systems,Enterprise,Education,EMEA,United Kingdom,Outbound,F. Whitfield,2025-03-01,2025-03-01,2026-01-01,11,0,2026-02-01,Payment failure,involuntary,5657.18,0.0,9363.6,91945.36,82581.76,9363.60,1,1.5,Scale,monthly,144,2,0,1.655,0.435,3.97,12,39.9,Critical
CUS-00700,Halcyon Gate Retail,SMB,Manufacturing,North America,Canada,Self-Serve,,2025-04-01,2025-04-01,2026-08-01,17,1,,,,85.8,214.5,214.5,2295.15,2831.40,0.00,0,13.5,Starter,annual,10,3,0,2.5,0.724,4.24,31,76.5,Healthy
CUS-00701,Pioneer Cove Partners,Mid-Market,Software & Technology,APAC,India,Partner,F. Whitfield,2025-04-01,2025-04-01,2026-08-01,17,1,,,,513.45,550.13,550.13,8912.05,12762.84,0.00,0,2.0,Growth,annual,15,1,0,1.071,0.666,4.01,28,64.0,Watch
CUS-00747,Lumen River Retail,Mid-Market,Professional Services,North America,Canada,Inbound,C. Moreau,2025-05-01,2025-05-01,2025-09-01,5,0,2025-10-01,Low adoption,voluntary,3494.4,0.0,6384.0,23184.0,23184.00,0.00,0,1.4,Scale,monthly,95,2,0,1.827,0.622,4.22,11,59.6,Watch
CUS-00752,Aster River Technologies,Mid-Market,Software & Technology,APAC,Singapore,Outbound,G. Almeida,2025-05-01,2025-05-01,2026-04-01,12,0,2026-05-01,Missing functionality,voluntary,395.55,0.0,395.55,4526.85,4746.60,0.00,0,21.0,Starter,annual,8,0,1,0.444,0.594,4.02,16,63.6,Watch
CUS-00775,Northwind Forge Networks,Enterprise,Manufacturing,EMEA,France,Partner,I. Castellanos,2025-06-01,2025-06-01,2026-08-01,15,1,,,,5170.13,6325.8,6325.8,89108.65,137951.04,0.00,0,8.0,Scale,annual,104,1,0,1.224,0.287,3.62,25,34.1,Critical
CUS-00778,Ironwood Field Group,SMB,Professional Services,EMEA,United Kingdom,Self-Serve,,2025-06-01,2025-06-01,2025-10-01,5,0,2025-11-01,Price / budget cuts,voluntary,214.2,0.0,214.2,1071.0,1071.00,0.00,0,1.2,Starter,monthly,9,0,0,1.0,0.622,3.95,5,57.4,Watch
CUS-00784,Northwind Arbor Networks,SMB,Retail & E-commerce,North America,United States,Marketplace,A. Okafor,2025-06-01,2025-06-01,2026-08-01,15,1,,,,47.35,47.35,47.35,710.25,710.25,0.00,0,2.3,Starter,monthly,2,0,0,1.0,0.5,4.32,22,54.0,At Risk
CUS-00795,Granite Court Health,SMB,Healthcare,North America,United States,Inbound,C. Moreau,2025-06-01,2025-06-01,2026-05-01,12,0,2026-06-01,Payment failure,involuntary,2070.0,0.0,2070.0,24030.0,22365.00,1665.00,1,2.1,Growth,monthly,37,0,1,0.804,0.668,4.02,26,65.2,Watch
CUS-00806,Harbor Gate Financial,SMB,Logistics & Transport,APAC,India,Inbound,E. Nakamura,2025-06-01,2025-06-01,2026-04-01,9,0,2026-05-01,Payment failure,involuntary,74.4,0.0,74.4,595.2,545.60,49.60,1,2.1,Starter,monthly,2,0,0,0.667,0.778,4.56,9,85.2,Healthy
CUS-00819,Pioneer Peak Industries,SMB,Media & Entertainment,EMEA,United Kingdom,Marketplace,I. Castellanos,2025-07-01,2025-07-01,2026-04-01,10,0,2026-05-01,Payment failure,involuntary,232.0,0.0,232.0,2320.0,2088.00,232.00,1,1.1,Starter,monthly,10,0,0,1.0,0.88,4.46,17,83.0,Healthy
CUS-00854,Granite Cross Group,Enterprise,Financial Services,EMEA,United Kingdom,Partner,H. Kowalski,2025-08-01,2025-08-01,2026-08-01,13,1,,,,24769.8,27155.04,27155.04,318888.24,318888.24,0.00,0,1.7,Enterprise,monthly,296,1,1,1.096,0.695,4.34,24,70.9,Healthy
CUS-00936,Maple Cove Analytics,Mid-Market,Software & Technology,EMEA,France,Partner,F. Whitfield,2025-10-01,2025-10-01,2025-10-01,1,0,2025-11-01,Company acquired or closed,voluntary,641.92,0.0,641.92,641.92,641.92,0.00,0,0.0,Growth,monthly,15,0,0,1.0,0.533,3.95,2,54.0,At Risk
CUS-00943,Ridge Point Partners,Mid-Market,Media & Entertainment,EMEA,Sweden,Outbound,A. Okafor,2025-10-01,2025-10-01,2026-08-01,11,1,,,,928.94,530.82,928.94,9422.1,9422.01,0.00,0,2.0,Growth,monthly,12,0,1,0.571,0.79,4.2,30,75.3,Healthy
CUS-00981,Corvus Cove Labs,SMB,Logistics & Transport,North America,United States,Partner,K. Rahman,2025-11-01,2025-11-01,2026-04-01,6,0,2026-05-01,Payment failure,involuntary,753.53,0.0,753.53,4521.18,3767.60,753.52,1,1.4,Growth,monthly,17,0,0,1.0,0.677,4.15,12,57.9,Watch
CUS-01078,Granite Field Industries,Enterprise,Logistics & Transport,North America,United States,Outbound,E. Nakamura,2025-12-01,2025-12-01,2026-08-01,9,1,,,,51297.84,107624.88,107624.88,745327.44,615574.08,0.00,0,5.0,Enterprise,annual,1284,3,0,2.098,0.494,4.06,12,47.6,At Risk
CUS-01090,Lumen Gate Media,SMB,Financial Services,EMEA,United Kingdom,Self-Serve,,2026-01-01,2026-01-01,2026-08-01,8,1,,,,441.0,196.0,441.0,2548.0,2548.00,0.00,0,2.6,Starter,monthly,8,0,1,0.444,0.675,3.99,17,67.2,Watch
CUS-01091,Harbor Court Solutions,SMB,Logistics & Transport,EMEA,Germany,Self-Serve,,2026-01-01,2026-01-01,2026-08-01,8,1,,,,45.0,45.0,45.0,360.0,540.00,0.00,0,4.0,Starter,annual,2,0,0,1.0,0.5,4.13,13,54.6,At Risk
CUS-01109,Ridge Bridge Networks,Mid-Market,Software & Technology,North America,United States,Inbound,K. Rahman,2026-01-01,2026-01-01,2026-08-01,8,1,,,,681.12,681.12,681.12,5448.96,5448.96,0.00,0,1.8,Growth,monthly,16,0,0,1.0,0.516,3.92,12,56.9,Watch
CUS-01112,Northwind Point Energy,Mid-Market,Software & Technology,EMEA,France,Outbound,I. Castellanos,2026-01-01,2026-01-01,2026-08-01,8,1,,,,832.55,1229.0,1229.0,8087.62,9990.48,0.00,0,16.0,Growth,annual,31,2,0,1.476,0.421,4.25,11,44.8,At Risk
CUS-01150,Northwind Peak Technologies,SMB,Media & Entertainment,LATAM,Brazil,Self-Serve,,2026-02-01,2026-02-01,2026-08-01,7,1,,,,189.23,189.23,189.23,1324.61,2270.64,0.00,0,8.0,Starter,annual,9,0,0,1.0,0.444,3.74,17,41.3,At Risk
CUS-01165,Granite River Labs,SMB,Professional Services,North America,United States,Self-Serve,,2026-02-01,2026-02-01,2026-08-01,7,1,,,,1477.35,2110.5,2110.5,11607.75,11607.75,0.00,0,1.1,Growth,monthly,50,1,0,1.429,0.693,4.39,15,73.3,Healthy
CUS-01203,Ironwood Court Retail,SMB,Education,EMEA,United Kingdom,Inbound,A. Okafor,2026-03-01,2026-03-01,2026-08-01,6,1,,,,98.2,98.2,98.2,589.2,589.20,0.00,0,3.3,Starter,monthly,4,0,0,1.0,0.667,4.33,11,62.7,Watch
CUS-01213,Beacon Cove Labs,SMB,Logistics & Transport,North America,United States,Inbound,D. Ferreira,2026-03-01,2026-03-01,2026-08-01,6,1,,,,100.0,75.0,100.0,550.0,550.00,0.00,0,1.5,Starter,monthly,3,0,1,0.75,0.681,3.83,10,61.1,Watch
CUS-01227,Beacon Stone Energy,Mid-Market,Software & Technology,EMEA,United Kingdom,Outbound,E. Nakamura,2026-03-01,2026-03-01,2026-08-01,6,1,,,,471.42,471.42,471.42,2828.52,5657.04,0.00,0,11.0,Growth,annual,12,0,0,1.0,0.694,4.64,6,68.0,Watch
CUS-01242,Juniper Cross Retail,SMB,Retail & E-commerce,EMEA,United Kingdom,Marketplace,L. Duarte,2026-03-01,2026-03-01,2026-08-01,6,1,,,,97.7,97.7,97.7,586.2,586.20,0.00,0,1.5,Starter,monthly,4,0,0,1.0,0.5,3.81,14,54.7,At Risk
CUS-01243,Quartz Stone Financial,SMB,Healthcare,North America,United States,Inbound,I. Castellanos,2026-03-01,2026-03-01,2026-08-01,6,1,,,,115.25,115.25,115.25,691.5,691.50,0.00,0,0.8,Starter,monthly,5,0,0,1.0,0.6,3.96,11,56.5,Watch
CUS-01250,Falcon Cross Financial,Mid-Market,Financial Services,North America,United States,Inbound,G. Almeida,2026-03-01,2026-03-01,2026-06-01,4,0,2026-07-01,Low adoption,voluntary,1264.55,0.0,1438.97,5581.46,5581.43,0.00,0,1.0,Growth,monthly,33,1,0,1.138,0.695,4.15,6,65.6,Watch
CUS-01263,Ironwood Gate Networks,SMB,Software & Technology,EMEA,United Kingdom,Marketplace,L. Duarte,2026-04-01,2026-04-01,2026-08-01,5,1,,,,65.18,43.45,65.18,260.71,782.04,0.00,0,11.0,Starter,annual,2,0,1,0.667,0.567,4.5,6,60.6,Watch
CUS-01268,Meridian River Partners,SMB,Software & Technology,APAC,Japan,Inbound,F. Whitfield,2026-04-01,2026-04-01,2026-08-01,5,1,,,,140.1,140.1,140.1,700.5,700.50,0.00,0,1.4,Starter,monthly,6,0,0,1.0,0.667,4.26,10,63.4,Watch
CUS-01292,Lumen Bridge Technologies,Enterprise,Retail & E-commerce,EMEA,United Kingdom,Outbound,D. Ferreira,2026-04-01,2026-04-01,2026-08-01,5,1,,,,44973.72,44973.72,44973.72,224868.6,539684.64,0.00,0,5.0,Enterprise,annual,554,0,0,1.0,0.64,4.3,13,63.9,Watch
CUS-01293,Cobalt Stone Energy,SMB,Education,North America,United States,Self-Serve,,2026-04-01,2026-04-01,2026-08-01,5,1,,,,100.0,100.0,100.0,500.0,500.00,0.00,0,4.2,Starter,monthly,4,0,0,1.0,0.75,4.19,12,66.3,Watch
CUS-01301,Nimbus Court Group,SMB,Education,APAC,Australia,Self-Serve,,2026-04-01,2026-04-01,2026-08-01,5,1,,,,2071.44,1424.12,2071.44,7767.92,7767.92,0.00,0,2.0,Growth,monthly,33,0,1,0.688,0.655,4.43,5,69.4,Watch
CUS-01302,Harbor River Logistics,SMB,Logistics & Transport,North America,United States,Inbound,L. Duarte,2026-04-01,2026-04-01,2026-08-01,5,1,,,,147.15,147.15,147.15,735.75,735.75,0.00,0,1.2,Starter,monthly,6,0,0,1.0,0.5,3.9,9,58.0,Watch
CUS-01318,Orchid Bridge Retail,SMB,Manufacturing,APAC,Japan,Inbound,A. Okafor,2026-05-01,2026-05-01,2026-08-01,4,1,,,,185.0,254.38,254.38,948.14,2220.00,0.00,0,24.0,Starter,annual,11,1,0,1.375,0.71,4.29,12,58.7,Watch
CUS-01373,Juniper Harbour Media,Mid-Market,Healthcare,North America,United States,Outbound,G. Almeida,2026-06-01,2026-06-01,2026-08-01,3,1,,,,6654.38,6654.38,6654.38,19963.14,79852.56,0.00,0,3.0,Scale,annual,105,0,0,1.0,0.568,4.19,1,55.2,Watch
CUS-01388,Aster Arbor Industries,SMB,Financial Services,North America,Canada,Inbound,B. Lindqvist,2026-06-01,2026-06-01,2026-08-01,3,1,,,,771.12,813.96,813.96,2356.2,2356.20,0.00,0,0.7,Growth,monthly,19,1,0,1.056,0.835,4.48,8,77.5,Healthy
CUS-01401,Pioneer Field Logistics,Mid-Market,Healthcare,North America,United States,Inbound,D. Ferreira,2026-06-01,2026-06-01,2026-08-01,3,1,,,,721.71,721.71,721.71,2165.13,2165.13,0.00,0,2.7,Growth,monthly,18,0,0,1.0,0.759,4.51,3,76.8,Healthy
CUS-01414,Beacon Cove Media,Mid-Market,Financial Services,LATAM,Brazil,Outbound,K. Rahman,2026-06-01,2026-06-01,2026-08-01,3,1,,,,5703.75,5703.75,5703.75,17111.25,68445.00,0.00,0,5.0,Scale,annual,90,0,0,1.0,0.444,3.62,7,40.4,At Risk
CUS-01440,Lumen Bridge Media,SMB,Media & Entertainment,EMEA,France,Self-Serve,,2026-07-01,2026-07-01,2026-08-01,2,1,,,,1433.57,1433.57,1433.57,2867.14,17202.84,0.00,0,10.0,Growth,annual,37,0,0,1.0,0.635,4.02,6,59.6,Watch
CUS-01453,Pioneer Gate Industries,SMB,Media & Entertainment,EMEA,Germany,Self-Serve,,2026-07-01,2026-07-01,2026-08-01,2,1,,,,73.27,73.27,73.27,146.54,146.54,0.00,0,2.0,Starter,monthly,3,0,0,1.0,0.667,4.54,2,70.3,Healthy
CUS-01457,Vertex Court Technologies,Mid-Market,Software & Technology,EMEA,United Kingdom,Partner,C. Moreau,2026-07-01,2026-07-01,2026-08-01,2,1,,,,8878.13,11790.15,11790.15,20668.28,20668.27,0.00,0,0.5,Scale,monthly,166,1,0,1.328,0.677,4.48,1,69.2,Watch
CUS-01463,Aster Vale Labs,Mid-Market,Retail & E-commerce,North America,United States,Outbound,A. Okafor,2026-07-01,2026-07-01,2026-08-01,2,1,,,,10971.6,10971.6,10971.6,21943.2,21943.20,0.00,0,0.5,Scale,monthly,164,0,0,1.0,0.781,4.16,4,65.9,Watch
CUS-01502,Solstice Bridge Health,SMB,Retail & E-commerce,North America,United States,Inbound,C. Moreau,2026-08-01,2026-08-01,2026-08-01,1,1,,,,125.0,125.0,125.0,125.0,125.00,0.00,0,3.0,Starter,monthly,5,0,0,1.0,0.6,3.81,2,57.8,Watch
CUS-01504,Crestline Peak Analytics,Mid-Market,Healthcare,APAC,Australia,Outbound,B. Lindqvist,2026-08-01,2026-08-01,2026-08-01,1,1,,,,3105.0,3105.0,3105.0,3105.0,3105.00,0.00,0,2.0,Scale,monthly,45,0,0,1.0,0.644,3.56,4,52.3,At Risk
CUS-01506,Cobalt River Technologies,SMB,Education,North America,United States,Self-Serve,,2026-08-01,2026-08-01,2026-08-01,1,1,,,,1496.88,1496.88,1496.88,1496.88,17962.56,0.00,0,14.0,Growth,annual,36,0,0,1.0,0.667,5.0,0,72.8,Healthy
CUS-01507,Basalt Point Health,Enterprise,Retail & E-commerce,EMEA,France,Outbound,K. Rahman,2026-08-01,2026-08-01,2026-08-01,1,1,,,,23274.02,23274.02,23274.02,23274.02,23274.02,0.00,0,1.0,Enterprise,monthly,254,0,0,1.0,0.689,3.98,2,60.9,Watch
CUS-00043,Halcyon Vale Partners,SMB,Software & Technology,North America,United States,Self-Serve,,2023-03-01,2023-03-01,2026-08-01,42,1,,,,207.0,186.3,269.1,8859.6,9936.00,0.00,0,7.5,Starter,annual,9,3,2,0.9,0.176,3.88,79,44.9,At Risk
CUS-00054,Basalt Watch Health,SMB,Healthcare,EMEA,Sweden,Partner,J. Petersen,2023-04-01,2023-04-01,2026-04-01,37,0,2026-05-01,Payment failure,involuntary,120.5,0.0,241.0,6555.2,6362.40,192.80,1,1.9,Starter,monthly,8,4,1,1.6,0.959,4.59,57,84.8,Healthy
CUS-00082,Falcon Point Systems,Mid-Market,Manufacturing,EMEA,Sweden,Inbound,I. Castellanos,2023-05-01,2023-05-01,2026-08-01,40,1,,,,8993.63,9179.7,13769.55,387594.28,493470.84,0.00,0,14.5,Scale,annual,148,2,1,1.021,0.542,3.77,89,61.7,Watch
CUS-00125,Bluefin Field Financial,Enterprise,Manufacturing,APAC,Singapore,Outbound,D. Ferreira,2023-08-01,2023-08-01,2026-08-01,37,1,,,,10340.25,56915.98,56915.98,1263428.55,1829421.36,0.00,0,14.5,Enterprise,annual,638,5,0,5.504,0.591,4.24,47,68.6,Watch
CUS-00126,Northwind Cross Analytics,SMB,Logistics & Transport,North America,United States,Self-Serve,,2023-08-01,2023-08-01,2026-06-01,35,0,2026-07-01,Payment failure,involuntary,71.4,0.0,142.8,2737.0,2594.20,142.80,1,1.5,Starter,monthly,6,2,0,2.0,0.876,4.25,74,82.0,Healthy
CUS-00132,Zephyr Cross Partners,Mid-Market,Healthcare,North America,United States,Partner,L. Duarte,2023-08-01,2023-08-01,2024-04-01,9,0,2024-05-01,Price / budget cuts,voluntary,7093.13,0.0,7093.13,51918.78,51918.76,0.00,0,1.3,Scale,monthly,56,0,2,0.577,0.561,4.12,20,60.0,Watch
CUS-00134,Ironwood Cove Energy,SMB,Media & Entertainment,EMEA,Netherlands,Partner,E. Nakamura,2023-08-01,2023-08-01,2026-08-01,28,1,2024-12-01,Price / budget cuts,voluntary,1378.08,645.98,1378.08,28638.3,28638.30,0.00,0,1.7,Growth,monthly,15,0,1,0.469,0.418,3.56,52,52.7,At Risk
CUS-00161,Bluefin Harbour Health,Enterprise,Healthcare,EMEA,Germany,Partner,H. Kowalski,2023-10-01,2023-10-01,2026-08-01,35,1,,,,9243.38,59149.75,59149.75,869772.23,708525.36,0.00,0,16.7,Enterprise,annual,685,8,1,6.399,0.716,4.39,62,69.3,Watch
CUS-00171,Nimbus Watch Technologies,Mid-Market,Media & Entertainment,APAC,Japan,Partner,F. Whitfield,2023-10-01,2023-10-01,2025-04-01,19,0,2025-05-01,Price / budget cuts,voluntary,2463.0,0.0,4310.25,69333.45,73890.00,0.00,0,19.0,Scale,annual,70,3,0,1.75,0.395,4.05,37,31.2,Critical
CUS-00178,Solstice Harbour Logistics,SMB,Manufacturing,EMEA,Netherlands,Marketplace,G. Almeida,2023-10-01,2023-10-01,2026-08-01,35,1,,,,88.9,133.35,133.35,4178.35,4000.44,0.00,0,5.3,Starter,annual,6,2,0,1.5,0.779,4.01,69,92.0,Healthy
CUS-00187,Solstice Arbor Technologies,SMB,Manufacturing,North America,United States,Self-Serve,,2023-11-01,2023-11-01,2024-05-01,7,0,2024-06-01,Low adoption,voluntary,761.94,0.0,941.22,6050.7,6050.70,0.00,0,2.0,Growth,monthly,21,1,0,1.235,0.696,4.44,12,64.5,Watch
CUS-00208,Meridian Peak Group,Enterprise,Retail & E-commerce,North America,United States,Outbound,A. Okafor,2023-11-01,2023-11-01,2025-07-01,21,0,2025-08-01,Payment failure,involuntary,3172.5,0.0,4512.0,75294.0,70782.00,4512.00,1,1.6,Scale,monthly,64,2,0,1.422,0.312,3.92,46,35.8,Critical
CUS-00216,Lumen Peak Analytics,Enterprise,Healthcare,APAC,Singapore,Partner,D. Ferreira,2023-12-01,2023-12-01,2026-08-01,33,1,,,,38104.0,71104.0,71104.0,1837176.0,1808928.00,0.00,0,11.3,Enterprise,annual,808,4,0,1.866,0.484,3.75,57,48.4,At Risk
CUS-00235,Lyra Bridge Energy,SMB,Education,North America,United States,Self-Serve,,2023-12-01,2023-12-01,2024-01-01,2,0,2024-02-01,Poor support experience,voluntary,1260.0,0.0,1260.0,2520.0,2520.00,0.00,0,1.5,Growth,monthly,28,0,0,1.0,0.589,4.09,5,58.3,Watch
CUS-00240,Pioneer Court Retail,Mid-Market,Retail & E-commerce,EMEA,Sweden,Partner,B. Lindqvist,2024-01-01,2024-01-01,2026-08-01,32,1,,,,1583.01,1814.67,2316.6,60154.38,68571.36,0.00,0,13.0,Growth,annual,47,2,1,1.146,0.794,4.13,48,75.9,Healthy
CUS-00245,Onyx Field Energy,SMB,Logistics & Transport,North America,United States,Inbound,J. Petersen,2024-01-01,2024-01-01,2024-12-01,12,0,2025-01-01,Missing functionality,voluntary,187.4,0.0,187.4,2248.8,2248.80,0.00,0,1.8,Starter,monthly,8,0,0,1.0,0.781,4.73,13,77.4,Healthy
CUS-00254,Nimbus Court Logistics,SMB,Retail & E-commerce,LATAM,Brazil,Inbound,F. Whitfield,2024-01-01,2024-01-01,2026-08-01,29,1,2025-04-01,Low adoption,voluntary,116.38,93.1,116.38,2955.98,2955.98,0.00,0,1.4,Starter,monthly,4,1,1,0.8,0.581,3.83,49,62.0,Watch
CUS-00271,Orchid Cove Systems,SMB,Professional Services,North America,Canada,Partner,C. Moreau,2024-02-01,2024-02-01,2024-02-01,1,0,2024-03-01,Low adoption,voluntary,49.6,0.0,49.6,49.6,49.60,0.00,0,2.0,Starter,monthly,2,0,0,1.0,0.5,3.72,2,54.0,At Risk
CUS-00287,Bluefin Cross Solutions,Enterprise,Healthcare,North America,United States,Partner,F. Whitfield,2024-03-01,2024-03-01,2026-08-01,30,1,,,,7353.45,19546.35,19546.35,340584.15,383887.80,0.00,0,14.3,Scale,annual,311,7,2,2.658,0.933,4.17,75,86.6,Healthy
CUS-00295,Falcon Point Technologies,Mid-Market,Education,APAC,India,Inbound,L. Duarte,2024-03-01,2024-03-01,2026-08-01,30,1,,,,7735.35,12040.88,12040.88,257820.61,257820.61,0.00,0,1.5,Scale,monthly,165,2,0,1.557,0.737,3.82,80,68.9,Watch
CUS-00320,Basalt Field Group,SMB,Media & Entertainment,EMEA,United Kingdom,Inbound,D. Ferreira,2024-04-01,2024-04-01,2025-07-01,16,0,2025-08-01,Payment failure,involuntary,120.5,0.0,120.5,1928.0,1807.50,120.50,1,1.4,Starter,monthly,5,0,0,1.0,0.9,4.34,32,90.2,Healthy
CUS-00334,Aster Peak Media,Mid-Market,Logistics & Transport,APAC,Japan,Outbound,J. Petersen,2024-04-01,2024-04-01,2026-08-01,29,1,,,,1535.58,808.2,1535.58,31277.34,31277.34,0.00,0,2.2,Growth,monthly,20,1,2,0.526,0.878,4.68,36,93.6,Healthy
CUS-00358,Summit Stone Labs,SMB,Healthcare,North America,United States,Self-Serve,,2024-05-01,2024-05-01,2025-11-01,19,0,2025-12-01,Low adoption,voluntary,75.0,0.0,75.0,1425.0,1425.00,0.00,0,2.2,Starter,monthly,3,0,0,1.0,0.667,4.22,29,71.1,Healthy
CUS-00360,Meridian Arbor Partners,Enterprise,Healthcare,EMEA,United Kingdom,Outbound,J. Petersen,2024-05-01,2024-05-01,2024-06-01,2,0,2024-07-01,Payment failure,involuntary,28147.24,0.0,39049.34,67196.58,28147.24,39049.34,1,1.0,Enterprise,monthly,394,1,0,1.387,0.654,4.73,1,67.4,Watch
CUS-00397,Lumen Peak Labs,Mid-Market,Healthcare,North America,Canada,Partner,K. Rahman,2024-06-01,2024-06-01,2024-07-01,2,0,2024-08-01,Low adoption,voluntary,5424.3,0.0,5424.3,10848.6,10848.60,0.00,0,1.5,Scale,monthly,82,0,0,1.0,0.707,4.49,3,69.1,Watch
CUS-00400,Nimbus Watch Logistics,SMB,Retail & E-commerce,APAC,India,Self-Serve,,2024-07-01,2024-07-01,2025-08-01,14,0,2025-09-01,Low adoption,voluntary,506.52,0.0,675.36,7302.33,7302.33,0.00,0,1.9,Growth,monthly,16,1,1,1.333,0.479,4.04,30,36.6,Critical
CUS-00407,Granite Point Energy,SMB,Software & Technology,North America,United States,Inbound,F. Whitfield,2024-07-01,2024-07-01,2025-06-01,12,0,2025-07-01,Low adoption,voluntary,44.75,0.0,44.75,537.0,537.00,0.00,0,3.0,Starter,annual,2,0,0,1.0,0.5,3.43,39,49.0,At Risk
CUS-00419,Pioneer Forge Analytics,Enterprise,Education,North America,United States,Outbound,C. Moreau,2024-07-01,2024-07-01,2026-08-01,26,1,,,,36091.44,66943.8,66943.8,1287566.28,1900039.68,0.00,0,13.0,Enterprise,annual,805,4,0,1.855,0.755,3.88,52,72.7,Healthy
CUS-00430,Pioneer River Financial,Enterprise,Manufacturing,APAC,Australia,Partner,L. Duarte,2024-08-01,2024-08-01,2025-11-01,16,0,2025-12-01,Switched to competitor,voluntary,58048.43,0.0,58048.43,821281.45,821281.45,0.00,0,2.0,Enterprise,monthly,351,1,2,0.598,0.285,3.5,40,32.0,Critical
CUS-00436,Aster Court Health,SMB,Software & Technology,North America,Canada,Self-Serve,,2024-08-01,2024-08-01,2026-06-01,20,0,2026-07-01,Missing functionality,voluntary,93.0,0.0,93.0,1441.5,1441.50,0.00,0,1.5,Starter,monthly,3,0,1,0.75,0.412,3.69,54,49.4,At Risk
CUS-00437,Halcyon Field Labs,Enterprise,Retail & E-commerce,North America,United States,Partner,B. Lindqvist,2024-08-01,2024-08-01,2026-08-01,25,1,,,,21169.28,29449.2,29449.2,551340.24,861453.12,0.00,0,11.7,Enterprise,annual,345,2,0,1.391,0.778,4.24,46,87.9,Healthy
CUS-00451,Pioneer Watch Systems,SMB,Media & Entertainment,North America,United States,Self-Serve,,2024-09-01,2024-09-01,2026-08-01,24,1,,,,1009.13,745.88,1009.13,20796.83,20796.68,0.00,0,1.6,Growth,monthly,17,1,2,0.739,0.801,4.22,53,82.0,Healthy
CUS-00479,Aster Point Labs,Enterprise,Software & Technology,EMEA,United Kingdom,Outbound,L. Duarte,2024-09-01,2024-09-01,2026-08-01,24,1,,,,4477.5,10686.3,10686.3,203338.2,157608.00,0.00,0,11.0,Scale,annual,179,4,0,2.387,0.643,3.73,59,63.1,Watch
CUS-00495,Harbor Bridge Technologies,SMB,Software & Technology,LATAM,Brazil,Self-Serve,,2024-10-01,2024-10-01,2026-03-01,18,0,2026-04-01,Switched to competitor,voluntary,540.0,0.0,1170.0,12285.0,12285.00,0.00,0,2.2,Growth,monthly,26,3,0,2.167,0.593,3.7,38,57.7,Watch
CUS-00513,Summit Gate Financial,SMB,Manufacturing,APAC,Singapore,Self-Serve,,2024-11-01,2024-11-01,2024-11-01,1,0,2024-12-01,Payment failure,involuntary,2205.0,0.0,2205.0,2205.0,0.00,2205.00,1,0.0,Growth,monthly,49,0,0,1.0,0.571,3.52,2,51.4,At Risk
CUS-00519,Bluefin Field Media,Mid-Market,Software & Technology,EMEA,Germany,Inbound,I. Castellanos,2024-11-01,2024-11-01,2026-08-01,22,1,,,,8099.7,14494.2,14494.2,193662.0,187084.80,0.00,0,13.5,Scale,annual,238,4,1,1.789,0.721,4.3,35,73.2,Healthy
CUS-00564,Vertex Stone Logistics,Mid-Market,Financial Services,North America,United States,Inbound,G. Almeida,2024-12-01,2024-12-01,2026-08-01,21,1,,,,7711.2,13831.2,13831.2,197676.0,202694.40,0.00,0,13.0,Scale,annual,226,3,0,1.794,0.892,4.76,26,94.9,Healthy
CUS-00592,Quartz Court Financial,Mid-Market,Software & Technology,EMEA,Netherlands,Inbound,E. Nakamura,2025-01-01,2025-01-01,2026-08-01,20,1,,,,561.33,801.9,801.9,14835.15,14835.15,0.00,0,1.4,Growth,monthly,20,2,0,1.429,0.582,3.86,36,73.5,Healthy
CUS-00595,Solstice River Energy,SMB,Manufacturing,North America,United States,Self-Serve,,2025-01-01,2025-01-01,2026-08-01,20,1,,,,147.88,232.38,232.38,3718.04,3802.56,0.00,0,12.0,Starter,annual,11,2,0,1.571,0.687,4.11,38,73.4,Healthy
CUS-00607,Lyra Court Retail,SMB,Media & Entertainment,EMEA,United Kingdom,Self-Serve,,2025-01-01,2025-01-01,2025-11-01,11,0,2025-12-01,Payment failure,involuntary,831.92,0.0,831.92,9151.12,8319.10,831.91,1,1.1,Growth,monthly,19,0,0,1.0,0.555,3.78,30,51.8,At Risk
CUS-00612,Onyx Cross Labs,SMB,Software & Technology,EMEA,France,Self-Serve,,2025-01-01,2025-01-01,2026-08-01,20,1,,,,68.1,90.8,90.8,1793.3,1906.80,0.00,0,11.0,Starter,annual,4,1,0,1.333,0.533,4.15,24,63.7,Watch
CUS-00614,Corvus Stone Technologies,SMB,Manufacturing,North America,United States,Self-Serve,,2025-01-01,2025-01-01,2026-02-01,14,0,2026-03-01,Low adoption,voluntary,882.63,0.0,1092.78,14878.62,14878.62,0.00,0,1.5,Growth,monthly,26,1,0,1.238,0.35,3.73,31,31.1,Critical
CUS-00656,Nimbus Gate Media,SMB,Media & Entertainment,EMEA,Sweden,Self-Serve,,2025-03-01,2025-03-01,2026-08-01,18,1,,,,1001.25,720.9,1001.25,16060.05,20665.80,0.00,0,11.0,Growth,annual,18,0,1,0.72,0.769,4.25,37,70.0,Healthy
CUS-00658,Onyx Peak Retail,SMB,Financial Services,EMEA,France,Inbound,I. Castellanos,2025-03-01,2025-03-01,2025-06-01,4,0,2025-07-01,Company acquired or closed,voluntary,75.0,0.0,75.0,300.0,300.00,0.00,0,1.8,Starter,monthly,3,0,0,1.0,0.333,3.53,8,39.8,Critical
CUS-00663,Northwind Peak Labs,SMB,Financial Services,North America,Canada,Self-Serve,,2025-03-01,2025-03-01,2026-08-01,18,1,,,,150.0,175.0,175.0,2725.0,2725.00,0.00,0,1.7,Starter,monthly,7,1,0,1.167,0.762,4.41,27,71.0,Healthy
CUS-00684,Meridian Peak Systems,Enterprise,Software & Technology,North America,United States,Outbound,I. Castellanos,2025-03-01,2025-03-01,2026-08-01,18,1,,,,6465.38,3632.93,6465.38,107879.49,155169.12,0.00,0,2.5,Scale,annual,59,0,1,0.562,0.59,3.63,38,61.6,Watch
CUS-00685,Aster River Financial,Mid-Market,Software & Technology,EMEA,United Kingdom,Inbound,D. Ferreira,2025-03-01,2025-03-01,2026-08-01,18,1,,,,434.12,552.51,552.51,9708.4,11839.56,0.00,0,5.0,Growth,annual,14,1,0,1.273,0.678,3.87,34,71.9,Healthy
CUS-00688,Vertex Arbor Systems,SMB,Retail & E-commerce,North America,United States,Marketplace,D. Ferreira,2025-03-01,2025-03-01,2026-01-01,11,0,2026-02-01,Poor support experience,voluntary,100.0,0.0,125.0,1275.0,1275.00,0.00,0,1.4,Starter,monthly,5,1,0,1.25,0.382,3.82,25,36.4,Critical
CUS-00769,Nimbus Bridge Health,SMB,Manufacturing,North America,United States,Inbound,I. Castellanos,2025-05-01,2025-05-01,2025-09-01,5,0,2025-10-01,Payment failure,involuntary,115.5,0.0,115.5,577.5,462.00,115.50,1,1.3,Starter,monthly,5,0,0,1.0,0.6,3.72,9,59.1,Watch
CUS-00810,Harbor Point Analytics,SMB,Software & Technology,APAC,Australia,Inbound,F. Whitfield,2025-06-01,2025-06-01,2026-08-01,15,1,,,,1201.5,1361.7,1361.7,19624.5,30758.40,0.00,0,10.5,Growth,annual,34,1,0,1.133,0.607,3.96,43,62.8,Watch
CUS-00827,Quartz Stone Labs,SMB,Healthcare,North America,United States,Marketplace,H. Kowalski,2025-07-01,2025-07-01,2025-08-01,2,0,2025-09-01,Missing functionality,voluntary,250.0,0.0,250.0,500.0,500.00,0.00,0,2.0,Starter,monthly,10,0,0,1.0,0.7,4.2,4,64.2,Watch
CUS-00843,Ridge Arbor Analytics,SMB,Retail & E-commerce,EMEA,France,Marketplace,L. Duarte,2025-07-01,2025-07-01,2026-08-01,14,1,,,,768.65,890.01,890.01,11003.82,19903.80,0.00,0,12.5,Growth,annual,22,1,0,1.158,0.767,4.18,29,74.5,Healthy
CUS-00856,Crestline Peak Media,Mid-Market,Financial Services,North America,United States,Partner,D. Ferreira,2025-08-01,2025-08-01,2026-08-01,13,1,,,,5506.2,7182.0,7182.0,81635.4,152258.40,0.00,0,8.5,Scale,annual,120,1,0,1.304,0.74,4.3,19,71.0,Healthy
CUS-00877,Halcyon Stone Systems,SMB,Retail & E-commerce,North America,United States,Inbound,H. Kowalski,2025-09-01,2025-09-01,2026-08-01,12,1,,,,100.0,100.0,100.0,1200.0,1200.00,0.00,0,1.6,Starter,monthly,4,0,0,1.0,0.75,4.41,15,75.6,Healthy
CUS-00878,Juniper Stone Health,Mid-Market,Software & Technology,North America,United States,Inbound,G. Almeida,2025-09-01,2025-09-01,2026-08-01,12,1,,,,4356.0,4356.0,4356.0,52272.0,52272.00,0.00,0,21.0,Scale,annual,66,0,0,1.0,0.727,4.09,18,73.9,Healthy
CUS-00892,Maple Vale Logistics,SMB,Software & Technology,North America,Canada,Marketplace,L. Duarte,2025-09-01,2025-09-01,2026-05-01,9,0,2026-06-01,Price / budget cuts,voluntary,1938.42,0.0,1938.42,17445.78,17445.78,0.00,0,0.8,Growth,monthly,44,0,0,1.0,0.452,3.88,21,45.6,At Risk
CUS-00906,Orchid Harbour Logistics,SMB,Professional Services,EMEA,France,Inbound,D. Ferreira,2025-09-01,2025-09-01,2026-08-01,12,1,,,,74.03,74.03,74.03,888.36,888.36,0.00,0,1.8,Starter,monthly,3,0,0,1.0,0.667,3.91,19,59.8,Watch
CUS-00914,Lumen Gate Group,SMB,Media & Entertainment,North America,United States,Self-Serve,,2025-09-01,2025-09-01,2026-01-01,5,0,2026-02-01,Missing functionality,voluntary,669.6,0.0,669.6,3348.0,3348.00,0.00,0,0.8,Growth,monthly,16,0,0,1.0,0.625,4.05,5,59.5,Watch
CUS-00934,Ironwood Cross Health,SMB,Retail & E-commerce,North America,United States,Inbound,A. Okafor,2025-10-01,2025-10-01,2026-08-01,11,1,,,,1756.44,1156.68,1756.44,17521.56,17521.56,0.00,0,0.7,Growth,monthly,27,0,1,0.659,0.696,4.21,18,75.9,Healthy
CUS-00951,Cobalt Vale Logistics,SMB,Logistics & Transport,North America,United States,Self-Serve,,2025-10-01,2025-10-01,2026-07-01,10,0,2026-08-01,Poor support experience,voluntary,96.8,0.0,96.8,968.0,968.00,0.00,0,2.1,Starter,monthly,4,0,0,1.0,0.325,3.54,21,38.2,Critical
CUS-00972,Halcyon Cove Solutions,SMB,Media & Entertainment,EMEA,Germany,Inbound,K. Rahman,2025-11-01,2025-11-01,2025-12-01,2,0,2026-01-01,Payment failure,involuntary,255.2,0.0,255.2,510.4,255.20,255.20,1,2.0,Starter,monthly,11,0,0,1.0,0.818,4.82,1,76.8,Healthy
CUS-00978,Corvus Forge Retail,Enterprise,Software & Technology,EMEA,Sweden,Inbound,D. Ferreira,2025-11-01,2025-11-01,2026-03-01,5,0,2026-04-01,Payment failure,involuntary,49406.72,0.0,49406.72,247033.6,197626.88,49406.72,1,0.5,Enterprise,monthly,484,0,0,1.0,0.728,4.38,8,71.6,Healthy
CUS-00979,Onyx River Group,SMB,Financial Services,APAC,Australia,Inbound,D. Ferreira,2025-11-01,2025-11-01,2026-08-01,10,1,,,,174.13,174.13,174.13,1741.3,1741.20,0.00,0,1.7,Starter,monthly,7,0,0,1.0,0.657,3.97,24,75.3,Healthy
CUS-00988,Halcyon River Group,SMB,Retail & E-commerce,EMEA,Netherlands,Self-Serve,,2025-11-01,2025-11-01,2026-08-01,10,1,,,,1728.0,1728.0,1728.0,17280.0,17280.00,0.00,0,0.8,Growth,monthly,40,0,0,1.0,0.66,4.3,13,71.6,Healthy
CUS-00996,Aster Vale Partners,SMB,Professional Services,North America,United States,Marketplace,A. Okafor,2025-11-01,2025-11-01,2026-06-01,8,0,2026-07-01,Switched to competitor,voluntary,757.35,0.0,1069.2,6682.5,6682.50,0.00,0,1.3,Growth,monthly,24,1,0,1.412,0.667,3.81,16,59.0,Watch
CUS-01038,Solstice Peak Technologies,Enterprise,Financial Services,EMEA,France,Outbound,G. Almeida,2025-12-01,2025-12-01,2026-08-01,9,1,,,,20517.09,20517.09,20517.09,184653.81,246205.08,0.00,0,0.0,Enterprise,annual,237,0,0,1.0,0.736,4.15,19,72.8,Healthy
CUS-01048,Pioneer Stone Analytics,SMB,Retail & E-commerce,North America,United States,Inbound,A. Okafor,2025-12-01,2025-12-01,2026-08-01,9,1,,,,137.1,182.8,182.8,1508.1,1645.20,0.00,0,17.0,Starter,annual,8,1,0,1.333,0.625,4.28,8,67.4,Watch
CUS-01051,Zephyr Stone Media,Mid-Market,Financial Services,North America,United States,Marketplace,L. Duarte,2025-12-01,2025-12-01,2026-08-01,9,1,,,,403.92,403.92,403.92,3635.28,4847.04,0.00,0,9.0,Growth,annual,11,0,0,1.0,0.737,3.98,20,74.2,Healthy
CUS-01064,Tidal Harbour Analytics,Enterprise,Financial Services,EMEA,Germany,Outbound,C. Moreau,2025-12-01,2025-12-01,2026-08-01,9,1,,,,39609.24,92243.14,92243.14,577367.12,475310.88,0.00,0,21.0,Enterprise,annual,1034,3,0,2.329,0.736,3.96,16,67.6,Watch
CUS-01092,Pioneer Forge Industries,SMB,Media & Entertainment,EMEA,Germany,Self-Serve,,2026-01-01,2026-01-01,2026-04-01,4,0,2026-05-01,Company acquired or closed,voluntary,983.25,0.0,1154.25,4275.0,4275.00,0.00,0,1.3,Growth,monthly,27,1,0,1.174,0.434,3.29,11,37.2,Critical
CUS-01100,Solstice Peak Health,SMB,Professional Services,North America,United States,Partner,E. Nakamura,2026-01-01,2026-01-01,2026-08-01,8,1,,,,225.0,300.0,300.0,1950.0,1950.00,0.00,0,1.3,Starter,monthly,12,1,0,1.333,0.757,4.1,11,77.5,Healthy
CUS-01108,Vertex Watch Financial,Mid-Market,Financial Services,North America,United States,Inbound,J. Petersen,2026-01-01,2026-01-01,2026-05-01,5,0,2026-06-01,Low adoption,voluntary,7497.0,0.0,10521.0,45045.0,89964.00,0.00,0,14.0,Scale,annual,143,1,1,1.202,0.79,4.06,18,68.0,Watch
CUS-01179,Nimbus Bridge Systems,SMB,Software & Technology,APAC,India,Marketplace,C. Moreau,2026-02-01,2026-02-01,2026-08-01,7,1,,,,175.0,175.0,175.0,1225.0,1225.00,0.00,0,1.9,Starter,monthly,7,0,0,1.0,0.571,4.19,11,50.3,At Risk
CUS-01195,Orchid Gate Group,SMB,Logistics & Transport,EMEA,France,Self-Serve,,2026-03-01,2026-03-01,2026-08-01,6,1,,,,184.2,184.2,184.2,1105.2,2210.40,0.00,0,0.0,Starter,annual,8,0,0,1.0,0.563,4.14,10,55.3,Watch
CUS-01198,Halcyon Field Retail,SMB,Professional Services,EMEA,United Kingdom,Self-Serve,,2026-03-01,2026-03-01,2026-08-01,6,1,,,,300.0,200.0,300.0,1700.0,1700.00,0.00,0,2.8,Starter,monthly,8,0,1,0.667,0.819,4.62,14,70.4,Healthy
CUS-01211,Granite Stone Health,Mid-Market,Financial Services,EMEA,Netherlands,Partner,A. Okafor,2026-03-01,2026-03-01,2026-08-01,6,1,,,,567.63,567.63,567.63,3405.78,3405.78,0.00,0,1.8,Growth,monthly,14,0,0,1.0,0.691,4.17,10,69.2,Watch
CUS-01231,Quartz Field Solutions,Enterprise,Software & Technology,North America,United States,Inbound,F. Whitfield,2026-03-01,2026-03-01,2026-08-01,6,1,,,,24740.1,21289.95,24740.1,127487.25,296881.20,0.00,0,7.0,Enterprise,annual,253,1,1,0.861,0.592,3.98,10,57.0,Watch
CUS-01249,Basalt Gate Group,SMB,Retail & E-commerce,North America,United States,Self-Serve,,2026-03-01,2026-03-01,2026-06-01,4,0,2026-07-01,Missing functionality,voluntary,321.75,0.0,321.75,1287.0,1287.00,0.00,0,0.3,Starter,monthly,13,0,0,1.0,0.75,4.59,8,72.5,Healthy
CUS-01257,Granite Peak Media,SMB,Financial Services,APAC,Australia,Marketplace,L. Duarte,2026-03-01,2026-03-01,2026-08-01,6,1,,,,1315.13,1315.13,1315.13,7890.78,15781.44,0.00,0,8.0,Growth,annual,35,0,0,1.0,0.638,4.23,10,66.9,Watch
CUS-01261,Ridge Forge Systems,SMB,Media & Entertainment,North America,United States,Inbound,A. Okafor,2026-04-01,2026-04-01,2026-06-01,3,0,2026-07-01,Missing functionality,voluntary,140.25,0.0,140.25,420.75,420.75,0.00,0,2.0,Starter,monthly,6,0,0,1.0,0.667,4.45,4,61.6,Watch
CUS-01264,Halcyon Field Financial,Mid-Market,Logistics & Transport,LATAM,Mexico,Outbound,K. Rahman,2026-04-01,2026-04-01,2026-08-01,5,1,,,,3641.4,3641.4,3641.4,18207.0,18207.00,0.00,0,1.2,Scale,monthly,51,0,0,1.0,0.643,4.12,11,61.8,Watch
CUS-01273,Summit Cross Media,Mid-Market,Manufacturing,LATAM,Mexico,Outbound,J. Petersen,2026-04-01,2026-04-01,2026-08-01,5,1,,,,6113.93,6113.93,6113.93,30569.65,30569.65,0.00,0,1.2,Scale,monthly,87,0,0,1.0,0.713,4.72,4,67.6,Watch
CUS-01277,Basalt Arbor Solutions,SMB,Financial Services,EMEA,United Kingdom,Inbound,L. Duarte,2026-04-01,2026-04-01,2026-08-01,5,1,,,,1655.01,1297.17,1655.01,6888.42,6888.42,0.00,0,2.0,Growth,monthly,29,1,1,0.784,0.623,4.2,8,67.1,Watch
CUS-01304,Beacon Vale Systems,SMB,Retail & E-commerce,North America,United States,Marketplace,C. Moreau,2026-04-01,2026-04-01,2026-05-01,2,0,2026-06-01,Low adoption,voluntary,2205.0,0.0,2205.0,4410.0,4410.00,0.00,0,2.0,Growth,monthly,49,0,0,1.0,0.622,3.91,4,57.1,Watch
CUS-01309,Tidal Harbour Partners,Mid-Market,Manufacturing,EMEA,France,Outbound,I. Castellanos,2026-05-01,2026-05-01,2026-08-01,4,1,,,,3814.35,2586.0,3814.35,14029.05,45772.20,0.00,0,6.0,Scale,annual,40,0,1,0.678,0.761,4.44,10,72.4,Healthy
CUS-01316,Zephyr Cross Media,SMB,Financial Services,EMEA,Germany,Inbound,H. Kowalski,2026-05-01,2026-05-01,2026-08-01,4,1,,,,73.72,73.72,73.72,294.88,294.88,0.00,0,2.3,Starter,monthly,3,0,0,1.0,0.667,3.98,8,60.5,Watch
CUS-01381,Summit Peak Solutions,SMB,Manufacturing,North America,Canada,Self-Serve,,2026-06-01,2026-06-01,2026-08-01,3,1,,,,45.65,45.65,45.65,136.95,547.80,0.00,0,3.0,Starter,annual,2,0,0,1.0,0.5,4.08,5,58.1,Watch
CUS-01418,Crestline Gate Media,Mid-Market,Media & Entertainment,North America,United States,Marketplace,E. Nakamura,2026-06-01,2026-06-01,2026-08-01,3,1,,,,5278.05,5278.05,5278.05,15834.15,15834.15,0.00,0,1.3,Scale,monthly,74,0,0,1.0,0.491,3.92,4,54.4,At Risk
CUS-01430,Vertex River Systems,SMB,Healthcare,EMEA,Netherlands,Self-Serve,,2026-07-01,2026-07-01,2026-08-01,2,1,,,,71.7,71.7,71.7,143.4,143.40,0.00,0,1.5,Starter,monthly,3,0,0,1.0,0.667,3.98,1,61.9,Watch
CUS-01472,Solstice Vale Analytics,Mid-Market,Logistics & Transport,EMEA,United Kingdom,Partner,A. Okafor,2026-08-01,2026-08-01,2026-08-01,1,1,,,,1409.27,1409.27,1409.27,1409.27,1409.26,0.00,0,1.0,Growth,monthly,33,0,0,1.0,0.606,4.13,3,58.4,Watch
CUS-01499,Cobalt Gate Partners,Mid-Market,Professional Services,EMEA,United Kingdom,Marketplace,E. Nakamura,2026-08-01,2026-08-01,2026-08-01,1,1,,,,852.84,852.84,852.84,852.84,10234.08,0.00,0,5.0,Growth,annual,23,0,0,1.0,0.652,3.88,2,60.0,Watch
CUS-00002,Vertex Point Retail,SMB,Software & Technology,EMEA,United Kingdom,Inbound,L. Duarte,2023-01-01,2023-01-01,2023-02-01,2,0,2023-03-01,Company acquired or closed,voluntary,1881.0,0.0,1881.0,3762.0,3762.00,0.00,0,2.0,Growth,monthly,44,0,0,1.0,0.636,4.25,3,61.5,Watch
CUS-00120,Crestline Cross Solutions,SMB,Professional Services,North America,Canada,Marketplace,L. Duarte,2023-07-01,2023-07-01,2023-08-01,2,0,2023-09-01,Low adoption,voluntary,1350.0,0.0,1350.0,2700.0,2700.00,0.00,0,2.0,Growth,monthly,30,0,0,1.0,0.617,3.88,6,59.3,Watch
CUS-00145,Northwind Cross Energy,Mid-Market,Education,EMEA,United Kingdom,Outbound,D. Ferreira,2023-09-01,2023-09-01,2024-08-01,12,0,2024-09-01,Price / budget cuts,voluntary,634.32,0.0,634.32,7611.84,7611.84,0.00,0,2.0,Growth,annual,16,0,0,1.0,0.552,4.08,24,56.8,Watch
CUS-00151,Bluefin River Analytics,SMB,Education,North America,United States,Marketplace,D. Ferreira,2023-09-01,2023-09-01,2026-08-01,36,1,,,,990.5,1765.67,2196.32,57190.5,57190.27,0.00,0,2.4,Growth,monthly,41,3,1,1.783,0.861,4.68,41,96.7,Healthy
CUS-00167,Lumen Forge Systems,SMB,Education,North America,United States,Marketplace,J. Petersen,2023-10-01,2023-10-01,2023-10-01,1,0,2023-11-01,Price / budget cuts,voluntary,95.1,0.0,95.1,95.1,95.10,0.00,0,3.0,Starter,monthly,4,0,0,1.0,0.75,3.81,4,61.5,Watch
CUS-00169,Cobalt Vale Media,SMB,Manufacturing,North America,Canada,Self-Serve,,2023-10-01,2023-10-01,2024-09-01,12,0,2024-10-01,Switched to competitor,voluntary,734.67,0.0,1346.9,12489.43,8816.04,0.00,0,19.0,Growth,annual,33,3,0,1.833,0.494,3.79,27,40.1,At Risk
CUS-00191,Crestline Arbor Industries,SMB,Financial Services,North America,United States,Inbound,L. Duarte,2023-11-01,2023-11-01,2026-08-01,34,1,,,,285.3,1797.39,1797.39,29390.69,29390.64,0.00,0,1.3,Growth,monthly,42,7,0,6.3,0.952,4.77,46,90.9,Healthy
CUS-00200,Solstice Watch Industries,SMB,Retail & E-commerce,North America,United States,Inbound,A. Okafor,2023-11-01,2023-11-01,2024-09-01,11,0,2024-10-01,Low adoption,voluntary,46.7,0.0,46.7,513.7,513.70,0.00,0,1.6,Starter,monthly,2,0,0,1.0,0.545,4.19,13,53.5,At Risk
CUS-00220,Falcon Arbor Solutions,Mid-Market,Software & Technology,EMEA,United Kingdom,Outbound,D. Ferreira,2023-12-01,2023-12-01,2024-01-01,2,0,2024-02-01,Price / budget cuts,voluntary,1459.62,0.0,1931.85,3391.47,3391.47,0.00,0,1.5,Growth,monthly,45,1,0,1.324,0.708,4.13,4,62.7,Watch
CUS-00227,Summit Watch Health,SMB,Financial Services,North America,Canada,Partner,H. Kowalski,2023-12-01,2023-12-01,2024-11-01,12,0,2024-12-01,Price / budget cuts,voluntary,801.9,0.0,801.9,9266.4,9266.40,0.00,0,1.9,Growth,monthly,16,0,1,0.889,0.503,4.07,25,45.5,At Risk
CUS-00229,Summit Watch Energy,Mid-Market,Financial Services,North America,United States,Inbound,A. Okafor,2023-12-01,2023-12-01,2026-08-01,33,1,,,,389.07,176.85,389.07,6174.03,8677.44,0.00,0,6.3,Starter,annual,9,2,2,0.455,0.615,4.0,60,55.2,Watch
CUS-00237,Bluefin Watch Technologies,Mid-Market,Media & Entertainment,APAC,Japan,Partner,A. Okafor,2024-01-01,2024-01-01,2025-03-01,15,0,2025-04-01,Poor support experience,voluntary,3498.3,0.0,3498.3,51667.2,51667.20,0.00,0,1.7,Scale,monthly,46,0,1,0.885,0.584,4.01,22,62.0,Watch
CUS-00247,Sable Harbour Analytics,Enterprise,Healthcare,North America,United States,Inbound,C. Moreau,2024-01-01,2024-01-01,2024-12-01,12,0,2025-01-01,Price / budget cuts,voluntary,5036.02,0.0,8009.1,76086.42,60432.24,0.00,0,20.0,Scale,annual,132,2,0,1.59,0.879,4.8,5,86.9,Healthy
CUS-00260,Solstice Bridge Solutions,Mid-Market,Software & Technology,North America,United States,Inbound,H. Kowalski,2024-01-01,2024-01-01,2025-11-01,23,0,2025-12-01,Missing functionality,voluntary,1129.05,0.0,1259.33,27140.67,27140.67,0.00,0,1.2,Growth,monthly,29,1,0,1.115,0.634,4.12,47,70.4,Healthy
CUS-00272,Falcon Bridge Logistics,SMB,Manufacturing,EMEA,France,Self-Serve,,2024-02-01,2024-02-01,2025-07-01,18,0,2025-08-01,Missing functionality,voluntary,175.0,0.0,175.0,2900.0,2900.00,0.00,0,2.7,Starter,monthly,5,0,1,0.714,0.341,4.19,29,44.6,At Risk
CUS-00290,Ridge Watch Networks,Mid-Market,Financial Services,EMEA,Germany,Outbound,D. Ferreira,2024-03-01,2024-03-01,2026-08-01,30,1,,,,4876.2,7652.93,7652.93,181841.76,181841.67,0.00,0,1.6,Scale,monthly,113,3,1,1.569,0.701,3.73,79,84.0,Healthy
CUS-00293,Falcon Court Systems,SMB,Media & Entertainment,North America,United States,Self-Serve,,2024-03-01,2024-03-01,2025-01-01,11,0,2025-02-01,Low adoption,voluntary,1243.35,0.0,1450.58,14298.54,14298.54,0.00,0,1.1,Growth,monthly,35,1,0,1.167,0.753,4.32,20,74.0,Healthy
CUS-00314,Sable Gate Group,SMB,Software & Technology,North America,United States,Self-Serve,,2024-04-01,2024-04-01,2026-03-01,24,0,2026-04-01,Price / budget cuts,voluntary,65.85,0.0,109.75,2216.95,2107.20,0.00,0,19.0,Starter,annual,5,2,0,1.667,0.266,3.86,54,47.2,At Risk
CUS-00331,Crestline Cove Retail,SMB,Media & Entertainment,North America,United States,Inbound,K. Rahman,2024-04-01,2024-04-01,2026-08-01,29,1,,,,119.5,191.2,191.2,4110.8,4110.80,0.00,0,2.2,Starter,monthly,8,4,1,1.6,0.945,4.38,51,83.9,Healthy
CUS-00339,Falcon Gate Analytics,SMB,Education,North America,United States,Self-Serve,,2024-04-01,2024-04-01,2025-02-01,11,0,2025-03-01,Price / budget cuts,voluntary,2160.0,0.0,2700.0,24300.0,24300.00,0.00,0,1.4,Growth,monthly,60,1,0,1.25,0.804,4.43,19,73.2,Healthy
CUS-00340,Ridge Cove Logistics,SMB,Software & Technology,APAC,Australia,Self-Serve,,2024-04-01,2024-04-01,2025-02-01,11,0,2025-03-01,Low adoption,voluntary,212.85,0.0,212.85,2341.35,2341.35,0.00,0,0.8,Starter,monthly,9,0,0,1.0,0.556,3.86,19,52.7,At Risk
CUS-00361,Tidal Watch Technologies,SMB,Retail & E-commerce,APAC,Japan,Marketplace,G. Almeida,2024-05-01,2024-05-01,2025-01-01,9,0,2025-02-01,Payment failure,involuntary,148.35,0.0,148.35,1335.15,1186.80,148.35,1,1.9,Starter,monthly,6,0,0,1.0,0.519,4.22,15,57.9,Watch
CUS-00382,Meridian Watch Financial,SMB,Financial Services,APAC,India,Self-Serve,,2024-06-01,2024-06-01,2024-08-01,3,0,2024-09-01,Low adoption,voluntary,2074.91,0.0,2074.91,6224.73,6224.73,0.00,0,2.0,Growth,monthly,49,0,0,1.0,0.701,4.45,3,69.3,Watch
CUS-00383,Bluefin Vale Retail,SMB,Media & Entertainment,EMEA,Germany,Partner,H. Kowalski,2024-06-01,2024-06-01,2026-08-01,27,1,,,,1203.3,1160.33,1676.03,40138.78,40138.61,0.00,0,1.5,Growth,monthly,27,1,1,0.964,0.49,4.0,56,63.0,Watch
CUS-00398,Tidal Point Retail,SMB,Software & Technology,North America,United States,Inbound,G. Almeida,2024-07-01,2024-07-01,2024-07-01,1,0,2024-08-01,Switched to competitor,voluntary,73.05,0.0,73.05,73.05,73.05,0.00,0,1.0,Starter,monthly,3,0,0,1.0,0.667,4.85,2,69.9,Watch
CUS-00402,Maple Vale Financial,SMB,Manufacturing,North America,United States,Self-Serve,,2024-07-01,2024-07-01,2026-08-01,26,1,,,,47.2,47.2,47.2,1227.2,1227.20,0.00,0,1.9,Starter,monthly,2,0,0,1.0,0.5,3.74,57,58.9,Watch
CUS-00448,Onyx Gate Logistics,SMB,Financial Services,LATAM,Mexico,Marketplace,F. Whitfield,2024-09-01,2024-09-01,2024-09-01,1,0,2024-10-01,Price / budget cuts,voluntary,120.75,0.0,120.75,120.75,120.75,0.00,0,2.0,Starter,monthly,5,0,0,1.0,0.6,4.08,2,56.7,Watch
CUS-00466,Ironwood Gate Labs,SMB,Logistics & Transport,EMEA,United Kingdom,Inbound,C. Moreau,2024-09-01,2024-09-01,2025-01-01,5,0,2025-02-01,Missing functionality,voluntary,2009.25,0.0,2009.25,10046.25,10046.25,0.00,0,2.2,Growth,monthly,47,0,0,1.0,0.494,3.71,11,50.4,At Risk
CUS-00477,Halcyon Court Financial,Enterprise,Software & Technology,APAC,Australia,Inbound,D. Ferreira,2024-09-01,2024-09-01,2026-08-01,24,1,,,,3175.2,4422.6,5216.4,94462.2,83008.80,0.00,0,13.5,Scale,annual,78,3,3,1.393,0.506,3.73,60,52.7,At Risk
CUS-00492,Summit Vale Networks,SMB,Professional Services,North America,United States,Self-Serve,,2024-10-01,2024-10-01,2025-09-01,12,0,2025-10-01,Poor support experience,voluntary,197.0,0.0,246.25,2462.5,2462.50,0.00,0,2.1,Starter,monthly,10,1,0,1.25,0.56,3.71,18,61.5,Watch
CUS-00517,Beacon Vale Financial,SMB,Education,North America,United States,Inbound,L. Duarte,2024-11-01,2024-11-01,2025-10-01,12,0,2025-11-01,Switched to competitor,voluntary,74.78,0.0,99.7,947.2,947.20,0.00,0,1.3,Starter,monthly,3,1,1,1.0,0.681,4.24,22,67.9,Watch
CUS-00531,Summit Field Partners,Mid-Market,Media & Entertainment,North America,United States,Outbound,B. Lindqvist,2024-11-01,2024-11-01,2026-08-01,22,1,,,,882.63,1092.78,1092.78,22570.11,22570.11,0.00,0,1.9,Growth,monthly,26,1,0,1.238,0.396,3.84,54,44.6,At Risk
CUS-00542,Summit Field Media,Enterprise,Financial Services,EMEA,Germany,Partner,K. Rahman,2024-11-01,2024-11-01,2026-08-01,22,1,,,,6594.6,6935.7,8243.25,166229.4,178054.20,0.00,0,1.0,Scale,annual,122,1,1,1.052,0.2,3.55,69,29.3,Critical
CUS-00549,Vertex Watch Group,Mid-Market,Financial Services,North America,United States,Inbound,A. Okafor,2024-12-01,2024-12-01,2025-05-01,6,0,2025-06-01,Missing functionality,voluntary,1739.83,0.0,2333.92,12221.25,12221.25,0.00,0,1.7,Growth,monthly,55,1,0,1.341,0.442,3.55,15,41.0,At Risk
CUS-00558,Summit Harbour Energy,SMB,Media & Entertainment,North America,United States,Self-Serve,,2024-12-01,2024-12-01,2026-08-01,21,1,,,,235.95,150.15,278.85,5083.65,5148.00,0.00,0,6.0,Starter,annual,7,2,2,0.636,0.706,4.03,44,77.2,Healthy
CUS-00601,Juniper Stone Group,Enterprise,Retail & E-commerce,North America,United States,Outbound,J. Petersen,2025-01-01,2025-01-01,2026-08-01,20,1,,,,5247.0,7870.5,7870.5,143338.5,151686.00,0.00,0,12.0,Scale,annual,132,2,0,1.5,0.41,3.52,49,51.7,At Risk
CUS-00620,Harbor Cross Health,SMB,Software & Technology,EMEA,Germany,Self-Serve,,2025-01-01,2025-01-01,2025-02-01,2,0,2025-03-01,Poor support experience,voluntary,1260.0,0.0,1260.0,2520.0,2520.00,0.00,0,0.5,Growth,monthly,28,0,0,1.0,0.661,4.38,2,63.1,Watch
CUS-00629,Ridge Forge Partners,SMB,Financial Services,North America,Canada,Self-Serve,,2025-02-01,2025-02-01,2026-02-01,13,0,2026-03-01,Switched to competitor,voluntary,286.8,0.0,286.8,3728.4,3728.40,0.00,0,2.2,Starter,monthly,12,0,0,1.0,0.442,3.76,27,38.2,Critical
CUS-00633,Ridge Vale Partners,Mid-Market,Healthcare,North America,Canada,Outbound,A. Okafor,2025-02-01,2025-02-01,2026-08-01,19,1,,,,8299.8,3935.25,8299.8,101457.9,101457.90,0.00,0,1.1,Scale,monthly,55,0,2,0.474,0.281,4.26,31,38.2,Critical
CUS-00644,Crestline Field Health,SMB,Professional Services,North America,United States,Self-Serve,,2025-02-01,2025-02-01,2025-05-01,4,0,2025-06-01,Missing functionality,voluntary,72.68,0.0,72.68,290.72,290.68,0.00,0,1.8,Starter,monthly,3,0,0,1.0,0.667,4.12,5,64.5,Watch
CUS-00665,Meridian Watch Networks,SMB,Software & Technology,APAC,India,Inbound,E. Nakamura,2025-03-01,2025-03-01,2025-12-01,10,0,2026-01-01,Low adoption,voluntary,119.75,0.0,167.65,1484.9,1484.90,0.00,0,0.9,Starter,monthly,7,1,0,1.4,0.469,3.98,16,49.4,At Risk
CUS-00674,Falcon Court Labs,SMB,Software & Technology,EMEA,France,Inbound,F. Whitfield,2025-03-01,2025-03-01,2025-09-01,7,0,2025-10-01,Price / budget cuts,voluntary,300.0,0.0,300.0,2100.0,2100.00,0.00,0,0.9,Starter,monthly,12,0,0,1.0,0.607,4.39,8,63.6,Watch
CUS-00680,Vertex Vale Energy,Mid-Market,Healthcare,North America,United States,Outbound,K. Rahman,2025-03-01,2025-03-01,2026-04-01,14,0,2026-05-01,Missing functionality,voluntary,8637.6,0.0,16543.2,185049.6,185049.60,0.00,0,1.6,Scale,monthly,226,3,0,1.915,0.467,4.2,32,48.5,At Risk
CUS-00686,Quartz Point Systems,SMB,Education,APAC,Japan,Self-Serve,,2025-03-01,2025-03-01,2026-08-01,14,1,2026-03-01,Low adoption,voluntary,539.96,415.35,664.56,8016.28,12460.56,0.00,0,3.0,Growth,annual,10,2,1,0.769,0.314,3.61,35,54.8,At Risk
CUS-00691,Ridge Watch Media,SMB,Healthcare,North America,Canada,Inbound,H. Kowalski,2025-03-01,2025-03-01,2026-08-01,18,1,,,,226.05,349.35,349.35,6082.8,6904.80,0.00,0,4.0,Starter,annual,17,2,0,1.545,0.256,3.67,42,34.7,Critical
CUS-00703,Tidal Court Networks,SMB,Retail & E-commerce,APAC,Australia,Self-Serve,,2025-04-01,2025-04-01,2025-08-01,5,0,2025-09-01,Price / budget cuts,voluntary,71.1,0.0,94.8,402.9,402.90,0.00,0,0.6,Starter,monthly,4,1,0,1.333,0.7,4.66,5,72.4,Healthy
CUS-00711,Sable Bridge Financial,SMB,Education,LATAM,Mexico,Inbound,E. Nakamura,2025-04-01,2025-04-01,2026-08-01,17,1,,,,581.49,664.56,664.56,10965.24,10965.24,0.00,0,1.3,Growth,monthly,16,1,0,1.143,0.888,4.46,40,83.8,Healthy
CUS-00724,Falcon Stone Solutions,SMB,Media & Entertainment,North America,United States,Self-Serve,,2025-04-01,2025-04-01,2026-08-01,17,1,,,,219.38,390.0,390.0,4290.06,4290.06,0.00,0,1.7,Starter,monthly,16,2,0,1.778,0.779,4.4,22,79.1,Healthy
CUS-00765,Basalt Peak Partners,Enterprise,Financial Services,North America,Canada,Partner,I. Castellanos,2025-05-01,2025-05-01,2026-08-01,16,1,,,,55021.12,54244.96,69681.92,938894.88,1410541.44,0.00,0,13.5,Enterprise,annual,629,2,1,0.986,0.303,3.66,33,31.8,Critical
CUS-00774,Basalt Peak Group,Enterprise,Financial Services,APAC,Australia,Outbound,A. Okafor,2025-05-01,2025-05-01,2025-11-01,7,0,2025-12-01,Company acquired or closed,voluntary,7227.75,0.0,7227.75,50594.25,50594.25,0.00,0,2.1,Scale,monthly,115,0,0,1.0,0.534,4.04,10,50.4,At Risk
CUS-00785,Crestline River Energy,Mid-Market,Financial Services,North America,United States,Inbound,L. Duarte,2025-06-01,2025-06-01,2026-08-01,15,1,,,,2854.13,995.63,2854.13,26085.45,26085.30,0.00,0,1.2,Growth,monthly,25,0,1,0.349,0.697,4.2,24,78.8,Healthy
CUS-00797,Orchid Gate Retail,Enterprise,Retail & E-commerce,North America,United States,Outbound,C. Moreau,2025-06-01,2025-06-01,2026-08-01,15,1,,,,6747.3,8496.6,9183.82,118140.27,170181.84,0.00,0,11.5,Scale,annual,136,4,1,1.259,0.663,4.36,19,75.8,Healthy
CUS-00825,Beacon Harbour Energy,Mid-Market,Professional Services,EMEA,Sweden,Inbound,K. Rahman,2025-07-01,2025-07-01,2026-03-01,9,0,2026-04-01,Missing functionality,voluntary,12239.55,0.0,12239.55,110155.95,110155.95,0.00,0,1.9,Scale,monthly,177,0,0,1.0,0.625,3.44,24,54.2,At Risk
CUS-00839,Solstice Harbour Energy,SMB,Healthcare,North America,United States,Self-Serve,,2025-07-01,2025-07-01,2025-08-01,2,0,2025-09-01,Payment failure,involuntary,120.63,0.0,120.63,241.26,120.62,120.62,1,2.0,Starter,monthly,5,0,0,1.0,0.8,4.53,2,71.4,Healthy
CUS-00850,Halcyon Peak Logistics,SMB,Media & Entertainment,APAC,India,Self-Serve,,2025-08-01,2025-08-01,2026-08-01,13,1,,,,1687.32,1844.28,2118.96,23112.36,42379.20,0.00,0,5.0,Growth,annual,47,1,1,1.093,0.659,4.47,17,67.8,Watch
CUS-00875,Summit Cross Health,SMB,Education,North America,United States,Partner,I. Castellanos,2025-08-01,2025-08-01,2025-09-01,2,0,2025-10-01,Company acquired or closed,voluntary,712.22,0.0,712.22,1424.44,1424.44,0.00,0,2.0,Growth,monthly,17,0,0,1.0,0.471,3.91,1,50.1,At Risk
CUS-00876,Granite Arbor Systems,Enterprise,Media & Entertainment,EMEA,United Kingdom,Inbound,J. Petersen,2025-08-01,2025-08-01,2026-08-01,13,1,,,,3894.38,4708.13,5580.0,58066.93,103230.00,0.00,0,14.0,Scale,annual,81,1,1,1.209,0.842,4.64,21,88.2,Healthy
CUS-00880,Crestline Cove Systems,Mid-Market,Logistics & Transport,LATAM,Brazil,Inbound,J. Petersen,2025-09-01,2025-09-01,2025-09-01,1,0,2025-10-01,Payment failure,involuntary,549.36,0.0,549.36,549.36,0.00,6592.32,1,0.0,Growth,annual,14,0,0,1.0,0.643,4.35,0,67.4,Watch
CUS-00968,Corvus Point Technologies,SMB,Healthcare,North America,United States,Self-Serve,,2025-11-01,2025-11-01,2026-08-01,10,1,,,,573.3,573.3,573.3,5733.0,5733.00,0.00,0,1.9,Growth,monthly,13,0,0,1.0,0.677,4.53,14,66.1,Watch
CUS-00993,Ridge Field Logistics,SMB,Software & Technology,EMEA,Sweden,Self-Serve,,2025-11-01,2025-11-01,2026-08-01,10,1,,,,69.45,92.6,92.6,833.4,833.40,0.00,0,1.3,Starter,monthly,4,1,0,1.333,0.342,3.28,23,40.9,At Risk
CUS-01010,Cobalt Gate Health,SMB,Logistics & Transport,EMEA,France,Marketplace,I. Castellanos,2025-11-01,2025-11-01,2026-08-01,10,1,,,,1661.67,1661.67,1661.67,16616.7,16616.70,0.00,0,2.3,Growth,monthly,37,0,0,1.0,0.614,4.05,18,62.9,Watch
CUS-01011,Ironwood Watch Group,SMB,Logistics & Transport,EMEA,United Kingdom,Inbound,I. Castellanos,2025-11-01,2025-11-01,2025-12-01,2,0,2026-01-01,Price / budget cuts,voluntary,301.93,0.0,301.93,603.86,603.86,0.00,0,2.5,Starter,monthly,13,0,0,1.0,0.615,4.53,2,68.3,Watch
CUS-01035,Ironwood Peak Industries,SMB,Professional Services,APAC,Japan,Inbound,I. Castellanos,2025-12-01,2025-12-01,2026-04-01,5,0,2026-05-01,Price / budget cuts,voluntary,214.43,0.0,309.72,1215.09,1215.05,0.00,0,1.2,Starter,monthly,13,2,0,1.444,0.65,3.92,11,61.7,Watch
CUS-01044,Crestline Gate Technologies,Mid-Market,Financial Services,EMEA,Germany,Partner,J. Petersen,2025-12-01,2025-12-01,2026-08-01,9,1,,,,1516.32,1516.32,1516.32,13646.88,18195.84,0.00,0,2.0,Growth,annual,39,0,0,1.0,0.664,4.0,20,67.0,Watch
CUS-01059,Juniper Peak Partners,SMB,Education,North America,United States,Self-Serve,,2025-12-01,2025-12-01,2025-12-01,1,0,2026-01-01,Switched to competitor,voluntary,855.0,0.0,855.0,855.0,855.00,0.00,0,9.0,Growth,monthly,19,0,0,1.0,0.684,3.87,3,56.0,Watch
CUS-01061,Orchid Gate Solutions,Enterprise,Software & Technology,North America,United States,Outbound,G. Almeida,2025-12-01,2025-12-01,2026-08-01,9,1,,,,45285.24,45285.24,45285.24,407567.16,543422.88,0.00,0,16.0,Enterprise,annual,546,0,0,1.0,0.818,4.14,16,71.3,Healthy
CUS-01093,Pioneer Bridge Energy,Mid-Market,Manufacturing,North America,United States,Inbound,E. Nakamura,2026-01-01,2026-01-01,2026-08-01,8,1,,,,1834.56,2620.8,2620.8,19356.48,22014.72,0.00,0,13.0,Growth,annual,70,2,0,1.429,0.796,4.22,23,74.8,Healthy
CUS-01116,Ridge Point Technologies,Mid-Market,Logistics & Transport,EMEA,Germany,Inbound,G. Almeida,2026-01-01,2026-01-01,2026-08-01,8,1,,,,6832.88,6832.88,6832.88,54663.04,54663.04,0.00,0,1.4,Scale,monthly,95,0,0,1.0,0.599,4.04,17,63.2,Watch
CUS-01135,Onyx Peak Analytics,SMB,Healthcare,APAC,Japan,Self-Serve,,2026-02-01,2026-02-01,2026-06-01,5,0,2026-07-01,Price / budget cuts,voluntary,49.7,0.0,49.7,248.5,248.50,0.00,0,3.2,Starter,monthly,2,0,0,1.0,0.5,4.13,3,56.6,Watch
CUS-01147,Northwind River Industries,Mid-Market,Software & Technology,APAC,Singapore,Marketplace,J. Petersen,2026-02-01,2026-02-01,2026-08-01,7,1,,,,471.73,471.73,471.73,3302.11,3302.11,0.00,0,2.0,Growth,monthly,11,0,0,1.0,0.623,4.17,13,63.4,Watch
CUS-01149,Zephyr Watch Analytics,SMB,Professional Services,EMEA,Germany,Self-Serve,,2026-02-01,2026-02-01,2026-06-01,5,0,2026-07-01,Missing functionality,voluntary,50.0,0.0,50.0,250.0,250.00,0.00,0,1.6,Starter,monthly,2,0,0,1.0,0.5,4.17,12,54.2,At Risk
CUS-01164,Granite Field Media,Enterprise,Financial Services,EMEA,Netherlands,Inbound,B. Lindqvist,2026-02-01,2026-02-01,2026-08-01,7,1,,,,3758.7,7462.13,7462.13,40571.88,45104.40,0.00,0,2.0,Scale,annual,135,2,0,1.985,0.662,3.89,15,59.8,Watch
CUS-01222,Orchid Forge Technologies,SMB,Retail & E-commerce,EMEA,Sweden,Inbound,A. Okafor,2026-03-01,2026-03-01,2026-08-01,6,1,,,,50.0,50.0,50.0,300.0,300.00,0.00,0,0.8,Starter,monthly,2,0,0,1.0,0.5,3.93,9,54.6,At Risk
CUS-01232,Quartz Stone Retail,SMB,Software & Technology,EMEA,Germany,Self-Serve,,2026-03-01,2026-03-01,2026-08-01,6,1,,,,123.63,123.63,123.63,741.78,741.72,0.00,0,1.5,Starter,monthly,5,0,0,1.0,0.5,3.77,10,49.5,At Risk
CUS-01234,Corvus Field Networks,Mid-Market,Financial Services,EMEA,United Kingdom,Inbound,F. Whitfield,2026-03-01,2026-03-01,2026-08-01,6,1,,,,1654.97,2206.62,2206.62,12688.07,12688.06,0.00,0,1.0,Growth,monthly,52,1,0,1.333,0.644,4.45,10,61.4,Watch
CUS-01238,Lumen Cross Financial,Mid-Market,Professional Services,LATAM,Brazil,Inbound,F. Whitfield,2026-03-01,2026-03-01,2026-08-01,6,1,,,,561.6,421.2,561.6,2667.6,6739.20,0.00,0,13.0,Growth,annual,12,0,1,0.75,0.59,3.91,13,58.9,Watch
CUS-01266,Onyx Harbour Group,Mid-Market,Software & Technology,APAC,Australia,Partner,J. Petersen,2026-04-01,2026-04-01,2026-08-01,5,1,,,,4255.2,4255.2,4255.2,21276.0,51062.40,0.00,0,1.0,Scale,annual,72,0,0,1.0,0.594,4.25,10,60.8,Watch
CUS-01274,Northwind Gate Media,SMB,Healthcare,North America,United States,Self-Serve,,2026-04-01,2026-04-01,2026-08-01,5,1,,,,2121.12,2121.12,2121.12,10605.6,10605.60,0.00,0,0.8,Growth,monthly,48,0,0,1.0,0.575,4.3,9,57.0,Watch
CUS-01278,Northwind Gate Technologies,SMB,Software & Technology,EMEA,Sweden,Inbound,D. Ferreira,2026-04-01,2026-04-01,2026-04-01,1,0,2026-05-01,Poor support experience,voluntary,475.7,0.0,475.7,475.7,475.69,0.00,0,3.0,Growth,monthly,11,0,0,1.0,0.546,4.27,0,59.2,Watch
CUS-01319,Granite Court Technologies,Mid-Market,Healthcare,EMEA,Netherlands,Partner,G. Almeida,2026-05-01,2026-05-01,2026-08-01,4,1,,,,2750.93,3134.78,3134.78,12155.27,33011.04,0.00,0,15.0,Scale,annual,49,1,0,1.14,0.711,4.13,10,66.1,Watch
CUS-01325,Tidal River Group,SMB,Media & Entertainment,EMEA,United Kingdom,Marketplace,E. Nakamura,2026-05-01,2026-05-01,2026-08-01,4,1,,,,1282.5,1368.0,1368.0,5215.5,5215.50,0.00,0,1.5,Growth,monthly,32,1,0,1.067,0.811,4.5,1,77.2,Healthy
CUS-01329,Harbor Peak Financial,SMB,Professional Services,EMEA,United Kingdom,Partner,I. Castellanos,2026-05-01,2026-05-01,2026-08-01,4,1,,,,192.4,192.4,192.4,769.6,769.60,0.00,0,1.0,Starter,monthly,8,0,0,1.0,0.563,3.96,11,55.8,Watch
CUS-01335,Juniper Watch Group,Mid-Market,Financial Services,EMEA,United Kingdom,Marketplace,I. Castellanos,2026-05-01,2026-05-01,2026-08-01,4,1,,,,1554.53,1554.53,1554.53,6218.12,6218.12,0.00,0,1.3,Growth,monthly,35,0,0,1.0,0.736,4.52,5,72.0,Healthy
CUS-01341,Beacon Court Group,SMB,Manufacturing,EMEA,United Kingdom,Self-Serve,,2026-05-01,2026-05-01,2026-08-01,4,1,,,,716.04,716.04,716.04,2864.16,2864.16,0.00,0,2.5,Growth,monthly,17,0,0,1.0,0.456,3.51,8,48.6,At Risk
CUS-01345,Ridge Stone Solutions,SMB,Software & Technology,LATAM,Brazil,Self-Serve,,2026-05-01,2026-05-01,2026-08-01,4,1,,,,175.0,150.0,175.0,650.0,650.00,0.00,0,2.3,Starter,monthly,6,0,1,0.857,0.691,4.1,5,66.7,Watch
CUS-01361,Halcyon Bridge Retail,Mid-Market,Manufacturing,EMEA,Germany,Marketplace,L. Duarte,2026-06-01,2026-06-01,2026-07-01,2,0,2026-08-01,Switched to competitor,voluntary,678.24,0.0,678.24,1356.48,1356.48,0.00,0,1.5,Growth,monthly,16,0,0,1.0,0.594,4.31,2,59.2,Watch
CUS-01362,Crestline Arbor Health,Mid-Market,Education,EMEA,Germany,Marketplace,L. Duarte,2026-06-01,2026-06-01,2026-08-01,3,1,,,,875.16,875.16,875.16,2625.48,2625.48,0.00,0,0.3,Growth,monthly,22,0,0,1.0,0.591,4.36,4,61.2,Watch
CUS-01379,Basalt Cove Systems,SMB,Healthcare,North America,United States,Partner,H. Kowalski,2026-06-01,2026-06-01,2026-08-01,3,1,,,,223.88,223.88,223.88,671.64,671.64,0.00,0,2.3,Starter,monthly,9,0,0,1.0,0.556,3.73,8,55.3,Watch
CUS-01406,Beacon Cross Technologies,Mid-Market,Education,EMEA,Germany,Inbound,L. Duarte,2026-06-01,2026-06-01,2026-08-01,3,1,,,,7958.03,7958.03,7958.03,23874.09,23874.09,0.00,0,3.0,Scale,monthly,113,0,0,1.0,0.696,4.2,3,70.8,Healthy
CUS-01410,Nimbus Field Solutions,SMB,Software & Technology,EMEA,Sweden,Marketplace,A. Okafor,2026-06-01,2026-06-01,2026-08-01,3,1,,,,50.0,50.0,50.0,150.0,150.00,0.00,0,2.7,Starter,monthly,2,0,0,1.0,1.0,4.38,4,82.5,Healthy
CUS-01420,Granite Cove Media,SMB,Financial Services,North America,United States,Inbound,E. Nakamura,2026-07-01,2026-07-01,2026-08-01,2,1,,,,225.0,225.0,225.0,450.0,450.00,0.00,0,1.5,Starter,monthly,9,0,0,1.0,0.667,4.39,5,67.8,Watch
CUS-01433,Sable River Analytics,Mid-Market,Software & Technology,EMEA,United Kingdom,Inbound,A. Okafor,2026-07-01,2026-07-01,2026-08-01,2,1,,,,1083.15,672.3,1083.15,1755.45,12997.80,0.00,0,7.0,Growth,annual,18,0,1,0.621,0.623,4.13,3,58.3,Watch
CUS-01442,Bluefin Stone Media,SMB,Financial Services,North America,United States,Self-Serve,,2026-07-01,2026-07-01,2026-07-01,1,0,2026-08-01,Price / budget cuts,voluntary,143.1,0.0,143.1,143.1,143.10,0.00,0,3.0,Starter,monthly,6,0,0,1.0,0.833,4.39,2,72.6,Healthy
CUS-01444,Lumen Forge Financial,Mid-Market,Software & Technology,EMEA,United Kingdom,Partner,E. Nakamura,2026-07-01,2026-07-01,2026-08-01,2,1,,,,3300.75,3300.75,3300.75,6601.5,39609.00,0.00,0,4.0,Scale,annual,54,0,0,1.0,0.685,4.19,3,63.1,Watch
CUS-01462,Solstice Arbor Financial,Mid-Market,Education,North America,United States,Partner,K. Rahman,2026-07-01,2026-07-01,2026-08-01,2,1,,,,1619.6,1619.6,1619.6,3239.2,19435.20,0.00,0,10.0,Growth,annual,43,0,0,1.0,0.651,4.29,4,61.6,Watch
CUS-01475,Zephyr River Media,SMB,Financial Services,EMEA,United Kingdom,Self-Serve,,2026-08-01,2026-08-01,2026-08-01,1,1,,,,100.0,100.0,100.0,100.0,100.00,0.00,0,3.0,Starter,monthly,4,0,0,1.0,0.75,3.75,1,63.0,Watch
CUS-01505,Beacon Point Energy,SMB,Logistics & Transport,North America,Canada,Self-Serve,,2026-08-01,2026-08-01,2026-08-01,1,1,,,,139.2,139.2,139.2,139.2,139.20,0.00,0,0.0,Starter,monthly,6,0,0,1.0,0.667,4.43,3,58.9,Watch
CUS-01512,Zephyr Watch Partners,SMB,Healthcare,North America,United States,Inbound,L. Duarte,2026-08-01,2026-08-01,2026-08-01,1,1,,,,70.2,70.2,70.2,70.2,70.20,0.00,0,9.0,Starter,monthly,3,0,0,1.0,0.667,3.71,2,56.9,Watch
CUS-01517,Corvus Cross Energy,SMB,Media & Entertainment,EMEA,Germany,Marketplace,J. Petersen,2026-08-01,2026-08-01,2026-08-01,1,1,,,,1166.49,1166.49,1166.49,1166.49,1166.49,0.00,0,0.0,Growth,monthly,26,0,0,1.0,0.539,3.37,3,50.4,At Risk
CUS-00001,Basalt Peak Health,SMB,Logistics & Transport,North America,United States,Marketplace,B. Lindqvist,2023-01-01,2023-01-01,2023-12-01,5,0,2024-01-01,Payment failure,involuntary,1665.0,0.0,1665.0,7155.0,6075.00,1080.00,1,1.8,Growth,monthly,24,0,0,0.649,0.518,3.61,9,63.7,Watch
CUS-00025,Onyx Vale Technologies,SMB,Retail & E-commerce,APAC,Singapore,Inbound,H. Kowalski,2023-02-01,2023-02-01,2023-11-01,10,0,2023-12-01,Missing functionality,voluntary,675.0,0.0,810.0,7560.0,7560.00,0.00,0,1.7,Growth,monthly,18,1,0,1.2,0.622,3.75,22,57.9,Watch
CUS-00032,Ridge Watch Systems,SMB,Software & Technology,North America,United States,Marketplace,E. Nakamura,2023-02-01,2023-02-01,2025-01-01,24,0,2025-02-01,Low adoption,voluntary,1312.74,0.0,2471.04,40965.21,36602.28,0.00,0,13.5,Growth,annual,64,3,0,1.882,0.25,3.52,75,40.3,At Risk
CUS-00041,Sable Harbour Logistics,Enterprise,Media & Entertainment,North America,United States,Outbound,E. Nakamura,2023-03-01,2023-03-01,2025-05-01,27,0,2025-06-01,Payment failure,involuntary,45524.16,0.0,49800.96,1270589.76,1220788.80,49800.96,1,1.8,Enterprise,monthly,524,1,1,1.094,0.603,4.1,51,67.5,Watch
CUS-00048,Basalt Court Labs,SMB,Healthcare,LATAM,Brazil,Marketplace,I. Castellanos,2023-03-01,2023-03-01,2026-06-01,40,0,2026-07-01,Payment failure,involuntary,627.75,0.0,837.0,26528.25,26342.25,186.00,1,1.6,Starter,monthly,8,1,3,0.296,0.577,4.22,60,71.4,Healthy
CUS-00052,Bluefin Gate Media,SMB,Professional Services,North America,United States,Inbound,G. Almeida,2023-04-01,2023-04-01,2026-08-01,41,1,,,,44.15,88.3,110.38,2671.08,3443.76,0.00,0,13.0,Starter,annual,4,4,2,2.0,0.674,4.58,58,68.8,Watch
CUS-00055,Northwind Vale Solutions,SMB,Software & Technology,North America,United States,Self-Serve,,2023-04-01,2023-04-01,2023-04-01,1,0,2023-05-01,Low adoption,voluntary,1005.48,0.0,1005.48,1005.48,1005.48,0.00,0,3.0,Growth,monthly,24,0,0,1.0,0.667,3.86,2,54.7,At Risk
CUS-00071,Corvus Watch Media,Mid-Market,Healthcare,North America,Canada,Outbound,D. Ferreira,2023-05-01,2023-05-01,2026-08-01,40,1,,,,1400.18,2600.32,2600.32,64728.23,64728.06,0.00,0,1.9,Growth,monthly,65,5,2,1.857,0.941,4.62,70,91.5,Healthy
CUS-00102,Granite Peak Solutions,SMB,Financial Services,LATAM,Brazil,Self-Serve,,2023-06-01,2023-06-01,2023-10-01,5,0,2023-11-01,Price / budget cuts,voluntary,1187.06,0.0,1187.06,5935.3,5935.30,0.00,0,2.2,Growth,monthly,27,0,0,1.0,0.852,4.87,3,80.8,Healthy
CUS-00117,Summit Stone Energy,Mid-Market,Healthcare,North America,United States,Outbound,I. Castellanos,2023-07-01,2023-07-01,2026-08-01,38,1,,,,446.0,2554.34,2554.34,60655.44,60655.44,0.00,0,1.9,Growth,monthly,63,6,0,5.727,0.307,4.1,51,41.6,At Risk
CUS-00118,Pioneer Vale Partners,Enterprise,Manufacturing,North America,United States,Outbound,H. Kowalski,2023-07-01,2023-07-01,2026-08-01,38,1,,,,61079.04,61416.96,84564.48,2547156.48,3274444.80,0.00,0,8.3,Enterprise,annual,727,4,3,1.006,0.886,4.02,84,79.4,Healthy
CUS-00135,Ironwood Court Solutions,Mid-Market,Media & Entertainment,EMEA,United Kingdom,Inbound,J. Petersen,2023-08-01,2023-08-01,2024-07-01,12,0,2024-08-01,Low adoption,voluntary,725.76,0.0,1370.88,13224.96,13224.96,0.00,0,1.8,Growth,monthly,34,2,0,1.889,0.427,3.93,29,41.3,At Risk
CUS-00152,Zephyr Cove Systems,Mid-Market,Software & Technology,North America,United States,Outbound,I. Castellanos,2023-09-01,2023-09-01,2026-08-01,36,1,,,,434.12,1144.48,1144.48,26599.52,24626.16,0.00,0,10.0,Growth,annual,29,5,2,2.636,0.251,3.84,83,41.5,At Risk
CUS-00172,Summit Court Solutions,Enterprise,Healthcare,North America,United States,Outbound,B. Lindqvist,2023-10-01,2023-10-01,2026-08-01,35,1,,,,25835.92,59159.32,59159.32,1068405.8,879737.76,0.00,0,2.3,Enterprise,annual,719,5,1,2.29,0.701,4.34,62,71.1,Healthy
CUS-00246,Beacon Field Health,SMB,Retail & E-commerce,LATAM,Mexico,Self-Serve,,2024-01-01,2024-01-01,2024-12-01,12,0,2025-01-01,Low adoption,voluntary,732.74,0.0,848.43,9949.78,8792.88,0.00,0,10.0,Growth,annual,22,1,0,1.158,0.49,4.06,24,53.9,At Risk
CUS-00258,Ridge Vale Networks,SMB,Healthcare,North America,Canada,Self-Serve,,2024-01-01,2024-01-01,2026-08-01,32,1,,,,100.0,225.0,225.0,4750.0,4750.00,0.00,0,1.7,Starter,monthly,9,3,0,2.25,0.892,4.58,50,85.2,Healthy
CUS-00265,Basalt Gate Solutions,SMB,Logistics & Transport,North America,United States,Self-Serve,,2024-02-01,2024-02-01,2024-02-01,1,0,2024-03-01,Switched to competitor,voluntary,300.0,0.0,300.0,300.0,300.00,0.00,0,0.0,Starter,monthly,12,0,0,1.0,0.583,4.03,2,56.4,Watch
CUS-00274,Meridian Stone Energy,SMB,Software & Technology,EMEA,France,Self-Serve,,2024-02-01,2024-02-01,2026-08-01,31,1,,,,803.7,683.15,964.44,23066.29,25075.32,0.00,0,8.3,Growth,annual,17,2,1,0.85,0.586,4.11,54,56.0,Watch
CUS-00312,Halcyon Gate Analytics,SMB,Media & Entertainment,North America,United States,Marketplace,F. Whitfield,2024-03-01,2024-03-01,2025-09-01,19,0,2025-10-01,Poor support experience,voluntary,70.43,0.0,93.9,1666.75,1666.75,0.00,0,1.8,Starter,monthly,4,1,0,1.333,0.636,4.0,37,69.7,Watch
CUS-00322,Corvus Peak Industries,Enterprise,Software & Technology,APAC,Japan,Partner,E. Nakamura,2024-04-01,2024-04-01,2026-08-01,29,1,,,,9671.4,14387.7,14387.7,314141.4,355334.40,0.00,0,3.7,Scale,annual,241,4,1,1.488,0.883,4.25,51,85.6,Healthy
CUS-00333,Crestline Forge Logistics,Mid-Market,Software & Technology,EMEA,Netherlands,Inbound,C. Moreau,2024-04-01,2024-04-01,2026-08-01,29,1,,,,451.44,677.16,677.16,16101.36,18960.48,0.00,0,8.3,Growth,annual,18,2,0,1.5,0.922,4.54,38,92.1,Healthy
CUS-00350,Meridian Point Group,SMB,Media & Entertainment,North America,United States,Inbound,J. Petersen,2024-05-01,2024-05-01,2024-12-01,8,0,2025-01-01,Switched to competitor,voluntary,89.3,0.0,89.3,714.4,1071.60,0.00,0,16.0,Starter,annual,4,0,0,1.0,0.75,4.21,13,65.5,Watch
CUS-00353,Sable Cross Analytics,SMB,Professional Services,North America,United States,Self-Serve,,2024-05-01,2024-05-01,2026-08-01,28,1,,,,1228.01,592.83,1228.01,24983.59,24983.59,0.00,0,1.3,Growth,monthly,14,2,3,0.483,0.7,4.06,48,75.3,Healthy
CUS-00364,Falcon Harbour Technologies,SMB,Manufacturing,North America,Canada,Partner,F. Whitfield,2024-05-01,2024-05-01,2026-08-01,28,1,,,,89.4,67.05,89.4,1408.05,2145.60,0.00,0,10.3,Starter,annual,3,1,1,0.75,0.512,4.03,40,58.1,Watch
CUS-00381,Meridian Harbour Networks,Mid-Market,Manufacturing,North America,United States,Inbound,E. Nakamura,2024-06-01,2024-06-01,2026-08-01,27,1,,,,1496.34,660.15,1496.34,19716.48,19716.48,0.00,0,2.0,Growth,monthly,15,1,4,0.441,0.571,4.02,55,61.8,Watch
CUS-00390,Onyx Cove Analytics,Mid-Market,Healthcare,APAC,Japan,Outbound,G. Almeida,2024-06-01,2024-06-01,2026-08-01,27,1,,,,1421.91,768.6,1575.63,33510.96,41965.56,0.00,0,7.3,Growth,annual,20,3,3,0.541,0.591,3.93,68,64.9,Watch
CUS-00403,Ironwood Field Media,Mid-Market,Logistics & Transport,APAC,Australia,Partner,J. Petersen,2024-07-01,2024-07-01,2026-08-01,26,1,,,,4362.75,3303.23,5172.97,117794.22,144344.64,0.00,0,7.0,Scale,annual,53,1,1,0.757,0.378,4.27,46,45.8,At Risk
CUS-00442,Meridian Cove Logistics,SMB,Retail & E-commerce,LATAM,Mexico,Self-Serve,,2024-08-01,2024-08-01,2025-06-01,11,0,2025-07-01,Company acquired or closed,voluntary,325.0,0.0,350.0,3400.0,3400.00,0.00,0,1.7,Starter,monthly,14,1,1,1.077,0.421,3.85,24,42.1,At Risk
CUS-00474,Lyra Peak Partners,Enterprise,Healthcare,EMEA,United Kingdom,Inbound,F. Whitfield,2024-09-01,2024-09-01,2026-08-01,24,1,,,,37534.86,44143.11,58152.6,1159968.15,975906.36,0.00,0,3.0,Enterprise,annual,501,2,1,1.176,0.822,4.16,47,85.9,Healthy
CUS-00485,Orchid River Group,Mid-Market,Retail & E-commerce,APAC,Australia,Inbound,H. Kowalski,2024-10-01,2024-10-01,2026-03-01,18,0,2026-04-01,Missing functionality,voluntary,8887.5,0.0,10380.6,173412.9,173412.90,0.00,0,2.8,Scale,monthly,146,1,0,1.168,0.4,3.81,42,30.8,Critical
CUS-00499,Basalt Harbour Health,SMB,Manufacturing,North America,United States,Marketplace,F. Whitfield,2024-10-01,2024-10-01,2025-08-01,11,0,2025-09-01,Price / budget cuts,voluntary,250.0,0.0,250.0,2750.0,2750.00,0.00,0,1.6,Starter,monthly,10,0,0,1.0,0.8,4.52,19,75.9,Healthy
CUS-00547,Solstice Peak Logistics,SMB,Financial Services,North America,United States,Inbound,G. Almeida,2024-12-01,2024-12-01,2024-12-01,1,0,2025-01-01,Missing functionality,voluntary,467.28,0.0,467.28,467.28,467.28,0.00,0,2.0,Growth,monthly,11,0,0,1.0,0.636,3.75,4,57.4,Watch
CUS-00554,Harbor Arbor Media,SMB,Healthcare,North America,United States,Self-Serve,,2024-12-01,2024-12-01,2025-01-01,2,0,2025-02-01,Payment failure,involuntary,175.0,0.0,175.0,350.0,175.00,175.00,1,1.0,Starter,monthly,7,0,0,1.0,0.571,3.79,3,55.1,Watch
CUS-00559,Zephyr Vale Analytics,Enterprise,Retail & E-commerce,North America,Canada,Inbound,H. Kowalski,2024-12-01,2024-12-01,2026-08-01,21,1,,,,15852.65,17652.14,17652.14,350900.55,402057.48,0.00,0,10.5,Enterprise,annual,206,1,0,1.114,0.869,4.34,33,82.2,Healthy
CUS-00560,Summit Cove Networks,SMB,Software & Technology,North America,United States,Marketplace,G. Almeida,2024-12-01,2024-12-01,2026-08-01,21,1,,,,250.0,250.0,250.0,5250.0,5250.00,0.00,0,1.6,Starter,monthly,10,0,0,1.0,0.643,3.85,35,71.2,Healthy
CUS-00572,Bluefin Forge Analytics,SMB,Retail & E-commerce,EMEA,Sweden,Inbound,B. Lindqvist,2024-12-01,2024-12-01,2025-02-01,3,0,2025-03-01,Low adoption,voluntary,1080.0,0.0,1260.0,3420.0,3420.00,0.00,0,2.0,Growth,monthly,28,1,0,1.167,0.762,3.97,5,70.3,Healthy
CUS-00585,Ironwood Field Labs,Enterprise,Retail & E-commerce,North America,United States,Outbound,E. Nakamura,2025-01-01,2025-01-01,2025-09-01,9,0,2025-10-01,Company acquired or closed,voluntary,20665.26,0.0,20665.26,185987.34,185987.34,0.00,0,1.9,Enterprise,monthly,213,0,0,1.0,0.394,3.74,22,34.1,Critical
CUS-00589,Juniper Harbour Technologies,SMB,Healthcare,North America,United States,Self-Serve,,2025-01-01,2025-01-01,2026-08-01,20,1,,,,98.8,123.5,123.5,2445.3,2445.30,0.00,0,2.9,Starter,monthly,5,1,0,1.25,0.475,3.73,54,53.5,At Risk
CUS-00600,Maple Cross Retail,SMB,Financial Services,North America,Canada,Partner,D. Ferreira,2025-01-01,2025-01-01,2025-08-01,8,0,2025-09-01,Payment failure,involuntary,348.6,0.0,348.6,2788.8,2440.20,348.60,1,1.3,Starter,monthly,14,0,0,1.0,0.661,3.89,15,61.1,Watch
CUS-00609,Granite Bridge Industries,SMB,Financial Services,North America,United States,Inbound,H. Kowalski,2025-01-01,2025-01-01,2026-08-01,20,1,,,,122.75,98.2,122.75,2258.6,2258.60,0.00,0,1.7,Starter,monthly,4,0,1,0.8,0.94,4.06,51,85.4,Healthy
CUS-00632,Sable Cross Financial,SMB,Manufacturing,North America,United States,Self-Serve,,2025-02-01,2025-02-01,2026-08-01,19,1,,,,1074.38,1074.38,1074.38,20413.22,20413.22,0.00,0,2.1,Growth,monthly,25,0,0,1.0,0.937,4.8,26,90.7,Healthy
CUS-00634,Lyra Court Analytics,SMB,Manufacturing,APAC,Singapore,Inbound,I. Castellanos,2025-02-01,2025-02-01,2026-08-01,14,1,2025-03-01,Low adoption,voluntary,142.8,166.6,166.6,2261.0,2261.00,0.00,0,2.2,Starter,monthly,7,1,0,1.167,0.799,4.12,29,76.6,Healthy
CUS-00640,Cobalt Bridge Logistics,Mid-Market,Retail & E-commerce,EMEA,France,Partner,L. Duarte,2025-02-01,2025-02-01,2026-08-01,19,1,,,,6122.25,7822.88,7822.88,128771.36,128771.36,0.00,0,1.8,Scale,monthly,115,2,0,1.278,0.962,4.83,20,93.4,Healthy
CUS-00661,Sable Harbour Industries,SMB,Software & Technology,APAC,Australia,Self-Serve,,2025-03-01,2025-03-01,2025-06-01,4,0,2025-07-01,Switched to competitor,voluntary,750.06,0.0,750.06,3000.24,3000.24,0.00,0,1.8,Growth,monthly,18,0,0,1.0,0.681,4.65,3,72.2,Healthy
CUS-00753,Bluefin Gate Technologies,Mid-Market,Retail & E-commerce,North America,United States,Marketplace,K. Rahman,2025-05-01,2025-05-01,2026-08-01,16,1,,,,2794.05,3924.98,3924.98,52687.84,80628.24,0.00,0,6.5,Scale,annual,59,2,0,1.405,0.925,4.63,19,91.8,Healthy
CUS-00754,Granite Vale Logistics,SMB,Software & Technology,APAC,Japan,Inbound,L. Duarte,2025-05-01,2025-05-01,2026-08-01,16,1,,,,1516.32,894.24,1516.32,13530.24,28926.72,0.00,0,13.0,Growth,annual,23,1,2,0.59,0.861,4.56,26,90.7,Healthy
CUS-00776,Sable Vale Energy,Mid-Market,Financial Services,EMEA,Germany,Outbound,K. Rahman,2025-06-01,2025-06-01,2026-08-01,15,1,,,,1232.55,1479.06,1766.66,20789.02,20789.00,0.00,0,1.5,Growth,monthly,36,2,1,1.2,0.685,4.33,14,63.3,Watch
CUS-00783,Meridian River Labs,SMB,Logistics & Transport,EMEA,Germany,Inbound,G. Almeida,2025-06-01,2025-06-01,2026-08-01,15,1,,,,1832.45,1832.45,1832.45,27486.75,27486.60,0.00,0,1.5,Growth,monthly,43,0,0,1.0,0.837,4.39,28,82.8,Healthy
CUS-00799,Beacon Court Labs,Enterprise,Financial Services,North America,United States,Outbound,L. Duarte,2025-06-01,2025-06-01,2026-08-01,15,1,,,,70720.65,78378.3,88198.11,1231260.03,1789187.40,0.00,0,13.0,Enterprise,annual,870,1,1,1.108,0.706,4.32,31,69.8,Watch
CUS-00802,Ironwood Vale Solutions,SMB,Software & Technology,LATAM,Brazil,Partner,D. Ferreira,2025-06-01,2025-06-01,2026-08-01,15,1,,,,72.52,145.05,145.05,1668.1,1668.10,0.00,0,1.5,Starter,monthly,6,3,0,2.0,0.697,4.06,28,62.0,Watch
CUS-00826,Bluefin Vale Media,SMB,Logistics & Transport,EMEA,United Kingdom,Self-Serve,,2025-07-01,2025-07-01,2025-07-01,1,0,2025-08-01,Poor support experience,voluntary,317.85,0.0,317.85,317.85,317.85,0.00,0,1.0,Starter,monthly,13,0,0,1.0,0.769,4.37,2,70.7,Healthy
CUS-00835,Sable Bridge Analytics,Mid-Market,Healthcare,EMEA,France,Inbound,D. Ferreira,2025-07-01,2025-07-01,2026-08-01,14,1,,,,1347.93,1347.93,1347.93,18871.02,18871.02,0.00,0,1.4,Growth,monthly,34,0,0,1.0,0.588,4.1,23,76.1,Healthy
CUS-00857,Halcyon Harbour Industries,SMB,Logistics & Transport,North America,United States,Partner,F. Whitfield,2025-08-01,2025-08-01,2025-08-01,1,0,2025-09-01,Price / budget cuts,voluntary,72.75,0.0,72.75,72.75,72.75,0.00,0,2.0,Starter,monthly,3,0,0,1.0,0.667,4.76,0,69.7,Watch
CUS-00868,Meridian Cove Retail,SMB,Manufacturing,APAC,Australia,Partner,G. Almeida,2025-08-01,2025-08-01,2026-08-01,13,1,,,,67.35,89.8,89.8,965.35,1885.80,0.00,0,11.5,Starter,annual,4,1,0,1.333,0.308,3.41,27,38.9,Critical
CUS-00881,Beacon Cove Technologies,SMB,Software & Technology,APAC,Singapore,Self-Serve,,2025-09-01,2025-09-01,2026-08-01,12,1,,,,232.0,232.0,232.0,2784.0,2784.00,0.00,0,1.2,Starter,monthly,10,0,0,1.0,0.608,3.82,21,60.0,Watch
CUS-00902,Corvus Forge Labs,Enterprise,Financial Services,LATAM,Brazil,Outbound,F. Whitfield,2025-09-01,2025-09-01,2026-08-01,12,1,,,,17205.76,6364.8,25534.08,210412.8,206469.12,0.00,0,9.0,Scale,annual,102,2,2,0.37,0.507,4.0,16,46.3,At Risk
CUS-00905,Halcyon Point Energy,SMB,Education,APAC,Japan,Self-Serve,,2025-09-01,2025-09-01,2026-08-01,12,1,,,,2070.0,1260.0,2070.0,18990.0,18990.00,0.00,0,1.3,Growth,monthly,28,0,2,0.609,0.625,3.98,29,57.5,Watch
CUS-00908,Harbor Watch Financial,SMB,Logistics & Transport,EMEA,France,Inbound,H. Kowalski,2025-09-01,2025-09-01,2026-05-01,9,0,2026-06-01,Low adoption,voluntary,465.3,0.0,676.8,4822.2,4822.20,0.00,0,2.9,Growth,monthly,16,1,0,1.455,0.711,3.99,21,58.3,Watch
CUS-00909,Tidal Field Health,SMB,Logistics & Transport,North America,United States,Inbound,L. Duarte,2025-09-01,2025-09-01,2026-08-01,12,1,,,,174.4,239.8,239.8,2158.2,2092.80,0.00,0,7.0,Starter,annual,11,1,0,1.375,0.696,4.09,21,74.7,Healthy
CUS-00922,Juniper Stone Industries,SMB,Manufacturing,North America,United States,Inbound,G. Almeida,2025-10-01,2025-10-01,2026-07-01,10,0,2026-08-01,Payment failure,involuntary,100.0,0.0,150.0,1100.0,950.00,150.00,1,1.1,Starter,monthly,6,1,0,1.5,0.733,4.31,14,70.2,Healthy
CUS-00923,Basalt Cove Logistics,Enterprise,Healthcare,APAC,Japan,Outbound,F. Whitfield,2025-10-01,2025-10-01,2026-08-01,11,1,,,,29205.0,45657.15,45657.15,413932.2,413932.20,0.00,0,2.0,Enterprise,monthly,469,2,0,1.563,0.418,3.92,28,42.6,At Risk
CUS-00924,Crestline Vale Financial,SMB,Professional Services,North America,United States,Inbound,E. Nakamura,2025-10-01,2025-10-01,2026-08-01,11,1,,,,1346.9,1346.9,1346.9,14815.9,16162.68,0.00,0,15.0,Growth,annual,33,0,0,1.0,0.656,3.82,26,66.3,Watch
CUS-00948,Cobalt Point Technologies,Mid-Market,Media & Entertainment,EMEA,Germany,Inbound,L. Duarte,2025-10-01,2025-10-01,2025-11-01,2,0,2025-12-01,Payment failure,involuntary,813.96,0.0,813.96,1627.92,813.96,813.96,1,2.0,Growth,monthly,19,0,0,1.0,0.658,4.46,4,62.9,Watch
CUS-00956,Vertex Stone Energy,SMB,Manufacturing,EMEA,Germany,Partner,C. Moreau,2025-10-01,2025-10-01,2025-11-01,2,0,2025-12-01,Payment failure,involuntary,121.75,0.0,121.75,243.5,121.75,121.75,1,0.0,Starter,monthly,5,0,0,1.0,0.7,3.65,5,65.2,Watch
CUS-00967,Summit Point Networks,SMB,Financial Services,North America,Canada,Inbound,H. Kowalski,2025-11-01,2025-11-01,2026-08-01,10,1,,,,200.0,225.0,225.0,2150.0,2150.00,0.00,0,1.5,Starter,monthly,9,1,0,1.125,0.606,3.74,23,62.5,Watch
CUS-00970,Orchid River Media,Mid-Market,Healthcare,EMEA,Germany,Outbound,D. Ferreira,2025-11-01,2025-11-01,2026-08-01,10,1,,,,3285.68,2705.85,3285.68,32276.97,39428.04,0.00,0,16.0,Scale,annual,42,0,1,0.824,0.673,3.64,21,60.7,Watch
CUS-00973,Harbor Arbor Retail,SMB,Software & Technology,APAC,Japan,Self-Serve,,2025-11-01,2025-11-01,2026-08-01,10,1,,,,1343.34,1343.34,1343.34,13433.4,16120.08,0.00,0,21.0,Growth,annual,34,0,0,1.0,0.382,3.75,26,37.5,Critical
CUS-01000,Meridian River Financial,Mid-Market,Healthcare,North America,Canada,Inbound,I. Castellanos,2025-11-01,2025-11-01,2026-08-01,10,1,,,,5936.1,9788.25,9788.25,82789.65,71233.20,0.00,0,13.0,Scale,annual,155,2,0,1.649,0.65,4.44,14,66.6,Watch
CUS-01022,Summit Peak Retail,Mid-Market,Healthcare,EMEA,Germany,Inbound,J. Petersen,2025-12-01,2025-12-01,2025-12-01,1,0,2026-01-01,Price / budget cuts,voluntary,1361.75,0.0,1361.75,1361.75,1361.75,0.00,0,0.0,Growth,monthly,33,0,0,1.0,0.636,4.88,0,66.8,Watch
CUS-01074,Lyra Cove Energy,Mid-Market,Software & Technology,North America,Canada,Inbound,E. Nakamura,2025-12-01,2025-12-01,2026-08-01,9,1,,,,1807.92,1807.92,1807.92,16271.28,21695.04,0.00,0,8.0,Growth,annual,48,0,0,1.0,0.63,4.17,18,64.6,Watch
CUS-01080,Juniper Gate Retail,SMB,Retail & E-commerce,EMEA,France,Inbound,D. Ferreira,2025-12-01,2025-12-01,2025-12-01,1,0,2026-01-01,Price / budget cuts,voluntary,274.73,0.0,274.73,274.73,274.73,0.00,0,0.0,Starter,monthly,11,0,0,1.0,0.636,3.82,6,50.7,At Risk
CUS-01085,Beacon Arbor Systems,SMB,Manufacturing,EMEA,Sweden,Self-Serve,,2026-01-01,2026-01-01,2026-08-01,8,1,,,,513.54,513.54,513.54,4108.32,4108.32,0.00,0,0.8,Growth,monthly,12,0,0,1.0,0.583,3.68,19,57.0,Watch
CUS-01098,Zephyr Cove Financial,SMB,Professional Services,EMEA,Germany,Inbound,L. Duarte,2026-01-01,2026-01-01,2026-08-01,8,1,,,,824.22,1214.64,1214.64,9196.56,9196.56,0.00,0,2.5,Growth,monthly,28,2,0,1.474,0.417,3.96,17,36.6,Critical
CUS-01124,Cobalt Watch Group,Mid-Market,Retail & E-commerce,North America,United States,Inbound,E. Nakamura,2026-01-01,2026-01-01,2026-08-01,8,1,,,,3591.68,3591.68,3591.68,28733.44,28733.44,0.00,0,2.0,Scale,monthly,51,0,0,1.0,0.77,4.52,10,73.6,Healthy
CUS-01155,Orchid Bridge Health,SMB,Financial Services,North America,United States,Inbound,L. Duarte,2026-02-01,2026-02-01,2026-08-01,7,1,,,,49.9,74.85,74.85,499.0,499.00,0.00,0,1.4,Starter,monthly,3,1,0,1.5,0.643,4.16,15,64.8,Watch
CUS-01167,Ironwood Bridge Retail,Mid-Market,Software & Technology,EMEA,France,Inbound,I. Castellanos,2026-02-01,2026-02-01,2026-08-01,7,1,,,,487.62,609.53,609.53,4022.89,4022.84,0.00,0,1.7,Growth,monthly,15,1,0,1.25,0.74,4.22,10,77.5,Healthy
CUS-01174,Cobalt Bridge Labs,SMB,Healthcare,EMEA,Sweden,Inbound,B. Lindqvist,2026-02-01,2026-02-01,2026-08-01,7,1,,,,1170.0,1170.0,1170.0,8190.0,8190.00,0.00,0,2.9,Growth,monthly,26,0,0,1.0,0.736,3.78,15,65.8,Watch
CUS-01219,Nimbus Cove Networks,SMB,Healthcare,North America,United States,Partner,C. Moreau,2026-03-01,2026-03-01,2026-08-01,3,1,2026-04-01,Company acquired or closed,voluntary,75.0,50.0,75.0,175.0,175.00,0.00,0,1.0,Starter,monthly,2,0,0,0.667,0.889,4.1,8,74.6,Healthy
CUS-01276,Solstice Harbour Labs,Mid-Market,Professional Services,APAC,Australia,Outbound,B. Lindqvist,2026-04-01,2026-04-01,2026-08-01,5,1,,,,1196.1,1196.1,1196.1,5980.5,14353.20,0.00,0,0.0,Growth,annual,30,0,0,1.0,0.7,4.12,12,68.0,Watch
CUS-01333,Pioneer Watch Group,SMB,Retail & E-commerce,North America,United States,Self-Serve,,2026-05-01,2026-05-01,2026-08-01,4,1,,,,300.0,300.0,300.0,1200.0,1200.00,0.00,0,2.0,Starter,monthly,12,0,0,1.0,0.479,3.92,8,46.2,At Risk
CUS-01336,Falcon Vale Industries,SMB,Media & Entertainment,EMEA,United Kingdom,Inbound,B. Lindqvist,2026-05-01,2026-05-01,2026-08-01,4,1,,,,219.83,219.83,219.83,879.32,879.28,0.00,0,2.3,Starter,monthly,9,0,0,1.0,0.639,4.0,9,56.0,Watch
CUS-01342,Tidal Cross Health,Enterprise,Retail & E-commerce,EMEA,Germany,Inbound,K. Rahman,2026-05-01,2026-05-01,2026-08-01,4,1,,,,16835.94,16835.94,16835.94,67343.76,202031.28,0.00,0,21.0,Enterprise,annual,198,0,0,1.0,0.436,3.55,13,46.0,At Risk
CUS-01382,Pioneer Arbor Financial,SMB,Financial Services,North America,United States,Self-Serve,,2026-06-01,2026-06-01,2026-07-01,2,0,2026-08-01,Low adoption,voluntary,1523.88,0.0,1523.88,3047.76,3047.76,0.00,0,1.0,Growth,monthly,34,0,0,1.0,0.5,3.57,7,46.6,At Risk
CUS-01390,Onyx Cove Retail,SMB,Healthcare,North America,United States,Self-Serve,,2026-06-01,2026-06-01,2026-07-01,2,0,2026-08-01,Switched to competitor,voluntary,47.6,0.0,47.6,95.2,95.20,0.00,0,1.5,Starter,monthly,2,0,0,1.0,0.5,3.46,7,43.7,At Risk
CUS-01395,Nimbus Vale Solutions,SMB,Financial Services,North America,United States,Inbound,J. Petersen,2026-06-01,2026-06-01,2026-08-01,3,1,,,,150.0,125.0,150.0,400.0,400.00,0.00,0,2.0,Starter,monthly,5,0,1,0.833,0.622,4.02,6,54.6,At Risk
CUS-01404,Solstice Cross Partners,Mid-Market,Retail & E-commerce,North America,United States,Inbound,E. Nakamura,2026-06-01,2026-06-01,2026-08-01,3,1,,,,439.07,439.07,439.07,1317.21,5268.72,0.00,0,3.0,Growth,annual,11,0,0,1.0,0.606,4.01,2,62.8,Watch
CUS-01429,Meridian Vale Media,Mid-Market,Professional Services,North America,United States,Outbound,E. Nakamura,2026-07-01,2026-07-01,2026-08-01,2,1,,,,1116.59,1116.59,1116.59,2233.18,2233.18,0.00,0,0.0,Growth,monthly,27,0,0,1.0,0.648,3.49,9,55.5,Watch
CUS-01461,Falcon Bridge Systems,Mid-Market,Manufacturing,EMEA,Sweden,Inbound,F. Whitfield,2026-07-01,2026-07-01,2026-08-01,2,1,,,,8955.6,5860.65,8955.6,14816.25,107467.20,0.00,0,6.0,Scale,annual,89,0,1,0.654,0.683,4.2,5,64.1,Watch
CUS-01482,Vertex Arbor Technologies,Mid-Market,Healthcare,North America,United States,Outbound,K. Rahman,2026-08-01,2026-08-01,2026-08-01,1,1,,,,523.26,523.26,523.26,523.26,523.26,0.00,0,1.0,Growth,monthly,12,0,0,1.0,0.667,4.46,0,69.1,Watch
CUS-01498,Nimbus Cross Financial,Mid-Market,Manufacturing,North America,United States,Inbound,K. Rahman,2026-08-01,2026-08-01,2026-08-01,1,1,,,,3822.52,3822.52,3822.52,3822.52,45870.24,0.00,0,8.0,Scale,annual,63,0,0,1.0,0.603,4.06,0,60.6,Watch
CUS-00004,Ridge Stone Networks,SMB,Professional Services,North America,United States,Inbound,K. Rahman,2023-01-01,2023-01-01,2024-02-01,14,0,2024-03-01,Poor support experience,voluntary,99.3,0.0,124.13,1688.16,1688.04,0.00,0,1.9,Starter,monthly,5,1,0,1.25,0.314,3.44,38,39.5,Critical
CUS-00006,Nimbus Stone Financial,SMB,Software & Technology,EMEA,Sweden,Inbound,G. Almeida,2023-01-01,2023-01-01,2026-08-01,44,1,,,,630.0,200.0,630.0,13960.0,13960.00,0.00,0,1.8,Starter,monthly,8,0,1,0.317,0.409,3.78,81,55.2,Watch
CUS-00035,Vertex Harbour Group,SMB,Healthcare,North America,United States,Inbound,F. Whitfield,2023-03-01,2023-03-01,2023-10-01,8,0,2023-11-01,Poor support experience,voluntary,1287.59,0.0,1287.59,10300.72,10300.72,0.00,0,3.1,Growth,monthly,31,0,0,1.0,0.617,4.27,11,57.9,Watch
CUS-00060,Juniper Harbour Analytics,SMB,Healthcare,EMEA,Netherlands,Partner,J. Petersen,2023-04-01,2023-04-01,2024-09-01,18,0,2024-10-01,Company acquired or closed,voluntary,138.15,0.0,184.2,2901.15,2901.15,0.00,0,2.4,Starter,monthly,8,1,0,1.333,0.898,4.4,23,87.7,Healthy
CUS-00066,Lyra Cross Systems,SMB,Healthcare,APAC,Singapore,Self-Serve,,2023-04-01,2023-04-01,2023-04-01,1,0,2023-05-01,Low adoption,voluntary,217.13,0.0,217.13,217.13,217.12,0.00,0,3.0,Starter,monthly,9,0,0,1.0,0.778,4.06,2,64.8,Watch
CUS-00084,Corvus Watch Partners,Mid-Market,Professional Services,EMEA,United Kingdom,Partner,I. Castellanos,2023-05-01,2023-05-01,2026-08-01,40,1,,,,455.76,1709.1,1709.1,33080.58,42841.44,0.00,0,10.5,Growth,annual,45,6,0,3.75,0.124,3.19,111,32.8,Critical
CUS-00090,Solstice Forge Media,SMB,Manufacturing,North America,United States,Self-Serve,,2023-06-01,2023-06-01,2023-06-01,1,0,2023-07-01,Payment failure,involuntary,1378.08,0.0,1378.08,1378.08,0.00,1378.08,1,0.0,Growth,monthly,33,0,0,1.0,0.515,4.03,0,52.0,At Risk
CUS-00091,Granite Gate Labs,Mid-Market,Software & Technology,North America,United States,Inbound,L. Duarte,2023-06-01,2023-06-01,2023-06-01,1,0,2023-07-01,Switched to competitor,voluntary,7752.15,0.0,7752.15,7752.15,7752.15,0.00,0,2.0,Scale,monthly,107,0,0,1.0,0.636,3.66,3,54.6,At Risk
CUS-00092,Solstice Forge Energy,SMB,Financial Services,EMEA,United Kingdom,Inbound,K. Rahman,2023-06-01,2023-06-01,2026-08-01,39,1,,,,66.45,110.75,110.75,3233.9,3987.00,0.00,0,15.5,Starter,annual,5,3,1,1.667,0.868,4.6,60,92.1,Healthy
CUS-00110,Zephyr Peak Logistics,Enterprise,Manufacturing,North America,United States,Outbound,C. Moreau,2023-07-01,2023-07-01,2026-08-01,38,1,,,,15140.4,30198.96,30198.96,717163.92,919226.88,0.00,0,10.0,Enterprise,annual,369,5,1,1.995,0.642,4.19,66,69.7,Watch
CUS-00119,Zephyr Harbour Financial,Mid-Market,Financial Services,APAC,Australia,Marketplace,J. Petersen,2023-07-01,2023-07-01,2024-09-01,15,0,2024-10-01,Low adoption,voluntary,4428.6,0.0,6098.4,89806.2,89806.20,0.00,0,0.9,Scale,monthly,84,1,0,1.377,0.794,4.31,30,79.1,Healthy
CUS-00122,Juniper Watch Health,Mid-Market,Education,North America,United States,Inbound,J. Petersen,2023-07-01,2023-07-01,2024-10-01,16,0,2024-11-01,Payment failure,involuntary,8145.68,0.0,14238.38,142582.49,128344.11,14238.38,1,1.1,Scale,monthly,215,2,0,1.748,0.396,4.0,34,40.2,At Risk
CUS-00124,Crestline Bridge Group,Mid-Market,Software & Technology,North America,United States,Outbound,H. Kowalski,2023-07-01,2023-07-01,2026-06-01,36,0,2026-07-01,Price / budget cuts,voluntary,6951.3,0.0,6951.3,187984.8,197752.44,0.00,0,7.7,Scale,annual,97,2,1,0.836,0.171,3.65,91,37.1,Critical
CUS-00133,Pioneer Arbor Networks,Mid-Market,Healthcare,North America,Canada,Inbound,L. Duarte,2023-08-01,2023-08-01,2023-08-01,1,0,2023-09-01,Missing functionality,voluntary,2953.5,0.0,2953.5,2953.5,2953.50,0.00,0,2.0,Scale,monthly,44,0,0,1.0,0.636,4.05,2,59.3,Watch
CUS-00143,Granite Field Retail,SMB,Manufacturing,North America,United States,Partner,I. Castellanos,2023-09-01,2023-09-01,2026-08-01,36,1,,,,265.38,144.75,265.38,7334.14,7333.88,0.00,0,1.7,Starter,monthly,6,0,2,0.545,0.788,4.18,64,78.9,Healthy
CUS-00150,Orchid Vale Networks,Mid-Market,Professional Services,APAC,India,Outbound,K. Rahman,2023-09-01,2023-09-01,2025-04-01,20,0,2025-05-01,Low adoption,voluntary,475.7,0.0,691.92,10119.41,10119.25,0.00,0,1.0,Growth,monthly,16,2,0,1.455,0.539,3.71,44,55.5,Watch
CUS-00159,Ridge River Networks,Enterprise,Retail & E-commerce,North America,United States,Outbound,I. Castellanos,2023-09-01,2023-09-01,2026-08-01,36,1,,,,3681.0,7239.3,7239.3,173681.85,161227.80,0.00,0,16.7,Scale,annual,118,5,0,1.967,0.725,4.54,46,81.9,Healthy
CUS-00164,Orchid Bridge Energy,SMB,Professional Services,North America,United States,Inbound,J. Petersen,2023-10-01,2023-10-01,2024-03-01,6,0,2024-04-01,Missing functionality,voluntary,1260.0,0.0,1260.0,7560.0,7560.00,0.00,0,2.8,Growth,monthly,28,0,0,1.0,0.488,3.96,12,52.0,At Risk
CUS-00184,Sable Field Energy,SMB,Retail & E-commerce,North America,United States,Self-Serve,,2023-10-01,2023-10-01,2024-05-01,8,0,2024-06-01,Payment failure,involuntary,519.48,0.0,562.77,4415.58,3852.81,562.77,1,3.9,Growth,monthly,13,1,0,1.083,0.627,3.93,12,63.7,Watch
CUS-00228,Ironwood Court Financial,Mid-Market,Software & Technology,EMEA,Germany,Marketplace,J. Petersen,2023-12-01,2023-12-01,2026-08-01,33,1,,,,1533.47,2486.7,2776.82,66395.0,66395.00,0.00,0,1.6,Growth,monthly,60,3,1,1.622,0.755,4.18,56,74.2,Healthy
CUS-00236,Ironwood River Group,SMB,Software & Technology,North America,United States,Self-Serve,,2024-01-01,2024-01-01,2024-12-01,12,0,2025-01-01,Company acquired or closed,voluntary,812.79,0.0,812.79,8866.8,9753.48,0.00,0,19.0,Growth,annual,18,0,1,0.818,0.322,3.87,24,40.2,At Risk
CUS-00252,Northwind Stone Health,Mid-Market,Retail & E-commerce,North America,United States,Outbound,E. Nakamura,2024-01-01,2024-01-01,2024-01-01,1,0,2024-02-01,Payment failure,involuntary,4434.45,0.0,4434.45,4434.45,0.00,53213.40,1,0.0,Scale,annual,74,0,0,1.0,0.824,4.09,1,75.5,Healthy
CUS-00296,Summit Stone Analytics,SMB,Professional Services,North America,United States,Self-Serve,,2024-03-01,2024-03-01,2024-04-01,2,0,2024-05-01,Price / budget cuts,voluntary,311.68,0.0,311.68,623.36,623.36,0.00,0,0.5,Starter,monthly,13,0,0,1.0,0.731,4.26,6,64.6,Watch
CUS-00316,Ridge Vale Media,Mid-Market,Financial Services,North America,United States,Inbound,E. Nakamura,2024-04-01,2024-04-01,2026-08-01,29,1,,,,1414.08,2386.26,2386.26,58640.13,58640.13,0.00,0,2.4,Growth,monthly,54,3,1,1.688,0.513,4.22,53,52.1,At Risk
CUS-00357,Crestline Court Labs,SMB,Healthcare,EMEA,United Kingdom,Self-Serve,,2024-05-01,2024-05-01,2024-08-01,4,0,2024-09-01,Switched to competitor,voluntary,1697.4,0.0,2333.92,8699.16,8699.16,0.00,0,2.8,Growth,monthly,55,1,0,1.375,0.539,4.09,10,59.7,Watch
CUS-00375,Maple River Retail,SMB,Professional Services,EMEA,France,Partner,L. Duarte,2024-06-01,2024-06-01,2025-02-01,9,0,2025-03-01,Switched to competitor,voluntary,257.95,0.0,257.95,2040.15,2040.15,0.00,0,1.4,Starter,monthly,8,0,1,0.727,0.785,4.68,13,73.2,Healthy
CUS-00417,Basalt Vale Industries,SMB,Professional Services,EMEA,Sweden,Inbound,I. Castellanos,2024-07-01,2024-07-01,2024-09-01,3,0,2024-10-01,Low adoption,voluntary,75.0,0.0,75.0,225.0,225.00,0.00,0,1.3,Starter,monthly,3,0,0,1.0,0.444,4.07,3,47.8,At Risk
CUS-00424,Harbor Point Industries,Enterprise,Financial Services,EMEA,Germany,Inbound,B. Lindqvist,2024-07-01,2024-07-01,2026-08-01,26,1,,,,2677.5,7331.25,7331.25,131325.0,131325.00,0.00,0,1.3,Scale,monthly,115,4,1,2.738,0.782,3.94,48,84.2,Healthy
CUS-00429,Corvus Cove Networks,Enterprise,Retail & E-commerce,North America,Canada,Partner,A. Okafor,2024-08-01,2024-08-01,2026-08-01,25,1,,,,13262.04,16815.92,16815.92,342212.64,520080.00,0.00,0,10.3,Enterprise,annual,194,1,0,1.268,0.761,4.34,45,74.1,Healthy
CUS-00438,Vertex Cove Energy,SMB,Software & Technology,North America,United States,Self-Serve,,2024-08-01,2024-08-01,2026-08-01,20,1,2024-09-01,Price / budget cuts,voluntary,1290.38,1623.38,1623.38,26640.08,26640.08,0.00,0,3.1,Growth,monthly,39,3,0,1.258,0.741,3.81,42,72.8,Healthy
CUS-00464,Juniper Gate Logistics,SMB,Manufacturing,EMEA,United Kingdom,Self-Serve,,2024-09-01,2024-09-01,2026-08-01,24,1,,,,143.7,71.85,143.7,2682.4,2682.40,0.00,0,1.6,Starter,monthly,3,0,2,0.5,0.844,4.16,35,90.0,Healthy
CUS-00481,Cobalt Harbour Retail,SMB,Retail & E-commerce,LATAM,Brazil,Marketplace,D. Ferreira,2024-09-01,2024-09-01,2025-01-01,5,0,2025-02-01,Payment failure,involuntary,48.65,0.0,48.65,243.25,194.60,48.65,1,4.0,Starter,monthly,2,0,0,1.0,0.5,4.36,6,56.2,Watch
CUS-00489,Summit Arbor Retail,SMB,Healthcare,APAC,India,Self-Serve,,2024-10-01,2024-10-01,2025-02-01,5,0,2025-03-01,Payment failure,involuntary,193.0,0.0,193.0,965.0,772.00,193.00,1,0.8,Starter,monthly,8,0,0,1.0,0.625,3.93,18,58.3,Watch
CUS-00535,Corvus Point Logistics,SMB,Retail & E-commerce,EMEA,United Kingdom,Marketplace,F. Whitfield,2024-11-01,2024-11-01,2025-09-01,11,0,2025-10-01,Missing functionality,voluntary,164.33,0.0,164.33,1478.98,1478.98,0.00,0,1.8,Starter,monthly,5,0,1,0.714,0.418,3.72,24,42.1,At Risk
CUS-00565,Sable Peak Technologies,Mid-Market,Retail & E-commerce,North America,United States,Marketplace,H. Kowalski,2024-12-01,2024-12-01,2026-08-01,21,1,,,,469.76,2263.36,2263.36,29978.9,29978.87,0.00,0,1.8,Growth,monthly,53,8,0,4.818,0.912,4.44,38,88.0,Healthy
CUS-00567,Solstice Bridge Labs,SMB,Financial Services,North America,United States,Marketplace,E. Nakamura,2024-12-01,2024-12-01,2026-02-01,15,0,2026-03-01,Switched to competitor,voluntary,802.85,0.0,802.85,9676.43,9676.43,0.00,0,1.5,Growth,monthly,12,0,1,0.632,0.313,3.6,29,32.2,Critical
CUS-00583,Crestline Forge Energy,Mid-Market,Software & Technology,EMEA,France,Partner,A. Okafor,2024-12-01,2024-12-01,2026-08-01,21,1,,,,6617.25,7136.25,7136.25,138702.75,158814.00,0.00,0,14.0,Scale,annual,110,1,1,1.078,0.28,3.81,40,33.4,Critical
CUS-00621,Meridian Stone Analytics,Mid-Market,Retail & E-commerce,North America,United States,Inbound,H. Kowalski,2025-01-01,2025-01-01,2026-08-01,20,1,,,,1562.94,1233.9,2056.5,30765.24,30765.24,0.00,0,1.7,Growth,monthly,30,2,1,0.789,0.619,4.12,40,64.5,Watch
CUS-00627,Meridian Gate Networks,SMB,Software & Technology,EMEA,United Kingdom,Inbound,C. Moreau,2025-02-01,2025-02-01,2026-08-01,19,1,,,,285.35,373.15,373.15,5772.85,6848.40,0.00,0,12.0,Starter,annual,17,1,0,1.308,0.251,3.84,47,40.2,At Risk
CUS-00651,Granite Court Networks,SMB,Manufacturing,North America,United States,Self-Serve,,2025-02-01,2025-02-01,2025-04-01,3,0,2025-05-01,Switched to competitor,voluntary,1418.4,0.0,1418.4,4255.2,4255.20,0.00,0,1.7,Growth,monthly,32,0,0,1.0,0.74,3.85,8,62.7,Watch
CUS-00666,Onyx Stone Health,Enterprise,Logistics & Transport,North America,United States,Inbound,E. Nakamura,2025-03-01,2025-03-01,2026-08-01,18,1,,,,21570.45,25461.59,25461.59,399941.52,517690.80,0.00,0,15.0,Enterprise,annual,301,1,0,1.18,0.723,3.87,40,69.6,Watch
CUS-00670,Orchid Forge Media,SMB,Retail & E-commerce,North America,United States,Inbound,A. Okafor,2025-03-01,2025-03-01,2026-08-01,18,1,,,,1305.0,1440.0,1440.0,23625.0,23625.00,0.00,0,1.1,Growth,monthly,32,1,0,1.103,0.645,3.93,42,67.4,Watch
CUS-00722,Falcon Forge Industries,Enterprise,Manufacturing,North America,United States,Partner,I. Castellanos,2025-04-01,2025-04-01,2026-08-01,17,1,,,,7370.78,10067.4,10067.4,152269.46,209258.04,0.00,0,3.5,Scale,annual,168,1,0,1.366,0.694,4.42,28,68.1,Watch
CUS-00726,Ridge Stone Analytics,SMB,Manufacturing,LATAM,Brazil,Self-Serve,,2025-04-01,2025-04-01,2026-07-01,16,0,2026-08-01,Payment failure,involuntary,72.15,0.0,72.15,1154.4,1082.25,72.15,1,1.7,Starter,monthly,3,0,0,1.0,0.688,4.51,22,70.1,Healthy
CUS-00728,Granite Harbour Systems,SMB,Logistics & Transport,North America,United States,Self-Serve,,2025-04-01,2025-04-01,2026-05-01,14,0,2026-06-01,Switched to competitor,voluntary,167.13,0.0,167.13,1456.42,1456.34,0.00,0,2.0,Starter,monthly,4,1,3,0.571,0.391,4.2,21,47.8,At Risk
CUS-00790,Bluefin Cove Energy,SMB,Manufacturing,APAC,Singapore,Inbound,J. Petersen,2025-06-01,2025-06-01,2025-06-01,1,0,2025-07-01,Low adoption,voluntary,1071.36,0.0,1071.36,1071.36,1071.36,0.00,0,2.0,Growth,monthly,24,0,0,1.0,0.625,3.49,3,52.1,At Risk
CUS-00822,Sable Arbor Analytics,SMB,Logistics & Transport,North America,Canada,Self-Serve,,2025-07-01,2025-07-01,2025-08-01,2,0,2025-09-01,Missing functionality,voluntary,1485.0,0.0,1485.0,2970.0,2970.00,0.00,0,1.5,Growth,monthly,33,0,0,1.0,0.758,4.46,3,75.9,Healthy
CUS-00831,Maple Peak Partners,Mid-Market,Professional Services,EMEA,Germany,Outbound,C. Moreau,2025-07-01,2025-07-01,2026-08-01,14,1,,,,1427.85,2029.05,2029.05,22808.03,41482.80,0.00,0,0.5,Growth,annual,54,2,0,1.421,0.695,4.09,22,71.0,Healthy
CUS-00849,Aster Harbour Partners,SMB,Software & Technology,EMEA,Germany,Inbound,L. Duarte,2025-08-01,2025-08-01,2026-06-01,11,0,2026-07-01,Switched to competitor,voluntary,69.98,0.0,69.98,769.78,769.78,0.00,0,1.7,Starter,monthly,3,0,0,1.0,0.788,4.16,8,81.9,Healthy
CUS-00858,Harbor Bridge Partners,SMB,Manufacturing,APAC,India,Inbound,E. Nakamura,2025-08-01,2025-08-01,2025-11-01,4,0,2025-12-01,Switched to competitor,voluntary,122.13,0.0,122.13,488.52,488.48,0.00,0,1.3,Starter,monthly,5,0,0,1.0,0.8,4.34,7,70.6,Healthy
CUS-00867,Orchid Cove Industries,Mid-Market,Media & Entertainment,EMEA,France,Partner,D. Ferreira,2025-08-01,2025-08-01,2026-03-01,8,0,2026-04-01,Company acquired or closed,voluntary,650.88,0.0,650.88,5207.04,5207.04,0.00,0,1.9,Growth,monthly,16,0,0,1.0,0.961,4.88,7,83.0,Healthy
CUS-00893,Harbor River Health,Mid-Market,Retail & E-commerce,EMEA,United Kingdom,Inbound,I. Castellanos,2025-09-01,2025-09-01,2026-08-01,12,1,,,,3236.63,1251.49,3236.63,34869.28,34869.18,0.00,0,1.7,Growth,monthly,29,0,1,0.387,0.652,4.17,18,65.5,Watch
CUS-00904,Northwind Watch Analytics,SMB,Healthcare,North America,United States,Self-Serve,,2025-09-01,2025-09-01,2026-03-01,7,0,2026-04-01,Switched to competitor,voluntary,98.2,0.0,98.2,687.4,687.40,0.00,0,1.3,Starter,monthly,4,0,0,1.0,0.607,3.77,11,66.6,Watch
CUS-00918,Zephyr Arbor Retail,SMB,Professional Services,North America,Canada,Marketplace,J. Petersen,2025-09-01,2025-09-01,2026-08-01,12,1,,,,1532.48,1094.63,1532.48,15762.66,15762.54,0.00,0,1.4,Growth,monthly,25,0,1,0.714,0.641,4.44,9,71.4,Healthy
CUS-00946,Cobalt Arbor Partners,SMB,Software & Technology,EMEA,Sweden,Inbound,L. Duarte,2025-10-01,2025-10-01,2026-08-01,11,1,,,,72.68,48.45,72.68,775.25,775.15,0.00,0,1.4,Starter,monthly,2,0,1,0.667,0.652,4.02,26,50.3,At Risk
CUS-00962,Aster Cove Technologies,Enterprise,Manufacturing,APAC,India,Outbound,B. Lindqvist,2025-10-01,2025-10-01,2026-08-01,11,1,,,,17697.46,19673.39,23968.89,231613.36,212369.52,0.00,0,2.0,Enterprise,annual,229,1,1,1.112,0.624,4.01,24,62.0,Watch
CUS-00983,Zephyr Cove Group,SMB,Manufacturing,LATAM,Mexico,Marketplace,E. Nakamura,2025-11-01,2025-11-01,2026-08-01,10,1,,,,75.0,75.0,75.0,750.0,750.00,0.00,0,1.9,Starter,monthly,3,0,0,1.0,0.867,4.63,12,86.3,Healthy
CUS-00986,Onyx Peak Industries,Mid-Market,Software & Technology,North America,United States,Inbound,E. Nakamura,2025-11-01,2025-11-01,2026-08-01,10,1,,,,1566.0,1566.0,1566.0,15660.0,18792.00,0.00,0,2.0,Growth,annual,40,0,0,1.0,0.533,3.79,22,53.3,At Risk
CUS-00990,Ridge Stone Group,SMB,Retail & E-commerce,EMEA,Germany,Partner,K. Rahman,2025-11-01,2025-11-01,2026-08-01,10,1,,,,158.2,158.2,158.2,1582.0,1898.40,0.00,0,12.0,Starter,annual,7,0,0,1.0,0.543,4.65,8,54.5,At Risk
CUS-00997,Juniper Bridge Partners,Mid-Market,Software & Technology,EMEA,Germany,Partner,J. Petersen,2025-11-01,2025-11-01,2026-08-01,10,1,,,,5260.5,3694.88,5260.5,47908.14,63126.00,0.00,0,10.0,Scale,annual,59,0,1,0.702,0.731,4.35,18,77.0,Healthy
CUS-01005,Harbor Harbour Group,Mid-Market,Software & Technology,North America,United States,Outbound,C. Moreau,2025-11-01,2025-11-01,2026-08-01,10,1,,,,1050.66,1212.3,1212.3,11799.72,11799.72,0.00,0,1.9,Growth,monthly,30,1,0,1.154,0.495,3.58,21,46.0,At Risk
CUS-01034,Zephyr Watch Media,SMB,Logistics & Transport,North America,United States,Inbound,F. Whitfield,2025-12-01,2025-12-01,2026-08-01,9,1,,,,250.0,325.0,325.0,2700.0,2700.00,0.00,0,1.3,Starter,monthly,13,1,0,1.3,0.766,4.18,15,80.4,Healthy
CUS-01058,Beacon River Financial,SMB,Retail & E-commerce,North America,United States,Self-Serve,,2025-12-01,2025-12-01,2026-08-01,9,1,,,,93.8,117.25,117.25,938.0,938.00,0.00,0,2.4,Starter,monthly,5,1,0,1.25,0.794,4.06,26,68.3,Watch
CUS-01067,Halcyon Forge Analytics,Mid-Market,Professional Services,North America,United States,Partner,J. Petersen,2025-12-01,2025-12-01,2026-08-01,9,1,,,,1605.6,2247.84,2247.84,16417.26,16417.26,0.00,0,1.3,Growth,monthly,56,2,0,1.4,0.694,4.17,25,65.8,Watch
CUS-01069,Crestline River Solutions,Mid-Market,Software & Technology,EMEA,France,Outbound,B. Lindqvist,2025-12-01,2025-12-01,2026-08-01,9,1,,,,6174.0,4704.0,6174.0,54096.0,54096.00,0.00,0,1.3,Scale,monthly,64,0,1,0.762,0.565,3.87,20,52.6,At Risk
CUS-01081,Vertex Vale Labs,SMB,Retail & E-commerce,APAC,India,Inbound,I. Castellanos,2026-01-01,2026-01-01,2026-07-01,7,0,2026-08-01,Price / budget cuts,voluntary,121.0,0.0,121.0,847.0,847.00,0.00,0,1.4,Starter,monthly,5,0,0,1.0,0.543,4.09,11,52.1,At Risk
CUS-01086,Falcon Forge Solutions,SMB,Software & Technology,North America,United States,Self-Serve,,2026-01-01,2026-01-01,2026-08-01,8,1,,,,123.0,123.0,123.0,984.0,984.00,0.00,0,1.3,Starter,monthly,5,0,0,1.0,0.775,4.44,7,76.0,Healthy
CUS-01087,Lumen Stone Systems,Mid-Market,Software & Technology,APAC,India,Outbound,J. Petersen,2026-01-01,2026-01-01,2026-01-01,1,0,2026-02-01,Poor support experience,voluntary,3880.8,0.0,3880.8,3880.8,3880.80,0.00,0,2.0,Scale,monthly,56,0,0,1.0,0.643,4.07,1,63.4,Watch
CUS-01117,Falcon Field Technologies,Mid-Market,Software & Technology,North America,United States,Outbound,E. Nakamura,2026-01-01,2026-01-01,2026-08-01,8,1,,,,830.66,395.55,830.66,4232.39,9967.80,0.00,0,5.0,Growth,annual,10,0,2,0.476,0.588,4.15,12,62.5,Watch
CUS-01122,Ridge Cross Group,Mid-Market,Software & Technology,EMEA,United Kingdom,Inbound,I. Castellanos,2026-01-01,2026-01-01,2026-08-01,8,1,,,,6018.0,6018.0,6018.0,48144.0,48144.00,0.00,0,1.5,Scale,monthly,85,0,0,1.0,0.607,3.79,24,54.8,At Risk
CUS-01128,Maple Field Networks,SMB,Software & Technology,North America,United States,Inbound,E. Nakamura,2026-01-01,2026-01-01,2026-08-01,8,1,,,,1950.3,1418.4,2482.2,16134.3,16134.30,0.00,0,2.4,Growth,monthly,32,1,1,0.727,0.642,4.27,8,52.8,At Risk
CUS-01139,Northwind Gate Industries,SMB,Retail & E-commerce,LATAM,Mexico,Marketplace,B. Lindqvist,2026-02-01,2026-02-01,2026-08-01,7,1,,,,93.3,139.95,139.95,746.4,746.40,0.00,0,1.4,Starter,monthly,6,1,0,1.5,0.726,4.34,17,63.9,Watch
CUS-01148,Maple Gate Energy,Mid-Market,Retail & E-commerce,North America,United States,Marketplace,A. Okafor,2026-02-01,2026-02-01,2026-08-01,7,1,,,,3373.65,3373.65,3373.65,23615.55,40483.80,0.00,0,1.0,Scale,annual,51,0,0,1.0,0.801,4.5,14,68.0,Watch
CUS-01161,Bluefin Harbour Media,Mid-Market,Manufacturing,EMEA,Sweden,Inbound,G. Almeida,2026-02-01,2026-02-01,2026-08-01,7,1,,,,5695.2,4805.33,7534.28,42714.03,68342.40,0.00,0,17.0,Scale,annual,81,1,1,0.844,0.56,3.73,9,60.8,Watch
CUS-01188,Cobalt Stone Group,Mid-Market,Retail & E-commerce,EMEA,Germany,Inbound,B. Lindqvist,2026-02-01,2026-02-01,2026-08-01,7,1,,,,471.73,471.73,471.73,3302.11,3302.11,0.00,0,1.1,Growth,monthly,11,0,0,1.0,0.546,3.78,17,56.3,Watch
CUS-01190,Sable Stone Retail,SMB,Software & Technology,APAC,Singapore,Inbound,C. Moreau,2026-02-01,2026-02-01,2026-06-01,5,0,2026-07-01,Poor support experience,voluntary,47.35,0.0,71.02,307.76,307.76,0.00,0,2.2,Starter,monthly,3,1,0,1.5,0.6,3.93,11,60.0,Watch
CUS-01240,Ridge Forge Analytics,Enterprise,Software & Technology,LATAM,Mexico,Outbound,H. Kowalski,2026-03-01,2026-03-01,2026-08-01,6,1,,,,9116.4,9116.4,9116.4,54698.4,54698.40,0.00,0,1.7,Scale,monthly,142,0,0,1.0,0.662,4.19,7,68.3,Watch
CUS-01267,Falcon Vale Health,SMB,Logistics & Transport,North America,United States,Marketplace,F. Whitfield,2026-04-01,2026-04-01,2026-08-01,5,1,,,,1380.96,1380.96,1380.96,6904.8,6904.80,0.00,0,0.4,Growth,monthly,32,0,0,1.0,0.644,4.04,9,62.1,Watch
CUS-01315,Summit Stone Networks,Mid-Market,Education,North America,United States,Partner,D. Ferreira,2026-05-01,2026-05-01,2026-08-01,4,1,,,,912.6,722.48,912.6,3460.28,10951.20,0.00,0,17.0,Growth,annual,19,0,1,0.792,0.715,3.48,10,58.8,Watch
CUS-01353,Ridge River Systems,SMB,Financial Services,North America,United States,Self-Serve,,2026-05-01,2026-05-01,2026-08-01,4,1,,,,63.0,63.0,63.0,252.0,756.00,0.00,0,6.0,Starter,annual,3,0,0,1.0,0.667,4.28,4,64.6,Watch
CUS-01374,Beacon Point Group,Mid-Market,Media & Entertainment,EMEA,Germany,Inbound,H. Kowalski,2026-06-01,2026-06-01,2026-08-01,3,1,,,,8622.9,10974.6,10974.6,28220.4,103474.80,0.00,0,16.0,Scale,annual,168,1,0,1.273,0.781,4.84,4,75.8,Healthy
CUS-01411,Vertex Harbour Technologies,Mid-Market,Manufacturing,EMEA,France,Inbound,E. Nakamura,2026-06-01,2026-06-01,2026-08-01,3,1,,,,3373.65,3373.65,3373.65,10120.95,40483.80,0.00,0,14.0,Scale,annual,54,0,0,1.0,0.617,4.06,6,58.7,Watch
CUS-01413,Northwind Harbour Group,SMB,Financial Services,North America,United States,Partner,L. Duarte,2026-06-01,2026-06-01,2026-07-01,2,0,2026-08-01,Low adoption,voluntary,93.9,0.0,93.9,187.8,187.80,0.00,0,0.5,Starter,monthly,4,0,0,1.0,0.75,4.02,5,67.0,Watch
CUS-01419,Beacon Bridge Systems,SMB,Financial Services,North America,United States,Partner,D. Ferreira,2026-07-01,2026-07-01,2026-08-01,2,1,,,,514.08,514.08,514.08,1028.16,1028.16,0.00,0,1.0,Growth,monthly,12,0,0,1.0,0.625,4.02,4,59.9,Watch
CUS-01422,Crestline Point Health,SMB,Professional Services,North America,United States,Self-Serve,,2026-07-01,2026-07-01,2026-08-01,2,1,,,,110.5,110.5,110.5,221.0,1326.00,0.00,0,16.0,Starter,annual,5,0,0,1.0,0.8,4.48,1,72.0,Healthy
CUS-01451,Onyx Harbour Media,SMB,Financial Services,North America,United States,Self-Serve,,2026-07-01,2026-07-01,2026-08-01,2,1,,,,74.25,74.25,74.25,148.5,148.50,0.00,0,2.0,Starter,monthly,3,0,0,1.0,0.667,4.06,1,66.2,Watch
CUS-01458,Solstice Gate Logistics,SMB,Retail & E-commerce,North America,United States,Self-Serve,,2026-07-01,2026-07-01,2026-08-01,2,1,,,,969.8,969.8,969.8,1939.6,1939.60,0.00,0,2.0,Growth,monthly,23,0,0,1.0,0.609,3.96,3,63.1,Watch
CUS-01469,Onyx Watch Logistics,Enterprise,Financial Services,North America,United States,Outbound,K. Rahman,2026-08-01,2026-08-01,2026-08-01,1,1,,,,4418.33,4418.33,4418.33,4418.33,53019.84,0.00,0,11.0,Scale,annual,73,0,0,1.0,0.671,3.97,3,59.9,Watch
CUS-01490,Orchid Peak Financial,Enterprise,Professional Services,North America,United States,Outbound,K. Rahman,2026-08-01,2026-08-01,2026-08-01,1,1,,,,2814.75,2814.75,2814.75,2814.75,2814.75,0.00,0,1.0,Scale,monthly,45,0,0,1.0,0.622,4.48,2,59.3,Watch
CUS-01518,Vertex Vale Technologies,Enterprise,Software & Technology,EMEA,United Kingdom,Outbound,A. Okafor,2026-08-01,2026-08-01,2026-08-01,1,1,,,,6333.6,6333.6,6333.6,6333.6,76003.20,0.00,0,12.0,Scale,annual,104,0,0,1.0,0.664,4.98,0,71.6,Healthy
CUS-00013,Falcon Cove Energy,Enterprise,Software & Technology,North America,United States,Partner,L. Duarte,2023-01-01,2023-01-01,2026-08-01,44,1,,,,41689.34,80659.81,182411.46,3742812.92,3677889.60,0.00,0,14.8,Enterprise,annual,979,8,2,1.935,0.747,4.31,68,77.3,Healthy
CUS-00024,Orchid Cove Retail,SMB,Software & Technology,APAC,Japan,Inbound,I. Castellanos,2023-02-01,2023-02-01,2026-08-01,43,1,,,,142.8,142.8,166.6,6473.6,6473.60,0.00,0,1.6,Starter,monthly,6,2,2,1.0,0.655,4.3,68,87.0,Healthy
CUS-00031,Harbor Vale Technologies,SMB,Retail & E-commerce,APAC,India,Self-Serve,,2023-02-01,2023-02-01,2023-08-01,7,0,2023-09-01,Payment failure,involuntary,1215.9,0.0,1215.9,8511.3,7295.40,1215.90,1,1.8,Growth,monthly,28,0,0,1.0,0.546,3.91,10,59.8,Watch
CUS-00042,Northwind Vale Financial,SMB,Education,North America,United States,Inbound,H. Kowalski,2023-03-01,2023-03-01,2024-01-01,11,0,2024-02-01,Payment failure,involuntary,707.04,0.0,927.99,7998.39,7070.40,927.99,1,1.5,Growth,monthly,21,1,0,1.313,0.775,4.09,14,68.8,Watch
CUS-00044,Pioneer Field Technologies,Mid-Market,Education,North America,United States,Partner,A. Okafor,2023-03-01,2023-03-01,2024-02-01,12,0,2024-03-01,Price / budget cuts,voluntary,955.35,0.0,955.35,11464.2,11464.20,0.00,0,1.9,Growth,monthly,22,0,0,1.0,0.644,4.02,23,58.6,Watch
CUS-00050,Halcyon Watch Retail,Mid-Market,Healthcare,APAC,Japan,Inbound,K. Rahman,2023-03-01,2023-03-01,2024-06-01,16,0,2024-07-01,Low adoption,voluntary,10692.0,0.0,12429.45,184971.6,184971.60,0.00,0,1.8,Scale,monthly,186,1,0,1.163,0.313,3.62,31,33.6,Critical
CUS-00062,Ironwood Forge Financial,Enterprise,Software & Technology,APAC,India,Outbound,F. Whitfield,2023-04-01,2023-04-01,2026-08-01,41,1,,,,7586.7,16929.0,16929.0,463666.5,504108.00,0.00,0,2.0,Scale,annual,270,5,1,2.231,0.506,3.56,98,49.4,At Risk
CUS-00067,Pioneer Court Analytics,Mid-Market,Manufacturing,North America,United States,Inbound,C. Moreau,2023-04-01,2023-04-01,2026-08-01,41,1,,,,714.6,1607.85,1607.85,49628.97,52737.48,0.00,0,6.3,Growth,annual,45,4,0,2.25,0.584,3.99,75,64.2,Watch
CUS-00073,Summit Gate Analytics,Enterprise,Education,APAC,Australia,Outbound,L. Duarte,2023-05-01,2023-05-01,2025-04-01,24,0,2025-05-01,Low adoption,voluntary,5458.2,0.0,6264.53,124980.39,125042.40,0.00,0,10.0,Scale,annual,101,1,1,1.148,0.424,4.24,29,34.1,Critical
CUS-00094,Bluefin Watch Logistics,SMB,Software & Technology,EMEA,United Kingdom,Marketplace,H. Kowalski,2023-06-01,2023-06-01,2026-07-01,38,0,2026-08-01,Price / budget cuts,voluntary,46.05,0.0,46.05,1749.9,1749.90,0.00,0,1.6,Starter,monthly,2,0,0,1.0,0.921,4.51,62,93.3,Healthy
CUS-00114,Quartz Bridge Technologies,Enterprise,Retail & E-commerce,EMEA,France,Outbound,A. Okafor,2023-07-01,2023-07-01,2026-08-01,38,1,,,,2949.75,8015.63,9875.25,268299.09,268298.91,0.00,0,1.6,Scale,monthly,125,4,1,2.717,0.374,3.74,62,44.3,At Risk
CUS-00115,Solstice Gate Networks,SMB,Software & Technology,EMEA,United Kingdom,Self-Serve,,2023-07-01,2023-07-01,2024-09-01,15,0,2024-10-01,Price / budget cuts,voluntary,94.9,0.0,118.63,1210.01,1209.94,0.00,0,1.2,Starter,monthly,2,1,2,0.5,0.758,4.3,25,86.1,Healthy
CUS-00142,Cobalt Watch Health,SMB,Software & Technology,EMEA,United Kingdom,Marketplace,B. Lindqvist,2023-09-01,2023-09-01,2023-10-01,2,0,2023-11-01,Switched to competitor,voluntary,100.0,0.0,100.0,200.0,200.00,0.00,0,1.5,Starter,monthly,4,0,0,1.0,0.5,3.74,7,48.5,At Risk
CUS-00154,Juniper Cross Analytics,SMB,Logistics & Transport,North America,Canada,Inbound,E. Nakamura,2023-09-01,2023-09-01,2023-10-01,2,0,2023-11-01,Low adoption,voluntary,1381.05,0.0,1381.05,2762.1,2762.10,0.00,0,1.0,Growth,monthly,33,0,0,1.0,0.606,4.14,2,56.5,Watch
CUS-00180,Lumen Watch Partners,Mid-Market,Software & Technology,North America,Canada,Outbound,K. Rahman,2023-10-01,2023-10-01,2026-08-01,35,1,,,,1474.02,1396.44,1474.02,44763.66,48409.92,0.00,0,14.7,Growth,annual,36,2,1,0.947,0.809,4.19,70,83.2,Healthy
CUS-00192,Zephyr Peak Partners,SMB,Retail & E-commerce,North America,United States,Self-Serve,,2023-11-01,2023-11-01,2024-08-01,10,0,2024-09-01,Price / budget cuts,voluntary,100.0,0.0,125.0,1225.0,1225.00,0.00,0,1.2,Starter,monthly,5,1,0,1.25,0.57,3.78,18,52.6,At Risk
CUS-00205,Tidal Harbour Health,SMB,Financial Services,North America,United States,Self-Serve,,2023-11-01,2023-11-01,2026-08-01,34,1,,,,309.4,428.4,428.4,9377.2,9377.20,0.00,0,1.3,Starter,monthly,18,4,2,1.385,0.662,4.2,61,66.0,Watch
CUS-00209,Juniper Cove Retail,SMB,Professional Services,North America,Canada,Self-Serve,,2023-12-01,2023-12-01,2024-01-01,2,0,2024-02-01,Poor support experience,voluntary,150.0,0.0,150.0,300.0,300.00,0.00,0,1.0,Starter,monthly,6,0,0,1.0,0.5,3.22,3,48.5,At Risk
CUS-00211,Crestline Gate Partners,SMB,Manufacturing,EMEA,Germany,Self-Serve,,2023-12-01,2023-12-01,2026-08-01,33,1,,,,116.75,116.75,116.75,3852.75,3852.75,0.00,0,1.7,Starter,monthly,5,0,0,1.0,0.848,4.51,55,91.1,Healthy
CUS-00297,Falcon Arbor Media,SMB,Logistics & Transport,APAC,Japan,Self-Serve,,2024-03-01,2024-03-01,2026-04-01,26,0,2026-05-01,Payment failure,involuntary,169.93,0.0,242.75,5826.06,5583.19,242.75,1,2.0,Starter,monthly,10,2,0,1.429,0.723,3.91,64,66.9,Watch
CUS-00309,Orchid Cross Technologies,SMB,Financial Services,APAC,Singapore,Self-Serve,,2024-03-01,2024-03-01,2025-02-01,12,0,2025-03-01,Switched to competitor,voluntary,1410.75,0.0,1410.75,16929.0,16929.00,0.00,0,1.3,Growth,monthly,33,0,0,1.0,0.722,4.09,18,60.9,Watch
CUS-00373,Cobalt River Labs,SMB,Retail & E-commerce,EMEA,France,Inbound,L. Duarte,2024-06-01,2024-06-01,2024-11-01,6,0,2024-12-01,Low adoption,voluntary,720.0,0.0,720.0,4320.0,4320.00,0.00,0,0.8,Growth,monthly,16,0,0,1.0,0.635,4.02,11,64.9,Watch
CUS-00389,Basalt Point Retail,Enterprise,Retail & E-commerce,EMEA,Germany,Outbound,D. Ferreira,2024-06-01,2024-06-01,2026-08-01,27,1,,,,4115.25,3348.0,5510.25,112158.0,112158.00,0.00,0,2.4,Scale,monthly,48,2,2,0.814,0.655,3.89,57,76.8,Healthy
CUS-00408,Falcon Vale Group,SMB,Software & Technology,North America,United States,Inbound,J. Petersen,2024-07-01,2024-07-01,2026-08-01,26,1,,,,524.16,973.44,973.44,20142.72,28753.92,0.00,0,5.0,Growth,annual,26,3,0,1.857,0.763,4.42,32,80.4,Healthy
CUS-00410,Northwind Watch Networks,Mid-Market,Software & Technology,EMEA,United Kingdom,Outbound,C. Moreau,2024-07-01,2024-07-01,2024-11-01,5,0,2024-12-01,Payment failure,involuntary,4203.6,0.0,4203.6,21018.0,16814.40,4203.60,1,0.3,Scale,monthly,62,0,0,1.0,0.648,3.99,4,59.5,Watch
CUS-00516,Juniper River Labs,SMB,Retail & E-commerce,EMEA,Germany,Inbound,C. Moreau,2024-11-01,2024-11-01,2025-06-01,8,0,2025-07-01,Price / budget cuts,voluntary,530.28,0.0,530.28,4242.24,4242.24,0.00,0,2.0,Growth,monthly,12,0,0,1.0,0.438,3.88,18,46.4,At Risk
CUS-00538,Vertex Forge Partners,Enterprise,Professional Services,North America,United States,Inbound,H. Kowalski,2024-11-01,2024-11-01,2026-08-01,22,1,,,,6651.9,7818.9,7818.9,154510.8,159645.60,0.00,0,11.0,Scale,annual,134,1,0,1.175,0.728,4.22,47,70.0,Healthy
CUS-00557,Lyra Forge Logistics,SMB,Financial Services,North America,Canada,Inbound,A. Okafor,2024-12-01,2024-12-01,2025-11-01,12,0,2025-12-01,Price / budget cuts,voluntary,132.0,0.0,132.0,1584.0,1584.00,0.00,0,10.0,Starter,annual,6,0,0,1.0,0.528,4.09,21,43.5,At Risk
CUS-00569,Cobalt Point Health,Mid-Market,Education,North America,Canada,Marketplace,A. Okafor,2024-12-01,2024-12-01,2025-04-01,5,0,2025-05-01,Price / budget cuts,voluntary,1347.57,0.0,1347.57,6737.85,6737.85,0.00,0,1.2,Growth,monthly,31,0,0,1.0,0.735,4.61,4,70.1,Healthy
CUS-00587,Bluefin Vale Health,SMB,Retail & E-commerce,North America,United States,Self-Serve,,2025-01-01,2025-01-01,2026-08-01,20,1,,,,50.0,100.0,100.0,1350.0,1350.00,0.00,0,1.2,Starter,monthly,4,2,0,2.0,0.6,4.13,37,62.4,Watch
CUS-00611,Lumen Arbor Partners,Mid-Market,Professional Services,APAC,Australia,Outbound,E. Nakamura,2025-01-01,2025-01-01,2025-08-01,8,0,2025-09-01,Payment failure,involuntary,4522.5,0.0,5332.5,39420.0,34087.50,5332.50,1,0.9,Scale,monthly,79,1,0,1.179,0.71,4.16,13,75.7,Healthy
CUS-00617,Crestline Stone Industries,SMB,Software & Technology,North America,United States,Self-Serve,,2025-01-01,2025-01-01,2025-03-01,3,0,2025-04-01,Poor support experience,voluntary,339.5,0.0,339.5,1018.5,1018.50,0.00,0,1.3,Starter,monthly,14,0,0,1.0,0.595,3.69,9,45.8,At Risk
CUS-00626,Quartz Arbor Group,Enterprise,Manufacturing,North America,United States,Inbound,I. Castellanos,2025-02-01,2025-02-01,2026-08-01,19,1,,,,10555.2,16602.45,16602.45,280372.5,325891.80,0.00,0,11.5,Scale,annual,302,2,0,1.573,0.671,4.28,32,66.1,Watch
CUS-00687,Juniper Cross Energy,SMB,Financial Services,North America,United States,Self-Serve,,2025-03-01,2025-03-01,2026-08-01,18,1,,,,119.63,119.63,119.63,2153.34,2153.16,0.00,0,1.4,Starter,monthly,5,0,0,1.0,0.322,3.82,33,39.8,Critical
CUS-00690,Maple Cross Logistics,Mid-Market,Professional Services,APAC,Australia,Inbound,C. Moreau,2025-03-01,2025-03-01,2026-08-01,18,1,,,,10355.47,14215.8,14215.8,236153.84,294855.24,0.00,0,6.0,Scale,annual,232,2,0,1.373,0.212,3.47,44,27.4,Critical
CUS-00708,Zephyr Gate Retail,SMB,Financial Services,EMEA,United Kingdom,Self-Serve,,2025-04-01,2025-04-01,2026-08-01,17,1,,,,503.28,503.28,503.28,8555.76,8555.76,0.00,0,1.7,Growth,monthly,12,0,0,1.0,0.637,4.24,33,59.4,Watch
CUS-00709,Beacon Cove Retail,SMB,Logistics & Transport,EMEA,United Kingdom,Marketplace,D. Ferreira,2025-04-01,2025-04-01,2025-05-01,2,0,2025-06-01,Poor support experience,voluntary,125.0,0.0,125.0,250.0,250.00,0.00,0,1.0,Starter,monthly,5,0,0,1.0,0.7,4.55,0,74.0,Healthy
CUS-00718,Tidal Gate Financial,SMB,Retail & E-commerce,North America,United States,Inbound,E. Nakamura,2025-04-01,2025-04-01,2025-04-01,1,0,2025-05-01,Payment failure,involuntary,2138.4,0.0,2138.4,2138.4,0.00,2138.40,1,0.0,Growth,monthly,48,0,0,1.0,0.729,4.36,2,64.8,Watch
CUS-00737,Onyx Harbour Technologies,Enterprise,Logistics & Transport,EMEA,France,Outbound,K. Rahman,2025-05-01,2025-05-01,2026-08-01,16,1,,,,13890.8,13890.8,13890.8,222252.8,333379.20,0.00,0,8.0,Enterprise,annual,164,0,0,1.0,0.872,4.43,26,88.4,Healthy
CUS-00742,Granite Field Group,SMB,Retail & E-commerce,LATAM,Brazil,Partner,H. Kowalski,2025-05-01,2025-05-01,2026-01-01,9,0,2026-02-01,Switched to competitor,voluntary,662.18,0.0,882.9,6621.78,6621.72,0.00,0,2.0,Growth,monthly,20,1,0,1.333,0.341,3.92,20,40.4,At Risk
CUS-00749,Onyx Peak Partners,SMB,Professional Services,EMEA,France,Marketplace,D. Ferreira,2025-05-01,2025-05-01,2026-08-01,16,1,,,,318.83,196.2,318.83,3261.83,3261.82,0.00,0,1.3,Starter,monthly,8,0,1,0.615,0.718,4.23,26,90.3,Healthy
CUS-00751,Lyra Cross Group,SMB,Financial Services,EMEA,Sweden,Self-Serve,,2025-05-01,2025-05-01,2025-05-01,1,0,2025-06-01,Payment failure,involuntary,219.83,0.0,219.83,219.83,0.00,219.82,1,0.0,Starter,monthly,9,0,0,1.0,0.667,4.05,3,61.5,Watch
CUS-00756,Corvus Arbor Analytics,Enterprise,Professional Services,EMEA,Netherlands,Partner,C. Moreau,2025-05-01,2025-05-01,2026-08-01,16,1,,,,20725.65,29120.85,29120.85,371137.8,575071.20,0.00,0,6.5,Enterprise,annual,333,3,0,1.405,0.77,4.33,19,73.5,Healthy
CUS-00757,Granite Point Group,SMB,Education,APAC,Japan,Inbound,A. Okafor,2025-05-01,2025-05-01,2026-04-01,12,0,2026-05-01,Low adoption,voluntary,1632.15,0.0,1632.15,19585.8,19585.80,0.00,0,11.0,Growth,annual,39,0,0,1.0,0.509,3.63,34,51.9,At Risk
CUS-00767,Nimbus Forge Analytics,SMB,Professional Services,North America,United States,Inbound,G. Almeida,2025-05-01,2025-05-01,2025-09-01,5,0,2025-10-01,Low adoption,voluntary,75.0,0.0,100.0,450.0,450.00,0.00,0,2.0,Starter,monthly,4,1,0,1.333,0.717,4.13,11,62.9,Watch
CUS-00781,Halcyon Field Networks,Mid-Market,Professional Services,North America,United States,Inbound,H. Kowalski,2025-06-01,2025-06-01,2026-02-01,9,0,2026-03-01,Missing functionality,voluntary,1677.6,0.0,1677.6,10401.12,10401.12,0.00,0,2.0,Growth,monthly,26,0,1,0.65,0.587,3.93,19,55.6,Watch
CUS-00800,Nimbus Gate Health,Mid-Market,Healthcare,EMEA,Germany,Outbound,D. Ferreira,2025-06-01,2025-06-01,2026-08-01,15,1,,,,1182.06,823.86,1396.98,17802.54,30948.48,0.00,0,20.5,Growth,annual,23,1,1,0.697,0.665,3.98,34,68.6,Watch
CUS-00804,Falcon Gate Group,SMB,Financial Services,APAC,Singapore,Inbound,G. Almeida,2025-06-01,2025-06-01,2026-06-01,13,0,2026-07-01,Payment failure,involuntary,49.7,0.0,49.7,646.1,596.40,49.70,1,1.3,Starter,monthly,2,0,0,1.0,0.5,3.98,18,56.6,Watch
CUS-00821,Ridge Cross Retail,Mid-Market,Healthcare,North America,Canada,Inbound,G. Almeida,2025-07-01,2025-07-01,2026-08-01,14,1,,,,3455.4,5648.25,5648.25,67978.35,67978.35,0.00,0,1.6,Scale,monthly,85,4,0,1.635,0.91,3.97,39,82.2,Healthy
CUS-00828,Bluefin Watch Financial,Mid-Market,Professional Services,North America,United States,Inbound,B. Lindqvist,2025-07-01,2025-07-01,2026-08-01,14,1,,,,5534.25,7123.88,7123.88,80658.76,151897.56,0.00,0,19.0,Scale,annual,121,1,0,1.287,0.619,3.68,39,53.7,At Risk
CUS-00830,Quartz Court Partners,SMB,Software & Technology,EMEA,Netherlands,Inbound,I. Castellanos,2025-07-01,2025-07-01,2026-07-01,13,0,2026-08-01,Low adoption,voluntary,221.85,0.0,394.4,3672.85,3672.85,0.00,0,3.4,Starter,monthly,16,2,0,1.778,0.482,4.12,24,48.0,At Risk
CUS-00848,Lyra Harbour Networks,Mid-Market,Education,North America,United States,Marketplace,E. Nakamura,2025-08-01,2025-08-01,2026-08-01,13,1,,,,5082.0,5082.0,5082.0,66066.0,121968.00,0.00,0,5.5,Scale,annual,77,0,0,1.0,0.649,4.27,23,71.3,Healthy
CUS-00859,Cobalt Point Partners,SMB,Retail & E-commerce,North America,United States,Self-Serve,,2025-08-01,2025-08-01,2026-08-01,13,1,,,,175.0,225.0,225.0,2375.0,2375.00,0.00,0,1.5,Starter,monthly,9,1,0,1.286,0.79,4.16,28,72.0,Healthy
CUS-00898,Orchid Peak Group,SMB,Retail & E-commerce,APAC,Japan,Inbound,B. Lindqvist,2025-09-01,2025-09-01,2026-08-01,12,1,,,,1386.72,2003.04,2003.04,19105.92,16640.64,0.00,0,15.0,Growth,annual,52,1,0,1.444,0.765,4.12,22,66.8,Watch
CUS-00907,Aster Gate Industries,Enterprise,Retail & E-commerce,North America,United States,Outbound,J. Petersen,2025-09-01,2025-09-01,2026-08-01,12,1,,,,27060.0,38115.0,38115.0,335775.0,324720.00,0.00,0,5.0,Enterprise,annual,462,1,0,1.409,0.511,3.73,22,54.4,At Risk
CUS-00913,Harbor Cross Networks,Mid-Market,Software & Technology,North America,United States,Outbound,I. Castellanos,2025-09-01,2025-09-01,2025-11-01,3,0,2025-12-01,Payment failure,involuntary,5682.08,0.0,6904.8,18268.96,11364.14,6904.80,1,2.0,Scale,monthly,96,1,0,1.215,0.671,4.27,5,67.5,Watch
CUS-00932,Halcyon Vale Logistics,SMB,Software & Technology,EMEA,Sweden,Self-Serve,,2025-10-01,2025-10-01,2026-08-01,11,1,,,,234.58,277.22,277.22,2665.66,2814.84,0.00,0,17.0,Starter,annual,13,1,0,1.182,0.656,4.03,26,59.0,Watch
CUS-00933,Onyx Cross Health,Mid-Market,Financial Services,EMEA,United Kingdom,Marketplace,A. Okafor,2025-10-01,2025-10-01,2026-08-01,11,1,,,,919.08,919.08,919.08,10109.88,10109.88,0.00,0,2.0,Growth,monthly,23,0,0,1.0,0.597,4.35,16,64.7,Watch
CUS-00939,Meridian Gate Retail,SMB,Education,North America,United States,Inbound,E. Nakamura,2025-10-01,2025-10-01,2026-08-01,11,1,,,,663.26,663.26,663.26,7295.86,7959.00,0.00,0,5.0,Growth,annual,17,0,0,1.0,0.353,3.59,26,36.8,Critical
CUS-00969,Northwind Point Technologies,Mid-Market,Financial Services,North America,Canada,Marketplace,I. Castellanos,2025-11-01,2025-11-01,2026-08-01,10,1,,,,374.4,486.72,486.72,4043.52,4492.80,0.00,0,0.0,Growth,annual,13,2,0,1.3,0.565,4.28,14,47.8,At Risk
CUS-00974,Lumen Peak Health,Enterprise,Financial Services,LATAM,Brazil,Outbound,A. Okafor,2025-11-01,2025-11-01,2026-02-01,4,0,2026-03-01,Company acquired or closed,voluntary,2905.88,0.0,3099.6,12010.96,12010.96,0.00,0,0.8,Scale,monthly,48,1,0,1.067,0.636,4.08,5,60.3,Watch
CUS-00977,Juniper Cove Financial,Mid-Market,Professional Services,APAC,Singapore,Outbound,D. Ferreira,2025-11-01,2025-11-01,2026-08-01,10,1,,,,1255.5,1336.5,1336.5,12960.0,12960.00,0.00,0,2.5,Growth,monthly,33,1,0,1.065,0.823,4.63,18,76.3,Healthy
CUS-00982,Aster Cross Technologies,SMB,Software & Technology,EMEA,United Kingdom,Self-Serve,,2025-11-01,2025-11-01,2026-08-01,10,1,,,,117.38,187.8,187.8,1361.57,1361.57,0.00,0,2.0,Starter,monthly,8,2,0,1.6,0.531,4.44,5,56.3,Watch
CUS-00987,Vertex Watch Systems,Mid-Market,Healthcare,APAC,Singapore,Partner,C. Moreau,2025-11-01,2025-11-01,2026-08-01,10,1,,,,5832.0,5832.0,5832.0,58320.0,69984.00,0.00,0,5.0,Scale,annual,90,0,0,1.0,0.657,4.46,16,66.7,Watch
CUS-00994,Crestline Field Labs,SMB,Manufacturing,EMEA,United Kingdom,Self-Serve,,2025-11-01,2025-11-01,2026-08-01,10,1,,,,291.6,170.1,291.6,2794.5,2794.50,0.00,0,1.5,Starter,monthly,7,0,1,0.583,0.64,3.95,20,60.9,Watch
CUS-01004,Lyra Cross Solutions,SMB,Healthcare,EMEA,Germany,Self-Serve,,2025-11-01,2025-11-01,2026-08-01,10,1,,,,68.78,91.7,91.7,733.64,825.36,0.00,0,21.0,Starter,annual,4,1,0,1.333,0.517,4.22,15,48.1,At Risk
CUS-01018,Pioneer Stone Systems,SMB,Software & Technology,North America,United States,Inbound,B. Lindqvist,2025-11-01,2025-11-01,2026-08-01,10,1,,,,72.83,97.1,97.1,849.65,849.65,0.00,0,1.2,Starter,monthly,4,1,0,1.333,0.442,3.39,21,63.3,Watch
CUS-01031,Aster Cove Media,Mid-Market,Software & Technology,APAC,Australia,Inbound,J. Petersen,2025-12-01,2025-12-01,2026-08-01,9,1,,,,703.8,844.56,844.56,6897.24,8445.60,0.00,0,8.0,Growth,annual,24,1,0,1.2,0.669,4.28,20,62.5,Watch
CUS-01054,Ridge Peak Technologies,SMB,Financial Services,APAC,Australia,Self-Serve,,2025-12-01,2025-12-01,2026-08-01,9,1,,,,50.0,75.0,75.0,525.0,525.00,0.00,0,2.4,Starter,monthly,3,1,0,1.5,0.889,4.45,9,83.5,Healthy
CUS-01062,Quartz Cross Industries,Mid-Market,Professional Services,North America,Canada,Marketplace,F. Whitfield,2025-12-01,2025-12-01,2026-08-01,9,1,,,,1350.31,1788.26,1788.26,13466.64,16203.72,0.00,0,17.0,Growth,annual,49,1,0,1.324,0.589,3.92,19,55.8,Watch
CUS-01088,Cobalt Forge Networks,SMB,Software & Technology,North America,Canada,Inbound,L. Duarte,2026-01-01,2026-01-01,2026-08-01,8,1,,,,195.53,195.53,195.53,1564.24,2346.36,0.00,0,8.0,Starter,annual,9,0,0,1.0,0.5,3.98,11,48.9,At Risk
CUS-01140,Onyx Field Media,SMB,Healthcare,LATAM,Brazil,Marketplace,G. Almeida,2026-02-01,2026-02-01,2026-08-01,7,1,,,,163.1,163.1,163.1,1141.7,1141.70,0.00,0,3.1,Starter,monthly,7,0,0,1.0,0.633,3.63,23,55.0,Watch
CUS-01166,Northwind Bridge Group,SMB,Media & Entertainment,LATAM,Mexico,Self-Serve,,2026-02-01,2026-02-01,2026-08-01,7,1,,,,585.27,794.3,794.3,4723.98,4723.98,0.00,0,1.4,Growth,monthly,19,1,0,1.357,0.504,3.59,14,46.2,At Risk
CUS-01175,Onyx Field Group,SMB,Software & Technology,North America,United States,Inbound,F. Whitfield,2026-02-01,2026-02-01,2026-08-01,7,1,,,,1314.9,1314.9,1314.9,9204.3,9204.30,0.00,0,1.6,Growth,monthly,30,0,0,1.0,0.871,4.46,7,80.8,Healthy
CUS-01192,Lyra Bridge Networks,SMB,Retail & E-commerce,North America,United States,Self-Serve,,2026-02-01,2026-02-01,2026-08-01,7,1,,,,75.0,75.0,75.0,525.0,525.00,0.00,0,1.4,Starter,monthly,3,0,0,1.0,0.905,4.46,12,79.1,Healthy
CUS-01193,Harbor Gate Labs,Enterprise,Logistics & Transport,EMEA,Germany,Partner,K. Rahman,2026-03-01,2026-03-01,2026-08-01,6,1,,,,11463.3,15426.68,15426.68,76706.56,137559.60,0.00,0,12.0,Scale,annual,253,1,0,1.346,0.589,3.8,16,52.2,At Risk
CUS-01197,Vertex Point Labs,SMB,Healthcare,North America,United States,Marketplace,G. Almeida,2026-03-01,2026-03-01,2026-08-01,6,1,,,,99.0,99.0,99.0,594.0,594.00,0.00,0,0.5,Starter,monthly,4,0,0,1.0,0.625,4.07,5,56.2,Watch
CUS-01247,Granite Forge Financial,SMB,Logistics & Transport,North America,United States,Self-Serve,,2026-03-01,2026-03-01,2026-08-01,6,1,,,,104.38,62.63,125.25,668.01,1252.56,0.00,0,18.0,Starter,annual,3,1,1,0.6,0.489,3.99,9,45.4,At Risk
CUS-01281,Summit Watch Systems,SMB,Healthcare,EMEA,United Kingdom,Inbound,A. Okafor,2026-04-01,2026-04-01,2026-08-01,5,1,,,,418.05,418.05,418.05,2090.25,2090.25,0.00,0,1.2,Growth,monthly,10,0,0,1.0,0.68,4.05,12,63.4,Watch
CUS-01294,Sable Stone Partners,SMB,Software & Technology,EMEA,United Kingdom,Self-Serve,,2026-04-01,2026-04-01,2026-08-01,5,1,,,,122.88,122.88,122.88,614.4,614.40,0.00,0,2.2,Starter,monthly,5,0,0,1.0,0.64,4.14,6,72.4,Healthy
CUS-01297,Basalt Forge Energy,Mid-Market,Manufacturing,North America,Canada,Inbound,D. Ferreira,2026-04-01,2026-04-01,2026-08-01,5,1,,,,8858.25,8858.25,8858.25,44291.25,44291.25,0.00,0,1.8,Scale,monthly,127,0,0,1.0,0.698,4.16,5,67.9,Watch
CUS-01305,Maple Cove Retail,SMB,Manufacturing,APAC,India,Self-Serve,,2026-04-01,2026-04-01,2026-08-01,5,1,,,,1033.96,1033.96,1033.96,5169.8,5169.80,0.00,0,1.4,Growth,monthly,23,0,0,1.0,0.757,4.47,7,69.6,Watch
CUS-01312,Northwind River Media,Enterprise,Software & Technology,North America,United States,Inbound,H. Kowalski,2026-05-01,2026-05-01,2026-08-01,4,1,,,,19646.88,19646.88,19646.88,78587.52,235762.56,0.00,0,4.0,Enterprise,annual,244,0,0,1.0,0.574,3.71,13,53.8,At Risk
CUS-01321,Pioneer Harbour Energy,SMB,Retail & E-commerce,APAC,Japan,Partner,E. Nakamura,2026-05-01,2026-05-01,2026-08-01,4,1,,,,2015.59,2015.59,2015.59,8062.36,8062.36,0.00,0,1.8,Growth,monthly,47,0,0,1.0,0.457,3.97,9,40.9,At Risk
CUS-01346,Ironwood Peak Retail,SMB,Education,EMEA,United Kingdom,Self-Serve,,2026-05-01,2026-05-01,2026-08-01,4,1,,,,1665.0,2295.0,2295.0,7425.0,7425.00,0.00,0,1.0,Growth,monthly,51,2,0,1.378,0.41,3.72,13,41.5,At Risk
CUS-01437,Onyx Forge Industries,Mid-Market,Professional Services,LATAM,Mexico,Outbound,D. Ferreira,2026-07-01,2026-07-01,2026-08-01,2,1,,,,1055.88,1055.88,1055.88,2111.76,12670.56,0.00,0,21.0,Growth,annual,28,0,0,1.0,0.661,4.01,4,60.6,Watch
CUS-01492,Solstice Cross Retail,Enterprise,Media & Entertainment,North America,United States,Inbound,H. Kowalski,2026-08-01,2026-08-01,2026-08-01,1,1,,,,3659.48,3659.48,3659.48,3659.48,43913.64,0.00,0,4.0,Scale,annual,59,0,0,1.0,0.475,3.29,5,41.1,At Risk
CUS-01501,Juniper Gate Systems,SMB,Software & Technology,APAC,Singapore,Marketplace,D. Ferreira,2026-08-01,2026-08-01,2026-08-01,1,1,,,,185.8,185.8,185.8,185.8,2229.60,0.00,0,8.0,Starter,annual,8,0,0,1.0,0.75,4.22,2,67.6,Watch
