acquisition_channel,signup_month,activity_month,period_index,cohort_customers,acquisition_spend,cac,active_customers,net_revenue,contribution_margin,cumulative_contribution_margin,cumulative_margin_net_of_cac,payback_ratio
Affiliate,2024-11-01,2024-11-01,0,30,1223.67,40.79,26,9968.33,2540.8,2540.8,1317.13,2.0764
Affiliate,2024-11-01,2024-12-01,1,30,1223.67,40.79,7,1564.13,160.41,2701.21,1477.54,2.2075
Affiliate,2024-11-01,2025-01-01,2,30,1223.67,40.79,2,275.15,169.58,2870.79,1647.12,2.346
Affiliate,2024-11-01,2025-02-01,3,30,1223.67,40.79,2,368.80,144.76,3015.55,1791.88,2.4643
Affiliate,2024-11-01,2025-03-01,4,30,1223.67,40.79,2,668.52,218.56,3234.11,2010.44,2.643
Affiliate,2024-11-01,2025-04-01,5,30,1223.67,40.79,1,263.09,47.26,3281.37,2057.7,2.6816
Affiliate,2024-11-01,2025-05-01,6,30,1223.67,40.79,1,150.26,85.88,3367.25,2143.58,2.7518
Affiliate,2024-11-01,2025-06-01,7,30,1223.67,40.79,1,104.67,-24.2,3343.05,2119.38,2.732
Affiliate,2024-11-01,2025-07-01,8,30,1223.67,40.79,0,0.00,0.0,3343.05,2119.38,2.732
Affiliate,2024-11-01,2025-08-01,9,30,1223.67,40.79,1,253.89,52.86,3395.91,2172.24,2.7752
Affiliate,2024-11-01,2025-09-01,10,30,1223.67,40.79,0,0.00,0.0,3395.91,2172.24,2.7752
Affiliate,2024-11-01,2025-10-01,11,30,1223.67,40.79,1,686.45,81.12,3477.03,2253.36,2.8415
Affiliate,2024-11-01,2025-11-01,12,30,1223.67,40.79,0,0.00,0.0,3477.03,2253.36,2.8415
Affiliate,2024-11-01,2025-12-01,13,30,1223.67,40.79,0,0.00,0.0,3477.03,2253.36,2.8415
Affiliate,2024-11-01,2026-01-01,14,30,1223.67,40.79,0,0.00,0.0,3477.03,2253.36,2.8415
Affiliate,2024-11-01,2026-02-01,15,30,1223.67,40.79,0,0.00,0.0,3477.03,2253.36,2.8415
Affiliate,2024-11-01,2026-03-01,16,30,1223.67,40.79,0,0.00,0.0,3477.03,2253.36,2.8415
Affiliate,2024-11-01,2026-04-01,17,30,1223.67,40.79,0,0.00,0.0,3477.03,2253.36,2.8415
Affiliate,2024-11-01,2026-05-01,18,30,1223.67,40.79,0,0.00,0.0,3477.03,2253.36,2.8415
Affiliate,2024-11-01,2026-06-01,19,30,1223.67,40.79,0,0.00,0.0,3477.03,2253.36,2.8415
Affiliate,2026-03-01,2026-03-01,0,17,734.11,43.18,15,4651.39,1357.04,1357.04,622.93,1.8486
Affiliate,2026-03-01,2026-04-01,1,17,734.11,43.18,2,74.54,31.14,1388.18,654.07,1.891
Affiliate,2026-03-01,2026-05-01,2,17,734.11,43.18,5,1100.24,79.8,1467.98,733.87,1.9997
Affiliate,2026-03-01,2026-06-01,3,17,734.11,43.18,3,1325.77,-393.31,1074.67,340.56,1.4639
Affiliate,2026-05-01,2026-05-01,0,12,496.30,41.36,12,3203.72,844.37,844.37,348.07,1.7013
Affiliate,2026-05-01,2026-06-01,1,12,496.30,41.36,1,253.55,85.1,929.47,433.17,1.8728
Marketplace,2024-06-01,2024-06-01,0,44,1064.00,24.18,38,9722.41,2536.13,2536.13,1472.13,2.3836
Marketplace,2024-06-01,2024-07-01,1,44,1064.00,24.18,11,3794.23,1060.84,3596.97,2532.97,3.3806
Marketplace,2024-06-01,2024-08-01,2,44,1064.00,24.18,7,1852.08,621.96,4218.93,3154.93,3.9652
Marketplace,2024-06-01,2024-09-01,3,44,1064.00,24.18,3,977.31,397.49,4616.42,3552.42,4.3387
Marketplace,2024-06-01,2024-10-01,4,44,1064.00,24.18,3,611.06,165.32,4781.74,3717.74,4.4941
Marketplace,2024-06-01,2024-11-01,5,44,1064.00,24.18,1,715.20,125.54,4907.28,3843.28,4.6121
Marketplace,2024-06-01,2024-12-01,6,44,1064.00,24.18,0,0.00,0.0,4907.28,3843.28,4.6121
Marketplace,2024-06-01,2025-01-01,7,44,1064.00,24.18,0,0.00,0.0,4907.28,3843.28,4.6121
Marketplace,2024-06-01,2025-02-01,8,44,1064.00,24.18,0,0.00,0.0,4907.28,3843.28,4.6121
Marketplace,2024-06-01,2025-03-01,9,44,1064.00,24.18,0,0.00,0.0,4907.28,3843.28,4.6121
Marketplace,2024-06-01,2025-04-01,10,44,1064.00,24.18,1,669.70,121.13,5028.41,3964.41,4.7259
Marketplace,2024-06-01,2025-05-01,11,44,1064.00,24.18,0,0.00,0.0,5028.41,3964.41,4.7259
Marketplace,2024-06-01,2025-06-01,12,44,1064.00,24.18,0,0.00,0.0,5028.41,3964.41,4.7259
Marketplace,2024-06-01,2025-07-01,13,44,1064.00,24.18,0,0.00,0.0,5028.41,3964.41,4.7259
Marketplace,2024-06-01,2025-08-01,14,44,1064.00,24.18,0,0.00,0.0,5028.41,3964.41,4.7259
Marketplace,2024-06-01,2025-09-01,15,44,1064.00,24.18,0,0.00,0.0,5028.41,3964.41,4.7259
Marketplace,2024-06-01,2025-10-01,16,44,1064.00,24.18,0,0.00,0.0,5028.41,3964.41,4.7259
Marketplace,2024-06-01,2025-11-01,17,44,1064.00,24.18,0,0.00,0.0,5028.41,3964.41,4.7259
Marketplace,2024-06-01,2025-12-01,18,44,1064.00,24.18,0,0.00,0.0,5028.41,3964.41,4.7259
Marketplace,2024-06-01,2026-01-01,19,44,1064.00,24.18,0,0.00,0.0,5028.41,3964.41,4.7259
Marketplace,2024-06-01,2026-02-01,20,44,1064.00,24.18,0,0.00,0.0,5028.41,3964.41,4.7259
Marketplace,2024-06-01,2026-03-01,21,44,1064.00,24.18,0,0.00,0.0,5028.41,3964.41,4.7259
Marketplace,2024-06-01,2026-04-01,22,44,1064.00,24.18,0,0.00,0.0,5028.41,3964.41,4.7259
Marketplace,2024-06-01,2026-05-01,23,44,1064.00,24.18,0,0.00,0.0,5028.41,3964.41,4.7259
Marketplace,2024-06-01,2026-06-01,24,44,1064.00,24.18,0,0.00,0.0,5028.41,3964.41,4.7259
Marketplace,2026-04-01,2026-04-01,0,46,1074.58,23.36,46,13917.04,3739.82,3739.82,2665.24,3.4803
Marketplace,2026-04-01,2026-05-01,1,46,1074.58,23.36,3,518.37,198.62,3938.44,2863.86,3.6651
Marketplace,2026-04-01,2026-06-01,2,46,1074.58,23.36,2,241.26,127.29,4065.73,2991.15,3.7836
Paid Search,2024-06-01,2024-06-01,0,59,2098.40,35.57,54,14884.15,3450.44,3450.44,1352.04,1.6443
Paid Search,2024-06-01,2024-07-01,1,59,2098.40,35.57,12,4812.82,914.37,4364.81,2266.41,2.0801
Paid Search,2024-06-01,2024-08-01,2,59,2098.40,35.57,10,6165.42,1742.45,6107.26,4008.86,2.9104
Paid Search,2024-06-01,2024-09-01,3,59,2098.40,35.57,12,3396.82,776.81,6884.07,4785.67,3.2806
Paid Search,2024-06-01,2024-10-01,4,59,2098.40,35.57,9,4947.79,744.06,7628.13,5529.73,3.6352
Paid Search,2024-06-01,2024-11-01,5,59,2098.40,35.57,5,792.89,349.01,7977.14,5878.74,3.8015
Paid Search,2024-06-01,2024-12-01,6,59,2098.40,35.57,4,887.34,345.84,8322.98,6224.58,3.9663
Paid Search,2024-06-01,2025-01-01,7,59,2098.40,35.57,2,586.21,274.01,8596.99,6498.59,4.0969
Paid Search,2024-06-01,2025-02-01,8,59,2098.40,35.57,4,478.75,189.45,8786.44,6688.04,4.1872
Paid Search,2024-06-01,2025-03-01,9,59,2098.40,35.57,2,258.57,46.09,8832.53,6734.13,4.2092
Paid Search,2024-06-01,2025-04-01,10,59,2098.40,35.57,1,170.11,98.45,8930.98,6832.58,4.2561
Paid Search,2024-06-01,2025-05-01,11,59,2098.40,35.57,1,120.56,60.7,8991.68,6893.28,4.285
Paid Search,2024-06-01,2025-06-01,12,59,2098.40,35.57,2,607.80,236.56,9228.24,7129.84,4.3978
Paid Search,2024-06-01,2025-07-01,13,59,2098.40,35.57,2,791.82,-16.55,9211.69,7113.29,4.3899
Paid Search,2024-06-01,2025-08-01,14,59,2098.40,35.57,1,448.18,40.21,9251.9,7153.5,4.409
Paid Search,2024-06-01,2025-09-01,15,59,2098.40,35.57,1,383.56,194.39,9446.29,7347.89,4.5017
Paid Search,2024-06-01,2025-10-01,16,59,2098.40,35.57,0,0.00,0.0,9446.29,7347.89,4.5017
Paid Search,2024-06-01,2025-11-01,17,59,2098.40,35.57,0,0.00,0.0,9446.29,7347.89,4.5017
Paid Search,2024-06-01,2025-12-01,18,59,2098.40,35.57,1,251.69,10.1,9456.39,7357.99,4.5065
Paid Search,2024-06-01,2026-01-01,19,59,2098.40,35.57,0,0.00,0.0,9456.39,7357.99,4.5065
Paid Search,2024-06-01,2026-02-01,20,59,2098.40,35.57,0,0.00,0.0,9456.39,7357.99,4.5065
Paid Search,2024-06-01,2026-03-01,21,59,2098.40,35.57,1,105.21,-44.48,9411.91,7313.51,4.4853
Paid Search,2024-06-01,2026-04-01,22,59,2098.40,35.57,0,0.00,0.0,9411.91,7313.51,4.4853
Paid Search,2024-06-01,2026-05-01,23,59,2098.40,35.57,0,0.00,0.0,9411.91,7313.51,4.4853
Paid Search,2024-06-01,2026-06-01,24,59,2098.40,35.57,0,0.00,0.0,9411.91,7313.51,4.4853
Paid Search,2026-04-01,2026-04-01,0,75,2394.90,31.93,70,18548.88,4682.52,4682.52,2287.62,1.9552
Paid Search,2026-04-01,2026-05-01,1,75,2394.90,31.93,19,5954.53,1156.79,5839.31,3444.41,2.4382
Paid Search,2026-04-01,2026-06-01,2,75,2394.90,31.93,11,2667.93,811.27,6650.58,4255.68,2.777
Paid Social,2024-01-01,2024-01-01,0,38,1044.10,27.48,35,7086.69,1038.15,1038.15,-5.95,0.9943
Paid Social,2024-01-01,2024-02-01,1,38,1044.10,27.48,4,1870.44,-100.27,937.88,-106.22,0.8983
Paid Social,2024-01-01,2024-03-01,2,38,1044.10,27.48,5,1557.50,142.95,1080.83,36.73,1.0352
Paid Social,2024-01-01,2024-04-01,3,38,1044.10,27.48,2,107.20,50.33,1131.16,87.06,1.0834
Paid Social,2024-01-01,2024-05-01,4,38,1044.10,27.48,2,311.44,150.02,1281.18,237.08,1.2271
Paid Social,2024-01-01,2024-06-01,5,38,1044.10,27.48,2,137.34,-1.67,1279.51,235.41,1.2255
Paid Social,2024-01-01,2024-07-01,6,38,1044.10,27.48,0,0.00,0.0,1279.51,235.41,1.2255
Paid Social,2024-01-01,2024-08-01,7,38,1044.10,27.48,0,0.00,0.0,1279.51,235.41,1.2255
Paid Social,2024-01-01,2024-09-01,8,38,1044.10,27.48,0,0.00,0.0,1279.51,235.41,1.2255
Paid Social,2024-01-01,2024-10-01,9,38,1044.10,27.48,0,0.00,0.0,1279.51,235.41,1.2255
Paid Social,2024-01-01,2024-11-01,10,38,1044.10,27.48,0,0.00,0.0,1279.51,235.41,1.2255
Paid Social,2024-01-01,2024-12-01,11,38,1044.10,27.48,0,0.00,0.0,1279.51,235.41,1.2255
Paid Social,2024-01-01,2025-01-01,12,38,1044.10,27.48,0,0.00,0.0,1279.51,235.41,1.2255
Paid Social,2024-01-01,2025-02-01,13,38,1044.10,27.48,0,0.00,0.0,1279.51,235.41,1.2255
Paid Social,2024-01-01,2025-03-01,14,38,1044.10,27.48,0,0.00,0.0,1279.51,235.41,1.2255
Paid Social,2024-01-01,2025-04-01,15,38,1044.10,27.48,0,0.00,0.0,1279.51,235.41,1.2255
Paid Social,2024-01-01,2025-05-01,16,38,1044.10,27.48,0,0.00,0.0,1279.51,235.41,1.2255
Paid Social,2024-01-01,2025-06-01,17,38,1044.10,27.48,0,0.00,0.0,1279.51,235.41,1.2255
Paid Social,2024-01-01,2025-07-01,18,38,1044.10,27.48,0,0.00,0.0,1279.51,235.41,1.2255
Paid Social,2024-01-01,2025-08-01,19,38,1044.10,27.48,0,0.00,0.0,1279.51,235.41,1.2255
Paid Social,2024-01-01,2025-09-01,20,38,1044.10,27.48,0,0.00,0.0,1279.51,235.41,1.2255
Paid Social,2024-01-01,2025-10-01,21,38,1044.10,27.48,0,0.00,0.0,1279.51,235.41,1.2255
Paid Social,2024-01-01,2025-11-01,22,38,1044.10,27.48,0,0.00,0.0,1279.51,235.41,1.2255
Paid Social,2024-01-01,2025-12-01,23,38,1044.10,27.48,0,0.00,0.0,1279.51,235.41,1.2255
Paid Social,2024-01-01,2026-01-01,24,38,1044.10,27.48,0,0.00,0.0,1279.51,235.41,1.2255
Paid Social,2024-01-01,2026-02-01,25,38,1044.10,27.48,0,0.00,0.0,1279.51,235.41,1.2255
Paid Social,2024-01-01,2026-03-01,26,38,1044.10,27.48,0,0.00,0.0,1279.51,235.41,1.2255
Paid Social,2024-01-01,2026-04-01,27,38,1044.10,27.48,0,0.00,0.0,1279.51,235.41,1.2255
Paid Social,2024-01-01,2026-05-01,28,38,1044.10,27.48,0,0.00,0.0,1279.51,235.41,1.2255
Paid Social,2024-01-01,2026-06-01,29,38,1044.10,27.48,0,0.00,0.0,1279.51,235.41,1.2255
Paid Social,2024-02-01,2024-02-01,0,30,883.87,29.46,26,6556.14,973.49,973.49,89.62,1.1014
Paid Social,2024-02-01,2024-03-01,1,30,883.87,29.46,6,1298.41,68.87,1042.36,158.49,1.1793
Paid Social,2024-02-01,2024-04-01,2,30,883.87,29.46,7,2441.79,491.75,1534.11,650.24,1.7357
Paid Social,2024-02-01,2024-05-01,3,30,883.87,29.46,3,324.71,73.48,1607.59,723.72,1.8188
Paid Social,2024-02-01,2024-06-01,4,30,883.87,29.46,1,213.32,126.83,1734.42,850.55,1.9623
Paid Social,2024-02-01,2024-07-01,5,30,883.87,29.46,1,462.94,89.7,1824.12,940.25,2.0638
Paid Social,2024-02-01,2024-08-01,6,30,883.87,29.46,1,16.17,-0.57,1823.55,939.68,2.0631
Paid Social,2024-02-01,2024-09-01,7,30,883.87,29.46,1,20.84,1.95,1825.5,941.63,2.0653
Paid Social,2024-02-01,2024-10-01,8,30,883.87,29.46,0,0.00,0.0,1825.5,941.63,2.0653
Paid Social,2024-02-01,2024-11-01,9,30,883.87,29.46,0,0.00,0.0,1825.5,941.63,2.0653
Paid Social,2024-02-01,2024-12-01,10,30,883.87,29.46,0,0.00,0.0,1825.5,941.63,2.0653
Paid Social,2024-02-01,2025-01-01,11,30,883.87,29.46,0,0.00,0.0,1825.5,941.63,2.0653
Paid Social,2024-02-01,2025-02-01,12,30,883.87,29.46,0,0.00,0.0,1825.5,941.63,2.0653
Paid Social,2024-02-01,2025-03-01,13,30,883.87,29.46,0,0.00,0.0,1825.5,941.63,2.0653
Paid Social,2024-02-01,2025-04-01,14,30,883.87,29.46,0,0.00,0.0,1825.5,941.63,2.0653
Paid Social,2024-02-01,2025-05-01,15,30,883.87,29.46,0,0.00,0.0,1825.5,941.63,2.0653
Paid Social,2024-02-01,2025-06-01,16,30,883.87,29.46,0,0.00,0.0,1825.5,941.63,2.0653
Paid Social,2024-02-01,2025-07-01,17,30,883.87,29.46,0,0.00,0.0,1825.5,941.63,2.0653
Paid Social,2024-02-01,2025-08-01,18,30,883.87,29.46,0,0.00,0.0,1825.5,941.63,2.0653
Paid Social,2024-02-01,2025-09-01,19,30,883.87,29.46,0,0.00,0.0,1825.5,941.63,2.0653
Paid Social,2024-02-01,2025-10-01,20,30,883.87,29.46,0,0.00,0.0,1825.5,941.63,2.0653
Paid Social,2024-02-01,2025-11-01,21,30,883.87,29.46,0,0.00,0.0,1825.5,941.63,2.0653
Paid Social,2024-02-01,2025-12-01,22,30,883.87,29.46,0,0.00,0.0,1825.5,941.63,2.0653
Paid Social,2024-02-01,2026-01-01,23,30,883.87,29.46,0,0.00,0.0,1825.5,941.63,2.0653
Paid Social,2024-02-01,2026-02-01,24,30,883.87,29.46,0,0.00,0.0,1825.5,941.63,2.0653
Paid Social,2024-02-01,2026-03-01,25,30,883.87,29.46,0,0.00,0.0,1825.5,941.63,2.0653
Paid Social,2024-02-01,2026-04-01,26,30,883.87,29.46,0,0.00,0.0,1825.5,941.63,2.0653
Paid Social,2024-02-01,2026-05-01,27,30,883.87,29.46,0,0.00,0.0,1825.5,941.63,2.0653
Paid Social,2024-02-01,2026-06-01,28,30,883.87,29.46,0,0.00,0.0,1825.5,941.63,2.0653
Paid Social,2024-07-01,2024-07-01,0,64,1850.15,28.91,60,15556.42,3460.71,3460.71,1610.56,1.8705
Paid Social,2024-07-01,2024-08-01,1,64,1850.15,28.91,7,2522.60,313.11,3773.82,1923.67,2.0397
Paid Social,2024-07-01,2024-09-01,2,64,1850.15,28.91,6,1058.20,529.21,4303.03,2452.88,2.3258
Paid Social,2024-07-01,2024-10-01,3,64,1850.15,28.91,4,1434.42,378.73,4681.76,2831.61,2.5305
Paid Social,2024-07-01,2024-11-01,4,64,1850.15,28.91,1,286.50,161.25,4843.01,2992.86,2.6176
Paid Social,2024-07-01,2024-12-01,5,64,1850.15,28.91,1,100.85,24.56,4867.57,3017.42,2.6309
Paid Social,2024-07-01,2025-01-01,6,64,1850.15,28.91,2,409.75,195.19,5062.76,3212.61,2.7364
Paid Social,2024-07-01,2025-02-01,7,64,1850.15,28.91,3,468.13,94.53,5157.29,3307.14,2.7875
Paid Social,2024-07-01,2025-03-01,8,64,1850.15,28.91,1,216.91,32.65,5189.94,3339.79,2.8051
Paid Social,2024-07-01,2025-04-01,9,64,1850.15,28.91,0,0.00,0.0,5189.94,3339.79,2.8051
Paid Social,2024-07-01,2025-05-01,10,64,1850.15,28.91,1,89.06,25.63,5215.57,3365.42,2.819
Paid Social,2024-07-01,2025-06-01,11,64,1850.15,28.91,0,0.00,0.0,5215.57,3365.42,2.819
Paid Social,2024-07-01,2025-07-01,12,64,1850.15,28.91,0,0.00,0.0,5215.57,3365.42,2.819
Paid Social,2024-07-01,2025-08-01,13,64,1850.15,28.91,1,110.34,56.66,5272.23,3422.08,2.8496
Paid Social,2024-07-01,2025-09-01,14,64,1850.15,28.91,0,0.00,0.0,5272.23,3422.08,2.8496
Paid Social,2024-07-01,2025-10-01,15,64,1850.15,28.91,0,0.00,0.0,5272.23,3422.08,2.8496
Paid Social,2024-07-01,2025-11-01,16,64,1850.15,28.91,0,0.00,0.0,5272.23,3422.08,2.8496
Paid Social,2024-07-01,2025-12-01,17,64,1850.15,28.91,0,0.00,0.0,5272.23,3422.08,2.8496
Paid Social,2024-07-01,2026-01-01,18,64,1850.15,28.91,0,0.00,0.0,5272.23,3422.08,2.8496
Paid Social,2024-07-01,2026-02-01,19,64,1850.15,28.91,0,0.00,0.0,5272.23,3422.08,2.8496
Paid Social,2024-07-01,2026-03-01,20,64,1850.15,28.91,0,0.00,0.0,5272.23,3422.08,2.8496
Paid Social,2024-07-01,2026-04-01,21,64,1850.15,28.91,0,0.00,0.0,5272.23,3422.08,2.8496
Paid Social,2024-07-01,2026-05-01,22,64,1850.15,28.91,0,0.00,0.0,5272.23,3422.08,2.8496
Paid Social,2024-07-01,2026-06-01,23,64,1850.15,28.91,0,0.00,0.0,5272.23,3422.08,2.8496
Paid Social,2024-12-01,2024-12-01,0,94,2785.47,29.63,88,21914.95,1491.48,1491.48,-1293.99,0.5355
Paid Social,2024-12-01,2025-01-01,1,94,2785.47,29.63,10,1918.03,77.27,1568.75,-1216.72,0.5632
Paid Social,2024-12-01,2025-02-01,2,94,2785.47,29.63,9,3294.38,468.31,2037.06,-748.41,0.7313
Paid Social,2024-12-01,2025-03-01,3,94,2785.47,29.63,4,2938.44,248.92,2285.98,-499.49,0.8207
Paid Social,2024-12-01,2025-04-01,4,94,2785.47,29.63,3,399.12,58.45,2344.43,-441.04,0.8417
Paid Social,2024-12-01,2025-05-01,5,94,2785.47,29.63,0,0.00,0.0,2344.43,-441.04,0.8417
Paid Social,2024-12-01,2025-06-01,6,94,2785.47,29.63,2,587.90,212.54,2556.97,-228.5,0.918
Paid Social,2024-12-01,2025-07-01,7,94,2785.47,29.63,2,320.72,71.0,2627.97,-157.5,0.9435
Paid Social,2024-12-01,2025-08-01,8,94,2785.47,29.63,1,106.20,11.49,2639.46,-146.01,0.9476
Paid Social,2024-12-01,2025-09-01,9,94,2785.47,29.63,0,0.00,0.0,2639.46,-146.01,0.9476
Paid Social,2024-12-01,2025-10-01,10,94,2785.47,29.63,0,0.00,0.0,2639.46,-146.01,0.9476
Paid Social,2024-12-01,2025-11-01,11,94,2785.47,29.63,2,523.84,241.34,2880.8,95.33,1.0342
Paid Social,2024-12-01,2025-12-01,12,94,2785.47,29.63,0,0.00,0.0,2880.8,95.33,1.0342
Paid Social,2024-12-01,2026-01-01,13,94,2785.47,29.63,2,183.96,-34.09,2846.71,61.24,1.022
Paid Social,2024-12-01,2026-02-01,14,94,2785.47,29.63,0,0.00,0.0,2846.71,61.24,1.022
Paid Social,2024-12-01,2026-03-01,15,94,2785.47,29.63,1,51.29,20.41,2867.12,81.65,1.0293
Paid Social,2024-12-01,2026-04-01,16,94,2785.47,29.63,0,0.00,0.0,2867.12,81.65,1.0293
Paid Social,2024-12-01,2026-05-01,17,94,2785.47,29.63,0,0.00,0.0,2867.12,81.65,1.0293
Paid Social,2024-12-01,2026-06-01,18,94,2785.47,29.63,0,0.00,0.0,2867.12,81.65,1.0293
Paid Social,2025-02-01,2025-02-01,0,58,1959.16,33.78,56,14522.82,3334.15,3334.15,1374.99,1.7018
Paid Social,2025-02-01,2025-03-01,1,58,1959.16,33.78,8,1948.39,551.83,3885.98,1926.82,1.9835
Paid Social,2025-02-01,2025-04-01,2,58,1959.16,33.78,3,980.13,310.88,4196.86,2237.7,2.1422
Paid Social,2025-02-01,2025-05-01,3,58,1959.16,33.78,7,2059.56,405.73,4602.59,2643.43,2.3493
Paid Social,2025-02-01,2025-06-01,4,58,1959.16,33.78,1,218.27,28.49,4631.08,2671.92,2.3638
Paid Social,2025-02-01,2025-07-01,5,58,1959.16,33.78,5,1478.17,413.04,5044.12,3084.96,2.5746
Paid Social,2025-02-01,2025-08-01,6,58,1959.16,33.78,1,560.69,187.26,5231.38,3272.22,2.6702
Paid Social,2025-02-01,2025-09-01,7,58,1959.16,33.78,0,0.00,0.0,5231.38,3272.22,2.6702
Paid Social,2025-02-01,2025-10-01,8,58,1959.16,33.78,1,218.73,128.08,5359.46,3400.3,2.7356
Paid Social,2025-02-01,2025-11-01,9,58,1959.16,33.78,0,0.00,0.0,5359.46,3400.3,2.7356
Paid Social,2025-02-01,2025-12-01,10,58,1959.16,33.78,0,0.00,0.0,5359.46,3400.3,2.7356
Paid Social,2025-02-01,2026-01-01,11,58,1959.16,33.78,0,0.00,0.0,5359.46,3400.3,2.7356
Paid Social,2025-02-01,2026-02-01,12,58,1959.16,33.78,0,0.00,0.0,5359.46,3400.3,2.7356
Paid Social,2025-02-01,2026-03-01,13,58,1959.16,33.78,0,0.00,0.0,5359.46,3400.3,2.7356
Paid Social,2025-02-01,2026-04-01,14,58,1959.16,33.78,0,0.00,0.0,5359.46,3400.3,2.7356
Paid Social,2025-02-01,2026-05-01,15,58,1959.16,33.78,0,0.00,0.0,5359.46,3400.3,2.7356
Paid Social,2025-02-01,2026-06-01,16,58,1959.16,33.78,0,0.00,0.0,5359.46,3400.3,2.7356
Paid Social,2025-09-01,2025-09-01,0,106,3883.04,36.63,101,29202.16,5959.45,5959.45,2076.41,1.5347
Paid Social,2025-09-01,2025-10-01,1,106,3883.04,36.63,11,2434.72,677.24,6636.69,2753.65,1.7091
Paid Social,2025-09-01,2025-11-01,2,106,3883.04,36.63,15,3637.32,537.13,7173.82,3290.78,1.8475
Paid Social,2025-09-01,2025-12-01,3,106,3883.04,36.63,13,2784.56,369.88,7543.7,3660.66,1.9427
Paid Social,2025-09-01,2026-01-01,4,106,3883.04,36.63,5,568.48,104.53,7648.23,3765.19,1.9697
Paid Social,2025-09-01,2026-02-01,5,106,3883.04,36.63,4,1591.60,156.38,7804.61,3921.57,2.0099
Paid Social,2025-09-01,2026-03-01,6,106,3883.04,36.63,4,1509.19,398.68,8203.29,4320.25,2.1126
Paid Social,2025-09-01,2026-04-01,7,106,3883.04,36.63,0,0.00,0.0,8203.29,4320.25,2.1126
Paid Social,2025-09-01,2026-05-01,8,106,3883.04,36.63,1,639.39,136.25,8339.54,4456.5,2.1477
Paid Social,2025-09-01,2026-06-01,9,106,3883.04,36.63,1,557.59,9.37,8348.91,4465.87,2.1501
Paid Social,2025-12-01,2025-12-01,0,154,5758.03,37.39,147,36789.17,7257.26,7257.26,1499.23,1.2604
Paid Social,2025-12-01,2026-01-01,1,154,5758.03,37.39,20,5521.29,965.96,8223.22,2465.19,1.4281
Paid Social,2025-12-01,2026-02-01,2,154,5758.03,37.39,12,2717.46,539.33,8762.55,3004.52,1.5218
Paid Social,2025-12-01,2026-03-01,3,154,5758.03,37.39,11,2746.99,550.75,9313.3,3555.27,1.6174
Paid Social,2025-12-01,2026-04-01,4,154,5758.03,37.39,11,2285.97,737.44,10050.74,4292.71,1.7455
Paid Social,2025-12-01,2026-05-01,5,154,5758.03,37.39,3,385.66,110.74,10161.48,4403.45,1.7647
Paid Social,2025-12-01,2026-06-01,6,154,5758.03,37.39,2,296.26,-11.36,10150.12,4392.09,1.7628
Paid Social,2026-02-01,2026-02-01,0,108,4241.48,39.27,101,28971.03,5066.46,5066.46,824.98,1.1945
Paid Social,2026-02-01,2026-03-01,1,108,4241.48,39.27,16,4163.29,734.24,5800.7,1559.22,1.3676
Paid Social,2026-02-01,2026-04-01,2,108,4241.48,39.27,15,3082.27,417.83,6218.53,1977.05,1.4661
Paid Social,2026-02-01,2026-05-01,3,108,4241.48,39.27,7,3341.45,750.19,6968.72,2727.24,1.643
Paid Social,2026-02-01,2026-06-01,4,108,4241.48,39.27,4,951.89,-9.62,6959.1,2717.62,1.6407
Affiliate,2024-05-01,2024-05-01,0,34,1448.36,42.6,31,8417.15,1590.55,1590.55,142.19,1.0982
Affiliate,2024-05-01,2024-06-01,1,34,1448.36,42.6,6,1302.83,188.02,1778.57,330.21,1.228
Affiliate,2024-05-01,2024-07-01,2,34,1448.36,42.6,7,1935.84,5.01,1783.58,335.22,1.2314
Affiliate,2024-05-01,2024-08-01,3,34,1448.36,42.6,2,378.37,-109.17,1674.41,226.05,1.1561
Affiliate,2024-05-01,2024-09-01,4,34,1448.36,42.6,2,284.34,97.08,1771.49,323.13,1.2231
Affiliate,2024-05-01,2024-10-01,5,34,1448.36,42.6,0,0.00,0.0,1771.49,323.13,1.2231
Affiliate,2024-05-01,2024-11-01,6,34,1448.36,42.6,2,770.37,-185.94,1585.55,137.19,1.0947
Affiliate,2024-05-01,2024-12-01,7,34,1448.36,42.6,2,476.03,-282.58,1302.97,-145.39,0.8996
Affiliate,2024-05-01,2025-01-01,8,34,1448.36,42.6,1,234.92,51.72,1354.69,-93.67,0.9353
Affiliate,2024-05-01,2025-02-01,9,34,1448.36,42.6,0,0.00,0.0,1354.69,-93.67,0.9353
Affiliate,2024-05-01,2025-03-01,10,34,1448.36,42.6,0,0.00,0.0,1354.69,-93.67,0.9353
Affiliate,2024-05-01,2025-04-01,11,34,1448.36,42.6,0,0.00,0.0,1354.69,-93.67,0.9353
Affiliate,2024-05-01,2025-05-01,12,34,1448.36,42.6,0,0.00,0.0,1354.69,-93.67,0.9353
Affiliate,2024-05-01,2025-06-01,13,34,1448.36,42.6,0,0.00,0.0,1354.69,-93.67,0.9353
Affiliate,2024-05-01,2025-07-01,14,34,1448.36,42.6,0,0.00,0.0,1354.69,-93.67,0.9353
Affiliate,2024-05-01,2025-08-01,15,34,1448.36,42.6,0,0.00,0.0,1354.69,-93.67,0.9353
Affiliate,2024-05-01,2025-09-01,16,34,1448.36,42.6,0,0.00,0.0,1354.69,-93.67,0.9353
Affiliate,2024-05-01,2025-10-01,17,34,1448.36,42.6,0,0.00,0.0,1354.69,-93.67,0.9353
Affiliate,2024-05-01,2025-11-01,18,34,1448.36,42.6,0,0.00,0.0,1354.69,-93.67,0.9353
Affiliate,2024-05-01,2025-12-01,19,34,1448.36,42.6,0,0.00,0.0,1354.69,-93.67,0.9353
Affiliate,2024-05-01,2026-01-01,20,34,1448.36,42.6,0,0.00,0.0,1354.69,-93.67,0.9353
Affiliate,2024-05-01,2026-02-01,21,34,1448.36,42.6,0,0.00,0.0,1354.69,-93.67,0.9353
Affiliate,2024-05-01,2026-03-01,22,34,1448.36,42.6,0,0.00,0.0,1354.69,-93.67,0.9353
Affiliate,2024-05-01,2026-04-01,23,34,1448.36,42.6,0,0.00,0.0,1354.69,-93.67,0.9353
Affiliate,2024-05-01,2026-05-01,24,34,1448.36,42.6,0,0.00,0.0,1354.69,-93.67,0.9353
Affiliate,2024-05-01,2026-06-01,25,34,1448.36,42.6,0,0.00,0.0,1354.69,-93.67,0.9353
Affiliate,2025-01-01,2025-01-01,0,17,703.15,41.36,16,3534.65,399.72,399.72,-303.43,0.5685
Affiliate,2025-01-01,2025-02-01,1,17,703.15,41.36,1,195.37,-103.21,296.51,-406.64,0.4217
Affiliate,2025-01-01,2025-03-01,2,17,703.15,41.36,2,476.28,45.01,341.52,-361.63,0.4857
Affiliate,2025-01-01,2025-04-01,3,17,703.15,41.36,2,369.98,15.72,357.24,-345.91,0.5081
Affiliate,2025-01-01,2025-05-01,4,17,703.15,41.36,3,1201.59,-287.87,69.37,-633.78,0.0987
Affiliate,2025-01-01,2025-06-01,5,17,703.15,41.36,2,370.60,48.3,117.67,-585.48,0.1673
Affiliate,2025-01-01,2025-07-01,6,17,703.15,41.36,0,0.00,0.0,117.67,-585.48,0.1673
Affiliate,2025-01-01,2025-08-01,7,17,703.15,41.36,1,47.86,12.38,130.05,-573.1,0.185
Affiliate,2025-01-01,2025-09-01,8,17,703.15,41.36,1,90.18,36.58,166.63,-536.52,0.237
Affiliate,2025-01-01,2025-10-01,9,17,703.15,41.36,0,0.00,0.0,166.63,-536.52,0.237
Affiliate,2025-01-01,2025-11-01,10,17,703.15,41.36,0,0.00,0.0,166.63,-536.52,0.237
Affiliate,2025-01-01,2025-12-01,11,17,703.15,41.36,0,0.00,0.0,166.63,-536.52,0.237
Affiliate,2025-01-01,2026-01-01,12,17,703.15,41.36,0,0.00,0.0,166.63,-536.52,0.237
Affiliate,2025-01-01,2026-02-01,13,17,703.15,41.36,0,0.00,0.0,166.63,-536.52,0.237
Affiliate,2025-01-01,2026-03-01,14,17,703.15,41.36,0,0.00,0.0,166.63,-536.52,0.237
Affiliate,2025-01-01,2026-04-01,15,17,703.15,41.36,0,0.00,0.0,166.63,-536.52,0.237
Affiliate,2025-01-01,2026-05-01,16,17,703.15,41.36,0,0.00,0.0,166.63,-536.52,0.237
Affiliate,2025-01-01,2026-06-01,17,17,703.15,41.36,0,0.00,0.0,166.63,-536.52,0.237
Affiliate,2025-04-01,2025-04-01,0,27,1169.88,43.33,25,8602.54,1179.93,1179.93,10.05,1.0086
Affiliate,2025-04-01,2025-05-01,1,27,1169.88,43.33,4,1109.27,-109.3,1070.63,-99.25,0.9152
Affiliate,2025-04-01,2025-06-01,2,27,1169.88,43.33,3,644.34,141.06,1211.69,41.81,1.0357
Affiliate,2025-04-01,2025-07-01,3,27,1169.88,43.33,5,1034.30,115.12,1326.81,156.93,1.1341
Affiliate,2025-04-01,2025-08-01,4,27,1169.88,43.33,2,418.53,89.7,1416.51,246.63,1.2108
Affiliate,2025-04-01,2025-09-01,5,27,1169.88,43.33,2,1205.59,139.93,1556.44,386.56,1.3304
Affiliate,2025-04-01,2025-10-01,6,27,1169.88,43.33,1,246.03,9.59,1566.03,396.15,1.3386
Affiliate,2025-04-01,2025-11-01,7,27,1169.88,43.33,0,0.00,0.0,1566.03,396.15,1.3386
Affiliate,2025-04-01,2025-12-01,8,27,1169.88,43.33,0,0.00,0.0,1566.03,396.15,1.3386
Affiliate,2025-04-01,2026-01-01,9,27,1169.88,43.33,0,0.00,0.0,1566.03,396.15,1.3386
Affiliate,2025-04-01,2026-02-01,10,27,1169.88,43.33,0,0.00,0.0,1566.03,396.15,1.3386
Affiliate,2025-04-01,2026-03-01,11,27,1169.88,43.33,0,0.00,0.0,1566.03,396.15,1.3386
Affiliate,2025-04-01,2026-04-01,12,27,1169.88,43.33,0,0.00,0.0,1566.03,396.15,1.3386
Affiliate,2025-04-01,2026-05-01,13,27,1169.88,43.33,0,0.00,0.0,1566.03,396.15,1.3386
Affiliate,2025-04-01,2026-06-01,14,27,1169.88,43.33,0,0.00,0.0,1566.03,396.15,1.3386
Email & CRM,2024-01-01,2024-01-01,0,14,85.43,6.1,13,5413.70,1115.09,1115.09,1029.66,13.0527
Email & CRM,2024-01-01,2024-02-01,1,14,85.43,6.1,1,14.17,10.37,1125.46,1040.03,13.1741
Email & CRM,2024-01-01,2024-03-01,2,14,85.43,6.1,4,1880.57,705.74,1831.2,1745.77,21.4351
Email & CRM,2024-01-01,2024-04-01,3,14,85.43,6.1,0,0.00,0.0,1831.2,1745.77,21.4351
Email & CRM,2024-01-01,2024-05-01,4,14,85.43,6.1,2,492.97,152.2,1983.4,1897.97,23.2167
Email & CRM,2024-01-01,2024-06-01,5,14,85.43,6.1,2,145.26,60.87,2044.27,1958.84,23.9292
Email & CRM,2024-01-01,2024-07-01,6,14,85.43,6.1,0,0.00,0.0,2044.27,1958.84,23.9292
Email & CRM,2024-01-01,2024-08-01,7,14,85.43,6.1,2,683.12,44.73,2089.0,2003.57,24.4528
Email & CRM,2024-01-01,2024-09-01,8,14,85.43,6.1,0,0.00,0.0,2089.0,2003.57,24.4528
Email & CRM,2024-01-01,2024-10-01,9,14,85.43,6.1,1,78.63,-50.75,2038.25,1952.82,23.8587
Email & CRM,2024-01-01,2024-11-01,10,14,85.43,6.1,0,0.00,0.0,2038.25,1952.82,23.8587
Email & CRM,2024-01-01,2024-12-01,11,14,85.43,6.1,1,363.17,167.25,2205.5,2120.07,25.8165
Email & CRM,2024-01-01,2025-01-01,12,14,85.43,6.1,0,0.00,0.0,2205.5,2120.07,25.8165
Email & CRM,2024-01-01,2025-02-01,13,14,85.43,6.1,1,1477.28,578.44,2783.94,2698.51,32.5874
Email & CRM,2024-01-01,2025-03-01,14,14,85.43,6.1,0,0.00,0.0,2783.94,2698.51,32.5874
Email & CRM,2024-01-01,2025-04-01,15,14,85.43,6.1,0,0.00,0.0,2783.94,2698.51,32.5874
Email & CRM,2024-01-01,2025-05-01,16,14,85.43,6.1,0,0.00,0.0,2783.94,2698.51,32.5874
Email & CRM,2024-01-01,2025-06-01,17,14,85.43,6.1,0,0.00,0.0,2783.94,2698.51,32.5874
Email & CRM,2024-01-01,2025-07-01,18,14,85.43,6.1,0,0.00,0.0,2783.94,2698.51,32.5874
Email & CRM,2024-01-01,2025-08-01,19,14,85.43,6.1,0,0.00,0.0,2783.94,2698.51,32.5874
Email & CRM,2024-01-01,2025-09-01,20,14,85.43,6.1,0,0.00,0.0,2783.94,2698.51,32.5874
Email & CRM,2024-01-01,2025-10-01,21,14,85.43,6.1,0,0.00,0.0,2783.94,2698.51,32.5874
Email & CRM,2024-01-01,2025-11-01,22,14,85.43,6.1,0,0.00,0.0,2783.94,2698.51,32.5874
Email & CRM,2024-01-01,2025-12-01,23,14,85.43,6.1,0,0.00,0.0,2783.94,2698.51,32.5874
Email & CRM,2024-01-01,2026-01-01,24,14,85.43,6.1,0,0.00,0.0,2783.94,2698.51,32.5874
Email & CRM,2024-01-01,2026-02-01,25,14,85.43,6.1,0,0.00,0.0,2783.94,2698.51,32.5874
Email & CRM,2024-01-01,2026-03-01,26,14,85.43,6.1,0,0.00,0.0,2783.94,2698.51,32.5874
Email & CRM,2024-01-01,2026-04-01,27,14,85.43,6.1,0,0.00,0.0,2783.94,2698.51,32.5874
Email & CRM,2024-01-01,2026-05-01,28,14,85.43,6.1,0,0.00,0.0,2783.94,2698.51,32.5874
Email & CRM,2024-01-01,2026-06-01,29,14,85.43,6.1,0,0.00,0.0,2783.94,2698.51,32.5874
Email & CRM,2024-02-01,2024-02-01,0,19,116.89,6.15,18,3590.18,1269.87,1269.87,1152.98,10.8638
Email & CRM,2024-02-01,2024-03-01,1,19,116.89,6.15,5,625.92,246.94,1516.81,1399.92,12.9764
Email & CRM,2024-02-01,2024-04-01,2,19,116.89,6.15,2,345.79,101.34,1618.15,1501.26,13.8434
Email & CRM,2024-02-01,2024-05-01,3,19,116.89,6.15,1,563.77,132.57,1750.72,1633.83,14.9775
Email & CRM,2024-02-01,2024-06-01,4,19,116.89,6.15,2,296.29,75.63,1826.35,1709.46,15.6245
Email & CRM,2024-02-01,2024-07-01,5,19,116.89,6.15,3,558.42,134.71,1961.06,1844.17,16.777
Email & CRM,2024-02-01,2024-08-01,6,19,116.89,6.15,2,78.46,22.3,1983.36,1866.47,16.9677
Email & CRM,2024-02-01,2024-09-01,7,19,116.89,6.15,1,448.18,39.27,2022.63,1905.74,17.3037
Email & CRM,2024-02-01,2024-10-01,8,19,116.89,6.15,1,21.76,7.78,2030.41,1913.52,17.3703
Email & CRM,2024-02-01,2024-11-01,9,19,116.89,6.15,2,107.35,43.84,2074.25,1957.36,17.7453
Email & CRM,2024-02-01,2024-12-01,10,19,116.89,6.15,0,0.00,0.0,2074.25,1957.36,17.7453
Email & CRM,2024-02-01,2025-01-01,11,19,116.89,6.15,2,407.54,38.21,2112.46,1995.57,18.0722
Email & CRM,2024-02-01,2025-02-01,12,19,116.89,6.15,1,51.74,25.32,2137.78,2020.89,18.2888
Email & CRM,2024-02-01,2025-03-01,13,19,116.89,6.15,1,348.70,187.46,2325.24,2208.35,19.8925
Email & CRM,2024-02-01,2025-04-01,14,19,116.89,6.15,1,26.40,7.7,2332.94,2216.05,19.9584
Email & CRM,2024-02-01,2025-05-01,15,19,116.89,6.15,0,0.00,0.0,2332.94,2216.05,19.9584
Email & CRM,2024-02-01,2025-06-01,16,19,116.89,6.15,0,0.00,0.0,2332.94,2216.05,19.9584
Email & CRM,2024-02-01,2025-07-01,17,19,116.89,6.15,1,189.90,-112.18,2220.76,2103.87,18.9987
Email & CRM,2024-02-01,2025-08-01,18,19,116.89,6.15,0,0.00,0.0,2220.76,2103.87,18.9987
Email & CRM,2024-02-01,2025-09-01,19,19,116.89,6.15,0,0.00,0.0,2220.76,2103.87,18.9987
Email & CRM,2024-02-01,2025-10-01,20,19,116.89,6.15,0,0.00,0.0,2220.76,2103.87,18.9987
Email & CRM,2024-02-01,2025-11-01,21,19,116.89,6.15,0,0.00,0.0,2220.76,2103.87,18.9987
Email & CRM,2024-02-01,2025-12-01,22,19,116.89,6.15,0,0.00,0.0,2220.76,2103.87,18.9987
Email & CRM,2024-02-01,2026-01-01,23,19,116.89,6.15,0,0.00,0.0,2220.76,2103.87,18.9987
Email & CRM,2024-02-01,2026-02-01,24,19,116.89,6.15,0,0.00,0.0,2220.76,2103.87,18.9987
Email & CRM,2024-02-01,2026-03-01,25,19,116.89,6.15,0,0.00,0.0,2220.76,2103.87,18.9987
Email & CRM,2024-02-01,2026-04-01,26,19,116.89,6.15,0,0.00,0.0,2220.76,2103.87,18.9987
Email & CRM,2024-02-01,2026-05-01,27,19,116.89,6.15,0,0.00,0.0,2220.76,2103.87,18.9987
Email & CRM,2024-02-01,2026-06-01,28,19,116.89,6.15,0,0.00,0.0,2220.76,2103.87,18.9987
Email & CRM,2024-07-01,2024-07-01,0,22,139.78,6.35,21,5785.43,1197.86,1197.86,1058.08,8.5696
Email & CRM,2024-07-01,2024-08-01,1,22,139.78,6.35,5,1980.22,462.84,1660.7,1520.92,11.8808
Email & CRM,2024-07-01,2024-09-01,2,22,139.78,6.35,5,1858.04,554.13,2214.83,2075.05,15.8451
Email & CRM,2024-07-01,2024-10-01,3,22,139.78,6.35,5,974.55,209.8,2424.63,2284.85,17.346
Email & CRM,2024-07-01,2024-11-01,4,22,139.78,6.35,4,1814.40,-135.27,2289.36,2149.58,16.3783
Email & CRM,2024-07-01,2024-12-01,5,22,139.78,6.35,6,760.14,126.35,2415.71,2275.93,17.2822
Email & CRM,2024-07-01,2025-01-01,6,22,139.78,6.35,2,452.84,156.68,2572.39,2432.61,18.4031
Email & CRM,2024-07-01,2025-02-01,7,22,139.78,6.35,4,1422.97,371.65,2944.04,2804.26,21.062
Email & CRM,2024-07-01,2025-03-01,8,22,139.78,6.35,4,1326.82,480.45,3424.49,3284.71,24.4991
Email & CRM,2024-07-01,2025-04-01,9,22,139.78,6.35,1,74.87,39.02,3463.51,3323.73,24.7783
Email & CRM,2024-07-01,2025-05-01,10,22,139.78,6.35,0,0.00,0.0,3463.51,3323.73,24.7783
Email & CRM,2024-07-01,2025-06-01,11,22,139.78,6.35,0,0.00,0.0,3463.51,3323.73,24.7783
Email & CRM,2024-07-01,2025-07-01,12,22,139.78,6.35,1,489.38,148.08,3611.59,3471.81,25.8377
Email & CRM,2024-07-01,2025-08-01,13,22,139.78,6.35,0,0.00,0.0,3611.59,3471.81,25.8377
Email & CRM,2024-07-01,2025-09-01,14,22,139.78,6.35,0,0.00,0.0,3611.59,3471.81,25.8377
Email & CRM,2024-07-01,2025-10-01,15,22,139.78,6.35,0,0.00,0.0,3611.59,3471.81,25.8377
Email & CRM,2024-07-01,2025-11-01,16,22,139.78,6.35,0,0.00,0.0,3611.59,3471.81,25.8377
Email & CRM,2024-07-01,2025-12-01,17,22,139.78,6.35,0,0.00,0.0,3611.59,3471.81,25.8377
Email & CRM,2024-07-01,2026-01-01,18,22,139.78,6.35,0,0.00,0.0,3611.59,3471.81,25.8377
Email & CRM,2024-07-01,2026-02-01,19,22,139.78,6.35,0,0.00,0.0,3611.59,3471.81,25.8377
Email & CRM,2024-07-01,2026-03-01,20,22,139.78,6.35,0,0.00,0.0,3611.59,3471.81,25.8377
Email & CRM,2024-07-01,2026-04-01,21,22,139.78,6.35,0,0.00,0.0,3611.59,3471.81,25.8377
Email & CRM,2024-07-01,2026-05-01,22,22,139.78,6.35,0,0.00,0.0,3611.59,3471.81,25.8377
Email & CRM,2024-07-01,2026-06-01,23,22,139.78,6.35,0,0.00,0.0,3611.59,3471.81,25.8377
Email & CRM,2024-12-01,2024-12-01,0,51,285.33,5.59,48,14166.99,4220.4,4220.4,3935.07,14.7913
Email & CRM,2024-12-01,2025-01-01,1,51,285.33,5.59,14,3639.64,420.8,4641.2,4355.87,16.2661
Email & CRM,2024-12-01,2025-02-01,2,51,285.33,5.59,11,3451.05,619.45,5260.65,4975.32,18.4371
Email & CRM,2024-12-01,2025-03-01,3,51,285.33,5.59,12,2654.39,572.08,5832.73,5547.4,20.442
Email & CRM,2024-12-01,2025-04-01,4,51,285.33,5.59,10,2851.38,469.92,6302.65,6017.32,22.089
Email & CRM,2024-12-01,2025-05-01,5,51,285.33,5.59,10,3254.79,756.61,7059.26,6773.93,24.7407
Email & CRM,2024-12-01,2025-06-01,6,51,285.33,5.59,6,2171.10,390.98,7450.24,7164.91,26.111
Email & CRM,2024-12-01,2025-07-01,7,51,285.33,5.59,7,2471.06,599.36,8049.6,7764.27,28.2115
Email & CRM,2024-12-01,2025-08-01,8,51,285.33,5.59,6,903.22,262.11,8311.71,8026.38,29.1302
Email & CRM,2024-12-01,2025-09-01,9,51,285.33,5.59,4,889.17,184.61,8496.32,8210.99,29.7772
Email & CRM,2024-12-01,2025-10-01,10,51,285.33,5.59,5,2661.17,472.51,8968.83,8683.5,31.4332
Email & CRM,2024-12-01,2025-11-01,11,51,285.33,5.59,2,366.51,67.86,9036.69,8751.36,31.671
Email & CRM,2024-12-01,2025-12-01,12,51,285.33,5.59,1,80.31,43.64,9080.33,8795.0,31.824
Email & CRM,2024-12-01,2026-01-01,13,51,285.33,5.59,3,593.88,185.11,9265.44,8980.11,32.4727
Email & CRM,2024-12-01,2026-02-01,14,51,285.33,5.59,2,580.56,160.15,9425.59,9140.26,33.034
Email & CRM,2024-12-01,2026-03-01,15,51,285.33,5.59,2,728.16,164.14,9589.73,9304.4,33.6093
Email & CRM,2024-12-01,2026-04-01,16,51,285.33,5.59,1,50.69,26.92,9616.65,9331.32,33.7036
Email & CRM,2024-12-01,2026-05-01,17,51,285.33,5.59,3,604.91,164.57,9781.22,9495.89,34.2804
Email & CRM,2024-12-01,2026-06-01,18,51,285.33,5.59,0,0.00,0.0,9781.22,9495.89,34.2804
Email & CRM,2025-02-01,2025-02-01,0,22,132.40,6.02,22,6896.62,1429.9,1429.9,1297.5,10.7998
Email & CRM,2025-02-01,2025-03-01,1,22,132.40,6.02,5,1185.97,143.23,1573.13,1440.73,11.8816
Email & CRM,2025-02-01,2025-04-01,2,22,132.40,6.02,4,742.16,166.91,1740.04,1607.64,13.1423
Email & CRM,2025-02-01,2025-05-01,3,22,132.40,6.02,4,1393.41,411.58,2151.62,2019.22,16.2509
Email & CRM,2025-02-01,2025-06-01,4,22,132.40,6.02,3,708.67,271.64,2423.26,2290.86,18.3026
Email & CRM,2025-02-01,2025-07-01,5,22,132.40,6.02,4,484.79,54.33,2477.59,2345.19,18.7129
Email & CRM,2025-02-01,2025-08-01,6,22,132.40,6.02,5,1251.36,171.67,2649.26,2516.86,20.0095
Email & CRM,2025-02-01,2025-09-01,7,22,132.40,6.02,7,2097.54,688.86,3338.12,3205.72,25.2124
Email & CRM,2025-02-01,2025-10-01,8,22,132.40,6.02,2,195.25,102.16,3440.28,3307.88,25.984
Email & CRM,2025-02-01,2025-11-01,9,22,132.40,6.02,0,0.00,0.0,3440.28,3307.88,25.984
Email & CRM,2025-02-01,2025-12-01,10,22,132.40,6.02,2,632.14,12.3,3452.58,3320.18,26.0769
Email & CRM,2025-02-01,2026-01-01,11,22,132.40,6.02,0,0.00,0.0,3452.58,3320.18,26.0769
Email & CRM,2025-02-01,2026-02-01,12,22,132.40,6.02,0,0.00,0.0,3452.58,3320.18,26.0769
Email & CRM,2025-02-01,2026-03-01,13,22,132.40,6.02,0,0.00,0.0,3452.58,3320.18,26.0769
Email & CRM,2025-02-01,2026-04-01,14,22,132.40,6.02,0,0.00,0.0,3452.58,3320.18,26.0769
Email & CRM,2025-02-01,2026-05-01,15,22,132.40,6.02,0,0.00,0.0,3452.58,3320.18,26.0769
Email & CRM,2025-02-01,2026-06-01,16,22,132.40,6.02,0,0.00,0.0,3452.58,3320.18,26.0769
Email & CRM,2025-09-01,2025-09-01,0,41,239.92,5.85,37,10101.60,3341.78,3341.78,3101.86,13.9287
Email & CRM,2025-09-01,2025-10-01,1,41,239.92,5.85,12,3220.71,1160.93,4502.71,4262.79,18.7675
Email & CRM,2025-09-01,2025-11-01,2,41,239.92,5.85,13,3668.36,346.72,4849.43,4609.51,20.2127
Email & CRM,2025-09-01,2025-12-01,3,41,239.92,5.85,11,1992.03,683.2,5532.63,5292.71,23.0603
Email & CRM,2025-09-01,2026-01-01,4,41,239.92,5.85,9,1889.53,366.83,5899.46,5659.54,24.5893
Email & CRM,2025-09-01,2026-02-01,5,41,239.92,5.85,7,1873.43,720.95,6620.41,6380.49,27.5942
Email & CRM,2025-09-01,2026-03-01,6,41,239.92,5.85,3,835.82,116.9,6737.31,6497.39,28.0815
Email & CRM,2025-09-01,2026-04-01,7,41,239.92,5.85,4,561.47,137.09,6874.4,6634.48,28.6529
Email & CRM,2025-09-01,2026-05-01,8,41,239.92,5.85,6,1377.01,517.88,7392.28,7152.36,30.8114
Email & CRM,2025-09-01,2026-06-01,9,41,239.92,5.85,3,604.77,212.23,7604.51,7364.59,31.696
Email & CRM,2025-12-01,2025-12-01,0,38,223.12,5.87,37,10900.05,2183.35,2183.35,1960.23,9.7855
Email & CRM,2025-12-01,2026-01-01,1,38,223.12,5.87,10,4709.21,782.2,2965.55,2742.43,13.2913
Email & CRM,2025-12-01,2026-02-01,2,38,223.12,5.87,15,4550.51,795.47,3761.02,3537.9,16.8565
Email & CRM,2025-12-01,2026-03-01,3,38,223.12,5.87,7,2787.19,502.31,4263.33,4040.21,19.1078
Email & CRM,2025-12-01,2026-04-01,4,38,223.12,5.87,7,1752.44,517.47,4780.8,4557.68,21.427
Email & CRM,2025-12-01,2026-05-01,5,38,223.12,5.87,2,281.30,145.94,4926.74,4703.62,22.0811
Email & CRM,2025-12-01,2026-06-01,6,38,223.12,5.87,3,330.60,140.51,5067.25,4844.13,22.7109
Email & CRM,2026-02-01,2026-02-01,0,30,180.52,6.02,27,6954.80,1504.53,1504.53,1324.01,8.3344
Email & CRM,2026-02-01,2026-03-01,1,30,180.52,6.02,11,3783.84,691.93,2196.46,2015.94,12.1674
Email & CRM,2026-02-01,2026-04-01,2,30,180.52,6.02,4,1684.63,490.79,2687.25,2506.73,14.8862
Email & CRM,2026-02-01,2026-05-01,3,30,180.52,6.02,8,1029.86,293.26,2980.51,2799.99,16.5107
Email & CRM,2026-02-01,2026-06-01,4,30,180.52,6.02,9,3594.20,356.91,3337.42,3156.9,18.4878
Organic Search,2024-06-01,2024-06-01,0,49,181.70,3.71,46,14051.62,3271.29,3271.29,3089.59,18.0038
Organic Search,2024-06-01,2024-07-01,1,49,181.70,3.71,10,1639.36,481.88,3753.17,3571.47,20.6559
Organic Search,2024-06-01,2024-08-01,2,49,181.70,3.71,5,730.81,186.02,3939.19,3757.49,21.6796
Organic Search,2024-06-01,2024-09-01,3,49,181.70,3.71,7,1226.90,218.67,4157.86,3976.16,22.8831
Organic Search,2024-06-01,2024-10-01,4,49,181.70,3.71,7,1731.64,316.76,4474.62,4292.92,24.6264
Organic Search,2024-06-01,2024-11-01,5,49,181.70,3.71,4,1192.46,421.08,4895.7,4714.0,26.9439
Organic Search,2024-06-01,2024-12-01,6,49,181.70,3.71,2,551.33,99.34,4995.04,4813.34,27.4906
Organic Search,2024-06-01,2025-01-01,7,49,181.70,3.71,4,351.86,52.04,5047.08,4865.38,27.777
Organic Search,2024-06-01,2025-02-01,8,49,181.70,3.71,3,1039.26,409.09,5456.17,5274.47,30.0285
Organic Search,2024-06-01,2025-03-01,9,49,181.70,3.71,1,1126.86,155.55,5611.72,5430.02,30.8845
Organic Search,2024-06-01,2025-04-01,10,49,181.70,3.71,2,740.82,214.15,5825.87,5644.17,32.0631
Organic Search,2024-06-01,2025-05-01,11,49,181.70,3.71,2,97.16,55.72,5881.59,5699.89,32.3698
Organic Search,2024-06-01,2025-06-01,12,49,181.70,3.71,0,0.00,0.0,5881.59,5699.89,32.3698
Organic Search,2024-06-01,2025-07-01,13,49,181.70,3.71,2,117.36,3.54,5885.13,5703.43,32.3893
Organic Search,2024-06-01,2025-08-01,14,49,181.70,3.71,1,393.45,-49.88,5835.25,5653.55,32.1147
Organic Search,2024-06-01,2025-09-01,15,49,181.70,3.71,2,365.18,126.11,5961.36,5779.66,32.8088
Organic Search,2024-06-01,2025-10-01,16,49,181.70,3.71,1,821.38,-115.38,5845.98,5664.28,32.1738
Organic Search,2024-06-01,2025-11-01,17,49,181.70,3.71,0,0.00,0.0,5845.98,5664.28,32.1738
Organic Search,2024-06-01,2025-12-01,18,49,181.70,3.71,1,161.57,15.41,5861.39,5679.69,32.2586
Organic Search,2024-06-01,2026-01-01,19,49,181.70,3.71,0,0.00,0.0,5861.39,5679.69,32.2586
Organic Search,2024-06-01,2026-02-01,20,49,181.70,3.71,1,797.45,80.9,5942.29,5760.59,32.7039
Organic Search,2024-06-01,2026-03-01,21,49,181.70,3.71,0,0.00,0.0,5942.29,5760.59,32.7039
Organic Search,2024-06-01,2026-04-01,22,49,181.70,3.71,0,0.00,0.0,5942.29,5760.59,32.7039
Organic Search,2024-06-01,2026-05-01,23,49,181.70,3.71,0,0.00,0.0,5942.29,5760.59,32.7039
Organic Search,2024-06-01,2026-06-01,24,49,181.70,3.71,1,138.42,33.76,5976.05,5794.35,32.8897
Organic Search,2026-04-01,2026-04-01,0,49,185.14,3.78,48,14141.42,3162.12,3162.12,2976.98,17.0796
Organic Search,2026-04-01,2026-05-01,1,49,185.14,3.78,8,1745.06,550.39,3712.51,3527.37,20.0524
Organic Search,2026-04-01,2026-06-01,2,49,185.14,3.78,9,5388.82,1046.42,4758.93,4573.79,25.7045
Affiliate,2024-04-01,2024-04-01,0,31,1339.72,43.22,28,7082.06,921.5,921.5,-418.22,0.6878
Affiliate,2024-04-01,2024-05-01,1,31,1339.72,43.22,8,3151.10,618.42,1539.92,200.2,1.1494
Affiliate,2024-04-01,2024-06-01,2,31,1339.72,43.22,5,822.50,231.46,1771.38,431.66,1.3222
Affiliate,2024-04-01,2024-07-01,3,31,1339.72,43.22,2,1391.52,269.44,2040.82,701.1,1.5233
Affiliate,2024-04-01,2024-08-01,4,31,1339.72,43.22,0,0.00,0.0,2040.82,701.1,1.5233
Affiliate,2024-04-01,2024-09-01,5,31,1339.72,43.22,1,11.93,6.57,2047.39,707.67,1.5282
Affiliate,2024-04-01,2024-10-01,6,31,1339.72,43.22,0,0.00,0.0,2047.39,707.67,1.5282
Affiliate,2024-04-01,2024-11-01,7,31,1339.72,43.22,0,0.00,0.0,2047.39,707.67,1.5282
Affiliate,2024-04-01,2024-12-01,8,31,1339.72,43.22,0,0.00,0.0,2047.39,707.67,1.5282
Affiliate,2024-04-01,2025-01-01,9,31,1339.72,43.22,0,0.00,0.0,2047.39,707.67,1.5282
Affiliate,2024-04-01,2025-02-01,10,31,1339.72,43.22,0,0.00,0.0,2047.39,707.67,1.5282
Affiliate,2024-04-01,2025-03-01,11,31,1339.72,43.22,0,0.00,0.0,2047.39,707.67,1.5282
Affiliate,2024-04-01,2025-04-01,12,31,1339.72,43.22,0,0.00,0.0,2047.39,707.67,1.5282
Affiliate,2024-04-01,2025-05-01,13,31,1339.72,43.22,0,0.00,0.0,2047.39,707.67,1.5282
Affiliate,2024-04-01,2025-06-01,14,31,1339.72,43.22,0,0.00,0.0,2047.39,707.67,1.5282
Affiliate,2024-04-01,2025-07-01,15,31,1339.72,43.22,0,0.00,0.0,2047.39,707.67,1.5282
Affiliate,2024-04-01,2025-08-01,16,31,1339.72,43.22,0,0.00,0.0,2047.39,707.67,1.5282
Affiliate,2024-04-01,2025-09-01,17,31,1339.72,43.22,0,0.00,0.0,2047.39,707.67,1.5282
Affiliate,2024-04-01,2025-10-01,18,31,1339.72,43.22,0,0.00,0.0,2047.39,707.67,1.5282
Affiliate,2024-04-01,2025-11-01,19,31,1339.72,43.22,0,0.00,0.0,2047.39,707.67,1.5282
Affiliate,2024-04-01,2025-12-01,20,31,1339.72,43.22,0,0.00,0.0,2047.39,707.67,1.5282
Affiliate,2024-04-01,2026-01-01,21,31,1339.72,43.22,0,0.00,0.0,2047.39,707.67,1.5282
Affiliate,2024-04-01,2026-02-01,22,31,1339.72,43.22,0,0.00,0.0,2047.39,707.67,1.5282
Affiliate,2024-04-01,2026-03-01,23,31,1339.72,43.22,0,0.00,0.0,2047.39,707.67,1.5282
Affiliate,2024-04-01,2026-04-01,24,31,1339.72,43.22,0,0.00,0.0,2047.39,707.67,1.5282
Affiliate,2024-04-01,2026-05-01,25,31,1339.72,43.22,0,0.00,0.0,2047.39,707.67,1.5282
Affiliate,2024-04-01,2026-06-01,26,31,1339.72,43.22,0,0.00,0.0,2047.39,707.67,1.5282
Email & CRM,2024-06-01,2024-06-01,0,43,268.20,6.24,36,12553.50,1816.75,1816.75,1548.55,6.7739
Email & CRM,2024-06-01,2024-07-01,1,43,268.20,6.24,19,5820.81,1353.72,3170.47,2902.27,11.8213
Email & CRM,2024-06-01,2024-08-01,2,43,268.20,6.24,15,4254.39,843.69,4014.16,3745.96,14.967
Email & CRM,2024-06-01,2024-09-01,3,43,268.20,6.24,10,1694.66,664.45,4678.61,4410.41,17.4445
Email & CRM,2024-06-01,2024-10-01,4,43,268.20,6.24,7,1812.69,509.46,5188.07,4919.87,19.344
Email & CRM,2024-06-01,2024-11-01,5,43,268.20,6.24,8,2381.79,379.52,5567.59,5299.39,20.7591
Email & CRM,2024-06-01,2024-12-01,6,43,268.20,6.24,8,2455.19,509.45,6077.04,5808.84,22.6586
Email & CRM,2024-06-01,2025-01-01,7,43,268.20,6.24,3,810.67,185.47,6262.51,5994.31,23.3501
Email & CRM,2024-06-01,2025-02-01,8,43,268.20,6.24,4,957.11,302.34,6564.85,6296.65,24.4774
Email & CRM,2024-06-01,2025-03-01,9,43,268.20,6.24,2,124.05,36.84,6601.69,6333.49,24.6148
Email & CRM,2024-06-01,2025-04-01,10,43,268.20,6.24,4,751.91,310.62,6912.31,6644.11,25.773
Email & CRM,2024-06-01,2025-05-01,11,43,268.20,6.24,1,531.97,182.55,7094.86,6826.66,26.4536
Email & CRM,2024-06-01,2025-06-01,12,43,268.20,6.24,2,144.35,44.8,7139.66,6871.46,26.6207
Email & CRM,2024-06-01,2025-07-01,13,43,268.20,6.24,0,0.00,0.0,7139.66,6871.46,26.6207
Email & CRM,2024-06-01,2025-08-01,14,43,268.20,6.24,1,260.73,122.02,7261.68,6993.48,27.0756
Email & CRM,2024-06-01,2025-09-01,15,43,268.20,6.24,1,211.90,24.52,7286.2,7018.0,27.167
Email & CRM,2024-06-01,2025-10-01,16,43,268.20,6.24,1,65.82,39.53,7325.73,7057.53,27.3144
Email & CRM,2024-06-01,2025-11-01,17,43,268.20,6.24,1,326.05,12.98,7338.71,7070.51,27.3628
Email & CRM,2024-06-01,2025-12-01,18,43,268.20,6.24,0,0.00,0.0,7338.71,7070.51,27.3628
Email & CRM,2024-06-01,2026-01-01,19,43,268.20,6.24,1,784.47,-154.23,7184.48,6916.28,26.7878
Email & CRM,2024-06-01,2026-02-01,20,43,268.20,6.24,0,0.00,0.0,7184.48,6916.28,26.7878
Email & CRM,2024-06-01,2026-03-01,21,43,268.20,6.24,0,0.00,0.0,7184.48,6916.28,26.7878
Email & CRM,2024-06-01,2026-04-01,22,43,268.20,6.24,1,106.13,-46.39,7138.09,6869.89,26.6148
Email & CRM,2024-06-01,2026-05-01,23,43,268.20,6.24,1,231.66,22.18,7160.27,6892.07,26.6975
Email & CRM,2024-06-01,2026-06-01,24,43,268.20,6.24,0,0.00,0.0,7160.27,6892.07,26.6975
Email & CRM,2026-04-01,2026-04-01,0,34,218.20,6.42,34,11066.27,1601.47,1601.47,1383.27,7.3395
Email & CRM,2026-04-01,2026-05-01,1,34,218.20,6.42,4,841.85,172.98,1774.45,1556.25,8.1322
Email & CRM,2026-04-01,2026-06-01,2,34,218.20,6.42,10,3114.92,653.7,2428.15,2209.95,11.1281
Organic Search,2024-01-01,2024-01-01,0,35,133.75,3.82,34,8596.13,2127.24,2127.24,1993.49,15.9046
Organic Search,2024-01-01,2024-02-01,1,35,133.75,3.82,10,3066.47,649.22,2776.46,2642.71,20.7586
Organic Search,2024-01-01,2024-03-01,2,35,133.75,3.82,8,2125.87,636.71,3413.17,3279.42,25.519
Organic Search,2024-01-01,2024-04-01,3,35,133.75,3.82,8,3447.20,837.76,4250.93,4117.18,31.7827
Organic Search,2024-01-01,2024-05-01,4,35,133.75,3.82,7,2639.44,889.9,5140.83,5007.08,38.4361
Organic Search,2024-01-01,2024-06-01,5,35,133.75,3.82,4,959.94,302.34,5443.17,5309.42,40.6966
Organic Search,2024-01-01,2024-07-01,6,35,133.75,3.82,4,1611.16,525.26,5968.43,5834.68,44.6238
Organic Search,2024-01-01,2024-08-01,7,35,133.75,3.82,0,0.00,0.0,5968.43,5834.68,44.6238
Organic Search,2024-01-01,2024-09-01,8,35,133.75,3.82,2,1816.36,341.94,6310.37,6176.62,47.1803
Organic Search,2024-01-01,2024-10-01,9,35,133.75,3.82,1,110.86,64.4,6374.77,6241.02,47.6618
Organic Search,2024-01-01,2024-11-01,10,35,133.75,3.82,3,1192.65,345.47,6720.24,6586.49,50.2448
Organic Search,2024-01-01,2024-12-01,11,35,133.75,3.82,1,417.74,40.45,6760.69,6626.94,50.5472
Organic Search,2024-01-01,2025-01-01,12,35,133.75,3.82,1,1035.63,42.29,6802.98,6669.23,50.8634
Organic Search,2024-01-01,2025-02-01,13,35,133.75,3.82,2,713.07,261.24,7064.22,6930.47,52.8166
Organic Search,2024-01-01,2025-03-01,14,35,133.75,3.82,0,0.00,0.0,7064.22,6930.47,52.8166
Organic Search,2024-01-01,2025-04-01,15,35,133.75,3.82,0,0.00,0.0,7064.22,6930.47,52.8166
Organic Search,2024-01-01,2025-05-01,16,35,133.75,3.82,0,0.00,0.0,7064.22,6930.47,52.8166
Organic Search,2024-01-01,2025-06-01,17,35,133.75,3.82,0,0.00,0.0,7064.22,6930.47,52.8166
Organic Search,2024-01-01,2025-07-01,18,35,133.75,3.82,0,0.00,0.0,7064.22,6930.47,52.8166
Organic Search,2024-01-01,2025-08-01,19,35,133.75,3.82,0,0.00,0.0,7064.22,6930.47,52.8166
Organic Search,2024-01-01,2025-09-01,20,35,133.75,3.82,0,0.00,0.0,7064.22,6930.47,52.8166
Organic Search,2024-01-01,2025-10-01,21,35,133.75,3.82,0,0.00,0.0,7064.22,6930.47,52.8166
Organic Search,2024-01-01,2025-11-01,22,35,133.75,3.82,0,0.00,0.0,7064.22,6930.47,52.8166
Organic Search,2024-01-01,2025-12-01,23,35,133.75,3.82,0,0.00,0.0,7064.22,6930.47,52.8166
Organic Search,2024-01-01,2026-01-01,24,35,133.75,3.82,0,0.00,0.0,7064.22,6930.47,52.8166
Organic Search,2024-01-01,2026-02-01,25,35,133.75,3.82,0,0.00,0.0,7064.22,6930.47,52.8166
Organic Search,2024-01-01,2026-03-01,26,35,133.75,3.82,0,0.00,0.0,7064.22,6930.47,52.8166
Organic Search,2024-01-01,2026-04-01,27,35,133.75,3.82,0,0.00,0.0,7064.22,6930.47,52.8166
Organic Search,2024-01-01,2026-05-01,28,35,133.75,3.82,0,0.00,0.0,7064.22,6930.47,52.8166
Organic Search,2024-01-01,2026-06-01,29,35,133.75,3.82,0,0.00,0.0,7064.22,6930.47,52.8166
Organic Search,2024-02-01,2024-02-01,0,49,188.11,3.84,44,14592.61,4199.03,4199.03,4010.92,22.3222
Organic Search,2024-02-01,2024-03-01,1,49,188.11,3.84,12,4567.74,1279.13,5478.16,5290.05,29.1221
Organic Search,2024-02-01,2024-04-01,2,49,188.11,3.84,7,1901.30,527.16,6005.32,5817.21,31.9245
Organic Search,2024-02-01,2024-05-01,3,49,188.11,3.84,8,1478.25,711.39,6716.71,6528.6,35.7063
Organic Search,2024-02-01,2024-06-01,4,49,188.11,3.84,2,206.38,43.78,6760.49,6572.38,35.939
Organic Search,2024-02-01,2024-07-01,5,49,188.11,3.84,6,2411.12,506.87,7267.36,7079.25,38.6336
Organic Search,2024-02-01,2024-08-01,6,49,188.11,3.84,4,677.36,282.17,7549.53,7361.42,40.1336
Organic Search,2024-02-01,2024-09-01,7,49,188.11,3.84,4,1134.94,384.84,7934.37,7746.26,42.1794
Organic Search,2024-02-01,2024-10-01,8,49,188.11,3.84,3,1487.43,415.58,8349.95,8161.84,44.3887
Organic Search,2024-02-01,2024-11-01,9,49,188.11,3.84,4,1020.34,358.5,8708.45,8520.34,46.2945
Organic Search,2024-02-01,2024-12-01,10,49,188.11,3.84,1,113.30,0.0,8708.45,8520.34,46.2945
Organic Search,2024-02-01,2025-01-01,11,49,188.11,3.84,2,405.61,107.55,8816.0,8627.89,46.8662
Organic Search,2024-02-01,2025-02-01,12,49,188.11,3.84,0,0.00,0.0,8816.0,8627.89,46.8662
Organic Search,2024-02-01,2025-03-01,13,49,188.11,3.84,0,0.00,0.0,8816.0,8627.89,46.8662
Organic Search,2024-02-01,2025-04-01,14,49,188.11,3.84,0,0.00,0.0,8816.0,8627.89,46.8662
Organic Search,2024-02-01,2025-05-01,15,49,188.11,3.84,0,0.00,0.0,8816.0,8627.89,46.8662
Organic Search,2024-02-01,2025-06-01,16,49,188.11,3.84,0,0.00,0.0,8816.0,8627.89,46.8662
Organic Search,2024-02-01,2025-07-01,17,49,188.11,3.84,0,0.00,0.0,8816.0,8627.89,46.8662
Organic Search,2024-02-01,2025-08-01,18,49,188.11,3.84,0,0.00,0.0,8816.0,8627.89,46.8662
Organic Search,2024-02-01,2025-09-01,19,49,188.11,3.84,0,0.00,0.0,8816.0,8627.89,46.8662
Organic Search,2024-02-01,2025-10-01,20,49,188.11,3.84,0,0.00,0.0,8816.0,8627.89,46.8662
Organic Search,2024-02-01,2025-11-01,21,49,188.11,3.84,0,0.00,0.0,8816.0,8627.89,46.8662
Organic Search,2024-02-01,2025-12-01,22,49,188.11,3.84,0,0.00,0.0,8816.0,8627.89,46.8662
Organic Search,2024-02-01,2026-01-01,23,49,188.11,3.84,0,0.00,0.0,8816.0,8627.89,46.8662
Organic Search,2024-02-01,2026-02-01,24,49,188.11,3.84,0,0.00,0.0,8816.0,8627.89,46.8662
Organic Search,2024-02-01,2026-03-01,25,49,188.11,3.84,0,0.00,0.0,8816.0,8627.89,46.8662
Organic Search,2024-02-01,2026-04-01,26,49,188.11,3.84,0,0.00,0.0,8816.0,8627.89,46.8662
Organic Search,2024-02-01,2026-05-01,27,49,188.11,3.84,0,0.00,0.0,8816.0,8627.89,46.8662
Organic Search,2024-02-01,2026-06-01,28,49,188.11,3.84,0,0.00,0.0,8816.0,8627.89,46.8662
Organic Search,2024-07-01,2024-07-01,0,45,194.98,4.33,39,12216.95,2815.19,2815.19,2620.21,14.4384
Organic Search,2024-07-01,2024-08-01,1,45,194.98,4.33,17,5397.50,1588.42,4403.61,4208.63,22.5849
Organic Search,2024-07-01,2024-09-01,2,45,194.98,4.33,10,2063.68,443.48,4847.09,4652.11,24.8594
Organic Search,2024-07-01,2024-10-01,3,45,194.98,4.33,13,6434.96,1400.74,6247.83,6052.85,32.0434
Organic Search,2024-07-01,2024-11-01,4,45,194.98,4.33,7,1853.54,374.2,6622.03,6427.05,33.9626
Organic Search,2024-07-01,2024-12-01,5,45,194.98,4.33,5,1528.29,743.46,7365.49,7170.51,37.7756
Organic Search,2024-07-01,2025-01-01,6,45,194.98,4.33,3,897.08,171.95,7537.44,7342.46,38.6575
Organic Search,2024-07-01,2025-02-01,7,45,194.98,4.33,3,692.57,243.95,7781.39,7586.41,39.9087
Organic Search,2024-07-01,2025-03-01,8,45,194.98,4.33,3,624.70,322.43,8103.82,7908.84,41.5623
Organic Search,2024-07-01,2025-04-01,9,45,194.98,4.33,3,1574.92,304.4,8408.22,8213.24,43.1235
Organic Search,2024-07-01,2025-05-01,10,45,194.98,4.33,3,310.16,112.47,8520.69,8325.71,43.7003
Organic Search,2024-07-01,2025-06-01,11,45,194.98,4.33,1,100.06,28.82,8549.51,8354.53,43.8481
Organic Search,2024-07-01,2025-07-01,12,45,194.98,4.33,0,0.00,0.0,8549.51,8354.53,43.8481
Organic Search,2024-07-01,2025-08-01,13,45,194.98,4.33,0,0.00,0.0,8549.51,8354.53,43.8481
Organic Search,2024-07-01,2025-09-01,14,45,194.98,4.33,0,0.00,0.0,8549.51,8354.53,43.8481
Organic Search,2024-07-01,2025-10-01,15,45,194.98,4.33,0,0.00,0.0,8549.51,8354.53,43.8481
Organic Search,2024-07-01,2025-11-01,16,45,194.98,4.33,0,0.00,0.0,8549.51,8354.53,43.8481
Organic Search,2024-07-01,2025-12-01,17,45,194.98,4.33,1,288.27,96.42,8645.93,8450.95,44.3427
Organic Search,2024-07-01,2026-01-01,18,45,194.98,4.33,0,0.00,0.0,8645.93,8450.95,44.3427
Organic Search,2024-07-01,2026-02-01,19,45,194.98,4.33,0,0.00,0.0,8645.93,8450.95,44.3427
Organic Search,2024-07-01,2026-03-01,20,45,194.98,4.33,0,0.00,0.0,8645.93,8450.95,44.3427
Organic Search,2024-07-01,2026-04-01,21,45,194.98,4.33,0,0.00,0.0,8645.93,8450.95,44.3427
Organic Search,2024-07-01,2026-05-01,22,45,194.98,4.33,0,0.00,0.0,8645.93,8450.95,44.3427
Organic Search,2024-07-01,2026-06-01,23,45,194.98,4.33,0,0.00,0.0,8645.93,8450.95,44.3427
Organic Search,2024-12-01,2024-12-01,0,107,413.58,3.87,103,31379.39,6918.57,6918.57,6504.99,16.7285
Organic Search,2024-12-01,2025-01-01,1,107,413.58,3.87,24,9191.19,1902.36,8820.93,8407.35,21.3282
Organic Search,2024-12-01,2025-02-01,2,107,413.58,3.87,22,7128.73,1188.27,10009.2,9595.62,24.2014
Organic Search,2024-12-01,2025-03-01,3,107,413.58,3.87,19,5659.77,1043.64,11052.84,10639.26,26.7248
Organic Search,2024-12-01,2025-04-01,4,107,413.58,3.87,6,2137.10,568.55,11621.39,11207.81,28.0995
Organic Search,2024-12-01,2025-05-01,5,107,413.58,3.87,12,3674.01,1305.49,12926.88,12513.3,31.2561
Organic Search,2024-12-01,2025-06-01,6,107,413.58,3.87,8,1672.19,680.9,13607.78,13194.2,32.9024
Organic Search,2024-12-01,2025-07-01,7,107,413.58,3.87,7,3498.27,444.84,14052.62,13639.04,33.978
Organic Search,2024-12-01,2025-08-01,8,107,413.58,3.87,3,1343.67,374.96,14427.58,14014.0,34.8846
Organic Search,2024-12-01,2025-09-01,9,107,413.58,3.87,4,1201.01,361.11,14788.69,14375.11,35.7577
Organic Search,2024-12-01,2025-10-01,10,107,413.58,3.87,3,1166.73,263.94,15052.63,14639.05,36.3959
Organic Search,2024-12-01,2025-11-01,11,107,413.58,3.87,2,229.43,96.74,15149.37,14735.79,36.6298
Organic Search,2024-12-01,2025-12-01,12,107,413.58,3.87,4,1846.21,382.43,15531.8,15118.22,37.5545
Organic Search,2024-12-01,2026-01-01,13,107,413.58,3.87,2,456.68,237.01,15768.81,15355.23,38.1276
Organic Search,2024-12-01,2026-02-01,14,107,413.58,3.87,1,22.30,14.16,15782.97,15369.39,38.1618
Organic Search,2024-12-01,2026-03-01,15,107,413.58,3.87,1,322.04,129.19,15912.16,15498.58,38.4742
Organic Search,2024-12-01,2026-04-01,16,107,413.58,3.87,0,0.00,0.0,15912.16,15498.58,38.4742
Organic Search,2024-12-01,2026-05-01,17,107,413.58,3.87,0,0.00,0.0,15912.16,15498.58,38.4742
Organic Search,2024-12-01,2026-06-01,18,107,413.58,3.87,0,0.00,0.0,15912.16,15498.58,38.4742
Organic Search,2025-02-01,2025-02-01,0,31,125.40,4.05,30,8331.32,2214.38,2214.38,2088.98,17.6585
Organic Search,2025-02-01,2025-03-01,1,31,125.40,4.05,6,1680.55,438.45,2652.83,2527.43,21.1549
Organic Search,2025-02-01,2025-04-01,2,31,125.40,4.05,5,2092.10,410.13,3062.96,2937.56,24.4255
Organic Search,2025-02-01,2025-05-01,3,31,125.40,4.05,3,602.35,103.94,3166.9,3041.5,25.2544
Organic Search,2025-02-01,2025-06-01,4,31,125.40,4.05,3,1697.78,318.57,3485.47,3360.07,27.7948
Organic Search,2025-02-01,2025-07-01,5,31,125.40,4.05,0,0.00,0.0,3485.47,3360.07,27.7948
Organic Search,2025-02-01,2025-08-01,6,31,125.40,4.05,1,659.68,270.71,3756.18,3630.78,29.9536
Organic Search,2025-02-01,2025-09-01,7,31,125.40,4.05,1,105.21,61.59,3817.77,3692.37,30.4447
Organic Search,2025-02-01,2025-10-01,8,31,125.40,4.05,0,0.00,0.0,3817.77,3692.37,30.4447
Organic Search,2025-02-01,2025-11-01,9,31,125.40,4.05,3,346.30,93.6,3911.37,3785.97,31.1911
Organic Search,2025-02-01,2025-12-01,10,31,125.40,4.05,0,0.00,0.0,3911.37,3785.97,31.1911
Organic Search,2025-02-01,2026-01-01,11,31,125.40,4.05,0,0.00,0.0,3911.37,3785.97,31.1911
Organic Search,2025-02-01,2026-02-01,12,31,125.40,4.05,2,250.24,92.44,4003.81,3878.41,31.9283
Organic Search,2025-02-01,2026-03-01,13,31,125.40,4.05,0,0.00,0.0,4003.81,3878.41,31.9283
Organic Search,2025-02-01,2026-04-01,14,31,125.40,4.05,1,128.93,63.39,4067.2,3941.8,32.4338
Organic Search,2025-02-01,2026-05-01,15,31,125.40,4.05,0,0.00,0.0,4067.2,3941.8,32.4338
Organic Search,2025-02-01,2026-06-01,16,31,125.40,4.05,1,56.53,0.0,4067.2,3941.8,32.4338
Organic Search,2025-09-01,2025-09-01,0,66,262.30,3.97,61,16645.46,3860.09,3860.09,3597.79,14.7163
Organic Search,2025-09-01,2025-10-01,1,66,262.30,3.97,19,5168.78,1379.01,5239.1,4976.8,19.9737
Organic Search,2025-09-01,2025-11-01,2,66,262.30,3.97,11,3667.57,918.34,6157.44,5895.14,23.4748
Organic Search,2025-09-01,2025-12-01,3,66,262.30,3.97,8,1454.72,596.34,6753.78,6491.48,25.7483
Organic Search,2025-09-01,2026-01-01,4,66,262.30,3.97,8,2123.83,640.37,7394.15,7131.85,28.1897
Organic Search,2025-09-01,2026-02-01,5,66,262.30,3.97,9,2832.14,800.64,8194.79,7932.49,31.2421
Organic Search,2025-09-01,2026-03-01,6,66,262.30,3.97,2,171.05,6.55,8201.34,7939.04,31.267
Organic Search,2025-09-01,2026-04-01,7,66,262.30,3.97,4,1063.37,207.26,8408.6,8146.3,32.0572
Organic Search,2025-09-01,2026-05-01,8,66,262.30,3.97,0,0.00,0.0,8408.6,8146.3,32.0572
Organic Search,2025-09-01,2026-06-01,9,66,262.30,3.97,3,771.16,222.48,8631.08,8368.78,32.9054
Organic Search,2025-12-01,2025-12-01,0,105,434.57,4.14,103,28377.65,7078.6,7078.6,6644.03,16.2887
Organic Search,2025-12-01,2026-01-01,1,105,434.57,4.14,24,7808.77,1725.91,8804.51,8369.94,20.2603
Organic Search,2025-12-01,2026-02-01,2,105,434.57,4.14,22,8196.85,2202.73,11007.24,10572.67,25.329
Organic Search,2025-12-01,2026-03-01,3,105,434.57,4.14,19,8498.32,2372.73,13379.97,12945.4,30.789
Organic Search,2025-12-01,2026-04-01,4,105,434.57,4.14,14,4403.50,1300.12,14680.09,14245.52,33.7807
Organic Search,2025-12-01,2026-05-01,5,105,434.57,4.14,8,2211.97,562.4,15242.49,14807.92,35.0749
Organic Search,2025-12-01,2026-06-01,6,105,434.57,4.14,6,496.10,126.46,15368.95,14934.38,35.3659
Organic Search,2026-02-01,2026-02-01,0,51,190.64,3.74,45,13380.33,3264.71,3264.71,3074.07,17.125
Organic Search,2026-02-01,2026-03-01,1,51,190.64,3.74,13,3405.88,1080.36,4345.07,4154.43,22.792
Organic Search,2026-02-01,2026-04-01,2,51,190.64,3.74,14,3710.58,741.91,5086.98,4896.34,26.6837
Organic Search,2026-02-01,2026-05-01,3,51,190.64,3.74,8,2986.70,837.84,5924.82,5734.18,31.0786
Organic Search,2026-02-01,2026-06-01,4,51,190.64,3.74,8,833.60,194.11,6118.93,5928.29,32.0968
Affiliate,2024-10-01,2024-10-01,0,41,1721.35,41.98,38,8836.13,2317.13,2317.13,595.78,1.3461
Affiliate,2024-10-01,2024-11-01,1,41,1721.35,41.98,5,927.22,233.99,2551.12,829.77,1.482
Affiliate,2024-10-01,2024-12-01,2,41,1721.35,41.98,10,2706.47,291.42,2842.54,1121.19,1.6513
Affiliate,2024-10-01,2025-01-01,3,41,1721.35,41.98,5,1466.83,355.43,3197.97,1476.62,1.8578
Affiliate,2024-10-01,2025-02-01,4,41,1721.35,41.98,1,226.98,78.35,3276.32,1554.97,1.9033
Affiliate,2024-10-01,2025-03-01,5,41,1721.35,41.98,1,43.52,14.36,3290.68,1569.33,1.9117
Affiliate,2024-10-01,2025-04-01,6,41,1721.35,41.98,1,109.92,11.68,3302.36,1581.01,1.9185
Affiliate,2024-10-01,2025-05-01,7,41,1721.35,41.98,0,0.00,0.0,3302.36,1581.01,1.9185
Affiliate,2024-10-01,2025-06-01,8,41,1721.35,41.98,1,166.85,63.54,3365.9,1644.55,1.9554
Affiliate,2024-10-01,2025-07-01,9,41,1721.35,41.98,0,0.00,0.0,3365.9,1644.55,1.9554
Affiliate,2024-10-01,2025-08-01,10,41,1721.35,41.98,0,0.00,0.0,3365.9,1644.55,1.9554
Affiliate,2024-10-01,2025-09-01,11,41,1721.35,41.98,0,0.00,0.0,3365.9,1644.55,1.9554
Affiliate,2024-10-01,2025-10-01,12,41,1721.35,41.98,0,0.00,0.0,3365.9,1644.55,1.9554
Affiliate,2024-10-01,2025-11-01,13,41,1721.35,41.98,0,0.00,0.0,3365.9,1644.55,1.9554
Affiliate,2024-10-01,2025-12-01,14,41,1721.35,41.98,0,0.00,0.0,3365.9,1644.55,1.9554
Affiliate,2024-10-01,2026-01-01,15,41,1721.35,41.98,0,0.00,0.0,3365.9,1644.55,1.9554
Affiliate,2024-10-01,2026-02-01,16,41,1721.35,41.98,0,0.00,0.0,3365.9,1644.55,1.9554
Affiliate,2024-10-01,2026-03-01,17,41,1721.35,41.98,0,0.00,0.0,3365.9,1644.55,1.9554
Affiliate,2024-10-01,2026-04-01,18,41,1721.35,41.98,0,0.00,0.0,3365.9,1644.55,1.9554
Affiliate,2024-10-01,2026-05-01,19,41,1721.35,41.98,0,0.00,0.0,3365.9,1644.55,1.9554
Affiliate,2024-10-01,2026-06-01,20,41,1721.35,41.98,0,0.00,0.0,3365.9,1644.55,1.9554
Affiliate,2025-06-01,2025-06-01,0,17,710.85,41.81,17,3174.31,689.7,689.7,-21.15,0.9702
Affiliate,2025-06-01,2025-07-01,1,17,710.85,41.81,2,573.08,75.48,765.18,54.33,1.0764
Affiliate,2025-06-01,2025-08-01,2,17,710.85,41.81,3,1966.47,468.76,1233.94,523.09,1.7359
Affiliate,2025-06-01,2025-09-01,3,17,710.85,41.81,1,106.79,10.13,1244.07,533.22,1.7501
Affiliate,2025-06-01,2025-10-01,4,17,710.85,41.81,1,503.29,184.99,1429.06,718.21,2.0104
Affiliate,2025-06-01,2025-11-01,5,17,710.85,41.81,0,0.00,0.0,1429.06,718.21,2.0104
Affiliate,2025-06-01,2025-12-01,6,17,710.85,41.81,0,0.00,0.0,1429.06,718.21,2.0104
Affiliate,2025-06-01,2026-01-01,7,17,710.85,41.81,1,157.36,-20.61,1408.45,697.6,1.9814
Affiliate,2025-06-01,2026-02-01,8,17,710.85,41.81,0,0.00,0.0,1408.45,697.6,1.9814
Affiliate,2025-06-01,2026-03-01,9,17,710.85,41.81,0,0.00,0.0,1408.45,697.6,1.9814
Affiliate,2025-06-01,2026-04-01,10,17,710.85,41.81,0,0.00,0.0,1408.45,697.6,1.9814
Affiliate,2025-06-01,2026-05-01,11,17,710.85,41.81,0,0.00,0.0,1408.45,697.6,1.9814
Affiliate,2025-06-01,2026-06-01,12,17,710.85,41.81,0,0.00,0.0,1408.45,697.6,1.9814
Affiliate,2025-08-01,2025-08-01,0,16,651.61,40.73,16,4001.66,1028.51,1028.51,376.9,1.5784
Affiliate,2025-08-01,2025-09-01,1,16,651.61,40.73,2,615.10,134.81,1163.32,511.71,1.7853
Affiliate,2025-08-01,2025-10-01,2,16,651.61,40.73,2,344.32,140.22,1303.54,651.93,2.0005
Affiliate,2025-08-01,2025-11-01,3,16,651.61,40.73,0,0.00,0.0,1303.54,651.93,2.0005
Affiliate,2025-08-01,2025-12-01,4,16,651.61,40.73,0,0.00,0.0,1303.54,651.93,2.0005
Affiliate,2025-08-01,2026-01-01,5,16,651.61,40.73,1,117.01,-4.15,1299.39,647.78,1.9941
Affiliate,2025-08-01,2026-02-01,6,16,651.61,40.73,0,0.00,0.0,1299.39,647.78,1.9941
Affiliate,2025-08-01,2026-03-01,7,16,651.61,40.73,0,0.00,0.0,1299.39,647.78,1.9941
Affiliate,2025-08-01,2026-04-01,8,16,651.61,40.73,0,0.00,0.0,1299.39,647.78,1.9941
Affiliate,2025-08-01,2026-05-01,9,16,651.61,40.73,0,0.00,0.0,1299.39,647.78,1.9941
Affiliate,2025-08-01,2026-06-01,10,16,651.61,40.73,0,0.00,0.0,1299.39,647.78,1.9941
Affiliate,2026-01-01,2026-01-01,0,8,303.64,37.96,8,2286.26,376.47,376.47,72.83,1.2399
Affiliate,2026-01-01,2026-02-01,1,8,303.64,37.96,0,0.00,0.0,376.47,72.83,1.2399
Affiliate,2026-01-01,2026-03-01,2,8,303.64,37.96,0,0.00,0.0,376.47,72.83,1.2399
Affiliate,2026-01-01,2026-04-01,3,8,303.64,37.96,1,306.59,25.85,402.32,98.68,1.325
Affiliate,2026-01-01,2026-05-01,4,8,303.64,37.96,0,0.00,0.0,402.32,98.68,1.325
Affiliate,2026-01-01,2026-06-01,5,8,303.64,37.96,0,0.00,0.0,402.32,98.68,1.325
Email & CRM,2024-08-01,2024-08-01,0,23,138.95,6.04,21,6533.43,472.26,472.26,333.31,3.3988
Email & CRM,2024-08-01,2024-09-01,1,23,138.95,6.04,7,1246.46,339.81,812.07,673.12,5.8443
Email & CRM,2024-08-01,2024-10-01,2,23,138.95,6.04,6,2283.10,601.91,1413.98,1275.03,10.1762
Email & CRM,2024-08-01,2024-11-01,3,23,138.95,6.04,6,1156.37,305.73,1719.71,1580.76,12.3765
Email & CRM,2024-08-01,2024-12-01,4,23,138.95,6.04,2,369.14,200.44,1920.15,1781.2,13.819
Email & CRM,2024-08-01,2025-01-01,5,23,138.95,6.04,1,65.94,36.95,1957.1,1818.15,14.0849
Email & CRM,2024-08-01,2025-02-01,6,23,138.95,6.04,2,800.95,244.13,2201.23,2062.28,15.8419
Email & CRM,2024-08-01,2025-03-01,7,23,138.95,6.04,2,680.01,174.03,2375.26,2236.31,17.0944
Email & CRM,2024-08-01,2025-04-01,8,23,138.95,6.04,2,1069.90,71.45,2446.71,2307.76,17.6086
Email & CRM,2024-08-01,2025-05-01,9,23,138.95,6.04,2,639.91,147.97,2594.68,2455.73,18.6735
Email & CRM,2024-08-01,2025-06-01,10,23,138.95,6.04,1,663.69,49.78,2644.46,2505.51,19.0317
Email & CRM,2024-08-01,2025-07-01,11,23,138.95,6.04,0,0.00,0.0,2644.46,2505.51,19.0317
Email & CRM,2024-08-01,2025-08-01,12,23,138.95,6.04,1,28.36,20.95,2665.41,2526.46,19.1825
Email & CRM,2024-08-01,2025-09-01,13,23,138.95,6.04,1,467.72,61.42,2726.83,2587.88,19.6245
Email & CRM,2024-08-01,2025-10-01,14,23,138.95,6.04,0,0.00,0.0,2726.83,2587.88,19.6245
Email & CRM,2024-08-01,2025-11-01,15,23,138.95,6.04,0,0.00,0.0,2726.83,2587.88,19.6245
Email & CRM,2024-08-01,2025-12-01,16,23,138.95,6.04,0,0.00,0.0,2726.83,2587.88,19.6245
Email & CRM,2024-08-01,2026-01-01,17,23,138.95,6.04,1,211.86,55.24,2782.07,2643.12,20.0221
Email & CRM,2024-08-01,2026-02-01,18,23,138.95,6.04,0,0.00,0.0,2782.07,2643.12,20.0221
Email & CRM,2024-08-01,2026-03-01,19,23,138.95,6.04,0,0.00,0.0,2782.07,2643.12,20.0221
Email & CRM,2024-08-01,2026-04-01,20,23,138.95,6.04,0,0.00,0.0,2782.07,2643.12,20.0221
Email & CRM,2024-08-01,2026-05-01,21,23,138.95,6.04,0,0.00,0.0,2782.07,2643.12,20.0221
Email & CRM,2024-08-01,2026-06-01,22,23,138.95,6.04,0,0.00,0.0,2782.07,2643.12,20.0221
Email & CRM,2025-07-01,2025-07-01,0,26,152.46,5.86,25,7612.39,1838.78,1838.78,1686.32,12.0607
Email & CRM,2025-07-01,2025-08-01,1,26,152.46,5.86,9,2839.10,634.36,2473.14,2320.68,16.2216
Email & CRM,2025-07-01,2025-09-01,2,26,152.46,5.86,8,1775.79,486.82,2959.96,2807.5,19.4147
Email & CRM,2025-07-01,2025-10-01,3,26,152.46,5.86,5,1268.24,185.6,3145.56,2993.1,20.632
Email & CRM,2025-07-01,2025-11-01,4,26,152.46,5.86,7,1832.48,325.49,3471.05,3318.59,22.767
Email & CRM,2025-07-01,2025-12-01,5,26,152.46,5.86,3,1077.88,224.74,3695.79,3543.33,24.241
Email & CRM,2025-07-01,2026-01-01,6,26,152.46,5.86,5,1019.95,145.46,3841.25,3688.79,25.1951
Email & CRM,2025-07-01,2026-02-01,7,26,152.46,5.86,3,897.57,401.57,4242.82,4090.36,27.8291
Email & CRM,2025-07-01,2026-03-01,8,26,152.46,5.86,1,586.34,282.06,4524.88,4372.42,29.6791
Email & CRM,2025-07-01,2026-04-01,9,26,152.46,5.86,2,82.08,40.56,4565.44,4412.98,29.9452
Email & CRM,2025-07-01,2026-05-01,10,26,152.46,5.86,0,0.00,0.0,4565.44,4412.98,29.9452
Email & CRM,2025-07-01,2026-06-01,11,26,152.46,5.86,0,0.00,0.0,4565.44,4412.98,29.9452
Marketplace,2025-03-01,2025-03-01,0,39,941.07,24.13,35,8339.62,2389.88,2389.88,1448.81,2.5395
Marketplace,2025-03-01,2025-04-01,1,39,941.07,24.13,7,1704.54,309.43,2699.31,1758.24,2.8683
Marketplace,2025-03-01,2025-05-01,2,39,941.07,24.13,3,860.04,376.03,3075.34,2134.27,3.2679
Marketplace,2025-03-01,2025-06-01,3,39,941.07,24.13,2,142.34,77.4,3152.74,2211.67,3.3502
Marketplace,2025-03-01,2025-07-01,4,39,941.07,24.13,1,200.44,120.59,3273.33,2332.26,3.4783
Marketplace,2025-03-01,2025-08-01,5,39,941.07,24.13,1,786.34,341.48,3614.81,2673.74,3.8412
Marketplace,2025-03-01,2025-09-01,6,39,941.07,24.13,1,113.42,-3.2,3611.61,2670.54,3.8378
Marketplace,2025-03-01,2025-10-01,7,39,941.07,24.13,0,0.00,0.0,3611.61,2670.54,3.8378
Marketplace,2025-03-01,2025-11-01,8,39,941.07,24.13,0,0.00,0.0,3611.61,2670.54,3.8378
Marketplace,2025-03-01,2025-12-01,9,39,941.07,24.13,0,0.00,0.0,3611.61,2670.54,3.8378
Marketplace,2025-03-01,2026-01-01,10,39,941.07,24.13,0,0.00,0.0,3611.61,2670.54,3.8378
Marketplace,2025-03-01,2026-02-01,11,39,941.07,24.13,0,0.00,0.0,3611.61,2670.54,3.8378
Marketplace,2025-03-01,2026-03-01,12,39,941.07,24.13,0,0.00,0.0,3611.61,2670.54,3.8378
Marketplace,2025-03-01,2026-04-01,13,39,941.07,24.13,0,0.00,0.0,3611.61,2670.54,3.8378
Marketplace,2025-03-01,2026-05-01,14,39,941.07,24.13,0,0.00,0.0,3611.61,2670.54,3.8378
Marketplace,2025-03-01,2026-06-01,15,39,941.07,24.13,0,0.00,0.0,3611.61,2670.54,3.8378
Organic Search,2024-03-01,2024-03-01,0,44,183.61,4.17,41,11544.00,3195.2,3195.2,3011.59,17.4021
Organic Search,2024-03-01,2024-04-01,1,44,183.61,4.17,9,2637.22,583.28,3778.48,3594.87,20.5788
Organic Search,2024-03-01,2024-05-01,2,44,183.61,4.17,8,2529.14,743.99,4522.47,4338.86,24.6308
Organic Search,2024-03-01,2024-06-01,3,44,183.61,4.17,9,2104.09,588.13,5110.6,4926.99,27.834
Organic Search,2024-03-01,2024-07-01,4,44,183.61,4.17,7,2445.69,854.95,5965.55,5781.94,32.4903
Organic Search,2024-03-01,2024-08-01,5,44,183.61,4.17,1,113.30,-44.94,5920.61,5737.0,32.2456
Organic Search,2024-03-01,2024-09-01,6,44,183.61,4.17,3,1819.28,356.09,6276.7,6093.09,34.185
Organic Search,2024-03-01,2024-10-01,7,44,183.61,4.17,3,645.74,248.21,6524.91,6341.3,35.5368
Organic Search,2024-03-01,2024-11-01,8,44,183.61,4.17,3,395.28,148.08,6672.99,6489.38,36.3433
Organic Search,2024-03-01,2024-12-01,9,44,183.61,4.17,1,140.58,80.38,6753.37,6569.76,36.7811
Organic Search,2024-03-01,2025-01-01,10,44,183.61,4.17,1,75.06,41.72,6795.09,6611.48,37.0083
Organic Search,2024-03-01,2025-02-01,11,44,183.61,4.17,1,955.00,198.27,6993.36,6809.75,38.0881
Organic Search,2024-03-01,2025-03-01,12,44,183.61,4.17,1,62.01,33.33,7026.69,6843.08,38.2696
Organic Search,2024-03-01,2025-04-01,13,44,183.61,4.17,0,0.00,0.0,7026.69,6843.08,38.2696
Organic Search,2024-03-01,2025-05-01,14,44,183.61,4.17,0,0.00,0.0,7026.69,6843.08,38.2696
Organic Search,2024-03-01,2025-06-01,15,44,183.61,4.17,0,0.00,0.0,7026.69,6843.08,38.2696
Organic Search,2024-03-01,2025-07-01,16,44,183.61,4.17,0,0.00,0.0,7026.69,6843.08,38.2696
Organic Search,2024-03-01,2025-08-01,17,44,183.61,4.17,0,0.00,0.0,7026.69,6843.08,38.2696
Organic Search,2024-03-01,2025-09-01,18,44,183.61,4.17,0,0.00,0.0,7026.69,6843.08,38.2696
Organic Search,2024-03-01,2025-10-01,19,44,183.61,4.17,0,0.00,0.0,7026.69,6843.08,38.2696
Organic Search,2024-03-01,2025-11-01,20,44,183.61,4.17,0,0.00,0.0,7026.69,6843.08,38.2696
Organic Search,2024-03-01,2025-12-01,21,44,183.61,4.17,0,0.00,0.0,7026.69,6843.08,38.2696
Organic Search,2024-03-01,2026-01-01,22,44,183.61,4.17,0,0.00,0.0,7026.69,6843.08,38.2696
Organic Search,2024-03-01,2026-02-01,23,44,183.61,4.17,0,0.00,0.0,7026.69,6843.08,38.2696
Organic Search,2024-03-01,2026-03-01,24,44,183.61,4.17,0,0.00,0.0,7026.69,6843.08,38.2696
Organic Search,2024-03-01,2026-04-01,25,44,183.61,4.17,0,0.00,0.0,7026.69,6843.08,38.2696
Organic Search,2024-03-01,2026-05-01,26,44,183.61,4.17,0,0.00,0.0,7026.69,6843.08,38.2696
Organic Search,2024-03-01,2026-06-01,27,44,183.61,4.17,0,0.00,0.0,7026.69,6843.08,38.2696
Organic Search,2025-05-01,2025-05-01,0,55,230.98,4.2,50,15349.94,4288.75,4288.75,4057.77,18.5676
Organic Search,2025-05-01,2025-06-01,1,55,230.98,4.2,13,2951.42,864.71,5153.46,4922.48,22.3113
Organic Search,2025-05-01,2025-07-01,2,55,230.98,4.2,13,3631.92,907.38,6060.84,5829.86,26.2397
Organic Search,2025-05-01,2025-08-01,3,55,230.98,4.2,6,1476.01,367.22,6428.06,6197.08,27.8295
Organic Search,2025-05-01,2025-09-01,4,55,230.98,4.2,8,3315.55,657.21,7085.27,6854.29,30.6748
Organic Search,2025-05-01,2025-10-01,5,55,230.98,4.2,4,491.99,61.17,7146.44,6915.46,30.9396
Organic Search,2025-05-01,2025-11-01,6,55,230.98,4.2,5,826.15,175.26,7321.7,7090.72,31.6984
Organic Search,2025-05-01,2025-12-01,7,55,230.98,4.2,3,1046.44,418.63,7740.33,7509.35,33.5108
Organic Search,2025-05-01,2026-01-01,8,55,230.98,4.2,4,578.77,67.74,7808.07,7577.09,33.8041
Organic Search,2025-05-01,2026-02-01,9,55,230.98,4.2,2,624.63,209.75,8017.82,7786.84,34.7122
Organic Search,2025-05-01,2026-03-01,10,55,230.98,4.2,3,878.25,336.9,8354.72,8123.74,36.1708
Organic Search,2025-05-01,2026-04-01,11,55,230.98,4.2,3,222.30,126.19,8480.91,8249.93,36.7171
Organic Search,2025-05-01,2026-05-01,12,55,230.98,4.2,0,0.00,0.0,8480.91,8249.93,36.7171
Organic Search,2025-05-01,2026-06-01,13,55,230.98,4.2,1,25.12,4.79,8485.7,8254.72,36.7378
Organic Search,2025-11-01,2025-11-01,0,93,394.40,4.24,89,24165.19,6154.56,6154.56,5760.16,15.6049
Organic Search,2025-11-01,2025-12-01,1,93,394.40,4.24,15,4191.44,747.78,6902.34,6507.94,17.5009
Organic Search,2025-11-01,2026-01-01,2,93,394.40,4.24,16,4844.36,936.95,7839.29,7444.89,19.8765
Organic Search,2025-11-01,2026-02-01,3,93,394.40,4.24,16,3998.14,1244.78,9084.07,8689.67,23.0326
Organic Search,2025-11-01,2026-03-01,4,93,394.40,4.24,18,3303.97,1188.4,10272.47,9878.07,26.0458
Organic Search,2025-11-01,2026-04-01,5,93,394.40,4.24,6,1213.66,390.13,10662.6,10268.2,27.035
Organic Search,2025-11-01,2026-05-01,6,93,394.40,4.24,8,2298.04,851.64,11514.24,11119.84,29.1943
Organic Search,2025-11-01,2026-06-01,7,93,394.40,4.24,6,1156.38,544.45,12058.69,11664.29,30.5748
Paid Search,2025-03-01,2025-03-01,0,67,2098.93,31.33,61,16690.36,4676.25,4676.25,2577.32,2.2279
Paid Search,2025-03-01,2025-04-01,1,67,2098.93,31.33,17,6635.13,1436.57,6112.82,4013.89,2.9124
Paid Search,2025-03-01,2025-05-01,2,67,2098.93,31.33,10,3034.83,1145.94,7258.76,5159.83,3.4583
Paid Search,2025-03-01,2025-06-01,3,67,2098.93,31.33,7,2090.40,-107.81,7150.95,5052.02,3.407
Paid Search,2025-03-01,2025-07-01,4,67,2098.93,31.33,4,1167.60,428.0,7578.95,5480.02,3.6109
Paid Search,2025-03-01,2025-08-01,5,67,2098.93,31.33,5,729.75,268.97,7847.92,5748.99,3.739
Paid Search,2025-03-01,2025-09-01,6,67,2098.93,31.33,3,951.79,336.12,8184.04,6085.11,3.8991
Paid Search,2025-03-01,2025-10-01,7,67,2098.93,31.33,1,209.75,46.63,8230.67,6131.74,3.9214
Paid Search,2025-03-01,2025-11-01,8,67,2098.93,31.33,1,375.22,96.69,8327.36,6228.43,3.9674
Paid Search,2025-03-01,2025-12-01,9,67,2098.93,31.33,0,0.00,0.0,8327.36,6228.43,3.9674
Paid Search,2025-03-01,2026-01-01,10,67,2098.93,31.33,0,0.00,0.0,8327.36,6228.43,3.9674
Paid Search,2025-03-01,2026-02-01,11,67,2098.93,31.33,0,0.00,0.0,8327.36,6228.43,3.9674
Paid Search,2025-03-01,2026-03-01,12,67,2098.93,31.33,0,0.00,0.0,8327.36,6228.43,3.9674
Paid Search,2025-03-01,2026-04-01,13,67,2098.93,31.33,0,0.00,0.0,8327.36,6228.43,3.9674
Paid Search,2025-03-01,2026-05-01,14,67,2098.93,31.33,0,0.00,0.0,8327.36,6228.43,3.9674
Paid Search,2025-03-01,2026-06-01,15,67,2098.93,31.33,0,0.00,0.0,8327.36,6228.43,3.9674
Email & CRM,2024-09-01,2024-09-01,0,27,167.22,6.19,24,6099.18,1654.15,1654.15,1486.93,9.8921
Email & CRM,2024-09-01,2024-10-01,1,27,167.22,6.19,9,1758.73,644.19,2298.34,2131.12,13.7444
Email & CRM,2024-09-01,2024-11-01,2,27,167.22,6.19,8,1265.26,100.61,2398.95,2231.73,14.3461
Email & CRM,2024-09-01,2024-12-01,3,27,167.22,6.19,5,1209.36,447.67,2846.62,2679.4,17.0232
Email & CRM,2024-09-01,2025-01-01,4,27,167.22,6.19,2,640.30,158.31,3004.93,2837.71,17.9699
Email & CRM,2024-09-01,2025-02-01,5,27,167.22,6.19,5,1933.39,614.25,3619.18,3451.96,21.6432
Email & CRM,2024-09-01,2025-03-01,6,27,167.22,6.19,2,175.90,88.49,3707.67,3540.45,22.1724
Email & CRM,2024-09-01,2025-04-01,7,27,167.22,6.19,1,34.09,4.92,3712.59,3545.37,22.2018
Email & CRM,2024-09-01,2025-05-01,8,27,167.22,6.19,2,767.88,167.77,3880.36,3713.14,23.2051
Email & CRM,2024-09-01,2025-06-01,9,27,167.22,6.19,1,429.55,130.5,4010.86,3843.64,23.9855
Email & CRM,2024-09-01,2025-07-01,10,27,167.22,6.19,1,408.30,47.09,4057.95,3890.73,24.2671
Email & CRM,2024-09-01,2025-08-01,11,27,167.22,6.19,0,0.00,0.0,4057.95,3890.73,24.2671
Email & CRM,2024-09-01,2025-09-01,12,27,167.22,6.19,0,0.00,0.0,4057.95,3890.73,24.2671
Email & CRM,2024-09-01,2025-10-01,13,27,167.22,6.19,1,744.76,193.25,4251.2,4083.98,25.4228
Email & CRM,2024-09-01,2025-11-01,14,27,167.22,6.19,0,0.00,0.0,4251.2,4083.98,25.4228
Email & CRM,2024-09-01,2025-12-01,15,27,167.22,6.19,0,0.00,0.0,4251.2,4083.98,25.4228
Email & CRM,2024-09-01,2026-01-01,16,27,167.22,6.19,0,0.00,0.0,4251.2,4083.98,25.4228
Email & CRM,2024-09-01,2026-02-01,17,27,167.22,6.19,0,0.00,0.0,4251.2,4083.98,25.4228
Email & CRM,2024-09-01,2026-03-01,18,27,167.22,6.19,0,0.00,0.0,4251.2,4083.98,25.4228
Email & CRM,2024-09-01,2026-04-01,19,27,167.22,6.19,0,0.00,0.0,4251.2,4083.98,25.4228
Email & CRM,2024-09-01,2026-05-01,20,27,167.22,6.19,0,0.00,0.0,4251.2,4083.98,25.4228
Email & CRM,2024-09-01,2026-06-01,21,27,167.22,6.19,0,0.00,0.0,4251.2,4083.98,25.4228
Organic Search,2025-10-01,2025-10-01,0,71,269.51,3.8,67,25051.16,5433.24,5433.24,5163.73,20.1597
Organic Search,2025-10-01,2025-11-01,1,71,269.51,3.8,18,4256.78,1057.64,6490.88,6221.37,24.084
Organic Search,2025-10-01,2025-12-01,2,71,269.51,3.8,16,5504.16,1648.16,8139.04,7869.53,30.1994
Organic Search,2025-10-01,2026-01-01,3,71,269.51,3.8,14,2341.52,792.51,8931.55,8662.04,33.14
Organic Search,2025-10-01,2026-02-01,4,71,269.51,3.8,9,3317.75,1022.27,9953.82,9684.31,36.933
Organic Search,2025-10-01,2026-03-01,5,71,269.51,3.8,6,2192.12,691.41,10645.23,10375.72,39.4985
Organic Search,2025-10-01,2026-04-01,6,71,269.51,3.8,8,1418.76,233.24,10878.47,10608.96,40.3639
Organic Search,2025-10-01,2026-05-01,7,71,269.51,3.8,2,191.60,7.06,10885.53,10616.02,40.3901
Organic Search,2025-10-01,2026-06-01,8,71,269.51,3.8,6,2149.88,601.15,11486.68,11217.17,42.6206
Paid Social,2024-10-01,2024-10-01,0,79,2541.78,32.17,76,23721.97,5003.49,5003.49,2461.71,1.9685
Paid Social,2024-10-01,2024-11-01,1,79,2541.78,32.17,10,3210.49,547.76,5551.25,3009.47,2.184
Paid Social,2024-10-01,2024-12-01,2,79,2541.78,32.17,7,970.68,93.68,5644.93,3103.15,2.2209
Paid Social,2024-10-01,2025-01-01,3,79,2541.78,32.17,6,2499.06,850.91,6495.84,3954.06,2.5556
Paid Social,2024-10-01,2025-02-01,4,79,2541.78,32.17,1,137.70,1.98,6497.82,3956.04,2.5564
Paid Social,2024-10-01,2025-03-01,5,79,2541.78,32.17,2,824.63,228.35,6726.17,4184.39,2.6462
Paid Social,2024-10-01,2025-04-01,6,79,2541.78,32.17,5,485.80,139.8,6865.97,4324.19,2.7012
Paid Social,2024-10-01,2025-05-01,7,79,2541.78,32.17,1,451.61,94.58,6960.55,4418.77,2.7385
Paid Social,2024-10-01,2025-06-01,8,79,2541.78,32.17,1,44.67,28.77,6989.32,4447.54,2.7498
Paid Social,2024-10-01,2025-07-01,9,79,2541.78,32.17,0,0.00,0.0,6989.32,4447.54,2.7498
Paid Social,2024-10-01,2025-08-01,10,79,2541.78,32.17,1,129.35,35.41,7024.73,4482.95,2.7637
Paid Social,2024-10-01,2025-09-01,11,79,2541.78,32.17,1,965.82,-407.13,6617.6,4075.82,2.6035
Paid Social,2024-10-01,2025-10-01,12,79,2541.78,32.17,0,0.00,0.0,6617.6,4075.82,2.6035
Paid Social,2024-10-01,2025-11-01,13,79,2541.78,32.17,0,0.00,0.0,6617.6,4075.82,2.6035
Paid Social,2024-10-01,2025-12-01,14,79,2541.78,32.17,0,0.00,0.0,6617.6,4075.82,2.6035
Paid Social,2024-10-01,2026-01-01,15,79,2541.78,32.17,0,0.00,0.0,6617.6,4075.82,2.6035
Paid Social,2024-10-01,2026-02-01,16,79,2541.78,32.17,0,0.00,0.0,6617.6,4075.82,2.6035
Paid Social,2024-10-01,2026-03-01,17,79,2541.78,32.17,0,0.00,0.0,6617.6,4075.82,2.6035
Paid Social,2024-10-01,2026-04-01,18,79,2541.78,32.17,0,0.00,0.0,6617.6,4075.82,2.6035
Paid Social,2024-10-01,2026-05-01,19,79,2541.78,32.17,0,0.00,0.0,6617.6,4075.82,2.6035
Paid Social,2024-10-01,2026-06-01,20,79,2541.78,32.17,0,0.00,0.0,6617.6,4075.82,2.6035
Paid Social,2025-06-01,2025-06-01,0,96,3326.70,34.65,89,26046.89,4216.7,4216.7,890.0,1.2675
Paid Social,2025-06-01,2025-07-01,1,96,3326.70,34.65,18,4557.27,1235.81,5452.51,2125.81,1.639
Paid Social,2025-06-01,2025-08-01,2,96,3326.70,34.65,14,2627.24,908.24,6360.75,3034.05,1.912
Paid Social,2025-06-01,2025-09-01,3,96,3326.70,34.65,5,815.50,183.84,6544.59,3217.89,1.9673
Paid Social,2025-06-01,2025-10-01,4,96,3326.70,34.65,3,1311.29,295.84,6840.43,3513.73,2.0562
Paid Social,2025-06-01,2025-11-01,5,96,3326.70,34.65,3,327.65,32.44,6872.87,3546.17,2.066
Paid Social,2025-06-01,2025-12-01,6,96,3326.70,34.65,3,533.53,31.9,6904.77,3578.07,2.0756
Paid Social,2025-06-01,2026-01-01,7,96,3326.70,34.65,1,162.35,16.55,6921.32,3594.62,2.0805
Paid Social,2025-06-01,2026-02-01,8,96,3326.70,34.65,0,0.00,0.0,6921.32,3594.62,2.0805
Paid Social,2025-06-01,2026-03-01,9,96,3326.70,34.65,0,0.00,0.0,6921.32,3594.62,2.0805
Paid Social,2025-06-01,2026-04-01,10,96,3326.70,34.65,0,0.00,0.0,6921.32,3594.62,2.0805
Paid Social,2025-06-01,2026-05-01,11,96,3326.70,34.65,1,28.80,16.23,6937.55,3610.85,2.0854
Paid Social,2025-06-01,2026-06-01,12,96,3326.70,34.65,0,0.00,0.0,6937.55,3610.85,2.0854
Paid Social,2025-08-01,2025-08-01,0,85,2963.49,34.86,83,23691.03,5349.12,5349.12,2385.63,1.805
Paid Social,2025-08-01,2025-09-01,1,85,2963.49,34.86,16,4736.80,1101.87,6450.99,3487.5,2.1768
Paid Social,2025-08-01,2025-10-01,2,85,2963.49,34.86,4,1061.57,-16.27,6434.72,3471.23,2.1713
Paid Social,2025-08-01,2025-11-01,3,85,2963.49,34.86,8,1911.48,521.95,6956.67,3993.18,2.3475
Paid Social,2025-08-01,2025-12-01,4,85,2963.49,34.86,4,945.16,431.85,7388.52,4425.03,2.4932
Paid Social,2025-08-01,2026-01-01,5,85,2963.49,34.86,3,798.54,75.36,7463.88,4500.39,2.5186
Paid Social,2025-08-01,2026-02-01,6,85,2963.49,34.86,0,0.00,0.0,7463.88,4500.39,2.5186
Paid Social,2025-08-01,2026-03-01,7,85,2963.49,34.86,2,963.47,203.82,7667.7,4704.21,2.5874
Paid Social,2025-08-01,2026-04-01,8,85,2963.49,34.86,2,188.90,8.14,7675.84,4712.35,2.5901
Paid Social,2025-08-01,2026-05-01,9,85,2963.49,34.86,0,0.00,0.0,7675.84,4712.35,2.5901
Paid Social,2025-08-01,2026-06-01,10,85,2963.49,34.86,0,0.00,0.0,7675.84,4712.35,2.5901
Paid Social,2026-01-01,2026-01-01,0,89,3066.11,34.45,76,22424.67,3281.66,3281.66,215.55,1.0703
Paid Social,2026-01-01,2026-02-01,1,89,3066.11,34.45,19,3438.40,486.5,3768.16,702.05,1.229
Paid Social,2026-01-01,2026-03-01,2,89,3066.11,34.45,9,3703.87,456.97,4225.13,1159.02,1.378
Paid Social,2026-01-01,2026-04-01,3,89,3066.11,34.45,8,2883.47,302.11,4527.24,1461.13,1.4765
Paid Social,2026-01-01,2026-05-01,4,89,3066.11,34.45,4,1460.32,558.26,5085.5,2019.39,1.6586
Paid Social,2026-01-01,2026-06-01,5,89,3066.11,34.45,2,617.41,149.5,5235.0,2168.89,1.7074
Affiliate,2025-10-01,2025-10-01,0,20,772.19,38.61,18,5500.23,1775.59,1775.59,1003.4,2.2994
Affiliate,2025-10-01,2025-11-01,1,20,772.19,38.61,2,235.42,53.68,1829.27,1057.08,2.3689
Affiliate,2025-10-01,2025-12-01,2,20,772.19,38.61,4,1206.64,365.02,2194.29,1422.1,2.8416
Affiliate,2025-10-01,2026-01-01,3,20,772.19,38.61,4,1086.46,-21.67,2172.62,1400.43,2.8136
Affiliate,2025-10-01,2026-02-01,4,20,772.19,38.61,2,277.24,123.26,2295.88,1523.69,2.9732
Affiliate,2025-10-01,2026-03-01,5,20,772.19,38.61,2,348.36,161.38,2457.26,1685.07,3.1822
Affiliate,2025-10-01,2026-04-01,6,20,772.19,38.61,0,0.00,0.0,2457.26,1685.07,3.1822
Affiliate,2025-10-01,2026-05-01,7,20,772.19,38.61,0,0.00,0.0,2457.26,1685.07,3.1822
Affiliate,2025-10-01,2026-06-01,8,20,772.19,38.61,0,0.00,0.0,2457.26,1685.07,3.1822
Email & CRM,2025-03-01,2025-03-01,0,27,151.16,5.6,26,7536.66,2041.16,2041.16,1890.0,13.5033
Email & CRM,2025-03-01,2025-04-01,1,27,151.16,5.6,5,1470.63,486.42,2527.58,2376.42,16.7212
Email & CRM,2025-03-01,2025-05-01,2,27,151.16,5.6,7,1384.09,264.12,2791.7,2640.54,18.4685
Email & CRM,2025-03-01,2025-06-01,3,27,151.16,5.6,6,1836.86,-23.09,2768.61,2617.45,18.3158
Email & CRM,2025-03-01,2025-07-01,4,27,151.16,5.6,3,377.87,-43.44,2725.17,2574.01,18.0284
Email & CRM,2025-03-01,2025-08-01,5,27,151.16,5.6,3,1675.83,399.3,3124.47,2973.31,20.67
Email & CRM,2025-03-01,2025-09-01,6,27,151.16,5.6,6,2382.11,546.8,3671.27,3520.11,24.2873
Email & CRM,2025-03-01,2025-10-01,7,27,151.16,5.6,1,68.19,19.06,3690.33,3539.17,24.4134
Email & CRM,2025-03-01,2025-11-01,8,27,151.16,5.6,0,0.00,0.0,3690.33,3539.17,24.4134
Email & CRM,2025-03-01,2025-12-01,9,27,151.16,5.6,4,354.83,116.56,3806.89,3655.73,25.1845
Email & CRM,2025-03-01,2026-01-01,10,27,151.16,5.6,2,272.83,158.03,3964.92,3813.76,26.23
Email & CRM,2025-03-01,2026-02-01,11,27,151.16,5.6,0,0.00,0.0,3964.92,3813.76,26.23
Email & CRM,2025-03-01,2026-03-01,12,27,151.16,5.6,0,0.00,0.0,3964.92,3813.76,26.23
Email & CRM,2025-03-01,2026-04-01,13,27,151.16,5.6,0,0.00,0.0,3964.92,3813.76,26.23
Email & CRM,2025-03-01,2026-05-01,14,27,151.16,5.6,0,0.00,0.0,3964.92,3813.76,26.23
Email & CRM,2025-03-01,2026-06-01,15,27,151.16,5.6,0,0.00,0.0,3964.92,3813.76,26.23
Marketplace,2024-08-01,2024-08-01,0,33,706.87,21.42,30,8602.24,2188.73,2188.73,1481.86,3.0964
Marketplace,2024-08-01,2024-09-01,1,33,706.87,21.42,5,1100.55,306.12,2494.85,1787.98,3.5294
Marketplace,2024-08-01,2024-10-01,2,33,706.87,21.42,7,1539.71,469.1,2963.95,2257.08,4.1931
Marketplace,2024-08-01,2024-11-01,3,33,706.87,21.42,2,332.42,132.78,3096.73,2389.86,4.3809
Marketplace,2024-08-01,2024-12-01,4,33,706.87,21.42,0,0.00,0.0,3096.73,2389.86,4.3809
Marketplace,2024-08-01,2025-01-01,5,33,706.87,21.42,1,46.98,-3.7,3093.03,2386.16,4.3757
Marketplace,2024-08-01,2025-02-01,6,33,706.87,21.42,0,0.00,0.0,3093.03,2386.16,4.3757
Marketplace,2024-08-01,2025-03-01,7,33,706.87,21.42,1,125.75,70.97,3164.0,2457.13,4.4761
Marketplace,2024-08-01,2025-04-01,8,33,706.87,21.42,1,25.56,16.67,3180.67,2473.8,4.4997
Marketplace,2024-08-01,2025-05-01,9,33,706.87,21.42,0,0.00,0.0,3180.67,2473.8,4.4997
Marketplace,2024-08-01,2025-06-01,10,33,706.87,21.42,1,261.79,80.84,3261.51,2554.64,4.614
Marketplace,2024-08-01,2025-07-01,11,33,706.87,21.42,1,122.76,64.13,3325.64,2618.77,4.7047
Marketplace,2024-08-01,2025-08-01,12,33,706.87,21.42,0,0.00,0.0,3325.64,2618.77,4.7047
Marketplace,2024-08-01,2025-09-01,13,33,706.87,21.42,0,0.00,0.0,3325.64,2618.77,4.7047
Marketplace,2024-08-01,2025-10-01,14,33,706.87,21.42,1,858.87,297.34,3622.98,2916.11,5.1254
Marketplace,2024-08-01,2025-11-01,15,33,706.87,21.42,0,0.00,0.0,3622.98,2916.11,5.1254
Marketplace,2024-08-01,2025-12-01,16,33,706.87,21.42,0,0.00,0.0,3622.98,2916.11,5.1254
Marketplace,2024-08-01,2026-01-01,17,33,706.87,21.42,0,0.00,0.0,3622.98,2916.11,5.1254
Marketplace,2024-08-01,2026-02-01,18,33,706.87,21.42,0,0.00,0.0,3622.98,2916.11,5.1254
Marketplace,2024-08-01,2026-03-01,19,33,706.87,21.42,0,0.00,0.0,3622.98,2916.11,5.1254
Marketplace,2024-08-01,2026-04-01,20,33,706.87,21.42,0,0.00,0.0,3622.98,2916.11,5.1254
Marketplace,2024-08-01,2026-05-01,21,33,706.87,21.42,0,0.00,0.0,3622.98,2916.11,5.1254
Marketplace,2024-08-01,2026-06-01,22,33,706.87,21.42,0,0.00,0.0,3622.98,2916.11,5.1254
Marketplace,2025-07-01,2025-07-01,0,47,1166.79,24.83,46,12469.24,3566.17,3566.17,2399.38,3.0564
Marketplace,2025-07-01,2025-08-01,1,47,1166.79,24.83,5,1467.99,615.71,4181.88,3015.09,3.5841
Marketplace,2025-07-01,2025-09-01,2,47,1166.79,24.83,4,1192.79,78.17,4260.05,3093.26,3.6511
Marketplace,2025-07-01,2025-10-01,3,47,1166.79,24.83,2,909.68,261.72,4521.77,3354.98,3.8754
Marketplace,2025-07-01,2025-11-01,4,47,1166.79,24.83,1,191.87,107.4,4629.17,3462.38,3.9674
Marketplace,2025-07-01,2025-12-01,5,47,1166.79,24.83,1,26.40,10.94,4640.11,3473.32,3.9768
Marketplace,2025-07-01,2026-01-01,6,47,1166.79,24.83,2,425.60,256.8,4896.91,3730.12,4.1969
Marketplace,2025-07-01,2026-02-01,7,47,1166.79,24.83,0,0.00,0.0,4896.91,3730.12,4.1969
Marketplace,2025-07-01,2026-03-01,8,47,1166.79,24.83,1,216.91,127.38,5024.29,3857.5,4.3061
Marketplace,2025-07-01,2026-04-01,9,47,1166.79,24.83,0,0.00,0.0,5024.29,3857.5,4.3061
Marketplace,2025-07-01,2026-05-01,10,47,1166.79,24.83,0,0.00,0.0,5024.29,3857.5,4.3061
Marketplace,2025-07-01,2026-06-01,11,47,1166.79,24.83,0,0.00,0.0,5024.29,3857.5,4.3061
Paid Search,2024-08-01,2024-08-01,0,63,2165.32,34.37,57,14671.68,3953.95,3953.95,1788.63,1.826
Paid Search,2024-08-01,2024-09-01,1,63,2165.32,34.37,12,2371.26,794.53,4748.48,2583.16,2.193
Paid Search,2024-08-01,2024-10-01,2,63,2165.32,34.37,17,4038.62,1664.25,6412.73,4247.41,2.9616
Paid Search,2024-08-01,2024-11-01,3,63,2165.32,34.37,9,1722.20,327.1,6739.83,4574.51,3.1126
Paid Search,2024-08-01,2024-12-01,4,63,2165.32,34.37,8,1908.31,486.99,7226.82,5061.5,3.3375
Paid Search,2024-08-01,2025-01-01,5,63,2165.32,34.37,5,896.00,342.25,7569.07,5403.75,3.4956
Paid Search,2024-08-01,2025-02-01,6,63,2165.32,34.37,4,617.13,300.54,7869.61,5704.29,3.6344
Paid Search,2024-08-01,2025-03-01,7,63,2165.32,34.37,4,1803.01,476.92,8346.53,6181.21,3.8546
Paid Search,2024-08-01,2025-04-01,8,63,2165.32,34.37,5,1629.91,697.1,9043.63,6878.31,4.1766
Paid Search,2024-08-01,2025-05-01,9,63,2165.32,34.37,1,128.06,75.91,9119.54,6954.22,4.2116
Paid Search,2024-08-01,2025-06-01,10,63,2165.32,34.37,1,172.61,60.22,9179.76,7014.44,4.2394
Paid Search,2024-08-01,2025-07-01,11,63,2165.32,34.37,0,0.00,0.0,9179.76,7014.44,4.2394
Paid Search,2024-08-01,2025-08-01,12,63,2165.32,34.37,0,0.00,0.0,9179.76,7014.44,4.2394
Paid Search,2024-08-01,2025-09-01,13,63,2165.32,34.37,1,202.35,84.8,9264.56,7099.24,4.2786
Paid Search,2024-08-01,2025-10-01,14,63,2165.32,34.37,0,0.00,0.0,9264.56,7099.24,4.2786
Paid Search,2024-08-01,2025-11-01,15,63,2165.32,34.37,0,0.00,0.0,9264.56,7099.24,4.2786
Paid Search,2024-08-01,2025-12-01,16,63,2165.32,34.37,0,0.00,0.0,9264.56,7099.24,4.2786
Paid Search,2024-08-01,2026-01-01,17,63,2165.32,34.37,0,0.00,0.0,9264.56,7099.24,4.2786
Paid Search,2024-08-01,2026-02-01,18,63,2165.32,34.37,0,0.00,0.0,9264.56,7099.24,4.2786
Paid Search,2024-08-01,2026-03-01,19,63,2165.32,34.37,0,0.00,0.0,9264.56,7099.24,4.2786
Paid Search,2024-08-01,2026-04-01,20,63,2165.32,34.37,1,902.95,-1.61,9262.95,7097.63,4.2779
Paid Search,2024-08-01,2026-05-01,21,63,2165.32,34.37,0,0.00,0.0,9262.95,7097.63,4.2779
Paid Search,2024-08-01,2026-06-01,22,63,2165.32,34.37,0,0.00,0.0,9262.95,7097.63,4.2779
Paid Search,2025-07-01,2025-07-01,0,69,2451.79,35.53,57,18369.28,4519.74,4519.74,2067.95,1.8434
Paid Search,2025-07-01,2025-08-01,1,69,2451.79,35.53,22,6881.72,1611.94,6131.68,3679.89,2.5009
Paid Search,2025-07-01,2025-09-01,2,69,2451.79,35.53,14,4251.16,771.61,6903.29,4451.5,2.8156
Paid Search,2025-07-01,2025-10-01,3,69,2451.79,35.53,12,5164.86,648.83,7552.12,5100.33,3.0802
Paid Search,2025-07-01,2025-11-01,4,69,2451.79,35.53,12,3473.96,1171.9,8724.02,6272.23,3.5582
Paid Search,2025-07-01,2025-12-01,5,69,2451.79,35.53,4,800.20,190.96,8914.98,6463.19,3.6361
Paid Search,2025-07-01,2026-01-01,6,69,2451.79,35.53,7,2069.48,499.77,9414.75,6962.96,3.8399
Paid Search,2025-07-01,2026-02-01,7,69,2451.79,35.53,5,561.94,128.87,9543.62,7091.83,3.8925
Paid Search,2025-07-01,2026-03-01,8,69,2451.79,35.53,3,928.11,376.23,9919.85,7468.06,4.046
Paid Search,2025-07-01,2026-04-01,9,69,2451.79,35.53,3,405.45,145.11,10064.96,7613.17,4.1051
Paid Search,2025-07-01,2026-05-01,10,69,2451.79,35.53,1,121.22,55.24,10120.2,7668.41,4.1277
Paid Search,2025-07-01,2026-06-01,11,69,2451.79,35.53,0,0.00,0.0,10120.2,7668.41,4.1277
Paid Social,2024-03-01,2024-03-01,0,36,936.20,26.01,31,7923.02,1179.18,1179.18,242.98,1.2595
Paid Social,2024-03-01,2024-04-01,1,36,936.20,26.01,7,1497.91,340.71,1519.89,583.69,1.6235
Paid Social,2024-03-01,2024-05-01,2,36,936.20,26.01,3,1671.37,-588.22,931.67,-4.53,0.9952
Paid Social,2024-03-01,2024-06-01,3,36,936.20,26.01,3,495.32,237.66,1169.33,233.13,1.249
Paid Social,2024-03-01,2024-07-01,4,36,936.20,26.01,1,287.58,72.38,1241.71,305.51,1.3263
Paid Social,2024-03-01,2024-08-01,5,36,936.20,26.01,2,227.11,37.86,1279.57,343.37,1.3668
Paid Social,2024-03-01,2024-09-01,6,36,936.20,26.01,1,105.94,30.96,1310.53,374.33,1.3998
Paid Social,2024-03-01,2024-10-01,7,36,936.20,26.01,0,0.00,0.0,1310.53,374.33,1.3998
Paid Social,2024-03-01,2024-11-01,8,36,936.20,26.01,0,0.00,0.0,1310.53,374.33,1.3998
Paid Social,2024-03-01,2024-12-01,9,36,936.20,26.01,2,381.64,22.02,1332.55,396.35,1.4234
Paid Social,2024-03-01,2025-01-01,10,36,936.20,26.01,0,0.00,0.0,1332.55,396.35,1.4234
Paid Social,2024-03-01,2025-02-01,11,36,936.20,26.01,1,33.23,8.01,1340.56,404.36,1.4319
Paid Social,2024-03-01,2025-03-01,12,36,936.20,26.01,0,0.00,0.0,1340.56,404.36,1.4319
Paid Social,2024-03-01,2025-04-01,13,36,936.20,26.01,0,0.00,0.0,1340.56,404.36,1.4319
Paid Social,2024-03-01,2025-05-01,14,36,936.20,26.01,0,0.00,0.0,1340.56,404.36,1.4319
Paid Social,2024-03-01,2025-06-01,15,36,936.20,26.01,0,0.00,0.0,1340.56,404.36,1.4319
Paid Social,2024-03-01,2025-07-01,16,36,936.20,26.01,0,0.00,0.0,1340.56,404.36,1.4319
Paid Social,2024-03-01,2025-08-01,17,36,936.20,26.01,0,0.00,0.0,1340.56,404.36,1.4319
Paid Social,2024-03-01,2025-09-01,18,36,936.20,26.01,0,0.00,0.0,1340.56,404.36,1.4319
Paid Social,2024-03-01,2025-10-01,19,36,936.20,26.01,0,0.00,0.0,1340.56,404.36,1.4319
Paid Social,2024-03-01,2025-11-01,20,36,936.20,26.01,0,0.00,0.0,1340.56,404.36,1.4319
Paid Social,2024-03-01,2025-12-01,21,36,936.20,26.01,0,0.00,0.0,1340.56,404.36,1.4319
Paid Social,2024-03-01,2026-01-01,22,36,936.20,26.01,0,0.00,0.0,1340.56,404.36,1.4319
Paid Social,2024-03-01,2026-02-01,23,36,936.20,26.01,0,0.00,0.0,1340.56,404.36,1.4319
Paid Social,2024-03-01,2026-03-01,24,36,936.20,26.01,0,0.00,0.0,1340.56,404.36,1.4319
Paid Social,2024-03-01,2026-04-01,25,36,936.20,26.01,0,0.00,0.0,1340.56,404.36,1.4319
Paid Social,2024-03-01,2026-05-01,26,36,936.20,26.01,0,0.00,0.0,1340.56,404.36,1.4319
Paid Social,2024-03-01,2026-06-01,27,36,936.20,26.01,0,0.00,0.0,1340.56,404.36,1.4319
Paid Social,2025-05-01,2025-05-01,0,87,2815.23,32.36,79,23804.75,4232.39,4232.39,1417.16,1.5034
Paid Social,2025-05-01,2025-06-01,1,87,2815.23,32.36,16,2654.86,625.8,4858.19,2042.96,1.7257
Paid Social,2025-05-01,2025-07-01,2,87,2815.23,32.36,10,2437.67,879.48,5737.67,2922.44,2.0381
Paid Social,2025-05-01,2025-08-01,3,87,2815.23,32.36,4,2528.22,297.54,6035.21,3219.98,2.1438
Paid Social,2025-05-01,2025-09-01,4,87,2815.23,32.36,3,561.64,78.62,6113.83,3298.6,2.1717
Paid Social,2025-05-01,2025-10-01,5,87,2815.23,32.36,3,790.71,84.74,6198.57,3383.34,2.2018
Paid Social,2025-05-01,2025-11-01,6,87,2815.23,32.36,1,196.44,-169.79,6028.78,3213.55,2.1415
Paid Social,2025-05-01,2025-12-01,7,87,2815.23,32.36,1,322.01,-130.71,5898.07,3082.84,2.0951
Paid Social,2025-05-01,2026-01-01,8,87,2815.23,32.36,0,0.00,0.0,5898.07,3082.84,2.0951
Paid Social,2025-05-01,2026-02-01,9,87,2815.23,32.36,0,0.00,0.0,5898.07,3082.84,2.0951
Paid Social,2025-05-01,2026-03-01,10,87,2815.23,32.36,0,0.00,0.0,5898.07,3082.84,2.0951
Paid Social,2025-05-01,2026-04-01,11,87,2815.23,32.36,0,0.00,0.0,5898.07,3082.84,2.0951
Paid Social,2025-05-01,2026-05-01,12,87,2815.23,32.36,0,0.00,0.0,5898.07,3082.84,2.0951
Paid Social,2025-05-01,2026-06-01,13,87,2815.23,32.36,0,0.00,0.0,5898.07,3082.84,2.0951
Paid Social,2025-11-01,2025-11-01,0,147,5185.00,35.27,142,35353.09,5878.2,5878.2,693.2,1.1337
Paid Social,2025-11-01,2025-12-01,1,147,5185.00,35.27,20,3678.12,886.35,6764.55,1579.55,1.3046
Paid Social,2025-11-01,2026-01-01,2,147,5185.00,35.27,9,2356.22,602.02,7366.57,2181.57,1.4207
Paid Social,2025-11-01,2026-02-01,3,147,5185.00,35.27,12,2450.44,15.05,7381.62,2196.62,1.4236
Paid Social,2025-11-01,2026-03-01,4,147,5185.00,35.27,3,495.86,175.7,7557.32,2372.32,1.4575
Paid Social,2025-11-01,2026-04-01,5,147,5185.00,35.27,4,2755.20,264.01,7821.33,2636.33,1.5085
Paid Social,2025-11-01,2026-05-01,6,147,5185.00,35.27,2,1342.98,181.48,8002.81,2817.81,1.5435
Paid Social,2025-11-01,2026-06-01,7,147,5185.00,35.27,1,252.02,71.53,8074.34,2889.34,1.5572
Affiliate,2025-03-01,2025-03-01,0,21,918.47,43.74,21,5251.17,1487.03,1487.03,568.56,1.619
Affiliate,2025-03-01,2025-04-01,1,21,918.47,43.74,0,0.00,0.0,1487.03,568.56,1.619
Affiliate,2025-03-01,2025-05-01,2,21,918.47,43.74,5,1144.03,504.5,1991.53,1073.06,2.1683
Affiliate,2025-03-01,2025-06-01,3,21,918.47,43.74,2,392.16,20.42,2011.95,1093.48,2.1905
Affiliate,2025-03-01,2025-07-01,4,21,918.47,43.74,1,147.32,-2.4,2009.55,1091.08,2.1879
Affiliate,2025-03-01,2025-08-01,5,21,918.47,43.74,2,437.46,40.02,2049.57,1131.1,2.2315
Affiliate,2025-03-01,2025-09-01,6,21,918.47,43.74,1,250.58,49.64,2099.21,1180.74,2.2856
Affiliate,2025-03-01,2025-10-01,7,21,918.47,43.74,0,0.00,0.0,2099.21,1180.74,2.2856
Affiliate,2025-03-01,2025-11-01,8,21,918.47,43.74,0,0.00,0.0,2099.21,1180.74,2.2856
Affiliate,2025-03-01,2025-12-01,9,21,918.47,43.74,0,0.00,0.0,2099.21,1180.74,2.2856
Affiliate,2025-03-01,2026-01-01,10,21,918.47,43.74,0,0.00,0.0,2099.21,1180.74,2.2856
Affiliate,2025-03-01,2026-02-01,11,21,918.47,43.74,1,93.74,7.6,2106.81,1188.34,2.2938
Affiliate,2025-03-01,2026-03-01,12,21,918.47,43.74,0,0.00,0.0,2106.81,1188.34,2.2938
Affiliate,2025-03-01,2026-04-01,13,21,918.47,43.74,0,0.00,0.0,2106.81,1188.34,2.2938
Affiliate,2025-03-01,2026-05-01,14,21,918.47,43.74,0,0.00,0.0,2106.81,1188.34,2.2938
Affiliate,2025-03-01,2026-06-01,15,21,918.47,43.74,0,0.00,0.0,2106.81,1188.34,2.2938
Email & CRM,2025-10-01,2025-10-01,0,39,254.28,6.52,37,10460.02,2053.6,2053.6,1799.32,8.0761
Email & CRM,2025-10-01,2025-11-01,1,39,254.28,6.52,8,2365.56,451.09,2504.69,2250.41,9.8501
Email & CRM,2025-10-01,2025-12-01,2,39,254.28,6.52,6,1547.53,467.8,2972.49,2718.21,11.6898
Email & CRM,2025-10-01,2026-01-01,3,39,254.28,6.52,9,1960.55,552.52,3525.01,3270.73,13.8627
Email & CRM,2025-10-01,2026-02-01,4,39,254.28,6.52,8,1745.55,430.41,3955.42,3701.14,15.5554
Email & CRM,2025-10-01,2026-03-01,5,39,254.28,6.52,2,581.22,130.47,4085.89,3831.61,16.0685
Email & CRM,2025-10-01,2026-04-01,6,39,254.28,6.52,5,1953.16,237.64,4323.53,4069.25,17.003
Email & CRM,2025-10-01,2026-05-01,7,39,254.28,6.52,3,792.21,223.42,4546.95,4292.67,17.8817
Email & CRM,2025-10-01,2026-06-01,8,39,254.28,6.52,4,699.16,352.69,4899.64,4645.36,19.2687
Marketplace,2024-10-01,2024-10-01,0,49,1171.97,23.92,48,16889.96,4439.66,4439.66,3267.69,3.7882
Marketplace,2024-10-01,2024-11-01,1,49,1171.97,23.92,8,2567.10,963.88,5403.54,4231.57,4.6106
Marketplace,2024-10-01,2024-12-01,2,49,1171.97,23.92,7,1009.42,252.11,5655.65,4483.68,4.8258
Marketplace,2024-10-01,2025-01-01,3,49,1171.97,23.92,1,798.47,149.98,5805.63,4633.66,4.9537
Marketplace,2024-10-01,2025-02-01,4,49,1171.97,23.92,2,684.04,183.99,5989.62,4817.65,5.1107
Marketplace,2024-10-01,2025-03-01,5,49,1171.97,23.92,1,548.95,248.18,6237.8,5065.83,5.3225
Marketplace,2024-10-01,2025-04-01,6,49,1171.97,23.92,2,1680.26,114.89,6352.69,5180.72,5.4205
Marketplace,2024-10-01,2025-05-01,7,49,1171.97,23.92,1,78.68,21.23,6373.92,5201.95,5.4386
Marketplace,2024-10-01,2025-06-01,8,49,1171.97,23.92,1,332.97,32.31,6406.23,5234.26,5.4662
Marketplace,2024-10-01,2025-07-01,9,49,1171.97,23.92,1,503.58,123.24,6529.47,5357.5,5.5714
Marketplace,2024-10-01,2025-08-01,10,49,1171.97,23.92,0,0.00,0.0,6529.47,5357.5,5.5714
Marketplace,2024-10-01,2025-09-01,11,49,1171.97,23.92,0,0.00,0.0,6529.47,5357.5,5.5714
Marketplace,2024-10-01,2025-10-01,12,49,1171.97,23.92,0,0.00,0.0,6529.47,5357.5,5.5714
Marketplace,2024-10-01,2025-11-01,13,49,1171.97,23.92,0,0.00,0.0,6529.47,5357.5,5.5714
Marketplace,2024-10-01,2025-12-01,14,49,1171.97,23.92,0,0.00,0.0,6529.47,5357.5,5.5714
Marketplace,2024-10-01,2026-01-01,15,49,1171.97,23.92,0,0.00,0.0,6529.47,5357.5,5.5714
Marketplace,2024-10-01,2026-02-01,16,49,1171.97,23.92,0,0.00,0.0,6529.47,5357.5,5.5714
Marketplace,2024-10-01,2026-03-01,17,49,1171.97,23.92,0,0.00,0.0,6529.47,5357.5,5.5714
Marketplace,2024-10-01,2026-04-01,18,49,1171.97,23.92,0,0.00,0.0,6529.47,5357.5,5.5714
Marketplace,2024-10-01,2026-05-01,19,49,1171.97,23.92,0,0.00,0.0,6529.47,5357.5,5.5714
Marketplace,2024-10-01,2026-06-01,20,49,1171.97,23.92,0,0.00,0.0,6529.47,5357.5,5.5714
Marketplace,2025-06-01,2025-06-01,0,54,1161.54,21.51,50,13073.39,3409.24,3409.24,2247.7,2.9351
Marketplace,2025-06-01,2025-07-01,1,54,1161.54,21.51,8,1895.85,630.83,4040.07,2878.53,3.4782
Marketplace,2025-06-01,2025-08-01,2,54,1161.54,21.51,5,766.35,287.12,4327.19,3165.65,3.7254
Marketplace,2025-06-01,2025-09-01,3,54,1161.54,21.51,3,758.92,280.76,4607.95,3446.41,3.9671
Marketplace,2025-06-01,2025-10-01,4,54,1161.54,21.51,2,1475.36,494.41,5102.36,3940.82,4.3928
Marketplace,2025-06-01,2025-11-01,5,54,1161.54,21.51,1,581.34,-500.05,4602.31,3440.77,3.9622
Marketplace,2025-06-01,2025-12-01,6,54,1161.54,21.51,2,639.49,319.62,4921.93,3760.39,4.2374
Marketplace,2025-06-01,2026-01-01,7,54,1161.54,21.51,0,0.00,0.0,4921.93,3760.39,4.2374
Marketplace,2025-06-01,2026-02-01,8,54,1161.54,21.51,1,454.67,171.89,5093.82,3932.28,4.3854
Marketplace,2025-06-01,2026-03-01,9,54,1161.54,21.51,0,0.00,0.0,5093.82,3932.28,4.3854
Marketplace,2025-06-01,2026-04-01,10,54,1161.54,21.51,0,0.00,0.0,5093.82,3932.28,4.3854
Marketplace,2025-06-01,2026-05-01,11,54,1161.54,21.51,0,0.00,0.0,5093.82,3932.28,4.3854
Marketplace,2025-06-01,2026-06-01,12,54,1161.54,21.51,0,0.00,0.0,5093.82,3932.28,4.3854
Marketplace,2025-08-01,2025-08-01,0,51,1267.55,24.85,46,19276.80,4636.31,4636.31,3368.76,3.6577
Marketplace,2025-08-01,2025-09-01,1,51,1267.55,24.85,10,2618.68,646.8,5283.11,4015.56,4.168
Marketplace,2025-08-01,2025-10-01,2,51,1267.55,24.85,8,1474.55,158.97,5442.08,4174.53,4.2934
Marketplace,2025-08-01,2025-11-01,3,51,1267.55,24.85,1,596.09,116.24,5558.32,4290.77,4.3851
Marketplace,2025-08-01,2025-12-01,4,51,1267.55,24.85,1,122.76,-2.67,5555.65,4288.1,4.383
Marketplace,2025-08-01,2026-01-01,5,51,1267.55,24.85,1,224.05,12.95,5568.6,4301.05,4.3932
Marketplace,2025-08-01,2026-02-01,6,51,1267.55,24.85,0,0.00,0.0,5568.6,4301.05,4.3932
Marketplace,2025-08-01,2026-03-01,7,51,1267.55,24.85,1,507.18,59.33,5627.93,4360.38,4.44
Marketplace,2025-08-01,2026-04-01,8,51,1267.55,24.85,0,0.00,0.0,5627.93,4360.38,4.44
Marketplace,2025-08-01,2026-05-01,9,51,1267.55,24.85,0,0.00,0.0,5627.93,4360.38,4.44
Marketplace,2025-08-01,2026-06-01,10,51,1267.55,24.85,0,0.00,0.0,5627.93,4360.38,4.44
Marketplace,2026-01-01,2026-01-01,0,43,919.63,21.39,38,12158.15,3057.69,3057.69,2138.06,3.3249
Marketplace,2026-01-01,2026-02-01,1,43,919.63,21.39,8,2720.83,811.18,3868.87,2949.24,4.207
Marketplace,2026-01-01,2026-03-01,2,43,919.63,21.39,2,209.84,24.2,3893.07,2973.44,4.2333
Marketplace,2026-01-01,2026-04-01,3,43,919.63,21.39,0,0.00,0.0,3893.07,2973.44,4.2333
Marketplace,2026-01-01,2026-05-01,4,43,919.63,21.39,2,348.74,163.69,4056.76,3137.13,4.4113
Marketplace,2026-01-01,2026-06-01,5,43,919.63,21.39,1,240.79,-31.72,4025.04,3105.41,4.3768
Organic Search,2024-09-01,2024-09-01,0,64,259.44,4.05,63,16069.09,4698.38,4698.38,4438.94,18.1097
Organic Search,2024-09-01,2024-10-01,1,64,259.44,4.05,10,2646.34,648.44,5346.82,5087.38,20.6091
Organic Search,2024-09-01,2024-11-01,2,64,259.44,4.05,16,4949.56,972.82,6319.64,6060.2,24.3588
Organic Search,2024-09-01,2024-12-01,3,64,259.44,4.05,9,3295.85,698.22,7017.86,6758.42,27.05
Organic Search,2024-09-01,2025-01-01,4,64,259.44,4.05,7,1672.66,317.54,7335.4,7075.96,28.274
Organic Search,2024-09-01,2025-02-01,5,64,259.44,4.05,4,753.72,267.57,7602.97,7343.53,29.3053
Organic Search,2024-09-01,2025-03-01,6,64,259.44,4.05,6,1137.00,360.43,7963.4,7703.96,30.6946
Organic Search,2024-09-01,2025-04-01,7,64,259.44,4.05,2,625.96,130.47,8093.87,7834.43,31.1975
Organic Search,2024-09-01,2025-05-01,8,64,259.44,4.05,5,634.72,89.03,8182.9,7923.46,31.5406
Organic Search,2024-09-01,2025-06-01,9,64,259.44,4.05,4,626.37,255.93,8438.83,8179.39,32.5271
Organic Search,2024-09-01,2025-07-01,10,64,259.44,4.05,2,418.93,176.25,8615.08,8355.64,33.2064
Organic Search,2024-09-01,2025-08-01,11,64,259.44,4.05,3,1268.75,130.22,8745.3,8485.86,33.7084
Organic Search,2024-09-01,2025-09-01,12,64,259.44,4.05,1,410.42,162.48,8907.78,8648.34,34.3346
Organic Search,2024-09-01,2025-10-01,13,64,259.44,4.05,3,380.12,174.78,9082.56,8823.12,35.0083
Organic Search,2024-09-01,2025-11-01,14,64,259.44,4.05,0,0.00,0.0,9082.56,8823.12,35.0083
Organic Search,2024-09-01,2025-12-01,15,64,259.44,4.05,0,0.00,0.0,9082.56,8823.12,35.0083
Organic Search,2024-09-01,2026-01-01,16,64,259.44,4.05,1,59.62,0.0,9082.56,8823.12,35.0083
Organic Search,2024-09-01,2026-02-01,17,64,259.44,4.05,0,0.00,0.0,9082.56,8823.12,35.0083
Organic Search,2024-09-01,2026-03-01,18,64,259.44,4.05,0,0.00,0.0,9082.56,8823.12,35.0083
Organic Search,2024-09-01,2026-04-01,19,64,259.44,4.05,0,0.00,0.0,9082.56,8823.12,35.0083
Organic Search,2024-09-01,2026-05-01,20,64,259.44,4.05,0,0.00,0.0,9082.56,8823.12,35.0083
Organic Search,2024-09-01,2026-06-01,21,64,259.44,4.05,0,0.00,0.0,9082.56,8823.12,35.0083
Paid Search,2024-10-01,2024-10-01,0,57,1895.92,33.26,55,19076.36,3578.97,3578.97,1683.05,1.8877
Paid Search,2024-10-01,2024-11-01,1,57,1895.92,33.26,14,4100.93,956.58,4535.55,2639.63,2.3923
Paid Search,2024-10-01,2024-12-01,2,57,1895.92,33.26,15,4044.79,1060.48,5596.03,3700.11,2.9516
Paid Search,2024-10-01,2025-01-01,3,57,1895.92,33.26,8,4632.40,550.68,6146.71,4250.79,3.2421
Paid Search,2024-10-01,2025-02-01,4,57,1895.92,33.26,1,857.58,54.3,6201.01,4305.09,3.2707
Paid Search,2024-10-01,2025-03-01,5,57,1895.92,33.26,3,556.98,107.56,6308.57,4412.65,3.3274
Paid Search,2024-10-01,2025-04-01,6,57,1895.92,33.26,3,662.02,248.01,6556.58,4660.66,3.4583
Paid Search,2024-10-01,2025-05-01,7,57,1895.92,33.26,5,636.21,226.13,6782.71,4886.79,3.5775
Paid Search,2024-10-01,2025-06-01,8,57,1895.92,33.26,2,181.17,-14.26,6768.45,4872.53,3.57
Paid Search,2024-10-01,2025-07-01,9,57,1895.92,33.26,2,334.47,118.67,6887.12,4991.2,3.6326
Paid Search,2024-10-01,2025-08-01,10,57,1895.92,33.26,3,1468.37,480.65,7367.77,5471.85,3.8861
Paid Search,2024-10-01,2025-09-01,11,57,1895.92,33.26,1,28.01,12.86,7380.63,5484.71,3.8929
Paid Search,2024-10-01,2025-10-01,12,57,1895.92,33.26,2,628.19,29.41,7410.04,5514.12,3.9084
Paid Search,2024-10-01,2025-11-01,13,57,1895.92,33.26,1,743.89,135.42,7545.46,5649.54,3.9798
Paid Search,2024-10-01,2025-12-01,14,57,1895.92,33.26,0,0.00,0.0,7545.46,5649.54,3.9798
Paid Search,2024-10-01,2026-01-01,15,57,1895.92,33.26,2,182.20,80.68,7626.14,5730.22,4.0224
Paid Search,2024-10-01,2026-02-01,16,57,1895.92,33.26,0,0.00,0.0,7626.14,5730.22,4.0224
Paid Search,2024-10-01,2026-03-01,17,57,1895.92,33.26,0,0.00,0.0,7626.14,5730.22,4.0224
Paid Search,2024-10-01,2026-04-01,18,57,1895.92,33.26,1,39.30,1.57,7627.71,5731.79,4.0232
Paid Search,2024-10-01,2026-05-01,19,57,1895.92,33.26,0,0.00,0.0,7627.71,5731.79,4.0232
Paid Search,2024-10-01,2026-06-01,20,57,1895.92,33.26,0,0.00,0.0,7627.71,5731.79,4.0232
Paid Search,2025-06-01,2025-06-01,0,72,2287.20,31.77,66,18521.19,3437.54,3437.54,1150.34,1.5029
Paid Search,2025-06-01,2025-07-01,1,72,2287.20,31.77,19,5467.66,1101.83,4539.37,2252.17,1.9847
Paid Search,2025-06-01,2025-08-01,2,72,2287.20,31.77,9,2326.62,480.25,5019.62,2732.42,2.1947
Paid Search,2025-06-01,2025-09-01,3,72,2287.20,31.77,8,2718.24,682.65,5702.27,3415.07,2.4931
Paid Search,2025-06-01,2025-10-01,4,72,2287.20,31.77,9,2565.37,336.16,6038.43,3751.23,2.6401
Paid Search,2025-06-01,2025-11-01,5,72,2287.20,31.77,6,1578.52,254.03,6292.46,4005.26,2.7512
Paid Search,2025-06-01,2025-12-01,6,72,2287.20,31.77,5,1887.98,597.15,6889.61,4602.41,3.0122
Paid Search,2025-06-01,2026-01-01,7,72,2287.20,31.77,8,2147.23,920.27,7809.88,5522.68,3.4146
Paid Search,2025-06-01,2026-02-01,8,72,2287.20,31.77,2,435.90,189.29,7999.17,5711.97,3.4974
Paid Search,2025-06-01,2026-03-01,9,72,2287.20,31.77,2,551.88,284.14,8283.31,5996.11,3.6216
Paid Search,2025-06-01,2026-04-01,10,72,2287.20,31.77,2,1000.68,266.94,8550.25,6263.05,3.7383
Paid Search,2025-06-01,2026-05-01,11,72,2287.20,31.77,1,536.81,-7.07,8543.18,6255.98,3.7352
Paid Search,2025-06-01,2026-06-01,12,72,2287.20,31.77,3,877.60,103.01,8646.19,6358.99,3.7803
Paid Search,2025-08-01,2025-08-01,0,74,2372.84,32.07,68,20091.21,4894.76,4894.76,2521.92,2.0628
Paid Search,2025-08-01,2025-09-01,1,74,2372.84,32.07,19,5554.32,1264.73,6159.49,3786.65,2.5958
Paid Search,2025-08-01,2025-10-01,2,74,2372.84,32.07,16,4463.70,1169.51,7329.0,4956.16,3.0887
Paid Search,2025-08-01,2025-11-01,3,74,2372.84,32.07,17,7555.87,1857.39,9186.39,6813.55,3.8715
Paid Search,2025-08-01,2025-12-01,4,74,2372.84,32.07,8,1674.91,369.32,9555.71,7182.87,4.0271
Paid Search,2025-08-01,2026-01-01,5,74,2372.84,32.07,3,829.59,235.07,9790.78,7417.94,4.1262
Paid Search,2025-08-01,2026-02-01,6,74,2372.84,32.07,6,2248.85,459.25,10250.03,7877.19,4.3197
Paid Search,2025-08-01,2026-03-01,7,74,2372.84,32.07,4,872.33,183.53,10433.56,8060.72,4.3971
Paid Search,2025-08-01,2026-04-01,8,74,2372.84,32.07,2,490.92,106.14,10539.7,8166.86,4.4418
Paid Search,2025-08-01,2026-05-01,9,74,2372.84,32.07,1,64.55,37.93,10577.63,8204.79,4.4578
Paid Search,2025-08-01,2026-06-01,10,74,2372.84,32.07,2,371.65,138.72,10716.35,8343.51,4.5163
Paid Search,2026-01-01,2026-01-01,0,48,1772.26,36.92,45,14042.99,2864.78,2864.78,1092.52,1.6165
Paid Search,2026-01-01,2026-02-01,1,48,1772.26,36.92,5,1880.75,436.98,3301.76,1529.5,1.863
Paid Search,2026-01-01,2026-03-01,2,48,1772.26,36.92,13,4827.18,1356.68,4658.44,2886.18,2.6285
Paid Search,2026-01-01,2026-04-01,3,48,1772.26,36.92,8,3257.76,878.25,5536.69,3764.43,3.1241
Paid Search,2026-01-01,2026-05-01,4,48,1772.26,36.92,6,1532.35,354.16,5890.85,4118.59,3.3239
Paid Search,2026-01-01,2026-06-01,5,48,1772.26,36.92,3,344.85,80.2,5971.05,4198.79,3.3692
Affiliate,2024-08-01,2024-08-01,0,23,894.07,38.87,20,4321.59,1094.89,1094.89,200.82,1.2246
Affiliate,2024-08-01,2024-09-01,1,23,894.07,38.87,3,1367.76,435.49,1530.38,636.31,1.7117
Affiliate,2024-08-01,2024-10-01,2,23,894.07,38.87,4,2191.86,488.81,2019.19,1125.12,2.2584
Affiliate,2024-08-01,2024-11-01,3,23,894.07,38.87,3,834.89,268.82,2288.01,1393.94,2.5591
Affiliate,2024-08-01,2024-12-01,4,23,894.07,38.87,3,2298.33,339.13,2627.14,1733.07,2.9384
Affiliate,2024-08-01,2025-01-01,5,23,894.07,38.87,0,0.00,0.0,2627.14,1733.07,2.9384
Affiliate,2024-08-01,2025-02-01,6,23,894.07,38.87,1,126.76,44.16,2671.3,1777.23,2.9878
Affiliate,2024-08-01,2025-03-01,7,23,894.07,38.87,2,455.02,129.14,2800.44,1906.37,3.1322
Affiliate,2024-08-01,2025-04-01,8,23,894.07,38.87,0,0.00,0.0,2800.44,1906.37,3.1322
Affiliate,2024-08-01,2025-05-01,9,23,894.07,38.87,0,0.00,0.0,2800.44,1906.37,3.1322
Affiliate,2024-08-01,2025-06-01,10,23,894.07,38.87,0,0.00,0.0,2800.44,1906.37,3.1322
Affiliate,2024-08-01,2025-07-01,11,23,894.07,38.87,0,0.00,0.0,2800.44,1906.37,3.1322
Affiliate,2024-08-01,2025-08-01,12,23,894.07,38.87,0,0.00,0.0,2800.44,1906.37,3.1322
Affiliate,2024-08-01,2025-09-01,13,23,894.07,38.87,0,0.00,0.0,2800.44,1906.37,3.1322
Affiliate,2024-08-01,2025-10-01,14,23,894.07,38.87,1,319.29,60.88,2861.32,1967.25,3.2003
Affiliate,2024-08-01,2025-11-01,15,23,894.07,38.87,1,86.87,-15.59,2845.73,1951.66,3.1829
Affiliate,2024-08-01,2025-12-01,16,23,894.07,38.87,0,0.00,0.0,2845.73,1951.66,3.1829
Affiliate,2024-08-01,2026-01-01,17,23,894.07,38.87,0,0.00,0.0,2845.73,1951.66,3.1829
Affiliate,2024-08-01,2026-02-01,18,23,894.07,38.87,0,0.00,0.0,2845.73,1951.66,3.1829
Affiliate,2024-08-01,2026-03-01,19,23,894.07,38.87,0,0.00,0.0,2845.73,1951.66,3.1829
Affiliate,2024-08-01,2026-04-01,20,23,894.07,38.87,0,0.00,0.0,2845.73,1951.66,3.1829
Affiliate,2024-08-01,2026-05-01,21,23,894.07,38.87,0,0.00,0.0,2845.73,1951.66,3.1829
Affiliate,2024-08-01,2026-06-01,22,23,894.07,38.87,0,0.00,0.0,2845.73,1951.66,3.1829
Affiliate,2025-07-01,2025-07-01,0,17,651.20,38.31,14,5013.43,1381.9,1381.9,730.7,2.1221
Affiliate,2025-07-01,2025-08-01,1,17,651.20,38.31,4,783.26,236.03,1617.93,966.73,2.4845
Affiliate,2025-07-01,2025-09-01,2,17,651.20,38.31,2,193.31,87.37,1705.3,1054.1,2.6187
Affiliate,2025-07-01,2025-10-01,3,17,651.20,38.31,1,914.81,111.44,1816.74,1165.54,2.7898
Affiliate,2025-07-01,2025-11-01,4,17,651.20,38.31,1,51.99,27.44,1844.18,1192.98,2.832
Affiliate,2025-07-01,2025-12-01,5,17,651.20,38.31,0,0.00,0.0,1844.18,1192.98,2.832
Affiliate,2025-07-01,2026-01-01,6,17,651.20,38.31,1,549.16,119.99,1964.17,1312.97,3.0162
Affiliate,2025-07-01,2026-02-01,7,17,651.20,38.31,0,0.00,0.0,1964.17,1312.97,3.0162
Affiliate,2025-07-01,2026-03-01,8,17,651.20,38.31,0,0.00,0.0,1964.17,1312.97,3.0162
Affiliate,2025-07-01,2026-04-01,9,17,651.20,38.31,0,0.00,0.0,1964.17,1312.97,3.0162
Affiliate,2025-07-01,2026-05-01,10,17,651.20,38.31,0,0.00,0.0,1964.17,1312.97,3.0162
Affiliate,2025-07-01,2026-06-01,11,17,651.20,38.31,0,0.00,0.0,1964.17,1312.97,3.0162
Email & CRM,2024-10-01,2024-10-01,0,46,297.42,6.47,43,11390.53,2560.51,2560.51,2263.09,8.6091
Email & CRM,2024-10-01,2024-11-01,1,46,297.42,6.47,6,1632.87,447.89,3008.4,2710.98,10.115
Email & CRM,2024-10-01,2024-12-01,2,46,297.42,6.47,11,2319.40,596.06,3604.46,3307.04,12.1191
Email & CRM,2024-10-01,2025-01-01,3,46,297.42,6.47,7,955.83,301.84,3906.3,3608.88,13.134
Email & CRM,2024-10-01,2025-02-01,4,46,297.42,6.47,6,1682.99,647.0,4553.3,4255.88,15.3093
Email & CRM,2024-10-01,2025-03-01,5,46,297.42,6.47,14,4721.58,1563.53,6116.83,5819.41,20.5663
Email & CRM,2024-10-01,2025-04-01,6,46,297.42,6.47,5,1708.88,390.13,6506.96,6209.54,21.878
Email & CRM,2024-10-01,2025-05-01,7,46,297.42,6.47,6,1472.38,350.96,6857.92,6560.5,23.058
Email & CRM,2024-10-01,2025-06-01,8,46,297.42,6.47,6,1407.15,290.53,7148.45,6851.03,24.0349
Email & CRM,2024-10-01,2025-07-01,9,46,297.42,6.47,4,1840.43,-68.83,7079.62,6782.2,23.8034
Email & CRM,2024-10-01,2025-08-01,10,46,297.42,6.47,1,189.03,72.49,7152.11,6854.69,24.0472
Email & CRM,2024-10-01,2025-09-01,11,46,297.42,6.47,2,668.17,195.77,7347.88,7050.46,24.7054
Email & CRM,2024-10-01,2025-10-01,12,46,297.42,6.47,1,194.09,68.15,7416.03,7118.61,24.9345
Email & CRM,2024-10-01,2025-11-01,13,46,297.42,6.47,0,0.00,0.0,7416.03,7118.61,24.9345
Email & CRM,2024-10-01,2025-12-01,14,46,297.42,6.47,2,712.81,121.0,7537.03,7239.61,25.3414
Email & CRM,2024-10-01,2026-01-01,15,46,297.42,6.47,0,0.00,0.0,7537.03,7239.61,25.3414
Email & CRM,2024-10-01,2026-02-01,16,46,297.42,6.47,2,1044.80,415.2,7952.23,7654.81,26.7374
Email & CRM,2024-10-01,2026-03-01,17,46,297.42,6.47,1,77.82,27.82,7980.05,7682.63,26.8309
Email & CRM,2024-10-01,2026-04-01,18,46,297.42,6.47,1,116.94,67.43,8047.48,7750.06,27.0576
Email & CRM,2024-10-01,2026-05-01,19,46,297.42,6.47,0,0.00,0.0,8047.48,7750.06,27.0576
Email & CRM,2024-10-01,2026-06-01,20,46,297.42,6.47,0,0.00,0.0,8047.48,7750.06,27.0576
Email & CRM,2025-06-01,2025-06-01,0,30,183.06,6.1,30,8905.21,1572.14,1572.14,1389.08,8.5881
Email & CRM,2025-06-01,2025-07-01,1,30,183.06,6.1,6,1558.47,344.73,1916.87,1733.81,10.4713
Email & CRM,2025-06-01,2025-08-01,2,30,183.06,6.1,8,1596.00,460.88,2377.75,2194.69,12.9889
Email & CRM,2025-06-01,2025-09-01,3,30,183.06,6.1,6,651.18,71.66,2449.41,2266.35,13.3804
Email & CRM,2025-06-01,2025-10-01,4,30,183.06,6.1,3,508.87,69.73,2519.14,2336.08,13.7613
Email & CRM,2025-06-01,2025-11-01,5,30,183.06,6.1,7,1536.21,122.44,2641.58,2458.52,14.4301
Email & CRM,2025-06-01,2025-12-01,6,30,183.06,6.1,4,1096.89,249.77,2891.35,2708.29,15.7945
Email & CRM,2025-06-01,2026-01-01,7,30,183.06,6.1,6,1165.42,378.96,3270.31,3087.25,17.8647
Email & CRM,2025-06-01,2026-02-01,8,30,183.06,6.1,1,351.68,35.87,3306.18,3123.12,18.0606
Email & CRM,2025-06-01,2026-03-01,9,30,183.06,6.1,1,105.15,56.39,3362.57,3179.51,18.3687
Email & CRM,2025-06-01,2026-04-01,10,30,183.06,6.1,4,810.95,318.48,3681.05,3497.99,20.1084
Email & CRM,2025-06-01,2026-05-01,11,30,183.06,6.1,1,98.30,-2.25,3678.8,3495.74,20.0961
Email & CRM,2025-06-01,2026-06-01,12,30,183.06,6.1,1,239.75,95.3,3774.1,3591.04,20.6167
Email & CRM,2025-08-01,2025-08-01,0,22,141.83,6.45,22,9991.24,2026.51,2026.51,1884.68,14.2883
Email & CRM,2025-08-01,2025-09-01,1,22,141.83,6.45,3,188.76,36.34,2062.85,1921.02,14.5445
Email & CRM,2025-08-01,2025-10-01,2,22,141.83,6.45,5,973.57,313.42,2376.27,2234.44,16.7544
Email & CRM,2025-08-01,2025-11-01,3,22,141.83,6.45,2,804.62,281.42,2657.69,2515.86,18.7386
Email & CRM,2025-08-01,2025-12-01,4,22,141.83,6.45,4,2377.42,473.41,3131.1,2989.27,22.0764
Email & CRM,2025-08-01,2026-01-01,5,22,141.83,6.45,5,1272.05,433.17,3564.27,3422.44,25.1306
Email & CRM,2025-08-01,2026-02-01,6,22,141.83,6.45,3,747.91,330.42,3894.69,3752.86,27.4603
Email & CRM,2025-08-01,2026-03-01,7,22,141.83,6.45,2,901.82,169.99,4064.68,3922.85,28.6588
Email & CRM,2025-08-01,2026-04-01,8,22,141.83,6.45,3,1519.76,348.47,4413.15,4271.32,31.1158
Email & CRM,2025-08-01,2026-05-01,9,22,141.83,6.45,2,269.16,-138.89,4274.26,4132.43,30.1365
Email & CRM,2025-08-01,2026-06-01,10,22,141.83,6.45,1,60.85,14.25,4288.51,4146.68,30.237
Email & CRM,2026-01-01,2026-01-01,0,25,148.37,5.93,23,7441.01,1859.92,1859.92,1711.55,12.5357
Email & CRM,2026-01-01,2026-02-01,1,25,148.37,5.93,4,669.13,145.36,2005.28,1856.91,13.5154
Email & CRM,2026-01-01,2026-03-01,2,25,148.37,5.93,9,2435.30,707.38,2712.66,2564.29,18.2831
Email & CRM,2026-01-01,2026-04-01,3,25,148.37,5.93,8,1748.23,498.09,3210.75,3062.38,21.6402
Email & CRM,2026-01-01,2026-05-01,4,25,148.37,5.93,4,799.72,86.83,3297.58,3149.21,22.2254
Email & CRM,2026-01-01,2026-06-01,5,25,148.37,5.93,1,245.00,128.39,3425.97,3277.6,23.0907
Marketplace,2025-10-01,2025-10-01,0,58,1227.79,21.17,56,14109.74,3600.4,3600.4,2372.61,2.9324
Marketplace,2025-10-01,2025-11-01,1,58,1227.79,21.17,4,613.13,160.2,3760.6,2532.81,3.0629
Marketplace,2025-10-01,2025-12-01,2,58,1227.79,21.17,3,1492.18,277.88,4038.48,2810.69,3.2892
Marketplace,2025-10-01,2026-01-01,3,58,1227.79,21.17,1,283.36,11.15,4049.63,2821.84,3.2983
Marketplace,2025-10-01,2026-02-01,4,58,1227.79,21.17,6,3041.60,635.37,4685.0,3457.21,3.8158
Marketplace,2025-10-01,2026-03-01,5,58,1227.79,21.17,3,932.74,321.85,5006.85,3779.06,4.0779
Marketplace,2025-10-01,2026-04-01,6,58,1227.79,21.17,1,384.21,82.33,5089.18,3861.39,4.145
Marketplace,2025-10-01,2026-05-01,7,58,1227.79,21.17,0,0.00,0.0,5089.18,3861.39,4.145
Marketplace,2025-10-01,2026-06-01,8,58,1227.79,21.17,0,0.00,0.0,5089.18,3861.39,4.145
Paid Search,2025-10-01,2025-10-01,0,82,2614.38,31.88,81,20684.19,4799.35,4799.35,2184.97,1.8358
Paid Search,2025-10-01,2025-11-01,1,82,2614.38,31.88,12,4225.55,943.95,5743.3,3128.92,2.1968
Paid Search,2025-10-01,2025-12-01,2,82,2614.38,31.88,15,2721.22,759.99,6503.29,3888.91,2.4875
Paid Search,2025-10-01,2026-01-01,3,82,2614.38,31.88,11,3430.27,728.65,7231.94,4617.56,2.7662
Paid Search,2025-10-01,2026-02-01,4,82,2614.38,31.88,9,1540.46,456.87,7688.81,5074.43,2.941
Paid Search,2025-10-01,2026-03-01,5,82,2614.38,31.88,3,204.61,108.95,7797.76,5183.38,2.9826
Paid Search,2025-10-01,2026-04-01,6,82,2614.38,31.88,5,1044.89,168.28,7966.04,5351.66,3.047
Paid Search,2025-10-01,2026-05-01,7,82,2614.38,31.88,1,55.17,27.39,7993.43,5379.05,3.0575
Paid Search,2025-10-01,2026-06-01,8,82,2614.38,31.88,3,707.80,42.82,8036.25,5421.87,3.0739
Paid Social,2024-09-01,2024-09-01,0,75,2465.52,32.87,72,17786.52,2533.24,2533.24,67.72,1.0275
Paid Social,2024-09-01,2024-10-01,1,75,2465.52,32.87,9,3467.74,201.49,2734.73,269.21,1.1092
Paid Social,2024-09-01,2024-11-01,2,75,2465.52,32.87,7,1332.82,191.87,2926.6,461.08,1.187
Paid Social,2024-09-01,2024-12-01,3,75,2465.52,32.87,6,876.96,172.21,3098.81,633.29,1.2569
Paid Social,2024-09-01,2025-01-01,4,75,2465.52,32.87,5,1019.10,200.08,3298.89,833.37,1.338
Paid Social,2024-09-01,2025-02-01,5,75,2465.52,32.87,2,154.96,42.14,3341.03,875.51,1.3551
Paid Social,2024-09-01,2025-03-01,6,75,2465.52,32.87,2,179.76,62.48,3403.51,937.99,1.3804
Paid Social,2024-09-01,2025-04-01,7,75,2465.52,32.87,2,731.68,-55.96,3347.55,882.03,1.3577
Paid Social,2024-09-01,2025-05-01,8,75,2465.52,32.87,1,556.02,139.16,3486.71,1021.19,1.4142
Paid Social,2024-09-01,2025-06-01,9,75,2465.52,32.87,0,0.00,0.0,3486.71,1021.19,1.4142
Paid Social,2024-09-01,2025-07-01,10,75,2465.52,32.87,1,1149.64,-228.42,3258.29,792.77,1.3215
Paid Social,2024-09-01,2025-08-01,11,75,2465.52,32.87,1,29.85,7.82,3266.11,800.59,1.3247
Paid Social,2024-09-01,2025-09-01,12,75,2465.52,32.87,1,574.65,79.58,3345.69,880.17,1.357
Paid Social,2024-09-01,2025-10-01,13,75,2465.52,32.87,0,0.00,0.0,3345.69,880.17,1.357
Paid Social,2024-09-01,2025-11-01,14,75,2465.52,32.87,1,607.60,-132.45,3213.24,747.72,1.3033
Paid Social,2024-09-01,2025-12-01,15,75,2465.52,32.87,0,0.00,0.0,3213.24,747.72,1.3033
Paid Social,2024-09-01,2026-01-01,16,75,2465.52,32.87,0,0.00,0.0,3213.24,747.72,1.3033
Paid Social,2024-09-01,2026-02-01,17,75,2465.52,32.87,1,352.23,-0.13,3213.11,747.59,1.3032
Paid Social,2024-09-01,2026-03-01,18,75,2465.52,32.87,0,0.00,0.0,3213.11,747.59,1.3032
Paid Social,2024-09-01,2026-04-01,19,75,2465.52,32.87,0,0.00,0.0,3213.11,747.59,1.3032
Paid Social,2024-09-01,2026-05-01,20,75,2465.52,32.87,0,0.00,0.0,3213.11,747.59,1.3032
Paid Social,2024-09-01,2026-06-01,21,75,2465.52,32.87,0,0.00,0.0,3213.11,747.59,1.3032
Affiliate,2024-01-01,2024-01-01,0,30,1340.51,44.68,29,10305.02,1173.5,1173.5,-167.01,0.8754
Affiliate,2024-01-01,2024-02-01,1,30,1340.51,44.68,3,711.87,139.46,1312.96,-27.55,0.9794
Affiliate,2024-01-01,2024-03-01,2,30,1340.51,44.68,4,1290.75,451.09,1764.05,423.54,1.316
Affiliate,2024-01-01,2024-04-01,3,30,1340.51,44.68,1,95.89,48.27,1812.32,471.81,1.352
Affiliate,2024-01-01,2024-05-01,4,30,1340.51,44.68,4,399.99,52.72,1865.04,524.53,1.3913
Affiliate,2024-01-01,2024-06-01,5,30,1340.51,44.68,3,788.54,340.12,2205.16,864.65,1.645
Affiliate,2024-01-01,2024-07-01,6,30,1340.51,44.68,4,572.76,151.88,2357.04,1016.53,1.7583
Affiliate,2024-01-01,2024-08-01,7,30,1340.51,44.68,0,0.00,0.0,2357.04,1016.53,1.7583
Affiliate,2024-01-01,2024-09-01,8,30,1340.51,44.68,0,0.00,0.0,2357.04,1016.53,1.7583
Affiliate,2024-01-01,2024-10-01,9,30,1340.51,44.68,0,0.00,0.0,2357.04,1016.53,1.7583
Affiliate,2024-01-01,2024-11-01,10,30,1340.51,44.68,0,0.00,0.0,2357.04,1016.53,1.7583
Affiliate,2024-01-01,2024-12-01,11,30,1340.51,44.68,0,0.00,0.0,2357.04,1016.53,1.7583
Affiliate,2024-01-01,2025-01-01,12,30,1340.51,44.68,0,0.00,0.0,2357.04,1016.53,1.7583
Affiliate,2024-01-01,2025-02-01,13,30,1340.51,44.68,0,0.00,0.0,2357.04,1016.53,1.7583
Affiliate,2024-01-01,2025-03-01,14,30,1340.51,44.68,0,0.00,0.0,2357.04,1016.53,1.7583
Affiliate,2024-01-01,2025-04-01,15,30,1340.51,44.68,1,325.37,30.61,2387.65,1047.14,1.7812
Affiliate,2024-01-01,2025-05-01,16,30,1340.51,44.68,0,0.00,0.0,2387.65,1047.14,1.7812
Affiliate,2024-01-01,2025-06-01,17,30,1340.51,44.68,0,0.00,0.0,2387.65,1047.14,1.7812
Affiliate,2024-01-01,2025-07-01,18,30,1340.51,44.68,0,0.00,0.0,2387.65,1047.14,1.7812
Affiliate,2024-01-01,2025-08-01,19,30,1340.51,44.68,0,0.00,0.0,2387.65,1047.14,1.7812
Affiliate,2024-01-01,2025-09-01,20,30,1340.51,44.68,0,0.00,0.0,2387.65,1047.14,1.7812
Affiliate,2024-01-01,2025-10-01,21,30,1340.51,44.68,0,0.00,0.0,2387.65,1047.14,1.7812
Affiliate,2024-01-01,2025-11-01,22,30,1340.51,44.68,0,0.00,0.0,2387.65,1047.14,1.7812
Affiliate,2024-01-01,2025-12-01,23,30,1340.51,44.68,0,0.00,0.0,2387.65,1047.14,1.7812
Affiliate,2024-01-01,2026-01-01,24,30,1340.51,44.68,0,0.00,0.0,2387.65,1047.14,1.7812
Affiliate,2024-01-01,2026-02-01,25,30,1340.51,44.68,0,0.00,0.0,2387.65,1047.14,1.7812
Affiliate,2024-01-01,2026-03-01,26,30,1340.51,44.68,0,0.00,0.0,2387.65,1047.14,1.7812
Affiliate,2024-01-01,2026-04-01,27,30,1340.51,44.68,0,0.00,0.0,2387.65,1047.14,1.7812
Affiliate,2024-01-01,2026-05-01,28,30,1340.51,44.68,0,0.00,0.0,2387.65,1047.14,1.7812
Affiliate,2024-01-01,2026-06-01,29,30,1340.51,44.68,0,0.00,0.0,2387.65,1047.14,1.7812
Affiliate,2024-02-01,2024-02-01,0,34,1514.97,44.56,33,10313.43,2241.53,2241.53,726.56,1.4796
Affiliate,2024-02-01,2024-03-01,1,34,1514.97,44.56,9,2700.61,731.42,2972.95,1457.98,1.9624
Affiliate,2024-02-01,2024-04-01,2,34,1514.97,44.56,4,665.88,255.8,3228.75,1713.78,2.1312
Affiliate,2024-02-01,2024-05-01,3,34,1514.97,44.56,2,376.93,99.33,3328.08,1813.11,2.1968
Affiliate,2024-02-01,2024-06-01,4,34,1514.97,44.56,2,276.56,83.24,3411.32,1896.35,2.2517
Affiliate,2024-02-01,2024-07-01,5,34,1514.97,44.56,1,57.14,32.29,3443.61,1928.64,2.2731
Affiliate,2024-02-01,2024-08-01,6,34,1514.97,44.56,0,0.00,0.0,3443.61,1928.64,2.2731
Affiliate,2024-02-01,2024-09-01,7,34,1514.97,44.56,1,226.66,108.15,3551.76,2036.79,2.3444
Affiliate,2024-02-01,2024-10-01,8,34,1514.97,44.56,1,99.17,43.76,3595.52,2080.55,2.3733
Affiliate,2024-02-01,2024-11-01,9,34,1514.97,44.56,1,744.80,92.27,3687.79,2172.82,2.4342
Affiliate,2024-02-01,2024-12-01,10,34,1514.97,44.56,0,0.00,0.0,3687.79,2172.82,2.4342
Affiliate,2024-02-01,2025-01-01,11,34,1514.97,44.56,0,0.00,0.0,3687.79,2172.82,2.4342
Affiliate,2024-02-01,2025-02-01,12,34,1514.97,44.56,0,0.00,0.0,3687.79,2172.82,2.4342
Affiliate,2024-02-01,2025-03-01,13,34,1514.97,44.56,0,0.00,0.0,3687.79,2172.82,2.4342
Affiliate,2024-02-01,2025-04-01,14,34,1514.97,44.56,0,0.00,0.0,3687.79,2172.82,2.4342
Affiliate,2024-02-01,2025-05-01,15,34,1514.97,44.56,0,0.00,0.0,3687.79,2172.82,2.4342
Affiliate,2024-02-01,2025-06-01,16,34,1514.97,44.56,0,0.00,0.0,3687.79,2172.82,2.4342
Affiliate,2024-02-01,2025-07-01,17,34,1514.97,44.56,0,0.00,0.0,3687.79,2172.82,2.4342
Affiliate,2024-02-01,2025-08-01,18,34,1514.97,44.56,0,0.00,0.0,3687.79,2172.82,2.4342
Affiliate,2024-02-01,2025-09-01,19,34,1514.97,44.56,0,0.00,0.0,3687.79,2172.82,2.4342
Affiliate,2024-02-01,2025-10-01,20,34,1514.97,44.56,0,0.00,0.0,3687.79,2172.82,2.4342
Affiliate,2024-02-01,2025-11-01,21,34,1514.97,44.56,0,0.00,0.0,3687.79,2172.82,2.4342
Affiliate,2024-02-01,2025-12-01,22,34,1514.97,44.56,0,0.00,0.0,3687.79,2172.82,2.4342
Affiliate,2024-02-01,2026-01-01,23,34,1514.97,44.56,0,0.00,0.0,3687.79,2172.82,2.4342
Affiliate,2024-02-01,2026-02-01,24,34,1514.97,44.56,0,0.00,0.0,3687.79,2172.82,2.4342
Affiliate,2024-02-01,2026-03-01,25,34,1514.97,44.56,0,0.00,0.0,3687.79,2172.82,2.4342
Affiliate,2024-02-01,2026-04-01,26,34,1514.97,44.56,0,0.00,0.0,3687.79,2172.82,2.4342
Affiliate,2024-02-01,2026-05-01,27,34,1514.97,44.56,0,0.00,0.0,3687.79,2172.82,2.4342
Affiliate,2024-02-01,2026-06-01,28,34,1514.97,44.56,0,0.00,0.0,3687.79,2172.82,2.4342
Affiliate,2024-07-01,2024-07-01,0,23,1025.85,44.6,20,4256.62,849.76,849.76,-176.09,0.8283
Affiliate,2024-07-01,2024-08-01,1,23,1025.85,44.6,4,666.54,282.98,1132.74,106.89,1.1042
Affiliate,2024-07-01,2024-09-01,2,23,1025.85,44.6,2,835.21,194.09,1326.83,300.98,1.2934
Affiliate,2024-07-01,2024-10-01,3,23,1025.85,44.6,2,365.95,142.75,1469.58,443.73,1.4325
Affiliate,2024-07-01,2024-11-01,4,23,1025.85,44.6,0,0.00,0.0,1469.58,443.73,1.4325
Affiliate,2024-07-01,2024-12-01,5,23,1025.85,44.6,2,419.13,5.48,1475.06,449.21,1.4379
Affiliate,2024-07-01,2025-01-01,6,23,1025.85,44.6,0,0.00,0.0,1475.06,449.21,1.4379
Affiliate,2024-07-01,2025-02-01,7,23,1025.85,44.6,0,0.00,0.0,1475.06,449.21,1.4379
Affiliate,2024-07-01,2025-03-01,8,23,1025.85,44.6,1,793.10,332.82,1807.88,782.03,1.7623
Affiliate,2024-07-01,2025-04-01,9,23,1025.85,44.6,0,0.00,0.0,1807.88,782.03,1.7623
Affiliate,2024-07-01,2025-05-01,10,23,1025.85,44.6,0,0.00,0.0,1807.88,782.03,1.7623
Affiliate,2024-07-01,2025-06-01,11,23,1025.85,44.6,1,653.10,79.46,1887.34,861.49,1.8398
Affiliate,2024-07-01,2025-07-01,12,23,1025.85,44.6,1,125.92,61.73,1949.07,923.22,1.9
Affiliate,2024-07-01,2025-08-01,13,23,1025.85,44.6,1,716.64,92.36,2041.43,1015.58,1.99
Affiliate,2024-07-01,2025-09-01,14,23,1025.85,44.6,0,0.00,0.0,2041.43,1015.58,1.99
Affiliate,2024-07-01,2025-10-01,15,23,1025.85,44.6,0,0.00,0.0,2041.43,1015.58,1.99
Affiliate,2024-07-01,2025-11-01,16,23,1025.85,44.6,1,173.25,-3.98,2037.45,1011.6,1.9861
Affiliate,2024-07-01,2025-12-01,17,23,1025.85,44.6,0,0.00,0.0,2037.45,1011.6,1.9861
Affiliate,2024-07-01,2026-01-01,18,23,1025.85,44.6,1,457.51,174.05,2211.5,1185.65,2.1558
Affiliate,2024-07-01,2026-02-01,19,23,1025.85,44.6,0,0.00,0.0,2211.5,1185.65,2.1558
Affiliate,2024-07-01,2026-03-01,20,23,1025.85,44.6,1,618.60,127.25,2338.75,1312.9,2.2798
Affiliate,2024-07-01,2026-04-01,21,23,1025.85,44.6,0,0.00,0.0,2338.75,1312.9,2.2798
Affiliate,2024-07-01,2026-05-01,22,23,1025.85,44.6,0,0.00,0.0,2338.75,1312.9,2.2798
Affiliate,2024-07-01,2026-06-01,23,23,1025.85,44.6,0,0.00,0.0,2338.75,1312.9,2.2798
Affiliate,2024-12-01,2024-12-01,0,46,1996.12,43.39,45,11255.95,1686.37,1686.37,-309.75,0.8448
Affiliate,2024-12-01,2025-01-01,1,46,1996.12,43.39,7,1664.81,482.49,2168.86,172.74,1.0865
Affiliate,2024-12-01,2025-02-01,2,46,1996.12,43.39,3,1438.19,112.07,2280.93,284.81,1.1427
Affiliate,2024-12-01,2025-03-01,3,46,1996.12,43.39,2,730.63,159.7,2440.63,444.51,1.2227
Affiliate,2024-12-01,2025-04-01,4,46,1996.12,43.39,1,243.13,21.07,2461.7,465.58,1.2332
Affiliate,2024-12-01,2025-05-01,5,46,1996.12,43.39,1,126.15,39.73,2501.43,505.31,1.2531
Affiliate,2024-12-01,2025-06-01,6,46,1996.12,43.39,1,452.86,230.88,2732.31,736.19,1.3688
Affiliate,2024-12-01,2025-07-01,7,46,1996.12,43.39,1,49.48,14.14,2746.45,750.33,1.3759
Affiliate,2024-12-01,2025-08-01,8,46,1996.12,43.39,1,129.93,57.0,2803.45,807.33,1.4044
Affiliate,2024-12-01,2025-09-01,9,46,1996.12,43.39,0,0.00,0.0,2803.45,807.33,1.4044
Affiliate,2024-12-01,2025-10-01,10,46,1996.12,43.39,0,0.00,0.0,2803.45,807.33,1.4044
Affiliate,2024-12-01,2025-11-01,11,46,1996.12,43.39,0,0.00,0.0,2803.45,807.33,1.4044
Affiliate,2024-12-01,2025-12-01,12,46,1996.12,43.39,0,0.00,0.0,2803.45,807.33,1.4044
Affiliate,2024-12-01,2026-01-01,13,46,1996.12,43.39,0,0.00,0.0,2803.45,807.33,1.4044
Affiliate,2024-12-01,2026-02-01,14,46,1996.12,43.39,0,0.00,0.0,2803.45,807.33,1.4044
Affiliate,2024-12-01,2026-03-01,15,46,1996.12,43.39,0,0.00,0.0,2803.45,807.33,1.4044
Affiliate,2024-12-01,2026-04-01,16,46,1996.12,43.39,0,0.00,0.0,2803.45,807.33,1.4044
Affiliate,2024-12-01,2026-05-01,17,46,1996.12,43.39,0,0.00,0.0,2803.45,807.33,1.4044
Affiliate,2024-12-01,2026-06-01,18,46,1996.12,43.39,0,0.00,0.0,2803.45,807.33,1.4044
Affiliate,2025-02-01,2025-02-01,0,20,863.04,43.15,20,4036.62,774.63,774.63,-88.41,0.8976
Affiliate,2025-02-01,2025-03-01,1,20,863.04,43.15,4,1324.54,140.39,915.02,51.98,1.0602
Affiliate,2025-02-01,2025-04-01,2,20,863.04,43.15,1,332.26,131.49,1046.51,183.47,1.2126
Affiliate,2025-02-01,2025-05-01,3,20,863.04,43.15,3,935.27,140.12,1186.63,323.59,1.3749
Affiliate,2025-02-01,2025-06-01,4,20,863.04,43.15,1,491.50,228.55,1415.18,552.14,1.6398
Affiliate,2025-02-01,2025-07-01,5,20,863.04,43.15,1,384.95,68.14,1483.32,620.28,1.7187
Affiliate,2025-02-01,2025-08-01,6,20,863.04,43.15,0,0.00,0.0,1483.32,620.28,1.7187
Affiliate,2025-02-01,2025-09-01,7,20,863.04,43.15,0,0.00,0.0,1483.32,620.28,1.7187
Affiliate,2025-02-01,2025-10-01,8,20,863.04,43.15,0,0.00,0.0,1483.32,620.28,1.7187
Affiliate,2025-02-01,2025-11-01,9,20,863.04,43.15,0,0.00,0.0,1483.32,620.28,1.7187
Affiliate,2025-02-01,2025-12-01,10,20,863.04,43.15,0,0.00,0.0,1483.32,620.28,1.7187
Affiliate,2025-02-01,2026-01-01,11,20,863.04,43.15,0,0.00,0.0,1483.32,620.28,1.7187
Affiliate,2025-02-01,2026-02-01,12,20,863.04,43.15,0,0.00,0.0,1483.32,620.28,1.7187
Affiliate,2025-02-01,2026-03-01,13,20,863.04,43.15,0,0.00,0.0,1483.32,620.28,1.7187
Affiliate,2025-02-01,2026-04-01,14,20,863.04,43.15,0,0.00,0.0,1483.32,620.28,1.7187
Affiliate,2025-02-01,2026-05-01,15,20,863.04,43.15,0,0.00,0.0,1483.32,620.28,1.7187
Affiliate,2025-02-01,2026-06-01,16,20,863.04,43.15,0,0.00,0.0,1483.32,620.28,1.7187
Affiliate,2025-09-01,2025-09-01,0,15,586.70,39.11,15,4187.32,968.4,968.4,381.7,1.6506
Affiliate,2025-09-01,2025-10-01,1,15,586.70,39.11,0,0.00,0.0,968.4,381.7,1.6506
Affiliate,2025-09-01,2025-11-01,2,15,586.70,39.11,1,132.81,70.12,1038.52,451.82,1.7701
Affiliate,2025-09-01,2025-12-01,3,15,586.70,39.11,0,0.00,0.0,1038.52,451.82,1.7701
Affiliate,2025-09-01,2026-01-01,4,15,586.70,39.11,1,30.80,9.87,1048.39,461.69,1.7869
Affiliate,2025-09-01,2026-02-01,5,15,586.70,39.11,0,0.00,0.0,1048.39,461.69,1.7869
Affiliate,2025-09-01,2026-03-01,6,15,586.70,39.11,0,0.00,0.0,1048.39,461.69,1.7869
Affiliate,2025-09-01,2026-04-01,7,15,586.70,39.11,0,0.00,0.0,1048.39,461.69,1.7869
Affiliate,2025-09-01,2026-05-01,8,15,586.70,39.11,0,0.00,0.0,1048.39,461.69,1.7869
Affiliate,2025-09-01,2026-06-01,9,15,586.70,39.11,0,0.00,0.0,1048.39,461.69,1.7869
Affiliate,2025-12-01,2025-12-01,0,18,697.35,38.74,18,4515.07,749.77,749.77,52.42,1.0752
Affiliate,2025-12-01,2026-01-01,1,18,697.35,38.74,0,0.00,0.0,749.77,52.42,1.0752
Affiliate,2025-12-01,2026-02-01,2,18,697.35,38.74,2,655.80,152.58,902.35,205.0,1.294
Affiliate,2025-12-01,2026-03-01,3,18,697.35,38.74,1,531.93,-4.12,898.23,200.88,1.2881
Affiliate,2025-12-01,2026-04-01,4,18,697.35,38.74,2,1423.94,-6.98,891.25,193.9,1.2781
Affiliate,2025-12-01,2026-05-01,5,18,697.35,38.74,0,0.00,0.0,891.25,193.9,1.2781
Affiliate,2025-12-01,2026-06-01,6,18,697.35,38.74,0,0.00,0.0,891.25,193.9,1.2781
Affiliate,2026-02-01,2026-02-01,0,13,564.84,43.45,13,2246.20,589.77,589.77,24.93,1.0441
Affiliate,2026-02-01,2026-03-01,1,13,564.84,43.45,1,169.49,59.5,649.27,84.43,1.1495
Affiliate,2026-02-01,2026-04-01,2,13,564.84,43.45,2,451.95,178.67,827.94,263.1,1.4658
Affiliate,2026-02-01,2026-05-01,3,13,564.84,43.45,0,0.00,0.0,827.94,263.1,1.4658
Affiliate,2026-02-01,2026-06-01,4,13,564.84,43.45,1,100.06,27.29,855.23,290.39,1.5141
Email & CRM,2024-05-01,2024-05-01,0,35,200.70,5.73,32,10392.97,1388.42,1388.42,1187.72,6.9179
Email & CRM,2024-05-01,2024-06-01,1,35,200.70,5.73,9,3203.19,797.98,2186.4,1985.7,10.8939
Email & CRM,2024-05-01,2024-07-01,2,35,200.70,5.73,11,3358.84,700.21,2886.61,2685.91,14.3827
Email & CRM,2024-05-01,2024-08-01,3,35,200.70,5.73,9,4068.97,1137.3,4023.91,3823.21,20.0494
Email & CRM,2024-05-01,2024-09-01,4,35,200.70,5.73,2,303.06,160.31,4184.22,3983.52,20.8481
Email & CRM,2024-05-01,2024-10-01,5,35,200.70,5.73,5,1620.99,273.08,4457.3,4256.6,22.2088
Email & CRM,2024-05-01,2024-11-01,6,35,200.70,5.73,5,2311.16,34.54,4491.84,4291.14,22.3809
Email & CRM,2024-05-01,2024-12-01,7,35,200.70,5.73,3,481.77,94.06,4585.9,4385.2,22.8495
Email & CRM,2024-05-01,2025-01-01,8,35,200.70,5.73,0,0.00,0.0,4585.9,4385.2,22.8495
Email & CRM,2024-05-01,2025-02-01,9,35,200.70,5.73,1,286.18,111.69,4697.59,4496.89,23.406
Email & CRM,2024-05-01,2025-03-01,10,35,200.70,5.73,1,348.72,1.29,4698.88,4498.18,23.4125
Email & CRM,2024-05-01,2025-04-01,11,35,200.70,5.73,3,665.40,184.17,4883.05,4682.35,24.3301
Email & CRM,2024-05-01,2025-05-01,12,35,200.70,5.73,1,126.60,-5.06,4877.99,4677.29,24.3049
Email & CRM,2024-05-01,2025-06-01,13,35,200.70,5.73,0,0.00,0.0,4877.99,4677.29,24.3049
Email & CRM,2024-05-01,2025-07-01,14,35,200.70,5.73,0,0.00,0.0,4877.99,4677.29,24.3049
Email & CRM,2024-05-01,2025-08-01,15,35,200.70,5.73,0,0.00,0.0,4877.99,4677.29,24.3049
Email & CRM,2024-05-01,2025-09-01,16,35,200.70,5.73,0,0.00,0.0,4877.99,4677.29,24.3049
Email & CRM,2024-05-01,2025-10-01,17,35,200.70,5.73,0,0.00,0.0,4877.99,4677.29,24.3049
Email & CRM,2024-05-01,2025-11-01,18,35,200.70,5.73,0,0.00,0.0,4877.99,4677.29,24.3049
Email & CRM,2024-05-01,2025-12-01,19,35,200.70,5.73,0,0.00,0.0,4877.99,4677.29,24.3049
Email & CRM,2024-05-01,2026-01-01,20,35,200.70,5.73,0,0.00,0.0,4877.99,4677.29,24.3049
Email & CRM,2024-05-01,2026-02-01,21,35,200.70,5.73,0,0.00,0.0,4877.99,4677.29,24.3049
Email & CRM,2024-05-01,2026-03-01,22,35,200.70,5.73,0,0.00,0.0,4877.99,4677.29,24.3049
Email & CRM,2024-05-01,2026-04-01,23,35,200.70,5.73,0,0.00,0.0,4877.99,4677.29,24.3049
Email & CRM,2024-05-01,2026-05-01,24,35,200.70,5.73,0,0.00,0.0,4877.99,4677.29,24.3049
Email & CRM,2024-05-01,2026-06-01,25,35,200.70,5.73,0,0.00,0.0,4877.99,4677.29,24.3049
Email & CRM,2025-01-01,2025-01-01,0,19,108.70,5.72,18,5307.23,1122.32,1122.32,1013.62,10.3249
Email & CRM,2025-01-01,2025-02-01,1,19,108.70,5.72,7,1804.03,187.71,1310.03,1201.33,12.0518
Email & CRM,2025-01-01,2025-03-01,2,19,108.70,5.72,1,117.38,67.54,1377.57,1268.87,12.6731
Email & CRM,2025-01-01,2025-04-01,3,19,108.70,5.72,3,2628.17,36.03,1413.6,1304.9,13.0046
Email & CRM,2025-01-01,2025-05-01,4,19,108.70,5.72,4,1331.26,268.32,1681.92,1573.22,15.473
Email & CRM,2025-01-01,2025-06-01,5,19,108.70,5.72,4,1022.89,179.51,1861.43,1752.73,17.1245
Email & CRM,2025-01-01,2025-07-01,6,19,108.70,5.72,4,454.98,103.01,1964.44,1855.74,18.0721
Email & CRM,2025-01-01,2025-08-01,7,19,108.70,5.72,2,511.05,197.51,2161.95,2053.25,19.8891
Email & CRM,2025-01-01,2025-09-01,8,19,108.70,5.72,3,622.33,321.31,2483.26,2374.56,22.8451
Email & CRM,2025-01-01,2025-10-01,9,19,108.70,5.72,3,507.49,149.46,2632.72,2524.02,24.2201
Email & CRM,2025-01-01,2025-11-01,10,19,108.70,5.72,1,155.91,39.89,2672.61,2563.91,24.587
Email & CRM,2025-01-01,2025-12-01,11,19,108.70,5.72,0,0.00,0.0,2672.61,2563.91,24.587
Email & CRM,2025-01-01,2026-01-01,12,19,108.70,5.72,1,125.63,41.33,2713.94,2605.24,24.9672
Email & CRM,2025-01-01,2026-02-01,13,19,108.70,5.72,1,59.96,11.76,2725.7,2617.0,25.0754
Email & CRM,2025-01-01,2026-03-01,14,19,108.70,5.72,0,0.00,0.0,2725.7,2617.0,25.0754
Email & CRM,2025-01-01,2026-04-01,15,19,108.70,5.72,0,0.00,0.0,2725.7,2617.0,25.0754
Email & CRM,2025-01-01,2026-05-01,16,19,108.70,5.72,0,0.00,0.0,2725.7,2617.0,25.0754
Email & CRM,2025-01-01,2026-06-01,17,19,108.70,5.72,0,0.00,0.0,2725.7,2617.0,25.0754
Email & CRM,2025-04-01,2025-04-01,0,37,222.00,6.0,34,10399.60,2839.41,2839.41,2617.41,12.7901
Email & CRM,2025-04-01,2025-05-01,1,37,222.00,6.0,9,2113.71,355.83,3195.24,2973.24,14.393
Email & CRM,2025-04-01,2025-06-01,2,37,222.00,6.0,10,3449.85,643.03,3838.27,3616.27,17.2895
Email & CRM,2025-04-01,2025-07-01,3,37,222.00,6.0,10,3374.72,742.69,4580.96,4358.96,20.635
Email & CRM,2025-04-01,2025-08-01,4,37,222.00,6.0,9,3672.82,932.91,5513.87,5291.87,24.8373
Email & CRM,2025-04-01,2025-09-01,5,37,222.00,6.0,4,927.10,393.46,5907.33,5685.33,26.6096
Email & CRM,2025-04-01,2025-10-01,6,37,222.00,6.0,6,2054.32,484.0,6391.33,6169.33,28.7898
Email & CRM,2025-04-01,2025-11-01,7,37,222.00,6.0,3,374.51,75.45,6466.78,6244.78,29.1296
Email & CRM,2025-04-01,2025-12-01,8,37,222.00,6.0,2,219.69,52.41,6519.19,6297.19,29.3657
Email & CRM,2025-04-01,2026-01-01,9,37,222.00,6.0,0,0.00,0.0,6519.19,6297.19,29.3657
Email & CRM,2025-04-01,2026-02-01,10,37,222.00,6.0,1,250.23,95.43,6614.62,6392.62,29.7956
Email & CRM,2025-04-01,2026-03-01,11,37,222.00,6.0,1,411.64,161.28,6775.9,6553.9,30.5221
Email & CRM,2025-04-01,2026-04-01,12,37,222.00,6.0,0,0.00,0.0,6775.9,6553.9,30.5221
Email & CRM,2025-04-01,2026-05-01,13,37,222.00,6.0,1,1307.47,322.1,7098.0,6876.0,31.973
Email & CRM,2025-04-01,2026-06-01,14,37,222.00,6.0,0,0.00,0.0,7098.0,6876.0,31.973
Organic Search,2024-04-01,2024-04-01,0,49,210.44,4.29,45,17954.99,4160.32,4160.32,3949.88,19.7696
Organic Search,2024-04-01,2024-05-01,1,49,210.44,4.29,15,5245.79,1210.27,5370.59,5160.15,25.5208
Organic Search,2024-04-01,2024-06-01,2,49,210.44,4.29,11,3568.83,933.46,6304.05,6093.61,29.9565
Organic Search,2024-04-01,2024-07-01,3,49,210.44,4.29,9,1906.15,511.27,6815.32,6604.88,32.386
Organic Search,2024-04-01,2024-08-01,4,49,210.44,4.29,5,1684.53,562.37,7377.69,7167.25,35.0584
Organic Search,2024-04-01,2024-09-01,5,49,210.44,4.29,6,3106.54,528.08,7905.77,7695.33,37.5678
Organic Search,2024-04-01,2024-10-01,6,49,210.44,4.29,7,1442.25,517.04,8422.81,8212.37,40.0248
Organic Search,2024-04-01,2024-11-01,7,49,210.44,4.29,3,1190.38,344.48,8767.29,8556.85,41.6617
Organic Search,2024-04-01,2024-12-01,8,49,210.44,4.29,1,97.95,40.64,8807.93,8597.49,41.8548
Organic Search,2024-04-01,2025-01-01,9,49,210.44,4.29,1,283.79,137.82,8945.75,8735.31,42.5097
Organic Search,2024-04-01,2025-02-01,10,49,210.44,4.29,1,334.28,96.97,9042.72,8832.28,42.9705
Organic Search,2024-04-01,2025-03-01,11,49,210.44,4.29,1,649.15,232.88,9275.6,9065.16,44.0772
Organic Search,2024-04-01,2025-04-01,12,49,210.44,4.29,0,0.00,0.0,9275.6,9065.16,44.0772
Organic Search,2024-04-01,2025-05-01,13,49,210.44,4.29,1,61.46,38.71,9314.31,9103.87,44.2611
Organic Search,2024-04-01,2025-06-01,14,49,210.44,4.29,1,386.68,51.26,9365.57,9155.13,44.5047
Organic Search,2024-04-01,2025-07-01,15,49,210.44,4.29,0,0.00,0.0,9365.57,9155.13,44.5047
Organic Search,2024-04-01,2025-08-01,16,49,210.44,4.29,0,0.00,0.0,9365.57,9155.13,44.5047
Organic Search,2024-04-01,2025-09-01,17,49,210.44,4.29,1,77.82,-10.31,9355.26,9144.82,44.4557
Organic Search,2024-04-01,2025-10-01,18,49,210.44,4.29,0,0.00,0.0,9355.26,9144.82,44.4557
Organic Search,2024-04-01,2025-11-01,19,49,210.44,4.29,0,0.00,0.0,9355.26,9144.82,44.4557
Organic Search,2024-04-01,2025-12-01,20,49,210.44,4.29,0,0.00,0.0,9355.26,9144.82,44.4557
Organic Search,2024-04-01,2026-01-01,21,49,210.44,4.29,0,0.00,0.0,9355.26,9144.82,44.4557
Organic Search,2024-04-01,2026-02-01,22,49,210.44,4.29,0,0.00,0.0,9355.26,9144.82,44.4557
Organic Search,2024-04-01,2026-03-01,23,49,210.44,4.29,0,0.00,0.0,9355.26,9144.82,44.4557
Organic Search,2024-04-01,2026-04-01,24,49,210.44,4.29,0,0.00,0.0,9355.26,9144.82,44.4557
Organic Search,2024-04-01,2026-05-01,25,49,210.44,4.29,1,1139.49,60.0,9415.26,9204.82,44.7408
Organic Search,2024-04-01,2026-06-01,26,49,210.44,4.29,0,0.00,0.0,9415.26,9204.82,44.7408
Paid Social,2024-11-01,2024-11-01,0,87,2513.22,28.89,82,24765.65,3250.01,3250.01,736.79,1.2932
Paid Social,2024-11-01,2024-12-01,1,87,2513.22,28.89,14,2157.63,736.21,3986.22,1473.0,1.5861
Paid Social,2024-11-01,2025-01-01,2,87,2513.22,28.89,8,2308.72,452.2,4438.42,1925.2,1.766
Paid Social,2024-11-01,2025-02-01,3,87,2513.22,28.89,2,369.50,66.45,4504.87,1991.65,1.7925
Paid Social,2024-11-01,2025-03-01,4,87,2513.22,28.89,7,1253.63,407.45,4912.32,2399.1,1.9546
Paid Social,2024-11-01,2025-04-01,5,87,2513.22,28.89,3,1213.57,71.09,4983.41,2470.19,1.9829
Paid Social,2024-11-01,2025-05-01,6,87,2513.22,28.89,1,148.61,26.46,5009.87,2496.65,1.9934
Paid Social,2024-11-01,2025-06-01,7,87,2513.22,28.89,2,480.06,166.0,5175.87,2662.65,2.0595
Paid Social,2024-11-01,2025-07-01,8,87,2513.22,28.89,1,145.16,40.5,5216.37,2703.15,2.0756
Paid Social,2024-11-01,2025-08-01,9,87,2513.22,28.89,0,0.00,0.0,5216.37,2703.15,2.0756
Paid Social,2024-11-01,2025-09-01,10,87,2513.22,28.89,0,0.00,0.0,5216.37,2703.15,2.0756
Paid Social,2024-11-01,2025-10-01,11,87,2513.22,28.89,0,0.00,0.0,5216.37,2703.15,2.0756
Paid Social,2024-11-01,2025-11-01,12,87,2513.22,28.89,0,0.00,0.0,5216.37,2703.15,2.0756
Paid Social,2024-11-01,2025-12-01,13,87,2513.22,28.89,0,0.00,0.0,5216.37,2703.15,2.0756
Paid Social,2024-11-01,2026-01-01,14,87,2513.22,28.89,0,0.00,0.0,5216.37,2703.15,2.0756
Paid Social,2024-11-01,2026-02-01,15,87,2513.22,28.89,0,0.00,0.0,5216.37,2703.15,2.0756
Paid Social,2024-11-01,2026-03-01,16,87,2513.22,28.89,0,0.00,0.0,5216.37,2703.15,2.0756
Paid Social,2024-11-01,2026-04-01,17,87,2513.22,28.89,0,0.00,0.0,5216.37,2703.15,2.0756
Paid Social,2024-11-01,2026-05-01,18,87,2513.22,28.89,0,0.00,0.0,5216.37,2703.15,2.0756
Paid Social,2024-11-01,2026-06-01,19,87,2513.22,28.89,0,0.00,0.0,5216.37,2703.15,2.0756
Paid Social,2026-03-01,2026-03-01,0,125,4685.80,37.49,117,33616.17,7188.77,7188.77,2502.97,1.5342
Paid Social,2026-03-01,2026-04-01,1,125,4685.80,37.49,23,5012.84,1603.9,8792.67,4106.87,1.8765
Paid Social,2026-03-01,2026-05-01,2,125,4685.80,37.49,16,4697.39,1050.45,9843.12,5157.32,2.1006
Paid Social,2026-03-01,2026-06-01,3,125,4685.80,37.49,9,2004.81,225.1,10068.22,5382.42,2.1487
Paid Social,2026-05-01,2026-05-01,0,99,3840.90,38.8,95,24922.95,5086.87,5086.87,1245.97,1.3244
Paid Social,2026-05-01,2026-06-01,1,99,3840.90,38.8,11,2253.35,624.17,5711.04,1870.14,1.4869
Email & CRM,2024-11-01,2024-11-01,0,37,207.72,5.61,36,9659.44,2116.68,2116.68,1908.96,10.1901
Email & CRM,2024-11-01,2024-12-01,1,37,207.72,5.61,7,2220.34,376.64,2493.32,2285.6,12.0033
Email & CRM,2024-11-01,2025-01-01,2,37,207.72,5.61,8,1873.73,279.73,2773.05,2565.33,13.3499
Email & CRM,2024-11-01,2025-02-01,3,37,207.72,5.61,6,1968.47,562.41,3335.46,3127.74,16.0575
Email & CRM,2024-11-01,2025-03-01,4,37,207.72,5.61,7,2320.66,295.32,3630.78,3423.06,17.4792
Email & CRM,2024-11-01,2025-04-01,5,37,207.72,5.61,2,447.30,114.61,3745.39,3537.67,18.031
Email & CRM,2024-11-01,2025-05-01,6,37,207.72,5.61,3,1380.10,41.69,3787.08,3579.36,18.2317
Email & CRM,2024-11-01,2025-06-01,7,37,207.72,5.61,5,2146.69,249.87,4036.95,3829.23,19.4346
Email & CRM,2024-11-01,2025-07-01,8,37,207.72,5.61,1,259.89,-5.41,4031.54,3823.82,19.4085
Email & CRM,2024-11-01,2025-08-01,9,37,207.72,5.61,3,318.81,88.52,4120.06,3912.34,19.8347
Email & CRM,2024-11-01,2025-09-01,10,37,207.72,5.61,1,138.70,58.92,4178.98,3971.26,20.1183
Email & CRM,2024-11-01,2025-10-01,11,37,207.72,5.61,1,102.84,45.33,4224.31,4016.59,20.3366
Email & CRM,2024-11-01,2025-11-01,12,37,207.72,5.61,0,0.00,0.0,4224.31,4016.59,20.3366
Email & CRM,2024-11-01,2025-12-01,13,37,207.72,5.61,1,76.21,16.05,4240.36,4032.64,20.4138
Email & CRM,2024-11-01,2026-01-01,14,37,207.72,5.61,1,101.71,51.36,4291.72,4084.0,20.6611
Email & CRM,2024-11-01,2026-02-01,15,37,207.72,5.61,0,0.00,0.0,4291.72,4084.0,20.6611
Email & CRM,2024-11-01,2026-03-01,16,37,207.72,5.61,1,97.95,40.64,4332.36,4124.64,20.8567
Email & CRM,2024-11-01,2026-04-01,17,37,207.72,5.61,0,0.00,0.0,4332.36,4124.64,20.8567
Email & CRM,2024-11-01,2026-05-01,18,37,207.72,5.61,0,0.00,0.0,4332.36,4124.64,20.8567
Email & CRM,2024-11-01,2026-06-01,19,37,207.72,5.61,0,0.00,0.0,4332.36,4124.64,20.8567
Email & CRM,2026-03-01,2026-03-01,0,50,326.46,6.53,49,15872.08,2268.23,2268.23,1941.77,6.948
Email & CRM,2026-03-01,2026-04-01,1,50,326.46,6.53,8,2288.02,785.3,3053.53,2727.07,9.3535
Email & CRM,2026-03-01,2026-05-01,2,50,326.46,6.53,11,4191.07,269.94,3323.47,2997.01,10.1803
Email & CRM,2026-03-01,2026-06-01,3,50,326.46,6.53,10,2898.17,315.91,3639.38,3312.92,11.148
Email & CRM,2026-05-01,2026-05-01,0,40,228.92,5.72,36,9192.31,1885.46,1885.46,1656.54,8.2363
Email & CRM,2026-05-01,2026-06-01,1,40,228.92,5.72,10,2507.26,805.77,2691.23,2462.31,11.7562
Marketplace,2024-04-01,2024-04-01,0,38,948.02,24.95,38,11214.45,2999.93,2999.93,2051.91,3.1644
Marketplace,2024-04-01,2024-05-01,1,38,948.02,24.95,1,148.38,85.99,3085.92,2137.9,3.2551
Marketplace,2024-04-01,2024-06-01,2,38,948.02,24.95,0,0.00,0.0,3085.92,2137.9,3.2551
Marketplace,2024-04-01,2024-07-01,3,38,948.02,24.95,2,567.97,-38.32,3047.6,2099.58,3.2147
Marketplace,2024-04-01,2024-08-01,4,38,948.02,24.95,2,1553.37,263.26,3310.86,2362.84,3.4924
Marketplace,2024-04-01,2024-09-01,5,38,948.02,24.95,0,0.00,0.0,3310.86,2362.84,3.4924
Marketplace,2024-04-01,2024-10-01,6,38,948.02,24.95,1,656.20,95.14,3406.0,2457.98,3.5928
Marketplace,2024-04-01,2024-11-01,7,38,948.02,24.95,1,42.39,9.51,3415.51,2467.49,3.6028
Marketplace,2024-04-01,2024-12-01,8,38,948.02,24.95,0,0.00,0.0,3415.51,2467.49,3.6028
Marketplace,2024-04-01,2025-01-01,9,38,948.02,24.95,0,0.00,0.0,3415.51,2467.49,3.6028
Marketplace,2024-04-01,2025-02-01,10,38,948.02,24.95,0,0.00,0.0,3415.51,2467.49,3.6028
Marketplace,2024-04-01,2025-03-01,11,38,948.02,24.95,0,0.00,0.0,3415.51,2467.49,3.6028
Marketplace,2024-04-01,2025-04-01,12,38,948.02,24.95,0,0.00,0.0,3415.51,2467.49,3.6028
Marketplace,2024-04-01,2025-05-01,13,38,948.02,24.95,0,0.00,0.0,3415.51,2467.49,3.6028
Marketplace,2024-04-01,2025-06-01,14,38,948.02,24.95,0,0.00,0.0,3415.51,2467.49,3.6028
Marketplace,2024-04-01,2025-07-01,15,38,948.02,24.95,0,0.00,0.0,3415.51,2467.49,3.6028
Marketplace,2024-04-01,2025-08-01,16,38,948.02,24.95,0,0.00,0.0,3415.51,2467.49,3.6028
Marketplace,2024-04-01,2025-09-01,17,38,948.02,24.95,0,0.00,0.0,3415.51,2467.49,3.6028
Marketplace,2024-04-01,2025-10-01,18,38,948.02,24.95,0,0.00,0.0,3415.51,2467.49,3.6028
Marketplace,2024-04-01,2025-11-01,19,38,948.02,24.95,0,0.00,0.0,3415.51,2467.49,3.6028
Marketplace,2024-04-01,2025-12-01,20,38,948.02,24.95,0,0.00,0.0,3415.51,2467.49,3.6028
Marketplace,2024-04-01,2026-01-01,21,38,948.02,24.95,0,0.00,0.0,3415.51,2467.49,3.6028
Marketplace,2024-04-01,2026-02-01,22,38,948.02,24.95,0,0.00,0.0,3415.51,2467.49,3.6028
Marketplace,2024-04-01,2026-03-01,23,38,948.02,24.95,0,0.00,0.0,3415.51,2467.49,3.6028
Marketplace,2024-04-01,2026-04-01,24,38,948.02,24.95,0,0.00,0.0,3415.51,2467.49,3.6028
Marketplace,2024-04-01,2026-05-01,25,38,948.02,24.95,0,0.00,0.0,3415.51,2467.49,3.6028
Marketplace,2024-04-01,2026-06-01,26,38,948.02,24.95,0,0.00,0.0,3415.51,2467.49,3.6028
Paid Search,2024-04-01,2024-04-01,0,53,1684.86,31.79,53,16649.93,3932.06,3932.06,2247.2,2.3338
Paid Search,2024-04-01,2024-05-01,1,53,1684.86,31.79,6,829.48,295.55,4227.61,2542.75,2.5092
Paid Search,2024-04-01,2024-06-01,2,53,1684.86,31.79,11,3072.79,884.62,5112.23,3427.37,3.0342
Paid Search,2024-04-01,2024-07-01,3,53,1684.86,31.79,7,2567.09,404.06,5516.29,3831.43,3.274
Paid Search,2024-04-01,2024-08-01,4,53,1684.86,31.79,1,104.67,6.19,5522.48,3837.62,3.2777
Paid Search,2024-04-01,2024-09-01,5,53,1684.86,31.79,3,3375.32,597.32,6119.8,4434.94,3.6322
Paid Search,2024-04-01,2024-10-01,6,53,1684.86,31.79,1,280.09,86.23,6206.03,4521.17,3.6834
Paid Search,2024-04-01,2024-11-01,7,53,1684.86,31.79,1,162.48,52.83,6258.86,4574.0,3.7148
Paid Search,2024-04-01,2024-12-01,8,53,1684.86,31.79,1,30.41,11.29,6270.15,4585.29,3.7215
Paid Search,2024-04-01,2025-01-01,9,53,1684.86,31.79,1,210.30,78.04,6348.19,4663.33,3.7678
Paid Search,2024-04-01,2025-02-01,10,53,1684.86,31.79,1,268.80,94.4,6442.59,4757.73,3.8238
Paid Search,2024-04-01,2025-03-01,11,53,1684.86,31.79,0,0.00,0.0,6442.59,4757.73,3.8238
Paid Search,2024-04-01,2025-04-01,12,53,1684.86,31.79,1,30.80,16.1,6458.69,4773.83,3.8334
Paid Search,2024-04-01,2025-05-01,13,53,1684.86,31.79,0,0.00,0.0,6458.69,4773.83,3.8334
Paid Search,2024-04-01,2025-06-01,14,53,1684.86,31.79,0,0.00,0.0,6458.69,4773.83,3.8334
Paid Search,2024-04-01,2025-07-01,15,53,1684.86,31.79,0,0.00,0.0,6458.69,4773.83,3.8334
Paid Search,2024-04-01,2025-08-01,16,53,1684.86,31.79,0,0.00,0.0,6458.69,4773.83,3.8334
Paid Search,2024-04-01,2025-09-01,17,53,1684.86,31.79,0,0.00,0.0,6458.69,4773.83,3.8334
Paid Search,2024-04-01,2025-10-01,18,53,1684.86,31.79,0,0.00,0.0,6458.69,4773.83,3.8334
Paid Search,2024-04-01,2025-11-01,19,53,1684.86,31.79,0,0.00,0.0,6458.69,4773.83,3.8334
Paid Search,2024-04-01,2025-12-01,20,53,1684.86,31.79,0,0.00,0.0,6458.69,4773.83,3.8334
Paid Search,2024-04-01,2026-01-01,21,53,1684.86,31.79,0,0.00,0.0,6458.69,4773.83,3.8334
Paid Search,2024-04-01,2026-02-01,22,53,1684.86,31.79,0,0.00,0.0,6458.69,4773.83,3.8334
Paid Search,2024-04-01,2026-03-01,23,53,1684.86,31.79,0,0.00,0.0,6458.69,4773.83,3.8334
Paid Search,2024-04-01,2026-04-01,24,53,1684.86,31.79,0,0.00,0.0,6458.69,4773.83,3.8334
Paid Search,2024-04-01,2026-05-01,25,53,1684.86,31.79,0,0.00,0.0,6458.69,4773.83,3.8334
Paid Search,2024-04-01,2026-06-01,26,53,1684.86,31.79,0,0.00,0.0,6458.69,4773.83,3.8334
Paid Social,2024-05-01,2024-05-01,0,41,1278.35,31.18,39,14584.77,2835.71,2835.71,1557.36,2.2183
Paid Social,2024-05-01,2024-06-01,1,41,1278.35,31.18,5,2075.81,454.12,3289.83,2011.48,2.5735
Paid Social,2024-05-01,2024-07-01,2,41,1278.35,31.18,4,825.26,-106.14,3183.69,1905.34,2.4905
Paid Social,2024-05-01,2024-08-01,3,41,1278.35,31.18,3,575.43,27.74,3211.43,1933.08,2.5122
Paid Social,2024-05-01,2024-09-01,4,41,1278.35,31.18,3,965.61,210.36,3421.79,2143.44,2.6767
Paid Social,2024-05-01,2024-10-01,5,41,1278.35,31.18,0,0.00,0.0,3421.79,2143.44,2.6767
Paid Social,2024-05-01,2024-11-01,6,41,1278.35,31.18,1,492.93,113.32,3535.11,2256.76,2.7654
Paid Social,2024-05-01,2024-12-01,7,41,1278.35,31.18,1,103.68,49.72,3584.83,2306.48,2.8043
Paid Social,2024-05-01,2025-01-01,8,41,1278.35,31.18,0,0.00,0.0,3584.83,2306.48,2.8043
Paid Social,2024-05-01,2025-02-01,9,41,1278.35,31.18,0,0.00,0.0,3584.83,2306.48,2.8043
Paid Social,2024-05-01,2025-03-01,10,41,1278.35,31.18,1,319.87,3.66,3588.49,2310.14,2.8071
Paid Social,2024-05-01,2025-04-01,11,41,1278.35,31.18,0,0.00,0.0,3588.49,2310.14,2.8071
Paid Social,2024-05-01,2025-05-01,12,41,1278.35,31.18,0,0.00,0.0,3588.49,2310.14,2.8071
Paid Social,2024-05-01,2025-06-01,13,41,1278.35,31.18,0,0.00,0.0,3588.49,2310.14,2.8071
Paid Social,2024-05-01,2025-07-01,14,41,1278.35,31.18,0,0.00,0.0,3588.49,2310.14,2.8071
Paid Social,2024-05-01,2025-08-01,15,41,1278.35,31.18,0,0.00,0.0,3588.49,2310.14,2.8071
Paid Social,2024-05-01,2025-09-01,16,41,1278.35,31.18,0,0.00,0.0,3588.49,2310.14,2.8071
Paid Social,2024-05-01,2025-10-01,17,41,1278.35,31.18,0,0.00,0.0,3588.49,2310.14,2.8071
Paid Social,2024-05-01,2025-11-01,18,41,1278.35,31.18,0,0.00,0.0,3588.49,2310.14,2.8071
Paid Social,2024-05-01,2025-12-01,19,41,1278.35,31.18,0,0.00,0.0,3588.49,2310.14,2.8071
Paid Social,2024-05-01,2026-01-01,20,41,1278.35,31.18,0,0.00,0.0,3588.49,2310.14,2.8071
Paid Social,2024-05-01,2026-02-01,21,41,1278.35,31.18,0,0.00,0.0,3588.49,2310.14,2.8071
Paid Social,2024-05-01,2026-03-01,22,41,1278.35,31.18,0,0.00,0.0,3588.49,2310.14,2.8071
Paid Social,2024-05-01,2026-04-01,23,41,1278.35,31.18,0,0.00,0.0,3588.49,2310.14,2.8071
Paid Social,2024-05-01,2026-05-01,24,41,1278.35,31.18,0,0.00,0.0,3588.49,2310.14,2.8071
Paid Social,2024-05-01,2026-06-01,25,41,1278.35,31.18,0,0.00,0.0,3588.49,2310.14,2.8071
Paid Social,2025-01-01,2025-01-01,0,63,2060.36,32.7,61,14870.50,1813.88,1813.88,-246.48,0.8804
Paid Social,2025-01-01,2025-02-01,1,63,2060.36,32.7,9,2818.30,692.84,2506.72,446.36,1.2166
Paid Social,2025-01-01,2025-03-01,2,63,2060.36,32.7,8,2167.62,492.96,2999.68,939.32,1.4559
Paid Social,2025-01-01,2025-04-01,3,63,2060.36,32.7,3,455.71,50.21,3049.89,989.53,1.4803
Paid Social,2025-01-01,2025-05-01,4,63,2060.36,32.7,2,92.96,9.43,3059.32,998.96,1.4848
Paid Social,2025-01-01,2025-06-01,5,63,2060.36,32.7,2,540.99,291.13,3350.45,1290.09,1.6261
Paid Social,2025-01-01,2025-07-01,6,63,2060.36,32.7,0,0.00,0.0,3350.45,1290.09,1.6261
Paid Social,2025-01-01,2025-08-01,7,63,2060.36,32.7,1,33.23,8.01,3358.46,1298.1,1.63
Paid Social,2025-01-01,2025-09-01,8,63,2060.36,32.7,0,0.00,0.0,3358.46,1298.1,1.63
Paid Social,2025-01-01,2025-10-01,9,63,2060.36,32.7,0,0.00,0.0,3358.46,1298.1,1.63
Paid Social,2025-01-01,2025-11-01,10,63,2060.36,32.7,1,376.11,138.1,3496.56,1436.2,1.6971
Paid Social,2025-01-01,2025-12-01,11,63,2060.36,32.7,0,0.00,0.0,3496.56,1436.2,1.6971
Paid Social,2025-01-01,2026-01-01,12,63,2060.36,32.7,0,0.00,0.0,3496.56,1436.2,1.6971
Paid Social,2025-01-01,2026-02-01,13,63,2060.36,32.7,0,0.00,0.0,3496.56,1436.2,1.6971
Paid Social,2025-01-01,2026-03-01,14,63,2060.36,32.7,0,0.00,0.0,3496.56,1436.2,1.6971
Paid Social,2025-01-01,2026-04-01,15,63,2060.36,32.7,0,0.00,0.0,3496.56,1436.2,1.6971
Paid Social,2025-01-01,2026-05-01,16,63,2060.36,32.7,0,0.00,0.0,3496.56,1436.2,1.6971
Paid Social,2025-01-01,2026-06-01,17,63,2060.36,32.7,0,0.00,0.0,3496.56,1436.2,1.6971
Paid Social,2025-04-01,2025-04-01,0,89,2814.06,31.62,86,22050.59,4514.01,4514.01,1699.95,1.6041
Paid Social,2025-04-01,2025-05-01,1,89,2814.06,31.62,10,2340.89,955.65,5469.66,2655.6,1.9437
Paid Social,2025-04-01,2025-06-01,2,89,2814.06,31.62,8,3286.30,422.03,5891.69,3077.63,2.0937
Paid Social,2025-04-01,2025-07-01,3,89,2814.06,31.62,12,3204.64,411.1,6302.79,3488.73,2.2397
Paid Social,2025-04-01,2025-08-01,4,89,2814.06,31.62,2,298.18,103.71,6406.5,3592.44,2.2766
Paid Social,2025-04-01,2025-09-01,5,89,2814.06,31.62,4,3594.20,653.12,7059.62,4245.56,2.5087
Paid Social,2025-04-01,2025-10-01,6,89,2814.06,31.62,3,282.44,49.15,7108.77,4294.71,2.5262
Paid Social,2025-04-01,2025-11-01,7,89,2814.06,31.62,2,534.62,-373.95,6734.82,3920.76,2.3933
Paid Social,2025-04-01,2025-12-01,8,89,2814.06,31.62,0,0.00,0.0,6734.82,3920.76,2.3933
Paid Social,2025-04-01,2026-01-01,9,89,2814.06,31.62,0,0.00,0.0,6734.82,3920.76,2.3933
Paid Social,2025-04-01,2026-02-01,10,89,2814.06,31.62,0,0.00,0.0,6734.82,3920.76,2.3933
Paid Social,2025-04-01,2026-03-01,11,89,2814.06,31.62,0,0.00,0.0,6734.82,3920.76,2.3933
Paid Social,2025-04-01,2026-04-01,12,89,2814.06,31.62,0,0.00,0.0,6734.82,3920.76,2.3933
Paid Social,2025-04-01,2026-05-01,13,89,2814.06,31.62,0,0.00,0.0,6734.82,3920.76,2.3933
Paid Social,2025-04-01,2026-06-01,14,89,2814.06,31.62,0,0.00,0.0,6734.82,3920.76,2.3933
Email & CRM,2024-03-01,2024-03-01,0,18,114.15,6.34,12,4398.17,1267.12,1267.12,1152.97,11.1005
Email & CRM,2024-03-01,2024-04-01,1,18,114.15,6.34,9,4121.23,1084.13,2351.25,2237.1,20.5979
Email & CRM,2024-03-01,2024-05-01,2,18,114.15,6.34,2,549.35,233.38,2584.63,2470.48,22.6424
Email & CRM,2024-03-01,2024-06-01,3,18,114.15,6.34,1,26.87,16.02,2600.65,2486.5,22.7827
Email & CRM,2024-03-01,2024-07-01,4,18,114.15,6.34,1,114.42,66.93,2667.58,2553.43,23.3691
Email & CRM,2024-03-01,2024-08-01,5,18,114.15,6.34,0,0.00,0.0,2667.58,2553.43,23.3691
Email & CRM,2024-03-01,2024-09-01,6,18,114.15,6.34,1,525.30,121.2,2788.78,2674.63,24.4308
Email & CRM,2024-03-01,2024-10-01,7,18,114.15,6.34,3,641.72,109.4,2898.18,2784.03,25.3892
Email & CRM,2024-03-01,2024-11-01,8,18,114.15,6.34,1,305.67,-25.82,2872.36,2758.21,25.163
Email & CRM,2024-03-01,2024-12-01,9,18,114.15,6.34,0,0.00,0.0,2872.36,2758.21,25.163
Email & CRM,2024-03-01,2025-01-01,10,18,114.15,6.34,2,319.77,122.13,2994.49,2880.34,26.2329
Email & CRM,2024-03-01,2025-02-01,11,18,114.15,6.34,0,0.00,0.0,2994.49,2880.34,26.2329
Email & CRM,2024-03-01,2025-03-01,12,18,114.15,6.34,1,384.95,60.73,3055.22,2941.07,26.765
Email & CRM,2024-03-01,2025-04-01,13,18,114.15,6.34,1,33.10,2.66,3057.88,2943.73,26.7883
Email & CRM,2024-03-01,2025-05-01,14,18,114.15,6.34,1,133.03,-5.78,3052.1,2937.95,26.7376
Email & CRM,2024-03-01,2025-06-01,15,18,114.15,6.34,0,0.00,0.0,3052.1,2937.95,26.7376
Email & CRM,2024-03-01,2025-07-01,16,18,114.15,6.34,0,0.00,0.0,3052.1,2937.95,26.7376
Email & CRM,2024-03-01,2025-08-01,17,18,114.15,6.34,0,0.00,0.0,3052.1,2937.95,26.7376
Email & CRM,2024-03-01,2025-09-01,18,18,114.15,6.34,0,0.00,0.0,3052.1,2937.95,26.7376
Email & CRM,2024-03-01,2025-10-01,19,18,114.15,6.34,0,0.00,0.0,3052.1,2937.95,26.7376
Email & CRM,2024-03-01,2025-11-01,20,18,114.15,6.34,0,0.00,0.0,3052.1,2937.95,26.7376
Email & CRM,2024-03-01,2025-12-01,21,18,114.15,6.34,0,0.00,0.0,3052.1,2937.95,26.7376
Email & CRM,2024-03-01,2026-01-01,22,18,114.15,6.34,0,0.00,0.0,3052.1,2937.95,26.7376
Email & CRM,2024-03-01,2026-02-01,23,18,114.15,6.34,0,0.00,0.0,3052.1,2937.95,26.7376
Email & CRM,2024-03-01,2026-03-01,24,18,114.15,6.34,0,0.00,0.0,3052.1,2937.95,26.7376
Email & CRM,2024-03-01,2026-04-01,25,18,114.15,6.34,0,0.00,0.0,3052.1,2937.95,26.7376
Email & CRM,2024-03-01,2026-05-01,26,18,114.15,6.34,0,0.00,0.0,3052.1,2937.95,26.7376
Email & CRM,2024-03-01,2026-06-01,27,18,114.15,6.34,0,0.00,0.0,3052.1,2937.95,26.7376
Email & CRM,2025-05-01,2025-05-01,0,24,153.28,6.39,23,5114.01,1435.61,1435.61,1282.33,9.3659
Email & CRM,2025-05-01,2025-06-01,1,24,153.28,6.39,3,733.14,277.18,1712.79,1559.51,11.1743
Email & CRM,2025-05-01,2025-07-01,2,24,153.28,6.39,8,1938.71,463.19,2175.98,2022.7,14.1961
Email & CRM,2025-05-01,2025-08-01,3,24,153.28,6.39,2,901.35,339.22,2515.2,2361.92,16.4092
Email & CRM,2025-05-01,2025-09-01,4,24,153.28,6.39,4,1528.51,454.15,2969.35,2816.07,19.3721
Email & CRM,2025-05-01,2025-10-01,5,24,153.28,6.39,3,579.49,155.62,3124.97,2971.69,20.3873
Email & CRM,2025-05-01,2025-11-01,6,24,153.28,6.39,1,66.55,35.42,3160.39,3007.11,20.6184
Email & CRM,2025-05-01,2025-12-01,7,24,153.28,6.39,2,341.56,-50.12,3110.27,2956.99,20.2914
Email & CRM,2025-05-01,2026-01-01,8,24,153.28,6.39,2,371.40,99.41,3209.68,3056.4,20.94
Email & CRM,2025-05-01,2026-02-01,9,24,153.28,6.39,1,169.49,60.57,3270.25,3116.97,21.3351
Email & CRM,2025-05-01,2026-03-01,10,24,153.28,6.39,1,62.40,29.15,3299.4,3146.12,21.5253
Email & CRM,2025-05-01,2026-04-01,11,24,153.28,6.39,3,757.50,198.63,3498.03,3344.75,22.8212
Email & CRM,2025-05-01,2026-05-01,12,24,153.28,6.39,3,665.24,83.86,3581.89,3428.61,23.3683
Email & CRM,2025-05-01,2026-06-01,13,24,153.28,6.39,1,316.47,170.09,3751.98,3598.7,24.4779
Email & CRM,2025-11-01,2025-11-01,0,54,342.20,6.34,50,14893.38,2767.15,2767.15,2424.95,8.0864
Email & CRM,2025-11-01,2025-12-01,1,54,342.20,6.34,16,4595.58,847.15,3614.3,3272.1,10.562
Email & CRM,2025-11-01,2026-01-01,2,54,342.20,6.34,12,6761.87,1879.8,5494.1,5151.9,16.0552
Email & CRM,2025-11-01,2026-02-01,3,54,342.20,6.34,9,3204.72,700.77,6194.87,5852.67,18.1031
Email & CRM,2025-11-01,2026-03-01,4,54,342.20,6.34,12,4273.80,1005.31,7200.18,6857.98,21.0409
Email & CRM,2025-11-01,2026-04-01,5,54,342.20,6.34,7,2789.88,638.47,7838.65,7496.45,22.9066
Email & CRM,2025-11-01,2026-05-01,6,54,342.20,6.34,10,3301.45,563.66,8402.31,8060.11,24.5538
Email & CRM,2025-11-01,2026-06-01,7,54,342.20,6.34,9,2480.43,463.78,8866.09,8523.89,25.9091
Organic Search,2024-08-01,2024-08-01,0,55,234.65,4.27,51,18904.47,5117.61,5117.61,4882.96,21.8095
Organic Search,2024-08-01,2024-09-01,1,55,234.65,4.27,8,1707.55,769.77,5887.38,5652.73,25.09
Organic Search,2024-08-01,2024-10-01,2,55,234.65,4.27,9,3407.01,668.38,6555.76,6321.11,27.9385
Organic Search,2024-08-01,2024-11-01,3,55,234.65,4.27,9,1461.96,575.53,7131.29,6896.64,30.3912
Organic Search,2024-08-01,2024-12-01,4,55,234.65,4.27,8,2336.22,526.66,7657.95,7423.3,32.6356
Organic Search,2024-08-01,2025-01-01,5,55,234.65,4.27,3,1579.16,417.98,8075.93,7841.28,34.4169
Organic Search,2024-08-01,2025-02-01,6,55,234.65,4.27,3,869.58,253.19,8329.12,8094.47,35.4959
Organic Search,2024-08-01,2025-03-01,7,55,234.65,4.27,3,957.94,108.83,8437.95,8203.3,35.9597
Organic Search,2024-08-01,2025-04-01,8,55,234.65,4.27,4,2077.65,722.37,9160.32,8925.67,39.0382
Organic Search,2024-08-01,2025-05-01,9,55,234.65,4.27,0,0.00,0.0,9160.32,8925.67,39.0382
Organic Search,2024-08-01,2025-06-01,10,55,234.65,4.27,2,1024.57,260.17,9420.49,9185.84,40.147
Organic Search,2024-08-01,2025-07-01,11,55,234.65,4.27,1,54.35,1.05,9421.54,9186.89,40.1515
Organic Search,2024-08-01,2025-08-01,12,55,234.65,4.27,1,335.03,109.96,9531.5,9296.85,40.6201
Organic Search,2024-08-01,2025-09-01,13,55,234.65,4.27,0,0.00,0.0,9531.5,9296.85,40.6201
Organic Search,2024-08-01,2025-10-01,14,55,234.65,4.27,1,953.57,80.47,9611.97,9377.32,40.963
Organic Search,2024-08-01,2025-11-01,15,55,234.65,4.27,0,0.00,0.0,9611.97,9377.32,40.963
Organic Search,2024-08-01,2025-12-01,16,55,234.65,4.27,1,107.23,27.8,9639.77,9405.12,41.0815
Organic Search,2024-08-01,2026-01-01,17,55,234.65,4.27,0,0.00,0.0,9639.77,9405.12,41.0815
Organic Search,2024-08-01,2026-02-01,18,55,234.65,4.27,0,0.00,0.0,9639.77,9405.12,41.0815
Organic Search,2024-08-01,2026-03-01,19,55,234.65,4.27,0,0.00,0.0,9639.77,9405.12,41.0815
Organic Search,2024-08-01,2026-04-01,20,55,234.65,4.27,0,0.00,0.0,9639.77,9405.12,41.0815
Organic Search,2024-08-01,2026-05-01,21,55,234.65,4.27,0,0.00,0.0,9639.77,9405.12,41.0815
Organic Search,2024-08-01,2026-06-01,22,55,234.65,4.27,0,0.00,0.0,9639.77,9405.12,41.0815
Organic Search,2025-07-01,2025-07-01,0,56,240.13,4.29,53,17280.09,4720.34,4720.34,4480.21,19.6574
Organic Search,2025-07-01,2025-08-01,1,56,240.13,4.29,15,6434.58,1807.87,6528.21,6288.08,27.1861
Organic Search,2025-07-01,2025-09-01,2,56,240.13,4.29,10,2930.56,1202.0,7730.21,7490.08,32.1918
Organic Search,2025-07-01,2025-10-01,3,56,240.13,4.29,11,2207.07,700.8,8431.01,8190.88,35.1102
Organic Search,2025-07-01,2025-11-01,4,56,240.13,4.29,8,1747.00,380.15,8811.16,8571.03,36.6933
Organic Search,2025-07-01,2025-12-01,5,56,240.13,4.29,4,725.79,319.31,9130.47,8890.34,38.023
Organic Search,2025-07-01,2026-01-01,6,56,240.13,4.29,6,1252.29,163.1,9293.57,9053.44,38.7022
Organic Search,2025-07-01,2026-02-01,7,56,240.13,4.29,4,993.36,325.79,9619.36,9379.23,40.059
Organic Search,2025-07-01,2026-03-01,8,56,240.13,4.29,3,1059.51,171.44,9790.8,9550.67,40.7729
Organic Search,2025-07-01,2026-04-01,9,56,240.13,4.29,3,752.12,112.51,9903.31,9663.18,41.2415
Organic Search,2025-07-01,2026-05-01,10,56,240.13,4.29,2,291.03,91.24,9994.55,9754.42,41.6214
Organic Search,2025-07-01,2026-06-01,11,56,240.13,4.29,3,991.38,299.56,10294.11,10053.98,42.8689
Paid Social,2025-03-01,2025-03-01,0,86,2819.38,32.78,81,22001.81,4566.47,4566.47,1747.09,1.6197
Paid Social,2025-03-01,2025-04-01,1,86,2819.38,32.78,12,5068.87,1195.9,5762.37,2942.99,2.0438
Paid Social,2025-03-01,2025-05-01,2,86,2819.38,32.78,5,1701.78,255.74,6018.11,3198.73,2.1346
Paid Social,2025-03-01,2025-06-01,3,86,2819.38,32.78,4,1874.26,550.38,6568.49,3749.11,2.3298
Paid Social,2025-03-01,2025-07-01,4,86,2819.38,32.78,5,1402.22,165.64,6734.13,3914.75,2.3885
Paid Social,2025-03-01,2025-08-01,5,86,2819.38,32.78,4,1707.73,412.56,7146.69,4327.31,2.5348
Paid Social,2025-03-01,2025-09-01,6,86,2819.38,32.78,1,103.49,14.83,7161.52,4342.14,2.5401
Paid Social,2025-03-01,2025-10-01,7,86,2819.38,32.78,1,243.13,21.07,7182.59,4363.21,2.5476
Paid Social,2025-03-01,2025-11-01,8,86,2819.38,32.78,0,0.00,0.0,7182.59,4363.21,2.5476
Paid Social,2025-03-01,2025-12-01,9,86,2819.38,32.78,0,0.00,0.0,7182.59,4363.21,2.5476
Paid Social,2025-03-01,2026-01-01,10,86,2819.38,32.78,0,0.00,0.0,7182.59,4363.21,2.5476
Paid Social,2025-03-01,2026-02-01,11,86,2819.38,32.78,0,0.00,0.0,7182.59,4363.21,2.5476
Paid Social,2025-03-01,2026-03-01,12,86,2819.38,32.78,1,304.51,19.55,7202.14,4382.76,2.5545
Paid Social,2025-03-01,2026-04-01,13,86,2819.38,32.78,0,0.00,0.0,7202.14,4382.76,2.5545
Paid Social,2025-03-01,2026-05-01,14,86,2819.38,32.78,0,0.00,0.0,7202.14,4382.76,2.5545
Paid Social,2025-03-01,2026-06-01,15,86,2819.38,32.78,0,0.00,0.0,7202.14,4382.76,2.5545
Affiliate,2024-06-01,2024-06-01,0,17,756.90,44.52,16,4679.08,844.02,844.02,87.12,1.1151
Affiliate,2024-06-01,2024-07-01,1,17,756.90,44.52,2,206.66,44.51,888.53,131.63,1.1739
Affiliate,2024-06-01,2024-08-01,2,17,756.90,44.52,2,219.88,57.94,946.47,189.57,1.2505
Affiliate,2024-06-01,2024-09-01,3,17,756.90,44.52,0,0.00,0.0,946.47,189.57,1.2505
Affiliate,2024-06-01,2024-10-01,4,17,756.90,44.52,1,183.36,68.95,1015.42,258.52,1.3416
Affiliate,2024-06-01,2024-11-01,5,17,756.90,44.52,1,245.75,110.23,1125.65,368.75,1.4872
Affiliate,2024-06-01,2024-12-01,6,17,756.90,44.52,1,206.75,76.13,1201.78,444.88,1.5878
Affiliate,2024-06-01,2025-01-01,7,17,756.90,44.52,0,0.00,0.0,1201.78,444.88,1.5878
Affiliate,2024-06-01,2025-02-01,8,17,756.90,44.52,0,0.00,0.0,1201.78,444.88,1.5878
Affiliate,2024-06-01,2025-03-01,9,17,756.90,44.52,0,0.00,0.0,1201.78,444.88,1.5878
Affiliate,2024-06-01,2025-04-01,10,17,756.90,44.52,0,0.00,0.0,1201.78,444.88,1.5878
Affiliate,2024-06-01,2025-05-01,11,17,756.90,44.52,0,0.00,0.0,1201.78,444.88,1.5878
Affiliate,2024-06-01,2025-06-01,12,17,756.90,44.52,0,0.00,0.0,1201.78,444.88,1.5878
Affiliate,2024-06-01,2025-07-01,13,17,756.90,44.52,0,0.00,0.0,1201.78,444.88,1.5878
Affiliate,2024-06-01,2025-08-01,14,17,756.90,44.52,0,0.00,0.0,1201.78,444.88,1.5878
Affiliate,2024-06-01,2025-09-01,15,17,756.90,44.52,0,0.00,0.0,1201.78,444.88,1.5878
Affiliate,2024-06-01,2025-10-01,16,17,756.90,44.52,0,0.00,0.0,1201.78,444.88,1.5878
Affiliate,2024-06-01,2025-11-01,17,17,756.90,44.52,0,0.00,0.0,1201.78,444.88,1.5878
Affiliate,2024-06-01,2025-12-01,18,17,756.90,44.52,0,0.00,0.0,1201.78,444.88,1.5878
Affiliate,2024-06-01,2026-01-01,19,17,756.90,44.52,0,0.00,0.0,1201.78,444.88,1.5878
Affiliate,2024-06-01,2026-02-01,20,17,756.90,44.52,0,0.00,0.0,1201.78,444.88,1.5878
Affiliate,2024-06-01,2026-03-01,21,17,756.90,44.52,0,0.00,0.0,1201.78,444.88,1.5878
Affiliate,2024-06-01,2026-04-01,22,17,756.90,44.52,0,0.00,0.0,1201.78,444.88,1.5878
Affiliate,2024-06-01,2026-05-01,23,17,756.90,44.52,0,0.00,0.0,1201.78,444.88,1.5878
Affiliate,2024-06-01,2026-06-01,24,17,756.90,44.52,0,0.00,0.0,1201.78,444.88,1.5878
Affiliate,2026-04-01,2026-04-01,0,9,350.80,38.98,9,2787.51,853.32,853.32,502.52,2.4325
Affiliate,2026-04-01,2026-05-01,1,9,350.80,38.98,1,150.33,56.04,909.36,558.56,2.5922
Affiliate,2026-04-01,2026-06-01,2,9,350.80,38.98,0,0.00,0.0,909.36,558.56,2.5922
Email & CRM,2024-04-01,2024-04-01,0,32,204.24,6.38,29,10081.77,2132.19,2132.19,1927.95,10.4396
Email & CRM,2024-04-01,2024-05-01,1,32,204.24,6.38,8,2789.40,395.32,2527.51,2323.27,12.3752
Email & CRM,2024-04-01,2024-06-01,2,32,204.24,6.38,7,1907.52,308.27,2835.78,2631.54,13.8845
Email & CRM,2024-04-01,2024-07-01,3,32,204.24,6.38,7,1861.13,727.85,3563.63,3359.39,17.4482
Email & CRM,2024-04-01,2024-08-01,4,32,204.24,6.38,4,1838.31,666.87,4230.5,4026.26,20.7134
Email & CRM,2024-04-01,2024-09-01,5,32,204.24,6.38,6,1571.68,491.21,4721.71,4517.47,23.1184
Email & CRM,2024-04-01,2024-10-01,6,32,204.24,6.38,1,59.82,39.05,4760.76,4556.52,23.3096
Email & CRM,2024-04-01,2024-11-01,7,32,204.24,6.38,2,756.41,180.42,4941.18,4736.94,24.193
Email & CRM,2024-04-01,2024-12-01,8,32,204.24,6.38,2,652.48,185.48,5126.66,4922.42,25.1012
Email & CRM,2024-04-01,2025-01-01,9,32,204.24,6.38,2,184.29,103.54,5230.2,5025.96,25.6081
Email & CRM,2024-04-01,2025-02-01,10,32,204.24,6.38,0,0.00,0.0,5230.2,5025.96,25.6081
Email & CRM,2024-04-01,2025-03-01,11,32,204.24,6.38,1,103.71,61.62,5291.82,5087.58,25.9098
Email & CRM,2024-04-01,2025-04-01,12,32,204.24,6.38,0,0.00,0.0,5291.82,5087.58,25.9098
Email & CRM,2024-04-01,2025-05-01,13,32,204.24,6.38,2,290.69,123.8,5415.62,5211.38,26.516
Email & CRM,2024-04-01,2025-06-01,14,32,204.24,6.38,0,0.00,0.0,5415.62,5211.38,26.516
Email & CRM,2024-04-01,2025-07-01,15,32,204.24,6.38,0,0.00,0.0,5415.62,5211.38,26.516
Email & CRM,2024-04-01,2025-08-01,16,32,204.24,6.38,1,677.75,217.67,5633.29,5429.05,27.5817
Email & CRM,2024-04-01,2025-09-01,17,32,204.24,6.38,2,238.25,118.92,5752.21,5547.97,28.164
Email & CRM,2024-04-01,2025-10-01,18,32,204.24,6.38,0,0.00,0.0,5752.21,5547.97,28.164
Email & CRM,2024-04-01,2025-11-01,19,32,204.24,6.38,0,0.00,0.0,5752.21,5547.97,28.164
Email & CRM,2024-04-01,2025-12-01,20,32,204.24,6.38,0,0.00,0.0,5752.21,5547.97,28.164
Email & CRM,2024-04-01,2026-01-01,21,32,204.24,6.38,1,144.46,-46.76,5705.45,5501.21,27.935
Email & CRM,2024-04-01,2026-02-01,22,32,204.24,6.38,0,0.00,0.0,5705.45,5501.21,27.935
Email & CRM,2024-04-01,2026-03-01,23,32,204.24,6.38,0,0.00,0.0,5705.45,5501.21,27.935
Email & CRM,2024-04-01,2026-04-01,24,32,204.24,6.38,0,0.00,0.0,5705.45,5501.21,27.935
Email & CRM,2024-04-01,2026-05-01,25,32,204.24,6.38,0,0.00,0.0,5705.45,5501.21,27.935
Email & CRM,2024-04-01,2026-06-01,26,32,204.24,6.38,0,0.00,0.0,5705.45,5501.21,27.935
Marketplace,2024-11-01,2024-11-01,0,73,1827.12,25.03,68,21683.34,5401.18,5401.18,3574.06,2.9561
Marketplace,2024-11-01,2024-12-01,1,73,1827.12,25.03,11,3186.69,1009.08,6410.26,4583.14,3.5084
Marketplace,2024-11-01,2025-01-01,2,73,1827.12,25.03,6,897.90,258.32,6668.58,4841.46,3.6498
Marketplace,2024-11-01,2025-02-01,3,73,1827.12,25.03,4,535.48,210.31,6878.89,5051.77,3.7649
Marketplace,2024-11-01,2025-03-01,4,73,1827.12,25.03,3,1046.48,424.34,7303.23,5476.11,3.9971
Marketplace,2024-11-01,2025-04-01,5,73,1827.12,25.03,1,100.28,-3.9,7299.33,5472.21,3.995
Marketplace,2024-11-01,2025-05-01,6,73,1827.12,25.03,0,0.00,0.0,7299.33,5472.21,3.995
Marketplace,2024-11-01,2025-06-01,7,73,1827.12,25.03,0,0.00,0.0,7299.33,5472.21,3.995
Marketplace,2024-11-01,2025-07-01,8,73,1827.12,25.03,0,0.00,0.0,7299.33,5472.21,3.995
Marketplace,2024-11-01,2025-08-01,9,73,1827.12,25.03,0,0.00,0.0,7299.33,5472.21,3.995
Marketplace,2024-11-01,2025-09-01,10,73,1827.12,25.03,0,0.00,0.0,7299.33,5472.21,3.995
Marketplace,2024-11-01,2025-10-01,11,73,1827.12,25.03,0,0.00,0.0,7299.33,5472.21,3.995
Marketplace,2024-11-01,2025-11-01,12,73,1827.12,25.03,1,260.61,35.91,7335.24,5508.12,4.0146
Marketplace,2024-11-01,2025-12-01,13,73,1827.12,25.03,0,0.00,0.0,7335.24,5508.12,4.0146
Marketplace,2024-11-01,2026-01-01,14,73,1827.12,25.03,0,0.00,0.0,7335.24,5508.12,4.0146
Marketplace,2024-11-01,2026-02-01,15,73,1827.12,25.03,0,0.00,0.0,7335.24,5508.12,4.0146
Marketplace,2024-11-01,2026-03-01,16,73,1827.12,25.03,1,119.92,21.68,7356.92,5529.8,4.0265
Marketplace,2024-11-01,2026-04-01,17,73,1827.12,25.03,0,0.00,0.0,7356.92,5529.8,4.0265
Marketplace,2024-11-01,2026-05-01,18,73,1827.12,25.03,0,0.00,0.0,7356.92,5529.8,4.0265
Marketplace,2024-11-01,2026-06-01,19,73,1827.12,25.03,0,0.00,0.0,7356.92,5529.8,4.0265
Marketplace,2026-03-01,2026-03-01,0,46,1142.03,24.83,40,13212.03,2495.33,2495.33,1353.3,2.185
Marketplace,2026-03-01,2026-04-01,1,46,1142.03,24.83,10,2537.21,563.33,3058.66,1916.63,2.6783
Marketplace,2026-03-01,2026-05-01,2,46,1142.03,24.83,2,569.64,80.19,3138.85,1996.82,2.7485
Marketplace,2026-03-01,2026-06-01,3,46,1142.03,24.83,3,569.04,8.42,3147.27,2005.24,2.7559
Marketplace,2026-05-01,2026-05-01,0,45,1021.94,22.71,44,10698.42,3319.83,3319.83,2297.89,3.2486
Marketplace,2026-05-01,2026-06-01,1,45,1021.94,22.71,6,1908.29,241.04,3560.87,2538.93,3.4844
Organic Search,2024-05-01,2024-05-01,0,51,202.17,3.96,47,12072.41,3501.88,3501.88,3299.71,17.3215
Organic Search,2024-05-01,2024-06-01,1,51,202.17,3.96,6,1539.50,403.64,3905.52,3703.35,19.318
Organic Search,2024-05-01,2024-07-01,2,51,202.17,3.96,7,1215.30,540.6,4446.12,4243.95,21.992
Organic Search,2024-05-01,2024-08-01,3,51,202.17,3.96,4,1209.98,500.96,4947.08,4744.91,24.4699
Organic Search,2024-05-01,2024-09-01,4,51,202.17,3.96,7,1465.16,248.22,5195.3,4993.13,25.6977
Organic Search,2024-05-01,2024-10-01,5,51,202.17,3.96,3,849.49,356.66,5551.96,5349.79,27.4618
Organic Search,2024-05-01,2024-11-01,6,51,202.17,3.96,2,616.30,218.04,5770.0,5567.83,28.5403
Organic Search,2024-05-01,2024-12-01,7,51,202.17,3.96,5,1385.05,506.27,6276.27,6074.1,31.0445
Organic Search,2024-05-01,2025-01-01,8,51,202.17,3.96,0,0.00,0.0,6276.27,6074.1,31.0445
Organic Search,2024-05-01,2025-02-01,9,51,202.17,3.96,1,834.56,183.98,6460.25,6258.08,31.9545
Organic Search,2024-05-01,2025-03-01,10,51,202.17,3.96,2,579.61,76.71,6536.96,6334.79,32.334
Organic Search,2024-05-01,2025-04-01,11,51,202.17,3.96,0,0.00,0.0,6536.96,6334.79,32.334
Organic Search,2024-05-01,2025-05-01,12,51,202.17,3.96,1,47.86,20.91,6557.87,6355.7,32.4374
Organic Search,2024-05-01,2025-06-01,13,51,202.17,3.96,1,29.47,8.54,6566.41,6364.24,32.4796
Organic Search,2024-05-01,2025-07-01,14,51,202.17,3.96,0,0.00,0.0,6566.41,6364.24,32.4796
Organic Search,2024-05-01,2025-08-01,15,51,202.17,3.96,0,0.00,0.0,6566.41,6364.24,32.4796
Organic Search,2024-05-01,2025-09-01,16,51,202.17,3.96,0,0.00,0.0,6566.41,6364.24,32.4796
Organic Search,2024-05-01,2025-10-01,17,51,202.17,3.96,0,0.00,0.0,6566.41,6364.24,32.4796
Organic Search,2024-05-01,2025-11-01,18,51,202.17,3.96,0,0.00,0.0,6566.41,6364.24,32.4796
Organic Search,2024-05-01,2025-12-01,19,51,202.17,3.96,0,0.00,0.0,6566.41,6364.24,32.4796
Organic Search,2024-05-01,2026-01-01,20,51,202.17,3.96,0,0.00,0.0,6566.41,6364.24,32.4796
Organic Search,2024-05-01,2026-02-01,21,51,202.17,3.96,0,0.00,0.0,6566.41,6364.24,32.4796
Organic Search,2024-05-01,2026-03-01,22,51,202.17,3.96,0,0.00,0.0,6566.41,6364.24,32.4796
Organic Search,2024-05-01,2026-04-01,23,51,202.17,3.96,0,0.00,0.0,6566.41,6364.24,32.4796
Organic Search,2024-05-01,2026-05-01,24,51,202.17,3.96,0,0.00,0.0,6566.41,6364.24,32.4796
Organic Search,2024-05-01,2026-06-01,25,51,202.17,3.96,0,0.00,0.0,6566.41,6364.24,32.4796
Organic Search,2025-01-01,2025-01-01,0,45,185.78,4.13,44,14812.31,3321.16,3321.16,3135.38,17.8768
Organic Search,2025-01-01,2025-02-01,1,45,185.78,4.13,5,1457.29,455.98,3777.14,3591.36,20.3313
Organic Search,2025-01-01,2025-03-01,2,45,185.78,4.13,12,3197.18,866.45,4643.59,4457.81,24.9951
Organic Search,2025-01-01,2025-04-01,3,45,185.78,4.13,9,3787.56,924.86,5568.45,5382.67,29.9734
Organic Search,2025-01-01,2025-05-01,4,45,185.78,4.13,5,2768.72,90.42,5658.87,5473.09,30.4601
Organic Search,2025-01-01,2025-06-01,5,45,185.78,4.13,6,1040.19,254.06,5912.93,5727.15,31.8276
Organic Search,2025-01-01,2025-07-01,6,45,185.78,4.13,3,1252.98,507.04,6419.97,6234.19,34.5568
Organic Search,2025-01-01,2025-08-01,7,45,185.78,4.13,5,1602.17,655.67,7075.64,6889.86,38.0861
Organic Search,2025-01-01,2025-09-01,8,45,185.78,4.13,4,1671.41,95.51,7171.15,6985.37,38.6002
Organic Search,2025-01-01,2025-10-01,9,45,185.78,4.13,2,211.77,95.81,7266.96,7081.18,39.1159
Organic Search,2025-01-01,2025-11-01,10,45,185.78,4.13,3,1111.39,233.75,7500.71,7314.93,40.3742
Organic Search,2025-01-01,2025-12-01,11,45,185.78,4.13,2,522.74,8.11,7508.82,7323.04,40.4178
Organic Search,2025-01-01,2026-01-01,12,45,185.78,4.13,3,1950.97,299.49,7808.31,7622.53,42.0299
Organic Search,2025-01-01,2026-02-01,13,45,185.78,4.13,1,34.19,18.38,7826.69,7640.91,42.1288
Organic Search,2025-01-01,2026-03-01,14,45,185.78,4.13,0,0.00,0.0,7826.69,7640.91,42.1288
Organic Search,2025-01-01,2026-04-01,15,45,185.78,4.13,1,94.68,38.09,7864.78,7679.0,42.3338
Organic Search,2025-01-01,2026-05-01,16,45,185.78,4.13,1,191.11,93.46,7958.24,7772.46,42.8369
Organic Search,2025-01-01,2026-06-01,17,45,185.78,4.13,1,53.52,19.84,7978.08,7792.3,42.9437
Organic Search,2025-04-01,2025-04-01,0,52,198.50,3.82,47,17001.49,3432.71,3432.71,3234.21,17.2932
Organic Search,2025-04-01,2025-05-01,1,52,198.50,3.82,15,3965.05,1290.28,4722.99,4524.49,23.7934
Organic Search,2025-04-01,2025-06-01,2,52,198.50,3.82,11,4067.32,1056.22,5779.21,5580.71,29.1144
Organic Search,2025-04-01,2025-07-01,3,52,198.50,3.82,5,1810.15,373.86,6153.07,5954.57,30.9978
Organic Search,2025-04-01,2025-08-01,4,52,198.50,3.82,10,2533.45,769.89,6922.96,6724.46,34.8764
Organic Search,2025-04-01,2025-09-01,5,52,198.50,3.82,5,1201.04,471.68,7394.64,7196.14,37.2526
Organic Search,2025-04-01,2025-10-01,6,52,198.50,3.82,3,580.44,76.89,7471.53,7273.03,37.6399
Organic Search,2025-04-01,2025-11-01,7,52,198.50,3.82,0,0.00,0.0,7471.53,7273.03,37.6399
Organic Search,2025-04-01,2025-12-01,8,52,198.50,3.82,3,784.61,247.24,7718.77,7520.27,38.8855
Organic Search,2025-04-01,2026-01-01,9,52,198.50,3.82,3,755.39,22.56,7741.33,7542.83,38.9991
Organic Search,2025-04-01,2026-02-01,10,52,198.50,3.82,1,345.69,118.68,7860.01,7661.51,39.597
Organic Search,2025-04-01,2026-03-01,11,52,198.50,3.82,1,172.04,74.61,7934.62,7736.12,39.9729
Organic Search,2025-04-01,2026-04-01,12,52,198.50,3.82,1,430.32,169.92,8104.54,7906.04,40.8289
Organic Search,2025-04-01,2026-05-01,13,52,198.50,3.82,0,0.00,0.0,8104.54,7906.04,40.8289
Organic Search,2025-04-01,2026-06-01,14,52,198.50,3.82,0,0.00,0.0,8104.54,7906.04,40.8289
Paid Search,2024-11-01,2024-11-01,0,74,2582.01,34.89,67,17691.53,4020.89,4020.89,1438.88,1.5573
Paid Search,2024-11-01,2024-12-01,1,74,2582.01,34.89,20,3508.93,933.69,4954.58,2372.57,1.9189
Paid Search,2024-11-01,2025-01-01,2,74,2582.01,34.89,16,4822.81,845.24,5799.82,3217.81,2.2462
Paid Search,2024-11-01,2025-02-01,3,74,2582.01,34.89,11,2319.58,736.23,6536.05,3954.04,2.5314
Paid Search,2024-11-01,2025-03-01,4,74,2582.01,34.89,3,546.95,265.35,6801.4,4219.39,2.6341
Paid Search,2024-11-01,2025-04-01,5,74,2582.01,34.89,7,2485.36,619.37,7420.77,4838.76,2.874
Paid Search,2024-11-01,2025-05-01,6,74,2582.01,34.89,2,440.42,196.63,7617.4,5035.39,2.9502
Paid Search,2024-11-01,2025-06-01,7,74,2582.01,34.89,2,360.15,120.59,7737.99,5155.98,2.9969
Paid Search,2024-11-01,2025-07-01,8,74,2582.01,34.89,5,1374.37,122.4,7860.39,5278.38,3.0443
Paid Search,2024-11-01,2025-08-01,9,74,2582.01,34.89,0,0.00,0.0,7860.39,5278.38,3.0443
Paid Search,2024-11-01,2025-09-01,10,74,2582.01,34.89,2,293.21,84.88,7945.27,5363.26,3.0772
Paid Search,2024-11-01,2025-10-01,11,74,2582.01,34.89,0,0.00,0.0,7945.27,5363.26,3.0772
Paid Search,2024-11-01,2025-11-01,12,74,2582.01,34.89,1,19.98,12.97,7958.24,5376.23,3.0822
Paid Search,2024-11-01,2025-12-01,13,74,2582.01,34.89,1,635.78,-76.39,7881.85,5299.84,3.0526
Paid Search,2024-11-01,2026-01-01,14,74,2582.01,34.89,1,66.51,37.63,7919.48,5337.47,3.0672
Paid Search,2024-11-01,2026-02-01,15,74,2582.01,34.89,0,0.00,0.0,7919.48,5337.47,3.0672
Paid Search,2024-11-01,2026-03-01,16,74,2582.01,34.89,0,0.00,0.0,7919.48,5337.47,3.0672
Paid Search,2024-11-01,2026-04-01,17,74,2582.01,34.89,0,0.00,0.0,7919.48,5337.47,3.0672
Paid Search,2024-11-01,2026-05-01,18,74,2582.01,34.89,0,0.00,0.0,7919.48,5337.47,3.0672
Paid Search,2024-11-01,2026-06-01,19,74,2582.01,34.89,0,0.00,0.0,7919.48,5337.47,3.0672
Paid Search,2026-03-01,2026-03-01,0,83,2877.63,34.67,81,22451.58,5943.15,5943.15,3065.52,2.0653
Paid Search,2026-03-01,2026-04-01,1,83,2877.63,34.67,9,2035.91,793.37,6736.52,3858.89,2.341
Paid Search,2026-03-01,2026-05-01,2,83,2877.63,34.67,22,5568.29,1457.06,8193.58,5315.95,2.8473
Paid Search,2026-03-01,2026-06-01,3,83,2877.63,34.67,7,2741.72,739.49,8933.07,6055.44,3.1043
Paid Search,2026-05-01,2026-05-01,0,83,2813.16,33.89,76,21948.11,6009.82,6009.82,3196.66,2.1363
Paid Search,2026-05-01,2026-06-01,1,83,2813.16,33.89,17,4525.89,1364.24,7374.06,4560.9,2.6213
Affiliate,2024-03-01,2024-03-01,0,38,1552.97,40.87,37,7660.52,1103.02,1103.02,-449.95,0.7103
Affiliate,2024-03-01,2024-04-01,1,38,1552.97,40.87,2,824.53,-21.44,1081.58,-471.39,0.6965
Affiliate,2024-03-01,2024-05-01,2,38,1552.97,40.87,9,3203.98,490.2,1571.78,18.81,1.0121
Affiliate,2024-03-01,2024-06-01,3,38,1552.97,40.87,0,0.00,0.0,1571.78,18.81,1.0121
Affiliate,2024-03-01,2024-07-01,4,38,1552.97,40.87,2,102.25,18.99,1590.77,37.8,1.0243
Affiliate,2024-03-01,2024-08-01,5,38,1552.97,40.87,1,223.85,81.09,1671.86,118.89,1.0766
Affiliate,2024-03-01,2024-09-01,6,38,1552.97,40.87,1,269.35,11.88,1683.74,130.77,1.0842
Affiliate,2024-03-01,2024-10-01,7,38,1552.97,40.87,0,0.00,0.0,1683.74,130.77,1.0842
Affiliate,2024-03-01,2024-11-01,8,38,1552.97,40.87,0,0.00,0.0,1683.74,130.77,1.0842
Affiliate,2024-03-01,2024-12-01,9,38,1552.97,40.87,0,0.00,0.0,1683.74,130.77,1.0842
Affiliate,2024-03-01,2025-01-01,10,38,1552.97,40.87,0,0.00,0.0,1683.74,130.77,1.0842
Affiliate,2024-03-01,2025-02-01,11,38,1552.97,40.87,0,0.00,0.0,1683.74,130.77,1.0842
Affiliate,2024-03-01,2025-03-01,12,38,1552.97,40.87,0,0.00,0.0,1683.74,130.77,1.0842
Affiliate,2024-03-01,2025-04-01,13,38,1552.97,40.87,0,0.00,0.0,1683.74,130.77,1.0842
Affiliate,2024-03-01,2025-05-01,14,38,1552.97,40.87,0,0.00,0.0,1683.74,130.77,1.0842
Affiliate,2024-03-01,2025-06-01,15,38,1552.97,40.87,0,0.00,0.0,1683.74,130.77,1.0842
Affiliate,2024-03-01,2025-07-01,16,38,1552.97,40.87,0,0.00,0.0,1683.74,130.77,1.0842
Affiliate,2024-03-01,2025-08-01,17,38,1552.97,40.87,0,0.00,0.0,1683.74,130.77,1.0842
Affiliate,2024-03-01,2025-09-01,18,38,1552.97,40.87,0,0.00,0.0,1683.74,130.77,1.0842
Affiliate,2024-03-01,2025-10-01,19,38,1552.97,40.87,0,0.00,0.0,1683.74,130.77,1.0842
Affiliate,2024-03-01,2025-11-01,20,38,1552.97,40.87,0,0.00,0.0,1683.74,130.77,1.0842
Affiliate,2024-03-01,2025-12-01,21,38,1552.97,40.87,0,0.00,0.0,1683.74,130.77,1.0842
Affiliate,2024-03-01,2026-01-01,22,38,1552.97,40.87,0,0.00,0.0,1683.74,130.77,1.0842
Affiliate,2024-03-01,2026-02-01,23,38,1552.97,40.87,0,0.00,0.0,1683.74,130.77,1.0842
Affiliate,2024-03-01,2026-03-01,24,38,1552.97,40.87,0,0.00,0.0,1683.74,130.77,1.0842
Affiliate,2024-03-01,2026-04-01,25,38,1552.97,40.87,0,0.00,0.0,1683.74,130.77,1.0842
Affiliate,2024-03-01,2026-05-01,26,38,1552.97,40.87,0,0.00,0.0,1683.74,130.77,1.0842
Affiliate,2024-03-01,2026-06-01,27,38,1552.97,40.87,0,0.00,0.0,1683.74,130.77,1.0842
Affiliate,2025-05-01,2025-05-01,0,32,1232.82,38.53,30,8769.50,1415.08,1415.08,182.26,1.1478
Affiliate,2025-05-01,2025-06-01,1,32,1232.82,38.53,9,3095.17,625.4,2040.48,807.66,1.6551
Affiliate,2025-05-01,2025-07-01,2,32,1232.82,38.53,1,47.86,20.91,2061.39,828.57,1.6721
Affiliate,2025-05-01,2025-08-01,3,32,1232.82,38.53,3,776.16,53.31,2114.7,881.88,1.7153
Affiliate,2025-05-01,2025-09-01,4,32,1232.82,38.53,2,460.36,70.28,2184.98,952.16,1.7723
Affiliate,2025-05-01,2025-10-01,5,32,1232.82,38.53,3,632.46,120.6,2305.58,1072.76,1.8702
Affiliate,2025-05-01,2025-11-01,6,32,1232.82,38.53,2,232.47,5.91,2311.49,1078.67,1.875
Affiliate,2025-05-01,2025-12-01,7,32,1232.82,38.53,1,43.36,23.26,2334.75,1101.93,1.8938
Affiliate,2025-05-01,2026-01-01,8,32,1232.82,38.53,1,58.95,32.41,2367.16,1134.34,1.9201
Affiliate,2025-05-01,2026-02-01,9,32,1232.82,38.53,0,0.00,0.0,2367.16,1134.34,1.9201
Affiliate,2025-05-01,2026-03-01,10,32,1232.82,38.53,1,161.57,17.14,2384.3,1151.48,1.934
Affiliate,2025-05-01,2026-04-01,11,32,1232.82,38.53,0,0.00,0.0,2384.3,1151.48,1.934
Affiliate,2025-05-01,2026-05-01,12,32,1232.82,38.53,0,0.00,0.0,2384.3,1151.48,1.934
Affiliate,2025-05-01,2026-06-01,13,32,1232.82,38.53,0,0.00,0.0,2384.3,1151.48,1.934
Affiliate,2025-11-01,2025-11-01,0,35,1506.80,43.05,35,8751.13,1628.53,1628.53,121.73,1.0808
Affiliate,2025-11-01,2025-12-01,1,35,1506.80,43.05,6,2077.27,471.56,2100.09,593.29,1.3937
Affiliate,2025-11-01,2026-01-01,2,35,1506.80,43.05,7,2472.35,-32.82,2067.27,560.47,1.372
Affiliate,2025-11-01,2026-02-01,3,35,1506.80,43.05,2,285.94,43.75,2111.02,604.22,1.401
Affiliate,2025-11-01,2026-03-01,4,35,1506.80,43.05,0,0.00,0.0,2111.02,604.22,1.401
Affiliate,2025-11-01,2026-04-01,5,35,1506.80,43.05,2,189.24,84.17,2195.19,688.39,1.4569
Affiliate,2025-11-01,2026-05-01,6,35,1506.80,43.05,1,164.80,54.94,2250.13,743.33,1.4933
Affiliate,2025-11-01,2026-06-01,7,35,1506.80,43.05,1,197.46,125.0,2375.13,868.33,1.5763
Marketplace,2024-09-01,2024-09-01,0,33,710.64,21.53,30,10499.59,2177.13,2177.13,1466.49,3.0636
Marketplace,2024-09-01,2024-10-01,1,33,710.64,21.53,5,1719.77,223.25,2400.38,1689.74,3.3778
Marketplace,2024-09-01,2024-11-01,2,33,710.64,21.53,6,1993.90,287.74,2688.12,1977.48,3.7827
Marketplace,2024-09-01,2024-12-01,3,33,710.64,21.53,1,67.74,19.49,2707.61,1996.97,3.8101
Marketplace,2024-09-01,2025-01-01,4,33,710.64,21.53,1,189.05,37.47,2745.08,2034.44,3.8628
Marketplace,2024-09-01,2025-02-01,5,33,710.64,21.53,0,0.00,0.0,2745.08,2034.44,3.8628
Marketplace,2024-09-01,2025-03-01,6,33,710.64,21.53,1,511.07,118.17,2863.25,2152.61,4.0291
Marketplace,2024-09-01,2025-04-01,7,33,710.64,21.53,0,0.00,0.0,2863.25,2152.61,4.0291
Marketplace,2024-09-01,2025-05-01,8,33,710.64,21.53,0,0.00,0.0,2863.25,2152.61,4.0291
Marketplace,2024-09-01,2025-06-01,9,33,710.64,21.53,0,0.00,0.0,2863.25,2152.61,4.0291
Marketplace,2024-09-01,2025-07-01,10,33,710.64,21.53,0,0.00,0.0,2863.25,2152.61,4.0291
Marketplace,2024-09-01,2025-08-01,11,33,710.64,21.53,0,0.00,0.0,2863.25,2152.61,4.0291
Marketplace,2024-09-01,2025-09-01,12,33,710.64,21.53,0,0.00,0.0,2863.25,2152.61,4.0291
Marketplace,2024-09-01,2025-10-01,13,33,710.64,21.53,0,0.00,0.0,2863.25,2152.61,4.0291
Marketplace,2024-09-01,2025-11-01,14,33,710.64,21.53,0,0.00,0.0,2863.25,2152.61,4.0291
Marketplace,2024-09-01,2025-12-01,15,33,710.64,21.53,0,0.00,0.0,2863.25,2152.61,4.0291
Marketplace,2024-09-01,2026-01-01,16,33,710.64,21.53,0,0.00,0.0,2863.25,2152.61,4.0291
Marketplace,2024-09-01,2026-02-01,17,33,710.64,21.53,0,0.00,0.0,2863.25,2152.61,4.0291
Marketplace,2024-09-01,2026-03-01,18,33,710.64,21.53,0,0.00,0.0,2863.25,2152.61,4.0291
Marketplace,2024-09-01,2026-04-01,19,33,710.64,21.53,0,0.00,0.0,2863.25,2152.61,4.0291
Marketplace,2024-09-01,2026-05-01,20,33,710.64,21.53,0,0.00,0.0,2863.25,2152.61,4.0291
Marketplace,2024-09-01,2026-06-01,21,33,710.64,21.53,0,0.00,0.0,2863.25,2152.61,4.0291
Organic Search,2024-10-01,2024-10-01,0,55,226.06,4.11,51,13234.84,3382.88,3382.88,3156.82,14.9645
Organic Search,2024-10-01,2024-11-01,1,55,226.06,4.11,11,3344.85,710.5,4093.38,3867.32,18.1075
Organic Search,2024-10-01,2024-12-01,2,55,226.06,4.11,15,4508.05,1145.38,5238.76,5012.7,23.1742
Organic Search,2024-10-01,2025-01-01,3,55,226.06,4.11,9,2582.88,297.64,5536.4,5310.34,24.4908
Organic Search,2024-10-01,2025-02-01,4,55,226.06,4.11,4,2358.34,369.12,5905.52,5679.46,26.1237
Organic Search,2024-10-01,2025-03-01,5,55,226.06,4.11,10,2921.46,809.1,6714.62,6488.56,29.7028
Organic Search,2024-10-01,2025-04-01,6,55,226.06,4.11,7,1789.19,639.41,7354.03,7127.97,32.5313
Organic Search,2024-10-01,2025-05-01,7,55,226.06,4.11,2,727.15,228.81,7582.84,7356.78,33.5435
Organic Search,2024-10-01,2025-06-01,8,55,226.06,4.11,3,853.57,388.57,7971.41,7745.35,35.2624
Organic Search,2024-10-01,2025-07-01,9,55,226.06,4.11,3,1622.43,669.43,8640.84,8414.78,38.2237
Organic Search,2024-10-01,2025-08-01,10,55,226.06,4.11,1,99.97,54.54,8695.38,8469.32,38.4649
Organic Search,2024-10-01,2025-09-01,11,55,226.06,4.11,2,207.15,4.3,8699.68,8473.62,38.4839
Organic Search,2024-10-01,2025-10-01,12,55,226.06,4.11,1,591.65,-79.79,8619.89,8393.83,38.131
Organic Search,2024-10-01,2025-11-01,13,55,226.06,4.11,1,213.92,108.75,8728.64,8502.58,38.612
Organic Search,2024-10-01,2025-12-01,14,55,226.06,4.11,2,1728.32,-586.7,8141.94,7915.88,36.0167
Organic Search,2024-10-01,2026-01-01,15,55,226.06,4.11,0,0.00,0.0,8141.94,7915.88,36.0167
Organic Search,2024-10-01,2026-02-01,16,55,226.06,4.11,2,519.26,29.37,8171.31,7945.25,36.1466
Organic Search,2024-10-01,2026-03-01,17,55,226.06,4.11,0,0.00,0.0,8171.31,7945.25,36.1466
Organic Search,2024-10-01,2026-04-01,18,55,226.06,4.11,0,0.00,0.0,8171.31,7945.25,36.1466
Organic Search,2024-10-01,2026-05-01,19,55,226.06,4.11,0,0.00,0.0,8171.31,7945.25,36.1466
Organic Search,2024-10-01,2026-06-01,20,55,226.06,4.11,0,0.00,0.0,8171.31,7945.25,36.1466
Organic Search,2025-06-01,2025-06-01,0,61,257.73,4.23,59,19070.58,4554.57,4554.57,4296.84,17.6719
Organic Search,2025-06-01,2025-07-01,1,61,257.73,4.23,11,2848.83,520.74,5075.31,4817.58,19.6924
Organic Search,2025-06-01,2025-08-01,2,61,257.73,4.23,8,1431.25,308.37,5383.68,5125.95,20.8888
Organic Search,2025-06-01,2025-09-01,3,61,257.73,4.23,13,3715.16,1419.92,6803.6,6545.87,26.3982
Organic Search,2025-06-01,2025-10-01,4,61,257.73,4.23,7,2481.60,319.23,7122.83,6865.1,27.6368
Organic Search,2025-06-01,2025-11-01,5,61,257.73,4.23,10,2446.80,571.4,7694.23,7436.5,29.8538
Organic Search,2025-06-01,2025-12-01,6,61,257.73,4.23,5,585.56,107.81,7802.04,7544.31,30.2721
Organic Search,2025-06-01,2026-01-01,7,61,257.73,4.23,2,416.99,128.04,7930.08,7672.35,30.7689
Organic Search,2025-06-01,2026-02-01,8,61,257.73,4.23,4,1866.45,723.77,8653.85,8396.12,33.5772
Organic Search,2025-06-01,2026-03-01,9,61,257.73,4.23,4,905.75,260.15,8914.0,8656.27,34.5866
Organic Search,2025-06-01,2026-04-01,10,61,257.73,4.23,3,819.89,95.14,9009.14,8751.41,34.9557
Organic Search,2025-06-01,2026-05-01,11,61,257.73,4.23,2,686.21,196.53,9205.67,8947.94,35.7183
Organic Search,2025-06-01,2026-06-01,12,61,257.73,4.23,1,18.65,14.45,9220.12,8962.39,35.7743
Organic Search,2025-08-01,2025-08-01,0,71,306.26,4.31,68,18365.96,3846.43,3846.43,3540.17,12.5594
Organic Search,2025-08-01,2025-09-01,1,71,306.26,4.31,12,2754.11,1209.27,5055.7,4749.44,16.5079
Organic Search,2025-08-01,2025-10-01,2,71,306.26,4.31,11,4208.59,1230.49,6286.19,5979.93,20.5257
Organic Search,2025-08-01,2025-11-01,3,71,306.26,4.31,11,2575.62,602.26,6888.45,6582.19,22.4922
Organic Search,2025-08-01,2025-12-01,4,71,306.26,4.31,9,2047.36,443.27,7331.72,7025.46,23.9395
Organic Search,2025-08-01,2026-01-01,5,71,306.26,4.31,10,2265.06,389.46,7721.18,7414.92,25.2112
Organic Search,2025-08-01,2026-02-01,6,71,306.26,4.31,7,1157.31,311.73,8032.91,7726.65,26.2291
Organic Search,2025-08-01,2026-03-01,7,71,306.26,4.31,5,3000.29,906.06,8938.97,8632.71,29.1875
Organic Search,2025-08-01,2026-04-01,8,71,306.26,4.31,5,1049.48,270.28,9209.25,8902.99,30.07
Organic Search,2025-08-01,2026-05-01,9,71,306.26,4.31,3,720.45,226.46,9435.71,9129.45,30.8095
Organic Search,2025-08-01,2026-06-01,10,71,306.26,4.31,4,2416.67,360.39,9796.1,9489.84,31.9862
Organic Search,2026-01-01,2026-01-01,0,59,234.43,3.97,50,10420.55,2570.81,2570.81,2336.38,10.9662
Organic Search,2026-01-01,2026-02-01,1,59,234.43,3.97,15,3622.21,928.18,3498.99,3264.56,14.9255
Organic Search,2026-01-01,2026-03-01,2,59,234.43,3.97,16,4319.25,918.25,4417.24,4182.81,18.8425
Organic Search,2026-01-01,2026-04-01,3,59,234.43,3.97,11,3322.79,1160.37,5577.61,5343.18,23.7922
Organic Search,2026-01-01,2026-05-01,4,59,234.43,3.97,6,1817.51,726.11,6303.72,6069.29,26.8896
Organic Search,2026-01-01,2026-06-01,5,59,234.43,3.97,6,1168.40,289.15,6592.87,6358.44,28.123
Paid Search,2024-09-01,2024-09-01,0,60,2151.72,35.86,60,17825.46,5754.53,5754.53,3602.81,2.6744
Paid Search,2024-09-01,2024-10-01,1,60,2151.72,35.86,5,1451.36,530.06,6284.59,4132.87,2.9207
Paid Search,2024-09-01,2024-11-01,2,60,2151.72,35.86,11,2790.28,821.68,7106.27,4954.55,3.3026
Paid Search,2024-09-01,2024-12-01,3,60,2151.72,35.86,11,3535.49,766.36,7872.63,5720.91,3.6588
Paid Search,2024-09-01,2025-01-01,4,60,2151.72,35.86,4,715.39,218.03,8090.66,5938.94,3.7601
Paid Search,2024-09-01,2025-02-01,5,60,2151.72,35.86,3,363.50,204.67,8295.33,6143.61,3.8552
Paid Search,2024-09-01,2025-03-01,6,60,2151.72,35.86,7,2219.29,664.96,8960.29,6808.57,4.1642
Paid Search,2024-09-01,2025-04-01,7,60,2151.72,35.86,2,156.38,45.95,9006.24,6854.52,4.1856
Paid Search,2024-09-01,2025-05-01,8,60,2151.72,35.86,0,0.00,0.0,9006.24,6854.52,4.1856
Paid Search,2024-09-01,2025-06-01,9,60,2151.72,35.86,1,770.20,328.49,9334.73,7183.01,4.3383
Paid Search,2024-09-01,2025-07-01,10,60,2151.72,35.86,1,376.69,115.83,9450.56,7298.84,4.3921
Paid Search,2024-09-01,2025-08-01,11,60,2151.72,35.86,0,0.00,0.0,9450.56,7298.84,4.3921
Paid Search,2024-09-01,2025-09-01,12,60,2151.72,35.86,0,0.00,0.0,9450.56,7298.84,4.3921
Paid Search,2024-09-01,2025-10-01,13,60,2151.72,35.86,2,345.41,75.5,9526.06,7374.34,4.4272
Paid Search,2024-09-01,2025-11-01,14,60,2151.72,35.86,0,0.00,0.0,9526.06,7374.34,4.4272
Paid Search,2024-09-01,2025-12-01,15,60,2151.72,35.86,0,0.00,0.0,9526.06,7374.34,4.4272
Paid Search,2024-09-01,2026-01-01,16,60,2151.72,35.86,1,38.78,25.33,9551.39,7399.67,4.439
Paid Search,2024-09-01,2026-02-01,17,60,2151.72,35.86,0,0.00,0.0,9551.39,7399.67,4.439
Paid Search,2024-09-01,2026-03-01,18,60,2151.72,35.86,0,0.00,0.0,9551.39,7399.67,4.439
Paid Search,2024-09-01,2026-04-01,19,60,2151.72,35.86,0,0.00,0.0,9551.39,7399.67,4.439
Paid Search,2024-09-01,2026-05-01,20,60,2151.72,35.86,0,0.00,0.0,9551.39,7399.67,4.439
Paid Search,2024-09-01,2026-06-01,21,60,2151.72,35.86,0,0.00,0.0,9551.39,7399.67,4.439
Paid Social,2025-10-01,2025-10-01,0,106,3976.92,37.52,104,31278.17,5660.7,5660.7,1683.78,1.4234
Paid Social,2025-10-01,2025-11-01,1,106,3976.92,37.52,12,2475.46,88.37,5749.07,1772.15,1.4456
Paid Social,2025-10-01,2025-12-01,2,106,3976.92,37.52,12,5927.78,902.2,6651.27,2674.35,1.6725
Paid Social,2025-10-01,2026-01-01,3,106,3976.92,37.52,8,1494.42,310.72,6961.99,2985.07,1.7506
Paid Social,2025-10-01,2026-02-01,4,106,3976.92,37.52,3,1259.19,437.05,7399.04,3422.12,1.8605
Paid Social,2025-10-01,2026-03-01,5,106,3976.92,37.52,3,1706.04,441.36,7840.4,3863.48,1.9715
Paid Social,2025-10-01,2026-04-01,6,106,3976.92,37.52,2,114.77,61.25,7901.65,3924.73,1.9869
Paid Social,2025-10-01,2026-05-01,7,106,3976.92,37.52,2,138.62,7.19,7908.84,3931.92,1.9887
Paid Social,2025-10-01,2026-06-01,8,106,3976.92,37.52,2,199.62,38.42,7947.26,3970.34,1.9983
Affiliate,2024-09-01,2024-09-01,0,26,1072.74,41.26,25,10347.67,2427.76,2427.76,1355.02,2.2631
Affiliate,2024-09-01,2024-10-01,1,26,1072.74,41.26,2,219.88,-73.07,2354.69,1281.95,2.195
Affiliate,2024-09-01,2024-11-01,2,26,1072.74,41.26,3,268.04,90.18,2444.87,1372.13,2.2791
Affiliate,2024-09-01,2024-12-01,3,26,1072.74,41.26,4,805.20,201.14,2646.01,1573.27,2.4666
Affiliate,2024-09-01,2025-01-01,4,26,1072.74,41.26,3,322.55,54.26,2700.27,1627.53,2.5172
Affiliate,2024-09-01,2025-02-01,5,26,1072.74,41.26,0,0.00,0.0,2700.27,1627.53,2.5172
Affiliate,2024-09-01,2025-03-01,6,26,1072.74,41.26,0,0.00,0.0,2700.27,1627.53,2.5172
Affiliate,2024-09-01,2025-04-01,7,26,1072.74,41.26,2,774.18,239.79,2940.06,1867.32,2.7407
Affiliate,2024-09-01,2025-05-01,8,26,1072.74,41.26,3,906.02,365.29,3305.35,2232.61,3.0812
Affiliate,2024-09-01,2025-06-01,9,26,1072.74,41.26,0,0.00,0.0,3305.35,2232.61,3.0812
Affiliate,2024-09-01,2025-07-01,10,26,1072.74,41.26,2,244.37,125.29,3430.64,2357.9,3.198
Affiliate,2024-09-01,2025-08-01,11,26,1072.74,41.26,0,0.00,0.0,3430.64,2357.9,3.198
Affiliate,2024-09-01,2025-09-01,12,26,1072.74,41.26,1,44.92,28.64,3459.28,2386.54,3.2247
Affiliate,2024-09-01,2025-10-01,13,26,1072.74,41.26,0,0.00,0.0,3459.28,2386.54,3.2247
Affiliate,2024-09-01,2025-11-01,14,26,1072.74,41.26,0,0.00,0.0,3459.28,2386.54,3.2247
Affiliate,2024-09-01,2025-12-01,15,26,1072.74,41.26,0,0.00,0.0,3459.28,2386.54,3.2247
Affiliate,2024-09-01,2026-01-01,16,26,1072.74,41.26,0,0.00,0.0,3459.28,2386.54,3.2247
Affiliate,2024-09-01,2026-02-01,17,26,1072.74,41.26,0,0.00,0.0,3459.28,2386.54,3.2247
Affiliate,2024-09-01,2026-03-01,18,26,1072.74,41.26,0,0.00,0.0,3459.28,2386.54,3.2247
Affiliate,2024-09-01,2026-04-01,19,26,1072.74,41.26,0,0.00,0.0,3459.28,2386.54,3.2247
Affiliate,2024-09-01,2026-05-01,20,26,1072.74,41.26,0,0.00,0.0,3459.28,2386.54,3.2247
Affiliate,2024-09-01,2026-06-01,21,26,1072.74,41.26,0,0.00,0.0,3459.28,2386.54,3.2247
Marketplace,2024-03-01,2024-03-01,0,26,596.45,22.94,24,5877.65,1441.15,1441.15,844.7,2.4162
Marketplace,2024-03-01,2024-04-01,1,26,596.45,22.94,5,1475.03,283.03,1724.18,1127.73,2.8907
Marketplace,2024-03-01,2024-05-01,2,26,596.45,22.94,6,1440.93,401.15,2125.33,1528.88,3.5633
Marketplace,2024-03-01,2024-06-01,3,26,596.45,22.94,1,251.47,82.27,2207.6,1611.15,3.7012
Marketplace,2024-03-01,2024-07-01,4,26,596.45,22.94,3,564.07,177.88,2385.48,1789.03,3.9995
Marketplace,2024-03-01,2024-08-01,5,26,596.45,22.94,0,0.00,0.0,2385.48,1789.03,3.9995
Marketplace,2024-03-01,2024-09-01,6,26,596.45,22.94,0,0.00,0.0,2385.48,1789.03,3.9995
Marketplace,2024-03-01,2024-10-01,7,26,596.45,22.94,1,324.03,103.67,2489.15,1892.7,4.1733
Marketplace,2024-03-01,2024-11-01,8,26,596.45,22.94,0,0.00,0.0,2489.15,1892.7,4.1733
Marketplace,2024-03-01,2024-12-01,9,26,596.45,22.94,0,0.00,0.0,2489.15,1892.7,4.1733
Marketplace,2024-03-01,2025-01-01,10,26,596.45,22.94,0,0.00,0.0,2489.15,1892.7,4.1733
Marketplace,2024-03-01,2025-02-01,11,26,596.45,22.94,0,0.00,0.0,2489.15,1892.7,4.1733
Marketplace,2024-03-01,2025-03-01,12,26,596.45,22.94,0,0.00,0.0,2489.15,1892.7,4.1733
Marketplace,2024-03-01,2025-04-01,13,26,596.45,22.94,0,0.00,0.0,2489.15,1892.7,4.1733
Marketplace,2024-03-01,2025-05-01,14,26,596.45,22.94,0,0.00,0.0,2489.15,1892.7,4.1733
Marketplace,2024-03-01,2025-06-01,15,26,596.45,22.94,0,0.00,0.0,2489.15,1892.7,4.1733
Marketplace,2024-03-01,2025-07-01,16,26,596.45,22.94,0,0.00,0.0,2489.15,1892.7,4.1733
Marketplace,2024-03-01,2025-08-01,17,26,596.45,22.94,0,0.00,0.0,2489.15,1892.7,4.1733
Marketplace,2024-03-01,2025-09-01,18,26,596.45,22.94,0,0.00,0.0,2489.15,1892.7,4.1733
Marketplace,2024-03-01,2025-10-01,19,26,596.45,22.94,0,0.00,0.0,2489.15,1892.7,4.1733
Marketplace,2024-03-01,2025-11-01,20,26,596.45,22.94,0,0.00,0.0,2489.15,1892.7,4.1733
Marketplace,2024-03-01,2025-12-01,21,26,596.45,22.94,0,0.00,0.0,2489.15,1892.7,4.1733
Marketplace,2024-03-01,2026-01-01,22,26,596.45,22.94,0,0.00,0.0,2489.15,1892.7,4.1733
Marketplace,2024-03-01,2026-02-01,23,26,596.45,22.94,0,0.00,0.0,2489.15,1892.7,4.1733
Marketplace,2024-03-01,2026-03-01,24,26,596.45,22.94,0,0.00,0.0,2489.15,1892.7,4.1733
Marketplace,2024-03-01,2026-04-01,25,26,596.45,22.94,0,0.00,0.0,2489.15,1892.7,4.1733
Marketplace,2024-03-01,2026-05-01,26,26,596.45,22.94,0,0.00,0.0,2489.15,1892.7,4.1733
Marketplace,2024-03-01,2026-06-01,27,26,596.45,22.94,0,0.00,0.0,2489.15,1892.7,4.1733
Marketplace,2025-05-01,2025-05-01,0,50,1192.49,23.85,45,12024.35,3230.09,3230.09,2037.6,2.7087
Marketplace,2025-05-01,2025-06-01,1,50,1192.49,23.85,7,1647.18,577.63,3807.72,2615.23,3.1931
Marketplace,2025-05-01,2025-07-01,2,50,1192.49,23.85,6,2406.98,521.72,4329.44,3136.95,3.6306
Marketplace,2025-05-01,2025-08-01,3,50,1192.49,23.85,2,622.76,67.53,4396.97,3204.48,3.6872
Marketplace,2025-05-01,2025-09-01,4,50,1192.49,23.85,0,0.00,0.0,4396.97,3204.48,3.6872
Marketplace,2025-05-01,2025-10-01,5,50,1192.49,23.85,2,794.52,102.6,4499.57,3307.08,3.7733
Marketplace,2025-05-01,2025-11-01,6,50,1192.49,23.85,1,316.44,87.53,4587.1,3394.61,3.8467
Marketplace,2025-05-01,2025-12-01,7,50,1192.49,23.85,0,0.00,0.0,4587.1,3394.61,3.8467
Marketplace,2025-05-01,2026-01-01,8,50,1192.49,23.85,0,0.00,0.0,4587.1,3394.61,3.8467
Marketplace,2025-05-01,2026-02-01,9,50,1192.49,23.85,0,0.00,0.0,4587.1,3394.61,3.8467
Marketplace,2025-05-01,2026-03-01,10,50,1192.49,23.85,0,0.00,0.0,4587.1,3394.61,3.8467
Marketplace,2025-05-01,2026-04-01,11,50,1192.49,23.85,0,0.00,0.0,4587.1,3394.61,3.8467
Marketplace,2025-05-01,2026-05-01,12,50,1192.49,23.85,0,0.00,0.0,4587.1,3394.61,3.8467
Marketplace,2025-05-01,2026-06-01,13,50,1192.49,23.85,0,0.00,0.0,4587.1,3394.61,3.8467
Marketplace,2025-11-01,2025-11-01,0,77,1794.90,23.31,73,22354.77,6022.46,6022.46,4227.56,3.3553
Marketplace,2025-11-01,2025-12-01,1,77,1794.90,23.31,11,1656.73,593.7,6616.16,4821.26,3.6861
Marketplace,2025-11-01,2026-01-01,2,77,1794.90,23.31,5,1898.44,333.43,6949.59,5154.69,3.8719
Marketplace,2025-11-01,2026-02-01,3,77,1794.90,23.31,3,996.56,297.58,7247.17,5452.27,4.0376
Marketplace,2025-11-01,2026-03-01,4,77,1794.90,23.31,1,233.68,-163.03,7084.14,5289.24,3.9468
Marketplace,2025-11-01,2026-04-01,5,77,1794.90,23.31,0,0.00,0.0,7084.14,5289.24,3.9468
Marketplace,2025-11-01,2026-05-01,6,77,1794.90,23.31,2,447.13,132.82,7216.96,5422.06,4.0208
Marketplace,2025-11-01,2026-06-01,7,77,1794.90,23.31,0,0.00,0.0,7216.96,5422.06,4.0208
Organic Search,2025-03-01,2025-03-01,0,61,238.56,3.91,58,17479.77,3930.72,3930.72,3692.16,16.4769
Organic Search,2025-03-01,2025-04-01,1,61,238.56,3.91,12,3778.70,1374.41,5305.13,5066.57,22.2381
Organic Search,2025-03-01,2025-05-01,2,61,238.56,3.91,14,3832.64,590.5,5895.63,5657.07,24.7134
Organic Search,2025-03-01,2025-06-01,3,61,238.56,3.91,11,2587.91,792.82,6688.45,6449.89,28.0368
Organic Search,2025-03-01,2025-07-01,4,61,238.56,3.91,7,1222.73,395.01,7083.46,6844.9,29.6926
Organic Search,2025-03-01,2025-08-01,5,61,238.56,3.91,3,245.63,92.44,7175.9,6937.34,30.0801
Organic Search,2025-03-01,2025-09-01,6,61,238.56,3.91,4,1330.92,419.02,7594.92,7356.36,31.8365
Organic Search,2025-03-01,2025-10-01,7,61,238.56,3.91,3,596.18,262.59,7857.51,7618.95,32.9372
Organic Search,2025-03-01,2025-11-01,8,61,238.56,3.91,3,1227.02,314.15,8171.66,7933.1,34.2541
Organic Search,2025-03-01,2025-12-01,9,61,238.56,3.91,4,1527.01,239.77,8411.43,8172.87,35.2592
Organic Search,2025-03-01,2026-01-01,10,61,238.56,3.91,0,0.00,0.0,8411.43,8172.87,35.2592
Organic Search,2025-03-01,2026-02-01,11,61,238.56,3.91,2,231.70,138.58,8550.01,8311.45,35.8401
Organic Search,2025-03-01,2026-03-01,12,61,238.56,3.91,1,105.15,-2.96,8547.05,8308.49,35.8277
Organic Search,2025-03-01,2026-04-01,13,61,238.56,3.91,1,21.76,-1.77,8545.28,8306.72,35.8203
Organic Search,2025-03-01,2026-05-01,14,61,238.56,3.91,1,88.93,46.4,8591.68,8353.12,36.0148
Organic Search,2025-03-01,2026-06-01,15,61,238.56,3.91,0,0.00,0.0,8591.68,8353.12,36.0148
Paid Search,2024-03-01,2024-03-01,0,50,1607.19,32.14,50,13147.34,3098.75,3098.75,1491.56,1.9281
Paid Search,2024-03-01,2024-04-01,1,50,1607.19,32.14,10,2635.06,529.54,3628.29,2021.1,2.2575
Paid Search,2024-03-01,2024-05-01,2,50,1607.19,32.14,8,1509.96,547.85,4176.14,2568.95,2.5984
Paid Search,2024-03-01,2024-06-01,3,50,1607.19,32.14,5,1204.01,479.92,4656.06,3048.87,2.897
Paid Search,2024-03-01,2024-07-01,4,50,1607.19,32.14,4,1306.50,271.24,4927.3,3320.11,3.0658
Paid Search,2024-03-01,2024-08-01,5,50,1607.19,32.14,2,435.66,40.88,4968.18,3360.99,3.0912
Paid Search,2024-03-01,2024-09-01,6,50,1607.19,32.14,3,1659.06,324.86,5293.04,3685.85,3.2934
Paid Search,2024-03-01,2024-10-01,7,50,1607.19,32.14,1,222.99,88.2,5381.24,3774.05,3.3482
Paid Search,2024-03-01,2024-11-01,8,50,1607.19,32.14,1,59.82,35.2,5416.44,3809.25,3.3701
Paid Search,2024-03-01,2024-12-01,9,50,1607.19,32.14,0,0.00,0.0,5416.44,3809.25,3.3701
Paid Search,2024-03-01,2025-01-01,10,50,1607.19,32.14,0,0.00,0.0,5416.44,3809.25,3.3701
Paid Search,2024-03-01,2025-02-01,11,50,1607.19,32.14,0,0.00,0.0,5416.44,3809.25,3.3701
Paid Search,2024-03-01,2025-03-01,12,50,1607.19,32.14,0,0.00,0.0,5416.44,3809.25,3.3701
Paid Search,2024-03-01,2025-04-01,13,50,1607.19,32.14,0,0.00,0.0,5416.44,3809.25,3.3701
Paid Search,2024-03-01,2025-05-01,14,50,1607.19,32.14,0,0.00,0.0,5416.44,3809.25,3.3701
Paid Search,2024-03-01,2025-06-01,15,50,1607.19,32.14,0,0.00,0.0,5416.44,3809.25,3.3701
Paid Search,2024-03-01,2025-07-01,16,50,1607.19,32.14,0,0.00,0.0,5416.44,3809.25,3.3701
Paid Search,2024-03-01,2025-08-01,17,50,1607.19,32.14,0,0.00,0.0,5416.44,3809.25,3.3701
Paid Search,2024-03-01,2025-09-01,18,50,1607.19,32.14,0,0.00,0.0,5416.44,3809.25,3.3701
Paid Search,2024-03-01,2025-10-01,19,50,1607.19,32.14,0,0.00,0.0,5416.44,3809.25,3.3701
Paid Search,2024-03-01,2025-11-01,20,50,1607.19,32.14,0,0.00,0.0,5416.44,3809.25,3.3701
Paid Search,2024-03-01,2025-12-01,21,50,1607.19,32.14,0,0.00,0.0,5416.44,3809.25,3.3701
Paid Search,2024-03-01,2026-01-01,22,50,1607.19,32.14,0,0.00,0.0,5416.44,3809.25,3.3701
Paid Search,2024-03-01,2026-02-01,23,50,1607.19,32.14,0,0.00,0.0,5416.44,3809.25,3.3701
Paid Search,2024-03-01,2026-03-01,24,50,1607.19,32.14,0,0.00,0.0,5416.44,3809.25,3.3701
Paid Search,2024-03-01,2026-04-01,25,50,1607.19,32.14,0,0.00,0.0,5416.44,3809.25,3.3701
Paid Search,2024-03-01,2026-05-01,26,50,1607.19,32.14,0,0.00,0.0,5416.44,3809.25,3.3701
Paid Search,2024-03-01,2026-06-01,27,50,1607.19,32.14,0,0.00,0.0,5416.44,3809.25,3.3701
Paid Search,2025-05-01,2025-05-01,0,74,2720.59,36.76,71,20661.99,5762.4,5762.4,3041.81,2.1181
Paid Search,2025-05-01,2025-06-01,1,74,2720.59,36.76,14,3706.30,786.95,6549.35,3828.76,2.4073
Paid Search,2025-05-01,2025-07-01,2,74,2720.59,36.76,13,2507.11,982.75,7532.1,4811.51,2.7686
Paid Search,2025-05-01,2025-08-01,3,74,2720.59,36.76,8,2519.46,90.59,7622.69,4902.1,2.8019
Paid Search,2025-05-01,2025-09-01,4,74,2720.59,36.76,10,1426.41,422.41,8045.1,5324.51,2.9571
Paid Search,2025-05-01,2025-10-01,5,74,2720.59,36.76,7,1591.21,458.01,8503.11,5782.52,3.1255
Paid Search,2025-05-01,2025-11-01,6,74,2720.59,36.76,2,597.52,111.1,8614.21,5893.62,3.1663
Paid Search,2025-05-01,2025-12-01,7,74,2720.59,36.76,1,46.52,14.77,8628.98,5908.39,3.1717
Paid Search,2025-05-01,2026-01-01,8,74,2720.59,36.76,3,386.77,139.45,8768.43,6047.84,3.223
Paid Search,2025-05-01,2026-02-01,9,74,2720.59,36.76,0,0.00,0.0,8768.43,6047.84,3.223
Paid Search,2025-05-01,2026-03-01,10,74,2720.59,36.76,3,1292.19,-169.23,8599.2,5878.61,3.1608
Paid Search,2025-05-01,2026-04-01,11,74,2720.59,36.76,2,1271.98,68.56,8667.76,5947.17,3.186
Paid Search,2025-05-01,2026-05-01,12,74,2720.59,36.76,2,648.53,82.21,8749.97,6029.38,3.2162
Paid Search,2025-05-01,2026-06-01,13,74,2720.59,36.76,0,0.00,0.0,8749.97,6029.38,3.2162
Paid Search,2025-11-01,2025-11-01,0,93,3074.00,33.05,84,22102.95,6483.98,6483.98,3409.98,2.1093
Paid Search,2025-11-01,2025-12-01,1,93,3074.00,33.05,18,5922.10,1212.0,7695.98,4621.98,2.5036
Paid Search,2025-11-01,2026-01-01,2,93,3074.00,33.05,12,5716.18,1281.81,8977.79,5903.79,2.9206
Paid Search,2025-11-01,2026-02-01,3,93,3074.00,33.05,16,5392.28,1599.62,10577.41,7503.41,3.4409
Paid Search,2025-11-01,2026-03-01,4,93,3074.00,33.05,8,1878.82,597.57,11174.98,8100.98,3.6353
Paid Search,2025-11-01,2026-04-01,5,93,3074.00,33.05,4,919.22,67.55,11242.53,8168.53,3.6573
Paid Search,2025-11-01,2026-05-01,6,93,3074.00,33.05,7,2812.00,771.91,12014.44,8940.44,3.9084
Paid Search,2025-11-01,2026-06-01,7,93,3074.00,33.05,4,894.23,174.97,12189.41,9115.41,3.9653
Paid Social,2024-08-01,2024-08-01,0,67,2062.28,30.78,62,17804.83,3270.6,3270.6,1208.32,1.5859
Paid Social,2024-08-01,2024-09-01,1,67,2062.28,30.78,8,2488.84,275.89,3546.49,1484.21,1.7197
Paid Social,2024-08-01,2024-10-01,2,67,2062.28,30.78,13,4821.83,17.32,3563.81,1501.53,1.7281
Paid Social,2024-08-01,2024-11-01,3,67,2062.28,30.78,4,2174.81,332.83,3896.64,1834.36,1.8895
Paid Social,2024-08-01,2024-12-01,4,67,2062.28,30.78,1,385.98,93.77,3990.41,1928.13,1.935
Paid Social,2024-08-01,2025-01-01,5,67,2062.28,30.78,4,522.62,191.21,4181.62,2119.34,2.0277
Paid Social,2024-08-01,2025-02-01,6,67,2062.28,30.78,2,145.10,-10.5,4171.12,2108.84,2.0226
Paid Social,2024-08-01,2025-03-01,7,67,2062.28,30.78,0,0.00,0.0,4171.12,2108.84,2.0226
Paid Social,2024-08-01,2025-04-01,8,67,2062.28,30.78,1,1018.78,383.63,4554.75,2492.47,2.2086
Paid Social,2024-08-01,2025-05-01,9,67,2062.28,30.78,0,0.00,0.0,4554.75,2492.47,2.2086
Paid Social,2024-08-01,2025-06-01,10,67,2062.28,30.78,0,0.00,0.0,4554.75,2492.47,2.2086
Paid Social,2024-08-01,2025-07-01,11,67,2062.28,30.78,0,0.00,0.0,4554.75,2492.47,2.2086
Paid Social,2024-08-01,2025-08-01,12,67,2062.28,30.78,0,0.00,0.0,4554.75,2492.47,2.2086
Paid Social,2024-08-01,2025-09-01,13,67,2062.28,30.78,0,0.00,0.0,4554.75,2492.47,2.2086
Paid Social,2024-08-01,2025-10-01,14,67,2062.28,30.78,0,0.00,0.0,4554.75,2492.47,2.2086
Paid Social,2024-08-01,2025-11-01,15,67,2062.28,30.78,0,0.00,0.0,4554.75,2492.47,2.2086
Paid Social,2024-08-01,2025-12-01,16,67,2062.28,30.78,0,0.00,0.0,4554.75,2492.47,2.2086
Paid Social,2024-08-01,2026-01-01,17,67,2062.28,30.78,0,0.00,0.0,4554.75,2492.47,2.2086
Paid Social,2024-08-01,2026-02-01,18,67,2062.28,30.78,0,0.00,0.0,4554.75,2492.47,2.2086
Paid Social,2024-08-01,2026-03-01,19,67,2062.28,30.78,0,0.00,0.0,4554.75,2492.47,2.2086
Paid Social,2024-08-01,2026-04-01,20,67,2062.28,30.78,0,0.00,0.0,4554.75,2492.47,2.2086
Paid Social,2024-08-01,2026-05-01,21,67,2062.28,30.78,0,0.00,0.0,4554.75,2492.47,2.2086
Paid Social,2024-08-01,2026-06-01,22,67,2062.28,30.78,0,0.00,0.0,4554.75,2492.47,2.2086
Paid Social,2025-07-01,2025-07-01,0,96,3580.08,37.29,96,25438.78,5030.93,5030.93,1450.85,1.4053
Paid Social,2025-07-01,2025-08-01,1,96,3580.08,37.29,12,2987.21,870.01,5900.94,2320.86,1.6483
Paid Social,2025-07-01,2025-09-01,2,96,3580.08,37.29,11,1491.53,312.11,6213.05,2632.97,1.7355
Paid Social,2025-07-01,2025-10-01,3,96,3580.08,37.29,12,3389.84,467.12,6680.17,3100.09,1.8659
Paid Social,2025-07-01,2025-11-01,4,96,3580.08,37.29,6,1172.94,-128.31,6551.86,2971.78,1.8301
Paid Social,2025-07-01,2025-12-01,5,96,3580.08,37.29,5,960.92,405.6,6957.46,3377.38,1.9434
Paid Social,2025-07-01,2026-01-01,6,96,3580.08,37.29,4,898.00,427.69,7385.15,3805.07,2.0628
Paid Social,2025-07-01,2026-02-01,7,96,3580.08,37.29,2,543.62,111.36,7496.51,3916.43,2.094
Paid Social,2025-07-01,2026-03-01,8,96,3580.08,37.29,0,0.00,0.0,7496.51,3916.43,2.094
Paid Social,2025-07-01,2026-04-01,9,96,3580.08,37.29,0,0.00,0.0,7496.51,3916.43,2.094
Paid Social,2025-07-01,2026-05-01,10,96,3580.08,37.29,0,0.00,0.0,7496.51,3916.43,2.094
Paid Social,2025-07-01,2026-06-01,11,96,3580.08,37.29,2,798.69,150.38,7646.89,4066.81,2.136
Marketplace,2024-01-01,2024-01-01,0,33,762.99,23.12,32,10147.33,2174.71,2174.71,1411.72,2.8502
Marketplace,2024-01-01,2024-02-01,1,33,762.99,23.12,4,943.96,493.21,2667.92,1904.93,3.4967
Marketplace,2024-01-01,2024-03-01,2,33,762.99,23.12,4,774.07,262.51,2930.43,2167.44,3.8407
Marketplace,2024-01-01,2024-04-01,3,33,762.99,23.12,2,1078.47,217.72,3148.15,2385.16,4.1261
Marketplace,2024-01-01,2024-05-01,4,33,762.99,23.12,2,390.92,108.76,3256.91,2493.92,4.2686
Marketplace,2024-01-01,2024-06-01,5,33,762.99,23.12,0,0.00,0.0,3256.91,2493.92,4.2686
Marketplace,2024-01-01,2024-07-01,6,33,762.99,23.12,2,809.22,297.96,3554.87,2791.88,4.6591
Marketplace,2024-01-01,2024-08-01,7,33,762.99,23.12,0,0.00,0.0,3554.87,2791.88,4.6591
Marketplace,2024-01-01,2024-09-01,8,33,762.99,23.12,0,0.00,0.0,3554.87,2791.88,4.6591
Marketplace,2024-01-01,2024-10-01,9,33,762.99,23.12,1,951.29,308.96,3863.83,3100.84,5.0641
Marketplace,2024-01-01,2024-11-01,10,33,762.99,23.12,0,0.00,0.0,3863.83,3100.84,5.0641
Marketplace,2024-01-01,2024-12-01,11,33,762.99,23.12,0,0.00,0.0,3863.83,3100.84,5.0641
Marketplace,2024-01-01,2025-01-01,12,33,762.99,23.12,0,0.00,0.0,3863.83,3100.84,5.0641
Marketplace,2024-01-01,2025-02-01,13,33,762.99,23.12,0,0.00,0.0,3863.83,3100.84,5.0641
Marketplace,2024-01-01,2025-03-01,14,33,762.99,23.12,0,0.00,0.0,3863.83,3100.84,5.0641
Marketplace,2024-01-01,2025-04-01,15,33,762.99,23.12,0,0.00,0.0,3863.83,3100.84,5.0641
Marketplace,2024-01-01,2025-05-01,16,33,762.99,23.12,0,0.00,0.0,3863.83,3100.84,5.0641
Marketplace,2024-01-01,2025-06-01,17,33,762.99,23.12,0,0.00,0.0,3863.83,3100.84,5.0641
Marketplace,2024-01-01,2025-07-01,18,33,762.99,23.12,0,0.00,0.0,3863.83,3100.84,5.0641
Marketplace,2024-01-01,2025-08-01,19,33,762.99,23.12,0,0.00,0.0,3863.83,3100.84,5.0641
Marketplace,2024-01-01,2025-09-01,20,33,762.99,23.12,0,0.00,0.0,3863.83,3100.84,5.0641
Marketplace,2024-01-01,2025-10-01,21,33,762.99,23.12,0,0.00,0.0,3863.83,3100.84,5.0641
Marketplace,2024-01-01,2025-11-01,22,33,762.99,23.12,0,0.00,0.0,3863.83,3100.84,5.0641
Marketplace,2024-01-01,2025-12-01,23,33,762.99,23.12,0,0.00,0.0,3863.83,3100.84,5.0641
Marketplace,2024-01-01,2026-01-01,24,33,762.99,23.12,0,0.00,0.0,3863.83,3100.84,5.0641
Marketplace,2024-01-01,2026-02-01,25,33,762.99,23.12,0,0.00,0.0,3863.83,3100.84,5.0641
Marketplace,2024-01-01,2026-03-01,26,33,762.99,23.12,0,0.00,0.0,3863.83,3100.84,5.0641
Marketplace,2024-01-01,2026-04-01,27,33,762.99,23.12,0,0.00,0.0,3863.83,3100.84,5.0641
Marketplace,2024-01-01,2026-05-01,28,33,762.99,23.12,0,0.00,0.0,3863.83,3100.84,5.0641
Marketplace,2024-01-01,2026-06-01,29,33,762.99,23.12,0,0.00,0.0,3863.83,3100.84,5.0641
Marketplace,2024-02-01,2024-02-01,0,29,633.39,21.84,27,9090.52,2023.77,2023.77,1390.38,3.1951
Marketplace,2024-02-01,2024-03-01,1,29,633.39,21.84,5,2510.32,870.76,2894.53,2261.14,4.5699
Marketplace,2024-02-01,2024-04-01,2,29,633.39,21.84,2,1030.66,277.4,3171.93,2538.54,5.0079
Marketplace,2024-02-01,2024-05-01,3,29,633.39,21.84,0,0.00,0.0,3171.93,2538.54,5.0079
Marketplace,2024-02-01,2024-06-01,4,29,633.39,21.84,1,173.21,63.28,3235.21,2601.82,5.1078
Marketplace,2024-02-01,2024-07-01,5,29,633.39,21.84,0,0.00,0.0,3235.21,2601.82,5.1078
Marketplace,2024-02-01,2024-08-01,6,29,633.39,21.84,0,0.00,0.0,3235.21,2601.82,5.1078
Marketplace,2024-02-01,2024-09-01,7,29,633.39,21.84,0,0.00,0.0,3235.21,2601.82,5.1078
Marketplace,2024-02-01,2024-10-01,8,29,633.39,21.84,0,0.00,0.0,3235.21,2601.82,5.1078
Marketplace,2024-02-01,2024-11-01,9,29,633.39,21.84,0,0.00,0.0,3235.21,2601.82,5.1078
Marketplace,2024-02-01,2024-12-01,10,29,633.39,21.84,0,0.00,0.0,3235.21,2601.82,5.1078
Marketplace,2024-02-01,2025-01-01,11,29,633.39,21.84,0,0.00,0.0,3235.21,2601.82,5.1078
Marketplace,2024-02-01,2025-02-01,12,29,633.39,21.84,0,0.00,0.0,3235.21,2601.82,5.1078
Marketplace,2024-02-01,2025-03-01,13,29,633.39,21.84,0,0.00,0.0,3235.21,2601.82,5.1078
Marketplace,2024-02-01,2025-04-01,14,29,633.39,21.84,0,0.00,0.0,3235.21,2601.82,5.1078
Marketplace,2024-02-01,2025-05-01,15,29,633.39,21.84,0,0.00,0.0,3235.21,2601.82,5.1078
Marketplace,2024-02-01,2025-06-01,16,29,633.39,21.84,0,0.00,0.0,3235.21,2601.82,5.1078
Marketplace,2024-02-01,2025-07-01,17,29,633.39,21.84,0,0.00,0.0,3235.21,2601.82,5.1078
Marketplace,2024-02-01,2025-08-01,18,29,633.39,21.84,0,0.00,0.0,3235.21,2601.82,5.1078
Marketplace,2024-02-01,2025-09-01,19,29,633.39,21.84,0,0.00,0.0,3235.21,2601.82,5.1078
Marketplace,2024-02-01,2025-10-01,20,29,633.39,21.84,0,0.00,0.0,3235.21,2601.82,5.1078
Marketplace,2024-02-01,2025-11-01,21,29,633.39,21.84,0,0.00,0.0,3235.21,2601.82,5.1078
Marketplace,2024-02-01,2025-12-01,22,29,633.39,21.84,0,0.00,0.0,3235.21,2601.82,5.1078
Marketplace,2024-02-01,2026-01-01,23,29,633.39,21.84,0,0.00,0.0,3235.21,2601.82,5.1078
Marketplace,2024-02-01,2026-02-01,24,29,633.39,21.84,0,0.00,0.0,3235.21,2601.82,5.1078
Marketplace,2024-02-01,2026-03-01,25,29,633.39,21.84,0,0.00,0.0,3235.21,2601.82,5.1078
Marketplace,2024-02-01,2026-04-01,26,29,633.39,21.84,0,0.00,0.0,3235.21,2601.82,5.1078
Marketplace,2024-02-01,2026-05-01,27,29,633.39,21.84,0,0.00,0.0,3235.21,2601.82,5.1078
Marketplace,2024-02-01,2026-06-01,28,29,633.39,21.84,0,0.00,0.0,3235.21,2601.82,5.1078
Marketplace,2024-07-01,2024-07-01,0,35,802.65,22.93,33,9854.04,2447.65,2447.65,1645.0,3.0495
Marketplace,2024-07-01,2024-08-01,1,35,802.65,22.93,4,2638.45,512.88,2960.53,2157.88,3.6884
Marketplace,2024-07-01,2024-09-01,2,35,802.65,22.93,2,640.59,134.29,3094.82,2292.17,3.8558
Marketplace,2024-07-01,2024-10-01,3,35,802.65,22.93,2,600.32,264.15,3358.97,2556.32,4.1849
Marketplace,2024-07-01,2024-11-01,4,35,802.65,22.93,4,469.37,124.4,3483.37,2680.72,4.3398
Marketplace,2024-07-01,2024-12-01,5,35,802.65,22.93,0,0.00,0.0,3483.37,2680.72,4.3398
Marketplace,2024-07-01,2025-01-01,6,35,802.65,22.93,0,0.00,0.0,3483.37,2680.72,4.3398
Marketplace,2024-07-01,2025-02-01,7,35,802.65,22.93,0,0.00,0.0,3483.37,2680.72,4.3398
Marketplace,2024-07-01,2025-03-01,8,35,802.65,22.93,0,0.00,0.0,3483.37,2680.72,4.3398
Marketplace,2024-07-01,2025-04-01,9,35,802.65,22.93,0,0.00,0.0,3483.37,2680.72,4.3398
Marketplace,2024-07-01,2025-05-01,10,35,802.65,22.93,0,0.00,0.0,3483.37,2680.72,4.3398
Marketplace,2024-07-01,2025-06-01,11,35,802.65,22.93,0,0.00,0.0,3483.37,2680.72,4.3398
Marketplace,2024-07-01,2025-07-01,12,35,802.65,22.93,0,0.00,0.0,3483.37,2680.72,4.3398
Marketplace,2024-07-01,2025-08-01,13,35,802.65,22.93,0,0.00,0.0,3483.37,2680.72,4.3398
Marketplace,2024-07-01,2025-09-01,14,35,802.65,22.93,0,0.00,0.0,3483.37,2680.72,4.3398
Marketplace,2024-07-01,2025-10-01,15,35,802.65,22.93,0,0.00,0.0,3483.37,2680.72,4.3398
Marketplace,2024-07-01,2025-11-01,16,35,802.65,22.93,0,0.00,0.0,3483.37,2680.72,4.3398
Marketplace,2024-07-01,2025-12-01,17,35,802.65,22.93,0,0.00,0.0,3483.37,2680.72,4.3398
Marketplace,2024-07-01,2026-01-01,18,35,802.65,22.93,0,0.00,0.0,3483.37,2680.72,4.3398
Marketplace,2024-07-01,2026-02-01,19,35,802.65,22.93,0,0.00,0.0,3483.37,2680.72,4.3398
Marketplace,2024-07-01,2026-03-01,20,35,802.65,22.93,0,0.00,0.0,3483.37,2680.72,4.3398
Marketplace,2024-07-01,2026-04-01,21,35,802.65,22.93,0,0.00,0.0,3483.37,2680.72,4.3398
Marketplace,2024-07-01,2026-05-01,22,35,802.65,22.93,0,0.00,0.0,3483.37,2680.72,4.3398
Marketplace,2024-07-01,2026-06-01,23,35,802.65,22.93,0,0.00,0.0,3483.37,2680.72,4.3398
Marketplace,2024-12-01,2024-12-01,0,62,1393.22,22.47,57,14585.33,3312.68,3312.68,1919.46,2.3777
Marketplace,2024-12-01,2025-01-01,1,62,1393.22,22.47,11,2276.14,585.71,3898.39,2505.17,2.7981
Marketplace,2024-12-01,2025-02-01,2,62,1393.22,22.47,9,3170.19,1002.12,4900.51,3507.29,3.5174
Marketplace,2024-12-01,2025-03-01,3,62,1393.22,22.47,3,264.48,145.68,5046.19,3652.97,3.622
Marketplace,2024-12-01,2025-04-01,4,62,1393.22,22.47,8,1681.35,443.34,5489.53,4096.31,3.9402
Marketplace,2024-12-01,2025-05-01,5,62,1393.22,22.47,1,984.41,256.03,5745.56,4352.34,4.1239
Marketplace,2024-12-01,2025-06-01,6,62,1393.22,22.47,0,0.00,0.0,5745.56,4352.34,4.1239
Marketplace,2024-12-01,2025-07-01,7,62,1393.22,22.47,2,1927.79,204.62,5950.18,4556.96,4.2708
Marketplace,2024-12-01,2025-08-01,8,62,1393.22,22.47,0,0.00,0.0,5950.18,4556.96,4.2708
Marketplace,2024-12-01,2025-09-01,9,62,1393.22,22.47,0,0.00,0.0,5950.18,4556.96,4.2708
Marketplace,2024-12-01,2025-10-01,10,62,1393.22,22.47,0,0.00,0.0,5950.18,4556.96,4.2708
Marketplace,2024-12-01,2025-11-01,11,62,1393.22,22.47,0,0.00,0.0,5950.18,4556.96,4.2708
Marketplace,2024-12-01,2025-12-01,12,62,1393.22,22.47,0,0.00,0.0,5950.18,4556.96,4.2708
Marketplace,2024-12-01,2026-01-01,13,62,1393.22,22.47,0,0.00,0.0,5950.18,4556.96,4.2708
Marketplace,2024-12-01,2026-02-01,14,62,1393.22,22.47,0,0.00,0.0,5950.18,4556.96,4.2708
Marketplace,2024-12-01,2026-03-01,15,62,1393.22,22.47,0,0.00,0.0,5950.18,4556.96,4.2708
Marketplace,2024-12-01,2026-04-01,16,62,1393.22,22.47,0,0.00,0.0,5950.18,4556.96,4.2708
Marketplace,2024-12-01,2026-05-01,17,62,1393.22,22.47,0,0.00,0.0,5950.18,4556.96,4.2708
Marketplace,2024-12-01,2026-06-01,18,62,1393.22,22.47,0,0.00,0.0,5950.18,4556.96,4.2708
Marketplace,2025-02-01,2025-02-01,0,27,584.24,21.64,26,6877.50,1876.22,1876.22,1291.98,3.2114
Marketplace,2025-02-01,2025-03-01,1,27,584.24,21.64,3,617.53,209.6,2085.82,1501.58,3.5701
Marketplace,2025-02-01,2025-04-01,2,27,584.24,21.64,0,0.00,0.0,2085.82,1501.58,3.5701
Marketplace,2025-02-01,2025-05-01,3,27,584.24,21.64,1,192.59,101.68,2187.5,1603.26,3.7442
Marketplace,2025-02-01,2025-06-01,4,27,584.24,21.64,0,0.00,0.0,2187.5,1603.26,3.7442
Marketplace,2025-02-01,2025-07-01,5,27,584.24,21.64,4,790.13,263.64,2451.14,1866.9,4.1954
Marketplace,2025-02-01,2025-08-01,6,27,584.24,21.64,0,0.00,0.0,2451.14,1866.9,4.1954
Marketplace,2025-02-01,2025-09-01,7,27,584.24,21.64,0,0.00,0.0,2451.14,1866.9,4.1954
Marketplace,2025-02-01,2025-10-01,8,27,584.24,21.64,1,122.76,62.32,2513.46,1929.22,4.3021
Marketplace,2025-02-01,2025-11-01,9,27,584.24,21.64,0,0.00,0.0,2513.46,1929.22,4.3021
Marketplace,2025-02-01,2025-12-01,10,27,584.24,21.64,0,0.00,0.0,2513.46,1929.22,4.3021
Marketplace,2025-02-01,2026-01-01,11,27,584.24,21.64,0,0.00,0.0,2513.46,1929.22,4.3021
Marketplace,2025-02-01,2026-02-01,12,27,584.24,21.64,0,0.00,0.0,2513.46,1929.22,4.3021
Marketplace,2025-02-01,2026-03-01,13,27,584.24,21.64,0,0.00,0.0,2513.46,1929.22,4.3021
Marketplace,2025-02-01,2026-04-01,14,27,584.24,21.64,0,0.00,0.0,2513.46,1929.22,4.3021
Marketplace,2025-02-01,2026-05-01,15,27,584.24,21.64,0,0.00,0.0,2513.46,1929.22,4.3021
Marketplace,2025-02-01,2026-06-01,16,27,584.24,21.64,0,0.00,0.0,2513.46,1929.22,4.3021
Marketplace,2025-09-01,2025-09-01,0,51,1120.10,21.96,43,11494.42,3270.79,3270.79,2150.69,2.9201
Marketplace,2025-09-01,2025-10-01,1,51,1120.10,21.96,12,3666.05,801.19,4071.98,2951.88,3.6354
Marketplace,2025-09-01,2025-11-01,2,51,1120.10,21.96,3,789.78,318.9,4390.88,3270.78,3.9201
Marketplace,2025-09-01,2025-12-01,3,51,1120.10,21.96,4,2378.46,320.54,4711.42,3591.32,4.2062
Marketplace,2025-09-01,2026-01-01,4,51,1120.10,21.96,2,469.34,135.35,4846.77,3726.67,4.3271
Marketplace,2025-09-01,2026-02-01,5,51,1120.10,21.96,1,337.55,80.04,4926.81,3806.71,4.3985
Marketplace,2025-09-01,2026-03-01,6,51,1120.10,21.96,0,0.00,0.0,4926.81,3806.71,4.3985
Marketplace,2025-09-01,2026-04-01,7,51,1120.10,21.96,0,0.00,0.0,4926.81,3806.71,4.3985
Marketplace,2025-09-01,2026-05-01,8,51,1120.10,21.96,2,783.01,126.01,5052.82,3932.72,4.511
Marketplace,2025-09-01,2026-06-01,9,51,1120.10,21.96,0,0.00,0.0,5052.82,3932.72,4.511
Marketplace,2025-12-01,2025-12-01,0,74,1699.08,22.96,69,17313.42,4411.4,4411.4,2712.32,2.5963
Marketplace,2025-12-01,2026-01-01,1,74,1699.08,22.96,12,2750.21,745.31,5156.71,3457.63,3.035
Marketplace,2025-12-01,2026-02-01,2,74,1699.08,22.96,3,349.13,89.11,5245.82,3546.74,3.0874
Marketplace,2025-12-01,2026-03-01,3,74,1699.08,22.96,4,1442.49,554.36,5800.18,4101.1,3.4137
Marketplace,2025-12-01,2026-04-01,4,74,1699.08,22.96,2,598.94,110.91,5911.09,4212.01,3.479
Marketplace,2025-12-01,2026-05-01,5,74,1699.08,22.96,1,252.91,115.65,6026.74,4327.66,3.5471
Marketplace,2025-12-01,2026-06-01,6,74,1699.08,22.96,1,34.78,19.54,6046.28,4347.2,3.5586
Marketplace,2026-02-01,2026-02-01,0,29,669.76,23.1,29,7909.98,1850.13,1850.13,1180.37,2.7624
Marketplace,2026-02-01,2026-03-01,1,29,669.76,23.1,2,404.24,172.66,2022.79,1353.03,3.0202
Marketplace,2026-02-01,2026-04-01,2,29,669.76,23.1,2,219.99,37.6,2060.39,1390.63,3.0763
Marketplace,2026-02-01,2026-05-01,3,29,669.76,23.1,2,523.64,151.22,2211.61,1541.85,3.3021
Marketplace,2026-02-01,2026-06-01,4,29,669.76,23.1,1,598.34,90.57,2302.18,1632.42,3.4373
Paid Search,2024-01-01,2024-01-01,0,44,1450.06,32.96,43,13600.94,3290.62,3290.62,1840.56,2.2693
Paid Search,2024-01-01,2024-02-01,1,44,1450.06,32.96,4,1747.55,591.16,3881.78,2431.72,2.677
Paid Search,2024-01-01,2024-03-01,2,44,1450.06,32.96,9,2745.61,848.31,4730.09,3280.03,3.262
Paid Search,2024-01-01,2024-04-01,3,44,1450.06,32.96,5,1310.72,407.99,5138.08,3688.02,3.5434
Paid Search,2024-01-01,2024-05-01,4,44,1450.06,32.96,5,1603.16,508.63,5646.71,4196.65,3.8941
Paid Search,2024-01-01,2024-06-01,5,44,1450.06,32.96,1,688.99,217.79,5864.5,4414.44,4.0443
Paid Search,2024-01-01,2024-07-01,6,44,1450.06,32.96,0,0.00,0.0,5864.5,4414.44,4.0443
Paid Search,2024-01-01,2024-08-01,7,44,1450.06,32.96,3,871.20,284.71,6149.21,4699.15,4.2407
Paid Search,2024-01-01,2024-09-01,8,44,1450.06,32.96,3,767.99,-181.27,5967.94,4517.88,4.1157
Paid Search,2024-01-01,2024-10-01,9,44,1450.06,32.96,2,954.25,154.59,6122.53,4672.47,4.2223
Paid Search,2024-01-01,2024-11-01,10,44,1450.06,32.96,2,329.42,59.84,6182.37,4732.31,4.2635
Paid Search,2024-01-01,2024-12-01,11,44,1450.06,32.96,1,76.21,20.5,6202.87,4752.81,4.2777
Paid Search,2024-01-01,2025-01-01,12,44,1450.06,32.96,0,0.00,0.0,6202.87,4752.81,4.2777
Paid Search,2024-01-01,2025-02-01,13,44,1450.06,32.96,0,0.00,0.0,6202.87,4752.81,4.2777
Paid Search,2024-01-01,2025-03-01,14,44,1450.06,32.96,0,0.00,0.0,6202.87,4752.81,4.2777
Paid Search,2024-01-01,2025-04-01,15,44,1450.06,32.96,0,0.00,0.0,6202.87,4752.81,4.2777
Paid Search,2024-01-01,2025-05-01,16,44,1450.06,32.96,0,0.00,0.0,6202.87,4752.81,4.2777
Paid Search,2024-01-01,2025-06-01,17,44,1450.06,32.96,0,0.00,0.0,6202.87,4752.81,4.2777
Paid Search,2024-01-01,2025-07-01,18,44,1450.06,32.96,0,0.00,0.0,6202.87,4752.81,4.2777
Paid Search,2024-01-01,2025-08-01,19,44,1450.06,32.96,0,0.00,0.0,6202.87,4752.81,4.2777
Paid Search,2024-01-01,2025-09-01,20,44,1450.06,32.96,0,0.00,0.0,6202.87,4752.81,4.2777
Paid Search,2024-01-01,2025-10-01,21,44,1450.06,32.96,0,0.00,0.0,6202.87,4752.81,4.2777
Paid Search,2024-01-01,2025-11-01,22,44,1450.06,32.96,0,0.00,0.0,6202.87,4752.81,4.2777
Paid Search,2024-01-01,2025-12-01,23,44,1450.06,32.96,0,0.00,0.0,6202.87,4752.81,4.2777
Paid Search,2024-01-01,2026-01-01,24,44,1450.06,32.96,0,0.00,0.0,6202.87,4752.81,4.2777
Paid Search,2024-01-01,2026-02-01,25,44,1450.06,32.96,0,0.00,0.0,6202.87,4752.81,4.2777
Paid Search,2024-01-01,2026-03-01,26,44,1450.06,32.96,0,0.00,0.0,6202.87,4752.81,4.2777
Paid Search,2024-01-01,2026-04-01,27,44,1450.06,32.96,0,0.00,0.0,6202.87,4752.81,4.2777
Paid Search,2024-01-01,2026-05-01,28,44,1450.06,32.96,0,0.00,0.0,6202.87,4752.81,4.2777
Paid Search,2024-01-01,2026-06-01,29,44,1450.06,32.96,0,0.00,0.0,6202.87,4752.81,4.2777
Paid Search,2024-02-01,2024-02-01,0,35,1281.24,36.61,35,11473.34,2659.76,2659.76,1378.52,2.0759
Paid Search,2024-02-01,2024-03-01,1,35,1281.24,36.61,2,427.70,143.37,2803.13,1521.89,2.1878
Paid Search,2024-02-01,2024-04-01,2,35,1281.24,36.61,9,2300.35,560.02,3363.15,2081.91,2.6249
Paid Search,2024-02-01,2024-05-01,3,35,1281.24,36.61,2,261.68,43.86,3407.01,2125.77,2.6592
Paid Search,2024-02-01,2024-06-01,4,35,1281.24,36.61,5,2064.27,543.07,3950.08,2668.84,3.083
Paid Search,2024-02-01,2024-07-01,5,35,1281.24,36.61,2,611.60,97.83,4047.91,2766.67,3.1594
Paid Search,2024-02-01,2024-08-01,6,35,1281.24,36.61,2,1503.99,201.16,4249.07,2967.83,3.3164
Paid Search,2024-02-01,2024-09-01,7,35,1281.24,36.61,1,354.58,128.94,4378.01,3096.77,3.417
Paid Search,2024-02-01,2024-10-01,8,35,1281.24,36.61,1,309.35,-14.87,4363.14,3081.9,3.4054
Paid Search,2024-02-01,2024-11-01,9,35,1281.24,36.61,0,0.00,0.0,4363.14,3081.9,3.4054
Paid Search,2024-02-01,2024-12-01,10,35,1281.24,36.61,1,274.94,-53.45,4309.69,3028.45,3.3637
Paid Search,2024-02-01,2025-01-01,11,35,1281.24,36.61,0,0.00,0.0,4309.69,3028.45,3.3637
Paid Search,2024-02-01,2025-02-01,12,35,1281.24,36.61,0,0.00,0.0,4309.69,3028.45,3.3637
Paid Search,2024-02-01,2025-03-01,13,35,1281.24,36.61,0,0.00,0.0,4309.69,3028.45,3.3637
Paid Search,2024-02-01,2025-04-01,14,35,1281.24,36.61,0,0.00,0.0,4309.69,3028.45,3.3637
Paid Search,2024-02-01,2025-05-01,15,35,1281.24,36.61,1,185.70,55.53,4365.22,3083.98,3.407
Paid Search,2024-02-01,2025-06-01,16,35,1281.24,36.61,1,164.08,52.78,4418.0,3136.76,3.4482
Paid Search,2024-02-01,2025-07-01,17,35,1281.24,36.61,0,0.00,0.0,4418.0,3136.76,3.4482
Paid Search,2024-02-01,2025-08-01,18,35,1281.24,36.61,1,556.57,45.24,4463.24,3182.0,3.4835
Paid Search,2024-02-01,2025-09-01,19,35,1281.24,36.61,0,0.00,0.0,4463.24,3182.0,3.4835
Paid Search,2024-02-01,2025-10-01,20,35,1281.24,36.61,1,1333.40,206.03,4669.27,3388.03,3.6443
Paid Search,2024-02-01,2025-11-01,21,35,1281.24,36.61,0,0.00,0.0,4669.27,3388.03,3.6443
Paid Search,2024-02-01,2025-12-01,22,35,1281.24,36.61,1,864.42,178.83,4848.1,3566.86,3.7839
Paid Search,2024-02-01,2026-01-01,23,35,1281.24,36.61,0,0.00,0.0,4848.1,3566.86,3.7839
Paid Search,2024-02-01,2026-02-01,24,35,1281.24,36.61,0,0.00,0.0,4848.1,3566.86,3.7839
Paid Search,2024-02-01,2026-03-01,25,35,1281.24,36.61,0,0.00,0.0,4848.1,3566.86,3.7839
Paid Search,2024-02-01,2026-04-01,26,35,1281.24,36.61,0,0.00,0.0,4848.1,3566.86,3.7839
Paid Search,2024-02-01,2026-05-01,27,35,1281.24,36.61,0,0.00,0.0,4848.1,3566.86,3.7839
Paid Search,2024-02-01,2026-06-01,28,35,1281.24,36.61,0,0.00,0.0,4848.1,3566.86,3.7839
Paid Search,2024-07-01,2024-07-01,0,58,2075.90,35.79,53,17231.49,4144.3,4144.3,2068.4,1.9964
Paid Search,2024-07-01,2024-08-01,1,58,2075.90,35.79,11,3222.58,794.8,4939.1,2863.2,2.3793
Paid Search,2024-07-01,2024-09-01,2,58,2075.90,35.79,14,3925.90,703.67,5642.77,3566.87,2.7182
Paid Search,2024-07-01,2024-10-01,3,58,2075.90,35.79,7,3671.12,77.72,5720.49,3644.59,2.7557
Paid Search,2024-07-01,2024-11-01,4,58,2075.90,35.79,9,1849.99,135.24,5855.73,3779.83,2.8208
Paid Search,2024-07-01,2024-12-01,5,58,2075.90,35.79,5,1468.44,227.12,6082.85,4006.95,2.9302
Paid Search,2024-07-01,2025-01-01,6,58,2075.90,35.79,5,1243.38,323.97,6406.82,4330.92,3.0863
Paid Search,2024-07-01,2025-02-01,7,58,2075.90,35.79,4,1579.31,153.68,6560.5,4484.6,3.1603
Paid Search,2024-07-01,2025-03-01,8,58,2075.90,35.79,6,2802.67,502.2,7062.7,4986.8,3.4022
Paid Search,2024-07-01,2025-04-01,9,58,2075.90,35.79,5,1288.85,644.15,7706.85,5630.95,3.7125
Paid Search,2024-07-01,2025-05-01,10,58,2075.90,35.79,0,0.00,0.0,7706.85,5630.95,3.7125
Paid Search,2024-07-01,2025-06-01,11,58,2075.90,35.79,0,0.00,0.0,7706.85,5630.95,3.7125
Paid Search,2024-07-01,2025-07-01,12,58,2075.90,35.79,3,1304.54,352.42,8059.27,5983.37,3.8823
Paid Search,2024-07-01,2025-08-01,13,58,2075.90,35.79,1,352.66,137.29,8196.56,6120.66,3.9484
Paid Search,2024-07-01,2025-09-01,14,58,2075.90,35.79,1,172.61,61.31,8257.87,6181.97,3.978
Paid Search,2024-07-01,2025-10-01,15,58,2075.90,35.79,1,322.82,118.88,8376.75,6300.85,4.0352
Paid Search,2024-07-01,2025-11-01,16,58,2075.90,35.79,1,371.30,20.36,8397.11,6321.21,4.045
Paid Search,2024-07-01,2025-12-01,17,58,2075.90,35.79,0,0.00,0.0,8397.11,6321.21,4.045
Paid Search,2024-07-01,2026-01-01,18,58,2075.90,35.79,0,0.00,0.0,8397.11,6321.21,4.045
Paid Search,2024-07-01,2026-02-01,19,58,2075.90,35.79,0,0.00,0.0,8397.11,6321.21,4.045
Paid Search,2024-07-01,2026-03-01,20,58,2075.90,35.79,0,0.00,0.0,8397.11,6321.21,4.045
Paid Search,2024-07-01,2026-04-01,21,58,2075.90,35.79,0,0.00,0.0,8397.11,6321.21,4.045
Paid Search,2024-07-01,2026-05-01,22,58,2075.90,35.79,0,0.00,0.0,8397.11,6321.21,4.045
Paid Search,2024-07-01,2026-06-01,23,58,2075.90,35.79,0,0.00,0.0,8397.11,6321.21,4.045
Paid Search,2024-12-01,2024-12-01,0,91,3173.00,34.87,84,26828.86,5760.41,5760.41,2587.41,1.8154
Paid Search,2024-12-01,2025-01-01,1,91,3173.00,34.87,24,6616.05,1251.44,7011.85,3838.85,2.2098
Paid Search,2024-12-01,2025-02-01,2,91,3173.00,34.87,20,6327.88,1945.7,8957.55,5784.55,2.8231
Paid Search,2024-12-01,2025-03-01,3,91,3173.00,34.87,12,3369.39,710.59,9668.14,6495.14,3.047
Paid Search,2024-12-01,2025-04-01,4,91,3173.00,34.87,9,2341.69,916.72,10584.86,7411.86,3.3359
Paid Search,2024-12-01,2025-05-01,5,91,3173.00,34.87,9,2318.93,693.16,11278.02,8105.02,3.5544
Paid Search,2024-12-01,2025-06-01,6,91,3173.00,34.87,1,333.29,10.54,11288.56,8115.56,3.5577
Paid Search,2024-12-01,2025-07-01,7,91,3173.00,34.87,5,907.25,77.21,11365.77,8192.77,3.582
Paid Search,2024-12-01,2025-08-01,8,91,3173.00,34.87,0,0.00,0.0,11365.77,8192.77,3.582
Paid Search,2024-12-01,2025-09-01,9,91,3173.00,34.87,1,49.48,15.23,11381.0,8208.0,3.5868
Paid Search,2024-12-01,2025-10-01,10,91,3173.00,34.87,0,0.00,0.0,11381.0,8208.0,3.5868
Paid Search,2024-12-01,2025-11-01,11,91,3173.00,34.87,1,229.41,101.46,11482.46,8309.46,3.6188
Paid Search,2024-12-01,2025-12-01,12,91,3173.00,34.87,0,0.00,0.0,11482.46,8309.46,3.6188
Paid Search,2024-12-01,2026-01-01,13,91,3173.00,34.87,0,0.00,0.0,11482.46,8309.46,3.6188
Paid Search,2024-12-01,2026-02-01,14,91,3173.00,34.87,0,0.00,0.0,11482.46,8309.46,3.6188
Paid Search,2024-12-01,2026-03-01,15,91,3173.00,34.87,0,0.00,0.0,11482.46,8309.46,3.6188
Paid Search,2024-12-01,2026-04-01,16,91,3173.00,34.87,0,0.00,0.0,11482.46,8309.46,3.6188
Paid Search,2024-12-01,2026-05-01,17,91,3173.00,34.87,0,0.00,0.0,11482.46,8309.46,3.6188
Paid Search,2024-12-01,2026-06-01,18,91,3173.00,34.87,0,0.00,0.0,11482.46,8309.46,3.6188
Paid Search,2025-02-01,2025-02-01,0,49,1583.68,32.32,42,13821.76,3413.98,3413.98,1830.3,2.1557
Paid Search,2025-02-01,2025-03-01,1,49,1583.68,32.32,13,5019.09,1219.68,4633.66,3049.98,2.9259
Paid Search,2025-02-01,2025-04-01,2,49,1583.68,32.32,8,2187.22,609.95,5243.61,3659.93,3.311
Paid Search,2025-02-01,2025-05-01,3,49,1583.68,32.32,5,1248.89,26.9,5270.51,3686.83,3.328
Paid Search,2025-02-01,2025-06-01,4,49,1583.68,32.32,6,1584.96,269.84,5540.35,3956.67,3.4984
Paid Search,2025-02-01,2025-07-01,5,49,1583.68,32.32,3,1379.87,284.12,5824.47,4240.79,3.6778
Paid Search,2025-02-01,2025-08-01,6,49,1583.68,32.32,2,1042.72,190.9,6015.37,4431.69,3.7983
Paid Search,2025-02-01,2025-09-01,7,49,1583.68,32.32,2,536.99,259.18,6274.55,4690.87,3.962
Paid Search,2025-02-01,2025-10-01,8,49,1583.68,32.32,0,0.00,0.0,6274.55,4690.87,3.962
Paid Search,2025-02-01,2025-11-01,9,49,1583.68,32.32,3,524.47,190.33,6464.88,4881.2,4.0822
Paid Search,2025-02-01,2025-12-01,10,49,1583.68,32.32,0,0.00,0.0,6464.88,4881.2,4.0822
Paid Search,2025-02-01,2026-01-01,11,49,1583.68,32.32,0,0.00,0.0,6464.88,4881.2,4.0822
Paid Search,2025-02-01,2026-02-01,12,49,1583.68,32.32,0,0.00,0.0,6464.88,4881.2,4.0822
Paid Search,2025-02-01,2026-03-01,13,49,1583.68,32.32,1,43.39,24.47,6489.35,4905.67,4.0976
Paid Search,2025-02-01,2026-04-01,14,49,1583.68,32.32,0,0.00,0.0,6489.35,4905.67,4.0976
Paid Search,2025-02-01,2026-05-01,15,49,1583.68,32.32,0,0.00,0.0,6489.35,4905.67,4.0976
Paid Search,2025-02-01,2026-06-01,16,49,1583.68,32.32,0,0.00,0.0,6489.35,4905.67,4.0976
Paid Search,2025-09-01,2025-09-01,0,74,2493.18,33.69,68,19497.81,4042.8,4042.8,1549.62,1.6215
Paid Search,2025-09-01,2025-10-01,1,74,2493.18,33.69,11,3746.15,1024.94,5067.74,2574.56,2.0326
Paid Search,2025-09-01,2025-11-01,2,74,2493.18,33.69,17,5041.74,718.19,5785.93,3292.75,2.3207
Paid Search,2025-09-01,2025-12-01,3,74,2493.18,33.69,8,1704.03,534.42,6320.35,3827.17,2.5351
Paid Search,2025-09-01,2026-01-01,4,74,2493.18,33.69,5,1805.63,121.81,6442.16,3948.98,2.5839
Paid Search,2025-09-01,2026-02-01,5,74,2493.18,33.69,7,1603.30,532.63,6974.79,4481.61,2.7975
Paid Search,2025-09-01,2026-03-01,6,74,2493.18,33.69,5,1620.55,240.43,7215.22,4722.04,2.894
Paid Search,2025-09-01,2026-04-01,7,74,2493.18,33.69,6,3425.96,285.47,7500.69,5007.51,3.0085
Paid Search,2025-09-01,2026-05-01,8,74,2493.18,33.69,3,747.42,22.57,7523.26,5030.08,3.0175
Paid Search,2025-09-01,2026-06-01,9,74,2493.18,33.69,3,301.65,110.69,7633.95,5140.77,3.0619
Paid Search,2025-12-01,2025-12-01,0,99,3415.56,34.5,96,28241.31,5869.57,5869.57,2454.01,1.7185
Paid Search,2025-12-01,2026-01-01,1,99,3415.56,34.5,21,5940.48,1207.36,7076.93,3661.37,2.072
Paid Search,2025-12-01,2026-02-01,2,99,3415.56,34.5,15,3844.99,610.35,7687.28,4271.72,2.2507
Paid Search,2025-12-01,2026-03-01,3,99,3415.56,34.5,10,3227.93,606.81,8294.09,4878.53,2.4283
Paid Search,2025-12-01,2026-04-01,4,99,3415.56,34.5,7,2169.18,705.11,8999.2,5583.64,2.6348
Paid Search,2025-12-01,2026-05-01,5,99,3415.56,34.5,5,923.84,254.86,9254.06,5838.5,2.7094
Paid Search,2025-12-01,2026-06-01,6,99,3415.56,34.5,6,1021.16,263.27,9517.33,6101.77,2.7865
Paid Search,2026-02-01,2026-02-01,0,58,2026.72,34.94,56,13665.77,3446.64,3446.64,1419.92,1.7006
Paid Search,2026-02-01,2026-03-01,1,58,2026.72,34.94,11,3067.68,338.14,3784.78,1758.06,1.8674
Paid Search,2026-02-01,2026-04-01,2,58,2026.72,34.94,9,1859.80,442.16,4226.94,2200.22,2.0856
Paid Search,2026-02-01,2026-05-01,3,58,2026.72,34.94,10,2515.91,718.94,4945.88,2919.16,2.4403
Paid Search,2026-02-01,2026-06-01,4,58,2026.72,34.94,9,4823.38,754.79,5700.67,3673.95,2.8128
Paid Social,2024-06-01,2024-06-01,0,56,1536.30,27.43,53,10255.51,2592.45,2592.45,1056.15,1.6875
Paid Social,2024-06-01,2024-07-01,1,56,1536.30,27.43,6,1536.22,176.96,2769.41,1233.11,1.8026
Paid Social,2024-06-01,2024-08-01,2,56,1536.30,27.43,3,298.61,166.58,2935.99,1399.69,1.9111
Paid Social,2024-06-01,2024-09-01,3,56,1536.30,27.43,1,565.79,62.26,2998.25,1461.95,1.9516
Paid Social,2024-06-01,2024-10-01,4,56,1536.30,27.43,2,833.44,19.7,3017.95,1481.65,1.9644
Paid Social,2024-06-01,2024-11-01,5,56,1536.30,27.43,0,0.00,0.0,3017.95,1481.65,1.9644
Paid Social,2024-06-01,2024-12-01,6,56,1536.30,27.43,0,0.00,0.0,3017.95,1481.65,1.9644
Paid Social,2024-06-01,2025-01-01,7,56,1536.30,27.43,2,376.67,61.76,3079.71,1543.41,2.0046
Paid Social,2024-06-01,2025-02-01,8,56,1536.30,27.43,0,0.00,0.0,3079.71,1543.41,2.0046
Paid Social,2024-06-01,2025-03-01,9,56,1536.30,27.43,1,705.18,273.45,3353.16,1816.86,2.1826
Paid Social,2024-06-01,2025-04-01,10,56,1536.30,27.43,0,0.00,0.0,3353.16,1816.86,2.1826
Paid Social,2024-06-01,2025-05-01,11,56,1536.30,27.43,0,0.00,0.0,3353.16,1816.86,2.1826
Paid Social,2024-06-01,2025-06-01,12,56,1536.30,27.43,0,0.00,0.0,3353.16,1816.86,2.1826
Paid Social,2024-06-01,2025-07-01,13,56,1536.30,27.43,1,46.02,23.36,3376.52,1840.22,2.1978
Paid Social,2024-06-01,2025-08-01,14,56,1536.30,27.43,0,0.00,0.0,3376.52,1840.22,2.1978
Paid Social,2024-06-01,2025-09-01,15,56,1536.30,27.43,0,0.00,0.0,3376.52,1840.22,2.1978
Paid Social,2024-06-01,2025-10-01,16,56,1536.30,27.43,0,0.00,0.0,3376.52,1840.22,2.1978
Paid Social,2024-06-01,2025-11-01,17,56,1536.30,27.43,0,0.00,0.0,3376.52,1840.22,2.1978
Paid Social,2024-06-01,2025-12-01,18,56,1536.30,27.43,0,0.00,0.0,3376.52,1840.22,2.1978
Paid Social,2024-06-01,2026-01-01,19,56,1536.30,27.43,0,0.00,0.0,3376.52,1840.22,2.1978
Paid Social,2024-06-01,2026-02-01,20,56,1536.30,27.43,0,0.00,0.0,3376.52,1840.22,2.1978
Paid Social,2024-06-01,2026-03-01,21,56,1536.30,27.43,0,0.00,0.0,3376.52,1840.22,2.1978
Paid Social,2024-06-01,2026-04-01,22,56,1536.30,27.43,0,0.00,0.0,3376.52,1840.22,2.1978
Paid Social,2024-06-01,2026-05-01,23,56,1536.30,27.43,0,0.00,0.0,3376.52,1840.22,2.1978
Paid Social,2024-06-01,2026-06-01,24,56,1536.30,27.43,0,0.00,0.0,3376.52,1840.22,2.1978
Paid Social,2026-04-01,2026-04-01,0,118,4924.56,41.73,111,31261.50,6302.21,6302.21,1377.65,1.2798
Paid Social,2026-04-01,2026-05-01,1,118,4924.56,41.73,15,3947.12,1207.26,7509.47,2584.91,1.5249
Paid Social,2026-04-01,2026-06-01,2,118,4924.56,41.73,10,4712.12,153.81,7663.28,2738.72,1.5561
Marketplace,2024-05-01,2024-05-01,0,41,1018.12,24.83,37,10280.31,2674.9,2674.9,1656.78,2.6273
Marketplace,2024-05-01,2024-06-01,1,41,1018.12,24.83,6,679.55,94.11,2769.01,1750.89,2.7197
Marketplace,2024-05-01,2024-07-01,2,41,1018.12,24.83,3,957.69,310.05,3079.06,2060.94,3.0243
Marketplace,2024-05-01,2024-08-01,3,41,1018.12,24.83,2,670.96,323.17,3402.23,2384.11,3.3417
Marketplace,2024-05-01,2024-09-01,4,41,1018.12,24.83,0,0.00,0.0,3402.23,2384.11,3.3417
Marketplace,2024-05-01,2024-10-01,5,41,1018.12,24.83,0,0.00,0.0,3402.23,2384.11,3.3417
Marketplace,2024-05-01,2024-11-01,6,41,1018.12,24.83,0,0.00,0.0,3402.23,2384.11,3.3417
Marketplace,2024-05-01,2024-12-01,7,41,1018.12,24.83,0,0.00,0.0,3402.23,2384.11,3.3417
Marketplace,2024-05-01,2025-01-01,8,41,1018.12,24.83,0,0.00,0.0,3402.23,2384.11,3.3417
Marketplace,2024-05-01,2025-02-01,9,41,1018.12,24.83,0,0.00,0.0,3402.23,2384.11,3.3417
Marketplace,2024-05-01,2025-03-01,10,41,1018.12,24.83,1,375.26,122.68,3524.91,2506.79,3.4622
Marketplace,2024-05-01,2025-04-01,11,41,1018.12,24.83,0,0.00,0.0,3524.91,2506.79,3.4622
Marketplace,2024-05-01,2025-05-01,12,41,1018.12,24.83,0,0.00,0.0,3524.91,2506.79,3.4622
Marketplace,2024-05-01,2025-06-01,13,41,1018.12,24.83,0,0.00,0.0,3524.91,2506.79,3.4622
Marketplace,2024-05-01,2025-07-01,14,41,1018.12,24.83,0,0.00,0.0,3524.91,2506.79,3.4622
Marketplace,2024-05-01,2025-08-01,15,41,1018.12,24.83,0,0.00,0.0,3524.91,2506.79,3.4622
Marketplace,2024-05-01,2025-09-01,16,41,1018.12,24.83,0,0.00,0.0,3524.91,2506.79,3.4622
Marketplace,2024-05-01,2025-10-01,17,41,1018.12,24.83,0,0.00,0.0,3524.91,2506.79,3.4622
Marketplace,2024-05-01,2025-11-01,18,41,1018.12,24.83,0,0.00,0.0,3524.91,2506.79,3.4622
Marketplace,2024-05-01,2025-12-01,19,41,1018.12,24.83,0,0.00,0.0,3524.91,2506.79,3.4622
Marketplace,2024-05-01,2026-01-01,20,41,1018.12,24.83,0,0.00,0.0,3524.91,2506.79,3.4622
Marketplace,2024-05-01,2026-02-01,21,41,1018.12,24.83,0,0.00,0.0,3524.91,2506.79,3.4622
Marketplace,2024-05-01,2026-03-01,22,41,1018.12,24.83,0,0.00,0.0,3524.91,2506.79,3.4622
Marketplace,2024-05-01,2026-04-01,23,41,1018.12,24.83,0,0.00,0.0,3524.91,2506.79,3.4622
Marketplace,2024-05-01,2026-05-01,24,41,1018.12,24.83,0,0.00,0.0,3524.91,2506.79,3.4622
Marketplace,2024-05-01,2026-06-01,25,41,1018.12,24.83,0,0.00,0.0,3524.91,2506.79,3.4622
Marketplace,2025-01-01,2025-01-01,0,34,780.54,22.96,28,7145.37,1588.72,1588.72,808.18,2.0354
Marketplace,2025-01-01,2025-02-01,1,34,780.54,22.96,9,2735.45,820.98,2409.7,1629.16,3.0872
Marketplace,2025-01-01,2025-03-01,2,34,780.54,22.96,7,3257.02,1176.91,3586.61,2806.07,4.595
Marketplace,2025-01-01,2025-04-01,3,34,780.54,22.96,3,1007.60,266.28,3852.89,3072.35,4.9362
Marketplace,2025-01-01,2025-05-01,4,34,780.54,22.96,2,234.82,96.54,3949.43,3168.89,5.0599
Marketplace,2025-01-01,2025-06-01,5,34,780.54,22.96,1,194.81,4.05,3953.48,3172.94,5.0651
Marketplace,2025-01-01,2025-07-01,6,34,780.54,22.96,1,503.03,185.58,4139.06,3358.52,5.3028
Marketplace,2025-01-01,2025-08-01,7,34,780.54,22.96,3,836.12,373.15,4512.21,3731.67,5.7809
Marketplace,2025-01-01,2025-09-01,8,34,780.54,22.96,1,117.17,62.17,4574.38,3793.84,5.8605
Marketplace,2025-01-01,2025-10-01,9,34,780.54,22.96,0,0.00,0.0,4574.38,3793.84,5.8605
Marketplace,2025-01-01,2025-11-01,10,34,780.54,22.96,0,0.00,0.0,4574.38,3793.84,5.8605
Marketplace,2025-01-01,2025-12-01,11,34,780.54,22.96,0,0.00,0.0,4574.38,3793.84,5.8605
Marketplace,2025-01-01,2026-01-01,12,34,780.54,22.96,0,0.00,0.0,4574.38,3793.84,5.8605
Marketplace,2025-01-01,2026-02-01,13,34,780.54,22.96,0,0.00,0.0,4574.38,3793.84,5.8605
Marketplace,2025-01-01,2026-03-01,14,34,780.54,22.96,0,0.00,0.0,4574.38,3793.84,5.8605
Marketplace,2025-01-01,2026-04-01,15,34,780.54,22.96,0,0.00,0.0,4574.38,3793.84,5.8605
Marketplace,2025-01-01,2026-05-01,16,34,780.54,22.96,0,0.00,0.0,4574.38,3793.84,5.8605
Marketplace,2025-01-01,2026-06-01,17,34,780.54,22.96,0,0.00,0.0,4574.38,3793.84,5.8605
Marketplace,2025-04-01,2025-04-01,0,41,1017.42,24.82,38,11920.42,3806.57,3806.57,2789.15,3.7414
Marketplace,2025-04-01,2025-05-01,1,41,1017.42,24.82,6,1978.68,533.2,4339.77,3322.35,4.2655
Marketplace,2025-04-01,2025-06-01,2,41,1017.42,24.82,8,3423.58,660.74,5000.51,3983.09,4.9149
Marketplace,2025-04-01,2025-07-01,3,41,1017.42,24.82,2,156.65,73.98,5074.49,4057.07,4.9876
Marketplace,2025-04-01,2025-08-01,4,41,1017.42,24.82,3,500.29,80.23,5154.72,4137.3,5.0665
Marketplace,2025-04-01,2025-09-01,5,41,1017.42,24.82,1,87.12,46.68,5201.4,4183.98,5.1123
Marketplace,2025-04-01,2025-10-01,6,41,1017.42,24.82,1,300.12,-221.0,4980.4,3962.98,4.8951
Marketplace,2025-04-01,2025-11-01,7,41,1017.42,24.82,1,176.75,81.69,5062.09,4044.67,4.9754
Marketplace,2025-04-01,2025-12-01,8,41,1017.42,24.82,0,0.00,0.0,5062.09,4044.67,4.9754
Marketplace,2025-04-01,2026-01-01,9,41,1017.42,24.82,0,0.00,0.0,5062.09,4044.67,4.9754
Marketplace,2025-04-01,2026-02-01,10,41,1017.42,24.82,1,1041.35,142.21,5204.3,4186.88,5.1152
Marketplace,2025-04-01,2026-03-01,11,41,1017.42,24.82,0,0.00,0.0,5204.3,4186.88,5.1152
Marketplace,2025-04-01,2026-04-01,12,41,1017.42,24.82,0,0.00,0.0,5204.3,4186.88,5.1152
Marketplace,2025-04-01,2026-05-01,13,41,1017.42,24.82,0,0.00,0.0,5204.3,4186.88,5.1152
Marketplace,2025-04-01,2026-06-01,14,41,1017.42,24.82,0,0.00,0.0,5204.3,4186.88,5.1152
Organic Search,2024-11-01,2024-11-01,0,79,308.04,3.9,73,20646.01,4571.61,4571.61,4263.57,14.841
Organic Search,2024-11-01,2024-12-01,1,79,308.04,3.9,13,4465.62,996.36,5567.97,5259.93,18.0755
Organic Search,2024-11-01,2025-01-01,2,79,308.04,3.9,14,3543.54,1145.68,6713.65,6405.61,21.7947
Organic Search,2024-11-01,2025-02-01,3,79,308.04,3.9,12,5217.32,917.95,7631.6,7323.56,24.7747
Organic Search,2024-11-01,2025-03-01,4,79,308.04,3.9,6,1586.50,359.46,7991.06,7683.02,25.9416
Organic Search,2024-11-01,2025-04-01,5,79,308.04,3.9,7,2059.92,609.09,8600.15,8292.11,27.9189
Organic Search,2024-11-01,2025-05-01,6,79,308.04,3.9,4,1198.43,371.82,8971.97,8663.93,29.126
Organic Search,2024-11-01,2025-06-01,7,79,308.04,3.9,4,2198.17,532.45,9504.42,9196.38,30.8545
Organic Search,2024-11-01,2025-07-01,8,79,308.04,3.9,5,1056.43,136.61,9641.03,9332.99,31.298
Organic Search,2024-11-01,2025-08-01,9,79,308.04,3.9,3,484.68,262.08,9903.11,9595.07,32.1488
Organic Search,2024-11-01,2025-09-01,10,79,308.04,3.9,4,1057.17,349.0,10252.11,9944.07,33.2817
Organic Search,2024-11-01,2025-10-01,11,79,308.04,3.9,1,239.09,83.29,10335.4,10027.36,33.5521
Organic Search,2024-11-01,2025-11-01,12,79,308.04,3.9,2,145.22,17.34,10352.74,10044.7,33.6084
Organic Search,2024-11-01,2025-12-01,13,79,308.04,3.9,2,1365.39,215.98,10568.72,10260.68,34.3096
Organic Search,2024-11-01,2026-01-01,14,79,308.04,3.9,1,53.02,14.27,10582.99,10274.95,34.3559
Organic Search,2024-11-01,2026-02-01,15,79,308.04,3.9,0,0.00,0.0,10582.99,10274.95,34.3559
Organic Search,2024-11-01,2026-03-01,16,79,308.04,3.9,0,0.00,0.0,10582.99,10274.95,34.3559
Organic Search,2024-11-01,2026-04-01,17,79,308.04,3.9,0,0.00,0.0,10582.99,10274.95,34.3559
Organic Search,2024-11-01,2026-05-01,18,79,308.04,3.9,0,0.00,0.0,10582.99,10274.95,34.3559
Organic Search,2024-11-01,2026-06-01,19,79,308.04,3.9,0,0.00,0.0,10582.99,10274.95,34.3559
Organic Search,2026-03-01,2026-03-01,0,60,223.86,3.73,60,16258.96,4739.85,4739.85,4515.99,21.1733
Organic Search,2026-03-01,2026-04-01,1,60,223.86,3.73,8,2770.55,908.19,5648.04,5424.18,25.2302
Organic Search,2026-03-01,2026-05-01,2,60,223.86,3.73,13,3259.17,814.35,6462.39,6238.53,28.868
Organic Search,2026-03-01,2026-06-01,3,60,223.86,3.73,19,4664.47,1180.4,7642.79,7418.93,34.1409
Organic Search,2026-05-01,2026-05-01,0,73,283.14,3.88,68,24538.30,5772.39,5772.39,5489.25,20.3871
Organic Search,2026-05-01,2026-06-01,1,73,283.14,3.88,17,6378.57,1534.32,7306.71,7023.57,25.806
Paid Search,2024-05-01,2024-05-01,0,54,1995.11,36.95,51,14560.73,3373.24,3373.24,1378.13,1.6908
Paid Search,2024-05-01,2024-06-01,1,54,1995.11,36.95,11,3076.71,800.43,4173.67,2178.56,2.0919
Paid Search,2024-05-01,2024-07-01,2,54,1995.11,36.95,8,1922.21,633.69,4807.36,2812.25,2.4096
Paid Search,2024-05-01,2024-08-01,3,54,1995.11,36.95,13,4945.30,1731.69,6539.05,4543.94,3.2775
Paid Search,2024-05-01,2024-09-01,4,54,1995.11,36.95,7,1898.91,664.24,7203.29,5208.18,3.6105
Paid Search,2024-05-01,2024-10-01,5,54,1995.11,36.95,5,931.73,361.64,7564.93,5569.82,3.7917
Paid Search,2024-05-01,2024-11-01,6,54,1995.11,36.95,2,595.34,20.52,7585.45,5590.34,3.802
Paid Search,2024-05-01,2024-12-01,7,54,1995.11,36.95,3,880.17,234.83,7820.28,5825.17,3.9197
Paid Search,2024-05-01,2025-01-01,8,54,1995.11,36.95,2,391.56,174.26,7994.54,5999.43,4.0071
Paid Search,2024-05-01,2025-02-01,9,54,1995.11,36.95,2,1050.93,253.91,8248.45,6253.34,4.1343
Paid Search,2024-05-01,2025-03-01,10,54,1995.11,36.95,1,755.94,111.95,8360.4,6365.29,4.1904
Paid Search,2024-05-01,2025-04-01,11,54,1995.11,36.95,3,1211.29,151.25,8511.65,6516.54,4.2663
Paid Search,2024-05-01,2025-05-01,12,54,1995.11,36.95,1,653.69,190.59,8702.24,6707.13,4.3618
Paid Search,2024-05-01,2025-06-01,13,54,1995.11,36.95,1,72.80,-22.92,8679.32,6684.21,4.3503
Paid Search,2024-05-01,2025-07-01,14,54,1995.11,36.95,1,175.54,10.65,8689.97,6694.86,4.3556
Paid Search,2024-05-01,2025-08-01,15,54,1995.11,36.95,0,0.00,0.0,8689.97,6694.86,4.3556
Paid Search,2024-05-01,2025-09-01,16,54,1995.11,36.95,0,0.00,0.0,8689.97,6694.86,4.3556
Paid Search,2024-05-01,2025-10-01,17,54,1995.11,36.95,0,0.00,0.0,8689.97,6694.86,4.3556
Paid Search,2024-05-01,2025-11-01,18,54,1995.11,36.95,0,0.00,0.0,8689.97,6694.86,4.3556
Paid Search,2024-05-01,2025-12-01,19,54,1995.11,36.95,0,0.00,0.0,8689.97,6694.86,4.3556
Paid Search,2024-05-01,2026-01-01,20,54,1995.11,36.95,0,0.00,0.0,8689.97,6694.86,4.3556
Paid Search,2024-05-01,2026-02-01,21,54,1995.11,36.95,0,0.00,0.0,8689.97,6694.86,4.3556
Paid Search,2024-05-01,2026-03-01,22,54,1995.11,36.95,0,0.00,0.0,8689.97,6694.86,4.3556
Paid Search,2024-05-01,2026-04-01,23,54,1995.11,36.95,0,0.00,0.0,8689.97,6694.86,4.3556
Paid Search,2024-05-01,2026-05-01,24,54,1995.11,36.95,0,0.00,0.0,8689.97,6694.86,4.3556
Paid Search,2024-05-01,2026-06-01,25,54,1995.11,36.95,0,0.00,0.0,8689.97,6694.86,4.3556
Paid Search,2025-01-01,2025-01-01,0,54,1762.17,32.63,50,11680.80,2978.97,2978.97,1216.8,1.6905
Paid Search,2025-01-01,2025-02-01,1,54,1762.17,32.63,8,1699.32,549.05,3528.02,1765.85,2.0021
Paid Search,2025-01-01,2025-03-01,2,54,1762.17,32.63,10,1961.61,549.62,4077.64,2315.47,2.314
Paid Search,2025-01-01,2025-04-01,3,54,1762.17,32.63,7,1205.07,393.15,4470.79,2708.62,2.5371
Paid Search,2025-01-01,2025-05-01,4,54,1762.17,32.63,5,1483.67,324.72,4795.51,3033.34,2.7214
Paid Search,2025-01-01,2025-06-01,5,54,1762.17,32.63,4,815.98,253.68,5049.19,3287.02,2.8653
Paid Search,2025-01-01,2025-07-01,6,54,1762.17,32.63,2,277.44,-9.52,5039.67,3277.5,2.8599
Paid Search,2025-01-01,2025-08-01,7,54,1762.17,32.63,3,634.67,102.27,5141.94,3379.77,2.918
Paid Search,2025-01-01,2025-09-01,8,54,1762.17,32.63,0,0.00,0.0,5141.94,3379.77,2.918
Paid Search,2025-01-01,2025-10-01,9,54,1762.17,32.63,2,165.04,-63.01,5078.93,3316.76,2.8822
Paid Search,2025-01-01,2025-11-01,10,54,1762.17,32.63,1,274.01,78.08,5157.01,3394.84,2.9265
Paid Search,2025-01-01,2025-12-01,11,54,1762.17,32.63,1,61.46,40.88,5197.89,3435.72,2.9497
Paid Search,2025-01-01,2026-01-01,12,54,1762.17,32.63,1,37.80,0.63,5198.52,3436.35,2.9501
Paid Search,2025-01-01,2026-02-01,13,54,1762.17,32.63,0,0.00,0.0,5198.52,3436.35,2.9501
Paid Search,2025-01-01,2026-03-01,14,54,1762.17,32.63,0,0.00,0.0,5198.52,3436.35,2.9501
Paid Search,2025-01-01,2026-04-01,15,54,1762.17,32.63,1,59.57,36.05,5234.57,3472.4,2.9705
Paid Search,2025-01-01,2026-05-01,16,54,1762.17,32.63,1,387.09,-6.56,5228.01,3465.84,2.9668
Paid Search,2025-01-01,2026-06-01,17,54,1762.17,32.63,0,0.00,0.0,5228.01,3465.84,2.9668
Paid Search,2025-04-01,2025-04-01,0,59,1949.10,33.04,55,18454.77,4338.42,4338.42,2389.32,2.2259
Paid Search,2025-04-01,2025-05-01,1,59,1949.10,33.04,11,2987.37,900.37,5238.79,3289.69,2.6878
Paid Search,2025-04-01,2025-06-01,2,59,1949.10,33.04,9,2193.45,559.73,5798.52,3849.42,2.975
Paid Search,2025-04-01,2025-07-01,3,59,1949.10,33.04,7,2742.10,702.14,6500.66,4551.56,3.3352
Paid Search,2025-04-01,2025-08-01,4,59,1949.10,33.04,4,1619.37,471.65,6972.31,5023.21,3.5772
Paid Search,2025-04-01,2025-09-01,5,59,1949.10,33.04,1,1391.36,45.44,7017.75,5068.65,3.6005
Paid Search,2025-04-01,2025-10-01,6,59,1949.10,33.04,1,411.18,230.35,7248.1,5299.0,3.7187
Paid Search,2025-04-01,2025-11-01,7,59,1949.10,33.04,2,141.21,-19.51,7228.59,5279.49,3.7087
Paid Search,2025-04-01,2025-12-01,8,59,1949.10,33.04,0,0.00,0.0,7228.59,5279.49,3.7087
Paid Search,2025-04-01,2026-01-01,9,59,1949.10,33.04,2,388.25,38.64,7267.23,5318.13,3.7285
Paid Search,2025-04-01,2026-02-01,10,59,1949.10,33.04,1,246.30,85.04,7352.27,5403.17,3.7721
Paid Search,2025-04-01,2026-03-01,11,59,1949.10,33.04,0,0.00,0.0,7352.27,5403.17,3.7721
Paid Search,2025-04-01,2026-04-01,12,59,1949.10,33.04,0,0.00,0.0,7352.27,5403.17,3.7721
Paid Search,2025-04-01,2026-05-01,13,59,1949.10,33.04,0,0.00,0.0,7352.27,5403.17,3.7721
Paid Search,2025-04-01,2026-06-01,14,59,1949.10,33.04,0,0.00,0.0,7352.27,5403.17,3.7721
Paid Social,2024-04-01,2024-04-01,0,49,1412.40,28.82,44,13901.57,3215.09,3215.09,1802.69,2.2763
Paid Social,2024-04-01,2024-05-01,1,49,1412.40,28.82,8,1687.78,553.98,3769.07,2356.67,2.6686
Paid Social,2024-04-01,2024-06-01,2,49,1412.40,28.82,7,1176.56,443.61,4212.68,2800.28,2.9826
Paid Social,2024-04-01,2024-07-01,3,49,1412.40,28.82,3,675.35,153.84,4366.52,2954.12,3.0916
Paid Social,2024-04-01,2024-08-01,4,49,1412.40,28.82,1,85.72,27.67,4394.19,2981.79,3.1112
Paid Social,2024-04-01,2024-09-01,5,49,1412.40,28.82,1,59.07,31.1,4425.29,3012.89,3.1332
Paid Social,2024-04-01,2024-10-01,6,49,1412.40,28.82,0,0.00,0.0,4425.29,3012.89,3.1332
Paid Social,2024-04-01,2024-11-01,7,49,1412.40,28.82,0,0.00,0.0,4425.29,3012.89,3.1332
Paid Social,2024-04-01,2024-12-01,8,49,1412.40,28.82,0,0.00,0.0,4425.29,3012.89,3.1332
Paid Social,2024-04-01,2025-01-01,9,49,1412.40,28.82,0,0.00,0.0,4425.29,3012.89,3.1332
Paid Social,2024-04-01,2025-02-01,10,49,1412.40,28.82,0,0.00,0.0,4425.29,3012.89,3.1332
Paid Social,2024-04-01,2025-03-01,11,49,1412.40,28.82,0,0.00,0.0,4425.29,3012.89,3.1332
Paid Social,2024-04-01,2025-04-01,12,49,1412.40,28.82,0,0.00,0.0,4425.29,3012.89,3.1332
Paid Social,2024-04-01,2025-05-01,13,49,1412.40,28.82,0,0.00,0.0,4425.29,3012.89,3.1332
Paid Social,2024-04-01,2025-06-01,14,49,1412.40,28.82,0,0.00,0.0,4425.29,3012.89,3.1332
Paid Social,2024-04-01,2025-07-01,15,49,1412.40,28.82,0,0.00,0.0,4425.29,3012.89,3.1332
Paid Social,2024-04-01,2025-08-01,16,49,1412.40,28.82,0,0.00,0.0,4425.29,3012.89,3.1332
Paid Social,2024-04-01,2025-09-01,17,49,1412.40,28.82,0,0.00,0.0,4425.29,3012.89,3.1332
Paid Social,2024-04-01,2025-10-01,18,49,1412.40,28.82,0,0.00,0.0,4425.29,3012.89,3.1332
Paid Social,2024-04-01,2025-11-01,19,49,1412.40,28.82,0,0.00,0.0,4425.29,3012.89,3.1332
Paid Social,2024-04-01,2025-12-01,20,49,1412.40,28.82,0,0.00,0.0,4425.29,3012.89,3.1332
Paid Social,2024-04-01,2026-01-01,21,49,1412.40,28.82,0,0.00,0.0,4425.29,3012.89,3.1332
Paid Social,2024-04-01,2026-02-01,22,49,1412.40,28.82,0,0.00,0.0,4425.29,3012.89,3.1332
Paid Social,2024-04-01,2026-03-01,23,49,1412.40,28.82,0,0.00,0.0,4425.29,3012.89,3.1332
Paid Social,2024-04-01,2026-04-01,24,49,1412.40,28.82,0,0.00,0.0,4425.29,3012.89,3.1332
Paid Social,2024-04-01,2026-05-01,25,49,1412.40,28.82,0,0.00,0.0,4425.29,3012.89,3.1332
Paid Social,2024-04-01,2026-06-01,26,49,1412.40,28.82,0,0.00,0.0,4425.29,3012.89,3.1332
