return_id,order_item_id,order_id,customer_id,product_id,order_date,order_month,return_date,days_to_return,category,subcategory,brand,order_channel,fulfilment_centre,carrier,is_on_time,return_reason,is_restocked,disposition,quantity_returned,quantity_ordered,refund_amount,margin_lost
R000001,OI0000003,O0000002,C000001,P00070,2024-04-20,2024-04-01,2024-04-27,7,Footwear,Boots,Latitude 54,Web,FC-Central,Swiftline,true,Changed mind,true,Recovered,1,1,81.65,41.3
R000002,OI0000004,O0000002,C000001,P00069,2024-04-20,2024-04-01,2024-05-05,15,Footwear,Sandals,Brightpath,Web,FC-Central,Swiftline,true,Changed mind,true,Recovered,1,1,148.15,87.94
R000003,OI0000005,O0000002,C000001,P00069,2024-04-20,2024-04-01,2024-04-30,10,Footwear,Sandals,Brightpath,Web,FC-Central,Swiftline,true,Changed mind,true,Recovered,1,1,145.78,85.57
R000004,OI0000006,O0000002,C000001,P00026,2024-04-20,2024-04-01,2024-04-28,8,Apparel,Dresses,Corda,Web,FC-Central,Swiftline,true,Not as described,true,Recovered,1,1,33.75,16.05
R000005,OI0000012,O0000006,C000004,P00011,2024-01-03,2024-01-01,2024-01-13,10,Apparel,Outerwear,Northvale,Marketplace,FC-South,Metro Post,true,Damaged in transit,false,Written off,2,2,161.29,161.29
R000006,OI0000015,O0000008,C000004,P00031,2024-03-14,2024-03-01,2024-04-11,28,Apparel,Dresses,Brightpath,Marketplace,FC-South,Swiftline,true,Damaged in transit,false,Written off,1,1,81.25,81.25
R000007,OI0000026,O0000012,C000007,P00132,2024-01-03,2024-01-01,2024-01-14,11,Home & Kitchen,Cookware,Ellery & Co,Marketplace,FC-Central,Metro Post,true,Changed mind,true,Recovered,4,4,274.08,114.56
R000008,OI0000030,O0000015,C000010,P00189,2024-01-06,2024-01-01,2024-02-02,27,Sports & Outdoors,Camping,Brightpath,Web,FC-South,Regional Freight,true,Not as described,true,Recovered,1,1,180.08,65.35
R000009,OI0000033,O0000017,C000012,P00014,2024-01-04,2024-01-01,2024-02-01,28,Apparel,Dresses,Corda,Mobile App,FC-North,Swiftline,true,Wrong size,true,Recovered,1,1,87.12,49.84
R000010,OI0000046,O0000022,C000014,P00051,2024-01-07,2024-01-01,2024-02-06,30,Apparel,Denim,Corda,Web,FC-North,Metro Post,true,Changed mind,true,Recovered,1,1,35.34,17.8
R000011,OI0000071,O0000035,C000022,P00003,2024-04-18,2024-04-01,2024-05-15,27,Apparel,Outerwear,Northvale,Web,FC-Central,Metro Post,true,Changed mind,true,Recovered,1,1,32.59,18.9
R000012,OI0000083,O0000038,C000024,P00118,2024-01-04,2024-01-01,2024-02-05,32,Home & Kitchen,Tableware,Ellery & Co,Web,FC-South,Regional Freight,false,Wrong size,true,Recovered,1,1,26.40,11.23
R000013,OI0000086,O0000039,C000025,P00178,2024-01-05,2024-01-01,2024-01-29,24,Sports & Outdoors,Fitness,Corda,Web,FC-Central,Metro Post,false,Not as described,true,Recovered,2,2,453.32,236.78
R000014,OI0000091,O0000041,C000026,P00076,2024-01-06,2024-01-01,2024-01-29,23,Footwear,Trainers,Puresel,Web,FC-North,Metro Post,true,Damaged in transit,false,Written off,3,3,250.17,250.17
R000015,OI0000096,O0000042,C000027,P00040,2024-01-08,2024-01-01,2024-01-12,4,Apparel,Tops,Puresel,Mobile App,FC-South,Regional Freight,true,Damaged in transit,false,Written off,1,1,113.30,113.3
R000016,OI0000104,O0000045,C000029,P00032,2024-01-09,2024-01-01,2024-02-02,24,Apparel,Outerwear,Mokkan,Mobile App,FC-South,Metro Post,true,Not as described,true,Recovered,1,1,34.46,22.06
R000017,OI0000108,O0000048,C000029,P00060,2024-05-04,2024-05-01,2024-05-08,4,Footwear,Formal,Corda,Store,Store Pickup,,,Wrong size,true,Recovered,1,1,139.31,73.37
R000018,OI0000115,O0000050,C000030,P00015,2024-03-09,2024-03-01,2024-03-24,15,Apparel,Tops,Corda,Web,FC-North,Swiftline,true,Wrong size,true,Recovered,1,1,66.55,39.88
R000019,OI0000116,O0000050,C000030,P00073,2024-03-09,2024-03-01,2024-04-08,30,Footwear,Boots,Brightpath,Web,FC-North,Swiftline,true,Wrong size,true,Recovered,1,1,79.76,41.34
R000020,OI0000118,O0000051,C000030,P00056,2024-05-03,2024-05-01,2024-05-20,17,Footwear,Sandals,Puresel,Web,FC-North,Swiftline,true,Not as described,true,Recovered,1,1,105.15,60.28
R000021,OI0000120,O0000053,C000031,P00175,2024-02-21,2024-02-01,2024-02-28,7,Sports & Outdoors,Camping,Ellery & Co,Mobile App,FC-South,Swiftline,false,Wrong size,true,Recovered,1,1,195.32,67.09
R000022,OI0000122,O0000053,C000031,P00175,2024-02-21,2024-02-01,2024-03-09,17,Sports & Outdoors,Camping,Ellery & Co,Mobile App,FC-South,Swiftline,false,Changed mind,true,Recovered,1,1,241.41,113.18
R000023,OI0000132,O0000057,C000033,P00062,2024-05-08,2024-05-01,2024-05-14,6,Footwear,Formal,Latitude 54,Marketplace,FC-Central,Swiftline,true,Changed mind,true,Recovered,1,1,120.05,68.9
R000024,OI0000157,O0000068,C000042,P00121,2024-01-08,2024-01-01,2024-01-19,11,Home & Kitchen,Tableware,Mokkan,Web,FC-North,Swiftline,true,Not as described,true,Recovered,1,1,95.77,22.65
R000025,OI0000162,O0000070,C000044,P00029,2024-01-06,2024-01-01,2024-01-31,25,Apparel,Knitwear,Puresel,Marketplace,FC-Central,Swiftline,true,Wrong size,true,Recovered,1,2,116.07,69.8
R000026,OI0000170,O0000076,C000048,P00046,2024-01-10,2024-01-01,2024-02-04,25,Apparel,Dresses,Brightpath,Marketplace,FC-North,Swiftline,true,Wrong size,true,Recovered,1,1,117.17,66.09
R000027,OI0000177,O0000079,C000049,P00074,2024-06-23,2024-06-01,2024-07-16,23,Footwear,Trainers,Puresel,Web,FC-South,Metro Post,true,Changed mind,true,Recovered,1,1,86.78,38.99
R000028,OI0000178,O0000079,C000049,P00072,2024-06-23,2024-06-01,2024-07-02,9,Footwear,Sandals,Brightpath,Web,FC-South,Metro Post,true,Not as described,true,Recovered,1,1,42.15,18.57
R000029,OI0000181,O0000081,C000050,P00185,2024-01-08,2024-01-01,2024-02-11,34,Sports & Outdoors,Swim,Puresel,Marketplace,FC-South,Regional Freight,false,Arrived too late,true,Recovered,1,1,141.18,13.5
R000030,OI0000182,O0000082,C000051,P00054,2024-01-09,2024-01-01,2024-01-28,19,Footwear,Sandals,Mokkan,Web,FC-North,Metro Post,true,Wrong size,true,Recovered,1,1,59.52,30.01
R000031,OI0000188,O0000086,C000054,P00162,2024-03-09,2024-03-01,2024-04-07,29,Beauty,Haircare,Ellery & Co,Marketplace,FC-South,Regional Freight,true,Damaged in transit,false,Written off,1,1,63.36,63.36
R000032,OI0000203,O0000093,C000058,P00159,2024-01-12,2024-01-01,2024-02-07,26,Beauty,Skincare,Latitude 54,Mobile App,FC-South,Metro Post,true,Not as described,true,Recovered,1,1,17.19,10.6
R000033,OI0000211,O0000098,C000060,P00038,2024-01-09,2024-01-01,2024-01-24,15,Apparel,Dresses,Ellery & Co,Web,FC-North,Swiftline,true,Wrong size,true,Recovered,1,4,49.45,11.51
R000034,OI0000212,O0000099,C000061,P00032,2024-01-11,2024-01-01,2024-02-10,30,Apparel,Outerwear,Mokkan,Mobile App,FC-South,Regional Freight,false,Arrived too late,true,Recovered,1,1,30.36,17.96
R000035,OI0000213,O0000099,C000061,P00001,2024-01-11,2024-01-01,2024-02-12,32,Apparel,Dresses,Latitude 54,Mobile App,FC-South,Regional Freight,false,Wrong size,true,Recovered,1,1,38.97,24.82
R000036,OI0000215,O0000101,C000062,P00025,2024-05-05,2024-05-01,2024-05-11,6,Apparel,Outerwear,Corda,Web,FC-North,Swiftline,true,Changed mind,true,Recovered,1,1,107.28,58.38
R000037,OI0000223,O0000106,C000063,P00081,2024-09-08,2024-09-01,2024-10-02,24,Electronics,Wearables,Mokkan,Mobile App,FC-Central,Swiftline,true,Damaged in transit,false,Written off,1,1,425.20,425.2
R000038,OI0000229,O0000109,C000065,P00011,2024-01-13,2024-01-01,2024-02-06,24,Apparel,Outerwear,Northvale,Mobile App,FC-South,Swiftline,true,Changed mind,true,Recovered,1,1,133.12,81.92
R000039,OI0000235,O0000113,C000068,P00008,2024-01-13,2024-01-01,2024-01-28,15,Apparel,Tops,Brightpath,Mobile App,FC-North,Metro Post,true,Wrong size,true,Recovered,1,1,83.50,53.57
R000040,OI0000272,O0000132,C000080,P00084,2024-08-28,2024-08-01,2024-09-15,18,Electronics,Wearables,Corda,Web,FC-North,Swiftline,true,Damaged in transit,false,Written off,1,1,174.86,174.86
R000041,OI0000289,O0000138,C000081,P00006,2025-01-29,2025-01-01,2025-02-13,15,Apparel,Denim,Puresel,Web,FC-Central,Regional Freight,true,Faulty,false,Written off,1,1,31.44,31.44
R000042,OI0000293,O0000140,C000082,P00015,2024-01-14,2024-01-01,2024-01-23,9,Apparel,Tops,Corda,Marketplace,FC-South,Regional Freight,false,Not as described,true,Recovered,1,1,66.55,39.88
R000043,OI0000304,O0000144,C000083,P00025,2024-01-16,2024-01-01,2024-02-08,23,Apparel,Outerwear,Corda,Web,FC-Central,Metro Post,true,Wrong size,true,Recovered,4,4,296.16,100.56
R000044,OI0000313,O0000148,C000084,P00055,2024-03-26,2024-03-01,2024-04-20,25,Footwear,Trainers,Ellery & Co,Web,FC-Central,Swiftline,true,Changed mind,true,Recovered,1,1,40.68,21.54
R000045,OI0000323,O0000150,C000084,P00077,2024-08-23,2024-08-01,2024-09-08,16,Footwear,Boots,Ellery & Co,Web,FC-Central,Metro Post,true,Changed mind,true,Recovered,2,2,169.22,87.38
R000046,OI0000334,O0000157,C000088,P00098,2024-03-01,2024-03-01,2024-03-14,13,Electronics,Audio,Brightpath,Mobile App,FC-South,Swiftline,true,Damaged in transit,false,Written off,1,1,126.60,126.6
R000047,OI0000336,O0000158,C000089,P00057,2024-01-18,2024-01-01,2024-01-28,10,Footwear,Trainers,Puresel,Web,FC-South,Metro Post,true,Damaged in transit,false,Written off,2,2,59.35,59.35
R000048,OI0000353,O0000165,C000091,P00066,2024-12-22,2024-12-01,2025-01-20,29,Footwear,Sandals,Puresel,Web,FC-North,Metro Post,true,Changed mind,true,Recovered,1,1,111.95,63.02
R000049,OI0000361,O0000168,C000093,P00021,2024-01-19,2024-01-01,2024-01-28,9,Apparel,Denim,Northvale,Store,Store Pickup,,,Not as described,true,Recovered,1,1,52.72,31.56
R000050,OI0000365,O0000169,C000094,P00024,2024-01-17,2024-01-01,2024-01-31,14,Apparel,Outerwear,Brightpath,Web,FC-South,Regional Freight,true,Damaged in transit,false,Written off,1,1,30.72,30.72
R000051,OI0000367,O0000170,C000094,P00179,2024-03-26,2024-03-01,2024-04-23,28,Sports & Outdoors,Fitness,Mokkan,Web,FC-South,Regional Freight,true,Not as described,true,Recovered,1,1,40.92,10.19
R000052,OI0000376,O0000175,C000098,P00173,2024-01-19,2024-01-01,2024-02-05,17,Sports & Outdoors,Swim,Mokkan,Mobile App,FC-Central,Regional Freight,false,Faulty,false,Written off,1,1,77.82,77.82
R000053,OI0000378,O0000177,C000099,P00049,2024-02-23,2024-02-01,2024-03-19,25,Apparel,Tops,Brightpath,Web,FC-North,Metro Post,true,Changed mind,true,Recovered,1,1,45.89,26.99
R000054,OI0000379,O0000177,C000099,P00078,2024-02-23,2024-02-01,2024-03-25,31,Footwear,Sandals,Corda,Web,FC-North,Metro Post,true,Damaged in transit,false,Written off,1,1,128.93,128.93
R000055,OI0000382,O0000179,C000100,P00050,2024-01-20,2024-01-01,2024-02-04,15,Apparel,Knitwear,Brightpath,Mobile App,FC-Central,Regional Freight,true,Faulty,false,Written off,1,1,116.54,116.54
R000056,OI0000387,O0000182,C000101,P00039,2024-01-18,2024-01-01,2024-01-30,12,Apparel,Outerwear,Latitude 54,Web,FC-Central,Metro Post,true,Not as described,true,Recovered,1,1,24.52,13.14
R000057,OI0000390,O0000183,C000102,P00077,2024-01-20,2024-01-01,2024-01-22,2,Footwear,Boots,Ellery & Co,Store,Store Pickup,,,Wrong size,true,Recovered,1,1,83.31,42.39
R000058,OI0000402,O0000187,C000104,P00051,2024-02-05,2024-02-01,2024-02-27,22,Apparel,Denim,Corda,Web,FC-Central,Metro Post,true,Wrong size,true,Recovered,1,1,34.92,17.38
R000059,OI0000414,O0000193,C000109,P00012,2024-01-18,2024-01-01,2024-01-30,12,Apparel,Knitwear,Mokkan,Web,FC-Central,Regional Freight,true,Faulty,false,Written off,1,2,57.11,57.11
R000060,OI0000417,O0000194,C000109,P00067,2024-03-22,2024-03-01,2024-03-29,7,Footwear,Sandals,Corda,Web,FC-Central,Swiftline,true,Changed mind,true,Recovered,1,1,78.15,46.73
R000061,OI0000424,O0000196,C000111,P00034,2024-01-22,2024-01-01,2024-02-14,23,Apparel,Dresses,Latitude 54,Web,FC-South,Swiftline,false,Arrived too late,true,Recovered,1,1,22.16,0.54
R000062,OI0000442,O0000204,C000117,P00076,2024-01-22,2024-01-01,2024-02-23,32,Footwear,Trainers,Puresel,Mobile App,FC-North,Metro Post,false,Arrived too late,true,Recovered,1,1,83.39,49.11
R000063,OI0000443,O0000204,C000117,P00071,2024-01-22,2024-01-01,2024-02-26,35,Footwear,Boots,Puresel,Mobile App,FC-North,Metro Post,false,Changed mind,true,Recovered,1,1,122.76,66.8
R000064,OI0000445,O0000205,C000118,P00006,2024-01-20,2024-01-01,2024-02-21,32,Apparel,Denim,Puresel,Web,FC-North,Swiftline,true,Changed mind,true,Recovered,1,1,14.15,2.27
R000065,OI0000450,O0000206,C000119,P00179,2024-01-21,2024-01-01,2024-02-10,20,Sports & Outdoors,Fitness,Mokkan,Mobile App,FC-South,Swiftline,true,Changed mind,true,Recovered,1,1,49.48,18.75
R000066,OI0000458,O0000210,C000121,P00033,2024-07-10,2024-07-01,2024-07-16,6,Apparel,Denim,Northvale,Store,Store Pickup,,,Wrong size,true,Recovered,1,1,37.21,19.34
R000067,OI0000475,O0000217,C000125,P00140,2024-06-06,2024-06-01,2024-06-11,5,Home & Kitchen,Lighting,Brightpath,Mobile App,FC-North,Metro Post,true,Arrived too late,true,Recovered,1,1,50.12,20.5
R000068,OI0000477,O0000218,C000126,P00101,2024-01-20,2024-01-01,2024-01-25,5,Electronics,Small Appliances,Corda,Mobile App,FC-South,Swiftline,true,Changed mind,true,Recovered,1,1,112.24,14.67
R000069,OI0000483,O0000220,C000127,P00065,2024-02-10,2024-02-01,2024-03-11,30,Footwear,Sandals,Ellery & Co,Web,FC-South,Regional Freight,false,Faulty,false,Written off,1,1,94.68,94.68
R000070,OI0000502,O0000229,C000130,P00071,2024-04-19,2024-04-01,2024-04-26,7,Footwear,Boots,Puresel,Web,FC-North,Swiftline,true,Damaged in transit,false,Written off,1,1,122.76,122.76
R000071,OI0000504,O0000231,C000131,P00002,2024-01-24,2024-01-01,2024-02-06,13,Apparel,Knitwear,Brightpath,Store,Store Pickup,,,Wrong size,true,Recovered,1,1,57.35,18.49
R000072,OI0000513,O0000234,C000134,P00175,2024-01-24,2024-01-01,2024-02-18,25,Sports & Outdoors,Camping,Ellery & Co,Mobile App,FC-North,Metro Post,false,Changed mind,true,Recovered,1,1,240.18,111.95
R000073,OI0000521,O0000236,C000135,P00049,2024-03-15,2024-03-01,2024-04-07,23,Apparel,Tops,Brightpath,Marketplace,FC-North,Regional Freight,true,Wrong size,true,Recovered,1,1,45.89,26.99
R000074,OI0000526,O0000237,C000136,P00171,2024-01-22,2024-01-01,2024-02-06,15,Sports & Outdoors,Cycling,Ellery & Co,Mobile App,FC-North,Swiftline,true,Changed mind,true,Recovered,2,2,61.37,-22.87
R000075,OI0000539,O0000246,C000141,P00091,2024-03-13,2024-03-01,2024-03-28,15,Electronics,Small Appliances,Mokkan,Web,FC-South,Metro Post,true,Changed mind,true,Recovered,1,1,333.79,-17.63
R000076,OI0000547,O0000250,C000143,P00125,2024-01-26,2024-01-01,2024-02-19,24,Home & Kitchen,Lighting,Latitude 54,Mobile App,FC-South,Metro Post,true,Wrong size,true,Recovered,1,1,100.06,34.99
R000077,OI0000553,O0000252,C000145,P00136,2024-01-24,2024-01-01,2024-02-07,14,Home & Kitchen,Cookware,Latitude 54,Mobile App,FC-Central,Regional Freight,true,Changed mind,true,Recovered,1,1,21.21,3.0
R000078,OI0000574,O0000267,C000153,P00005,2024-05-27,2024-05-01,2024-06-06,10,Apparel,Knitwear,Ellery & Co,Web,FC-South,Regional Freight,false,Not as described,true,Recovered,1,1,51.99,30.11
R000079,OI0000583,O0000273,C000156,P00019,2024-05-23,2024-05-01,2024-06-08,16,Apparel,Tops,Brightpath,Mobile App,FC-North,Regional Freight,true,Not as described,true,Recovered,1,1,65.52,36.16
R000080,OI0000586,O0000275,C000157,P00132,2024-10-13,2024-10-01,2024-10-18,5,Home & Kitchen,Cookware,Ellery & Co,Web,FC-Central,Swiftline,true,Damaged in transit,false,Written off,1,1,52.23,52.23
R000081,OI0000587,O0000275,C000157,P00118,2024-10-13,2024-10-01,2024-10-25,12,Home & Kitchen,Tableware,Ellery & Co,Web,FC-Central,Swiftline,true,Wrong size,true,Recovered,1,1,26.40,11.23
R000082,OI0000588,O0000276,C000158,P00069,2024-01-25,2024-01-01,2024-02-14,20,Footwear,Sandals,Brightpath,Marketplace,FC-South,Swiftline,true,Changed mind,true,Recovered,1,1,148.15,87.94
R000083,OI0000593,O0000278,C000159,P00027,2024-04-16,2024-04-01,2024-05-03,17,Apparel,Outerwear,Mokkan,Mobile App,FC-South,Regional Freight,true,Wrong size,true,Recovered,1,1,31.13,17.81
R000084,OI0000594,O0000279,C000159,P00103,2024-05-24,2024-05-01,2024-06-10,17,Electronics,Small Appliances,Latitude 54,Web,FC-South,Regional Freight,true,Not as described,true,Recovered,1,1,86.14,-3.87
R000085,OI0000609,O0000286,C000163,P00120,2024-01-29,2024-01-01,2024-02-05,7,Home & Kitchen,Lighting,Northvale,Mobile App,FC-South,Regional Freight,true,Wrong size,true,Recovered,1,1,97.95,40.64
R000086,OI0000623,O0000293,C000166,P00011,2025-04-02,2025-04-01,2025-05-02,30,Apparel,Outerwear,Northvale,Web,FC-Central,Metro Post,false,Not as described,true,Recovered,2,2,266.24,163.84
R000087,OI0000647,O0000304,C000171,P00116,2025-02-15,2025-02-01,2025-03-15,28,Home & Kitchen,Bedding,Latitude 54,Web,FC-North,Metro Post,true,Changed mind,true,Recovered,1,1,38.00,12.17
R000088,OI0000655,O0000309,C000175,P00022,2024-01-29,2024-01-01,2024-03-01,32,Apparel,Knitwear,Northvale,Mobile App,FC-South,Metro Post,true,Changed mind,true,Recovered,1,1,28.95,14.26
R000089,OI0000663,O0000313,C000177,P00021,2024-03-03,2024-03-01,2024-03-27,24,Apparel,Denim,Northvale,Mobile App,FC-South,Regional Freight,true,Faulty,false,Written off,1,2,52.72,52.72
R000090,OI0000668,O0000316,C000177,P00017,2024-11-24,2024-11-01,2024-11-27,3,Apparel,Dresses,Corda,Store,Store Pickup,,,Wrong size,true,Recovered,1,1,27.43,15.56
R000091,OI0000669,O0000316,C000177,P00107,2024-11-24,2024-11-01,2024-12-06,12,Electronics,Wearables,Corda,Store,Store Pickup,,,Changed mind,true,Recovered,1,1,109.03,12.17
R000092,OI0000673,O0000318,C000179,P00116,2024-01-29,2024-01-01,2024-02-05,7,Home & Kitchen,Bedding,Latitude 54,Web,FC-South,Regional Freight,true,Wrong size,true,Recovered,1,1,25.82,-0.01
R000093,OI0000674,O0000318,C000179,P00062,2024-01-29,2024-01-01,2024-02-11,13,Footwear,Formal,Latitude 54,Web,FC-South,Regional Freight,true,Changed mind,true,Recovered,1,1,76.00,24.85
R000094,OI0000676,O0000319,C000180,P00190,2024-01-31,2024-01-01,2024-02-05,5,Sports & Outdoors,Cycling,Puresel,Web,FC-Central,Metro Post,true,Wrong size,true,Recovered,1,1,189.90,84.75
R000095,OI0000697,O0000326,C000184,P00012,2024-02-02,2024-02-01,2024-02-26,24,Apparel,Knitwear,Mokkan,Web,FC-Central,Metro Post,true,Wrong size,true,Recovered,1,3,71.30,31.11
R000096,OI0000707,O0000332,C000188,P00032,2024-03-24,2024-03-01,2024-04-10,17,Apparel,Outerwear,Mokkan,Store,Store Pickup,,,Damaged in transit,false,Written off,1,1,28.97,28.97
R000097,OI0000717,O0000336,C000190,P00024,2024-03-18,2024-03-01,2024-03-21,3,Apparel,Outerwear,Brightpath,Store,Store Pickup,,,Faulty,false,Written off,1,1,35.49,35.49
R000098,OI0000718,O0000336,C000190,P00173,2024-03-18,2024-03-01,2024-03-27,9,Sports & Outdoors,Swim,Mokkan,Store,Store Pickup,,,Wrong size,true,Recovered,1,1,77.82,36.14
R000099,OI0000722,O0000339,C000193,P00031,2024-01-30,2024-01-01,2024-02-23,24,Apparel,Dresses,Brightpath,Web,FC-South,Regional Freight,false,Arrived too late,true,Recovered,1,1,90.94,53.45
R000100,OI0000730,O0000343,C000195,P00114,2024-02-02,2024-02-01,2024-02-11,9,Home & Kitchen,Bedding,Puresel,Mobile App,FC-South,Regional Freight,false,Not as described,true,Recovered,1,1,103.97,35.42
R000101,OI0000732,O0000343,C000195,P00173,2024-02-02,2024-02-01,2024-03-08,35,Sports & Outdoors,Swim,Mokkan,Mobile App,FC-South,Regional Freight,false,Faulty,false,Written off,1,1,77.82,77.82
R000102,OI0000742,O0000348,C000198,P00056,2024-02-03,2024-02-01,2024-02-16,13,Footwear,Sandals,Puresel,Mobile App,FC-North,Metro Post,true,Changed mind,true,Recovered,1,1,105.15,60.28
R000103,OI0000745,O0000350,C000199,P00045,2024-05-24,2024-05-01,2024-06-16,23,Apparel,Knitwear,Puresel,Marketplace,FC-South,Swiftline,true,Wrong size,true,Recovered,1,1,70.92,41.49
R000104,OI0000748,O0000353,C000199,P00002,2024-11-09,2024-11-01,2024-12-08,29,Apparel,Knitwear,Brightpath,Marketplace,FC-South,Metro Post,false,Not as described,true,Recovered,2,2,114.84,37.12
R000105,OI0000752,O0000356,C000201,P00178,2024-02-22,2024-02-01,2024-03-03,10,Sports & Outdoors,Fitness,Corda,Web,FC-South,Regional Freight,true,Wrong size,true,Recovered,1,1,226.66,118.39
R000106,OI0000757,O0000358,C000203,P00024,2024-02-05,2024-02-01,2024-02-25,20,Apparel,Outerwear,Brightpath,Mobile App,FC-North,Swiftline,true,Damaged in transit,false,Written off,1,1,27.18,27.18
R000107,OI0000758,O0000358,C000203,P00029,2024-02-05,2024-02-01,2024-03-04,28,Apparel,Knitwear,Puresel,Mobile App,FC-North,Swiftline,true,Wrong size,true,Recovered,1,1,77.13,30.86
R000108,OI0000763,O0000361,C000205,P00003,2024-02-03,2024-02-01,2024-02-24,21,Apparel,Outerwear,Northvale,Web,FC-North,Swiftline,true,Not as described,true,Recovered,1,1,19.04,5.35
R000109,OI0000764,O0000361,C000205,P00054,2024-02-03,2024-02-01,2024-03-01,27,Footwear,Sandals,Mokkan,Web,FC-North,Swiftline,true,Wrong size,true,Recovered,1,1,29.53,0.02
R000110,OI0000767,O0000363,C000205,P00009,2024-05-07,2024-05-01,2024-05-14,7,Apparel,Outerwear,Mokkan,Web,FC-North,Metro Post,false,Arrived too late,true,Recovered,1,1,73.72,42.56
R000111,OI0000774,O0000366,C000206,P00077,2024-04-20,2024-04-01,2024-05-05,15,Footwear,Boots,Ellery & Co,Web,FC-South,Regional Freight,true,Changed mind,true,Recovered,1,1,105.21,64.29
R000112,OI0000783,O0000369,C000208,P00009,2024-02-04,2024-02-01,2024-02-18,14,Apparel,Outerwear,Mokkan,Mobile App,FC-Central,Metro Post,false,Not as described,true,Recovered,1,1,73.72,42.56
R000113,OI0000785,O0000371,C000210,P00041,2024-02-07,2024-02-01,2024-03-02,24,Apparel,Outerwear,Latitude 54,Mobile App,FC-South,Metro Post,true,Damaged in transit,false,Written off,1,1,125.23,125.23
R000114,OI0000800,O0000378,C000214,P00111,2024-02-04,2024-02-01,2024-02-10,6,Home & Kitchen,Storage,Brightpath,Web,FC-Central,Swiftline,true,Wrong size,true,Recovered,2,2,332.26,139.92
R000115,OI0000803,O0000380,C000216,P00030,2024-02-04,2024-02-01,2024-02-21,17,Apparel,Denim,Latitude 54,Web,FC-South,Swiftline,true,Wrong size,true,Recovered,1,1,99.97,57.49
R000116,OI0000807,O0000383,C000217,P00061,2024-06-18,2024-06-01,2024-07-07,19,Footwear,Trainers,Northvale,Marketplace,FC-South,Metro Post,true,Wrong size,true,Recovered,1,1,44.28,25.13
R000117,OI0000809,O0000384,C000218,P00108,2024-02-06,2024-02-01,2024-03-08,31,Electronics,Audio,Ellery & Co,Web,FC-South,Swiftline,true,Damaged in transit,false,Written off,1,1,78.64,78.64
R000118,OI0000813,O0000385,C000218,P00102,2024-03-13,2024-03-01,2024-03-23,10,Electronics,Small Appliances,Corda,Mobile App,FC-South,Metro Post,true,Changed mind,true,Recovered,1,1,243.13,27.23
R000119,OI0000823,O0000388,C000220,P00061,2024-02-07,2024-02-01,2024-02-23,16,Footwear,Trainers,Northvale,Marketplace,FC-North,Swiftline,true,Changed mind,true,Recovered,3,3,132.84,75.39
R000120,OI0000839,O0000396,C000226,P00060,2024-02-07,2024-02-01,2024-02-24,17,Footwear,Formal,Corda,Web,FC-North,Swiftline,true,Not as described,true,Recovered,1,1,139.31,73.37
R000121,OI0000847,O0000399,C000226,P00058,2024-07-12,2024-07-01,2024-07-17,5,Footwear,Trainers,Brightpath,Web,FC-North,Metro Post,true,Faulty,false,Written off,1,1,156.81,156.81
R000122,OI0000853,O0000401,C000227,P00006,2024-04-09,2024-04-01,2024-05-06,27,Apparel,Denim,Puresel,Web,FC-Central,Metro Post,true,Not as described,true,Recovered,1,1,31.44,19.56
R000123,OI0000861,O0000406,C000232,P00007,2024-02-09,2024-02-01,2024-02-14,5,Apparel,Denim,Northvale,Web,FC-South,Regional Freight,true,Not as described,true,Recovered,1,1,86.85,39.63
R000124,OI0000865,O0000407,C000232,P00003,2024-02-25,2024-02-01,2024-03-08,12,Apparel,Outerwear,Northvale,Web,FC-South,Regional Freight,true,Wrong size,true,Recovered,1,1,22.45,8.76
R000125,OI0000886,O0000416,C000236,P00002,2024-02-11,2024-02-01,2024-03-02,20,Apparel,Knitwear,Brightpath,Mobile App,FC-North,Regional Freight,true,Changed mind,true,Recovered,2,2,118.44,40.72
R000126,OI0000889,O0000419,C000239,P00150,2024-02-09,2024-02-01,2024-02-19,10,Beauty,Haircare,Puresel,Marketplace,FC-South,Metro Post,true,Not as described,true,Recovered,2,2,118.40,65.96
R000127,OI0000895,O0000423,C000242,P00133,2024-02-07,2024-02-01,2024-03-05,27,Home & Kitchen,Cookware,Latitude 54,Marketplace,FC-North,Swiftline,true,Arrived too late,true,Recovered,1,1,184.72,74.35
R000128,OI0000908,O0000431,C000248,P00024,2024-04-20,2024-04-01,2024-05-08,18,Apparel,Outerwear,Brightpath,Web,FC-Central,Metro Post,false,Wrong size,true,Recovered,1,1,26.49,10.91
R000129,OI0000940,O0000446,C000256,P00065,2024-05-18,2024-05-01,2024-06-07,20,Footwear,Sandals,Ellery & Co,Web,FC-North,Swiftline,true,Faulty,false,Written off,1,1,94.68,94.68
R000130,OI0000941,O0000447,C000256,P00005,2024-07-31,2024-07-01,2024-08-08,8,Apparel,Knitwear,Ellery & Co,Web,FC-North,Metro Post,true,Wrong size,true,Recovered,1,1,51.99,30.11
R000131,OI0000951,O0000451,C000258,P00139,2024-02-10,2024-02-01,2024-03-07,26,Home & Kitchen,Cookware,Ellery & Co,Marketplace,FC-South,Swiftline,true,Wrong size,true,Recovered,1,1,53.02,21.66
R000132,OI0000964,O0000457,C000263,P00064,2024-02-13,2024-02-01,2024-02-21,8,Footwear,Boots,Mokkan,Marketplace,FC-North,Metro Post,true,Changed mind,true,Recovered,1,1,93.30,50.66
R000133,OI0000969,O0000459,C000265,P00019,2024-02-11,2024-02-01,2024-03-11,29,Apparel,Tops,Brightpath,Mobile App,FC-North,Metro Post,true,Arrived too late,true,Recovered,1,1,65.52,36.16
R000134,OI0000972,O0000460,C000266,P00006,2024-02-14,2024-02-01,2024-03-06,21,Apparel,Denim,Puresel,Web,FC-North,Metro Post,true,Arrived too late,true,Recovered,1,3,23.05,11.17
R000135,OI0000974,O0000461,C000266,P00021,2024-03-17,2024-03-01,2024-04-11,25,Apparel,Denim,Northvale,Web,FC-North,Swiftline,false,Not as described,true,Recovered,1,1,52.72,31.56
R000136,OI0000978,O0000463,C000268,P00040,2024-02-15,2024-02-01,2024-03-12,26,Apparel,Tops,Puresel,Web,FC-North,Swiftline,true,Not as described,true,Recovered,1,1,113.30,72.33
R000137,OI0000986,O0000467,C000270,P00179,2024-02-12,2024-02-01,2024-02-24,12,Sports & Outdoors,Fitness,Mokkan,Web,FC-Central,Regional Freight,true,Not as described,true,Recovered,1,1,49.48,18.75
R000138,OI0000987,O0000467,C000270,P00097,2024-02-12,2024-02-01,2024-03-09,26,Electronics,Audio,Corda,Web,FC-Central,Regional Freight,true,Not as described,true,Recovered,1,1,260.61,39.34
R000139,OI0000994,O0000470,C000271,P00098,2024-02-13,2024-02-01,2024-02-18,5,Electronics,Audio,Brightpath,Mobile App,FC-South,Metro Post,true,Wrong size,true,Recovered,1,1,126.60,21.07
R000140,OI0001008,O0000477,C000276,P00008,2024-02-16,2024-02-01,2024-02-29,13,Apparel,Tops,Brightpath,Web,FC-Central,Regional Freight,true,Changed mind,true,Recovered,4,4,334.00,214.28
R000141,OI0001037,O0000493,C000283,P00099,2024-02-15,2024-02-01,2024-03-05,19,Electronics,Small Appliances,Latitude 54,Mobile App,FC-South,Metro Post,false,Arrived too late,true,Recovered,1,1,472.93,111.03
R000142,OI0001048,O0000498,C000286,P00005,2024-02-19,2024-02-01,2024-03-18,28,Apparel,Knitwear,Ellery & Co,Mobile App,FC-North,Metro Post,true,Not as described,true,Recovered,2,2,103.98,60.22
R000143,OI0001050,O0000499,C000286,P00121,2024-04-24,2024-04-01,2024-04-29,5,Home & Kitchen,Tableware,Mokkan,Mobile App,FC-North,Regional Freight,true,Wrong size,true,Recovered,1,1,95.77,22.65
R000144,OI0001062,O0000504,C000289,P00013,2024-07-02,2024-07-01,2024-07-24,22,Apparel,Dresses,Ellery & Co,Web,FC-South,Swiftline,true,Wrong size,true,Recovered,1,2,66.51,41.87
R000145,OI0001069,O0000506,C000289,P00033,2024-11-17,2024-11-01,2024-12-04,17,Apparel,Denim,Northvale,Mobile App,FC-South,Regional Freight,false,Arrived too late,true,Recovered,1,3,39.94,22.07
R000146,OI0001084,O0000514,C000293,P00013,2024-02-16,2024-02-01,2024-03-11,24,Apparel,Dresses,Ellery & Co,Marketplace,FC-North,Metro Post,true,Not as described,true,Recovered,1,1,66.51,41.87
R000147,OI0001085,O0000514,C000293,P00001,2024-02-16,2024-02-01,2024-03-06,19,Apparel,Dresses,Latitude 54,Marketplace,FC-North,Metro Post,true,Wrong size,true,Recovered,1,1,38.97,24.82
R000148,OI0001094,O0000521,C000297,P00092,2024-02-19,2024-02-01,2024-03-15,25,Electronics,Accessories,Puresel,Mobile App,FC-South,Swiftline,true,Wrong size,true,Recovered,1,1,200.86,19.31
R000149,OI0001109,O0000527,C000301,P00136,2024-02-16,2024-02-01,2024-02-24,8,Home & Kitchen,Cookware,Latitude 54,Mobile App,FC-Central,Swiftline,true,Wrong size,true,Recovered,1,1,24.97,6.76
R000150,OI0001115,O0000530,C000303,P00047,2024-02-20,2024-02-01,2024-02-29,9,Apparel,Dresses,Puresel,Web,FC-South,Regional Freight,true,Changed mind,true,Recovered,1,1,95.89,50.64
R000151,OI0001117,O0000532,C000305,P00171,2024-02-18,2024-02-01,2024-03-17,28,Sports & Outdoors,Cycling,Ellery & Co,Web,FC-South,Metro Post,false,Wrong size,true,Recovered,1,1,68.19,26.07
R000152,OI0001129,O0000539,C000310,P00041,2024-02-22,2024-02-01,2024-02-28,6,Apparel,Outerwear,Latitude 54,Mobile App,FC-Central,Metro Post,true,Damaged in transit,false,Written off,1,1,118.22,118.22
R000153,OI0001132,O0000542,C000313,P00139,2024-02-21,2024-02-01,2024-03-04,12,Home & Kitchen,Cookware,Ellery & Co,Marketplace,FC-Central,Regional Freight,true,Not as described,true,Recovered,1,1,53.02,21.66
R000154,OI0001136,O0000544,C000315,P00108,2024-02-23,2024-02-01,2024-03-11,17,Electronics,Audio,Ellery & Co,Web,FC-South,Metro Post,false,Arrived too late,true,Recovered,1,1,87.92,-12.19
R000155,OI0001142,O0000547,C000318,P00064,2024-02-22,2024-02-01,2024-02-29,7,Footwear,Boots,Mokkan,Mobile App,FC-South,Swiftline,true,Changed mind,true,Recovered,1,1,93.30,50.66
R000156,OI0001154,O0000555,C000323,P00012,2024-02-22,2024-02-01,2024-03-11,18,Apparel,Knitwear,Mokkan,Mobile App,FC-South,Swiftline,false,Arrived too late,true,Recovered,1,1,88.93,48.74
R000157,OI0001161,O0000558,C000325,P00174,2024-02-21,2024-02-01,2024-03-12,20,Sports & Outdoors,Fitness,Latitude 54,Mobile App,FC-South,Regional Freight,true,Faulty,false,Written off,1,1,211.86,211.86
R000158,OI0001163,O0000558,C000325,P00043,2024-02-21,2024-02-01,2024-03-14,22,Apparel,Denim,Puresel,Mobile App,FC-South,Regional Freight,true,Not as described,true,Recovered,1,1,107.20,69.39
R000159,OI0001170,O0000563,C000327,P00142,2024-02-25,2024-02-01,2024-03-14,18,Home & Kitchen,Cookware,Northvale,Mobile App,FC-South,Metro Post,false,Not as described,true,Recovered,1,1,122.54,46.68
R000160,OI0001171,O0000563,C000327,P00126,2024-02-25,2024-02-01,2024-03-08,12,Home & Kitchen,Bedding,Puresel,Mobile App,FC-South,Metro Post,false,Changed mind,true,Recovered,1,1,33.23,10.45
R000161,OI0001179,O0000566,C000330,P00028,2024-02-24,2024-02-01,2024-03-27,32,Apparel,Dresses,Mokkan,Web,FC-North,Swiftline,true,Wrong size,true,Recovered,1,1,31.99,20.25
R000162,OI0001198,O0000577,C000336,P00028,2024-09-28,2024-09-01,2024-10-19,21,Apparel,Dresses,Mokkan,Store,Store Pickup,,,Not as described,true,Recovered,1,1,19.99,8.25
R000163,OI0001204,O0000581,C000337,P00021,2024-02-23,2024-02-01,2024-03-07,13,Apparel,Denim,Northvale,Marketplace,FC-South,Swiftline,false,Changed mind,true,Recovered,1,1,38.43,17.27
R000164,OI0001205,O0000581,C000337,P00036,2024-02-23,2024-02-01,2024-03-25,31,Apparel,Dresses,Latitude 54,Marketplace,FC-South,Swiftline,false,Wrong size,true,Recovered,1,1,59.52,35.53
R000165,OI0001217,O0000587,C000341,P00108,2024-02-23,2024-02-01,2024-03-06,12,Electronics,Audio,Ellery & Co,Marketplace,FC-South,Regional Freight,true,Not as described,true,Recovered,1,1,119.88,19.77
R000166,OI0001227,O0000593,C000344,P00006,2024-09-15,2024-09-01,2024-09-21,6,Apparel,Denim,Puresel,Mobile App,FC-Central,Regional Freight,true,Not as described,true,Recovered,1,1,31.44,19.56
R000167,OI0001231,O0000595,C000344,P00040,2024-12-18,2024-12-01,2025-01-02,15,Apparel,Tops,Puresel,Store,Store Pickup,,,Changed mind,true,Recovered,1,1,113.30,72.33
R000168,OI0001232,O0000596,C000344,P00017,2025-01-12,2025-01-01,2025-01-27,15,Apparel,Dresses,Corda,Mobile App,FC-Central,Metro Post,true,Not as described,true,Recovered,1,1,27.43,15.56
R000169,OI0001236,O0000598,C000346,P00038,2024-02-23,2024-02-01,2024-03-25,31,Apparel,Dresses,Ellery & Co,Marketplace,FC-North,Regional Freight,true,Damaged in transit,false,Written off,1,1,83.70,83.7
R000170,OI0001241,O0000601,C000348,P00030,2024-02-26,2024-02-01,2024-03-29,32,Apparel,Denim,Latitude 54,Mobile App,FC-South,Metro Post,true,Changed mind,true,Recovered,2,2,199.94,114.98
R000171,OI0001242,O0000601,C000348,P00003,2024-02-26,2024-02-01,2024-03-24,27,Apparel,Outerwear,Northvale,Mobile App,FC-South,Metro Post,true,Faulty,false,Written off,1,1,32.59,32.59
R000172,OI0001246,O0000602,C000348,P00126,2024-04-02,2024-04-01,2024-04-18,16,Home & Kitchen,Bedding,Puresel,Marketplace,FC-South,Swiftline,true,Damaged in transit,false,Written off,1,1,33.23,33.23
R000173,OI0001248,O0000603,C000349,P00034,2024-02-27,2024-02-01,2024-03-04,6,Apparel,Dresses,Latitude 54,Mobile App,FC-Central,Swiftline,true,Damaged in transit,false,Written off,2,2,64.47,64.47
R000174,OI0001250,O0000604,C000350,P00029,2024-02-26,2024-02-01,2024-03-28,31,Apparel,Knitwear,Puresel,Web,FC-Central,Regional Freight,false,Arrived too late,true,Recovered,2,2,149.34,56.8
R000175,OI0001273,O0000613,C000353,P00070,2024-02-27,2024-02-01,2024-03-21,23,Footwear,Boots,Latitude 54,Web,FC-Central,Regional Freight,true,Faulty,false,Written off,1,1,81.65,81.65
R000176,OI0001287,O0000620,C000355,P00036,2024-08-15,2024-08-01,2024-08-28,13,Apparel,Dresses,Latitude 54,Web,FC-Central,Regional Freight,true,Wrong size,true,Recovered,1,1,67.23,43.24
R000177,OI0001292,O0000623,C000355,P00071,2025-01-26,2025-01-01,2025-02-03,8,Footwear,Boots,Puresel,Mobile App,FC-Central,Swiftline,true,Wrong size,true,Recovered,1,1,122.76,66.8
R000178,OI0001295,O0000625,C000357,P00006,2024-02-27,2024-02-01,2024-03-22,24,Apparel,Denim,Puresel,Web,FC-North,Swiftline,true,Not as described,true,Recovered,2,2,48.66,24.9
R000179,OI0001300,O0000627,C000358,P00001,2024-04-17,2024-04-01,2024-04-27,10,Apparel,Dresses,Latitude 54,Web,FC-Central,Metro Post,true,Changed mind,true,Recovered,1,1,38.97,24.82
R000180,OI0001301,O0000627,C000358,P00012,2024-04-17,2024-04-01,2024-05-09,22,Apparel,Knitwear,Mokkan,Web,FC-Central,Metro Post,true,Not as described,true,Recovered,1,1,88.93,48.74
R000181,OI0001302,O0000627,C000358,P00032,2024-04-17,2024-04-01,2024-05-02,15,Apparel,Outerwear,Mokkan,Web,FC-Central,Metro Post,true,Wrong size,true,Recovered,1,2,29.86,17.46
R000182,OI0001308,O0000628,C000359,P00039,2024-02-26,2024-02-01,2024-03-28,31,Apparel,Outerwear,Latitude 54,Web,FC-South,Swiftline,false,Not as described,true,Recovered,1,1,19.53,8.15
R000183,OI0001330,O0000641,C000366,P00065,2024-03-01,2024-03-01,2024-03-17,16,Footwear,Sandals,Ellery & Co,Web,FC-Central,Regional Freight,true,Faulty,false,Written off,1,1,82.23,82.23
R000184,OI0001333,O0000643,C000367,P00001,2024-03-22,2024-03-01,2024-04-08,17,Apparel,Dresses,Latitude 54,Web,FC-Central,Regional Freight,true,Changed mind,true,Recovered,1,1,38.97,24.82
R000185,OI0001351,O0000650,C000372,P00094,2024-02-28,2024-02-01,2024-03-01,2,Electronics,Accessories,Latitude 54,Store,Store Pickup,,,Changed mind,true,Recovered,1,1,337.99,21.18
R000186,OI0001359,O0000654,C000374,P00060,2024-02-29,2024-02-01,2024-04-01,32,Footwear,Formal,Corda,Mobile App,FC-South,Metro Post,false,Damaged in transit,false,Written off,1,1,139.31,139.31
R000187,OI0001365,O0000658,C000377,P00142,2024-02-29,2024-02-01,2024-03-22,22,Home & Kitchen,Cookware,Northvale,Web,FC-Central,Metro Post,true,Wrong size,true,Recovered,1,1,94.37,18.51
R000188,OI0001374,O0000661,C000378,P00179,2024-08-16,2024-08-01,2024-09-04,19,Sports & Outdoors,Fitness,Mokkan,Store,Store Pickup,,,Wrong size,true,Recovered,1,1,37.60,6.87
R000189,OI0001384,O0000664,C000378,P00064,2025-10-11,2025-10-01,2025-10-29,18,Footwear,Boots,Mokkan,Web,FC-South,Swiftline,true,Changed mind,true,Recovered,2,2,129.84,44.56
R000190,OI0001388,O0000665,C000378,P00080,2025-12-13,2025-12-01,2025-12-22,9,Footwear,Sandals,Ellery & Co,Mobile App,FC-South,Metro Post,true,Wrong size,true,Recovered,1,1,23.22,-0.08
R000191,OI0001389,O0000666,C000379,P00040,2024-03-02,2024-03-01,2024-03-10,8,Apparel,Tops,Puresel,Store,Store Pickup,,,Faulty,false,Written off,1,1,113.30,113.3
R000192,OI0001398,O0000670,C000382,P00139,2024-03-02,2024-03-01,2024-03-16,14,Home & Kitchen,Cookware,Ellery & Co,Mobile App,FC-South,Regional Freight,false,Faulty,false,Written off,1,1,53.02,53.02
R000193,OI0001399,O0000671,C000383,P00074,2024-02-28,2024-02-01,2024-03-12,13,Footwear,Trainers,Puresel,Web,FC-Central,Regional Freight,true,Not as described,true,Recovered,1,1,109.53,61.74
R000194,OI0001400,O0000671,C000383,P00134,2024-02-28,2024-02-01,2024-03-06,7,Home & Kitchen,Cookware,Brightpath,Web,FC-Central,Regional Freight,true,Faulty,false,Written off,2,2,85.82,85.82
R000195,OI0001402,O0000672,C000384,P00057,2024-02-29,2024-02-01,2024-03-30,30,Footwear,Trainers,Puresel,Mobile App,FC-North,Swiftline,true,Changed mind,true,Recovered,1,1,65.94,39.76
R000196,OI0001405,O0000672,C000384,P00134,2024-02-29,2024-02-01,2024-03-08,8,Home & Kitchen,Cookware,Brightpath,Mobile App,FC-North,Swiftline,true,Damaged in transit,false,Written off,1,1,68.67,68.67
R000197,OI0001411,O0000675,C000386,P00033,2024-03-02,2024-03-01,2024-03-20,18,Apparel,Denim,Northvale,Web,FC-North,Metro Post,true,Wrong size,true,Recovered,1,1,41.36,23.49
R000198,OI0001419,O0000678,C000388,P00118,2024-04-25,2024-04-01,2024-05-13,18,Home & Kitchen,Tableware,Ellery & Co,Store,Store Pickup,,,Damaged in transit,false,Written off,1,1,26.40,26.4
R000199,OI0001420,O0000678,C000388,P00163,2024-04-25,2024-04-01,2024-04-28,3,Beauty,Haircare,Brightpath,Store,Store Pickup,,,Wrong size,true,Recovered,1,1,39.36,25.44
R000200,OI0001431,O0000685,C000388,P00190,2025-07-15,2025-07-01,2025-08-04,20,Sports & Outdoors,Cycling,Puresel,Web,FC-Central,Metro Post,true,Faulty,false,Written off,1,1,189.90,189.9
R000201,OI0001436,O0000688,C000391,P00066,2024-03-01,2024-03-01,2024-03-23,22,Footwear,Sandals,Puresel,Mobile App,FC-Central,Swiftline,true,Damaged in transit,false,Written off,1,1,111.95,111.95
R000202,OI0001441,O0000690,C000392,P00058,2024-05-07,2024-05-01,2024-05-19,12,Footwear,Trainers,Brightpath,Mobile App,FC-Central,Swiftline,true,Not as described,true,Recovered,1,1,156.81,82.76
R000203,OI0001444,O0000692,C000393,P00075,2024-04-30,2024-04-01,2024-05-18,18,Footwear,Formal,Latitude 54,Mobile App,FC-Central,Swiftline,true,Changed mind,true,Recovered,1,1,33.68,7.26
R000204,OI0001454,O0000698,C000396,P00046,2024-03-02,2024-03-01,2024-03-25,23,Apparel,Dresses,Brightpath,Web,FC-South,Metro Post,true,Damaged in transit,false,Written off,1,1,117.17,117.17
R000205,OI0001457,O0000699,C000396,P00081,2024-06-18,2024-06-01,2024-07-15,27,Electronics,Wearables,Mokkan,Mobile App,FC-South,Swiftline,true,Wrong size,true,Recovered,1,1,425.20,59.27
R000206,OI0001462,O0000702,C000398,P00055,2024-03-04,2024-03-01,2024-03-25,21,Footwear,Trainers,Ellery & Co,Mobile App,FC-North,Metro Post,true,Faulty,false,Written off,1,3,32.85,32.85
R000207,OI0001469,O0000706,C000401,P00033,2024-03-05,2024-03-01,2024-03-24,19,Apparel,Denim,Northvale,Web,FC-South,Regional Freight,true,Wrong size,true,Recovered,2,2,66.60,30.86
R000208,OI0001475,O0000709,C000403,P00010,2024-03-04,2024-03-01,2024-03-27,23,Apparel,Denim,Puresel,Store,Store Pickup,,,Changed mind,true,Recovered,1,1,22.60,9.72
R000209,OI0001479,O0000711,C000404,P00006,2024-06-13,2024-06-01,2024-06-20,7,Apparel,Denim,Puresel,Store,Store Pickup,,,Changed mind,true,Recovered,2,2,62.88,39.12
R000210,OI0001488,O0000717,C000407,P00065,2024-03-02,2024-03-01,2024-03-15,13,Footwear,Sandals,Ellery & Co,Marketplace,FC-Central,Swiftline,true,Not as described,true,Recovered,2,2,189.36,81.58
R000211,OI0001489,O0000718,C000407,P00067,2024-03-22,2024-03-01,2024-04-19,28,Footwear,Sandals,Corda,Mobile App,FC-Central,Swiftline,true,Changed mind,true,Recovered,2,2,156.30,93.46
R000212,OI0001492,O0000719,C000408,P00062,2024-03-06,2024-03-01,2024-03-14,8,Footwear,Formal,Latitude 54,Web,FC-South,Regional Freight,true,Faulty,false,Written off,1,1,120.05,120.05
R000213,OI0001499,O0000723,C000410,P00065,2024-03-04,2024-03-01,2024-03-19,15,Footwear,Sandals,Ellery & Co,Web,FC-North,Metro Post,true,Changed mind,true,Recovered,1,1,94.68,40.79
R000214,OI0001506,O0000725,C000412,P00035,2024-03-06,2024-03-01,2024-03-31,25,Apparel,Outerwear,Northvale,Web,FC-North,Swiftline,true,Changed mind,true,Recovered,1,1,131.59,67.13
R000215,OI0001509,O0000726,C000413,P00076,2024-03-06,2024-03-01,2024-03-25,19,Footwear,Trainers,Puresel,Store,Store Pickup,,,Faulty,false,Written off,1,1,83.39,83.39
R000216,OI0001510,O0000727,C000413,P00073,2024-05-14,2024-05-01,2024-06-16,33,Footwear,Boots,Brightpath,Web,FC-Central,Metro Post,true,Changed mind,true,Recovered,1,1,79.76,41.34
R000217,OI0001516,O0000730,C000415,P00035,2024-03-05,2024-03-01,2024-03-15,10,Apparel,Outerwear,Northvale,Web,FC-South,Regional Freight,false,Wrong size,true,Recovered,1,1,131.59,67.13
R000218,OI0001517,O0000730,C000415,P00044,2024-03-05,2024-03-01,2024-03-29,24,Apparel,Denim,Corda,Web,FC-South,Regional Freight,false,Arrived too late,true,Recovered,1,1,20.90,14.24
R000219,OI0001523,O0000732,C000416,P00120,2024-04-04,2024-04-01,2024-04-24,20,Home & Kitchen,Lighting,Northvale,Mobile App,FC-Central,Swiftline,true,Changed mind,true,Recovered,1,1,97.95,40.64
R000220,OI0001528,O0000735,C000418,P00120,2024-03-06,2024-03-01,2024-03-14,8,Home & Kitchen,Lighting,Northvale,Marketplace,FC-North,Metro Post,true,Arrived too late,true,Recovered,1,1,97.95,40.64
R000221,OI0001542,O0000744,C000424,P00079,2024-07-19,2024-07-01,2024-07-30,11,Footwear,Sandals,Mokkan,Web,FC-Central,Regional Freight,false,Not as described,true,Recovered,1,1,67.74,22.97
R000222,OI0001547,O0000747,C000426,P00056,2024-03-08,2024-03-01,2024-03-30,22,Footwear,Sandals,Puresel,Store,Store Pickup,,,Wrong size,true,Recovered,1,1,105.15,60.28
R000223,OI0001548,O0000747,C000426,P00007,2024-03-08,2024-03-01,2024-03-19,11,Apparel,Denim,Northvale,Store,Store Pickup,,,Faulty,false,Written off,1,1,99.28,99.28
R000224,OI0001549,O0000748,C000427,P00079,2024-03-05,2024-03-01,2024-03-18,13,Footwear,Sandals,Mokkan,Mobile App,FC-Central,Regional Freight,true,Changed mind,true,Recovered,1,2,67.74,22.97
R000225,OI0001552,O0000749,C000428,P00019,2024-03-07,2024-03-01,2024-03-27,20,Apparel,Tops,Brightpath,Web,FC-South,Regional Freight,true,Wrong size,true,Recovered,1,1,65.52,36.16
R000226,OI0001553,O0000750,C000429,P00047,2024-03-06,2024-03-01,2024-03-24,18,Apparel,Dresses,Puresel,Web,FC-North,Swiftline,true,Damaged in transit,false,Written off,3,3,238.25,238.25
R000227,OI0001559,O0000753,C000431,P00021,2024-04-21,2024-04-01,2024-05-02,11,Apparel,Denim,Northvale,Marketplace,FC-South,Swiftline,true,Changed mind,true,Recovered,3,3,158.16,94.68
R000228,OI0001560,O0000753,C000431,P00116,2024-04-21,2024-04-01,2024-05-01,10,Home & Kitchen,Bedding,Latitude 54,Marketplace,FC-South,Swiftline,true,Not as described,true,Recovered,1,1,38.00,12.17
R000229,OI0001568,O0000756,C000434,P00172,2024-03-10,2024-03-01,2024-03-12,2,Sports & Outdoors,Fitness,Ellery & Co,Store,Store Pickup,,,Not as described,true,Recovered,1,1,93.79,43.09
R000230,OI0001569,O0000756,C000434,P00031,2024-03-10,2024-03-01,2024-03-14,4,Apparel,Dresses,Brightpath,Store,Store Pickup,,,Wrong size,true,Recovered,1,1,90.94,53.45
R000231,OI0001577,O0000760,C000437,P00163,2025-04-25,2025-04-01,2025-05-12,17,Beauty,Haircare,Brightpath,Marketplace,FC-South,Regional Freight,false,Arrived too late,true,Recovered,1,1,33.10,19.18
R000232,OI0001581,O0000762,C000438,P00093,2024-04-28,2024-04-01,2024-05-09,11,Electronics,Audio,Puresel,Store,Store Pickup,,,Changed mind,true,Recovered,1,1,126.14,-15.78
R000233,OI0001584,O0000763,C000439,P00024,2024-03-11,2024-03-01,2024-04-11,31,Apparel,Outerwear,Brightpath,Web,FC-Central,Regional Freight,false,Arrived too late,true,Recovered,2,2,70.98,39.82
R000234,OI0001585,O0000763,C000439,P00186,2024-03-11,2024-03-01,2024-04-07,27,Sports & Outdoors,Fitness,Latitude 54,Web,FC-Central,Regional Freight,false,Not as described,true,Recovered,1,1,272.93,134.61
R000235,OI0001588,O0000765,C000441,P00129,2024-03-11,2024-03-01,2024-03-17,6,Home & Kitchen,Cookware,Ellery & Co,Web,FC-North,Swiftline,true,Wrong size,true,Recovered,1,1,59.96,19.8
R000236,OI0001609,O0000775,C000448,P00137,2024-03-13,2024-03-01,2024-03-26,13,Home & Kitchen,Bedding,Mokkan,Mobile App,FC-Central,Metro Post,false,Wrong size,true,Recovered,1,1,31.33,11.96
R000237,OI0001610,O0000775,C000448,P00056,2024-03-13,2024-03-01,2024-03-30,17,Footwear,Sandals,Puresel,Mobile App,FC-Central,Metro Post,false,Changed mind,true,Recovered,1,1,105.15,60.28
R000238,OI0001639,O0000789,C000455,P00148,2024-03-13,2024-03-01,2024-04-12,30,Beauty,Haircare,Brightpath,Web,FC-South,Regional Freight,true,Changed mind,true,Recovered,2,2,150.12,88.06
R000239,OI0001651,O0000795,C000458,P00034,2024-03-10,2024-03-01,2024-03-23,13,Apparel,Dresses,Latitude 54,Mobile App,FC-North,Regional Freight,true,Changed mind,true,Recovered,1,1,34.06,12.44
R000240,OI0001671,O0000803,C000464,P00002,2024-03-13,2024-03-01,2024-04-11,29,Apparel,Knitwear,Brightpath,Mobile App,FC-South,Swiftline,true,Wrong size,true,Recovered,1,1,74.03,35.17
R000241,OI0001680,O0000807,C000466,P00040,2024-08-04,2024-08-01,2024-08-17,13,Apparel,Tops,Puresel,Mobile App,FC-North,Swiftline,true,Damaged in transit,false,Written off,1,1,113.30,113.3
R000242,OI0001689,O0000812,C000468,P00128,2024-04-28,2024-04-01,2024-05-14,16,Home & Kitchen,Bedding,Northvale,Mobile App,FC-Central,Metro Post,true,Not as described,true,Recovered,1,4,22.27,9.7
R000243,OI0001691,O0000813,C000468,P00047,2024-07-08,2024-07-01,2024-08-06,29,Apparel,Dresses,Puresel,Mobile App,FC-Central,Swiftline,true,Wrong size,true,Recovered,1,1,82.01,36.76
R000244,OI0001693,O0000813,C000468,P00184,2024-07-08,2024-07-01,2024-07-27,19,Sports & Outdoors,Swim,Ellery & Co,Mobile App,FC-Central,Swiftline,true,Wrong size,true,Recovered,1,1,208.78,88.73
R000245,OI0001698,O0000817,C000470,P00049,2024-05-02,2024-05-01,2024-05-26,24,Apparel,Tops,Brightpath,Web,FC-North,Swiftline,true,Wrong size,true,Recovered,1,1,45.89,26.99
R000246,OI0001707,O0000821,C000470,P00090,2025-02-04,2025-02-01,2025-02-26,22,Electronics,Audio,Corda,Web,FC-North,Metro Post,false,Changed mind,true,Recovered,1,1,290.67,47.51
R000247,OI0001711,O0000822,C000471,P00093,2024-03-14,2024-03-01,2024-03-27,13,Electronics,Audio,Puresel,Mobile App,FC-Central,Swiftline,true,Wrong size,true,Recovered,1,1,114.97,-26.95
R000248,OI0001713,O0000823,C000472,P00033,2024-03-13,2024-03-01,2024-04-07,25,Apparel,Denim,Northvale,Web,FC-North,Metro Post,true,Wrong size,true,Recovered,1,1,44.67,26.8
R000249,OI0001731,O0000833,C000479,P00069,2024-03-14,2024-03-01,2024-03-28,14,Footwear,Sandals,Brightpath,Marketplace,FC-North,Swiftline,true,Changed mind,true,Recovered,1,1,148.15,87.94
R000250,OI0001732,O0000833,C000479,P00017,2024-03-14,2024-03-01,2024-04-09,26,Apparel,Dresses,Corda,Marketplace,FC-North,Swiftline,true,Damaged in transit,false,Written off,1,1,21.37,21.37
R000251,OI0001737,O0000837,C000481,P00029,2024-06-22,2024-06-01,2024-06-28,6,Apparel,Knitwear,Puresel,Mobile App,FC-North,Metro Post,true,Changed mind,true,Recovered,1,1,101.10,54.83
R000252,OI0001746,O0000842,C000482,P00018,2024-11-22,2024-11-01,2024-12-19,27,Apparel,Denim,Latitude 54,Marketplace,FC-Central,Swiftline,true,Not as described,true,Recovered,1,1,62.01,35.68
R000253,OI0001752,O0000846,C000485,P00047,2024-05-11,2024-05-01,2024-06-08,28,Apparel,Dresses,Puresel,Marketplace,FC-South,Regional Freight,true,Damaged in transit,false,Written off,1,1,95.89,95.89
R000254,OI0001771,O0000857,C000493,P00031,2024-03-18,2024-03-01,2024-03-27,9,Apparel,Dresses,Brightpath,Mobile App,FC-South,Swiftline,false,Wrong size,true,Recovered,1,1,89.75,52.26
R000255,OI0001773,O0000858,C000493,P00062,2024-04-15,2024-04-01,2024-05-02,17,Footwear,Formal,Latitude 54,Mobile App,FC-South,Swiftline,true,Changed mind,true,Recovered,1,1,120.05,68.9
R000256,OI0001777,O0000860,C000494,P00034,2024-03-18,2024-03-01,2024-04-11,24,Apparel,Dresses,Latitude 54,Web,FC-South,Regional Freight,true,Wrong size,true,Recovered,1,1,41.79,20.17
R000257,OI0001784,O0000861,C000494,P00044,2024-05-04,2024-05-01,2024-05-25,21,Apparel,Denim,Corda,Web,FC-South,Swiftline,true,Wrong size,true,Recovered,1,1,17.47,10.81
R000258,OI0001785,O0000862,C000494,P00048,2024-07-13,2024-07-01,2024-08-05,23,Apparel,Dresses,Latitude 54,Mobile App,FC-South,Regional Freight,true,Wrong size,true,Recovered,1,1,122.50,66.99
R000259,OI0001789,O0000863,C000495,P00030,2024-03-19,2024-03-01,2024-03-26,7,Apparel,Denim,Latitude 54,Mobile App,FC-Central,Metro Post,true,Faulty,false,Written off,1,1,99.97,99.97
R000260,OI0001794,O0000865,C000497,P00048,2024-03-18,2024-03-01,2024-03-25,7,Apparel,Dresses,Latitude 54,Mobile App,FC-North,Swiftline,true,Damaged in transit,false,Written off,1,1,122.50,122.5
R000261,OI0001798,O0000868,C000499,P00045,2024-05-14,2024-05-01,2024-06-10,27,Apparel,Knitwear,Puresel,Mobile App,FC-South,Metro Post,true,Wrong size,true,Recovered,1,1,53.47,24.04
R000262,OI0001806,O0000873,C000501,P00058,2024-12-12,2024-12-01,2025-01-07,26,Footwear,Trainers,Brightpath,Mobile App,FC-Central,Swiftline,true,Changed mind,true,Recovered,2,2,263.06,114.96
R000263,OI0001814,O0000875,C000502,P00041,2024-04-26,2024-04-01,2024-05-20,24,Apparel,Outerwear,Latitude 54,Mobile App,FC-Central,Metro Post,true,Damaged in transit,false,Written off,1,2,91.19,91.19
R000264,OI0001817,O0000876,C000502,P00128,2024-09-16,2024-09-01,2024-10-09,23,Home & Kitchen,Bedding,Northvale,Web,FC-Central,Swiftline,true,Changed mind,true,Recovered,1,1,22.27,9.7
R000265,OI0001819,O0000876,C000502,P00120,2024-09-16,2024-09-01,2024-09-20,4,Home & Kitchen,Lighting,Northvale,Web,FC-Central,Swiftline,true,Wrong size,true,Recovered,1,1,97.32,40.01
R000266,OI0001821,O0000877,C000503,P00036,2024-03-22,2024-03-01,2024-04-01,10,Apparel,Dresses,Latitude 54,Mobile App,FC-South,Swiftline,true,Wrong size,true,Recovered,2,2,134.46,86.48
R000267,OI0001823,O0000877,C000503,P00029,2024-03-22,2024-03-01,2024-04-07,16,Apparel,Knitwear,Puresel,Mobile App,FC-South,Swiftline,true,Arrived too late,true,Recovered,1,1,116.07,69.8
R000268,OI0001824,O0000878,C000504,P00036,2024-03-21,2024-03-01,2024-04-13,23,Apparel,Dresses,Latitude 54,Web,FC-South,Regional Freight,false,Wrong size,true,Recovered,1,1,53.40,29.41
R000269,OI0001825,O0000879,C000505,P00053,2024-03-20,2024-03-01,2024-04-19,30,Apparel,Tops,Latitude 54,Web,FC-South,Regional Freight,false,Not as described,true,Recovered,2,2,207.42,131.36
R000270,OI0001829,O0000881,C000506,P00060,2024-03-18,2024-03-01,2024-03-24,6,Footwear,Formal,Corda,Marketplace,FC-North,Swiftline,true,Damaged in transit,false,Written off,1,1,96.08,96.08
R000271,OI0001840,O0000888,C000510,P00057,2024-03-20,2024-03-01,2024-04-14,25,Footwear,Trainers,Puresel,Web,FC-South,Regional Freight,true,Not as described,true,Recovered,2,2,131.88,79.52
R000272,OI0001844,O0000890,C000511,P00174,2024-03-20,2024-03-01,2024-04-02,13,Sports & Outdoors,Fitness,Latitude 54,Web,FC-South,Swiftline,true,Damaged in transit,false,Written off,1,1,211.86,211.86
R000273,OI0001846,O0000892,C000513,P00051,2024-03-23,2024-03-01,2024-04-17,25,Apparel,Denim,Corda,Mobile App,FC-North,Swiftline,true,Changed mind,true,Recovered,1,1,43.18,25.64
R000274,OI0001849,O0000895,C000515,P00044,2024-04-25,2024-04-01,2024-05-04,9,Apparel,Denim,Corda,Marketplace,FC-Central,Swiftline,true,Changed mind,true,Recovered,1,1,18.64,11.98
R000275,OI0001854,O0000899,C000517,P00016,2024-05-17,2024-05-01,2024-06-18,32,Apparel,Knitwear,Brightpath,Mobile App,FC-South,Regional Freight,false,Not as described,true,Recovered,2,2,96.00,52.54
R000276,OI0001855,O0000899,C000517,P00057,2024-05-17,2024-05-01,2024-05-23,6,Footwear,Trainers,Puresel,Mobile App,FC-South,Regional Freight,false,Damaged in transit,false,Written off,3,3,154.72,154.72
R000277,OI0001856,O0000899,C000517,P00077,2024-05-17,2024-05-01,2024-05-28,11,Footwear,Boots,Ellery & Co,Mobile App,FC-South,Regional Freight,false,Arrived too late,true,Recovered,1,1,87.16,46.24
R000278,OI0001861,O0000902,C000519,P00149,2024-04-26,2024-04-01,2024-05-05,9,Beauty,Fragrance,Mokkan,Web,FC-South,Regional Freight,true,Damaged in transit,false,Written off,1,1,72.73,72.73
R000279,OI0001866,O0000904,C000519,P00154,2024-06-16,2024-06-01,2024-07-09,23,Beauty,Cosmetics,Ellery & Co,Mobile App,FC-South,Metro Post,true,Damaged in transit,false,Written off,1,1,30.81,30.81
R000280,OI0001876,O0000911,C000525,P00123,2024-03-20,2024-03-01,2024-04-22,33,Home & Kitchen,Lighting,Northvale,Mobile App,FC-South,Regional Freight,false,Arrived too late,true,Recovered,2,2,271.68,102.98
R000281,OI0001882,O0000915,C000526,P00041,2024-07-01,2024-07-01,2024-07-30,29,Apparel,Outerwear,Latitude 54,Mobile App,FC-North,Regional Freight,true,Faulty,false,Written off,1,1,125.23,125.23
R000282,OI0001888,O0000919,C000529,P00141,2024-05-02,2024-05-01,2024-06-01,30,Home & Kitchen,Cookware,Ellery & Co,Mobile App,FC-Central,Metro Post,true,Faulty,false,Written off,1,1,169.49,169.49
R000283,OI0001889,O0000919,C000529,P00029,2024-05-02,2024-05-01,2024-05-28,26,Apparel,Knitwear,Puresel,Mobile App,FC-Central,Metro Post,true,Not as described,true,Recovered,1,1,91.05,44.78
R000284,OI0001891,O0000920,C000530,P00186,2024-03-22,2024-03-01,2024-04-17,26,Sports & Outdoors,Fitness,Latitude 54,Web,FC-South,Swiftline,true,Wrong size,true,Recovered,1,1,272.93,134.61
R000285,OI0001907,O0000927,C000536,P00034,2024-03-23,2024-03-01,2024-04-11,19,Apparel,Dresses,Latitude 54,Web,FC-Central,Swiftline,false,Arrived too late,true,Recovered,1,1,41.79,20.17
R000286,OI0001916,O0000933,C000538,P00022,2024-10-05,2024-10-01,2024-10-11,6,Apparel,Knitwear,Northvale,Marketplace,FC-South,Regional Freight,true,Changed mind,true,Recovered,3,3,121.83,77.76
R000287,OI0001918,O0000934,C000539,P00053,2024-03-23,2024-03-01,2024-04-12,20,Apparel,Tops,Latitude 54,Web,FC-North,Metro Post,true,Not as described,true,Recovered,2,2,180.33,104.27
R000288,OI0001919,O0000935,C000539,P00035,2024-05-06,2024-05-01,2024-06-02,27,Apparel,Outerwear,Northvale,Store,Store Pickup,,,Not as described,true,Recovered,1,1,131.59,67.13
R000289,OI0001929,O0000941,C000544,P00100,2024-03-26,2024-03-01,2024-04-11,16,Electronics,Accessories,Latitude 54,Web,FC-South,Metro Post,true,Wrong size,true,Recovered,1,1,386.68,55.19
R000290,OI0001932,O0000942,C000545,P00078,2024-03-26,2024-03-01,2024-04-11,16,Footwear,Sandals,Corda,Marketplace,FC-Central,Swiftline,true,Faulty,false,Written off,1,1,113.43,113.43
R000291,OI0001941,O0000947,C000547,P00085,2024-05-16,2024-05-01,2024-06-12,27,Electronics,Wearables,Ellery & Co,Mobile App,FC-South,Regional Freight,false,Arrived too late,true,Recovered,1,1,130.98,-15.45
R000292,OI0001943,O0000948,C000548,P00022,2024-03-28,2024-03-01,2024-04-20,23,Apparel,Knitwear,Northvale,Store,Store Pickup,,,Faulty,false,Written off,2,2,81.22,81.22
R000293,OI0001945,O0000949,C000548,P00009,2024-06-15,2024-06-01,2024-06-21,6,Apparel,Outerwear,Mokkan,Marketplace,FC-South,Metro Post,true,Not as described,true,Recovered,1,1,73.72,42.56
R000294,OI0001947,O0000950,C000548,P00040,2024-08-27,2024-08-01,2024-09-12,16,Apparel,Tops,Puresel,Web,FC-South,Swiftline,true,Damaged in transit,false,Written off,1,1,113.30,113.3
R000295,OI0001963,O0000959,C000554,P00004,2024-03-25,2024-03-01,2024-04-05,11,Apparel,Knitwear,Puresel,Web,FC-North,Metro Post,true,Changed mind,true,Recovered,2,2,51.01,23.05
R000296,OI0001966,O0000961,C000556,P00027,2024-03-25,2024-03-01,2024-04-05,11,Apparel,Outerwear,Mokkan,Web,FC-South,Regional Freight,true,Wrong size,true,Recovered,1,1,27.30,13.98
R000297,OI0001967,O0000961,C000556,P00040,2024-03-25,2024-03-01,2024-04-15,21,Apparel,Tops,Puresel,Web,FC-South,Regional Freight,true,Not as described,true,Recovered,1,1,113.30,72.33
R000298,OI0001983,O0000970,C000563,P00042,2024-03-29,2024-03-01,2024-04-05,7,Apparel,Knitwear,Latitude 54,Web,FC-North,Swiftline,true,Faulty,false,Written off,1,1,79.75,79.75
R000299,OI0001993,O0000975,C000566,P00066,2024-06-02,2024-06-01,2024-06-29,27,Footwear,Sandals,Puresel,Mobile App,FC-South,Metro Post,true,Not as described,true,Recovered,1,1,111.95,63.02
R000300,OI0002000,O0000978,C000568,P00076,2024-03-30,2024-03-01,2024-04-23,24,Footwear,Trainers,Puresel,Web,FC-South,Regional Freight,false,Arrived too late,true,Recovered,1,1,57.53,23.25
R000301,OI0002001,O0000978,C000568,P00061,2024-03-30,2024-03-01,2024-04-23,24,Footwear,Trainers,Northvale,Web,FC-South,Regional Freight,false,Changed mind,true,Recovered,1,2,42.83,23.68
R000302,OI0002012,O0000984,C000572,P00137,2024-10-04,2024-10-01,2024-10-19,15,Home & Kitchen,Bedding,Mokkan,Web,FC-North,Swiftline,true,Wrong size,true,Recovered,1,3,27.55,8.18
R000303,OI0002016,O0000984,C000572,P00056,2024-10-04,2024-10-01,2024-10-11,7,Footwear,Sandals,Puresel,Web,FC-North,Swiftline,true,Faulty,false,Written off,1,1,105.15,105.15
R000304,OI0002017,O0000985,C000572,P00112,2025-05-24,2025-05-01,2025-06-05,12,Home & Kitchen,Bedding,Puresel,Marketplace,FC-North,Swiftline,false,Wrong size,true,Recovered,1,1,133.03,25.24
R000305,OI0002018,O0000986,C000573,P00071,2024-03-30,2024-03-01,2024-04-06,7,Footwear,Boots,Puresel,Web,FC-North,Swiftline,true,Not as described,true,Recovered,1,1,122.76,66.8
R000306,OI0002040,O0000998,C000580,P00076,2024-03-29,2024-03-01,2024-04-12,14,Footwear,Trainers,Puresel,Web,FC-North,Swiftline,true,Arrived too late,true,Recovered,1,1,83.39,49.11
R000307,OI0002042,O0000998,C000580,P00117,2024-03-29,2024-03-01,2024-04-21,23,Home & Kitchen,Bedding,Ellery & Co,Web,FC-North,Swiftline,true,Changed mind,true,Recovered,1,1,134.40,55.77
R000308,OI0002059,O0001006,C000583,P00035,2024-05-05,2024-05-01,2024-05-26,21,Apparel,Outerwear,Northvale,Marketplace,FC-South,Regional Freight,true,Wrong size,true,Recovered,1,1,131.59,67.13
R000309,OI0002061,O0001008,C000584,P00061,2024-04-01,2024-04-01,2024-04-29,28,Footwear,Trainers,Northvale,Mobile App,FC-South,Regional Freight,false,Arrived too late,true,Recovered,1,1,44.28,25.13
R000310,OI0002065,O0001008,C000584,P00133,2024-04-01,2024-04-01,2024-05-03,32,Home & Kitchen,Cookware,Latitude 54,Mobile App,FC-South,Regional Freight,false,Changed mind,true,Recovered,1,1,184.72,74.35
R000311,OI0002067,O0001009,C000585,P00107,2024-03-31,2024-03-01,2024-04-07,7,Electronics,Wearables,Corda,Web,FC-North,Metro Post,true,Changed mind,true,Recovered,1,1,109.03,12.17
R000312,OI0002069,O0001010,C000586,P00043,2024-04-02,2024-04-01,2024-04-09,7,Apparel,Denim,Puresel,Web,FC-South,Swiftline,true,Wrong size,true,Recovered,1,2,107.20,69.39
R000313,OI0002075,O0001013,C000587,P00006,2024-10-29,2024-10-01,2024-11-19,21,Apparel,Denim,Puresel,Web,FC-Central,Metro Post,true,Arrived too late,true,Recovered,1,1,31.44,19.56
R000314,OI0002088,O0001022,C000589,P00171,2024-07-16,2024-07-01,2024-07-22,6,Sports & Outdoors,Cycling,Ellery & Co,Store,Store Pickup,,,Changed mind,true,Recovered,1,1,68.19,26.07
R000315,OI0002092,O0001023,C000590,P00095,2024-04-01,2024-04-01,2024-04-09,8,Electronics,Small Appliances,Latitude 54,Web,FC-Central,Swiftline,true,Changed mind,true,Recovered,1,1,396.85,35.19
R000316,OI0002100,O0001026,C000592,P00171,2024-04-02,2024-04-01,2024-04-20,18,Sports & Outdoors,Cycling,Ellery & Co,Mobile App,FC-South,Swiftline,true,Changed mind,true,Recovered,1,1,68.19,26.07
R000317,OI0002102,O0001028,C000594,P00032,2024-04-01,2024-04-01,2024-04-28,27,Apparel,Outerwear,Mokkan,Web,FC-North,Regional Freight,true,Damaged in transit,false,Written off,1,1,29.34,29.34
R000318,OI0002104,O0001029,C000594,P00050,2024-05-12,2024-05-01,2024-06-11,30,Apparel,Knitwear,Brightpath,Web,FC-North,Regional Freight,true,Changed mind,true,Recovered,1,1,116.54,66.67
R000319,OI0002107,O0001031,C000596,P00029,2024-04-02,2024-04-01,2024-04-13,11,Apparel,Knitwear,Puresel,Marketplace,FC-South,Swiftline,true,Changed mind,true,Recovered,1,1,81.54,35.27
R000320,OI0002108,O0001031,C000596,P00114,2024-04-02,2024-04-01,2024-04-12,10,Home & Kitchen,Bedding,Puresel,Marketplace,FC-South,Swiftline,true,Wrong size,true,Recovered,1,1,77.02,8.47
R000321,OI0002115,O0001033,C000597,P00106,2024-05-13,2024-05-01,2024-05-26,13,Electronics,Accessories,Ellery & Co,Web,FC-South,Metro Post,true,Changed mind,true,Recovered,1,1,76.35,-15.26
R000322,OI0002118,O0001034,C000598,P00032,2024-04-01,2024-04-01,2024-04-30,29,Apparel,Outerwear,Mokkan,Web,FC-North,Swiftline,true,Changed mind,true,Recovered,1,1,34.46,22.06
R000323,OI0002133,O0001043,C000603,P00036,2024-05-19,2024-05-01,2024-06-10,22,Apparel,Dresses,Latitude 54,Web,FC-South,Metro Post,true,Damaged in transit,false,Written off,1,1,67.23,67.23
R000324,OI0002151,O0001052,C000610,P00059,2024-04-02,2024-04-01,2024-04-08,6,Footwear,Trainers,Latitude 54,Marketplace,FC-North,Swiftline,true,Changed mind,true,Recovered,1,1,87.51,17.47
R000325,OI0002167,O0001060,C000614,P00046,2024-11-08,2024-11-01,2024-11-21,13,Apparel,Dresses,Brightpath,Store,Store Pickup,,,Wrong size,true,Recovered,1,1,117.17,66.09
R000326,OI0002185,O0001068,C000617,P00114,2024-06-09,2024-06-01,2024-07-08,29,Home & Kitchen,Bedding,Puresel,Mobile App,FC-South,Regional Freight,false,Faulty,false,Written off,1,1,111.53,111.53
R000327,OI0002187,O0001068,C000617,P00143,2024-06-09,2024-06-01,2024-07-12,33,Home & Kitchen,Tableware,Mokkan,Mobile App,FC-South,Regional Freight,false,Arrived too late,true,Recovered,1,2,21.76,7.78
R000328,OI0002197,O0001075,C000623,P00043,2024-04-05,2024-04-01,2024-04-25,20,Apparel,Denim,Puresel,Store,Store Pickup,,,Changed mind,true,Recovered,1,1,68.40,30.59
R000329,OI0002208,O0001078,C000624,P00173,2024-07-08,2024-07-01,2024-07-26,18,Sports & Outdoors,Swim,Mokkan,Web,FC-South,Regional Freight,false,Faulty,false,Written off,1,1,77.82,77.82
R000330,OI0002224,O0001088,C000629,P00078,2024-07-25,2024-07-01,2024-08-19,25,Footwear,Sandals,Corda,Web,FC-Central,Regional Freight,true,Changed mind,true,Recovered,1,1,128.93,67.91
R000331,OI0002227,O0001089,C000630,P00023,2024-04-07,2024-04-01,2024-04-12,5,Apparel,Tops,Latitude 54,Mobile App,FC-South,Regional Freight,true,Wrong size,true,Recovered,1,1,49.85,32.11
R000332,OI0002234,O0001092,C000632,P00184,2024-05-15,2024-05-01,2024-06-06,22,Sports & Outdoors,Swim,Ellery & Co,Web,FC-North,Swiftline,true,Not as described,true,Recovered,1,1,208.78,88.73
R000333,OI0002236,O0001092,C000632,P00086,2024-05-15,2024-05-01,2024-05-21,6,Electronics,Audio,Brightpath,Web,FC-North,Swiftline,true,Changed mind,true,Recovered,1,1,237.54,26.52
R000334,OI0002256,O0001100,C000636,P00048,2024-10-25,2024-10-01,2024-11-14,20,Apparel,Dresses,Latitude 54,Web,FC-Central,Regional Freight,true,Wrong size,true,Recovered,1,1,89.67,34.16
R000335,OI0002262,O0001103,C000638,P00096,2024-04-05,2024-04-01,2024-05-04,29,Electronics,Accessories,Mokkan,Mobile App,FC-South,Regional Freight,true,Not as described,true,Recovered,2,2,896.36,86.4
R000336,OI0002265,O0001105,C000639,P00035,2024-05-14,2024-05-01,2024-06-06,23,Apparel,Outerwear,Northvale,Web,FC-South,Swiftline,true,Changed mind,true,Recovered,1,1,131.59,67.13
R000337,OI0002266,O0001106,C000640,P00079,2024-04-07,2024-04-01,2024-04-21,14,Footwear,Sandals,Mokkan,Store,Store Pickup,,,Not as described,true,Recovered,3,3,203.22,68.91
R000338,OI0002268,O0001108,C000641,P00016,2024-05-20,2024-05-01,2024-06-06,17,Apparel,Knitwear,Brightpath,Mobile App,FC-North,Swiftline,true,Wrong size,true,Recovered,1,1,54.64,32.91
R000339,OI0002269,O0001108,C000641,P00055,2024-05-20,2024-05-01,2024-06-16,27,Footwear,Trainers,Ellery & Co,Mobile App,FC-North,Swiftline,true,Faulty,false,Written off,1,1,23.49,23.49
R000340,OI0002270,O0001109,C000642,P00134,2024-04-08,2024-04-01,2024-05-09,31,Home & Kitchen,Cookware,Brightpath,Web,FC-Central,Swiftline,true,Changed mind,true,Recovered,1,1,68.67,27.05
R000341,OI0002277,O0001112,C000645,P00048,2024-04-08,2024-04-01,2024-04-13,5,Apparel,Dresses,Latitude 54,Store,Store Pickup,,,Changed mind,true,Recovered,1,1,107.04,51.53
R000342,OI0002283,O0001114,C000646,P00127,2024-06-12,2024-06-01,2024-07-05,23,Home & Kitchen,Cookware,Latitude 54,Mobile App,FC-Central,Regional Freight,true,Changed mind,true,Recovered,1,1,169.23,52.28
R000343,OI0002286,O0001115,C000646,P00125,2024-08-24,2024-08-01,2024-09-12,19,Home & Kitchen,Lighting,Latitude 54,Web,FC-Central,Swiftline,true,Arrived too late,true,Recovered,1,1,100.06,34.99
R000344,OI0002288,O0001116,C000647,P00136,2024-04-08,2024-04-01,2024-05-02,24,Home & Kitchen,Cookware,Latitude 54,Web,FC-South,Regional Freight,false,Wrong size,true,Recovered,1,1,17.21,-1.0
R000345,OI0002305,O0001125,C000653,P00063,2024-04-09,2024-04-01,2024-04-22,13,Footwear,Formal,Northvale,Mobile App,FC-South,Swiftline,true,Changed mind,true,Recovered,1,1,30.18,13.51
R000346,OI0002312,O0001128,C000655,P00056,2024-04-09,2024-04-01,2024-05-10,31,Footwear,Sandals,Puresel,Mobile App,FC-North,Swiftline,true,Changed mind,true,Recovered,1,1,52.35,7.48
R000347,OI0002320,O0001131,C000657,P00187,2024-04-10,2024-04-01,2024-04-24,14,Sports & Outdoors,Camping,Puresel,Mobile App,FC-North,Metro Post,true,Not as described,true,Recovered,1,3,164.80,60.13
R000348,OI0002324,O0001133,C000658,P00021,2025-01-19,2025-01-01,2025-02-13,25,Apparel,Denim,Northvale,Mobile App,FC-South,Swiftline,true,Changed mind,true,Recovered,1,1,50.47,29.31
R000349,OI0002336,O0001137,C000660,P00094,2024-09-21,2024-09-01,2024-10-12,21,Electronics,Accessories,Latitude 54,Web,FC-Central,Metro Post,false,Arrived too late,true,Recovered,1,2,369.16,52.35
R000350,OI0002341,O0001140,C000662,P00076,2024-04-11,2024-04-01,2024-04-21,10,Footwear,Trainers,Puresel,Store,Store Pickup,,,Damaged in transit,false,Written off,1,1,83.39,83.39
R000351,OI0002349,O0001142,C000664,P00074,2024-04-12,2024-04-01,2024-04-25,13,Footwear,Trainers,Puresel,Store,Store Pickup,,,Not as described,true,Recovered,1,1,124.59,76.8
R000352,OI0002362,O0001147,C000668,P00103,2024-04-10,2024-04-01,2024-04-15,5,Electronics,Small Appliances,Latitude 54,Mobile App,FC-South,Metro Post,true,Faulty,false,Written off,2,2,223.80,223.8
R000353,OI0002363,O0001148,C000669,P00091,2024-04-11,2024-04-01,2024-05-13,32,Electronics,Small Appliances,Mokkan,Marketplace,FC-North,Swiftline,true,Not as described,true,Recovered,1,1,437.76,86.34
R000354,OI0002364,O0001149,C000670,P00075,2024-04-10,2024-04-01,2024-04-21,11,Footwear,Formal,Latitude 54,Store,Store Pickup,,,Faulty,false,Written off,3,3,131.25,131.25
R000355,OI0002370,O0001152,C000670,P00075,2024-11-09,2024-11-01,2024-12-05,26,Footwear,Formal,Latitude 54,Web,FC-Central,Regional Freight,true,Changed mind,true,Recovered,1,1,43.44,17.02
R000356,OI0002374,O0001153,C000671,P00001,2024-04-11,2024-04-01,2024-04-29,18,Apparel,Dresses,Latitude 54,Web,FC-North,Metro Post,true,Damaged in transit,false,Written off,1,1,33.94,33.94
R000357,OI0002381,O0001157,C000674,P00043,2024-10-03,2024-10-01,2024-10-31,28,Apparel,Denim,Puresel,Mobile App,FC-North,Swiftline,true,Damaged in transit,false,Written off,1,2,107.20,107.2
R000358,OI0002383,O0001157,C000674,P00101,2024-10-03,2024-10-01,2024-11-04,32,Electronics,Small Appliances,Corda,Mobile App,FC-North,Swiftline,true,Damaged in transit,false,Written off,1,1,112.24,112.24
R000359,OI0002392,O0001161,C000675,P00058,2024-07-21,2024-07-01,2024-07-31,10,Footwear,Trainers,Brightpath,Web,FC-Central,Regional Freight,true,Faulty,false,Written off,1,1,112.57,112.57
R000360,OI0002394,O0001163,C000676,P00014,2024-04-11,2024-04-01,2024-04-19,8,Apparel,Dresses,Corda,Marketplace,FC-North,Metro Post,true,Changed mind,true,Recovered,1,1,87.12,49.84
R000361,OI0002399,O0001165,C000678,P00027,2024-04-11,2024-04-01,2024-05-02,21,Apparel,Outerwear,Mokkan,Mobile App,FC-South,Metro Post,true,Changed mind,true,Recovered,1,1,31.13,17.81
R000362,OI0002413,O0001171,C000680,P00044,2024-04-11,2024-04-01,2024-05-09,28,Apparel,Denim,Corda,Web,FC-Central,Swiftline,true,Damaged in transit,false,Written off,2,2,41.80,41.8
R000363,OI0002419,O0001173,C000682,P00044,2024-04-10,2024-04-01,2024-05-05,25,Apparel,Denim,Corda,Web,FC-Central,Metro Post,true,Not as described,true,Recovered,1,1,20.90,14.24
R000364,OI0002422,O0001175,C000683,P00069,2024-06-09,2024-06-01,2024-06-20,11,Footwear,Sandals,Brightpath,Web,FC-South,Regional Freight,true,Changed mind,true,Recovered,1,1,148.15,87.94
R000365,OI0002423,O0001175,C000683,P00012,2024-06-09,2024-06-01,2024-06-24,15,Apparel,Knitwear,Mokkan,Web,FC-South,Regional Freight,true,Changed mind,true,Recovered,1,1,83.95,43.76
R000366,OI0002432,O0001181,C000686,P00072,2024-04-13,2024-04-01,2024-04-26,13,Footwear,Sandals,Brightpath,Web,FC-North,Swiftline,false,Arrived too late,true,Recovered,1,1,58.95,35.37
R000367,OI0002440,O0001184,C000688,P00069,2024-05-31,2024-05-01,2024-06-23,23,Footwear,Sandals,Brightpath,Web,FC-North,Swiftline,true,Arrived too late,true,Recovered,1,1,133.69,73.48
R000368,OI0002443,O0001186,C000689,P00123,2024-04-14,2024-04-01,2024-04-25,11,Home & Kitchen,Lighting,Northvale,Web,FC-Central,Metro Post,true,Changed mind,true,Recovered,1,1,135.84,51.49
R000369,OI0002447,O0001187,C000689,P00141,2024-05-24,2024-05-01,2024-06-25,32,Home & Kitchen,Cookware,Ellery & Co,Web,FC-Central,Swiftline,true,Not as described,true,Recovered,1,1,169.49,64.63
R000370,OI0002458,O0001192,C000694,P00019,2024-04-12,2024-04-01,2024-04-21,9,Apparel,Tops,Brightpath,Store,Store Pickup,,,Changed mind,true,Recovered,1,1,65.52,36.16
R000371,OI0002461,O0001193,C000695,P00014,2024-04-15,2024-04-01,2024-04-28,13,Apparel,Dresses,Corda,Web,FC-South,Regional Freight,false,Arrived too late,true,Recovered,1,1,87.12,49.84
R000372,OI0002474,O0001198,C000697,P00021,2024-07-11,2024-07-01,2024-07-20,9,Apparel,Denim,Northvale,Mobile App,FC-Central,Metro Post,true,Changed mind,true,Recovered,1,1,44.78,23.62
R000373,OI0002494,O0001206,C000704,P00086,2024-04-14,2024-04-01,2024-05-13,29,Electronics,Audio,Brightpath,Web,FC-North,Metro Post,true,Damaged in transit,false,Written off,1,1,263.09,263.09
R000374,OI0002514,O0001215,C000709,P00036,2024-04-13,2024-04-01,2024-05-13,30,Apparel,Dresses,Latitude 54,Mobile App,FC-North,Swiftline,false,Wrong size,true,Recovered,1,1,67.23,43.24
R000375,OI0002516,O0001215,C000709,P00033,2024-04-13,2024-04-01,2024-04-26,13,Apparel,Denim,Northvale,Mobile App,FC-North,Swiftline,false,Arrived too late,true,Recovered,1,1,44.67,26.8
R000376,OI0002518,O0001216,C000710,P00076,2024-04-14,2024-04-01,2024-04-18,4,Footwear,Trainers,Puresel,Marketplace,FC-South,Regional Freight,true,Faulty,false,Written off,1,1,83.39,83.39
R000377,OI0002520,O0001216,C000710,P00072,2024-04-14,2024-04-01,2024-04-28,14,Footwear,Sandals,Brightpath,Marketplace,FC-South,Regional Freight,true,Wrong size,true,Recovered,1,1,50.05,26.47
R000378,OI0002521,O0001217,C000711,P00131,2024-04-15,2024-04-01,2024-05-04,19,Home & Kitchen,Cookware,Mokkan,Web,FC-South,Metro Post,true,Faulty,false,Written off,1,1,107.23,107.23
R000379,OI0002523,O0001219,C000712,P00102,2024-04-16,2024-04-01,2024-05-07,21,Electronics,Small Appliances,Corda,Web,FC-South,Regional Freight,true,Changed mind,true,Recovered,1,1,243.13,27.23
R000380,OI0002529,O0001221,C000714,P00020,2024-04-17,2024-04-01,2024-05-18,31,Apparel,Denim,Ellery & Co,Mobile App,FC-South,Regional Freight,true,Faulty,false,Written off,1,1,131.49,131.49
R000381,OI0002535,O0001223,C000715,P00097,2024-04-14,2024-04-01,2024-05-13,29,Electronics,Audio,Corda,Marketplace,FC-South,Metro Post,true,Changed mind,true,Recovered,1,1,260.61,39.34
R000382,OI0002537,O0001225,C000715,P00120,2024-07-18,2024-07-01,2024-08-18,31,Home & Kitchen,Lighting,Northvale,Web,FC-South,Regional Freight,false,Arrived too late,true,Recovered,1,1,75.45,18.14
R000383,OI0002551,O0001235,C000719,P00018,2024-04-13,2024-04-01,2024-04-29,16,Apparel,Denim,Latitude 54,Mobile App,FC-South,Regional Freight,true,Not as described,true,Recovered,1,1,62.01,35.68
R000384,OI0002561,O0001239,C000722,P00071,2024-04-17,2024-04-01,2024-05-13,26,Footwear,Boots,Puresel,Web,FC-South,Swiftline,true,Wrong size,true,Recovered,1,1,122.76,66.8
R000385,OI0002563,O0001239,C000722,P00134,2024-04-17,2024-04-01,2024-04-22,5,Home & Kitchen,Cookware,Brightpath,Web,FC-South,Swiftline,true,Changed mind,true,Recovered,1,1,68.67,27.05
R000386,OI0002564,O0001240,C000723,P00180,2024-04-14,2024-04-01,2024-04-30,16,Sports & Outdoors,Fitness,Brightpath,Mobile App,FC-North,Swiftline,true,Arrived too late,true,Recovered,1,1,219.47,90.77
R000387,OI0002583,O0001250,C000729,P00082,2024-04-14,2024-04-01,2024-05-11,27,Electronics,Audio,Puresel,Marketplace,FC-North,Swiftline,true,Wrong size,true,Recovered,1,1,477.87,99.3
R000388,OI0002597,O0001258,C000736,P00016,2024-05-08,2024-05-01,2024-06-03,26,Apparel,Knitwear,Brightpath,Marketplace,FC-Central,Metro Post,true,Not as described,true,Recovered,1,1,38.93,17.2
R000389,OI0002600,O0001259,C000736,P00001,2024-07-10,2024-07-01,2024-08-04,25,Apparel,Dresses,Latitude 54,Mobile App,FC-Central,Swiftline,true,Arrived too late,true,Recovered,1,1,38.97,24.82
R000390,OI0002605,O0001262,C000738,P00123,2024-05-09,2024-05-01,2024-05-25,16,Home & Kitchen,Lighting,Northvale,Web,FC-Central,Swiftline,true,Changed mind,true,Recovered,1,1,89.34,4.99
R000391,OI0002609,O0001264,C000739,P00077,2024-06-22,2024-06-01,2024-07-05,13,Footwear,Boots,Ellery & Co,Web,FC-North,Swiftline,true,Not as described,true,Recovered,1,1,75.04,34.12
R000392,OI0002627,O0001271,C000745,P00188,2024-08-15,2024-08-01,2024-08-21,6,Sports & Outdoors,Swim,Mokkan,Marketplace,FC-South,Swiftline,true,Wrong size,true,Recovered,1,1,166.85,68.1
R000393,OI0002633,O0001274,C000746,P00072,2024-07-31,2024-07-01,2024-08-17,17,Footwear,Sandals,Brightpath,Web,FC-South,Swiftline,false,Arrived too late,true,Recovered,1,2,58.95,35.37
R000394,OI0002652,O0001286,C000750,P00167,2025-05-06,2025-05-01,2025-05-13,7,Beauty,Fragrance,Latitude 54,Store,Store Pickup,,,Changed mind,true,Recovered,1,1,59.63,38.5
R000395,OI0002658,O0001288,C000750,P00066,2026-01-25,2026-01-01,2026-02-19,25,Footwear,Sandals,Puresel,Web,FC-Central,Regional Freight,false,Faulty,false,Written off,1,1,111.95,111.95
R000396,OI0002669,O0001294,C000754,P00045,2024-04-20,2024-04-01,2024-05-21,31,Apparel,Knitwear,Puresel,Web,FC-North,Metro Post,false,Arrived too late,true,Recovered,1,2,70.92,41.49
R000397,OI0002673,O0001296,C000756,P00056,2024-04-21,2024-04-01,2024-05-05,14,Footwear,Sandals,Puresel,Web,FC-Central,Metro Post,true,Changed mind,true,Recovered,2,2,145.23,55.49
R000398,OI0002682,O0001301,C000761,P00010,2024-04-19,2024-04-01,2024-05-08,19,Apparel,Denim,Puresel,Mobile App,FC-North,Regional Freight,true,Arrived too late,true,Recovered,1,1,28.00,15.12
R000399,OI0002704,O0001311,C000766,P00045,2024-04-21,2024-04-01,2024-04-27,6,Apparel,Knitwear,Puresel,Web,FC-North,Swiftline,true,Changed mind,true,Recovered,1,1,70.92,41.49
R000400,OI0002712,O0001317,C000767,P00081,2024-04-20,2024-04-01,2024-04-27,7,Electronics,Wearables,Mokkan,Mobile App,FC-North,Regional Freight,true,Damaged in transit,false,Written off,1,2,425.20,425.2
R000401,OI0002716,O0001318,C000768,P00024,2024-04-22,2024-04-01,2024-05-28,36,Apparel,Outerwear,Brightpath,Marketplace,FC-South,Regional Freight,false,Arrived too late,true,Recovered,1,1,35.49,19.91
R000402,OI0002719,O0001319,C000768,P00103,2024-07-10,2024-07-01,2024-07-15,5,Electronics,Small Appliances,Latitude 54,Marketplace,FC-South,Regional Freight,true,Damaged in transit,false,Written off,1,1,111.90,111.9
R000403,OI0002730,O0001324,C000772,P00064,2024-06-15,2024-06-01,2024-06-28,13,Footwear,Boots,Mokkan,Web,FC-Central,Regional Freight,true,Not as described,true,Recovered,1,1,93.30,50.66
R000404,OI0002744,O0001332,C000778,P00077,2024-04-24,2024-04-01,2024-05-18,24,Footwear,Boots,Ellery & Co,Web,FC-South,Regional Freight,true,Faulty,false,Written off,1,1,105.21,105.21
R000405,OI0002756,O0001340,C000783,P00026,2024-04-21,2024-04-01,2024-05-07,16,Apparel,Dresses,Corda,Mobile App,FC-Central,Swiftline,true,Not as described,true,Recovered,1,1,34.19,16.49
R000406,OI0002772,O0001350,C000788,P00058,2024-04-22,2024-04-01,2024-04-29,7,Footwear,Trainers,Brightpath,Web,FC-Central,Swiftline,true,Damaged in transit,false,Written off,1,1,156.81,156.81
R000407,OI0002776,O0001352,C000789,P00039,2024-04-24,2024-04-01,2024-05-25,31,Apparel,Outerwear,Latitude 54,Web,FC-South,Regional Freight,true,Faulty,false,Written off,1,1,25.56,25.56
R000408,OI0002798,O0001363,C000795,P00131,2024-04-25,2024-04-01,2024-05-10,15,Home & Kitchen,Cookware,Mokkan,Marketplace,FC-North,Swiftline,false,Arrived too late,true,Recovered,1,1,107.23,33.76
R000409,OI0002799,O0001363,C000795,P00107,2024-04-25,2024-04-01,2024-05-24,29,Electronics,Wearables,Corda,Marketplace,FC-North,Swiftline,false,Arrived too late,true,Recovered,1,1,106.47,9.61
R000410,OI0002809,O0001369,C000798,P00018,2024-04-23,2024-04-01,2024-05-07,14,Apparel,Denim,Latitude 54,Store,Store Pickup,,,Arrived too late,true,Recovered,1,1,62.01,35.68
R000411,OI0002844,O0001385,C000808,P00135,2024-04-25,2024-04-01,2024-05-13,18,Home & Kitchen,Bedding,Ellery & Co,Marketplace,FC-North,Swiftline,true,Changed mind,true,Recovered,2,2,280.70,106.12
R000412,OI0002850,O0001389,C000809,P00047,2024-09-04,2024-09-01,2024-09-19,15,Apparel,Dresses,Puresel,Mobile App,FC-Central,Metro Post,true,Wrong size,true,Recovered,1,1,83.76,38.51
R000413,OI0002852,O0001389,C000809,P00010,2024-09-04,2024-09-01,2024-09-29,25,Apparel,Denim,Puresel,Mobile App,FC-Central,Metro Post,true,Arrived too late,true,Recovered,1,1,28.00,15.12
R000414,OI0002855,O0001390,C000810,P00042,2024-04-25,2024-04-01,2024-05-02,7,Apparel,Knitwear,Latitude 54,Web,FC-South,Metro Post,true,Changed mind,true,Recovered,1,1,70.02,30.0
R000415,OI0002859,O0001391,C000810,P00025,2024-06-14,2024-06-01,2024-07-15,31,Apparel,Outerwear,Corda,Mobile App,FC-South,Metro Post,true,Wrong size,true,Recovered,1,1,125.94,77.04
R000416,OI0002871,O0001396,C000813,P00016,2024-04-26,2024-04-01,2024-05-13,17,Apparel,Knitwear,Brightpath,Mobile App,FC-South,Metro Post,false,Arrived too late,true,Recovered,1,1,54.64,32.91
R000417,OI0002873,O0001398,C000815,P00021,2024-04-28,2024-04-01,2024-05-28,30,Apparel,Denim,Northvale,Web,FC-South,Swiftline,true,Arrived too late,true,Recovered,1,1,52.72,31.56
R000418,OI0002878,O0001400,C000817,P00023,2024-04-29,2024-04-01,2024-05-14,15,Apparel,Tops,Latitude 54,Mobile App,FC-Central,Metro Post,true,Not as described,true,Recovered,1,1,42.48,24.74
R000419,OI0002889,O0001404,C000818,P00140,2024-08-10,2024-08-01,2024-08-31,21,Home & Kitchen,Lighting,Brightpath,Web,FC-North,Swiftline,true,Damaged in transit,false,Written off,1,1,39.16,39.16
R000420,OI0002894,O0001406,C000819,P00153,2024-06-01,2024-06-01,2024-06-14,13,Beauty,Fragrance,Ellery & Co,Mobile App,FC-Central,Metro Post,true,Not as described,true,Recovered,2,2,31.30,-1.38
R000421,OI0002898,O0001409,C000821,P00064,2024-04-26,2024-04-01,2024-05-09,13,Footwear,Boots,Mokkan,Web,FC-South,Swiftline,true,Changed mind,true,Recovered,1,1,93.30,50.66
R000422,OI0002909,O0001417,C000826,P00129,2024-06-17,2024-06-01,2024-07-13,26,Home & Kitchen,Cookware,Ellery & Co,Web,FC-South,Metro Post,false,Wrong size,true,Recovered,1,1,59.96,19.8
R000423,OI0002920,O0001422,C000828,P00020,2024-04-29,2024-04-01,2024-05-08,9,Apparel,Denim,Ellery & Co,Web,FC-South,Regional Freight,true,Changed mind,true,Recovered,2,2,211.75,117.91
R000424,OI0002921,O0001423,C000829,P00147,2024-04-27,2024-04-01,2024-05-09,12,Beauty,Haircare,Mokkan,Web,FC-North,Swiftline,true,Changed mind,true,Recovered,3,3,170.25,81.54
R000425,OI0002941,O0001428,C000833,P00034,2024-05-01,2024-05-01,2024-05-19,18,Apparel,Dresses,Latitude 54,Store,Store Pickup,,,Not as described,true,Recovered,1,1,41.79,20.17
R000426,OI0002950,O0001431,C000835,P00041,2024-05-02,2024-05-01,2024-05-15,13,Apparel,Outerwear,Latitude 54,Web,FC-North,Regional Freight,true,Wrong size,true,Recovered,1,1,125.23,65.8
R000427,OI0002954,O0001433,C000836,P00062,2024-11-15,2024-11-01,2024-11-28,13,Footwear,Formal,Latitude 54,Mobile App,FC-North,Swiftline,false,Arrived too late,true,Recovered,1,1,89.17,38.02
R000428,OI0002958,O0001435,C000837,P00096,2024-04-30,2024-04-01,2024-05-05,5,Electronics,Accessories,Mokkan,Web,FC-South,Swiftline,true,Not as described,true,Recovered,1,1,448.18,43.2
R000429,OI0002977,O0001441,C000841,P00071,2024-04-29,2024-04-01,2024-05-21,22,Footwear,Boots,Puresel,Web,FC-South,Swiftline,true,Wrong size,true,Recovered,1,1,106.52,50.56
R000430,OI0002979,O0001441,C000841,P00043,2024-04-29,2024-04-01,2024-05-10,11,Apparel,Denim,Puresel,Web,FC-South,Swiftline,true,Damaged in transit,false,Written off,1,1,77.72,77.72
R000431,OI0002986,O0001447,C000842,P00173,2025-09-02,2025-09-01,2025-10-01,29,Sports & Outdoors,Swim,Mokkan,Web,FC-Central,Swiftline,true,Arrived too late,true,Recovered,1,1,77.82,36.14
R000432,OI0002987,O0001448,C000842,P00096,2026-05-17,2026-05-01,2026-06-12,26,Electronics,Accessories,Mokkan,Web,FC-Central,Swiftline,true,Changed mind,true,Recovered,1,2,448.18,43.2
R000433,OI0002994,O0001451,C000843,P00190,2024-07-09,2024-07-01,2024-07-25,16,Sports & Outdoors,Cycling,Puresel,Marketplace,FC-South,Regional Freight,false,Arrived too late,true,Recovered,1,1,189.90,84.75
R000434,OI0003003,O0001456,C000846,P00047,2024-05-24,2024-05-01,2024-06-06,13,Apparel,Dresses,Puresel,Web,FC-Central,Metro Post,false,Faulty,false,Written off,1,1,95.89,95.89
R000435,OI0003017,O0001462,C000850,P00073,2024-06-25,2024-06-01,2024-06-30,5,Footwear,Boots,Brightpath,Web,FC-South,Regional Freight,false,Arrived too late,true,Recovered,1,1,57.07,18.65
R000436,OI0003019,O0001462,C000850,P00070,2024-06-25,2024-06-01,2024-07-19,24,Footwear,Boots,Latitude 54,Web,FC-South,Regional Freight,false,Wrong size,true,Recovered,1,1,81.65,41.3
R000437,OI0003021,O0001463,C000850,P00055,2024-07-31,2024-07-01,2024-08-15,15,Footwear,Trainers,Ellery & Co,Web,FC-South,Swiftline,true,Changed mind,true,Recovered,2,2,75.79,37.51
R000438,OI0003027,O0001464,C000850,P00072,2024-09-03,2024-09-01,2024-10-01,28,Footwear,Sandals,Brightpath,Web,FC-South,Regional Freight,true,Changed mind,true,Recovered,1,1,58.95,35.37
R000439,OI0003029,O0001465,C000850,P00073,2024-09-24,2024-09-01,2024-10-17,23,Footwear,Boots,Brightpath,Marketplace,FC-South,Metro Post,true,Faulty,false,Written off,1,1,77.86,77.86
R000440,OI0003031,O0001466,C000850,P00078,2024-12-03,2024-12-01,2024-12-29,26,Footwear,Sandals,Corda,Web,FC-South,Regional Freight,true,Arrived too late,true,Recovered,1,1,86.31,25.29
R000441,OI0003032,O0001466,C000850,P00099,2024-12-03,2024-12-01,2025-01-02,30,Electronics,Small Appliances,Latitude 54,Web,FC-South,Regional Freight,true,Changed mind,true,Recovered,1,1,215.42,-146.48
R000442,OI0003037,O0001468,C000851,P00170,2024-05-29,2024-05-01,2024-06-04,6,Sports & Outdoors,Cycling,Corda,Mobile App,FC-Central,Swiftline,true,Changed mind,true,Recovered,1,1,216.26,95.69
R000443,OI0003038,O0001469,C000852,P00058,2024-05-04,2024-05-01,2024-05-24,20,Footwear,Trainers,Brightpath,Web,FC-Central,Swiftline,true,Faulty,false,Written off,1,1,156.81,156.81
R000444,OI0003053,O0001475,C000855,P00043,2025-02-03,2025-02-01,2025-02-16,13,Apparel,Denim,Puresel,Mobile App,FC-North,Swiftline,true,Changed mind,true,Recovered,1,1,107.20,69.39
R000445,OI0003064,O0001479,C000857,P00032,2024-05-05,2024-05-01,2024-05-14,9,Apparel,Outerwear,Mokkan,Marketplace,FC-North,Regional Freight,true,Changed mind,true,Recovered,2,2,68.92,44.12
R000446,OI0003067,O0001480,C000858,P00076,2024-05-03,2024-05-01,2024-05-26,23,Footwear,Trainers,Puresel,Marketplace,FC-South,Regional Freight,false,Arrived too late,true,Recovered,1,1,83.39,49.11
R000447,OI0003078,O0001486,C000861,P00083,2024-07-24,2024-07-01,2024-08-11,18,Electronics,Audio,Mokkan,Web,FC-North,Metro Post,true,Wrong size,true,Recovered,1,1,79.97,-4.81
R000448,OI0003082,O0001488,C000862,P00039,2024-06-05,2024-06-01,2024-06-23,18,Apparel,Outerwear,Latitude 54,Web,FC-South,Regional Freight,true,Not as described,true,Recovered,1,1,16.34,4.96
R000449,OI0003086,O0001489,C000862,P00028,2024-08-02,2024-08-01,2024-08-19,17,Apparel,Dresses,Mokkan,Store,Store Pickup,,,Wrong size,true,Recovered,2,2,31.32,7.84
R000450,OI0003087,O0001489,C000862,P00024,2024-08-02,2024-08-01,2024-08-06,4,Apparel,Outerwear,Brightpath,Store,Store Pickup,,,Not as described,true,Recovered,1,1,35.49,19.91
R000451,OI0003088,O0001489,C000862,P00063,2024-08-02,2024-08-01,2024-08-17,15,Footwear,Formal,Northvale,Store,Store Pickup,,,Not as described,true,Recovered,4,4,97.61,30.93
R000452,OI0003089,O0001489,C000862,P00119,2024-08-02,2024-08-01,2024-08-26,24,Home & Kitchen,Storage,Puresel,Store,Store Pickup,,,Faulty,false,Written off,1,1,179.17,179.17
R000453,OI0003091,O0001491,C000862,P00027,2024-11-09,2024-11-01,2024-11-16,7,Apparel,Outerwear,Mokkan,Store,Store Pickup,,,Changed mind,true,Recovered,1,1,31.13,17.81
R000454,OI0003105,O0001498,C000867,P00121,2024-05-05,2024-05-01,2024-05-08,3,Home & Kitchen,Tableware,Mokkan,Store,Store Pickup,,,Not as described,true,Recovered,1,1,95.77,22.65
R000455,OI0003106,O0001498,C000867,P00162,2024-05-05,2024-05-01,2024-05-13,8,Beauty,Haircare,Ellery & Co,Store,Store Pickup,,,Changed mind,true,Recovered,2,2,126.72,85.4
R000456,OI0003108,O0001500,C000867,P00017,2024-09-17,2024-09-01,2024-10-09,22,Apparel,Dresses,Corda,Mobile App,FC-North,Swiftline,true,Not as described,true,Recovered,1,1,26.47,14.6
R000457,OI0003112,O0001502,C000868,P00034,2024-07-04,2024-07-01,2024-07-10,6,Apparel,Dresses,Latitude 54,Mobile App,FC-Central,Metro Post,true,Not as described,true,Recovered,1,1,41.79,20.17
R000458,OI0003132,O0001511,C000873,P00015,2024-05-04,2024-05-01,2024-05-18,14,Apparel,Tops,Corda,Web,FC-North,Metro Post,true,Wrong size,true,Recovered,1,1,50.01,23.34
R000459,OI0003141,O0001514,C000875,P00005,2024-06-04,2024-06-01,2024-06-18,14,Apparel,Knitwear,Ellery & Co,Mobile App,FC-South,Metro Post,true,Changed mind,true,Recovered,1,1,38.41,16.53
R000460,OI0003143,O0001514,C000875,P00170,2024-06-04,2024-06-01,2024-06-23,19,Sports & Outdoors,Cycling,Corda,Mobile App,FC-South,Metro Post,true,Arrived too late,true,Recovered,2,2,432.52,191.38
R000461,OI0003144,O0001515,C000875,P00031,2024-08-11,2024-08-01,2024-09-05,25,Apparel,Dresses,Brightpath,Web,FC-South,Regional Freight,true,Damaged in transit,false,Written off,1,1,90.94,90.94
R000462,OI0003151,O0001518,C000876,P00160,2024-05-23,2024-05-01,2024-06-15,23,Beauty,Fragrance,Puresel,Web,FC-Central,Swiftline,true,Damaged in transit,false,Written off,1,1,65.82,65.82
R000463,OI0003160,O0001524,C000882,P00124,2024-05-08,2024-05-01,2024-06-06,29,Home & Kitchen,Bedding,Latitude 54,Web,FC-North,Swiftline,true,Faulty,false,Written off,1,1,27.40,27.4
R000464,OI0003170,O0001531,C000886,P00132,2024-07-27,2024-07-01,2024-08-27,31,Home & Kitchen,Cookware,Ellery & Co,Web,FC-South,Metro Post,false,Arrived too late,true,Recovered,2,2,137.04,57.28
R000465,OI0003182,O0001538,C000892,P00072,2024-05-10,2024-05-01,2024-05-28,18,Footwear,Sandals,Brightpath,Marketplace,FC-South,Regional Freight,true,Faulty,false,Written off,2,2,117.90,117.9
R000466,OI0003194,O0001543,C000895,P00096,2024-05-24,2024-05-01,2024-06-10,17,Electronics,Accessories,Mokkan,Mobile App,FC-North,Metro Post,true,Changed mind,true,Recovered,1,1,448.18,43.2
R000467,OI0003195,O0001544,C000896,P00067,2024-05-07,2024-05-01,2024-06-02,26,Footwear,Sandals,Corda,Web,FC-North,Regional Freight,true,Not as described,true,Recovered,1,1,53.42,22.0
R000468,OI0003197,O0001544,C000896,P00040,2024-05-07,2024-05-01,2024-06-03,27,Apparel,Tops,Puresel,Web,FC-North,Regional Freight,true,Not as described,true,Recovered,1,1,105.66,64.69
R000469,OI0003199,O0001545,C000897,P00077,2024-05-09,2024-05-01,2024-05-22,13,Footwear,Boots,Ellery & Co,Web,FC-South,Metro Post,true,Changed mind,true,Recovered,1,1,86.70,45.78
R000470,OI0003206,O0001549,C000900,P00064,2024-05-07,2024-05-01,2024-05-26,19,Footwear,Boots,Mokkan,Web,FC-South,Regional Freight,true,Wrong size,true,Recovered,3,3,223.02,95.1
R000471,OI0003207,O0001549,C000900,P00019,2024-05-07,2024-05-01,2024-05-14,7,Apparel,Tops,Brightpath,Web,FC-South,Regional Freight,true,Faulty,false,Written off,1,1,38.32,38.32
R000472,OI0003228,O0001556,C000902,P00059,2024-10-05,2024-10-01,2024-10-12,7,Footwear,Trainers,Latitude 54,Mobile App,FC-North,Swiftline,true,Changed mind,true,Recovered,1,1,129.93,59.89
R000473,OI0003238,O0001560,C000903,P00173,2024-11-11,2024-11-01,2024-12-11,30,Sports & Outdoors,Swim,Mokkan,Mobile App,FC-North,Swiftline,true,Damaged in transit,false,Written off,1,1,74.12,74.12
R000474,OI0003244,O0001564,C000905,P00015,2024-06-06,2024-06-01,2024-06-16,10,Apparel,Tops,Corda,Mobile App,FC-North,Swiftline,true,Not as described,true,Recovered,1,1,66.55,39.88
R000475,OI0003251,O0001566,C000907,P00155,2024-05-11,2024-05-01,2024-06-04,24,Beauty,Fragrance,Latitude 54,Web,FC-North,Metro Post,true,Faulty,false,Written off,1,1,44.92,44.92
R000476,OI0003264,O0001573,C000911,P00043,2024-05-10,2024-05-01,2024-06-08,29,Apparel,Denim,Puresel,Mobile App,FC-North,Swiftline,true,Changed mind,true,Recovered,1,1,89.30,51.49
R000477,OI0003267,O0001575,C000913,P00051,2024-05-10,2024-05-01,2024-05-16,6,Apparel,Denim,Corda,Web,FC-South,Swiftline,true,Not as described,true,Recovered,1,2,35.79,18.25
R000478,OI0003270,O0001576,C000913,P00009,2024-07-14,2024-07-01,2024-07-27,13,Apparel,Outerwear,Mokkan,Mobile App,FC-South,Swiftline,true,Changed mind,true,Recovered,1,1,73.72,42.56
R000479,OI0003281,O0001581,C000916,P00080,2025-06-08,2025-06-01,2025-07-02,24,Footwear,Sandals,Ellery & Co,Mobile App,FC-Central,Swiftline,true,Damaged in transit,false,Written off,1,1,49.77,49.77
R000480,OI0003292,O0001588,C000920,P00141,2024-06-22,2024-06-01,2024-06-27,5,Home & Kitchen,Cookware,Ellery & Co,Web,FC-Central,Regional Freight,true,Not as described,true,Recovered,1,1,132.64,27.78
R000481,OI0003300,O0001592,C000923,P00022,2024-05-14,2024-05-01,2024-06-13,30,Apparel,Knitwear,Northvale,Web,FC-South,Regional Freight,false,Arrived too late,true,Recovered,1,2,33.81,19.12
R000482,OI0003312,O0001597,C000927,P00050,2024-05-14,2024-05-01,2024-05-27,13,Apparel,Knitwear,Brightpath,Web,FC-South,Metro Post,true,Changed mind,true,Recovered,2,2,184.53,84.79
R000483,OI0003321,O0001602,C000930,P00187,2024-05-12,2024-05-01,2024-06-08,27,Sports & Outdoors,Camping,Puresel,Store,Store Pickup,,,Damaged in transit,false,Written off,1,1,152.65,152.65
R000484,OI0003322,O0001602,C000930,P00181,2024-05-12,2024-05-01,2024-06-08,27,Sports & Outdoors,Camping,Ellery & Co,Store,Store Pickup,,,Damaged in transit,false,Written off,1,1,235.91,235.91
R000485,OI0003339,O0001609,C000932,P00065,2024-05-12,2024-05-01,2024-06-01,20,Footwear,Sandals,Ellery & Co,Web,FC-Central,Swiftline,true,Damaged in transit,false,Written off,1,1,94.68,94.68
R000486,OI0003342,O0001611,C000933,P00109,2024-05-15,2024-05-01,2024-06-05,21,Electronics,Audio,Corda,Mobile App,FC-North,Swiftline,true,Damaged in transit,false,Written off,1,1,186.86,186.86
R000487,OI0003344,O0001612,C000934,P00139,2024-05-12,2024-05-01,2024-05-20,8,Home & Kitchen,Cookware,Ellery & Co,Marketplace,FC-North,Swiftline,true,Wrong size,true,Recovered,1,1,53.02,21.66
R000488,OI0003345,O0001613,C000935,P00093,2024-05-15,2024-05-01,2024-06-01,17,Electronics,Audio,Puresel,Mobile App,FC-Central,Metro Post,true,Not as described,true,Recovered,2,2,323.14,39.3
R000489,OI0003352,O0001615,C000936,P00056,2024-05-16,2024-05-01,2024-06-12,27,Footwear,Sandals,Puresel,Web,FC-Central,Metro Post,true,Wrong size,true,Recovered,1,1,105.15,60.28
R000490,OI0003364,O0001622,C000941,P00156,2024-05-14,2024-05-01,2024-05-23,9,Beauty,Skincare,Mokkan,Web,FC-North,Metro Post,true,Changed mind,true,Recovered,1,1,17.16,11.11
R000491,OI0003373,O0001627,C000942,P00176,2024-05-14,2024-05-01,2024-06-15,32,Sports & Outdoors,Cycling,Ellery & Co,Web,FC-South,Regional Freight,true,Wrong size,true,Recovered,1,1,169.90,91.53
R000492,OI0003375,O0001627,C000942,P00042,2024-05-14,2024-05-01,2024-06-05,22,Apparel,Knitwear,Latitude 54,Web,FC-South,Regional Freight,true,Arrived too late,true,Recovered,1,1,98.30,58.28
R000493,OI0003376,O0001628,C000942,P00173,2024-06-29,2024-06-01,2024-07-16,17,Sports & Outdoors,Swim,Mokkan,Web,FC-South,Metro Post,true,Changed mind,true,Recovered,1,1,62.82,21.14
R000494,OI0003378,O0001628,C000942,P00176,2024-06-29,2024-06-01,2024-07-26,27,Sports & Outdoors,Cycling,Ellery & Co,Web,FC-South,Metro Post,true,Not as described,true,Recovered,3,3,407.05,171.94
R000495,OI0003383,O0001631,C000944,P00021,2024-06-02,2024-06-01,2024-06-12,10,Apparel,Denim,Northvale,Web,FC-Central,Regional Freight,false,Not as described,true,Recovered,1,1,52.72,31.56
R000496,OI0003389,O0001635,C000946,P00062,2024-05-18,2024-05-01,2024-05-31,13,Footwear,Formal,Latitude 54,Mobile App,FC-Central,Swiftline,true,Wrong size,true,Recovered,1,1,120.05,68.9
R000497,OI0003396,O0001637,C000948,P00012,2024-05-18,2024-05-01,2024-05-25,7,Apparel,Knitwear,Mokkan,Web,FC-Central,Swiftline,true,Damaged in transit,false,Written off,1,1,72.63,72.63
R000498,OI0003406,O0001641,C000951,P00079,2024-07-24,2024-07-01,2024-07-31,7,Footwear,Sandals,Mokkan,Store,Store Pickup,,,Not as described,true,Recovered,1,1,67.74,22.97
R000499,OI0003407,O0001642,C000952,P00075,2024-05-16,2024-05-01,2024-06-15,30,Footwear,Formal,Latitude 54,Marketplace,FC-South,Regional Freight,true,Changed mind,true,Recovered,2,2,103.48,50.64
R000500,OI0003409,O0001643,C000953,P00172,2024-05-15,2024-05-01,2024-06-08,24,Sports & Outdoors,Fitness,Ellery & Co,Store,Store Pickup,,,Wrong size,true,Recovered,1,1,93.79,43.09
R000501,OI0003418,O0001647,C000955,P00072,2024-05-16,2024-05-01,2024-05-26,10,Footwear,Sandals,Brightpath,Marketplace,FC-Central,Metro Post,true,Damaged in transit,false,Written off,1,1,58.95,58.95
R000502,OI0003420,O0001649,C000956,P00036,2024-05-16,2024-05-01,2024-06-03,18,Apparel,Dresses,Latitude 54,Web,FC-North,Metro Post,true,Changed mind,true,Recovered,2,2,134.46,86.48
R000503,OI0003423,O0001650,C000957,P00077,2024-05-15,2024-05-01,2024-06-14,30,Footwear,Boots,Ellery & Co,Mobile App,FC-Central,Regional Freight,true,Damaged in transit,false,Written off,3,3,315.63,315.63
R000504,OI0003436,O0001656,C000959,P00186,2024-06-26,2024-06-01,2024-07-01,5,Sports & Outdoors,Fitness,Latitude 54,Web,FC-South,Swiftline,true,Not as described,true,Recovered,1,1,185.21,46.89
R000505,OI0003458,O0001665,C000963,P00048,2024-05-16,2024-05-01,2024-06-02,17,Apparel,Dresses,Latitude 54,Store,Store Pickup,,,Changed mind,true,Recovered,1,1,67.07,11.56
R000506,OI0003472,O0001672,C000969,P00020,2024-06-27,2024-06-01,2024-07-26,29,Apparel,Denim,Ellery & Co,Web,FC-North,Metro Post,true,Arrived too late,true,Recovered,1,1,131.49,84.57
R000507,OI0003478,O0001675,C000971,P00175,2024-06-19,2024-06-01,2024-07-05,16,Sports & Outdoors,Camping,Ellery & Co,Mobile App,FC-Central,Metro Post,true,Wrong size,true,Recovered,1,1,219.59,91.36
R000508,OI0003480,O0001675,C000971,P00044,2024-06-19,2024-06-01,2024-06-27,8,Apparel,Denim,Corda,Mobile App,FC-Central,Metro Post,true,Not as described,true,Recovered,2,2,21.49,8.17
R000509,OI0003491,O0001680,C000974,P00038,2024-05-18,2024-05-01,2024-06-07,20,Apparel,Dresses,Ellery & Co,Web,FC-Central,Metro Post,true,Arrived too late,true,Recovered,1,1,83.70,45.76
R000510,OI0003504,O0001686,C000975,P00143,2025-03-16,2025-03-01,2025-04-13,28,Home & Kitchen,Tableware,Mokkan,Marketplace,FC-South,Regional Freight,true,Changed mind,true,Recovered,2,2,43.52,15.56
R000511,OI0003508,O0001688,C000977,P00091,2024-05-21,2024-05-01,2024-06-02,12,Electronics,Small Appliances,Mokkan,Web,FC-South,Metro Post,true,Damaged in transit,false,Written off,1,1,356.77,356.77
R000512,OI0003523,O0001695,C000981,P00112,2024-05-21,2024-05-01,2024-06-11,21,Home & Kitchen,Bedding,Puresel,Web,FC-North,Regional Freight,true,Changed mind,true,Recovered,1,1,123.57,15.78
R000513,OI0003524,O0001695,C000981,P00137,2024-05-21,2024-05-01,2024-06-03,13,Home & Kitchen,Bedding,Mokkan,Web,FC-North,Regional Freight,true,Wrong size,true,Recovered,1,1,27.83,8.46
R000514,OI0003540,O0001703,C000985,P00142,2025-01-01,2025-01-01,2025-01-12,11,Home & Kitchen,Cookware,Northvale,Mobile App,FC-Central,Swiftline,true,Changed mind,true,Recovered,1,1,91.57,15.71
R000515,OI0003541,O0001704,C000986,P00071,2024-05-19,2024-05-01,2024-06-18,30,Footwear,Boots,Puresel,Mobile App,FC-North,Regional Freight,true,Faulty,false,Written off,1,1,108.64,108.64
R000516,OI0003548,O0001708,C000987,P00189,2025-04-02,2025-04-01,2025-04-19,17,Sports & Outdoors,Camping,Brightpath,Web,FC-North,Regional Freight,true,Not as described,true,Recovered,1,1,135.80,21.07
R000517,OI0003549,O0001708,C000987,P00080,2025-04-02,2025-04-01,2025-05-01,29,Footwear,Sandals,Ellery & Co,Web,FC-North,Regional Freight,true,Wrong size,true,Recovered,1,1,49.77,26.47
R000518,OI0003550,O0001708,C000987,P00002,2025-04-02,2025-04-01,2025-04-30,28,Apparel,Knitwear,Brightpath,Web,FC-North,Regional Freight,true,Damaged in transit,false,Written off,1,1,81.68,81.68
R000519,OI0003557,O0001713,C000990,P00160,2024-10-19,2024-10-01,2024-11-12,24,Beauty,Fragrance,Puresel,Mobile App,FC-Central,Metro Post,true,Not as described,true,Recovered,1,1,65.82,42.51
R000520,OI0003573,O0001723,C000994,P00185,2024-10-13,2024-10-01,2024-10-31,18,Sports & Outdoors,Swim,Puresel,Mobile App,FC-South,Metro Post,true,Changed mind,true,Recovered,1,1,225.30,97.62
R000521,OI0003578,O0001724,C000995,P00099,2024-05-22,2024-05-01,2024-05-26,4,Electronics,Small Appliances,Latitude 54,Web,FC-South,Regional Freight,true,Changed mind,true,Recovered,1,1,472.93,111.03
R000522,OI0003598,O0001734,C001000,P00089,2025-03-25,2025-03-01,2025-04-17,23,Electronics,Audio,Corda,Web,FC-South,Regional Freight,true,Wrong size,true,Recovered,1,1,337.55,85.59
R000523,OI0003610,O0001741,C001004,P00016,2024-08-30,2024-08-01,2024-09-10,11,Apparel,Knitwear,Brightpath,Web,FC-South,Swiftline,true,Changed mind,true,Recovered,1,1,49.72,27.99
R000524,OI0003613,O0001742,C001004,P00189,2024-09-17,2024-09-01,2024-10-14,27,Sports & Outdoors,Camping,Brightpath,Mobile App,FC-South,Metro Post,true,Damaged in transit,false,Written off,1,1,180.08,180.08
R000525,OI0003620,O0001748,C001006,P00079,2024-06-24,2024-06-01,2024-06-30,6,Footwear,Sandals,Mokkan,Web,FC-South,Metro Post,true,Damaged in transit,false,Written off,3,3,203.22,203.22
R000526,OI0003633,O0001756,C001011,P00018,2024-05-22,2024-05-01,2024-06-15,24,Apparel,Denim,Latitude 54,Web,FC-South,Regional Freight,false,Arrived too late,true,Recovered,1,1,41.02,14.69
R000527,OI0003641,O0001759,C001013,P00157,2024-07-30,2024-07-01,2024-08-29,30,Beauty,Cosmetics,Ellery & Co,Web,FC-Central,Metro Post,true,Arrived too late,true,Recovered,1,1,19.98,12.97
R000528,OI0003660,O0001769,C001018,P00079,2024-08-08,2024-08-01,2024-08-17,9,Footwear,Sandals,Mokkan,Mobile App,FC-North,Regional Freight,false,Faulty,false,Written off,1,1,67.74,67.74
R000529,OI0003662,O0001770,C001018,P00171,2024-08-24,2024-08-01,2024-09-25,32,Sports & Outdoors,Cycling,Ellery & Co,Web,FC-North,Regional Freight,false,Not as described,true,Recovered,1,1,67.32,25.2
R000530,OI0003674,O0001775,C001022,P00177,2024-07-08,2024-07-01,2024-07-21,13,Sports & Outdoors,Cycling,Latitude 54,Store,Store Pickup,,,Wrong size,true,Recovered,1,1,225.20,66.69
R000531,OI0003683,O0001779,C001022,P00012,2025-03-28,2025-03-01,2025-04-20,23,Apparel,Knitwear,Mokkan,Web,FC-South,Metro Post,true,Not as described,true,Recovered,3,3,249.42,128.85
R000532,OI0003685,O0001780,C001022,P00098,2025-05-06,2025-05-01,2025-05-31,25,Electronics,Audio,Brightpath,Web,FC-South,Metro Post,true,Wrong size,true,Recovered,1,1,126.60,21.07
R000533,OI0003690,O0001784,C001025,P00026,2024-06-23,2024-06-01,2024-07-02,9,Apparel,Dresses,Corda,Mobile App,FC-South,Regional Freight,true,Faulty,false,Written off,1,1,26.68,26.68
R000534,OI0003692,O0001785,C001026,P00003,2024-05-26,2024-05-01,2024-05-31,5,Apparel,Outerwear,Northvale,Marketplace,FC-South,Regional Freight,true,Not as described,true,Recovered,1,1,32.59,18.9
R000535,OI0003697,O0001787,C001027,P00144,2024-05-25,2024-05-01,2024-06-08,14,Home & Kitchen,Cookware,Puresel,Web,FC-South,Regional Freight,true,Damaged in transit,false,Written off,1,1,174.00,174.0
R000536,OI0003704,O0001789,C001029,P00056,2024-05-23,2024-05-01,2024-06-05,13,Footwear,Sandals,Puresel,Web,FC-North,Metro Post,false,Wrong size,true,Recovered,1,1,93.79,48.92
R000537,OI0003707,O0001791,C001031,P00076,2024-05-24,2024-05-01,2024-06-10,17,Footwear,Trainers,Puresel,Mobile App,FC-South,Regional Freight,true,Not as described,true,Recovered,1,1,69.25,34.97
R000538,OI0003710,O0001792,C001031,P00188,2024-09-02,2024-09-01,2024-09-28,26,Sports & Outdoors,Swim,Mokkan,Web,FC-South,Regional Freight,true,Damaged in transit,false,Written off,1,1,124.34,124.34
R000539,OI0003716,O0001795,C001033,P00052,2024-09-25,2024-09-01,2024-10-11,16,Apparel,Dresses,Corda,Mobile App,FC-South,Metro Post,true,Wrong size,true,Recovered,1,1,64.55,40.52
R000540,OI0003731,O0001803,C001038,P00003,2024-05-25,2024-05-01,2024-06-01,7,Apparel,Outerwear,Northvale,Web,FC-North,Metro Post,true,Wrong size,true,Recovered,3,3,92.79,51.72
R000541,OI0003739,O0001806,C001038,P00105,2025-02-02,2025-02-01,2025-03-03,29,Electronics,Wearables,Northvale,Mobile App,FC-North,Swiftline,true,Changed mind,true,Recovered,1,1,318.78,-7.32
R000542,OI0003742,O0001807,C001038,P00042,2025-03-14,2025-03-01,2025-04-15,32,Apparel,Knitwear,Latitude 54,Marketplace,FC-North,Swiftline,true,Wrong size,true,Recovered,2,2,196.60,116.56
R000543,OI0003745,O0001809,C001039,P00002,2024-05-25,2024-05-01,2024-06-02,8,Apparel,Knitwear,Brightpath,Web,FC-Central,Metro Post,true,Wrong size,true,Recovered,1,1,81.68,42.82
R000544,OI0003749,O0001810,C001039,P00175,2024-08-26,2024-08-01,2024-09-23,28,Sports & Outdoors,Camping,Ellery & Co,Marketplace,FC-Central,Regional Freight,true,Wrong size,true,Recovered,1,1,241.41,113.18
R000545,OI0003754,O0001812,C001041,P00055,2024-05-29,2024-05-01,2024-06-26,28,Footwear,Trainers,Ellery & Co,Marketplace,FC-South,Metro Post,true,Not as described,true,Recovered,1,1,37.50,18.36
R000546,OI0003776,O0001821,C001049,P00015,2024-05-29,2024-05-01,2024-06-09,11,Apparel,Tops,Corda,Web,FC-Central,Regional Freight,true,Not as described,true,Recovered,1,1,66.55,39.88
R000547,OI0003778,O0001822,C001049,P00010,2024-07-24,2024-07-01,2024-08-17,24,Apparel,Denim,Puresel,Web,FC-Central,Metro Post,true,Damaged in transit,false,Written off,1,1,24.97,24.97
R000548,OI0003780,O0001822,C001049,P00004,2024-07-24,2024-07-01,2024-08-11,18,Apparel,Knitwear,Puresel,Web,FC-Central,Metro Post,true,Changed mind,true,Recovered,1,1,33.94,19.96
R000549,OI0003786,O0001824,C001050,P00123,2024-05-25,2024-05-01,2024-06-04,10,Home & Kitchen,Lighting,Northvale,Mobile App,FC-South,Swiftline,true,Wrong size,true,Recovered,1,1,135.84,51.49
R000550,OI0003794,O0001829,C001055,P00079,2024-05-28,2024-05-01,2024-06-12,15,Footwear,Sandals,Mokkan,Mobile App,FC-South,Regional Freight,true,Damaged in transit,false,Written off,1,1,67.74,67.74
R000551,OI0003803,O0001833,C001057,P00091,2024-05-26,2024-05-01,2024-06-11,16,Electronics,Small Appliances,Mokkan,Web,FC-South,Metro Post,true,Damaged in transit,false,Written off,1,1,314.09,314.09
R000552,OI0003805,O0001834,C001058,P00052,2024-05-29,2024-05-01,2024-06-12,14,Apparel,Dresses,Corda,Marketplace,FC-Central,Regional Freight,true,Not as described,true,Recovered,1,1,64.55,40.52
R000553,OI0003811,O0001837,C001060,P00005,2024-05-28,2024-05-01,2024-06-12,15,Apparel,Knitwear,Ellery & Co,Mobile App,FC-Central,Swiftline,true,Changed mind,true,Recovered,1,1,43.44,21.56
R000554,OI0003816,O0001841,C001060,P00053,2025-04-15,2025-04-01,2025-05-14,29,Apparel,Tops,Latitude 54,Mobile App,FC-Central,Swiftline,true,Arrived too late,true,Recovered,1,1,103.71,65.68
R000555,OI0003819,O0001842,C001061,P00020,2024-05-29,2024-05-01,2024-06-12,14,Apparel,Denim,Ellery & Co,Marketplace,FC-South,Regional Freight,false,Arrived too late,true,Recovered,2,2,192.97,99.13
R000556,OI0003822,O0001843,C001061,P00185,2024-07-05,2024-07-01,2024-08-01,27,Sports & Outdoors,Swim,Puresel,Mobile App,FC-South,Regional Freight,true,Damaged in transit,false,Written off,1,1,181.51,181.51
R000557,OI0003824,O0001844,C001062,P00074,2024-05-27,2024-05-01,2024-06-22,26,Footwear,Trainers,Puresel,Marketplace,FC-South,Regional Freight,true,Not as described,true,Recovered,1,1,128.17,80.38
R000558,OI0003825,O0001845,C001063,P00045,2024-05-28,2024-05-01,2024-06-04,7,Apparel,Knitwear,Puresel,Web,FC-Central,Metro Post,false,Arrived too late,true,Recovered,1,1,70.92,41.49
R000559,OI0003831,O0001846,C001064,P00004,2024-05-31,2024-05-01,2024-06-25,25,Apparel,Knitwear,Puresel,Mobile App,FC-South,Regional Freight,false,Arrived too late,true,Recovered,1,1,19.26,5.28
R000560,OI0003834,O0001848,C001066,P00076,2024-05-31,2024-05-01,2024-06-16,16,Footwear,Trainers,Puresel,Web,FC-Central,Metro Post,true,Changed mind,true,Recovered,1,1,59.11,24.83
R000561,OI0003840,O0001850,C001067,P00045,2024-07-15,2024-07-01,2024-08-03,19,Apparel,Knitwear,Puresel,Marketplace,FC-South,Swiftline,true,Changed mind,true,Recovered,1,2,70.92,41.49
R000562,OI0003855,O0001855,C001069,P00125,2024-08-20,2024-08-01,2024-09-18,29,Home & Kitchen,Lighting,Latitude 54,Marketplace,FC-South,Metro Post,false,Arrived too late,true,Recovered,1,1,100.06,34.99
R000563,OI0003866,O0001859,C001073,P00100,2024-05-29,2024-05-01,2024-06-16,18,Electronics,Accessories,Latitude 54,Mobile App,FC-Central,Metro Post,true,Faulty,false,Written off,2,2,540.66,540.66
R000564,OI0003876,O0001864,C001076,P00048,2024-05-29,2024-05-01,2024-06-20,22,Apparel,Dresses,Latitude 54,Store,Store Pickup,,,Changed mind,true,Recovered,1,1,99.63,44.12
R000565,OI0003884,O0001867,C001079,P00078,2024-05-29,2024-05-01,2024-06-06,8,Footwear,Sandals,Corda,Mobile App,FC-Central,Swiftline,true,Wrong size,true,Recovered,2,2,257.86,135.82
R000566,OI0003886,O0001867,C001079,P00080,2024-05-29,2024-05-01,2024-06-16,18,Footwear,Sandals,Ellery & Co,Mobile App,FC-Central,Swiftline,true,Changed mind,true,Recovered,1,1,43.94,20.64
R000567,OI0003889,O0001869,C001079,P00068,2024-09-11,2024-09-01,2024-10-04,23,Footwear,Sandals,Corda,Store,Store Pickup,,,Wrong size,true,Recovered,2,2,200.39,117.77
R000568,OI0003894,O0001871,C001080,P00066,2024-05-30,2024-05-01,2024-06-30,31,Footwear,Sandals,Puresel,Mobile App,FC-South,Regional Freight,true,Wrong size,true,Recovered,3,3,227.64,80.85
R000569,OI0003896,O0001871,C001080,P00074,2024-05-30,2024-05-01,2024-06-11,12,Footwear,Trainers,Puresel,Mobile App,FC-South,Regional Freight,true,Changed mind,true,Recovered,1,1,128.17,80.38
R000570,OI0003897,O0001872,C001081,P00062,2024-05-30,2024-05-01,2024-06-27,28,Footwear,Formal,Latitude 54,Web,FC-South,Swiftline,true,Wrong size,true,Recovered,1,1,108.92,57.77
R000571,OI0003898,O0001873,C001081,P00070,2024-07-11,2024-07-01,2024-07-24,13,Footwear,Boots,Latitude 54,Web,FC-South,Swiftline,false,Changed mind,true,Recovered,1,1,81.65,41.3
R000572,OI0003904,O0001877,C001083,P00015,2024-08-20,2024-08-01,2024-08-27,7,Apparel,Tops,Corda,Store,Store Pickup,,,Not as described,true,Recovered,1,1,54.98,28.31
R000573,OI0003916,O0001882,C001087,P00177,2024-05-31,2024-05-01,2024-06-10,10,Sports & Outdoors,Cycling,Latitude 54,Web,FC-Central,Metro Post,true,Faulty,false,Written off,1,1,276.02,276.02
R000574,OI0003923,O0001887,C001092,P00038,2024-05-30,2024-05-01,2024-06-14,15,Apparel,Dresses,Ellery & Co,Marketplace,FC-South,Regional Freight,true,Changed mind,true,Recovered,1,1,56.09,18.15
R000575,OI0003930,O0001892,C001096,P00029,2024-06-01,2024-06-01,2024-06-25,24,Apparel,Knitwear,Puresel,Mobile App,FC-South,Metro Post,true,Arrived too late,true,Recovered,1,1,116.07,69.8
R000576,OI0003932,O0001893,C001097,P00174,2024-06-02,2024-06-01,2024-06-17,15,Sports & Outdoors,Fitness,Latitude 54,Web,FC-South,Regional Freight,true,Changed mind,true,Recovered,1,1,116.52,-31.58
R000577,OI0003946,O0001898,C001099,P00048,2024-06-02,2024-06-01,2024-06-07,5,Apparel,Dresses,Latitude 54,Web,FC-Central,Swiftline,true,Wrong size,true,Recovered,1,1,122.50,66.99
R000578,OI0003957,O0001902,C001102,P00122,2024-07-06,2024-07-01,2024-07-25,19,Home & Kitchen,Cookware,Ellery & Co,Marketplace,FC-North,Regional Freight,true,Wrong size,true,Recovered,1,1,54.16,22.59
R000579,OI0003970,O0001909,C001104,P00006,2024-06-03,2024-06-01,2024-06-20,17,Apparel,Denim,Puresel,Web,FC-Central,Regional Freight,true,Not as described,true,Recovered,1,1,31.44,19.56
R000580,OI0003977,O0001912,C001107,P00035,2024-06-03,2024-06-01,2024-07-01,28,Apparel,Outerwear,Northvale,Marketplace,FC-South,Regional Freight,false,Faulty,false,Written off,1,1,99.93,99.93
R000581,OI0003986,O0001917,C001109,P00178,2024-05-31,2024-05-01,2024-06-21,21,Sports & Outdoors,Fitness,Corda,Web,FC-Central,Metro Post,true,Arrived too late,true,Recovered,1,1,226.66,118.39
R000582,OI0003993,O0001921,C001112,P00025,2024-06-05,2024-06-01,2024-06-16,11,Apparel,Outerwear,Corda,Web,FC-South,Regional Freight,false,Arrived too late,true,Recovered,1,1,125.94,77.04
R000583,OI0003996,O0001922,C001112,P00045,2024-11-14,2024-11-01,2024-11-29,15,Apparel,Knitwear,Puresel,Mobile App,FC-South,Regional Freight,true,Wrong size,true,Recovered,1,2,44.03,14.6
R000584,OI0003997,O0001923,C001112,P00016,2025-01-15,2025-01-01,2025-02-03,19,Apparel,Knitwear,Brightpath,Mobile App,FC-South,Swiftline,true,Not as described,true,Recovered,1,1,36.44,14.71
R000585,OI0004004,O0001928,C001115,P00010,2024-06-01,2024-06-01,2024-06-21,20,Apparel,Denim,Puresel,Store,Store Pickup,,,Changed mind,true,Recovered,1,1,27.15,14.27
R000586,OI0004007,O0001930,C001117,P00074,2024-06-05,2024-06-01,2024-06-23,18,Footwear,Trainers,Puresel,Mobile App,FC-Central,Metro Post,true,Not as described,true,Recovered,1,1,128.17,80.38
R000587,OI0004008,O0001930,C001117,P00077,2024-06-05,2024-06-01,2024-06-11,6,Footwear,Boots,Ellery & Co,Mobile App,FC-Central,Metro Post,true,Not as described,true,Recovered,1,1,105.21,64.29
R000588,OI0004013,O0001933,C001119,P00044,2024-09-11,2024-09-01,2024-09-17,6,Apparel,Denim,Corda,Mobile App,FC-Central,Swiftline,true,Changed mind,true,Recovered,1,1,15.86,9.2
R000589,OI0004032,O0001943,C001122,P00072,2024-08-08,2024-08-01,2024-08-28,20,Footwear,Sandals,Brightpath,Mobile App,FC-Central,Swiftline,true,Arrived too late,true,Recovered,1,1,58.95,35.37
R000590,OI0004048,O0001950,C001127,P00048,2024-06-06,2024-06-01,2024-06-21,15,Apparel,Dresses,Latitude 54,Mobile App,FC-South,Swiftline,true,Wrong size,true,Recovered,1,1,107.47,51.96
R000591,OI0004056,O0001954,C001129,P00063,2024-07-19,2024-07-01,2024-08-04,16,Footwear,Formal,Northvale,Web,FC-South,Regional Freight,true,Changed mind,true,Recovered,1,1,36.53,19.86
R000592,OI0004058,O0001956,C001131,P00045,2024-06-07,2024-06-01,2024-06-25,18,Apparel,Knitwear,Puresel,Web,FC-South,Swiftline,true,Damaged in transit,false,Written off,1,1,38.32,38.32
R000593,OI0004069,O0001961,C001134,P00051,2024-06-05,2024-06-01,2024-06-17,12,Apparel,Denim,Corda,Web,FC-South,Metro Post,true,Changed mind,true,Recovered,1,1,40.49,22.95
R000594,OI0004072,O0001963,C001135,P00016,2024-09-02,2024-09-01,2024-09-19,17,Apparel,Knitwear,Brightpath,Web,FC-South,Regional Freight,true,Faulty,false,Written off,2,2,109.28,109.28
R000595,OI0004075,O0001965,C001136,P00005,2024-07-19,2024-07-01,2024-08-03,15,Apparel,Knitwear,Ellery & Co,Mobile App,FC-North,Metro Post,true,Faulty,false,Written off,1,1,51.99,51.99
R000596,OI0004091,O0001972,C001143,P00054,2024-06-08,2024-06-01,2024-06-13,5,Footwear,Sandals,Mokkan,Marketplace,FC-North,Swiftline,true,Changed mind,true,Recovered,1,1,59.52,30.01
R000597,OI0004092,O0001973,C001144,P00033,2024-06-09,2024-06-01,2024-07-06,27,Apparel,Denim,Northvale,Store,Store Pickup,,,Changed mind,true,Recovered,1,1,39.32,21.45
R000598,OI0004096,O0001974,C001145,P00103,2024-06-08,2024-06-01,2024-06-21,13,Electronics,Small Appliances,Latitude 54,Mobile App,FC-South,Regional Freight,true,Wrong size,true,Recovered,1,1,111.90,21.89
R000599,OI0004105,O0001979,C001150,P00058,2024-06-09,2024-06-01,2024-06-16,7,Footwear,Trainers,Brightpath,Mobile App,FC-South,Swiftline,true,Changed mind,true,Recovered,1,1,103.48,29.43
R000600,OI0004116,O0001983,C001153,P00068,2024-08-27,2024-08-01,2024-09-20,24,Footwear,Sandals,Corda,Web,FC-Central,Regional Freight,true,Wrong size,true,Recovered,1,1,106.66,65.35
R000601,OI0004129,O0001989,C001156,P00176,2024-06-08,2024-06-01,2024-06-20,12,Sports & Outdoors,Cycling,Ellery & Co,Web,FC-North,Swiftline,true,Changed mind,true,Recovered,1,1,121.70,43.33
R000602,OI0004133,O0001992,C001158,P00165,2024-06-08,2024-06-01,2024-07-02,24,Beauty,Haircare,Corda,Web,FC-Central,Regional Freight,true,Changed mind,true,Recovered,1,1,59.82,39.05
R000603,OI0004137,O0001994,C001159,P00148,2024-06-07,2024-06-01,2024-07-05,28,Beauty,Haircare,Brightpath,Marketplace,FC-South,Swiftline,true,Wrong size,true,Recovered,1,1,75.06,44.03
R000604,OI0004139,O0001994,C001159,P00056,2024-06-07,2024-06-01,2024-06-30,23,Footwear,Sandals,Puresel,Marketplace,FC-South,Swiftline,true,Not as described,true,Recovered,1,1,105.15,60.28
R000605,OI0004146,O0001998,C001163,P00032,2024-06-08,2024-06-01,2024-07-09,31,Apparel,Outerwear,Mokkan,Marketplace,FC-South,Regional Freight,true,Not as described,true,Recovered,2,2,68.92,44.12
R000606,OI0004165,O0002007,C001166,P00120,2024-06-08,2024-06-01,2024-06-28,20,Home & Kitchen,Lighting,Northvale,Mobile App,FC-Central,Metro Post,true,Damaged in transit,false,Written off,2,2,195.90,195.9
R000607,OI0004172,O0002013,C001169,P00003,2024-06-08,2024-06-01,2024-06-25,17,Apparel,Outerwear,Northvale,Marketplace,FC-Central,Swiftline,true,Changed mind,true,Recovered,1,1,24.90,11.21
R000608,OI0004177,O0002015,C001170,P00078,2024-09-27,2024-09-01,2024-10-12,15,Footwear,Sandals,Corda,Mobile App,FC-North,Metro Post,true,Not as described,true,Recovered,1,1,128.93,67.91
R000609,OI0004178,O0002016,C001170,P00106,2025-09-01,2025-09-01,2025-09-16,15,Electronics,Accessories,Ellery & Co,Web,FC-North,Swiftline,true,Changed mind,true,Recovered,1,1,104.67,13.06
R000610,OI0004204,O0002028,C001176,P00124,2024-06-09,2024-06-01,2024-06-25,16,Home & Kitchen,Bedding,Latitude 54,Store,Store Pickup,,,Wrong size,true,Recovered,1,1,30.00,15.3
R000611,OI0004205,O0002028,C001176,P00181,2024-06-09,2024-06-01,2024-06-18,9,Sports & Outdoors,Camping,Ellery & Co,Store,Store Pickup,,,Wrong size,true,Recovered,4,4,943.64,411.6
R000612,OI0004231,O0002039,C001184,P00041,2024-06-10,2024-06-01,2024-06-22,12,Apparel,Outerwear,Latitude 54,Marketplace,FC-South,Regional Freight,false,Damaged in transit,false,Written off,1,1,125.23,125.23
R000613,OI0004237,O0002042,C001186,P00184,2024-06-10,2024-06-01,2024-07-09,29,Sports & Outdoors,Swim,Ellery & Co,Web,FC-North,Swiftline,true,Not as described,true,Recovered,1,1,142.01,21.96
R000614,OI0004241,O0002046,C001189,P00008,2024-06-14,2024-06-01,2024-07-04,20,Apparel,Tops,Brightpath,Web,FC-South,Metro Post,false,Faulty,false,Written off,1,1,83.50,83.5
R000615,OI0004272,O0002062,C001201,P00144,2024-11-23,2024-11-01,2024-12-02,9,Home & Kitchen,Cookware,Puresel,Mobile App,FC-North,Metro Post,true,Faulty,false,Written off,1,1,174.00,174.0
R000616,OI0004273,O0002062,C001201,P00009,2024-11-23,2024-11-01,2024-11-27,4,Apparel,Outerwear,Mokkan,Mobile App,FC-North,Metro Post,true,Not as described,true,Recovered,1,4,73.72,42.56
R000617,OI0004283,O0002067,C001205,P00077,2024-06-12,2024-06-01,2024-07-07,25,Footwear,Boots,Ellery & Co,Web,FC-North,Swiftline,true,Wrong size,true,Recovered,1,1,74.17,33.25
R000618,OI0004293,O0002073,C001210,P00072,2024-06-14,2024-06-01,2024-07-02,18,Footwear,Sandals,Brightpath,Store,Store Pickup,,,Not as described,true,Recovered,1,1,53.24,29.66
R000619,OI0004300,O0002078,C001212,P00123,2024-11-17,2024-11-01,2024-12-01,14,Home & Kitchen,Lighting,Northvale,Mobile App,FC-Central,Metro Post,true,Changed mind,true,Recovered,1,1,120.53,36.18
R000620,OI0004304,O0002079,C001212,P00112,2025-02-14,2025-02-01,2025-03-15,29,Home & Kitchen,Bedding,Puresel,Mobile App,FC-Central,Regional Freight,true,Changed mind,true,Recovered,1,1,100.15,-7.64
R000621,OI0004308,O0002081,C001213,P00071,2024-06-18,2024-06-01,2024-07-16,28,Footwear,Boots,Puresel,Mobile App,FC-Central,Swiftline,true,Wrong size,true,Recovered,1,1,97.59,41.63
R000622,OI0004314,O0002084,C001216,P00005,2024-06-14,2024-06-01,2024-06-21,7,Apparel,Knitwear,Ellery & Co,Web,FC-Central,Metro Post,true,Changed mind,true,Recovered,1,1,42.32,20.44
R000623,OI0004322,O0002088,C001217,P00183,2024-06-16,2024-06-01,2024-07-11,25,Sports & Outdoors,Fitness,Ellery & Co,Mobile App,FC-Central,Swiftline,true,Changed mind,true,Recovered,1,1,274.44,126.16
R000624,OI0004325,O0002090,C001218,P00074,2024-09-27,2024-09-01,2024-10-29,32,Footwear,Trainers,Puresel,Marketplace,FC-Central,Regional Freight,true,Damaged in transit,false,Written off,1,1,128.17,128.17
R000625,OI0004327,O0002091,C001219,P00082,2024-06-16,2024-06-01,2024-07-04,18,Electronics,Audio,Puresel,Store,Store Pickup,,,Damaged in transit,false,Written off,1,1,477.87,477.87
R000626,OI0004337,O0002095,C001220,P00086,2024-06-15,2024-06-01,2024-06-27,12,Electronics,Audio,Brightpath,Store,Store Pickup,,,Arrived too late,true,Recovered,1,2,129.33,-81.69
R000627,OI0004339,O0002096,C001220,P00092,2024-09-09,2024-09-01,2024-10-08,29,Electronics,Accessories,Puresel,Mobile App,FC-North,Swiftline,true,Arrived too late,true,Recovered,2,2,405.08,41.98
R000628,OI0004343,O0002098,C001221,P00025,2024-06-15,2024-06-01,2024-07-15,30,Apparel,Outerwear,Corda,Marketplace,FC-North,Swiftline,true,Changed mind,true,Recovered,1,1,125.94,77.04
R000629,OI0004347,O0002101,C001222,P00047,2024-10-20,2024-10-01,2024-11-03,14,Apparel,Dresses,Puresel,Web,FC-Central,Metro Post,true,Faulty,false,Written off,1,1,95.89,95.89
R000630,OI0004356,O0002104,C001223,P00073,2024-11-08,2024-11-01,2024-11-20,12,Footwear,Boots,Brightpath,Mobile App,FC-South,Metro Post,true,Wrong size,true,Recovered,1,1,59.79,21.37
R000631,OI0004360,O0002107,C001223,P00013,2025-05-18,2025-05-01,2025-06-01,14,Apparel,Dresses,Ellery & Co,Mobile App,FC-South,Metro Post,true,Not as described,true,Recovered,1,1,59.87,35.23
R000632,OI0004365,O0002108,C001224,P00032,2024-06-14,2024-06-01,2024-07-11,27,Apparel,Outerwear,Mokkan,Mobile App,FC-South,Metro Post,true,Wrong size,true,Recovered,1,1,34.46,22.06
R000633,OI0004379,O0002114,C001226,P00028,2024-08-29,2024-08-01,2024-09-03,5,Apparel,Dresses,Mokkan,Marketplace,FC-North,Metro Post,true,Faulty,false,Written off,1,1,31.99,31.99
R000634,OI0004385,O0002117,C001227,P00179,2024-06-19,2024-06-01,2024-07-04,15,Sports & Outdoors,Fitness,Mokkan,Web,FC-South,Metro Post,false,Faulty,false,Written off,1,1,49.48,49.48
R000635,OI0004403,O0002127,C001232,P00189,2024-06-18,2024-06-01,2024-07-12,24,Sports & Outdoors,Camping,Brightpath,Web,FC-North,Metro Post,true,Damaged in transit,false,Written off,1,1,180.08,180.08
R000636,OI0004407,O0002129,C001233,P00020,2024-10-16,2024-10-01,2024-11-05,20,Apparel,Denim,Ellery & Co,Mobile App,FC-Central,Swiftline,true,Damaged in transit,false,Written off,1,1,131.49,131.49
R000637,OI0004408,O0002129,C001233,P00030,2024-10-16,2024-10-01,2024-11-11,26,Apparel,Denim,Latitude 54,Mobile App,FC-Central,Swiftline,true,Wrong size,true,Recovered,4,4,399.88,229.96
R000638,OI0004419,O0002135,C001237,P00026,2024-07-19,2024-07-01,2024-08-10,22,Apparel,Dresses,Corda,Web,FC-Central,Metro Post,true,Changed mind,true,Recovered,1,1,34.19,16.49
R000639,OI0004427,O0002138,C001239,P00070,2024-06-17,2024-06-01,2024-07-09,22,Footwear,Boots,Latitude 54,Web,FC-North,Swiftline,true,Damaged in transit,false,Written off,1,1,57.87,57.87
R000640,OI0004428,O0002139,C001239,P00037,2024-08-21,2024-08-01,2024-08-31,10,Apparel,Tops,Brightpath,Web,FC-North,Metro Post,true,Arrived too late,true,Recovered,1,1,116.64,66.03
R000641,OI0004430,O0002141,C001241,P00005,2024-06-17,2024-06-01,2024-07-19,32,Apparel,Knitwear,Ellery & Co,Web,FC-Central,Metro Post,false,Arrived too late,true,Recovered,1,1,51.99,30.11
R000642,OI0004432,O0002142,C001242,P00067,2024-06-16,2024-06-01,2024-07-04,18,Footwear,Sandals,Corda,Web,FC-South,Metro Post,true,Not as described,true,Recovered,1,1,76.12,44.7
R000643,OI0004434,O0002142,C001242,P00022,2024-06-16,2024-06-01,2024-06-30,14,Apparel,Knitwear,Northvale,Web,FC-South,Metro Post,true,Wrong size,true,Recovered,1,3,40.61,25.92
R000644,OI0004436,O0002143,C001242,P00055,2024-07-26,2024-07-01,2024-08-09,14,Footwear,Trainers,Ellery & Co,Web,FC-South,Swiftline,true,Wrong size,true,Recovered,1,1,37.78,18.64
R000645,OI0004438,O0002144,C001243,P00180,2024-06-19,2024-06-01,2024-07-02,13,Sports & Outdoors,Fitness,Brightpath,Web,FC-South,Regional Freight,true,Changed mind,true,Recovered,1,1,203.71,75.01
R000646,OI0004439,O0002144,C001243,P00046,2024-06-19,2024-06-01,2024-07-03,14,Apparel,Dresses,Brightpath,Web,FC-South,Regional Freight,true,Changed mind,true,Recovered,1,1,117.17,66.09
R000647,OI0004469,O0002159,C001252,P00046,2024-06-20,2024-06-01,2024-06-25,5,Apparel,Dresses,Brightpath,Web,FC-South,Swiftline,true,Wrong size,true,Recovered,1,1,117.17,66.09
R000648,OI0004476,O0002162,C001255,P00023,2024-06-20,2024-06-01,2024-07-08,18,Apparel,Tops,Latitude 54,Mobile App,FC-North,Metro Post,false,Damaged in transit,false,Written off,1,1,49.85,49.85
R000649,OI0004477,O0002162,C001255,P00098,2024-06-20,2024-06-01,2024-07-23,33,Electronics,Audio,Brightpath,Mobile App,FC-North,Metro Post,false,Not as described,true,Recovered,1,1,126.60,21.07
R000650,OI0004479,O0002162,C001255,P00068,2024-06-20,2024-06-01,2024-07-14,24,Footwear,Sandals,Corda,Mobile App,FC-North,Metro Post,false,Not as described,true,Recovered,1,1,106.66,65.35
R000651,OI0004480,O0002163,C001256,P00077,2024-06-21,2024-06-01,2024-07-03,12,Footwear,Boots,Ellery & Co,Web,FC-North,Regional Freight,true,Changed mind,true,Recovered,1,1,85.35,44.43
R000652,OI0004502,O0002177,C001266,P00080,2024-06-21,2024-06-01,2024-07-13,22,Footwear,Sandals,Ellery & Co,Mobile App,FC-South,Metro Post,true,Wrong size,true,Recovered,2,2,99.54,52.94
R000653,OI0004514,O0002184,C001267,P00057,2025-06-14,2025-06-01,2025-06-27,13,Footwear,Trainers,Puresel,Web,FC-North,Swiftline,true,Wrong size,true,Recovered,1,1,53.41,27.23
R000654,OI0004520,O0002187,C001269,P00013,2024-10-26,2024-10-01,2024-11-23,28,Apparel,Dresses,Ellery & Co,Mobile App,FC-South,Metro Post,true,Changed mind,true,Recovered,1,1,66.51,41.87
R000655,OI0004529,O0002191,C001269,P00190,2025-12-27,2025-12-01,2026-01-05,9,Sports & Outdoors,Cycling,Puresel,Web,FC-South,Metro Post,true,Wrong size,true,Recovered,1,1,189.90,84.75
R000656,OI0004531,O0002192,C001269,P00077,2026-03-16,2026-03-01,2026-04-15,30,Footwear,Boots,Ellery & Co,Mobile App,FC-South,Metro Post,true,Faulty,false,Written off,1,1,105.21,105.21
R000657,OI0004534,O0002193,C001270,P00047,2024-06-23,2024-06-01,2024-07-07,14,Apparel,Dresses,Puresel,Web,FC-South,Regional Freight,true,Faulty,false,Written off,1,1,95.89,95.89
R000658,OI0004540,O0002195,C001271,P00133,2024-06-23,2024-06-01,2024-07-07,14,Home & Kitchen,Cookware,Latitude 54,Marketplace,FC-South,Metro Post,true,Wrong size,true,Recovered,1,1,184.72,74.35
R000659,OI0004545,O0002197,C001272,P00045,2024-09-11,2024-09-01,2024-09-27,16,Apparel,Knitwear,Puresel,Mobile App,FC-North,Swiftline,true,Changed mind,true,Recovered,1,1,70.92,41.49
R000660,OI0004554,O0002201,C001273,P00124,2024-06-20,2024-06-01,2024-07-09,19,Home & Kitchen,Bedding,Latitude 54,Web,FC-South,Regional Freight,true,Wrong size,true,Recovered,1,1,21.07,6.37
R000661,OI0004566,O0002206,C001276,P00062,2024-06-23,2024-06-01,2024-06-28,5,Footwear,Formal,Latitude 54,Web,FC-South,Metro Post,true,Changed mind,true,Recovered,2,2,240.10,137.8
R000662,OI0004569,O0002209,C001278,P00061,2024-07-09,2024-07-01,2024-07-27,18,Footwear,Trainers,Northvale,Mobile App,FC-South,Metro Post,true,Arrived too late,true,Recovered,1,1,44.28,25.13
R000663,OI0004571,O0002210,C001278,P00056,2024-08-09,2024-08-01,2024-09-06,28,Footwear,Sandals,Puresel,Web,FC-South,Swiftline,true,Changed mind,true,Recovered,1,1,105.15,60.28
R000664,OI0004572,O0002211,C001278,P00078,2025-01-10,2025-01-01,2025-02-12,33,Footwear,Sandals,Corda,Web,FC-South,Regional Freight,false,Arrived too late,true,Recovered,1,1,128.93,67.91
R000665,OI0004576,O0002212,C001279,P00053,2024-06-20,2024-06-01,2024-07-02,12,Apparel,Tops,Latitude 54,Store,Store Pickup,,,Not as described,true,Recovered,1,2,100.59,62.56
R000666,OI0004579,O0002214,C001279,P00048,2024-10-29,2024-10-01,2024-11-24,26,Apparel,Dresses,Latitude 54,Web,FC-Central,Metro Post,true,Damaged in transit,false,Written off,2,2,194.82,194.82
R000667,OI0004593,O0002219,C001282,P00006,2024-08-09,2024-08-01,2024-08-17,8,Apparel,Denim,Puresel,Web,FC-South,Metro Post,true,Damaged in transit,false,Written off,1,1,25.45,25.45
R000668,OI0004594,O0002220,C001282,P00048,2024-10-18,2024-10-01,2024-11-10,23,Apparel,Dresses,Latitude 54,Web,FC-South,Regional Freight,false,Arrived too late,true,Recovered,1,1,122.50,66.99
R000669,OI0004607,O0002226,C001282,P00130,2025-08-28,2025-08-01,2025-09-23,26,Home & Kitchen,Cookware,Ellery & Co,Web,FC-South,Metro Post,true,Damaged in transit,false,Written off,1,1,206.19,206.19
R000670,OI0004614,O0002231,C001286,P00070,2024-06-21,2024-06-01,2024-07-19,28,Footwear,Boots,Latitude 54,Mobile App,FC-Central,Swiftline,true,Faulty,false,Written off,1,1,81.65,81.65
R000671,OI0004615,O0002232,C001286,P00063,2024-07-26,2024-07-01,2024-08-01,6,Footwear,Formal,Northvale,Web,FC-Central,Regional Freight,true,Wrong size,true,Recovered,1,1,36.53,19.86
R000672,OI0004617,O0002232,C001286,P00136,2024-07-26,2024-07-01,2024-08-05,10,Home & Kitchen,Cookware,Latitude 54,Web,FC-Central,Regional Freight,true,Wrong size,true,Recovered,1,1,29.59,11.38
R000673,OI0004619,O0002233,C001287,P00014,2024-06-25,2024-06-01,2024-07-08,13,Apparel,Dresses,Corda,Mobile App,FC-North,Metro Post,true,Changed mind,true,Recovered,1,1,87.12,49.84
R000674,OI0004620,O0002233,C001287,P00014,2024-06-25,2024-06-01,2024-07-13,18,Apparel,Dresses,Corda,Mobile App,FC-North,Metro Post,true,Wrong size,true,Recovered,1,1,53.00,15.72
R000675,OI0004628,O0002235,C001288,P00060,2024-07-29,2024-07-01,2024-08-22,24,Footwear,Formal,Corda,Mobile App,FC-South,Metro Post,false,Arrived too late,true,Recovered,1,1,112.01,46.07
R000676,OI0004631,O0002238,C001288,P00020,2024-11-13,2024-11-01,2024-12-13,30,Apparel,Denim,Ellery & Co,Marketplace,FC-South,Regional Freight,true,Changed mind,true,Recovered,1,1,74.17,27.25
R000677,OI0004668,O0002256,C001292,P00036,2025-07-19,2025-07-01,2025-08-12,24,Apparel,Dresses,Latitude 54,Mobile App,FC-Central,Swiftline,true,Damaged in transit,false,Written off,1,1,55.35,55.35
R000678,OI0004689,O0002267,C001299,P00103,2024-06-22,2024-06-01,2024-07-02,10,Electronics,Small Appliances,Latitude 54,Mobile App,FC-Central,Metro Post,true,Not as described,true,Recovered,1,1,90.44,0.43
R000679,OI0004708,O0002274,C001302,P00189,2024-10-29,2024-10-01,2024-11-03,5,Sports & Outdoors,Camping,Brightpath,Mobile App,FC-Central,Metro Post,true,Faulty,false,Written off,1,1,180.08,180.08
R000680,OI0004714,O0002276,C001303,P00008,2024-06-26,2024-06-01,2024-07-02,6,Apparel,Tops,Brightpath,Web,FC-South,Regional Freight,true,Changed mind,true,Recovered,1,1,83.50,53.57
R000681,OI0004720,O0002279,C001304,P00076,2024-10-24,2024-10-01,2024-11-05,12,Footwear,Trainers,Puresel,Marketplace,FC-North,Swiftline,true,Damaged in transit,false,Written off,1,1,75.33,75.33
R000682,OI0004729,O0002281,C001305,P00026,2025-04-27,2025-04-01,2025-05-08,11,Apparel,Dresses,Corda,Marketplace,FC-North,Swiftline,true,Not as described,true,Recovered,1,1,33.84,16.14
R000683,OI0004733,O0002283,C001307,P00070,2024-06-24,2024-06-01,2024-07-13,19,Footwear,Boots,Latitude 54,Marketplace,FC-Central,Metro Post,true,Wrong size,true,Recovered,1,1,81.65,41.3
R000684,OI0004734,O0002283,C001307,P00061,2024-06-24,2024-06-01,2024-06-30,6,Footwear,Trainers,Northvale,Marketplace,FC-Central,Metro Post,true,Wrong size,true,Recovered,2,2,56.98,18.68
R000685,OI0004749,O0002291,C001311,P00143,2024-06-28,2024-06-01,2024-07-12,14,Home & Kitchen,Tableware,Mokkan,Mobile App,FC-North,Swiftline,true,Arrived too late,true,Recovered,1,1,16.57,2.59
R000686,OI0004752,O0002292,C001311,P00014,2024-08-09,2024-08-01,2024-08-30,21,Apparel,Dresses,Corda,Mobile App,FC-North,Swiftline,true,Damaged in transit,false,Written off,1,3,87.12,87.12
R000687,OI0004757,O0002296,C001313,P00032,2024-07-29,2024-07-01,2024-08-22,24,Apparel,Outerwear,Mokkan,Marketplace,FC-Central,Swiftline,true,Wrong size,true,Recovered,1,1,34.46,22.06
R000688,OI0004758,O0002296,C001313,P00009,2024-07-29,2024-07-01,2024-08-27,29,Apparel,Outerwear,Mokkan,Marketplace,FC-Central,Swiftline,true,Changed mind,true,Recovered,1,1,39.23,8.07
R000689,OI0004759,O0002297,C001313,P00006,2024-09-06,2024-09-01,2024-10-03,27,Apparel,Denim,Puresel,Web,FC-Central,Metro Post,true,Changed mind,true,Recovered,1,2,14.66,2.78
R000690,OI0004774,O0002306,C001318,P00028,2024-08-10,2024-08-01,2024-09-08,29,Apparel,Dresses,Mokkan,Web,FC-South,Regional Freight,true,Changed mind,true,Recovered,1,1,17.32,5.58
R000691,OI0004781,O0002309,C001319,P00009,2024-08-14,2024-08-01,2024-09-12,29,Apparel,Outerwear,Mokkan,Mobile App,FC-South,Regional Freight,false,Changed mind,true,Recovered,1,1,60.85,29.69
R000692,OI0004782,O0002310,C001320,P00052,2024-06-28,2024-06-01,2024-07-18,20,Apparel,Dresses,Corda,Web,FC-Central,Metro Post,true,Damaged in transit,false,Written off,1,1,64.55,64.55
R000693,OI0004789,O0002312,C001321,P00072,2024-06-28,2024-06-01,2024-07-26,28,Footwear,Sandals,Brightpath,Web,FC-South,Swiftline,true,Wrong size,true,Recovered,1,1,34.03,10.45
R000694,OI0004792,O0002313,C001321,P00074,2024-09-08,2024-09-01,2024-09-30,22,Footwear,Trainers,Puresel,Web,FC-South,Regional Freight,false,Arrived too late,true,Recovered,1,1,128.17,80.38
R000695,OI0004795,O0002315,C001323,P00011,2024-06-28,2024-06-01,2024-07-15,17,Apparel,Outerwear,Northvale,Mobile App,FC-North,Swiftline,true,Changed mind,true,Recovered,1,1,133.12,81.92
R000696,OI0004798,O0002317,C001324,P00040,2024-10-07,2024-10-01,2024-11-01,25,Apparel,Tops,Puresel,Mobile App,FC-North,Swiftline,false,Arrived too late,true,Recovered,1,1,113.30,72.33
R000697,OI0004811,O0002323,C001326,P00018,2024-08-08,2024-08-01,2024-08-28,20,Apparel,Denim,Latitude 54,Store,Store Pickup,,,Changed mind,true,Recovered,1,1,62.01,35.68
R000698,OI0004818,O0002327,C001327,P00032,2024-06-30,2024-06-01,2024-07-24,24,Apparel,Outerwear,Mokkan,Mobile App,FC-South,Regional Freight,true,Changed mind,true,Recovered,1,1,34.46,22.06
R000699,OI0004819,O0002328,C001327,P00035,2024-09-20,2024-09-01,2024-10-16,26,Apparel,Outerwear,Northvale,Mobile App,FC-South,Regional Freight,true,Wrong size,true,Recovered,1,1,98.93,34.47
R000700,OI0004830,O0002334,C001329,P00032,2024-06-28,2024-06-01,2024-07-22,24,Apparel,Outerwear,Mokkan,Mobile App,FC-Central,Metro Post,true,Wrong size,true,Recovered,1,1,31.26,18.86
R000701,OI0004836,O0002337,C001331,P00024,2024-06-28,2024-06-01,2024-07-25,27,Apparel,Outerwear,Brightpath,Marketplace,FC-South,Regional Freight,false,Wrong size,true,Recovered,1,1,35.49,19.91
R000702,OI0004837,O0002337,C001331,P00023,2024-06-28,2024-06-01,2024-07-08,10,Apparel,Tops,Latitude 54,Marketplace,FC-South,Regional Freight,false,Changed mind,true,Recovered,2,2,99.70,64.22
R000703,OI0004844,O0002342,C001334,P00049,2024-06-29,2024-06-01,2024-07-31,32,Apparel,Tops,Brightpath,Mobile App,FC-Central,Swiftline,true,Wrong size,true,Recovered,1,1,45.89,26.99
R000704,OI0004845,O0002343,C001335,P00138,2024-06-26,2024-06-01,2024-07-11,15,Home & Kitchen,Bedding,Ellery & Co,Marketplace,FC-North,Metro Post,true,Damaged in transit,false,Written off,3,3,218.91,218.91
R000705,OI0004849,O0002344,C001336,P00186,2024-06-30,2024-06-01,2024-07-15,15,Sports & Outdoors,Fitness,Latitude 54,Web,FC-Central,Regional Freight,true,Wrong size,true,Recovered,1,1,272.93,134.61
R000706,OI0004854,O0002345,C001336,P00019,2024-11-12,2024-11-01,2024-11-25,13,Apparel,Tops,Brightpath,Web,FC-Central,Metro Post,false,Arrived too late,true,Recovered,1,1,65.52,36.16
R000707,OI0004867,O0002350,C001338,P00063,2024-06-30,2024-06-01,2024-07-16,16,Footwear,Formal,Northvale,Mobile App,FC-Central,Metro Post,true,Wrong size,true,Recovered,1,1,31.98,15.31
R000708,OI0004871,O0002353,C001340,P00077,2024-07-29,2024-07-01,2024-08-10,12,Footwear,Boots,Ellery & Co,Mobile App,FC-South,Swiftline,false,Changed mind,true,Recovered,1,1,105.21,64.29
R000709,OI0004873,O0002354,C001340,P00053,2024-09-14,2024-09-01,2024-10-13,29,Apparel,Tops,Latitude 54,Mobile App,FC-South,Metro Post,false,Faulty,false,Written off,1,1,103.71,103.71
R000710,OI0004877,O0002356,C001340,P00049,2025-04-15,2025-04-01,2025-04-21,6,Apparel,Tops,Brightpath,Web,FC-South,Regional Freight,true,Changed mind,true,Recovered,1,1,45.89,26.99
R000711,OI0004883,O0002360,C001343,P00104,2024-06-27,2024-06-01,2024-07-13,16,Electronics,Audio,Brightpath,Web,FC-South,Metro Post,true,Changed mind,true,Recovered,1,1,175.32,16.48
R000712,OI0004890,O0002363,C001345,P00024,2024-07-01,2024-07-01,2024-07-09,8,Apparel,Outerwear,Brightpath,Web,FC-Central,Regional Freight,true,Not as described,true,Recovered,1,1,26.42,10.84
R000713,OI0004891,O0002363,C001345,P00039,2024-07-01,2024-07-01,2024-07-27,26,Apparel,Outerwear,Latitude 54,Web,FC-Central,Regional Freight,true,Arrived too late,true,Recovered,2,2,51.12,28.36
R000714,OI0004892,O0002364,C001346,P00098,2024-07-02,2024-07-01,2024-07-24,22,Electronics,Audio,Brightpath,Store,Store Pickup,,,Changed mind,true,Recovered,1,1,126.60,21.07
R000715,OI0004895,O0002365,C001347,P00082,2024-06-29,2024-06-01,2024-07-30,31,Electronics,Audio,Puresel,Marketplace,FC-South,Regional Freight,true,Not as described,true,Recovered,1,1,477.87,99.3
R000716,OI0004898,O0002366,C001347,P00070,2024-09-27,2024-09-01,2024-10-23,26,Footwear,Boots,Latitude 54,Store,Store Pickup,,,Wrong size,true,Recovered,1,1,81.65,41.3
R000717,OI0004902,O0002370,C001349,P00069,2024-07-01,2024-07-01,2024-07-31,30,Footwear,Sandals,Brightpath,Web,FC-Central,Regional Freight,true,Changed mind,true,Recovered,1,3,148.15,87.94
R000718,OI0004926,O0002382,C001357,P00041,2024-07-02,2024-07-01,2024-07-21,19,Apparel,Outerwear,Latitude 54,Mobile App,FC-North,Swiftline,true,Damaged in transit,false,Written off,2,2,171.52,171.52
R000719,OI0004928,O0002382,C001357,P00012,2024-07-02,2024-07-01,2024-07-29,27,Apparel,Knitwear,Mokkan,Mobile App,FC-North,Swiftline,true,Arrived too late,true,Recovered,1,1,88.93,48.74
R000720,OI0004941,O0002386,C001359,P00077,2024-08-15,2024-08-01,2024-08-30,15,Footwear,Boots,Ellery & Co,Marketplace,FC-South,Metro Post,true,Faulty,false,Written off,1,1,105.21,105.21
R000721,OI0004951,O0002390,C001362,P00171,2024-07-03,2024-07-01,2024-07-31,28,Sports & Outdoors,Cycling,Ellery & Co,Store,Store Pickup,,,Damaged in transit,false,Written off,1,1,63.16,63.16
R000722,OI0004960,O0002396,C001364,P00020,2024-11-12,2024-11-01,2024-11-28,16,Apparel,Denim,Ellery & Co,Marketplace,FC-North,Swiftline,true,Changed mind,true,Recovered,3,3,394.47,253.71
R000723,OI0004961,O0002396,C001364,P00130,2024-11-12,2024-11-01,2024-12-14,32,Home & Kitchen,Cookware,Ellery & Co,Marketplace,FC-North,Swiftline,true,Changed mind,true,Recovered,2,2,412.38,112.94
R000724,OI0004963,O0002397,C001364,P00039,2025-02-15,2025-02-01,2025-03-06,19,Apparel,Outerwear,Latitude 54,Mobile App,FC-North,Metro Post,true,Arrived too late,true,Recovered,1,1,25.56,14.18
R000725,OI0004968,O0002398,C001364,P00025,2025-04-30,2025-04-01,2025-05-31,31,Apparel,Outerwear,Corda,Web,FC-North,Metro Post,true,Wrong size,true,Recovered,1,1,125.94,77.04
R000726,OI0004970,O0002400,C001365,P00052,2024-07-02,2024-07-01,2024-07-31,29,Apparel,Dresses,Corda,Mobile App,FC-South,Metro Post,true,Arrived too late,true,Recovered,1,1,64.55,40.52
R000727,OI0004974,O0002403,C001367,P00021,2024-07-01,2024-07-01,2024-07-16,15,Apparel,Denim,Northvale,Mobile App,FC-Central,Swiftline,true,Changed mind,true,Recovered,1,1,52.72,31.56
R000728,OI0004977,O0002403,C001367,P00034,2024-07-01,2024-07-01,2024-07-13,12,Apparel,Dresses,Latitude 54,Mobile App,FC-Central,Swiftline,true,Wrong size,true,Recovered,2,2,76.73,33.49
R000729,OI0005016,O0002422,C001373,P00142,2024-07-04,2024-07-01,2024-07-28,24,Home & Kitchen,Cookware,Northvale,Web,FC-South,Metro Post,true,Not as described,true,Recovered,1,1,116.52,40.66
R000730,OI0005017,O0002422,C001373,P00115,2024-07-04,2024-07-01,2024-08-01,28,Home & Kitchen,Lighting,Puresel,Web,FC-South,Metro Post,true,Faulty,false,Written off,1,1,62.92,62.92
R000731,OI0005033,O0002429,C001375,P00116,2024-12-20,2024-12-01,2025-01-15,26,Home & Kitchen,Bedding,Latitude 54,Store,Store Pickup,,,Faulty,false,Written off,1,1,38.00,38.0
R000732,OI0005041,O0002432,C001378,P00190,2024-07-03,2024-07-01,2024-07-07,4,Sports & Outdoors,Cycling,Puresel,Store,Store Pickup,,,Changed mind,true,Recovered,1,1,158.64,53.49
R000733,OI0005044,O0002434,C001379,P00091,2024-07-04,2024-07-01,2024-07-09,5,Electronics,Small Appliances,Mokkan,Store,Store Pickup,,,Changed mind,true,Recovered,1,1,437.76,86.34
R000734,OI0005051,O0002436,C001379,P00100,2024-10-03,2024-10-01,2024-10-24,21,Electronics,Accessories,Latitude 54,Mobile App,FC-South,Regional Freight,true,Damaged in transit,false,Written off,1,1,386.68,386.68
R000735,OI0005052,O0002437,C001380,P00055,2024-07-01,2024-07-01,2024-07-16,15,Footwear,Trainers,Ellery & Co,Mobile App,FC-Central,Metro Post,true,Changed mind,true,Recovered,1,1,40.68,21.54
R000736,OI0005053,O0002438,C001380,P00062,2024-07-27,2024-07-01,2024-08-01,5,Footwear,Formal,Latitude 54,Mobile App,FC-Central,Swiftline,true,Changed mind,true,Recovered,1,2,101.19,50.04
R000737,OI0005056,O0002440,C001381,P00004,2024-07-01,2024-07-01,2024-07-21,20,Apparel,Knitwear,Puresel,Store,Store Pickup,,,Wrong size,true,Recovered,1,1,33.94,19.96
R000738,OI0005059,O0002441,C001382,P00070,2024-07-05,2024-07-01,2024-07-10,5,Footwear,Boots,Latitude 54,Mobile App,FC-Central,Swiftline,true,Not as described,true,Recovered,1,1,81.65,41.3
R000739,OI0005082,O0002451,C001386,P00076,2024-07-06,2024-07-01,2024-07-18,12,Footwear,Trainers,Puresel,Mobile App,FC-South,Metro Post,true,Arrived too late,true,Recovered,1,1,83.39,49.11
R000740,OI0005083,O0002452,C001386,P00007,2024-08-18,2024-08-01,2024-09-13,26,Apparel,Denim,Northvale,Web,FC-South,Regional Freight,false,Changed mind,true,Recovered,1,2,89.69,42.47
R000741,OI0005086,O0002453,C001387,P00135,2024-07-06,2024-07-01,2024-07-30,24,Home & Kitchen,Bedding,Ellery & Co,Marketplace,FC-South,Swiftline,true,Not as described,true,Recovered,1,1,116.52,29.23
R000742,OI0005090,O0002456,C001388,P00185,2024-07-06,2024-07-01,2024-07-26,20,Sports & Outdoors,Swim,Puresel,Mobile App,FC-Central,Regional Freight,true,Changed mind,true,Recovered,1,1,245.75,118.07
R000743,OI0005093,O0002458,C001390,P00119,2024-07-03,2024-07-01,2024-07-17,14,Home & Kitchen,Storage,Puresel,Mobile App,FC-North,Regional Freight,true,Not as described,true,Recovered,1,1,168.71,41.1
R000744,OI0005101,O0002464,C001393,P00073,2025-04-18,2025-04-01,2025-05-09,21,Footwear,Boots,Brightpath,Web,FC-South,Swiftline,true,Wrong size,true,Recovered,1,1,79.76,41.34
R000745,OI0005109,O0002469,C001398,P00053,2024-07-07,2024-07-01,2024-07-25,18,Apparel,Tops,Latitude 54,Web,FC-North,Metro Post,true,Wrong size,true,Recovered,1,1,94.58,56.55
R000746,OI0005114,O0002471,C001400,P00062,2024-07-04,2024-07-01,2024-07-14,10,Footwear,Formal,Latitude 54,Web,FC-South,Regional Freight,true,Faulty,false,Written off,1,2,120.05,120.05
R000747,OI0005115,O0002472,C001401,P00074,2024-07-06,2024-07-01,2024-07-23,17,Footwear,Trainers,Puresel,Marketplace,FC-South,Regional Freight,true,Faulty,false,Written off,1,1,128.17,128.17
R000748,OI0005124,O0002477,C001402,P00061,2024-08-04,2024-08-01,2024-08-28,24,Footwear,Trainers,Northvale,Web,FC-South,Swiftline,true,Changed mind,true,Recovered,1,1,44.28,25.13
R000749,OI0005131,O0002481,C001403,P00051,2024-10-25,2024-10-01,2024-11-18,24,Apparel,Denim,Corda,Web,FC-South,Regional Freight,true,Wrong size,true,Recovered,2,2,57.46,22.38
R000750,OI0005135,O0002483,C001405,P00140,2024-07-09,2024-07-01,2024-07-14,5,Home & Kitchen,Lighting,Brightpath,Mobile App,FC-Central,Regional Freight,true,Damaged in transit,false,Written off,3,3,150.36,150.36
R000751,OI0005136,O0002484,C001406,P00074,2024-07-08,2024-07-01,2024-08-05,28,Footwear,Trainers,Puresel,Web,FC-Central,Swiftline,true,Not as described,true,Recovered,1,1,128.17,80.38
R000752,OI0005143,O0002488,C001408,P00172,2024-07-07,2024-07-01,2024-07-22,15,Sports & Outdoors,Fitness,Ellery & Co,Web,FC-South,Regional Freight,true,Damaged in transit,false,Written off,1,1,74.33,74.33
R000753,OI0005149,O0002489,C001409,P00031,2024-07-07,2024-07-01,2024-07-13,6,Apparel,Dresses,Brightpath,Store,Store Pickup,,,Not as described,true,Recovered,2,2,181.88,106.9
R000754,OI0005150,O0002490,C001409,P00055,2025-02-22,2025-02-01,2025-03-20,26,Footwear,Trainers,Ellery & Co,Web,FC-South,Swiftline,true,Changed mind,true,Recovered,1,1,31.60,12.46
R000755,OI0005154,O0002494,C001411,P00019,2024-07-07,2024-07-01,2024-07-21,14,Apparel,Tops,Brightpath,Mobile App,FC-North,Metro Post,true,Changed mind,true,Recovered,1,1,65.52,36.16
R000756,OI0005157,O0002496,C001412,P00064,2024-09-11,2024-09-01,2024-10-04,23,Footwear,Boots,Mokkan,Store,Store Pickup,,,Changed mind,true,Recovered,1,1,93.30,50.66
R000757,OI0005159,O0002496,C001412,P00045,2024-09-11,2024-09-01,2024-09-24,13,Apparel,Knitwear,Puresel,Store,Store Pickup,,,Changed mind,true,Recovered,1,4,70.92,41.49
R000758,OI0005164,O0002498,C001413,P00023,2024-08-22,2024-08-01,2024-09-06,15,Apparel,Tops,Latitude 54,Web,FC-North,Swiftline,true,Wrong size,true,Recovered,1,1,49.85,32.11
R000759,OI0005165,O0002498,C001413,P00077,2024-08-22,2024-08-01,2024-09-11,20,Footwear,Boots,Ellery & Co,Web,FC-North,Swiftline,true,Damaged in transit,false,Written off,1,1,83.19,83.19
R000760,OI0005167,O0002498,C001413,P00026,2024-08-22,2024-08-01,2024-09-15,24,Apparel,Dresses,Corda,Web,FC-North,Swiftline,true,Wrong size,true,Recovered,1,1,34.19,16.49
R000761,OI0005177,O0002504,C001414,P00028,2024-10-04,2024-10-01,2024-10-27,23,Apparel,Dresses,Mokkan,Web,FC-South,Metro Post,true,Changed mind,true,Recovered,3,3,69.95,34.73
R000762,OI0005179,O0002505,C001415,P00017,2024-07-10,2024-07-01,2024-07-16,6,Apparel,Dresses,Corda,Web,FC-South,Regional Freight,true,Wrong size,true,Recovered,1,1,27.43,15.56
R000763,OI0005180,O0002505,C001415,P00004,2024-07-10,2024-07-01,2024-07-22,12,Apparel,Knitwear,Puresel,Web,FC-South,Regional Freight,true,Not as described,true,Recovered,1,1,33.94,19.96
R000764,OI0005183,O0002507,C001416,P00044,2024-11-13,2024-11-01,2024-12-13,30,Apparel,Denim,Corda,Web,FC-Central,Metro Post,true,Faulty,false,Written off,1,1,20.90,20.9
R000765,OI0005194,O0002512,C001419,P00182,2024-07-06,2024-07-01,2024-07-24,18,Sports & Outdoors,Cycling,Northvale,Marketplace,FC-South,Regional Freight,true,Not as described,true,Recovered,1,1,47.86,20.91
R000766,OI0005199,O0002515,C001421,P00130,2024-07-08,2024-07-01,2024-08-01,24,Home & Kitchen,Cookware,Ellery & Co,Mobile App,FC-South,Regional Freight,true,Changed mind,true,Recovered,1,1,206.19,56.47
R000767,OI0005200,O0002516,C001422,P00071,2024-07-07,2024-07-01,2024-07-28,21,Footwear,Boots,Puresel,Mobile App,FC-South,Metro Post,true,Changed mind,true,Recovered,1,1,96.89,40.93
R000768,OI0005208,O0002522,C001424,P00157,2025-01-13,2025-01-01,2025-01-19,6,Beauty,Cosmetics,Ellery & Co,Mobile App,FC-South,Swiftline,true,Changed mind,true,Recovered,1,1,19.98,12.97
R000769,OI0005212,O0002524,C001424,P00075,2025-05-02,2025-05-01,2025-05-24,22,Footwear,Formal,Latitude 54,Store,Store Pickup,,,Arrived too late,true,Recovered,1,1,42.85,16.43
R000770,OI0005216,O0002526,C001425,P00175,2024-07-09,2024-07-01,2024-07-29,20,Sports & Outdoors,Camping,Ellery & Co,Web,FC-South,Metro Post,true,Wrong size,true,Recovered,1,1,241.41,113.18
R000771,OI0005224,O0002530,C001427,P00050,2024-07-08,2024-07-01,2024-07-30,22,Apparel,Knitwear,Brightpath,Web,FC-Central,Swiftline,true,Changed mind,true,Recovered,1,1,116.54,66.67
R000772,OI0005227,O0002532,C001427,P00054,2024-11-01,2024-11-01,2024-11-09,8,Footwear,Sandals,Mokkan,Store,Store Pickup,,,Wrong size,true,Recovered,1,1,59.52,30.01
R000773,OI0005234,O0002537,C001431,P00013,2024-07-09,2024-07-01,2024-07-22,13,Apparel,Dresses,Ellery & Co,Web,FC-South,Metro Post,true,Damaged in transit,false,Written off,1,1,66.51,66.51
R000774,OI0005259,O0002545,C001434,P00074,2025-11-24,2025-11-01,2025-12-02,8,Footwear,Trainers,Puresel,Mobile App,FC-South,Metro Post,false,Wrong size,true,Recovered,1,1,128.17,80.38
R000775,OI0005266,O0002550,C001438,P00068,2024-12-26,2024-12-01,2025-01-11,16,Footwear,Sandals,Corda,Web,FC-South,Swiftline,true,Changed mind,true,Recovered,1,1,85.98,44.67
R000776,OI0005273,O0002554,C001440,P00093,2024-11-10,2024-11-01,2024-11-18,8,Electronics,Audio,Puresel,Mobile App,FC-North,Regional Freight,false,Changed mind,true,Recovered,1,1,131.44,-10.48
R000777,OI0005277,O0002557,C001443,P00043,2024-07-10,2024-07-01,2024-08-08,29,Apparel,Denim,Puresel,Web,FC-Central,Metro Post,true,Changed mind,true,Recovered,1,1,107.20,69.39
R000778,OI0005278,O0002557,C001443,P00005,2024-07-10,2024-07-01,2024-07-31,21,Apparel,Knitwear,Ellery & Co,Web,FC-Central,Metro Post,true,Faulty,false,Written off,1,1,51.99,51.99
R000779,OI0005294,O0002563,C001446,P00038,2024-07-13,2024-07-01,2024-08-01,19,Apparel,Dresses,Ellery & Co,Store,Store Pickup,,,Wrong size,true,Recovered,1,1,83.70,45.76
R000780,OI0005303,O0002567,C001448,P00021,2024-09-10,2024-09-01,2024-10-01,21,Apparel,Denim,Northvale,Mobile App,FC-Central,Metro Post,true,Wrong size,true,Recovered,1,1,52.72,31.56
R000781,OI0005317,O0002574,C001450,P00063,2024-07-10,2024-07-01,2024-07-24,14,Footwear,Formal,Northvale,Web,FC-South,Regional Freight,false,Arrived too late,true,Recovered,1,1,26.90,10.23
R000782,OI0005321,O0002577,C001453,P00111,2024-07-14,2024-07-01,2024-08-02,19,Home & Kitchen,Storage,Brightpath,Web,FC-Central,Metro Post,true,Not as described,true,Recovered,1,1,166.13,69.96
R000783,OI0005322,O0002578,C001453,P00042,2024-07-24,2024-07-01,2024-08-20,27,Apparel,Knitwear,Latitude 54,Web,FC-Central,Metro Post,true,Not as described,true,Recovered,1,1,98.30,58.28
R000784,OI0005345,O0002589,C001458,P00006,2024-07-13,2024-07-01,2024-07-24,11,Apparel,Denim,Puresel,Mobile App,FC-South,Swiftline,true,Wrong size,true,Recovered,1,1,31.44,19.56
R000785,OI0005350,O0002591,C001459,P00126,2024-07-13,2024-07-01,2024-07-23,10,Home & Kitchen,Bedding,Puresel,Web,FC-North,Regional Freight,true,Not as described,true,Recovered,1,1,33.23,10.45
R000786,OI0005360,O0002593,C001461,P00002,2024-07-12,2024-07-01,2024-07-21,9,Apparel,Knitwear,Brightpath,Web,FC-North,Swiftline,true,Damaged in transit,false,Written off,1,1,81.68,81.68
R000787,OI0005363,O0002596,C001462,P00064,2024-07-14,2024-07-01,2024-07-31,17,Footwear,Boots,Mokkan,Store,Store Pickup,,,Changed mind,true,Recovered,1,1,93.30,50.66
R000788,OI0005371,O0002600,C001465,P00018,2024-07-12,2024-07-01,2024-07-18,6,Apparel,Denim,Latitude 54,Marketplace,FC-South,Swiftline,true,Damaged in transit,false,Written off,1,1,62.01,62.01
R000789,OI0005376,O0002602,C001466,P00012,2025-02-11,2025-02-01,2025-03-14,31,Apparel,Knitwear,Mokkan,Web,FC-South,Regional Freight,true,Faulty,false,Written off,1,1,56.57,56.57
R000790,OI0005377,O0002602,C001466,P00021,2025-02-11,2025-02-01,2025-02-16,5,Apparel,Denim,Northvale,Web,FC-South,Regional Freight,true,Changed mind,true,Recovered,1,1,34.85,13.69
R000791,OI0005388,O0002608,C001471,P00139,2024-07-15,2024-07-01,2024-07-29,14,Home & Kitchen,Cookware,Ellery & Co,Web,FC-Central,Metro Post,false,Changed mind,true,Recovered,1,1,53.02,21.66
R000792,OI0005406,O0002616,C001476,P00070,2024-11-15,2024-11-01,2024-12-02,17,Footwear,Boots,Latitude 54,Marketplace,FC-South,Swiftline,true,Not as described,true,Recovered,1,1,81.65,41.3
R000793,OI0005411,O0002619,C001478,P00049,2024-07-14,2024-07-01,2024-07-21,7,Apparel,Tops,Brightpath,Marketplace,FC-South,Regional Freight,true,Not as described,true,Recovered,1,1,29.89,10.99
R000794,OI0005421,O0002622,C001480,P00144,2024-08-26,2024-08-01,2024-09-26,31,Home & Kitchen,Cookware,Puresel,Marketplace,FC-South,Regional Freight,true,Wrong size,true,Recovered,1,1,126.72,16.21
R000795,OI0005427,O0002625,C001481,P00068,2024-09-08,2024-09-01,2024-09-30,22,Footwear,Sandals,Corda,Web,FC-North,Metro Post,true,Damaged in transit,false,Written off,1,1,73.86,73.86
R000796,OI0005428,O0002626,C001481,P00070,2025-02-08,2025-02-01,2025-02-20,12,Footwear,Boots,Latitude 54,Web,FC-North,Swiftline,true,Faulty,false,Written off,1,1,81.65,81.65
R000797,OI0005434,O0002629,C001483,P00062,2024-08-13,2024-08-01,2024-09-12,30,Footwear,Formal,Latitude 54,Mobile App,FC-South,Regional Freight,true,Faulty,false,Written off,1,1,120.05,120.05
R000798,OI0005443,O0002630,C001483,P00115,2024-10-11,2024-10-01,2024-10-23,12,Home & Kitchen,Lighting,Puresel,Mobile App,FC-South,Regional Freight,true,Wrong size,true,Recovered,1,1,110.04,39.41
R000799,OI0005445,O0002631,C001484,P00106,2024-07-14,2024-07-01,2024-08-17,34,Electronics,Accessories,Ellery & Co,Marketplace,FC-South,Regional Freight,false,Wrong size,true,Recovered,1,1,61.05,-30.56
R000800,OI0005451,O0002634,C001485,P00052,2024-10-30,2024-10-01,2024-11-04,5,Apparel,Dresses,Corda,Web,FC-Central,Regional Freight,true,Not as described,true,Recovered,1,2,64.55,40.52
R000801,OI0005452,O0002635,C001486,P00076,2024-07-15,2024-07-01,2024-08-04,20,Footwear,Trainers,Puresel,Mobile App,FC-Central,Regional Freight,true,Changed mind,true,Recovered,1,1,83.39,49.11
R000802,OI0005455,O0002637,C001487,P00064,2024-07-16,2024-07-01,2024-08-10,25,Footwear,Boots,Mokkan,Mobile App,FC-South,Metro Post,true,Changed mind,true,Recovered,1,1,93.30,50.66
R000803,OI0005457,O0002639,C001489,P00042,2024-07-16,2024-07-01,2024-08-11,26,Apparel,Knitwear,Latitude 54,Web,FC-Central,Regional Freight,true,Wrong size,true,Recovered,1,1,75.22,35.2
R000804,OI0005461,O0002641,C001490,P00126,2024-07-17,2024-07-01,2024-08-13,27,Home & Kitchen,Bedding,Puresel,Marketplace,FC-North,Metro Post,true,Changed mind,true,Recovered,1,1,33.23,10.45
R000805,OI0005476,O0002647,C001494,P00047,2024-09-10,2024-09-01,2024-10-03,23,Apparel,Dresses,Puresel,Marketplace,FC-Central,Swiftline,true,Arrived too late,true,Recovered,1,1,95.89,50.64
R000806,OI0005478,O0002647,C001494,P00004,2024-09-10,2024-09-01,2024-10-06,26,Apparel,Knitwear,Puresel,Marketplace,FC-Central,Swiftline,true,Damaged in transit,false,Written off,1,1,33.94,33.94
R000807,OI0005481,O0002649,C001496,P00073,2024-07-17,2024-07-01,2024-07-20,3,Footwear,Boots,Brightpath,Store,Store Pickup,,,Faulty,false,Written off,1,1,63.82,63.82
R000808,OI0005483,O0002650,C001497,P00072,2024-07-17,2024-07-01,2024-08-12,26,Footwear,Sandals,Brightpath,Store,Store Pickup,,,Wrong size,true,Recovered,1,1,51.42,27.84
R000809,OI0005493,O0002656,C001500,P00135,2024-07-16,2024-07-01,2024-08-04,19,Home & Kitchen,Bedding,Ellery & Co,Web,FC-North,Swiftline,false,Damaged in transit,false,Written off,1,1,101.64,101.64
R000810,OI0005505,O0002662,C001502,P00035,2024-07-20,2024-07-01,2024-08-07,18,Apparel,Outerwear,Northvale,Web,FC-South,Metro Post,false,Wrong size,true,Recovered,1,1,131.59,67.13
R000811,OI0005507,O0002663,C001503,P00003,2024-07-18,2024-07-01,2024-07-30,12,Apparel,Outerwear,Northvale,Marketplace,FC-Central,Metro Post,true,Changed mind,true,Recovered,1,1,32.59,18.9
R000812,OI0005510,O0002664,C001503,P00080,2024-11-26,2024-11-01,2024-12-24,28,Footwear,Sandals,Ellery & Co,Web,FC-Central,Swiftline,true,Changed mind,true,Recovered,1,1,49.77,26.47
R000813,OI0005524,O0002672,C001507,P00066,2025-02-14,2025-02-01,2025-02-28,14,Footwear,Sandals,Puresel,Marketplace,FC-South,Regional Freight,true,Changed mind,true,Recovered,2,2,223.90,126.04
R000814,OI0005525,O0002673,C001507,P00074,2025-03-03,2025-03-01,2025-03-29,26,Footwear,Trainers,Puresel,Web,FC-South,Swiftline,true,Not as described,true,Recovered,1,1,109.60,61.81
R000815,OI0005528,O0002674,C001508,P00056,2024-07-18,2024-07-01,2024-07-31,13,Footwear,Sandals,Puresel,Web,FC-South,Regional Freight,true,Changed mind,true,Recovered,1,1,50.25,5.38
R000816,OI0005533,O0002675,C001509,P00155,2024-07-22,2024-07-01,2024-08-16,25,Beauty,Fragrance,Latitude 54,Marketplace,FC-South,Regional Freight,true,Faulty,false,Written off,1,1,44.92,44.92
R000817,OI0005546,O0002683,C001515,P00092,2024-10-01,2024-10-01,2024-10-18,17,Electronics,Accessories,Puresel,Web,FC-South,Regional Freight,true,Wrong size,true,Recovered,2,2,418.64,55.54
R000818,OI0005549,O0002684,C001515,P00081,2024-10-30,2024-10-01,2024-11-13,14,Electronics,Wearables,Mokkan,Web,FC-South,Regional Freight,false,Arrived too late,true,Recovered,1,1,425.20,59.27
R000819,OI0005552,O0002685,C001516,P00070,2024-07-18,2024-07-01,2024-08-12,25,Footwear,Boots,Latitude 54,Web,FC-South,Regional Freight,false,Arrived too late,true,Recovered,2,2,121.14,40.44
R000820,OI0005575,O0002693,C001520,P00093,2024-07-21,2024-07-01,2024-08-14,24,Electronics,Audio,Puresel,Mobile App,FC-South,Swiftline,true,Changed mind,true,Recovered,2,2,323.14,39.3
R000821,OI0005583,O0002696,C001520,P00144,2025-02-25,2025-02-01,2025-03-05,8,Home & Kitchen,Cookware,Puresel,Mobile App,FC-South,Metro Post,true,Wrong size,true,Recovered,1,1,174.00,63.49
R000822,OI0005606,O0002708,C001526,P00068,2024-09-09,2024-09-01,2024-09-23,14,Footwear,Sandals,Corda,Web,FC-Central,Regional Freight,true,Wrong size,true,Recovered,1,1,106.66,65.35
R000823,OI0005610,O0002712,C001530,P00012,2024-07-20,2024-07-01,2024-07-27,7,Apparel,Knitwear,Mokkan,Mobile App,FC-Central,Regional Freight,true,Faulty,false,Written off,1,1,68.89,68.89
R000824,OI0005630,O0002721,C001536,P00048,2024-07-24,2024-07-01,2024-08-04,11,Apparel,Dresses,Latitude 54,Marketplace,FC-South,Regional Freight,true,Damaged in transit,false,Written off,1,1,74.96,74.96
R000825,OI0005632,O0002723,C001538,P00128,2024-07-21,2024-07-01,2024-08-20,30,Home & Kitchen,Bedding,Northvale,Mobile App,FC-Central,Metro Post,true,Wrong size,true,Recovered,1,1,21.47,8.9
R000826,OI0005639,O0002726,C001538,P00122,2025-04-22,2025-04-01,2025-05-04,12,Home & Kitchen,Cookware,Ellery & Co,Web,FC-Central,Regional Freight,true,Arrived too late,true,Recovered,1,1,54.16,22.59
R000827,OI0005640,O0002727,C001538,P00024,2025-05-12,2025-05-01,2025-05-21,9,Apparel,Outerwear,Brightpath,Marketplace,FC-Central,Swiftline,true,Not as described,true,Recovered,1,1,35.49,19.91
R000828,OI0005645,O0002729,C001539,P00039,2024-12-17,2024-12-01,2024-12-22,5,Apparel,Outerwear,Latitude 54,Web,FC-Central,Swiftline,false,Wrong size,true,Recovered,1,1,19.97,8.59
R000829,OI0005657,O0002734,C001540,P00136,2024-12-25,2024-12-01,2025-01-04,10,Home & Kitchen,Cookware,Latitude 54,Web,FC-South,Regional Freight,false,Changed mind,true,Recovered,2,2,58.84,22.42
R000830,OI0005662,O0002735,C001540,P00065,2025-03-05,2025-03-01,2025-03-19,14,Footwear,Sandals,Ellery & Co,Mobile App,FC-South,Swiftline,true,Wrong size,true,Recovered,1,1,94.68,40.79
R000831,OI0005665,O0002737,C001541,P00076,2024-09-27,2024-09-01,2024-10-13,16,Footwear,Trainers,Puresel,Marketplace,FC-Central,Regional Freight,true,Damaged in transit,false,Written off,1,1,83.39,83.39
R000832,OI0005667,O0002737,C001541,P00042,2024-09-27,2024-09-01,2024-10-19,22,Apparel,Knitwear,Latitude 54,Marketplace,FC-Central,Regional Freight,true,Changed mind,true,Recovered,1,1,98.30,58.28
R000833,OI0005688,O0002749,C001546,P00179,2024-10-26,2024-10-01,2024-11-03,8,Sports & Outdoors,Fitness,Mokkan,Web,FC-South,Metro Post,true,Changed mind,true,Recovered,2,2,98.96,37.5
R000834,OI0005692,O0002752,C001547,P00064,2024-10-28,2024-10-01,2024-11-17,20,Footwear,Boots,Mokkan,Store,Store Pickup,,,Changed mind,true,Recovered,1,3,93.30,50.66
R000835,OI0005700,O0002757,C001549,P00060,2024-07-22,2024-07-01,2024-08-18,27,Footwear,Formal,Corda,Store,Store Pickup,,,Damaged in transit,false,Written off,1,2,139.31,139.31
R000836,OI0005701,O0002758,C001550,P00052,2024-07-23,2024-07-01,2024-08-12,20,Apparel,Dresses,Corda,Mobile App,FC-South,Metro Post,false,Not as described,true,Recovered,1,1,64.55,40.52
R000837,OI0005708,O0002761,C001551,P00094,2024-08-20,2024-08-01,2024-09-18,29,Electronics,Accessories,Latitude 54,Mobile App,FC-South,Regional Freight,true,Not as described,true,Recovered,1,1,384.95,68.14
R000838,OI0005710,O0002762,C001551,P00117,2024-09-27,2024-09-01,2024-10-04,7,Home & Kitchen,Bedding,Ellery & Co,Mobile App,FC-South,Swiftline,true,Wrong size,true,Recovered,1,1,134.40,55.77
R000839,OI0005714,O0002764,C001551,P00044,2025-01-08,2025-01-01,2025-01-15,7,Apparel,Denim,Corda,Web,FC-South,Swiftline,true,Wrong size,true,Recovered,1,1,20.90,14.24
R000840,OI0005718,O0002765,C001552,P00013,2024-07-25,2024-07-01,2024-08-06,12,Apparel,Dresses,Ellery & Co,Mobile App,FC-South,Regional Freight,true,Changed mind,true,Recovered,1,1,63.31,38.67
R000841,OI0005735,O0002773,C001557,P00080,2025-08-17,2025-08-01,2025-09-15,29,Footwear,Sandals,Ellery & Co,Web,FC-North,Metro Post,true,Damaged in transit,false,Written off,1,1,49.77,49.77
R000842,OI0005737,O0002774,C001557,P00034,2025-11-20,2025-11-01,2025-12-22,32,Apparel,Dresses,Latitude 54,Mobile App,FC-North,Swiftline,true,Faulty,false,Written off,1,1,41.79,41.79
R000843,OI0005745,O0002776,C001557,P00120,2026-03-08,2026-03-01,2026-04-03,26,Home & Kitchen,Lighting,Northvale,Mobile App,FC-North,Swiftline,true,Faulty,false,Written off,1,1,97.95,97.95
R000844,OI0005751,O0002779,C001559,P00148,2024-07-25,2024-07-01,2024-08-13,19,Beauty,Haircare,Brightpath,Mobile App,FC-Central,Regional Freight,true,Wrong size,true,Recovered,1,1,75.06,44.03
R000845,OI0005758,O0002783,C001560,P00055,2025-02-03,2025-02-01,2025-02-10,7,Footwear,Trainers,Ellery & Co,Web,FC-Central,Swiftline,true,Damaged in transit,false,Written off,1,1,40.68,40.68
R000846,OI0005774,O0002791,C001562,P00185,2024-08-30,2024-08-01,2024-09-07,8,Sports & Outdoors,Swim,Puresel,Mobile App,FC-South,Regional Freight,true,Faulty,false,Written off,1,1,245.75,245.75
R000847,OI0005780,O0002794,C001563,P00053,2024-09-16,2024-09-01,2024-09-27,11,Apparel,Tops,Latitude 54,Mobile App,FC-South,Regional Freight,true,Not as described,true,Recovered,1,1,99.37,61.34
R000848,OI0005787,O0002798,C001564,P00173,2024-07-26,2024-07-01,2024-08-06,11,Sports & Outdoors,Swim,Mokkan,Store,Store Pickup,,,Wrong size,true,Recovered,1,1,77.82,36.14
R000849,OI0005792,O0002800,C001565,P00004,2024-09-05,2024-09-01,2024-09-29,24,Apparel,Knitwear,Puresel,Marketplace,FC-Central,Metro Post,true,Changed mind,true,Recovered,1,1,33.94,19.96
R000850,OI0005793,O0002800,C001565,P00054,2024-09-05,2024-09-01,2024-09-18,13,Footwear,Sandals,Mokkan,Marketplace,FC-Central,Metro Post,true,Wrong size,true,Recovered,1,1,59.52,30.01
R000851,OI0005795,O0002801,C001565,P00076,2024-10-10,2024-10-01,2024-10-30,20,Footwear,Trainers,Puresel,Web,FC-Central,Metro Post,true,Changed mind,true,Recovered,2,2,166.78,98.22
R000852,OI0005796,O0002801,C001565,P00185,2024-10-10,2024-10-01,2024-11-05,26,Sports & Outdoors,Swim,Puresel,Web,FC-Central,Metro Post,true,Damaged in transit,false,Written off,1,1,245.75,245.75
R000853,OI0005811,O0002810,C001572,P00050,2024-07-28,2024-07-01,2024-08-02,5,Apparel,Knitwear,Brightpath,Web,FC-South,Regional Freight,false,Wrong size,true,Recovered,1,1,98.02,48.15
R000854,OI0005812,O0002810,C001572,P00058,2024-07-28,2024-07-01,2024-08-12,15,Footwear,Trainers,Brightpath,Web,FC-South,Regional Freight,false,Arrived too late,true,Recovered,1,1,156.81,82.76
R000855,OI0005815,O0002811,C001572,P00048,2024-08-29,2024-08-01,2024-09-06,8,Apparel,Dresses,Latitude 54,Web,FC-South,Regional Freight,true,Changed mind,true,Recovered,1,1,122.50,66.99
R000856,OI0005817,O0002812,C001573,P00015,2024-07-27,2024-07-01,2024-08-13,17,Apparel,Tops,Corda,Mobile App,FC-North,Swiftline,true,Changed mind,true,Recovered,1,1,66.55,39.88
R000857,OI0005827,O0002816,C001574,P00178,2024-11-01,2024-11-01,2024-11-28,27,Sports & Outdoors,Fitness,Corda,Web,FC-Central,Swiftline,true,Faulty,false,Written off,2,2,308.57,308.57
R000858,OI0005834,O0002819,C001576,P00061,2024-09-15,2024-09-01,2024-09-26,11,Footwear,Trainers,Northvale,Store,Store Pickup,,,Not as described,true,Recovered,1,1,44.28,25.13
R000859,OI0005837,O0002820,C001577,P00071,2024-07-29,2024-07-01,2024-08-27,29,Footwear,Boots,Puresel,Web,FC-Central,Metro Post,true,Wrong size,true,Recovered,3,3,368.28,200.4
R000860,OI0005857,O0002833,C001585,P00101,2024-07-29,2024-07-01,2024-08-24,26,Electronics,Small Appliances,Corda,Web,FC-South,Regional Freight,true,Not as described,true,Recovered,1,1,112.24,14.67
R000861,OI0005871,O0002838,C001589,P00044,2024-07-29,2024-07-01,2024-08-08,10,Apparel,Denim,Corda,Web,FC-North,Regional Freight,true,Changed mind,true,Recovered,4,4,83.60,56.96
R000862,OI0005874,O0002840,C001589,P00077,2024-12-20,2024-12-01,2025-01-15,26,Footwear,Boots,Ellery & Co,Store,Store Pickup,,,Damaged in transit,false,Written off,1,1,105.21,105.21
R000863,OI0005875,O0002840,C001589,P00040,2024-12-20,2024-12-01,2025-01-03,14,Apparel,Tops,Puresel,Store,Store Pickup,,,Changed mind,true,Recovered,1,1,95.93,54.96
R000864,OI0005876,O0002841,C001590,P00119,2024-07-30,2024-07-01,2024-08-19,20,Home & Kitchen,Storage,Puresel,Web,FC-South,Swiftline,true,Changed mind,true,Recovered,1,1,97.57,-30.04
R000865,OI0005881,O0002845,C001593,P00065,2024-07-28,2024-07-01,2024-08-14,17,Footwear,Sandals,Ellery & Co,Web,FC-South,Metro Post,true,Not as described,true,Recovered,1,1,94.68,40.79
R000866,OI0005886,O0002847,C001594,P00068,2024-09-14,2024-09-01,2024-09-22,8,Footwear,Sandals,Corda,Web,FC-North,Swiftline,true,Changed mind,true,Recovered,1,1,106.66,65.35
R000867,OI0005887,O0002848,C001594,P00007,2024-11-20,2024-11-01,2024-12-13,23,Apparel,Denim,Northvale,Web,FC-North,Metro Post,true,Wrong size,true,Recovered,1,1,108.54,61.32
R000868,OI0005899,O0002854,C001598,P00028,2024-09-19,2024-09-01,2024-10-19,30,Apparel,Dresses,Mokkan,Mobile App,FC-North,Swiftline,true,Wrong size,true,Recovered,1,1,31.99,20.25
R000869,OI0005900,O0002854,C001598,P00145,2024-09-19,2024-09-01,2024-10-07,18,Beauty,Cosmetics,Ellery & Co,Mobile App,FC-North,Swiftline,true,Changed mind,true,Recovered,4,4,266.76,156.88
R000870,OI0005901,O0002855,C001598,P00052,2024-12-05,2024-12-01,2024-12-24,19,Apparel,Dresses,Corda,Store,Store Pickup,,,Changed mind,true,Recovered,1,1,64.55,40.52
R000871,OI0005912,O0002862,C001604,P00078,2024-08-02,2024-08-01,2024-08-27,25,Footwear,Sandals,Corda,Store,Store Pickup,,,Faulty,false,Written off,1,1,98.19,98.19
R000872,OI0005932,O0002872,C001609,P00109,2024-07-31,2024-07-01,2024-08-25,25,Electronics,Audio,Corda,Mobile App,FC-South,Regional Freight,true,Changed mind,true,Recovered,1,1,186.86,26.01
R000873,OI0005933,O0002873,C001610,P00037,2024-08-02,2024-08-01,2024-08-27,25,Apparel,Tops,Brightpath,Marketplace,FC-South,Regional Freight,false,Arrived too late,true,Recovered,1,1,116.64,66.03
R000874,OI0005934,O0002873,C001610,P00099,2024-08-02,2024-08-01,2024-08-28,26,Electronics,Small Appliances,Latitude 54,Marketplace,FC-South,Regional Freight,false,Arrived too late,true,Recovered,1,1,447.58,85.68
R000875,OI0005935,O0002873,C001610,P00178,2024-08-02,2024-08-01,2024-08-11,9,Sports & Outdoors,Fitness,Corda,Marketplace,FC-South,Regional Freight,false,Damaged in transit,false,Written off,1,1,226.66,226.66
R000876,OI0005938,O0002874,C001611,P00089,2024-08-03,2024-08-01,2024-08-26,23,Electronics,Audio,Corda,Web,FC-Central,Swiftline,true,Wrong size,true,Recovered,1,1,337.55,85.59
R000877,OI0005951,O0002881,C001615,P00145,2024-08-01,2024-08-01,2024-08-15,14,Beauty,Cosmetics,Ellery & Co,Marketplace,FC-North,Regional Freight,true,Wrong size,true,Recovered,1,1,66.69,39.22
R000878,OI0005953,O0002882,C001615,P00016,2024-10-25,2024-10-01,2024-11-08,14,Apparel,Knitwear,Brightpath,Marketplace,FC-North,Metro Post,true,Changed mind,true,Recovered,1,1,50.69,28.96
R000879,OI0005960,O0002885,C001617,P00047,2024-07-31,2024-07-01,2024-08-26,26,Apparel,Dresses,Puresel,Mobile App,FC-Central,Swiftline,true,Changed mind,true,Recovered,1,1,95.89,50.64
R000880,OI0005968,O0002889,C001620,P00036,2024-08-04,2024-08-01,2024-08-28,24,Apparel,Dresses,Latitude 54,Web,FC-North,Metro Post,true,Changed mind,true,Recovered,1,1,58.97,34.98
R000881,OI0005973,O0002891,C001621,P00184,2024-10-26,2024-10-01,2024-11-03,8,Sports & Outdoors,Swim,Ellery & Co,Mobile App,FC-Central,Metro Post,true,Wrong size,true,Recovered,1,1,208.78,88.73
R000882,OI0005974,O0002891,C001621,P00053,2024-10-26,2024-10-01,2024-11-24,29,Apparel,Tops,Latitude 54,Mobile App,FC-Central,Metro Post,true,Damaged in transit,false,Written off,1,1,103.71,103.71
R000883,OI0005981,O0002895,C001622,P00057,2024-08-03,2024-08-01,2024-08-15,12,Footwear,Trainers,Puresel,Web,FC-South,Regional Freight,true,Faulty,false,Written off,1,1,48.76,48.76
R000884,OI0005992,O0002900,C001625,P00117,2024-07-31,2024-07-01,2024-08-10,10,Home & Kitchen,Bedding,Ellery & Co,Web,FC-North,Swiftline,true,Faulty,false,Written off,1,2,114.52,114.52
R000885,OI0005995,O0002901,C001626,P00091,2024-08-03,2024-08-01,2024-08-07,4,Electronics,Small Appliances,Mokkan,Store,Store Pickup,,,Damaged in transit,false,Written off,1,1,437.76,437.76
R000886,OI0005998,O0002903,C001627,P00112,2024-08-02,2024-08-01,2024-09-03,32,Home & Kitchen,Bedding,Puresel,Web,FC-Central,Regional Freight,false,Damaged in transit,false,Written off,2,2,345.22,345.22
R000887,OI0006008,O0002907,C001628,P00164,2024-12-04,2024-12-01,2024-12-28,24,Beauty,Cosmetics,Ellery & Co,Web,FC-South,Regional Freight,true,Wrong size,true,Recovered,1,1,32.41,7.7
R000888,OI0006012,O0002909,C001629,P00023,2024-08-03,2024-08-01,2024-09-02,30,Apparel,Tops,Latitude 54,Marketplace,FC-North,Swiftline,true,Changed mind,true,Recovered,1,1,49.85,32.11
R000889,OI0006022,O0002911,C001631,P00129,2024-08-01,2024-08-01,2024-08-19,18,Home & Kitchen,Cookware,Ellery & Co,Web,FC-South,Regional Freight,false,Arrived too late,true,Recovered,1,1,50.47,10.31
R000890,OI0006023,O0002912,C001632,P00050,2024-08-04,2024-08-01,2024-08-27,23,Apparel,Knitwear,Brightpath,Mobile App,FC-South,Metro Post,true,Changed mind,true,Recovered,1,1,116.54,66.67
R000891,OI0006038,O0002921,C001638,P00143,2025-04-30,2025-04-01,2025-05-28,28,Home & Kitchen,Tableware,Mokkan,Mobile App,FC-Central,Swiftline,true,Not as described,true,Recovered,1,1,21.76,7.78
R000892,OI0006043,O0002923,C001639,P00045,2024-11-07,2024-11-01,2024-12-02,25,Apparel,Knitwear,Puresel,Marketplace,FC-South,Swiftline,true,Changed mind,true,Recovered,1,1,68.20,38.77
R000893,OI0006047,O0002927,C001640,P00087,2025-03-07,2025-03-01,2025-04-05,29,Electronics,Audio,Brightpath,Mobile App,FC-South,Regional Freight,true,Not as described,true,Recovered,1,1,437.19,47.05
R000894,OI0006056,O0002930,C001641,P00081,2024-12-28,2024-12-01,2025-01-26,29,Electronics,Wearables,Mokkan,Mobile App,FC-North,Metro Post,true,Not as described,true,Recovered,1,1,244.40,-121.53
R000895,OI0006060,O0002932,C001643,P00032,2024-08-05,2024-08-01,2024-08-21,16,Apparel,Outerwear,Mokkan,Mobile App,FC-North,Swiftline,true,Wrong size,true,Recovered,1,1,34.46,22.06
R000896,OI0006068,O0002934,C001645,P00042,2024-08-07,2024-08-01,2024-09-06,30,Apparel,Knitwear,Latitude 54,Mobile App,FC-South,Regional Freight,true,Not as described,true,Recovered,1,1,98.30,58.28
R000897,OI0006070,O0002935,C001646,P00015,2024-08-05,2024-08-01,2024-08-13,8,Apparel,Tops,Corda,Mobile App,FC-North,Swiftline,true,Arrived too late,true,Recovered,1,1,46.74,20.07
R000898,OI0006086,O0002944,C001650,P00056,2024-09-16,2024-09-01,2024-10-13,27,Footwear,Sandals,Puresel,Web,FC-South,Regional Freight,true,Changed mind,true,Recovered,1,1,105.15,60.28
R000899,OI0006100,O0002951,C001652,P00001,2024-08-07,2024-08-01,2024-09-02,26,Apparel,Dresses,Latitude 54,Web,FC-Central,Regional Freight,true,Not as described,true,Recovered,1,1,35.84,21.69
R000900,OI0006104,O0002953,C001654,P00058,2024-08-07,2024-08-01,2024-08-26,19,Footwear,Trainers,Brightpath,Marketplace,FC-South,Regional Freight,true,Not as described,true,Recovered,2,2,250.05,101.95
R000901,OI0006108,O0002956,C001657,P00076,2024-08-08,2024-08-01,2024-09-06,29,Footwear,Trainers,Puresel,Web,FC-South,Swiftline,false,Not as described,true,Recovered,1,1,61.78,27.5
R000902,OI0006109,O0002957,C001658,P00092,2024-08-04,2024-08-01,2024-08-11,7,Electronics,Accessories,Puresel,Marketplace,FC-South,Metro Post,true,Changed mind,true,Recovered,2,2,251.18,-111.92
R000903,OI0006114,O0002958,C001658,P00170,2024-10-09,2024-10-01,2024-10-29,20,Sports & Outdoors,Cycling,Corda,Mobile App,FC-South,Regional Freight,false,Damaged in transit,false,Written off,1,1,216.26,216.26
R000904,OI0006122,O0002962,C001661,P00133,2024-10-22,2024-10-01,2024-11-15,24,Home & Kitchen,Cookware,Latitude 54,Marketplace,FC-Central,Metro Post,true,Faulty,false,Written off,1,1,184.72,184.72
R000905,OI0006134,O0002966,C001663,P00034,2024-11-15,2024-11-01,2024-11-26,11,Apparel,Dresses,Latitude 54,Mobile App,FC-North,Regional Freight,true,Arrived too late,true,Recovered,1,1,27.28,5.66
R000906,OI0006135,O0002966,C001663,P00033,2024-11-15,2024-11-01,2024-12-16,31,Apparel,Denim,Northvale,Mobile App,FC-North,Regional Freight,true,Damaged in transit,false,Written off,1,1,28.75,28.75
R000907,OI0006140,O0002969,C001663,P00047,2026-04-03,2026-04-01,2026-04-12,9,Apparel,Dresses,Puresel,Mobile App,FC-North,Regional Freight,true,Wrong size,true,Recovered,1,1,71.55,26.3
R000908,OI0006141,O0002969,C001663,P00023,2026-04-03,2026-04-01,2026-04-10,7,Apparel,Tops,Latitude 54,Mobile App,FC-North,Regional Freight,true,Not as described,true,Recovered,1,1,49.85,32.11
R000909,OI0006154,O0002977,C001667,P00125,2024-08-08,2024-08-01,2024-08-22,14,Home & Kitchen,Lighting,Latitude 54,Web,FC-North,Swiftline,true,Not as described,true,Recovered,1,1,79.94,14.87
R000910,OI0006158,O0002981,C001671,P00077,2024-08-06,2024-08-01,2024-08-13,7,Footwear,Boots,Ellery & Co,Store,Store Pickup,,,Changed mind,true,Recovered,1,1,105.21,64.29
R000911,OI0006159,O0002981,C001671,P00065,2024-08-06,2024-08-01,2024-08-31,25,Footwear,Sandals,Ellery & Co,Store,Store Pickup,,,Changed mind,true,Recovered,1,1,94.68,40.79
R000912,OI0006174,O0002989,C001675,P00060,2024-10-16,2024-10-01,2024-11-13,28,Footwear,Formal,Corda,Marketplace,FC-South,Swiftline,true,Not as described,true,Recovered,1,1,139.31,73.37
R000913,OI0006175,O0002989,C001675,P00032,2024-10-16,2024-10-01,2024-10-30,14,Apparel,Outerwear,Mokkan,Marketplace,FC-South,Swiftline,true,Changed mind,true,Recovered,1,1,28.84,16.44
R000914,OI0006179,O0002991,C001677,P00065,2024-08-09,2024-08-01,2024-09-06,28,Footwear,Sandals,Ellery & Co,Mobile App,FC-Central,Regional Freight,false,Arrived too late,true,Recovered,1,4,94.68,40.79
R000915,OI0006180,O0002992,C001677,P00023,2024-10-07,2024-10-01,2024-11-05,29,Apparel,Tops,Latitude 54,Web,FC-Central,Swiftline,true,Not as described,true,Recovered,1,1,49.85,32.11
R000916,OI0006191,O0002996,C001681,P00126,2024-08-10,2024-08-01,2024-08-31,21,Home & Kitchen,Bedding,Puresel,Web,FC-Central,Metro Post,false,Arrived too late,true,Recovered,1,1,33.23,10.45
R000917,OI0006225,O0003009,C001690,P00048,2024-08-10,2024-08-01,2024-09-02,23,Apparel,Dresses,Latitude 54,Store,Store Pickup,,,Changed mind,true,Recovered,1,1,122.50,66.99
R000918,OI0006230,O0003012,C001692,P00043,2024-10-06,2024-10-01,2024-10-20,14,Apparel,Denim,Puresel,Web,FC-South,Regional Freight,true,Not as described,true,Recovered,1,1,107.20,69.39
R000919,OI0006233,O0003014,C001692,P00161,2025-10-12,2025-10-01,2025-10-24,12,Beauty,Fragrance,Northvale,Mobile App,FC-South,Regional Freight,true,Damaged in transit,false,Written off,1,1,61.46,61.46
R000920,OI0006236,O0003014,C001692,P00184,2025-10-12,2025-10-01,2025-11-10,29,Sports & Outdoors,Swim,Ellery & Co,Mobile App,FC-South,Regional Freight,true,Arrived too late,true,Recovered,1,1,122.49,2.44
R000921,OI0006237,O0003015,C001692,P00153,2025-11-24,2025-11-01,2025-12-23,29,Beauty,Fragrance,Ellery & Co,Marketplace,FC-South,Metro Post,true,Damaged in transit,false,Written off,1,1,19.26,19.26
R000922,OI0006245,O0003019,C001695,P00123,2024-08-08,2024-08-01,2024-08-22,14,Home & Kitchen,Lighting,Northvale,Web,FC-South,Swiftline,true,Changed mind,true,Recovered,1,1,135.84,51.49
R000923,OI0006249,O0003022,C001696,P00057,2025-01-17,2025-01-01,2025-01-27,10,Footwear,Trainers,Puresel,Marketplace,FC-North,Metro Post,false,Changed mind,true,Recovered,1,1,46.98,20.8
R000924,OI0006259,O0003026,C001699,P00055,2024-08-09,2024-08-01,2024-08-26,17,Footwear,Trainers,Ellery & Co,Mobile App,FC-Central,Swiftline,true,Wrong size,true,Recovered,1,1,40.68,21.54
R000925,OI0006265,O0003031,C001704,P00119,2024-08-08,2024-08-01,2024-08-28,20,Home & Kitchen,Storage,Puresel,Store,Store Pickup,,,Not as described,true,Recovered,1,1,142.32,14.71
R000926,OI0006266,O0003032,C001705,P00177,2024-08-12,2024-08-01,2024-09-09,28,Sports & Outdoors,Cycling,Latitude 54,Marketplace,FC-South,Metro Post,true,Changed mind,true,Recovered,1,1,227.69,69.18
R000927,OI0006270,O0003033,C001705,P00016,2024-09-04,2024-09-01,2024-09-25,21,Apparel,Knitwear,Brightpath,Mobile App,FC-South,Metro Post,false,Faulty,false,Written off,1,1,54.64,54.64
R000928,OI0006271,O0003034,C001705,P00172,2024-11-07,2024-11-01,2024-11-24,17,Sports & Outdoors,Fitness,Ellery & Co,Store,Store Pickup,,,Not as described,true,Recovered,1,1,93.79,43.09
R000929,OI0006277,O0003036,C001706,P00036,2024-08-18,2024-08-01,2024-09-02,15,Apparel,Dresses,Latitude 54,Mobile App,FC-South,Regional Freight,true,Changed mind,true,Recovered,1,1,67.23,43.24
R000930,OI0006279,O0003037,C001706,P00009,2024-10-31,2024-10-01,2024-11-25,25,Apparel,Outerwear,Mokkan,Mobile App,FC-South,Metro Post,true,Changed mind,true,Recovered,1,1,73.72,42.56
R000931,OI0006282,O0003037,C001706,P00051,2024-10-31,2024-10-01,2024-11-07,7,Apparel,Denim,Corda,Mobile App,FC-South,Metro Post,true,Not as described,true,Recovered,1,1,43.18,25.64
R000932,OI0006298,O0003047,C001709,P00182,2024-08-13,2024-08-01,2024-09-03,21,Sports & Outdoors,Cycling,Northvale,Mobile App,FC-Central,Swiftline,true,Faulty,false,Written off,1,1,47.86,47.86
R000933,OI0006307,O0003053,C001710,P00013,2024-08-10,2024-08-01,2024-08-13,3,Apparel,Dresses,Ellery & Co,Store,Store Pickup,,,Changed mind,true,Recovered,1,1,66.51,41.87
R000934,OI0006318,O0003056,C001712,P00037,2024-10-17,2024-10-01,2024-11-10,24,Apparel,Tops,Brightpath,Web,FC-North,Regional Freight,true,Not as described,true,Recovered,1,1,116.64,66.03
R000935,OI0006319,O0003056,C001712,P00172,2024-10-17,2024-10-01,2024-10-27,10,Sports & Outdoors,Fitness,Ellery & Co,Web,FC-North,Regional Freight,true,Damaged in transit,false,Written off,1,1,93.79,93.79
R000936,OI0006329,O0003061,C001715,P00003,2024-08-12,2024-08-01,2024-09-02,21,Apparel,Outerwear,Northvale,Web,FC-Central,Metro Post,true,Wrong size,true,Recovered,1,1,32.59,18.9
R000937,OI0006331,O0003062,C001716,P00034,2024-08-11,2024-08-01,2024-08-29,18,Apparel,Dresses,Latitude 54,Mobile App,FC-South,Metro Post,true,Faulty,false,Written off,1,1,41.79,41.79
R000938,OI0006333,O0003064,C001717,P00140,2024-10-10,2024-10-01,2024-10-23,13,Home & Kitchen,Lighting,Brightpath,Store,Store Pickup,,,Faulty,false,Written off,4,4,200.48,200.48
R000939,OI0006341,O0003066,C001719,P00099,2024-08-13,2024-08-01,2024-08-16,3,Electronics,Small Appliances,Latitude 54,Web,FC-South,Regional Freight,true,Wrong size,true,Recovered,1,1,472.93,111.03
R000940,OI0006358,O0003073,C001722,P00089,2024-08-14,2024-08-01,2024-09-13,30,Electronics,Audio,Corda,Web,FC-South,Regional Freight,false,Not as described,true,Recovered,1,1,314.29,62.33
R000941,OI0006360,O0003073,C001722,P00007,2024-08-14,2024-08-01,2024-09-03,20,Apparel,Denim,Northvale,Web,FC-South,Regional Freight,false,Faulty,false,Written off,1,1,116.94,116.94
R000942,OI0006369,O0003080,C001728,P00177,2024-08-13,2024-08-01,2024-09-10,28,Sports & Outdoors,Cycling,Latitude 54,Store,Store Pickup,,,Wrong size,true,Recovered,1,1,276.02,117.51
R000943,OI0006378,O0003084,C001730,P00045,2024-08-14,2024-08-01,2024-08-24,10,Apparel,Knitwear,Puresel,Web,FC-South,Regional Freight,true,Wrong size,true,Recovered,1,1,70.92,41.49
R000944,OI0006385,O0003089,C001733,P00125,2024-08-16,2024-08-01,2024-08-24,8,Home & Kitchen,Lighting,Latitude 54,Store,Store Pickup,,,Not as described,true,Recovered,1,1,65.60,0.53
R000945,OI0006390,O0003090,C001734,P00057,2024-08-16,2024-08-01,2024-09-13,28,Footwear,Trainers,Puresel,Web,FC-South,Metro Post,true,Damaged in transit,false,Written off,4,4,263.76,263.76
R000946,OI0006404,O0003095,C001736,P00075,2024-10-26,2024-10-01,2024-10-28,2,Footwear,Formal,Latitude 54,Store,Store Pickup,,,Not as described,true,Recovered,1,1,51.74,25.32
R000947,OI0006406,O0003096,C001737,P00175,2024-08-12,2024-08-01,2024-08-25,13,Sports & Outdoors,Camping,Ellery & Co,Web,FC-South,Regional Freight,true,Wrong size,true,Recovered,1,1,175.41,47.18
R000948,OI0006412,O0003099,C001737,P00115,2025-06-26,2025-06-01,2025-07-03,7,Home & Kitchen,Lighting,Puresel,Marketplace,FC-South,Swiftline,true,Wrong size,true,Recovered,4,4,440.16,157.64
R000949,OI0006415,O0003100,C001738,P00093,2024-08-15,2024-08-01,2024-09-16,32,Electronics,Audio,Puresel,Mobile App,FC-South,Regional Freight,true,Changed mind,true,Recovered,1,1,161.57,19.65
R000950,OI0006423,O0003102,C001739,P00025,2024-12-13,2024-12-01,2025-01-12,30,Apparel,Outerwear,Corda,Web,FC-North,Metro Post,true,Wrong size,true,Recovered,1,1,125.94,77.04
R000951,OI0006425,O0003104,C001741,P00074,2024-08-17,2024-08-01,2024-09-04,18,Footwear,Trainers,Puresel,Web,FC-South,Metro Post,false,Faulty,false,Written off,1,1,128.17,128.17
R000952,OI0006426,O0003105,C001742,P00071,2024-08-16,2024-08-01,2024-08-28,12,Footwear,Boots,Puresel,Web,FC-North,Swiftline,true,Not as described,true,Recovered,1,1,91.17,35.21
R000953,OI0006436,O0003108,C001743,P00005,2024-10-25,2024-10-01,2024-11-09,15,Apparel,Knitwear,Ellery & Co,Web,FC-North,Swiftline,true,Wrong size,true,Recovered,1,1,51.99,30.11
R000954,OI0006452,O0003120,C001750,P00060,2024-08-18,2024-08-01,2024-09-06,19,Footwear,Formal,Corda,Web,FC-Central,Swiftline,true,Wrong size,true,Recovered,1,1,139.31,73.37
R000955,OI0006462,O0003126,C001754,P00110,2024-10-21,2024-10-01,2024-11-10,20,Electronics,Small Appliances,Puresel,Mobile App,FC-South,Regional Freight,true,Not as described,true,Recovered,1,1,202.65,-148.73
R000956,OI0006475,O0003135,C001757,P00023,2025-04-28,2025-04-01,2025-05-12,14,Apparel,Tops,Latitude 54,Mobile App,FC-South,Regional Freight,true,Changed mind,true,Recovered,1,1,39.12,21.38
R000957,OI0006483,O0003139,C001759,P00024,2024-12-24,2024-12-01,2025-01-03,10,Apparel,Outerwear,Brightpath,Web,FC-Central,Regional Freight,false,Not as described,true,Recovered,1,1,35.49,19.91
R000958,OI0006488,O0003142,C001761,P00093,2024-08-17,2024-08-01,2024-09-16,30,Electronics,Audio,Puresel,Marketplace,FC-North,Swiftline,false,Wrong size,true,Recovered,1,1,161.57,19.65
R000959,OI0006489,O0003143,C001762,P00190,2024-08-19,2024-08-01,2024-09-19,31,Sports & Outdoors,Cycling,Puresel,Web,FC-South,Metro Post,true,Not as described,true,Recovered,1,1,189.90,84.75
R000960,OI0006492,O0003144,C001763,P00068,2024-08-18,2024-08-01,2024-09-11,24,Footwear,Sandals,Corda,Web,FC-North,Swiftline,true,Wrong size,true,Recovered,1,1,106.66,65.35
R000961,OI0006499,O0003149,C001766,P00078,2024-09-26,2024-09-01,2024-10-08,12,Footwear,Sandals,Corda,Mobile App,FC-South,Regional Freight,false,Arrived too late,true,Recovered,1,1,128.93,67.91
R000962,OI0006501,O0003150,C001767,P00039,2024-08-19,2024-08-01,2024-09-22,34,Apparel,Outerwear,Latitude 54,Marketplace,FC-North,Swiftline,false,Arrived too late,true,Recovered,1,1,25.56,14.18
R000963,OI0006528,O0003165,C001775,P00073,2024-10-07,2024-10-01,2024-10-26,19,Footwear,Boots,Brightpath,Mobile App,FC-South,Regional Freight,false,Wrong size,true,Recovered,1,1,70.36,31.94
R000964,OI0006530,O0003166,C001775,P00075,2024-11-07,2024-11-01,2024-11-22,15,Footwear,Formal,Latitude 54,Web,FC-South,Regional Freight,false,Damaged in transit,false,Written off,1,1,40.70,40.7
R000965,OI0006536,O0003167,C001775,P00007,2025-02-26,2025-02-01,2025-03-16,18,Apparel,Denim,Northvale,Store,Store Pickup,,,Faulty,false,Written off,1,1,112.50,112.5
R000966,OI0006538,O0003168,C001775,P00071,2025-04-16,2025-04-01,2025-05-02,16,Footwear,Boots,Puresel,Web,FC-South,Regional Freight,false,Arrived too late,true,Recovered,1,1,122.76,66.8
R000967,OI0006539,O0003168,C001775,P00025,2025-04-16,2025-04-01,2025-05-10,24,Apparel,Outerwear,Corda,Web,FC-South,Regional Freight,false,Faulty,false,Written off,2,2,251.88,251.88
R000968,OI0006543,O0003170,C001775,P00112,2025-09-23,2025-09-01,2025-10-23,30,Home & Kitchen,Bedding,Puresel,Marketplace,FC-South,Regional Freight,true,Wrong size,true,Recovered,2,2,345.22,129.64
R000969,OI0006555,O0003173,C001776,P00010,2025-04-09,2025-04-01,2025-04-17,8,Apparel,Denim,Puresel,Mobile App,FC-Central,Swiftline,true,Damaged in transit,false,Written off,1,1,28.00,28.0
R000970,OI0006558,O0003174,C001777,P00127,2024-08-22,2024-08-01,2024-09-07,16,Home & Kitchen,Cookware,Latitude 54,Marketplace,FC-North,Metro Post,false,Arrived too late,true,Recovered,1,1,194.09,77.14
R000971,OI0006562,O0003177,C001779,P00024,2024-08-21,2024-08-01,2024-09-12,22,Apparel,Outerwear,Brightpath,Marketplace,FC-North,Metro Post,true,Changed mind,true,Recovered,1,1,35.49,19.91
R000972,OI0006566,O0003179,C001781,P00060,2024-08-23,2024-08-01,2024-09-22,30,Footwear,Formal,Corda,Web,FC-Central,Swiftline,true,Changed mind,true,Recovered,1,1,117.79,51.85
R000973,OI0006567,O0003180,C001781,P00132,2024-10-11,2024-10-01,2024-11-10,30,Home & Kitchen,Cookware,Ellery & Co,Mobile App,FC-Central,Swiftline,true,Wrong size,true,Recovered,1,1,60.54,20.66
R000974,OI0006569,O0003180,C001781,P00049,2024-10-11,2024-10-01,2024-11-08,28,Apparel,Tops,Brightpath,Mobile App,FC-Central,Swiftline,true,Damaged in transit,false,Written off,1,1,45.89,45.89
R000975,OI0006570,O0003181,C001782,P00022,2024-08-19,2024-08-01,2024-08-29,10,Apparel,Knitwear,Northvale,Mobile App,FC-Central,Swiftline,true,Arrived too late,true,Recovered,2,2,48.94,19.56
R000976,OI0006571,O0003181,C001782,P00024,2024-08-19,2024-08-01,2024-08-23,4,Apparel,Outerwear,Brightpath,Mobile App,FC-Central,Swiftline,true,Changed mind,true,Recovered,1,1,35.49,19.91
R000977,OI0006579,O0003185,C001785,P00038,2024-08-23,2024-08-01,2024-09-13,21,Apparel,Dresses,Ellery & Co,Web,FC-South,Swiftline,true,Damaged in transit,false,Written off,1,2,62.02,62.02
R000978,OI0006599,O0003194,C001790,P00032,2024-10-01,2024-10-01,2024-10-11,10,Apparel,Outerwear,Mokkan,Marketplace,FC-South,Metro Post,true,Not as described,true,Recovered,2,2,58.73,33.93
R000979,OI0006603,O0003196,C001791,P00062,2024-08-21,2024-08-01,2024-09-11,21,Footwear,Formal,Latitude 54,Mobile App,FC-Central,Regional Freight,true,Faulty,false,Written off,1,1,106.96,106.96
R000980,OI0006612,O0003201,C001792,P00052,2024-08-21,2024-08-01,2024-09-08,18,Apparel,Dresses,Corda,Mobile App,FC-South,Regional Freight,true,Wrong size,true,Recovered,1,1,64.55,40.52
R000981,OI0006614,O0003202,C001792,P00037,2024-11-03,2024-11-01,2024-12-01,28,Apparel,Tops,Brightpath,Store,Store Pickup,,,Changed mind,true,Recovered,1,1,116.64,66.03
R000982,OI0006616,O0003204,C001793,P00037,2024-11-06,2024-11-01,2024-11-23,17,Apparel,Tops,Brightpath,Mobile App,FC-Central,Swiftline,true,Changed mind,true,Recovered,1,1,90.50,39.89
R000983,OI0006617,O0003205,C001793,P00035,2024-11-25,2024-11-01,2024-12-15,20,Apparel,Outerwear,Northvale,Mobile App,FC-Central,Swiftline,false,Faulty,false,Written off,1,1,131.59,131.59
R000984,OI0006621,O0003208,C001795,P00022,2024-11-23,2024-11-01,2024-12-22,29,Apparel,Knitwear,Northvale,Web,FC-South,Regional Freight,true,Changed mind,true,Recovered,1,1,40.61,25.92
R000985,OI0006628,O0003210,C001795,P00139,2025-02-15,2025-02-01,2025-02-24,9,Home & Kitchen,Cookware,Ellery & Co,Web,FC-South,Swiftline,false,Not as described,true,Recovered,2,2,76.05,13.33
R000986,OI0006631,O0003212,C001796,P00177,2024-10-07,2024-10-01,2024-10-24,17,Sports & Outdoors,Cycling,Latitude 54,Web,FC-North,Swiftline,true,Damaged in transit,false,Written off,1,1,276.02,276.02
R000987,OI0006643,O0003217,C001800,P00178,2024-10-25,2024-10-01,2024-11-16,22,Sports & Outdoors,Fitness,Corda,Web,FC-Central,Swiftline,true,Changed mind,true,Recovered,1,1,226.66,118.39
R000988,OI0006661,O0003226,C001805,P00132,2024-08-21,2024-08-01,2024-08-29,8,Home & Kitchen,Cookware,Ellery & Co,Web,FC-North,Swiftline,true,Wrong size,true,Recovered,1,1,56.34,16.46
R000989,OI0006663,O0003226,C001805,P00030,2024-08-21,2024-08-01,2024-08-26,5,Apparel,Denim,Latitude 54,Web,FC-North,Swiftline,true,Wrong size,true,Recovered,1,4,63.29,20.81
R000990,OI0006668,O0003229,C001806,P00053,2024-12-14,2024-12-01,2025-01-06,23,Apparel,Tops,Latitude 54,Store,Store Pickup,,,Damaged in transit,false,Written off,1,1,103.71,103.71
R000991,OI0006681,O0003233,C001809,P00054,2024-10-09,2024-10-01,2024-10-28,19,Footwear,Sandals,Mokkan,Store,Store Pickup,,,Wrong size,true,Recovered,1,1,59.52,30.01
R000992,OI0006694,O0003239,C001812,P00174,2024-08-23,2024-08-01,2024-09-02,10,Sports & Outdoors,Fitness,Latitude 54,Web,FC-North,Regional Freight,true,Not as described,true,Recovered,1,1,211.86,63.76
R000993,OI0006695,O0003239,C001812,P00043,2024-08-23,2024-08-01,2024-09-21,29,Apparel,Denim,Puresel,Web,FC-North,Regional Freight,true,Wrong size,true,Recovered,1,1,107.20,69.39
R000994,OI0006697,O0003241,C001813,P00049,2024-08-24,2024-08-01,2024-09-07,14,Apparel,Tops,Brightpath,Marketplace,FC-Central,Metro Post,true,Not as described,true,Recovered,1,1,39.96,21.06
R000995,OI0006699,O0003243,C001814,P00022,2025-01-01,2025-01-01,2025-02-02,32,Apparel,Knitwear,Northvale,Web,FC-Central,Swiftline,true,Changed mind,true,Recovered,2,2,40.15,10.77
R000996,OI0006702,O0003245,C001815,P00058,2024-12-14,2024-12-01,2025-01-12,29,Footwear,Trainers,Brightpath,Web,FC-South,Regional Freight,true,Wrong size,true,Recovered,1,1,143.31,69.26
R000997,OI0006720,O0003254,C001818,P00137,2025-04-05,2025-04-01,2025-04-29,24,Home & Kitchen,Bedding,Mokkan,Marketplace,FC-South,Regional Freight,false,Changed mind,true,Recovered,1,1,31.33,11.96
R000998,OI0006729,O0003256,C001819,P00067,2024-08-24,2024-08-01,2024-08-29,5,Footwear,Sandals,Corda,Marketplace,FC-Central,Regional Freight,false,Arrived too late,true,Recovered,1,1,78.15,46.73
R000999,OI0006731,O0003258,C001820,P00064,2024-08-27,2024-08-01,2024-09-10,14,Footwear,Boots,Mokkan,Web,FC-North,Metro Post,true,Damaged in transit,false,Written off,1,1,55.06,55.06
R001000,OI0006744,O0003263,C001824,P00078,2024-08-26,2024-08-01,2024-09-02,7,Footwear,Sandals,Corda,Web,FC-North,Regional Freight,true,Changed mind,true,Recovered,1,1,128.93,67.91
R001001,OI0006745,O0003263,C001824,P00140,2024-08-26,2024-08-01,2024-09-23,28,Home & Kitchen,Lighting,Brightpath,Web,FC-North,Regional Freight,true,Not as described,true,Recovered,1,1,33.62,4.0
R001002,OI0006752,O0003266,C001825,P00109,2024-10-04,2024-10-01,2024-10-31,27,Electronics,Audio,Corda,Web,FC-Central,Metro Post,true,Wrong size,true,Recovered,1,1,186.86,26.01
R001003,OI0006757,O0003269,C001826,P00080,2024-10-19,2024-10-01,2024-11-15,27,Footwear,Sandals,Ellery & Co,Mobile App,FC-North,Swiftline,true,Wrong size,true,Recovered,1,1,49.77,26.47
R001004,OI0006758,O0003269,C001826,P00062,2024-10-19,2024-10-01,2024-11-15,27,Footwear,Formal,Latitude 54,Mobile App,FC-North,Swiftline,true,Wrong size,true,Recovered,1,1,74.24,23.09
R001005,OI0006759,O0003269,C001826,P00077,2024-10-19,2024-10-01,2024-10-24,5,Footwear,Boots,Ellery & Co,Mobile App,FC-North,Swiftline,true,Damaged in transit,false,Written off,1,1,105.21,105.21
R001006,OI0006761,O0003271,C001828,P00073,2024-08-27,2024-08-01,2024-09-16,20,Footwear,Boots,Brightpath,Mobile App,FC-South,Regional Freight,true,Changed mind,true,Recovered,1,1,79.76,41.34
R001007,OI0006766,O0003272,C001829,P00184,2024-08-23,2024-08-01,2024-08-28,5,Sports & Outdoors,Swim,Ellery & Co,Web,FC-South,Regional Freight,true,Wrong size,true,Recovered,2,2,417.56,177.46
R001008,OI0006772,O0003273,C001830,P00037,2024-08-25,2024-08-01,2024-09-09,15,Apparel,Tops,Brightpath,Web,FC-North,Swiftline,true,Changed mind,true,Recovered,1,1,116.64,66.03
R001009,OI0006774,O0003275,C001832,P00122,2024-08-26,2024-08-01,2024-09-06,11,Home & Kitchen,Cookware,Ellery & Co,Mobile App,FC-Central,Metro Post,true,Wrong size,true,Recovered,1,1,54.16,22.59
R001010,OI0006781,O0003277,C001833,P00041,2024-08-27,2024-08-01,2024-09-05,9,Apparel,Outerwear,Latitude 54,Web,FC-Central,Swiftline,true,Changed mind,true,Recovered,1,1,110.35,50.92
R001011,OI0006783,O0003279,C001834,P00065,2024-08-28,2024-08-01,2024-09-12,15,Footwear,Sandals,Ellery & Co,Web,FC-South,Regional Freight,true,Wrong size,true,Recovered,1,1,93.35,39.46
R001012,OI0006785,O0003279,C001834,P00054,2024-08-28,2024-08-01,2024-09-16,19,Footwear,Sandals,Mokkan,Web,FC-South,Regional Freight,true,Not as described,true,Recovered,1,2,59.52,30.01
R001013,OI0006787,O0003281,C001834,P00115,2024-11-07,2024-11-01,2024-12-09,32,Home & Kitchen,Lighting,Puresel,Web,FC-South,Metro Post,false,Arrived too late,true,Recovered,1,1,74.55,3.92
R001014,OI0006788,O0003281,C001834,P00076,2024-11-07,2024-11-01,2024-12-02,25,Footwear,Trainers,Puresel,Web,FC-South,Metro Post,false,Arrived too late,true,Recovered,1,1,83.39,49.11
R001015,OI0006789,O0003281,C001834,P00181,2024-11-07,2024-11-01,2024-12-13,36,Sports & Outdoors,Camping,Ellery & Co,Web,FC-South,Metro Post,false,Wrong size,true,Recovered,1,1,207.08,74.07
R001016,OI0006794,O0003282,C001835,P00068,2024-08-26,2024-08-01,2024-08-29,3,Footwear,Sandals,Corda,Store,Store Pickup,,,Not as described,true,Recovered,1,1,106.66,65.35
R001017,OI0006801,O0003286,C001837,P00112,2024-08-28,2024-08-01,2024-09-21,24,Home & Kitchen,Bedding,Puresel,Mobile App,FC-South,Regional Freight,true,Changed mind,true,Recovered,1,1,172.61,64.82
R001018,OI0006803,O0003287,C001838,P00027,2024-08-26,2024-08-01,2024-09-14,19,Apparel,Outerwear,Mokkan,Web,FC-North,Swiftline,true,Wrong size,true,Recovered,1,1,31.13,17.81
R001019,OI0006806,O0003288,C001839,P00110,2024-08-26,2024-08-01,2024-09-20,25,Electronics,Small Appliances,Puresel,Mobile App,FC-South,Regional Freight,true,Damaged in transit,false,Written off,1,1,411.22,411.22
R001020,OI0006819,O0003294,C001842,P00032,2024-12-01,2024-12-01,2024-12-14,13,Apparel,Outerwear,Mokkan,Mobile App,FC-South,Regional Freight,true,Wrong size,true,Recovered,3,3,73.13,35.93
R001021,OI0006821,O0003294,C001842,P00026,2024-12-01,2024-12-01,2024-12-28,27,Apparel,Dresses,Corda,Mobile App,FC-South,Regional Freight,true,Changed mind,true,Recovered,1,1,34.19,16.49
R001022,OI0006835,O0003303,C001847,P00143,2024-11-15,2024-11-01,2024-11-28,13,Home & Kitchen,Tableware,Mokkan,Web,FC-North,Metro Post,true,Changed mind,true,Recovered,2,2,25.02,-2.94
R001023,OI0006838,O0003304,C001848,P00035,2024-08-28,2024-08-01,2024-09-06,9,Apparel,Outerwear,Northvale,Web,FC-South,Regional Freight,true,Changed mind,true,Recovered,2,2,198.62,69.7
R001024,OI0006841,O0003306,C001850,P00157,2024-08-27,2024-08-01,2024-09-23,27,Beauty,Cosmetics,Ellery & Co,Web,FC-North,Swiftline,true,Not as described,true,Recovered,1,4,17.37,10.36
R001025,OI0006843,O0003306,C001850,P00172,2024-08-27,2024-08-01,2024-09-24,28,Sports & Outdoors,Fitness,Ellery & Co,Web,FC-North,Swiftline,true,Not as described,true,Recovered,1,1,93.79,43.09
R001026,OI0006847,O0003307,C001850,P00045,2024-11-13,2024-11-01,2024-12-09,26,Apparel,Knitwear,Puresel,Web,FC-North,Swiftline,true,Not as described,true,Recovered,1,1,70.92,41.49
R001027,OI0006853,O0003311,C001852,P00017,2024-10-16,2024-10-01,2024-10-31,15,Apparel,Dresses,Corda,Store,Store Pickup,,,Faulty,false,Written off,1,1,27.43,27.43
R001028,OI0006866,O0003317,C001856,P00049,2024-08-28,2024-08-01,2024-09-05,8,Apparel,Tops,Brightpath,Web,FC-North,Swiftline,true,Changed mind,true,Recovered,1,1,42.70,23.8
R001029,OI0006876,O0003322,C001860,P00074,2024-08-28,2024-08-01,2024-09-20,23,Footwear,Trainers,Puresel,Mobile App,FC-South,Metro Post,true,Changed mind,true,Recovered,1,1,128.17,80.38
R001030,OI0006888,O0003327,C001864,P00059,2024-08-30,2024-08-01,2024-09-15,16,Footwear,Trainers,Latitude 54,Mobile App,FC-Central,Swiftline,true,Changed mind,true,Recovered,1,1,129.93,59.89
R001031,OI0006892,O0003329,C001865,P00139,2024-09-01,2024-09-01,2024-10-01,30,Home & Kitchen,Cookware,Ellery & Co,Web,FC-Central,Swiftline,true,Changed mind,true,Recovered,1,1,48.61,17.25
R001032,OI0006896,O0003331,C001866,P00056,2024-10-16,2024-10-01,2024-11-01,16,Footwear,Sandals,Puresel,Mobile App,FC-Central,Metro Post,true,Not as described,true,Recovered,1,1,105.15,60.28
R001033,OI0006900,O0003332,C001866,P00032,2024-11-30,2024-11-01,2024-12-23,23,Apparel,Outerwear,Mokkan,Marketplace,FC-Central,Swiftline,true,Not as described,true,Recovered,1,1,34.46,22.06
R001034,OI0006901,O0003332,C001866,P00005,2024-11-30,2024-11-01,2024-12-25,25,Apparel,Knitwear,Ellery & Co,Marketplace,FC-Central,Swiftline,true,Arrived too late,true,Recovered,1,1,51.99,30.11
R001035,OI0006903,O0003334,C001868,P00124,2024-08-30,2024-08-01,2024-09-10,11,Home & Kitchen,Bedding,Latitude 54,Marketplace,FC-North,Metro Post,true,Wrong size,true,Recovered,1,1,23.53,8.83
R001036,OI0006905,O0003335,C001868,P00059,2024-10-28,2024-10-01,2024-11-22,25,Footwear,Trainers,Latitude 54,Marketplace,FC-North,Metro Post,true,Wrong size,true,Recovered,1,1,129.93,59.89
R001037,OI0006913,O0003338,C001870,P00037,2024-09-01,2024-09-01,2024-09-20,19,Apparel,Tops,Brightpath,Web,FC-North,Swiftline,true,Not as described,true,Recovered,2,2,233.28,132.06
R001038,OI0006915,O0003339,C001871,P00006,2024-09-01,2024-09-01,2024-09-19,18,Apparel,Denim,Puresel,Web,FC-South,Metro Post,true,Not as described,true,Recovered,1,2,31.44,19.56
R001039,OI0006924,O0003342,C001873,P00024,2024-09-02,2024-09-01,2024-09-23,21,Apparel,Outerwear,Brightpath,Web,FC-South,Swiftline,true,Not as described,true,Recovered,1,1,35.49,19.91
R001040,OI0006929,O0003344,C001874,P00078,2024-09-17,2024-09-01,2024-10-07,20,Footwear,Sandals,Corda,Web,FC-Central,Swiftline,true,Wrong size,true,Recovered,1,1,94.79,33.77
R001041,OI0006942,O0003353,C001878,P00126,2024-09-03,2024-09-01,2024-09-23,20,Home & Kitchen,Bedding,Puresel,Web,FC-North,Swiftline,true,Wrong size,true,Recovered,1,1,33.23,10.45
R001042,OI0006944,O0003354,C001878,P00021,2024-11-15,2024-11-01,2024-11-27,12,Apparel,Denim,Northvale,Mobile App,FC-North,Swiftline,true,Damaged in transit,false,Written off,1,1,52.72,52.72
R001043,OI0006949,O0003357,C001879,P00014,2025-01-21,2025-01-01,2025-02-12,22,Apparel,Dresses,Corda,Mobile App,FC-Central,Metro Post,false,Arrived too late,true,Recovered,1,1,39.20,1.92
R001044,OI0006970,O0003367,C001885,P00106,2024-09-01,2024-09-01,2024-09-22,21,Electronics,Accessories,Ellery & Co,Store,Store Pickup,,,Faulty,false,Written off,1,1,104.67,104.67
R001045,OI0006978,O0003370,C001886,P00135,2024-09-20,2024-09-01,2024-09-26,6,Home & Kitchen,Bedding,Ellery & Co,Web,FC-Central,Metro Post,true,Not as described,true,Recovered,1,1,140.35,53.06
R001046,OI0006991,O0003376,C001888,P00068,2024-11-23,2024-11-01,2024-12-02,9,Footwear,Sandals,Corda,Store,Store Pickup,,,Wrong size,true,Recovered,1,1,69.31,28.0
R001047,OI0006998,O0003382,C001891,P00079,2024-09-04,2024-09-01,2024-09-15,11,Footwear,Sandals,Mokkan,Store,Store Pickup,,,Wrong size,true,Recovered,1,1,67.74,22.97
R001048,OI0007003,O0003384,C001893,P00071,2024-09-05,2024-09-01,2024-10-06,31,Footwear,Boots,Puresel,Web,FC-North,Swiftline,true,Faulty,false,Written off,1,1,122.76,122.76
R001049,OI0007012,O0003387,C001896,P00029,2024-09-06,2024-09-01,2024-10-14,38,Apparel,Knitwear,Puresel,Mobile App,FC-South,Regional Freight,false,Wrong size,true,Recovered,3,3,348.21,209.4
R001050,OI0007013,O0003388,C001897,P00046,2024-09-03,2024-09-01,2024-09-17,14,Apparel,Dresses,Brightpath,Web,FC-South,Metro Post,true,Wrong size,true,Recovered,1,1,117.17,66.09
R001051,OI0007014,O0003389,C001897,P00065,2024-10-23,2024-10-01,2024-11-03,11,Footwear,Sandals,Ellery & Co,Web,FC-South,Regional Freight,false,Wrong size,true,Recovered,1,1,94.68,40.79
R001052,OI0007015,O0003390,C001898,P00076,2024-09-02,2024-09-01,2024-09-16,14,Footwear,Trainers,Puresel,Web,FC-South,Metro Post,true,Changed mind,true,Recovered,1,1,68.25,33.97
R001053,OI0007020,O0003392,C001899,P00182,2025-01-07,2025-01-01,2025-01-22,15,Sports & Outdoors,Cycling,Northvale,Web,FC-Central,Swiftline,false,Arrived too late,true,Recovered,1,1,36.62,9.67
R001054,OI0007035,O0003398,C001901,P00061,2024-11-16,2024-11-01,2024-11-20,4,Footwear,Trainers,Northvale,Mobile App,FC-South,Regional Freight,true,Damaged in transit,false,Written off,1,1,44.28,44.28
R001055,OI0007036,O0003399,C001901,P00067,2025-03-05,2025-03-01,2025-03-08,3,Footwear,Sandals,Corda,Store,Store Pickup,,,Wrong size,true,Recovered,1,1,78.15,46.73
R001056,OI0007040,O0003400,C001902,P00039,2024-09-06,2024-09-01,2024-09-12,6,Apparel,Outerwear,Latitude 54,Mobile App,FC-Central,Swiftline,true,Wrong size,true,Recovered,1,1,25.56,14.18
R001057,OI0007044,O0003402,C001903,P00002,2024-11-22,2024-11-01,2024-12-22,30,Apparel,Knitwear,Brightpath,Marketplace,FC-Central,Swiftline,true,Wrong size,true,Recovered,1,1,81.68,42.82
R001058,OI0007045,O0003402,C001903,P00004,2024-11-22,2024-11-01,2024-11-28,6,Apparel,Knitwear,Puresel,Marketplace,FC-Central,Swiftline,true,Not as described,true,Recovered,1,1,33.94,19.96
R001059,OI0007067,O0003412,C001908,P00094,2024-12-08,2024-12-01,2024-12-29,21,Electronics,Accessories,Latitude 54,Mobile App,FC-Central,Metro Post,false,Wrong size,true,Recovered,1,1,384.95,68.14
R001060,OI0007075,O0003416,C001911,P00164,2024-09-06,2024-09-01,2024-10-02,26,Beauty,Cosmetics,Ellery & Co,Store,Store Pickup,,,Changed mind,true,Recovered,1,1,55.17,30.46
R001061,OI0007099,O0003430,C001919,P00046,2024-09-06,2024-09-01,2024-09-22,16,Apparel,Dresses,Brightpath,Web,FC-Central,Swiftline,true,Changed mind,true,Recovered,1,1,117.17,66.09
R001062,OI0007101,O0003431,C001920,P00095,2024-09-09,2024-09-01,2024-09-16,7,Electronics,Small Appliances,Latitude 54,Mobile App,FC-South,Regional Freight,true,Changed mind,true,Recovered,1,1,310.02,-51.64
R001063,OI0007102,O0003431,C001920,P00189,2024-09-09,2024-09-01,2024-09-22,13,Sports & Outdoors,Camping,Brightpath,Mobile App,FC-South,Regional Freight,true,Wrong size,true,Recovered,1,1,180.08,65.35
R001064,OI0007109,O0003433,C001921,P00062,2024-11-13,2024-11-01,2024-12-02,19,Footwear,Formal,Latitude 54,Web,FC-Central,Swiftline,false,Arrived too late,true,Recovered,1,1,101.91,50.76
R001065,OI0007112,O0003434,C001922,P00069,2024-09-10,2024-09-01,2024-10-08,28,Footwear,Sandals,Brightpath,Web,FC-South,Regional Freight,false,Faulty,false,Written off,1,1,148.15,148.15
R001066,OI0007114,O0003435,C001923,P00117,2024-09-08,2024-09-01,2024-09-29,21,Home & Kitchen,Bedding,Ellery & Co,Marketplace,FC-South,Regional Freight,true,Changed mind,true,Recovered,1,1,122.40,43.77
R001067,OI0007115,O0003435,C001923,P00045,2024-09-08,2024-09-01,2024-09-24,16,Apparel,Knitwear,Puresel,Marketplace,FC-South,Regional Freight,true,Changed mind,true,Recovered,1,1,70.92,41.49
R001068,OI0007120,O0003437,C001925,P00037,2024-09-08,2024-09-01,2024-09-14,6,Apparel,Tops,Brightpath,Store,Store Pickup,,,Faulty,false,Written off,1,1,116.64,116.64
R001069,OI0007125,O0003440,C001925,P00134,2024-12-27,2024-12-01,2025-01-19,23,Home & Kitchen,Cookware,Brightpath,Mobile App,FC-South,Metro Post,true,Wrong size,true,Recovered,1,1,68.67,27.05
R001070,OI0007138,O0003444,C001927,P00065,2024-11-25,2024-11-01,2024-12-21,26,Footwear,Sandals,Ellery & Co,Marketplace,FC-Central,Swiftline,true,Changed mind,true,Recovered,1,1,94.68,40.79
R001071,OI0007143,O0003447,C001929,P00004,2024-09-07,2024-09-01,2024-09-22,15,Apparel,Knitwear,Puresel,Store,Store Pickup,,,Damaged in transit,false,Written off,1,1,33.94,33.94
R001072,OI0007154,O0003453,C001932,P00075,2024-09-08,2024-09-01,2024-10-03,25,Footwear,Formal,Latitude 54,Web,FC-Central,Swiftline,true,Wrong size,true,Recovered,1,1,51.74,25.32
R001073,OI0007163,O0003456,C001933,P00036,2024-09-07,2024-09-01,2024-09-14,7,Apparel,Dresses,Latitude 54,Mobile App,FC-Central,Regional Freight,true,Not as described,true,Recovered,1,1,33.12,9.13
R001074,OI0007173,O0003462,C001937,P00019,2024-09-10,2024-09-01,2024-10-04,24,Apparel,Tops,Brightpath,Store,Store Pickup,,,Wrong size,true,Recovered,1,1,65.52,36.16
R001075,OI0007178,O0003464,C001938,P00004,2024-09-07,2024-09-01,2024-09-21,14,Apparel,Knitwear,Puresel,Web,FC-South,Regional Freight,true,Wrong size,true,Recovered,1,1,28.94,14.96
R001076,OI0007198,O0003474,C001941,P00008,2025-07-10,2025-07-01,2025-08-04,25,Apparel,Tops,Brightpath,Store,Store Pickup,,,Wrong size,true,Recovered,1,1,83.50,53.57
R001077,OI0007206,O0003478,C001942,P00157,2025-01-19,2025-01-01,2025-02-25,37,Beauty,Cosmetics,Ellery & Co,Web,FC-South,Swiftline,false,Changed mind,true,Recovered,1,1,19.98,12.97
R001078,OI0007210,O0003481,C001944,P00012,2024-09-10,2024-09-01,2024-09-13,3,Apparel,Knitwear,Mokkan,Store,Store Pickup,,,Changed mind,true,Recovered,1,1,88.93,48.74
R001079,OI0007214,O0003483,C001945,P00012,2024-11-07,2024-11-01,2024-11-22,15,Apparel,Knitwear,Mokkan,Web,FC-South,Regional Freight,false,Changed mind,true,Recovered,1,1,46.22,6.03
R001080,OI0007215,O0003484,C001946,P00098,2024-09-09,2024-09-01,2024-09-30,21,Electronics,Audio,Brightpath,Marketplace,FC-South,Regional Freight,false,Not as described,true,Recovered,1,1,126.60,21.07
R001081,OI0007225,O0003489,C001950,P00096,2024-10-15,2024-10-01,2024-11-12,28,Electronics,Accessories,Mokkan,Mobile App,FC-North,Swiftline,true,Changed mind,true,Recovered,1,1,448.18,43.2
R001082,OI0007237,O0003495,C001952,P00051,2024-09-12,2024-09-01,2024-09-18,6,Apparel,Denim,Corda,Mobile App,FC-Central,Swiftline,true,Changed mind,true,Recovered,1,1,33.78,16.24
R001083,OI0007238,O0003495,C001952,P00029,2024-09-12,2024-09-01,2024-09-25,13,Apparel,Knitwear,Puresel,Mobile App,FC-Central,Swiftline,true,Faulty,false,Written off,1,1,116.07,116.07
R001084,OI0007244,O0003496,C001953,P00105,2024-09-10,2024-09-01,2024-10-12,32,Electronics,Wearables,Northvale,Marketplace,FC-South,Swiftline,true,Wrong size,true,Recovered,4,4,1575.56,271.16
R001085,OI0007248,O0003498,C001954,P00058,2024-09-11,2024-09-01,2024-10-02,21,Footwear,Trainers,Brightpath,Web,FC-North,Metro Post,true,Wrong size,true,Recovered,1,1,156.81,82.76
R001086,OI0007252,O0003499,C001955,P00013,2024-09-09,2024-09-01,2024-09-16,7,Apparel,Dresses,Ellery & Co,Web,FC-North,Metro Post,true,Wrong size,true,Recovered,1,1,66.51,41.87
R001087,OI0007257,O0003502,C001957,P00076,2024-09-13,2024-09-01,2024-10-01,18,Footwear,Trainers,Puresel,Web,FC-South,Regional Freight,true,Faulty,false,Written off,1,1,83.39,83.39
R001088,OI0007259,O0003503,C001957,P00101,2024-11-07,2024-11-01,2024-12-02,25,Electronics,Small Appliances,Corda,Store,Store Pickup,,,Wrong size,true,Recovered,1,1,93.98,-3.59
R001089,OI0007261,O0003504,C001958,P00107,2024-09-11,2024-09-01,2024-10-03,22,Electronics,Wearables,Corda,Mobile App,FC-Central,Metro Post,true,Changed mind,true,Recovered,1,1,109.03,12.17
R001090,OI0007272,O0003508,C001960,P00074,2024-11-05,2024-11-01,2024-12-03,28,Footwear,Trainers,Puresel,Marketplace,FC-South,Swiftline,true,Not as described,true,Recovered,1,1,128.17,80.38
R001091,OI0007274,O0003508,C001960,P00049,2024-11-05,2024-11-01,2024-12-03,28,Apparel,Tops,Brightpath,Marketplace,FC-South,Swiftline,true,Arrived too late,true,Recovered,1,1,31.44,12.54
R001092,OI0007277,O0003510,C001961,P00012,2024-09-14,2024-09-01,2024-09-26,12,Apparel,Knitwear,Mokkan,Web,FC-South,Metro Post,true,Arrived too late,true,Recovered,1,1,88.93,48.74
R001093,OI0007280,O0003511,C001962,P00163,2024-09-12,2024-09-01,2024-10-07,25,Beauty,Haircare,Brightpath,Mobile App,FC-South,Metro Post,true,Wrong size,true,Recovered,1,1,26.72,12.8
R001094,OI0007282,O0003512,C001963,P00052,2024-09-13,2024-09-01,2024-10-14,31,Apparel,Dresses,Corda,Web,FC-Central,Swiftline,true,Changed mind,true,Recovered,1,1,64.55,40.52
R001095,OI0007285,O0003513,C001963,P00023,2025-01-09,2025-01-01,2025-01-21,12,Apparel,Tops,Latitude 54,Web,FC-Central,Swiftline,true,Changed mind,true,Recovered,3,3,149.55,96.33
R001096,OI0007287,O0003514,C001963,P00076,2025-05-28,2025-05-01,2025-06-10,13,Footwear,Trainers,Puresel,Marketplace,FC-Central,Swiftline,true,Wrong size,true,Recovered,1,1,83.39,49.11
R001097,OI0007290,O0003516,C001963,P00171,2026-01-10,2026-01-01,2026-01-29,19,Sports & Outdoors,Cycling,Ellery & Co,Store,Store Pickup,,,Wrong size,true,Recovered,1,1,59.62,17.5
R001098,OI0007302,O0003523,C001967,P00112,2025-01-23,2025-01-01,2025-02-18,26,Home & Kitchen,Bedding,Puresel,Mobile App,FC-North,Swiftline,true,Wrong size,true,Recovered,1,1,105.46,-2.33
R001099,OI0007310,O0003526,C001969,P00132,2024-09-11,2024-09-01,2024-10-10,29,Home & Kitchen,Cookware,Ellery & Co,Marketplace,FC-South,Swiftline,true,Damaged in transit,false,Written off,1,1,62.37,62.37
R001100,OI0007313,O0003528,C001971,P00176,2024-09-15,2024-09-01,2024-09-30,15,Sports & Outdoors,Cycling,Ellery & Co,Web,FC-North,Swiftline,true,Wrong size,true,Recovered,1,1,169.90,91.53
R001101,OI0007320,O0003531,C001973,P00113,2024-11-22,2024-11-01,2024-12-04,12,Home & Kitchen,Storage,Mokkan,Mobile App,FC-South,Swiftline,true,Changed mind,true,Recovered,1,1,86.78,35.92
R001102,OI0007321,O0003531,C001973,P00168,2024-11-22,2024-11-01,2024-12-24,32,Beauty,Fragrance,Puresel,Mobile App,FC-South,Swiftline,true,Not as described,true,Recovered,1,1,67.15,42.99
R001103,OI0007327,O0003533,C001974,P00036,2024-10-18,2024-10-01,2024-11-15,28,Apparel,Dresses,Latitude 54,Mobile App,FC-North,Swiftline,true,Wrong size,true,Recovered,1,1,43.24,19.25
R001104,OI0007330,O0003536,C001975,P00101,2024-09-15,2024-09-01,2024-09-26,11,Electronics,Small Appliances,Corda,Web,FC-South,Swiftline,true,Damaged in transit,false,Written off,1,1,81.65,81.65
R001105,OI0007333,O0003537,C001976,P00091,2024-09-11,2024-09-01,2024-10-12,31,Electronics,Small Appliances,Mokkan,Web,FC-South,Swiftline,true,Changed mind,true,Recovered,3,3,1313.28,259.02
R001106,OI0007337,O0003538,C001977,P00171,2024-09-12,2024-09-01,2024-10-06,24,Sports & Outdoors,Cycling,Ellery & Co,Marketplace,FC-South,Metro Post,true,Changed mind,true,Recovered,1,1,62.92,20.8
R001107,OI0007338,O0003539,C001977,P00009,2024-11-11,2024-11-01,2024-11-21,10,Apparel,Outerwear,Mokkan,Web,FC-South,Regional Freight,false,Arrived too late,true,Recovered,1,2,73.72,42.56
R001108,OI0007346,O0003543,C001980,P00076,2024-10-04,2024-10-01,2024-10-20,16,Footwear,Trainers,Puresel,Mobile App,FC-Central,Metro Post,true,Changed mind,true,Recovered,1,1,83.39,49.11
R001109,OI0007348,O0003544,C001981,P00156,2024-09-12,2024-09-01,2024-10-08,26,Beauty,Skincare,Mokkan,Web,FC-North,Regional Freight,true,Not as described,true,Recovered,1,1,17.16,11.11
R001110,OI0007349,O0003545,C001982,P00060,2024-09-15,2024-09-01,2024-10-10,25,Footwear,Formal,Corda,Marketplace,FC-North,Swiftline,false,Arrived too late,true,Recovered,1,1,139.31,73.37
R001111,OI0007354,O0003547,C001984,P00036,2024-09-12,2024-09-01,2024-10-11,29,Apparel,Dresses,Latitude 54,Web,FC-South,Regional Freight,false,Arrived too late,true,Recovered,1,1,67.23,43.24
R001112,OI0007355,O0003547,C001984,P00138,2024-09-12,2024-09-01,2024-10-15,33,Home & Kitchen,Bedding,Ellery & Co,Web,FC-South,Regional Freight,false,Wrong size,true,Recovered,1,1,76.21,28.01
R001113,OI0007356,O0003547,C001984,P00020,2024-09-12,2024-09-01,2024-10-04,22,Apparel,Denim,Ellery & Co,Web,FC-South,Regional Freight,false,Changed mind,true,Recovered,1,1,131.49,84.57
R001114,OI0007360,O0003548,C001984,P00015,2024-10-18,2024-10-01,2024-11-15,28,Apparel,Tops,Corda,Web,FC-South,Metro Post,true,Damaged in transit,false,Written off,2,2,107.76,107.76
R001115,OI0007369,O0003554,C001987,P00064,2024-09-14,2024-09-01,2024-09-26,12,Footwear,Boots,Mokkan,Web,FC-South,Regional Freight,true,Changed mind,true,Recovered,2,2,186.60,101.32
R001116,OI0007373,O0003557,C001988,P00124,2024-11-22,2024-11-01,2024-12-08,16,Home & Kitchen,Bedding,Latitude 54,Mobile App,FC-South,Metro Post,true,Wrong size,true,Recovered,1,1,30.80,16.1
R001117,OI0007381,O0003559,C001988,P00074,2024-12-31,2024-12-01,2025-01-16,16,Footwear,Trainers,Puresel,Web,FC-South,Regional Freight,false,Damaged in transit,false,Written off,1,1,128.17,128.17
R001118,OI0007382,O0003559,C001988,P00042,2024-12-31,2024-12-01,2025-01-12,12,Apparel,Knitwear,Latitude 54,Web,FC-South,Regional Freight,false,Arrived too late,true,Recovered,1,1,98.30,58.28
R001119,OI0007387,O0003563,C001991,P00082,2024-09-14,2024-09-01,2024-09-23,9,Electronics,Audio,Puresel,Web,FC-Central,Metro Post,true,Damaged in transit,false,Written off,2,2,791.26,791.26
R001120,OI0007388,O0003563,C001991,P00023,2024-09-14,2024-09-01,2024-10-03,19,Apparel,Tops,Latitude 54,Web,FC-Central,Metro Post,true,Damaged in transit,false,Written off,1,1,49.85,49.85
R001121,OI0007390,O0003564,C001992,P00016,2024-09-15,2024-09-01,2024-10-10,25,Apparel,Knitwear,Brightpath,Mobile App,FC-South,Regional Freight,true,Changed mind,true,Recovered,1,1,54.64,32.91
R001122,OI0007396,O0003567,C001993,P00005,2024-09-15,2024-09-01,2024-10-05,20,Apparel,Knitwear,Ellery & Co,Web,FC-Central,Metro Post,true,Damaged in transit,false,Written off,3,3,155.97,155.97
R001123,OI0007400,O0003570,C001995,P00051,2024-09-14,2024-09-01,2024-09-28,14,Apparel,Denim,Corda,Web,FC-South,Regional Freight,false,Damaged in transit,false,Written off,2,2,62.05,62.05
R001124,OI0007413,O0003577,C001999,P00134,2025-01-28,2025-01-01,2025-02-20,23,Home & Kitchen,Cookware,Brightpath,Store,Store Pickup,,,Faulty,false,Written off,1,1,50.08,50.08
R001125,OI0007421,O0003580,C001999,P00026,2025-07-06,2025-07-01,2025-07-11,5,Apparel,Dresses,Corda,Web,FC-North,Regional Freight,true,Wrong size,true,Recovered,1,1,34.19,16.49
R001126,OI0007425,O0003582,C001999,P00129,2025-10-09,2025-10-01,2025-10-15,6,Home & Kitchen,Cookware,Ellery & Co,Mobile App,FC-North,Swiftline,true,Damaged in transit,false,Written off,1,1,50.88,50.88
R001127,OI0007460,O0003599,C002007,P00140,2024-11-30,2024-11-01,2024-12-26,26,Home & Kitchen,Lighting,Brightpath,Web,FC-South,Regional Freight,false,Damaged in transit,false,Written off,1,2,50.12,50.12
R001128,OI0007462,O0003600,C002007,P00102,2025-09-18,2025-09-01,2025-10-02,14,Electronics,Small Appliances,Corda,Web,FC-South,Regional Freight,true,Changed mind,true,Recovered,1,1,237.10,21.2
R001129,OI0007463,O0003601,C002007,P00010,2025-11-09,2025-11-01,2025-12-04,25,Apparel,Denim,Puresel,Marketplace,FC-South,Swiftline,false,Wrong size,true,Recovered,1,1,28.00,15.12
R001130,OI0007473,O0003606,C002010,P00031,2024-09-14,2024-09-01,2024-09-30,16,Apparel,Dresses,Brightpath,Web,FC-Central,Metro Post,true,Wrong size,true,Recovered,2,2,106.67,31.69
R001131,OI0007485,O0003610,C002011,P00029,2024-09-18,2024-09-01,2024-10-17,29,Apparel,Knitwear,Puresel,Web,FC-South,Swiftline,true,Wrong size,true,Recovered,1,1,116.07,69.8
R001132,OI0007490,O0003612,C002012,P00020,2024-09-17,2024-09-01,2024-09-30,13,Apparel,Denim,Ellery & Co,Marketplace,FC-South,Regional Freight,false,Arrived too late,true,Recovered,1,1,93.96,47.04
R001133,OI0007494,O0003615,C002014,P00015,2024-11-28,2024-11-01,2024-12-10,12,Apparel,Tops,Corda,Web,FC-Central,Metro Post,true,Not as described,true,Recovered,1,1,66.55,39.88
R001134,OI0007497,O0003615,C002014,P00088,2024-11-28,2024-11-01,2024-12-27,29,Electronics,Audio,Mokkan,Web,FC-Central,Metro Post,true,Arrived too late,true,Recovered,1,1,340.53,41.26
R001135,OI0007510,O0003623,C002015,P00135,2024-09-16,2024-09-01,2024-10-19,33,Home & Kitchen,Bedding,Ellery & Co,Web,FC-Central,Metro Post,false,Arrived too late,true,Recovered,1,1,112.87,25.58
R001136,OI0007525,O0003629,C002017,P00073,2024-12-10,2024-12-01,2024-12-29,19,Footwear,Boots,Brightpath,Marketplace,FC-South,Regional Freight,true,Not as described,true,Recovered,4,4,230.19,76.51
R001137,OI0007526,O0003630,C002017,P00064,2025-02-16,2025-02-01,2025-02-27,11,Footwear,Boots,Mokkan,Web,FC-South,Metro Post,false,Arrived too late,true,Recovered,1,1,93.30,50.66
R001138,OI0007528,O0003630,C002017,P00069,2025-02-16,2025-02-01,2025-03-21,33,Footwear,Sandals,Brightpath,Web,FC-South,Metro Post,false,Wrong size,true,Recovered,1,1,139.31,79.1
R001139,OI0007541,O0003637,C002021,P00008,2024-11-28,2024-11-01,2024-12-23,25,Apparel,Tops,Brightpath,Web,FC-North,Metro Post,true,Changed mind,true,Recovered,1,1,83.50,53.57
R001140,OI0007551,O0003640,C002022,P00101,2024-12-16,2024-12-01,2025-01-13,28,Electronics,Small Appliances,Corda,Store,Store Pickup,,,Faulty,false,Written off,1,1,112.24,112.24
R001141,OI0007555,O0003643,C002024,P00182,2024-09-19,2024-09-01,2024-09-25,6,Sports & Outdoors,Cycling,Northvale,Store,Store Pickup,,,Damaged in transit,false,Written off,1,1,47.86,47.86
R001142,OI0007558,O0003645,C002026,P00058,2024-09-16,2024-09-01,2024-10-05,19,Footwear,Trainers,Brightpath,Marketplace,FC-South,Metro Post,true,Wrong size,true,Recovered,1,1,156.81,82.76
R001143,OI0007559,O0003645,C002026,P00098,2024-09-16,2024-09-01,2024-09-30,14,Electronics,Audio,Brightpath,Marketplace,FC-South,Metro Post,true,Arrived too late,true,Recovered,3,3,258.15,-58.44
R001144,OI0007584,O0003659,C002035,P00038,2024-09-18,2024-09-01,2024-10-04,16,Apparel,Dresses,Ellery & Co,Marketplace,FC-South,Regional Freight,true,Arrived too late,true,Recovered,1,1,83.70,45.76
R001145,OI0007586,O0003660,C002035,P00076,2025-01-16,2025-01-01,2025-01-29,13,Footwear,Trainers,Puresel,Web,FC-South,Regional Freight,true,Damaged in transit,false,Written off,3,3,250.17,250.17
R001146,OI0007598,O0003666,C002039,P00162,2024-09-19,2024-09-01,2024-09-30,11,Beauty,Haircare,Ellery & Co,Mobile App,FC-North,Swiftline,true,Damaged in transit,false,Written off,1,1,63.36,63.36
R001147,OI0007601,O0003668,C002040,P00176,2024-10-06,2024-10-01,2024-10-31,25,Sports & Outdoors,Cycling,Ellery & Co,Web,FC-South,Metro Post,false,Arrived too late,true,Recovered,1,1,158.79,80.42
R001148,OI0007602,O0003668,C002040,P00038,2024-10-06,2024-10-01,2024-10-26,20,Apparel,Dresses,Ellery & Co,Web,FC-South,Metro Post,false,Changed mind,true,Recovered,1,1,83.70,45.76
R001149,OI0007603,O0003668,C002040,P00140,2024-10-06,2024-10-01,2024-10-28,22,Home & Kitchen,Lighting,Brightpath,Web,FC-South,Metro Post,false,Arrived too late,true,Recovered,1,1,50.12,20.5
R001150,OI0007609,O0003672,C002042,P00141,2024-09-21,2024-09-01,2024-10-08,17,Home & Kitchen,Cookware,Ellery & Co,Marketplace,FC-Central,Swiftline,true,Arrived too late,true,Recovered,1,1,169.49,64.63
R001151,OI0007624,O0003680,C002048,P00175,2024-09-18,2024-09-01,2024-10-02,14,Sports & Outdoors,Camping,Ellery & Co,Web,FC-South,Metro Post,true,Arrived too late,true,Recovered,1,1,241.41,113.18
R001152,OI0007627,O0003682,C002049,P00128,2024-09-20,2024-09-01,2024-10-02,12,Home & Kitchen,Bedding,Northvale,Web,FC-South,Regional Freight,true,Wrong size,true,Recovered,1,1,22.27,9.7
R001153,OI0007631,O0003685,C002051,P00005,2025-01-12,2025-01-01,2025-02-01,20,Apparel,Knitwear,Ellery & Co,Web,FC-Central,Swiftline,true,Wrong size,true,Recovered,1,1,51.99,30.11
R001154,OI0007640,O0003689,C002051,P00080,2025-08-23,2025-08-01,2025-09-08,16,Footwear,Sandals,Ellery & Co,Mobile App,FC-Central,Metro Post,true,Not as described,true,Recovered,1,1,49.77,26.47
R001155,OI0007645,O0003691,C002053,P00009,2024-09-20,2024-09-01,2024-10-07,17,Apparel,Outerwear,Mokkan,Mobile App,FC-North,Metro Post,true,Wrong size,true,Recovered,1,4,73.72,42.56
R001156,OI0007653,O0003695,C002055,P00042,2024-10-26,2024-10-01,2024-11-04,9,Apparel,Knitwear,Latitude 54,Web,FC-South,Regional Freight,true,Arrived too late,true,Recovered,2,2,196.60,116.56
R001157,OI0007660,O0003698,C002057,P00110,2024-09-23,2024-09-01,2024-10-16,23,Electronics,Small Appliances,Puresel,Mobile App,FC-South,Metro Post,true,Changed mind,true,Recovered,1,1,301.01,-50.37
R001158,OI0007662,O0003700,C002059,P00007,2024-09-19,2024-09-01,2024-10-16,27,Apparel,Denim,Northvale,Marketplace,FC-South,Metro Post,true,Not as described,true,Recovered,1,1,116.94,69.72
R001159,OI0007668,O0003705,C002062,P00066,2024-09-22,2024-09-01,2024-09-29,7,Footwear,Sandals,Puresel,Mobile App,FC-South,Metro Post,true,Changed mind,true,Recovered,1,3,111.95,63.02
R001160,OI0007691,O0003717,C002069,P00090,2024-09-24,2024-09-01,2024-10-07,13,Electronics,Audio,Corda,Store,Store Pickup,,,Wrong size,true,Recovered,1,1,290.67,47.51
R001161,OI0007697,O0003721,C002071,P00085,2024-09-23,2024-09-01,2024-10-20,27,Electronics,Wearables,Ellery & Co,Marketplace,FC-South,Swiftline,true,Wrong size,true,Recovered,1,1,164.50,18.07
R001162,OI0007699,O0003722,C002072,P00170,2024-09-24,2024-09-01,2024-10-20,26,Sports & Outdoors,Cycling,Corda,Web,FC-South,Swiftline,true,Not as described,true,Recovered,1,1,147.58,27.01
R001163,OI0007705,O0003725,C002074,P00035,2024-09-24,2024-09-01,2024-10-11,17,Apparel,Outerwear,Northvale,Mobile App,FC-South,Metro Post,true,Wrong size,true,Recovered,1,1,131.59,67.13
R001164,OI0007708,O0003726,C002074,P00040,2024-11-30,2024-11-01,2024-12-07,7,Apparel,Tops,Puresel,Marketplace,FC-South,Swiftline,true,Wrong size,true,Recovered,1,1,98.82,57.85
R001165,OI0007718,O0003731,C002076,P00168,2024-12-12,2024-12-01,2024-12-25,13,Beauty,Fragrance,Puresel,Web,FC-South,Metro Post,true,Faulty,false,Written off,1,1,67.15,67.15
R001166,OI0007720,O0003732,C002077,P00079,2024-09-23,2024-09-01,2024-10-25,32,Footwear,Sandals,Mokkan,Mobile App,FC-South,Metro Post,true,Arrived too late,true,Recovered,2,2,98.91,9.37
R001167,OI0007725,O0003734,C002077,P00093,2025-07-15,2025-07-01,2025-07-28,13,Electronics,Audio,Puresel,Web,FC-South,Metro Post,true,Damaged in transit,false,Written off,1,1,153.20,153.2
R001168,OI0007726,O0003734,C002077,P00061,2025-07-15,2025-07-01,2025-08-04,20,Footwear,Trainers,Northvale,Web,FC-South,Metro Post,true,Wrong size,true,Recovered,3,3,132.84,75.39
R001169,OI0007732,O0003736,C002078,P00017,2024-11-27,2024-11-01,2024-12-09,12,Apparel,Dresses,Corda,Mobile App,FC-Central,Metro Post,false,Arrived too late,true,Recovered,1,1,17.41,5.54
R001170,OI0007736,O0003739,C002078,P00012,2025-06-21,2025-06-01,2025-07-12,21,Apparel,Knitwear,Mokkan,Mobile App,FC-Central,Metro Post,true,Wrong size,true,Recovered,1,1,88.93,48.74
R001171,OI0007738,O0003741,C002078,P00029,2025-08-12,2025-08-01,2025-08-18,6,Apparel,Knitwear,Puresel,Web,FC-Central,Swiftline,true,Faulty,false,Written off,1,1,103.51,103.51
R001172,OI0007746,O0003746,C002080,P00017,2025-01-04,2025-01-01,2025-01-18,14,Apparel,Dresses,Corda,Store,Store Pickup,,,Wrong size,true,Recovered,1,1,27.43,15.56
R001173,OI0007755,O0003750,C002084,P00061,2024-09-23,2024-09-01,2024-10-22,29,Footwear,Trainers,Northvale,Mobile App,FC-South,Metro Post,false,Damaged in transit,false,Written off,1,2,27.76,27.76
R001174,OI0007758,O0003751,C002084,P00157,2025-03-27,2025-03-01,2025-04-22,26,Beauty,Cosmetics,Ellery & Co,Store,Store Pickup,,,Wrong size,true,Recovered,2,2,39.96,25.94
R001175,OI0007761,O0003753,C002085,P00145,2024-10-13,2024-10-01,2024-11-05,23,Beauty,Cosmetics,Ellery & Co,Mobile App,FC-South,Regional Freight,false,Wrong size,true,Recovered,1,1,36.78,9.31
R001176,OI0007769,O0003759,C002090,P00038,2024-11-21,2024-11-01,2024-12-21,30,Apparel,Dresses,Ellery & Co,Marketplace,FC-South,Metro Post,true,Not as described,true,Recovered,1,1,83.70,45.76
R001177,OI0007771,O0003760,C002090,P00029,2025-01-16,2025-01-01,2025-01-20,4,Apparel,Knitwear,Puresel,Web,FC-South,Swiftline,true,Not as described,true,Recovered,1,1,116.07,69.8
R001178,OI0007772,O0003761,C002091,P00166,2024-09-22,2024-09-01,2024-10-08,16,Beauty,Skincare,Ellery & Co,Web,FC-South,Regional Freight,true,Wrong size,true,Recovered,4,4,297.28,219.0
R001179,OI0007773,O0003761,C002091,P00019,2024-09-22,2024-09-01,2024-10-08,16,Apparel,Tops,Brightpath,Web,FC-South,Regional Freight,true,Changed mind,true,Recovered,1,1,65.52,36.16
R001180,OI0007775,O0003762,C002092,P00103,2024-09-23,2024-09-01,2024-10-01,8,Electronics,Small Appliances,Latitude 54,Mobile App,FC-North,Regional Freight,true,Not as described,true,Recovered,1,1,60.37,-29.64
R001181,OI0007780,O0003766,C002096,P00093,2024-09-25,2024-09-01,2024-10-27,32,Electronics,Audio,Puresel,Web,FC-South,Regional Freight,false,Wrong size,true,Recovered,1,1,114.67,-27.25
R001182,OI0007784,O0003768,C002097,P00167,2024-09-24,2024-09-01,2024-10-14,20,Beauty,Fragrance,Latitude 54,Mobile App,FC-South,Regional Freight,true,Changed mind,true,Recovered,1,1,59.63,38.5
R001183,OI0007788,O0003770,C002099,P00079,2024-09-24,2024-09-01,2024-10-04,10,Footwear,Sandals,Mokkan,Web,FC-North,Swiftline,true,Faulty,false,Written off,1,1,67.74,67.74
R001184,OI0007794,O0003773,C002102,P00052,2024-09-24,2024-09-01,2024-10-01,7,Apparel,Dresses,Corda,Mobile App,FC-South,Metro Post,true,Changed mind,true,Recovered,1,1,64.55,40.52
R001185,OI0007804,O0003776,C002103,P00041,2024-09-30,2024-09-01,2024-10-09,9,Apparel,Outerwear,Latitude 54,Mobile App,FC-South,Metro Post,true,Wrong size,true,Recovered,3,3,375.69,197.4
R001186,OI0007806,O0003777,C002103,P00049,2024-11-25,2024-11-01,2024-12-14,19,Apparel,Tops,Brightpath,Web,FC-South,Regional Freight,true,Changed mind,true,Recovered,1,1,33.89,14.99
R001187,OI0007809,O0003779,C002105,P00177,2024-09-26,2024-09-01,2024-10-17,21,Sports & Outdoors,Cycling,Latitude 54,Store,Store Pickup,,,Faulty,false,Written off,1,1,276.02,276.02
R001188,OI0007812,O0003779,C002105,P00026,2024-09-26,2024-09-01,2024-10-11,15,Apparel,Dresses,Corda,Store,Store Pickup,,,Wrong size,true,Recovered,1,1,32.92,15.22
R001189,OI0007823,O0003782,C002107,P00053,2024-09-25,2024-09-01,2024-10-27,32,Apparel,Tops,Latitude 54,Mobile App,FC-Central,Regional Freight,true,Wrong size,true,Recovered,3,3,311.13,197.04
R001190,OI0007824,O0003783,C002107,P00040,2024-11-26,2024-11-01,2024-12-13,17,Apparel,Tops,Puresel,Mobile App,FC-Central,Swiftline,true,Changed mind,true,Recovered,2,2,190.16,108.22
R001191,OI0007826,O0003784,C002107,P00103,2025-05-29,2025-05-01,2025-06-18,20,Electronics,Small Appliances,Latitude 54,Web,FC-Central,Metro Post,false,Not as described,true,Recovered,2,2,223.80,43.78
R001192,OI0007830,O0003788,C002110,P00190,2024-11-22,2024-11-01,2024-12-07,15,Sports & Outdoors,Cycling,Puresel,Mobile App,FC-Central,Metro Post,true,Not as described,true,Recovered,2,2,185.91,-24.39
R001193,OI0007832,O0003789,C002110,P00121,2024-12-23,2024-12-01,2025-01-17,25,Home & Kitchen,Tableware,Mokkan,Web,FC-Central,Metro Post,true,Faulty,false,Written off,1,1,93.81,93.81
R001194,OI0007838,O0003791,C002111,P00017,2024-09-27,2024-09-01,2024-10-27,30,Apparel,Dresses,Corda,Mobile App,FC-South,Metro Post,true,Damaged in transit,false,Written off,1,1,27.43,27.43
R001195,OI0007841,O0003792,C002111,P00057,2024-10-26,2024-10-01,2024-11-20,25,Footwear,Trainers,Puresel,Mobile App,FC-South,Swiftline,true,Wrong size,true,Recovered,1,1,65.94,39.76
R001196,OI0007846,O0003794,C002112,P00129,2024-10-16,2024-10-01,2024-11-15,30,Home & Kitchen,Cookware,Ellery & Co,Marketplace,FC-South,Metro Post,true,Not as described,true,Recovered,1,1,59.96,19.8
R001197,OI0007860,O0003803,C002119,P00093,2024-10-16,2024-10-01,2024-11-05,20,Electronics,Audio,Puresel,Web,FC-South,Metro Post,true,Changed mind,true,Recovered,1,1,85.73,-56.19
R001198,OI0007862,O0003803,C002119,P00014,2024-10-16,2024-10-01,2024-11-01,16,Apparel,Dresses,Corda,Web,FC-South,Metro Post,true,Not as described,true,Recovered,1,2,57.46,20.18
R001199,OI0007864,O0003804,C002119,P00002,2024-12-03,2024-12-01,2025-01-03,31,Apparel,Knitwear,Brightpath,Mobile App,FC-South,Regional Freight,false,Not as described,true,Recovered,1,1,81.68,42.82
R001200,OI0007865,O0003805,C002119,P00029,2025-01-02,2025-01-01,2025-01-26,24,Apparel,Knitwear,Puresel,Web,FC-South,Regional Freight,true,Wrong size,true,Recovered,1,1,52.23,5.96
R001201,OI0007872,O0003809,C002121,P00057,2024-12-11,2024-12-01,2024-12-17,6,Footwear,Trainers,Puresel,Web,FC-North,Swiftline,true,Not as described,true,Recovered,1,1,38.83,12.65
R001202,OI0007873,O0003809,C002121,P00078,2024-12-11,2024-12-01,2024-12-17,6,Footwear,Sandals,Corda,Web,FC-North,Swiftline,true,Faulty,false,Written off,1,1,85.34,85.34
R001203,OI0007879,O0003812,C002122,P00063,2024-11-09,2024-11-01,2024-12-07,28,Footwear,Formal,Northvale,Web,FC-Central,Regional Freight,true,Changed mind,true,Recovered,1,1,33.93,17.26
R001204,OI0007883,O0003814,C002124,P00115,2024-09-26,2024-09-01,2024-10-10,14,Home & Kitchen,Lighting,Puresel,Marketplace,FC-South,Metro Post,true,Faulty,false,Written off,1,1,110.04,110.04
R001205,OI0007889,O0003817,C002126,P00047,2024-09-26,2024-09-01,2024-10-13,17,Apparel,Dresses,Puresel,Web,FC-South,Swiftline,true,Wrong size,true,Recovered,1,1,66.99,21.74
R001206,OI0007890,O0003817,C002126,P00009,2024-09-26,2024-09-01,2024-10-22,26,Apparel,Outerwear,Mokkan,Web,FC-South,Swiftline,true,Damaged in transit,false,Written off,1,1,73.72,73.72
R001207,OI0007916,O0003827,C002133,P00109,2025-04-10,2025-04-01,2025-04-26,16,Electronics,Audio,Corda,Web,FC-South,Regional Freight,true,Damaged in transit,false,Written off,1,1,183.96,183.96
R001208,OI0007928,O0003835,C002137,P00071,2024-09-28,2024-09-01,2024-10-29,31,Footwear,Boots,Puresel,Mobile App,FC-Central,Metro Post,true,Not as described,true,Recovered,1,1,88.19,32.23
R001209,OI0007930,O0003836,C002138,P00094,2024-09-27,2024-09-01,2024-10-12,15,Electronics,Accessories,Latitude 54,Mobile App,FC-Central,Metro Post,true,Faulty,false,Written off,1,1,384.95,384.95
R001210,OI0007931,O0003837,C002139,P00139,2024-09-30,2024-09-01,2024-10-07,7,Home & Kitchen,Cookware,Ellery & Co,Mobile App,FC-South,Metro Post,true,Wrong size,true,Recovered,1,1,53.02,21.66
R001211,OI0007937,O0003839,C002141,P00161,2024-09-27,2024-09-01,2024-10-24,27,Beauty,Fragrance,Northvale,Mobile App,FC-South,Regional Freight,false,Arrived too late,true,Recovered,1,1,61.46,40.88
R001212,OI0007938,O0003840,C002142,P00060,2024-09-30,2024-09-01,2024-10-13,13,Footwear,Formal,Corda,Web,FC-South,Swiftline,false,Not as described,true,Recovered,1,1,129.71,63.77
R001213,OI0007942,O0003843,C002144,P00052,2024-09-30,2024-09-01,2024-10-11,11,Apparel,Dresses,Corda,Marketplace,FC-South,Swiftline,false,Not as described,true,Recovered,1,1,64.55,40.52
R001214,OI0007947,O0003845,C002145,P00021,2024-12-31,2024-12-01,2025-01-10,10,Apparel,Denim,Northvale,Store,Store Pickup,,,Changed mind,true,Recovered,2,2,72.85,30.53
R001215,OI0007964,O0003854,C002151,P00019,2024-11-13,2024-11-01,2024-12-10,27,Apparel,Tops,Brightpath,Web,FC-South,Regional Freight,false,Arrived too late,true,Recovered,1,1,65.52,36.16
R001216,OI0007974,O0003857,C002152,P00078,2025-03-10,2025-03-01,2025-03-26,16,Footwear,Sandals,Corda,Web,FC-South,Swiftline,true,Changed mind,true,Recovered,1,1,128.93,67.91
R001217,OI0007977,O0003859,C002153,P00013,2024-09-29,2024-09-01,2024-10-10,11,Apparel,Dresses,Ellery & Co,Web,FC-Central,Regional Freight,false,Not as described,true,Recovered,1,1,66.51,41.87
R001218,OI0007981,O0003860,C002154,P00060,2024-09-28,2024-09-01,2024-10-06,8,Footwear,Formal,Corda,Marketplace,FC-Central,Metro Post,true,Arrived too late,true,Recovered,1,1,116.38,50.44
R001219,OI0007982,O0003860,C002154,P00070,2024-09-28,2024-09-01,2024-10-06,8,Footwear,Boots,Latitude 54,Marketplace,FC-Central,Metro Post,true,Faulty,false,Written off,1,2,55.65,55.65
R001220,OI0007994,O0003864,C002157,P00034,2024-09-28,2024-09-01,2024-10-17,19,Apparel,Dresses,Latitude 54,Marketplace,FC-North,Swiftline,true,Changed mind,true,Recovered,1,1,41.79,20.17
R001221,OI0007995,O0003865,C002158,P00025,2024-10-02,2024-10-01,2024-10-08,6,Apparel,Outerwear,Corda,Web,FC-North,Swiftline,true,Arrived too late,true,Recovered,1,1,125.94,77.04
R001222,OI0007997,O0003866,C002158,P00007,2024-10-16,2024-10-01,2024-10-23,7,Apparel,Denim,Northvale,Mobile App,FC-North,Swiftline,true,Wrong size,true,Recovered,1,1,116.94,69.72
R001223,OI0008000,O0003867,C002158,P00116,2024-12-26,2024-12-01,2025-01-02,7,Home & Kitchen,Bedding,Latitude 54,Store,Store Pickup,,,Wrong size,true,Recovered,1,1,26.15,0.32
R001224,OI0008006,O0003869,C002158,P00021,2025-10-16,2025-10-01,2025-10-30,14,Apparel,Denim,Northvale,Web,FC-North,Swiftline,true,Changed mind,true,Recovered,1,1,52.72,31.56
R001225,OI0008008,O0003870,C002159,P00043,2024-09-30,2024-09-01,2024-10-22,22,Apparel,Denim,Puresel,Mobile App,FC-South,Metro Post,true,Changed mind,true,Recovered,1,1,53.94,16.13
R001226,OI0008016,O0003874,C002162,P00138,2024-09-29,2024-09-01,2024-10-25,26,Home & Kitchen,Bedding,Ellery & Co,Mobile App,FC-North,Regional Freight,false,Changed mind,true,Recovered,1,1,76.21,28.01
R001227,OI0008019,O0003875,C002163,P00050,2024-09-30,2024-09-01,2024-10-19,19,Apparel,Knitwear,Brightpath,Web,FC-North,Metro Post,false,Changed mind,true,Recovered,1,1,90.78,40.91
R001228,OI0008021,O0003877,C002165,P00072,2024-10-01,2024-10-01,2024-10-26,25,Footwear,Sandals,Brightpath,Mobile App,FC-South,Regional Freight,true,Changed mind,true,Recovered,2,2,117.90,70.74
R001229,OI0008022,O0003877,C002165,P00077,2024-10-01,2024-10-01,2024-11-01,31,Footwear,Boots,Ellery & Co,Mobile App,FC-South,Regional Freight,true,Damaged in transit,false,Written off,1,1,79.48,79.48
R001230,OI0008024,O0003878,C002166,P00061,2024-10-03,2024-10-01,2024-10-10,7,Footwear,Trainers,Northvale,Web,FC-Central,Metro Post,true,Wrong size,true,Recovered,2,2,76.93,38.63
R001231,OI0008025,O0003879,C002167,P00012,2024-10-01,2024-10-01,2024-10-20,19,Apparel,Knitwear,Mokkan,Mobile App,FC-South,Regional Freight,true,Arrived too late,true,Recovered,1,1,88.93,48.74
R001232,OI0008029,O0003880,C002168,P00021,2024-10-01,2024-10-01,2024-11-01,31,Apparel,Denim,Northvale,Mobile App,FC-Central,Regional Freight,false,Wrong size,true,Recovered,2,2,84.27,41.95
R001233,OI0008031,O0003881,C002169,P00034,2024-10-01,2024-10-01,2024-10-17,16,Apparel,Dresses,Latitude 54,Web,FC-South,Metro Post,true,Wrong size,true,Recovered,3,3,125.37,60.51
R001234,OI0008036,O0003884,C002170,P00064,2025-05-17,2025-05-01,2025-06-08,22,Footwear,Boots,Mokkan,Store,Store Pickup,,,Wrong size,true,Recovered,2,2,186.60,101.32
R001235,OI0008041,O0003886,C002171,P00155,2024-10-02,2024-10-01,2024-11-08,37,Beauty,Fragrance,Latitude 54,Marketplace,FC-South,Regional Freight,false,Wrong size,true,Recovered,1,1,44.92,28.64
R001236,OI0008050,O0003892,C002174,P00023,2025-06-30,2025-06-01,2025-07-12,12,Apparel,Tops,Latitude 54,Mobile App,FC-North,Swiftline,true,Changed mind,true,Recovered,1,1,49.85,32.11
R001237,OI0008053,O0003892,C002174,P00013,2025-06-30,2025-06-01,2025-07-30,30,Apparel,Dresses,Ellery & Co,Mobile App,FC-North,Swiftline,true,Faulty,false,Written off,1,1,66.51,66.51
R001238,OI0008059,O0003894,C002175,P00028,2024-10-05,2024-10-01,2024-10-18,13,Apparel,Dresses,Mokkan,Web,FC-South,Swiftline,true,Not as described,true,Recovered,1,1,18.69,6.95
R001239,OI0008062,O0003894,C002175,P00115,2024-10-05,2024-10-01,2024-10-20,15,Home & Kitchen,Lighting,Puresel,Web,FC-South,Swiftline,true,Damaged in transit,false,Written off,2,2,121.00,121.0
R001240,OI0008079,O0003902,C002179,P00010,2024-10-02,2024-10-01,2024-10-13,11,Apparel,Denim,Puresel,Store,Store Pickup,,,Changed mind,true,Recovered,1,1,28.00,15.12
R001241,OI0008081,O0003903,C002179,P00064,2024-12-06,2024-12-01,2024-12-16,10,Footwear,Boots,Mokkan,Mobile App,FC-Central,Metro Post,true,Not as described,true,Recovered,1,2,80.36,37.72
R001242,OI0008113,O0003917,C002187,P00060,2024-10-03,2024-10-01,2024-10-21,18,Footwear,Formal,Corda,Web,FC-North,Metro Post,true,Changed mind,true,Recovered,1,1,139.31,73.37
R001243,OI0008117,O0003918,C002188,P00071,2024-10-04,2024-10-01,2024-10-18,14,Footwear,Boots,Puresel,Web,FC-South,Regional Freight,false,Arrived too late,true,Recovered,1,1,122.76,66.8
R001244,OI0008119,O0003919,C002188,P00012,2025-01-08,2025-01-01,2025-01-31,23,Apparel,Knitwear,Mokkan,Mobile App,FC-South,Swiftline,true,Damaged in transit,false,Written off,1,2,86.81,86.81
R001245,OI0008123,O0003920,C002189,P00178,2024-10-03,2024-10-01,2024-10-28,25,Sports & Outdoors,Fitness,Corda,Store,Store Pickup,,,Changed mind,true,Recovered,2,2,453.32,236.78
R001246,OI0008126,O0003920,C002189,P00161,2024-10-03,2024-10-01,2024-10-30,27,Beauty,Fragrance,Northvale,Store,Store Pickup,,,Changed mind,true,Recovered,1,1,61.46,40.88
R001247,OI0008127,O0003921,C002189,P00068,2024-11-21,2024-11-01,2024-12-03,12,Footwear,Sandals,Corda,Marketplace,FC-North,Swiftline,true,Wrong size,true,Recovered,1,1,106.66,65.35
R001248,OI0008141,O0003926,C002192,P00113,2024-10-05,2024-10-01,2024-10-13,8,Home & Kitchen,Storage,Mokkan,Web,FC-South,Metro Post,true,Wrong size,true,Recovered,1,1,86.78,35.92
R001249,OI0008145,O0003927,C002193,P00019,2024-10-04,2024-10-01,2024-10-24,20,Apparel,Tops,Brightpath,Marketplace,FC-South,Metro Post,true,Damaged in transit,false,Written off,1,1,65.52,65.52
R001250,OI0008155,O0003932,C002195,P00190,2024-10-03,2024-10-01,2024-10-19,16,Sports & Outdoors,Cycling,Puresel,Web,FC-Central,Regional Freight,true,Wrong size,true,Recovered,1,1,189.90,84.75
R001251,OI0008159,O0003933,C002195,P00031,2025-03-07,2025-03-01,2025-03-29,22,Apparel,Dresses,Brightpath,Mobile App,FC-Central,Metro Post,true,Changed mind,true,Recovered,1,1,90.94,53.45
R001252,OI0008170,O0003939,C002196,P00071,2025-11-05,2025-11-01,2025-12-05,30,Footwear,Boots,Puresel,Marketplace,FC-South,Regional Freight,false,Arrived too late,true,Recovered,2,2,245.52,133.6
R001253,OI0008171,O0003939,C002196,P00053,2025-11-05,2025-11-01,2025-11-15,10,Apparel,Tops,Latitude 54,Marketplace,FC-South,Regional Freight,false,Changed mind,true,Recovered,1,1,103.71,65.68
R001254,OI0008180,O0003942,C002197,P00082,2024-11-20,2024-11-01,2024-12-08,18,Electronics,Audio,Puresel,Store,Store Pickup,,,Wrong size,true,Recovered,2,2,955.74,198.6
R001255,OI0008182,O0003944,C002197,P00052,2025-04-02,2025-04-01,2025-04-22,20,Apparel,Dresses,Corda,Mobile App,FC-Central,Swiftline,true,Not as described,true,Recovered,2,2,129.10,81.04
R001256,OI0008205,O0003959,C002210,P00003,2024-10-07,2024-10-01,2024-10-26,19,Apparel,Outerwear,Northvale,Mobile App,FC-South,Swiftline,true,Changed mind,true,Recovered,1,1,28.21,14.52
R001257,OI0008211,O0003963,C002212,P00103,2024-10-06,2024-10-01,2024-10-23,17,Electronics,Small Appliances,Latitude 54,Mobile App,FC-Central,Regional Freight,true,Wrong size,true,Recovered,1,1,104.69,14.68
R001258,OI0008212,O0003963,C002212,P00028,2024-10-06,2024-10-01,2024-10-27,21,Apparel,Dresses,Mokkan,Mobile App,FC-Central,Regional Freight,true,Changed mind,true,Recovered,1,1,31.99,20.25
R001259,OI0008213,O0003963,C002212,P00019,2024-10-06,2024-10-01,2024-10-22,16,Apparel,Tops,Brightpath,Mobile App,FC-Central,Regional Freight,true,Changed mind,true,Recovered,1,1,65.52,36.16
R001260,OI0008214,O0003963,C002212,P00053,2024-10-06,2024-10-01,2024-11-05,30,Apparel,Tops,Latitude 54,Mobile App,FC-Central,Regional Freight,true,Changed mind,true,Recovered,1,4,103.71,65.68
R001261,OI0008227,O0003969,C002216,P00005,2024-10-06,2024-10-01,2024-10-10,4,Apparel,Knitwear,Ellery & Co,Mobile App,FC-Central,Swiftline,true,Wrong size,true,Recovered,3,3,155.97,90.33
R001262,OI0008228,O0003970,C002216,P00059,2024-11-19,2024-11-01,2024-11-27,8,Footwear,Trainers,Latitude 54,Web,FC-Central,Swiftline,false,Arrived too late,true,Recovered,3,3,389.79,179.67
R001263,OI0008243,O0003976,C002217,P00010,2025-03-29,2025-03-01,2025-04-06,8,Apparel,Denim,Puresel,Mobile App,FC-North,Swiftline,true,Arrived too late,true,Recovered,1,3,20.53,7.65
R001264,OI0008248,O0003979,C002219,P00061,2024-12-28,2024-12-01,2025-01-22,25,Footwear,Trainers,Northvale,Marketplace,FC-Central,Metro Post,true,Wrong size,true,Recovered,1,1,39.25,20.1
R001265,OI0008251,O0003982,C002219,P00025,2025-04-08,2025-04-01,2025-04-22,14,Apparel,Outerwear,Corda,Marketplace,FC-Central,Regional Freight,true,Not as described,true,Recovered,1,1,125.94,77.04
R001266,OI0008260,O0003986,C002221,P00017,2024-10-08,2024-10-01,2024-10-16,8,Apparel,Dresses,Corda,Marketplace,FC-Central,Metro Post,true,Wrong size,true,Recovered,1,1,27.43,15.56
R001267,OI0008261,O0003986,C002221,P00012,2024-10-08,2024-10-01,2024-11-01,24,Apparel,Knitwear,Mokkan,Marketplace,FC-Central,Metro Post,true,Damaged in transit,false,Written off,1,1,88.93,88.93
R001268,OI0008271,O0003990,C002224,P00175,2024-10-06,2024-10-01,2024-10-25,19,Sports & Outdoors,Camping,Ellery & Co,Web,FC-South,Regional Freight,true,Wrong size,true,Recovered,1,1,241.41,113.18
R001269,OI0008303,O0004002,C002231,P00132,2024-11-08,2024-11-01,2024-12-06,28,Home & Kitchen,Cookware,Ellery & Co,Web,FC-North,Regional Freight,true,Not as described,true,Recovered,1,1,60.69,20.81
R001270,OI0008333,O0004016,C002237,P00062,2024-10-09,2024-10-01,2024-10-17,8,Footwear,Formal,Latitude 54,Web,FC-Central,Metro Post,true,Wrong size,true,Recovered,1,1,120.05,68.9
R001271,OI0008342,O0004023,C002240,P00052,2026-04-22,2026-04-01,2026-05-23,31,Apparel,Dresses,Corda,Mobile App,FC-North,Metro Post,true,Not as described,true,Recovered,1,1,39.30,15.27
R001272,OI0008343,O0004024,C002241,P00068,2024-10-09,2024-10-01,2024-10-18,9,Footwear,Sandals,Corda,Mobile App,FC-South,Metro Post,false,Not as described,true,Recovered,1,1,106.66,65.35
R001273,OI0008345,O0004024,C002241,P00081,2024-10-09,2024-10-01,2024-10-24,15,Electronics,Wearables,Mokkan,Mobile App,FC-South,Metro Post,false,Not as described,true,Recovered,1,1,425.20,59.27
R001274,OI0008348,O0004025,C002242,P00166,2024-10-08,2024-10-01,2024-10-25,17,Beauty,Skincare,Ellery & Co,Web,FC-South,Metro Post,true,Not as described,true,Recovered,1,1,70.12,50.55
R001275,OI0008351,O0004027,C002242,P00154,2025-05-07,2025-05-01,2025-05-15,8,Beauty,Cosmetics,Ellery & Co,Web,FC-South,Regional Freight,true,Changed mind,true,Recovered,1,1,38.78,24.37
R001276,OI0008358,O0004029,C002243,P00118,2025-04-26,2025-04-01,2025-05-20,24,Home & Kitchen,Tableware,Ellery & Co,Mobile App,FC-Central,Swiftline,true,Wrong size,true,Recovered,1,1,26.40,11.23
R001277,OI0008361,O0004031,C002245,P00060,2024-10-07,2024-10-01,2024-10-29,22,Footwear,Formal,Corda,Web,FC-North,Metro Post,true,Damaged in transit,false,Written off,1,1,139.31,139.31
R001278,OI0008362,O0004032,C002245,P00134,2024-12-04,2024-12-01,2024-12-22,18,Home & Kitchen,Cookware,Brightpath,Mobile App,FC-North,Swiftline,true,Changed mind,true,Recovered,1,2,63.53,21.91
R001279,OI0008369,O0004036,C002247,P00019,2024-12-21,2024-12-01,2025-01-21,31,Apparel,Tops,Brightpath,Mobile App,FC-South,Regional Freight,true,Not as described,true,Recovered,1,1,65.52,36.16
R001280,OI0008376,O0004041,C002251,P00008,2025-01-16,2025-01-01,2025-01-26,10,Apparel,Tops,Brightpath,Web,FC-South,Regional Freight,true,Changed mind,true,Recovered,2,2,167.00,107.14
R001281,OI0008385,O0004047,C002255,P00070,2025-02-13,2025-02-01,2025-02-23,10,Footwear,Boots,Latitude 54,Web,FC-South,Metro Post,true,Not as described,true,Recovered,1,1,76.20,35.85
R001282,OI0008391,O0004049,C002256,P00063,2024-10-10,2024-10-01,2024-10-21,11,Footwear,Formal,Northvale,Mobile App,FC-South,Swiftline,true,Not as described,true,Recovered,4,4,146.12,79.44
R001283,OI0008393,O0004051,C002257,P00023,2024-12-28,2024-12-01,2025-01-11,14,Apparel,Tops,Latitude 54,Marketplace,FC-South,Swiftline,true,Changed mind,true,Recovered,1,1,49.85,32.11
R001284,OI0008398,O0004052,C002258,P00015,2024-10-11,2024-10-01,2024-10-21,10,Apparel,Tops,Corda,Mobile App,FC-Central,Swiftline,true,Not as described,true,Recovered,2,2,97.82,44.48
R001285,OI0008401,O0004055,C002261,P00036,2024-10-13,2024-10-01,2024-11-01,19,Apparel,Dresses,Latitude 54,Web,FC-Central,Regional Freight,true,Changed mind,true,Recovered,1,1,67.23,43.24
R001286,OI0008403,O0004055,C002261,P00135,2024-10-13,2024-10-01,2024-10-29,16,Home & Kitchen,Bedding,Ellery & Co,Web,FC-Central,Regional Freight,true,Wrong size,true,Recovered,1,1,140.35,53.06
R001287,OI0008409,O0004059,C002262,P00008,2024-10-12,2024-10-01,2024-10-20,8,Apparel,Tops,Brightpath,Mobile App,FC-South,Swiftline,true,Wrong size,true,Recovered,1,1,83.50,53.57
R001288,OI0008414,O0004062,C002264,P00028,2024-10-13,2024-10-01,2024-11-07,25,Apparel,Dresses,Mokkan,Mobile App,FC-South,Regional Freight,false,Changed mind,true,Recovered,1,1,31.99,20.25
R001289,OI0008419,O0004065,C002266,P00035,2024-10-12,2024-10-01,2024-11-12,31,Apparel,Outerwear,Northvale,Web,FC-South,Regional Freight,true,Damaged in transit,false,Written off,1,1,131.59,131.59
R001290,OI0008427,O0004067,C002267,P00025,2025-03-22,2025-03-01,2025-04-07,16,Apparel,Outerwear,Corda,Web,FC-South,Swiftline,true,Not as described,true,Recovered,1,1,125.94,77.04
R001291,OI0008435,O0004069,C002267,P00038,2025-10-22,2025-10-01,2025-11-05,14,Apparel,Dresses,Ellery & Co,Web,FC-South,Regional Freight,true,Changed mind,true,Recovered,1,1,83.70,45.76
R001292,OI0008436,O0004069,C002267,P00181,2025-10-22,2025-10-01,2025-11-07,16,Sports & Outdoors,Camping,Ellery & Co,Web,FC-South,Regional Freight,true,Damaged in transit,false,Written off,1,1,235.91,235.91
R001293,OI0008437,O0004070,C002268,P00013,2024-10-10,2024-10-01,2024-10-18,8,Apparel,Dresses,Ellery & Co,Mobile App,FC-South,Metro Post,false,Changed mind,true,Recovered,1,1,66.51,41.87
R001294,OI0008441,O0004072,C002269,P00006,2024-11-21,2024-11-01,2024-11-30,9,Apparel,Denim,Puresel,Store,Store Pickup,,,Damaged in transit,false,Written off,1,1,31.44,31.44
R001295,OI0008449,O0004077,C002272,P00134,2024-10-10,2024-10-01,2024-10-20,10,Home & Kitchen,Cookware,Brightpath,Web,FC-North,Swiftline,true,Changed mind,true,Recovered,1,1,68.67,27.05
R001296,OI0008455,O0004079,C002273,P00055,2024-10-11,2024-10-01,2024-10-24,13,Footwear,Trainers,Ellery & Co,Mobile App,FC-North,Metro Post,true,Changed mind,true,Recovered,1,1,34.98,15.84
R001297,OI0008459,O0004081,C002274,P00013,2024-10-10,2024-10-01,2024-10-29,19,Apparel,Dresses,Ellery & Co,Marketplace,FC-South,Metro Post,false,Arrived too late,true,Recovered,1,1,34.88,10.24
R001298,OI0008477,O0004093,C002281,P00182,2024-11-23,2024-11-01,2024-12-10,17,Sports & Outdoors,Cycling,Northvale,Web,FC-South,Regional Freight,true,Wrong size,true,Recovered,1,1,47.86,20.91
R001299,OI0008486,O0004096,C002281,P00064,2025-03-11,2025-03-01,2025-04-04,24,Footwear,Boots,Mokkan,Web,FC-South,Metro Post,false,Arrived too late,true,Recovered,1,1,90.26,47.62
R001300,OI0008488,O0004096,C002281,P00098,2025-03-11,2025-03-01,2025-03-29,18,Electronics,Audio,Brightpath,Web,FC-South,Metro Post,false,Faulty,false,Written off,1,1,126.60,126.6
R001301,OI0008493,O0004097,C002281,P00077,2025-04-13,2025-04-01,2025-04-24,11,Footwear,Boots,Ellery & Co,Marketplace,FC-South,Regional Freight,true,Changed mind,true,Recovered,1,1,105.21,64.29
R001302,OI0008494,O0004098,C002281,P00068,2025-06-13,2025-06-01,2025-06-22,9,Footwear,Sandals,Corda,Web,FC-South,Regional Freight,true,Changed mind,true,Recovered,1,1,106.66,65.35
R001303,OI0008495,O0004098,C002281,P00073,2025-06-13,2025-06-01,2025-06-30,17,Footwear,Boots,Brightpath,Web,FC-South,Regional Freight,true,Damaged in transit,false,Written off,1,2,79.76,79.76
R001304,OI0008507,O0004105,C002286,P00019,2024-10-13,2024-10-01,2024-11-06,24,Apparel,Tops,Brightpath,Marketplace,FC-North,Swiftline,true,Wrong size,true,Recovered,1,1,51.11,21.75
R001305,OI0008513,O0004107,C002287,P00046,2024-10-14,2024-10-01,2024-10-26,12,Apparel,Dresses,Brightpath,Marketplace,FC-Central,Metro Post,true,Arrived too late,true,Recovered,1,1,107.60,56.52
R001306,OI0008524,O0004112,C002288,P00016,2024-10-15,2024-10-01,2024-10-27,12,Apparel,Knitwear,Brightpath,Web,FC-South,Metro Post,false,Changed mind,true,Recovered,1,1,48.55,26.82
R001307,OI0008548,O0004126,C002297,P00022,2024-10-15,2024-10-01,2024-10-22,7,Apparel,Knitwear,Northvale,Store,Store Pickup,,,Faulty,false,Written off,4,4,122.32,122.32
R001308,OI0008551,O0004127,C002297,P00009,2025-01-23,2025-01-01,2025-02-08,16,Apparel,Outerwear,Mokkan,Store,Store Pickup,,,Arrived too late,true,Recovered,1,1,73.72,42.56
R001309,OI0008552,O0004128,C002297,P00048,2025-03-18,2025-03-01,2025-03-24,6,Apparel,Dresses,Latitude 54,Mobile App,FC-South,Swiftline,true,Wrong size,true,Recovered,1,1,122.50,66.99
R001310,OI0008553,O0004128,C002297,P00068,2025-03-18,2025-03-01,2025-04-13,26,Footwear,Sandals,Corda,Mobile App,FC-South,Swiftline,true,Faulty,false,Written off,1,1,95.74,95.74
R001311,OI0008554,O0004128,C002297,P00020,2025-03-18,2025-03-01,2025-03-24,6,Apparel,Denim,Ellery & Co,Mobile App,FC-South,Swiftline,true,Changed mind,true,Recovered,1,2,131.49,84.57
R001312,OI0008567,O0004136,C002301,P00016,2024-10-16,2024-10-01,2024-11-14,29,Apparel,Knitwear,Brightpath,Web,FC-North,Regional Freight,true,Wrong size,true,Recovered,1,1,54.64,32.91
R001313,OI0008572,O0004139,C002301,P00011,2025-04-28,2025-04-01,2025-05-11,13,Apparel,Outerwear,Northvale,Mobile App,FC-North,Swiftline,true,Wrong size,true,Recovered,2,2,225.24,122.84
R001314,OI0008594,O0004149,C002306,P00015,2024-10-14,2024-10-01,2024-10-30,16,Apparel,Tops,Corda,Store,Store Pickup,,,Wrong size,true,Recovered,1,1,66.55,39.88
R001315,OI0008606,O0004154,C002306,P00011,2025-09-01,2025-09-01,2025-09-30,29,Apparel,Outerwear,Northvale,Web,FC-North,Swiftline,true,Not as described,true,Recovered,1,1,98.12,46.92
R001316,OI0008607,O0004155,C002307,P00060,2024-10-17,2024-10-01,2024-11-02,16,Footwear,Formal,Corda,Mobile App,FC-Central,Swiftline,true,Changed mind,true,Recovered,1,1,139.31,73.37
R001317,OI0008610,O0004157,C002308,P00028,2025-03-10,2025-03-01,2025-03-20,10,Apparel,Dresses,Mokkan,Store,Store Pickup,,,Damaged in transit,false,Written off,1,1,27.12,27.12
R001318,OI0008634,O0004169,C002313,P00079,2024-12-06,2024-12-01,2025-01-01,26,Footwear,Sandals,Mokkan,Marketplace,FC-South,Regional Freight,true,Changed mind,true,Recovered,1,1,58.30,13.53
R001319,OI0008638,O0004171,C002315,P00186,2024-10-15,2024-10-01,2024-11-15,31,Sports & Outdoors,Fitness,Latitude 54,Web,FC-Central,Regional Freight,true,Damaged in transit,false,Written off,1,1,272.93,272.93
R001320,OI0008643,O0004174,C002317,P00001,2024-10-18,2024-10-01,2024-11-01,14,Apparel,Dresses,Latitude 54,Web,FC-Central,Swiftline,true,Wrong size,true,Recovered,1,1,37.34,23.19
R001321,OI0008667,O0004187,C002325,P00183,2025-05-02,2025-05-01,2025-05-29,27,Sports & Outdoors,Fitness,Ellery & Co,Mobile App,FC-North,Swiftline,false,Changed mind,true,Recovered,1,1,273.10,124.82
R001322,OI0008673,O0004190,C002327,P00002,2024-10-15,2024-10-01,2024-11-12,28,Apparel,Knitwear,Brightpath,Mobile App,FC-North,Swiftline,true,Wrong size,true,Recovered,1,1,81.68,42.82
R001323,OI0008675,O0004190,C002327,P00110,2024-10-15,2024-10-01,2024-11-15,31,Electronics,Small Appliances,Puresel,Mobile App,FC-North,Swiftline,true,Faulty,false,Written off,1,1,362.65,362.65
R001324,OI0008696,O0004201,C002333,P00021,2025-06-13,2025-06-01,2025-07-01,18,Apparel,Denim,Northvale,Store,Store Pickup,,,Changed mind,true,Recovered,1,1,25.37,4.21
R001325,OI0008706,O0004206,C002334,P00174,2024-12-13,2024-12-01,2024-12-27,14,Sports & Outdoors,Fitness,Latitude 54,Web,FC-Central,Swiftline,true,Wrong size,true,Recovered,1,1,170.21,22.11
R001326,OI0008716,O0004213,C002337,P00057,2025-10-09,2025-10-01,2025-10-15,6,Footwear,Trainers,Puresel,Web,FC-Central,Metro Post,true,Damaged in transit,false,Written off,1,1,63.51,63.51
R001327,OI0008727,O0004217,C002339,P00061,2024-10-20,2024-10-01,2024-10-28,8,Footwear,Trainers,Northvale,Web,FC-North,Swiftline,true,Wrong size,true,Recovered,3,3,96.24,38.79
R001328,OI0008729,O0004218,C002339,P00064,2024-12-08,2024-12-01,2025-01-08,31,Footwear,Boots,Mokkan,Web,FC-North,Swiftline,false,Wrong size,true,Recovered,1,1,44.40,1.76
R001329,OI0008735,O0004221,C002341,P00076,2024-10-17,2024-10-01,2024-10-28,11,Footwear,Trainers,Puresel,Mobile App,FC-South,Regional Freight,false,Changed mind,true,Recovered,1,1,83.39,49.11
R001330,OI0008736,O0004221,C002341,P00065,2024-10-17,2024-10-01,2024-11-15,29,Footwear,Sandals,Ellery & Co,Mobile App,FC-South,Regional Freight,false,Damaged in transit,false,Written off,1,1,94.68,94.68
R001331,OI0008740,O0004224,C002343,P00170,2024-10-21,2024-10-01,2024-10-26,5,Sports & Outdoors,Cycling,Corda,Web,FC-South,Regional Freight,true,Wrong size,true,Recovered,1,1,216.26,95.69
R001332,OI0008745,O0004226,C002344,P00123,2025-03-10,2025-03-01,2025-03-26,16,Home & Kitchen,Lighting,Northvale,Store,Store Pickup,,,Faulty,false,Written off,1,1,135.84,135.84
R001333,OI0008763,O0004233,C002346,P00001,2024-10-18,2024-10-01,2024-11-08,21,Apparel,Dresses,Latitude 54,Web,FC-South,Metro Post,true,Not as described,true,Recovered,1,1,38.97,24.82
R001334,OI0008776,O0004239,C002348,P00076,2025-03-19,2025-03-01,2025-03-27,8,Footwear,Trainers,Puresel,Web,FC-South,Regional Freight,true,Not as described,true,Recovered,2,2,166.78,98.22
R001335,OI0008780,O0004242,C002351,P00048,2024-10-18,2024-10-01,2024-11-03,16,Apparel,Dresses,Latitude 54,Web,FC-South,Regional Freight,true,Arrived too late,true,Recovered,1,1,122.50,66.99
R001336,OI0008789,O0004249,C002356,P00019,2024-10-19,2024-10-01,2024-11-11,23,Apparel,Tops,Brightpath,Mobile App,FC-Central,Regional Freight,true,Damaged in transit,false,Written off,1,1,65.52,65.52
R001337,OI0008795,O0004252,C002358,P00031,2024-10-17,2024-10-01,2024-10-26,9,Apparel,Dresses,Brightpath,Mobile App,FC-North,Regional Freight,false,Wrong size,true,Recovered,1,1,61.82,24.33
R001338,OI0008796,O0004252,C002358,P00019,2024-10-17,2024-10-01,2024-10-28,11,Apparel,Tops,Brightpath,Mobile App,FC-North,Regional Freight,false,Changed mind,true,Recovered,1,1,56.10,26.74
R001339,OI0008798,O0004253,C002359,P00169,2024-10-19,2024-10-01,2024-11-11,23,Beauty,Cosmetics,Ellery & Co,Marketplace,FC-South,Regional Freight,false,Changed mind,true,Recovered,2,2,100.78,54.58
R001340,OI0008799,O0004253,C002359,P00082,2024-10-19,2024-10-01,2024-11-03,15,Electronics,Audio,Puresel,Marketplace,FC-South,Regional Freight,false,Changed mind,true,Recovered,1,1,477.87,99.3
R001341,OI0008805,O0004255,C002361,P00172,2024-10-20,2024-10-01,2024-11-18,29,Sports & Outdoors,Fitness,Ellery & Co,Mobile App,FC-North,Metro Post,true,Not as described,true,Recovered,1,1,93.79,43.09
R001342,OI0008810,O0004258,C002363,P00079,2024-10-18,2024-10-01,2024-11-13,26,Footwear,Sandals,Mokkan,Web,FC-Central,Regional Freight,true,Changed mind,true,Recovered,1,1,67.74,22.97
R001343,OI0008816,O0004261,C002364,P00134,2024-12-20,2024-12-01,2025-01-01,12,Home & Kitchen,Cookware,Brightpath,Web,FC-South,Metro Post,false,Wrong size,true,Recovered,1,1,68.67,27.05
R001344,OI0008825,O0004265,C002366,P00065,2024-10-19,2024-10-01,2024-10-26,7,Footwear,Sandals,Ellery & Co,Mobile App,FC-South,Metro Post,true,Not as described,true,Recovered,1,1,94.68,40.79
R001345,OI0008826,O0004266,C002366,P00032,2024-11-21,2024-11-01,2024-12-09,18,Apparel,Outerwear,Mokkan,Web,FC-South,Regional Freight,true,Not as described,true,Recovered,1,1,34.46,22.06
R001346,OI0008833,O0004268,C002368,P00064,2024-10-23,2024-10-01,2024-10-27,4,Footwear,Boots,Mokkan,Store,Store Pickup,,,Faulty,false,Written off,1,1,93.30,93.3
R001347,OI0008838,O0004270,C002370,P00015,2024-10-19,2024-10-01,2024-11-07,19,Apparel,Tops,Corda,Mobile App,FC-North,Swiftline,true,Changed mind,true,Recovered,1,1,60.56,33.89
R001348,OI0008844,O0004273,C002371,P00031,2024-12-21,2024-12-01,2024-12-29,8,Apparel,Dresses,Brightpath,Web,FC-North,Swiftline,true,Changed mind,true,Recovered,1,1,71.96,34.47
R001349,OI0008845,O0004273,C002371,P00014,2024-12-21,2024-12-01,2024-12-30,9,Apparel,Dresses,Corda,Web,FC-North,Swiftline,true,Changed mind,true,Recovered,1,1,87.12,49.84
R001350,OI0008851,O0004275,C002371,P00041,2025-05-15,2025-05-01,2025-06-16,32,Apparel,Outerwear,Latitude 54,Mobile App,FC-North,Swiftline,true,Faulty,false,Written off,2,2,250.46,250.46
R001351,OI0008853,O0004275,C002371,P00130,2025-05-15,2025-05-01,2025-06-04,20,Home & Kitchen,Cookware,Ellery & Co,Mobile App,FC-North,Swiftline,true,Wrong size,true,Recovered,1,1,128.87,-20.85
R001352,OI0008854,O0004276,C002371,P00141,2025-07-13,2025-07-01,2025-08-06,24,Home & Kitchen,Cookware,Ellery & Co,Web,FC-North,Regional Freight,true,Faulty,false,Written off,1,1,153.69,153.69
R001353,OI0008866,O0004283,C002373,P00054,2025-03-20,2025-03-01,2025-04-13,24,Footwear,Sandals,Mokkan,Mobile App,FC-Central,Regional Freight,true,Not as described,true,Recovered,1,1,53.69,24.18
R001354,OI0008867,O0004284,C002373,P00065,2025-06-08,2025-06-01,2025-06-15,7,Footwear,Sandals,Ellery & Co,Web,FC-Central,Regional Freight,true,Damaged in transit,false,Written off,1,1,94.68,94.68
R001355,OI0008873,O0004288,C002375,P00024,2024-10-21,2024-10-01,2024-10-27,6,Apparel,Outerwear,Brightpath,Web,FC-North,Metro Post,true,Changed mind,true,Recovered,1,1,35.49,19.91
R001356,OI0008890,O0004298,C002380,P00128,2024-12-20,2024-12-01,2024-12-28,8,Home & Kitchen,Bedding,Northvale,Web,FC-South,Metro Post,false,Not as described,true,Recovered,1,1,22.27,9.7
R001357,OI0008892,O0004299,C002381,P00177,2024-10-20,2024-10-01,2024-11-14,25,Sports & Outdoors,Cycling,Latitude 54,Marketplace,FC-North,Swiftline,true,Wrong size,true,Recovered,2,2,552.04,235.02
R001358,OI0008902,O0004303,C002384,P00142,2025-01-15,2025-01-01,2025-02-07,23,Home & Kitchen,Cookware,Northvale,Mobile App,FC-South,Regional Freight,false,Not as described,true,Recovered,1,1,138.70,62.84
R001359,OI0008912,O0004309,C002388,P00063,2024-10-22,2024-10-01,2024-11-08,17,Footwear,Formal,Northvale,Mobile App,FC-Central,Metro Post,true,Arrived too late,true,Recovered,1,1,34.60,17.93
R001360,OI0008913,O0004309,C002388,P00058,2024-10-22,2024-10-01,2024-11-16,25,Footwear,Trainers,Brightpath,Mobile App,FC-Central,Metro Post,true,Faulty,false,Written off,1,1,156.81,156.81
R001361,OI0008915,O0004311,C002388,P00124,2025-04-22,2025-04-01,2025-05-15,23,Home & Kitchen,Bedding,Latitude 54,Web,FC-Central,Regional Freight,true,Changed mind,true,Recovered,1,1,30.80,16.1
R001362,OI0008917,O0004312,C002389,P00159,2024-10-21,2024-10-01,2024-11-16,26,Beauty,Skincare,Latitude 54,Mobile App,FC-Central,Metro Post,true,Not as described,true,Recovered,1,1,13.33,6.74
R001363,OI0008918,O0004313,C002390,P00169,2024-10-25,2024-10-01,2024-11-05,11,Beauty,Cosmetics,Ellery & Co,Mobile App,FC-South,Regional Freight,false,Changed mind,true,Recovered,1,1,50.39,27.29
R001364,OI0008920,O0004314,C002390,P00130,2024-12-04,2024-12-01,2024-12-17,13,Home & Kitchen,Cookware,Ellery & Co,Store,Store Pickup,,,Changed mind,true,Recovered,1,1,125.45,-24.27
R001365,OI0008921,O0004314,C002390,P00054,2024-12-04,2024-12-01,2025-01-01,28,Footwear,Sandals,Mokkan,Store,Store Pickup,,,Not as described,true,Recovered,1,1,59.52,30.01
R001366,OI0008937,O0004322,C002393,P00165,2024-12-16,2024-12-01,2024-12-24,8,Beauty,Haircare,Corda,Store,Store Pickup,,,Changed mind,true,Recovered,1,1,59.82,39.05
R001367,OI0008973,O0004340,C002405,P00031,2024-10-26,2024-10-01,2024-11-08,13,Apparel,Dresses,Brightpath,Web,FC-South,Regional Freight,false,Arrived too late,true,Recovered,1,1,90.94,53.45
R001368,OI0008975,O0004340,C002405,P00078,2024-10-26,2024-10-01,2024-11-25,30,Footwear,Sandals,Corda,Web,FC-South,Regional Freight,false,Arrived too late,true,Recovered,1,1,121.35,60.33
R001369,OI0008976,O0004341,C002406,P00125,2024-10-26,2024-10-01,2024-11-11,16,Home & Kitchen,Lighting,Latitude 54,Mobile App,FC-Central,Regional Freight,true,Changed mind,true,Recovered,2,2,145.37,15.23
R001370,OI0008982,O0004344,C002408,P00051,2024-10-26,2024-10-01,2024-11-02,7,Apparel,Denim,Corda,Mobile App,FC-Central,Regional Freight,true,Not as described,true,Recovered,1,1,35.85,18.31
R001371,OI0008991,O0004348,C002409,P00087,2025-12-08,2025-12-01,2025-12-14,6,Electronics,Audio,Brightpath,Store,Store Pickup,,,Damaged in transit,false,Written off,2,2,874.38,874.38
R001372,OI0009009,O0004357,C002416,P00018,2024-10-25,2024-10-01,2024-11-14,20,Apparel,Denim,Latitude 54,Web,FC-Central,Regional Freight,true,Wrong size,true,Recovered,1,1,39.90,13.57
R001373,OI0009010,O0004357,C002416,P00003,2024-10-25,2024-10-01,2024-11-23,29,Apparel,Outerwear,Northvale,Web,FC-Central,Regional Freight,true,Wrong size,true,Recovered,1,1,32.59,18.9
R001374,OI0009013,O0004358,C002417,P00177,2024-10-27,2024-10-01,2024-11-19,23,Sports & Outdoors,Cycling,Latitude 54,Web,FC-North,Metro Post,true,Wrong size,true,Recovered,2,2,344.42,27.4
R001375,OI0009017,O0004361,C002418,P00112,2024-10-27,2024-10-01,2024-11-04,8,Home & Kitchen,Bedding,Puresel,Mobile App,FC-South,Regional Freight,true,Wrong size,true,Recovered,1,3,172.61,64.82
R001376,OI0009037,O0004369,C002423,P00059,2025-02-12,2025-02-01,2025-03-10,26,Footwear,Trainers,Latitude 54,Web,FC-Central,Metro Post,false,Changed mind,true,Recovered,1,1,107.84,37.8
R001377,OI0009039,O0004370,C002423,P00046,2025-04-23,2025-04-01,2025-04-30,7,Apparel,Dresses,Brightpath,Marketplace,FC-Central,Regional Freight,true,Not as described,true,Recovered,1,1,79.27,28.19
R001378,OI0009047,O0004375,C002426,P00064,2024-10-24,2024-10-01,2024-11-07,14,Footwear,Boots,Mokkan,Mobile App,FC-Central,Regional Freight,true,Changed mind,true,Recovered,1,1,93.30,50.66
R001379,OI0009050,O0004377,C002427,P00018,2024-12-26,2024-12-01,2025-01-04,9,Apparel,Denim,Latitude 54,Mobile App,FC-South,Regional Freight,false,Changed mind,true,Recovered,2,2,124.02,71.36
R001380,OI0009064,O0004384,C002431,P00056,2024-10-27,2024-10-01,2024-11-28,32,Footwear,Sandals,Puresel,Marketplace,FC-South,Regional Freight,true,Faulty,false,Written off,3,3,315.45,315.45
R001381,OI0009076,O0004389,C002435,P00181,2024-10-29,2024-10-01,2024-11-25,27,Sports & Outdoors,Camping,Ellery & Co,Store,Store Pickup,,,Changed mind,true,Recovered,2,2,471.82,205.8
R001382,OI0009094,O0004401,C002441,P00093,2024-10-27,2024-10-01,2024-11-23,27,Electronics,Audio,Puresel,Mobile App,FC-South,Metro Post,false,Wrong size,true,Recovered,1,1,161.57,19.65
R001383,OI0009102,O0004408,C002447,P00066,2024-10-27,2024-10-01,2024-11-08,12,Footwear,Sandals,Puresel,Mobile App,FC-South,Regional Freight,true,Changed mind,true,Recovered,1,1,111.95,63.02
R001384,OI0009103,O0004408,C002447,P00177,2024-10-27,2024-10-01,2024-11-17,21,Sports & Outdoors,Cycling,Latitude 54,Mobile App,FC-South,Regional Freight,true,Not as described,true,Recovered,1,1,276.02,117.51
R001385,OI0009112,O0004414,C002451,P00048,2024-10-27,2024-10-01,2024-11-02,6,Apparel,Dresses,Latitude 54,Mobile App,FC-South,Regional Freight,true,Changed mind,true,Recovered,1,1,122.50,66.99
R001386,OI0009117,O0004415,C002451,P00123,2025-01-31,2025-01-01,2025-02-24,24,Home & Kitchen,Lighting,Northvale,Mobile App,FC-South,Swiftline,true,Faulty,false,Written off,1,1,101.93,101.93
R001387,OI0009124,O0004420,C002455,P00155,2024-12-27,2024-12-01,2025-01-26,30,Beauty,Fragrance,Latitude 54,Mobile App,FC-South,Regional Freight,true,Damaged in transit,false,Written off,2,2,89.84,89.84
R001388,OI0009145,O0004432,C002462,P00062,2025-01-25,2025-01-01,2025-02-04,10,Footwear,Formal,Latitude 54,Web,FC-North,Swiftline,true,Wrong size,true,Recovered,1,1,120.05,68.9
R001389,OI0009146,O0004432,C002462,P00078,2025-01-25,2025-01-01,2025-02-09,15,Footwear,Sandals,Corda,Web,FC-North,Swiftline,true,Wrong size,true,Recovered,1,1,85.48,24.46
R001390,OI0009152,O0004436,C002462,P00062,2025-07-06,2025-07-01,2025-07-13,7,Footwear,Formal,Latitude 54,Web,FC-North,Metro Post,true,Changed mind,true,Recovered,1,1,91.81,40.66
R001391,OI0009159,O0004439,C002464,P00019,2024-10-28,2024-10-01,2024-11-29,32,Apparel,Tops,Brightpath,Marketplace,FC-South,Regional Freight,false,Arrived too late,true,Recovered,1,1,49.40,20.04
R001392,OI0009164,O0004441,C002465,P00123,2024-10-28,2024-10-01,2024-11-12,15,Home & Kitchen,Lighting,Northvale,Web,FC-Central,Swiftline,true,Arrived too late,true,Recovered,1,1,135.84,51.49
R001393,OI0009169,O0004444,C002466,P00012,2025-04-05,2025-04-01,2025-04-15,10,Apparel,Knitwear,Mokkan,Web,FC-South,Regional Freight,true,Changed mind,true,Recovered,1,1,88.93,48.74
R001394,OI0009225,O0004474,C002484,P00108,2024-11-02,2024-11-01,2024-11-21,19,Electronics,Audio,Ellery & Co,Web,FC-North,Swiftline,true,Wrong size,true,Recovered,1,1,91.14,-8.97
R001395,OI0009226,O0004474,C002484,P00169,2024-11-02,2024-11-01,2024-11-24,22,Beauty,Cosmetics,Ellery & Co,Web,FC-North,Swiftline,true,Changed mind,true,Recovered,1,1,44.54,21.44
R001396,OI0009230,O0004477,C002486,P00028,2024-10-30,2024-10-01,2024-11-29,30,Apparel,Dresses,Mokkan,Web,FC-Central,Metro Post,false,Not as described,true,Recovered,1,1,28.17,16.43
R001397,OI0009237,O0004481,C002488,P00036,2024-12-01,2024-12-01,2025-01-01,31,Apparel,Dresses,Latitude 54,Web,FC-Central,Regional Freight,false,Arrived too late,true,Recovered,1,1,67.23,43.24
R001398,OI0009238,O0004481,C002488,P00043,2024-12-01,2024-12-01,2025-01-01,31,Apparel,Denim,Puresel,Web,FC-Central,Regional Freight,false,Changed mind,true,Recovered,1,1,107.20,69.39
R001399,OI0009239,O0004482,C002488,P00018,2025-01-21,2025-01-01,2025-02-21,31,Apparel,Denim,Latitude 54,Mobile App,FC-Central,Swiftline,true,Faulty,false,Written off,1,1,30.45,30.45
R001400,OI0009240,O0004482,C002488,P00015,2025-01-21,2025-01-01,2025-02-16,26,Apparel,Tops,Corda,Mobile App,FC-Central,Swiftline,true,Wrong size,true,Recovered,1,1,46.39,19.72
R001401,OI0009241,O0004482,C002488,P00187,2025-01-21,2025-01-01,2025-02-15,25,Sports & Outdoors,Camping,Puresel,Mobile App,FC-Central,Swiftline,true,Wrong size,true,Recovered,1,2,164.80,60.13
R001402,OI0009247,O0004485,C002490,P00069,2024-11-23,2024-11-01,2024-12-11,18,Footwear,Sandals,Brightpath,Mobile App,FC-South,Regional Freight,false,Not as described,true,Recovered,1,1,148.15,87.94
R001403,OI0009249,O0004486,C002490,P00073,2025-01-11,2025-01-01,2025-01-29,18,Footwear,Boots,Brightpath,Mobile App,FC-South,Metro Post,true,Wrong size,true,Recovered,1,1,79.76,41.34
R001404,OI0009250,O0004486,C002490,P00077,2025-01-11,2025-01-01,2025-02-08,28,Footwear,Boots,Ellery & Co,Mobile App,FC-South,Metro Post,true,Changed mind,true,Recovered,1,1,105.21,64.29
R001405,OI0009253,O0004487,C002490,P00078,2025-02-19,2025-02-01,2025-03-19,28,Footwear,Sandals,Corda,Mobile App,FC-South,Regional Freight,true,Changed mind,true,Recovered,1,1,128.93,67.91
R001406,OI0009254,O0004488,C002490,P00056,2025-04-13,2025-04-01,2025-05-09,26,Footwear,Sandals,Puresel,Web,FC-South,Regional Freight,true,Damaged in transit,false,Written off,1,1,105.15,105.15
R001407,OI0009259,O0004489,C002490,P00107,2025-05-20,2025-05-01,2025-06-21,32,Electronics,Wearables,Corda,Web,FC-South,Swiftline,true,Not as described,true,Recovered,1,1,79.21,-17.65
R001408,OI0009274,O0004495,C002493,P00160,2024-11-02,2024-11-01,2024-11-12,10,Beauty,Fragrance,Puresel,Web,FC-North,Swiftline,true,Damaged in transit,false,Written off,1,1,49.29,49.29
R001409,OI0009277,O0004497,C002493,P00151,2025-01-27,2025-01-01,2025-02-15,19,Beauty,Skincare,Brightpath,Store,Store Pickup,,,Changed mind,true,Recovered,1,1,57.14,35.24
R001410,OI0009278,O0004498,C002493,P00013,2025-06-07,2025-06-01,2025-07-01,24,Apparel,Dresses,Ellery & Co,Store,Store Pickup,,,Not as described,true,Recovered,1,1,66.51,41.87
R001411,OI0009282,O0004500,C002494,P00187,2025-02-03,2025-02-01,2025-02-17,14,Sports & Outdoors,Camping,Puresel,Store,Store Pickup,,,Changed mind,true,Recovered,1,1,164.80,60.13
R001412,OI0009284,O0004501,C002494,P00073,2025-03-12,2025-03-01,2025-03-27,15,Footwear,Boots,Brightpath,Marketplace,FC-North,Swiftline,true,Wrong size,true,Recovered,1,1,69.52,31.1
R001413,OI0009288,O0004504,C002494,P00073,2026-02-08,2026-02-01,2026-02-22,14,Footwear,Boots,Brightpath,Web,FC-North,Metro Post,true,Not as described,true,Recovered,1,1,75.99,37.57
R001414,OI0009297,O0004508,C002496,P00077,2025-01-27,2025-01-01,2025-02-20,24,Footwear,Boots,Ellery & Co,Mobile App,FC-South,Metro Post,true,Damaged in transit,false,Written off,1,1,105.21,105.21
R001415,OI0009304,O0004510,C002498,P00036,2024-11-02,2024-11-01,2024-11-27,25,Apparel,Dresses,Latitude 54,Marketplace,FC-Central,Regional Freight,true,Faulty,false,Written off,1,1,30.25,30.25
R001416,OI0009311,O0004515,C002503,P00180,2024-11-04,2024-11-01,2024-11-16,12,Sports & Outdoors,Fitness,Brightpath,Marketplace,FC-North,Swiftline,true,Not as described,true,Recovered,1,1,219.47,90.77
R001417,OI0009316,O0004516,C002504,P00088,2024-11-01,2024-11-01,2024-11-27,26,Electronics,Audio,Mokkan,Mobile App,FC-South,Regional Freight,true,Changed mind,true,Recovered,1,1,384.21,84.94
R001418,OI0009318,O0004518,C002505,P00141,2025-01-24,2025-01-01,2025-02-21,28,Home & Kitchen,Cookware,Ellery & Co,Store,Store Pickup,,,Wrong size,true,Recovered,1,1,169.49,64.63
R001419,OI0009326,O0004521,C002507,P00025,2024-11-05,2024-11-01,2024-11-27,22,Apparel,Outerwear,Corda,Web,FC-North,Swiftline,true,Damaged in transit,false,Written off,1,1,90.59,90.59
R001420,OI0009329,O0004523,C002509,P00128,2024-11-04,2024-11-01,2024-11-14,10,Home & Kitchen,Bedding,Northvale,Store,Store Pickup,,,Wrong size,true,Recovered,1,1,22.27,9.7
R001421,OI0009332,O0004525,C002511,P00029,2024-11-02,2024-11-01,2024-11-08,6,Apparel,Knitwear,Puresel,Store,Store Pickup,,,Changed mind,true,Recovered,1,1,116.07,69.8
R001422,OI0009335,O0004526,C002512,P00055,2024-11-05,2024-11-01,2024-12-10,35,Footwear,Trainers,Ellery & Co,Marketplace,FC-South,Regional Freight,false,Damaged in transit,false,Written off,1,2,40.68,40.68
R001423,OI0009343,O0004529,C002514,P00140,2025-04-06,2025-04-01,2025-04-16,10,Home & Kitchen,Lighting,Brightpath,Mobile App,FC-South,Regional Freight,false,Damaged in transit,false,Written off,1,1,38.75,38.75
R001424,OI0009345,O0004530,C002515,P00036,2024-11-03,2024-11-01,2024-11-28,25,Apparel,Dresses,Latitude 54,Web,FC-South,Regional Freight,true,Faulty,false,Written off,3,3,143.89,143.89
R001425,OI0009363,O0004539,C002520,P00178,2024-11-02,2024-11-01,2024-11-22,20,Sports & Outdoors,Fitness,Corda,Web,FC-Central,Swiftline,false,Damaged in transit,false,Written off,1,1,172.90,172.9
R001426,OI0009364,O0004539,C002520,P00138,2024-11-02,2024-11-01,2024-11-17,15,Home & Kitchen,Bedding,Ellery & Co,Web,FC-Central,Swiftline,false,Arrived too late,true,Recovered,4,4,209.30,16.5
R001427,OI0009370,O0004541,C002521,P00042,2024-12-06,2024-12-01,2024-12-21,15,Apparel,Knitwear,Latitude 54,Mobile App,FC-North,Metro Post,true,Not as described,true,Recovered,1,1,85.37,45.35
R001428,OI0009376,O0004545,C002525,P00018,2024-11-03,2024-11-01,2024-11-30,27,Apparel,Denim,Latitude 54,Mobile App,FC-North,Swiftline,true,Wrong size,true,Recovered,2,2,80.66,28.0
R001429,OI0009378,O0004546,C002526,P00136,2024-11-04,2024-11-01,2024-11-29,25,Home & Kitchen,Cookware,Latitude 54,Store,Store Pickup,,,Faulty,false,Written off,2,2,59.18,59.18
R001430,OI0009394,O0004555,C002531,P00051,2024-11-06,2024-11-01,2024-11-15,9,Apparel,Denim,Corda,Web,FC-South,Regional Freight,true,Wrong size,true,Recovered,1,1,43.18,25.64
R001431,OI0009399,O0004558,C002533,P00060,2024-11-07,2024-11-01,2024-11-20,13,Footwear,Formal,Corda,Marketplace,FC-Central,Metro Post,true,Wrong size,true,Recovered,1,1,139.31,73.37
R001432,OI0009400,O0004558,C002533,P00004,2024-11-07,2024-11-01,2024-11-14,7,Apparel,Knitwear,Puresel,Marketplace,FC-Central,Metro Post,true,Not as described,true,Recovered,1,1,33.94,19.96
R001433,OI0009403,O0004560,C002533,P00037,2025-02-20,2025-02-01,2025-02-28,8,Apparel,Tops,Brightpath,Marketplace,FC-Central,Metro Post,false,Arrived too late,true,Recovered,1,1,116.64,66.03
R001434,OI0009404,O0004560,C002533,P00034,2025-02-20,2025-02-01,2025-03-18,26,Apparel,Dresses,Latitude 54,Marketplace,FC-Central,Metro Post,false,Arrived too late,true,Recovered,1,1,24.81,3.19
R001435,OI0009411,O0004563,C002536,P00118,2024-11-05,2024-11-01,2024-12-04,29,Home & Kitchen,Tableware,Ellery & Co,Web,FC-North,Metro Post,true,Damaged in transit,false,Written off,1,1,26.40,26.4
R001436,OI0009425,O0004571,C002541,P00009,2024-11-08,2024-11-01,2024-12-05,27,Apparel,Outerwear,Mokkan,Marketplace,FC-South,Regional Freight,false,Wrong size,true,Recovered,1,1,53.09,21.93
R001437,OI0009428,O0004571,C002541,P00098,2024-11-08,2024-11-01,2024-11-30,22,Electronics,Audio,Brightpath,Marketplace,FC-South,Regional Freight,false,Wrong size,true,Recovered,1,1,126.60,21.07
R001438,OI0009440,O0004576,C002542,P00007,2025-04-08,2025-04-01,2025-04-27,19,Apparel,Denim,Northvale,Marketplace,FC-South,Swiftline,true,Wrong size,true,Recovered,1,1,100.28,53.06
R001439,OI0009450,O0004579,C002545,P00022,2024-11-09,2024-11-01,2024-11-17,8,Apparel,Knitwear,Northvale,Marketplace,FC-South,Regional Freight,false,Arrived too late,true,Recovered,1,1,40.61,25.92
R001440,OI0009452,O0004580,C002546,P00097,2024-11-09,2024-11-01,2024-12-05,26,Electronics,Audio,Corda,Marketplace,FC-North,Swiftline,true,Changed mind,true,Recovered,4,4,875.86,-9.22
R001441,OI0009457,O0004582,C002547,P00181,2024-11-06,2024-11-01,2024-11-21,15,Sports & Outdoors,Camping,Ellery & Co,Mobile App,FC-Central,Regional Freight,true,Not as described,true,Recovered,1,1,144.35,11.34
R001442,OI0009476,O0004590,C002551,P00085,2025-01-10,2025-01-01,2025-01-30,20,Electronics,Wearables,Ellery & Co,Mobile App,FC-North,Metro Post,true,Wrong size,true,Recovered,2,2,182.67,-110.19
R001443,OI0009479,O0004592,C002551,P00021,2025-05-18,2025-05-01,2025-06-10,23,Apparel,Denim,Northvale,Mobile App,FC-North,Regional Freight,true,Faulty,false,Written off,1,1,52.72,52.72
R001444,OI0009494,O0004599,C002555,P00120,2024-11-08,2024-11-01,2024-11-26,18,Home & Kitchen,Lighting,Northvale,Mobile App,FC-South,Metro Post,true,Not as described,true,Recovered,1,1,85.26,27.95
R001445,OI0009499,O0004601,C002556,P00071,2024-11-06,2024-11-01,2024-12-01,25,Footwear,Boots,Puresel,Web,FC-North,Swiftline,true,Changed mind,true,Recovered,1,1,122.76,66.8
R001446,OI0009503,O0004602,C002557,P00039,2024-11-07,2024-11-01,2024-12-05,28,Apparel,Outerwear,Latitude 54,Mobile App,FC-Central,Metro Post,true,Wrong size,true,Recovered,1,1,22.37,10.99
R001447,OI0009505,O0004602,C002557,P00008,2024-11-07,2024-11-01,2024-11-14,7,Apparel,Tops,Brightpath,Mobile App,FC-Central,Metro Post,true,Changed mind,true,Recovered,1,1,50.78,20.85
R001448,OI0009529,O0004613,C002565,P00048,2024-12-31,2024-12-01,2025-01-09,9,Apparel,Dresses,Latitude 54,Store,Store Pickup,,,Wrong size,true,Recovered,1,1,122.50,66.99
R001449,OI0009531,O0004614,C002566,P00186,2024-11-09,2024-11-01,2024-12-16,37,Sports & Outdoors,Fitness,Latitude 54,Mobile App,FC-South,Regional Freight,false,Changed mind,true,Recovered,1,1,272.93,134.61
R001450,OI0009544,O0004620,C002570,P00029,2025-03-18,2025-03-01,2025-03-26,8,Apparel,Knitwear,Puresel,Web,FC-North,Swiftline,true,Faulty,false,Written off,1,1,116.07,116.07
R001451,OI0009546,O0004622,C002570,P00004,2025-08-21,2025-08-01,2025-08-30,9,Apparel,Knitwear,Puresel,Mobile App,FC-North,Swiftline,true,Not as described,true,Recovered,1,1,31.54,17.56
R001452,OI0009550,O0004624,C002571,P00054,2024-12-03,2024-12-01,2024-12-27,24,Footwear,Sandals,Mokkan,Mobile App,FC-North,Swiftline,true,Not as described,true,Recovered,1,1,38.98,9.47
R001453,OI0009556,O0004628,C002572,P00054,2025-05-03,2025-05-01,2025-05-18,15,Footwear,Sandals,Mokkan,Marketplace,FC-North,Regional Freight,false,Wrong size,true,Recovered,1,1,41.52,12.01
R001454,OI0009558,O0004629,C002572,P00176,2025-06-30,2025-06-01,2025-07-30,30,Sports & Outdoors,Cycling,Ellery & Co,Mobile App,FC-North,Swiftline,true,Faulty,false,Written off,1,1,169.90,169.9
R001455,OI0009560,O0004630,C002572,P00178,2025-07-12,2025-07-01,2025-07-23,11,Sports & Outdoors,Fitness,Corda,Mobile App,FC-North,Swiftline,false,Arrived too late,true,Recovered,1,1,226.66,118.39
R001456,OI0009561,O0004631,C002573,P00021,2024-11-07,2024-11-01,2024-11-22,15,Apparel,Denim,Northvale,Web,FC-Central,Regional Freight,false,Changed mind,true,Recovered,1,1,52.72,31.56
R001457,OI0009570,O0004635,C002575,P00054,2025-01-08,2025-01-01,2025-01-30,22,Footwear,Sandals,Mokkan,Mobile App,FC-South,Regional Freight,true,Arrived too late,true,Recovered,1,1,59.52,30.01
R001458,OI0009573,O0004637,C002576,P00171,2024-11-09,2024-11-01,2024-12-03,24,Sports & Outdoors,Cycling,Ellery & Co,Mobile App,FC-South,Regional Freight,false,Changed mind,true,Recovered,1,1,68.19,26.07
R001459,OI0009579,O0004639,C002576,P00048,2025-01-16,2025-01-01,2025-01-28,12,Apparel,Dresses,Latitude 54,Web,FC-South,Swiftline,true,Wrong size,true,Recovered,1,1,122.50,66.99
R001460,OI0009581,O0004641,C002577,P00096,2024-11-07,2024-11-01,2024-12-07,30,Electronics,Accessories,Mokkan,Web,FC-South,Swiftline,true,Changed mind,true,Recovered,1,2,448.18,43.2
R001461,OI0009586,O0004645,C002578,P00043,2024-11-09,2024-11-01,2024-12-10,31,Apparel,Denim,Puresel,Mobile App,FC-North,Metro Post,true,Wrong size,true,Recovered,1,1,107.20,69.39
R001462,OI0009587,O0004646,C002579,P00127,2024-11-10,2024-11-01,2024-11-22,12,Home & Kitchen,Cookware,Latitude 54,Web,FC-Central,Metro Post,true,Wrong size,true,Recovered,1,1,194.09,77.14
R001463,OI0009590,O0004647,C002579,P00100,2024-12-13,2024-12-01,2025-01-12,30,Electronics,Accessories,Latitude 54,Web,FC-Central,Swiftline,true,Wrong size,true,Recovered,3,3,1118.74,124.27
R001464,OI0009593,O0004648,C002579,P00056,2025-02-06,2025-02-01,2025-02-20,14,Footwear,Sandals,Puresel,Web,FC-Central,Metro Post,false,Wrong size,true,Recovered,1,1,82.88,38.01
R001465,OI0009594,O0004648,C002579,P00019,2025-02-06,2025-02-01,2025-03-08,30,Apparel,Tops,Brightpath,Web,FC-Central,Metro Post,false,Arrived too late,true,Recovered,1,2,65.52,36.16
R001466,OI0009600,O0004650,C002580,P00023,2024-11-08,2024-11-01,2024-11-28,20,Apparel,Tops,Latitude 54,Mobile App,FC-North,Swiftline,true,Changed mind,true,Recovered,1,1,49.85,32.11
R001467,OI0009609,O0004657,C002583,P00027,2025-07-31,2025-07-01,2025-08-17,17,Apparel,Outerwear,Mokkan,Web,FC-South,Regional Freight,true,Changed mind,true,Recovered,1,1,23.01,9.69
R001468,OI0009617,O0004658,C002584,P00046,2024-11-08,2024-11-01,2024-12-06,28,Apparel,Dresses,Brightpath,Marketplace,FC-Central,Metro Post,true,Wrong size,true,Recovered,1,1,117.17,66.09
R001469,OI0009631,O0004665,C002586,P00039,2024-11-10,2024-11-01,2024-12-01,21,Apparel,Outerwear,Latitude 54,Mobile App,FC-South,Swiftline,true,Wrong size,true,Recovered,3,3,76.68,42.54
R001470,OI0009632,O0004665,C002586,P00057,2024-11-10,2024-11-01,2024-11-29,19,Footwear,Trainers,Puresel,Mobile App,FC-South,Swiftline,true,Damaged in transit,false,Written off,1,1,53.48,53.48
R001471,OI0009640,O0004669,C002588,P00032,2024-12-24,2024-12-01,2025-01-07,14,Apparel,Outerwear,Mokkan,Marketplace,FC-South,Metro Post,true,Faulty,false,Written off,2,2,68.92,68.92
R001472,OI0009642,O0004669,C002588,P00032,2024-12-24,2024-12-01,2025-01-13,20,Apparel,Outerwear,Mokkan,Marketplace,FC-South,Metro Post,true,Faulty,false,Written off,1,1,34.46,34.46
R001473,OI0009658,O0004676,C002590,P00063,2024-12-18,2024-12-01,2025-01-14,27,Footwear,Formal,Northvale,Web,FC-South,Metro Post,false,Wrong size,true,Recovered,2,2,63.42,30.08
R001474,OI0009659,O0004676,C002590,P00063,2024-12-18,2024-12-01,2024-12-29,11,Footwear,Formal,Northvale,Web,FC-South,Metro Post,false,Damaged in transit,false,Written off,2,2,73.06,73.06
R001475,OI0009660,O0004677,C002591,P00114,2024-11-08,2024-11-01,2024-12-09,31,Home & Kitchen,Bedding,Puresel,Mobile App,FC-Central,Regional Freight,false,Wrong size,true,Recovered,1,1,111.53,42.98
R001476,OI0009675,O0004687,C002600,P00014,2024-11-13,2024-11-01,2024-12-16,33,Apparel,Dresses,Corda,Web,FC-South,Regional Freight,true,Wrong size,true,Recovered,1,1,87.12,49.84
R001477,OI0009680,O0004689,C002602,P00062,2024-11-09,2024-11-01,2024-11-26,17,Footwear,Formal,Latitude 54,Marketplace,FC-South,Metro Post,false,Arrived too late,true,Recovered,1,1,99.40,48.25
R001478,OI0009692,O0004694,C002606,P00171,2024-11-12,2024-11-01,2024-12-01,19,Sports & Outdoors,Cycling,Ellery & Co,Web,FC-South,Regional Freight,true,Wrong size,true,Recovered,1,1,68.19,26.07
R001479,OI0009693,O0004695,C002607,P00135,2024-11-13,2024-11-01,2024-11-29,16,Home & Kitchen,Bedding,Ellery & Co,Web,FC-South,Swiftline,false,Not as described,true,Recovered,2,2,280.70,106.12
R001480,OI0009697,O0004696,C002608,P00040,2024-11-14,2024-11-01,2024-11-20,6,Apparel,Tops,Puresel,Web,FC-Central,Metro Post,true,Wrong size,true,Recovered,1,1,62.97,22.0
R001481,OI0009718,O0004706,C002614,P00006,2024-11-10,2024-11-01,2024-12-11,31,Apparel,Denim,Puresel,Marketplace,FC-South,Regional Freight,false,Arrived too late,true,Recovered,2,2,62.88,39.12
R001482,OI0009736,O0004716,C002617,P00013,2024-11-14,2024-11-01,2024-12-16,32,Apparel,Dresses,Ellery & Co,Mobile App,FC-Central,Metro Post,true,Changed mind,true,Recovered,2,2,133.02,83.74
R001483,OI0009739,O0004717,C002618,P00115,2024-11-13,2024-11-01,2024-11-21,8,Home & Kitchen,Lighting,Puresel,Marketplace,FC-South,Metro Post,true,Changed mind,true,Recovered,1,1,90.76,20.13
R001484,OI0009747,O0004720,C002620,P00025,2025-10-05,2025-10-01,2025-10-27,22,Apparel,Outerwear,Corda,Web,FC-North,Metro Post,true,Not as described,true,Recovered,1,1,125.88,76.98
R001485,OI0009750,O0004720,C002620,P00065,2025-10-05,2025-10-01,2025-10-11,6,Footwear,Sandals,Ellery & Co,Web,FC-North,Metro Post,true,Arrived too late,true,Recovered,1,1,72.27,18.38
R001486,OI0009752,O0004722,C002622,P00014,2024-11-10,2024-11-01,2024-12-11,31,Apparel,Dresses,Corda,Web,FC-South,Metro Post,true,Not as described,true,Recovered,1,1,87.12,49.84
R001487,OI0009761,O0004726,C002624,P00070,2025-01-03,2025-01-01,2025-01-30,27,Footwear,Boots,Latitude 54,Mobile App,FC-North,Swiftline,true,Changed mind,true,Recovered,1,1,65.65,25.3
R001488,OI0009762,O0004726,C002624,P00029,2025-01-03,2025-01-01,2025-01-20,17,Apparel,Knitwear,Puresel,Mobile App,FC-North,Swiftline,true,Wrong size,true,Recovered,1,1,116.07,69.8
R001489,OI0009766,O0004727,C002624,P00055,2025-05-03,2025-05-01,2025-06-02,30,Footwear,Trainers,Ellery & Co,Mobile App,FC-North,Metro Post,true,Arrived too late,true,Recovered,1,1,36.61,17.47
R001490,OI0009767,O0004728,C002625,P00122,2024-11-11,2024-11-01,2024-11-27,16,Home & Kitchen,Cookware,Ellery & Co,Store,Store Pickup,,,Arrived too late,true,Recovered,1,1,54.16,22.59
R001491,OI0009769,O0004730,C002627,P00011,2024-11-11,2024-11-01,2024-12-03,22,Apparel,Outerwear,Northvale,Marketplace,FC-North,Swiftline,true,Faulty,false,Written off,1,1,133.12,133.12
R001492,OI0009773,O0004734,C002629,P00022,2024-12-22,2024-12-01,2025-01-19,28,Apparel,Knitwear,Northvale,Store,Store Pickup,,,Damaged in transit,false,Written off,1,1,40.61,40.61
R001493,OI0009784,O0004741,C002631,P00127,2025-07-09,2025-07-01,2025-07-26,17,Home & Kitchen,Cookware,Latitude 54,Store,Store Pickup,,,Damaged in transit,false,Written off,1,1,194.09,194.09
R001494,OI0009787,O0004743,C002633,P00172,2024-11-14,2024-11-01,2024-12-07,23,Sports & Outdoors,Fitness,Ellery & Co,Mobile App,FC-Central,Metro Post,true,Wrong size,true,Recovered,1,1,70.05,19.35
R001495,OI0009798,O0004746,C002634,P00045,2024-11-13,2024-11-01,2024-12-03,20,Apparel,Knitwear,Puresel,Mobile App,FC-Central,Metro Post,true,Not as described,true,Recovered,1,1,70.92,41.49
R001496,OI0009802,O0004748,C002634,P00026,2025-03-17,2025-03-01,2025-03-30,13,Apparel,Dresses,Corda,Web,FC-Central,Swiftline,true,Changed mind,true,Recovered,1,1,34.19,16.49
R001497,OI0009806,O0004751,C002636,P00172,2024-11-13,2024-11-01,2024-11-23,10,Sports & Outdoors,Fitness,Ellery & Co,Marketplace,FC-North,Metro Post,true,Wrong size,true,Recovered,1,1,93.79,43.09
R001498,OI0009807,O0004751,C002636,P00064,2024-11-13,2024-11-01,2024-11-23,10,Footwear,Boots,Mokkan,Marketplace,FC-North,Metro Post,true,Arrived too late,true,Recovered,1,2,93.30,50.66
R001499,OI0009816,O0004755,C002638,P00010,2024-11-14,2024-11-01,2024-11-26,12,Apparel,Denim,Puresel,Mobile App,FC-South,Swiftline,true,Faulty,false,Written off,1,1,28.00,28.0
R001500,OI0009817,O0004755,C002638,P00012,2024-11-14,2024-11-01,2024-12-07,23,Apparel,Knitwear,Mokkan,Mobile App,FC-South,Swiftline,true,Damaged in transit,false,Written off,1,2,88.93,88.93
R001501,OI0009819,O0004757,C002639,P00134,2025-01-23,2025-01-01,2025-02-08,16,Home & Kitchen,Cookware,Brightpath,Mobile App,FC-North,Swiftline,true,Changed mind,true,Recovered,1,1,52.99,11.37
R001502,OI0009824,O0004761,C002642,P00179,2024-11-14,2024-11-01,2024-11-29,15,Sports & Outdoors,Fitness,Mokkan,Web,FC-Central,Regional Freight,true,Wrong size,true,Recovered,2,2,70.13,8.67
R001503,OI0009848,O0004771,C002647,P00031,2025-12-01,2025-12-01,2025-12-29,28,Apparel,Dresses,Brightpath,Store,Store Pickup,,,Arrived too late,true,Recovered,1,1,90.94,53.45
R001504,OI0009849,O0004771,C002647,P00046,2025-12-01,2025-12-01,2025-12-24,23,Apparel,Dresses,Brightpath,Store,Store Pickup,,,Damaged in transit,false,Written off,1,1,117.17,117.17
R001505,OI0009851,O0004772,C002648,P00054,2024-11-15,2024-11-01,2024-11-22,7,Footwear,Sandals,Mokkan,Web,FC-Central,Metro Post,true,Changed mind,true,Recovered,1,1,29.05,-0.46
R001506,OI0009853,O0004773,C002649,P00025,2024-11-13,2024-11-01,2024-11-20,7,Apparel,Outerwear,Corda,Marketplace,FC-North,Swiftline,true,Faulty,false,Written off,1,1,125.94,125.94
R001507,OI0009866,O0004777,C002650,P00058,2024-11-13,2024-11-01,2024-11-25,12,Footwear,Trainers,Brightpath,Store,Store Pickup,,,Faulty,false,Written off,1,2,156.81,156.81
R001508,OI0009870,O0004778,C002651,P00168,2024-11-15,2024-11-01,2024-11-18,3,Beauty,Fragrance,Puresel,Store,Store Pickup,,,Wrong size,true,Recovered,1,1,43.31,19.15
R001509,OI0009875,O0004780,C002653,P00117,2024-11-13,2024-11-01,2024-11-24,11,Home & Kitchen,Bedding,Ellery & Co,Store,Store Pickup,,,Wrong size,true,Recovered,1,1,134.40,55.77
R001510,OI0009879,O0004783,C002655,P00029,2025-03-30,2025-03-01,2025-04-08,9,Apparel,Knitwear,Puresel,Marketplace,FC-South,Metro Post,true,Faulty,false,Written off,1,1,116.07,116.07
R001511,OI0009899,O0004790,C002659,P00076,2024-12-26,2024-12-01,2025-01-02,7,Footwear,Trainers,Puresel,Mobile App,FC-Central,Regional Freight,true,Wrong size,true,Recovered,1,1,37.53,3.25
R001512,OI0009907,O0004793,C002660,P00067,2024-11-15,2024-11-01,2024-12-04,19,Footwear,Sandals,Corda,Mobile App,FC-Central,Swiftline,true,Arrived too late,true,Recovered,1,1,78.15,46.73
R001513,OI0009911,O0004793,C002660,P00170,2024-11-15,2024-11-01,2024-12-11,26,Sports & Outdoors,Cycling,Corda,Mobile App,FC-Central,Swiftline,true,Wrong size,true,Recovered,1,2,165.96,45.39
R001514,OI0009928,O0004802,C002666,P00151,2024-11-14,2024-11-01,2024-12-03,19,Beauty,Skincare,Brightpath,Mobile App,FC-North,Metro Post,true,Changed mind,true,Recovered,2,2,53.43,9.63
R001515,OI0009931,O0004803,C002666,P00046,2025-01-10,2025-01-01,2025-02-07,28,Apparel,Dresses,Brightpath,Web,FC-North,Metro Post,true,Wrong size,true,Recovered,1,1,117.17,66.09
R001516,OI0009936,O0004805,C002668,P00078,2024-11-15,2024-11-01,2024-12-01,16,Footwear,Sandals,Corda,Store,Store Pickup,,,Changed mind,true,Recovered,1,1,128.93,67.91
R001517,OI0009947,O0004810,C002671,P00130,2024-11-14,2024-11-01,2024-12-09,25,Home & Kitchen,Cookware,Ellery & Co,Marketplace,FC-South,Metro Post,true,Changed mind,true,Recovered,2,2,412.38,112.94
R001518,OI0009961,O0004818,C002677,P00106,2025-01-02,2025-01-01,2025-01-19,17,Electronics,Accessories,Ellery & Co,Web,FC-Central,Regional Freight,true,Faulty,false,Written off,1,1,104.67,104.67
R001519,OI0009964,O0004820,C002679,P00029,2024-11-18,2024-11-01,2024-11-28,10,Apparel,Knitwear,Puresel,Mobile App,FC-South,Regional Freight,true,Damaged in transit,false,Written off,1,3,52.23,52.23
R001520,OI0009968,O0004820,C002679,P00053,2024-11-18,2024-11-01,2024-12-12,24,Apparel,Tops,Latitude 54,Mobile App,FC-South,Regional Freight,true,Damaged in transit,false,Written off,1,1,78.52,78.52
R001521,OI0009971,O0004822,C002681,P00120,2024-11-15,2024-11-01,2024-11-20,5,Home & Kitchen,Lighting,Northvale,Web,FC-Central,Regional Freight,true,Damaged in transit,false,Written off,1,1,97.95,97.95
R001522,OI0009972,O0004822,C002681,P00059,2024-11-15,2024-11-01,2024-12-10,25,Footwear,Trainers,Latitude 54,Web,FC-Central,Regional Freight,true,Faulty,false,Written off,1,1,58.47,58.47
R001523,OI0009978,O0004826,C002683,P00024,2025-03-21,2025-03-01,2025-04-11,21,Apparel,Outerwear,Brightpath,Mobile App,FC-South,Regional Freight,true,Changed mind,true,Recovered,1,1,35.23,19.65
R001524,OI0009984,O0004829,C002685,P00175,2024-12-02,2024-12-01,2024-12-30,28,Sports & Outdoors,Camping,Ellery & Co,Mobile App,FC-North,Swiftline,true,Wrong size,true,Recovered,1,2,161.38,33.15
R001525,OI0009987,O0004832,C002687,P00138,2024-11-16,2024-11-01,2024-12-18,32,Home & Kitchen,Bedding,Ellery & Co,Marketplace,FC-North,Metro Post,false,Wrong size,true,Recovered,1,1,76.21,28.01
R001526,OI0009998,O0004835,C002690,P00060,2024-11-17,2024-11-01,2024-12-15,28,Footwear,Formal,Corda,Mobile App,FC-South,Swiftline,true,Changed mind,true,Recovered,1,1,110.78,44.84
R001527,OI0010008,O0004839,C002693,P00063,2024-11-15,2024-11-01,2024-11-24,9,Footwear,Formal,Northvale,Web,FC-South,Regional Freight,false,Arrived too late,true,Recovered,1,1,25.91,9.24
R001528,OI0010022,O0004844,C002695,P00080,2024-11-18,2024-11-01,2024-12-17,29,Footwear,Sandals,Ellery & Co,Mobile App,FC-South,Metro Post,true,Not as described,true,Recovered,3,3,149.31,79.41
R001529,OI0010025,O0004845,C002696,P00027,2024-11-19,2024-11-01,2024-12-11,22,Apparel,Outerwear,Mokkan,Web,FC-North,Swiftline,true,Changed mind,true,Recovered,1,1,31.13,17.81
R001530,OI0010026,O0004846,C002696,P00011,2025-01-03,2025-01-01,2025-01-11,8,Apparel,Outerwear,Northvale,Store,Store Pickup,,,Changed mind,true,Recovered,1,1,133.12,81.92
R001531,OI0010028,O0004847,C002697,P00046,2024-11-18,2024-11-01,2024-12-21,33,Apparel,Dresses,Brightpath,Web,FC-South,Metro Post,false,Faulty,false,Written off,1,3,117.17,117.17
R001532,OI0010033,O0004851,C002698,P00158,2025-09-17,2025-09-01,2025-09-24,7,Beauty,Cosmetics,Latitude 54,Mobile App,FC-North,Metro Post,true,Damaged in transit,false,Written off,1,1,70.58,70.58
R001533,OI0010034,O0004852,C002699,P00169,2024-11-19,2024-11-01,2024-12-14,25,Beauty,Cosmetics,Ellery & Co,Mobile App,FC-Central,Metro Post,true,Wrong size,true,Recovered,1,1,36.12,13.02
R001534,OI0010049,O0004859,C002704,P00040,2024-11-17,2024-11-01,2024-11-22,5,Apparel,Tops,Puresel,Marketplace,FC-South,Regional Freight,true,Changed mind,true,Recovered,1,1,113.30,72.33
R001535,OI0010061,O0004864,C002707,P00037,2024-12-27,2024-12-01,2025-01-09,13,Apparel,Tops,Brightpath,Web,FC-Central,Metro Post,false,Changed mind,true,Recovered,1,1,116.64,66.03
R001536,OI0010062,O0004865,C002707,P00036,2025-03-16,2025-03-01,2025-04-16,31,Apparel,Dresses,Latitude 54,Mobile App,FC-Central,Metro Post,true,Damaged in transit,false,Written off,1,1,67.23,67.23
R001537,OI0010064,O0004867,C002709,P00078,2024-11-17,2024-11-01,2024-12-02,15,Footwear,Sandals,Corda,Mobile App,FC-Central,Swiftline,true,Arrived too late,true,Recovered,1,1,103.02,42.0
R001538,OI0010080,O0004874,C002713,P00012,2024-12-12,2024-12-01,2025-01-14,33,Apparel,Knitwear,Mokkan,Web,FC-South,Metro Post,false,Arrived too late,true,Recovered,3,3,266.79,146.22
R001539,OI0010081,O0004875,C002714,P00011,2024-11-17,2024-11-01,2024-12-01,14,Apparel,Outerwear,Northvale,Web,FC-South,Metro Post,true,Not as described,true,Recovered,1,1,72.68,21.48
R001540,OI0010083,O0004875,C002714,P00117,2024-11-17,2024-11-01,2024-12-17,30,Home & Kitchen,Bedding,Ellery & Co,Web,FC-South,Metro Post,true,Damaged in transit,false,Written off,1,1,134.40,134.4
R001541,OI0010087,O0004878,C002716,P00086,2024-11-17,2024-11-01,2024-12-13,26,Electronics,Audio,Brightpath,Web,FC-South,Metro Post,true,Wrong size,true,Recovered,1,1,167.56,-43.46
R001542,OI0010091,O0004879,C002717,P00080,2024-11-21,2024-11-01,2024-12-15,24,Footwear,Sandals,Ellery & Co,Mobile App,FC-Central,Swiftline,true,Changed mind,true,Recovered,2,2,87.06,40.46
R001543,OI0010103,O0004886,C002724,P00180,2024-11-19,2024-11-01,2024-12-20,31,Sports & Outdoors,Fitness,Brightpath,Web,FC-North,Swiftline,false,Wrong size,true,Recovered,1,1,219.47,90.77
R001544,OI0010108,O0004889,C002727,P00048,2024-11-20,2024-11-01,2024-12-01,11,Apparel,Dresses,Latitude 54,Marketplace,FC-Central,Swiftline,true,Wrong size,true,Recovered,1,1,116.53,61.02
R001545,OI0010109,O0004889,C002727,P00032,2024-11-20,2024-11-01,2024-11-26,6,Apparel,Outerwear,Mokkan,Marketplace,FC-Central,Swiftline,true,Wrong size,true,Recovered,1,1,27.21,14.81
R001546,OI0010112,O0004890,C002728,P00174,2024-11-21,2024-11-01,2024-12-04,13,Sports & Outdoors,Fitness,Latitude 54,Mobile App,FC-South,Regional Freight,true,Not as described,true,Recovered,1,1,211.86,63.76
R001547,OI0010129,O0004898,C002731,P00057,2025-08-11,2025-08-01,2025-08-24,13,Footwear,Trainers,Puresel,Web,FC-South,Regional Freight,true,Changed mind,true,Recovered,1,2,45.86,19.68
R001548,OI0010133,O0004901,C002732,P00002,2024-11-23,2024-11-01,2024-12-03,10,Apparel,Knitwear,Brightpath,Mobile App,FC-North,Metro Post,true,Changed mind,true,Recovered,1,1,81.68,42.82
R001549,OI0010137,O0004905,C002735,P00039,2024-11-23,2024-11-01,2024-12-21,28,Apparel,Outerwear,Latitude 54,Web,FC-South,Metro Post,false,Arrived too late,true,Recovered,1,3,18.80,7.42
R001550,OI0010143,O0004906,C002736,P00007,2024-11-21,2024-11-01,2024-12-03,12,Apparel,Denim,Northvale,Web,FC-South,Regional Freight,true,Damaged in transit,false,Written off,1,1,116.94,116.94
R001551,OI0010145,O0004908,C002737,P00176,2024-11-21,2024-11-01,2024-11-30,9,Sports & Outdoors,Cycling,Ellery & Co,Web,FC-South,Regional Freight,true,Faulty,false,Written off,1,1,107.12,107.12
R001552,OI0010146,O0004908,C002737,P00029,2024-11-21,2024-11-01,2024-12-12,21,Apparel,Knitwear,Puresel,Web,FC-South,Regional Freight,true,Not as described,true,Recovered,1,1,97.86,51.59
R001553,OI0010163,O0004916,C002744,P00178,2024-11-21,2024-11-01,2024-12-08,17,Sports & Outdoors,Fitness,Corda,Mobile App,FC-South,Metro Post,true,Changed mind,true,Recovered,1,1,127.25,18.98
R001554,OI0010164,O0004917,C002745,P00086,2024-11-23,2024-11-01,2024-11-30,7,Electronics,Audio,Brightpath,Mobile App,FC-Central,Metro Post,true,Wrong size,true,Recovered,1,1,263.09,52.07
R001555,OI0010165,O0004918,C002745,P00056,2025-04-14,2025-04-01,2025-05-15,31,Footwear,Sandals,Puresel,Web,FC-Central,Metro Post,true,Not as described,true,Recovered,1,1,105.15,60.28
R001556,OI0010169,O0004919,C002745,P00124,2025-07-25,2025-07-01,2025-08-13,19,Home & Kitchen,Bedding,Latitude 54,Marketplace,FC-Central,Swiftline,true,Not as described,true,Recovered,1,2,24.62,9.92
R001557,OI0010176,O0004923,C002747,P00120,2025-01-16,2025-01-01,2025-02-09,24,Home & Kitchen,Lighting,Northvale,Mobile App,FC-South,Metro Post,true,Damaged in transit,false,Written off,1,1,97.95,97.95
R001558,OI0010183,O0004925,C002749,P00060,2024-11-25,2024-11-01,2024-12-18,23,Footwear,Formal,Corda,Mobile App,FC-North,Swiftline,false,Not as described,true,Recovered,1,1,139.31,73.37
R001559,OI0010188,O0004927,C002750,P00139,2025-01-16,2025-01-01,2025-02-05,20,Home & Kitchen,Cookware,Ellery & Co,Store,Store Pickup,,,Damaged in transit,false,Written off,1,1,50.68,50.68
R001560,OI0010189,O0004928,C002750,P00010,2025-02-12,2025-02-01,2025-02-21,9,Apparel,Denim,Puresel,Mobile App,FC-North,Regional Freight,false,Not as described,true,Recovered,1,1,28.00,15.12
R001561,OI0010193,O0004929,C002750,P00037,2025-04-02,2025-04-01,2025-04-29,27,Apparel,Tops,Brightpath,Marketplace,FC-North,Swiftline,true,Wrong size,true,Recovered,1,1,116.64,66.03
R001562,OI0010195,O0004929,C002750,P00043,2025-04-02,2025-04-01,2025-04-06,4,Apparel,Denim,Puresel,Marketplace,FC-North,Swiftline,true,Changed mind,true,Recovered,1,1,107.20,69.39
R001563,OI0010206,O0004934,C002754,P00047,2024-11-22,2024-11-01,2024-12-20,28,Apparel,Dresses,Puresel,Web,FC-Central,Swiftline,true,Arrived too late,true,Recovered,1,1,69.92,24.67
R001564,OI0010212,O0004936,C002756,P00003,2024-11-21,2024-11-01,2024-12-17,26,Apparel,Outerwear,Northvale,Web,FC-South,Regional Freight,true,Not as described,true,Recovered,1,1,32.59,18.9
R001565,OI0010219,O0004940,C002758,P00046,2025-02-23,2025-02-01,2025-02-26,3,Apparel,Dresses,Brightpath,Store,Store Pickup,,,Damaged in transit,false,Written off,1,1,75.08,75.08
R001566,OI0010229,O0004944,C002760,P00009,2025-04-21,2025-04-01,2025-05-11,20,Apparel,Outerwear,Mokkan,Web,FC-Central,Swiftline,true,Changed mind,true,Recovered,1,1,73.72,42.56
R001567,OI0010230,O0004945,C002760,P00094,2025-07-10,2025-07-01,2025-07-26,16,Electronics,Accessories,Latitude 54,Mobile App,FC-Central,Metro Post,true,Changed mind,true,Recovered,1,1,384.95,68.14
R001568,OI0010240,O0004951,C002764,P00047,2025-11-21,2025-11-01,2025-11-28,7,Apparel,Dresses,Puresel,Web,FC-South,Swiftline,true,Arrived too late,true,Recovered,1,1,95.89,50.64
R001569,OI0010243,O0004953,C002765,P00072,2024-11-22,2024-11-01,2024-12-07,15,Footwear,Sandals,Brightpath,Web,FC-North,Regional Freight,false,Damaged in transit,false,Written off,1,1,58.95,58.95
R001570,OI0010251,O0004959,C002767,P00031,2025-10-29,2025-10-01,2025-11-28,30,Apparel,Dresses,Brightpath,Mobile App,FC-North,Swiftline,true,Arrived too late,true,Recovered,1,1,90.94,53.45
R001571,OI0010254,O0004961,C002768,P00062,2024-11-24,2024-11-01,2024-12-06,12,Footwear,Formal,Latitude 54,Mobile App,FC-South,Regional Freight,true,Wrong size,true,Recovered,1,1,85.34,34.19
R001572,OI0010259,O0004964,C002771,P00052,2024-11-23,2024-11-01,2024-12-13,20,Apparel,Dresses,Corda,Web,FC-North,Swiftline,false,Damaged in transit,false,Written off,1,1,64.55,64.55
R001573,OI0010261,O0004965,C002772,P00180,2024-11-25,2024-11-01,2024-12-10,15,Sports & Outdoors,Fitness,Brightpath,Web,FC-South,Regional Freight,true,Wrong size,true,Recovered,1,1,203.12,74.42
R001574,OI0010275,O0004971,C002774,P00020,2025-05-18,2025-05-01,2025-06-03,16,Apparel,Denim,Ellery & Co,Marketplace,FC-South,Regional Freight,false,Changed mind,true,Recovered,2,2,262.98,169.14
R001575,OI0010276,O0004971,C002774,P00098,2025-05-18,2025-05-01,2025-05-26,8,Electronics,Audio,Brightpath,Marketplace,FC-South,Regional Freight,false,Arrived too late,true,Recovered,2,2,202.86,-8.2
R001576,OI0010283,O0004975,C002777,P00155,2024-11-25,2024-11-01,2024-12-09,14,Beauty,Fragrance,Latitude 54,Marketplace,FC-South,Swiftline,true,Damaged in transit,false,Written off,1,1,37.94,37.94
R001577,OI0010294,O0004981,C002781,P00051,2024-12-12,2024-12-01,2025-01-03,22,Apparel,Denim,Corda,Mobile App,FC-Central,Regional Freight,true,Not as described,true,Recovered,1,1,30.85,13.31
R001578,OI0010300,O0004983,C002782,P00004,2024-11-24,2024-11-01,2024-12-20,26,Apparel,Knitwear,Puresel,Web,FC-Central,Metro Post,true,Wrong size,true,Recovered,1,1,33.94,19.96
R001579,OI0010304,O0004986,C002785,P00059,2024-11-24,2024-11-01,2024-12-21,27,Footwear,Trainers,Latitude 54,Web,FC-North,Regional Freight,true,Changed mind,true,Recovered,1,1,129.93,59.89
R001580,OI0010305,O0004987,C002786,P00074,2024-11-24,2024-11-01,2024-12-05,11,Footwear,Trainers,Puresel,Web,FC-South,Regional Freight,false,Damaged in transit,false,Written off,1,1,128.17,128.17
R001581,OI0010306,O0004987,C002786,P00037,2024-11-24,2024-11-01,2024-12-06,12,Apparel,Tops,Brightpath,Web,FC-South,Regional Freight,false,Arrived too late,true,Recovered,1,1,81.46,30.85
R001582,OI0010315,O0004993,C002791,P00013,2024-11-24,2024-11-01,2024-12-19,25,Apparel,Dresses,Ellery & Co,Marketplace,FC-North,Metro Post,true,Wrong size,true,Recovered,1,1,66.51,41.87
R001583,OI0010318,O0004995,C002792,P00112,2025-03-22,2025-03-01,2025-04-11,20,Home & Kitchen,Bedding,Puresel,Store,Store Pickup,,,Wrong size,true,Recovered,2,2,345.22,129.64
R001584,OI0010320,O0004996,C002793,P00171,2024-11-26,2024-11-01,2024-12-07,11,Sports & Outdoors,Cycling,Ellery & Co,Marketplace,FC-Central,Regional Freight,true,Not as described,true,Recovered,1,1,58.49,16.37
R001585,OI0010336,O0005002,C002796,P00039,2025-01-19,2025-01-01,2025-02-14,26,Apparel,Outerwear,Latitude 54,Marketplace,FC-North,Swiftline,true,Changed mind,true,Recovered,2,2,23.00,0.24
R001586,OI0010343,O0005005,C002798,P00050,2024-11-28,2024-11-01,2024-12-04,6,Apparel,Knitwear,Brightpath,Web,FC-South,Metro Post,true,Arrived too late,true,Recovered,1,1,116.54,66.67
R001587,OI0010367,O0005015,C002803,P00143,2024-11-27,2024-11-01,2024-12-23,26,Home & Kitchen,Tableware,Mokkan,Web,FC-South,Metro Post,true,Wrong size,true,Recovered,1,1,21.76,7.78
R001588,OI0010371,O0005017,C002804,P00066,2024-11-29,2024-11-01,2024-12-16,17,Footwear,Sandals,Puresel,Web,FC-South,Regional Freight,true,Faulty,false,Written off,1,1,111.95,111.95
R001589,OI0010386,O0005027,C002808,P00158,2024-11-27,2024-11-01,2024-12-22,25,Beauty,Cosmetics,Latitude 54,Store,Store Pickup,,,Not as described,true,Recovered,1,2,70.58,44.8
R001590,OI0010398,O0005032,C002811,P00111,2024-11-26,2024-11-01,2024-12-17,21,Home & Kitchen,Storage,Brightpath,Web,FC-Central,Swiftline,false,Damaged in transit,false,Written off,2,2,228.13,228.13
R001591,OI0010405,O0005035,C002814,P00079,2024-11-26,2024-11-01,2024-12-27,31,Footwear,Sandals,Mokkan,Mobile App,FC-South,Regional Freight,true,Arrived too late,true,Recovered,1,1,67.74,22.97
R001592,OI0010410,O0005036,C002815,P00189,2024-11-28,2024-11-01,2024-12-22,24,Sports & Outdoors,Camping,Brightpath,Web,FC-Central,Swiftline,true,Not as described,true,Recovered,1,1,180.08,65.35
R001593,OI0010411,O0005037,C002815,P00013,2025-03-03,2025-03-01,2025-03-28,25,Apparel,Dresses,Ellery & Co,Web,FC-Central,Metro Post,true,Changed mind,true,Recovered,1,2,33.38,8.74
R001594,OI0010417,O0005040,C002817,P00067,2024-11-29,2024-11-01,2024-12-14,15,Footwear,Sandals,Corda,Web,FC-North,Swiftline,true,Not as described,true,Recovered,1,1,78.15,46.73
R001595,OI0010419,O0005041,C002817,P00058,2025-01-13,2025-01-01,2025-02-13,31,Footwear,Trainers,Brightpath,Web,FC-North,Swiftline,true,Not as described,true,Recovered,1,1,156.81,82.76
R001596,OI0010425,O0005044,C002819,P00111,2024-11-27,2024-11-01,2024-12-22,25,Home & Kitchen,Storage,Brightpath,Web,FC-Central,Swiftline,false,Changed mind,true,Recovered,1,1,126.56,30.39
R001597,OI0010426,O0005044,C002819,P00130,2024-11-27,2024-11-01,2024-12-10,13,Home & Kitchen,Cookware,Ellery & Co,Web,FC-Central,Swiftline,false,Faulty,false,Written off,1,1,206.19,206.19
R001598,OI0010429,O0005045,C002819,P00133,2025-02-20,2025-02-01,2025-03-16,24,Home & Kitchen,Cookware,Latitude 54,Mobile App,FC-Central,Regional Freight,true,Wrong size,true,Recovered,1,1,184.72,74.35
R001599,OI0010431,O0005047,C002819,P00125,2025-09-14,2025-09-01,2025-09-27,13,Home & Kitchen,Lighting,Latitude 54,Web,FC-Central,Swiftline,true,Wrong size,true,Recovered,2,2,200.12,69.98
R001600,OI0010434,O0005049,C002821,P00028,2024-11-29,2024-11-01,2024-12-25,26,Apparel,Dresses,Mokkan,Mobile App,FC-North,Swiftline,false,Changed mind,true,Recovered,1,1,31.99,20.25
R001601,OI0010438,O0005053,C002824,P00012,2025-01-14,2025-01-01,2025-01-29,15,Apparel,Knitwear,Mokkan,Web,FC-North,Swiftline,true,Wrong size,true,Recovered,1,1,41.53,1.34
R001602,OI0010443,O0005056,C002827,P00018,2024-11-28,2024-11-01,2024-12-08,10,Apparel,Denim,Latitude 54,Marketplace,FC-North,Swiftline,true,Wrong size,true,Recovered,1,1,27.90,1.57
R001603,OI0010445,O0005058,C002829,P00071,2024-11-29,2024-11-01,2024-12-14,15,Footwear,Boots,Puresel,Mobile App,FC-South,Regional Freight,true,Changed mind,true,Recovered,1,1,122.76,66.8
R001604,OI0010446,O0005059,C002830,P00075,2024-11-29,2024-11-01,2024-12-12,13,Footwear,Formal,Latitude 54,Marketplace,FC-North,Swiftline,true,Changed mind,true,Recovered,1,1,51.74,25.32
R001605,OI0010447,O0005060,C002831,P00074,2024-11-30,2024-11-01,2024-12-13,13,Footwear,Trainers,Puresel,Web,FC-North,Swiftline,true,Damaged in transit,false,Written off,1,1,128.17,128.17
R001606,OI0010450,O0005062,C002832,P00016,2024-11-29,2024-11-01,2024-12-09,10,Apparel,Knitwear,Brightpath,Marketplace,FC-South,Metro Post,true,Not as described,true,Recovered,1,1,54.64,32.91
R001607,OI0010455,O0005065,C002834,P00156,2024-11-30,2024-11-01,2024-12-09,9,Beauty,Skincare,Mokkan,Marketplace,FC-South,Swiftline,false,Arrived too late,true,Recovered,1,1,8.34,2.29
R001608,OI0010463,O0005069,C002836,P00025,2024-11-30,2024-11-01,2024-12-09,9,Apparel,Outerwear,Corda,Store,Store Pickup,,,Arrived too late,true,Recovered,2,2,251.88,154.08
R001609,OI0010465,O0005069,C002836,P00069,2024-11-30,2024-11-01,2024-12-11,11,Footwear,Sandals,Brightpath,Store,Store Pickup,,,Faulty,false,Written off,1,1,148.15,148.15
R001610,OI0010466,O0005070,C002837,P00027,2024-11-28,2024-11-01,2024-12-11,13,Apparel,Outerwear,Mokkan,Store,Store Pickup,,,Changed mind,true,Recovered,1,1,29.99,16.67
R001611,OI0010473,O0005074,C002839,P00083,2025-04-27,2025-04-01,2025-05-22,25,Electronics,Audio,Mokkan,Mobile App,FC-North,Swiftline,true,Arrived too late,true,Recovered,1,1,103.49,18.71
R001612,OI0010485,O0005081,C002843,P00137,2025-01-06,2025-01-01,2025-01-20,14,Home & Kitchen,Bedding,Mokkan,Web,FC-Central,Metro Post,true,Wrong size,true,Recovered,1,1,31.33,11.96
R001613,OI0010497,O0005086,C002847,P00047,2024-12-02,2024-12-01,2024-12-16,14,Apparel,Dresses,Puresel,Store,Store Pickup,,,Changed mind,true,Recovered,1,1,95.89,50.64
R001614,OI0010502,O0005089,C002849,P00008,2024-11-29,2024-11-01,2024-12-31,32,Apparel,Tops,Brightpath,Mobile App,FC-South,Metro Post,false,Changed mind,true,Recovered,1,1,83.50,53.57
R001615,OI0010509,O0005092,C002852,P00015,2024-11-30,2024-11-01,2024-12-22,22,Apparel,Tops,Corda,Mobile App,FC-Central,Swiftline,true,Not as described,true,Recovered,1,1,66.55,39.88
R001616,OI0010510,O0005092,C002852,P00016,2024-11-30,2024-11-01,2024-12-19,19,Apparel,Knitwear,Brightpath,Mobile App,FC-Central,Swiftline,true,Not as described,true,Recovered,1,1,54.64,32.91
R001617,OI0010511,O0005092,C002852,P00041,2024-11-30,2024-11-01,2024-12-08,8,Apparel,Outerwear,Latitude 54,Mobile App,FC-Central,Swiftline,true,Damaged in transit,false,Written off,1,1,125.23,125.23
R001618,OI0010515,O0005094,C002853,P00010,2025-03-03,2025-03-01,2025-03-09,6,Apparel,Denim,Puresel,Web,FC-Central,Regional Freight,true,Changed mind,true,Recovered,1,1,28.00,15.12
R001619,OI0010516,O0005094,C002853,P00010,2025-03-03,2025-03-01,2025-03-18,15,Apparel,Denim,Puresel,Web,FC-Central,Regional Freight,true,Changed mind,true,Recovered,1,1,28.00,15.12
R001620,OI0010532,O0005102,C002856,P00010,2025-02-17,2025-02-01,2025-03-10,21,Apparel,Denim,Puresel,Mobile App,FC-Central,Metro Post,true,Wrong size,true,Recovered,1,1,28.00,15.12
R001621,OI0010556,O0005117,C002866,P00006,2024-12-01,2024-12-01,2024-12-30,29,Apparel,Denim,Puresel,Web,FC-South,Regional Freight,false,Changed mind,true,Recovered,1,1,25.75,13.87
R001622,OI0010557,O0005117,C002866,P00174,2024-12-01,2024-12-01,2024-12-22,21,Sports & Outdoors,Fitness,Latitude 54,Web,FC-South,Regional Freight,false,Changed mind,true,Recovered,1,1,150.46,2.36
R001623,OI0010565,O0005120,C002867,P00138,2025-02-21,2025-02-01,2025-03-18,25,Home & Kitchen,Bedding,Ellery & Co,Marketplace,FC-Central,Metro Post,true,Faulty,false,Written off,1,3,76.21,76.21
R001624,OI0010589,O0005131,C002873,P00120,2025-02-20,2025-02-01,2025-02-28,8,Home & Kitchen,Lighting,Northvale,Marketplace,FC-South,Regional Freight,false,Not as described,true,Recovered,1,1,97.95,40.64
R001625,OI0010600,O0005136,C002875,P00047,2025-02-25,2025-02-01,2025-03-26,29,Apparel,Dresses,Puresel,Web,FC-Central,Swiftline,true,Changed mind,true,Recovered,1,1,95.89,50.64
R001626,OI0010605,O0005138,C002876,P00035,2025-02-13,2025-02-01,2025-02-24,11,Apparel,Outerwear,Northvale,Web,FC-South,Metro Post,true,Changed mind,true,Recovered,1,1,131.59,67.13
R001627,OI0010606,O0005139,C002876,P00111,2025-04-06,2025-04-01,2025-04-30,24,Home & Kitchen,Storage,Brightpath,Web,FC-South,Metro Post,true,Not as described,true,Recovered,1,2,127.69,31.52
R001628,OI0010617,O0005146,C002879,P00017,2025-02-07,2025-02-01,2025-02-15,8,Apparel,Dresses,Corda,Mobile App,FC-South,Swiftline,true,Wrong size,true,Recovered,1,1,27.43,15.56
R001629,OI0010623,O0005148,C002881,P00012,2024-12-02,2024-12-01,2024-12-17,15,Apparel,Knitwear,Mokkan,Web,FC-South,Swiftline,true,Wrong size,true,Recovered,1,1,61.87,21.68
R001630,OI0010625,O0005150,C002881,P00037,2025-02-15,2025-02-01,2025-03-17,30,Apparel,Tops,Brightpath,Web,FC-South,Metro Post,true,Changed mind,true,Recovered,1,1,116.64,66.03
R001631,OI0010631,O0005153,C002883,P00004,2024-12-01,2024-12-01,2024-12-26,25,Apparel,Knitwear,Puresel,Web,FC-South,Metro Post,true,Changed mind,true,Recovered,4,4,125.36,69.44
R001632,OI0010637,O0005155,C002885,P00170,2024-12-05,2024-12-01,2024-12-22,17,Sports & Outdoors,Cycling,Corda,Store,Store Pickup,,,Changed mind,true,Recovered,3,3,648.78,287.07
R001633,OI0010653,O0005166,C002892,P00114,2025-03-01,2025-03-01,2025-03-16,15,Home & Kitchen,Bedding,Puresel,Mobile App,FC-South,Swiftline,true,Wrong size,true,Recovered,1,1,102.46,33.91
R001634,OI0010656,O0005169,C002894,P00170,2024-12-02,2024-12-01,2024-12-12,10,Sports & Outdoors,Cycling,Corda,Store,Store Pickup,,,Wrong size,true,Recovered,1,1,216.26,95.69
R001635,OI0010666,O0005175,C002898,P00109,2024-12-05,2024-12-01,2024-12-12,7,Electronics,Audio,Corda,Mobile App,FC-South,Metro Post,true,Damaged in transit,false,Written off,1,1,178.19,178.19
R001636,OI0010677,O0005183,C002905,P00088,2024-12-03,2024-12-01,2024-12-09,6,Electronics,Audio,Mokkan,Mobile App,FC-South,Regional Freight,true,Not as described,true,Recovered,1,2,384.21,84.94
R001637,OI0010693,O0005190,C002908,P00052,2025-04-14,2025-04-01,2025-05-02,18,Apparel,Dresses,Corda,Store,Store Pickup,,,Damaged in transit,false,Written off,3,3,193.65,193.65
R001638,OI0010694,O0005191,C002908,P00091,2025-07-12,2025-07-01,2025-08-02,21,Electronics,Small Appliances,Mokkan,Marketplace,FC-South,Metro Post,true,Not as described,true,Recovered,1,1,437.76,86.34
R001639,OI0010701,O0005192,C002908,P00107,2025-12-01,2025-12-01,2026-01-04,34,Electronics,Wearables,Corda,Web,FC-South,Regional Freight,false,Not as described,true,Recovered,1,1,109.03,12.17
R001640,OI0010704,O0005195,C002911,P00092,2024-12-06,2024-12-01,2024-12-28,22,Electronics,Accessories,Puresel,Web,FC-North,Swiftline,true,Wrong size,true,Recovered,1,3,209.32,27.77
R001641,OI0010715,O0005200,C002914,P00077,2025-02-11,2025-02-01,2025-03-03,20,Footwear,Boots,Ellery & Co,Store,Store Pickup,,,Wrong size,true,Recovered,1,1,105.21,64.29
R001642,OI0010719,O0005203,C002914,P00021,2025-05-16,2025-05-01,2025-05-28,12,Apparel,Denim,Northvale,Web,FC-North,Swiftline,false,Arrived too late,true,Recovered,1,1,52.72,31.56
R001643,OI0010722,O0005204,C002915,P00057,2024-12-05,2024-12-01,2024-12-24,19,Footwear,Trainers,Puresel,Web,FC-Central,Swiftline,true,Not as described,true,Recovered,1,1,57.14,30.96
R001644,OI0010723,O0005205,C002915,P00063,2025-02-20,2025-02-01,2025-02-25,5,Footwear,Formal,Northvale,Web,FC-Central,Swiftline,true,Wrong size,true,Recovered,1,1,36.53,19.86
R001645,OI0010730,O0005207,C002915,P00035,2025-07-24,2025-07-01,2025-08-12,19,Apparel,Outerwear,Northvale,Mobile App,FC-Central,Metro Post,true,Damaged in transit,false,Written off,1,1,131.59,131.59
R001646,OI0010734,O0005209,C002917,P00103,2024-12-07,2024-12-01,2025-01-06,30,Electronics,Small Appliances,Latitude 54,Mobile App,FC-South,Swiftline,true,Not as described,true,Recovered,1,1,85.53,-4.48
R001647,OI0010750,O0005217,C002921,P00074,2025-03-25,2025-03-01,2025-04-14,20,Footwear,Trainers,Puresel,Web,FC-South,Regional Freight,false,Arrived too late,true,Recovered,1,1,128.17,80.38
R001648,OI0010756,O0005219,C002922,P00008,2024-12-05,2024-12-01,2024-12-11,6,Apparel,Tops,Brightpath,Web,FC-South,Regional Freight,true,Wrong size,true,Recovered,1,1,64.10,34.17
R001649,OI0010759,O0005222,C002923,P00083,2024-12-05,2024-12-01,2025-01-03,29,Electronics,Audio,Mokkan,Mobile App,FC-North,Swiftline,false,Damaged in transit,false,Written off,1,1,96.55,96.55
R001650,OI0010765,O0005225,C002924,P00027,2025-04-22,2025-04-01,2025-04-28,6,Apparel,Outerwear,Mokkan,Web,FC-South,Regional Freight,true,Wrong size,true,Recovered,1,1,14.01,0.69
R001651,OI0010766,O0005226,C002925,P00016,2024-12-06,2024-12-01,2024-12-27,21,Apparel,Knitwear,Brightpath,Marketplace,FC-Central,Regional Freight,false,Changed mind,true,Recovered,1,1,54.64,32.91
R001652,OI0010767,O0005226,C002925,P00187,2024-12-06,2024-12-01,2025-01-05,30,Sports & Outdoors,Camping,Puresel,Marketplace,FC-Central,Regional Freight,false,Arrived too late,true,Recovered,1,1,164.80,60.13
R001653,OI0010768,O0005227,C002925,P00172,2025-02-12,2025-02-01,2025-03-09,25,Sports & Outdoors,Fitness,Ellery & Co,Marketplace,FC-Central,Swiftline,true,Changed mind,true,Recovered,1,1,93.79,43.09
R001654,OI0010771,O0005228,C002926,P00157,2024-12-05,2024-12-01,2025-01-02,28,Beauty,Cosmetics,Ellery & Co,Marketplace,FC-Central,Swiftline,true,Arrived too late,true,Recovered,1,1,19.98,12.97
R001655,OI0010782,O0005232,C002927,P00065,2025-04-11,2025-04-01,2025-04-14,3,Footwear,Sandals,Ellery & Co,Store,Store Pickup,,,Wrong size,true,Recovered,1,1,94.68,40.79
R001656,OI0010785,O0005234,C002927,P00055,2025-11-03,2025-11-01,2025-12-01,28,Footwear,Trainers,Ellery & Co,Web,FC-South,Regional Freight,true,Wrong size,true,Recovered,1,2,40.68,21.54
R001657,OI0010787,O0005235,C002928,P00002,2024-12-08,2024-12-01,2025-01-03,26,Apparel,Knitwear,Brightpath,Store,Store Pickup,,,Changed mind,true,Recovered,1,2,59.15,20.29
R001658,OI0010791,O0005236,C002928,P00115,2024-12-30,2024-12-01,2025-01-22,23,Home & Kitchen,Lighting,Puresel,Marketplace,FC-South,Metro Post,true,Changed mind,true,Recovered,1,1,102.43,31.8
R001659,OI0010793,O0005237,C002928,P00004,2025-02-12,2025-02-01,2025-03-02,18,Apparel,Knitwear,Puresel,Marketplace,FC-South,Regional Freight,false,Changed mind,true,Recovered,1,1,33.94,19.96
R001660,OI0010794,O0005237,C002928,P00003,2025-02-12,2025-02-01,2025-03-16,32,Apparel,Outerwear,Northvale,Marketplace,FC-South,Regional Freight,false,Changed mind,true,Recovered,1,1,32.59,18.9
R001661,OI0010803,O0005242,C002932,P00070,2024-12-05,2024-12-01,2025-01-03,29,Footwear,Boots,Latitude 54,Marketplace,FC-Central,Regional Freight,true,Changed mind,true,Recovered,1,1,48.26,7.91
R001662,OI0010807,O0005244,C002932,P00037,2025-09-27,2025-09-01,2025-10-27,30,Apparel,Tops,Brightpath,Web,FC-Central,Metro Post,false,Arrived too late,true,Recovered,1,1,116.64,66.03
R001663,OI0010810,O0005244,C002932,P00006,2025-09-27,2025-09-01,2025-10-17,20,Apparel,Denim,Puresel,Web,FC-Central,Metro Post,false,Arrived too late,true,Recovered,1,3,31.44,19.56
R001664,OI0010820,O0005251,C002935,P00074,2024-12-23,2024-12-01,2025-01-06,14,Footwear,Trainers,Puresel,Mobile App,FC-South,Regional Freight,false,Changed mind,true,Recovered,1,1,57.68,9.89
R001665,OI0010821,O0005251,C002935,P00190,2024-12-23,2024-12-01,2025-01-16,24,Sports & Outdoors,Cycling,Puresel,Mobile App,FC-South,Regional Freight,false,Damaged in transit,false,Written off,3,3,256.36,256.36
R001666,OI0010822,O0005252,C002935,P00015,2025-02-05,2025-02-01,2025-03-06,29,Apparel,Tops,Corda,Web,FC-South,Regional Freight,false,Changed mind,true,Recovered,1,1,66.55,39.88
R001667,OI0010830,O0005255,C002936,P00029,2025-01-30,2025-01-01,2025-02-24,25,Apparel,Knitwear,Puresel,Web,FC-North,Metro Post,true,Changed mind,true,Recovered,1,1,114.68,68.41
R001668,OI0010832,O0005256,C002936,P00008,2025-03-10,2025-03-01,2025-04-01,22,Apparel,Tops,Brightpath,Web,FC-North,Swiftline,true,Arrived too late,true,Recovered,1,1,77.82,47.89
R001669,OI0010833,O0005257,C002937,P00138,2024-12-06,2024-12-01,2024-12-09,3,Home & Kitchen,Bedding,Ellery & Co,Store,Store Pickup,,,Wrong size,true,Recovered,1,1,46.14,-2.06
R001670,OI0010843,O0005262,C002940,P00054,2024-12-04,2024-12-01,2024-12-16,12,Footwear,Sandals,Mokkan,Mobile App,FC-Central,Swiftline,true,Faulty,false,Written off,1,1,59.52,59.52
R001671,OI0010844,O0005262,C002940,P00072,2024-12-04,2024-12-01,2024-12-21,17,Footwear,Sandals,Brightpath,Mobile App,FC-Central,Swiftline,true,Faulty,false,Written off,1,2,27.36,27.36
R001672,OI0010846,O0005262,C002940,P00069,2024-12-04,2024-12-01,2024-12-15,11,Footwear,Sandals,Brightpath,Mobile App,FC-Central,Swiftline,true,Damaged in transit,false,Written off,2,2,296.30,296.3
R001673,OI0010880,O0005278,C002950,P00087,2025-02-11,2025-02-01,2025-03-10,27,Electronics,Audio,Brightpath,Web,FC-South,Metro Post,true,Faulty,false,Written off,1,1,356.75,356.75
R001674,OI0010894,O0005284,C002951,P00096,2025-07-28,2025-07-01,2025-08-17,20,Electronics,Accessories,Mokkan,Marketplace,FC-Central,Regional Freight,true,Wrong size,true,Recovered,1,1,448.18,43.2
R001675,OI0010896,O0005285,C002952,P00122,2024-12-08,2024-12-01,2025-01-05,28,Home & Kitchen,Cookware,Ellery & Co,Mobile App,FC-South,Metro Post,true,Wrong size,true,Recovered,1,1,41.00,9.43
R001676,OI0010901,O0005287,C002953,P00140,2024-12-27,2024-12-01,2025-01-20,24,Home & Kitchen,Lighting,Brightpath,Mobile App,FC-South,Regional Freight,true,Damaged in transit,false,Written off,1,1,45.15,45.15
R001677,OI0010907,O0005291,C002955,P00189,2025-05-12,2025-05-01,2025-05-25,13,Sports & Outdoors,Camping,Brightpath,Marketplace,FC-South,Regional Freight,true,Wrong size,true,Recovered,1,1,180.08,65.35
R001678,OI0010909,O0005292,C002955,P00190,2025-07-09,2025-07-01,2025-07-23,14,Sports & Outdoors,Cycling,Puresel,Web,FC-South,Swiftline,true,Damaged in transit,false,Written off,1,1,189.90,189.9
R001679,OI0010912,O0005295,C002957,P00034,2024-12-10,2024-12-01,2025-01-11,32,Apparel,Dresses,Latitude 54,Mobile App,FC-South,Regional Freight,false,Arrived too late,true,Recovered,1,1,34.71,13.09
R001680,OI0010913,O0005295,C002957,P00035,2024-12-10,2024-12-01,2025-01-06,27,Apparel,Outerwear,Northvale,Mobile App,FC-South,Regional Freight,false,Wrong size,true,Recovered,1,1,131.59,67.13
R001681,OI0010918,O0005298,C002958,P00009,2025-03-16,2025-03-01,2025-04-07,22,Apparel,Outerwear,Mokkan,Mobile App,FC-Central,Swiftline,false,Arrived too late,true,Recovered,1,1,65.90,34.74
R001682,OI0010922,O0005300,C002959,P00005,2024-12-06,2024-12-01,2024-12-18,12,Apparel,Knitwear,Ellery & Co,Store,Store Pickup,,,Changed mind,true,Recovered,1,1,51.99,30.11
R001683,OI0010923,O0005301,C002960,P00053,2024-12-08,2024-12-01,2024-12-23,15,Apparel,Tops,Latitude 54,Marketplace,FC-North,Metro Post,true,Wrong size,true,Recovered,1,1,90.94,52.91
R001684,OI0010933,O0005305,C002962,P00027,2024-12-09,2024-12-01,2024-12-16,7,Apparel,Outerwear,Mokkan,Web,FC-Central,Metro Post,true,Damaged in transit,false,Written off,1,1,31.13,31.13
R001685,OI0010937,O0005308,C002964,P00074,2025-01-26,2025-01-01,2025-02-06,11,Footwear,Trainers,Puresel,Web,FC-South,Metro Post,true,Wrong size,true,Recovered,1,1,116.81,69.02
R001686,OI0010946,O0005311,C002966,P00060,2024-12-10,2024-12-01,2024-12-28,18,Footwear,Formal,Corda,Marketplace,FC-South,Metro Post,true,Wrong size,true,Recovered,2,2,168.57,36.69
R001687,OI0010954,O0005315,C002967,P00186,2025-01-30,2025-01-01,2025-02-26,27,Sports & Outdoors,Fitness,Latitude 54,Store,Store Pickup,,,Wrong size,true,Recovered,1,1,238.02,99.7
R001688,OI0010957,O0005317,C002967,P00037,2025-04-25,2025-04-01,2025-05-18,23,Apparel,Tops,Brightpath,Web,FC-South,Regional Freight,false,Wrong size,true,Recovered,1,1,116.64,66.03
R001689,OI0010962,O0005319,C002968,P00057,2024-12-09,2024-12-01,2024-12-28,19,Footwear,Trainers,Puresel,Store,Store Pickup,,,Wrong size,true,Recovered,3,3,125.95,47.41
R001690,OI0010990,O0005332,C002975,P00079,2025-02-28,2025-02-01,2025-03-12,12,Footwear,Sandals,Mokkan,Web,FC-Central,Regional Freight,true,Faulty,false,Written off,1,1,55.63,55.63
R001691,OI0010991,O0005332,C002975,P00062,2025-02-28,2025-02-01,2025-03-05,5,Footwear,Formal,Latitude 54,Web,FC-Central,Regional Freight,true,Changed mind,true,Recovered,1,1,120.05,68.9
R001692,OI0010999,O0005337,C002979,P00016,2024-12-08,2024-12-01,2024-12-20,12,Apparel,Knitwear,Brightpath,Marketplace,FC-Central,Metro Post,true,Not as described,true,Recovered,1,1,50.03,28.3
R001693,OI0011001,O0005337,C002979,P00074,2024-12-08,2024-12-01,2024-12-15,7,Footwear,Trainers,Puresel,Marketplace,FC-Central,Metro Post,true,Damaged in transit,false,Written off,1,1,128.17,128.17
R001694,OI0011002,O0005338,C002979,P00069,2025-01-13,2025-01-01,2025-02-13,31,Footwear,Sandals,Brightpath,Web,FC-Central,Swiftline,true,Not as described,true,Recovered,1,1,117.78,57.57
R001695,OI0011003,O0005338,C002979,P00077,2025-01-13,2025-01-01,2025-01-22,9,Footwear,Boots,Ellery & Co,Web,FC-Central,Swiftline,true,Wrong size,true,Recovered,1,1,105.21,64.29
R001696,OI0011004,O0005339,C002979,P00042,2025-03-10,2025-03-01,2025-03-20,10,Apparel,Knitwear,Latitude 54,Store,Store Pickup,,,Not as described,true,Recovered,1,1,98.30,58.28
R001697,OI0011028,O0005351,C002990,P00080,2024-12-12,2024-12-01,2024-12-23,11,Footwear,Sandals,Ellery & Co,Mobile App,FC-Central,Swiftline,false,Wrong size,true,Recovered,1,1,49.77,26.47
R001698,OI0011034,O0005354,C002991,P00046,2025-02-08,2025-02-01,2025-02-28,20,Apparel,Dresses,Brightpath,Web,FC-Central,Swiftline,true,Faulty,false,Written off,1,1,76.70,76.7
R001699,OI0011039,O0005356,C002992,P00060,2025-02-15,2025-02-01,2025-03-01,14,Footwear,Formal,Corda,Web,FC-North,Swiftline,true,Wrong size,true,Recovered,1,1,139.31,73.37
R001700,OI0011041,O0005356,C002992,P00076,2025-02-15,2025-02-01,2025-02-22,7,Footwear,Trainers,Puresel,Web,FC-North,Swiftline,true,Damaged in transit,false,Written off,1,1,83.39,83.39
R001701,OI0011048,O0005358,C002993,P00031,2024-12-11,2024-12-01,2024-12-21,10,Apparel,Dresses,Brightpath,Marketplace,FC-South,Regional Freight,true,Changed mind,true,Recovered,1,1,90.94,53.45
R001702,OI0011057,O0005361,C002996,P00008,2024-12-12,2024-12-01,2024-12-25,13,Apparel,Tops,Brightpath,Web,FC-North,Swiftline,true,Wrong size,true,Recovered,1,1,83.50,53.57
R001703,OI0011058,O0005361,C002996,P00042,2024-12-12,2024-12-01,2025-01-03,22,Apparel,Knitwear,Latitude 54,Web,FC-North,Swiftline,true,Changed mind,true,Recovered,1,1,76.12,36.1
R001704,OI0011067,O0005365,C002997,P00180,2025-04-26,2025-04-01,2025-05-26,30,Sports & Outdoors,Fitness,Brightpath,Mobile App,FC-North,Regional Freight,true,Wrong size,true,Recovered,1,1,219.47,90.77
R001705,OI0011080,O0005372,C003002,P00061,2024-12-11,2024-12-01,2025-01-07,27,Footwear,Trainers,Northvale,Mobile App,FC-North,Swiftline,true,Changed mind,true,Recovered,1,1,24.13,4.98
R001706,OI0011085,O0005376,C003005,P00028,2024-12-14,2024-12-01,2024-12-19,5,Apparel,Dresses,Mokkan,Web,FC-North,Metro Post,true,Not as described,true,Recovered,1,1,31.99,20.25
R001707,OI0011087,O0005376,C003005,P00065,2024-12-14,2024-12-01,2024-12-25,11,Footwear,Sandals,Ellery & Co,Web,FC-North,Metro Post,true,Wrong size,true,Recovered,3,3,284.04,122.37
R001708,OI0011095,O0005379,C003006,P00005,2024-12-12,2024-12-01,2024-12-19,7,Apparel,Knitwear,Ellery & Co,Mobile App,FC-North,Swiftline,true,Damaged in transit,false,Written off,2,2,103.98,103.98
R001709,OI0011110,O0005386,C003012,P00130,2024-12-13,2024-12-01,2024-12-27,14,Home & Kitchen,Cookware,Ellery & Co,Store,Store Pickup,,,Not as described,true,Recovered,1,1,95.53,-54.19
R001710,OI0011111,O0005386,C003012,P00132,2024-12-13,2024-12-01,2024-12-16,3,Home & Kitchen,Cookware,Ellery & Co,Store,Store Pickup,,,Changed mind,true,Recovered,1,1,68.52,28.64
R001711,OI0011130,O0005393,C003016,P00184,2024-12-14,2024-12-01,2024-12-29,15,Sports & Outdoors,Swim,Ellery & Co,Mobile App,FC-South,Metro Post,true,Damaged in transit,false,Written off,1,1,149.47,149.47
R001712,OI0011160,O0005408,C003025,P00189,2024-12-14,2024-12-01,2025-01-08,25,Sports & Outdoors,Camping,Brightpath,Marketplace,FC-North,Swiftline,true,Changed mind,true,Recovered,1,1,124.02,9.29
R001713,OI0011162,O0005409,C003025,P00179,2025-04-26,2025-04-01,2025-05-20,24,Sports & Outdoors,Fitness,Mokkan,Mobile App,FC-North,Swiftline,true,Changed mind,true,Recovered,1,1,33.12,2.39
R001714,OI0011166,O0005410,C003025,P00188,2025-07-08,2025-07-01,2025-07-13,5,Sports & Outdoors,Swim,Mokkan,Store,Store Pickup,,,Wrong size,true,Recovered,1,1,166.85,68.1
R001715,OI0011169,O0005413,C003028,P00120,2024-12-14,2024-12-01,2025-01-05,22,Home & Kitchen,Lighting,Northvale,Web,FC-Central,Regional Freight,true,Changed mind,true,Recovered,1,1,95.88,38.57
R001716,OI0011174,O0005415,C003029,P00044,2024-12-14,2024-12-01,2025-01-05,22,Apparel,Denim,Corda,Mobile App,FC-North,Regional Freight,true,Changed mind,true,Recovered,1,1,20.60,13.94
R001717,OI0011192,O0005426,C003033,P00045,2025-04-01,2025-04-01,2025-04-24,23,Apparel,Knitwear,Puresel,Web,FC-South,Regional Freight,true,Changed mind,true,Recovered,2,2,111.78,52.92
R001718,OI0011198,O0005428,C003033,P00013,2025-06-03,2025-06-01,2025-06-14,11,Apparel,Dresses,Ellery & Co,Web,FC-South,Regional Freight,false,Arrived too late,true,Recovered,1,1,66.51,41.87
R001719,OI0011205,O0005432,C003035,P00023,2025-02-10,2025-02-01,2025-02-15,5,Apparel,Tops,Latitude 54,Web,FC-Central,Swiftline,true,Not as described,true,Recovered,1,1,44.76,27.02
R001720,OI0011209,O0005434,C003035,P00015,2025-08-29,2025-08-01,2025-09-03,5,Apparel,Tops,Corda,Mobile App,FC-Central,Metro Post,true,Changed mind,true,Recovered,1,1,66.55,39.88
R001721,OI0011210,O0005435,C003035,P00003,2025-11-11,2025-11-01,2025-12-05,24,Apparel,Outerwear,Northvale,Web,FC-Central,Regional Freight,false,Not as described,true,Recovered,1,1,17.40,3.71
R001722,OI0011228,O0005442,C003040,P00087,2025-02-05,2025-02-01,2025-02-19,14,Electronics,Audio,Brightpath,Mobile App,FC-North,Swiftline,true,Changed mind,true,Recovered,2,2,874.38,94.1
R001723,OI0011230,O0005443,C003040,P00072,2025-03-07,2025-03-01,2025-03-13,6,Footwear,Sandals,Brightpath,Web,FC-North,Metro Post,true,Wrong size,true,Recovered,1,1,58.95,35.37
R001724,OI0011232,O0005444,C003041,P00019,2024-12-15,2024-12-01,2025-01-12,28,Apparel,Tops,Brightpath,Mobile App,FC-North,Metro Post,true,Changed mind,true,Recovered,1,1,65.52,36.16
R001725,OI0011240,O0005447,C003043,P00022,2024-12-14,2024-12-01,2024-12-21,7,Apparel,Knitwear,Northvale,Web,FC-South,Swiftline,true,Wrong size,true,Recovered,2,2,81.22,51.84
R001726,OI0011247,O0005450,C003044,P00036,2025-03-12,2025-03-01,2025-03-29,17,Apparel,Dresses,Latitude 54,Mobile App,FC-North,Swiftline,true,Faulty,false,Written off,1,1,67.23,67.23
R001727,OI0011248,O0005450,C003044,P00109,2025-03-12,2025-03-01,2025-03-22,10,Electronics,Audio,Corda,Mobile App,FC-North,Swiftline,true,Wrong size,true,Recovered,4,4,747.44,104.04
R001728,OI0011258,O0005454,C003045,P00040,2025-02-24,2025-02-01,2025-03-05,9,Apparel,Tops,Puresel,Marketplace,FC-South,Swiftline,true,Wrong size,true,Recovered,1,1,113.30,72.33
R001729,OI0011263,O0005458,C003049,P00150,2024-12-15,2024-12-01,2025-01-13,29,Beauty,Haircare,Puresel,Web,FC-South,Metro Post,true,Not as described,true,Recovered,1,1,45.10,18.88
R001730,OI0011266,O0005459,C003050,P00001,2024-12-13,2024-12-01,2024-12-24,11,Apparel,Dresses,Latitude 54,Marketplace,FC-South,Metro Post,true,Not as described,true,Recovered,3,3,91.97,49.52
R001731,OI0011268,O0005460,C003051,P00080,2024-12-13,2024-12-01,2024-12-23,10,Footwear,Sandals,Ellery & Co,Web,FC-Central,Swiftline,true,Damaged in transit,false,Written off,1,1,49.77,49.77
R001732,OI0011269,O0005461,C003051,P00022,2025-01-28,2025-01-01,2025-02-16,19,Apparel,Knitwear,Northvale,Web,FC-Central,Metro Post,true,Not as described,true,Recovered,1,1,40.61,25.92
R001733,OI0011272,O0005462,C003052,P00049,2024-12-15,2024-12-01,2025-01-08,24,Apparel,Tops,Brightpath,Mobile App,FC-South,Swiftline,true,Damaged in transit,false,Written off,1,1,45.89,45.89
R001734,OI0011274,O0005464,C003053,P00024,2024-12-15,2024-12-01,2025-01-09,25,Apparel,Outerwear,Brightpath,Mobile App,FC-South,Regional Freight,true,Changed mind,true,Recovered,1,1,24.78,9.2
R001735,OI0011285,O0005469,C003056,P00062,2024-12-14,2024-12-01,2025-01-07,24,Footwear,Formal,Latitude 54,Mobile App,FC-South,Regional Freight,true,Changed mind,true,Recovered,1,1,93.77,42.62
R001736,OI0011287,O0005470,C003057,P00117,2024-12-14,2024-12-01,2024-12-24,10,Home & Kitchen,Bedding,Ellery & Co,Web,FC-South,Regional Freight,false,Changed mind,true,Recovered,1,1,73.75,-4.88
R001737,OI0011291,O0005472,C003058,P00173,2024-12-18,2024-12-01,2025-01-06,19,Sports & Outdoors,Swim,Mokkan,Web,FC-South,Regional Freight,false,Wrong size,true,Recovered,3,3,233.46,108.42
R001738,OI0011294,O0005473,C003059,P00058,2024-12-16,2024-12-01,2025-01-04,19,Footwear,Trainers,Brightpath,Store,Store Pickup,,,Damaged in transit,false,Written off,1,1,156.81,156.81
R001739,OI0011296,O0005473,C003059,P00184,2024-12-16,2024-12-01,2025-01-10,25,Sports & Outdoors,Swim,Ellery & Co,Store,Store Pickup,,,Damaged in transit,false,Written off,1,1,159.13,159.13
R001740,OI0011298,O0005475,C003060,P00073,2025-01-29,2025-01-01,2025-02-10,12,Footwear,Boots,Brightpath,Web,FC-South,Metro Post,true,Wrong size,true,Recovered,4,4,277.85,124.17
R001741,OI0011299,O0005475,C003060,P00145,2025-01-29,2025-01-01,2025-02-15,17,Beauty,Cosmetics,Ellery & Co,Web,FC-South,Metro Post,true,Damaged in transit,false,Written off,1,1,66.69,66.69
R001742,OI0011304,O0005476,C003061,P00072,2024-12-18,2024-12-01,2025-01-05,18,Footwear,Sandals,Brightpath,Store,Store Pickup,,,Changed mind,true,Recovered,1,1,58.95,35.37
R001743,OI0011318,O0005483,C003065,P00110,2024-12-15,2024-12-01,2024-12-21,6,Electronics,Small Appliances,Puresel,Mobile App,FC-Central,Swiftline,true,Damaged in transit,false,Written off,3,3,1233.66,1233.66
R001744,OI0011322,O0005485,C003067,P00005,2024-12-16,2024-12-01,2025-01-12,27,Apparel,Knitwear,Ellery & Co,Marketplace,FC-North,Swiftline,true,Damaged in transit,false,Written off,1,1,49.05,49.05
R001745,OI0011341,O0005495,C003072,P00073,2025-03-25,2025-03-01,2025-04-13,19,Footwear,Boots,Brightpath,Mobile App,FC-South,Regional Freight,true,Damaged in transit,false,Written off,1,1,58.26,58.26
R001746,OI0011360,O0005505,C003075,P00136,2025-04-17,2025-04-01,2025-05-06,19,Home & Kitchen,Cookware,Latitude 54,Mobile App,FC-North,Swiftline,true,Wrong size,true,Recovered,1,1,18.93,0.72
R001747,OI0011365,O0005507,C003075,P00124,2025-08-05,2025-08-01,2025-08-18,13,Home & Kitchen,Bedding,Latitude 54,Mobile App,FC-North,Swiftline,true,Not as described,true,Recovered,1,1,26.41,11.71
R001748,OI0011366,O0005508,C003076,P00042,2024-12-16,2024-12-01,2025-01-06,21,Apparel,Knitwear,Latitude 54,Marketplace,FC-Central,Metro Post,true,Changed mind,true,Recovered,1,1,98.30,58.28
R001749,OI0011369,O0005509,C003076,P00065,2025-01-11,2025-01-01,2025-02-03,23,Footwear,Sandals,Ellery & Co,Mobile App,FC-Central,Swiftline,true,Not as described,true,Recovered,2,2,172.66,64.88
R001750,OI0011372,O0005511,C003078,P00189,2024-12-17,2024-12-01,2025-01-10,24,Sports & Outdoors,Camping,Brightpath,Marketplace,FC-South,Swiftline,true,Changed mind,true,Recovered,1,2,126.27,11.54
R001751,OI0011374,O0005512,C003078,P00059,2025-02-28,2025-02-01,2025-03-15,15,Footwear,Trainers,Latitude 54,Mobile App,FC-South,Metro Post,true,Damaged in transit,false,Written off,1,1,119.52,119.52
R001752,OI0011375,O0005513,C003078,P00054,2025-04-24,2025-04-01,2025-05-20,26,Footwear,Sandals,Mokkan,Web,FC-South,Metro Post,false,Faulty,false,Written off,1,1,52.46,52.46
R001753,OI0011383,O0005518,C003080,P00001,2024-12-18,2024-12-01,2025-01-13,26,Apparel,Dresses,Latitude 54,Web,FC-North,Swiftline,false,Wrong size,true,Recovered,1,1,38.97,24.82
R001754,OI0011388,O0005520,C003082,P00043,2024-12-15,2024-12-01,2025-01-07,23,Apparel,Denim,Puresel,Web,FC-North,Metro Post,true,Wrong size,true,Recovered,1,1,95.48,57.67
R001755,OI0011391,O0005523,C003085,P00072,2024-12-16,2024-12-01,2024-12-28,12,Footwear,Sandals,Brightpath,Mobile App,FC-South,Swiftline,true,Faulty,false,Written off,1,1,58.95,58.95
R001756,OI0011399,O0005529,C003088,P00066,2025-05-02,2025-05-01,2025-05-13,11,Footwear,Sandals,Puresel,Web,FC-South,Regional Freight,false,Arrived too late,true,Recovered,1,1,111.95,63.02
R001757,OI0011400,O0005529,C003088,P00028,2025-05-02,2025-05-01,2025-05-23,21,Apparel,Dresses,Mokkan,Web,FC-South,Regional Freight,false,Arrived too late,true,Recovered,1,1,31.99,20.25
R001758,OI0011406,O0005533,C003088,P00020,2025-11-09,2025-11-01,2025-11-16,7,Apparel,Denim,Ellery & Co,Mobile App,FC-South,Regional Freight,true,Changed mind,true,Recovered,1,1,131.49,84.57
R001759,OI0011413,O0005536,C003088,P00026,2026-05-23,2026-05-01,2026-06-11,19,Apparel,Dresses,Corda,Web,FC-South,Metro Post,true,Damaged in transit,false,Written off,1,1,34.19,34.19
R001760,OI0011425,O0005543,C003092,P00059,2025-03-02,2025-03-01,2025-03-23,21,Footwear,Trainers,Latitude 54,Marketplace,FC-North,Swiftline,true,Changed mind,true,Recovered,1,1,129.93,59.89
R001761,OI0011432,O0005547,C003094,P00050,2024-12-20,2024-12-01,2025-01-19,30,Apparel,Knitwear,Brightpath,Web,FC-North,Swiftline,true,Wrong size,true,Recovered,1,2,116.54,66.67
R001762,OI0011454,O0005557,C003101,P00126,2024-12-18,2024-12-01,2025-01-09,22,Home & Kitchen,Bedding,Puresel,Web,FC-North,Metro Post,true,Changed mind,true,Recovered,1,1,32.05,9.27
R001763,OI0011458,O0005558,C003101,P00011,2025-02-07,2025-02-01,2025-03-05,26,Apparel,Outerwear,Northvale,Web,FC-North,Swiftline,true,Changed mind,true,Recovered,1,1,133.12,81.92
R001764,OI0011463,O0005560,C003103,P00086,2024-12-18,2024-12-01,2024-12-25,7,Electronics,Audio,Brightpath,Mobile App,FC-Central,Metro Post,true,Faulty,false,Written off,2,2,526.18,526.18
R001765,OI0011469,O0005564,C003105,P00066,2025-03-12,2025-03-01,2025-03-29,17,Footwear,Sandals,Puresel,Web,FC-North,Metro Post,true,Wrong size,true,Recovered,1,1,111.95,63.02
R001766,OI0011476,O0005567,C003108,P00061,2024-12-20,2024-12-01,2025-01-11,22,Footwear,Trainers,Northvale,Mobile App,FC-Central,Metro Post,false,Changed mind,true,Recovered,3,3,132.84,75.39
R001767,OI0011480,O0005569,C003109,P00173,2025-01-11,2025-01-01,2025-02-07,27,Sports & Outdoors,Swim,Mokkan,Web,FC-North,Metro Post,true,Faulty,false,Written off,3,3,233.46,233.46
R001768,OI0011487,O0005571,C003110,P00073,2024-12-17,2024-12-01,2025-01-04,18,Footwear,Boots,Brightpath,Marketplace,FC-South,Swiftline,true,Wrong size,true,Recovered,1,1,79.76,41.34
R001769,OI0011506,O0005582,C003117,P00036,2024-12-21,2024-12-01,2024-12-28,7,Apparel,Dresses,Latitude 54,Mobile App,FC-Central,Metro Post,true,Not as described,true,Recovered,2,2,134.46,86.48
R001770,OI0011514,O0005585,C003119,P00054,2024-12-19,2024-12-01,2025-01-01,13,Footwear,Sandals,Mokkan,Mobile App,FC-Central,Regional Freight,false,Damaged in transit,false,Written off,3,3,134.87,134.87
R001771,OI0011523,O0005589,C003122,P00045,2024-12-19,2024-12-01,2024-12-26,7,Apparel,Knitwear,Puresel,Web,FC-Central,Regional Freight,false,Wrong size,true,Recovered,1,1,70.92,41.49
R001772,OI0011526,O0005591,C003123,P00125,2025-02-02,2025-02-01,2025-02-23,21,Home & Kitchen,Lighting,Latitude 54,Mobile App,FC-North,Swiftline,true,Faulty,false,Written off,1,1,100.06,100.06
R001773,OI0011534,O0005595,C003124,P00095,2025-07-27,2025-07-01,2025-08-15,19,Electronics,Small Appliances,Latitude 54,Web,FC-North,Swiftline,true,Wrong size,true,Recovered,1,1,304.86,-56.8
R001774,OI0011538,O0005598,C003125,P00058,2024-12-18,2024-12-01,2025-01-17,30,Footwear,Trainers,Brightpath,Marketplace,FC-South,Metro Post,false,Faulty,false,Written off,1,1,156.81,156.81
R001775,OI0011542,O0005599,C003125,P00184,2025-02-07,2025-02-01,2025-03-10,31,Sports & Outdoors,Swim,Ellery & Co,Mobile App,FC-South,Regional Freight,true,Wrong size,true,Recovered,2,2,385.03,144.93
R001776,OI0011543,O0005600,C003126,P00183,2024-12-18,2024-12-01,2025-01-02,15,Sports & Outdoors,Fitness,Ellery & Co,Web,FC-North,Swiftline,true,Wrong size,true,Recovered,1,1,274.44,126.16
R001777,OI0011573,O0005616,C003137,P00064,2025-05-13,2025-05-01,2025-05-18,5,Footwear,Boots,Mokkan,Web,FC-South,Swiftline,true,Faulty,false,Written off,1,1,75.51,75.51
R001778,OI0011576,O0005618,C003137,P00060,2025-10-07,2025-10-01,2025-10-29,22,Footwear,Formal,Corda,Web,FC-South,Swiftline,true,Changed mind,true,Recovered,1,1,139.31,73.37
R001779,OI0011579,O0005621,C003139,P00146,2025-03-23,2025-03-01,2025-04-13,21,Beauty,Fragrance,Mokkan,Mobile App,FC-South,Regional Freight,true,Changed mind,true,Recovered,1,1,45.85,30.03
R001780,OI0011580,O0005622,C003139,P00059,2025-04-21,2025-04-01,2025-05-17,26,Footwear,Trainers,Latitude 54,Web,FC-South,Regional Freight,false,Arrived too late,true,Recovered,1,1,129.93,59.89
R001781,OI0011598,O0005632,C003141,P00007,2024-12-21,2024-12-01,2025-01-08,18,Apparel,Denim,Northvale,Web,FC-North,Swiftline,true,Changed mind,true,Recovered,1,1,116.94,69.72
R001782,OI0011601,O0005634,C003142,P00173,2024-12-21,2024-12-01,2024-12-27,6,Sports & Outdoors,Swim,Mokkan,Web,FC-North,Metro Post,true,Wrong size,true,Recovered,1,1,74.85,33.17
R001783,OI0011606,O0005637,C003144,P00062,2024-12-23,2024-12-01,2025-01-07,15,Footwear,Formal,Latitude 54,Web,FC-South,Regional Freight,false,Not as described,true,Recovered,1,1,61.31,10.16
R001784,OI0011609,O0005638,C003145,P00180,2024-12-22,2024-12-01,2025-01-21,30,Sports & Outdoors,Fitness,Brightpath,Web,FC-Central,Regional Freight,true,Faulty,false,Written off,1,1,219.47,219.47
R001785,OI0011611,O0005640,C003147,P00017,2024-12-23,2024-12-01,2025-01-19,27,Apparel,Dresses,Corda,Web,FC-North,Swiftline,true,Wrong size,true,Recovered,1,1,27.43,15.56
R001786,OI0011614,O0005640,C003147,P00020,2024-12-23,2024-12-01,2024-12-29,6,Apparel,Denim,Ellery & Co,Web,FC-North,Swiftline,true,Wrong size,true,Recovered,2,2,262.98,169.14
R001787,OI0011630,O0005648,C003153,P00022,2025-02-04,2025-02-01,2025-02-23,19,Apparel,Knitwear,Northvale,Web,FC-Central,Metro Post,true,Damaged in transit,false,Written off,1,1,40.61,40.61
R001788,OI0011632,O0005648,C003153,P00038,2025-02-04,2025-02-01,2025-02-11,7,Apparel,Dresses,Ellery & Co,Web,FC-Central,Metro Post,true,Changed mind,true,Recovered,1,1,83.70,45.76
R001789,OI0011634,O0005649,C003153,P00094,2025-03-09,2025-03-01,2025-03-22,13,Electronics,Accessories,Latitude 54,Mobile App,FC-Central,Regional Freight,true,Wrong size,true,Recovered,2,2,769.90,136.28
R001790,OI0011637,O0005651,C003153,P00181,2026-01-25,2026-01-01,2026-02-16,22,Sports & Outdoors,Camping,Ellery & Co,Web,FC-Central,Regional Freight,true,Not as described,true,Recovered,1,1,136.76,3.75
R001791,OI0011638,O0005651,C003153,P00162,2026-01-25,2026-01-01,2026-02-23,29,Beauty,Haircare,Ellery & Co,Web,FC-Central,Regional Freight,true,Damaged in transit,false,Written off,1,1,35.32,35.32
R001792,OI0011646,O0005654,C003155,P00006,2025-01-31,2025-01-01,2025-02-13,13,Apparel,Denim,Puresel,Mobile App,FC-Central,Swiftline,true,Not as described,true,Recovered,1,1,31.44,19.56
R001793,OI0011648,O0005655,C003156,P00043,2024-12-21,2024-12-01,2025-01-23,33,Apparel,Denim,Puresel,Mobile App,FC-Central,Swiftline,false,Changed mind,true,Recovered,1,2,107.20,69.39
R001794,OI0011657,O0005659,C003158,P00178,2024-12-22,2024-12-01,2025-01-06,15,Sports & Outdoors,Fitness,Corda,Store,Store Pickup,,,Damaged in transit,false,Written off,1,1,131.69,131.69
R001795,OI0011661,O0005661,C003159,P00072,2024-12-22,2024-12-01,2025-01-05,14,Footwear,Sandals,Brightpath,Marketplace,FC-North,Metro Post,true,Wrong size,true,Recovered,1,1,58.95,35.37
R001796,OI0011688,O0005675,C003167,P00138,2024-12-22,2024-12-01,2024-12-27,5,Home & Kitchen,Bedding,Ellery & Co,Marketplace,FC-South,Regional Freight,true,Changed mind,true,Recovered,1,1,76.21,28.01
R001797,OI0011690,O0005676,C003168,P00142,2024-12-22,2024-12-01,2025-01-08,17,Home & Kitchen,Cookware,Northvale,Web,FC-Central,Metro Post,false,Changed mind,true,Recovered,1,1,134.16,58.3
R001798,OI0011694,O0005678,C003169,P00126,2025-03-08,2025-03-01,2025-03-18,10,Home & Kitchen,Bedding,Puresel,Mobile App,FC-North,Metro Post,true,Changed mind,true,Recovered,1,1,33.23,10.45
R001799,OI0011699,O0005680,C003170,P00058,2024-12-23,2024-12-01,2024-12-31,8,Footwear,Trainers,Brightpath,Mobile App,FC-North,Swiftline,false,Arrived too late,true,Recovered,1,1,156.81,82.76
R001800,OI0011718,O0005690,C003175,P00071,2025-08-12,2025-08-01,2025-09-03,22,Footwear,Boots,Puresel,Web,FC-North,Swiftline,true,Damaged in transit,false,Written off,1,1,122.76,122.76
R001801,OI0011724,O0005692,C003175,P00163,2026-01-14,2026-01-01,2026-02-02,19,Beauty,Haircare,Brightpath,Web,FC-North,Regional Freight,false,Wrong size,true,Recovered,1,1,39.36,25.44
R001802,OI0011728,O0005694,C003175,P00074,2026-05-07,2026-05-01,2026-05-16,9,Footwear,Trainers,Puresel,Marketplace,FC-North,Metro Post,true,Changed mind,true,Recovered,1,1,128.17,80.38
R001803,OI0011738,O0005699,C003178,P00034,2024-12-21,2024-12-01,2024-12-30,9,Apparel,Dresses,Latitude 54,Web,FC-South,Regional Freight,true,Changed mind,true,Recovered,1,1,41.79,20.17
R001804,OI0011786,O0005723,C003188,P00074,2024-12-24,2024-12-01,2025-01-15,22,Footwear,Trainers,Puresel,Mobile App,FC-Central,Regional Freight,true,Changed mind,true,Recovered,3,3,384.51,241.14
R001805,OI0011789,O0005725,C003190,P00064,2024-12-25,2024-12-01,2025-01-01,7,Footwear,Boots,Mokkan,Mobile App,FC-South,Regional Freight,false,Arrived too late,true,Recovered,1,1,78.82,36.18
R001806,OI0011790,O0005725,C003190,P00054,2024-12-25,2024-12-01,2025-01-05,11,Footwear,Sandals,Mokkan,Mobile App,FC-South,Regional Freight,false,Faulty,false,Written off,1,1,59.52,59.52
R001807,OI0011791,O0005725,C003190,P00057,2024-12-25,2024-12-01,2025-01-12,18,Footwear,Trainers,Puresel,Mobile App,FC-South,Regional Freight,false,Changed mind,true,Recovered,1,1,48.14,21.96
R001808,OI0011806,O0005734,C003196,P00117,2025-02-15,2025-02-01,2025-03-06,19,Home & Kitchen,Bedding,Ellery & Co,Mobile App,FC-South,Regional Freight,false,Wrong size,true,Recovered,1,1,134.40,55.77
R001809,OI0011809,O0005735,C003197,P00140,2024-12-22,2024-12-01,2024-12-27,5,Home & Kitchen,Lighting,Brightpath,Marketplace,FC-North,Regional Freight,true,Damaged in transit,false,Written off,1,2,50.12,50.12
R001810,OI0011811,O0005736,C003198,P00016,2024-12-25,2024-12-01,2025-01-22,28,Apparel,Knitwear,Brightpath,Web,FC-South,Metro Post,true,Damaged in transit,false,Written off,1,1,54.64,54.64
R001811,OI0011817,O0005740,C003200,P00173,2024-12-23,2024-12-01,2024-12-31,8,Sports & Outdoors,Swim,Mokkan,Web,FC-North,Swiftline,true,Wrong size,true,Recovered,1,1,77.82,36.14
R001812,OI0011820,O0005742,C003201,P00049,2024-12-23,2024-12-01,2025-01-05,13,Apparel,Tops,Brightpath,Marketplace,FC-South,Metro Post,false,Changed mind,true,Recovered,1,1,45.89,26.99
R001813,OI0011836,O0005751,C003206,P00161,2025-02-14,2025-02-01,2025-03-10,24,Beauty,Fragrance,Northvale,Web,FC-North,Swiftline,true,Arrived too late,true,Recovered,2,2,121.35,80.19
R001814,OI0011866,O0005768,C003221,P00062,2024-12-28,2024-12-01,2025-01-28,31,Footwear,Formal,Latitude 54,Web,FC-South,Metro Post,false,Changed mind,true,Recovered,1,1,120.05,68.9
R001815,OI0011867,O0005769,C003222,P00037,2024-12-27,2024-12-01,2025-01-25,29,Apparel,Tops,Brightpath,Web,FC-North,Swiftline,true,Changed mind,true,Recovered,1,1,116.64,66.03
R001816,OI0011868,O0005769,C003222,P00023,2024-12-27,2024-12-01,2025-01-23,27,Apparel,Tops,Latitude 54,Web,FC-North,Swiftline,true,Arrived too late,true,Recovered,1,2,49.23,31.49
R001817,OI0011872,O0005771,C003223,P00030,2025-03-07,2025-03-01,2025-03-24,17,Apparel,Denim,Latitude 54,Mobile App,FC-North,Metro Post,true,Not as described,true,Recovered,3,3,283.83,156.39
R001818,OI0011879,O0005773,C003224,P00073,2024-12-26,2024-12-01,2025-01-08,13,Footwear,Boots,Brightpath,Store,Store Pickup,,,Wrong size,true,Recovered,1,1,79.76,41.34
R001819,OI0011880,O0005774,C003224,P00077,2025-04-02,2025-04-01,2025-05-01,29,Footwear,Boots,Ellery & Co,Web,FC-South,Regional Freight,true,Wrong size,true,Recovered,1,2,105.21,64.29
R001820,OI0011883,O0005775,C003225,P00088,2024-12-25,2024-12-01,2025-01-07,13,Electronics,Audio,Mokkan,Store,Store Pickup,,,Changed mind,true,Recovered,1,1,384.21,84.94
R001821,OI0011886,O0005776,C003226,P00171,2024-12-25,2024-12-01,2025-01-04,10,Sports & Outdoors,Cycling,Ellery & Co,Web,FC-Central,Metro Post,true,Wrong size,true,Recovered,4,4,272.76,104.28
R001822,OI0011892,O0005779,C003226,P00179,2025-05-08,2025-05-01,2025-06-08,31,Sports & Outdoors,Fitness,Mokkan,Mobile App,FC-Central,Swiftline,true,Changed mind,true,Recovered,1,1,38.87,8.14
R001823,OI0011899,O0005783,C003229,P00059,2024-12-27,2024-12-01,2025-01-16,20,Footwear,Trainers,Latitude 54,Web,FC-South,Swiftline,true,Wrong size,true,Recovered,1,1,107.61,37.57
R001824,OI0011901,O0005784,C003230,P00063,2024-12-24,2024-12-01,2025-01-24,31,Footwear,Formal,Northvale,Mobile App,FC-Central,Swiftline,true,Damaged in transit,false,Written off,1,1,36.53,36.53
R001825,OI0011905,O0005785,C003230,P00041,2025-01-15,2025-01-01,2025-02-05,21,Apparel,Outerwear,Latitude 54,Mobile App,FC-Central,Swiftline,true,Damaged in transit,false,Written off,1,1,90.23,90.23
R001826,OI0011907,O0005786,C003230,P00166,2025-03-11,2025-03-01,2025-04-05,25,Beauty,Skincare,Ellery & Co,Store,Store Pickup,,,Changed mind,true,Recovered,1,1,74.32,54.75
R001827,OI0011912,O0005789,C003231,P00030,2025-10-15,2025-10-01,2025-10-31,16,Apparel,Denim,Latitude 54,Marketplace,FC-Central,Metro Post,true,Damaged in transit,false,Written off,1,1,99.97,99.97
R001828,OI0011915,O0005792,C003232,P00172,2025-02-18,2025-02-01,2025-03-17,27,Sports & Outdoors,Fitness,Ellery & Co,Web,FC-North,Metro Post,true,Damaged in transit,false,Written off,1,1,93.79,93.79
R001829,OI0011927,O0005797,C003233,P00067,2025-10-09,2025-10-01,2025-10-21,12,Footwear,Sandals,Corda,Marketplace,FC-South,Regional Freight,true,Damaged in transit,false,Written off,1,1,78.15,78.15
R001830,OI0011931,O0005798,C003233,P00086,2026-01-13,2026-01-01,2026-02-06,24,Electronics,Audio,Brightpath,Web,FC-South,Regional Freight,false,Arrived too late,true,Recovered,1,1,184.66,-26.36
R001831,OI0011937,O0005803,C003235,P00005,2024-12-26,2024-12-01,2025-01-13,18,Apparel,Knitwear,Ellery & Co,Mobile App,FC-Central,Regional Freight,true,Wrong size,true,Recovered,1,1,51.99,30.11
R001832,OI0011949,O0005809,C003239,P00173,2024-12-24,2024-12-01,2025-01-11,18,Sports & Outdoors,Swim,Mokkan,Web,FC-North,Swiftline,true,Wrong size,true,Recovered,1,1,49.16,7.48
R001833,OI0011954,O0005812,C003240,P00180,2024-12-28,2024-12-01,2025-01-19,22,Sports & Outdoors,Fitness,Brightpath,Web,FC-South,Regional Freight,true,Damaged in transit,false,Written off,1,1,219.47,219.47
R001834,OI0011955,O0005813,C003241,P00024,2024-12-27,2024-12-01,2025-01-11,15,Apparel,Outerwear,Brightpath,Mobile App,FC-Central,Metro Post,true,Not as described,true,Recovered,1,1,35.49,19.91
R001835,OI0011967,O0005818,C003242,P00154,2025-04-28,2025-04-01,2025-05-10,12,Beauty,Cosmetics,Ellery & Co,Store,Store Pickup,,,Wrong size,true,Recovered,1,1,32.69,18.28
R001836,OI0011970,O0005819,C003242,P00069,2025-05-15,2025-05-01,2025-05-23,8,Footwear,Sandals,Brightpath,Mobile App,FC-Central,Metro Post,true,Not as described,true,Recovered,1,2,108.84,48.63
R001837,OI0011978,O0005823,C003244,P00135,2024-12-26,2024-12-01,2025-01-11,16,Home & Kitchen,Bedding,Ellery & Co,Marketplace,FC-North,Swiftline,true,Arrived too late,true,Recovered,2,2,280.70,106.12
R001838,OI0011983,O0005826,C003246,P00041,2024-12-26,2024-12-01,2025-01-04,9,Apparel,Outerwear,Latitude 54,Store,Store Pickup,,,Faulty,false,Written off,1,1,125.23,125.23
R001839,OI0011989,O0005829,C003247,P00180,2024-12-29,2024-12-01,2025-01-29,31,Sports & Outdoors,Fitness,Brightpath,Web,FC-South,Metro Post,false,Arrived too late,true,Recovered,1,1,219.47,90.77
R001840,OI0012011,O0005837,C003253,P00060,2025-03-31,2025-03-01,2025-04-19,19,Footwear,Formal,Corda,Marketplace,FC-Central,Metro Post,true,Changed mind,true,Recovered,1,2,139.31,73.37
R001841,OI0012018,O0005841,C003256,P00140,2025-03-24,2025-03-01,2025-04-04,11,Home & Kitchen,Lighting,Brightpath,Web,FC-South,Regional Freight,true,Changed mind,true,Recovered,1,1,50.12,20.5
R001842,OI0012020,O0005843,C003257,P00107,2025-04-26,2025-04-01,2025-04-28,2,Electronics,Wearables,Corda,Store,Store Pickup,,,Changed mind,true,Recovered,1,1,109.03,12.17
R001843,OI0012026,O0005847,C003259,P00143,2025-07-11,2025-07-01,2025-07-29,18,Home & Kitchen,Tableware,Mokkan,Mobile App,FC-North,Swiftline,true,Not as described,true,Recovered,1,1,19.52,5.54
R001844,OI0012028,O0005847,C003259,P00075,2025-07-11,2025-07-01,2025-07-27,16,Footwear,Formal,Latitude 54,Mobile App,FC-North,Swiftline,true,Changed mind,true,Recovered,1,1,51.74,25.32
R001845,OI0012031,O0005848,C003259,P00184,2025-08-28,2025-08-01,2025-09-14,17,Sports & Outdoors,Swim,Ellery & Co,Web,FC-North,Swiftline,true,Wrong size,true,Recovered,1,1,208.78,88.73
R001846,OI0012036,O0005852,C003261,P00073,2024-12-29,2024-12-01,2025-01-25,27,Footwear,Boots,Brightpath,Mobile App,FC-North,Metro Post,true,Not as described,true,Recovered,1,1,35.89,-2.53
R001847,OI0012041,O0005853,C003262,P00072,2024-12-31,2024-12-01,2025-01-31,31,Footwear,Sandals,Brightpath,Mobile App,FC-Central,Swiftline,false,Damaged in transit,false,Written off,1,1,58.95,58.95
R001848,OI0012047,O0005857,C003264,P00079,2025-01-22,2025-01-01,2025-01-29,7,Footwear,Sandals,Mokkan,Marketplace,FC-Central,Swiftline,true,Not as described,true,Recovered,2,2,135.48,45.94
R001849,OI0012048,O0005858,C003265,P00113,2024-12-31,2024-12-01,2025-01-30,30,Home & Kitchen,Storage,Mokkan,Marketplace,FC-Central,Metro Post,true,Wrong size,true,Recovered,1,1,86.78,35.92
R001850,OI0012063,O0005866,C003269,P00145,2024-12-31,2024-12-01,2025-01-25,25,Beauty,Cosmetics,Ellery & Co,Web,FC-Central,Swiftline,true,Wrong size,true,Recovered,1,1,66.69,39.22
R001851,OI0012067,O0005867,C003270,P00172,2024-12-28,2024-12-01,2025-01-16,19,Sports & Outdoors,Fitness,Ellery & Co,Marketplace,FC-Central,Metro Post,true,Damaged in transit,false,Written off,1,1,93.79,93.79
R001852,OI0012072,O0005869,C003271,P00025,2024-12-27,2024-12-01,2025-01-26,30,Apparel,Outerwear,Corda,Marketplace,FC-Central,Metro Post,true,Wrong size,true,Recovered,1,1,125.94,77.04
R001853,OI0012075,O0005871,C003273,P00072,2024-12-30,2024-12-01,2025-01-09,10,Footwear,Sandals,Brightpath,Web,FC-North,Swiftline,true,Not as described,true,Recovered,1,4,48.95,25.37
R001854,OI0012085,O0005876,C003276,P00055,2024-12-30,2024-12-01,2025-01-04,5,Footwear,Trainers,Ellery & Co,Store,Store Pickup,,,Wrong size,true,Recovered,1,3,26.67,7.53
R001855,OI0012099,O0005884,C003280,P00065,2025-06-03,2025-06-01,2025-06-21,18,Footwear,Sandals,Ellery & Co,Mobile App,FC-South,Swiftline,true,Not as described,true,Recovered,1,1,94.68,40.79
R001856,OI0012100,O0005884,C003280,P00002,2025-06-03,2025-06-01,2025-06-14,11,Apparel,Knitwear,Brightpath,Mobile App,FC-South,Swiftline,true,Changed mind,true,Recovered,1,1,81.68,42.82
R001857,OI0012103,O0005886,C003280,P00049,2025-09-08,2025-09-01,2025-09-16,8,Apparel,Tops,Brightpath,Store,Store Pickup,,,Damaged in transit,false,Written off,2,2,91.78,91.78
R001858,OI0012104,O0005886,C003280,P00033,2025-09-08,2025-09-01,2025-09-20,12,Apparel,Denim,Northvale,Store,Store Pickup,,,Changed mind,true,Recovered,1,1,44.67,26.8
R001859,OI0012125,O0005896,C003283,P00046,2025-03-17,2025-03-01,2025-04-09,23,Apparel,Dresses,Brightpath,Mobile App,FC-North,Regional Freight,false,Not as described,true,Recovered,1,1,96.37,45.29
R001860,OI0012126,O0005896,C003283,P00085,2025-03-17,2025-03-01,2025-04-04,18,Electronics,Wearables,Ellery & Co,Mobile App,FC-North,Regional Freight,false,Not as described,true,Recovered,1,2,166.79,20.36
R001861,OI0012130,O0005898,C003285,P00099,2024-12-29,2024-12-01,2025-01-18,20,Electronics,Small Appliances,Latitude 54,Web,FC-South,Regional Freight,false,Arrived too late,true,Recovered,1,1,253.68,-108.22
R001862,OI0012131,O0005898,C003285,P00096,2024-12-29,2024-12-01,2025-01-28,30,Electronics,Accessories,Mokkan,Web,FC-South,Regional Freight,false,Faulty,false,Written off,1,1,448.18,448.18
R001863,OI0012134,O0005899,C003285,P00071,2025-02-22,2025-02-01,2025-03-09,15,Footwear,Boots,Puresel,Marketplace,FC-South,Regional Freight,true,Wrong size,true,Recovered,1,1,122.76,66.8
R001864,OI0012136,O0005900,C003286,P00067,2024-12-31,2024-12-01,2025-01-25,25,Footwear,Sandals,Corda,Mobile App,FC-South,Regional Freight,true,Wrong size,true,Recovered,1,1,63.86,32.44
R001865,OI0012143,O0005906,C003290,P00027,2024-12-31,2024-12-01,2025-01-16,16,Apparel,Outerwear,Mokkan,Marketplace,FC-South,Regional Freight,true,Arrived too late,true,Recovered,1,1,30.72,17.4
R001866,OI0012151,O0005909,C003291,P00183,2025-04-17,2025-04-01,2025-05-07,20,Sports & Outdoors,Fitness,Ellery & Co,Marketplace,FC-North,Metro Post,true,Not as described,true,Recovered,1,1,264.31,116.03
R001867,OI0012153,O0005910,C003292,P00098,2024-12-30,2024-12-01,2025-01-08,9,Electronics,Audio,Brightpath,Web,FC-Central,Metro Post,true,Changed mind,true,Recovered,1,1,126.60,21.07
R001868,OI0012156,O0005913,C003293,P00097,2025-03-04,2025-03-01,2025-03-15,11,Electronics,Audio,Corda,Store,Store Pickup,,,Not as described,true,Recovered,1,1,260.61,39.34
R001869,OI0012161,O0005916,C003296,P00107,2025-01-02,2025-01-01,2025-02-02,31,Electronics,Wearables,Corda,Mobile App,FC-South,Swiftline,true,Damaged in transit,false,Written off,1,1,109.03,109.03
R001870,OI0012168,O0005920,C003297,P00037,2025-02-21,2025-02-01,2025-02-27,6,Apparel,Tops,Brightpath,Web,FC-South,Regional Freight,true,Wrong size,true,Recovered,1,1,116.64,66.03
R001871,OI0012170,O0005920,C003297,P00067,2025-02-21,2025-02-01,2025-03-08,15,Footwear,Sandals,Corda,Web,FC-South,Regional Freight,true,Faulty,false,Written off,1,1,78.15,78.15
R001872,OI0012177,O0005922,C003298,P00181,2025-01-14,2025-01-01,2025-01-28,14,Sports & Outdoors,Camping,Ellery & Co,Web,FC-Central,Regional Freight,true,Wrong size,true,Recovered,1,1,206.33,73.32
R001873,OI0012182,O0005925,C003301,P00124,2025-01-02,2025-01-01,2025-01-09,7,Home & Kitchen,Bedding,Latitude 54,Mobile App,FC-South,Regional Freight,true,Wrong size,true,Recovered,1,1,30.80,16.1
R001874,OI0012204,O0005935,C003306,P00115,2025-01-03,2025-01-01,2025-01-26,23,Home & Kitchen,Lighting,Puresel,Store,Store Pickup,,,Not as described,true,Recovered,1,1,68.41,-2.22
R001875,OI0012225,O0005947,C003310,P00128,2024-12-31,2024-12-01,2025-01-23,23,Home & Kitchen,Bedding,Northvale,Web,FC-South,Regional Freight,true,Changed mind,true,Recovered,1,1,22.27,9.7
R001876,OI0012228,O0005949,C003310,P00136,2025-05-08,2025-05-01,2025-06-10,33,Home & Kitchen,Cookware,Latitude 54,Mobile App,FC-South,Metro Post,false,Not as described,true,Recovered,1,1,29.59,11.38
R001877,OI0012229,O0005949,C003310,P00031,2025-05-08,2025-05-01,2025-05-25,17,Apparel,Dresses,Brightpath,Mobile App,FC-South,Metro Post,false,Changed mind,true,Recovered,1,1,65.95,28.46
R001878,OI0012230,O0005949,C003310,P00140,2025-05-08,2025-05-01,2025-05-20,12,Home & Kitchen,Lighting,Brightpath,Mobile App,FC-South,Metro Post,false,Wrong size,true,Recovered,1,1,50.12,20.5
R001879,OI0012234,O0005951,C003310,P00131,2025-07-15,2025-07-01,2025-07-31,16,Home & Kitchen,Cookware,Mokkan,Mobile App,FC-South,Regional Freight,true,Changed mind,true,Recovered,1,1,107.23,33.76
R001880,OI0012240,O0005954,C003312,P00103,2025-02-23,2025-02-01,2025-03-27,32,Electronics,Small Appliances,Latitude 54,Web,FC-South,Regional Freight,false,Damaged in transit,false,Written off,1,3,111.90,111.9
R001881,OI0012241,O0005955,C003313,P00052,2024-12-31,2024-12-01,2025-01-08,8,Apparel,Dresses,Corda,Web,FC-South,Metro Post,true,Changed mind,true,Recovered,1,1,64.55,40.52
R001882,OI0012243,O0005955,C003313,P00017,2024-12-31,2024-12-01,2025-01-13,13,Apparel,Dresses,Corda,Web,FC-South,Metro Post,true,Changed mind,true,Recovered,1,1,27.43,15.56
R001883,OI0012244,O0005955,C003313,P00053,2024-12-31,2024-12-01,2025-01-13,13,Apparel,Tops,Latitude 54,Web,FC-South,Metro Post,true,Not as described,true,Recovered,1,1,103.71,65.68
R001884,OI0012252,O0005961,C003317,P00080,2025-01-03,2025-01-01,2025-01-15,12,Footwear,Sandals,Ellery & Co,Mobile App,FC-South,Metro Post,true,Changed mind,true,Recovered,1,1,49.77,26.47
R001885,OI0012255,O0005961,C003317,P00078,2025-01-03,2025-01-01,2025-01-20,17,Footwear,Sandals,Corda,Mobile App,FC-South,Metro Post,true,Not as described,true,Recovered,1,1,128.93,67.91
R001886,OI0012262,O0005964,C003319,P00146,2025-03-24,2025-03-01,2025-04-09,16,Beauty,Fragrance,Mokkan,Marketplace,FC-South,Regional Freight,false,Not as described,true,Recovered,1,1,45.85,30.03
R001887,OI0012265,O0005967,C003320,P00170,2025-03-24,2025-03-01,2025-04-10,17,Sports & Outdoors,Cycling,Corda,Web,FC-North,Metro Post,true,Faulty,false,Written off,1,1,216.26,216.26
R001888,OI0012269,O0005969,C003321,P00046,2024-12-30,2024-12-01,2025-01-21,22,Apparel,Dresses,Brightpath,Mobile App,FC-South,Regional Freight,false,Arrived too late,true,Recovered,1,1,61.42,10.34
R001889,OI0012272,O0005971,C003322,P00088,2025-02-08,2025-02-01,2025-02-26,18,Electronics,Audio,Mokkan,Store,Store Pickup,,,Changed mind,true,Recovered,1,1,384.21,84.94
R001890,OI0012280,O0005973,C003324,P00005,2025-01-03,2025-01-01,2025-02-01,29,Apparel,Knitwear,Ellery & Co,Marketplace,FC-North,Metro Post,true,Changed mind,true,Recovered,1,1,51.99,30.11
R001891,OI0012281,O0005973,C003324,P00047,2025-01-03,2025-01-01,2025-01-17,14,Apparel,Dresses,Puresel,Marketplace,FC-North,Metro Post,true,Not as described,true,Recovered,1,3,50.58,5.33
R001892,OI0012282,O0005974,C003325,P00030,2025-01-02,2025-01-01,2025-01-06,4,Apparel,Denim,Latitude 54,Mobile App,FC-South,Regional Freight,true,Damaged in transit,false,Written off,1,1,99.97,99.97
R001893,OI0012288,O0005978,C003328,P00026,2025-01-04,2025-01-01,2025-01-08,4,Apparel,Dresses,Corda,Store,Store Pickup,,,Wrong size,true,Recovered,1,1,34.19,16.49
R001894,OI0012297,O0005983,C003332,P00183,2025-02-08,2025-02-01,2025-02-20,12,Sports & Outdoors,Fitness,Ellery & Co,Web,FC-South,Regional Freight,false,Arrived too late,true,Recovered,1,3,227.04,78.76
R001895,OI0012306,O0005988,C003335,P00091,2025-04-17,2025-04-01,2025-05-03,16,Electronics,Small Appliances,Mokkan,Web,FC-Central,Regional Freight,true,Faulty,false,Written off,1,1,437.76,437.76
R001896,OI0012307,O0005988,C003335,P00097,2025-04-17,2025-04-01,2025-04-24,7,Electronics,Audio,Corda,Web,FC-Central,Regional Freight,true,Changed mind,true,Recovered,1,1,260.61,39.34
R001897,OI0012313,O0005991,C003336,P00061,2025-04-29,2025-04-01,2025-05-15,16,Footwear,Trainers,Northvale,Mobile App,FC-South,Regional Freight,true,Damaged in transit,false,Written off,2,2,77.87,77.87
R001898,OI0012324,O0005998,C003341,P00129,2025-02-19,2025-02-01,2025-02-28,9,Home & Kitchen,Cookware,Ellery & Co,Web,FC-Central,Regional Freight,true,Changed mind,true,Recovered,1,1,35.64,-4.52
R001899,OI0012331,O0006000,C003341,P00122,2025-05-21,2025-05-01,2025-06-10,20,Home & Kitchen,Cookware,Ellery & Co,Web,FC-Central,Swiftline,true,Changed mind,true,Recovered,1,1,48.42,16.85
R001900,OI0012340,O0006003,C003344,P00011,2025-01-05,2025-01-01,2025-02-04,30,Apparel,Outerwear,Northvale,Marketplace,FC-Central,Swiftline,true,Changed mind,true,Recovered,1,1,133.12,81.92
R001901,OI0012353,O0006007,C003347,P00078,2025-01-06,2025-01-01,2025-01-17,11,Footwear,Sandals,Corda,Store,Store Pickup,,,Wrong size,true,Recovered,1,1,128.93,67.91
R001902,OI0012359,O0006010,C003349,P00133,2025-02-01,2025-02-01,2025-03-01,28,Home & Kitchen,Cookware,Latitude 54,Web,FC-South,Regional Freight,true,Wrong size,true,Recovered,1,1,184.72,74.35
R001903,OI0012361,O0006012,C003349,P00057,2025-05-18,2025-05-01,2025-06-19,32,Footwear,Trainers,Puresel,Mobile App,FC-South,Swiftline,true,Changed mind,true,Recovered,1,1,65.94,39.76
R001904,OI0012363,O0006014,C003350,P00056,2025-05-27,2025-05-01,2025-06-09,13,Footwear,Sandals,Puresel,Mobile App,FC-South,Metro Post,true,Wrong size,true,Recovered,1,1,105.15,60.28
R001905,OI0012368,O0006015,C003350,P00118,2025-06-18,2025-06-01,2025-07-08,20,Home & Kitchen,Tableware,Ellery & Co,Web,FC-South,Regional Freight,false,Not as described,true,Recovered,1,1,26.40,11.23
R001906,OI0012370,O0006016,C003350,P00007,2025-08-23,2025-08-01,2025-08-29,6,Apparel,Denim,Northvale,Store,Store Pickup,,,Changed mind,true,Recovered,1,1,116.94,69.72
R001907,OI0012371,O0006017,C003350,P00076,2025-11-14,2025-11-01,2025-12-01,17,Footwear,Trainers,Puresel,Mobile App,FC-South,Regional Freight,false,Arrived too late,true,Recovered,1,1,60.49,26.21
R001908,OI0012376,O0006019,C003352,P00120,2025-01-03,2025-01-01,2025-01-31,28,Home & Kitchen,Lighting,Northvale,Mobile App,FC-North,Metro Post,true,Changed mind,true,Recovered,1,1,57.88,0.57
R001909,OI0012380,O0006020,C003353,P00104,2025-01-06,2025-01-01,2025-02-03,28,Electronics,Audio,Brightpath,Marketplace,FC-South,Swiftline,true,Not as described,true,Recovered,1,1,175.32,16.48
R001910,OI0012384,O0006023,C003355,P00024,2025-01-03,2025-01-01,2025-01-16,13,Apparel,Outerwear,Brightpath,Mobile App,FC-South,Metro Post,true,Wrong size,true,Recovered,1,1,35.49,19.91
R001911,OI0012385,O0006023,C003355,P00020,2025-01-03,2025-01-01,2025-02-02,30,Apparel,Denim,Ellery & Co,Mobile App,FC-South,Metro Post,true,Arrived too late,true,Recovered,1,1,131.49,84.57
R001912,OI0012387,O0006024,C003355,P00052,2025-07-10,2025-07-01,2025-08-03,24,Apparel,Dresses,Corda,Web,FC-South,Swiftline,true,Faulty,false,Written off,1,1,64.55,64.55
R001913,OI0012389,O0006026,C003356,P00088,2025-05-07,2025-05-01,2025-05-20,13,Electronics,Audio,Mokkan,Marketplace,FC-Central,Metro Post,true,Faulty,false,Written off,1,1,360.35,360.35
R001914,OI0012400,O0006032,C003359,P00164,2025-01-04,2025-01-01,2025-01-13,9,Beauty,Cosmetics,Ellery & Co,Marketplace,FC-Central,Regional Freight,false,Arrived too late,true,Recovered,1,1,55.17,30.46
R001915,OI0012401,O0006032,C003359,P00154,2025-01-04,2025-01-01,2025-02-04,31,Beauty,Cosmetics,Ellery & Co,Marketplace,FC-Central,Regional Freight,false,Damaged in transit,false,Written off,4,4,155.12,155.12
R001916,OI0012405,O0006034,C003360,P00087,2025-05-03,2025-05-01,2025-05-08,5,Electronics,Audio,Brightpath,Web,FC-Central,Swiftline,true,Damaged in transit,false,Written off,1,1,437.19,437.19
R001917,OI0012406,O0006035,C003360,P00032,2025-07-04,2025-07-01,2025-07-31,27,Apparel,Outerwear,Mokkan,Mobile App,FC-Central,Swiftline,true,Not as described,true,Recovered,1,1,34.46,22.06
R001918,OI0012407,O0006035,C003360,P00187,2025-07-04,2025-07-01,2025-07-15,11,Sports & Outdoors,Camping,Puresel,Mobile App,FC-Central,Swiftline,true,Changed mind,true,Recovered,1,1,122.63,17.96
R001919,OI0012409,O0006036,C003361,P00175,2025-01-08,2025-01-01,2025-01-27,19,Sports & Outdoors,Camping,Ellery & Co,Web,FC-North,Swiftline,true,Faulty,false,Written off,1,1,241.41,241.41
R001920,OI0012423,O0006042,C003363,P00056,2025-05-01,2025-05-01,2025-05-14,13,Footwear,Sandals,Puresel,Web,FC-South,Swiftline,true,Wrong size,true,Recovered,1,1,105.15,60.28
R001921,OI0012426,O0006044,C003364,P00048,2025-01-05,2025-01-01,2025-01-15,10,Apparel,Dresses,Latitude 54,Marketplace,FC-North,Metro Post,true,Changed mind,true,Recovered,1,1,122.50,66.99
R001922,OI0012427,O0006044,C003364,P00102,2025-01-05,2025-01-01,2025-01-27,22,Electronics,Small Appliances,Corda,Marketplace,FC-North,Metro Post,true,Arrived too late,true,Recovered,1,2,196.62,-19.28
R001923,OI0012431,O0006045,C003365,P00043,2025-01-04,2025-01-01,2025-01-19,15,Apparel,Denim,Puresel,Mobile App,FC-South,Metro Post,true,Changed mind,true,Recovered,1,1,85.02,47.21
R001924,OI0012433,O0006046,C003366,P00049,2025-01-06,2025-01-01,2025-01-20,14,Apparel,Tops,Brightpath,Web,FC-South,Swiftline,true,Changed mind,true,Recovered,1,1,36.83,17.93
R001925,OI0012441,O0006050,C003368,P00035,2025-03-21,2025-03-01,2025-04-04,14,Apparel,Outerwear,Northvale,Marketplace,FC-South,Metro Post,true,Changed mind,true,Recovered,1,1,131.59,67.13
R001926,OI0012442,O0006050,C003368,P00014,2025-03-21,2025-03-01,2025-03-28,7,Apparel,Dresses,Corda,Marketplace,FC-South,Metro Post,true,Changed mind,true,Recovered,1,1,87.12,49.84
R001927,OI0012453,O0006054,C003369,P00045,2025-02-26,2025-02-01,2025-03-06,8,Apparel,Knitwear,Puresel,Mobile App,FC-Central,Metro Post,true,Faulty,false,Written off,1,1,56.62,56.62
R001928,OI0012454,O0006054,C003369,P00010,2025-02-26,2025-02-01,2025-03-03,5,Apparel,Denim,Puresel,Mobile App,FC-Central,Metro Post,true,Wrong size,true,Recovered,1,1,28.00,15.12
R001929,OI0012459,O0006057,C003371,P00056,2025-01-09,2025-01-01,2025-01-25,16,Footwear,Sandals,Puresel,Web,FC-South,Regional Freight,true,Arrived too late,true,Recovered,2,2,210.30,120.56
R001930,OI0012464,O0006062,C003373,P00062,2025-01-10,2025-01-01,2025-01-20,10,Footwear,Formal,Latitude 54,Mobile App,FC-South,Regional Freight,false,Changed mind,true,Recovered,1,1,72.88,21.73
R001931,OI0012466,O0006062,C003373,P00118,2025-01-10,2025-01-01,2025-02-12,33,Home & Kitchen,Tableware,Ellery & Co,Mobile App,FC-South,Regional Freight,false,Wrong size,true,Recovered,1,1,18.50,3.33
R001932,OI0012472,O0006066,C003375,P00120,2025-01-06,2025-01-01,2025-01-13,7,Home & Kitchen,Lighting,Northvale,Marketplace,FC-Central,Swiftline,true,Changed mind,true,Recovered,2,2,195.90,81.28
R001933,OI0012476,O0006068,C003376,P00031,2025-01-10,2025-01-01,2025-01-29,19,Apparel,Dresses,Brightpath,Web,FC-South,Swiftline,true,Damaged in transit,false,Written off,1,1,87.04,87.04
R001934,OI0012481,O0006070,C003376,P00025,2025-03-19,2025-03-01,2025-04-05,17,Apparel,Outerwear,Corda,Web,FC-South,Regional Freight,true,Damaged in transit,false,Written off,1,1,125.94,125.94
R001935,OI0012484,O0006071,C003377,P00102,2025-01-11,2025-01-01,2025-01-28,17,Electronics,Small Appliances,Corda,Web,FC-South,Swiftline,false,Arrived too late,true,Recovered,1,1,243.13,27.23
R001936,OI0012493,O0006076,C003381,P00039,2025-01-08,2025-01-01,2025-01-16,8,Apparel,Outerwear,Latitude 54,Web,FC-Central,Regional Freight,true,Faulty,false,Written off,1,1,25.56,25.56
R001937,OI0012494,O0006076,C003381,P00140,2025-01-08,2025-01-01,2025-01-17,9,Home & Kitchen,Lighting,Brightpath,Web,FC-Central,Regional Freight,true,Not as described,true,Recovered,1,1,50.12,20.5
R001938,OI0012495,O0006076,C003381,P00010,2025-01-08,2025-01-01,2025-01-22,14,Apparel,Denim,Puresel,Web,FC-Central,Regional Freight,true,Damaged in transit,false,Written off,2,2,48.42,48.42
R001939,OI0012498,O0006078,C003383,P00002,2025-01-07,2025-01-01,2025-02-02,26,Apparel,Knitwear,Brightpath,Web,FC-South,Regional Freight,true,Changed mind,true,Recovered,1,1,47.15,8.29
R001940,OI0012508,O0006084,C003389,P00079,2025-01-11,2025-01-01,2025-02-08,28,Footwear,Sandals,Mokkan,Web,FC-Central,Regional Freight,true,Wrong size,true,Recovered,1,1,67.74,22.97
R001941,OI0012512,O0006085,C003390,P00119,2025-01-11,2025-01-01,2025-01-20,9,Home & Kitchen,Storage,Puresel,Store,Store Pickup,,,Changed mind,true,Recovered,1,1,154.08,26.47
R001942,OI0012515,O0006088,C003393,P00021,2025-01-12,2025-01-01,2025-02-05,24,Apparel,Denim,Northvale,Mobile App,FC-Central,Regional Freight,true,Arrived too late,true,Recovered,1,1,33.94,12.78
R001943,OI0012535,O0006098,C003399,P00014,2025-01-11,2025-01-01,2025-01-31,20,Apparel,Dresses,Corda,Mobile App,FC-South,Regional Freight,true,Changed mind,true,Recovered,1,1,87.12,49.84
R001944,OI0012540,O0006101,C003400,P00019,2025-04-01,2025-04-01,2025-04-29,28,Apparel,Tops,Brightpath,Store,Store Pickup,,,Wrong size,true,Recovered,1,1,65.52,36.16
R001945,OI0012544,O0006103,C003400,P00024,2025-10-21,2025-10-01,2025-11-20,30,Apparel,Outerwear,Brightpath,Web,FC-South,Metro Post,true,Changed mind,true,Recovered,1,1,35.49,19.91
R001946,OI0012546,O0006104,C003401,P00017,2025-01-10,2025-01-01,2025-02-07,28,Apparel,Dresses,Corda,Store,Store Pickup,,,Damaged in transit,false,Written off,1,1,27.43,27.43
R001947,OI0012553,O0006107,C003403,P00037,2025-03-03,2025-03-01,2025-04-03,31,Apparel,Tops,Brightpath,Mobile App,FC-Central,Swiftline,true,Wrong size,true,Recovered,1,1,116.64,66.03
R001948,OI0012569,O0006116,C003407,P00037,2025-01-11,2025-01-01,2025-02-09,29,Apparel,Tops,Brightpath,Web,FC-North,Swiftline,true,Not as described,true,Recovered,1,1,70.25,19.64
R001949,OI0012579,O0006121,C003409,P00044,2025-07-30,2025-07-01,2025-08-19,20,Apparel,Denim,Corda,Web,FC-Central,Swiftline,true,Not as described,true,Recovered,1,1,20.90,14.24
R001950,OI0012584,O0006125,C003413,P00067,2025-01-11,2025-01-01,2025-01-24,13,Footwear,Sandals,Corda,Web,FC-South,Metro Post,true,Not as described,true,Recovered,1,1,78.15,46.73
R001951,OI0012593,O0006128,C003415,P00172,2025-02-13,2025-02-01,2025-02-20,7,Sports & Outdoors,Fitness,Ellery & Co,Store,Store Pickup,,,Wrong size,true,Recovered,1,1,93.79,43.09
R001952,OI0012600,O0006132,C003415,P00188,2025-09-18,2025-09-01,2025-10-20,32,Sports & Outdoors,Swim,Mokkan,Mobile App,FC-Central,Metro Post,false,Faulty,false,Written off,1,1,166.85,166.85
R001953,OI0012602,O0006132,C003415,P00008,2025-09-18,2025-09-01,2025-10-21,33,Apparel,Tops,Brightpath,Mobile App,FC-Central,Metro Post,false,Arrived too late,true,Recovered,1,1,83.50,53.57
R001954,OI0012606,O0006134,C003415,P00176,2025-12-10,2025-12-01,2026-01-03,24,Sports & Outdoors,Cycling,Ellery & Co,Web,FC-Central,Metro Post,false,Arrived too late,true,Recovered,1,1,169.90,91.53
R001955,OI0012619,O0006139,C003417,P00071,2025-01-14,2025-01-01,2025-02-08,25,Footwear,Boots,Puresel,Mobile App,FC-Central,Swiftline,true,Not as described,true,Recovered,2,2,245.52,133.6
R001956,OI0012621,O0006140,C003418,P00058,2025-01-14,2025-01-01,2025-01-19,5,Footwear,Trainers,Brightpath,Web,FC-South,Regional Freight,true,Wrong size,true,Recovered,1,1,156.81,82.76
R001957,OI0012631,O0006143,C003420,P00163,2025-01-13,2025-01-01,2025-01-17,4,Beauty,Haircare,Brightpath,Store,Store Pickup,,,Changed mind,true,Recovered,1,1,20.96,7.04
R001958,OI0012648,O0006151,C003425,P00057,2025-01-15,2025-01-01,2025-01-28,13,Footwear,Trainers,Puresel,Marketplace,FC-Central,Metro Post,true,Changed mind,true,Recovered,1,1,65.94,39.76
R001959,OI0012655,O0006154,C003428,P00127,2025-01-16,2025-01-01,2025-01-24,8,Home & Kitchen,Cookware,Latitude 54,Web,FC-North,Regional Freight,true,Arrived too late,true,Recovered,1,1,194.09,77.14
R001960,OI0012656,O0006155,C003429,P00034,2025-01-18,2025-01-01,2025-02-08,21,Apparel,Dresses,Latitude 54,Web,FC-South,Swiftline,false,Changed mind,true,Recovered,1,1,41.79,20.17
R001961,OI0012661,O0006158,C003432,P00028,2025-01-14,2025-01-01,2025-01-24,10,Apparel,Dresses,Mokkan,Web,FC-South,Metro Post,true,Not as described,true,Recovered,1,1,29.19,17.45
R001962,OI0012665,O0006161,C003433,P00161,2025-04-02,2025-04-01,2025-04-13,11,Beauty,Fragrance,Northvale,Marketplace,FC-Central,Swiftline,true,Changed mind,true,Recovered,1,1,61.46,40.88
R001963,OI0012670,O0006166,C003434,P00070,2025-04-21,2025-04-01,2025-05-06,15,Footwear,Boots,Latitude 54,Web,FC-North,Swiftline,true,Wrong size,true,Recovered,1,1,81.65,41.3
R001964,OI0012675,O0006167,C003434,P00061,2025-06-22,2025-06-01,2025-07-18,26,Footwear,Trainers,Northvale,Store,Store Pickup,,,Wrong size,true,Recovered,1,1,37.20,18.05
R001965,OI0012680,O0006170,C003434,P00066,2025-12-16,2025-12-01,2025-12-25,9,Footwear,Sandals,Puresel,Web,FC-North,Swiftline,true,Faulty,false,Written off,1,1,93.47,93.47
R001966,OI0012696,O0006179,C003440,P00057,2025-01-17,2025-01-01,2025-02-10,24,Footwear,Trainers,Puresel,Mobile App,FC-North,Regional Freight,true,Damaged in transit,false,Written off,1,1,65.94,65.94
R001967,OI0012700,O0006180,C003440,P00056,2025-02-13,2025-02-01,2025-02-20,7,Footwear,Sandals,Puresel,Marketplace,FC-North,Swiftline,true,Changed mind,true,Recovered,1,1,105.15,60.28
R001968,OI0012711,O0006185,C003445,P00012,2025-01-17,2025-01-01,2025-02-10,24,Apparel,Knitwear,Mokkan,Web,FC-South,Regional Freight,true,Changed mind,true,Recovered,1,1,78.93,38.74
R001969,OI0012723,O0006191,C003448,P00002,2025-03-17,2025-03-01,2025-03-21,4,Apparel,Knitwear,Brightpath,Mobile App,FC-North,Metro Post,true,Arrived too late,true,Recovered,1,2,68.12,29.26
R001970,OI0012732,O0006196,C003450,P00106,2025-07-14,2025-07-01,2025-08-06,23,Electronics,Accessories,Ellery & Co,Marketplace,FC-South,Regional Freight,false,Not as described,true,Recovered,2,2,173.73,-9.49
R001971,OI0012733,O0006197,C003450,P00187,2025-08-25,2025-08-01,2025-09-22,28,Sports & Outdoors,Camping,Puresel,Marketplace,FC-South,Regional Freight,false,Wrong size,true,Recovered,2,2,329.60,120.26
R001972,OI0012734,O0006197,C003450,P00049,2025-08-25,2025-08-01,2025-09-26,32,Apparel,Tops,Brightpath,Marketplace,FC-South,Regional Freight,false,Arrived too late,true,Recovered,1,2,42.55,23.65
R001973,OI0012735,O0006198,C003450,P00075,2025-11-26,2025-11-01,2025-12-19,23,Footwear,Formal,Latitude 54,Mobile App,FC-South,Swiftline,false,Arrived too late,true,Recovered,1,1,51.74,25.32
R001974,OI0012750,O0006209,C003455,P00001,2025-01-17,2025-01-01,2025-01-29,12,Apparel,Dresses,Latitude 54,Mobile App,FC-South,Metro Post,true,Changed mind,true,Recovered,1,1,38.97,24.82
R001975,OI0012751,O0006210,C003455,P00011,2025-04-21,2025-04-01,2025-05-04,13,Apparel,Outerwear,Northvale,Web,FC-South,Metro Post,true,Damaged in transit,false,Written off,1,1,133.12,133.12
R001976,OI0012754,O0006211,C003456,P00133,2025-01-17,2025-01-01,2025-01-21,4,Home & Kitchen,Cookware,Latitude 54,Store,Store Pickup,,,Wrong size,true,Recovered,1,1,138.34,27.97
R001977,OI0012757,O0006213,C003456,P00062,2025-04-29,2025-04-01,2025-05-16,17,Footwear,Formal,Latitude 54,Mobile App,FC-Central,Metro Post,true,Arrived too late,true,Recovered,1,1,71.20,20.05
R001978,OI0012758,O0006214,C003456,P00053,2025-07-11,2025-07-01,2025-08-07,27,Apparel,Tops,Latitude 54,Web,FC-Central,Metro Post,true,Not as described,true,Recovered,1,1,103.71,65.68
R001979,OI0012768,O0006221,C003461,P00059,2025-01-22,2025-01-01,2025-02-18,27,Footwear,Trainers,Latitude 54,Web,FC-South,Metro Post,true,Not as described,true,Recovered,1,1,123.99,53.95
R001980,OI0012772,O0006223,C003462,P00015,2025-02-28,2025-02-01,2025-03-19,19,Apparel,Tops,Corda,Mobile App,FC-North,Swiftline,true,Changed mind,true,Recovered,1,1,57.77,31.1
R001981,OI0012776,O0006226,C003463,P00014,2025-01-20,2025-01-01,2025-01-26,6,Apparel,Dresses,Corda,Store,Store Pickup,,,Changed mind,true,Recovered,1,1,87.12,49.84
R001982,OI0012778,O0006226,C003463,P00026,2025-01-20,2025-01-01,2025-01-24,4,Apparel,Dresses,Corda,Store,Store Pickup,,,Changed mind,true,Recovered,2,2,68.38,32.98
R001983,OI0012782,O0006228,C003464,P00001,2025-01-21,2025-01-01,2025-02-06,16,Apparel,Dresses,Latitude 54,Marketplace,FC-South,Swiftline,true,Wrong size,true,Recovered,1,1,38.97,24.82
R001984,OI0012784,O0006228,C003464,P00006,2025-01-21,2025-01-01,2025-02-04,14,Apparel,Denim,Puresel,Marketplace,FC-South,Swiftline,true,Changed mind,true,Recovered,1,1,31.44,19.56
R001985,OI0012795,O0006232,C003467,P00023,2025-04-14,2025-04-01,2025-04-28,14,Apparel,Tops,Latitude 54,Marketplace,FC-South,Regional Freight,true,Not as described,true,Recovered,1,1,41.97,24.23
R001986,OI0012799,O0006233,C003468,P00042,2025-01-19,2025-01-01,2025-02-18,30,Apparel,Knitwear,Latitude 54,Mobile App,FC-South,Swiftline,false,Damaged in transit,false,Written off,1,1,98.30,98.3
R001987,OI0012805,O0006235,C003469,P00008,2025-01-21,2025-01-01,2025-01-31,10,Apparel,Tops,Brightpath,Web,FC-South,Regional Freight,true,Changed mind,true,Recovered,1,1,83.50,53.57
R001988,OI0012808,O0006238,C003471,P00187,2025-01-19,2025-01-01,2025-02-09,21,Sports & Outdoors,Camping,Puresel,Marketplace,FC-North,Metro Post,false,Not as described,true,Recovered,1,1,164.80,60.13
R001989,OI0012809,O0006239,C003472,P00036,2025-01-22,2025-01-01,2025-01-31,9,Apparel,Dresses,Latitude 54,Store,Store Pickup,,,Changed mind,true,Recovered,2,2,109.22,61.24
R001990,OI0012816,O0006241,C003474,P00093,2025-01-22,2025-01-01,2025-02-13,22,Electronics,Audio,Puresel,Marketplace,FC-Central,Metro Post,true,Changed mind,true,Recovered,1,1,142.17,0.25
R001991,OI0012827,O0006247,C003476,P00050,2025-10-05,2025-10-01,2025-10-28,23,Apparel,Knitwear,Brightpath,Web,FC-South,Regional Freight,true,Damaged in transit,false,Written off,1,1,116.54,116.54
R001992,OI0012832,O0006250,C003478,P00105,2025-01-23,2025-01-01,2025-02-20,28,Electronics,Wearables,Northvale,Mobile App,FC-Central,Metro Post,false,Not as described,true,Recovered,1,1,393.89,67.79
R001993,OI0012842,O0006257,C003482,P00110,2025-01-22,2025-01-01,2025-02-07,16,Electronics,Small Appliances,Puresel,Marketplace,FC-Central,Metro Post,true,Wrong size,true,Recovered,1,1,220.95,-130.43
R001994,OI0012848,O0006260,C003485,P00173,2025-01-25,2025-01-01,2025-02-08,14,Sports & Outdoors,Swim,Mokkan,Mobile App,FC-North,Swiftline,true,Changed mind,true,Recovered,1,1,43.56,1.88
R001995,OI0012855,O0006264,C003487,P00047,2025-04-17,2025-04-01,2025-04-24,7,Apparel,Dresses,Puresel,Store,Store Pickup,,,Wrong size,true,Recovered,1,1,95.89,50.64
R001996,OI0012856,O0006264,C003487,P00069,2025-04-17,2025-04-01,2025-04-21,4,Footwear,Sandals,Brightpath,Store,Store Pickup,,,Changed mind,true,Recovered,1,1,100.19,39.98
R001997,OI0012857,O0006264,C003487,P00061,2025-04-17,2025-04-01,2025-04-24,7,Footwear,Trainers,Northvale,Store,Store Pickup,,,Wrong size,true,Recovered,1,1,29.84,10.69
R001998,OI0012860,O0006266,C003489,P00065,2025-01-22,2025-01-01,2025-02-02,11,Footwear,Sandals,Ellery & Co,Web,FC-Central,Swiftline,true,Arrived too late,true,Recovered,4,4,378.72,163.16
R001999,OI0012861,O0006266,C003489,P00073,2025-01-22,2025-01-01,2025-02-20,29,Footwear,Boots,Brightpath,Web,FC-Central,Swiftline,true,Faulty,false,Written off,1,1,79.76,79.76
R002000,OI0012870,O0006270,C003491,P00065,2025-01-24,2025-01-01,2025-03-01,36,Footwear,Sandals,Ellery & Co,Mobile App,FC-South,Regional Freight,false,Arrived too late,true,Recovered,1,1,94.68,40.79
R002001,OI0012875,O0006272,C003492,P00065,2025-01-24,2025-01-01,2025-02-10,17,Footwear,Sandals,Ellery & Co,Store,Store Pickup,,,Wrong size,true,Recovered,1,1,82.99,29.1
R002002,OI0012877,O0006273,C003492,P00187,2025-02-19,2025-02-01,2025-03-12,21,Sports & Outdoors,Camping,Puresel,Web,FC-Central,Metro Post,true,Damaged in transit,false,Written off,2,2,329.60,329.6
R002003,OI0012878,O0006273,C003492,P00033,2025-02-19,2025-02-01,2025-03-18,27,Apparel,Denim,Northvale,Web,FC-Central,Metro Post,true,Changed mind,true,Recovered,1,1,43.18,25.31
R002004,OI0012879,O0006274,C003492,P00057,2025-06-16,2025-06-01,2025-07-13,27,Footwear,Trainers,Puresel,Web,FC-Central,Swiftline,true,Changed mind,true,Recovered,1,1,40.34,14.16
R002005,OI0012882,O0006274,C003492,P00059,2025-06-16,2025-06-01,2025-07-12,26,Footwear,Trainers,Latitude 54,Web,FC-Central,Swiftline,true,Damaged in transit,false,Written off,1,1,129.93,129.93
R002006,OI0012899,O0006285,C003495,P00040,2025-01-24,2025-01-01,2025-02-16,23,Apparel,Tops,Puresel,Mobile App,FC-Central,Metro Post,true,Damaged in transit,false,Written off,1,1,95.49,95.49
R002007,OI0012911,O0006290,C003498,P00027,2025-05-17,2025-05-01,2025-06-15,29,Apparel,Outerwear,Mokkan,Mobile App,FC-South,Metro Post,true,Faulty,false,Written off,1,1,31.13,31.13
R002008,OI0012921,O0006294,C003501,P00045,2025-01-27,2025-01-01,2025-02-24,28,Apparel,Knitwear,Puresel,Mobile App,FC-Central,Swiftline,true,Changed mind,true,Recovered,1,2,38.62,9.19
R002009,OI0012931,O0006300,C003503,P00180,2025-06-10,2025-06-01,2025-06-30,20,Sports & Outdoors,Fitness,Brightpath,Web,FC-North,Swiftline,true,Changed mind,true,Recovered,1,1,219.47,90.77
R002010,OI0012938,O0006302,C003503,P00190,2025-09-01,2025-09-01,2025-09-17,16,Sports & Outdoors,Cycling,Puresel,Mobile App,FC-North,Metro Post,true,Damaged in transit,false,Written off,1,1,181.20,181.2
R002011,OI0012942,O0006305,C003504,P00151,2025-04-18,2025-04-01,2025-04-23,5,Beauty,Skincare,Brightpath,Mobile App,FC-South,Regional Freight,false,Changed mind,true,Recovered,1,2,52.31,30.41
R002012,OI0012945,O0006306,C003505,P00190,2025-01-27,2025-01-01,2025-02-01,5,Sports & Outdoors,Cycling,Puresel,Web,FC-North,Swiftline,true,Not as described,true,Recovered,1,1,189.90,84.75
R002013,OI0012959,O0006312,C003511,P00037,2025-01-27,2025-01-01,2025-02-19,23,Apparel,Tops,Brightpath,Mobile App,FC-South,Regional Freight,true,Faulty,false,Written off,1,1,80.55,80.55
R002014,OI0012962,O0006313,C003512,P00002,2025-01-29,2025-01-01,2025-02-28,30,Apparel,Knitwear,Brightpath,Mobile App,FC-North,Swiftline,true,Changed mind,true,Recovered,1,1,81.68,42.82
R002015,OI0012964,O0006314,C003513,P00124,2025-01-28,2025-01-01,2025-02-25,28,Home & Kitchen,Bedding,Latitude 54,Mobile App,FC-South,Swiftline,true,Changed mind,true,Recovered,4,4,123.20,64.4
R002016,OI0012965,O0006314,C003513,P00115,2025-01-28,2025-01-01,2025-02-21,24,Home & Kitchen,Lighting,Puresel,Mobile App,FC-South,Swiftline,true,Changed mind,true,Recovered,1,1,110.04,39.41
R002017,OI0012966,O0006315,C003513,P00143,2025-03-09,2025-03-01,2025-04-04,26,Home & Kitchen,Tableware,Mokkan,Web,FC-South,Regional Freight,false,Changed mind,true,Recovered,1,1,21.76,7.78
R002018,OI0012982,O0006322,C003519,P00022,2025-01-29,2025-01-01,2025-02-27,29,Apparel,Knitwear,Northvale,Web,FC-South,Metro Post,true,Wrong size,true,Recovered,1,1,40.61,25.92
R002019,OI0012992,O0006327,C003520,P00058,2025-06-13,2025-06-01,2025-07-02,19,Footwear,Trainers,Brightpath,Marketplace,FC-North,Swiftline,true,Changed mind,true,Recovered,1,1,156.81,82.76
R002020,OI0012995,O0006329,C003521,P00079,2025-01-28,2025-01-01,2025-02-11,14,Footwear,Sandals,Mokkan,Mobile App,FC-Central,Swiftline,true,Not as described,true,Recovered,1,3,43.69,-1.08
R002021,OI0013000,O0006331,C003522,P00163,2025-03-09,2025-03-01,2025-03-13,4,Beauty,Haircare,Brightpath,Store,Store Pickup,,,Not as described,true,Recovered,2,2,78.72,50.88
R002022,OI0013005,O0006334,C003524,P00159,2025-01-27,2025-01-01,2025-02-21,25,Beauty,Skincare,Latitude 54,Web,FC-South,Metro Post,true,Wrong size,true,Recovered,1,1,16.42,9.83
R002023,OI0013008,O0006335,C003525,P00070,2025-01-28,2025-01-01,2025-02-22,25,Footwear,Boots,Latitude 54,Web,FC-North,Swiftline,true,Not as described,true,Recovered,1,1,72.49,32.14
R002024,OI0013009,O0006336,C003526,P00025,2025-01-27,2025-01-01,2025-02-02,6,Apparel,Outerwear,Corda,Mobile App,FC-South,Swiftline,true,Arrived too late,true,Recovered,1,1,125.94,77.04
R002025,OI0013013,O0006339,C003526,P00022,2025-08-28,2025-08-01,2025-09-21,24,Apparel,Knitwear,Northvale,Web,FC-South,Regional Freight,true,Damaged in transit,false,Written off,1,1,40.61,40.61
R002026,OI0013018,O0006341,C003526,P00006,2025-11-26,2025-11-01,2025-12-20,24,Apparel,Denim,Puresel,Mobile App,FC-South,Metro Post,true,Not as described,true,Recovered,1,1,31.44,19.56
R002027,OI0013022,O0006342,C003527,P00008,2025-01-29,2025-01-01,2025-02-26,28,Apparel,Tops,Brightpath,Web,FC-South,Metro Post,false,Faulty,false,Written off,2,2,167.00,167.0
R002028,OI0013030,O0006346,C003529,P00025,2025-11-26,2025-11-01,2025-12-04,8,Apparel,Outerwear,Corda,Mobile App,FC-Central,Swiftline,true,Changed mind,true,Recovered,1,1,125.94,77.04
R002029,OI0013032,O0006347,C003530,P00178,2025-01-31,2025-01-01,2025-02-13,13,Sports & Outdoors,Fitness,Corda,Web,FC-Central,Regional Freight,true,Wrong size,true,Recovered,1,1,226.66,118.39
R002030,OI0013039,O0006351,C003532,P00027,2025-04-15,2025-04-01,2025-05-07,22,Apparel,Outerwear,Mokkan,Mobile App,FC-North,Metro Post,true,Damaged in transit,false,Written off,1,1,31.13,31.13
R002031,OI0013043,O0006353,C003533,P00085,2025-03-20,2025-03-01,2025-04-18,29,Electronics,Wearables,Ellery & Co,Web,FC-Central,Regional Freight,true,Changed mind,true,Recovered,3,3,344.40,-94.89
R002032,OI0013050,O0006355,C003535,P00066,2025-01-31,2025-01-01,2025-02-16,16,Footwear,Sandals,Puresel,Mobile App,FC-Central,Regional Freight,false,Not as described,true,Recovered,2,2,223.90,126.04
R002033,OI0013051,O0006356,C003536,P00106,2025-01-28,2025-01-01,2025-02-26,29,Electronics,Accessories,Ellery & Co,Marketplace,FC-Central,Metro Post,true,Not as described,true,Recovered,1,1,104.67,13.06
R002034,OI0013056,O0006358,C003537,P00067,2025-01-29,2025-01-01,2025-02-28,30,Footwear,Sandals,Corda,Marketplace,FC-North,Swiftline,true,Faulty,false,Written off,1,1,77.22,77.22
R002035,OI0013068,O0006364,C003540,P00186,2025-09-20,2025-09-01,2025-10-14,24,Sports & Outdoors,Fitness,Latitude 54,Web,FC-South,Regional Freight,true,Damaged in transit,false,Written off,1,1,227.21,227.21
R002036,OI0013072,O0006365,C003540,P00096,2026-01-13,2026-01-01,2026-01-22,9,Electronics,Accessories,Mokkan,Web,FC-South,Metro Post,true,Wrong size,true,Recovered,2,2,896.36,86.4
R002037,OI0013077,O0006367,C003541,P00071,2025-01-30,2025-01-01,2025-02-08,9,Footwear,Boots,Puresel,Web,FC-North,Swiftline,false,Not as described,true,Recovered,1,1,122.76,66.8
R002038,OI0013080,O0006369,C003541,P00116,2025-06-11,2025-06-01,2025-07-10,29,Home & Kitchen,Bedding,Latitude 54,Mobile App,FC-North,Swiftline,true,Faulty,false,Written off,1,1,35.30,35.3
R002039,OI0013086,O0006372,C003544,P00106,2025-01-30,2025-01-01,2025-02-01,2,Electronics,Accessories,Ellery & Co,Store,Store Pickup,,,Changed mind,true,Recovered,1,1,104.67,13.06
R002040,OI0013091,O0006375,C003545,P00085,2025-05-08,2025-05-01,2025-05-13,5,Electronics,Wearables,Ellery & Co,Mobile App,FC-North,Swiftline,true,Damaged in transit,false,Written off,1,1,166.79,166.79
R002041,OI0013095,O0006376,C003545,P00140,2025-06-12,2025-06-01,2025-06-19,7,Home & Kitchen,Lighting,Brightpath,Web,FC-North,Swiftline,true,Changed mind,true,Recovered,1,1,33.58,3.96
R002042,OI0013096,O0006376,C003545,P00044,2025-06-12,2025-06-01,2025-06-19,7,Apparel,Denim,Corda,Web,FC-North,Swiftline,true,Arrived too late,true,Recovered,1,1,20.90,14.24
R002043,OI0013097,O0006376,C003545,P00032,2025-06-12,2025-06-01,2025-07-09,27,Apparel,Outerwear,Mokkan,Web,FC-North,Swiftline,true,Wrong size,true,Recovered,1,1,25.48,13.08
R002044,OI0013111,O0006385,C003550,P00186,2025-04-25,2025-04-01,2025-05-16,21,Sports & Outdoors,Fitness,Latitude 54,Marketplace,FC-South,Metro Post,true,Changed mind,true,Recovered,1,1,272.93,134.61
R002045,OI0013117,O0006388,C003551,P00036,2025-04-05,2025-04-01,2025-04-15,10,Apparel,Dresses,Latitude 54,Mobile App,FC-South,Regional Freight,true,Wrong size,true,Recovered,1,2,67.23,43.24
R002046,OI0013125,O0006391,C003551,P00036,2025-08-12,2025-08-01,2025-09-02,21,Apparel,Dresses,Latitude 54,Web,FC-South,Regional Freight,true,Faulty,false,Written off,1,1,47.66,47.66
R002047,OI0013130,O0006395,C003554,P00052,2025-02-03,2025-02-01,2025-02-14,11,Apparel,Dresses,Corda,Store,Store Pickup,,,Changed mind,true,Recovered,1,1,63.94,39.91
R002048,OI0013137,O0006399,C003556,P00058,2025-02-01,2025-02-01,2025-02-19,18,Footwear,Trainers,Brightpath,Store,Store Pickup,,,Wrong size,true,Recovered,1,1,156.81,82.76
R002049,OI0013146,O0006402,C003558,P00174,2025-02-01,2025-02-01,2025-02-04,3,Sports & Outdoors,Fitness,Latitude 54,Mobile App,FC-South,Metro Post,true,Faulty,false,Written off,1,1,162.39,162.39
R002050,OI0013150,O0006404,C003558,P00026,2025-04-12,2025-04-01,2025-04-26,14,Apparel,Dresses,Corda,Marketplace,FC-South,Regional Freight,true,Changed mind,true,Recovered,1,1,25.47,7.77
R002051,OI0013178,O0006418,C003567,P00008,2025-02-01,2025-02-01,2025-03-01,28,Apparel,Tops,Brightpath,Mobile App,FC-North,Metro Post,true,Arrived too late,true,Recovered,1,1,83.50,53.57
R002052,OI0013190,O0006422,C003570,P00058,2025-05-09,2025-05-01,2025-05-19,10,Footwear,Trainers,Brightpath,Mobile App,FC-South,Regional Freight,true,Wrong size,true,Recovered,2,2,313.62,165.52
R002053,OI0013191,O0006423,C003570,P00181,2025-07-05,2025-07-01,2025-07-18,13,Sports & Outdoors,Camping,Ellery & Co,Web,FC-South,Regional Freight,false,Wrong size,true,Recovered,1,1,164.71,31.7
R002054,OI0013193,O0006424,C003571,P00190,2025-02-06,2025-02-01,2025-02-21,15,Sports & Outdoors,Cycling,Puresel,Mobile App,FC-South,Metro Post,true,Changed mind,true,Recovered,1,1,189.90,84.75
R002055,OI0013200,O0006429,C003573,P00076,2025-07-09,2025-07-01,2025-07-30,21,Footwear,Trainers,Puresel,Web,FC-South,Regional Freight,false,Not as described,true,Recovered,1,1,83.39,49.11
R002056,OI0013201,O0006429,C003573,P00072,2025-07-09,2025-07-01,2025-07-23,14,Footwear,Sandals,Brightpath,Web,FC-South,Regional Freight,false,Arrived too late,true,Recovered,1,1,58.95,35.37
R002057,OI0013206,O0006430,C003574,P00120,2025-02-03,2025-02-01,2025-02-15,12,Home & Kitchen,Lighting,Northvale,Marketplace,FC-Central,Metro Post,true,Not as described,true,Recovered,1,1,97.95,40.64
R002058,OI0013207,O0006431,C003575,P00024,2025-02-05,2025-02-01,2025-02-16,11,Apparel,Outerwear,Brightpath,Web,FC-Central,Metro Post,false,Arrived too late,true,Recovered,1,1,35.49,19.91
R002059,OI0013209,O0006432,C003576,P00080,2025-02-03,2025-02-01,2025-03-06,31,Footwear,Sandals,Ellery & Co,Mobile App,FC-South,Regional Freight,true,Changed mind,true,Recovered,1,1,44.51,21.21
R002060,OI0013222,O0006438,C003580,P00071,2025-05-25,2025-05-01,2025-06-04,10,Footwear,Boots,Puresel,Web,FC-Central,Swiftline,true,Changed mind,true,Recovered,1,3,112.33,56.37
R002061,OI0013228,O0006442,C003583,P00053,2025-02-05,2025-02-01,2025-03-05,28,Apparel,Tops,Latitude 54,Marketplace,FC-South,Metro Post,false,Arrived too late,true,Recovered,1,1,103.71,65.68
R002062,OI0013237,O0006446,C003586,P00014,2025-02-04,2025-02-01,2025-02-19,15,Apparel,Dresses,Corda,Web,FC-North,Metro Post,false,Arrived too late,true,Recovered,1,1,59.17,21.89
R002063,OI0013251,O0006453,C003590,P00048,2025-02-05,2025-02-01,2025-03-05,28,Apparel,Dresses,Latitude 54,Mobile App,FC-South,Regional Freight,false,Arrived too late,true,Recovered,1,1,122.50,66.99
R002064,OI0013262,O0006459,C003593,P00059,2025-02-05,2025-02-01,2025-02-19,14,Footwear,Trainers,Latitude 54,Web,FC-North,Regional Freight,true,Not as described,true,Recovered,1,1,129.93,59.89
R002065,OI0013269,O0006462,C003594,P00087,2025-02-05,2025-02-01,2025-02-18,13,Electronics,Audio,Brightpath,Mobile App,FC-Central,Regional Freight,true,Wrong size,true,Recovered,1,1,397.97,7.83
R002066,OI0013272,O0006463,C003595,P00148,2025-02-07,2025-02-01,2025-03-05,26,Beauty,Haircare,Brightpath,Mobile App,FC-North,Swiftline,true,Not as described,true,Recovered,1,1,75.06,44.03
R002067,OI0013281,O0006467,C003598,P00083,2025-02-06,2025-02-01,2025-02-26,20,Electronics,Audio,Mokkan,Mobile App,FC-Central,Swiftline,true,Changed mind,true,Recovered,1,1,103.49,18.71
R002068,OI0013282,O0006468,C003599,P00139,2025-02-07,2025-02-01,2025-03-08,29,Home & Kitchen,Cookware,Ellery & Co,Mobile App,FC-North,Metro Post,true,Damaged in transit,false,Written off,1,1,45.69,45.69
R002069,OI0013287,O0006470,C003600,P00027,2025-03-01,2025-03-01,2025-03-31,30,Apparel,Outerwear,Mokkan,Web,FC-Central,Metro Post,true,Changed mind,true,Recovered,1,1,31.13,17.81
R002070,OI0013292,O0006472,C003601,P00017,2025-02-07,2025-02-01,2025-03-08,29,Apparel,Dresses,Corda,Web,FC-North,Swiftline,true,Wrong size,true,Recovered,3,3,79.01,43.4
R002071,OI0013308,O0006480,C003604,P00080,2026-02-27,2026-02-01,2026-03-17,18,Footwear,Sandals,Ellery & Co,Store,Store Pickup,,,Changed mind,true,Recovered,1,1,49.77,26.47
R002072,OI0013311,O0006482,C003604,P00013,2026-06-05,2026-06-01,2026-06-29,24,Apparel,Dresses,Ellery & Co,Store,Store Pickup,,,Changed mind,true,Recovered,1,1,56.53,31.89
R002073,OI0013312,O0006483,C003605,P00039,2025-02-09,2025-02-01,2025-02-24,15,Apparel,Outerwear,Latitude 54,Web,FC-South,Swiftline,true,Wrong size,true,Recovered,1,1,19.48,8.1
R002074,OI0013313,O0006484,C003606,P00049,2025-02-09,2025-02-01,2025-03-10,29,Apparel,Tops,Brightpath,Web,FC-Central,Swiftline,true,Not as described,true,Recovered,1,1,45.89,26.99
R002075,OI0013321,O0006490,C003611,P00030,2025-02-10,2025-02-01,2025-02-21,11,Apparel,Denim,Latitude 54,Store,Store Pickup,,,Changed mind,true,Recovered,1,1,99.97,57.49
R002076,OI0013329,O0006494,C003613,P00053,2025-02-11,2025-02-01,2025-03-12,29,Apparel,Tops,Latitude 54,Web,FC-South,Metro Post,true,Damaged in transit,false,Written off,1,1,103.71,103.71
R002077,OI0013337,O0006498,C003616,P00158,2025-02-08,2025-02-01,2025-02-27,19,Beauty,Cosmetics,Latitude 54,Marketplace,FC-North,Swiftline,true,Changed mind,true,Recovered,1,1,70.58,44.8
R002078,OI0013344,O0006502,C003619,P00125,2025-02-11,2025-02-01,2025-03-01,18,Home & Kitchen,Lighting,Latitude 54,Mobile App,FC-Central,Swiftline,false,Changed mind,true,Recovered,1,1,100.06,34.99
R002079,OI0013348,O0006505,C003620,P00185,2025-07-03,2025-07-01,2025-07-18,15,Sports & Outdoors,Swim,Puresel,Marketplace,FC-North,Metro Post,true,Changed mind,true,Recovered,1,1,245.75,118.07
R002080,OI0013352,O0006508,C003622,P00053,2025-02-10,2025-02-01,2025-03-02,20,Apparel,Tops,Latitude 54,Web,FC-Central,Regional Freight,false,Not as described,true,Recovered,1,1,103.71,65.68
R002081,OI0013354,O0006508,C003622,P00042,2025-02-10,2025-02-01,2025-02-19,9,Apparel,Knitwear,Latitude 54,Web,FC-Central,Regional Freight,false,Arrived too late,true,Recovered,1,1,98.30,58.28
R002082,OI0013356,O0006510,C003624,P00190,2025-02-08,2025-02-01,2025-02-23,15,Sports & Outdoors,Cycling,Puresel,Store,Store Pickup,,,Faulty,false,Written off,1,1,189.90,189.9
R002083,OI0013367,O0006514,C003625,P00120,2025-05-04,2025-05-01,2025-05-23,19,Home & Kitchen,Lighting,Northvale,Mobile App,FC-North,Swiftline,true,Arrived too late,true,Recovered,1,1,53.36,-3.95
R002084,OI0013368,O0006515,C003625,P00124,2025-07-09,2025-07-01,2025-07-17,8,Home & Kitchen,Bedding,Latitude 54,Web,FC-North,Swiftline,true,Wrong size,true,Recovered,1,1,26.79,12.09
R002085,OI0013372,O0006517,C003627,P00023,2025-02-13,2025-02-01,2025-02-22,9,Apparel,Tops,Latitude 54,Marketplace,FC-Central,Regional Freight,true,Changed mind,true,Recovered,1,1,42.40,24.66
R002086,OI0013374,O0006517,C003627,P00022,2025-02-13,2025-02-01,2025-03-04,19,Apparel,Knitwear,Northvale,Marketplace,FC-Central,Regional Freight,true,Changed mind,true,Recovered,1,1,40.61,25.92
R002087,OI0013383,O0006522,C003628,P00190,2025-05-28,2025-05-01,2025-06-14,17,Sports & Outdoors,Cycling,Puresel,Web,FC-Central,Metro Post,true,Damaged in transit,false,Written off,1,1,189.90,189.9
R002088,OI0013388,O0006524,C003629,P00044,2025-04-12,2025-04-01,2025-04-30,18,Apparel,Denim,Corda,Mobile App,FC-South,Regional Freight,true,Changed mind,true,Recovered,1,1,20.90,14.24
R002089,OI0013389,O0006524,C003629,P00124,2025-04-12,2025-04-01,2025-04-21,9,Home & Kitchen,Bedding,Latitude 54,Mobile App,FC-South,Regional Freight,true,Changed mind,true,Recovered,1,1,19.94,5.24
R002090,OI0013393,O0006525,C003629,P00121,2025-09-26,2025-09-01,2025-10-10,14,Home & Kitchen,Tableware,Mokkan,Web,FC-South,Regional Freight,true,Wrong size,true,Recovered,2,2,128.73,-17.51
R002091,OI0013397,O0006527,C003631,P00149,2025-02-10,2025-02-01,2025-03-04,22,Beauty,Fragrance,Mokkan,Marketplace,FC-Central,Swiftline,true,Wrong size,true,Recovered,1,1,72.73,46.16
R002092,OI0013402,O0006528,C003632,P00046,2025-02-09,2025-02-01,2025-02-27,18,Apparel,Dresses,Brightpath,Marketplace,FC-Central,Swiftline,true,Wrong size,true,Recovered,1,1,109.27,58.19
R002093,OI0013403,O0006529,C003633,P00020,2025-02-13,2025-02-01,2025-03-11,26,Apparel,Denim,Ellery & Co,Marketplace,FC-Central,Regional Freight,true,Not as described,true,Recovered,1,1,131.49,84.57
R002094,OI0013433,O0006544,C003643,P00055,2025-11-11,2025-11-01,2025-12-14,33,Footwear,Trainers,Ellery & Co,Web,FC-South,Regional Freight,false,Damaged in transit,false,Written off,1,1,40.68,40.68
R002095,OI0013444,O0006550,C003645,P00070,2025-02-13,2025-02-01,2025-03-11,26,Footwear,Boots,Latitude 54,Web,FC-South,Regional Freight,false,Wrong size,true,Recovered,1,1,67.35,27.0
R002096,OI0013450,O0006553,C003646,P00017,2025-07-06,2025-07-01,2025-07-25,19,Apparel,Dresses,Corda,Mobile App,FC-Central,Metro Post,true,Wrong size,true,Recovered,3,3,82.29,46.68
R002097,OI0013451,O0006554,C003646,P00067,2025-09-15,2025-09-01,2025-09-25,10,Footwear,Sandals,Corda,Mobile App,FC-Central,Swiftline,true,Changed mind,true,Recovered,1,1,78.15,46.73
R002098,OI0013454,O0006555,C003646,P00178,2025-11-08,2025-11-01,2025-12-13,35,Sports & Outdoors,Fitness,Corda,Mobile App,FC-Central,Regional Freight,false,Not as described,true,Recovered,1,1,144.02,35.75
R002099,OI0013456,O0006557,C003648,P00108,2025-02-15,2025-02-01,2025-03-04,17,Electronics,Audio,Ellery & Co,Mobile App,FC-South,Regional Freight,true,Wrong size,true,Recovered,1,1,119.88,19.77
R002100,OI0013459,O0006558,C003649,P00053,2025-02-12,2025-02-01,2025-03-01,17,Apparel,Tops,Latitude 54,Web,FC-South,Regional Freight,true,Damaged in transit,false,Written off,1,1,103.71,103.71
R002101,OI0013462,O0006559,C003650,P00036,2025-02-12,2025-02-01,2025-03-10,26,Apparel,Dresses,Latitude 54,Web,FC-Central,Regional Freight,false,Arrived too late,true,Recovered,1,1,67.23,43.24
R002102,OI0013475,O0006566,C003654,P00003,2025-02-16,2025-02-01,2025-03-06,18,Apparel,Outerwear,Northvale,Web,FC-Central,Swiftline,true,Not as described,true,Recovered,1,3,32.59,18.9
R002103,OI0013476,O0006566,C003654,P00173,2025-02-16,2025-02-01,2025-02-27,11,Sports & Outdoors,Swim,Mokkan,Web,FC-Central,Swiftline,true,Wrong size,true,Recovered,3,3,233.46,108.42
R002104,OI0013480,O0006567,C003655,P00134,2025-02-15,2025-02-01,2025-03-16,29,Home & Kitchen,Cookware,Brightpath,Mobile App,FC-South,Metro Post,true,Changed mind,true,Recovered,1,1,68.67,27.05
R002105,OI0013482,O0006568,C003655,P00002,2025-07-19,2025-07-01,2025-08-17,29,Apparel,Knitwear,Brightpath,Web,FC-South,Metro Post,false,Arrived too late,true,Recovered,1,1,81.68,42.82
R002106,OI0013486,O0006571,C003658,P00041,2025-02-13,2025-02-01,2025-02-23,10,Apparel,Outerwear,Latitude 54,Web,FC-South,Swiftline,true,Changed mind,true,Recovered,1,2,125.23,65.8
R002107,OI0013489,O0006571,C003658,P00008,2025-02-13,2025-02-01,2025-03-05,20,Apparel,Tops,Brightpath,Web,FC-South,Swiftline,true,Changed mind,true,Recovered,1,1,83.50,53.57
R002108,OI0013491,O0006572,C003659,P00024,2025-02-13,2025-02-01,2025-03-14,29,Apparel,Outerwear,Brightpath,Web,FC-Central,Swiftline,true,Damaged in transit,false,Written off,1,1,35.49,35.49
R002109,OI0013494,O0006573,C003660,P00088,2025-02-14,2025-02-01,2025-03-03,17,Electronics,Audio,Mokkan,Store,Store Pickup,,,Faulty,false,Written off,1,1,280.70,280.7
R002110,OI0013504,O0006576,C003662,P00080,2025-02-13,2025-02-01,2025-02-18,5,Footwear,Sandals,Ellery & Co,Mobile App,FC-Central,Swiftline,true,Faulty,false,Written off,1,1,49.77,49.77
R002111,OI0013543,O0006598,C003674,P00001,2025-02-19,2025-02-01,2025-02-25,6,Apparel,Dresses,Latitude 54,Web,FC-North,Swiftline,true,Changed mind,true,Recovered,1,1,29.78,15.63
R002112,OI0013550,O0006601,C003675,P00045,2025-06-14,2025-06-01,2025-07-03,19,Apparel,Knitwear,Puresel,Web,FC-North,Swiftline,true,Changed mind,true,Recovered,1,2,41.99,12.56
R002113,OI0013553,O0006603,C003675,P00075,2025-09-17,2025-09-01,2025-10-08,21,Footwear,Formal,Latitude 54,Marketplace,FC-North,Swiftline,true,Arrived too late,true,Recovered,2,2,98.37,45.53
R002114,OI0013556,O0006604,C003676,P00142,2025-02-18,2025-02-01,2025-02-25,7,Home & Kitchen,Cookware,Northvale,Web,FC-Central,Swiftline,true,Changed mind,true,Recovered,1,1,138.70,62.84
R002115,OI0013559,O0006605,C003677,P00144,2025-02-16,2025-02-01,2025-03-12,24,Home & Kitchen,Cookware,Puresel,Web,FC-South,Regional Freight,true,Changed mind,true,Recovered,1,1,135.18,24.67
R002116,OI0013565,O0006608,C003680,P00015,2025-02-15,2025-02-01,2025-03-12,25,Apparel,Tops,Corda,Web,FC-South,Swiftline,true,Wrong size,true,Recovered,1,1,66.55,39.88
R002117,OI0013570,O0006610,C003682,P00010,2025-02-16,2025-02-01,2025-02-22,6,Apparel,Denim,Puresel,Web,FC-South,Swiftline,true,Changed mind,true,Recovered,1,1,28.00,15.12
R002118,OI0013580,O0006615,C003685,P00052,2025-03-31,2025-03-01,2025-04-20,20,Apparel,Dresses,Corda,Web,FC-North,Regional Freight,true,Not as described,true,Recovered,1,1,64.55,40.52
R002119,OI0013588,O0006617,C003685,P00040,2025-06-23,2025-06-01,2025-07-08,15,Apparel,Tops,Puresel,Store,Store Pickup,,,Wrong size,true,Recovered,1,1,113.30,72.33
R002120,OI0013590,O0006618,C003685,P00011,2025-08-13,2025-08-01,2025-08-29,16,Apparel,Outerwear,Northvale,Marketplace,FC-North,Swiftline,true,Faulty,false,Written off,2,2,266.24,266.24
R002121,OI0013602,O0006623,C003688,P00025,2025-02-19,2025-02-01,2025-03-13,22,Apparel,Outerwear,Corda,Marketplace,FC-Central,Regional Freight,true,Changed mind,true,Recovered,1,1,125.94,77.04
R002122,OI0013603,O0006623,C003688,P00059,2025-02-19,2025-02-01,2025-03-15,24,Footwear,Trainers,Latitude 54,Marketplace,FC-Central,Regional Freight,true,Faulty,false,Written off,1,1,129.93,129.93
R002123,OI0013608,O0006625,C003689,P00126,2025-02-19,2025-02-01,2025-03-09,18,Home & Kitchen,Bedding,Puresel,Web,FC-South,Metro Post,false,Arrived too late,true,Recovered,1,1,17.17,-5.61
R002124,OI0013610,O0006626,C003690,P00077,2025-02-19,2025-02-01,2025-02-27,8,Footwear,Boots,Ellery & Co,Mobile App,FC-North,Swiftline,true,Damaged in transit,false,Written off,3,3,315.63,315.63
R002125,OI0013614,O0006629,C003691,P00105,2025-04-15,2025-04-01,2025-05-02,17,Electronics,Wearables,Northvale,Mobile App,FC-Central,Metro Post,true,Wrong size,true,Recovered,1,1,333.98,7.88
R002126,OI0013629,O0006635,C003695,P00169,2025-02-18,2025-02-01,2025-03-11,21,Beauty,Cosmetics,Ellery & Co,Web,FC-South,Metro Post,true,Changed mind,true,Recovered,1,1,50.39,27.29
R002127,OI0013630,O0006635,C003695,P00012,2025-02-18,2025-02-01,2025-03-20,30,Apparel,Knitwear,Mokkan,Web,FC-South,Metro Post,true,Faulty,false,Written off,1,1,77.77,77.77
R002128,OI0013631,O0006635,C003695,P00026,2025-02-18,2025-02-01,2025-03-15,25,Apparel,Dresses,Corda,Web,FC-South,Metro Post,true,Wrong size,true,Recovered,1,1,34.19,16.49
R002129,OI0013638,O0006640,C003700,P00016,2025-02-21,2025-02-01,2025-03-15,22,Apparel,Knitwear,Brightpath,Mobile App,FC-North,Swiftline,true,Arrived too late,true,Recovered,1,1,54.64,32.91
R002130,OI0013642,O0006641,C003701,P00100,2025-02-20,2025-02-01,2025-03-13,21,Electronics,Accessories,Latitude 54,Web,FC-Central,Swiftline,true,Damaged in transit,false,Written off,1,1,296.58,296.58
R002131,OI0013643,O0006641,C003701,P00180,2025-02-20,2025-02-01,2025-03-03,11,Sports & Outdoors,Fitness,Brightpath,Web,FC-Central,Swiftline,true,Wrong size,true,Recovered,1,1,219.47,90.77
R002132,OI0013659,O0006649,C003705,P00174,2025-03-17,2025-03-01,2025-03-27,10,Sports & Outdoors,Fitness,Latitude 54,Mobile App,FC-North,Metro Post,true,Changed mind,true,Recovered,1,1,211.86,63.76
R002133,OI0013671,O0006652,C003707,P00141,2025-02-23,2025-02-01,2025-03-18,23,Home & Kitchen,Cookware,Ellery & Co,Mobile App,FC-South,Swiftline,true,Faulty,false,Written off,1,1,146.17,146.17
R002134,OI0013675,O0006655,C003710,P00121,2025-02-24,2025-02-01,2025-03-04,8,Home & Kitchen,Tableware,Mokkan,Web,FC-South,Regional Freight,false,Faulty,false,Written off,1,1,95.77,95.77
R002135,OI0013678,O0006656,C003710,P00035,2025-04-18,2025-04-01,2025-04-29,11,Apparel,Outerwear,Northvale,Web,FC-South,Swiftline,true,Damaged in transit,false,Written off,1,1,131.59,131.59
R002136,OI0013688,O0006661,C003714,P00005,2025-02-22,2025-02-01,2025-03-17,23,Apparel,Knitwear,Ellery & Co,Web,FC-North,Swiftline,true,Changed mind,true,Recovered,1,1,51.99,30.11
R002137,OI0013693,O0006664,C003716,P00059,2025-02-23,2025-02-01,2025-03-09,14,Footwear,Trainers,Latitude 54,Web,FC-South,Regional Freight,true,Changed mind,true,Recovered,2,2,259.86,119.78
R002138,OI0013710,O0006674,C003724,P00052,2025-02-26,2025-02-01,2025-03-03,5,Apparel,Dresses,Corda,Web,FC-South,Swiftline,true,Not as described,true,Recovered,1,1,64.55,40.52
R002139,OI0013714,O0006676,C003726,P00027,2025-02-27,2025-02-01,2025-03-12,13,Apparel,Outerwear,Mokkan,Mobile App,FC-North,Metro Post,true,Changed mind,true,Recovered,1,1,31.13,17.81
R002140,OI0013721,O0006679,C003727,P00065,2025-06-22,2025-06-01,2025-07-16,24,Footwear,Sandals,Ellery & Co,Web,FC-South,Metro Post,true,Arrived too late,true,Recovered,3,3,284.04,122.37
R002141,OI0013747,O0006694,C003733,P00029,2025-02-26,2025-02-01,2025-03-27,29,Apparel,Knitwear,Puresel,Mobile App,FC-North,Swiftline,true,Changed mind,true,Recovered,1,1,116.07,69.8
R002142,OI0013754,O0006696,C003735,P00073,2025-02-28,2025-02-01,2025-03-14,14,Footwear,Boots,Brightpath,Store,Store Pickup,,,Not as described,true,Recovered,1,1,79.76,41.34
R002143,OI0013768,O0006704,C003740,P00074,2025-08-21,2025-08-01,2025-08-31,10,Footwear,Trainers,Puresel,Marketplace,FC-South,Regional Freight,true,Not as described,true,Recovered,1,1,128.17,80.38
R002144,OI0013770,O0006706,C003741,P00184,2025-07-08,2025-07-01,2025-07-31,23,Sports & Outdoors,Swim,Ellery & Co,Marketplace,FC-South,Regional Freight,false,Changed mind,true,Recovered,1,1,208.78,88.73
R002145,OI0013773,O0006707,C003742,P00140,2025-02-24,2025-02-01,2025-03-23,27,Home & Kitchen,Lighting,Brightpath,Mobile App,FC-Central,Swiftline,true,Damaged in transit,false,Written off,2,2,92.81,92.81
R002146,OI0013775,O0006708,C003743,P00077,2025-02-27,2025-02-01,2025-03-11,12,Footwear,Boots,Ellery & Co,Web,FC-South,Regional Freight,true,Wrong size,true,Recovered,1,1,90.26,49.34
R002147,OI0013781,O0006710,C003745,P00035,2025-03-01,2025-03-01,2025-03-22,21,Apparel,Outerwear,Northvale,Web,FC-Central,Swiftline,true,Damaged in transit,false,Written off,1,1,131.59,131.59
R002148,OI0013789,O0006713,C003746,P00063,2025-04-09,2025-04-01,2025-04-28,19,Footwear,Formal,Northvale,Web,FC-North,Regional Freight,true,Not as described,true,Recovered,1,1,29.99,13.32
R002149,OI0013797,O0006716,C003748,P00101,2025-02-26,2025-02-01,2025-03-13,15,Electronics,Small Appliances,Corda,Marketplace,FC-North,Metro Post,true,Wrong size,true,Recovered,1,1,111.88,14.31
R002150,OI0013821,O0006728,C003756,P00156,2025-07-03,2025-07-01,2025-08-02,30,Beauty,Skincare,Mokkan,Web,FC-South,Swiftline,true,Changed mind,true,Recovered,1,1,10.60,4.55
R002151,OI0013826,O0006732,C003757,P00018,2025-02-28,2025-02-01,2025-03-09,9,Apparel,Denim,Latitude 54,Marketplace,FC-North,Regional Freight,false,Wrong size,true,Recovered,1,1,49.77,23.44
R002152,OI0013827,O0006732,C003757,P00075,2025-02-28,2025-02-01,2025-04-01,32,Footwear,Formal,Latitude 54,Marketplace,FC-North,Regional Freight,false,Changed mind,true,Recovered,1,1,39.71,13.29
R002153,OI0013844,O0006743,C003763,P00047,2025-05-03,2025-05-01,2025-05-14,11,Apparel,Dresses,Puresel,Web,FC-Central,Swiftline,true,Changed mind,true,Recovered,1,1,81.20,35.95
R002154,OI0013854,O0006746,C003763,P00030,2025-12-03,2025-12-01,2025-12-15,12,Apparel,Denim,Latitude 54,Marketplace,FC-Central,Metro Post,true,Faulty,false,Written off,1,1,99.97,99.97
R002155,OI0013858,O0006747,C003764,P00050,2025-02-27,2025-02-01,2025-03-30,31,Apparel,Knitwear,Brightpath,Web,FC-North,Swiftline,true,Wrong size,true,Recovered,1,1,116.54,66.67
R002156,OI0013866,O0006752,C003769,P00098,2025-02-28,2025-02-01,2025-03-12,12,Electronics,Audio,Brightpath,Mobile App,FC-North,Metro Post,true,Changed mind,true,Recovered,1,1,109.07,3.54
R002157,OI0013889,O0006763,C003773,P00062,2025-03-03,2025-03-01,2025-03-08,5,Footwear,Formal,Latitude 54,Mobile App,FC-South,Metro Post,true,Changed mind,true,Recovered,1,1,120.05,68.9
R002158,OI0013893,O0006764,C003773,P00109,2025-03-29,2025-03-01,2025-04-24,26,Electronics,Audio,Corda,Mobile App,FC-South,Regional Freight,true,Changed mind,true,Recovered,1,1,179.14,18.29
R002159,OI0013899,O0006767,C003776,P00071,2025-03-04,2025-03-01,2025-03-28,24,Footwear,Boots,Puresel,Web,FC-South,Regional Freight,true,Faulty,false,Written off,2,2,245.52,245.52
R002160,OI0013926,O0006777,C003782,P00046,2025-05-13,2025-05-01,2025-05-31,18,Apparel,Dresses,Brightpath,Marketplace,FC-South,Regional Freight,true,Faulty,false,Written off,2,2,179.50,179.5
R002161,OI0013929,O0006779,C003784,P00114,2025-03-01,2025-03-01,2025-03-25,24,Home & Kitchen,Bedding,Puresel,Web,FC-North,Regional Freight,false,Arrived too late,true,Recovered,1,1,111.53,42.98
R002162,OI0013940,O0006784,C003788,P00015,2025-03-03,2025-03-01,2025-03-14,11,Apparel,Tops,Corda,Mobile App,FC-North,Swiftline,true,Not as described,true,Recovered,2,2,133.10,79.76
R002163,OI0013942,O0006785,C003789,P00076,2025-03-02,2025-03-01,2025-03-17,15,Footwear,Trainers,Puresel,Mobile App,FC-North,Swiftline,true,Wrong size,true,Recovered,1,1,57.97,23.69
R002164,OI0013946,O0006787,C003790,P00145,2025-05-02,2025-05-01,2025-05-16,14,Beauty,Cosmetics,Ellery & Co,Web,FC-South,Metro Post,true,Wrong size,true,Recovered,1,1,58.00,30.53
R002165,OI0013948,O0006788,C003791,P00113,2025-03-03,2025-03-01,2025-04-03,31,Home & Kitchen,Storage,Mokkan,Mobile App,FC-North,Swiftline,true,Not as described,true,Recovered,2,2,148.74,47.02
R002166,OI0013956,O0006792,C003793,P00003,2025-05-10,2025-05-01,2025-06-04,25,Apparel,Outerwear,Northvale,Marketplace,FC-North,Swiftline,true,Changed mind,true,Recovered,1,1,32.59,18.9
R002167,OI0013960,O0006796,C003793,P00051,2025-12-05,2025-12-01,2025-12-09,4,Apparel,Denim,Corda,Mobile App,FC-North,Regional Freight,true,Not as described,true,Recovered,1,1,31.38,13.84
R002168,OI0013962,O0006797,C003794,P00045,2025-03-04,2025-03-01,2025-04-01,28,Apparel,Knitwear,Puresel,Web,FC-South,Metro Post,true,Wrong size,true,Recovered,1,1,70.92,41.49
R002169,OI0013963,O0006798,C003794,P00143,2025-05-06,2025-05-01,2025-05-31,25,Home & Kitchen,Tableware,Mokkan,Store,Store Pickup,,,Damaged in transit,false,Written off,1,1,19.57,19.57
R002170,OI0013969,O0006802,C003795,P00183,2025-06-04,2025-06-01,2025-06-23,19,Sports & Outdoors,Fitness,Ellery & Co,Mobile App,FC-North,Metro Post,true,Changed mind,true,Recovered,1,1,181.76,33.48
R002171,OI0013970,O0006803,C003795,P00186,2025-12-17,2025-12-01,2026-01-10,24,Sports & Outdoors,Fitness,Latitude 54,Mobile App,FC-North,Swiftline,true,Changed mind,true,Recovered,1,1,189.06,50.74
R002172,OI0013972,O0006805,C003796,P00089,2025-03-06,2025-03-01,2025-03-16,10,Electronics,Audio,Corda,Marketplace,FC-Central,Swiftline,true,Wrong size,true,Recovered,2,2,675.10,171.18
R002173,OI0013985,O0006813,C003802,P00156,2025-05-18,2025-05-01,2025-05-31,13,Beauty,Skincare,Mokkan,Store,Store Pickup,,,Faulty,false,Written off,1,1,17.16,17.16
R002174,OI0013987,O0006814,C003803,P00122,2025-03-08,2025-03-01,2025-03-29,21,Home & Kitchen,Cookware,Ellery & Co,Mobile App,FC-North,Metro Post,true,Wrong size,true,Recovered,1,1,34.03,2.46
R002175,OI0013989,O0006814,C003803,P00133,2025-03-08,2025-03-01,2025-03-20,12,Home & Kitchen,Cookware,Latitude 54,Mobile App,FC-North,Metro Post,true,Wrong size,true,Recovered,1,1,121.69,11.32
R002176,OI0013998,O0006818,C003806,P00072,2025-03-06,2025-03-01,2025-04-03,28,Footwear,Sandals,Brightpath,Web,FC-North,Swiftline,true,Not as described,true,Recovered,1,1,58.95,35.37
R002177,OI0014010,O0006824,C003809,P00031,2025-05-26,2025-05-01,2025-06-30,35,Apparel,Dresses,Brightpath,Web,FC-North,Metro Post,false,Changed mind,true,Recovered,1,1,90.94,53.45
R002178,OI0014017,O0006826,C003810,P00044,2025-03-29,2025-03-01,2025-04-20,22,Apparel,Denim,Corda,Web,FC-Central,Swiftline,true,Wrong size,true,Recovered,1,1,20.90,14.24
R002179,OI0014018,O0006827,C003810,P00078,2025-07-12,2025-07-01,2025-08-02,21,Footwear,Sandals,Corda,Web,FC-Central,Metro Post,true,Damaged in transit,false,Written off,1,1,128.93,128.93
R002180,OI0014021,O0006828,C003811,P00026,2025-03-09,2025-03-01,2025-04-06,28,Apparel,Dresses,Corda,Store,Store Pickup,,,Wrong size,true,Recovered,1,1,34.19,16.49
R002181,OI0014028,O0006834,C003814,P00031,2025-04-27,2025-04-01,2025-05-23,26,Apparel,Dresses,Brightpath,Web,FC-South,Regional Freight,false,Not as described,true,Recovered,1,1,90.94,53.45
R002182,OI0014029,O0006835,C003815,P00040,2025-03-09,2025-03-01,2025-03-19,10,Apparel,Tops,Puresel,Web,FC-Central,Swiftline,true,Changed mind,true,Recovered,1,1,83.57,42.6
R002183,OI0014031,O0006836,C003816,P00034,2025-03-08,2025-03-01,2025-03-15,7,Apparel,Dresses,Latitude 54,Web,FC-Central,Swiftline,true,Changed mind,true,Recovered,1,1,38.92,17.3
R002184,OI0014047,O0006843,C003821,P00176,2025-03-07,2025-03-01,2025-03-22,15,Sports & Outdoors,Cycling,Ellery & Co,Web,FC-South,Swiftline,false,Not as described,true,Recovered,1,1,169.90,91.53
R002185,OI0014048,O0006844,C003822,P00094,2025-03-06,2025-03-01,2025-03-30,24,Electronics,Accessories,Latitude 54,Mobile App,FC-South,Regional Freight,true,Changed mind,true,Recovered,1,1,258.96,-57.85
R002186,OI0014061,O0006851,C003827,P00174,2025-03-08,2025-03-01,2025-03-15,7,Sports & Outdoors,Fitness,Latitude 54,Web,FC-Central,Metro Post,true,Faulty,false,Written off,1,1,211.86,211.86
R002187,OI0014065,O0006853,C003827,P00041,2025-12-04,2025-12-01,2025-12-28,24,Apparel,Outerwear,Latitude 54,Mobile App,FC-Central,Regional Freight,true,Not as described,true,Recovered,1,1,125.23,65.8
R002188,OI0014067,O0006853,C003827,P00003,2025-12-04,2025-12-01,2025-12-22,18,Apparel,Outerwear,Northvale,Mobile App,FC-Central,Regional Freight,true,Not as described,true,Recovered,1,1,29.52,15.83
R002189,OI0014069,O0006855,C003829,P00080,2025-03-08,2025-03-01,2025-03-13,5,Footwear,Sandals,Ellery & Co,Marketplace,FC-North,Swiftline,true,Wrong size,true,Recovered,1,1,49.77,26.47
R002190,OI0014070,O0006855,C003829,P00070,2025-03-08,2025-03-01,2025-03-28,20,Footwear,Boots,Latitude 54,Marketplace,FC-North,Swiftline,true,Wrong size,true,Recovered,1,1,66.80,26.45
R002191,OI0014092,O0006866,C003833,P00022,2025-09-30,2025-09-01,2025-10-21,21,Apparel,Knitwear,Northvale,Marketplace,FC-South,Regional Freight,false,Arrived too late,true,Recovered,1,1,37.61,22.92
R002192,OI0014093,O0006866,C003833,P00070,2025-09-30,2025-09-01,2025-10-15,15,Footwear,Boots,Latitude 54,Marketplace,FC-South,Regional Freight,false,Arrived too late,true,Recovered,1,1,75.81,35.46
R002193,OI0014097,O0006869,C003835,P00154,2025-04-19,2025-04-01,2025-05-16,27,Beauty,Cosmetics,Ellery & Co,Marketplace,FC-Central,Regional Freight,true,Faulty,false,Written off,1,1,38.78,38.78
R002194,OI0014102,O0006870,C003836,P00141,2025-03-11,2025-03-01,2025-03-30,19,Home & Kitchen,Cookware,Ellery & Co,Mobile App,FC-South,Regional Freight,true,Changed mind,true,Recovered,1,1,169.49,64.63
R002195,OI0014104,O0006872,C003837,P00006,2025-03-09,2025-03-01,2025-03-29,20,Apparel,Denim,Puresel,Mobile App,FC-South,Metro Post,true,Changed mind,true,Recovered,1,1,23.12,11.24
R002196,OI0014105,O0006873,C003838,P00056,2025-03-11,2025-03-01,2025-04-04,24,Footwear,Sandals,Puresel,Web,FC-South,Metro Post,true,Wrong size,true,Recovered,1,1,104.85,59.98
R002197,OI0014122,O0006880,C003844,P00099,2025-03-12,2025-03-01,2025-03-31,19,Electronics,Small Appliances,Latitude 54,Store,Store Pickup,,,Changed mind,true,Recovered,1,1,472.93,111.03
R002198,OI0014150,O0006895,C003852,P00004,2025-04-08,2025-04-01,2025-05-04,26,Apparel,Knitwear,Puresel,Web,FC-North,Metro Post,true,Not as described,true,Recovered,1,1,29.75,15.77
R002199,OI0014161,O0006900,C003856,P00066,2025-04-22,2025-04-01,2025-05-12,20,Footwear,Sandals,Puresel,Web,FC-North,Swiftline,true,Changed mind,true,Recovered,1,1,101.77,52.84
R002200,OI0014177,O0006909,C003862,P00080,2025-03-12,2025-03-01,2025-04-17,36,Footwear,Sandals,Ellery & Co,Web,FC-South,Regional Freight,false,Not as described,true,Recovered,1,1,43.71,20.41
R002201,OI0014182,O0006911,C003863,P00009,2025-03-12,2025-03-01,2025-03-29,17,Apparel,Outerwear,Mokkan,Mobile App,FC-South,Regional Freight,false,Changed mind,true,Recovered,1,1,73.72,42.56
R002202,OI0014184,O0006912,C003864,P00038,2025-03-13,2025-03-01,2025-03-30,17,Apparel,Dresses,Ellery & Co,Marketplace,FC-North,Swiftline,true,Wrong size,true,Recovered,1,1,83.70,45.76
R002203,OI0014186,O0006913,C003865,P00079,2025-03-13,2025-03-01,2025-03-22,9,Footwear,Sandals,Mokkan,Web,FC-Central,Swiftline,true,Arrived too late,true,Recovered,1,1,60.15,15.38
R002204,OI0014189,O0006914,C003866,P00128,2025-03-15,2025-03-01,2025-03-30,15,Home & Kitchen,Bedding,Northvale,Web,FC-Central,Metro Post,true,Changed mind,true,Recovered,1,1,20.31,7.74
R002205,OI0014191,O0006915,C003866,P00020,2025-05-08,2025-05-01,2025-05-23,15,Apparel,Denim,Ellery & Co,Mobile App,FC-Central,Regional Freight,false,Wrong size,true,Recovered,1,1,113.07,66.15
R002206,OI0014195,O0006916,C003867,P00065,2025-03-16,2025-03-01,2025-03-19,3,Footwear,Sandals,Ellery & Co,Mobile App,FC-Central,Regional Freight,true,Changed mind,true,Recovered,1,1,94.68,40.79
R002207,OI0014209,O0006923,C003871,P00111,2025-06-17,2025-06-01,2025-06-27,10,Home & Kitchen,Storage,Brightpath,Mobile App,FC-North,Swiftline,true,Not as described,true,Recovered,1,1,166.13,69.96
R002208,OI0014213,O0006926,C003871,P00143,2026-04-03,2026-04-01,2026-04-24,21,Home & Kitchen,Tableware,Mokkan,Web,FC-North,Swiftline,true,Not as described,true,Recovered,1,1,21.76,7.78
R002209,OI0014218,O0006929,C003872,P00045,2025-09-22,2025-09-01,2025-10-05,13,Apparel,Knitwear,Puresel,Marketplace,FC-Central,Metro Post,true,Wrong size,true,Recovered,4,4,283.68,165.96
R002210,OI0014252,O0006949,C003885,P00068,2025-03-13,2025-03-01,2025-03-20,7,Footwear,Sandals,Corda,Store,Store Pickup,,,Wrong size,true,Recovered,4,4,426.64,261.4
R002211,OI0014259,O0006953,C003885,P00024,2025-12-22,2025-12-01,2025-12-31,9,Apparel,Outerwear,Brightpath,Web,FC-South,Regional Freight,false,Arrived too late,true,Recovered,1,1,35.49,19.91
R002212,OI0014275,O0006961,C003891,P00004,2025-03-17,2025-03-01,2025-03-27,10,Apparel,Knitwear,Puresel,Mobile App,FC-South,Metro Post,false,Arrived too late,true,Recovered,1,1,33.94,19.96
R002213,OI0014281,O0006966,C003896,P00064,2025-03-17,2025-03-01,2025-04-07,21,Footwear,Boots,Mokkan,Mobile App,FC-South,Regional Freight,true,Wrong size,true,Recovered,1,1,66.22,23.58
R002214,OI0014285,O0006968,C003898,P00087,2025-03-17,2025-03-01,2025-03-21,4,Electronics,Audio,Brightpath,Mobile App,FC-Central,Metro Post,true,Wrong size,true,Recovered,1,1,437.19,47.05
R002215,OI0014292,O0006972,C003901,P00071,2025-03-15,2025-03-01,2025-03-28,13,Footwear,Boots,Puresel,Marketplace,FC-North,Swiftline,true,Changed mind,true,Recovered,1,1,122.76,66.8
R002216,OI0014313,O0006983,C003907,P00014,2025-03-16,2025-03-01,2025-03-30,14,Apparel,Dresses,Corda,Marketplace,FC-Central,Metro Post,true,Changed mind,true,Recovered,1,1,87.12,49.84
R002217,OI0014316,O0006984,C003908,P00153,2025-03-17,2025-03-01,2025-03-31,14,Beauty,Fragrance,Ellery & Co,Web,FC-South,Metro Post,false,Damaged in transit,false,Written off,1,1,34.78,34.78
R002218,OI0014330,O0006992,C003912,P00042,2025-03-17,2025-03-01,2025-04-04,18,Apparel,Knitwear,Latitude 54,Mobile App,FC-South,Regional Freight,false,Not as described,true,Recovered,1,1,98.30,58.28
R002219,OI0014341,O0006997,C003914,P00033,2025-08-29,2025-08-01,2025-09-04,6,Apparel,Denim,Northvale,Marketplace,FC-North,Regional Freight,true,Wrong size,true,Recovered,1,2,44.67,26.8
R002220,OI0014346,O0006999,C003916,P00125,2025-03-19,2025-03-01,2025-04-05,17,Home & Kitchen,Lighting,Latitude 54,Web,FC-Central,Regional Freight,false,Damaged in transit,false,Written off,1,1,100.06,100.06
R002221,OI0014360,O0007004,C003920,P00032,2025-03-18,2025-03-01,2025-04-05,18,Apparel,Outerwear,Mokkan,Mobile App,FC-South,Metro Post,true,Wrong size,true,Recovered,2,2,68.92,44.12
R002222,OI0014366,O0007007,C003921,P00171,2025-03-20,2025-03-01,2025-04-03,14,Sports & Outdoors,Cycling,Ellery & Co,Mobile App,FC-South,Regional Freight,false,Arrived too late,true,Recovered,1,1,68.19,26.07
R002223,OI0014371,O0007009,C003922,P00126,2025-03-21,2025-03-01,2025-04-01,11,Home & Kitchen,Bedding,Puresel,Marketplace,FC-North,Metro Post,true,Wrong size,true,Recovered,2,2,49.17,3.61
R002224,OI0014375,O0007012,C003924,P00141,2025-06-24,2025-06-01,2025-06-30,6,Home & Kitchen,Cookware,Ellery & Co,Mobile App,FC-Central,Swiftline,true,Wrong size,true,Recovered,1,1,95.54,-9.32
R002225,OI0014379,O0007015,C003926,P00061,2025-03-21,2025-03-01,2025-04-11,21,Footwear,Trainers,Northvale,Web,FC-South,Swiftline,true,Not as described,true,Recovered,1,1,44.28,25.13
R002226,OI0014389,O0007021,C003930,P00051,2025-04-16,2025-04-01,2025-04-27,11,Apparel,Denim,Corda,Web,FC-Central,Regional Freight,true,Wrong size,true,Recovered,1,1,43.18,25.64
R002227,OI0014423,O0007038,C003940,P00189,2025-04-26,2025-04-01,2025-05-10,14,Sports & Outdoors,Camping,Brightpath,Mobile App,FC-South,Regional Freight,false,Changed mind,true,Recovered,1,1,141.54,26.81
R002228,OI0014444,O0007051,C003947,P00157,2025-03-19,2025-03-01,2025-04-08,20,Beauty,Cosmetics,Ellery & Co,Mobile App,FC-Central,Swiftline,true,Damaged in transit,false,Written off,1,1,19.98,19.98
R002229,OI0014445,O0007052,C003948,P00126,2025-03-19,2025-03-01,2025-03-27,8,Home & Kitchen,Bedding,Puresel,Mobile App,FC-North,Swiftline,true,Wrong size,true,Recovered,1,1,33.23,10.45
R002230,OI0014462,O0007059,C003952,P00013,2025-06-01,2025-06-01,2025-07-01,30,Apparel,Dresses,Ellery & Co,Web,FC-Central,Metro Post,true,Wrong size,true,Recovered,1,1,51.95,27.31
R002231,OI0014464,O0007060,C003953,P00024,2025-03-23,2025-03-01,2025-03-30,7,Apparel,Outerwear,Brightpath,Marketplace,FC-South,Regional Freight,true,Wrong size,true,Recovered,1,1,35.49,19.91
R002232,OI0014475,O0007064,C003956,P00177,2025-08-29,2025-08-01,2025-09-21,23,Sports & Outdoors,Cycling,Latitude 54,Web,FC-South,Regional Freight,false,Wrong size,true,Recovered,1,1,276.02,117.51
R002233,OI0014487,O0007070,C003962,P00050,2025-03-21,2025-03-01,2025-04-08,18,Apparel,Knitwear,Brightpath,Web,FC-South,Swiftline,true,Wrong size,true,Recovered,1,1,101.93,52.06
R002234,OI0014489,O0007071,C003963,P00034,2025-03-23,2025-03-01,2025-04-11,19,Apparel,Dresses,Latitude 54,Marketplace,FC-North,Regional Freight,true,Not as described,true,Recovered,1,3,41.79,20.17
R002235,OI0014496,O0007073,C003965,P00126,2025-03-25,2025-03-01,2025-04-06,12,Home & Kitchen,Bedding,Puresel,Web,FC-Central,Swiftline,true,Arrived too late,true,Recovered,1,1,33.23,10.45
R002236,OI0014500,O0007075,C003967,P00068,2025-03-23,2025-03-01,2025-03-29,6,Footwear,Sandals,Corda,Store,Store Pickup,,,Changed mind,true,Recovered,2,2,213.32,130.7
R002237,OI0014502,O0007076,C003967,P00065,2025-05-20,2025-05-01,2025-05-29,9,Footwear,Sandals,Ellery & Co,Mobile App,FC-South,Metro Post,true,Faulty,false,Written off,3,3,284.04,284.04
R002238,OI0014512,O0007081,C003970,P00031,2025-03-23,2025-03-01,2025-04-09,17,Apparel,Dresses,Brightpath,Web,FC-South,Swiftline,true,Changed mind,true,Recovered,1,1,90.94,53.45
R002239,OI0014520,O0007083,C003972,P00125,2025-03-25,2025-03-01,2025-04-17,23,Home & Kitchen,Lighting,Latitude 54,Web,FC-Central,Swiftline,true,Not as described,true,Recovered,1,1,100.06,34.99
R002240,OI0014521,O0007083,C003972,P00012,2025-03-25,2025-03-01,2025-04-01,7,Apparel,Knitwear,Mokkan,Web,FC-Central,Swiftline,true,Wrong size,true,Recovered,4,4,355.72,194.96
R002241,OI0014534,O0007089,C003974,P00018,2026-02-02,2026-02-01,2026-02-11,9,Apparel,Denim,Latitude 54,Mobile App,FC-South,Regional Freight,true,Changed mind,true,Recovered,1,1,62.01,35.68
R002242,OI0014539,O0007091,C003975,P00041,2025-04-17,2025-04-01,2025-04-27,10,Apparel,Outerwear,Latitude 54,Mobile App,FC-Central,Metro Post,true,Damaged in transit,false,Written off,1,2,125.23,125.23
R002243,OI0014547,O0007093,C003975,P00027,2025-09-22,2025-09-01,2025-10-07,15,Apparel,Outerwear,Mokkan,Mobile App,FC-Central,Swiftline,false,Wrong size,true,Recovered,1,1,27.71,14.39
R002244,OI0014566,O0007101,C003982,P00030,2025-03-23,2025-03-01,2025-04-04,12,Apparel,Denim,Latitude 54,Mobile App,FC-North,Metro Post,false,Damaged in transit,false,Written off,1,1,99.97,99.97
R002245,OI0014571,O0007104,C003984,P00032,2025-04-24,2025-04-01,2025-05-20,26,Apparel,Outerwear,Mokkan,Web,FC-South,Swiftline,true,Wrong size,true,Recovered,4,4,137.84,88.24
R002246,OI0014576,O0007106,C003985,P00075,2025-03-26,2025-03-01,2025-04-08,13,Footwear,Formal,Latitude 54,Web,FC-South,Regional Freight,true,Not as described,true,Recovered,1,1,51.74,25.32
R002247,OI0014593,O0007112,C003986,P00027,2025-06-01,2025-06-01,2025-06-27,26,Apparel,Outerwear,Mokkan,Store,Store Pickup,,,Wrong size,true,Recovered,1,1,26.74,13.42
R002248,OI0014594,O0007113,C003987,P00006,2025-03-24,2025-03-01,2025-04-03,10,Apparel,Denim,Puresel,Marketplace,FC-South,Regional Freight,true,Changed mind,true,Recovered,1,3,31.44,19.56
R002249,OI0014595,O0007113,C003987,P00059,2025-03-24,2025-03-01,2025-04-12,19,Footwear,Trainers,Latitude 54,Marketplace,FC-South,Regional Freight,true,Not as described,true,Recovered,1,1,129.93,59.89
R002250,OI0014605,O0007118,C003990,P00140,2025-08-31,2025-08-01,2025-09-16,16,Home & Kitchen,Lighting,Brightpath,Mobile App,FC-North,Swiftline,false,Changed mind,true,Recovered,1,1,50.12,20.5
R002251,OI0014608,O0007119,C003991,P00069,2025-03-24,2025-03-01,2025-04-09,16,Footwear,Sandals,Brightpath,Web,FC-Central,Swiftline,true,Changed mind,true,Recovered,1,1,143.47,83.26
R002252,OI0014621,O0007124,C003995,P00004,2025-03-28,2025-03-01,2025-04-17,20,Apparel,Knitwear,Puresel,Mobile App,FC-Central,Regional Freight,true,Changed mind,true,Recovered,1,1,33.94,19.96
R002253,OI0014622,O0007124,C003995,P00065,2025-03-28,2025-03-01,2025-04-02,5,Footwear,Sandals,Ellery & Co,Mobile App,FC-Central,Regional Freight,true,Arrived too late,true,Recovered,1,1,94.68,40.79
R002254,OI0014629,O0007126,C003997,P00011,2025-03-26,2025-03-01,2025-04-12,17,Apparel,Outerwear,Northvale,Web,FC-South,Regional Freight,true,Not as described,true,Recovered,1,1,133.12,81.92
R002255,OI0014632,O0007128,C003998,P00068,2025-03-26,2025-03-01,2025-04-18,23,Footwear,Sandals,Corda,Web,FC-North,Regional Freight,true,Faulty,false,Written off,1,1,106.66,106.66
R002256,OI0014635,O0007129,C003999,P00035,2025-03-28,2025-03-01,2025-04-17,20,Apparel,Outerwear,Northvale,Web,FC-North,Metro Post,true,Wrong size,true,Recovered,1,1,131.59,67.13
R002257,OI0014640,O0007133,C004000,P00034,2025-06-21,2025-06-01,2025-07-07,16,Apparel,Dresses,Latitude 54,Web,FC-Central,Regional Freight,true,Not as described,true,Recovered,1,1,24.20,2.58
R002258,OI0014642,O0007133,C004000,P00172,2025-06-21,2025-06-01,2025-06-27,6,Sports & Outdoors,Fitness,Ellery & Co,Web,FC-Central,Regional Freight,true,Not as described,true,Recovered,1,1,93.79,43.09
R002259,OI0014643,O0007134,C004001,P00064,2025-03-28,2025-03-01,2025-04-01,4,Footwear,Boots,Mokkan,Store,Store Pickup,,,Not as described,true,Recovered,1,1,93.30,50.66
R002260,OI0014649,O0007135,C004002,P00108,2025-03-27,2025-03-01,2025-04-20,24,Electronics,Audio,Ellery & Co,Marketplace,FC-North,Swiftline,true,Damaged in transit,false,Written off,1,1,99.54,99.54
R002261,OI0014650,O0007135,C004002,P00098,2025-03-27,2025-03-01,2025-04-07,11,Electronics,Audio,Brightpath,Marketplace,FC-North,Swiftline,true,Not as described,true,Recovered,1,1,126.60,21.07
R002262,OI0014655,O0007139,C004005,P00004,2025-07-16,2025-07-01,2025-08-03,18,Apparel,Knitwear,Puresel,Mobile App,FC-South,Regional Freight,true,Faulty,false,Written off,1,1,25.70,25.7
R002263,OI0014671,O0007148,C004013,P00130,2025-03-30,2025-03-01,2025-04-20,21,Home & Kitchen,Cookware,Ellery & Co,Mobile App,FC-North,Swiftline,true,Changed mind,true,Recovered,1,1,206.19,56.47
R002264,OI0014673,O0007150,C004015,P00138,2025-03-30,2025-03-01,2025-04-13,14,Home & Kitchen,Bedding,Ellery & Co,Marketplace,FC-Central,Swiftline,true,Wrong size,true,Recovered,1,1,76.21,28.01
R002265,OI0014679,O0007153,C004017,P00065,2025-03-27,2025-03-01,2025-04-17,21,Footwear,Sandals,Ellery & Co,Mobile App,FC-Central,Swiftline,true,Changed mind,true,Recovered,1,1,94.68,40.79
R002266,OI0014682,O0007154,C004017,P00099,2025-04-20,2025-04-01,2025-05-08,18,Electronics,Small Appliances,Latitude 54,Mobile App,FC-Central,Swiftline,true,Wrong size,true,Recovered,1,2,472.93,111.03
R002267,OI0014683,O0007154,C004017,P00018,2025-04-20,2025-04-01,2025-04-28,8,Apparel,Denim,Latitude 54,Mobile App,FC-Central,Swiftline,true,Arrived too late,true,Recovered,1,1,62.01,35.68
R002268,OI0014685,O0007156,C004018,P00095,2025-05-16,2025-05-01,2025-05-30,14,Electronics,Small Appliances,Latitude 54,Mobile App,FC-South,Regional Freight,true,Wrong size,true,Recovered,1,1,396.85,35.19
R002269,OI0014686,O0007157,C004018,P00040,2025-07-01,2025-07-01,2025-07-11,10,Apparel,Tops,Puresel,Web,FC-South,Metro Post,true,Wrong size,true,Recovered,1,1,60.16,19.19
R002270,OI0014687,O0007158,C004019,P00053,2025-03-29,2025-03-01,2025-04-29,31,Apparel,Tops,Latitude 54,Marketplace,FC-North,Swiftline,true,Damaged in transit,false,Written off,2,2,207.42,207.42
R002271,OI0014694,O0007161,C004019,P00190,2025-06-27,2025-06-01,2025-07-21,24,Sports & Outdoors,Cycling,Puresel,Store,Store Pickup,,,Damaged in transit,false,Written off,4,4,759.60,759.6
R002272,OI0014697,O0007162,C004019,P00048,2025-07-30,2025-07-01,2025-08-17,18,Apparel,Dresses,Latitude 54,Web,FC-North,Regional Freight,true,Wrong size,true,Recovered,1,1,122.50,66.99
R002273,OI0014705,O0007166,C004022,P00007,2025-06-24,2025-06-01,2025-07-17,23,Apparel,Denim,Northvale,Mobile App,FC-South,Regional Freight,true,Changed mind,true,Recovered,1,2,116.94,69.72
R002274,OI0014716,O0007172,C004026,P00074,2025-03-29,2025-03-01,2025-04-09,11,Footwear,Trainers,Puresel,Store,Store Pickup,,,Wrong size,true,Recovered,1,1,82.55,34.76
R002275,OI0014726,O0007177,C004029,P00066,2025-03-28,2025-03-01,2025-04-29,32,Footwear,Sandals,Puresel,Web,FC-South,Regional Freight,true,Damaged in transit,false,Written off,1,1,111.95,111.95
R002276,OI0014728,O0007178,C004030,P00038,2025-03-28,2025-03-01,2025-04-08,11,Apparel,Dresses,Ellery & Co,Marketplace,FC-North,Swiftline,true,Not as described,true,Recovered,1,1,83.70,45.76
R002277,OI0014741,O0007186,C004035,P00071,2025-05-15,2025-05-01,2025-06-06,22,Footwear,Boots,Puresel,Mobile App,FC-Central,Metro Post,true,Faulty,false,Written off,1,1,85.00,85.0
R002278,OI0014744,O0007187,C004036,P00152,2025-04-01,2025-04-01,2025-04-07,6,Beauty,Skincare,Northvale,Mobile App,FC-North,Swiftline,true,Changed mind,true,Recovered,1,1,26.73,16.55
R002279,OI0014746,O0007189,C004038,P00014,2025-03-30,2025-03-01,2025-04-22,23,Apparel,Dresses,Corda,Web,FC-Central,Swiftline,true,Not as described,true,Recovered,1,1,87.12,49.84
R002280,OI0014747,O0007189,C004038,P00042,2025-03-30,2025-03-01,2025-04-29,30,Apparel,Knitwear,Latitude 54,Web,FC-Central,Swiftline,true,Faulty,false,Written off,1,1,98.30,98.3
R002281,OI0014759,O0007194,C004040,P00059,2025-03-31,2025-03-01,2025-04-07,7,Footwear,Trainers,Latitude 54,Web,FC-North,Swiftline,true,Damaged in transit,false,Written off,1,1,129.93,129.93
R002282,OI0014764,O0007196,C004041,P00061,2025-07-13,2025-07-01,2025-08-07,25,Footwear,Trainers,Northvale,Web,FC-North,Swiftline,true,Damaged in transit,false,Written off,1,1,41.53,41.53
R002283,OI0014776,O0007202,C004045,P00060,2025-05-09,2025-05-01,2025-05-14,5,Footwear,Formal,Corda,Store,Store Pickup,,,Changed mind,true,Recovered,1,1,139.31,73.37
R002284,OI0014778,O0007203,C004045,P00025,2025-07-02,2025-07-01,2025-07-25,23,Apparel,Outerwear,Corda,Web,FC-North,Metro Post,true,Damaged in transit,false,Written off,2,2,251.88,251.88
R002285,OI0014783,O0007207,C004046,P00114,2025-06-20,2025-06-01,2025-07-06,16,Home & Kitchen,Bedding,Puresel,Web,FC-North,Swiftline,true,Wrong size,true,Recovered,1,1,108.03,39.48
R002286,OI0014784,O0007208,C004046,P00061,2025-09-22,2025-09-01,2025-10-05,13,Footwear,Trainers,Northvale,Web,FC-North,Metro Post,true,Arrived too late,true,Recovered,1,1,44.28,25.13
R002287,OI0014787,O0007210,C004047,P00014,2025-03-30,2025-03-01,2025-04-20,21,Apparel,Dresses,Corda,Web,FC-South,Swiftline,true,Not as described,true,Recovered,1,1,69.94,32.66
R002288,OI0014799,O0007215,C004049,P00142,2025-03-29,2025-03-01,2025-04-03,5,Home & Kitchen,Cookware,Northvale,Mobile App,FC-South,Metro Post,true,Changed mind,true,Recovered,1,1,138.70,62.84
R002289,OI0014806,O0007220,C004049,P00056,2026-03-27,2026-03-01,2026-04-16,20,Footwear,Sandals,Puresel,Mobile App,FC-South,Regional Freight,false,Arrived too late,true,Recovered,1,1,105.15,60.28
R002290,OI0014814,O0007224,C004051,P00071,2025-03-31,2025-03-01,2025-04-25,25,Footwear,Boots,Puresel,Web,FC-Central,Metro Post,true,Damaged in transit,false,Written off,1,1,122.76,122.76
R002291,OI0014821,O0007229,C004054,P00012,2025-04-03,2025-04-01,2025-04-08,5,Apparel,Knitwear,Mokkan,Mobile App,FC-South,Regional Freight,true,Damaged in transit,false,Written off,1,1,88.93,88.93
R002292,OI0014827,O0007232,C004056,P00029,2025-05-20,2025-05-01,2025-06-19,30,Apparel,Knitwear,Puresel,Mobile App,FC-Central,Regional Freight,true,Changed mind,true,Recovered,1,1,116.07,69.8
R002293,OI0014839,O0007238,C004061,P00072,2025-03-31,2025-03-01,2025-04-09,9,Footwear,Sandals,Brightpath,Marketplace,FC-Central,Metro Post,true,Changed mind,true,Recovered,2,2,117.90,70.74
R002294,OI0014841,O0007239,C004062,P00136,2025-04-03,2025-04-01,2025-04-24,21,Home & Kitchen,Cookware,Latitude 54,Mobile App,FC-Central,Regional Freight,true,Changed mind,true,Recovered,1,1,24.21,6.0
R002295,OI0014851,O0007243,C004063,P00034,2025-08-12,2025-08-01,2025-08-19,7,Apparel,Dresses,Latitude 54,Web,FC-Central,Metro Post,true,Faulty,false,Written off,1,1,41.79,41.79
R002296,OI0014856,O0007246,C004064,P00038,2025-03-31,2025-03-01,2025-04-24,24,Apparel,Dresses,Ellery & Co,Web,FC-North,Swiftline,true,Not as described,true,Recovered,1,2,79.24,41.3
R002297,OI0014858,O0007246,C004064,P00057,2025-03-31,2025-03-01,2025-04-20,20,Footwear,Trainers,Puresel,Web,FC-North,Swiftline,true,Wrong size,true,Recovered,2,2,131.88,79.52
R002298,OI0014873,O0007253,C004068,P00068,2025-04-01,2025-04-01,2025-04-12,11,Footwear,Sandals,Corda,Mobile App,FC-South,Metro Post,true,Wrong size,true,Recovered,2,2,213.32,130.7
R002299,OI0014881,O0007257,C004071,P00036,2025-06-04,2025-06-01,2025-06-25,21,Apparel,Dresses,Latitude 54,Web,FC-South,Swiftline,true,Changed mind,true,Recovered,1,1,67.23,43.24
R002300,OI0014883,O0007259,C004072,P00068,2025-04-02,2025-04-01,2025-05-01,29,Footwear,Sandals,Corda,Marketplace,FC-North,Swiftline,true,Wrong size,true,Recovered,1,1,106.66,65.35
R002301,OI0014885,O0007260,C004073,P00044,2025-04-05,2025-04-01,2025-05-06,31,Apparel,Denim,Corda,Mobile App,FC-Central,Regional Freight,true,Damaged in transit,false,Written off,1,1,12.34,12.34
R002302,OI0014888,O0007263,C004074,P00002,2025-04-03,2025-04-01,2025-04-20,17,Apparel,Knitwear,Brightpath,Mobile App,FC-South,Metro Post,true,Damaged in transit,false,Written off,2,2,163.36,163.36
R002303,OI0014901,O0007268,C004077,P00061,2025-04-05,2025-04-01,2025-04-24,19,Footwear,Trainers,Northvale,Marketplace,FC-Central,Swiftline,true,Damaged in transit,false,Written off,1,1,38.51,38.51
R002304,OI0014917,O0007276,C004085,P00051,2025-04-04,2025-04-01,2025-04-23,19,Apparel,Denim,Corda,Store,Store Pickup,,,Not as described,true,Recovered,1,1,26.93,9.39
R002305,OI0014921,O0007279,C004088,P00166,2025-04-05,2025-04-01,2025-05-05,30,Beauty,Skincare,Ellery & Co,Marketplace,FC-North,Swiftline,true,Arrived too late,true,Recovered,1,1,64.75,45.18
R002306,OI0014949,O0007292,C004096,P00025,2025-04-06,2025-04-01,2025-04-20,14,Apparel,Outerwear,Corda,Web,FC-South,Regional Freight,true,Changed mind,true,Recovered,1,1,125.94,77.04
R002307,OI0014952,O0007294,C004097,P00052,2025-04-06,2025-04-01,2025-04-22,16,Apparel,Dresses,Corda,Web,FC-South,Regional Freight,true,Changed mind,true,Recovered,1,1,64.55,40.52
R002308,OI0014959,O0007295,C004098,P00053,2025-04-05,2025-04-01,2025-04-19,14,Apparel,Tops,Latitude 54,Store,Store Pickup,,,Damaged in transit,false,Written off,3,3,311.13,311.13
R002309,OI0014972,O0007302,C004102,P00075,2025-08-10,2025-08-01,2025-08-18,8,Footwear,Formal,Latitude 54,Web,FC-North,Swiftline,true,Wrong size,true,Recovered,1,1,51.74,25.32
R002310,OI0014974,O0007303,C004103,P00115,2025-04-04,2025-04-01,2025-04-21,17,Home & Kitchen,Lighting,Puresel,Store,Store Pickup,,,Wrong size,true,Recovered,1,1,107.99,37.36
R002311,OI0014987,O0007309,C004106,P00034,2025-05-22,2025-05-01,2025-06-12,21,Apparel,Dresses,Latitude 54,Mobile App,FC-Central,Swiftline,true,Wrong size,true,Recovered,1,1,41.79,20.17
R002312,OI0014988,O0007309,C004106,P00037,2025-05-22,2025-05-01,2025-06-04,13,Apparel,Tops,Brightpath,Mobile App,FC-Central,Swiftline,true,Not as described,true,Recovered,1,1,116.64,66.03
R002313,OI0014989,O0007309,C004106,P00044,2025-05-22,2025-05-01,2025-06-06,15,Apparel,Denim,Corda,Mobile App,FC-Central,Swiftline,true,Wrong size,true,Recovered,1,2,20.90,14.24
R002314,OI0014994,O0007312,C004107,P00073,2025-12-14,2025-12-01,2026-01-13,30,Footwear,Boots,Brightpath,Web,FC-South,Metro Post,true,Not as described,true,Recovered,3,3,198.34,83.08
R002315,OI0014998,O0007313,C004107,P00061,2026-01-27,2026-01-01,2026-02-05,9,Footwear,Trainers,Northvale,Mobile App,FC-South,Regional Freight,true,Not as described,true,Recovered,1,1,44.28,25.13
R002316,OI0014999,O0007314,C004107,P00131,2026-02-12,2026-02-01,2026-03-11,27,Home & Kitchen,Cookware,Mokkan,Web,FC-South,Regional Freight,true,Not as described,true,Recovered,1,1,107.23,33.76
R002317,OI0015005,O0007316,C004109,P00027,2025-04-06,2025-04-01,2025-04-26,20,Apparel,Outerwear,Mokkan,Marketplace,FC-South,Metro Post,true,Changed mind,true,Recovered,1,1,23.67,10.35
R002318,OI0015007,O0007318,C004110,P00162,2025-07-01,2025-07-01,2025-07-08,7,Beauty,Haircare,Ellery & Co,Web,FC-North,Regional Freight,true,Faulty,false,Written off,2,2,57.02,57.02
R002319,OI0015010,O0007319,C004111,P00073,2025-04-08,2025-04-01,2025-04-17,9,Footwear,Boots,Brightpath,Mobile App,FC-South,Regional Freight,true,Not as described,true,Recovered,2,2,159.52,82.68
R002320,OI0015014,O0007321,C004112,P00011,2025-04-07,2025-04-01,2025-04-14,7,Apparel,Outerwear,Northvale,Mobile App,FC-North,Swiftline,true,Changed mind,true,Recovered,1,1,133.12,81.92
R002321,OI0015018,O0007323,C004112,P00062,2025-06-25,2025-06-01,2025-07-09,14,Footwear,Formal,Latitude 54,Mobile App,FC-North,Swiftline,true,Arrived too late,true,Recovered,1,1,66.45,15.3
R002322,OI0015025,O0007326,C004113,P00089,2025-04-04,2025-04-01,2025-04-17,13,Electronics,Audio,Corda,Web,FC-Central,Swiftline,true,Changed mind,true,Recovered,1,1,337.55,85.59
R002323,OI0015031,O0007328,C004114,P00051,2025-06-28,2025-06-01,2025-07-13,15,Apparel,Denim,Corda,Marketplace,FC-North,Regional Freight,true,Faulty,false,Written off,1,1,26.13,26.13
R002324,OI0015033,O0007328,C004114,P00045,2025-06-28,2025-06-01,2025-07-16,18,Apparel,Knitwear,Puresel,Marketplace,FC-North,Regional Freight,true,Faulty,false,Written off,1,1,70.92,70.92
R002325,OI0015035,O0007330,C004114,P00118,2026-01-19,2026-01-01,2026-01-28,9,Home & Kitchen,Tableware,Ellery & Co,Web,FC-North,Regional Freight,true,Changed mind,true,Recovered,3,3,79.20,33.69
R002326,OI0015036,O0007330,C004114,P00020,2026-01-19,2026-01-01,2026-02-01,13,Apparel,Denim,Ellery & Co,Web,FC-North,Regional Freight,true,Wrong size,true,Recovered,1,1,131.49,84.57
R002327,OI0015038,O0007330,C004114,P00188,2026-01-19,2026-01-01,2026-02-13,25,Sports & Outdoors,Swim,Mokkan,Web,FC-North,Regional Freight,true,Wrong size,true,Recovered,1,1,166.85,68.1
R002328,OI0015054,O0007338,C004120,P00028,2025-04-07,2025-04-01,2025-04-22,15,Apparel,Dresses,Mokkan,Marketplace,FC-Central,Regional Freight,false,Not as described,true,Recovered,1,1,31.99,20.25
R002329,OI0015056,O0007339,C004121,P00043,2025-04-05,2025-04-01,2025-04-29,24,Apparel,Denim,Puresel,Web,FC-South,Swiftline,true,Damaged in transit,false,Written off,1,3,107.20,107.2
R002330,OI0015057,O0007339,C004121,P00102,2025-04-05,2025-04-01,2025-04-19,14,Electronics,Small Appliances,Corda,Web,FC-South,Swiftline,true,Not as described,true,Recovered,1,1,243.13,27.23
R002331,OI0015088,O0007358,C004132,P00060,2025-04-10,2025-04-01,2025-04-23,13,Footwear,Formal,Corda,Store,Store Pickup,,,Wrong size,true,Recovered,2,2,278.62,146.74
R002332,OI0015089,O0007359,C004132,P00092,2025-06-14,2025-06-01,2025-07-04,20,Electronics,Accessories,Puresel,Marketplace,FC-Central,Regional Freight,true,Wrong size,true,Recovered,1,1,194.56,13.01
R002333,OI0015092,O0007360,C004132,P00077,2025-07-29,2025-07-01,2025-08-07,9,Footwear,Boots,Ellery & Co,Web,FC-Central,Swiftline,true,Wrong size,true,Recovered,1,1,105.21,64.29
R002334,OI0015097,O0007362,C004133,P00098,2025-07-04,2025-07-01,2025-07-12,8,Electronics,Audio,Brightpath,Marketplace,FC-Central,Swiftline,true,Changed mind,true,Recovered,1,1,126.60,21.07
R002335,OI0015098,O0007362,C004133,P00068,2025-07-04,2025-07-01,2025-07-29,25,Footwear,Sandals,Corda,Marketplace,FC-Central,Swiftline,true,Damaged in transit,false,Written off,1,1,106.66,106.66
R002336,OI0015105,O0007365,C004134,P00063,2025-04-06,2025-04-01,2025-04-25,19,Footwear,Formal,Northvale,Mobile App,FC-Central,Metro Post,true,Wrong size,true,Recovered,2,2,73.06,39.72
R002337,OI0015116,O0007371,C004137,P00079,2025-09-07,2025-09-01,2025-09-27,20,Footwear,Sandals,Mokkan,Mobile App,FC-North,Regional Freight,true,Arrived too late,true,Recovered,1,3,51.20,6.43
R002338,OI0015117,O0007372,C004137,P00014,2025-10-18,2025-10-01,2025-11-10,23,Apparel,Dresses,Corda,Marketplace,FC-North,Swiftline,true,Wrong size,true,Recovered,1,1,87.12,49.84
R002339,OI0015120,O0007374,C004138,P00044,2025-04-08,2025-04-01,2025-04-24,16,Apparel,Denim,Corda,Store,Store Pickup,,,Changed mind,true,Recovered,2,2,41.80,28.48
R002340,OI0015131,O0007382,C004141,P00078,2025-08-16,2025-08-01,2025-09-07,22,Footwear,Sandals,Corda,Mobile App,FC-South,Regional Freight,true,Changed mind,true,Recovered,1,1,128.93,67.91
R002341,OI0015136,O0007383,C004141,P00160,2025-09-11,2025-09-01,2025-09-20,9,Beauty,Fragrance,Puresel,Mobile App,FC-South,Regional Freight,false,Wrong size,true,Recovered,1,4,65.82,42.51
R002342,OI0015139,O0007384,C004142,P00027,2025-04-09,2025-04-01,2025-04-30,21,Apparel,Outerwear,Mokkan,Store,Store Pickup,,,Arrived too late,true,Recovered,1,1,26.36,13.04
R002343,OI0015140,O0007384,C004142,P00028,2025-04-09,2025-04-01,2025-04-29,20,Apparel,Dresses,Mokkan,Store,Store Pickup,,,Changed mind,true,Recovered,1,1,26.28,14.54
R002344,OI0015141,O0007384,C004142,P00010,2025-04-09,2025-04-01,2025-04-30,21,Apparel,Denim,Puresel,Store,Store Pickup,,,Not as described,true,Recovered,1,1,28.00,15.12
R002345,OI0015142,O0007384,C004142,P00061,2025-04-09,2025-04-01,2025-05-05,26,Footwear,Trainers,Northvale,Store,Store Pickup,,,Wrong size,true,Recovered,1,1,44.28,25.13
R002346,OI0015143,O0007385,C004143,P00060,2025-04-11,2025-04-01,2025-04-29,18,Footwear,Formal,Corda,Marketplace,FC-Central,Metro Post,true,Wrong size,true,Recovered,1,1,139.31,73.37
R002347,OI0015145,O0007386,C004144,P00054,2025-04-09,2025-04-01,2025-04-24,15,Footwear,Sandals,Mokkan,Web,FC-Central,Metro Post,true,Not as described,true,Recovered,1,1,57.48,27.97
R002348,OI0015147,O0007386,C004144,P00072,2025-04-09,2025-04-01,2025-04-23,14,Footwear,Sandals,Brightpath,Web,FC-Central,Metro Post,true,Damaged in transit,false,Written off,1,1,58.95,58.95
R002349,OI0015148,O0007386,C004144,P00077,2025-04-09,2025-04-01,2025-04-21,12,Footwear,Boots,Ellery & Co,Web,FC-Central,Metro Post,true,Wrong size,true,Recovered,1,1,104.94,64.02
R002350,OI0015153,O0007389,C004146,P00057,2025-04-08,2025-04-01,2025-05-06,28,Footwear,Trainers,Puresel,Store,Store Pickup,,,Not as described,true,Recovered,1,1,42.33,16.15
R002351,OI0015156,O0007390,C004147,P00103,2025-04-11,2025-04-01,2025-04-18,7,Electronics,Small Appliances,Latitude 54,Store,Store Pickup,,,Wrong size,true,Recovered,1,1,79.90,-10.11
R002352,OI0015163,O0007392,C004148,P00015,2025-06-03,2025-06-01,2025-06-25,22,Apparel,Tops,Corda,Marketplace,FC-Central,Metro Post,true,Wrong size,true,Recovered,1,1,66.55,39.88
R002353,OI0015166,O0007392,C004148,P00139,2025-06-03,2025-06-01,2025-06-22,19,Home & Kitchen,Cookware,Ellery & Co,Marketplace,FC-Central,Metro Post,true,Wrong size,true,Recovered,1,1,53.02,21.66
R002354,OI0015173,O0007396,C004149,P00074,2025-04-09,2025-04-01,2025-05-09,30,Footwear,Trainers,Puresel,Mobile App,FC-South,Regional Freight,true,Wrong size,true,Recovered,1,1,128.17,80.38
R002355,OI0015181,O0007399,C004151,P00004,2025-04-08,2025-04-01,2025-04-15,7,Apparel,Knitwear,Puresel,Marketplace,FC-South,Regional Freight,true,Damaged in transit,false,Written off,1,1,33.94,33.94
R002356,OI0015195,O0007408,C004158,P00117,2025-04-12,2025-04-01,2025-04-26,14,Home & Kitchen,Bedding,Ellery & Co,Mobile App,FC-North,Metro Post,true,Wrong size,true,Recovered,1,1,60.48,-18.15
R002357,OI0015202,O0007410,C004160,P00042,2025-04-09,2025-04-01,2025-04-28,19,Apparel,Knitwear,Latitude 54,Web,FC-Central,Regional Freight,true,Not as described,true,Recovered,1,1,98.30,58.28
R002358,OI0015203,O0007411,C004161,P00173,2025-04-10,2025-04-01,2025-05-02,22,Sports & Outdoors,Swim,Mokkan,Store,Store Pickup,,,Faulty,false,Written off,1,1,77.82,77.82
R002359,OI0015220,O0007417,C004163,P00068,2025-04-10,2025-04-01,2025-04-18,8,Footwear,Sandals,Corda,Store,Store Pickup,,,Wrong size,true,Recovered,1,1,68.67,27.36
R002360,OI0015223,O0007419,C004165,P00002,2025-04-13,2025-04-01,2025-04-25,12,Apparel,Knitwear,Brightpath,Marketplace,FC-Central,Regional Freight,true,Damaged in transit,false,Written off,1,1,81.68,81.68
R002361,OI0015228,O0007421,C004167,P00138,2025-04-12,2025-04-01,2025-05-14,32,Home & Kitchen,Bedding,Ellery & Co,Mobile App,FC-South,Regional Freight,true,Wrong size,true,Recovered,1,1,70.55,22.35
R002362,OI0015233,O0007423,C004168,P00032,2025-07-30,2025-07-01,2025-08-17,18,Apparel,Outerwear,Mokkan,Web,FC-South,Regional Freight,false,Arrived too late,true,Recovered,1,1,34.46,22.06
R002363,OI0015235,O0007424,C004169,P00071,2025-04-13,2025-04-01,2025-05-02,19,Footwear,Boots,Puresel,Web,FC-Central,Metro Post,true,Arrived too late,true,Recovered,1,1,122.76,66.8
R002364,OI0015236,O0007425,C004170,P00052,2025-04-14,2025-04-01,2025-05-15,31,Apparel,Dresses,Corda,Web,FC-Central,Regional Freight,false,Wrong size,true,Recovered,1,1,64.55,40.52
R002365,OI0015244,O0007430,C004175,P00003,2025-04-12,2025-04-01,2025-04-23,11,Apparel,Outerwear,Northvale,Mobile App,FC-South,Swiftline,true,Changed mind,true,Recovered,1,1,32.59,18.9
R002366,OI0015248,O0007432,C004175,P00052,2025-06-28,2025-06-01,2025-07-18,20,Apparel,Dresses,Corda,Web,FC-South,Regional Freight,true,Not as described,true,Recovered,1,1,58.26,34.23
R002367,OI0015252,O0007433,C004176,P00023,2025-04-13,2025-04-01,2025-04-24,11,Apparel,Tops,Latitude 54,Marketplace,FC-South,Swiftline,false,Wrong size,true,Recovered,1,1,39.46,21.72
R002368,OI0015254,O0007433,C004176,P00047,2025-04-13,2025-04-01,2025-04-26,13,Apparel,Dresses,Puresel,Marketplace,FC-South,Swiftline,false,Wrong size,true,Recovered,4,4,383.56,202.56
R002369,OI0015257,O0007434,C004176,P00039,2025-08-23,2025-08-01,2025-09-24,32,Apparel,Outerwear,Latitude 54,Web,FC-South,Metro Post,true,Wrong size,true,Recovered,2,2,50.60,27.84
R002370,OI0015263,O0007437,C004178,P00075,2025-04-13,2025-04-01,2025-05-08,25,Footwear,Formal,Latitude 54,Marketplace,FC-North,Metro Post,true,Damaged in transit,false,Written off,1,1,51.74,51.74
R002371,OI0015264,O0007438,C004179,P00053,2025-04-13,2025-04-01,2025-05-11,28,Apparel,Tops,Latitude 54,Web,FC-North,Regional Freight,true,Faulty,false,Written off,1,1,103.71,103.71
R002372,OI0015276,O0007443,C004182,P00058,2025-04-15,2025-04-01,2025-04-23,8,Footwear,Trainers,Brightpath,Mobile App,FC-Central,Regional Freight,true,Wrong size,true,Recovered,1,1,151.43,77.38
R002373,OI0015278,O0007443,C004182,P00038,2025-04-15,2025-04-01,2025-05-15,30,Apparel,Dresses,Ellery & Co,Mobile App,FC-Central,Regional Freight,true,Faulty,false,Written off,1,1,83.70,83.7
R002374,OI0015286,O0007447,C004185,P00108,2025-04-12,2025-04-01,2025-04-25,13,Electronics,Audio,Ellery & Co,Mobile App,FC-Central,Metro Post,true,Faulty,false,Written off,2,2,234.29,234.29
R002375,OI0015289,O0007448,C004186,P00110,2025-04-13,2025-04-01,2025-05-02,19,Electronics,Small Appliances,Puresel,Mobile App,FC-Central,Metro Post,true,Wrong size,true,Recovered,1,1,301.38,-50.0
R002376,OI0015300,O0007454,C004188,P00126,2025-05-13,2025-05-01,2025-06-03,21,Home & Kitchen,Bedding,Puresel,Mobile App,FC-Central,Swiftline,true,Wrong size,true,Recovered,1,1,33.23,10.45
R002377,OI0015302,O0007455,C004188,P00053,2025-07-22,2025-07-01,2025-08-16,25,Apparel,Tops,Latitude 54,Store,Store Pickup,,,Arrived too late,true,Recovered,1,1,81.22,43.19
R002378,OI0015308,O0007458,C004191,P00003,2025-04-15,2025-04-01,2025-04-29,14,Apparel,Outerwear,Northvale,Store,Store Pickup,,,Changed mind,true,Recovered,1,1,25.65,11.96
R002379,OI0015310,O0007459,C004192,P00088,2025-04-16,2025-04-01,2025-05-07,21,Electronics,Audio,Mokkan,Store,Store Pickup,,,Not as described,true,Recovered,1,1,384.21,84.94
R002380,OI0015311,O0007460,C004193,P00009,2025-04-15,2025-04-01,2025-04-25,10,Apparel,Outerwear,Mokkan,Marketplace,FC-South,Swiftline,false,Arrived too late,true,Recovered,1,1,73.72,42.56
R002381,OI0015319,O0007464,C004196,P00002,2025-04-14,2025-04-01,2025-04-28,14,Apparel,Knitwear,Brightpath,Web,FC-South,Metro Post,true,Damaged in transit,false,Written off,1,1,42.10,42.1
R002382,OI0015326,O0007467,C004197,P00026,2025-08-21,2025-08-01,2025-08-29,8,Apparel,Dresses,Corda,Mobile App,FC-South,Swiftline,true,Wrong size,true,Recovered,1,1,24.62,6.92
R002383,OI0015328,O0007469,C004198,P00001,2026-01-15,2026-01-01,2026-01-18,3,Apparel,Dresses,Latitude 54,Web,FC-North,Metro Post,true,Changed mind,true,Recovered,1,1,38.97,24.82
R002384,OI0015331,O0007471,C004199,P00178,2025-04-14,2025-04-01,2025-05-04,20,Sports & Outdoors,Fitness,Corda,Mobile App,FC-Central,Regional Freight,false,Changed mind,true,Recovered,2,2,348.38,131.84
R002385,OI0015332,O0007472,C004199,P00179,2025-05-20,2025-05-01,2025-06-02,13,Sports & Outdoors,Fitness,Mokkan,Mobile App,FC-Central,Regional Freight,false,Arrived too late,true,Recovered,1,1,49.48,18.75
R002386,OI0015345,O0007481,C004204,P00068,2025-04-16,2025-04-01,2025-05-14,28,Footwear,Sandals,Corda,Web,FC-Central,Swiftline,true,Changed mind,true,Recovered,1,1,106.66,65.35
R002387,OI0015349,O0007485,C004207,P00061,2025-04-13,2025-04-01,2025-04-27,14,Footwear,Trainers,Northvale,Mobile App,FC-North,Metro Post,true,Faulty,false,Written off,1,1,31.26,31.26
R002388,OI0015356,O0007489,C004210,P00070,2025-04-15,2025-04-01,2025-04-22,7,Footwear,Boots,Latitude 54,Web,FC-South,Regional Freight,true,Not as described,true,Recovered,1,1,81.65,41.3
R002389,OI0015361,O0007493,C004212,P00004,2025-04-16,2025-04-01,2025-04-19,3,Apparel,Knitwear,Puresel,Web,FC-North,Swiftline,true,Wrong size,true,Recovered,1,1,33.94,19.96
R002390,OI0015362,O0007493,C004212,P00027,2025-04-16,2025-04-01,2025-05-10,24,Apparel,Outerwear,Mokkan,Web,FC-North,Swiftline,true,Not as described,true,Recovered,3,3,93.39,53.43
R002391,OI0015366,O0007496,C004212,P00048,2025-12-27,2025-12-01,2026-01-15,19,Apparel,Dresses,Latitude 54,Mobile App,FC-North,Swiftline,true,Wrong size,true,Recovered,1,1,89.76,34.25
R002392,OI0015368,O0007497,C004213,P00110,2025-04-14,2025-04-01,2025-05-11,27,Electronics,Small Appliances,Puresel,Web,FC-Central,Swiftline,true,Not as described,true,Recovered,2,2,487.05,-215.71
R002393,OI0015369,O0007497,C004213,P00143,2025-04-14,2025-04-01,2025-04-21,7,Home & Kitchen,Tableware,Mokkan,Web,FC-Central,Swiftline,true,Wrong size,true,Recovered,1,1,21.76,7.78
R002394,OI0015376,O0007499,C004214,P00170,2025-04-16,2025-04-01,2025-05-11,25,Sports & Outdoors,Cycling,Corda,Marketplace,FC-South,Regional Freight,true,Changed mind,true,Recovered,1,1,216.26,95.69
R002395,OI0015379,O0007500,C004215,P00111,2025-04-15,2025-04-01,2025-04-20,5,Home & Kitchen,Storage,Brightpath,Store,Store Pickup,,,Changed mind,true,Recovered,1,1,166.13,69.96
R002396,OI0015394,O0007506,C004220,P00048,2025-04-16,2025-04-01,2025-05-01,15,Apparel,Dresses,Latitude 54,Web,FC-Central,Swiftline,true,Wrong size,true,Recovered,3,3,350.30,183.77
R002397,OI0015399,O0007508,C004221,P00031,2025-06-23,2025-06-01,2025-07-22,29,Apparel,Dresses,Brightpath,Web,FC-North,Swiftline,true,Wrong size,true,Recovered,1,1,61.98,24.49
R002398,OI0015402,O0007509,C004222,P00027,2025-04-18,2025-04-01,2025-05-02,14,Apparel,Outerwear,Mokkan,Web,FC-North,Metro Post,true,Wrong size,true,Recovered,1,1,19.24,5.92
R002399,OI0015410,O0007514,C004224,P00068,2025-09-01,2025-09-01,2025-09-27,26,Footwear,Sandals,Corda,Web,FC-South,Regional Freight,true,Changed mind,true,Recovered,1,1,106.66,65.35
R002400,OI0015412,O0007515,C004224,P00010,2025-10-19,2025-10-01,2025-11-13,25,Apparel,Denim,Puresel,Web,FC-South,Swiftline,true,Wrong size,true,Recovered,1,1,18.37,5.49
R002401,OI0015413,O0007515,C004224,P00079,2025-10-19,2025-10-01,2025-11-14,26,Footwear,Sandals,Mokkan,Web,FC-South,Swiftline,true,Damaged in transit,false,Written off,1,1,67.74,67.74
R002402,OI0015415,O0007516,C004225,P00017,2025-04-18,2025-04-01,2025-05-04,16,Apparel,Dresses,Corda,Mobile App,FC-South,Swiftline,true,Changed mind,true,Recovered,1,1,20.26,8.39
R002403,OI0015431,O0007524,C004228,P00048,2025-08-11,2025-08-01,2025-08-29,18,Apparel,Dresses,Latitude 54,Web,FC-South,Metro Post,true,Wrong size,true,Recovered,1,1,112.17,56.66
R002404,OI0015434,O0007525,C004228,P00099,2025-10-02,2025-10-01,2025-11-01,30,Electronics,Small Appliances,Latitude 54,Mobile App,FC-South,Metro Post,false,Arrived too late,true,Recovered,1,1,349.54,-12.36
R002405,OI0015435,O0007526,C004229,P00167,2025-04-19,2025-04-01,2025-04-24,5,Beauty,Fragrance,Latitude 54,Marketplace,FC-South,Regional Freight,true,Wrong size,true,Recovered,1,1,59.63,38.5
R002406,OI0015443,O0007530,C004230,P00185,2025-09-28,2025-09-01,2025-10-05,7,Sports & Outdoors,Swim,Puresel,Store,Store Pickup,,,Not as described,true,Recovered,1,3,245.75,118.07
R002407,OI0015444,O0007531,C004230,P00099,2025-11-01,2025-11-01,2025-11-11,10,Electronics,Small Appliances,Latitude 54,Mobile App,FC-Central,Swiftline,true,Faulty,false,Written off,1,1,472.93,472.93
R002408,OI0015458,O0007539,C004236,P00059,2025-04-19,2025-04-01,2025-04-24,5,Footwear,Trainers,Latitude 54,Marketplace,FC-Central,Regional Freight,true,Wrong size,true,Recovered,1,1,129.93,59.89
R002409,OI0015461,O0007540,C004236,P00012,2025-08-04,2025-08-01,2025-08-24,20,Apparel,Knitwear,Mokkan,Store,Store Pickup,,,Changed mind,true,Recovered,1,1,88.93,48.74
R002410,OI0015463,O0007541,C004237,P00121,2025-04-16,2025-04-01,2025-05-06,20,Home & Kitchen,Tableware,Mokkan,Mobile App,FC-Central,Swiftline,true,Changed mind,true,Recovered,1,1,95.77,22.65
R002411,OI0015464,O0007541,C004237,P00015,2025-04-16,2025-04-01,2025-05-15,29,Apparel,Tops,Corda,Mobile App,FC-Central,Swiftline,true,Changed mind,true,Recovered,1,1,66.55,39.88
R002412,OI0015476,O0007547,C004240,P00075,2025-07-12,2025-07-01,2025-08-11,30,Footwear,Formal,Latitude 54,Web,FC-North,Swiftline,true,Wrong size,true,Recovered,1,1,39.70,13.28
R002413,OI0015479,O0007550,C004242,P00030,2025-04-20,2025-04-01,2025-04-29,9,Apparel,Denim,Latitude 54,Web,FC-South,Regional Freight,true,Faulty,false,Written off,1,1,99.97,99.97
R002414,OI0015485,O0007553,C004243,P00020,2025-04-18,2025-04-01,2025-05-14,26,Apparel,Denim,Ellery & Co,Store,Store Pickup,,,Damaged in transit,false,Written off,1,1,109.12,109.12
R002415,OI0015502,O0007563,C004247,P00039,2025-06-14,2025-06-01,2025-07-15,31,Apparel,Outerwear,Latitude 54,Marketplace,FC-South,Regional Freight,true,Wrong size,true,Recovered,1,1,25.56,14.18
R002416,OI0015503,O0007563,C004247,P00026,2025-06-14,2025-06-01,2025-06-29,15,Apparel,Dresses,Corda,Marketplace,FC-South,Regional Freight,true,Wrong size,true,Recovered,1,1,34.19,16.49
R002417,OI0015504,O0007564,C004248,P00050,2025-04-17,2025-04-01,2025-05-22,35,Apparel,Knitwear,Brightpath,Web,FC-Central,Swiftline,false,Changed mind,true,Recovered,1,1,116.54,66.67
R002418,OI0015509,O0007567,C004250,P00038,2025-04-19,2025-04-01,2025-05-01,12,Apparel,Dresses,Ellery & Co,Mobile App,FC-Central,Swiftline,false,Changed mind,true,Recovered,1,1,83.70,45.76
R002419,OI0015513,O0007570,C004253,P00189,2025-04-18,2025-04-01,2025-04-30,12,Sports & Outdoors,Camping,Brightpath,Mobile App,FC-Central,Metro Post,true,Changed mind,true,Recovered,1,1,177.43,62.7
R002420,OI0015518,O0007574,C004255,P00189,2025-10-11,2025-10-01,2025-10-26,15,Sports & Outdoors,Camping,Brightpath,Mobile App,FC-Central,Swiftline,true,Damaged in transit,false,Written off,1,1,144.48,144.48
R002421,OI0015519,O0007574,C004255,P00173,2025-10-11,2025-10-01,2025-11-05,25,Sports & Outdoors,Swim,Mokkan,Mobile App,FC-Central,Swiftline,true,Faulty,false,Written off,2,2,155.64,155.64
R002422,OI0015530,O0007581,C004258,P00076,2025-04-20,2025-04-01,2025-05-08,18,Footwear,Trainers,Puresel,Web,FC-South,Regional Freight,true,Changed mind,true,Recovered,1,1,56.27,21.99
R002423,OI0015543,O0007586,C004262,P00132,2025-04-19,2025-04-01,2025-05-19,30,Home & Kitchen,Cookware,Ellery & Co,Mobile App,FC-South,Regional Freight,true,Damaged in transit,false,Written off,3,3,205.56,205.56
R002424,OI0015547,O0007589,C004264,P00119,2025-04-22,2025-04-01,2025-05-15,23,Home & Kitchen,Storage,Puresel,Mobile App,FC-North,Swiftline,true,Wrong size,true,Recovered,1,1,192.22,64.61
R002425,OI0015551,O0007591,C004265,P00098,2025-07-07,2025-07-01,2025-08-02,26,Electronics,Audio,Brightpath,Mobile App,FC-North,Regional Freight,true,Not as described,true,Recovered,1,1,68.15,-37.38
R002426,OI0015563,O0007596,C004269,P00073,2025-04-21,2025-04-01,2025-05-02,11,Footwear,Boots,Brightpath,Web,FC-Central,Swiftline,true,Changed mind,true,Recovered,1,1,79.76,41.34
R002427,OI0015566,O0007597,C004269,P00059,2025-06-20,2025-06-01,2025-07-13,23,Footwear,Trainers,Latitude 54,Mobile App,FC-Central,Regional Freight,true,Damaged in transit,false,Written off,2,2,259.86,259.86
R002428,OI0015568,O0007598,C004269,P00179,2025-10-02,2025-10-01,2025-10-30,28,Sports & Outdoors,Fitness,Mokkan,Web,FC-Central,Swiftline,true,Not as described,true,Recovered,3,3,138.64,46.45
R002429,OI0015582,O0007606,C004274,P00158,2025-06-21,2025-06-01,2025-06-26,5,Beauty,Cosmetics,Latitude 54,Web,FC-North,Swiftline,true,Damaged in transit,false,Written off,1,1,70.58,70.58
R002430,OI0015590,O0007609,C004277,P00056,2025-04-21,2025-04-01,2025-05-21,30,Footwear,Sandals,Puresel,Web,FC-Central,Regional Freight,true,Wrong size,true,Recovered,1,1,105.15,60.28
R002431,OI0015593,O0007610,C004277,P00078,2025-05-24,2025-05-01,2025-06-25,32,Footwear,Sandals,Corda,Web,FC-Central,Metro Post,true,Not as described,true,Recovered,1,1,83.51,22.49
R002432,OI0015604,O0007614,C004279,P00048,2025-04-19,2025-04-01,2025-04-23,4,Apparel,Dresses,Latitude 54,Mobile App,FC-North,Swiftline,true,Changed mind,true,Recovered,1,2,122.50,66.99
R002433,OI0015609,O0007618,C004281,P00082,2025-09-08,2025-09-01,2025-09-18,10,Electronics,Audio,Puresel,Web,FC-Central,Regional Freight,true,Wrong size,true,Recovered,1,2,477.87,99.3
R002434,OI0015611,O0007619,C004282,P00030,2025-04-20,2025-04-01,2025-05-13,23,Apparel,Denim,Latitude 54,Web,FC-South,Metro Post,true,Wrong size,true,Recovered,2,2,199.94,114.98
R002435,OI0015618,O0007622,C004284,P00152,2025-07-31,2025-07-01,2025-08-20,20,Beauty,Skincare,Northvale,Marketplace,FC-Central,Regional Freight,true,Changed mind,true,Recovered,1,1,28.36,18.18
R002436,OI0015621,O0007623,C004285,P00134,2025-04-24,2025-04-01,2025-05-23,29,Home & Kitchen,Cookware,Brightpath,Web,FC-Central,Metro Post,true,Wrong size,true,Recovered,1,1,68.67,27.05
R002437,OI0015622,O0007623,C004285,P00072,2025-04-24,2025-04-01,2025-05-06,12,Footwear,Sandals,Brightpath,Web,FC-Central,Metro Post,true,Changed mind,true,Recovered,1,1,58.95,35.37
R002438,OI0015632,O0007628,C004288,P00088,2025-05-25,2025-05-01,2025-06-04,10,Electronics,Audio,Mokkan,Web,FC-Central,Metro Post,true,Faulty,false,Written off,1,1,384.21,384.21
R002439,OI0015637,O0007630,C004290,P00100,2025-04-24,2025-04-01,2025-05-12,18,Electronics,Accessories,Latitude 54,Marketplace,FC-South,Regional Freight,true,Wrong size,true,Recovered,1,1,386.68,55.19
R002440,OI0015640,O0007631,C004290,P00059,2025-05-26,2025-05-01,2025-06-10,15,Footwear,Trainers,Latitude 54,Marketplace,FC-South,Swiftline,true,Damaged in transit,false,Written off,1,1,129.93,129.93
R002441,OI0015643,O0007632,C004290,P00002,2025-06-27,2025-06-01,2025-07-04,7,Apparel,Knitwear,Brightpath,Marketplace,FC-South,Metro Post,true,Faulty,false,Written off,1,1,81.68,81.68
R002442,OI0015649,O0007635,C004292,P00022,2025-07-16,2025-07-01,2025-07-31,15,Apparel,Knitwear,Northvale,Web,FC-North,Swiftline,true,Wrong size,true,Recovered,1,1,40.61,25.92
R002443,OI0015657,O0007640,C004295,P00084,2025-06-26,2025-06-01,2025-07-11,15,Electronics,Wearables,Corda,Web,FC-Central,Regional Freight,true,Arrived too late,true,Recovered,1,1,139.28,-32.71
R002444,OI0015664,O0007643,C004296,P00004,2025-05-23,2025-05-01,2025-06-11,19,Apparel,Knitwear,Puresel,Store,Store Pickup,,,Damaged in transit,false,Written off,1,1,31.77,31.77
R002445,OI0015666,O0007644,C004296,P00020,2025-06-28,2025-06-01,2025-07-25,27,Apparel,Denim,Ellery & Co,Web,FC-North,Metro Post,true,Wrong size,true,Recovered,1,1,131.49,84.57
R002446,OI0015673,O0007647,C004297,P00068,2025-04-22,2025-04-01,2025-05-13,21,Footwear,Sandals,Corda,Web,FC-Central,Regional Freight,true,Not as described,true,Recovered,1,1,106.66,65.35
R002447,OI0015678,O0007649,C004298,P00064,2025-07-25,2025-07-01,2025-08-27,33,Footwear,Boots,Mokkan,Mobile App,FC-North,Swiftline,false,Arrived too late,true,Recovered,1,1,93.30,50.66
R002448,OI0015687,O0007653,C004300,P00189,2025-07-27,2025-07-01,2025-08-11,15,Sports & Outdoors,Camping,Brightpath,Marketplace,FC-Central,Metro Post,true,Damaged in transit,false,Written off,1,1,130.02,130.02
R002449,OI0015701,O0007658,C004303,P00052,2025-04-27,2025-04-01,2025-05-28,31,Apparel,Dresses,Corda,Web,FC-North,Swiftline,true,Not as described,true,Recovered,2,2,129.10,81.04
R002450,OI0015714,O0007665,C004307,P00015,2025-04-26,2025-04-01,2025-05-02,6,Apparel,Tops,Corda,Mobile App,FC-North,Regional Freight,true,Changed mind,true,Recovered,1,1,55.56,28.89
R002451,OI0015726,O0007671,C004311,P00037,2025-04-24,2025-04-01,2025-05-10,16,Apparel,Tops,Brightpath,Marketplace,FC-Central,Regional Freight,false,Arrived too late,true,Recovered,1,1,116.64,66.03
R002452,OI0015747,O0007680,C004315,P00133,2025-07-28,2025-07-01,2025-08-23,26,Home & Kitchen,Cookware,Latitude 54,Web,FC-Central,Swiftline,true,Wrong size,true,Recovered,1,1,156.11,45.74
R002453,OI0015749,O0007680,C004315,P00075,2025-07-28,2025-07-01,2025-08-09,12,Footwear,Formal,Latitude 54,Web,FC-Central,Swiftline,true,Changed mind,true,Recovered,1,1,50.29,23.87
R002454,OI0015756,O0007683,C004317,P00152,2025-07-14,2025-07-01,2025-07-21,7,Beauty,Skincare,Northvale,Mobile App,FC-South,Regional Freight,true,Changed mind,true,Recovered,1,1,28.36,18.18
R002455,OI0015757,O0007684,C004317,P00041,2025-09-16,2025-09-01,2025-10-10,24,Apparel,Outerwear,Latitude 54,Mobile App,FC-South,Swiftline,true,Changed mind,true,Recovered,1,1,125.23,65.8
R002456,OI0015760,O0007685,C004318,P00081,2025-04-26,2025-04-01,2025-05-06,10,Electronics,Wearables,Mokkan,Store,Store Pickup,,,Changed mind,true,Recovered,1,1,425.20,59.27
R002457,OI0015773,O0007691,C004321,P00079,2025-08-15,2025-08-01,2025-08-28,13,Footwear,Sandals,Mokkan,Web,FC-North,Metro Post,true,Changed mind,true,Recovered,1,1,67.74,22.97
R002458,OI0015787,O0007700,C004325,P00051,2025-04-25,2025-04-01,2025-05-11,16,Apparel,Denim,Corda,Web,FC-South,Metro Post,true,Not as described,true,Recovered,1,1,32.69,15.15
R002459,OI0015789,O0007701,C004326,P00135,2025-04-26,2025-04-01,2025-05-23,27,Home & Kitchen,Bedding,Ellery & Co,Web,FC-Central,Metro Post,true,Not as described,true,Recovered,1,1,140.35,53.06
R002460,OI0015809,O0007712,C004332,P00040,2025-04-27,2025-04-01,2025-05-11,14,Apparel,Tops,Puresel,Mobile App,FC-South,Regional Freight,true,Faulty,false,Written off,1,1,98.19,98.19
R002461,OI0015813,O0007713,C004332,P00039,2025-08-01,2025-08-01,2025-08-27,26,Apparel,Outerwear,Latitude 54,Store,Store Pickup,,,Not as described,true,Recovered,1,1,25.56,14.18
R002462,OI0015826,O0007719,C004335,P00017,2025-04-30,2025-04-01,2025-05-24,24,Apparel,Dresses,Corda,Web,FC-North,Metro Post,true,Damaged in transit,false,Written off,2,2,54.86,54.86
R002463,OI0015834,O0007722,C004337,P00025,2025-04-27,2025-04-01,2025-05-27,30,Apparel,Outerwear,Corda,Web,FC-South,Swiftline,true,Wrong size,true,Recovered,1,1,125.94,77.04
R002464,OI0015839,O0007724,C004339,P00157,2025-05-01,2025-05-01,2025-05-13,12,Beauty,Cosmetics,Ellery & Co,Web,FC-South,Swiftline,true,Changed mind,true,Recovered,1,1,19.98,12.97
R002465,OI0015847,O0007728,C004343,P00079,2025-04-29,2025-04-01,2025-05-28,29,Footwear,Sandals,Mokkan,Web,FC-Central,Regional Freight,true,Wrong size,true,Recovered,1,1,42.70,-2.07
R002466,OI0015863,O0007733,C004347,P00130,2025-10-04,2025-10-01,2025-10-30,26,Home & Kitchen,Cookware,Ellery & Co,Mobile App,FC-North,Metro Post,true,Wrong size,true,Recovered,1,1,206.19,56.47
R002467,OI0015869,O0007736,C004349,P00118,2025-04-30,2025-04-01,2025-05-21,21,Home & Kitchen,Tableware,Ellery & Co,Store,Store Pickup,,,Changed mind,true,Recovered,1,1,26.28,11.11
R002468,OI0015879,O0007741,C004354,P00187,2025-05-02,2025-05-01,2025-05-11,9,Sports & Outdoors,Camping,Puresel,Web,FC-North,Swiftline,true,Changed mind,true,Recovered,1,1,164.80,60.13
R002469,OI0015892,O0007748,C004359,P00031,2025-04-29,2025-04-01,2025-05-20,21,Apparel,Dresses,Brightpath,Marketplace,FC-Central,Swiftline,true,Changed mind,true,Recovered,1,2,90.94,53.45
R002470,OI0015901,O0007751,C004359,P00172,2025-11-23,2025-11-01,2025-12-07,14,Sports & Outdoors,Fitness,Ellery & Co,Web,FC-Central,Regional Freight,true,Not as described,true,Recovered,1,1,93.79,43.09
R002471,OI0015903,O0007751,C004359,P00113,2025-11-23,2025-11-01,2025-12-23,30,Home & Kitchen,Storage,Mokkan,Web,FC-Central,Regional Freight,true,Not as described,true,Recovered,1,1,86.78,35.92
R002472,OI0015912,O0007758,C004361,P00001,2025-06-28,2025-06-01,2025-07-23,25,Apparel,Dresses,Latitude 54,Mobile App,FC-South,Regional Freight,true,Changed mind,true,Recovered,1,1,38.97,24.82
R002473,OI0015915,O0007759,C004361,P00118,2025-11-16,2025-11-01,2025-12-03,17,Home & Kitchen,Tableware,Ellery & Co,Mobile App,FC-South,Regional Freight,false,Changed mind,true,Recovered,1,3,26.40,11.23
R002474,OI0015918,O0007762,C004362,P00018,2025-11-13,2025-11-01,2025-11-27,14,Apparel,Denim,Latitude 54,Web,FC-Central,Swiftline,true,Damaged in transit,false,Written off,1,1,62.01,62.01
R002475,OI0015928,O0007766,C004365,P00134,2025-04-30,2025-04-01,2025-05-26,26,Home & Kitchen,Cookware,Brightpath,Mobile App,FC-South,Swiftline,true,Changed mind,true,Recovered,1,1,68.67,27.05
R002476,OI0015935,O0007768,C004365,P00113,2025-08-05,2025-08-01,2025-08-26,21,Home & Kitchen,Storage,Mokkan,Store,Store Pickup,,,Faulty,false,Written off,1,1,86.78,86.78
R002477,OI0015952,O0007777,C004371,P00173,2025-10-08,2025-10-01,2025-10-19,11,Sports & Outdoors,Swim,Mokkan,Web,FC-North,Swiftline,true,Arrived too late,true,Recovered,1,1,77.82,36.14
R002478,OI0015965,O0007784,C004374,P00089,2025-08-16,2025-08-01,2025-09-13,28,Electronics,Audio,Corda,Marketplace,FC-Central,Swiftline,true,Changed mind,true,Recovered,1,1,254.21,2.25
R002479,OI0015986,O0007797,C004382,P00114,2025-05-05,2025-05-01,2025-05-27,22,Home & Kitchen,Bedding,Puresel,Web,FC-North,Swiftline,true,Changed mind,true,Recovered,1,1,87.83,19.28
R002480,OI0015989,O0007798,C004383,P00069,2025-05-05,2025-05-01,2025-05-15,10,Footwear,Sandals,Brightpath,Web,FC-North,Metro Post,false,Changed mind,true,Recovered,1,1,148.15,87.94
R002481,OI0015997,O0007801,C004386,P00187,2025-05-02,2025-05-01,2025-05-31,29,Sports & Outdoors,Camping,Puresel,Web,FC-South,Metro Post,false,Arrived too late,true,Recovered,1,1,164.80,60.13
R002482,OI0016007,O0007804,C004387,P00034,2025-10-28,2025-10-01,2025-11-21,24,Apparel,Dresses,Latitude 54,Store,Store Pickup,,,Wrong size,true,Recovered,1,1,41.79,20.17
R002483,OI0016012,O0007808,C004389,P00189,2025-10-13,2025-10-01,2025-10-30,17,Sports & Outdoors,Camping,Brightpath,Marketplace,FC-North,Metro Post,true,Arrived too late,true,Recovered,1,1,180.08,65.35
R002484,OI0016017,O0007811,C004392,P00189,2025-05-06,2025-05-01,2025-05-22,16,Sports & Outdoors,Camping,Brightpath,Marketplace,FC-South,Regional Freight,true,Changed mind,true,Recovered,1,1,180.08,65.35
R002485,OI0016024,O0007815,C004393,P00076,2025-07-19,2025-07-01,2025-07-31,12,Footwear,Trainers,Puresel,Web,FC-North,Metro Post,true,Changed mind,true,Recovered,1,1,83.39,49.11
R002486,OI0016025,O0007816,C004393,P00133,2025-09-03,2025-09-01,2025-09-19,16,Home & Kitchen,Cookware,Latitude 54,Marketplace,FC-North,Metro Post,true,Wrong size,true,Recovered,4,4,605.51,164.03
R002487,OI0016032,O0007819,C004395,P00027,2025-05-03,2025-05-01,2025-05-11,8,Apparel,Outerwear,Mokkan,Web,FC-South,Swiftline,true,Changed mind,true,Recovered,1,1,27.51,14.19
R002488,OI0016034,O0007819,C004395,P00147,2025-05-03,2025-05-01,2025-05-12,9,Beauty,Haircare,Mokkan,Web,FC-South,Swiftline,true,Changed mind,true,Recovered,1,1,66.12,36.55
R002489,OI0016045,O0007825,C004397,P00006,2026-05-02,2026-05-01,2026-05-10,8,Apparel,Denim,Puresel,Web,FC-North,Regional Freight,true,Changed mind,true,Recovered,1,1,24.01,12.13
R002490,OI0016047,O0007825,C004397,P00068,2026-05-02,2026-05-01,2026-05-08,6,Footwear,Sandals,Corda,Web,FC-North,Regional Freight,true,Not as described,true,Recovered,1,1,64.33,23.02
R002491,OI0016052,O0007827,C004398,P00061,2025-05-06,2025-05-01,2025-05-16,10,Footwear,Trainers,Northvale,Mobile App,FC-South,Regional Freight,true,Changed mind,true,Recovered,1,1,44.28,25.13
R002492,OI0016056,O0007829,C004399,P00132,2025-05-07,2025-05-01,2025-06-07,31,Home & Kitchen,Cookware,Ellery & Co,Web,FC-South,Swiftline,true,Not as described,true,Recovered,3,3,205.56,85.92
R002493,OI0016059,O0007831,C004400,P00066,2025-08-11,2025-08-01,2025-08-29,18,Footwear,Sandals,Puresel,Web,FC-North,Metro Post,true,Faulty,false,Written off,1,1,111.95,111.95
R002494,OI0016061,O0007832,C004401,P00016,2025-05-03,2025-05-01,2025-05-28,25,Apparel,Knitwear,Brightpath,Store,Store Pickup,,,Arrived too late,true,Recovered,1,1,54.64,32.91
R002495,OI0016068,O0007835,C004402,P00170,2025-05-05,2025-05-01,2025-05-08,3,Sports & Outdoors,Cycling,Corda,Store,Store Pickup,,,Faulty,false,Written off,1,1,216.26,216.26
R002496,OI0016077,O0007839,C004405,P00061,2025-05-04,2025-05-01,2025-05-18,14,Footwear,Trainers,Northvale,Mobile App,FC-North,Metro Post,true,Changed mind,true,Recovered,1,1,44.28,25.13
R002497,OI0016079,O0007841,C004406,P00054,2025-05-08,2025-05-01,2025-06-02,25,Footwear,Sandals,Mokkan,Web,FC-Central,Swiftline,true,Not as described,true,Recovered,1,1,26.78,-2.73
R002498,OI0016080,O0007842,C004407,P00012,2025-05-08,2025-05-01,2025-05-15,7,Apparel,Knitwear,Mokkan,Store,Store Pickup,,,Faulty,false,Written off,1,1,88.93,88.93
R002499,OI0016084,O0007844,C004409,P00033,2025-05-04,2025-05-01,2025-05-13,9,Apparel,Denim,Northvale,Mobile App,FC-North,Swiftline,true,Arrived too late,true,Recovered,1,1,44.67,26.8
R002500,OI0016085,O0007844,C004409,P00173,2025-05-04,2025-05-01,2025-05-24,20,Sports & Outdoors,Swim,Mokkan,Mobile App,FC-North,Swiftline,true,Arrived too late,true,Recovered,2,2,155.64,72.28
R002501,OI0016088,O0007845,C004410,P00056,2025-05-04,2025-05-01,2025-05-16,12,Footwear,Sandals,Puresel,Marketplace,FC-North,Swiftline,true,Not as described,true,Recovered,1,3,105.15,60.28
R002502,OI0016089,O0007846,C004411,P00076,2025-05-05,2025-05-01,2025-05-13,8,Footwear,Trainers,Puresel,Web,FC-South,Metro Post,false,Wrong size,true,Recovered,1,1,83.39,49.11
R002503,OI0016092,O0007848,C004412,P00119,2025-06-16,2025-06-01,2025-06-30,14,Home & Kitchen,Storage,Puresel,Marketplace,FC-South,Regional Freight,true,Not as described,true,Recovered,1,1,86.50,-41.11
R002504,OI0016093,O0007848,C004412,P00071,2025-06-16,2025-06-01,2025-07-09,23,Footwear,Boots,Puresel,Marketplace,FC-South,Regional Freight,true,Wrong size,true,Recovered,1,1,83.28,27.32
R002505,OI0016100,O0007852,C004414,P00024,2025-06-27,2025-06-01,2025-07-15,18,Apparel,Outerwear,Brightpath,Store,Store Pickup,,,Changed mind,true,Recovered,2,2,45.90,14.74
R002506,OI0016104,O0007856,C004416,P00032,2025-09-04,2025-09-01,2025-10-04,30,Apparel,Outerwear,Mokkan,Web,FC-South,Metro Post,true,Damaged in transit,false,Written off,1,2,34.46,34.46
R002507,OI0016106,O0007858,C004417,P00060,2025-06-05,2025-06-01,2025-06-14,9,Footwear,Formal,Corda,Marketplace,FC-South,Metro Post,true,Wrong size,true,Recovered,1,1,106.52,40.58
R002508,OI0016114,O0007862,C004420,P00124,2025-05-07,2025-05-01,2025-05-21,14,Home & Kitchen,Bedding,Latitude 54,Mobile App,FC-Central,Regional Freight,true,Faulty,false,Written off,1,1,28.19,28.19
R002509,OI0016115,O0007863,C004420,P00132,2025-09-18,2025-09-01,2025-10-15,27,Home & Kitchen,Cookware,Ellery & Co,Mobile App,FC-Central,Regional Freight,true,Wrong size,true,Recovered,1,1,66.25,26.37
R002510,OI0016128,O0007872,C004424,P00070,2025-05-06,2025-05-01,2025-06-01,26,Footwear,Boots,Latitude 54,Store,Store Pickup,,,Not as described,true,Recovered,1,1,57.72,17.37
R002511,OI0016142,O0007880,C004430,P00047,2025-05-08,2025-05-01,2025-06-09,32,Apparel,Dresses,Puresel,Web,FC-South,Regional Freight,true,Wrong size,true,Recovered,1,1,95.89,50.64
R002512,OI0016143,O0007880,C004430,P00072,2025-05-08,2025-05-01,2025-05-31,23,Footwear,Sandals,Brightpath,Web,FC-South,Regional Freight,true,Not as described,true,Recovered,1,1,58.95,35.37
R002513,OI0016145,O0007881,C004431,P00040,2025-05-06,2025-05-01,2025-06-06,31,Apparel,Tops,Puresel,Web,FC-Central,Regional Freight,false,Changed mind,true,Recovered,1,1,113.30,72.33
R002514,OI0016148,O0007882,C004431,P00160,2025-07-27,2025-07-01,2025-08-02,6,Beauty,Fragrance,Puresel,Web,FC-Central,Swiftline,true,Wrong size,true,Recovered,1,1,65.82,42.51
R002515,OI0016149,O0007883,C004432,P00076,2025-05-09,2025-05-01,2025-06-01,23,Footwear,Trainers,Puresel,Marketplace,FC-South,Metro Post,false,Changed mind,true,Recovered,1,1,83.39,49.11
R002516,OI0016150,O0007884,C004433,P00063,2025-05-09,2025-05-01,2025-06-06,28,Footwear,Formal,Northvale,Store,Store Pickup,,,Arrived too late,true,Recovered,2,2,73.06,39.72
R002517,OI0016152,O0007886,C004435,P00018,2025-05-08,2025-05-01,2025-06-13,36,Apparel,Denim,Latitude 54,Marketplace,FC-South,Swiftline,false,Arrived too late,true,Recovered,1,1,62.01,35.68
R002518,OI0016176,O0007899,C004444,P00011,2025-05-27,2025-05-01,2025-06-03,7,Apparel,Outerwear,Northvale,Web,FC-Central,Swiftline,true,Faulty,false,Written off,1,1,101.41,101.41
R002519,OI0016190,O0007906,C004447,P00025,2025-06-20,2025-06-01,2025-07-07,17,Apparel,Outerwear,Corda,Mobile App,FC-Central,Swiftline,true,Changed mind,true,Recovered,2,2,207.68,109.88
R002520,OI0016195,O0007909,C004449,P00144,2025-05-08,2025-05-01,2025-05-25,17,Home & Kitchen,Cookware,Puresel,Web,FC-South,Swiftline,true,Not as described,true,Recovered,1,1,162.45,51.94
R002521,OI0016203,O0007913,C004452,P00046,2025-05-11,2025-05-01,2025-05-31,20,Apparel,Dresses,Brightpath,Web,FC-South,Regional Freight,true,Changed mind,true,Recovered,1,1,117.17,66.09
R002522,OI0016210,O0007916,C004454,P00126,2026-01-19,2026-01-01,2026-01-29,10,Home & Kitchen,Bedding,Puresel,Marketplace,FC-North,Regional Freight,true,Changed mind,true,Recovered,1,1,33.23,10.45
R002523,OI0016215,O0007919,C004455,P00112,2025-05-09,2025-05-01,2025-05-18,9,Home & Kitchen,Bedding,Puresel,Store,Store Pickup,,,Wrong size,true,Recovered,1,1,172.61,64.82
R002524,OI0016222,O0007923,C004459,P00045,2025-05-12,2025-05-01,2025-05-23,11,Apparel,Knitwear,Puresel,Marketplace,FC-North,Regional Freight,true,Changed mind,true,Recovered,2,2,141.84,82.98
R002525,OI0016227,O0007926,C004462,P00029,2025-05-11,2025-05-01,2025-05-19,8,Apparel,Knitwear,Puresel,Mobile App,FC-Central,Metro Post,true,Not as described,true,Recovered,1,1,75.64,29.37
R002526,OI0016239,O0007932,C004464,P00030,2025-05-10,2025-05-01,2025-05-19,9,Apparel,Denim,Latitude 54,Web,FC-North,Swiftline,true,Not as described,true,Recovered,1,1,65.61,23.13
R002527,OI0016245,O0007934,C004466,P00171,2025-05-13,2025-05-01,2025-05-27,14,Sports & Outdoors,Cycling,Ellery & Co,Web,FC-South,Regional Freight,true,Changed mind,true,Recovered,1,2,68.19,26.07
R002528,OI0016251,O0007937,C004469,P00113,2025-05-10,2025-05-01,2025-06-01,22,Home & Kitchen,Storage,Mokkan,Web,FC-South,Regional Freight,true,Wrong size,true,Recovered,1,1,86.78,35.92
R002529,OI0016267,O0007945,C004475,P00083,2025-05-11,2025-05-01,2025-06-06,26,Electronics,Audio,Mokkan,Mobile App,FC-South,Metro Post,false,Arrived too late,true,Recovered,1,1,66.34,-18.44
R002530,OI0016268,O0007945,C004475,P00172,2025-05-11,2025-05-01,2025-05-25,14,Sports & Outdoors,Fitness,Ellery & Co,Mobile App,FC-South,Metro Post,false,Arrived too late,true,Recovered,1,1,73.82,23.12
R002531,OI0016273,O0007950,C004479,P00034,2025-05-15,2025-05-01,2025-06-08,24,Apparel,Dresses,Latitude 54,Mobile App,FC-Central,Regional Freight,true,Wrong size,true,Recovered,1,1,33.90,12.28
R002532,OI0016275,O0007950,C004479,P00029,2025-05-15,2025-05-01,2025-06-03,19,Apparel,Knitwear,Puresel,Mobile App,FC-Central,Regional Freight,true,Arrived too late,true,Recovered,1,1,116.07,69.8
R002533,OI0016279,O0007953,C004481,P00047,2025-05-15,2025-05-01,2025-05-27,12,Apparel,Dresses,Puresel,Marketplace,FC-Central,Regional Freight,true,Changed mind,true,Recovered,2,2,191.78,101.28
R002534,OI0016282,O0007954,C004482,P00023,2025-05-12,2025-05-01,2025-05-27,15,Apparel,Tops,Latitude 54,Marketplace,FC-South,Metro Post,true,Not as described,true,Recovered,1,3,49.85,32.11
R002535,OI0016304,O0007965,C004489,P00066,2025-05-13,2025-05-01,2025-05-25,12,Footwear,Sandals,Puresel,Mobile App,FC-South,Regional Freight,true,Damaged in transit,false,Written off,1,1,111.95,111.95
R002536,OI0016306,O0007967,C004489,P00173,2025-07-13,2025-07-01,2025-08-01,19,Sports & Outdoors,Swim,Mokkan,Store,Store Pickup,,,Changed mind,true,Recovered,1,1,77.82,36.14
R002537,OI0016308,O0007967,C004489,P00076,2025-07-13,2025-07-01,2025-08-01,19,Footwear,Trainers,Puresel,Store,Store Pickup,,,Damaged in transit,false,Written off,1,1,83.39,83.39
R002538,OI0016311,O0007968,C004489,P00175,2026-03-27,2026-03-01,2026-04-17,21,Sports & Outdoors,Camping,Ellery & Co,Web,FC-South,Metro Post,false,Faulty,false,Written off,2,2,482.82,482.82
R002539,OI0016315,O0007971,C004492,P00018,2025-05-12,2025-05-01,2025-05-29,17,Apparel,Denim,Latitude 54,Store,Store Pickup,,,Not as described,true,Recovered,1,1,62.01,35.68
R002540,OI0016316,O0007971,C004492,P00037,2025-05-12,2025-05-01,2025-05-24,12,Apparel,Tops,Brightpath,Store,Store Pickup,,,Wrong size,true,Recovered,1,1,87.63,37.02
R002541,OI0016321,O0007974,C004494,P00070,2025-05-12,2025-05-01,2025-06-07,26,Footwear,Boots,Latitude 54,Mobile App,FC-South,Metro Post,false,Changed mind,true,Recovered,1,1,68.27,27.92
R002542,OI0016324,O0007975,C004494,P00069,2025-06-16,2025-06-01,2025-07-08,22,Footwear,Sandals,Brightpath,Marketplace,FC-South,Metro Post,false,Not as described,true,Recovered,4,4,377.72,136.88
R002543,OI0016327,O0007976,C004495,P00004,2025-05-15,2025-05-01,2025-06-11,27,Apparel,Knitwear,Puresel,Marketplace,FC-South,Swiftline,true,Wrong size,true,Recovered,1,1,32.03,18.05
R002544,OI0016328,O0007976,C004495,P00034,2025-05-15,2025-05-01,2025-05-27,12,Apparel,Dresses,Latitude 54,Marketplace,FC-South,Swiftline,true,Not as described,true,Recovered,1,2,41.79,20.17
R002545,OI0016334,O0007979,C004497,P00049,2025-08-19,2025-08-01,2025-08-28,9,Apparel,Tops,Brightpath,Web,FC-Central,Regional Freight,true,Faulty,false,Written off,1,1,41.42,41.42
R002546,OI0016340,O0007984,C004500,P00070,2025-06-18,2025-06-01,2025-07-10,22,Footwear,Boots,Latitude 54,Mobile App,FC-South,Regional Freight,true,Changed mind,true,Recovered,1,1,81.65,41.3
R002547,OI0016346,O0007986,C004501,P00052,2025-06-29,2025-06-01,2025-07-16,17,Apparel,Dresses,Corda,Mobile App,FC-South,Metro Post,false,Arrived too late,true,Recovered,2,2,129.10,81.04
R002548,OI0016362,O0007995,C004507,P00014,2025-05-14,2025-05-01,2025-06-11,28,Apparel,Dresses,Corda,Mobile App,FC-South,Regional Freight,true,Arrived too late,true,Recovered,2,2,174.24,99.68
R002549,OI0016373,O0007999,C004510,P00162,2025-05-17,2025-05-01,2025-05-25,8,Beauty,Haircare,Ellery & Co,Web,FC-South,Regional Freight,false,Arrived too late,true,Recovered,1,1,63.36,42.7
R002550,OI0016379,O0008001,C004510,P00009,2025-08-04,2025-08-01,2025-08-19,15,Apparel,Outerwear,Mokkan,Web,FC-South,Swiftline,true,Wrong size,true,Recovered,1,1,73.72,42.56
R002551,OI0016386,O0008005,C004512,P00029,2025-08-21,2025-08-01,2025-08-30,9,Apparel,Knitwear,Puresel,Web,FC-South,Metro Post,true,Wrong size,true,Recovered,1,1,91.97,45.7
R002552,OI0016394,O0008010,C004514,P00059,2025-05-17,2025-05-01,2025-05-30,13,Footwear,Trainers,Latitude 54,Web,FC-North,Swiftline,true,Not as described,true,Recovered,1,1,129.93,59.89
R002553,OI0016396,O0008011,C004514,P00103,2025-07-07,2025-07-01,2025-08-13,37,Electronics,Small Appliances,Latitude 54,Web,FC-North,Swiftline,false,Arrived too late,true,Recovered,3,3,269.47,-0.56
R002554,OI0016398,O0008012,C004514,P00080,2025-09-18,2025-09-01,2025-10-12,24,Footwear,Sandals,Ellery & Co,Web,FC-North,Swiftline,true,Damaged in transit,false,Written off,1,1,49.77,49.77
R002555,OI0016399,O0008012,C004514,P00058,2025-09-18,2025-09-01,2025-10-10,22,Footwear,Trainers,Brightpath,Web,FC-North,Swiftline,true,Damaged in transit,false,Written off,1,1,156.81,156.81
R002556,OI0016402,O0008014,C004516,P00124,2025-05-14,2025-05-01,2025-05-26,12,Home & Kitchen,Bedding,Latitude 54,Web,FC-North,Swiftline,true,Wrong size,true,Recovered,1,1,30.80,16.1
R002557,OI0016405,O0008016,C004517,P00005,2025-05-18,2025-05-01,2025-05-29,11,Apparel,Knitwear,Ellery & Co,Mobile App,FC-South,Regional Freight,true,Changed mind,true,Recovered,1,1,51.99,30.11
R002558,OI0016409,O0008018,C004517,P00115,2025-08-19,2025-08-01,2025-09-15,27,Home & Kitchen,Lighting,Puresel,Web,FC-South,Regional Freight,false,Arrived too late,true,Recovered,2,2,176.61,35.35
R002559,OI0016423,O0008024,C004520,P00045,2025-05-18,2025-05-01,2025-06-12,25,Apparel,Knitwear,Puresel,Store,Store Pickup,,,Wrong size,true,Recovered,1,1,70.92,41.49
R002560,OI0016453,O0008038,C004529,P00122,2025-08-27,2025-08-01,2025-09-22,26,Home & Kitchen,Cookware,Ellery & Co,Web,FC-Central,Metro Post,true,Changed mind,true,Recovered,1,1,54.16,22.59
R002561,OI0016458,O0008041,C004532,P00048,2025-05-17,2025-05-01,2025-06-07,21,Apparel,Dresses,Latitude 54,Web,FC-Central,Swiftline,true,Arrived too late,true,Recovered,1,1,118.49,62.98
R002562,OI0016465,O0008045,C004535,P00136,2025-07-07,2025-07-01,2025-07-09,2,Home & Kitchen,Cookware,Latitude 54,Store,Store Pickup,,,Wrong size,true,Recovered,1,1,29.59,11.38
R002563,OI0016467,O0008046,C004536,P00063,2025-05-16,2025-05-01,2025-06-02,17,Footwear,Formal,Northvale,Mobile App,FC-Central,Swiftline,true,Wrong size,true,Recovered,1,1,36.53,19.86
R002564,OI0016469,O0008047,C004537,P00051,2025-05-18,2025-05-01,2025-06-19,32,Apparel,Denim,Corda,Web,FC-North,Swiftline,true,Changed mind,true,Recovered,1,1,43.18,25.64
R002565,OI0016471,O0008047,C004537,P00037,2025-05-18,2025-05-01,2025-06-15,28,Apparel,Tops,Brightpath,Web,FC-North,Swiftline,true,Wrong size,true,Recovered,1,1,116.64,66.03
R002566,OI0016476,O0008049,C004538,P00019,2025-06-02,2025-06-01,2025-06-22,20,Apparel,Tops,Brightpath,Store,Store Pickup,,,Not as described,true,Recovered,1,1,43.26,13.9
R002567,OI0016486,O0008054,C004540,P00131,2025-09-22,2025-09-01,2025-10-13,21,Home & Kitchen,Cookware,Mokkan,Web,FC-South,Swiftline,true,Arrived too late,true,Recovered,2,2,163.40,16.46
R002568,OI0016491,O0008056,C004540,P00053,2025-12-22,2025-12-01,2026-01-14,23,Apparel,Tops,Latitude 54,Marketplace,FC-South,Regional Freight,false,Arrived too late,true,Recovered,1,1,96.95,58.92
R002569,OI0016492,O0008057,C004540,P00039,2026-03-17,2026-03-01,2026-04-12,26,Apparel,Outerwear,Latitude 54,Web,FC-South,Regional Freight,true,Arrived too late,true,Recovered,1,1,25.56,14.18
R002570,OI0016517,O0008068,C004545,P00129,2025-08-29,2025-08-01,2025-09-07,9,Home & Kitchen,Cookware,Ellery & Co,Web,FC-South,Metro Post,true,Faulty,false,Written off,1,1,59.96,59.96
R002571,OI0016518,O0008068,C004545,P00076,2025-08-29,2025-08-01,2025-09-24,26,Footwear,Trainers,Puresel,Web,FC-South,Metro Post,true,Changed mind,true,Recovered,4,4,333.56,196.44
R002572,OI0016520,O0008069,C004546,P00189,2025-05-17,2025-05-01,2025-05-27,10,Sports & Outdoors,Camping,Brightpath,Web,FC-Central,Swiftline,true,Not as described,true,Recovered,1,1,180.08,65.35
R002573,OI0016522,O0008069,C004546,P00065,2025-05-17,2025-05-01,2025-06-03,17,Footwear,Sandals,Ellery & Co,Web,FC-Central,Swiftline,true,Arrived too late,true,Recovered,1,1,94.68,40.79
R002574,OI0016526,O0008072,C004547,P00101,2025-07-20,2025-07-01,2025-08-10,21,Electronics,Small Appliances,Corda,Mobile App,FC-South,Metro Post,true,Faulty,false,Written off,1,1,112.24,112.24
R002575,OI0016532,O0008074,C004549,P00054,2025-05-20,2025-05-01,2025-05-29,9,Footwear,Sandals,Mokkan,Marketplace,FC-North,Swiftline,true,Changed mind,true,Recovered,1,1,59.52,30.01
R002576,OI0016534,O0008076,C004550,P00126,2025-05-20,2025-05-01,2025-06-06,17,Home & Kitchen,Bedding,Puresel,Marketplace,FC-North,Swiftline,true,Changed mind,true,Recovered,3,3,99.69,31.35
R002577,OI0016551,O0008084,C004558,P00053,2025-05-19,2025-05-01,2025-06-09,21,Apparel,Tops,Latitude 54,Mobile App,FC-Central,Metro Post,true,Faulty,false,Written off,1,1,103.71,103.71
R002578,OI0016553,O0008085,C004559,P00006,2025-05-19,2025-05-01,2025-06-08,20,Apparel,Denim,Puresel,Web,FC-Central,Regional Freight,false,Wrong size,true,Recovered,1,1,21.45,9.57
R002579,OI0016554,O0008085,C004559,P00030,2025-05-19,2025-05-01,2025-06-17,29,Apparel,Denim,Latitude 54,Web,FC-Central,Regional Freight,false,Damaged in transit,false,Written off,1,1,66.01,66.01
R002580,OI0016561,O0008088,C004560,P00007,2025-09-10,2025-09-01,2025-09-20,10,Apparel,Denim,Northvale,Web,FC-South,Regional Freight,false,Damaged in transit,false,Written off,1,1,116.94,116.94
R002581,OI0016564,O0008090,C004562,P00088,2025-05-19,2025-05-01,2025-05-30,11,Electronics,Audio,Mokkan,Marketplace,FC-Central,Swiftline,true,Changed mind,true,Recovered,2,2,768.42,169.88
R002582,OI0016572,O0008093,C004563,P00057,2025-05-22,2025-05-01,2025-06-04,13,Footwear,Trainers,Puresel,Web,FC-North,Regional Freight,true,Not as described,true,Recovered,1,1,60.17,33.99
R002583,OI0016579,O0008098,C004568,P00026,2025-05-18,2025-05-01,2025-06-15,28,Apparel,Dresses,Corda,Mobile App,FC-Central,Swiftline,true,Changed mind,true,Recovered,1,1,18.79,1.09
R002584,OI0016583,O0008099,C004569,P00015,2025-05-21,2025-05-01,2025-06-13,23,Apparel,Tops,Corda,Store,Store Pickup,,,Damaged in transit,false,Written off,2,2,113.65,113.65
R002585,OI0016589,O0008101,C004570,P00120,2025-10-15,2025-10-01,2025-11-06,22,Home & Kitchen,Lighting,Northvale,Marketplace,FC-North,Swiftline,true,Damaged in transit,false,Written off,1,1,97.95,97.95
R002586,OI0016591,O0008102,C004571,P00136,2025-05-21,2025-05-01,2025-06-12,22,Home & Kitchen,Cookware,Latitude 54,Web,FC-South,Regional Freight,true,Not as described,true,Recovered,1,1,29.59,11.38
R002587,OI0016602,O0008107,C004573,P00047,2025-07-13,2025-07-01,2025-07-21,8,Apparel,Dresses,Puresel,Marketplace,FC-North,Regional Freight,true,Arrived too late,true,Recovered,1,1,95.89,50.64
R002588,OI0016604,O0008108,C004574,P00136,2025-05-21,2025-05-01,2025-06-11,21,Home & Kitchen,Cookware,Latitude 54,Mobile App,FC-North,Swiftline,true,Damaged in transit,false,Written off,1,2,27.24,27.24
R002589,OI0016609,O0008109,C004574,P00155,2025-06-30,2025-06-01,2025-07-27,27,Beauty,Fragrance,Latitude 54,Mobile App,FC-North,Metro Post,true,Damaged in transit,false,Written off,1,1,35.11,35.11
R002590,OI0016611,O0008111,C004574,P00106,2025-10-30,2025-10-01,2025-11-05,6,Electronics,Accessories,Ellery & Co,Mobile App,FC-North,Regional Freight,true,Changed mind,true,Recovered,1,1,104.67,13.06
R002591,OI0016640,O0008126,C004586,P00067,2025-05-22,2025-05-01,2025-06-11,20,Footwear,Sandals,Corda,Marketplace,FC-South,Regional Freight,true,Changed mind,true,Recovered,1,1,78.15,46.73
R002592,OI0016646,O0008128,C004587,P00098,2025-07-04,2025-07-01,2025-07-14,10,Electronics,Audio,Brightpath,Store,Store Pickup,,,Changed mind,true,Recovered,1,1,126.60,21.07
R002593,OI0016653,O0008133,C004591,P00052,2025-05-23,2025-05-01,2025-06-15,23,Apparel,Dresses,Corda,Mobile App,FC-South,Metro Post,false,Arrived too late,true,Recovered,1,1,64.55,40.52
R002594,OI0016665,O0008139,C004595,P00015,2025-05-22,2025-05-01,2025-06-04,13,Apparel,Tops,Corda,Marketplace,FC-Central,Regional Freight,false,Arrived too late,true,Recovered,1,1,54.30,27.63
R002595,OI0016670,O0008143,C004599,P00003,2025-05-24,2025-05-01,2025-06-16,23,Apparel,Outerwear,Northvale,Marketplace,FC-South,Metro Post,true,Wrong size,true,Recovered,1,1,25.51,11.82
R002596,OI0016688,O0008152,C004602,P00092,2025-05-26,2025-05-01,2025-06-04,9,Electronics,Accessories,Puresel,Mobile App,FC-South,Regional Freight,false,Arrived too late,true,Recovered,1,3,209.32,27.77
R002597,OI0016690,O0008154,C004604,P00053,2025-05-23,2025-05-01,2025-06-22,30,Apparel,Tops,Latitude 54,Web,FC-South,Metro Post,true,Changed mind,true,Recovered,1,1,103.71,65.68
R002598,OI0016691,O0008154,C004604,P00005,2025-05-23,2025-05-01,2025-06-10,18,Apparel,Knitwear,Ellery & Co,Web,FC-South,Metro Post,true,Changed mind,true,Recovered,1,1,48.60,26.72
R002599,OI0016696,O0008156,C004605,P00006,2025-06-19,2025-06-01,2025-07-08,19,Apparel,Denim,Puresel,Web,FC-North,Metro Post,true,Damaged in transit,false,Written off,1,1,31.44,31.44
R002600,OI0016703,O0008158,C004606,P00079,2025-07-19,2025-07-01,2025-08-05,17,Footwear,Sandals,Mokkan,Marketplace,FC-Central,Regional Freight,true,Changed mind,true,Recovered,1,1,54.52,9.75
R002601,OI0016707,O0008160,C004607,P00080,2025-08-14,2025-08-01,2025-09-02,19,Footwear,Sandals,Ellery & Co,Store,Store Pickup,,,Changed mind,true,Recovered,1,1,49.77,26.47
R002602,OI0016711,O0008163,C004607,P00151,2026-03-23,2026-03-01,2026-03-28,5,Beauty,Skincare,Brightpath,Store,Store Pickup,,,Changed mind,true,Recovered,1,1,57.14,35.24
R002603,OI0016712,O0008163,C004607,P00149,2026-03-23,2026-03-01,2026-04-02,10,Beauty,Fragrance,Mokkan,Store,Store Pickup,,,Not as described,true,Recovered,1,1,72.73,46.16
R002604,OI0016724,O0008169,C004609,P00064,2025-08-30,2025-08-01,2025-09-14,15,Footwear,Boots,Mokkan,Mobile App,FC-South,Swiftline,true,Changed mind,true,Recovered,1,1,93.30,50.66
R002605,OI0016728,O0008170,C004610,P00018,2025-05-26,2025-05-01,2025-06-17,22,Apparel,Denim,Latitude 54,Marketplace,FC-North,Swiftline,true,Wrong size,true,Recovered,1,1,62.01,35.68
R002606,OI0016731,O0008171,C004610,P00047,2025-07-16,2025-07-01,2025-08-02,17,Apparel,Dresses,Puresel,Mobile App,FC-North,Metro Post,true,Changed mind,true,Recovered,1,1,95.89,50.64
R002607,OI0016736,O0008173,C004612,P00076,2025-05-27,2025-05-01,2025-06-19,23,Footwear,Trainers,Puresel,Web,FC-South,Regional Freight,true,Arrived too late,true,Recovered,1,1,46.92,12.64
R002608,OI0016737,O0008173,C004612,P00078,2025-05-27,2025-05-01,2025-06-19,23,Footwear,Sandals,Corda,Web,FC-South,Regional Freight,true,Changed mind,true,Recovered,1,1,128.93,67.91
R002609,OI0016739,O0008174,C004613,P00113,2025-05-28,2025-05-01,2025-06-19,22,Home & Kitchen,Storage,Mokkan,Store,Store Pickup,,,Wrong size,true,Recovered,1,1,71.93,21.07
R002610,OI0016744,O0008176,C004615,P00023,2025-05-25,2025-05-01,2025-06-07,13,Apparel,Tops,Latitude 54,Web,FC-South,Metro Post,true,Wrong size,true,Recovered,2,2,99.70,64.22
R002611,OI0016746,O0008176,C004615,P00005,2025-05-25,2025-05-01,2025-06-16,22,Apparel,Knitwear,Ellery & Co,Web,FC-South,Metro Post,true,Changed mind,true,Recovered,1,1,46.28,24.4
R002612,OI0016747,O0008177,C004615,P00079,2025-06-26,2025-06-01,2025-07-12,16,Footwear,Sandals,Mokkan,Mobile App,FC-South,Metro Post,true,Wrong size,true,Recovered,1,1,67.74,22.97
R002613,OI0016750,O0008178,C004615,P00079,2025-10-01,2025-10-01,2025-10-27,26,Footwear,Sandals,Mokkan,Store,Store Pickup,,,Wrong size,true,Recovered,1,1,67.74,22.97
R002614,OI0016755,O0008181,C004616,P00039,2025-09-27,2025-09-01,2025-10-24,27,Apparel,Outerwear,Latitude 54,Web,FC-Central,Swiftline,true,Changed mind,true,Recovered,2,2,34.71,11.95
R002615,OI0016762,O0008184,C004618,P00013,2025-05-24,2025-05-01,2025-06-18,25,Apparel,Dresses,Ellery & Co,Marketplace,FC-South,Regional Freight,true,Not as described,true,Recovered,1,1,50.06,25.42
R002616,OI0016765,O0008186,C004620,P00071,2025-05-28,2025-05-01,2025-06-27,30,Footwear,Boots,Puresel,Mobile App,FC-South,Regional Freight,true,Not as described,true,Recovered,1,1,122.76,66.8
R002617,OI0016778,O0008194,C004623,P00044,2025-05-29,2025-05-01,2025-06-07,9,Apparel,Denim,Corda,Marketplace,FC-South,Swiftline,true,Wrong size,true,Recovered,1,1,16.52,9.86
R002618,OI0016792,O0008201,C004626,P00021,2025-05-27,2025-05-01,2025-06-09,13,Apparel,Denim,Northvale,Mobile App,FC-South,Regional Freight,true,Wrong size,true,Recovered,1,1,43.43,22.27
R002619,OI0016809,O0008209,C004629,P00120,2025-07-30,2025-07-01,2025-08-14,15,Home & Kitchen,Lighting,Northvale,Web,FC-North,Metro Post,true,Changed mind,true,Recovered,1,1,71.92,14.61
R002620,OI0016811,O0008209,C004629,P00068,2025-07-30,2025-07-01,2025-08-22,23,Footwear,Sandals,Corda,Web,FC-North,Metro Post,true,Damaged in transit,false,Written off,1,1,106.66,106.66
R002621,OI0016812,O0008210,C004630,P00002,2025-05-29,2025-05-01,2025-06-04,6,Apparel,Knitwear,Brightpath,Store,Store Pickup,,,Wrong size,true,Recovered,1,4,64.64,25.78
R002622,OI0016815,O0008211,C004630,P00035,2025-06-21,2025-06-01,2025-06-29,8,Apparel,Outerwear,Northvale,Store,Store Pickup,,,Changed mind,true,Recovered,1,2,96.35,31.89
R002623,OI0016816,O0008212,C004631,P00041,2025-05-27,2025-05-01,2025-06-10,14,Apparel,Outerwear,Latitude 54,Marketplace,FC-Central,Metro Post,true,Damaged in transit,false,Written off,1,1,125.23,125.23
R002624,OI0016822,O0008213,C004632,P00124,2025-05-30,2025-05-01,2025-06-27,28,Home & Kitchen,Bedding,Latitude 54,Marketplace,FC-South,Metro Post,true,Damaged in transit,false,Written off,1,1,30.80,30.8
R002625,OI0016824,O0008213,C004632,P00183,2025-05-30,2025-05-01,2025-06-23,24,Sports & Outdoors,Fitness,Ellery & Co,Marketplace,FC-South,Metro Post,true,Damaged in transit,false,Written off,1,1,274.44,274.44
R002626,OI0016835,O0008218,C004634,P00026,2025-07-18,2025-07-01,2025-08-08,21,Apparel,Dresses,Corda,Web,FC-Central,Regional Freight,true,Faulty,false,Written off,1,1,34.19,34.19
R002627,OI0016836,O0008219,C004634,P00021,2025-09-04,2025-09-01,2025-09-11,7,Apparel,Denim,Northvale,Mobile App,FC-Central,Swiftline,true,Faulty,false,Written off,1,1,52.72,52.72
R002628,OI0016837,O0008220,C004634,P00080,2025-10-06,2025-10-01,2025-10-13,7,Footwear,Sandals,Ellery & Co,Mobile App,FC-Central,Swiftline,true,Wrong size,true,Recovered,1,1,49.77,26.47
R002629,OI0016839,O0008221,C004634,P00025,2025-11-29,2025-11-01,2025-12-29,30,Apparel,Outerwear,Corda,Web,FC-Central,Swiftline,true,Wrong size,true,Recovered,1,1,125.94,77.04
R002630,OI0016849,O0008226,C004637,P00012,2025-05-30,2025-05-01,2025-06-27,28,Apparel,Knitwear,Mokkan,Mobile App,FC-South,Swiftline,true,Arrived too late,true,Recovered,1,1,88.93,48.74
R002631,OI0016852,O0008228,C004638,P00065,2025-07-05,2025-07-01,2025-08-03,29,Footwear,Sandals,Ellery & Co,Web,FC-North,Swiftline,true,Changed mind,true,Recovered,1,1,94.68,40.79
R002632,OI0016859,O0008231,C004641,P00007,2025-05-26,2025-05-01,2025-06-11,16,Apparel,Denim,Northvale,Mobile App,FC-North,Swiftline,true,Changed mind,true,Recovered,1,1,95.34,48.12
R002633,OI0016862,O0008234,C004644,P00040,2025-05-28,2025-05-01,2025-06-30,33,Apparel,Tops,Puresel,Web,FC-South,Regional Freight,true,Arrived too late,true,Recovered,2,2,226.60,144.66
R002634,OI0016863,O0008234,C004644,P00010,2025-05-28,2025-05-01,2025-06-18,21,Apparel,Denim,Puresel,Web,FC-South,Regional Freight,true,Changed mind,true,Recovered,1,1,28.00,15.12
R002635,OI0016874,O0008239,C004646,P00079,2025-05-30,2025-05-01,2025-06-14,15,Footwear,Sandals,Mokkan,Store,Store Pickup,,,Faulty,false,Written off,1,1,67.74,67.74
R002636,OI0016875,O0008240,C004646,P00078,2025-09-29,2025-09-01,2025-10-08,9,Footwear,Sandals,Corda,Mobile App,FC-South,Metro Post,true,Faulty,false,Written off,1,1,128.93,128.93
R002637,OI0016885,O0008244,C004647,P00062,2026-01-25,2026-01-01,2026-02-16,22,Footwear,Formal,Latitude 54,Mobile App,FC-Central,Metro Post,false,Wrong size,true,Recovered,2,2,240.10,137.8
R002638,OI0016886,O0008244,C004647,P00045,2026-01-25,2026-01-01,2026-02-26,32,Apparel,Knitwear,Puresel,Mobile App,FC-Central,Metro Post,false,Arrived too late,true,Recovered,1,1,70.92,41.49
R002639,OI0016897,O0008249,C004650,P00104,2025-05-29,2025-05-01,2025-06-26,28,Electronics,Audio,Brightpath,Mobile App,FC-South,Regional Freight,false,Wrong size,true,Recovered,1,1,98.65,-60.19
R002640,OI0016919,O0008258,C004655,P00187,2025-05-29,2025-05-01,2025-06-29,31,Sports & Outdoors,Camping,Puresel,Marketplace,FC-Central,Swiftline,true,Changed mind,true,Recovered,1,1,164.80,60.13
R002641,OI0016923,O0008260,C004656,P00100,2025-08-02,2025-08-01,2025-08-18,16,Electronics,Accessories,Latitude 54,Web,FC-South,Swiftline,true,Faulty,false,Written off,1,1,386.68,386.68
R002642,OI0016936,O0008268,C004659,P00080,2025-09-21,2025-09-01,2025-10-03,12,Footwear,Sandals,Ellery & Co,Web,FC-South,Regional Freight,false,Changed mind,true,Recovered,1,1,49.77,26.47
R002643,OI0016954,O0008276,C004663,P00037,2026-03-16,2026-03-01,2026-04-01,16,Apparel,Tops,Brightpath,Web,FC-South,Regional Freight,false,Changed mind,true,Recovered,1,1,116.64,66.03
R002644,OI0016955,O0008276,C004663,P00053,2026-03-16,2026-03-01,2026-04-07,22,Apparel,Tops,Latitude 54,Web,FC-South,Regional Freight,false,Damaged in transit,false,Written off,2,2,207.42,207.42
R002645,OI0016967,O0008281,C004666,P00008,2025-05-31,2025-05-01,2025-06-22,22,Apparel,Tops,Brightpath,Web,FC-North,Swiftline,true,Changed mind,true,Recovered,1,3,83.50,53.57
R002646,OI0016977,O0008286,C004669,P00115,2025-06-02,2025-06-01,2025-06-18,16,Home & Kitchen,Lighting,Puresel,Web,FC-North,Metro Post,true,Not as described,true,Recovered,1,1,56.88,-13.75
R002647,OI0016989,O0008292,C004672,P00063,2025-06-02,2025-06-01,2025-06-11,9,Footwear,Formal,Northvale,Marketplace,FC-South,Regional Freight,true,Changed mind,true,Recovered,1,1,36.53,19.86
R002648,OI0016992,O0008293,C004673,P00143,2025-06-01,2025-06-01,2025-06-12,11,Home & Kitchen,Tableware,Mokkan,Mobile App,FC-South,Swiftline,true,Changed mind,true,Recovered,1,1,21.76,7.78
R002649,OI0016997,O0008297,C004675,P00045,2025-05-30,2025-05-01,2025-06-14,15,Apparel,Knitwear,Puresel,Store,Store Pickup,,,Changed mind,true,Recovered,2,2,141.84,82.98
R002650,OI0017005,O0008301,C004679,P00087,2025-05-30,2025-05-01,2025-06-04,5,Electronics,Audio,Brightpath,Store,Store Pickup,,,Not as described,true,Recovered,1,1,437.19,47.05
R002651,OI0017027,O0008315,C004686,P00071,2025-10-10,2025-10-01,2025-10-17,7,Footwear,Boots,Puresel,Marketplace,FC-South,Metro Post,false,Wrong size,true,Recovered,1,1,122.76,66.8
R002652,OI0017029,O0008317,C004686,P00021,2025-12-14,2025-12-01,2026-01-07,24,Apparel,Denim,Northvale,Mobile App,FC-South,Metro Post,true,Not as described,true,Recovered,1,1,38.70,17.54
R002653,OI0017032,O0008318,C004686,P00012,2026-01-08,2026-01-01,2026-02-04,27,Apparel,Knitwear,Mokkan,Mobile App,FC-South,Regional Freight,false,Wrong size,true,Recovered,1,1,71.64,31.45
R002654,OI0017048,O0008330,C004695,P00190,2025-05-31,2025-05-01,2025-06-12,12,Sports & Outdoors,Cycling,Puresel,Mobile App,FC-South,Metro Post,true,Faulty,false,Written off,1,1,137.35,137.35
R002655,OI0017053,O0008332,C004697,P00149,2025-05-31,2025-05-01,2025-06-05,5,Beauty,Fragrance,Mokkan,Marketplace,FC-North,Swiftline,true,Faulty,false,Written off,1,1,72.73,72.73
R002656,OI0017060,O0008336,C004700,P00079,2025-06-03,2025-06-01,2025-06-07,4,Footwear,Sandals,Mokkan,Store,Store Pickup,,,Damaged in transit,false,Written off,3,3,168.16,168.16
R002657,OI0017064,O0008337,C004701,P00033,2025-06-01,2025-06-01,2025-06-20,19,Apparel,Denim,Northvale,Mobile App,FC-Central,Metro Post,true,Changed mind,true,Recovered,1,1,23.81,5.94
R002658,OI0017076,O0008345,C004706,P00013,2025-06-03,2025-06-01,2025-06-10,7,Apparel,Dresses,Ellery & Co,Web,FC-Central,Regional Freight,true,Changed mind,true,Recovered,1,1,66.51,41.87
R002659,OI0017088,O0008349,C004709,P00046,2025-09-09,2025-09-01,2025-09-20,11,Apparel,Dresses,Brightpath,Web,FC-North,Regional Freight,false,Arrived too late,true,Recovered,1,1,117.17,66.09
R002660,OI0017095,O0008353,C004710,P00067,2025-07-28,2025-07-01,2025-08-12,15,Footwear,Sandals,Corda,Web,FC-South,Swiftline,true,Changed mind,true,Recovered,1,1,78.15,46.73
R002661,OI0017107,O0008359,C004713,P00187,2025-06-02,2025-06-01,2025-07-01,29,Sports & Outdoors,Camping,Puresel,Marketplace,FC-South,Regional Freight,true,Not as described,true,Recovered,1,1,164.80,60.13
R002662,OI0017114,O0008362,C004715,P00065,2025-10-11,2025-10-01,2025-11-03,23,Footwear,Sandals,Ellery & Co,Mobile App,FC-South,Metro Post,true,Changed mind,true,Recovered,1,1,94.68,40.79
R002663,OI0017117,O0008363,C004715,P00171,2025-12-29,2025-12-01,2026-01-14,16,Sports & Outdoors,Cycling,Ellery & Co,Web,FC-South,Regional Freight,false,Arrived too late,true,Recovered,1,1,55.30,13.18
R002664,OI0017123,O0008366,C004717,P00071,2025-06-03,2025-06-01,2025-06-10,7,Footwear,Boots,Puresel,Web,FC-Central,Metro Post,true,Damaged in transit,false,Written off,1,1,117.31,117.31
R002665,OI0017154,O0008388,C004727,P00130,2025-06-05,2025-06-01,2025-06-19,14,Home & Kitchen,Cookware,Ellery & Co,Web,FC-South,Metro Post,true,Faulty,false,Written off,1,1,206.19,206.19
R002666,OI0017156,O0008388,C004727,P00019,2025-06-05,2025-06-01,2025-06-27,22,Apparel,Tops,Brightpath,Web,FC-South,Metro Post,true,Wrong size,true,Recovered,2,2,70.07,11.35
R002667,OI0017170,O0008397,C004733,P00081,2025-06-08,2025-06-01,2025-06-17,9,Electronics,Wearables,Mokkan,Web,FC-North,Swiftline,true,Faulty,false,Written off,2,2,850.40,850.4
R002668,OI0017174,O0008398,C004733,P00090,2025-07-10,2025-07-01,2025-08-02,23,Electronics,Audio,Corda,Store,Store Pickup,,,Wrong size,true,Recovered,4,4,1162.68,190.04
R002669,OI0017187,O0008405,C004735,P00055,2025-06-07,2025-06-01,2025-06-16,9,Footwear,Trainers,Ellery & Co,Web,FC-Central,Metro Post,true,Wrong size,true,Recovered,1,1,40.68,21.54
R002670,OI0017191,O0008406,C004735,P00063,2025-07-22,2025-07-01,2025-08-13,22,Footwear,Formal,Northvale,Mobile App,FC-Central,Regional Freight,true,Wrong size,true,Recovered,1,1,31.62,14.95
R002671,OI0017198,O0008410,C004738,P00051,2025-06-06,2025-06-01,2025-07-05,29,Apparel,Denim,Corda,Web,FC-North,Swiftline,true,Changed mind,true,Recovered,1,1,43.18,25.64
R002672,OI0017200,O0008412,C004739,P00019,2025-07-04,2025-07-01,2025-07-15,11,Apparel,Tops,Brightpath,Web,FC-Central,Regional Freight,true,Damaged in transit,false,Written off,1,1,65.52,65.52
R002673,OI0017214,O0008419,C004745,P00144,2025-06-07,2025-06-01,2025-06-15,8,Home & Kitchen,Cookware,Puresel,Mobile App,FC-North,Swiftline,true,Wrong size,true,Recovered,1,1,174.00,63.49
R002674,OI0017216,O0008420,C004746,P00064,2025-06-09,2025-06-01,2025-07-09,30,Footwear,Boots,Mokkan,Web,FC-Central,Swiftline,true,Wrong size,true,Recovered,1,3,93.30,50.66
R002675,OI0017217,O0008421,C004746,P00033,2025-10-21,2025-10-01,2025-11-11,21,Apparel,Denim,Northvale,Mobile App,FC-Central,Swiftline,true,Not as described,true,Recovered,1,1,29.58,11.71
R002676,OI0017229,O0008428,C004750,P00060,2025-06-08,2025-06-01,2025-06-16,8,Footwear,Formal,Corda,Web,FC-North,Metro Post,true,Wrong size,true,Recovered,2,2,218.19,86.31
R002677,OI0017256,O0008441,C004759,P00124,2025-11-20,2025-11-01,2025-12-07,17,Home & Kitchen,Bedding,Latitude 54,Mobile App,FC-South,Metro Post,false,Wrong size,true,Recovered,3,3,92.40,48.3
R002678,OI0017260,O0008443,C004759,P00189,2026-02-16,2026-02-01,2026-03-05,17,Sports & Outdoors,Camping,Brightpath,Mobile App,FC-South,Metro Post,true,Changed mind,true,Recovered,1,1,180.08,65.35
R002679,OI0017272,O0008449,C004765,P00017,2025-06-08,2025-06-01,2025-07-09,31,Apparel,Dresses,Corda,Web,FC-South,Metro Post,true,Changed mind,true,Recovered,1,1,24.96,13.09
R002680,OI0017273,O0008449,C004765,P00024,2025-06-08,2025-06-01,2025-06-13,5,Apparel,Outerwear,Brightpath,Web,FC-South,Metro Post,true,Wrong size,true,Recovered,1,1,33.04,17.46
R002681,OI0017278,O0008452,C004767,P00079,2025-06-07,2025-06-01,2025-06-26,19,Footwear,Sandals,Mokkan,Mobile App,FC-South,Regional Freight,false,Arrived too late,true,Recovered,1,1,56.36,11.59
R002682,OI0017279,O0008452,C004767,P00140,2025-06-07,2025-06-01,2025-06-18,11,Home & Kitchen,Lighting,Brightpath,Mobile App,FC-South,Regional Freight,false,Not as described,true,Recovered,1,2,50.12,20.5
R002683,OI0017286,O0008456,C004769,P00037,2025-06-08,2025-06-01,2025-06-26,18,Apparel,Tops,Brightpath,Mobile App,FC-North,Regional Freight,true,Changed mind,true,Recovered,1,1,116.64,66.03
R002684,OI0017291,O0008460,C004770,P00142,2025-06-07,2025-06-01,2025-06-30,23,Home & Kitchen,Cookware,Northvale,Mobile App,FC-North,Swiftline,true,Changed mind,true,Recovered,2,2,124.83,-26.89
R002685,OI0017295,O0008462,C004770,P00118,2026-01-06,2026-01-01,2026-01-29,23,Home & Kitchen,Tableware,Ellery & Co,Store,Store Pickup,,,Changed mind,true,Recovered,1,2,26.40,11.23
R002686,OI0017300,O0008464,C004771,P00029,2025-09-08,2025-09-01,2025-09-17,9,Apparel,Knitwear,Puresel,Store,Store Pickup,,,Not as described,true,Recovered,1,1,116.07,69.8
R002687,OI0017307,O0008466,C004771,P00055,2026-01-12,2026-01-01,2026-01-31,19,Footwear,Trainers,Ellery & Co,Web,FC-North,Metro Post,true,Wrong size,true,Recovered,1,1,40.68,21.54
R002688,OI0017308,O0008467,C004772,P00079,2025-06-10,2025-06-01,2025-07-03,23,Footwear,Sandals,Mokkan,Mobile App,FC-South,Regional Freight,true,Changed mind,true,Recovered,1,1,46.22,1.45
R002689,OI0017326,O0008475,C004776,P00125,2026-04-19,2026-04-01,2026-04-25,6,Home & Kitchen,Lighting,Latitude 54,Mobile App,FC-Central,Metro Post,true,Damaged in transit,false,Written off,1,1,100.06,100.06
R002690,OI0017328,O0008475,C004776,P00190,2026-04-19,2026-04-01,2026-05-18,29,Sports & Outdoors,Cycling,Puresel,Mobile App,FC-Central,Metro Post,true,Not as described,true,Recovered,1,1,189.90,84.75
R002691,OI0017332,O0008478,C004778,P00006,2025-06-08,2025-06-01,2025-07-04,26,Apparel,Denim,Puresel,Mobile App,FC-Central,Metro Post,true,Wrong size,true,Recovered,1,3,18.89,7.01
R002692,OI0017338,O0008481,C004780,P00139,2025-06-29,2025-06-01,2025-07-12,13,Home & Kitchen,Cookware,Ellery & Co,Web,FC-North,Swiftline,true,Wrong size,true,Recovered,1,1,46.86,15.5
R002693,OI0017350,O0008484,C004782,P00024,2025-06-12,2025-06-01,2025-07-05,23,Apparel,Outerwear,Brightpath,Mobile App,FC-North,Swiftline,true,Wrong size,true,Recovered,1,1,35.49,19.91
R002694,OI0017353,O0008486,C004783,P00086,2025-08-29,2025-08-01,2025-09-24,26,Electronics,Audio,Brightpath,Marketplace,FC-North,Swiftline,true,Changed mind,true,Recovered,2,2,399.48,-22.56
R002695,OI0017359,O0008489,C004784,P00075,2025-11-01,2025-11-01,2025-11-14,13,Footwear,Formal,Latitude 54,Mobile App,FC-Central,Metro Post,true,Wrong size,true,Recovered,1,1,35.31,8.89
R002696,OI0017371,O0008494,C004786,P00001,2025-06-11,2025-06-01,2025-06-27,16,Apparel,Dresses,Latitude 54,Mobile App,FC-North,Metro Post,true,Not as described,true,Recovered,1,1,38.97,24.82
R002697,OI0017383,O0008501,C004789,P00021,2025-07-13,2025-07-01,2025-07-28,15,Apparel,Denim,Northvale,Marketplace,FC-North,Regional Freight,true,Not as described,true,Recovered,1,1,52.72,31.56
R002698,OI0017386,O0008503,C004790,P00024,2025-06-13,2025-06-01,2025-06-26,13,Apparel,Outerwear,Brightpath,Web,FC-North,Metro Post,true,Faulty,false,Written off,1,1,35.49,35.49
R002699,OI0017398,O0008507,C004791,P00052,2025-08-31,2025-08-01,2025-09-16,16,Apparel,Dresses,Corda,Marketplace,FC-Central,Metro Post,true,Wrong size,true,Recovered,1,1,64.55,40.52
R002700,OI0017401,O0008508,C004792,P00004,2025-06-11,2025-06-01,2025-07-01,20,Apparel,Knitwear,Puresel,Store,Store Pickup,,,Changed mind,true,Recovered,1,1,33.94,19.96
R002701,OI0017406,O0008510,C004793,P00114,2025-07-09,2025-07-01,2025-07-27,18,Home & Kitchen,Bedding,Puresel,Mobile App,FC-Central,Swiftline,true,Changed mind,true,Recovered,2,2,223.06,85.96
R002702,OI0017409,O0008511,C004793,P00035,2025-08-08,2025-08-01,2025-08-17,9,Apparel,Outerwear,Northvale,Store,Store Pickup,,,Damaged in transit,false,Written off,1,1,131.59,131.59
R002703,OI0017411,O0008511,C004793,P00187,2025-08-08,2025-08-01,2025-09-03,26,Sports & Outdoors,Camping,Puresel,Store,Store Pickup,,,Changed mind,true,Recovered,1,2,111.93,7.26
R002704,OI0017416,O0008514,C004794,P00054,2025-08-29,2025-08-01,2025-09-22,24,Footwear,Sandals,Mokkan,Web,FC-South,Regional Freight,false,Arrived too late,true,Recovered,2,2,92.01,32.99
R002705,OI0017425,O0008519,C004796,P00042,2025-10-14,2025-10-01,2025-11-02,19,Apparel,Knitwear,Latitude 54,Store,Store Pickup,,,Arrived too late,true,Recovered,1,1,98.21,58.19
R002706,OI0017427,O0008520,C004797,P00043,2025-06-14,2025-06-01,2025-06-30,16,Apparel,Denim,Puresel,Web,FC-South,Swiftline,true,Wrong size,true,Recovered,1,1,107.20,69.39
R002707,OI0017437,O0008526,C004800,P00077,2025-06-14,2025-06-01,2025-07-26,42,Footwear,Boots,Ellery & Co,Web,FC-Central,Metro Post,false,Wrong size,true,Recovered,1,1,47.34,6.42
R002708,OI0017438,O0008527,C004801,P00059,2025-06-12,2025-06-01,2025-06-19,7,Footwear,Trainers,Latitude 54,Web,FC-North,Swiftline,false,Not as described,true,Recovered,1,1,96.45,26.41
R002709,OI0017446,O0008531,C004803,P00075,2025-06-13,2025-06-01,2025-07-15,32,Footwear,Formal,Latitude 54,Mobile App,FC-South,Swiftline,false,Damaged in transit,false,Written off,1,1,51.74,51.74
R002710,OI0017448,O0008531,C004803,P00064,2025-06-13,2025-06-01,2025-06-28,15,Footwear,Boots,Mokkan,Mobile App,FC-South,Swiftline,false,Arrived too late,true,Recovered,1,1,93.30,50.66
R002711,OI0017452,O0008532,C004804,P00025,2025-06-15,2025-06-01,2025-07-06,21,Apparel,Outerwear,Corda,Mobile App,FC-North,Swiftline,true,Damaged in transit,false,Written off,1,1,125.94,125.94
R002712,OI0017462,O0008536,C004806,P00174,2025-06-13,2025-06-01,2025-07-12,29,Sports & Outdoors,Fitness,Latitude 54,Web,FC-South,Metro Post,true,Damaged in transit,false,Written off,1,1,211.86,211.86
R002713,OI0017469,O0008538,C004808,P00085,2025-06-12,2025-06-01,2025-06-20,8,Electronics,Wearables,Ellery & Co,Web,FC-North,Regional Freight,true,Faulty,false,Written off,1,1,129.88,129.88
R002714,OI0017485,O0008543,C004812,P00036,2025-06-15,2025-06-01,2025-07-01,16,Apparel,Dresses,Latitude 54,Web,FC-Central,Metro Post,true,Arrived too late,true,Recovered,1,1,67.23,43.24
R002715,OI0017491,O0008545,C004813,P00044,2025-07-03,2025-07-01,2025-07-08,5,Apparel,Denim,Corda,Web,FC-South,Regional Freight,true,Wrong size,true,Recovered,1,1,20.90,14.24
R002716,OI0017512,O0008552,C004816,P00072,2025-07-24,2025-07-01,2025-08-04,11,Footwear,Sandals,Brightpath,Mobile App,FC-North,Swiftline,true,Damaged in transit,false,Written off,1,1,58.95,58.95
R002717,OI0017514,O0008553,C004816,P00054,2025-11-25,2025-11-01,2025-12-10,15,Footwear,Sandals,Mokkan,Mobile App,FC-North,Swiftline,true,Changed mind,true,Recovered,1,1,45.44,15.93
R002718,OI0017517,O0008554,C004816,P00050,2026-03-30,2026-03-01,2026-04-21,22,Apparel,Knitwear,Brightpath,Mobile App,FC-North,Metro Post,true,Wrong size,true,Recovered,1,1,97.57,47.7
R002719,OI0017521,O0008556,C004818,P00021,2025-06-15,2025-06-01,2025-07-05,20,Apparel,Denim,Northvale,Mobile App,FC-South,Regional Freight,false,Arrived too late,true,Recovered,1,1,52.72,31.56
R002720,OI0017523,O0008557,C004819,P00103,2025-06-13,2025-06-01,2025-07-04,21,Electronics,Small Appliances,Latitude 54,Mobile App,FC-South,Regional Freight,true,Faulty,false,Written off,1,1,111.90,111.9
R002721,OI0017529,O0008560,C004820,P00042,2026-02-04,2026-02-01,2026-02-18,14,Apparel,Knitwear,Latitude 54,Store,Store Pickup,,,Not as described,true,Recovered,1,1,79.60,39.58
R002722,OI0017536,O0008564,C004824,P00079,2025-06-12,2025-06-01,2025-06-28,16,Footwear,Sandals,Mokkan,Store,Store Pickup,,,Damaged in transit,false,Written off,1,1,50.09,50.09
R002723,OI0017544,O0008567,C004825,P00090,2025-11-11,2025-11-01,2025-11-28,17,Electronics,Audio,Corda,Marketplace,FC-North,Swiftline,true,Damaged in transit,false,Written off,2,2,581.34,581.34
R002724,OI0017546,O0008569,C004826,P00142,2025-06-14,2025-06-01,2025-07-14,30,Home & Kitchen,Cookware,Northvale,Mobile App,FC-South,Metro Post,false,Arrived too late,true,Recovered,1,1,138.70,62.84
R002725,OI0017558,O0008574,C004830,P00182,2025-09-30,2025-09-01,2025-10-30,30,Sports & Outdoors,Cycling,Northvale,Web,FC-South,Swiftline,true,Changed mind,true,Recovered,1,1,31.19,4.24
R002726,OI0017559,O0008575,C004830,P00175,2025-11-08,2025-11-01,2025-12-06,28,Sports & Outdoors,Camping,Ellery & Co,Web,FC-South,Metro Post,true,Faulty,false,Written off,1,1,145.45,145.45
R002727,OI0017568,O0008583,C004833,P00030,2025-09-20,2025-09-01,2025-10-09,19,Apparel,Denim,Latitude 54,Web,FC-South,Regional Freight,true,Changed mind,true,Recovered,1,1,99.97,57.49
R002728,OI0017574,O0008588,C004835,P00143,2025-06-15,2025-06-01,2025-06-28,13,Home & Kitchen,Tableware,Mokkan,Web,FC-Central,Regional Freight,true,Wrong size,true,Recovered,1,1,21.76,7.78
R002729,OI0017578,O0008590,C004837,P00060,2025-06-16,2025-06-01,2025-06-27,11,Footwear,Formal,Corda,Web,FC-South,Regional Freight,false,Not as described,true,Recovered,1,1,139.31,73.37
R002730,OI0017579,O0008590,C004837,P00075,2025-06-16,2025-06-01,2025-07-17,31,Footwear,Formal,Latitude 54,Web,FC-South,Regional Freight,false,Arrived too late,true,Recovered,1,1,51.74,25.32
R002731,OI0017581,O0008590,C004837,P00073,2025-06-16,2025-06-01,2025-07-10,24,Footwear,Boots,Brightpath,Web,FC-South,Regional Freight,false,Arrived too late,true,Recovered,1,1,50.46,12.04
R002732,OI0017582,O0008591,C004838,P00170,2025-06-13,2025-06-01,2025-06-17,4,Sports & Outdoors,Cycling,Corda,Store,Store Pickup,,,Wrong size,true,Recovered,3,3,648.78,287.07
R002733,OI0017586,O0008593,C004839,P00142,2025-08-29,2025-08-01,2025-09-28,30,Home & Kitchen,Cookware,Northvale,Web,FC-South,Metro Post,true,Changed mind,true,Recovered,2,2,277.40,125.68
R002734,OI0017587,O0008593,C004839,P00183,2025-08-29,2025-08-01,2025-09-07,9,Sports & Outdoors,Fitness,Ellery & Co,Web,FC-South,Metro Post,true,Wrong size,true,Recovered,1,1,237.25,88.97
R002735,OI0017592,O0008596,C004840,P00147,2025-06-15,2025-06-01,2025-07-04,19,Beauty,Haircare,Mokkan,Store,Store Pickup,,,Not as described,true,Recovered,1,1,47.13,17.56
R002736,OI0017594,O0008597,C004840,P00041,2025-07-23,2025-07-01,2025-07-30,7,Apparel,Outerwear,Latitude 54,Store,Store Pickup,,,Faulty,false,Written off,2,2,250.46,250.46
R002737,OI0017596,O0008598,C004841,P00031,2025-06-17,2025-06-01,2025-07-17,30,Apparel,Dresses,Brightpath,Marketplace,FC-South,Regional Freight,true,Damaged in transit,false,Written off,1,1,90.94,90.94
R002738,OI0017600,O0008600,C004843,P00012,2025-06-13,2025-06-01,2025-07-05,22,Apparel,Knitwear,Mokkan,Mobile App,FC-South,Regional Freight,true,Not as described,true,Recovered,1,1,54.11,13.92
R002739,OI0017604,O0008601,C004844,P00007,2025-06-18,2025-06-01,2025-07-03,15,Apparel,Denim,Northvale,Web,FC-North,Metro Post,true,Arrived too late,true,Recovered,1,1,116.94,69.72
R002740,OI0017605,O0008602,C004844,P00022,2025-08-18,2025-08-01,2025-08-25,7,Apparel,Knitwear,Northvale,Web,FC-North,Metro Post,false,Arrived too late,true,Recovered,1,1,32.34,17.65
R002741,OI0017609,O0008603,C004844,P00002,2025-11-16,2025-11-01,2025-11-22,6,Apparel,Knitwear,Brightpath,Web,FC-North,Metro Post,true,Wrong size,true,Recovered,1,1,37.16,-1.7
R002742,OI0017610,O0008603,C004844,P00027,2025-11-16,2025-11-01,2025-12-16,30,Apparel,Outerwear,Mokkan,Web,FC-North,Metro Post,true,Faulty,false,Written off,1,1,31.13,31.13
R002743,OI0017622,O0008609,C004849,P00057,2025-06-17,2025-06-01,2025-07-04,17,Footwear,Trainers,Puresel,Marketplace,FC-Central,Metro Post,true,Wrong size,true,Recovered,1,1,45.72,19.54
R002744,OI0017623,O0008609,C004849,P00081,2025-06-17,2025-06-01,2025-06-29,12,Electronics,Wearables,Mokkan,Marketplace,FC-Central,Metro Post,true,Not as described,true,Recovered,1,1,206.56,-159.37
R002745,OI0017630,O0008612,C004851,P00183,2025-06-15,2025-06-01,2025-07-09,24,Sports & Outdoors,Fitness,Ellery & Co,Marketplace,FC-Central,Metro Post,true,Not as described,true,Recovered,1,1,274.44,126.16
R002746,OI0017633,O0008614,C004852,P00044,2025-07-12,2025-07-01,2025-07-28,16,Apparel,Denim,Corda,Mobile App,FC-North,Swiftline,true,Not as described,true,Recovered,1,1,20.90,14.24
R002747,OI0017636,O0008615,C004853,P00078,2025-06-16,2025-06-01,2025-07-07,21,Footwear,Sandals,Corda,Mobile App,FC-South,Regional Freight,false,Not as described,true,Recovered,1,1,127.29,66.27
R002748,OI0017637,O0008616,C004854,P00185,2025-06-18,2025-06-01,2025-07-06,18,Sports & Outdoors,Swim,Puresel,Store,Store Pickup,,,Arrived too late,true,Recovered,1,1,119.61,-8.07
R002749,OI0017651,O0008627,C004859,P00030,2025-11-20,2025-11-01,2025-12-18,28,Apparel,Denim,Latitude 54,Store,Store Pickup,,,Wrong size,true,Recovered,1,1,82.92,40.44
R002750,OI0017656,O0008629,C004861,P00122,2025-06-18,2025-06-01,2025-07-14,26,Home & Kitchen,Cookware,Ellery & Co,Web,FC-North,Swiftline,true,Changed mind,true,Recovered,1,1,54.16,22.59
R002751,OI0017660,O0008631,C004862,P00030,2025-06-19,2025-06-01,2025-07-15,26,Apparel,Denim,Latitude 54,Web,FC-South,Swiftline,true,Changed mind,true,Recovered,1,1,99.97,57.49
R002752,OI0017663,O0008633,C004862,P00043,2025-11-10,2025-11-01,2025-11-27,17,Apparel,Denim,Puresel,Store,Store Pickup,,,Wrong size,true,Recovered,1,1,96.27,58.46
R002753,OI0017673,O0008638,C004863,P00066,2026-04-03,2026-04-01,2026-04-23,20,Footwear,Sandals,Puresel,Mobile App,FC-South,Metro Post,false,Changed mind,true,Recovered,1,1,111.95,63.02
R002754,OI0017680,O0008642,C004866,P00108,2025-06-17,2025-06-01,2025-07-12,25,Electronics,Audio,Ellery & Co,Mobile App,FC-South,Metro Post,true,Changed mind,true,Recovered,1,1,84.26,-15.85
R002755,OI0017690,O0008648,C004868,P00010,2025-09-14,2025-09-01,2025-09-24,10,Apparel,Denim,Puresel,Mobile App,FC-Central,Regional Freight,true,Changed mind,true,Recovered,1,1,28.00,15.12
R002756,OI0017697,O0008651,C004868,P00054,2026-06-19,2026-06-01,2026-06-28,9,Footwear,Sandals,Mokkan,Store,Store Pickup,,,Wrong size,true,Recovered,1,1,59.52,30.01
R002757,OI0017705,O0008655,C004872,P00083,2025-06-16,2025-06-01,2025-07-04,18,Electronics,Audio,Mokkan,Store,Store Pickup,,,Not as described,true,Recovered,1,1,80.35,-4.43
R002758,OI0017717,O0008662,C004874,P00073,2025-08-30,2025-08-01,2025-09-19,20,Footwear,Boots,Brightpath,Mobile App,FC-South,Regional Freight,true,Faulty,false,Written off,1,1,76.48,76.48
R002759,OI0017719,O0008663,C004874,P00067,2025-10-17,2025-10-01,2025-11-03,17,Footwear,Sandals,Corda,Mobile App,FC-South,Regional Freight,true,Damaged in transit,false,Written off,1,1,69.58,69.58
R002760,OI0017721,O0008665,C004874,P00042,2026-05-27,2026-05-01,2026-06-29,33,Apparel,Knitwear,Latitude 54,Web,FC-South,Regional Freight,false,Wrong size,true,Recovered,1,1,98.30,58.28
R002761,OI0017737,O0008674,C004883,P00075,2025-06-21,2025-06-01,2025-07-15,24,Footwear,Formal,Latitude 54,Web,FC-North,Swiftline,true,Changed mind,true,Recovered,1,1,51.16,24.74
R002762,OI0017750,O0008679,C004885,P00138,2025-06-17,2025-06-01,2025-06-27,10,Home & Kitchen,Bedding,Ellery & Co,Marketplace,FC-Central,Swiftline,true,Not as described,true,Recovered,1,1,76.21,28.01
R002763,OI0017756,O0008681,C004886,P00033,2025-06-21,2025-06-01,2025-07-13,22,Apparel,Denim,Northvale,Web,FC-Central,Metro Post,true,Arrived too late,true,Recovered,1,1,34.42,16.55
R002764,OI0017762,O0008683,C004886,P00120,2025-12-10,2025-12-01,2026-01-02,23,Home & Kitchen,Lighting,Northvale,Web,FC-Central,Swiftline,true,Changed mind,true,Recovered,1,1,65.38,8.07
R002765,OI0017774,O0008687,C004887,P00080,2025-07-06,2025-07-01,2025-07-09,3,Footwear,Sandals,Ellery & Co,Store,Store Pickup,,,Faulty,false,Written off,2,2,99.54,99.54
R002766,OI0017777,O0008688,C004887,P00066,2025-09-16,2025-09-01,2025-10-10,24,Footwear,Sandals,Puresel,Web,FC-Central,Regional Freight,true,Not as described,true,Recovered,1,1,86.11,37.18
R002767,OI0017778,O0008688,C004887,P00045,2025-09-16,2025-09-01,2025-09-23,7,Apparel,Knitwear,Puresel,Web,FC-Central,Regional Freight,true,Not as described,true,Recovered,2,2,141.84,82.98
R002768,OI0017797,O0008695,C004893,P00051,2025-07-21,2025-07-01,2025-08-09,19,Apparel,Denim,Corda,Mobile App,FC-North,Swiftline,true,Changed mind,true,Recovered,1,1,43.18,25.64
R002769,OI0017802,O0008698,C004895,P00182,2025-06-22,2025-06-01,2025-07-01,9,Sports & Outdoors,Cycling,Northvale,Mobile App,FC-Central,Swiftline,true,Wrong size,true,Recovered,1,1,47.86,20.91
R002770,OI0017806,O0008701,C004897,P00139,2025-06-21,2025-06-01,2025-07-13,22,Home & Kitchen,Cookware,Ellery & Co,Web,FC-South,Swiftline,true,Changed mind,true,Recovered,1,1,53.02,21.66
R002771,OI0017813,O0008705,C004898,P00045,2025-06-21,2025-06-01,2025-07-01,10,Apparel,Knitwear,Puresel,Web,FC-North,Swiftline,true,Changed mind,true,Recovered,1,1,59.13,29.7
R002772,OI0017819,O0008706,C004898,P00068,2025-10-01,2025-10-01,2025-10-24,23,Footwear,Sandals,Corda,Store,Store Pickup,,,Changed mind,true,Recovered,2,2,213.32,130.7
R002773,OI0017825,O0008709,C004900,P00124,2025-08-05,2025-08-01,2025-09-08,34,Home & Kitchen,Bedding,Latitude 54,Marketplace,FC-South,Regional Freight,false,Arrived too late,true,Recovered,1,1,27.29,12.59
R002774,OI0017838,O0008717,C004905,P00002,2025-06-20,2025-06-01,2025-07-16,26,Apparel,Knitwear,Brightpath,Mobile App,FC-North,Swiftline,true,Changed mind,true,Recovered,1,1,49.25,10.39
R002775,OI0017849,O0008722,C004908,P00093,2025-10-31,2025-10-01,2025-11-08,8,Electronics,Audio,Puresel,Web,FC-North,Swiftline,true,Faulty,false,Written off,1,1,161.57,161.57
R002776,OI0017864,O0008728,C004912,P00079,2025-06-23,2025-06-01,2025-07-01,8,Footwear,Sandals,Mokkan,Mobile App,FC-South,Regional Freight,true,Wrong size,true,Recovered,1,1,52.45,7.68
R002777,OI0017866,O0008728,C004912,P00060,2025-06-23,2025-06-01,2025-07-24,31,Footwear,Formal,Corda,Mobile App,FC-South,Regional Freight,true,Changed mind,true,Recovered,1,1,139.31,73.37
R002778,OI0017882,O0008736,C004917,P00032,2025-06-21,2025-06-01,2025-06-27,6,Apparel,Outerwear,Mokkan,Mobile App,FC-South,Swiftline,true,Damaged in transit,false,Written off,1,1,34.46,34.46
R002779,OI0017883,O0008737,C004918,P00062,2025-06-21,2025-06-01,2025-07-17,26,Footwear,Formal,Latitude 54,Marketplace,FC-Central,Swiftline,true,Wrong size,true,Recovered,1,1,120.05,68.9
R002780,OI0017884,O0008737,C004918,P00024,2025-06-21,2025-06-01,2025-07-07,16,Apparel,Outerwear,Brightpath,Marketplace,FC-Central,Swiftline,true,Changed mind,true,Recovered,1,1,21.53,5.95
R002781,OI0017888,O0008740,C004920,P00143,2025-12-08,2025-12-01,2025-12-16,8,Home & Kitchen,Tableware,Mokkan,Web,FC-North,Swiftline,false,Arrived too late,true,Recovered,1,1,21.76,7.78
R002782,OI0017895,O0008742,C004920,P00165,2026-06-20,2026-06-01,2026-06-26,6,Beauty,Haircare,Corda,Web,FC-North,Swiftline,true,Wrong size,true,Recovered,1,1,59.82,39.05
R002783,OI0017928,O0008758,C004928,P00003,2025-06-24,2025-06-01,2025-07-03,9,Apparel,Outerwear,Northvale,Store,Store Pickup,,,Damaged in transit,false,Written off,1,1,32.59,32.59
R002784,OI0017929,O0008758,C004928,P00036,2025-06-24,2025-06-01,2025-07-21,27,Apparel,Dresses,Latitude 54,Store,Store Pickup,,,Changed mind,true,Recovered,1,1,30.25,6.26
R002785,OI0017933,O0008759,C004929,P00113,2025-06-23,2025-06-01,2025-06-28,5,Home & Kitchen,Storage,Mokkan,Web,FC-South,Swiftline,true,Arrived too late,true,Recovered,1,1,53.43,2.57
R002786,OI0017935,O0008760,C004930,P00052,2025-06-23,2025-06-01,2025-07-23,30,Apparel,Dresses,Corda,Mobile App,FC-North,Metro Post,true,Changed mind,true,Recovered,1,1,64.55,40.52
R002787,OI0017948,O0008767,C004932,P00101,2025-11-13,2025-11-01,2025-11-30,17,Electronics,Small Appliances,Corda,Marketplace,FC-Central,Swiftline,true,Wrong size,true,Recovered,1,1,87.73,-9.84
R002788,OI0017949,O0008768,C004933,P00012,2025-06-21,2025-06-01,2025-07-01,10,Apparel,Knitwear,Mokkan,Web,FC-Central,Regional Freight,true,Arrived too late,true,Recovered,1,2,88.93,48.74
R002789,OI0017952,O0008769,C004934,P00024,2025-06-24,2025-06-01,2025-07-20,26,Apparel,Outerwear,Brightpath,Web,FC-North,Metro Post,false,Changed mind,true,Recovered,1,1,34.30,18.72
R002790,OI0017954,O0008771,C004935,P00185,2025-08-06,2025-08-01,2025-08-24,18,Sports & Outdoors,Swim,Puresel,Mobile App,FC-Central,Metro Post,true,Damaged in transit,false,Written off,1,1,224.35,224.35
R002791,OI0017962,O0008774,C004938,P00057,2025-06-23,2025-06-01,2025-07-16,23,Footwear,Trainers,Puresel,Web,FC-South,Regional Freight,false,Changed mind,true,Recovered,1,1,53.97,27.79
R002792,OI0017963,O0008774,C004938,P00182,2025-06-23,2025-06-01,2025-07-16,23,Sports & Outdoors,Cycling,Northvale,Web,FC-South,Regional Freight,false,Damaged in transit,false,Written off,1,1,47.86,47.86
R002793,OI0017966,O0008775,C004939,P00051,2025-06-22,2025-06-01,2025-07-01,9,Apparel,Denim,Corda,Web,FC-North,Metro Post,false,Arrived too late,true,Recovered,1,1,43.18,25.64
R002794,OI0017971,O0008778,C004942,P00017,2025-06-24,2025-06-01,2025-06-30,6,Apparel,Dresses,Corda,Mobile App,FC-South,Swiftline,true,Wrong size,true,Recovered,3,3,82.29,46.68
R002795,OI0017976,O0008779,C004942,P00026,2025-09-03,2025-09-01,2025-09-17,14,Apparel,Dresses,Corda,Web,FC-South,Swiftline,true,Faulty,false,Written off,1,1,34.19,34.19
R002796,OI0017978,O0008780,C004943,P00019,2025-06-23,2025-06-01,2025-07-20,27,Apparel,Tops,Brightpath,Web,FC-North,Metro Post,true,Wrong size,true,Recovered,1,1,65.52,36.16
R002797,OI0017980,O0008781,C004944,P00068,2025-06-26,2025-06-01,2025-07-24,28,Footwear,Sandals,Corda,Marketplace,FC-South,Regional Freight,false,Not as described,true,Recovered,1,1,102.89,61.58
R002798,OI0017982,O0008782,C004944,P00045,2025-07-28,2025-07-01,2025-08-08,11,Apparel,Knitwear,Puresel,Web,FC-South,Regional Freight,true,Damaged in transit,false,Written off,1,1,54.76,54.76
R002799,OI0017988,O0008785,C004945,P00066,2025-12-04,2025-12-01,2025-12-28,24,Footwear,Sandals,Puresel,Web,FC-North,Swiftline,true,Faulty,false,Written off,1,1,111.95,111.95
R002800,OI0017990,O0008786,C004946,P00023,2025-06-26,2025-06-01,2025-07-19,23,Apparel,Tops,Latitude 54,Web,FC-South,Metro Post,true,Wrong size,true,Recovered,4,4,199.40,128.44
R002801,OI0017993,O0008787,C004946,P00019,2025-09-20,2025-09-01,2025-09-27,7,Apparel,Tops,Brightpath,Web,FC-South,Swiftline,true,Not as described,true,Recovered,1,1,65.52,36.16
R002802,OI0017996,O0008788,C004946,P00035,2025-11-08,2025-11-01,2025-11-18,10,Apparel,Outerwear,Northvale,Web,FC-South,Swiftline,true,Damaged in transit,false,Written off,1,1,130.93,130.93
R002803,OI0018003,O0008792,C004948,P00044,2026-01-19,2026-01-01,2026-02-16,28,Apparel,Denim,Corda,Mobile App,FC-South,Regional Freight,true,Wrong size,true,Recovered,1,1,20.90,14.24
R002804,OI0018007,O0008794,C004950,P00041,2025-06-23,2025-06-01,2025-07-22,29,Apparel,Outerwear,Latitude 54,Marketplace,FC-South,Regional Freight,true,Wrong size,true,Recovered,1,1,91.59,32.16
R002805,OI0018018,O0008802,C004954,P00119,2025-06-27,2025-06-01,2025-07-25,28,Home & Kitchen,Storage,Puresel,Mobile App,FC-South,Metro Post,true,Not as described,true,Recovered,1,1,151.51,23.9
R002806,OI0018020,O0008804,C004956,P00028,2025-06-25,2025-06-01,2025-07-15,20,Apparel,Dresses,Mokkan,Marketplace,FC-Central,Regional Freight,true,Changed mind,true,Recovered,1,1,31.99,20.25
R002807,OI0018024,O0008806,C004958,P00024,2025-06-23,2025-06-01,2025-07-20,27,Apparel,Outerwear,Brightpath,Web,FC-Central,Regional Freight,true,Not as described,true,Recovered,1,2,26.04,10.46
R002808,OI0018039,O0008813,C004961,P00134,2025-11-15,2025-11-01,2025-12-03,18,Home & Kitchen,Cookware,Brightpath,Mobile App,FC-South,Swiftline,true,Not as described,true,Recovered,1,1,68.67,27.05
R002809,OI0018041,O0008814,C004961,P00182,2026-01-17,2026-01-01,2026-02-11,25,Sports & Outdoors,Cycling,Northvale,Store,Store Pickup,,,Not as described,true,Recovered,1,1,47.86,20.91
R002810,OI0018046,O0008818,C004962,P00089,2025-10-23,2025-10-01,2025-11-21,29,Electronics,Audio,Corda,Mobile App,FC-South,Swiftline,true,Damaged in transit,false,Written off,1,1,337.55,337.55
R002811,OI0018065,O0008832,C004971,P00026,2025-08-25,2025-08-01,2025-09-09,15,Apparel,Dresses,Corda,Web,FC-Central,Swiftline,true,Changed mind,true,Recovered,1,1,34.19,16.49
R002812,OI0018074,O0008838,C004975,P00140,2025-06-27,2025-06-01,2025-07-10,13,Home & Kitchen,Lighting,Brightpath,Marketplace,FC-South,Regional Freight,true,Faulty,false,Written off,1,1,50.12,50.12
R002813,OI0018087,O0008846,C004980,P00071,2025-06-27,2025-06-01,2025-07-23,26,Footwear,Boots,Puresel,Web,FC-South,Regional Freight,false,Arrived too late,true,Recovered,1,1,122.76,66.8
R002814,OI0018104,O0008854,C004987,P00013,2025-09-25,2025-09-01,2025-10-18,23,Apparel,Dresses,Ellery & Co,Mobile App,FC-South,Regional Freight,false,Arrived too late,true,Recovered,1,1,66.51,41.87
R002815,OI0018110,O0008856,C004988,P00143,2025-06-27,2025-06-01,2025-07-06,9,Home & Kitchen,Tableware,Mokkan,Store,Store Pickup,,,Arrived too late,true,Recovered,1,1,21.76,7.78
R002816,OI0018115,O0008857,C004988,P00043,2025-08-19,2025-08-01,2025-09-10,22,Apparel,Denim,Puresel,Mobile App,FC-Central,Regional Freight,false,Wrong size,true,Recovered,3,3,187.01,73.58
R002817,OI0018120,O0008859,C004990,P00178,2025-06-27,2025-06-01,2025-07-02,5,Sports & Outdoors,Fitness,Corda,Store,Store Pickup,,,Wrong size,true,Recovered,1,1,102.00,-6.27
R002818,OI0018121,O0008859,C004990,P00131,2025-06-27,2025-06-01,2025-06-30,3,Home & Kitchen,Cookware,Mokkan,Store,Store Pickup,,,Changed mind,true,Recovered,1,1,107.23,33.76
R002819,OI0018122,O0008859,C004990,P00064,2025-06-27,2025-06-01,2025-07-17,20,Footwear,Boots,Mokkan,Store,Store Pickup,,,Changed mind,true,Recovered,1,1,74.18,31.54
R002820,OI0018126,O0008863,C004992,P00105,2025-06-29,2025-06-01,2025-07-06,7,Electronics,Wearables,Northvale,Marketplace,FC-South,Metro Post,true,Changed mind,true,Recovered,1,1,393.89,67.79
R002821,OI0018129,O0008865,C004993,P00006,2025-06-27,2025-06-01,2025-07-27,30,Apparel,Denim,Puresel,Marketplace,FC-South,Regional Freight,true,Wrong size,true,Recovered,1,1,31.44,19.56
R002822,OI0018134,O0008868,C004995,P00092,2025-11-11,2025-11-01,2025-12-02,21,Electronics,Accessories,Puresel,Web,FC-Central,Metro Post,true,Arrived too late,true,Recovered,1,1,209.32,27.77
R002823,OI0018145,O0008871,C004995,P00062,2026-05-17,2026-05-01,2026-06-11,25,Footwear,Formal,Latitude 54,Mobile App,FC-Central,Swiftline,true,Faulty,false,Written off,2,2,240.10,240.1
R002824,OI0018153,O0008874,C004997,P00154,2025-07-01,2025-07-01,2025-07-22,21,Beauty,Cosmetics,Ellery & Co,Mobile App,FC-Central,Regional Freight,true,Wrong size,true,Recovered,1,1,31.71,17.3
R002825,OI0018154,O0008875,C004998,P00174,2025-06-27,2025-06-01,2025-07-04,7,Sports & Outdoors,Fitness,Latitude 54,Web,FC-Central,Swiftline,true,Arrived too late,true,Recovered,1,2,211.86,63.76
R002826,OI0018164,O0008880,C005003,P00004,2025-07-02,2025-07-01,2025-07-26,24,Apparel,Knitwear,Puresel,Marketplace,FC-South,Regional Freight,true,Wrong size,true,Recovered,1,1,29.12,15.14
R002827,OI0018168,O0008882,C005005,P00049,2025-06-30,2025-06-01,2025-07-19,19,Apparel,Tops,Brightpath,Mobile App,FC-North,Regional Freight,false,Arrived too late,true,Recovered,1,1,31.56,12.66
R002828,OI0018173,O0008885,C005007,P00059,2025-06-28,2025-06-01,2025-07-11,13,Footwear,Trainers,Latitude 54,Web,FC-South,Regional Freight,true,Changed mind,true,Recovered,1,1,129.93,59.89
R002829,OI0018174,O0008885,C005007,P00002,2025-06-28,2025-06-01,2025-07-20,22,Apparel,Knitwear,Brightpath,Web,FC-South,Regional Freight,true,Not as described,true,Recovered,1,1,71.75,32.89
R002830,OI0018175,O0008886,C005008,P00026,2025-06-29,2025-06-01,2025-07-09,10,Apparel,Dresses,Corda,Marketplace,FC-South,Swiftline,true,Wrong size,true,Recovered,1,1,18.23,0.53
R002831,OI0018180,O0008888,C005009,P00065,2025-07-29,2025-07-01,2025-08-22,24,Footwear,Sandals,Ellery & Co,Store,Store Pickup,,,Wrong size,true,Recovered,1,1,94.68,40.79
R002832,OI0018193,O0008893,C005011,P00052,2025-10-26,2025-10-01,2025-11-06,11,Apparel,Dresses,Corda,Web,FC-Central,Metro Post,true,Not as described,true,Recovered,1,2,50.39,26.36
R002833,OI0018198,O0008896,C005013,P00017,2025-07-01,2025-07-01,2025-07-09,8,Apparel,Dresses,Corda,Mobile App,FC-South,Regional Freight,true,Wrong size,true,Recovered,1,1,27.43,15.56
R002834,OI0018207,O0008900,C005015,P00036,2025-06-29,2025-06-01,2025-07-08,9,Apparel,Dresses,Latitude 54,Mobile App,FC-Central,Regional Freight,true,Wrong size,true,Recovered,1,1,58.60,34.61
R002835,OI0018212,O0008903,C005018,P00058,2025-07-01,2025-07-01,2025-07-31,30,Footwear,Trainers,Brightpath,Mobile App,FC-South,Regional Freight,true,Wrong size,true,Recovered,1,2,81.18,7.13
R002836,OI0018219,O0008905,C005019,P00026,2025-09-08,2025-09-01,2025-09-17,9,Apparel,Dresses,Corda,Web,FC-Central,Swiftline,true,Damaged in transit,false,Written off,1,2,24.17,24.17
R002837,OI0018226,O0008909,C005022,P00155,2025-07-02,2025-07-01,2025-07-21,19,Beauty,Fragrance,Latitude 54,Mobile App,FC-South,Regional Freight,true,Wrong size,true,Recovered,1,1,44.92,28.64
R002838,OI0018231,O0008910,C005023,P00079,2025-06-30,2025-06-01,2025-07-23,23,Footwear,Sandals,Mokkan,Store,Store Pickup,,,Changed mind,true,Recovered,1,2,56.03,11.26
R002839,OI0018243,O0008917,C005026,P00077,2025-06-30,2025-06-01,2025-07-13,13,Footwear,Boots,Ellery & Co,Marketplace,FC-Central,Metro Post,true,Wrong size,true,Recovered,1,1,105.21,64.29
R002840,OI0018248,O0008921,C005029,P00019,2025-12-21,2025-12-01,2025-12-31,10,Apparel,Tops,Brightpath,Web,FC-South,Regional Freight,true,Wrong size,true,Recovered,3,3,143.61,55.53
R002841,OI0018261,O0008927,C005034,P00009,2025-12-30,2025-12-01,2026-01-10,11,Apparel,Outerwear,Mokkan,Web,FC-South,Metro Post,true,Changed mind,true,Recovered,3,3,221.16,127.68
R002842,OI0018267,O0008929,C005035,P00051,2025-08-12,2025-08-01,2025-09-07,26,Apparel,Denim,Corda,Web,FC-North,Swiftline,true,Not as described,true,Recovered,1,1,43.18,25.64
R002843,OI0018269,O0008931,C005037,P00113,2025-07-05,2025-07-01,2025-07-20,15,Home & Kitchen,Storage,Mokkan,Web,FC-North,Swiftline,false,Damaged in transit,false,Written off,1,1,84.42,84.42
R002844,OI0018275,O0008935,C005039,P00113,2025-10-16,2025-10-01,2025-11-16,31,Home & Kitchen,Storage,Mokkan,Mobile App,FC-South,Metro Post,false,Damaged in transit,false,Written off,1,1,55.32,55.32
R002845,OI0018287,O0008941,C005042,P00136,2025-07-05,2025-07-01,2025-08-11,37,Home & Kitchen,Cookware,Latitude 54,Mobile App,FC-South,Swiftline,false,Not as described,true,Recovered,1,1,16.57,-1.64
R002846,OI0018289,O0008941,C005042,P00050,2025-07-05,2025-07-01,2025-08-06,32,Apparel,Knitwear,Brightpath,Mobile App,FC-South,Swiftline,false,Changed mind,true,Recovered,1,1,116.54,66.67
R002847,OI0018293,O0008943,C005044,P00060,2025-07-03,2025-07-01,2025-07-08,5,Footwear,Formal,Corda,Mobile App,FC-Central,Regional Freight,true,Changed mind,true,Recovered,1,2,139.31,73.37
R002848,OI0018306,O0008951,C005047,P00176,2025-07-05,2025-07-01,2025-07-27,22,Sports & Outdoors,Cycling,Ellery & Co,Marketplace,FC-South,Metro Post,false,Not as described,true,Recovered,1,1,169.90,91.53
R002849,OI0018307,O0008951,C005047,P00171,2025-07-05,2025-07-01,2025-07-18,13,Sports & Outdoors,Cycling,Ellery & Co,Marketplace,FC-South,Metro Post,false,Changed mind,true,Recovered,1,1,49.39,7.27
R002850,OI0018318,O0008955,C005049,P00055,2025-11-07,2025-11-01,2025-11-18,11,Footwear,Trainers,Ellery & Co,Web,FC-South,Swiftline,true,Faulty,false,Written off,1,1,40.68,40.68
R002851,OI0018323,O0008957,C005050,P00059,2025-07-03,2025-07-01,2025-07-26,23,Footwear,Trainers,Latitude 54,Mobile App,FC-North,Swiftline,true,Wrong size,true,Recovered,1,1,95.51,25.47
R002852,OI0018328,O0008959,C005050,P00007,2026-01-16,2026-01-01,2026-02-04,19,Apparel,Denim,Northvale,Store,Store Pickup,,,Not as described,true,Recovered,1,2,116.94,69.72
R002853,OI0018329,O0008960,C005050,P00084,2026-02-03,2026-02-01,2026-03-03,28,Electronics,Wearables,Corda,Mobile App,FC-North,Swiftline,true,Changed mind,true,Recovered,1,1,148.26,-23.73
R002854,OI0018342,O0008964,C005051,P00009,2025-11-26,2025-11-01,2025-12-12,16,Apparel,Outerwear,Mokkan,Marketplace,FC-South,Regional Freight,false,Arrived too late,true,Recovered,1,1,73.72,42.56
R002855,OI0018343,O0008964,C005051,P00062,2025-11-26,2025-11-01,2025-12-27,31,Footwear,Formal,Latitude 54,Marketplace,FC-South,Regional Freight,false,Changed mind,true,Recovered,1,1,120.05,68.9
R002856,OI0018347,O0008967,C005053,P00031,2025-07-06,2025-07-01,2025-07-22,16,Apparel,Dresses,Brightpath,Store,Store Pickup,,,Wrong size,true,Recovered,1,1,90.94,53.45
R002857,OI0018351,O0008968,C005054,P00086,2025-07-05,2025-07-01,2025-07-16,11,Electronics,Audio,Brightpath,Web,FC-North,Swiftline,true,Changed mind,true,Recovered,1,1,263.09,52.07
R002858,OI0018363,O0008973,C005055,P00136,2026-05-26,2026-05-01,2026-06-02,7,Home & Kitchen,Cookware,Latitude 54,Marketplace,FC-South,Regional Freight,false,Arrived too late,true,Recovered,1,1,29.59,11.38
R002859,OI0018367,O0008976,C005058,P00097,2025-07-06,2025-07-01,2025-08-05,30,Electronics,Audio,Corda,Mobile App,FC-South,Regional Freight,false,Changed mind,true,Recovered,1,1,260.61,39.34
R002860,OI0018375,O0008980,C005059,P00014,2025-09-15,2025-09-01,2025-09-21,6,Apparel,Dresses,Corda,Mobile App,FC-South,Swiftline,true,Wrong size,true,Recovered,1,1,63.61,26.33
R002861,OI0018378,O0008982,C005060,P00035,2025-07-07,2025-07-01,2025-08-06,30,Apparel,Outerwear,Northvale,Web,FC-South,Regional Freight,true,Wrong size,true,Recovered,1,2,131.59,67.13
R002862,OI0018382,O0008984,C005061,P00142,2025-07-07,2025-07-01,2025-07-22,15,Home & Kitchen,Cookware,Northvale,Mobile App,FC-Central,Metro Post,false,Wrong size,true,Recovered,1,1,138.70,62.84
R002863,OI0018388,O0008988,C005065,P00120,2025-07-08,2025-07-01,2025-07-24,16,Home & Kitchen,Lighting,Northvale,Marketplace,FC-South,Regional Freight,false,Arrived too late,true,Recovered,1,1,97.95,40.64
R002864,OI0018392,O0008989,C005066,P00065,2025-07-07,2025-07-01,2025-07-19,12,Footwear,Sandals,Ellery & Co,Marketplace,FC-South,Metro Post,false,Changed mind,true,Recovered,1,1,75.96,22.07
R002865,OI0018395,O0008990,C005067,P00046,2025-07-05,2025-07-01,2025-07-29,24,Apparel,Dresses,Brightpath,Marketplace,FC-South,Swiftline,true,Changed mind,true,Recovered,1,1,117.17,66.09
R002866,OI0018400,O0008994,C005069,P00126,2025-07-06,2025-07-01,2025-07-22,16,Home & Kitchen,Bedding,Puresel,Web,FC-South,Swiftline,true,Arrived too late,true,Recovered,1,1,33.23,10.45
R002867,OI0018401,O0008994,C005069,P00099,2025-07-06,2025-07-01,2025-07-23,17,Electronics,Small Appliances,Latitude 54,Web,FC-South,Swiftline,true,Wrong size,true,Recovered,1,1,472.93,111.03
R002868,OI0018417,O0009002,C005075,P00001,2025-07-09,2025-07-01,2025-07-27,18,Apparel,Dresses,Latitude 54,Mobile App,FC-Central,Swiftline,true,Wrong size,true,Recovered,1,1,38.97,24.82
R002869,OI0018423,O0009006,C005078,P00129,2025-07-08,2025-07-01,2025-08-08,31,Home & Kitchen,Cookware,Ellery & Co,Mobile App,FC-South,Regional Freight,false,Damaged in transit,false,Written off,1,1,51.34,51.34
R002870,OI0018426,O0009007,C005079,P00024,2025-07-10,2025-07-01,2025-07-15,5,Apparel,Outerwear,Brightpath,Web,FC-Central,Metro Post,false,Arrived too late,true,Recovered,1,1,35.49,19.91
R002871,OI0018431,O0009009,C005079,P00013,2025-11-16,2025-11-01,2025-12-20,34,Apparel,Dresses,Ellery & Co,Web,FC-Central,Regional Freight,false,Arrived too late,true,Recovered,1,1,66.51,41.87
R002872,OI0018432,O0009009,C005079,P00172,2025-11-16,2025-11-01,2025-12-21,35,Sports & Outdoors,Fitness,Ellery & Co,Web,FC-Central,Regional Freight,false,Wrong size,true,Recovered,1,1,82.93,32.23
R002873,OI0018444,O0009016,C005085,P00131,2025-08-29,2025-08-01,2025-09-20,22,Home & Kitchen,Cookware,Mokkan,Store,Store Pickup,,,Changed mind,true,Recovered,1,1,107.23,33.76
R002874,OI0018452,O0009019,C005085,P00072,2026-06-29,2026-06-01,2026-07-29,30,Footwear,Sandals,Brightpath,Mobile App,FC-Central,Regional Freight,false,Changed mind,true,Recovered,1,1,58.95,35.37
R002875,OI0018454,O0009021,C005086,P00066,2025-08-22,2025-08-01,2025-09-08,17,Footwear,Sandals,Puresel,Store,Store Pickup,,,Changed mind,true,Recovered,1,1,111.95,63.02
R002876,OI0018458,O0009023,C005087,P00170,2025-07-09,2025-07-01,2025-07-31,22,Sports & Outdoors,Cycling,Corda,Web,FC-Central,Regional Freight,true,Changed mind,true,Recovered,1,1,186.94,66.37
R002877,OI0018459,O0009023,C005087,P00178,2025-07-09,2025-07-01,2025-07-13,4,Sports & Outdoors,Fitness,Corda,Web,FC-Central,Regional Freight,true,Changed mind,true,Recovered,1,1,226.66,118.39
R002878,OI0018461,O0009024,C005087,P00176,2025-08-23,2025-08-01,2025-09-15,23,Sports & Outdoors,Cycling,Ellery & Co,Mobile App,FC-Central,Metro Post,true,Wrong size,true,Recovered,2,2,310.24,153.5
R002879,OI0018464,O0009025,C005087,P00174,2025-10-23,2025-10-01,2025-11-18,26,Sports & Outdoors,Fitness,Latitude 54,Mobile App,FC-Central,Regional Freight,true,Changed mind,true,Recovered,1,1,175.31,27.21
R002880,OI0018466,O0009027,C005088,P00051,2025-07-09,2025-07-01,2025-07-21,12,Apparel,Denim,Corda,Web,FC-Central,Metro Post,true,Damaged in transit,false,Written off,1,1,43.18,43.18
R002881,OI0018475,O0009032,C005092,P00024,2025-07-10,2025-07-01,2025-07-31,21,Apparel,Outerwear,Brightpath,Web,FC-North,Metro Post,true,Wrong size,true,Recovered,2,2,70.98,39.82
R002882,OI0018480,O0009033,C005092,P00140,2025-09-09,2025-09-01,2025-10-01,22,Home & Kitchen,Lighting,Brightpath,Web,FC-North,Swiftline,true,Wrong size,true,Recovered,1,1,50.12,20.5
R002883,OI0018485,O0009035,C005094,P00046,2025-07-08,2025-07-01,2025-07-21,13,Apparel,Dresses,Brightpath,Web,FC-Central,Swiftline,true,Wrong size,true,Recovered,1,1,117.17,66.09
R002884,OI0018498,O0009043,C005096,P00071,2026-02-06,2026-02-01,2026-02-21,15,Footwear,Boots,Puresel,Mobile App,FC-Central,Swiftline,true,Not as described,true,Recovered,2,2,245.52,133.6
R002885,OI0018503,O0009048,C005099,P00022,2025-07-07,2025-07-01,2025-07-17,10,Apparel,Knitwear,Northvale,Mobile App,FC-South,Regional Freight,false,Wrong size,true,Recovered,1,1,25.24,10.55
R002886,OI0018505,O0009048,C005099,P00030,2025-07-07,2025-07-01,2025-07-29,22,Apparel,Denim,Latitude 54,Mobile App,FC-South,Regional Freight,false,Not as described,true,Recovered,3,3,264.55,137.11
R002887,OI0018514,O0009051,C005101,P00075,2025-08-12,2025-08-01,2025-08-26,14,Footwear,Formal,Latitude 54,Mobile App,FC-Central,Swiftline,true,Wrong size,true,Recovered,1,1,41.45,15.03
R002888,OI0018521,O0009055,C005103,P00121,2025-07-12,2025-07-01,2025-08-08,27,Home & Kitchen,Tableware,Mokkan,Mobile App,FC-South,Regional Freight,true,Not as described,true,Recovered,1,1,95.77,22.65
R002889,OI0018531,O0009058,C005105,P00155,2025-07-09,2025-07-01,2025-08-04,26,Beauty,Fragrance,Latitude 54,Mobile App,FC-Central,Swiftline,true,Changed mind,true,Recovered,1,1,37.11,20.83
R002890,OI0018532,O0009059,C005106,P00038,2025-07-10,2025-07-01,2025-08-01,22,Apparel,Dresses,Ellery & Co,Mobile App,FC-South,Regional Freight,true,Not as described,true,Recovered,1,1,42.29,4.35
R002891,OI0018533,O0009059,C005106,P00174,2025-07-10,2025-07-01,2025-07-31,21,Sports & Outdoors,Fitness,Latitude 54,Mobile App,FC-South,Regional Freight,true,Changed mind,true,Recovered,1,1,211.86,63.76
R002892,OI0018539,O0009063,C005108,P00003,2026-03-11,2026-03-01,2026-04-05,25,Apparel,Outerwear,Northvale,Mobile App,FC-Central,Metro Post,true,Changed mind,true,Recovered,1,1,32.59,18.9
R002893,OI0018545,O0009066,C005110,P00048,2025-07-10,2025-07-01,2025-07-20,10,Apparel,Dresses,Latitude 54,Mobile App,FC-South,Metro Post,true,Not as described,true,Recovered,1,1,122.50,66.99
R002894,OI0018547,O0009066,C005110,P00049,2025-07-10,2025-07-01,2025-07-18,8,Apparel,Tops,Brightpath,Mobile App,FC-South,Metro Post,true,Changed mind,true,Recovered,1,1,34.26,15.36
R002895,OI0018567,O0009073,C005115,P00025,2025-07-11,2025-07-01,2025-08-06,26,Apparel,Outerwear,Corda,Mobile App,FC-Central,Swiftline,false,Faulty,false,Written off,1,1,125.94,125.94
R002896,OI0018568,O0009074,C005116,P00034,2025-07-10,2025-07-01,2025-07-19,9,Apparel,Dresses,Latitude 54,Store,Store Pickup,,,Arrived too late,true,Recovered,2,2,67.68,24.44
R002897,OI0018573,O0009077,C005118,P00051,2025-07-13,2025-07-01,2025-07-24,11,Apparel,Denim,Corda,Web,FC-South,Swiftline,true,Wrong size,true,Recovered,2,2,86.36,51.28
R002898,OI0018581,O0009081,C005119,P00059,2025-10-22,2025-10-01,2025-10-28,6,Footwear,Trainers,Latitude 54,Web,FC-Central,Regional Freight,true,Changed mind,true,Recovered,1,1,62.52,-7.52
R002899,OI0018585,O0009083,C005120,P00044,2025-10-25,2025-10-01,2025-11-18,24,Apparel,Denim,Corda,Web,FC-Central,Swiftline,true,Damaged in transit,false,Written off,1,1,19.11,19.11
R002900,OI0018586,O0009083,C005120,P00111,2025-10-25,2025-10-01,2025-11-14,20,Home & Kitchen,Storage,Brightpath,Web,FC-Central,Swiftline,true,Changed mind,true,Recovered,1,1,166.13,69.96
R002901,OI0018597,O0009086,C005121,P00133,2025-11-27,2025-11-01,2025-12-11,14,Home & Kitchen,Cookware,Latitude 54,Web,FC-Central,Metro Post,true,Wrong size,true,Recovered,1,1,184.72,74.35
R002902,OI0018601,O0009089,C005122,P00022,2025-07-26,2025-07-01,2025-08-01,6,Apparel,Knitwear,Northvale,Mobile App,FC-South,Regional Freight,true,Wrong size,true,Recovered,1,1,36.39,21.7
R002903,OI0018615,O0009096,C005127,P00054,2025-10-23,2025-10-01,2025-11-06,14,Footwear,Sandals,Mokkan,Mobile App,FC-North,Metro Post,true,Arrived too late,true,Recovered,1,1,49.96,20.45
R002904,OI0018624,O0009099,C005129,P00125,2025-07-12,2025-07-01,2025-08-10,29,Home & Kitchen,Lighting,Latitude 54,Marketplace,FC-North,Regional Freight,true,Wrong size,true,Recovered,1,1,100.06,34.99
R002905,OI0018650,O0009109,C005130,P00023,2026-06-27,2026-06-01,2026-07-16,19,Apparel,Tops,Latitude 54,Mobile App,FC-South,Regional Freight,false,Wrong size,true,Recovered,2,2,46.69,11.21
R002906,OI0018655,O0009110,C005131,P00063,2025-07-13,2025-07-01,2025-08-04,22,Footwear,Formal,Northvale,Marketplace,FC-Central,Regional Freight,true,Wrong size,true,Recovered,1,1,36.53,19.86
R002907,OI0018666,O0009115,C005134,P00021,2025-09-14,2025-09-01,2025-10-11,27,Apparel,Denim,Northvale,Mobile App,FC-North,Metro Post,true,Not as described,true,Recovered,1,1,28.08,6.92
R002908,OI0018673,O0009118,C005137,P00037,2025-07-14,2025-07-01,2025-08-06,23,Apparel,Tops,Brightpath,Web,FC-North,Swiftline,true,Damaged in transit,false,Written off,1,2,116.64,116.64
R002909,OI0018677,O0009120,C005138,P00051,2025-07-13,2025-07-01,2025-08-08,26,Apparel,Denim,Corda,Mobile App,FC-Central,Regional Freight,true,Faulty,false,Written off,1,1,43.18,43.18
R002910,OI0018685,O0009124,C005139,P00077,2025-07-15,2025-07-01,2025-07-27,12,Footwear,Boots,Ellery & Co,Store,Store Pickup,,,Changed mind,true,Recovered,1,1,105.21,64.29
R002911,OI0018687,O0009124,C005139,P00081,2025-07-15,2025-07-01,2025-08-05,21,Electronics,Wearables,Mokkan,Store,Store Pickup,,,Changed mind,true,Recovered,1,1,380.68,14.75
R002912,OI0018692,O0009127,C005139,P00092,2026-01-09,2026-01-01,2026-02-03,25,Electronics,Accessories,Puresel,Marketplace,FC-Central,Swiftline,true,Arrived too late,true,Recovered,1,1,119.94,-61.61
R002913,OI0018706,O0009136,C005143,P00171,2025-08-22,2025-08-01,2025-09-12,21,Sports & Outdoors,Cycling,Ellery & Co,Web,FC-Central,Swiftline,true,Wrong size,true,Recovered,1,1,68.19,26.07
R002914,OI0018709,O0009137,C005143,P00147,2025-10-20,2025-10-01,2025-11-11,22,Beauty,Haircare,Mokkan,Web,FC-Central,Metro Post,true,Changed mind,true,Recovered,1,1,66.12,36.55
R002915,OI0018712,O0009139,C005144,P00174,2025-07-16,2025-07-01,2025-07-23,7,Sports & Outdoors,Fitness,Latitude 54,Mobile App,FC-South,Regional Freight,true,Wrong size,true,Recovered,1,1,211.86,63.76
R002916,OI0018718,O0009143,C005145,P00091,2025-08-22,2025-08-01,2025-09-13,22,Electronics,Small Appliances,Mokkan,Mobile App,FC-South,Regional Freight,true,Not as described,true,Recovered,1,1,437.76,86.34
R002917,OI0018722,O0009144,C005145,P00096,2025-10-14,2025-10-01,2025-10-30,16,Electronics,Accessories,Mokkan,Marketplace,FC-South,Regional Freight,true,Changed mind,true,Recovered,1,2,448.18,43.2
R002918,OI0018725,O0009145,C005145,P00132,2025-11-22,2025-11-01,2025-12-18,26,Home & Kitchen,Cookware,Ellery & Co,Web,FC-South,Regional Freight,true,Changed mind,true,Recovered,1,1,68.52,28.64
R002919,OI0018728,O0009146,C005145,P00101,2025-12-25,2025-12-01,2026-01-12,18,Electronics,Small Appliances,Corda,Web,FC-South,Regional Freight,false,Arrived too late,true,Recovered,1,1,112.24,14.67
R002920,OI0018733,O0009148,C005146,P00088,2025-08-11,2025-08-01,2025-08-22,11,Electronics,Audio,Mokkan,Web,FC-South,Regional Freight,false,Arrived too late,true,Recovered,1,1,273.60,-25.67
R002921,OI0018735,O0009149,C005146,P00081,2025-10-08,2025-10-01,2025-11-04,27,Electronics,Wearables,Mokkan,Web,FC-South,Metro Post,true,Not as described,true,Recovered,1,1,425.20,59.27
R002922,OI0018742,O0009154,C005150,P00064,2025-07-15,2025-07-01,2025-08-09,25,Footwear,Boots,Mokkan,Marketplace,FC-Central,Metro Post,true,Wrong size,true,Recovered,1,1,93.30,50.66
R002923,OI0018743,O0009154,C005150,P00067,2025-07-15,2025-07-01,2025-07-30,15,Footwear,Sandals,Corda,Marketplace,FC-Central,Metro Post,true,Wrong size,true,Recovered,1,1,78.15,46.73
R002924,OI0018745,O0009155,C005151,P00073,2025-07-13,2025-07-01,2025-07-22,9,Footwear,Boots,Brightpath,Web,FC-Central,Metro Post,true,Wrong size,true,Recovered,1,1,79.76,41.34
R002925,OI0018752,O0009158,C005152,P00177,2025-10-06,2025-10-01,2025-11-01,26,Sports & Outdoors,Cycling,Latitude 54,Store,Store Pickup,,,Damaged in transit,false,Written off,1,1,168.04,168.04
R002926,OI0018753,O0009158,C005152,P00081,2025-10-06,2025-10-01,2025-10-27,21,Electronics,Wearables,Mokkan,Store,Store Pickup,,,Not as described,true,Recovered,1,1,410.66,44.73
R002927,OI0018769,O0009165,C005157,P00187,2025-07-15,2025-07-01,2025-08-04,20,Sports & Outdoors,Camping,Puresel,Web,FC-Central,Swiftline,true,Changed mind,true,Recovered,2,2,293.25,83.91
R002928,OI0018772,O0009166,C005158,P00046,2025-07-16,2025-07-01,2025-08-16,31,Apparel,Dresses,Brightpath,Mobile App,FC-Central,Regional Freight,true,Changed mind,true,Recovered,1,1,114.45,63.37
R002929,OI0018781,O0009169,C005160,P00190,2025-07-14,2025-07-01,2025-07-23,9,Sports & Outdoors,Cycling,Puresel,Mobile App,FC-Central,Metro Post,true,Changed mind,true,Recovered,2,2,379.80,169.5
R002930,OI0018804,O0009179,C005164,P00039,2025-07-18,2025-07-01,2025-08-13,26,Apparel,Outerwear,Latitude 54,Web,FC-North,Swiftline,true,Not as described,true,Recovered,1,1,25.56,14.18
R002931,OI0018805,O0009179,C005164,P00091,2025-07-18,2025-07-01,2025-07-24,6,Electronics,Small Appliances,Mokkan,Web,FC-North,Swiftline,true,Wrong size,true,Recovered,1,1,437.76,86.34
R002932,OI0018833,O0009197,C005173,P00014,2025-07-20,2025-07-01,2025-08-06,17,Apparel,Dresses,Corda,Marketplace,FC-South,Swiftline,true,Wrong size,true,Recovered,1,1,87.12,49.84
R002933,OI0018834,O0009198,C005174,P00005,2025-07-17,2025-07-01,2025-08-07,21,Apparel,Knitwear,Ellery & Co,Web,FC-North,Swiftline,true,Damaged in transit,false,Written off,1,1,51.99,51.99
R002934,OI0018838,O0009199,C005175,P00015,2025-07-18,2025-07-01,2025-08-09,22,Apparel,Tops,Corda,Web,FC-North,Metro Post,true,Damaged in transit,false,Written off,1,2,39.80,39.8
R002935,OI0018840,O0009200,C005176,P00047,2025-07-17,2025-07-01,2025-08-01,15,Apparel,Dresses,Puresel,Marketplace,FC-Central,Regional Freight,true,Changed mind,true,Recovered,1,1,95.89,50.64
R002936,OI0018861,O0009212,C005183,P00021,2025-07-17,2025-07-01,2025-08-20,34,Apparel,Denim,Northvale,Marketplace,FC-South,Regional Freight,false,Arrived too late,true,Recovered,1,1,52.72,31.56
R002937,OI0018865,O0009214,C005183,P00007,2025-09-06,2025-09-01,2025-09-17,11,Apparel,Denim,Northvale,Mobile App,FC-South,Metro Post,true,Changed mind,true,Recovered,1,1,116.94,69.72
R002938,OI0018866,O0009214,C005183,P00049,2025-09-06,2025-09-01,2025-10-04,28,Apparel,Tops,Brightpath,Mobile App,FC-South,Metro Post,true,Not as described,true,Recovered,1,1,45.89,26.99
R002939,OI0018877,O0009219,C005187,P00033,2025-07-20,2025-07-01,2025-08-14,25,Apparel,Denim,Northvale,Marketplace,FC-Central,Swiftline,true,Wrong size,true,Recovered,1,1,44.67,26.8
R002940,OI0018878,O0009219,C005187,P00015,2025-07-20,2025-07-01,2025-08-05,16,Apparel,Tops,Corda,Marketplace,FC-Central,Swiftline,true,Not as described,true,Recovered,1,1,45.70,19.03
R002941,OI0018886,O0009224,C005192,P00033,2025-07-22,2025-07-01,2025-08-11,20,Apparel,Denim,Northvale,Web,FC-South,Regional Freight,true,Changed mind,true,Recovered,1,1,44.67,26.8
R002942,OI0018887,O0009225,C005193,P00054,2025-07-22,2025-07-01,2025-08-15,24,Footwear,Sandals,Mokkan,Mobile App,FC-North,Metro Post,true,Not as described,true,Recovered,1,1,59.52,30.01
R002943,OI0018891,O0009227,C005193,P00057,2025-08-25,2025-08-01,2025-09-16,22,Footwear,Trainers,Puresel,Web,FC-North,Swiftline,true,Changed mind,true,Recovered,1,1,55.82,29.64
R002944,OI0018906,O0009235,C005200,P00069,2025-07-20,2025-07-01,2025-08-13,24,Footwear,Sandals,Brightpath,Mobile App,FC-Central,Metro Post,false,Arrived too late,true,Recovered,1,1,148.15,87.94
R002945,OI0018907,O0009235,C005200,P00100,2025-07-20,2025-07-01,2025-08-20,31,Electronics,Accessories,Latitude 54,Mobile App,FC-Central,Metro Post,false,Changed mind,true,Recovered,1,1,386.68,55.19
R002946,OI0018912,O0009237,C005201,P00187,2025-10-01,2025-10-01,2025-10-13,12,Sports & Outdoors,Camping,Puresel,Web,FC-Central,Regional Freight,true,Not as described,true,Recovered,1,1,164.80,60.13
R002947,OI0018918,O0009239,C005202,P00065,2025-09-29,2025-09-01,2025-10-14,15,Footwear,Sandals,Ellery & Co,Mobile App,FC-South,Regional Freight,true,Not as described,true,Recovered,1,1,55.45,1.56
R002948,OI0018925,O0009242,C005203,P00063,2025-10-15,2025-10-01,2025-11-10,26,Footwear,Formal,Northvale,Store,Store Pickup,,,Changed mind,true,Recovered,1,1,33.09,16.42
R002949,OI0018929,O0009243,C005203,P00009,2025-12-16,2025-12-01,2026-01-14,29,Apparel,Outerwear,Mokkan,Marketplace,FC-South,Swiftline,true,Arrived too late,true,Recovered,1,1,73.72,42.56
R002950,OI0018942,O0009249,C005205,P00051,2026-01-02,2026-01-01,2026-01-18,16,Apparel,Denim,Corda,Mobile App,FC-South,Metro Post,true,Wrong size,true,Recovered,1,1,43.18,25.64
R002951,OI0018944,O0009250,C005206,P00189,2025-07-21,2025-07-01,2025-08-02,12,Sports & Outdoors,Camping,Brightpath,Web,FC-South,Regional Freight,false,Damaged in transit,false,Written off,1,1,180.08,180.08
R002952,OI0018947,O0009253,C005208,P00181,2025-10-06,2025-10-01,2025-10-26,20,Sports & Outdoors,Camping,Ellery & Co,Web,FC-South,Regional Freight,false,Arrived too late,true,Recovered,1,1,235.91,102.9
R002953,OI0018950,O0009256,C005210,P00074,2025-07-20,2025-07-01,2025-07-25,5,Footwear,Trainers,Puresel,Web,FC-North,Swiftline,true,Damaged in transit,false,Written off,1,1,128.17,128.17
R002954,OI0018958,O0009259,C005211,P00027,2025-07-23,2025-07-01,2025-07-31,8,Apparel,Outerwear,Mokkan,Mobile App,FC-South,Regional Freight,true,Damaged in transit,false,Written off,1,1,23.39,23.39
R002955,OI0018960,O0009261,C005212,P00067,2025-10-08,2025-10-01,2025-10-24,16,Footwear,Sandals,Corda,Web,FC-North,Metro Post,true,Not as described,true,Recovered,1,1,78.15,46.73
R002956,OI0018966,O0009264,C005214,P00004,2025-07-24,2025-07-01,2025-08-12,19,Apparel,Knitwear,Puresel,Mobile App,FC-North,Metro Post,true,Wrong size,true,Recovered,1,1,33.94,19.96
R002957,OI0018972,O0009267,C005217,P00039,2025-07-20,2025-07-01,2025-08-01,12,Apparel,Outerwear,Latitude 54,Store,Store Pickup,,,Faulty,false,Written off,1,1,16.50,16.5
R002958,OI0018975,O0009270,C005218,P00032,2025-10-10,2025-10-01,2025-11-07,28,Apparel,Outerwear,Mokkan,Store,Store Pickup,,,Wrong size,true,Recovered,1,1,34.46,22.06
R002959,OI0018976,O0009270,C005218,P00002,2025-10-10,2025-10-01,2025-10-22,12,Apparel,Knitwear,Brightpath,Store,Store Pickup,,,Wrong size,true,Recovered,1,1,81.68,42.82
R002960,OI0018983,O0009273,C005218,P00170,2026-06-26,2026-06-01,2026-07-08,12,Sports & Outdoors,Cycling,Corda,Marketplace,FC-South,Regional Freight,true,Changed mind,true,Recovered,1,3,216.26,95.69
R002961,OI0018994,O0009278,C005223,P00053,2025-07-23,2025-07-01,2025-08-19,27,Apparel,Tops,Latitude 54,Store,Store Pickup,,,Changed mind,true,Recovered,1,1,103.71,65.68
R002962,OI0019008,O0009285,C005226,P00069,2026-06-08,2026-06-01,2026-06-27,19,Footwear,Sandals,Brightpath,Web,FC-South,Swiftline,true,Changed mind,true,Recovered,2,2,296.30,175.88
R002963,OI0019014,O0009288,C005229,P00007,2025-07-21,2025-07-01,2025-08-12,22,Apparel,Denim,Northvale,Mobile App,FC-Central,Metro Post,true,Wrong size,true,Recovered,1,1,114.36,67.14
R002964,OI0019028,O0009295,C005232,P00106,2025-08-31,2025-08-01,2025-09-25,25,Electronics,Accessories,Ellery & Co,Marketplace,FC-North,Metro Post,true,Faulty,false,Written off,1,1,104.67,104.67
R002965,OI0019051,O0009304,C005237,P00144,2025-07-26,2025-07-01,2025-08-31,36,Home & Kitchen,Cookware,Puresel,Web,FC-Central,Regional Freight,false,Damaged in transit,false,Written off,2,2,348.00,348.0
R002966,OI0019062,O0009309,C005239,P00006,2025-08-23,2025-08-01,2025-09-10,18,Apparel,Denim,Puresel,Web,FC-North,Swiftline,true,Not as described,true,Recovered,1,1,31.44,19.56
R002967,OI0019074,O0009317,C005244,P00054,2025-07-25,2025-07-01,2025-08-25,31,Footwear,Sandals,Mokkan,Marketplace,FC-South,Metro Post,false,Changed mind,true,Recovered,1,1,59.52,30.01
R002968,OI0019077,O0009317,C005244,P00041,2025-07-25,2025-07-01,2025-08-23,29,Apparel,Outerwear,Latitude 54,Marketplace,FC-South,Metro Post,false,Not as described,true,Recovered,2,2,169.84,50.98
R002969,OI0019086,O0009321,C005248,P00032,2025-07-27,2025-07-01,2025-08-23,27,Apparel,Outerwear,Mokkan,Store,Store Pickup,,,Not as described,true,Recovered,1,1,22.63,10.23
R002970,OI0019090,O0009323,C005250,P00031,2025-07-23,2025-07-01,2025-08-01,9,Apparel,Dresses,Brightpath,Web,FC-Central,Swiftline,true,Wrong size,true,Recovered,1,1,74.19,36.7
R002971,OI0019096,O0009326,C005253,P00055,2025-07-27,2025-07-01,2025-08-15,19,Footwear,Trainers,Ellery & Co,Mobile App,FC-Central,Regional Freight,true,Changed mind,true,Recovered,1,1,30.79,11.65
R002972,OI0019097,O0009326,C005253,P00067,2025-07-27,2025-07-01,2025-08-05,9,Footwear,Sandals,Corda,Mobile App,FC-Central,Regional Freight,true,Not as described,true,Recovered,2,2,93.06,30.22
R002973,OI0019099,O0009327,C005253,P00067,2025-10-09,2025-10-01,2025-10-23,14,Footwear,Sandals,Corda,Store,Store Pickup,,,Wrong size,true,Recovered,1,1,47.55,16.13
R002974,OI0019103,O0009329,C005254,P00167,2025-07-24,2025-07-01,2025-08-06,13,Beauty,Fragrance,Latitude 54,Store,Store Pickup,,,Wrong size,true,Recovered,1,1,59.63,38.5
R002975,OI0019110,O0009334,C005258,P00068,2025-09-10,2025-09-01,2025-10-08,28,Footwear,Sandals,Corda,Mobile App,FC-North,Swiftline,true,Not as described,true,Recovered,1,1,88.83,47.52
R002976,OI0019114,O0009335,C005258,P00079,2025-10-12,2025-10-01,2025-10-17,5,Footwear,Sandals,Mokkan,Marketplace,FC-North,Regional Freight,true,Not as described,true,Recovered,1,2,41.86,-2.91
R002977,OI0019132,O0009344,C005262,P00161,2025-08-19,2025-08-01,2025-09-03,15,Beauty,Fragrance,Northvale,Web,FC-South,Metro Post,true,Damaged in transit,false,Written off,1,1,61.46,61.46
R002978,OI0019133,O0009345,C005263,P00118,2025-07-26,2025-07-01,2025-08-13,18,Home & Kitchen,Tableware,Ellery & Co,Web,FC-South,Swiftline,true,Not as described,true,Recovered,1,1,26.40,11.23
R002979,OI0019134,O0009346,C005264,P00054,2025-07-25,2025-07-01,2025-08-13,19,Footwear,Sandals,Mokkan,Mobile App,FC-Central,Metro Post,true,Changed mind,true,Recovered,1,1,35.38,5.87
R002980,OI0019137,O0009347,C005264,P00051,2025-11-15,2025-11-01,2025-12-23,38,Apparel,Denim,Corda,Web,FC-Central,Regional Freight,false,Arrived too late,true,Recovered,1,1,43.18,25.64
R002981,OI0019167,O0009364,C005273,P00013,2025-07-25,2025-07-01,2025-08-02,8,Apparel,Dresses,Ellery & Co,Web,FC-South,Regional Freight,true,Not as described,true,Recovered,1,1,66.51,41.87
R002982,OI0019172,O0009365,C005274,P00083,2025-07-28,2025-07-01,2025-08-08,11,Electronics,Audio,Mokkan,Mobile App,FC-Central,Metro Post,true,Arrived too late,true,Recovered,1,1,103.49,18.71
R002983,OI0019173,O0009365,C005274,P00004,2025-07-28,2025-07-01,2025-08-08,11,Apparel,Knitwear,Puresel,Mobile App,FC-Central,Metro Post,true,Damaged in transit,false,Written off,1,1,33.94,33.94
R002984,OI0019181,O0009371,C005276,P00002,2025-07-25,2025-07-01,2025-08-03,9,Apparel,Knitwear,Brightpath,Mobile App,FC-South,Swiftline,true,Wrong size,true,Recovered,1,1,81.68,42.82
R002985,OI0019193,O0009375,C005279,P00108,2025-07-29,2025-07-01,2025-08-17,19,Electronics,Audio,Ellery & Co,Store,Store Pickup,,,Arrived too late,true,Recovered,1,1,119.88,19.77
R002986,OI0019212,O0009381,C005282,P00076,2025-10-01,2025-10-01,2025-10-12,11,Footwear,Trainers,Puresel,Web,FC-South,Regional Freight,true,Not as described,true,Recovered,1,1,79.45,45.17
R002987,OI0019213,O0009381,C005282,P00066,2025-10-01,2025-10-01,2025-10-26,25,Footwear,Sandals,Puresel,Web,FC-South,Regional Freight,true,Not as described,true,Recovered,1,1,111.95,63.02
R002988,OI0019218,O0009385,C005284,P00089,2025-09-08,2025-09-01,2025-09-30,22,Electronics,Audio,Corda,Marketplace,FC-North,Metro Post,false,Damaged in transit,false,Written off,1,1,337.55,337.55
R002989,OI0019231,O0009390,C005286,P00123,2026-03-02,2026-03-01,2026-03-16,14,Home & Kitchen,Lighting,Northvale,Mobile App,FC-Central,Regional Freight,true,Damaged in transit,false,Written off,1,1,135.84,135.84
R002990,OI0019242,O0009396,C005289,P00126,2026-02-14,2026-02-01,2026-03-12,26,Home & Kitchen,Bedding,Puresel,Marketplace,FC-North,Swiftline,true,Changed mind,true,Recovered,1,1,33.23,10.45
R002991,OI0019243,O0009397,C005290,P00127,2025-07-29,2025-07-01,2025-08-23,25,Home & Kitchen,Cookware,Latitude 54,Mobile App,FC-South,Regional Freight,false,Wrong size,true,Recovered,1,1,194.09,77.14
R002992,OI0019245,O0009398,C005291,P00058,2025-07-28,2025-07-01,2025-08-27,30,Footwear,Trainers,Brightpath,Mobile App,FC-North,Metro Post,true,Wrong size,true,Recovered,1,1,156.81,82.76
R002993,OI0019249,O0009400,C005292,P00037,2025-07-28,2025-07-01,2025-08-24,27,Apparel,Tops,Brightpath,Store,Store Pickup,,,Not as described,true,Recovered,1,1,110.05,59.44
R002994,OI0019251,O0009401,C005292,P00143,2025-12-14,2025-12-01,2025-12-28,14,Home & Kitchen,Tableware,Mokkan,Mobile App,FC-South,Metro Post,true,Wrong size,true,Recovered,1,1,18.50,4.52
R002995,OI0019258,O0009404,C005294,P00124,2025-07-28,2025-07-01,2025-08-10,13,Home & Kitchen,Bedding,Latitude 54,Store,Store Pickup,,,Arrived too late,true,Recovered,1,1,30.80,16.1
R002996,OI0019284,O0009416,C005300,P00041,2025-07-28,2025-07-01,2025-08-06,9,Apparel,Outerwear,Latitude 54,Web,FC-North,Metro Post,true,Damaged in transit,false,Written off,4,4,331.11,331.11
R002997,OI0019286,O0009417,C005301,P00056,2025-07-28,2025-07-01,2025-08-18,21,Footwear,Sandals,Puresel,Store,Store Pickup,,,Arrived too late,true,Recovered,1,1,105.15,60.28
R002998,OI0019293,O0009422,C005302,P00061,2025-10-31,2025-10-01,2025-11-14,14,Footwear,Trainers,Northvale,Mobile App,FC-North,Swiftline,true,Changed mind,true,Recovered,2,2,88.56,50.26
R002999,OI0019300,O0009425,C005304,P00065,2025-07-30,2025-07-01,2025-08-08,9,Footwear,Sandals,Ellery & Co,Web,FC-South,Swiftline,false,Wrong size,true,Recovered,1,1,48.37,-5.52
R003000,OI0019301,O0009426,C005305,P00044,2025-08-01,2025-08-01,2025-08-11,10,Apparel,Denim,Corda,Mobile App,FC-North,Swiftline,false,Wrong size,true,Recovered,1,1,20.90,14.24
R003001,OI0019312,O0009432,C005307,P00006,2025-09-26,2025-09-01,2025-10-06,10,Apparel,Denim,Puresel,Mobile App,FC-Central,Metro Post,true,Wrong size,true,Recovered,2,2,62.88,39.12
R003002,OI0019325,O0009438,C005310,P00044,2025-11-13,2025-11-01,2025-11-30,17,Apparel,Denim,Corda,Mobile App,FC-South,Regional Freight,false,Changed mind,true,Recovered,1,1,20.90,14.24
R003003,OI0019329,O0009439,C005310,P00034,2026-01-18,2026-01-01,2026-02-13,26,Apparel,Dresses,Latitude 54,Web,FC-South,Metro Post,true,Changed mind,true,Recovered,2,2,83.58,40.34
R003004,OI0019330,O0009439,C005310,P00002,2026-01-18,2026-01-01,2026-02-19,32,Apparel,Knitwear,Brightpath,Web,FC-South,Metro Post,true,Changed mind,true,Recovered,1,1,64.10,25.24
R003005,OI0019336,O0009441,C005310,P00029,2026-04-16,2026-04-01,2026-05-02,16,Apparel,Knitwear,Puresel,Web,FC-South,Regional Freight,true,Not as described,true,Recovered,2,2,232.14,139.6
R003006,OI0019346,O0009446,C005313,P00181,2026-01-10,2026-01-01,2026-01-31,21,Sports & Outdoors,Camping,Ellery & Co,Web,FC-South,Metro Post,true,Wrong size,true,Recovered,1,1,235.91,102.9
R003007,OI0019351,O0009449,C005316,P00093,2025-07-29,2025-07-01,2025-08-20,22,Electronics,Audio,Puresel,Mobile App,FC-South,Metro Post,true,Wrong size,true,Recovered,1,1,152.15,10.23
R003008,OI0019352,O0009449,C005316,P00025,2025-07-29,2025-07-01,2025-08-28,30,Apparel,Outerwear,Corda,Mobile App,FC-South,Metro Post,true,Changed mind,true,Recovered,1,1,125.94,77.04
R003009,OI0019355,O0009450,C005316,P00011,2025-09-14,2025-09-01,2025-10-12,28,Apparel,Outerwear,Northvale,Mobile App,FC-South,Regional Freight,false,Faulty,false,Written off,1,1,112.90,112.9
R003010,OI0019356,O0009450,C005316,P00051,2025-09-14,2025-09-01,2025-09-30,16,Apparel,Denim,Corda,Mobile App,FC-South,Regional Freight,false,Changed mind,true,Recovered,2,2,86.36,51.28
R003011,OI0019363,O0009455,C005318,P00073,2026-02-08,2026-02-01,2026-03-09,29,Footwear,Boots,Brightpath,Web,FC-Central,Regional Freight,true,Changed mind,true,Recovered,1,1,79.76,41.34
R003012,OI0019368,O0009458,C005319,P00174,2025-07-29,2025-07-01,2025-08-17,19,Sports & Outdoors,Fitness,Latitude 54,Web,FC-South,Swiftline,true,Faulty,false,Written off,1,1,172.88,172.88
R003013,OI0019375,O0009462,C005323,P00154,2025-08-01,2025-08-01,2025-08-18,17,Beauty,Cosmetics,Ellery & Co,Web,FC-North,Swiftline,false,Changed mind,true,Recovered,1,1,33.98,19.57
R003014,OI0019380,O0009464,C005324,P00029,2025-10-16,2025-10-01,2025-11-05,20,Apparel,Knitwear,Puresel,Marketplace,FC-South,Metro Post,false,Not as described,true,Recovered,1,1,116.07,69.8
R003015,OI0019393,O0009468,C005326,P00045,2025-11-03,2025-11-01,2025-11-21,18,Apparel,Knitwear,Puresel,Mobile App,FC-South,Metro Post,true,Changed mind,true,Recovered,1,1,70.92,41.49
R003016,OI0019409,O0009476,C005331,P00014,2026-01-06,2026-01-01,2026-01-16,10,Apparel,Dresses,Corda,Mobile App,FC-South,Regional Freight,false,Wrong size,true,Recovered,1,1,73.06,35.78
R003017,OI0019410,O0009476,C005331,P00042,2026-01-06,2026-01-01,2026-01-23,17,Apparel,Knitwear,Latitude 54,Mobile App,FC-South,Regional Freight,false,Wrong size,true,Recovered,1,1,92.31,52.29
R003018,OI0019412,O0009477,C005332,P00074,2025-07-31,2025-07-01,2025-08-10,10,Footwear,Trainers,Puresel,Web,FC-Central,Metro Post,true,Not as described,true,Recovered,1,1,128.17,80.38
R003019,OI0019415,O0009478,C005332,P00144,2025-09-09,2025-09-01,2025-09-19,10,Home & Kitchen,Cookware,Puresel,Store,Store Pickup,,,Wrong size,true,Recovered,1,1,174.00,63.49
R003020,OI0019418,O0009479,C005333,P00034,2025-08-02,2025-08-01,2025-08-19,17,Apparel,Dresses,Latitude 54,Mobile App,FC-North,Metro Post,true,Not as described,true,Recovered,1,1,30.18,8.56
R003021,OI0019419,O0009480,C005333,P00063,2025-08-28,2025-08-01,2025-09-14,17,Footwear,Formal,Northvale,Store,Store Pickup,,,Wrong size,true,Recovered,1,1,36.53,19.86
R003022,OI0019420,O0009480,C005333,P00025,2025-08-28,2025-08-01,2025-09-19,22,Apparel,Outerwear,Corda,Store,Store Pickup,,,Arrived too late,true,Recovered,1,1,107.29,58.39
R003023,OI0019425,O0009482,C005333,P00078,2025-11-28,2025-11-01,2025-12-28,30,Footwear,Sandals,Corda,Web,FC-North,Swiftline,true,Wrong size,true,Recovered,1,1,128.93,67.91
R003024,OI0019426,O0009482,C005333,P00033,2025-11-28,2025-11-01,2025-12-15,17,Apparel,Denim,Northvale,Web,FC-North,Swiftline,true,Faulty,false,Written off,1,2,44.67,44.67
R003025,OI0019429,O0009483,C005333,P00054,2025-12-18,2025-12-01,2026-01-07,20,Footwear,Sandals,Mokkan,Web,FC-North,Metro Post,true,Changed mind,true,Recovered,1,1,52.62,23.11
R003026,OI0019430,O0009484,C005334,P00067,2025-08-03,2025-08-01,2025-08-26,23,Footwear,Sandals,Corda,Mobile App,FC-South,Swiftline,true,Wrong size,true,Recovered,1,1,78.15,46.73
R003027,OI0019432,O0009484,C005334,P00038,2025-08-03,2025-08-01,2025-08-26,23,Apparel,Dresses,Ellery & Co,Mobile App,FC-South,Swiftline,true,Changed mind,true,Recovered,1,1,61.75,23.81
R003028,OI0019469,O0009501,C005343,P00025,2025-12-08,2025-12-01,2025-12-16,8,Apparel,Outerwear,Corda,Web,FC-Central,Metro Post,true,Faulty,false,Written off,1,1,125.94,125.94
R003029,OI0019470,O0009501,C005343,P00063,2025-12-08,2025-12-01,2025-12-14,6,Footwear,Formal,Northvale,Web,FC-Central,Metro Post,true,Changed mind,true,Recovered,1,1,33.81,17.14
R003030,OI0019475,O0009503,C005344,P00014,2025-09-12,2025-09-01,2025-10-12,30,Apparel,Dresses,Corda,Mobile App,FC-South,Regional Freight,true,Wrong size,true,Recovered,2,2,174.24,99.68
R003031,OI0019483,O0009506,C005346,P00155,2025-08-03,2025-08-01,2025-08-15,12,Beauty,Fragrance,Latitude 54,Marketplace,FC-North,Metro Post,true,Changed mind,true,Recovered,1,1,33.75,17.47
R003032,OI0019503,O0009516,C005353,P00037,2025-09-06,2025-09-01,2025-09-24,18,Apparel,Tops,Brightpath,Marketplace,FC-Central,Metro Post,true,Changed mind,true,Recovered,3,3,349.92,198.09
R003033,OI0019510,O0009519,C005355,P00132,2025-09-09,2025-09-01,2025-10-03,24,Home & Kitchen,Cookware,Ellery & Co,Mobile App,FC-North,Swiftline,true,Wrong size,true,Recovered,1,1,68.52,28.64
R003034,OI0019523,O0009525,C005359,P00148,2025-08-05,2025-08-01,2025-08-09,4,Beauty,Haircare,Brightpath,Mobile App,FC-South,Regional Freight,true,Wrong size,true,Recovered,1,1,75.06,44.03
R003035,OI0019533,O0009529,C005361,P00043,2025-10-11,2025-10-01,2025-10-26,15,Apparel,Denim,Puresel,Web,FC-Central,Metro Post,false,Faulty,false,Written off,1,1,107.20,107.2
R003036,OI0019536,O0009530,C005361,P00018,2025-12-06,2025-12-01,2025-12-20,14,Apparel,Denim,Latitude 54,Store,Store Pickup,,,Wrong size,true,Recovered,1,1,62.01,35.68
R003037,OI0019543,O0009533,C005362,P00075,2025-11-22,2025-11-01,2025-11-29,7,Footwear,Formal,Latitude 54,Mobile App,FC-Central,Metro Post,true,Wrong size,true,Recovered,3,3,155.22,75.96
R003038,OI0019547,O0009535,C005364,P00008,2025-08-06,2025-08-01,2025-08-18,12,Apparel,Tops,Brightpath,Store,Store Pickup,,,Changed mind,true,Recovered,1,2,83.50,53.57
R003039,OI0019553,O0009537,C005366,P00018,2025-08-03,2025-08-01,2025-08-17,14,Apparel,Denim,Latitude 54,Mobile App,FC-Central,Swiftline,true,Damaged in transit,false,Written off,2,2,98.00,98.0
R003040,OI0019571,O0009547,C005374,P00060,2025-08-04,2025-08-01,2025-08-12,8,Footwear,Formal,Corda,Store,Store Pickup,,,Damaged in transit,false,Written off,1,1,99.89,99.89
R003041,OI0019574,O0009549,C005375,P00051,2025-08-06,2025-08-01,2025-08-21,15,Apparel,Denim,Corda,Mobile App,FC-North,Swiftline,true,Changed mind,true,Recovered,1,1,38.19,20.65
R003042,OI0019577,O0009551,C005377,P00072,2025-08-08,2025-08-01,2025-08-20,12,Footwear,Sandals,Brightpath,Marketplace,FC-South,Regional Freight,false,Arrived too late,true,Recovered,1,1,29.86,6.28
R003043,OI0019578,O0009551,C005377,P00059,2025-08-08,2025-08-01,2025-09-10,33,Footwear,Trainers,Latitude 54,Marketplace,FC-South,Regional Freight,false,Not as described,true,Recovered,1,1,129.93,59.89
R003044,OI0019582,O0009552,C005378,P00018,2025-08-06,2025-08-01,2025-08-14,8,Apparel,Denim,Latitude 54,Mobile App,FC-Central,Metro Post,true,Faulty,false,Written off,1,1,62.01,62.01
R003045,OI0019585,O0009555,C005380,P00069,2025-08-04,2025-08-01,2025-08-23,19,Footwear,Sandals,Brightpath,Marketplace,FC-North,Metro Post,true,Wrong size,true,Recovered,1,1,148.15,87.94
R003046,OI0019591,O0009558,C005382,P00011,2025-08-07,2025-08-01,2025-09-01,25,Apparel,Outerwear,Northvale,Web,FC-Central,Regional Freight,true,Wrong size,true,Recovered,1,1,108.69,57.49
R003047,OI0019596,O0009560,C005384,P00115,2025-08-05,2025-08-01,2025-09-03,29,Home & Kitchen,Lighting,Puresel,Web,FC-North,Swiftline,true,Changed mind,true,Recovered,1,1,110.04,39.41
R003048,OI0019599,O0009562,C005386,P00036,2025-08-05,2025-08-01,2025-08-18,13,Apparel,Dresses,Latitude 54,Web,FC-North,Swiftline,true,Wrong size,true,Recovered,1,4,67.23,43.24
R003049,OI0019605,O0009567,C005387,P00085,2026-03-19,2026-03-01,2026-04-13,25,Electronics,Wearables,Ellery & Co,Web,FC-Central,Metro Post,true,Changed mind,true,Recovered,1,1,166.79,20.36
R003050,OI0019606,O0009567,C005387,P00175,2026-03-19,2026-03-01,2026-03-22,3,Sports & Outdoors,Camping,Ellery & Co,Web,FC-Central,Metro Post,true,Changed mind,true,Recovered,1,2,241.41,113.18
R003051,OI0019611,O0009570,C005389,P00050,2025-10-24,2025-10-01,2025-11-06,13,Apparel,Knitwear,Brightpath,Marketplace,FC-South,Regional Freight,true,Changed mind,true,Recovered,1,1,116.54,66.67
R003052,OI0019617,O0009573,C005390,P00183,2025-09-29,2025-09-01,2025-10-17,18,Sports & Outdoors,Fitness,Ellery & Co,Web,FC-South,Swiftline,true,Arrived too late,true,Recovered,1,1,274.44,126.16
R003053,OI0019624,O0009576,C005393,P00057,2025-08-06,2025-08-01,2025-08-14,8,Footwear,Trainers,Puresel,Web,FC-Central,Swiftline,true,Changed mind,true,Recovered,1,2,51.51,25.33
R003054,OI0019626,O0009577,C005394,P00156,2025-08-08,2025-08-01,2025-08-18,10,Beauty,Skincare,Mokkan,Mobile App,FC-North,Swiftline,false,Damaged in transit,false,Written off,1,1,17.16,17.16
R003055,OI0019629,O0009578,C005395,P00016,2025-08-06,2025-08-01,2025-09-05,30,Apparel,Knitwear,Brightpath,Web,FC-Central,Swiftline,true,Wrong size,true,Recovered,1,2,48.05,26.32
R003056,OI0019653,O0009591,C005403,P00146,2025-08-08,2025-08-01,2025-09-08,31,Beauty,Fragrance,Mokkan,Marketplace,FC-Central,Regional Freight,false,Not as described,true,Recovered,1,1,34.88,19.06
R003057,OI0019655,O0009591,C005403,P00030,2025-08-08,2025-08-01,2025-08-22,14,Apparel,Denim,Latitude 54,Marketplace,FC-Central,Regional Freight,false,Damaged in transit,false,Written off,1,1,99.97,99.97
R003058,OI0019660,O0009592,C005404,P00157,2025-08-06,2025-08-01,2025-08-21,15,Beauty,Cosmetics,Ellery & Co,Web,FC-Central,Regional Freight,true,Changed mind,true,Recovered,1,1,19.98,12.97
R003059,OI0019661,O0009593,C005405,P00075,2025-08-10,2025-08-01,2025-08-21,11,Footwear,Formal,Latitude 54,Mobile App,FC-South,Regional Freight,true,Wrong size,true,Recovered,3,3,91.11,11.85
R003060,OI0019662,O0009593,C005405,P00078,2025-08-10,2025-08-01,2025-08-14,4,Footwear,Sandals,Corda,Mobile App,FC-South,Regional Freight,true,Changed mind,true,Recovered,3,3,386.79,203.73
R003061,OI0019682,O0009604,C005411,P00090,2025-10-21,2025-10-01,2025-11-02,12,Electronics,Audio,Corda,Web,FC-South,Regional Freight,false,Not as described,true,Recovered,1,1,290.67,47.51
R003062,OI0019685,O0009605,C005412,P00181,2025-08-07,2025-08-01,2025-08-19,12,Sports & Outdoors,Camping,Ellery & Co,Web,FC-South,Regional Freight,true,Faulty,false,Written off,1,1,235.91,235.91
R003063,OI0019686,O0009606,C005413,P00057,2025-08-07,2025-08-01,2025-08-30,23,Footwear,Trainers,Puresel,Marketplace,FC-South,Regional Freight,true,Wrong size,true,Recovered,1,1,65.94,39.76
R003064,OI0019708,O0009614,C005417,P00039,2025-08-09,2025-08-01,2025-08-15,6,Apparel,Outerwear,Latitude 54,Mobile App,FC-South,Metro Post,true,Wrong size,true,Recovered,1,1,19.01,7.63
R003065,OI0019713,O0009616,C005418,P00067,2025-08-09,2025-08-01,2025-09-06,28,Footwear,Sandals,Corda,Web,FC-South,Regional Freight,true,Changed mind,true,Recovered,2,2,156.30,93.46
R003066,OI0019714,O0009617,C005418,P00072,2026-02-11,2026-02-01,2026-03-11,28,Footwear,Sandals,Brightpath,Mobile App,FC-South,Swiftline,false,Arrived too late,true,Recovered,1,1,58.95,35.37
R003067,OI0019715,O0009618,C005418,P00044,2026-04-19,2026-04-01,2026-05-18,29,Apparel,Denim,Corda,Mobile App,FC-South,Metro Post,false,Arrived too late,true,Recovered,1,1,20.90,14.24
R003068,OI0019717,O0009619,C005419,P00022,2025-08-07,2025-08-01,2025-08-28,21,Apparel,Knitwear,Northvale,Web,FC-South,Metro Post,true,Changed mind,true,Recovered,2,2,76.31,46.93
R003069,OI0019721,O0009620,C005420,P00025,2025-08-10,2025-08-01,2025-09-09,30,Apparel,Outerwear,Corda,Web,FC-Central,Metro Post,true,Wrong size,true,Recovered,1,1,125.94,77.04
R003070,OI0019722,O0009620,C005420,P00013,2025-08-10,2025-08-01,2025-08-31,21,Apparel,Dresses,Ellery & Co,Web,FC-Central,Metro Post,true,Arrived too late,true,Recovered,1,1,58.02,33.38
R003071,OI0019723,O0009620,C005420,P00035,2025-08-10,2025-08-01,2025-09-08,29,Apparel,Outerwear,Northvale,Web,FC-Central,Metro Post,true,Wrong size,true,Recovered,1,1,131.59,67.13
R003072,OI0019728,O0009623,C005421,P00119,2025-09-26,2025-09-01,2025-10-28,32,Home & Kitchen,Storage,Puresel,Web,FC-South,Regional Freight,true,Changed mind,true,Recovered,1,1,192.22,64.61
R003073,OI0019743,O0009633,C005427,P00025,2025-10-20,2025-10-01,2025-11-16,27,Apparel,Outerwear,Corda,Web,FC-North,Swiftline,true,Changed mind,true,Recovered,1,1,101.92,53.02
R003074,OI0019747,O0009634,C005427,P00063,2026-02-15,2026-02-01,2026-03-16,29,Footwear,Formal,Northvale,Mobile App,FC-North,Regional Freight,true,Damaged in transit,false,Written off,1,1,36.53,36.53
R003075,OI0019757,O0009640,C005428,P00068,2025-12-24,2025-12-01,2026-01-01,8,Footwear,Sandals,Corda,Mobile App,FC-North,Regional Freight,true,Wrong size,true,Recovered,1,1,106.66,65.35
R003076,OI0019760,O0009641,C005429,P00012,2025-08-11,2025-08-01,2025-08-26,15,Apparel,Knitwear,Mokkan,Marketplace,FC-South,Regional Freight,true,Changed mind,true,Recovered,4,4,355.72,194.96
R003077,OI0019769,O0009644,C005429,P00073,2026-06-26,2026-06-01,2026-07-22,26,Footwear,Boots,Brightpath,Mobile App,FC-South,Metro Post,false,Wrong size,true,Recovered,1,1,79.76,41.34
R003078,OI0019770,O0009644,C005429,P00057,2026-06-26,2026-06-01,2026-07-06,10,Footwear,Trainers,Puresel,Mobile App,FC-South,Metro Post,false,Changed mind,true,Recovered,1,1,65.94,39.76
R003079,OI0019772,O0009646,C005430,P00030,2025-10-12,2025-10-01,2025-11-11,30,Apparel,Denim,Latitude 54,Marketplace,FC-Central,Swiftline,true,Arrived too late,true,Recovered,1,1,99.97,57.49
R003080,OI0019774,O0009647,C005430,P00120,2025-12-09,2025-12-01,2025-12-19,10,Home & Kitchen,Lighting,Northvale,Mobile App,FC-Central,Swiftline,true,Not as described,true,Recovered,1,1,97.95,40.64
R003081,OI0019786,O0009654,C005431,P00074,2026-03-23,2026-03-01,2026-04-02,10,Footwear,Trainers,Puresel,Mobile App,FC-Central,Swiftline,true,Not as described,true,Recovered,1,1,128.17,80.38
R003082,OI0019790,O0009654,C005431,P00080,2026-03-23,2026-03-01,2026-04-04,12,Footwear,Sandals,Ellery & Co,Mobile App,FC-Central,Swiftline,true,Changed mind,true,Recovered,2,2,99.54,52.94
R003083,OI0019791,O0009655,C005432,P00080,2025-08-11,2025-08-01,2025-09-03,23,Footwear,Sandals,Ellery & Co,Mobile App,FC-Central,Metro Post,true,Not as described,true,Recovered,1,1,49.77,26.47
R003084,OI0019795,O0009656,C005433,P00012,2025-08-11,2025-08-01,2025-09-04,24,Apparel,Knitwear,Mokkan,Web,FC-Central,Swiftline,true,Damaged in transit,false,Written off,1,1,88.93,88.93
R003085,OI0019799,O0009656,C005433,P00042,2025-08-11,2025-08-01,2025-09-06,26,Apparel,Knitwear,Latitude 54,Web,FC-Central,Swiftline,true,Faulty,false,Written off,1,2,98.30,98.3
R003086,OI0019800,O0009657,C005434,P00155,2025-08-12,2025-08-01,2025-09-03,22,Beauty,Fragrance,Latitude 54,Marketplace,FC-South,Metro Post,false,Arrived too late,true,Recovered,1,1,44.92,28.64
R003087,OI0019803,O0009658,C005435,P00172,2025-08-12,2025-08-01,2025-08-23,11,Sports & Outdoors,Fitness,Ellery & Co,Web,FC-South,Regional Freight,false,Damaged in transit,false,Written off,3,3,281.37,281.37
R003088,OI0019821,O0009665,C005440,P00071,2025-08-09,2025-08-01,2025-08-17,8,Footwear,Boots,Puresel,Mobile App,FC-Central,Metro Post,true,Changed mind,true,Recovered,1,1,89.04,33.08
R003089,OI0019823,O0009667,C005441,P00132,2025-08-10,2025-08-01,2025-08-20,10,Home & Kitchen,Cookware,Ellery & Co,Web,FC-Central,Metro Post,true,Changed mind,true,Recovered,1,1,68.52,28.64
R003090,OI0019831,O0009668,C005442,P00173,2025-08-12,2025-08-01,2025-08-29,17,Sports & Outdoors,Swim,Mokkan,Marketplace,FC-Central,Regional Freight,true,Changed mind,true,Recovered,1,1,71.10,29.42
R003091,OI0019836,O0009671,C005444,P00039,2025-10-11,2025-10-01,2025-10-17,6,Apparel,Outerwear,Latitude 54,Store,Store Pickup,,,Wrong size,true,Recovered,1,1,25.56,14.18
R003092,OI0019853,O0009679,C005447,P00136,2025-10-14,2025-10-01,2025-10-26,12,Home & Kitchen,Cookware,Latitude 54,Web,FC-Central,Swiftline,true,Not as described,true,Recovered,1,1,29.49,11.28
R003093,OI0019855,O0009680,C005447,P00172,2025-11-18,2025-11-01,2025-12-14,26,Sports & Outdoors,Fitness,Ellery & Co,Web,FC-Central,Metro Post,true,Changed mind,true,Recovered,2,2,165.88,64.48
R003094,OI0019859,O0009682,C005448,P00051,2025-08-11,2025-08-01,2025-08-18,7,Apparel,Denim,Corda,Store,Store Pickup,,,Changed mind,true,Recovered,1,1,43.18,25.64
R003095,OI0019867,O0009685,C005449,P00001,2025-11-23,2025-11-01,2025-12-15,22,Apparel,Dresses,Latitude 54,Store,Store Pickup,,,Faulty,false,Written off,1,1,25.32,25.32
R003096,OI0019896,O0009702,C005456,P00066,2025-08-14,2025-08-01,2025-08-19,5,Footwear,Sandals,Puresel,Mobile App,FC-Central,Swiftline,true,Not as described,true,Recovered,1,1,111.95,63.02
R003097,OI0019899,O0009704,C005457,P00117,2025-10-21,2025-10-01,2025-10-29,8,Home & Kitchen,Bedding,Ellery & Co,Store,Store Pickup,,,Damaged in transit,false,Written off,1,2,121.30,121.3
R003098,OI0019908,O0009708,C005459,P00067,2025-08-12,2025-08-01,2025-08-24,12,Footwear,Sandals,Corda,Web,FC-Central,Regional Freight,false,Changed mind,true,Recovered,1,1,78.15,46.73
R003099,OI0019911,O0009709,C005459,P00134,2026-04-13,2026-04-01,2026-04-19,6,Home & Kitchen,Cookware,Brightpath,Store,Store Pickup,,,Changed mind,true,Recovered,1,1,58.56,16.94
R003100,OI0019927,O0009718,C005464,P00012,2025-11-11,2025-11-01,2025-11-21,10,Apparel,Knitwear,Mokkan,Mobile App,FC-Central,Metro Post,true,Wrong size,true,Recovered,4,4,313.92,153.16
R003101,OI0019938,O0009723,C005468,P00114,2025-09-07,2025-09-01,2025-09-24,17,Home & Kitchen,Bedding,Puresel,Web,FC-Central,Swiftline,true,Faulty,false,Written off,1,1,86.40,86.4
R003102,OI0019939,O0009723,C005468,P00065,2025-09-07,2025-09-01,2025-09-12,5,Footwear,Sandals,Ellery & Co,Web,FC-Central,Swiftline,true,Changed mind,true,Recovered,1,1,65.92,12.03
R003103,OI0019944,O0009725,C005470,P00110,2025-08-13,2025-08-01,2025-08-22,9,Electronics,Small Appliances,Puresel,Web,FC-North,Metro Post,true,Arrived too late,true,Recovered,1,1,411.22,59.84
R003104,OI0019951,O0009728,C005470,P00093,2026-02-16,2026-02-01,2026-03-06,18,Electronics,Audio,Puresel,Mobile App,FC-North,Swiftline,true,Damaged in transit,false,Written off,1,1,161.57,161.57
R003105,OI0019953,O0009729,C005470,P00083,2026-03-20,2026-03-01,2026-04-03,14,Electronics,Audio,Mokkan,Web,FC-North,Metro Post,true,Changed mind,true,Recovered,1,1,103.49,18.71
R003106,OI0019972,O0009738,C005476,P00108,2025-08-13,2025-08-01,2025-08-28,15,Electronics,Audio,Ellery & Co,Store,Store Pickup,,,Changed mind,true,Recovered,4,4,479.52,79.08
R003107,OI0019973,O0009738,C005476,P00035,2025-08-13,2025-08-01,2025-09-01,19,Apparel,Outerwear,Northvale,Store,Store Pickup,,,Damaged in transit,false,Written off,1,1,131.59,131.59
R003108,OI0019977,O0009740,C005477,P00050,2025-08-21,2025-08-01,2025-08-28,7,Apparel,Knitwear,Brightpath,Web,FC-Central,Swiftline,false,Wrong size,true,Recovered,2,2,202.73,102.99
R003109,OI0019978,O0009740,C005477,P00023,2025-08-21,2025-08-01,2025-08-29,8,Apparel,Tops,Latitude 54,Web,FC-Central,Swiftline,false,Arrived too late,true,Recovered,1,1,42.62,24.88
R003110,OI0019986,O0009745,C005482,P00074,2025-08-14,2025-08-01,2025-08-19,5,Footwear,Trainers,Puresel,Mobile App,FC-South,Regional Freight,false,Arrived too late,true,Recovered,1,3,93.26,45.47
R003111,OI0019988,O0009745,C005482,P00175,2025-08-14,2025-08-01,2025-08-28,14,Sports & Outdoors,Camping,Ellery & Co,Mobile App,FC-South,Regional Freight,false,Wrong size,true,Recovered,1,1,176.57,48.34
R003112,OI0019996,O0009749,C005484,P00016,2025-08-16,2025-08-01,2025-09-11,26,Apparel,Knitwear,Brightpath,Web,FC-North,Metro Post,true,Wrong size,true,Recovered,1,1,39.41,17.68
R003113,OI0020006,O0009755,C005488,P00129,2025-08-17,2025-08-01,2025-08-22,5,Home & Kitchen,Cookware,Ellery & Co,Web,FC-North,Metro Post,true,Not as described,true,Recovered,1,1,59.96,19.8
R003114,OI0020024,O0009764,C005493,P00149,2026-01-23,2026-01-01,2026-02-14,22,Beauty,Fragrance,Mokkan,Mobile App,FC-South,Metro Post,false,Wrong size,true,Recovered,1,1,72.73,46.16
R003115,OI0020025,O0009764,C005493,P00061,2026-01-23,2026-01-01,2026-02-06,14,Footwear,Trainers,Northvale,Mobile App,FC-South,Metro Post,false,Wrong size,true,Recovered,1,1,44.28,25.13
R003116,OI0020031,O0009768,C005494,P00001,2026-04-19,2026-04-01,2026-04-25,6,Apparel,Dresses,Latitude 54,Web,FC-Central,Metro Post,true,Faulty,false,Written off,4,4,136.72,136.72
R003117,OI0020033,O0009768,C005494,P00032,2026-04-19,2026-04-01,2026-05-12,23,Apparel,Outerwear,Mokkan,Web,FC-Central,Metro Post,true,Changed mind,true,Recovered,1,1,34.46,22.06
R003118,OI0020043,O0009772,C005496,P00003,2026-01-03,2026-01-01,2026-01-15,12,Apparel,Outerwear,Northvale,Store,Store Pickup,,,Changed mind,true,Recovered,1,1,32.59,18.9
R003119,OI0020048,O0009774,C005497,P00174,2025-08-18,2025-08-01,2025-08-25,7,Sports & Outdoors,Fitness,Latitude 54,Marketplace,FC-South,Regional Freight,false,Changed mind,true,Recovered,1,1,211.86,63.76
R003120,OI0020049,O0009774,C005497,P00190,2025-08-18,2025-08-01,2025-08-28,10,Sports & Outdoors,Cycling,Puresel,Marketplace,FC-South,Regional Freight,false,Wrong size,true,Recovered,1,1,189.90,84.75
R003121,OI0020061,O0009779,C005500,P00027,2025-08-16,2025-08-01,2025-08-30,14,Apparel,Outerwear,Mokkan,Web,FC-South,Regional Freight,false,Arrived too late,true,Recovered,1,1,31.13,17.81
R003122,OI0020064,O0009780,C005500,P00022,2025-10-09,2025-10-01,2025-11-03,25,Apparel,Knitwear,Northvale,Store,Store Pickup,,,Arrived too late,true,Recovered,1,1,40.61,25.92
R003123,OI0020074,O0009785,C005501,P00079,2026-02-26,2026-02-01,2026-03-12,14,Footwear,Sandals,Mokkan,Marketplace,FC-South,Metro Post,false,Changed mind,true,Recovered,2,2,135.48,45.94
R003124,OI0020078,O0009787,C005503,P00119,2025-08-19,2025-08-01,2025-09-01,13,Home & Kitchen,Storage,Puresel,Web,FC-North,Metro Post,true,Faulty,false,Written off,1,1,192.22,192.22
R003125,OI0020102,O0009797,C005510,P00028,2025-08-19,2025-08-01,2025-08-21,2,Apparel,Dresses,Mokkan,Store,Store Pickup,,,Not as described,true,Recovered,1,2,27.44,15.7
R003126,OI0020104,O0009798,C005511,P00079,2025-08-18,2025-08-01,2025-08-22,4,Footwear,Sandals,Mokkan,Store,Store Pickup,,,Faulty,false,Written off,1,1,47.68,47.68
R003127,OI0020107,O0009800,C005512,P00177,2025-09-28,2025-09-01,2025-10-17,19,Sports & Outdoors,Cycling,Latitude 54,Mobile App,FC-South,Regional Freight,true,Wrong size,true,Recovered,1,1,203.26,44.75
R003128,OI0020125,O0009808,C005516,P00037,2025-08-20,2025-08-01,2025-09-08,19,Apparel,Tops,Brightpath,Web,FC-South,Regional Freight,true,Wrong size,true,Recovered,2,2,233.28,132.06
R003129,OI0020130,O0009810,C005518,P00108,2025-08-21,2025-08-01,2025-09-24,34,Electronics,Audio,Ellery & Co,Mobile App,FC-Central,Regional Freight,false,Wrong size,true,Recovered,1,1,119.88,19.77
R003130,OI0020142,O0009816,C005522,P00136,2025-10-10,2025-10-01,2025-11-07,28,Home & Kitchen,Cookware,Latitude 54,Web,FC-South,Regional Freight,true,Wrong size,true,Recovered,1,1,29.59,11.38
R003131,OI0020156,O0009821,C005525,P00004,2025-08-20,2025-08-01,2025-09-23,34,Apparel,Knitwear,Puresel,Mobile App,FC-South,Regional Freight,false,Wrong size,true,Recovered,2,2,67.88,39.92
R003132,OI0020161,O0009824,C005526,P00134,2026-04-27,2026-04-01,2026-05-10,13,Home & Kitchen,Cookware,Brightpath,Web,FC-South,Regional Freight,true,Changed mind,true,Recovered,1,1,32.46,-9.16
R003133,OI0020162,O0009824,C005526,P00028,2026-04-27,2026-04-01,2026-05-05,8,Apparel,Dresses,Mokkan,Web,FC-South,Regional Freight,true,Changed mind,true,Recovered,2,2,60.67,37.19
R003134,OI0020164,O0009825,C005527,P00003,2025-08-19,2025-08-01,2025-09-05,17,Apparel,Outerwear,Northvale,Web,FC-Central,Swiftline,true,Changed mind,true,Recovered,1,1,32.59,18.9
R003135,OI0020166,O0009827,C005529,P00082,2025-08-20,2025-08-01,2025-09-04,15,Electronics,Audio,Puresel,Web,FC-South,Metro Post,true,Wrong size,true,Recovered,1,1,280.46,-98.11
R003136,OI0020170,O0009827,C005529,P00144,2025-08-20,2025-08-01,2025-08-30,10,Home & Kitchen,Cookware,Puresel,Web,FC-South,Metro Post,true,Faulty,false,Written off,1,1,174.00,174.0
R003137,OI0020178,O0009832,C005530,P00112,2026-01-08,2026-01-01,2026-01-15,7,Home & Kitchen,Bedding,Puresel,Web,FC-North,Regional Freight,true,Wrong size,true,Recovered,1,1,172.61,64.82
R003138,OI0020182,O0009834,C005530,P00176,2026-04-05,2026-04-01,2026-04-24,19,Sports & Outdoors,Cycling,Ellery & Co,Mobile App,FC-North,Regional Freight,true,Wrong size,true,Recovered,2,2,339.80,183.06
R003139,OI0020189,O0009838,C005532,P00048,2026-01-17,2026-01-01,2026-02-16,30,Apparel,Dresses,Latitude 54,Mobile App,FC-South,Regional Freight,true,Not as described,true,Recovered,1,1,122.50,66.99
R003140,OI0020197,O0009842,C005535,P00010,2025-08-21,2025-08-01,2025-09-06,16,Apparel,Denim,Puresel,Marketplace,FC-South,Regional Freight,false,Damaged in transit,false,Written off,1,1,28.00,28.0
R003141,OI0020201,O0009844,C005537,P00176,2025-08-23,2025-08-01,2025-09-08,16,Sports & Outdoors,Cycling,Ellery & Co,Marketplace,FC-North,Swiftline,true,Changed mind,true,Recovered,1,1,143.12,64.75
R003142,OI0020207,O0009845,C005538,P00018,2025-08-19,2025-08-01,2025-09-19,31,Apparel,Denim,Latitude 54,Web,FC-South,Regional Freight,false,Arrived too late,true,Recovered,1,1,53.02,26.69
R003143,OI0020209,O0009847,C005538,P00028,2025-11-23,2025-11-01,2025-12-03,10,Apparel,Dresses,Mokkan,Web,FC-South,Regional Freight,true,Changed mind,true,Recovered,3,3,95.97,60.75
R003144,OI0020212,O0009850,C005539,P00060,2025-11-24,2025-11-01,2025-12-04,10,Footwear,Formal,Corda,Web,FC-North,Swiftline,true,Changed mind,true,Recovered,1,1,139.31,73.37
R003145,OI0020229,O0009861,C005545,P00053,2025-08-21,2025-08-01,2025-08-30,9,Apparel,Tops,Latitude 54,Web,FC-North,Regional Freight,true,Damaged in transit,false,Written off,1,1,93.98,93.98
R003146,OI0020237,O0009864,C005548,P00053,2025-08-21,2025-08-01,2025-09-04,14,Apparel,Tops,Latitude 54,Marketplace,FC-South,Regional Freight,false,Wrong size,true,Recovered,1,1,103.71,65.68
R003147,OI0020242,O0009866,C005549,P00009,2025-10-19,2025-10-01,2025-11-14,26,Apparel,Outerwear,Mokkan,Marketplace,FC-South,Metro Post,true,Wrong size,true,Recovered,1,1,73.72,42.56
R003148,OI0020243,O0009867,C005549,P00071,2025-12-02,2025-12-01,2025-12-13,11,Footwear,Boots,Puresel,Marketplace,FC-South,Regional Freight,false,Arrived too late,true,Recovered,1,1,122.76,66.8
R003149,OI0020244,O0009868,C005549,P00068,2026-03-01,2026-03-01,2026-03-27,26,Footwear,Sandals,Corda,Marketplace,FC-South,Swiftline,true,Faulty,false,Written off,1,1,90.43,90.43
R003150,OI0020245,O0009868,C005549,P00150,2026-03-01,2026-03-01,2026-03-29,28,Beauty,Haircare,Puresel,Marketplace,FC-South,Swiftline,true,Not as described,true,Recovered,1,1,59.37,33.15
R003151,OI0020248,O0009868,C005549,P00054,2026-03-01,2026-03-01,2026-03-20,19,Footwear,Sandals,Mokkan,Marketplace,FC-South,Swiftline,true,Wrong size,true,Recovered,1,1,59.52,30.01
R003152,OI0020249,O0009869,C005550,P00121,2025-08-20,2025-08-01,2025-08-31,11,Home & Kitchen,Tableware,Mokkan,Store,Store Pickup,,,Changed mind,true,Recovered,1,1,82.12,9.0
R003153,OI0020277,O0009886,C005559,P00165,2025-08-25,2025-08-01,2025-09-10,16,Beauty,Haircare,Corda,Mobile App,FC-South,Regional Freight,true,Changed mind,true,Recovered,1,1,59.82,39.05
R003154,OI0020286,O0009889,C005561,P00141,2025-08-25,2025-08-01,2025-09-15,21,Home & Kitchen,Cookware,Ellery & Co,Web,FC-North,Swiftline,true,Wrong size,true,Recovered,1,1,169.49,64.63
R003155,OI0020302,O0009898,C005565,P00011,2025-09-25,2025-09-01,2025-10-13,18,Apparel,Outerwear,Northvale,Marketplace,FC-North,Swiftline,true,Changed mind,true,Recovered,1,1,96.54,45.34
R003156,OI0020303,O0009899,C005565,P00115,2025-10-11,2025-10-01,2025-11-10,30,Home & Kitchen,Lighting,Puresel,Web,FC-North,Regional Freight,true,Damaged in transit,false,Written off,1,1,89.89,89.89
R003157,OI0020308,O0009902,C005568,P00062,2025-08-24,2025-08-01,2025-09-19,26,Footwear,Formal,Latitude 54,Store,Store Pickup,,,Not as described,true,Recovered,1,1,120.05,68.9
R003158,OI0020318,O0009905,C005571,P00073,2025-08-26,2025-08-01,2025-09-05,10,Footwear,Boots,Brightpath,Web,FC-Central,Swiftline,true,Faulty,false,Written off,1,1,79.76,79.76
R003159,OI0020330,O0009911,C005574,P00052,2025-08-25,2025-08-01,2025-09-07,13,Apparel,Dresses,Corda,Store,Store Pickup,,,Changed mind,true,Recovered,1,2,64.55,40.52
R003160,OI0020334,O0009912,C005575,P00130,2025-08-26,2025-08-01,2025-09-21,26,Home & Kitchen,Cookware,Ellery & Co,Web,FC-South,Regional Freight,false,Faulty,false,Written off,1,1,206.19,206.19
R003161,OI0020335,O0009912,C005575,P00083,2025-08-26,2025-08-01,2025-09-25,30,Electronics,Audio,Mokkan,Web,FC-South,Regional Freight,false,Arrived too late,true,Recovered,1,1,99.94,15.16
R003162,OI0020336,O0009912,C005575,P00138,2025-08-26,2025-08-01,2025-09-05,10,Home & Kitchen,Bedding,Ellery & Co,Web,FC-South,Regional Freight,false,Wrong size,true,Recovered,1,1,76.21,28.01
R003163,OI0020337,O0009913,C005576,P00021,2025-08-24,2025-08-01,2025-09-13,20,Apparel,Denim,Northvale,Store,Store Pickup,,,Wrong size,true,Recovered,1,1,52.72,31.56
R003164,OI0020361,O0009925,C005581,P00060,2026-06-17,2026-06-01,2026-07-11,24,Footwear,Formal,Corda,Marketplace,FC-South,Regional Freight,false,Changed mind,true,Recovered,1,1,139.31,73.37
R003165,OI0020367,O0009928,C005583,P00076,2025-09-21,2025-09-01,2025-10-19,28,Footwear,Trainers,Puresel,Mobile App,FC-Central,Metro Post,true,Changed mind,true,Recovered,1,1,83.39,49.11
R003166,OI0020376,O0009932,C005586,P00062,2025-12-10,2025-12-01,2025-12-29,19,Footwear,Formal,Latitude 54,Web,FC-South,Regional Freight,true,Changed mind,true,Recovered,1,1,91.93,40.78
R003167,OI0020382,O0009937,C005588,P00141,2025-12-24,2025-12-01,2026-01-06,13,Home & Kitchen,Cookware,Ellery & Co,Mobile App,FC-North,Swiftline,true,Wrong size,true,Recovered,1,1,169.49,64.63
R003168,OI0020385,O0009938,C005589,P00112,2025-08-26,2025-08-01,2025-09-08,13,Home & Kitchen,Bedding,Puresel,Web,FC-South,Metro Post,true,Changed mind,true,Recovered,1,1,172.61,64.82
R003169,OI0020393,O0009943,C005593,P00071,2025-08-28,2025-08-01,2025-09-27,30,Footwear,Boots,Puresel,Web,FC-South,Swiftline,true,Changed mind,true,Recovered,1,1,122.76,66.8
R003170,OI0020400,O0009945,C005593,P00121,2025-10-07,2025-10-01,2025-10-29,22,Home & Kitchen,Tableware,Mokkan,Mobile App,FC-South,Regional Freight,false,Changed mind,true,Recovered,1,2,95.77,22.65
R003171,OI0020406,O0009948,C005594,P00024,2026-01-11,2026-01-01,2026-01-25,14,Apparel,Outerwear,Brightpath,Web,FC-Central,Swiftline,true,Changed mind,true,Recovered,1,1,34.46,18.88
R003172,OI0020410,O0009951,C005595,P00036,2025-10-11,2025-10-01,2025-11-04,24,Apparel,Dresses,Latitude 54,Mobile App,FC-South,Swiftline,true,Changed mind,true,Recovered,1,1,67.23,43.24
R003173,OI0020412,O0009952,C005595,P00032,2025-11-19,2025-11-01,2025-11-28,9,Apparel,Outerwear,Mokkan,Mobile App,FC-South,Swiftline,true,Arrived too late,true,Recovered,1,1,19.53,7.13
R003174,OI0020413,O0009952,C005595,P00176,2025-11-19,2025-11-01,2025-12-12,23,Sports & Outdoors,Cycling,Ellery & Co,Mobile App,FC-South,Swiftline,true,Wrong size,true,Recovered,1,1,153.03,74.66
R003175,OI0020415,O0009953,C005595,P00040,2026-01-23,2026-01-01,2026-02-14,22,Apparel,Tops,Puresel,Web,FC-South,Metro Post,false,Wrong size,true,Recovered,1,1,113.30,72.33
R003176,OI0020419,O0009956,C005596,P00020,2025-08-28,2025-08-01,2025-09-04,7,Apparel,Denim,Ellery & Co,Marketplace,FC-Central,Swiftline,true,Damaged in transit,false,Written off,1,1,131.49,131.49
R003177,OI0020432,O0009965,C005601,P00066,2025-08-27,2025-08-01,2025-09-26,30,Footwear,Sandals,Puresel,Mobile App,FC-Central,Regional Freight,true,Not as described,true,Recovered,2,2,223.90,126.04
R003178,OI0020438,O0009967,C005602,P00143,2025-08-26,2025-08-01,2025-09-10,15,Home & Kitchen,Tableware,Mokkan,Mobile App,FC-South,Regional Freight,true,Changed mind,true,Recovered,1,1,21.76,7.78
R003179,OI0020441,O0009969,C005603,P00136,2025-08-27,2025-08-01,2025-08-30,3,Home & Kitchen,Cookware,Latitude 54,Store,Store Pickup,,,Changed mind,true,Recovered,1,1,29.59,11.38
R003180,OI0020442,O0009969,C005603,P00004,2025-08-27,2025-08-01,2025-09-19,23,Apparel,Knitwear,Puresel,Store,Store Pickup,,,Wrong size,true,Recovered,1,1,33.94,19.96
R003181,OI0020445,O0009972,C005604,P00177,2025-10-04,2025-10-01,2025-10-30,26,Sports & Outdoors,Cycling,Latitude 54,Mobile App,FC-North,Swiftline,true,Wrong size,true,Recovered,1,1,276.02,117.51
R003182,OI0020449,O0009973,C005604,P00135,2025-12-17,2025-12-01,2025-12-27,10,Home & Kitchen,Bedding,Ellery & Co,Web,FC-North,Regional Freight,true,Damaged in transit,false,Written off,1,1,121.15,121.15
R003183,OI0020465,O0009981,C005608,P00088,2025-11-01,2025-11-01,2025-11-22,21,Electronics,Audio,Mokkan,Mobile App,FC-North,Swiftline,false,Not as described,true,Recovered,1,1,255.61,-43.66
R003184,OI0020474,O0009985,C005609,P00041,2026-04-14,2026-04-01,2026-05-12,28,Apparel,Outerwear,Latitude 54,Mobile App,FC-South,Swiftline,true,Changed mind,true,Recovered,1,1,125.23,65.8
R003185,OI0020476,O0009987,C005610,P00028,2025-08-27,2025-08-01,2025-09-03,7,Apparel,Dresses,Mokkan,Mobile App,FC-South,Regional Freight,false,Changed mind,true,Recovered,1,1,31.99,20.25
R003186,OI0020484,O0009990,C005611,P00025,2026-03-09,2026-03-01,2026-03-22,13,Apparel,Outerwear,Corda,Web,FC-North,Metro Post,true,Not as described,true,Recovered,1,1,125.94,77.04
R003187,OI0020492,O0009994,C005614,P00046,2025-08-27,2025-08-01,2025-09-28,32,Apparel,Dresses,Brightpath,Marketplace,FC-Central,Metro Post,false,Wrong size,true,Recovered,1,1,117.17,66.09
R003188,OI0020495,O0009995,C005615,P00056,2025-08-29,2025-08-01,2025-09-10,12,Footwear,Sandals,Puresel,Web,FC-North,Swiftline,true,Not as described,true,Recovered,1,1,105.15,60.28
R003189,OI0020496,O0009996,C005616,P00053,2025-08-30,2025-08-01,2025-09-29,30,Apparel,Tops,Latitude 54,Web,FC-Central,Regional Freight,true,Faulty,false,Written off,2,2,207.42,207.42
R003190,OI0020497,O0009997,C005616,P00040,2025-10-02,2025-10-01,2025-10-05,3,Apparel,Tops,Puresel,Store,Store Pickup,,,Damaged in transit,false,Written off,1,1,113.30,113.3
R003191,OI0020503,O0009998,C005617,P00079,2025-08-31,2025-08-01,2025-09-06,6,Footwear,Sandals,Mokkan,Web,FC-Central,Swiftline,true,Damaged in transit,false,Written off,1,1,58.21,58.21
R003192,OI0020513,O0010004,C005621,P00150,2026-01-03,2026-01-01,2026-01-09,6,Beauty,Haircare,Puresel,Mobile App,FC-South,Swiftline,true,Not as described,true,Recovered,1,1,49.95,23.73
R003193,OI0020514,O0010005,C005622,P00058,2025-08-28,2025-08-01,2025-09-18,21,Footwear,Trainers,Brightpath,Marketplace,FC-North,Metro Post,true,Changed mind,true,Recovered,1,1,156.81,82.76
R003194,OI0020526,O0010013,C005627,P00136,2025-10-14,2025-10-01,2025-10-28,14,Home & Kitchen,Cookware,Latitude 54,Web,FC-South,Regional Freight,false,Arrived too late,true,Recovered,1,1,29.59,11.38
R003195,OI0020532,O0010017,C005631,P00070,2025-08-28,2025-08-01,2025-09-12,15,Footwear,Boots,Latitude 54,Web,FC-North,Metro Post,true,Not as described,true,Recovered,1,1,58.76,18.41
R003196,OI0020533,O0010017,C005631,P00068,2025-08-28,2025-08-01,2025-09-23,26,Footwear,Sandals,Corda,Web,FC-North,Metro Post,true,Not as described,true,Recovered,1,1,58.22,16.91
R003197,OI0020534,O0010018,C005631,P00048,2025-11-08,2025-11-01,2025-11-19,11,Apparel,Dresses,Latitude 54,Mobile App,FC-North,Swiftline,false,Not as described,true,Recovered,2,2,245.00,133.98
R003198,OI0020536,O0010019,C005631,P00065,2026-01-25,2026-01-01,2026-02-17,23,Footwear,Sandals,Ellery & Co,Marketplace,FC-North,Regional Freight,false,Damaged in transit,false,Written off,2,2,189.36,189.36
R003199,OI0020537,O0010020,C005632,P00053,2025-08-30,2025-08-01,2025-10-09,40,Apparel,Tops,Latitude 54,Mobile App,FC-South,Regional Freight,false,Wrong size,true,Recovered,1,1,97.19,59.16
R003200,OI0020538,O0010020,C005632,P00045,2025-08-30,2025-08-01,2025-09-19,20,Apparel,Knitwear,Puresel,Mobile App,FC-South,Regional Freight,false,Damaged in transit,false,Written off,1,1,70.92,70.92
R003201,OI0020545,O0010023,C005635,P00109,2025-09-01,2025-09-01,2025-09-21,20,Electronics,Audio,Corda,Marketplace,FC-South,Metro Post,true,Changed mind,true,Recovered,1,1,144.52,-16.33
R003202,OI0020546,O0010024,C005636,P00016,2025-08-30,2025-08-01,2025-09-20,21,Apparel,Knitwear,Brightpath,Web,FC-South,Metro Post,false,Wrong size,true,Recovered,1,1,54.64,32.91
R003203,OI0020549,O0010026,C005638,P00183,2025-08-31,2025-08-01,2025-09-12,12,Sports & Outdoors,Fitness,Ellery & Co,Marketplace,FC-South,Swiftline,true,Faulty,false,Written off,1,1,274.44,274.44
R003204,OI0020560,O0010032,C005641,P00066,2025-09-01,2025-09-01,2025-09-26,25,Footwear,Sandals,Puresel,Web,FC-South,Swiftline,true,Not as described,true,Recovered,1,1,111.95,63.02
R003205,OI0020561,O0010033,C005642,P00083,2025-08-30,2025-08-01,2025-09-17,18,Electronics,Audio,Mokkan,Mobile App,FC-South,Metro Post,true,Changed mind,true,Recovered,1,1,103.49,18.71
R003206,OI0020567,O0010035,C005644,P00049,2025-09-02,2025-09-01,2025-09-18,16,Apparel,Tops,Brightpath,Mobile App,FC-South,Regional Freight,true,Wrong size,true,Recovered,1,1,45.89,26.99
R003207,OI0020581,O0010044,C005649,P00180,2026-01-02,2026-01-01,2026-01-21,19,Sports & Outdoors,Fitness,Brightpath,Web,FC-North,Metro Post,true,Wrong size,true,Recovered,1,1,179.61,50.91
R003208,OI0020583,O0010046,C005650,P00008,2025-09-03,2025-09-01,2025-09-21,18,Apparel,Tops,Brightpath,Mobile App,FC-North,Swiftline,true,Wrong size,true,Recovered,1,1,83.50,53.57
R003209,OI0020586,O0010048,C005651,P00019,2025-10-19,2025-10-01,2025-11-08,20,Apparel,Tops,Brightpath,Web,FC-North,Regional Freight,true,Faulty,false,Written off,1,1,65.52,65.52
R003210,OI0020593,O0010050,C005653,P00008,2025-09-03,2025-09-01,2025-09-23,20,Apparel,Tops,Brightpath,Marketplace,FC-North,Metro Post,true,Changed mind,true,Recovered,4,4,334.00,214.28
R003211,OI0020600,O0010056,C005658,P00049,2025-09-04,2025-09-01,2025-09-11,7,Apparel,Tops,Brightpath,Marketplace,FC-South,Regional Freight,false,Not as described,true,Recovered,1,1,40.73,21.83
R003212,OI0020608,O0010060,C005661,P00156,2025-09-01,2025-09-01,2025-10-02,31,Beauty,Skincare,Mokkan,Mobile App,FC-South,Metro Post,true,Arrived too late,true,Recovered,1,1,17.16,11.11
R003213,OI0020609,O0010060,C005661,P00035,2025-09-01,2025-09-01,2025-09-10,9,Apparel,Outerwear,Northvale,Mobile App,FC-South,Metro Post,true,Wrong size,true,Recovered,1,1,131.59,67.13
R003214,OI0020613,O0010062,C005661,P00008,2026-02-21,2026-02-01,2026-03-24,31,Apparel,Tops,Brightpath,Web,FC-South,Metro Post,true,Not as described,true,Recovered,1,1,83.50,53.57
R003215,OI0020616,O0010063,C005661,P00061,2026-04-27,2026-04-01,2026-05-22,25,Footwear,Trainers,Northvale,Mobile App,FC-South,Regional Freight,true,Damaged in transit,false,Written off,1,1,41.48,41.48
R003216,OI0020617,O0010063,C005661,P00009,2026-04-27,2026-04-01,2026-05-23,26,Apparel,Outerwear,Mokkan,Mobile App,FC-South,Regional Freight,true,Wrong size,true,Recovered,1,2,73.72,42.56
R003217,OI0020622,O0010067,C005662,P00171,2026-01-23,2026-01-01,2026-02-20,28,Sports & Outdoors,Cycling,Ellery & Co,Web,FC-North,Swiftline,true,Damaged in transit,false,Written off,1,1,31.37,31.37
R003218,OI0020623,O0010067,C005662,P00069,2026-01-23,2026-01-01,2026-02-04,12,Footwear,Sandals,Brightpath,Web,FC-North,Swiftline,true,Damaged in transit,false,Written off,1,2,148.15,148.15
R003219,OI0020626,O0010069,C005663,P00105,2025-11-08,2025-11-01,2025-12-10,32,Electronics,Wearables,Northvale,Mobile App,FC-Central,Metro Post,true,Changed mind,true,Recovered,1,1,393.89,67.79
R003220,OI0020651,O0010079,C005669,P00008,2025-09-05,2025-09-01,2025-09-18,13,Apparel,Tops,Brightpath,Web,FC-North,Swiftline,true,Changed mind,true,Recovered,1,1,78.46,48.53
R003221,OI0020659,O0010084,C005672,P00182,2025-09-03,2025-09-01,2025-09-28,25,Sports & Outdoors,Cycling,Northvale,Web,FC-South,Swiftline,true,Wrong size,true,Recovered,1,1,43.57,16.62
R003222,OI0020660,O0010084,C005672,P00026,2025-09-03,2025-09-01,2025-09-08,5,Apparel,Dresses,Corda,Web,FC-South,Swiftline,true,Damaged in transit,false,Written off,1,1,34.19,34.19
R003223,OI0020666,O0010088,C005674,P00013,2025-09-02,2025-09-01,2025-09-13,11,Apparel,Dresses,Ellery & Co,Mobile App,FC-South,Regional Freight,false,Arrived too late,true,Recovered,2,2,133.02,83.74
R003224,OI0020673,O0010092,C005677,P00039,2025-09-05,2025-09-01,2025-09-20,15,Apparel,Outerwear,Latitude 54,Web,FC-Central,Metro Post,false,Arrived too late,true,Recovered,3,3,76.68,42.54
R003225,OI0020674,O0010092,C005677,P00021,2025-09-05,2025-09-01,2025-09-21,16,Apparel,Denim,Northvale,Web,FC-Central,Metro Post,false,Arrived too late,true,Recovered,1,1,52.72,31.56
R003226,OI0020678,O0010094,C005679,P00073,2025-09-04,2025-09-01,2025-09-07,3,Footwear,Boots,Brightpath,Mobile App,FC-South,Swiftline,true,Not as described,true,Recovered,1,1,79.76,41.34
R003227,OI0020681,O0010095,C005679,P00019,2026-02-28,2026-02-01,2026-03-08,8,Apparel,Tops,Brightpath,Mobile App,FC-South,Metro Post,true,Faulty,false,Written off,1,1,54.24,54.24
R003228,OI0020685,O0010098,C005680,P00068,2025-12-27,2025-12-01,2026-01-08,12,Footwear,Sandals,Corda,Mobile App,FC-Central,Regional Freight,false,Changed mind,true,Recovered,1,1,89.63,48.32
R003229,OI0020687,O0010099,C005680,P00150,2026-02-16,2026-02-01,2026-03-09,21,Beauty,Haircare,Puresel,Marketplace,FC-Central,Metro Post,true,Faulty,false,Written off,1,1,59.37,59.37
R003230,OI0020696,O0010102,C005682,P00072,2025-10-15,2025-10-01,2025-10-23,8,Footwear,Sandals,Brightpath,Mobile App,FC-North,Swiftline,true,Damaged in transit,false,Written off,2,2,117.90,117.9
R003231,OI0020707,O0010109,C005686,P00043,2025-09-03,2025-09-01,2025-09-16,13,Apparel,Denim,Puresel,Web,FC-Central,Metro Post,true,Changed mind,true,Recovered,1,1,60.02,22.21
R003232,OI0020708,O0010110,C005687,P00029,2025-09-03,2025-09-01,2025-09-14,11,Apparel,Knitwear,Puresel,Web,FC-North,Swiftline,true,Not as described,true,Recovered,1,1,116.07,69.8
R003233,OI0020714,O0010111,C005688,P00113,2025-09-03,2025-09-01,2025-09-30,27,Home & Kitchen,Storage,Mokkan,Mobile App,FC-South,Metro Post,true,Wrong size,true,Recovered,1,1,86.78,35.92
R003234,OI0020718,O0010113,C005689,P00093,2025-11-03,2025-11-01,2025-11-18,15,Electronics,Audio,Puresel,Web,FC-North,Metro Post,true,Changed mind,true,Recovered,1,1,109.14,-32.78
R003235,OI0020719,O0010114,C005689,P00086,2026-03-02,2026-03-01,2026-03-22,20,Electronics,Audio,Brightpath,Mobile App,FC-North,Swiftline,true,Damaged in transit,false,Written off,1,1,263.09,263.09
R003236,OI0020745,O0010129,C005696,P00051,2025-11-20,2025-11-01,2025-12-01,11,Apparel,Denim,Corda,Web,FC-Central,Regional Freight,true,Changed mind,true,Recovered,1,1,43.18,25.64
R003237,OI0020748,O0010129,C005696,P00033,2025-11-20,2025-11-01,2025-12-19,29,Apparel,Denim,Northvale,Web,FC-Central,Regional Freight,true,Damaged in transit,false,Written off,3,3,134.01,134.01
R003238,OI0020766,O0010140,C005701,P00039,2025-09-08,2025-09-01,2025-09-21,13,Apparel,Outerwear,Latitude 54,Web,FC-North,Swiftline,true,Damaged in transit,false,Written off,1,1,23.90,23.9
R003239,OI0020785,O0010152,C005710,P00121,2025-09-06,2025-09-01,2025-09-19,13,Home & Kitchen,Tableware,Mokkan,Mobile App,FC-South,Regional Freight,true,Wrong size,true,Recovered,1,1,95.77,22.65
R003240,OI0020791,O0010154,C005712,P00090,2025-09-05,2025-09-01,2025-09-21,16,Electronics,Audio,Corda,Web,FC-Central,Metro Post,true,Changed mind,true,Recovered,2,2,581.34,95.02
R003241,OI0020799,O0010157,C005714,P00080,2025-12-10,2025-12-01,2026-01-18,39,Footwear,Sandals,Ellery & Co,Marketplace,FC-Central,Metro Post,false,Arrived too late,true,Recovered,4,4,154.55,61.35
R003242,OI0020806,O0010160,C005717,P00058,2025-09-05,2025-09-01,2025-09-25,20,Footwear,Trainers,Brightpath,Marketplace,FC-Central,Metro Post,true,Damaged in transit,false,Written off,1,1,156.81,156.81
R003243,OI0020812,O0010162,C005718,P00092,2025-09-08,2025-09-01,2025-09-13,5,Electronics,Accessories,Puresel,Web,FC-Central,Metro Post,true,Faulty,false,Written off,1,1,150.86,150.86
R003244,OI0020815,O0010164,C005719,P00013,2026-03-12,2026-03-01,2026-03-30,18,Apparel,Dresses,Ellery & Co,Web,FC-South,Regional Freight,false,Arrived too late,true,Recovered,1,1,66.51,41.87
R003245,OI0020821,O0010167,C005720,P00008,2025-11-20,2025-11-01,2025-12-05,15,Apparel,Tops,Brightpath,Web,FC-South,Regional Freight,true,Not as described,true,Recovered,1,1,83.50,53.57
R003246,OI0020823,O0010168,C005721,P00145,2025-09-06,2025-09-01,2025-09-13,7,Beauty,Cosmetics,Ellery & Co,Web,FC-South,Swiftline,true,Arrived too late,true,Recovered,1,1,66.69,39.22
R003247,OI0020824,O0010169,C005721,P00030,2025-10-02,2025-10-01,2025-10-09,7,Apparel,Denim,Latitude 54,Store,Store Pickup,,,Wrong size,true,Recovered,1,1,85.97,43.49
R003248,OI0020828,O0010172,C005722,P00056,2025-12-21,2025-12-01,2026-01-09,19,Footwear,Sandals,Puresel,Marketplace,FC-South,Metro Post,true,Wrong size,true,Recovered,1,1,105.15,60.28
R003249,OI0020830,O0010173,C005722,P00055,2026-02-17,2026-02-01,2026-03-22,33,Footwear,Trainers,Ellery & Co,Web,FC-South,Metro Post,true,Changed mind,true,Recovered,1,1,40.68,21.54
R003250,OI0020836,O0010175,C005724,P00080,2025-09-06,2025-09-01,2025-09-23,17,Footwear,Sandals,Ellery & Co,Web,FC-South,Metro Post,true,Damaged in transit,false,Written off,1,1,37.14,37.14
R003251,OI0020838,O0010176,C005724,P00021,2025-10-28,2025-10-01,2025-11-13,16,Apparel,Denim,Northvale,Mobile App,FC-South,Swiftline,false,Changed mind,true,Recovered,1,1,52.72,31.56
R003252,OI0020848,O0010180,C005727,P00009,2025-09-10,2025-09-01,2025-10-01,21,Apparel,Outerwear,Mokkan,Web,FC-Central,Metro Post,false,Wrong size,true,Recovered,1,1,58.05,26.89
R003253,OI0020852,O0010182,C005728,P00096,2025-11-05,2025-11-01,2025-11-27,22,Electronics,Accessories,Mokkan,Marketplace,FC-South,Regional Freight,true,Changed mind,true,Recovered,1,1,327.22,-77.76
R003254,OI0020856,O0010186,C005729,P00187,2025-11-19,2025-11-01,2025-11-29,10,Sports & Outdoors,Camping,Puresel,Mobile App,FC-North,Metro Post,true,Not as described,true,Recovered,1,2,74.85,-29.82
R003255,OI0020857,O0010186,C005729,P00186,2025-11-19,2025-11-01,2025-12-02,13,Sports & Outdoors,Fitness,Latitude 54,Mobile App,FC-North,Metro Post,true,Wrong size,true,Recovered,1,1,272.93,134.61
R003256,OI0020858,O0010187,C005729,P00073,2025-12-22,2025-12-01,2026-01-08,17,Footwear,Boots,Brightpath,Mobile App,FC-North,Swiftline,true,Arrived too late,true,Recovered,1,1,44.72,6.3
R003257,OI0020874,O0010196,C005734,P00074,2025-12-26,2025-12-01,2026-01-21,26,Footwear,Trainers,Puresel,Mobile App,FC-Central,Swiftline,false,Arrived too late,true,Recovered,1,1,104.06,56.27
R003258,OI0020878,O0010197,C005734,P00068,2026-02-16,2026-02-01,2026-03-06,18,Footwear,Sandals,Corda,Marketplace,FC-Central,Swiftline,false,Not as described,true,Recovered,1,1,106.66,65.35
R003259,OI0020885,O0010201,C005738,P00136,2025-09-10,2025-09-01,2025-09-30,20,Home & Kitchen,Cookware,Latitude 54,Web,FC-North,Regional Freight,false,Changed mind,true,Recovered,1,1,22.92,4.71
R003260,OI0020904,O0010214,C005744,P00065,2025-09-11,2025-09-01,2025-09-25,14,Footwear,Sandals,Ellery & Co,Store,Store Pickup,,,Damaged in transit,false,Written off,1,1,77.36,77.36
R003261,OI0020907,O0010215,C005744,P00058,2025-11-06,2025-11-01,2025-11-12,6,Footwear,Trainers,Brightpath,Mobile App,FC-Central,Regional Freight,true,Not as described,true,Recovered,1,1,156.81,82.76
R003262,OI0020909,O0010216,C005745,P00075,2025-09-11,2025-09-01,2025-09-26,15,Footwear,Formal,Latitude 54,Store,Store Pickup,,,Not as described,true,Recovered,1,1,51.74,25.32
R003263,OI0020915,O0010219,C005748,P00170,2025-09-07,2025-09-01,2025-09-28,21,Sports & Outdoors,Cycling,Corda,Web,FC-South,Regional Freight,true,Wrong size,true,Recovered,1,1,216.26,95.69
R003264,OI0020921,O0010221,C005750,P00064,2025-09-09,2025-09-01,2025-10-01,22,Footwear,Boots,Mokkan,Web,FC-North,Metro Post,true,Wrong size,true,Recovered,1,1,93.30,50.66
R003265,OI0020928,O0010224,C005752,P00096,2025-09-07,2025-09-01,2025-09-24,17,Electronics,Accessories,Mokkan,Mobile App,FC-Central,Metro Post,false,Not as described,true,Recovered,1,1,401.88,-3.1
R003266,OI0020930,O0010225,C005753,P00072,2025-09-11,2025-09-01,2025-10-12,31,Footwear,Sandals,Brightpath,Mobile App,FC-North,Swiftline,true,Changed mind,true,Recovered,1,1,58.95,35.37
R003267,OI0020931,O0010226,C005753,P00157,2026-02-24,2026-02-01,2026-03-17,21,Beauty,Cosmetics,Ellery & Co,Web,FC-North,Swiftline,true,Wrong size,true,Recovered,1,1,18.28,11.27
R003268,OI0020947,O0010232,C005758,P00021,2025-09-11,2025-09-01,2025-09-25,14,Apparel,Denim,Northvale,Mobile App,FC-North,Regional Freight,true,Wrong size,true,Recovered,1,1,30.96,9.8
R003269,OI0020952,O0010234,C005759,P00029,2026-02-23,2026-02-01,2026-03-10,15,Apparel,Knitwear,Puresel,Web,FC-North,Swiftline,true,Not as described,true,Recovered,2,2,232.14,139.6
R003270,OI0020954,O0010235,C005760,P00052,2025-09-11,2025-09-01,2025-09-24,13,Apparel,Dresses,Corda,Store,Store Pickup,,,Changed mind,true,Recovered,1,1,64.55,40.52
R003271,OI0020957,O0010237,C005760,P00133,2026-01-12,2026-01-01,2026-02-04,23,Home & Kitchen,Cookware,Latitude 54,Mobile App,FC-South,Regional Freight,false,Arrived too late,true,Recovered,1,1,162.65,52.28
R003272,OI0020958,O0010238,C005760,P00172,2026-04-20,2026-04-01,2026-05-01,11,Sports & Outdoors,Fitness,Ellery & Co,Mobile App,FC-South,Metro Post,true,Not as described,true,Recovered,1,1,93.79,43.09
R003273,OI0020960,O0010239,C005760,P00181,2026-05-23,2026-05-01,2026-06-07,15,Sports & Outdoors,Camping,Ellery & Co,Mobile App,FC-South,Swiftline,true,Wrong size,true,Recovered,1,1,235.91,102.9
R003274,OI0020961,O0010240,C005761,P00079,2025-09-12,2025-09-01,2025-10-10,28,Footwear,Sandals,Mokkan,Web,FC-South,Regional Freight,true,Not as described,true,Recovered,1,1,58.76,13.99
R003275,OI0020969,O0010244,C005762,P00016,2025-11-10,2025-11-01,2025-12-07,27,Apparel,Knitwear,Brightpath,Web,FC-South,Swiftline,true,Changed mind,true,Recovered,1,1,54.64,32.91
R003276,OI0020998,O0010258,C005766,P00064,2026-03-15,2026-03-01,2026-04-10,26,Footwear,Boots,Mokkan,Store,Store Pickup,,,Damaged in transit,false,Written off,1,1,93.30,93.3
R003277,OI0021003,O0010260,C005767,P00161,2025-09-08,2025-09-01,2025-10-07,29,Beauty,Fragrance,Northvale,Mobile App,FC-Central,Swiftline,true,Changed mind,true,Recovered,1,1,61.46,40.88
R003278,OI0021006,O0010261,C005768,P00040,2025-09-11,2025-09-01,2025-09-16,5,Apparel,Tops,Puresel,Web,FC-Central,Regional Freight,true,Faulty,false,Written off,1,1,113.30,113.3
R003279,OI0021008,O0010262,C005768,P00070,2025-10-10,2025-10-01,2025-10-29,19,Footwear,Boots,Latitude 54,Web,FC-Central,Swiftline,true,Not as described,true,Recovered,2,2,163.30,82.6
R003280,OI0021013,O0010263,C005769,P00077,2025-09-12,2025-09-01,2025-10-05,23,Footwear,Boots,Ellery & Co,Mobile App,FC-Central,Metro Post,true,Changed mind,true,Recovered,1,1,105.21,64.29
R003281,OI0021019,O0010267,C005772,P00066,2025-09-13,2025-09-01,2025-09-21,8,Footwear,Sandals,Puresel,Web,FC-North,Metro Post,true,Damaged in transit,false,Written off,1,3,111.95,111.95
R003282,OI0021023,O0010269,C005774,P00170,2025-09-11,2025-09-01,2025-09-18,7,Sports & Outdoors,Cycling,Corda,Web,FC-North,Metro Post,true,Changed mind,true,Recovered,2,2,362.62,121.48
R003283,OI0021036,O0010275,C005777,P00051,2025-11-30,2025-11-01,2025-12-17,17,Apparel,Denim,Corda,Mobile App,FC-North,Regional Freight,false,Faulty,false,Written off,1,1,43.18,43.18
R003284,OI0021049,O0010283,C005780,P00017,2025-09-10,2025-09-01,2025-09-15,5,Apparel,Dresses,Corda,Store,Store Pickup,,,Damaged in transit,false,Written off,1,1,16.31,16.31
R003285,OI0021057,O0010287,C005783,P00040,2025-11-23,2025-11-01,2025-12-20,27,Apparel,Tops,Puresel,Mobile App,FC-South,Swiftline,false,Arrived too late,true,Recovered,1,1,113.30,72.33
R003286,OI0021059,O0010289,C005785,P00020,2025-09-13,2025-09-01,2025-10-14,31,Apparel,Denim,Ellery & Co,Mobile App,FC-South,Regional Freight,true,Faulty,false,Written off,1,1,91.18,91.18
R003287,OI0021067,O0010292,C005787,P00026,2025-09-11,2025-09-01,2025-10-07,26,Apparel,Dresses,Corda,Web,FC-North,Metro Post,true,Wrong size,true,Recovered,1,1,34.19,16.49
R003288,OI0021080,O0010298,C005792,P00171,2025-09-14,2025-09-01,2025-09-28,14,Sports & Outdoors,Cycling,Ellery & Co,Mobile App,FC-Central,Regional Freight,true,Damaged in transit,false,Written off,2,2,125.05,125.05
R003289,OI0021113,O0010311,C005800,P00025,2025-11-24,2025-11-01,2025-12-04,10,Apparel,Outerwear,Corda,Web,FC-Central,Metro Post,true,Changed mind,true,Recovered,1,1,125.94,77.04
R003290,OI0021114,O0010312,C005801,P00101,2025-09-15,2025-09-01,2025-10-05,20,Electronics,Small Appliances,Corda,Store,Store Pickup,,,Faulty,false,Written off,1,1,112.24,112.24
R003291,OI0021116,O0010314,C005803,P00047,2025-09-15,2025-09-01,2025-10-07,22,Apparel,Dresses,Puresel,Mobile App,FC-Central,Swiftline,true,Damaged in transit,false,Written off,1,1,95.89,95.89
R003292,OI0021124,O0010319,C005805,P00065,2025-09-15,2025-09-01,2025-10-10,25,Footwear,Sandals,Ellery & Co,Marketplace,FC-North,Swiftline,true,Wrong size,true,Recovered,1,1,94.68,40.79
R003293,OI0021147,O0010329,C005810,P00180,2025-09-12,2025-09-01,2025-10-11,29,Sports & Outdoors,Fitness,Brightpath,Mobile App,FC-Central,Metro Post,true,Wrong size,true,Recovered,1,1,219.47,90.77
R003294,OI0021152,O0010331,C005812,P00012,2025-09-12,2025-09-01,2025-09-18,6,Apparel,Knitwear,Mokkan,Web,FC-North,Swiftline,true,Changed mind,true,Recovered,1,1,88.93,48.74
R003295,OI0021153,O0010332,C005813,P00040,2025-09-16,2025-09-01,2025-09-22,6,Apparel,Tops,Puresel,Mobile App,FC-North,Regional Freight,true,Changed mind,true,Recovered,1,1,113.30,72.33
R003296,OI0021158,O0010335,C005815,P00043,2026-01-03,2026-01-01,2026-02-04,32,Apparel,Denim,Puresel,Web,FC-South,Metro Post,true,Not as described,true,Recovered,2,2,192.40,116.78
R003297,OI0021161,O0010336,C005816,P00029,2025-09-14,2025-09-01,2025-09-27,13,Apparel,Knitwear,Puresel,Web,FC-Central,Regional Freight,true,Wrong size,true,Recovered,1,1,116.07,69.8
R003298,OI0021167,O0010338,C005818,P00063,2025-09-15,2025-09-01,2025-10-02,17,Footwear,Formal,Northvale,Web,FC-South,Metro Post,true,Wrong size,true,Recovered,1,1,20.56,3.89
R003299,OI0021177,O0010345,C005822,P00053,2025-12-03,2025-12-01,2025-12-19,16,Apparel,Tops,Latitude 54,Marketplace,FC-Central,Regional Freight,true,Not as described,true,Recovered,4,4,414.84,262.72
R003300,OI0021189,O0010349,C005825,P00049,2025-09-18,2025-09-01,2025-10-13,25,Apparel,Tops,Brightpath,Mobile App,FC-Central,Regional Freight,true,Damaged in transit,false,Written off,1,1,45.89,45.89
R003301,OI0021191,O0010350,C005826,P00115,2025-09-16,2025-09-01,2025-10-01,15,Home & Kitchen,Lighting,Puresel,Web,FC-South,Regional Freight,false,Changed mind,true,Recovered,1,1,110.04,39.41
R003302,OI0021192,O0010350,C005826,P00016,2025-09-16,2025-09-01,2025-10-04,18,Apparel,Knitwear,Brightpath,Web,FC-South,Regional Freight,false,Changed mind,true,Recovered,1,1,54.64,32.91
R003303,OI0021216,O0010362,C005834,P00015,2026-01-11,2026-01-01,2026-01-22,11,Apparel,Tops,Corda,Web,FC-South,Regional Freight,true,Wrong size,true,Recovered,1,1,65.71,39.04
R003304,OI0021223,O0010366,C005835,P00007,2026-04-17,2026-04-01,2026-05-15,28,Apparel,Denim,Northvale,Web,FC-Central,Metro Post,true,Wrong size,true,Recovered,1,1,116.94,69.72
R003305,OI0021226,O0010367,C005835,P00189,2026-05-08,2026-05-01,2026-05-15,7,Sports & Outdoors,Camping,Brightpath,Web,FC-Central,Swiftline,false,Changed mind,true,Recovered,2,2,360.16,130.7
R003306,OI0021227,O0010367,C005835,P00037,2026-05-08,2026-05-01,2026-05-22,14,Apparel,Tops,Brightpath,Web,FC-Central,Swiftline,false,Damaged in transit,false,Written off,1,1,79.35,79.35
R003307,OI0021232,O0010370,C005836,P00067,2025-11-10,2025-11-01,2025-12-09,29,Footwear,Sandals,Corda,Mobile App,FC-Central,Swiftline,true,Changed mind,true,Recovered,1,1,78.15,46.73
R003308,OI0021235,O0010373,C005838,P00065,2025-09-18,2025-09-01,2025-10-08,20,Footwear,Sandals,Ellery & Co,Web,FC-South,Regional Freight,false,Changed mind,true,Recovered,1,1,94.68,40.79
R003309,OI0021256,O0010383,C005843,P00118,2025-09-17,2025-09-01,2025-10-18,31,Home & Kitchen,Tableware,Ellery & Co,Marketplace,FC-South,Metro Post,true,Damaged in transit,false,Written off,1,1,26.40,26.4
R003310,OI0021263,O0010386,C005845,P00004,2025-09-19,2025-09-01,2025-09-24,5,Apparel,Knitwear,Puresel,Store,Store Pickup,,,Changed mind,true,Recovered,3,3,101.82,59.88
R003311,OI0021266,O0010388,C005845,P00019,2026-06-28,2026-06-01,2026-07-28,30,Apparel,Tops,Brightpath,Mobile App,FC-South,Metro Post,true,Arrived too late,true,Recovered,1,1,65.52,36.16
R003312,OI0021274,O0010391,C005847,P00170,2025-09-17,2025-09-01,2025-09-22,5,Sports & Outdoors,Cycling,Corda,Mobile App,FC-North,Metro Post,true,Wrong size,true,Recovered,1,1,216.26,95.69
R003313,OI0021279,O0010394,C005850,P00020,2025-09-18,2025-09-01,2025-10-09,21,Apparel,Denim,Ellery & Co,Web,FC-South,Regional Freight,false,Arrived too late,true,Recovered,1,1,131.49,84.57
R003314,OI0021291,O0010401,C005856,P00066,2025-09-19,2025-09-01,2025-10-16,27,Footwear,Sandals,Puresel,Store,Store Pickup,,,Damaged in transit,false,Written off,3,3,335.85,335.85
R003315,OI0021295,O0010402,C005857,P00062,2025-09-20,2025-09-01,2025-10-09,19,Footwear,Formal,Latitude 54,Marketplace,FC-North,Regional Freight,true,Not as described,true,Recovered,1,1,119.65,68.5
R003316,OI0021298,O0010404,C005859,P00043,2025-09-19,2025-09-01,2025-09-27,8,Apparel,Denim,Puresel,Mobile App,FC-Central,Swiftline,true,Wrong size,true,Recovered,1,1,81.04,43.23
R003317,OI0021300,O0010404,C005859,P00032,2025-09-19,2025-09-01,2025-10-11,22,Apparel,Outerwear,Mokkan,Mobile App,FC-Central,Swiftline,true,Wrong size,true,Recovered,1,1,34.46,22.06
R003318,OI0021303,O0010407,C005860,P00039,2025-12-06,2025-12-01,2025-12-18,12,Apparel,Outerwear,Latitude 54,Web,FC-South,Regional Freight,true,Changed mind,true,Recovered,1,1,25.56,14.18
R003319,OI0021318,O0010417,C005864,P00075,2025-10-08,2025-10-01,2025-10-25,17,Footwear,Formal,Latitude 54,Marketplace,FC-South,Metro Post,true,Changed mind,true,Recovered,1,1,51.74,25.32
R003320,OI0021322,O0010420,C005866,P00067,2025-09-20,2025-09-01,2025-10-25,35,Footwear,Sandals,Corda,Web,FC-Central,Regional Freight,false,Arrived too late,true,Recovered,2,2,113.18,50.34
R003321,OI0021325,O0010423,C005867,P00080,2026-01-08,2026-01-01,2026-02-04,27,Footwear,Sandals,Ellery & Co,Mobile App,FC-South,Swiftline,true,Changed mind,true,Recovered,1,2,49.77,26.47
R003322,OI0021326,O0010423,C005867,P00170,2026-01-08,2026-01-01,2026-01-25,17,Sports & Outdoors,Cycling,Corda,Mobile App,FC-South,Swiftline,true,Wrong size,true,Recovered,1,1,216.26,95.69
R003323,OI0021327,O0010424,C005867,P00054,2026-04-20,2026-04-01,2026-05-02,12,Footwear,Sandals,Mokkan,Mobile App,FC-South,Metro Post,true,Wrong size,true,Recovered,1,1,59.52,30.01
R003324,OI0021331,O0010425,C005867,P00068,2026-05-25,2026-05-01,2026-06-13,19,Footwear,Sandals,Corda,Mobile App,FC-South,Metro Post,true,Changed mind,true,Recovered,1,2,80.66,39.35
R003325,OI0021350,O0010434,C005872,P00021,2025-09-21,2025-09-01,2025-10-06,15,Apparel,Denim,Northvale,Store,Store Pickup,,,Changed mind,true,Recovered,1,1,52.72,31.56
R003326,OI0021351,O0010434,C005872,P00187,2025-09-21,2025-09-01,2025-10-17,26,Sports & Outdoors,Camping,Puresel,Store,Store Pickup,,,Changed mind,true,Recovered,1,1,146.84,42.17
R003327,OI0021352,O0010434,C005872,P00053,2025-09-21,2025-09-01,2025-10-05,14,Apparel,Tops,Latitude 54,Store,Store Pickup,,,Arrived too late,true,Recovered,2,2,112.75,36.69
R003328,OI0021358,O0010438,C005875,P00016,2025-09-22,2025-09-01,2025-10-10,18,Apparel,Knitwear,Brightpath,Web,FC-North,Swiftline,true,Changed mind,true,Recovered,1,1,54.64,32.91
R003329,OI0021360,O0010439,C005876,P00051,2025-09-20,2025-09-01,2025-10-06,16,Apparel,Denim,Corda,Web,FC-South,Metro Post,false,Wrong size,true,Recovered,1,1,43.18,25.64
R003330,OI0021364,O0010441,C005878,P00190,2025-09-20,2025-09-01,2025-09-30,10,Sports & Outdoors,Cycling,Puresel,Mobile App,FC-Central,Regional Freight,true,Changed mind,true,Recovered,1,1,163.12,57.97
R003331,OI0021367,O0010443,C005878,P00005,2026-01-16,2026-01-01,2026-02-08,23,Apparel,Knitwear,Ellery & Co,Web,FC-Central,Regional Freight,true,Changed mind,true,Recovered,1,1,51.99,30.11
R003332,OI0021374,O0010446,C005880,P00067,2025-11-08,2025-11-01,2025-12-06,28,Footwear,Sandals,Corda,Web,FC-Central,Metro Post,true,Not as described,true,Recovered,1,1,68.05,36.63
R003333,OI0021375,O0010447,C005881,P00178,2025-09-19,2025-09-01,2025-10-14,25,Sports & Outdoors,Fitness,Corda,Web,FC-South,Metro Post,true,Changed mind,true,Recovered,2,2,453.32,236.78
R003334,OI0021381,O0010449,C005882,P00096,2025-12-03,2025-12-01,2025-12-12,9,Electronics,Accessories,Mokkan,Mobile App,FC-Central,Swiftline,true,Changed mind,true,Recovered,1,1,393.73,-11.25
R003335,OI0021394,O0010455,C005886,P00009,2025-12-06,2025-12-01,2026-01-01,26,Apparel,Outerwear,Mokkan,Mobile App,FC-North,Swiftline,true,Wrong size,true,Recovered,2,2,81.92,19.6
R003336,OI0021396,O0010456,C005887,P00139,2025-09-24,2025-09-01,2025-10-05,11,Home & Kitchen,Cookware,Ellery & Co,Web,FC-South,Regional Freight,true,Faulty,false,Written off,1,1,29.43,29.43
R003337,OI0021401,O0010458,C005889,P00002,2025-09-21,2025-09-01,2025-10-14,23,Apparel,Knitwear,Brightpath,Web,FC-North,Regional Freight,true,Changed mind,true,Recovered,1,1,72.03,33.17
R003338,OI0021402,O0010458,C005889,P00012,2025-09-21,2025-09-01,2025-09-28,7,Apparel,Knitwear,Mokkan,Web,FC-North,Regional Freight,true,Changed mind,true,Recovered,2,2,177.65,97.27
R003339,OI0021404,O0010459,C005890,P00052,2025-09-21,2025-09-01,2025-09-27,6,Apparel,Dresses,Corda,Store,Store Pickup,,,Not as described,true,Recovered,1,1,64.55,40.52
R003340,OI0021416,O0010465,C005896,P00071,2025-09-23,2025-09-01,2025-10-22,29,Footwear,Boots,Puresel,Web,FC-North,Swiftline,true,Not as described,true,Recovered,1,1,122.76,66.8
R003341,OI0021428,O0010471,C005900,P00060,2025-09-23,2025-09-01,2025-09-28,5,Footwear,Formal,Corda,Mobile App,FC-South,Metro Post,true,Wrong size,true,Recovered,1,1,139.31,73.37
R003342,OI0021445,O0010478,C005904,P00011,2025-10-25,2025-10-01,2025-11-11,17,Apparel,Outerwear,Northvale,Marketplace,FC-South,Regional Freight,true,Wrong size,true,Recovered,1,1,133.12,81.92
R003343,OI0021451,O0010482,C005906,P00067,2025-09-22,2025-09-01,2025-10-05,13,Footwear,Sandals,Corda,Store,Store Pickup,,,Wrong size,true,Recovered,1,1,65.26,33.84
R003344,OI0021455,O0010483,C005906,P00051,2025-11-26,2025-11-01,2025-12-03,7,Apparel,Denim,Corda,Web,FC-Central,Swiftline,true,Not as described,true,Recovered,4,4,172.72,102.56
R003345,OI0021471,O0010489,C005911,P00050,2025-09-26,2025-09-01,2025-10-14,18,Apparel,Knitwear,Brightpath,Web,FC-Central,Metro Post,true,Arrived too late,true,Recovered,1,1,116.54,66.67
R003346,OI0021473,O0010490,C005911,P00011,2025-11-07,2025-11-01,2025-11-26,19,Apparel,Outerwear,Northvale,Marketplace,FC-Central,Swiftline,true,Changed mind,true,Recovered,1,1,133.12,81.92
R003347,OI0021479,O0010492,C005913,P00035,2025-09-23,2025-09-01,2025-09-28,5,Apparel,Outerwear,Northvale,Marketplace,FC-Central,Metro Post,true,Wrong size,true,Recovered,1,1,100.72,36.26
R003348,OI0021494,O0010499,C005918,P00036,2025-09-24,2025-09-01,2025-10-27,33,Apparel,Dresses,Latitude 54,Mobile App,FC-North,Swiftline,true,Damaged in transit,false,Written off,1,1,67.23,67.23
R003349,OI0021496,O0010500,C005919,P00041,2025-09-27,2025-09-01,2025-10-20,23,Apparel,Outerwear,Latitude 54,Store,Store Pickup,,,Not as described,true,Recovered,1,1,111.14,51.71
R003350,OI0021500,O0010503,C005921,P00139,2025-09-24,2025-09-01,2025-10-02,8,Home & Kitchen,Cookware,Ellery & Co,Marketplace,FC-Central,Regional Freight,false,Wrong size,true,Recovered,1,1,39.09,7.73
R003351,OI0021503,O0010505,C005923,P00059,2025-09-23,2025-09-01,2025-10-04,11,Footwear,Trainers,Latitude 54,Web,FC-Central,Metro Post,true,Wrong size,true,Recovered,1,1,97.37,27.33
R003352,OI0021510,O0010509,C005924,P00118,2026-03-25,2026-03-01,2026-04-20,26,Home & Kitchen,Tableware,Ellery & Co,Web,FC-South,Metro Post,true,Changed mind,true,Recovered,1,1,26.40,11.23
R003353,OI0021519,O0010512,C005927,P00158,2025-09-28,2025-09-01,2025-10-15,17,Beauty,Cosmetics,Latitude 54,Web,FC-North,Metro Post,false,Faulty,false,Written off,1,1,57.44,57.44
R003354,OI0021524,O0010515,C005928,P00056,2025-10-25,2025-10-01,2025-11-24,30,Footwear,Sandals,Puresel,Web,FC-Central,Regional Freight,true,Damaged in transit,false,Written off,1,1,105.15,105.15
R003355,OI0021545,O0010524,C005933,P00078,2025-11-30,2025-11-01,2026-01-02,33,Footwear,Sandals,Corda,Web,FC-South,Metro Post,true,Changed mind,true,Recovered,1,1,128.93,67.91
R003356,OI0021548,O0010525,C005934,P00175,2025-09-28,2025-09-01,2025-10-19,21,Sports & Outdoors,Camping,Ellery & Co,Web,FC-Central,Swiftline,true,Wrong size,true,Recovered,1,1,241.41,113.18
R003357,OI0021549,O0010526,C005935,P00039,2025-09-25,2025-09-01,2025-10-22,27,Apparel,Outerwear,Latitude 54,Web,FC-Central,Swiftline,true,Wrong size,true,Recovered,2,2,48.84,26.08
R003358,OI0021550,O0010526,C005935,P00013,2025-09-25,2025-09-01,2025-10-10,15,Apparel,Dresses,Ellery & Co,Web,FC-Central,Swiftline,true,Changed mind,true,Recovered,2,2,127.79,78.51
R003359,OI0021552,O0010526,C005935,P00027,2025-09-25,2025-09-01,2025-10-21,26,Apparel,Outerwear,Mokkan,Web,FC-Central,Swiftline,true,Not as described,true,Recovered,1,1,31.13,17.81
R003360,OI0021553,O0010527,C005936,P00024,2025-09-26,2025-09-01,2025-10-06,10,Apparel,Outerwear,Brightpath,Web,FC-North,Metro Post,true,Wrong size,true,Recovered,1,1,15.97,0.39
R003361,OI0021556,O0010530,C005939,P00014,2025-09-28,2025-09-01,2025-10-17,19,Apparel,Dresses,Corda,Mobile App,FC-South,Metro Post,true,Wrong size,true,Recovered,1,1,82.92,45.64
R003362,OI0021559,O0010531,C005939,P00028,2025-11-05,2025-11-01,2025-11-26,21,Apparel,Dresses,Mokkan,Web,FC-South,Metro Post,false,Arrived too late,true,Recovered,1,1,25.37,13.63
R003363,OI0021562,O0010532,C005939,P00026,2026-01-05,2026-01-01,2026-02-03,29,Apparel,Dresses,Corda,Web,FC-South,Swiftline,true,Faulty,false,Written off,1,1,34.19,34.19
R003364,OI0021564,O0010533,C005939,P00032,2026-02-18,2026-02-01,2026-02-28,10,Apparel,Outerwear,Mokkan,Web,FC-South,Regional Freight,false,Not as described,true,Recovered,1,1,34.46,22.06
R003365,OI0021568,O0010535,C005940,P00187,2025-11-13,2025-11-01,2025-12-11,28,Sports & Outdoors,Camping,Puresel,Web,FC-South,Regional Freight,false,Faulty,false,Written off,1,1,164.80,164.8
R003366,OI0021580,O0010539,C005940,P00022,2026-06-06,2026-06-01,2026-06-17,11,Apparel,Knitwear,Northvale,Mobile App,FC-South,Regional Freight,true,Wrong size,true,Recovered,2,2,54.17,24.79
R003367,OI0021584,O0010542,C005943,P00061,2025-09-25,2025-09-01,2025-10-20,25,Footwear,Trainers,Northvale,Web,FC-Central,Swiftline,true,Damaged in transit,false,Written off,1,1,44.28,44.28
R003368,OI0021586,O0010544,C005945,P00080,2025-09-29,2025-09-01,2025-10-13,14,Footwear,Sandals,Ellery & Co,Mobile App,FC-South,Swiftline,false,Faulty,false,Written off,1,1,38.36,38.36
R003369,OI0021593,O0010549,C005947,P00023,2026-02-02,2026-02-01,2026-02-22,20,Apparel,Tops,Latitude 54,Web,FC-North,Regional Freight,true,Changed mind,true,Recovered,1,1,49.85,32.11
R003370,OI0021595,O0010550,C005947,P00062,2026-06-07,2026-06-01,2026-06-21,14,Footwear,Formal,Latitude 54,Mobile App,FC-North,Swiftline,true,Not as described,true,Recovered,1,1,74.35,23.2
R003371,OI0021602,O0010552,C005948,P00047,2025-11-08,2025-11-01,2025-11-30,22,Apparel,Dresses,Puresel,Mobile App,FC-South,Swiftline,false,Wrong size,true,Recovered,2,2,86.30,-4.2
R003372,OI0021605,O0010553,C005948,P00023,2026-01-22,2026-01-01,2026-02-09,18,Apparel,Tops,Latitude 54,Web,FC-South,Regional Freight,true,Wrong size,true,Recovered,1,1,49.85,32.11
R003373,OI0021611,O0010555,C005949,P00041,2025-11-19,2025-11-01,2025-12-01,12,Apparel,Outerwear,Latitude 54,Mobile App,FC-South,Regional Freight,true,Wrong size,true,Recovered,1,1,125.23,65.8
R003374,OI0021613,O0010555,C005949,P00032,2025-11-19,2025-11-01,2025-11-29,10,Apparel,Outerwear,Mokkan,Mobile App,FC-South,Regional Freight,true,Arrived too late,true,Recovered,2,2,68.92,44.12
R003375,OI0021635,O0010569,C005957,P00106,2026-01-04,2026-01-01,2026-01-26,22,Electronics,Accessories,Ellery & Co,Store,Store Pickup,,,Not as described,true,Recovered,1,1,74.94,-16.67
R003376,OI0021636,O0010569,C005957,P00014,2026-01-04,2026-01-01,2026-01-16,12,Apparel,Dresses,Corda,Store,Store Pickup,,,Wrong size,true,Recovered,1,1,87.12,49.84
R003377,OI0021638,O0010571,C005957,P00012,2026-04-11,2026-04-01,2026-04-23,12,Apparel,Knitwear,Mokkan,Mobile App,FC-South,Swiftline,true,Changed mind,true,Recovered,1,1,88.93,48.74
R003378,OI0021639,O0010571,C005957,P00049,2026-04-11,2026-04-01,2026-04-17,6,Apparel,Tops,Brightpath,Mobile App,FC-South,Swiftline,true,Changed mind,true,Recovered,1,1,45.39,26.49
R003379,OI0021640,O0010571,C005957,P00137,2026-04-11,2026-04-01,2026-05-09,28,Home & Kitchen,Bedding,Mokkan,Mobile App,FC-South,Swiftline,true,Not as described,true,Recovered,1,1,31.33,11.96
R003380,OI0021641,O0010571,C005957,P00033,2026-04-11,2026-04-01,2026-05-11,30,Apparel,Denim,Northvale,Mobile App,FC-South,Swiftline,true,Changed mind,true,Recovered,1,1,37.07,19.2
R003381,OI0021643,O0010573,C005958,P00184,2025-10-13,2025-10-01,2025-11-05,23,Sports & Outdoors,Swim,Ellery & Co,Web,FC-Central,Regional Freight,true,Not as described,true,Recovered,1,1,208.78,88.73
R003382,OI0021646,O0010573,C005958,P00147,2025-10-13,2025-10-01,2025-10-30,17,Beauty,Haircare,Mokkan,Web,FC-Central,Regional Freight,true,Wrong size,true,Recovered,1,1,49.59,20.02
R003383,OI0021663,O0010582,C005965,P00065,2025-09-30,2025-09-01,2025-10-16,16,Footwear,Sandals,Ellery & Co,Web,FC-Central,Regional Freight,true,Wrong size,true,Recovered,1,1,94.68,40.79
R003384,OI0021683,O0010592,C005970,P00174,2026-04-27,2026-04-01,2026-05-03,6,Sports & Outdoors,Fitness,Latitude 54,Mobile App,FC-Central,Metro Post,true,Arrived too late,true,Recovered,1,1,211.86,63.76
R003385,OI0021684,O0010592,C005970,P00094,2026-04-27,2026-04-01,2026-05-22,25,Electronics,Accessories,Latitude 54,Mobile App,FC-Central,Metro Post,true,Changed mind,true,Recovered,4,4,1539.80,272.56
R003386,OI0021686,O0010594,C005972,P00048,2025-09-29,2025-09-01,2025-10-15,16,Apparel,Dresses,Latitude 54,Marketplace,FC-Central,Regional Freight,true,Wrong size,true,Recovered,1,1,122.50,66.99
R003387,OI0021691,O0010596,C005974,P00014,2025-09-29,2025-09-01,2025-10-28,29,Apparel,Dresses,Corda,Web,FC-South,Metro Post,true,Changed mind,true,Recovered,1,1,87.12,49.84
R003388,OI0021692,O0010596,C005974,P00009,2025-09-29,2025-09-01,2025-10-12,13,Apparel,Outerwear,Mokkan,Web,FC-South,Metro Post,true,Changed mind,true,Recovered,1,1,60.28,29.12
R003389,OI0021704,O0010602,C005979,P00019,2025-10-01,2025-10-01,2025-10-10,9,Apparel,Tops,Brightpath,Marketplace,FC-North,Metro Post,true,Wrong size,true,Recovered,2,2,131.04,72.32
R003390,OI0021711,O0010605,C005981,P00022,2025-10-02,2025-10-01,2025-10-19,17,Apparel,Knitwear,Northvale,Web,FC-South,Metro Post,true,Wrong size,true,Recovered,1,2,40.61,25.92
R003391,OI0021715,O0010606,C005982,P00178,2025-10-02,2025-10-01,2025-10-20,18,Sports & Outdoors,Fitness,Corda,Web,FC-South,Metro Post,true,Faulty,false,Written off,1,1,226.66,226.66
R003392,OI0021732,O0010613,C005984,P00087,2025-11-12,2025-11-01,2025-11-24,12,Electronics,Audio,Brightpath,Marketplace,FC-South,Regional Freight,false,Damaged in transit,false,Written off,1,1,437.19,437.19
R003393,OI0021745,O0010617,C005987,P00046,2025-11-15,2025-11-01,2025-11-25,10,Apparel,Dresses,Brightpath,Mobile App,FC-South,Swiftline,true,Changed mind,true,Recovered,1,1,117.17,66.09
R003394,OI0021746,O0010618,C005987,P00057,2026-02-09,2026-02-01,2026-03-07,26,Footwear,Trainers,Puresel,Mobile App,FC-South,Regional Freight,true,Wrong size,true,Recovered,1,1,65.94,39.76
R003395,OI0021749,O0010620,C005988,P00041,2025-12-19,2025-12-01,2026-01-16,28,Apparel,Outerwear,Latitude 54,Web,FC-North,Metro Post,false,Wrong size,true,Recovered,1,1,125.23,65.8
R003396,OI0021750,O0010620,C005988,P00148,2025-12-19,2025-12-01,2025-12-26,7,Beauty,Haircare,Brightpath,Web,FC-North,Metro Post,false,Changed mind,true,Recovered,1,1,75.06,44.03
R003397,OI0021756,O0010625,C005990,P00039,2026-03-02,2026-03-01,2026-03-13,11,Apparel,Outerwear,Latitude 54,Marketplace,FC-North,Swiftline,true,Changed mind,true,Recovered,1,1,25.56,14.18
R003398,OI0021757,O0010626,C005990,P00066,2026-06-07,2026-06-01,2026-07-01,24,Footwear,Sandals,Puresel,Web,FC-North,Regional Freight,true,Wrong size,true,Recovered,1,1,69.63,20.7
R003399,OI0021758,O0010626,C005990,P00009,2026-06-07,2026-06-01,2026-06-27,20,Apparel,Outerwear,Mokkan,Web,FC-North,Regional Freight,true,Changed mind,true,Recovered,1,1,33.17,2.01
R003400,OI0021762,O0010628,C005992,P00089,2025-09-30,2025-09-01,2025-10-21,21,Electronics,Audio,Corda,Web,FC-South,Regional Freight,true,Faulty,false,Written off,1,1,337.55,337.55
R003401,OI0021782,O0010637,C005998,P00036,2025-09-30,2025-09-01,2025-10-17,17,Apparel,Dresses,Latitude 54,Web,FC-South,Regional Freight,true,Faulty,false,Written off,1,1,63.66,63.66
R003402,OI0021783,O0010637,C005998,P00001,2025-09-30,2025-09-01,2025-10-28,28,Apparel,Dresses,Latitude 54,Web,FC-South,Regional Freight,true,Wrong size,true,Recovered,1,1,38.97,24.82
R003403,OI0021787,O0010639,C005998,P00027,2026-01-31,2026-01-01,2026-03-01,29,Apparel,Outerwear,Mokkan,Marketplace,FC-South,Regional Freight,true,Wrong size,true,Recovered,1,2,31.13,17.81
R003404,OI0021799,O0010644,C006002,P00180,2025-10-01,2025-10-01,2025-10-20,19,Sports & Outdoors,Fitness,Brightpath,Web,FC-South,Regional Freight,true,Wrong size,true,Recovered,1,1,178.47,49.77
R003405,OI0021813,O0010652,C006005,P00044,2026-04-24,2026-04-01,2026-05-15,21,Apparel,Denim,Corda,Web,FC-Central,Metro Post,true,Damaged in transit,false,Written off,1,1,20.90,20.9
R003406,OI0021814,O0010653,C006005,P00162,2026-05-24,2026-05-01,2026-06-16,23,Beauty,Haircare,Ellery & Co,Mobile App,FC-Central,Swiftline,true,Changed mind,true,Recovered,1,1,63.36,42.7
R003407,OI0021823,O0010657,C006008,P00086,2025-10-04,2025-10-01,2025-10-28,24,Electronics,Audio,Brightpath,Web,FC-South,Metro Post,true,Wrong size,true,Recovered,1,1,181.43,-29.59
R003408,OI0021824,O0010658,C006009,P00040,2025-09-30,2025-09-01,2025-10-24,24,Apparel,Tops,Puresel,Web,FC-South,Regional Freight,false,Not as described,true,Recovered,3,3,339.90,216.99
R003409,OI0021828,O0010660,C006010,P00112,2026-03-11,2026-03-01,2026-03-26,15,Home & Kitchen,Bedding,Puresel,Mobile App,FC-North,Metro Post,true,Wrong size,true,Recovered,1,1,115.79,8.0
R003410,OI0021830,O0010661,C006011,P00144,2025-10-03,2025-10-01,2025-10-08,5,Home & Kitchen,Cookware,Puresel,Marketplace,FC-Central,Regional Freight,true,Wrong size,true,Recovered,1,2,174.00,63.49
R003411,OI0021835,O0010663,C006011,P00190,2026-01-03,2026-01-01,2026-01-09,6,Sports & Outdoors,Cycling,Puresel,Web,FC-Central,Regional Freight,true,Wrong size,true,Recovered,1,1,189.90,84.75
R003412,OI0021848,O0010668,C006012,P00122,2026-03-17,2026-03-01,2026-03-31,14,Home & Kitchen,Cookware,Ellery & Co,Mobile App,FC-North,Metro Post,true,Changed mind,true,Recovered,1,1,54.16,22.59
R003413,OI0021856,O0010670,C006013,P00068,2025-11-24,2025-11-01,2025-12-03,9,Footwear,Sandals,Corda,Mobile App,FC-North,Swiftline,true,Changed mind,true,Recovered,1,1,89.04,47.73
R003414,OI0021872,O0010678,C006018,P00040,2025-11-04,2025-11-01,2025-11-23,19,Apparel,Tops,Puresel,Web,FC-South,Regional Freight,false,Not as described,true,Recovered,1,1,75.88,34.91
R003415,OI0021891,O0010685,C006021,P00099,2025-11-24,2025-11-01,2025-12-20,26,Electronics,Small Appliances,Latitude 54,Store,Store Pickup,,,Wrong size,true,Recovered,2,2,945.86,222.06
R003416,OI0021894,O0010687,C006021,P00044,2026-02-17,2026-02-01,2026-03-09,20,Apparel,Denim,Corda,Marketplace,FC-Central,Swiftline,true,Damaged in transit,false,Written off,1,1,20.90,20.9
R003417,OI0021902,O0010692,C006022,P00051,2026-06-15,2026-06-01,2026-06-29,14,Apparel,Denim,Corda,Mobile App,FC-North,Swiftline,true,Changed mind,true,Recovered,1,1,21.32,3.78
R003418,OI0021903,O0010693,C006023,P00184,2025-10-01,2025-10-01,2025-10-06,5,Sports & Outdoors,Swim,Ellery & Co,Web,FC-South,Metro Post,true,Wrong size,true,Recovered,1,1,208.78,88.73
R003419,OI0021907,O0010694,C006024,P00033,2025-10-02,2025-10-01,2025-10-08,6,Apparel,Denim,Northvale,Web,FC-South,Metro Post,true,Faulty,false,Written off,1,1,44.67,44.67
R003420,OI0021920,O0010702,C006030,P00030,2025-10-05,2025-10-01,2025-10-20,15,Apparel,Denim,Latitude 54,Mobile App,FC-South,Regional Freight,true,Not as described,true,Recovered,1,1,76.69,34.21
R003421,OI0021923,O0010703,C006031,P00006,2025-10-04,2025-10-01,2025-10-26,22,Apparel,Denim,Puresel,Store,Store Pickup,,,Changed mind,true,Recovered,3,3,94.32,58.68
R003422,OI0021926,O0010705,C006033,P00057,2025-10-03,2025-10-01,2025-10-15,12,Footwear,Trainers,Puresel,Mobile App,FC-Central,Swiftline,true,Wrong size,true,Recovered,1,1,53.74,27.56
R003423,OI0021933,O0010707,C006034,P00140,2026-03-27,2026-03-01,2026-04-15,19,Home & Kitchen,Lighting,Brightpath,Web,FC-Central,Swiftline,true,Changed mind,true,Recovered,1,1,44.89,15.27
R003424,OI0021947,O0010716,C006036,P00074,2026-04-22,2026-04-01,2026-05-06,14,Footwear,Trainers,Puresel,Web,FC-South,Regional Freight,true,Wrong size,true,Recovered,1,1,128.17,80.38
R003425,OI0021948,O0010717,C006037,P00102,2025-10-06,2025-10-01,2025-10-25,19,Electronics,Small Appliances,Corda,Web,FC-North,Metro Post,true,Not as described,true,Recovered,1,1,243.13,27.23
R003426,OI0021950,O0010718,C006037,P00035,2025-11-28,2025-11-01,2025-12-10,12,Apparel,Outerwear,Northvale,Web,FC-North,Swiftline,false,Arrived too late,true,Recovered,1,1,131.59,67.13
R003427,OI0021965,O0010723,C006040,P00034,2025-10-04,2025-10-01,2025-10-21,17,Apparel,Dresses,Latitude 54,Web,FC-South,Metro Post,true,Wrong size,true,Recovered,1,1,36.11,14.49
R003428,OI0021977,O0010730,C006043,P00056,2025-10-07,2025-10-01,2025-11-01,25,Footwear,Sandals,Puresel,Mobile App,FC-North,Swiftline,true,Changed mind,true,Recovered,1,1,105.15,60.28
R003429,OI0021978,O0010730,C006043,P00066,2025-10-07,2025-10-01,2025-10-21,14,Footwear,Sandals,Puresel,Mobile App,FC-North,Swiftline,true,Changed mind,true,Recovered,1,1,111.95,63.02
R003430,OI0021982,O0010732,C006045,P00068,2025-10-06,2025-10-01,2025-10-11,5,Footwear,Sandals,Corda,Web,FC-Central,Metro Post,true,Arrived too late,true,Recovered,2,2,194.16,111.54
R003431,OI0021987,O0010734,C006046,P00064,2025-12-01,2025-12-01,2025-12-29,28,Footwear,Boots,Mokkan,Mobile App,FC-South,Metro Post,false,Arrived too late,true,Recovered,1,1,93.30,50.66
R003432,OI0021992,O0010737,C006047,P00047,2026-02-07,2026-02-01,2026-02-26,19,Apparel,Dresses,Puresel,Web,FC-Central,Swiftline,true,Changed mind,true,Recovered,1,2,74.71,29.46
R003433,OI0021994,O0010738,C006048,P00078,2025-10-04,2025-10-01,2025-10-10,6,Footwear,Sandals,Corda,Mobile App,FC-North,Metro Post,true,Wrong size,true,Recovered,1,2,128.93,67.91
R003434,OI0022007,O0010745,C006051,P00070,2025-10-07,2025-10-01,2025-10-21,14,Footwear,Boots,Latitude 54,Mobile App,FC-South,Regional Freight,false,Arrived too late,true,Recovered,1,1,81.65,41.3
R003435,OI0022008,O0010746,C006051,P00024,2025-11-06,2025-11-01,2025-11-30,24,Apparel,Outerwear,Brightpath,Web,FC-South,Regional Freight,true,Wrong size,true,Recovered,1,1,35.49,19.91
R003436,OI0022009,O0010746,C006051,P00012,2025-11-06,2025-11-01,2025-12-04,28,Apparel,Knitwear,Mokkan,Web,FC-South,Regional Freight,true,Damaged in transit,false,Written off,1,1,88.93,88.93
R003437,OI0022016,O0010749,C006053,P00071,2025-12-11,2025-12-01,2026-01-04,24,Footwear,Boots,Puresel,Mobile App,FC-South,Metro Post,true,Not as described,true,Recovered,1,1,122.76,66.8
R003438,OI0022050,O0010770,C006066,P00054,2026-01-04,2026-01-01,2026-01-23,19,Footwear,Sandals,Mokkan,Marketplace,FC-South,Regional Freight,false,Arrived too late,true,Recovered,2,2,119.04,60.02
R003439,OI0022072,O0010782,C006075,P00036,2025-11-04,2025-11-01,2025-11-28,24,Apparel,Dresses,Latitude 54,Web,FC-North,Regional Freight,false,Not as described,true,Recovered,3,3,187.29,115.32
R003440,OI0022078,O0010784,C006076,P00080,2025-10-05,2025-10-01,2025-10-30,25,Footwear,Sandals,Ellery & Co,Web,FC-South,Regional Freight,true,Wrong size,true,Recovered,1,1,36.91,13.61
R003441,OI0022089,O0010789,C006080,P00018,2025-10-06,2025-10-01,2025-11-03,28,Apparel,Denim,Latitude 54,Web,FC-Central,Swiftline,true,Not as described,true,Recovered,1,1,62.01,35.68
R003442,OI0022095,O0010791,C006080,P00050,2026-04-07,2026-04-01,2026-04-18,11,Apparel,Knitwear,Brightpath,Store,Store Pickup,,,Faulty,false,Written off,1,1,99.79,99.79
R003443,OI0022104,O0010794,C006082,P00023,2025-10-29,2025-10-01,2025-11-11,13,Apparel,Tops,Latitude 54,Mobile App,FC-South,Regional Freight,true,Changed mind,true,Recovered,1,1,49.85,32.11
R003444,OI0022108,O0010797,C006083,P00090,2026-04-11,2026-04-01,2026-04-19,8,Electronics,Audio,Corda,Marketplace,FC-South,Regional Freight,true,Not as described,true,Recovered,1,1,290.67,47.51
R003445,OI0022110,O0010798,C006084,P00181,2025-10-05,2025-10-01,2025-10-20,15,Sports & Outdoors,Camping,Ellery & Co,Web,FC-South,Metro Post,false,Arrived too late,true,Recovered,1,1,235.91,102.9
R003446,OI0022112,O0010798,C006084,P00182,2025-10-05,2025-10-01,2025-11-02,28,Sports & Outdoors,Cycling,Northvale,Web,FC-South,Metro Post,false,Changed mind,true,Recovered,1,1,47.86,20.91
R003447,OI0022123,O0010805,C006089,P00082,2025-10-09,2025-10-01,2025-10-28,19,Electronics,Audio,Puresel,Mobile App,FC-Central,Swiftline,true,Wrong size,true,Recovered,1,2,477.87,99.3
R003448,OI0022139,O0010811,C006092,P00052,2026-02-19,2026-02-01,2026-03-14,23,Apparel,Dresses,Corda,Marketplace,FC-South,Metro Post,true,Changed mind,true,Recovered,2,2,117.36,69.3
R003449,OI0022147,O0010817,C006097,P00075,2025-10-09,2025-10-01,2025-10-20,11,Footwear,Formal,Latitude 54,Mobile App,FC-South,Regional Freight,false,Changed mind,true,Recovered,1,1,51.74,25.32
R003450,OI0022150,O0010820,C006098,P00070,2025-10-10,2025-10-01,2025-10-17,7,Footwear,Boots,Latitude 54,Web,FC-South,Swiftline,false,Arrived too late,true,Recovered,1,1,81.65,41.3
R003451,OI0022152,O0010821,C006099,P00189,2025-10-10,2025-10-01,2025-10-14,4,Sports & Outdoors,Camping,Brightpath,Marketplace,FC-South,Regional Freight,true,Faulty,false,Written off,1,1,149.83,149.83
R003452,OI0022159,O0010824,C006101,P00058,2025-10-08,2025-10-01,2025-10-16,8,Footwear,Trainers,Brightpath,Web,FC-South,Swiftline,true,Changed mind,true,Recovered,1,1,156.81,82.76
R003453,OI0022162,O0010824,C006101,P00146,2025-10-08,2025-10-01,2025-11-07,30,Beauty,Fragrance,Mokkan,Web,FC-South,Swiftline,true,Not as described,true,Recovered,1,1,33.87,18.05
R003454,OI0022163,O0010825,C006102,P00187,2025-10-09,2025-10-01,2025-10-19,10,Sports & Outdoors,Camping,Puresel,Web,FC-North,Metro Post,false,Arrived too late,true,Recovered,1,1,159.54,54.87
R003455,OI0022169,O0010827,C006104,P00053,2025-10-09,2025-10-01,2025-11-04,26,Apparel,Tops,Latitude 54,Marketplace,FC-North,Metro Post,true,Not as described,true,Recovered,1,1,58.42,20.39
R003456,OI0022174,O0010829,C006105,P00032,2025-11-01,2025-11-01,2025-11-20,19,Apparel,Outerwear,Mokkan,Web,FC-Central,Metro Post,true,Faulty,false,Written off,1,1,24.65,24.65
R003457,OI0022182,O0010832,C006107,P00068,2025-10-08,2025-10-01,2025-10-29,21,Footwear,Sandals,Corda,Mobile App,FC-South,Regional Freight,true,Wrong size,true,Recovered,1,1,106.66,65.35
R003458,OI0022183,O0010833,C006107,P00051,2026-01-07,2026-01-01,2026-01-15,8,Apparel,Denim,Corda,Web,FC-South,Regional Freight,true,Arrived too late,true,Recovered,1,1,34.31,16.77
R003459,OI0022193,O0010837,C006110,P00050,2025-10-08,2025-10-01,2025-11-02,25,Apparel,Knitwear,Brightpath,Marketplace,FC-North,Swiftline,true,Faulty,false,Written off,1,1,103.21,103.21
R003460,OI0022205,O0010843,C006114,P00070,2025-10-08,2025-10-01,2025-10-18,10,Footwear,Boots,Latitude 54,Web,FC-Central,Metro Post,true,Faulty,false,Written off,1,2,44.25,44.25
R003461,OI0022213,O0010849,C006116,P00042,2026-01-18,2026-01-01,2026-02-12,25,Apparel,Knitwear,Latitude 54,Web,FC-Central,Metro Post,false,Wrong size,true,Recovered,1,1,98.30,58.28
R003462,OI0022217,O0010853,C006118,P00186,2025-12-05,2025-12-01,2025-12-30,25,Sports & Outdoors,Fitness,Latitude 54,Marketplace,FC-Central,Swiftline,true,Changed mind,true,Recovered,1,1,177.27,38.95
R003463,OI0022221,O0010854,C006119,P00077,2025-10-09,2025-10-01,2025-10-27,18,Footwear,Boots,Ellery & Co,Marketplace,FC-South,Swiftline,true,Wrong size,true,Recovered,1,3,69.40,28.48
R003464,OI0022236,O0010864,C006124,P00153,2025-10-09,2025-10-01,2025-10-23,14,Beauty,Fragrance,Ellery & Co,Marketplace,FC-Central,Swiftline,true,Changed mind,true,Recovered,1,1,34.32,17.98
R003465,OI0022246,O0010870,C006128,P00031,2025-10-10,2025-10-01,2025-10-31,21,Apparel,Dresses,Brightpath,Web,FC-South,Metro Post,true,Wrong size,true,Recovered,1,1,68.41,30.92
R003466,OI0022247,O0010870,C006128,P00179,2025-10-10,2025-10-01,2025-10-31,21,Sports & Outdoors,Fitness,Mokkan,Web,FC-South,Metro Post,true,Wrong size,true,Recovered,1,1,49.48,18.75
R003467,OI0022277,O0010887,C006140,P00060,2026-01-11,2026-01-01,2026-01-20,9,Footwear,Formal,Corda,Web,FC-South,Regional Freight,true,Not as described,true,Recovered,1,1,65.92,-0.02
R003468,OI0022280,O0010888,C006141,P00017,2025-10-10,2025-10-01,2025-10-18,8,Apparel,Dresses,Corda,Mobile App,FC-North,Swiftline,true,Wrong size,true,Recovered,2,2,54.86,31.12
R003469,OI0022281,O0010889,C006141,P00021,2025-11-24,2025-11-01,2025-12-12,18,Apparel,Denim,Northvale,Web,FC-North,Swiftline,true,Changed mind,true,Recovered,1,1,52.72,31.56
R003470,OI0022283,O0010890,C006141,P00097,2026-01-20,2026-01-01,2026-02-07,18,Electronics,Audio,Corda,Web,FC-North,Swiftline,true,Changed mind,true,Recovered,1,1,156.29,-64.98
R003471,OI0022296,O0010897,C006146,P00190,2025-10-10,2025-10-01,2025-10-18,8,Sports & Outdoors,Cycling,Puresel,Web,FC-Central,Metro Post,true,Arrived too late,true,Recovered,1,1,185.32,80.17
R003472,OI0022298,O0010898,C006147,P00165,2025-10-13,2025-10-01,2025-10-30,17,Beauty,Haircare,Corda,Mobile App,FC-Central,Swiftline,true,Wrong size,true,Recovered,1,2,59.82,39.05
R003473,OI0022303,O0010900,C006148,P00003,2025-10-11,2025-10-01,2025-10-26,15,Apparel,Outerwear,Northvale,Store,Store Pickup,,,Changed mind,true,Recovered,1,1,32.59,18.9
R003474,OI0022306,O0010901,C006149,P00112,2025-10-15,2025-10-01,2025-11-10,26,Home & Kitchen,Bedding,Puresel,Marketplace,FC-Central,Regional Freight,true,Wrong size,true,Recovered,1,1,155.35,47.56
R003475,OI0022315,O0010906,C006154,P00074,2025-10-14,2025-10-01,2025-11-08,25,Footwear,Trainers,Puresel,Web,FC-Central,Metro Post,true,Damaged in transit,false,Written off,3,3,384.51,384.51
R003476,OI0022317,O0010907,C006155,P00075,2025-10-13,2025-10-01,2025-11-04,22,Footwear,Formal,Latitude 54,Mobile App,FC-South,Metro Post,true,Changed mind,true,Recovered,1,1,51.74,25.32
R003477,OI0022321,O0010910,C006156,P00057,2026-01-21,2026-01-01,2026-01-28,7,Footwear,Trainers,Puresel,Mobile App,FC-South,Regional Freight,true,Wrong size,true,Recovered,1,1,42.20,16.02
R003478,OI0022328,O0010914,C006156,P00161,2026-05-16,2026-05-01,2026-06-12,27,Beauty,Fragrance,Northvale,Mobile App,FC-South,Swiftline,true,Faulty,false,Written off,1,1,56.52,56.52
R003479,OI0022343,O0010919,C006158,P00189,2025-10-12,2025-10-01,2025-10-21,9,Sports & Outdoors,Camping,Brightpath,Web,FC-Central,Metro Post,true,Changed mind,true,Recovered,1,1,180.08,65.35
R003480,OI0022349,O0010922,C006160,P00037,2025-12-15,2025-12-01,2025-12-23,8,Apparel,Tops,Brightpath,Mobile App,FC-Central,Regional Freight,true,Changed mind,true,Recovered,1,1,81.64,31.03
R003481,OI0022388,O0010943,C006172,P00123,2025-10-14,2025-10-01,2025-10-22,8,Home & Kitchen,Lighting,Northvale,Web,FC-Central,Metro Post,true,Wrong size,true,Recovered,1,1,135.84,51.49
R003482,OI0022391,O0010944,C006173,P00013,2025-10-13,2025-10-01,2025-11-01,19,Apparel,Dresses,Ellery & Co,Web,FC-South,Metro Post,true,Changed mind,true,Recovered,1,1,66.51,41.87
R003483,OI0022395,O0010947,C006176,P00103,2025-10-17,2025-10-01,2025-11-12,26,Electronics,Small Appliances,Latitude 54,Mobile App,FC-South,Regional Freight,true,Wrong size,true,Recovered,1,1,111.90,21.89
R003484,OI0022403,O0010949,C006178,P00064,2025-10-14,2025-10-01,2025-10-29,15,Footwear,Boots,Mokkan,Mobile App,FC-Central,Swiftline,true,Changed mind,true,Recovered,1,1,93.30,50.66
R003485,OI0022412,O0010953,C006180,P00107,2026-02-04,2026-02-01,2026-03-03,27,Electronics,Wearables,Corda,Marketplace,FC-Central,Metro Post,true,Damaged in transit,false,Written off,1,1,109.03,109.03
R003486,OI0022443,O0010969,C006187,P00008,2026-02-27,2026-02-01,2026-03-08,9,Apparel,Tops,Brightpath,Marketplace,FC-North,Swiftline,true,Wrong size,true,Recovered,1,1,83.50,53.57
R003487,OI0022445,O0010969,C006187,P00047,2026-02-27,2026-02-01,2026-03-17,18,Apparel,Dresses,Puresel,Marketplace,FC-North,Swiftline,true,Not as described,true,Recovered,1,1,95.89,50.64
R003488,OI0022456,O0010976,C006191,P00025,2025-10-16,2025-10-01,2025-11-13,28,Apparel,Outerwear,Corda,Mobile App,FC-South,Metro Post,true,Changed mind,true,Recovered,3,3,211.62,64.92
R003489,OI0022466,O0010980,C006194,P00066,2025-10-17,2025-10-01,2025-10-20,3,Footwear,Sandals,Puresel,Mobile App,FC-South,Regional Freight,true,Wrong size,true,Recovered,1,1,73.79,24.86
R003490,OI0022469,O0010981,C006195,P00062,2025-10-18,2025-10-01,2025-11-16,29,Footwear,Formal,Latitude 54,Mobile App,FC-South,Metro Post,false,Arrived too late,true,Recovered,1,1,120.05,68.9
R003491,OI0022481,O0010988,C006200,P00022,2025-10-16,2025-10-01,2025-11-03,18,Apparel,Knitwear,Northvale,Web,FC-North,Regional Freight,true,Wrong size,true,Recovered,1,1,40.61,25.92
R003492,OI0022482,O0010988,C006200,P00022,2025-10-16,2025-10-01,2025-11-13,28,Apparel,Knitwear,Northvale,Web,FC-North,Regional Freight,true,Changed mind,true,Recovered,1,1,40.61,25.92
R003493,OI0022494,O0010995,C006203,P00015,2025-10-19,2025-10-01,2025-11-16,28,Apparel,Tops,Corda,Web,FC-Central,Metro Post,true,Wrong size,true,Recovered,1,1,66.55,39.88
R003494,OI0022516,O0011008,C006210,P00069,2025-10-17,2025-10-01,2025-11-13,27,Footwear,Sandals,Brightpath,Mobile App,FC-South,Metro Post,true,Wrong size,true,Recovered,1,1,148.15,87.94
R003495,OI0022522,O0011011,C006211,P00028,2026-02-09,2026-02-01,2026-03-03,22,Apparel,Dresses,Mokkan,Web,FC-North,Metro Post,false,Changed mind,true,Recovered,4,4,127.96,81.0
R003496,OI0022532,O0011017,C006215,P00188,2025-10-20,2025-10-01,2025-10-28,8,Sports & Outdoors,Swim,Mokkan,Mobile App,FC-North,Swiftline,true,Changed mind,true,Recovered,1,1,106.23,7.48
R003497,OI0022533,O0011017,C006215,P00176,2025-10-20,2025-10-01,2025-11-14,25,Sports & Outdoors,Cycling,Ellery & Co,Mobile App,FC-North,Swiftline,true,Changed mind,true,Recovered,1,4,169.90,91.53
R003498,OI0022537,O0011018,C006215,P00170,2025-11-07,2025-11-01,2025-11-27,20,Sports & Outdoors,Cycling,Corda,Mobile App,FC-North,Swiftline,false,Changed mind,true,Recovered,1,1,216.26,95.69
R003499,OI0022543,O0011021,C006217,P00130,2025-10-17,2025-10-01,2025-11-01,15,Home & Kitchen,Cookware,Ellery & Co,Web,FC-Central,Swiftline,false,Faulty,false,Written off,1,1,206.19,206.19
R003500,OI0022544,O0011022,C006218,P00002,2025-10-18,2025-10-01,2025-11-17,30,Apparel,Knitwear,Brightpath,Web,FC-South,Regional Freight,false,Changed mind,true,Recovered,2,2,163.36,85.64
R003501,OI0022547,O0011023,C006219,P00038,2025-10-21,2025-10-01,2025-11-05,15,Apparel,Dresses,Ellery & Co,Marketplace,FC-South,Metro Post,true,Changed mind,true,Recovered,1,1,70.77,32.83
R003502,OI0022565,O0011032,C006227,P00171,2026-01-19,2026-01-01,2026-02-21,33,Sports & Outdoors,Cycling,Ellery & Co,Mobile App,FC-South,Regional Freight,false,Faulty,false,Written off,1,1,68.19,68.19
R003503,OI0022568,O0011034,C006228,P00187,2026-01-26,2026-01-01,2026-02-16,21,Sports & Outdoors,Camping,Puresel,Store,Store Pickup,,,Wrong size,true,Recovered,1,1,164.80,60.13
R003504,OI0022569,O0011034,C006228,P00002,2026-01-26,2026-01-01,2026-02-06,11,Apparel,Knitwear,Brightpath,Store,Store Pickup,,,Not as described,true,Recovered,1,1,81.68,42.82
R003505,OI0022575,O0011038,C006230,P00011,2026-02-10,2026-02-01,2026-02-19,9,Apparel,Outerwear,Northvale,Web,FC-North,Metro Post,false,Changed mind,true,Recovered,1,1,133.12,81.92
R003506,OI0022579,O0011039,C006230,P00101,2026-03-28,2026-03-01,2026-04-25,28,Electronics,Small Appliances,Corda,Store,Store Pickup,,,Changed mind,true,Recovered,1,1,112.24,14.67
R003507,OI0022581,O0011040,C006231,P00046,2025-10-21,2025-10-01,2025-11-18,28,Apparel,Dresses,Brightpath,Marketplace,FC-Central,Regional Freight,true,Wrong size,true,Recovered,1,1,117.17,66.09
R003508,OI0022587,O0011043,C006234,P00025,2025-10-18,2025-10-01,2025-11-18,31,Apparel,Outerwear,Corda,Web,FC-Central,Metro Post,true,Wrong size,true,Recovered,2,2,251.88,154.08
R003509,OI0022590,O0011044,C006235,P00112,2025-10-22,2025-10-01,2025-11-18,27,Home & Kitchen,Bedding,Puresel,Mobile App,FC-South,Regional Freight,false,Damaged in transit,false,Written off,3,3,517.83,517.83
R003510,OI0022592,O0011046,C006236,P00136,2026-05-18,2026-05-01,2026-06-12,25,Home & Kitchen,Cookware,Latitude 54,Store,Store Pickup,,,Arrived too late,true,Recovered,1,1,29.59,11.38
R003511,OI0022608,O0011053,C006240,P00053,2025-10-22,2025-10-01,2025-11-16,25,Apparel,Tops,Latitude 54,Mobile App,FC-North,Swiftline,true,Changed mind,true,Recovered,1,1,74.68,36.65
R003512,OI0022610,O0011054,C006241,P00026,2025-10-20,2025-10-01,2025-11-03,14,Apparel,Dresses,Corda,Mobile App,FC-South,Regional Freight,true,Wrong size,true,Recovered,1,1,21.95,4.25
R003513,OI0022625,O0011062,C006245,P00047,2025-10-20,2025-10-01,2025-11-02,13,Apparel,Dresses,Puresel,Web,FC-South,Swiftline,true,Changed mind,true,Recovered,1,1,95.89,50.64
R003514,OI0022631,O0011064,C006245,P00049,2026-02-12,2026-02-01,2026-03-01,17,Apparel,Tops,Brightpath,Marketplace,FC-South,Swiftline,true,Damaged in transit,false,Written off,1,1,45.89,45.89
R003515,OI0022643,O0011070,C006249,P00022,2025-12-24,2025-12-01,2026-01-03,10,Apparel,Knitwear,Northvale,Mobile App,FC-South,Metro Post,true,Wrong size,true,Recovered,2,2,42.36,12.98
R003516,OI0022647,O0011072,C006250,P00188,2025-10-21,2025-10-01,2025-11-17,27,Sports & Outdoors,Swim,Mokkan,Marketplace,FC-North,Swiftline,true,Not as described,true,Recovered,1,1,166.85,68.1
R003517,OI0022649,O0011074,C006251,P00182,2025-11-20,2025-11-01,2025-11-26,6,Sports & Outdoors,Cycling,Northvale,Store,Store Pickup,,,Not as described,true,Recovered,1,1,47.86,20.91
R003518,OI0022652,O0011075,C006251,P00181,2026-03-09,2026-03-01,2026-04-04,26,Sports & Outdoors,Camping,Ellery & Co,Store,Store Pickup,,,Not as described,true,Recovered,1,1,235.91,102.9
R003519,OI0022659,O0011079,C006254,P00064,2025-10-21,2025-10-01,2025-11-01,11,Footwear,Boots,Mokkan,Web,FC-South,Regional Freight,false,Changed mind,true,Recovered,1,1,68.39,25.75
R003520,OI0022664,O0011083,C006257,P00093,2025-10-21,2025-10-01,2025-10-28,7,Electronics,Audio,Puresel,Store,Store Pickup,,,Not as described,true,Recovered,1,1,110.51,-31.41
R003521,OI0022665,O0011084,C006257,P00186,2026-02-20,2026-02-01,2026-02-28,8,Sports & Outdoors,Fitness,Latitude 54,Web,FC-South,Swiftline,true,Wrong size,true,Recovered,1,1,272.93,134.61
R003522,OI0022670,O0011087,C006258,P00042,2025-10-20,2025-10-01,2025-11-25,36,Apparel,Knitwear,Latitude 54,Web,FC-South,Regional Freight,false,Damaged in transit,false,Written off,1,1,98.30,98.3
R003523,OI0022671,O0011088,C006258,P00185,2025-12-05,2025-12-01,2025-12-16,11,Sports & Outdoors,Swim,Puresel,Mobile App,FC-South,Swiftline,false,Not as described,true,Recovered,1,1,110.59,-17.09
R003524,OI0022673,O0011088,C006258,P00188,2025-12-05,2025-12-01,2026-01-04,30,Sports & Outdoors,Swim,Mokkan,Mobile App,FC-South,Swiftline,false,Arrived too late,true,Recovered,3,3,500.55,204.3
R003525,OI0022683,O0011093,C006262,P00098,2025-10-20,2025-10-01,2025-11-16,27,Electronics,Audio,Brightpath,Web,FC-Central,Regional Freight,true,Wrong size,true,Recovered,1,1,126.60,21.07
R003526,OI0022689,O0011097,C006264,P00037,2025-11-12,2025-11-01,2025-12-09,27,Apparel,Tops,Brightpath,Web,FC-South,Regional Freight,false,Arrived too late,true,Recovered,1,1,70.89,20.28
R003527,OI0022704,O0011102,C006267,P00077,2025-10-23,2025-10-01,2025-11-17,25,Footwear,Boots,Ellery & Co,Web,FC-South,Metro Post,false,Arrived too late,true,Recovered,1,1,105.21,64.29
R003528,OI0022705,O0011102,C006267,P00062,2025-10-23,2025-10-01,2025-11-11,19,Footwear,Formal,Latitude 54,Web,FC-South,Metro Post,false,Arrived too late,true,Recovered,3,3,294.06,140.61
R003529,OI0022707,O0011104,C006267,P00068,2026-02-19,2026-02-01,2026-03-01,10,Footwear,Sandals,Corda,Mobile App,FC-South,Swiftline,true,Damaged in transit,false,Written off,1,1,78.29,78.29
R003530,OI0022710,O0011106,C006267,P00077,2026-05-31,2026-05-01,2026-06-07,7,Footwear,Boots,Ellery & Co,Store,Store Pickup,,,Changed mind,true,Recovered,1,1,80.83,39.91
R003531,OI0022720,O0011112,C006270,P00064,2026-05-02,2026-05-01,2026-05-29,27,Footwear,Boots,Mokkan,Web,FC-Central,Swiftline,true,Damaged in transit,false,Written off,1,1,93.30,93.3
R003532,OI0022729,O0011115,C006272,P00032,2025-10-23,2025-10-01,2025-11-02,10,Apparel,Outerwear,Mokkan,Web,FC-North,Swiftline,true,Wrong size,true,Recovered,2,2,68.92,44.12
R003533,OI0022733,O0011118,C006274,P00012,2025-10-24,2025-10-01,2025-11-02,9,Apparel,Knitwear,Mokkan,Marketplace,FC-North,Metro Post,true,Not as described,true,Recovered,1,1,88.93,48.74
R003534,OI0022734,O0011119,C006275,P00028,2025-10-21,2025-10-01,2025-11-19,29,Apparel,Dresses,Mokkan,Web,FC-South,Regional Freight,false,Arrived too late,true,Recovered,1,1,31.99,20.25
R003535,OI0022749,O0011129,C006283,P00070,2025-10-22,2025-10-01,2025-11-09,18,Footwear,Boots,Latitude 54,Mobile App,FC-South,Metro Post,true,Damaged in transit,false,Written off,2,2,141.89,141.89
R003536,OI0022755,O0011133,C006283,P00072,2026-03-08,2026-03-01,2026-03-19,11,Footwear,Sandals,Brightpath,Mobile App,FC-South,Regional Freight,false,Wrong size,true,Recovered,1,1,58.95,35.37
R003537,OI0022756,O0011133,C006283,P00064,2026-03-08,2026-03-01,2026-04-06,29,Footwear,Boots,Mokkan,Mobile App,FC-South,Regional Freight,false,Changed mind,true,Recovered,1,1,66.53,23.89
R003538,OI0022763,O0011136,C006285,P00172,2026-01-04,2026-01-01,2026-02-03,30,Sports & Outdoors,Fitness,Ellery & Co,Web,FC-South,Regional Freight,false,Not as described,true,Recovered,1,1,50.59,-0.11
R003539,OI0022764,O0011137,C006286,P00128,2025-10-22,2025-10-01,2025-11-06,15,Home & Kitchen,Bedding,Northvale,Marketplace,FC-South,Regional Freight,false,Not as described,true,Recovered,1,1,22.27,9.7
R003540,OI0022766,O0011137,C006286,P00071,2025-10-22,2025-10-01,2025-11-23,32,Footwear,Boots,Puresel,Marketplace,FC-South,Regional Freight,false,Not as described,true,Recovered,1,1,122.76,66.8
R003541,OI0022774,O0011140,C006288,P00106,2025-10-25,2025-10-01,2025-11-15,21,Electronics,Accessories,Ellery & Co,Marketplace,FC-Central,Swiftline,true,Arrived too late,true,Recovered,1,1,104.67,13.06
R003542,OI0022783,O0011145,C006290,P00038,2026-01-01,2026-01-01,2026-01-10,9,Apparel,Dresses,Ellery & Co,Marketplace,FC-Central,Metro Post,true,Wrong size,true,Recovered,1,1,83.70,45.76
R003543,OI0022785,O0011146,C006291,P00038,2025-10-23,2025-10-01,2025-11-09,17,Apparel,Dresses,Ellery & Co,Web,FC-South,Regional Freight,true,Faulty,false,Written off,1,1,83.70,83.7
R003544,OI0022786,O0011146,C006291,P00102,2025-10-23,2025-10-01,2025-11-08,16,Electronics,Small Appliances,Corda,Web,FC-South,Regional Freight,true,Damaged in transit,false,Written off,2,2,486.26,486.26
R003545,OI0022793,O0011148,C006291,P00058,2026-02-02,2026-02-01,2026-02-10,8,Footwear,Trainers,Brightpath,Web,FC-South,Metro Post,true,Changed mind,true,Recovered,1,2,156.81,82.76
R003546,OI0022799,O0011150,C006293,P00081,2025-10-22,2025-10-01,2025-11-15,24,Electronics,Wearables,Mokkan,Mobile App,FC-North,Metro Post,true,Changed mind,true,Recovered,1,1,404.75,38.82
R003547,OI0022808,O0011157,C006296,P00173,2025-10-25,2025-10-01,2025-11-02,8,Sports & Outdoors,Swim,Mokkan,Web,FC-Central,Regional Freight,true,Damaged in transit,false,Written off,2,2,151.41,151.41
R003548,OI0022813,O0011160,C006299,P00096,2025-10-22,2025-10-01,2025-10-29,7,Electronics,Accessories,Mokkan,Mobile App,FC-North,Swiftline,true,Damaged in transit,false,Written off,2,2,896.36,896.36
R003549,OI0022815,O0011160,C006299,P00019,2025-10-22,2025-10-01,2025-11-12,21,Apparel,Tops,Brightpath,Mobile App,FC-North,Swiftline,true,Wrong size,true,Recovered,1,1,53.60,24.24
R003550,OI0022820,O0011163,C006302,P00048,2025-10-24,2025-10-01,2025-11-04,11,Apparel,Dresses,Latitude 54,Mobile App,FC-Central,Swiftline,true,Damaged in transit,false,Written off,1,1,97.90,97.9
R003551,OI0022833,O0011168,C006305,P00084,2025-10-24,2025-10-01,2025-11-01,8,Electronics,Wearables,Corda,Mobile App,FC-North,Regional Freight,false,Not as described,true,Recovered,2,2,357.10,13.12
R003552,OI0022839,O0011170,C006306,P00003,2025-10-25,2025-10-01,2025-11-10,16,Apparel,Outerwear,Northvale,Marketplace,FC-Central,Metro Post,true,Wrong size,true,Recovered,1,1,26.95,13.26
R003553,OI0022847,O0011173,C006307,P00058,2026-02-19,2026-02-01,2026-03-02,11,Footwear,Trainers,Brightpath,Store,Store Pickup,,,Damaged in transit,false,Written off,1,1,156.81,156.81
R003554,OI0022856,O0011176,C006309,P00117,2025-10-24,2025-10-01,2025-11-14,21,Home & Kitchen,Bedding,Ellery & Co,Web,FC-South,Regional Freight,true,Damaged in transit,false,Written off,4,4,537.60,537.6
R003555,OI0022857,O0011177,C006310,P00025,2025-10-28,2025-10-01,2025-11-25,28,Apparel,Outerwear,Corda,Web,FC-North,Swiftline,true,Arrived too late,true,Recovered,1,1,125.94,77.04
R003556,OI0022860,O0011178,C006310,P00024,2026-01-17,2026-01-01,2026-01-22,5,Apparel,Outerwear,Brightpath,Mobile App,FC-North,Swiftline,true,Damaged in transit,false,Written off,1,1,35.49,35.49
R003557,OI0022861,O0011178,C006310,P00167,2026-01-17,2026-01-01,2026-01-27,10,Beauty,Fragrance,Latitude 54,Mobile App,FC-North,Swiftline,true,Not as described,true,Recovered,1,1,55.51,34.38
R003558,OI0022872,O0011183,C006315,P00002,2025-10-26,2025-10-01,2025-11-04,9,Apparel,Knitwear,Brightpath,Mobile App,FC-North,Metro Post,true,Changed mind,true,Recovered,1,1,81.68,42.82
R003559,OI0022874,O0011184,C006315,P00032,2026-01-25,2026-01-01,2026-02-18,24,Apparel,Outerwear,Mokkan,Web,FC-North,Swiftline,true,Damaged in transit,false,Written off,1,1,34.46,34.46
R003560,OI0022877,O0011185,C006316,P00122,2025-10-25,2025-10-01,2025-11-23,29,Home & Kitchen,Cookware,Ellery & Co,Mobile App,FC-South,Metro Post,true,Wrong size,true,Recovered,1,1,49.09,17.52
R003561,OI0022886,O0011192,C006321,P00022,2025-10-28,2025-10-01,2025-11-25,28,Apparel,Knitwear,Northvale,Store,Store Pickup,,,Damaged in transit,false,Written off,4,4,162.44,162.44
R003562,OI0022892,O0011195,C006323,P00062,2025-10-28,2025-10-01,2025-11-09,12,Footwear,Formal,Latitude 54,Web,FC-Central,Metro Post,true,Not as described,true,Recovered,1,1,120.05,68.9
R003563,OI0022896,O0011199,C006324,P00039,2025-12-23,2025-12-01,2025-12-30,7,Apparel,Outerwear,Latitude 54,Web,FC-Central,Regional Freight,true,Wrong size,true,Recovered,1,1,25.56,14.18
R003564,OI0022897,O0011199,C006324,P00021,2025-12-23,2025-12-01,2026-01-04,12,Apparel,Denim,Northvale,Web,FC-Central,Regional Freight,true,Damaged in transit,false,Written off,1,1,52.72,52.72
R003565,OI0022901,O0011201,C006326,P00114,2025-10-27,2025-10-01,2025-11-09,13,Home & Kitchen,Bedding,Puresel,Mobile App,FC-South,Metro Post,false,Arrived too late,true,Recovered,1,1,111.53,42.98
R003566,OI0022907,O0011204,C006329,P00008,2025-10-30,2025-10-01,2025-11-18,19,Apparel,Tops,Brightpath,Web,FC-Central,Metro Post,true,Wrong size,true,Recovered,2,2,105.41,45.55
R003567,OI0022916,O0011207,C006331,P00053,2026-03-15,2026-03-01,2026-04-09,25,Apparel,Tops,Latitude 54,Marketplace,FC-Central,Swiftline,true,Wrong size,true,Recovered,1,1,103.71,65.68
R003568,OI0022929,O0011213,C006335,P00044,2025-10-28,2025-10-01,2025-11-10,13,Apparel,Denim,Corda,Mobile App,FC-South,Metro Post,true,Damaged in transit,false,Written off,3,3,48.83,48.83
R003569,OI0022930,O0011214,C006336,P00054,2025-10-26,2025-10-01,2025-11-05,10,Footwear,Sandals,Mokkan,Web,FC-South,Metro Post,true,Wrong size,true,Recovered,1,1,40.33,10.82
R003570,OI0022934,O0011215,C006337,P00102,2025-10-30,2025-10-01,2025-11-11,12,Electronics,Small Appliances,Corda,Web,FC-North,Swiftline,true,Damaged in transit,false,Written off,1,1,243.13,243.13
R003571,OI0022935,O0011215,C006337,P00132,2025-10-30,2025-10-01,2025-11-06,7,Home & Kitchen,Cookware,Ellery & Co,Web,FC-North,Swiftline,true,Wrong size,true,Recovered,1,3,45.78,5.9
R003572,OI0022956,O0011228,C006346,P00156,2025-10-27,2025-10-01,2025-11-08,12,Beauty,Skincare,Mokkan,Mobile App,FC-South,Regional Freight,false,Damaged in transit,false,Written off,1,1,17.16,17.16
R003573,OI0022957,O0011229,C006347,P00017,2025-10-28,2025-10-01,2025-11-05,8,Apparel,Dresses,Corda,Marketplace,FC-Central,Regional Freight,true,Wrong size,true,Recovered,1,1,27.43,15.56
R003574,OI0022959,O0011230,C006347,P00169,2025-12-28,2025-12-01,2026-01-13,16,Beauty,Cosmetics,Ellery & Co,Marketplace,FC-Central,Regional Freight,false,Arrived too late,true,Recovered,1,1,32.41,9.31
R003575,OI0022965,O0011232,C006349,P00043,2025-10-29,2025-10-01,2025-11-25,27,Apparel,Denim,Puresel,Web,FC-Central,Regional Freight,false,Damaged in transit,false,Written off,1,1,107.20,107.2
R003576,OI0022978,O0011241,C006357,P00041,2026-01-13,2026-01-01,2026-01-31,18,Apparel,Outerwear,Latitude 54,Web,FC-South,Metro Post,true,Damaged in transit,false,Written off,1,3,125.23,125.23
R003577,OI0022982,O0011243,C006358,P00184,2025-11-01,2025-11-01,2025-12-02,31,Sports & Outdoors,Swim,Ellery & Co,Mobile App,FC-Central,Swiftline,true,Changed mind,true,Recovered,1,1,208.78,88.73
R003578,OI0022991,O0011247,C006361,P00091,2025-10-31,2025-10-01,2025-11-19,19,Electronics,Small Appliances,Mokkan,Web,FC-North,Metro Post,true,Wrong size,true,Recovered,1,1,437.76,86.34
R003579,OI0022998,O0011252,C006364,P00177,2026-04-16,2026-04-01,2026-05-03,17,Sports & Outdoors,Cycling,Latitude 54,Web,FC-Central,Regional Freight,true,Faulty,false,Written off,1,1,276.02,276.02
R003580,OI0023007,O0011256,C006365,P00067,2026-03-16,2026-03-01,2026-03-25,9,Footwear,Sandals,Corda,Web,FC-Central,Regional Freight,false,Arrived too late,true,Recovered,1,1,78.15,46.73
R003581,OI0023009,O0011256,C006365,P00035,2026-03-16,2026-03-01,2026-03-29,13,Apparel,Outerwear,Northvale,Web,FC-Central,Regional Freight,false,Wrong size,true,Recovered,1,1,111.23,46.77
R003582,OI0023018,O0011260,C006369,P00182,2025-10-30,2025-10-01,2025-11-04,5,Sports & Outdoors,Cycling,Northvale,Mobile App,FC-South,Metro Post,true,Arrived too late,true,Recovered,1,1,45.16,18.21
R003583,OI0023029,O0011263,C006371,P00016,2025-10-30,2025-10-01,2025-11-22,23,Apparel,Knitwear,Brightpath,Mobile App,FC-North,Swiftline,true,Not as described,true,Recovered,1,1,54.64,32.91
R003584,OI0023031,O0011264,C006371,P00066,2025-12-04,2025-12-01,2025-12-22,18,Footwear,Sandals,Puresel,Web,FC-North,Swiftline,true,Changed mind,true,Recovered,1,1,111.95,63.02
R003585,OI0023040,O0011267,C006371,P00182,2026-06-02,2026-06-01,2026-06-21,19,Sports & Outdoors,Cycling,Northvale,Mobile App,FC-North,Swiftline,true,Wrong size,true,Recovered,1,1,47.86,20.91
R003586,OI0023065,O0011280,C006379,P00104,2025-11-02,2025-11-01,2025-11-26,24,Electronics,Audio,Brightpath,Web,FC-Central,Regional Freight,false,Damaged in transit,false,Written off,1,1,175.32,175.32
R003587,OI0023066,O0011280,C006379,P00080,2025-11-02,2025-11-01,2025-11-12,10,Footwear,Sandals,Ellery & Co,Web,FC-Central,Regional Freight,false,Not as described,true,Recovered,1,1,42.91,19.61
R003588,OI0023079,O0011288,C006381,P00135,2026-02-02,2026-02-01,2026-02-15,13,Home & Kitchen,Bedding,Ellery & Co,Mobile App,FC-Central,Swiftline,false,Changed mind,true,Recovered,1,1,140.35,53.06
R003589,OI0023081,O0011290,C006383,P00048,2025-11-02,2025-11-01,2025-11-19,17,Apparel,Dresses,Latitude 54,Marketplace,FC-North,Swiftline,true,Changed mind,true,Recovered,2,2,168.58,57.56
R003590,OI0023088,O0011294,C006386,P00078,2025-11-04,2025-11-01,2025-11-14,10,Footwear,Sandals,Corda,Web,FC-North,Swiftline,true,Changed mind,true,Recovered,1,2,128.93,67.91
R003591,OI0023095,O0011297,C006388,P00012,2025-12-01,2025-12-01,2025-12-08,7,Apparel,Knitwear,Mokkan,Store,Store Pickup,,,Faulty,false,Written off,1,1,88.93,88.93
R003592,OI0023102,O0011301,C006391,P00050,2025-11-03,2025-11-01,2025-11-11,8,Apparel,Knitwear,Brightpath,Mobile App,FC-North,Swiftline,true,Faulty,false,Written off,1,1,116.54,116.54
R003593,OI0023104,O0011302,C006392,P00049,2025-11-03,2025-11-01,2025-11-12,9,Apparel,Tops,Brightpath,Web,FC-North,Metro Post,true,Wrong size,true,Recovered,3,3,122.47,65.77
R003594,OI0023105,O0011303,C006393,P00011,2025-11-02,2025-11-01,2025-11-07,5,Apparel,Outerwear,Northvale,Marketplace,FC-North,Swiftline,true,Changed mind,true,Recovered,2,2,266.24,163.84
R003595,OI0023111,O0011305,C006394,P00181,2026-01-15,2026-01-01,2026-02-04,20,Sports & Outdoors,Camping,Ellery & Co,Marketplace,FC-Central,Regional Freight,true,Wrong size,true,Recovered,1,1,235.91,102.9
R003596,OI0023112,O0011305,C006394,P00122,2026-01-15,2026-01-01,2026-02-05,21,Home & Kitchen,Cookware,Ellery & Co,Marketplace,FC-Central,Regional Freight,true,Changed mind,true,Recovered,1,1,35.08,3.51
R003597,OI0023113,O0011305,C006394,P00008,2026-01-15,2026-01-01,2026-02-10,26,Apparel,Tops,Brightpath,Marketplace,FC-Central,Regional Freight,true,Wrong size,true,Recovered,1,1,83.50,53.57
R003598,OI0023122,O0011309,C006397,P00143,2025-11-05,2025-11-01,2025-11-12,7,Home & Kitchen,Tableware,Mokkan,Web,FC-South,Metro Post,true,Arrived too late,true,Recovered,1,1,21.76,7.78
R003599,OI0023125,O0011310,C006397,P00129,2026-02-24,2026-02-01,2026-03-26,30,Home & Kitchen,Cookware,Ellery & Co,Marketplace,FC-South,Metro Post,true,Changed mind,true,Recovered,1,1,59.96,19.8
R003600,OI0023143,O0011318,C006400,P00047,2025-11-05,2025-11-01,2025-12-04,29,Apparel,Dresses,Puresel,Mobile App,FC-South,Metro Post,true,Wrong size,true,Recovered,2,2,191.78,101.28
R003601,OI0023145,O0011319,C006400,P00008,2025-12-14,2025-12-01,2026-01-04,21,Apparel,Tops,Brightpath,Web,FC-South,Regional Freight,false,Changed mind,true,Recovered,1,1,44.56,14.63
R003602,OI0023146,O0011319,C006400,P00144,2025-12-14,2025-12-01,2026-01-01,18,Home & Kitchen,Cookware,Puresel,Web,FC-South,Regional Freight,false,Wrong size,true,Recovered,1,1,174.00,63.49
R003603,OI0023156,O0011324,C006405,P00064,2025-11-03,2025-11-01,2025-11-17,14,Footwear,Boots,Mokkan,Web,FC-South,Regional Freight,false,Arrived too late,true,Recovered,3,3,252.36,124.44
R003604,OI0023163,O0011328,C006409,P00147,2025-11-04,2025-11-01,2025-11-13,9,Beauty,Haircare,Mokkan,Web,FC-Central,Metro Post,true,Damaged in transit,false,Written off,2,2,112.43,112.43
R003605,OI0023164,O0011329,C006410,P00052,2025-11-02,2025-11-01,2025-11-16,14,Apparel,Dresses,Corda,Web,FC-North,Metro Post,true,Wrong size,true,Recovered,1,1,64.55,40.52
R003606,OI0023165,O0011329,C006410,P00104,2025-11-02,2025-11-01,2025-11-12,10,Electronics,Audio,Brightpath,Web,FC-North,Metro Post,true,Wrong size,true,Recovered,1,1,175.32,16.48
R003607,OI0023172,O0011333,C006413,P00025,2025-11-05,2025-11-01,2025-11-16,11,Apparel,Outerwear,Corda,Web,FC-Central,Swiftline,true,Changed mind,true,Recovered,1,1,125.94,77.04
R003608,OI0023177,O0011336,C006414,P00051,2026-02-12,2026-02-01,2026-03-12,28,Apparel,Denim,Corda,Marketplace,FC-Central,Metro Post,false,Arrived too late,true,Recovered,1,1,36.10,18.56
R003609,OI0023207,O0011351,C006422,P00131,2025-11-06,2025-11-01,2025-12-03,27,Home & Kitchen,Cookware,Mokkan,Web,FC-North,Swiftline,true,Not as described,true,Recovered,1,1,98.53,25.06
R003610,OI0023212,O0011354,C006424,P00079,2025-12-05,2025-12-01,2025-12-27,22,Footwear,Sandals,Mokkan,Store,Store Pickup,,,Changed mind,true,Recovered,1,1,53.77,9.0
R003611,OI0023214,O0011354,C006424,P00005,2025-12-05,2025-12-01,2025-12-26,21,Apparel,Knitwear,Ellery & Co,Store,Store Pickup,,,Wrong size,true,Recovered,1,2,44.16,22.28
R003612,OI0023227,O0011361,C006427,P00004,2025-12-06,2025-12-01,2025-12-25,19,Apparel,Knitwear,Puresel,Marketplace,FC-North,Swiftline,true,Wrong size,true,Recovered,1,1,18.91,4.93
R003613,OI0023229,O0011361,C006427,P00188,2025-12-06,2025-12-01,2025-12-16,10,Sports & Outdoors,Swim,Mokkan,Marketplace,FC-North,Swiftline,true,Changed mind,true,Recovered,2,2,277.24,79.74
R003614,OI0023246,O0011368,C006431,P00094,2025-11-06,2025-11-01,2025-12-01,25,Electronics,Accessories,Latitude 54,Web,FC-South,Regional Freight,true,Changed mind,true,Recovered,1,1,246.98,-69.83
R003615,OI0023251,O0011371,C006433,P00189,2026-03-13,2026-03-01,2026-04-04,22,Sports & Outdoors,Camping,Brightpath,Marketplace,FC-North,Swiftline,true,Damaged in transit,false,Written off,1,1,148.33,148.33
R003616,OI0023252,O0011371,C006433,P00171,2026-03-13,2026-03-01,2026-04-08,26,Sports & Outdoors,Cycling,Ellery & Co,Marketplace,FC-North,Swiftline,true,Faulty,false,Written off,1,1,68.19,68.19
R003617,OI0023258,O0011374,C006435,P00028,2026-05-05,2026-05-01,2026-06-06,32,Apparel,Dresses,Mokkan,Mobile App,FC-South,Metro Post,false,Changed mind,true,Recovered,1,1,31.99,20.25
R003618,OI0023259,O0011375,C006435,P00033,2026-06-02,2026-06-01,2026-06-09,7,Apparel,Denim,Northvale,Web,FC-South,Metro Post,false,Changed mind,true,Recovered,1,1,32.19,14.32
R003619,OI0023263,O0011377,C006436,P00143,2025-11-07,2025-11-01,2025-11-16,9,Home & Kitchen,Tableware,Mokkan,Mobile App,FC-Central,Swiftline,true,Damaged in transit,false,Written off,1,1,21.23,21.23
R003620,OI0023265,O0011378,C006437,P00012,2025-11-06,2025-11-01,2025-11-19,13,Apparel,Knitwear,Mokkan,Marketplace,FC-Central,Metro Post,true,Wrong size,true,Recovered,1,1,88.93,48.74
R003621,OI0023269,O0011380,C006439,P00038,2025-11-06,2025-11-01,2025-11-23,17,Apparel,Dresses,Ellery & Co,Web,FC-South,Swiftline,false,Changed mind,true,Recovered,1,1,56.02,18.08
R003622,OI0023274,O0011382,C006440,P00055,2025-11-08,2025-11-01,2025-12-02,24,Footwear,Trainers,Ellery & Co,Web,FC-South,Metro Post,true,Changed mind,true,Recovered,1,1,28.20,9.06
R003623,OI0023279,O0011383,C006441,P00171,2025-11-07,2025-11-01,2025-12-08,31,Sports & Outdoors,Cycling,Ellery & Co,Web,FC-South,Regional Freight,true,Wrong size,true,Recovered,1,1,68.19,26.07
R003624,OI0023282,O0011385,C006443,P00137,2025-11-08,2025-11-01,2025-11-23,15,Home & Kitchen,Bedding,Mokkan,Marketplace,FC-South,Regional Freight,false,Changed mind,true,Recovered,1,1,31.33,11.96
R003625,OI0023293,O0011392,C006448,P00105,2026-02-03,2026-02-01,2026-02-09,6,Electronics,Wearables,Northvale,Web,FC-South,Regional Freight,true,Wrong size,true,Recovered,2,2,787.78,135.58
R003626,OI0023295,O0011393,C006448,P00032,2026-03-14,2026-03-01,2026-03-23,9,Apparel,Outerwear,Mokkan,Store,Store Pickup,,,Wrong size,true,Recovered,1,1,34.46,22.06
R003627,OI0023299,O0011396,C006451,P00012,2025-11-04,2025-11-01,2025-11-19,15,Apparel,Knitwear,Mokkan,Mobile App,FC-South,Regional Freight,true,Changed mind,true,Recovered,1,1,88.93,48.74
R003628,OI0023301,O0011397,C006452,P00165,2025-11-08,2025-11-01,2025-11-30,22,Beauty,Haircare,Corda,Web,FC-South,Regional Freight,false,Wrong size,true,Recovered,1,1,56.39,35.62
R003629,OI0023311,O0011401,C006455,P00105,2025-11-06,2025-11-01,2025-11-11,5,Electronics,Wearables,Northvale,Web,FC-Central,Metro Post,true,Wrong size,true,Recovered,1,1,393.89,67.79
R003630,OI0023328,O0011408,C006460,P00004,2025-11-08,2025-11-01,2025-11-14,6,Apparel,Knitwear,Puresel,Web,FC-Central,Swiftline,true,Wrong size,true,Recovered,1,1,33.94,19.96
R003631,OI0023332,O0011411,C006461,P00078,2026-03-04,2026-03-01,2026-04-05,32,Footwear,Sandals,Corda,Web,FC-South,Regional Freight,false,Faulty,false,Written off,3,3,317.25,317.25
R003632,OI0023342,O0011418,C006467,P00073,2025-11-09,2025-11-01,2025-12-05,26,Footwear,Boots,Brightpath,Mobile App,FC-North,Regional Freight,true,Faulty,false,Written off,1,1,62.10,62.1
R003633,OI0023345,O0011419,C006468,P00032,2025-11-07,2025-11-01,2025-11-23,16,Apparel,Outerwear,Mokkan,Web,FC-South,Regional Freight,true,Not as described,true,Recovered,2,2,68.92,44.12
R003634,OI0023353,O0011423,C006471,P00051,2025-11-07,2025-11-01,2025-11-12,5,Apparel,Denim,Corda,Store,Store Pickup,,,Damaged in transit,false,Written off,2,2,86.36,86.36
R003635,OI0023366,O0011429,C006475,P00009,2025-11-09,2025-11-01,2025-11-18,9,Apparel,Outerwear,Mokkan,Marketplace,FC-Central,Regional Freight,true,Changed mind,true,Recovered,1,1,73.72,42.56
R003636,OI0023377,O0011436,C006480,P00013,2026-02-08,2026-02-01,2026-03-06,26,Apparel,Dresses,Ellery & Co,Store,Store Pickup,,,Changed mind,true,Recovered,1,1,66.51,41.87
R003637,OI0023379,O0011438,C006480,P00077,2026-05-12,2026-05-01,2026-05-31,19,Footwear,Boots,Ellery & Co,Marketplace,FC-Central,Metro Post,true,Changed mind,true,Recovered,1,1,105.21,64.29
R003638,OI0023388,O0011441,C006482,P00079,2025-11-10,2025-11-01,2025-11-24,14,Footwear,Sandals,Mokkan,Web,FC-Central,Swiftline,true,Faulty,false,Written off,1,1,67.74,67.74
R003639,OI0023389,O0011442,C006482,P00114,2025-12-04,2025-12-01,2026-01-03,30,Home & Kitchen,Bedding,Puresel,Web,FC-Central,Regional Freight,false,Wrong size,true,Recovered,1,1,101.84,33.29
R003640,OI0023394,O0011444,C006484,P00103,2025-11-10,2025-11-01,2025-12-12,32,Electronics,Small Appliances,Latitude 54,Mobile App,FC-Central,Regional Freight,false,Arrived too late,true,Recovered,1,1,111.90,21.89
R003641,OI0023403,O0011448,C006486,P00047,2025-12-30,2025-12-01,2026-01-26,27,Apparel,Dresses,Puresel,Web,FC-Central,Metro Post,false,Arrived too late,true,Recovered,1,1,95.89,50.64
R003642,OI0023407,O0011452,C006489,P00073,2025-11-10,2025-11-01,2025-12-01,21,Footwear,Boots,Brightpath,Mobile App,FC-North,Metro Post,false,Not as described,true,Recovered,1,1,79.76,41.34
R003643,OI0023409,O0011454,C006490,P00036,2026-01-20,2026-01-01,2026-02-04,15,Apparel,Dresses,Latitude 54,Web,FC-South,Regional Freight,true,Changed mind,true,Recovered,1,1,67.23,43.24
R003644,OI0023415,O0011457,C006492,P00111,2025-11-07,2025-11-01,2025-11-21,14,Home & Kitchen,Storage,Brightpath,Web,FC-South,Metro Post,true,Wrong size,true,Recovered,1,1,166.13,69.96
R003645,OI0023418,O0011458,C006493,P00039,2025-11-07,2025-11-01,2025-11-11,4,Apparel,Outerwear,Latitude 54,Web,FC-Central,Metro Post,true,Changed mind,true,Recovered,1,1,25.56,14.18
R003646,OI0023419,O0011459,C006494,P00181,2025-11-10,2025-11-01,2025-11-27,17,Sports & Outdoors,Camping,Ellery & Co,Web,FC-South,Regional Freight,true,Changed mind,true,Recovered,1,1,171.81,38.8
R003647,OI0023420,O0011459,C006494,P00005,2025-11-10,2025-11-01,2025-12-10,30,Apparel,Knitwear,Ellery & Co,Web,FC-South,Regional Freight,true,Changed mind,true,Recovered,2,2,103.98,60.22
R003648,OI0023426,O0011464,C006498,P00032,2025-12-20,2025-12-01,2025-12-29,9,Apparel,Outerwear,Mokkan,Web,FC-North,Metro Post,false,Not as described,true,Recovered,2,2,68.92,44.12
R003649,OI0023427,O0011464,C006498,P00047,2025-12-20,2025-12-01,2026-01-15,26,Apparel,Dresses,Puresel,Web,FC-North,Metro Post,false,Changed mind,true,Recovered,1,1,76.86,31.61
R003650,OI0023429,O0011465,C006499,P00180,2025-11-08,2025-11-01,2025-12-06,28,Sports & Outdoors,Fitness,Brightpath,Marketplace,FC-Central,Swiftline,true,Wrong size,true,Recovered,1,3,219.47,90.77
R003651,OI0023430,O0011465,C006499,P00007,2025-11-08,2025-11-01,2025-12-08,30,Apparel,Denim,Northvale,Marketplace,FC-Central,Swiftline,true,Wrong size,true,Recovered,2,2,187.95,93.51
R003652,OI0023433,O0011468,C006502,P00059,2025-11-07,2025-11-01,2025-11-21,14,Footwear,Trainers,Latitude 54,Web,FC-North,Swiftline,true,Not as described,true,Recovered,1,1,123.81,53.77
R003653,OI0023436,O0011470,C006503,P00037,2026-03-27,2026-03-01,2026-04-07,11,Apparel,Tops,Brightpath,Web,FC-Central,Swiftline,true,Wrong size,true,Recovered,1,1,116.64,66.03
R003654,OI0023442,O0011474,C006507,P00110,2025-11-09,2025-11-01,2025-11-18,9,Electronics,Small Appliances,Puresel,Mobile App,FC-Central,Regional Freight,true,Not as described,true,Recovered,1,1,411.22,59.84
R003655,OI0023446,O0011475,C006508,P00026,2025-11-11,2025-11-01,2025-11-23,12,Apparel,Dresses,Corda,Mobile App,FC-South,Swiftline,false,Faulty,false,Written off,2,2,55.48,55.48
R003656,OI0023447,O0011475,C006508,P00185,2025-11-11,2025-11-01,2025-11-25,14,Sports & Outdoors,Swim,Puresel,Mobile App,FC-South,Swiftline,false,Not as described,true,Recovered,1,1,245.75,118.07
R003657,OI0023449,O0011476,C006508,P00044,2025-12-05,2025-12-01,2025-12-19,14,Apparel,Denim,Corda,Web,FC-South,Swiftline,true,Changed mind,true,Recovered,1,1,15.18,8.52
R003658,OI0023462,O0011482,C006513,P00098,2025-12-17,2025-12-01,2026-01-15,29,Electronics,Audio,Brightpath,Web,FC-Central,Regional Freight,true,Damaged in transit,false,Written off,3,3,342.96,342.96
R003659,OI0023463,O0011483,C006513,P00077,2026-03-24,2026-03-01,2026-04-21,28,Footwear,Boots,Ellery & Co,Mobile App,FC-Central,Swiftline,true,Not as described,true,Recovered,1,1,105.21,64.29
R003660,OI0023481,O0011490,C006519,P00098,2025-11-12,2025-11-01,2025-12-09,27,Electronics,Audio,Brightpath,Mobile App,FC-South,Swiftline,true,Wrong size,true,Recovered,1,1,126.60,21.07
R003661,OI0023489,O0011495,C006521,P00036,2025-11-12,2025-11-01,2025-12-03,21,Apparel,Dresses,Latitude 54,Marketplace,FC-North,Regional Freight,false,Wrong size,true,Recovered,1,1,55.18,31.19
R003662,OI0023505,O0011506,C006529,P00184,2025-11-11,2025-11-01,2025-12-02,21,Sports & Outdoors,Swim,Ellery & Co,Marketplace,FC-North,Swiftline,false,Faulty,false,Written off,1,1,208.78,208.78
R003663,OI0023506,O0011507,C006529,P00181,2026-01-04,2026-01-01,2026-01-29,25,Sports & Outdoors,Camping,Ellery & Co,Web,FC-North,Metro Post,true,Not as described,true,Recovered,2,2,386.51,120.49
R003664,OI0023507,O0011507,C006529,P00065,2026-01-04,2026-01-01,2026-01-12,8,Footwear,Sandals,Ellery & Co,Web,FC-North,Metro Post,true,Changed mind,true,Recovered,3,3,284.04,122.37
R003665,OI0023512,O0011508,C006530,P00055,2025-11-12,2025-11-01,2025-11-20,8,Footwear,Trainers,Ellery & Co,Web,FC-South,Metro Post,true,Not as described,true,Recovered,1,1,39.17,20.03
R003666,OI0023520,O0011511,C006531,P00066,2026-03-01,2026-03-01,2026-03-10,9,Footwear,Sandals,Puresel,Web,FC-South,Swiftline,true,Wrong size,true,Recovered,1,1,111.95,63.02
R003667,OI0023541,O0011522,C006536,P00035,2025-11-10,2025-11-01,2025-12-07,27,Apparel,Outerwear,Northvale,Mobile App,FC-South,Metro Post,true,Wrong size,true,Recovered,1,1,131.59,67.13
R003668,OI0023554,O0011527,C006538,P00032,2025-11-10,2025-11-01,2025-11-27,17,Apparel,Outerwear,Mokkan,Web,FC-South,Regional Freight,false,Changed mind,true,Recovered,1,1,21.16,8.76
R003669,OI0023570,O0011535,C006542,P00065,2025-12-27,2025-12-01,2026-01-13,17,Footwear,Sandals,Ellery & Co,Web,FC-Central,Swiftline,true,Not as described,true,Recovered,1,1,94.68,40.79
R003670,OI0023579,O0011540,C006545,P00006,2025-11-10,2025-11-01,2025-12-02,22,Apparel,Denim,Puresel,Mobile App,FC-Central,Swiftline,true,Changed mind,true,Recovered,1,1,31.44,19.56
R003671,OI0023585,O0011544,C006547,P00113,2025-11-10,2025-11-01,2025-12-10,30,Home & Kitchen,Storage,Mokkan,Marketplace,FC-North,Swiftline,true,Wrong size,true,Recovered,1,1,86.78,35.92
R003672,OI0023594,O0011548,C006549,P00017,2025-11-12,2025-11-01,2025-12-11,29,Apparel,Dresses,Corda,Web,FC-Central,Regional Freight,true,Wrong size,true,Recovered,1,1,27.43,15.56
R003673,OI0023598,O0011549,C006550,P00065,2025-11-14,2025-11-01,2025-11-26,12,Footwear,Sandals,Ellery & Co,Marketplace,FC-North,Metro Post,true,Not as described,true,Recovered,1,1,75.35,21.46
R003674,OI0023607,O0011553,C006551,P00022,2026-01-30,2026-01-01,2026-02-17,18,Apparel,Knitwear,Northvale,Mobile App,FC-Central,Metro Post,true,Changed mind,true,Recovered,3,3,121.83,77.76
R003675,OI0023628,O0011562,C006557,P00104,2025-11-10,2025-11-01,2025-12-06,26,Electronics,Audio,Brightpath,Web,FC-South,Regional Freight,false,Arrived too late,true,Recovered,1,1,175.32,16.48
R003676,OI0023629,O0011563,C006557,P00093,2026-01-05,2026-01-01,2026-01-19,14,Electronics,Audio,Puresel,Web,FC-South,Regional Freight,false,Wrong size,true,Recovered,2,2,323.14,39.3
R003677,OI0023636,O0011564,C006558,P00078,2025-11-11,2025-11-01,2025-12-07,26,Footwear,Sandals,Corda,Marketplace,FC-South,Metro Post,true,Damaged in transit,false,Written off,1,1,128.93,128.93
R003678,OI0023642,O0011568,C006560,P00035,2026-01-01,2026-01-01,2026-01-18,17,Apparel,Outerwear,Northvale,Web,FC-North,Swiftline,true,Wrong size,true,Recovered,1,1,66.48,2.02
R003679,OI0023654,O0011574,C006563,P00077,2025-11-14,2025-11-01,2025-12-07,23,Footwear,Boots,Ellery & Co,Store,Store Pickup,,,Wrong size,true,Recovered,1,1,47.34,6.42
R003680,OI0023661,O0011578,C006566,P00123,2025-12-09,2025-12-01,2025-12-26,17,Home & Kitchen,Lighting,Northvale,Web,FC-South,Swiftline,true,Changed mind,true,Recovered,4,4,394.91,57.51
R003681,OI0023663,O0011579,C006566,P00042,2026-02-18,2026-02-01,2026-03-02,12,Apparel,Knitwear,Latitude 54,Web,FC-South,Regional Freight,true,Damaged in transit,false,Written off,1,1,98.30,98.3
R003682,OI0023681,O0011588,C006568,P00081,2026-05-14,2026-05-01,2026-06-02,19,Electronics,Wearables,Mokkan,Web,FC-South,Regional Freight,true,Not as described,true,Recovered,1,1,425.20,59.27
R003683,OI0023687,O0011591,C006570,P00067,2025-11-14,2025-11-01,2025-12-11,27,Footwear,Sandals,Corda,Store,Store Pickup,,,Wrong size,true,Recovered,1,1,78.15,46.73
R003684,OI0023688,O0011591,C006570,P00188,2025-11-14,2025-11-01,2025-12-07,23,Sports & Outdoors,Swim,Mokkan,Store,Store Pickup,,,Not as described,true,Recovered,1,1,166.73,67.98
R003685,OI0023698,O0011596,C006574,P00140,2025-11-13,2025-11-01,2025-11-30,17,Home & Kitchen,Lighting,Brightpath,Web,FC-South,Swiftline,true,Faulty,false,Written off,1,1,36.73,36.73
R003686,OI0023705,O0011599,C006576,P00045,2025-11-13,2025-11-01,2025-11-27,14,Apparel,Knitwear,Puresel,Web,FC-North,Swiftline,true,Arrived too late,true,Recovered,2,2,63.83,4.97
R003687,OI0023712,O0011604,C006581,P00011,2025-11-12,2025-11-01,2025-11-22,10,Apparel,Outerwear,Northvale,Store,Store Pickup,,,Wrong size,true,Recovered,1,1,105.62,54.42
R003688,OI0023729,O0011612,C006584,P00078,2025-11-15,2025-11-01,2025-11-28,13,Footwear,Sandals,Corda,Store,Store Pickup,,,Changed mind,true,Recovered,1,1,128.93,67.91
R003689,OI0023731,O0011613,C006585,P00018,2025-11-14,2025-11-01,2025-12-14,30,Apparel,Denim,Latitude 54,Web,FC-Central,Swiftline,true,Faulty,false,Written off,1,1,36.70,36.7
R003690,OI0023744,O0011617,C006587,P00017,2025-11-12,2025-11-01,2025-12-05,23,Apparel,Dresses,Corda,Web,FC-North,Metro Post,false,Changed mind,true,Recovered,1,1,20.71,8.84
R003691,OI0023760,O0011625,C006592,P00149,2025-11-14,2025-11-01,2025-11-28,14,Beauty,Fragrance,Mokkan,Marketplace,FC-North,Swiftline,true,Wrong size,true,Recovered,1,1,71.95,45.38
R003692,OI0023768,O0011627,C006593,P00016,2026-01-02,2026-01-01,2026-02-02,31,Apparel,Knitwear,Brightpath,Web,FC-South,Regional Freight,false,Changed mind,true,Recovered,2,2,63.49,20.03
R003693,OI0023770,O0011629,C006595,P00025,2025-11-15,2025-11-01,2025-12-11,26,Apparel,Outerwear,Corda,Mobile App,FC-North,Regional Freight,true,Changed mind,true,Recovered,3,3,377.82,231.12
R003694,OI0023771,O0011629,C006595,P00002,2025-11-15,2025-11-01,2025-12-17,32,Apparel,Knitwear,Brightpath,Mobile App,FC-North,Regional Freight,true,Wrong size,true,Recovered,1,1,57.14,18.28
R003695,OI0023775,O0011630,C006595,P00014,2025-12-20,2025-12-01,2025-12-26,6,Apparel,Dresses,Corda,Web,FC-North,Swiftline,true,Faulty,false,Written off,1,1,70.52,70.52
R003696,OI0023797,O0011641,C006603,P00012,2026-01-24,2026-01-01,2026-02-02,9,Apparel,Knitwear,Mokkan,Web,FC-South,Metro Post,false,Not as described,true,Recovered,2,2,152.75,72.37
R003697,OI0023799,O0011642,C006603,P00179,2026-02-07,2026-02-01,2026-02-11,4,Sports & Outdoors,Fitness,Mokkan,Store,Store Pickup,,,Not as described,true,Recovered,2,2,98.96,37.5
R003698,OI0023802,O0011644,C006605,P00027,2025-11-13,2025-11-01,2025-11-29,16,Apparel,Outerwear,Mokkan,Marketplace,FC-South,Swiftline,true,Wrong size,true,Recovered,3,3,93.39,53.43
R003699,OI0023807,O0011646,C006607,P00028,2025-11-16,2025-11-01,2025-12-16,30,Apparel,Dresses,Mokkan,Mobile App,FC-South,Regional Freight,false,Arrived too late,true,Recovered,2,2,38.26,14.78
R003700,OI0023817,O0011652,C006610,P00041,2025-11-14,2025-11-01,2025-12-06,22,Apparel,Outerwear,Latitude 54,Web,FC-Central,Swiftline,true,Wrong size,true,Recovered,1,1,100.61,41.18
R003701,OI0023821,O0011654,C006612,P00019,2025-11-17,2025-11-01,2025-12-12,25,Apparel,Tops,Brightpath,Marketplace,FC-South,Regional Freight,false,Changed mind,true,Recovered,1,1,46.87,17.51
R003702,OI0023837,O0011660,C006614,P00013,2025-12-08,2025-12-01,2025-12-21,13,Apparel,Dresses,Ellery & Co,Web,FC-Central,Metro Post,false,Arrived too late,true,Recovered,1,1,66.51,41.87
R003703,OI0023843,O0011662,C006616,P00012,2025-11-15,2025-11-01,2025-12-04,19,Apparel,Knitwear,Mokkan,Marketplace,FC-South,Regional Freight,false,Changed mind,true,Recovered,1,1,68.34,28.15
R003704,OI0023851,O0011666,C006617,P00069,2026-04-15,2026-04-01,2026-05-15,30,Footwear,Sandals,Brightpath,Mobile App,FC-North,Regional Freight,true,Damaged in transit,false,Written off,1,1,148.15,148.15
R003705,OI0023857,O0011669,C006620,P00073,2025-11-14,2025-11-01,2025-12-11,27,Footwear,Boots,Brightpath,Web,FC-North,Swiftline,true,Faulty,false,Written off,1,1,79.76,79.76
R003706,OI0023864,O0011671,C006620,P00042,2026-02-19,2026-02-01,2026-03-22,31,Apparel,Knitwear,Latitude 54,Mobile App,FC-North,Swiftline,true,Not as described,true,Recovered,1,1,98.30,58.28
R003707,OI0023867,O0011672,C006621,P00027,2025-11-18,2025-11-01,2025-11-30,12,Apparel,Outerwear,Mokkan,Marketplace,FC-South,Regional Freight,false,Arrived too late,true,Recovered,1,1,31.13,17.81
R003708,OI0023892,O0011684,C006628,P00056,2026-05-03,2026-05-01,2026-05-19,16,Footwear,Sandals,Puresel,Web,FC-Central,Metro Post,true,Changed mind,true,Recovered,1,1,78.28,33.41
R003709,OI0023899,O0011687,C006630,P00025,2026-02-09,2026-02-01,2026-02-18,9,Apparel,Outerwear,Corda,Web,FC-North,Metro Post,true,Damaged in transit,false,Written off,1,1,75.59,75.59
R003710,OI0023900,O0011687,C006630,P00080,2026-02-09,2026-02-01,2026-02-19,10,Footwear,Sandals,Ellery & Co,Web,FC-North,Metro Post,true,Wrong size,true,Recovered,2,2,99.54,52.94
R003711,OI0023901,O0011688,C006631,P00067,2025-11-18,2025-11-01,2025-12-03,15,Footwear,Sandals,Corda,Marketplace,FC-South,Regional Freight,false,Wrong size,true,Recovered,1,2,78.15,46.73
R003712,OI0023908,O0011693,C006635,P00063,2025-11-15,2025-11-01,2025-12-11,26,Footwear,Formal,Northvale,Marketplace,FC-North,Swiftline,true,Wrong size,true,Recovered,1,1,36.53,19.86
R003713,OI0023917,O0011696,C006637,P00042,2026-01-01,2026-01-01,2026-02-03,33,Apparel,Knitwear,Latitude 54,Mobile App,FC-South,Swiftline,true,Damaged in transit,false,Written off,1,1,98.30,98.3
R003714,OI0023918,O0011697,C006637,P00025,2026-02-22,2026-02-01,2026-03-21,27,Apparel,Outerwear,Corda,Web,FC-South,Regional Freight,true,Changed mind,true,Recovered,1,1,125.94,77.04
R003715,OI0023920,O0011698,C006638,P00176,2025-11-18,2025-11-01,2025-12-10,22,Sports & Outdoors,Cycling,Ellery & Co,Mobile App,FC-South,Metro Post,true,Wrong size,true,Recovered,3,3,361.89,126.78
R003716,OI0023926,O0011702,C006640,P00031,2025-11-15,2025-11-01,2025-12-16,31,Apparel,Dresses,Brightpath,Marketplace,FC-South,Metro Post,false,Wrong size,true,Recovered,2,2,96.67,21.69
R003717,OI0023927,O0011702,C006640,P00021,2025-11-15,2025-11-01,2025-12-07,22,Apparel,Denim,Northvale,Marketplace,FC-South,Metro Post,false,Wrong size,true,Recovered,1,1,52.72,31.56
R003718,OI0023937,O0011708,C006643,P00016,2025-12-21,2025-12-01,2025-12-27,6,Apparel,Knitwear,Brightpath,Web,FC-Central,Metro Post,true,Not as described,true,Recovered,1,1,54.64,32.91
R003719,OI0023938,O0011708,C006643,P00069,2025-12-21,2025-12-01,2025-12-31,10,Footwear,Sandals,Brightpath,Web,FC-Central,Metro Post,true,Arrived too late,true,Recovered,1,1,82.18,21.97
R003720,OI0023939,O0011709,C006643,P00015,2026-04-23,2026-04-01,2026-05-07,14,Apparel,Tops,Corda,Mobile App,FC-Central,Swiftline,true,Wrong size,true,Recovered,1,1,41.09,14.42
R003721,OI0023947,O0011715,C006646,P00062,2025-11-17,2025-11-01,2025-11-26,9,Footwear,Formal,Latitude 54,Web,FC-North,Metro Post,false,Wrong size,true,Recovered,1,1,120.05,68.9
R003722,OI0023950,O0011716,C006647,P00047,2025-11-17,2025-11-01,2025-12-21,34,Apparel,Dresses,Puresel,Mobile App,FC-South,Regional Freight,false,Changed mind,true,Recovered,1,2,58.53,13.28
R003723,OI0023952,O0011717,C006648,P00008,2025-11-19,2025-11-01,2025-12-14,25,Apparel,Tops,Brightpath,Mobile App,FC-South,Swiftline,true,Damaged in transit,false,Written off,1,1,83.50,83.5
R003724,OI0023957,O0011721,C006650,P00004,2026-01-03,2026-01-01,2026-01-22,19,Apparel,Knitwear,Puresel,Mobile App,FC-Central,Metro Post,true,Arrived too late,true,Recovered,1,1,33.94,19.96
R003725,OI0023961,O0011722,C006651,P00093,2025-11-16,2025-11-01,2025-11-28,12,Electronics,Audio,Puresel,Mobile App,FC-North,Regional Freight,true,Changed mind,true,Recovered,1,1,97.91,-44.01
R003726,OI0023965,O0011723,C006652,P00039,2025-11-17,2025-11-01,2025-11-27,10,Apparel,Outerwear,Latitude 54,Mobile App,FC-North,Swiftline,true,Changed mind,true,Recovered,1,1,25.56,14.18
R003727,OI0023967,O0011724,C006652,P00039,2026-01-21,2026-01-01,2026-02-16,26,Apparel,Outerwear,Latitude 54,Web,FC-North,Metro Post,true,Changed mind,true,Recovered,1,1,25.56,14.18
R003728,OI0023969,O0011724,C006652,P00008,2026-01-21,2026-01-01,2026-01-30,9,Apparel,Tops,Brightpath,Web,FC-North,Metro Post,true,Wrong size,true,Recovered,1,1,54.26,24.33
R003729,OI0023975,O0011727,C006654,P00119,2026-02-13,2026-02-01,2026-03-07,22,Home & Kitchen,Storage,Puresel,Web,FC-South,Swiftline,true,Wrong size,true,Recovered,1,1,192.22,64.61
R003730,OI0023977,O0011729,C006655,P00009,2025-11-18,2025-11-01,2025-12-09,21,Apparel,Outerwear,Mokkan,Marketplace,FC-Central,Swiftline,true,Damaged in transit,false,Written off,1,1,33.17,33.17
R003731,OI0023985,O0011732,C006656,P00137,2026-05-02,2026-05-01,2026-05-23,21,Home & Kitchen,Bedding,Mokkan,Web,FC-Central,Swiftline,true,Wrong size,true,Recovered,1,1,31.33,11.96
R003732,OI0024000,O0011741,C006660,P00041,2025-11-19,2025-11-01,2025-12-06,17,Apparel,Outerwear,Latitude 54,Web,FC-South,Regional Freight,false,Arrived too late,true,Recovered,1,1,116.54,57.11
R003733,OI0024001,O0011741,C006660,P00185,2025-11-19,2025-11-01,2025-12-11,22,Sports & Outdoors,Swim,Puresel,Web,FC-South,Regional Freight,false,Arrived too late,true,Recovered,3,3,627.10,244.06
R003734,OI0024021,O0011751,C006667,P00137,2026-05-11,2026-05-01,2026-06-01,21,Home & Kitchen,Bedding,Mokkan,Web,FC-North,Metro Post,true,Not as described,true,Recovered,1,1,31.33,11.96
R003735,OI0024031,O0011754,C006669,P00060,2025-11-21,2025-11-01,2025-12-10,19,Footwear,Formal,Corda,Mobile App,FC-Central,Swiftline,false,Arrived too late,true,Recovered,1,1,83.61,17.67
R003736,OI0024035,O0011756,C006670,P00075,2026-01-04,2026-01-01,2026-01-13,9,Footwear,Formal,Latitude 54,Store,Store Pickup,,,Not as described,true,Recovered,1,1,33.40,6.98
R003737,OI0024036,O0011756,C006670,P00123,2026-01-04,2026-01-01,2026-01-26,22,Home & Kitchen,Lighting,Northvale,Store,Store Pickup,,,Not as described,true,Recovered,1,1,135.84,51.49
R003738,OI0024037,O0011757,C006670,P00070,2026-02-23,2026-02-01,2026-03-13,18,Footwear,Boots,Latitude 54,Store,Store Pickup,,,Wrong size,true,Recovered,1,1,81.65,41.3
R003739,OI0024049,O0011761,C006673,P00070,2025-11-20,2025-11-01,2025-11-27,7,Footwear,Boots,Latitude 54,Web,FC-Central,Regional Freight,true,Wrong size,true,Recovered,1,2,81.65,41.3
R003740,OI0024050,O0011761,C006673,P00068,2025-11-20,2025-11-01,2025-12-16,26,Footwear,Sandals,Corda,Web,FC-Central,Regional Freight,true,Wrong size,true,Recovered,1,1,106.66,65.35
R003741,OI0024051,O0011762,C006673,P00075,2026-01-07,2026-01-01,2026-02-04,28,Footwear,Formal,Latitude 54,Mobile App,FC-Central,Metro Post,true,Wrong size,true,Recovered,1,2,44.88,18.46
R003742,OI0024055,O0011764,C006674,P00020,2025-12-19,2025-12-01,2025-12-29,10,Apparel,Denim,Ellery & Co,Marketplace,FC-Central,Regional Freight,false,Arrived too late,true,Recovered,1,4,114.13,67.21
R003743,OI0024066,O0011769,C006675,P00187,2025-11-21,2025-11-01,2025-12-18,27,Sports & Outdoors,Camping,Puresel,Store,Store Pickup,,,Not as described,true,Recovered,1,1,164.80,60.13
R003744,OI0024082,O0011776,C006680,P00098,2025-12-28,2025-12-01,2026-02-06,40,Electronics,Audio,Brightpath,Web,FC-South,Regional Freight,false,Changed mind,true,Recovered,1,1,126.60,21.07
R003745,OI0024102,O0011787,C006684,P00181,2026-01-17,2026-01-01,2026-02-07,21,Sports & Outdoors,Camping,Ellery & Co,Marketplace,FC-North,Swiftline,true,Faulty,false,Written off,1,1,235.91,235.91
R003746,OI0024103,O0011787,C006684,P00190,2026-01-17,2026-01-01,2026-01-22,5,Sports & Outdoors,Cycling,Puresel,Marketplace,FC-North,Swiftline,true,Faulty,false,Written off,1,1,170.07,170.07
R003747,OI0024107,O0011789,C006685,P00080,2026-03-23,2026-03-01,2026-03-29,6,Footwear,Sandals,Ellery & Co,Store,Store Pickup,,,Wrong size,true,Recovered,1,1,49.77,26.47
R003748,OI0024114,O0011793,C006687,P00052,2026-02-13,2026-02-01,2026-03-11,26,Apparel,Dresses,Corda,Web,FC-Central,Metro Post,true,Faulty,false,Written off,1,1,53.96,53.96
R003749,OI0024125,O0011800,C006691,P00032,2025-11-21,2025-11-01,2025-12-03,12,Apparel,Outerwear,Mokkan,Marketplace,FC-Central,Metro Post,true,Wrong size,true,Recovered,1,1,34.46,22.06
R003750,OI0024127,O0011801,C006692,P00031,2025-11-22,2025-11-01,2025-11-30,8,Apparel,Dresses,Brightpath,Web,FC-North,Swiftline,false,Not as described,true,Recovered,1,1,90.94,53.45
R003751,OI0024129,O0011801,C006692,P00007,2025-11-22,2025-11-01,2025-12-06,14,Apparel,Denim,Northvale,Web,FC-North,Swiftline,false,Changed mind,true,Recovered,1,1,101.57,54.35
R003752,OI0024134,O0011805,C006696,P00056,2025-11-20,2025-11-01,2025-12-16,26,Footwear,Sandals,Puresel,Mobile App,FC-Central,Swiftline,false,Not as described,true,Recovered,1,1,105.15,60.28
R003753,OI0024151,O0011812,C006701,P00074,2025-11-22,2025-11-01,2025-11-28,6,Footwear,Trainers,Puresel,Mobile App,FC-South,Metro Post,false,Changed mind,true,Recovered,1,1,99.06,51.27
R003754,OI0024153,O0011812,C006701,P00077,2025-11-22,2025-11-01,2025-11-28,6,Footwear,Boots,Ellery & Co,Mobile App,FC-South,Metro Post,false,Arrived too late,true,Recovered,2,2,210.42,128.58
R003755,OI0024160,O0011816,C006702,P00075,2026-04-08,2026-04-01,2026-04-14,6,Footwear,Formal,Latitude 54,Web,FC-South,Metro Post,true,Changed mind,true,Recovered,1,1,51.74,25.32
R003756,OI0024173,O0011823,C006705,P00079,2025-11-21,2025-11-01,2025-12-10,19,Footwear,Sandals,Mokkan,Web,FC-Central,Regional Freight,false,Damaged in transit,false,Written off,1,1,67.74,67.74
R003757,OI0024180,O0011825,C006707,P00011,2025-11-24,2025-11-01,2025-12-21,27,Apparel,Outerwear,Northvale,Web,FC-South,Swiftline,false,Wrong size,true,Recovered,1,1,133.12,81.92
R003758,OI0024184,O0011828,C006710,P00051,2025-11-22,2025-11-01,2025-12-13,21,Apparel,Denim,Corda,Web,FC-South,Regional Freight,true,Changed mind,true,Recovered,3,3,122.25,69.63
R003759,OI0024204,O0011834,C006715,P00021,2025-11-22,2025-11-01,2025-12-11,19,Apparel,Denim,Northvale,Web,FC-South,Swiftline,false,Arrived too late,true,Recovered,1,1,52.72,31.56
R003760,OI0024205,O0011834,C006715,P00012,2025-11-22,2025-11-01,2025-12-13,21,Apparel,Knitwear,Mokkan,Web,FC-South,Swiftline,false,Changed mind,true,Recovered,1,1,48.84,8.65
R003761,OI0024207,O0011836,C006716,P00062,2025-12-21,2025-12-01,2026-01-16,26,Footwear,Formal,Latitude 54,Store,Store Pickup,,,Faulty,false,Written off,1,1,120.05,120.05
R003762,OI0024213,O0011839,C006717,P00029,2025-11-22,2025-11-01,2025-12-06,14,Apparel,Knitwear,Puresel,Web,FC-Central,Metro Post,false,Arrived too late,true,Recovered,1,1,87.01,40.74
R003763,OI0024219,O0011842,C006719,P00024,2026-01-12,2026-01-01,2026-02-08,27,Apparel,Outerwear,Brightpath,Mobile App,FC-North,Swiftline,true,Arrived too late,true,Recovered,2,2,70.98,39.82
R003764,OI0024231,O0011847,C006722,P00113,2025-11-21,2025-11-01,2025-12-15,24,Home & Kitchen,Storage,Mokkan,Web,FC-South,Regional Freight,false,Changed mind,true,Recovered,2,2,131.84,30.12
R003765,OI0024248,O0011854,C006728,P00061,2025-11-24,2025-11-01,2025-12-02,8,Footwear,Trainers,Northvale,Web,FC-South,Metro Post,false,Arrived too late,true,Recovered,2,2,71.26,32.96
R003766,OI0024249,O0011855,C006729,P00010,2025-11-25,2025-11-01,2025-12-01,6,Apparel,Denim,Puresel,Mobile App,FC-Central,Swiftline,true,Changed mind,true,Recovered,1,1,28.00,15.12
R003767,OI0024256,O0011858,C006731,P00064,2025-11-23,2025-11-01,2025-12-06,13,Footwear,Boots,Mokkan,Web,FC-South,Metro Post,false,Arrived too late,true,Recovered,1,2,76.28,33.64
R003768,OI0024262,O0011862,C006734,P00150,2025-11-21,2025-11-01,2025-12-01,10,Beauty,Haircare,Puresel,Mobile App,FC-North,Metro Post,true,Faulty,false,Written off,1,1,59.37,59.37
R003769,OI0024264,O0011863,C006735,P00071,2025-11-23,2025-11-01,2025-12-15,22,Footwear,Boots,Puresel,Marketplace,FC-South,Swiftline,true,Wrong size,true,Recovered,2,2,245.52,133.6
R003770,OI0024265,O0011863,C006735,P00061,2025-11-23,2025-11-01,2025-12-19,26,Footwear,Trainers,Northvale,Marketplace,FC-South,Swiftline,true,Wrong size,true,Recovered,1,4,44.28,25.13
R003771,OI0024278,O0011869,C006738,P00067,2026-05-26,2026-05-01,2026-06-22,27,Footwear,Sandals,Corda,Mobile App,FC-South,Regional Freight,true,Changed mind,true,Recovered,1,1,78.15,46.73
R003772,OI0024281,O0011870,C006739,P00180,2025-11-22,2025-11-01,2025-12-12,20,Sports & Outdoors,Fitness,Brightpath,Mobile App,FC-South,Regional Freight,true,Changed mind,true,Recovered,1,1,219.47,90.77
R003773,OI0024289,O0011875,C006741,P00067,2026-01-02,2026-01-01,2026-01-18,16,Footwear,Sandals,Corda,Store,Store Pickup,,,Changed mind,true,Recovered,1,1,57.03,25.61
R003774,OI0024296,O0011879,C006743,P00043,2025-11-23,2025-11-01,2025-12-08,15,Apparel,Denim,Puresel,Web,FC-South,Swiftline,true,Wrong size,true,Recovered,1,1,73.61,35.8
R003775,OI0024297,O0011879,C006743,P00117,2025-11-23,2025-11-01,2025-12-18,25,Home & Kitchen,Bedding,Ellery & Co,Web,FC-South,Swiftline,true,Wrong size,true,Recovered,1,1,134.40,55.77
R003776,OI0024318,O0011893,C006749,P00028,2026-03-19,2026-03-01,2026-04-01,13,Apparel,Dresses,Mokkan,Web,FC-South,Metro Post,true,Faulty,false,Written off,1,1,31.99,31.99
R003777,OI0024321,O0011896,C006751,P00170,2025-11-24,2025-11-01,2025-12-06,12,Sports & Outdoors,Cycling,Corda,Mobile App,FC-South,Regional Freight,false,Wrong size,true,Recovered,1,1,216.26,95.69
R003778,OI0024336,O0011902,C006756,P00134,2025-11-25,2025-11-01,2025-12-24,29,Home & Kitchen,Cookware,Brightpath,Web,FC-Central,Swiftline,true,Not as described,true,Recovered,1,1,44.83,3.21
R003779,OI0024350,O0011910,C006760,P00102,2026-02-20,2026-02-01,2026-02-28,8,Electronics,Small Appliances,Corda,Mobile App,FC-South,Regional Freight,true,Faulty,false,Written off,2,2,486.26,486.26
R003780,OI0024356,O0011911,C006760,P00059,2026-05-21,2026-05-01,2026-06-13,23,Footwear,Trainers,Latitude 54,Mobile App,FC-South,Regional Freight,true,Wrong size,true,Recovered,1,1,87.44,17.4
R003781,OI0024362,O0011914,C006762,P00121,2025-11-24,2025-11-01,2025-12-06,12,Home & Kitchen,Tableware,Mokkan,Marketplace,FC-North,Swiftline,true,Damaged in transit,false,Written off,1,1,95.77,95.77
R003782,OI0024370,O0011919,C006766,P00065,2025-11-25,2025-11-01,2025-12-21,26,Footwear,Sandals,Ellery & Co,Mobile App,FC-South,Regional Freight,true,Wrong size,true,Recovered,1,1,94.68,40.79
R003783,OI0024371,O0011920,C006766,P00110,2026-01-11,2026-01-01,2026-01-31,20,Electronics,Small Appliances,Puresel,Mobile App,FC-South,Regional Freight,false,Arrived too late,true,Recovered,1,1,348.67,-2.71
R003784,OI0024376,O0011922,C006767,P00174,2026-01-08,2026-01-01,2026-02-02,25,Sports & Outdoors,Fitness,Latitude 54,Web,FC-South,Regional Freight,false,Changed mind,true,Recovered,1,4,211.86,63.76
R003785,OI0024378,O0011924,C006768,P00141,2026-01-03,2026-01-01,2026-01-23,20,Home & Kitchen,Cookware,Ellery & Co,Web,FC-North,Regional Freight,true,Wrong size,true,Recovered,1,1,169.49,64.63
R003786,OI0024383,O0011927,C006769,P00050,2026-02-07,2026-02-01,2026-03-01,22,Apparel,Knitwear,Brightpath,Web,FC-Central,Swiftline,true,Wrong size,true,Recovered,2,2,125.02,25.28
R003787,OI0024391,O0011934,C006773,P00032,2025-11-24,2025-11-01,2025-12-02,8,Apparel,Outerwear,Mokkan,Mobile App,FC-South,Metro Post,true,Changed mind,true,Recovered,2,2,68.92,44.12
R003788,OI0024398,O0011939,C006776,P00011,2026-01-03,2026-01-01,2026-02-02,30,Apparel,Outerwear,Northvale,Marketplace,FC-South,Regional Freight,false,Changed mind,true,Recovered,1,1,133.12,81.92
R003789,OI0024400,O0011939,C006776,P00016,2026-01-03,2026-01-01,2026-01-10,7,Apparel,Knitwear,Brightpath,Marketplace,FC-South,Regional Freight,false,Damaged in transit,false,Written off,1,1,54.64,54.64
R003790,OI0024401,O0011939,C006776,P00066,2026-01-03,2026-01-01,2026-01-19,16,Footwear,Sandals,Puresel,Marketplace,FC-South,Regional Freight,false,Damaged in transit,false,Written off,1,1,111.95,111.95
R003791,OI0024405,O0011941,C006777,P00111,2026-02-12,2026-02-01,2026-02-25,13,Home & Kitchen,Storage,Brightpath,Mobile App,FC-North,Regional Freight,true,Wrong size,true,Recovered,1,1,146.41,50.24
R003792,OI0024406,O0011942,C006778,P00005,2025-11-23,2025-11-01,2025-12-15,22,Apparel,Knitwear,Ellery & Co,Mobile App,FC-South,Regional Freight,false,Arrived too late,true,Recovered,1,1,31.74,9.86
R003793,OI0024408,O0011942,C006778,P00114,2025-11-23,2025-11-01,2025-12-20,27,Home & Kitchen,Bedding,Puresel,Mobile App,FC-South,Regional Freight,false,Arrived too late,true,Recovered,1,1,111.53,42.98
R003794,OI0024409,O0011943,C006778,P00147,2026-02-23,2026-02-01,2026-03-23,28,Beauty,Haircare,Mokkan,Web,FC-South,Metro Post,true,Wrong size,true,Recovered,2,2,132.24,73.1
R003795,OI0024413,O0011947,C006782,P00077,2025-11-26,2025-11-01,2025-12-23,27,Footwear,Boots,Ellery & Co,Store,Store Pickup,,,Not as described,true,Recovered,1,1,105.21,64.29
R003796,OI0024422,O0011951,C006783,P00048,2026-05-25,2026-05-01,2026-06-09,15,Apparel,Dresses,Latitude 54,Web,FC-Central,Swiftline,true,Changed mind,true,Recovered,2,2,245.00,133.98
R003797,OI0024429,O0011953,C006785,P00046,2025-11-28,2025-11-01,2025-12-11,13,Apparel,Dresses,Brightpath,Web,FC-Central,Swiftline,false,Arrived too late,true,Recovered,2,2,107.96,5.8
R003798,OI0024431,O0011954,C006786,P00101,2025-11-26,2025-11-01,2025-12-17,21,Electronics,Small Appliances,Corda,Mobile App,FC-Central,Swiftline,true,Wrong size,true,Recovered,1,2,70.53,-27.04
R003799,OI0024432,O0011955,C006787,P00021,2025-11-25,2025-11-01,2025-12-19,24,Apparel,Denim,Northvale,Web,FC-Central,Swiftline,true,Arrived too late,true,Recovered,1,1,52.72,31.56
R003800,OI0024433,O0011955,C006787,P00187,2025-11-25,2025-11-01,2025-12-08,13,Sports & Outdoors,Camping,Puresel,Web,FC-Central,Swiftline,true,Not as described,true,Recovered,1,1,101.75,-2.92
R003801,OI0024439,O0011958,C006789,P00122,2026-01-09,2026-01-01,2026-01-14,5,Home & Kitchen,Cookware,Ellery & Co,Mobile App,FC-North,Metro Post,true,Wrong size,true,Recovered,1,1,54.16,22.59
R003802,OI0024444,O0011961,C006792,P00105,2025-11-26,2025-11-01,2025-12-12,16,Electronics,Wearables,Northvale,Web,FC-South,Metro Post,false,Arrived too late,true,Recovered,1,3,393.89,67.79
R003803,OI0024452,O0011964,C006793,P00056,2026-04-01,2026-04-01,2026-04-26,25,Footwear,Sandals,Puresel,Mobile App,FC-Central,Metro Post,true,Changed mind,true,Recovered,1,1,85.34,40.47
R003804,OI0024455,O0011967,C006796,P00118,2025-11-26,2025-11-01,2025-12-02,6,Home & Kitchen,Tableware,Ellery & Co,Web,FC-North,Swiftline,true,Not as described,true,Recovered,1,1,26.40,11.23
R003805,OI0024456,O0011967,C006796,P00060,2025-11-26,2025-11-01,2025-12-25,29,Footwear,Formal,Corda,Web,FC-North,Swiftline,true,Arrived too late,true,Recovered,1,1,139.31,73.37
R003806,OI0024457,O0011967,C006796,P00074,2025-11-26,2025-11-01,2025-12-19,23,Footwear,Trainers,Puresel,Web,FC-North,Swiftline,true,Changed mind,true,Recovered,1,1,128.17,80.38
R003807,OI0024458,O0011968,C006797,P00177,2025-11-27,2025-11-01,2025-12-04,7,Sports & Outdoors,Cycling,Latitude 54,Web,FC-North,Regional Freight,true,Wrong size,true,Recovered,1,1,276.02,117.51
R003808,OI0024461,O0011970,C006798,P00029,2025-11-25,2025-11-01,2025-11-30,5,Apparel,Knitwear,Puresel,Store,Store Pickup,,,Changed mind,true,Recovered,2,2,104.46,11.92
R003809,OI0024485,O0011983,C006808,P00166,2026-06-10,2026-06-01,2026-07-13,33,Beauty,Skincare,Ellery & Co,Marketplace,FC-South,Regional Freight,false,Changed mind,true,Recovered,1,1,58.05,38.48
R003810,OI0024496,O0011987,C006811,P00174,2025-11-28,2025-11-01,2025-12-21,23,Sports & Outdoors,Fitness,Latitude 54,Mobile App,FC-South,Metro Post,false,Arrived too late,true,Recovered,3,3,303.87,-140.43
R003811,OI0024499,O0011988,C006812,P00056,2025-11-28,2025-11-01,2025-12-18,20,Footwear,Sandals,Puresel,Marketplace,FC-South,Regional Freight,true,Faulty,false,Written off,1,1,105.15,105.15
R003812,OI0024503,O0011990,C006813,P00126,2026-01-17,2026-01-01,2026-02-04,18,Home & Kitchen,Bedding,Puresel,Marketplace,FC-South,Metro Post,true,Wrong size,true,Recovered,1,1,33.23,10.45
R003813,OI0024504,O0011990,C006813,P00141,2026-01-17,2026-01-01,2026-02-13,27,Home & Kitchen,Cookware,Ellery & Co,Marketplace,FC-South,Metro Post,true,Not as described,true,Recovered,1,1,169.49,64.63
R003814,OI0024505,O0011991,C006814,P00065,2025-11-26,2025-11-01,2025-12-14,18,Footwear,Sandals,Ellery & Co,Mobile App,FC-South,Regional Freight,false,Faulty,false,Written off,1,1,42.61,42.61
R003815,OI0024512,O0011995,C006817,P00031,2025-11-29,2025-11-01,2025-12-20,21,Apparel,Dresses,Brightpath,Web,FC-North,Regional Freight,false,Arrived too late,true,Recovered,1,1,90.94,53.45
R003816,OI0024518,O0011997,C006819,P00102,2025-11-29,2025-11-01,2025-12-19,20,Electronics,Small Appliances,Corda,Marketplace,FC-South,Swiftline,true,Changed mind,true,Recovered,1,1,243.13,27.23
R003817,OI0024523,O0011999,C006821,P00068,2025-11-29,2025-11-01,2025-12-24,25,Footwear,Sandals,Corda,Mobile App,FC-North,Swiftline,true,Wrong size,true,Recovered,1,1,64.63,23.32
R003818,OI0024525,O0012000,C006822,P00035,2025-11-29,2025-11-01,2025-12-16,17,Apparel,Outerwear,Northvale,Web,FC-North,Swiftline,true,Not as described,true,Recovered,1,1,104.59,40.13
R003819,OI0024527,O0012001,C006823,P00133,2025-11-27,2025-11-01,2025-12-15,18,Home & Kitchen,Cookware,Latitude 54,Marketplace,FC-North,Regional Freight,false,Changed mind,true,Recovered,1,1,161.45,51.08
R003820,OI0024530,O0012003,C006825,P00031,2025-11-30,2025-11-01,2025-12-15,15,Apparel,Dresses,Brightpath,Store,Store Pickup,,,Faulty,false,Written off,1,1,90.94,90.94
R003821,OI0024534,O0012005,C006826,P00059,2025-11-28,2025-11-01,2025-12-06,8,Footwear,Trainers,Latitude 54,Mobile App,FC-North,Swiftline,true,Not as described,true,Recovered,2,2,259.86,119.78
R003822,OI0024539,O0012007,C006827,P00112,2025-11-27,2025-11-01,2025-12-04,7,Home & Kitchen,Bedding,Puresel,Marketplace,FC-Central,Metro Post,true,Wrong size,true,Recovered,1,1,172.61,64.82
R003823,OI0024543,O0012009,C006828,P00088,2025-11-27,2025-11-01,2025-12-11,14,Electronics,Audio,Mokkan,Web,FC-South,Regional Freight,false,Arrived too late,true,Recovered,1,1,284.24,-15.03
R003824,OI0024544,O0012009,C006828,P00124,2025-11-27,2025-11-01,2025-12-30,33,Home & Kitchen,Bedding,Latitude 54,Web,FC-South,Regional Freight,false,Arrived too late,true,Recovered,1,1,30.80,16.1
R003825,OI0024547,O0012011,C006830,P00029,2025-11-27,2025-11-01,2025-12-22,25,Apparel,Knitwear,Puresel,Marketplace,FC-Central,Swiftline,true,Changed mind,true,Recovered,1,1,116.07,69.8
R003826,OI0024553,O0012014,C006832,P00129,2025-11-29,2025-11-01,2026-01-08,40,Home & Kitchen,Cookware,Ellery & Co,Marketplace,FC-South,Metro Post,false,Arrived too late,true,Recovered,1,3,59.96,19.8
R003827,OI0024575,O0012024,C006840,P00095,2025-11-28,2025-11-01,2025-12-05,7,Electronics,Small Appliances,Latitude 54,Web,FC-North,Metro Post,true,Wrong size,true,Recovered,2,2,793.70,70.38
R003828,OI0024576,O0012025,C006841,P00026,2025-11-28,2025-11-01,2025-12-09,11,Apparel,Dresses,Corda,Store,Store Pickup,,,Changed mind,true,Recovered,1,1,24.09,6.39
R003829,OI0024580,O0012025,C006841,P00160,2025-11-28,2025-11-01,2025-12-15,17,Beauty,Fragrance,Puresel,Store,Store Pickup,,,Wrong size,true,Recovered,1,1,65.82,42.51
R003830,OI0024591,O0012032,C006846,P00120,2025-11-30,2025-11-01,2026-01-07,38,Home & Kitchen,Lighting,Northvale,Mobile App,FC-South,Regional Freight,false,Faulty,false,Written off,1,1,97.95,97.95
R003831,OI0024593,O0012032,C006846,P00050,2025-11-30,2025-11-01,2025-12-17,17,Apparel,Knitwear,Brightpath,Mobile App,FC-South,Regional Freight,false,Changed mind,true,Recovered,2,2,164.79,65.05
R003832,OI0024598,O0012035,C006848,P00022,2025-11-28,2025-11-01,2025-12-13,15,Apparel,Knitwear,Northvale,Web,FC-Central,Regional Freight,true,Damaged in transit,false,Written off,2,2,81.22,81.22
R003833,OI0024609,O0012041,C006851,P00016,2026-01-10,2026-01-01,2026-01-24,14,Apparel,Knitwear,Brightpath,Mobile App,FC-South,Metro Post,true,Changed mind,true,Recovered,3,3,76.34,11.15
R003834,OI0024613,O0012044,C006853,P00049,2025-12-01,2025-12-01,2025-12-18,17,Apparel,Tops,Brightpath,Web,FC-North,Metro Post,false,Damaged in transit,false,Written off,1,1,45.89,45.89
R003835,OI0024614,O0012044,C006853,P00034,2025-12-01,2025-12-01,2025-12-16,15,Apparel,Dresses,Latitude 54,Web,FC-North,Metro Post,false,Wrong size,true,Recovered,1,1,34.95,13.33
R003836,OI0024625,O0012051,C006856,P00098,2026-04-22,2026-04-01,2026-05-21,29,Electronics,Audio,Brightpath,Web,FC-North,Regional Freight,true,Changed mind,true,Recovered,1,1,118.99,13.46
R003837,OI0024631,O0012053,C006857,P00116,2025-11-30,2025-11-01,2025-12-10,10,Home & Kitchen,Bedding,Latitude 54,Mobile App,FC-Central,Regional Freight,true,Changed mind,true,Recovered,1,2,38.00,12.17
R003838,OI0024636,O0012057,C006859,P00030,2025-12-01,2025-12-01,2025-12-11,10,Apparel,Denim,Latitude 54,Web,FC-North,Regional Freight,true,Changed mind,true,Recovered,1,1,99.97,57.49
R003839,OI0024646,O0012062,C006864,P00084,2025-11-30,2025-11-01,2025-12-17,17,Electronics,Wearables,Corda,Mobile App,FC-South,Regional Freight,false,Wrong size,true,Recovered,1,1,208.44,36.45
R003840,OI0024654,O0012066,C006867,P00086,2026-01-21,2026-01-01,2026-01-30,9,Electronics,Audio,Brightpath,Web,FC-North,Metro Post,true,Damaged in transit,false,Written off,1,1,263.09,263.09
R003841,OI0024661,O0012068,C006868,P00073,2025-12-02,2025-12-01,2026-01-02,31,Footwear,Boots,Brightpath,Marketplace,FC-South,Regional Freight,false,Arrived too late,true,Recovered,1,1,79.76,41.34
R003842,OI0024665,O0012071,C006870,P00046,2025-12-03,2025-12-01,2025-12-20,17,Apparel,Dresses,Brightpath,Marketplace,FC-North,Metro Post,true,Faulty,false,Written off,1,2,117.17,117.17
R003843,OI0024674,O0012076,C006873,P00045,2026-02-28,2026-02-01,2026-03-04,4,Apparel,Knitwear,Puresel,Store,Store Pickup,,,Changed mind,true,Recovered,1,1,70.92,41.49
R003844,OI0024675,O0012076,C006873,P00080,2026-02-28,2026-02-01,2026-03-21,21,Footwear,Sandals,Ellery & Co,Store,Store Pickup,,,Not as described,true,Recovered,1,1,49.77,26.47
R003845,OI0024678,O0012077,C006873,P00061,2026-04-24,2026-04-01,2026-05-07,13,Footwear,Trainers,Northvale,Web,FC-South,Swiftline,true,Faulty,false,Written off,1,1,40.90,40.9
R003846,OI0024681,O0012077,C006873,P00080,2026-04-24,2026-04-01,2026-05-05,11,Footwear,Sandals,Ellery & Co,Web,FC-South,Swiftline,true,Damaged in transit,false,Written off,1,1,49.77,49.77
R003847,OI0024686,O0012080,C006875,P00054,2025-12-03,2025-12-01,2026-01-06,34,Footwear,Sandals,Mokkan,Mobile App,FC-North,Regional Freight,false,Wrong size,true,Recovered,1,1,48.96,19.45
R003848,OI0024690,O0012082,C006875,P00074,2026-02-08,2026-02-01,2026-02-10,2,Footwear,Trainers,Puresel,Store,Store Pickup,,,Wrong size,true,Recovered,2,2,256.34,160.76
R003849,OI0024698,O0012085,C006877,P00064,2025-12-01,2025-12-01,2025-12-14,13,Footwear,Boots,Mokkan,Mobile App,FC-Central,Metro Post,false,Faulty,false,Written off,1,1,58.18,58.18
R003850,OI0024706,O0012089,C006880,P00134,2026-03-12,2026-03-01,2026-04-12,31,Home & Kitchen,Cookware,Brightpath,Web,FC-South,Metro Post,true,Wrong size,true,Recovered,1,1,49.77,8.15
R003851,OI0024707,O0012089,C006880,P00029,2026-03-12,2026-03-01,2026-04-02,21,Apparel,Knitwear,Puresel,Web,FC-South,Metro Post,true,Faulty,false,Written off,1,1,116.07,116.07
R003852,OI0024709,O0012090,C006881,P00049,2025-12-02,2025-12-01,2025-12-17,15,Apparel,Tops,Brightpath,Mobile App,FC-South,Regional Freight,true,Arrived too late,true,Recovered,1,1,45.89,26.99
R003853,OI0024712,O0012090,C006881,P00003,2025-12-02,2025-12-01,2025-12-11,9,Apparel,Outerwear,Northvale,Mobile App,FC-South,Regional Freight,true,Wrong size,true,Recovered,1,1,32.59,18.9
R003854,OI0024722,O0012097,C006884,P00034,2025-12-02,2025-12-01,2025-12-26,24,Apparel,Dresses,Latitude 54,Web,FC-Central,Metro Post,true,Changed mind,true,Recovered,1,1,31.58,9.96
R003855,OI0024731,O0012102,C006887,P00020,2025-12-04,2025-12-01,2025-12-09,5,Apparel,Denim,Ellery & Co,Mobile App,FC-Central,Swiftline,true,Faulty,false,Written off,1,1,85.10,85.1
R003856,OI0024740,O0012106,C006890,P00178,2025-12-03,2025-12-01,2025-12-26,23,Sports & Outdoors,Fitness,Corda,Web,FC-North,Swiftline,false,Arrived too late,true,Recovered,1,1,226.66,118.39
R003857,OI0024747,O0012109,C006893,P00048,2025-12-01,2025-12-01,2025-12-03,2,Apparel,Dresses,Latitude 54,Store,Store Pickup,,,Wrong size,true,Recovered,1,1,122.50,66.99
R003858,OI0024751,O0012112,C006895,P00013,2025-12-03,2025-12-01,2025-12-24,21,Apparel,Dresses,Ellery & Co,Mobile App,FC-South,Swiftline,true,Wrong size,true,Recovered,1,1,38.72,14.08
R003859,OI0024753,O0012113,C006895,P00005,2026-01-12,2026-01-01,2026-02-09,28,Apparel,Knitwear,Ellery & Co,Mobile App,FC-South,Regional Freight,true,Changed mind,true,Recovered,1,1,51.99,30.11
R003860,OI0024765,O0012118,C006900,P00112,2025-12-05,2025-12-01,2026-01-01,27,Home & Kitchen,Bedding,Puresel,Store,Store Pickup,,,Wrong size,true,Recovered,1,2,161.19,53.4
R003861,OI0024771,O0012121,C006902,P00059,2025-12-02,2025-12-01,2025-12-18,16,Footwear,Trainers,Latitude 54,Web,FC-South,Regional Freight,false,Arrived too late,true,Recovered,2,2,239.38,99.3
R003862,OI0024772,O0012122,C006903,P00076,2025-12-02,2025-12-01,2025-12-28,26,Footwear,Trainers,Puresel,Web,FC-South,Metro Post,true,Faulty,false,Written off,1,1,83.39,83.39
R003863,OI0024773,O0012122,C006903,P00074,2025-12-02,2025-12-01,2025-12-11,9,Footwear,Trainers,Puresel,Web,FC-South,Metro Post,true,Changed mind,true,Recovered,1,1,128.17,80.38
R003864,OI0024774,O0012123,C006903,P00043,2026-02-06,2026-02-01,2026-02-16,10,Apparel,Denim,Puresel,Web,FC-South,Metro Post,true,Faulty,false,Written off,1,1,107.20,107.2
R003865,OI0024787,O0012129,C006906,P00042,2026-01-03,2026-01-01,2026-01-24,21,Apparel,Knitwear,Latitude 54,Marketplace,FC-Central,Swiftline,false,Not as described,true,Recovered,1,1,66.29,26.27
R003866,OI0024794,O0012130,C006907,P00190,2025-12-05,2025-12-01,2025-12-23,18,Sports & Outdoors,Cycling,Puresel,Store,Store Pickup,,,Not as described,true,Recovered,2,2,170.91,-39.39
R003867,OI0024798,O0012133,C006910,P00123,2025-12-06,2025-12-01,2026-01-03,28,Home & Kitchen,Lighting,Northvale,Store,Store Pickup,,,Wrong size,true,Recovered,1,1,135.84,51.49
R003868,OI0024807,O0012137,C006913,P00064,2025-12-03,2025-12-01,2026-01-01,29,Footwear,Boots,Mokkan,Marketplace,FC-South,Regional Freight,true,Arrived too late,true,Recovered,1,1,93.30,50.66
R003869,OI0024813,O0012141,C006915,P00186,2026-01-14,2026-01-01,2026-01-31,17,Sports & Outdoors,Fitness,Latitude 54,Web,FC-North,Metro Post,false,Wrong size,true,Recovered,3,3,818.79,403.83
R003870,OI0024824,O0012146,C006919,P00055,2025-12-06,2025-12-01,2025-12-19,13,Footwear,Trainers,Ellery & Co,Store,Store Pickup,,,Wrong size,true,Recovered,2,2,55.74,17.46
R003871,OI0024826,O0012146,C006919,P00061,2025-12-06,2025-12-01,2025-12-12,6,Footwear,Trainers,Northvale,Store,Store Pickup,,,Changed mind,true,Recovered,1,1,44.28,25.13
R003872,OI0024832,O0012150,C006923,P00031,2025-12-04,2025-12-01,2025-12-13,9,Apparel,Dresses,Brightpath,Web,FC-Central,Swiftline,false,Arrived too late,true,Recovered,1,1,50.63,13.14
R003873,OI0024845,O0012160,C006929,P00031,2025-12-06,2025-12-01,2025-12-16,10,Apparel,Dresses,Brightpath,Web,FC-South,Regional Freight,true,Changed mind,true,Recovered,1,1,79.92,42.43
R003874,OI0024857,O0012164,C006932,P00170,2025-12-07,2025-12-01,2025-12-19,12,Sports & Outdoors,Cycling,Corda,Marketplace,FC-Central,Swiftline,true,Not as described,true,Recovered,1,2,216.26,95.69
R003875,OI0024866,O0012168,C006934,P00040,2025-12-25,2025-12-01,2026-01-07,13,Apparel,Tops,Puresel,Web,FC-North,Regional Freight,false,Arrived too late,true,Recovered,1,3,73.01,32.04
R003876,OI0024875,O0012171,C006936,P00052,2025-12-07,2025-12-01,2025-12-17,10,Apparel,Dresses,Corda,Store,Store Pickup,,,Damaged in transit,false,Written off,1,1,64.55,64.55
R003877,OI0024883,O0012174,C006938,P00054,2025-12-05,2025-12-01,2026-01-04,30,Footwear,Sandals,Mokkan,Web,FC-South,Swiftline,false,Not as described,true,Recovered,1,1,51.54,22.03
R003878,OI0024889,O0012176,C006939,P00050,2026-03-16,2026-03-01,2026-04-03,18,Apparel,Knitwear,Brightpath,Web,FC-South,Regional Freight,true,Changed mind,true,Recovered,2,2,233.08,133.34
R003879,OI0024891,O0012177,C006939,P00078,2026-04-14,2026-04-01,2026-05-06,22,Footwear,Sandals,Corda,Web,FC-South,Metro Post,true,Wrong size,true,Recovered,1,1,128.93,67.91
R003880,OI0024895,O0012178,C006940,P00075,2025-12-08,2025-12-01,2026-01-02,25,Footwear,Formal,Latitude 54,Marketplace,FC-North,Swiftline,true,Faulty,false,Written off,2,2,103.48,103.48
R003881,OI0024900,O0012180,C006942,P00034,2025-12-05,2025-12-01,2025-12-26,21,Apparel,Dresses,Latitude 54,Web,FC-South,Metro Post,true,Damaged in transit,false,Written off,1,1,37.26,37.26
R003882,OI0024920,O0012189,C006949,P00070,2025-12-06,2025-12-01,2025-12-14,8,Footwear,Boots,Latitude 54,Mobile App,FC-South,Regional Freight,false,Not as described,true,Recovered,1,1,81.65,41.3
R003883,OI0024927,O0012193,C006953,P00136,2025-12-06,2025-12-01,2025-12-10,4,Home & Kitchen,Cookware,Latitude 54,Mobile App,FC-South,Regional Freight,true,Faulty,false,Written off,1,1,18.70,18.7
R003884,OI0024943,O0012200,C006957,P00009,2025-12-08,2025-12-01,2025-12-26,18,Apparel,Outerwear,Mokkan,Web,FC-Central,Swiftline,true,Not as described,true,Recovered,2,2,147.44,85.12
R003885,OI0024946,O0012203,C006958,P00027,2025-12-06,2025-12-01,2026-01-02,27,Apparel,Outerwear,Mokkan,Web,FC-Central,Metro Post,true,Damaged in transit,false,Written off,1,1,31.13,31.13
R003886,OI0024952,O0012205,C006960,P00101,2025-12-07,2025-12-01,2025-12-14,7,Electronics,Small Appliances,Corda,Marketplace,FC-South,Regional Freight,true,Changed mind,true,Recovered,1,1,88.15,-9.42
R003887,OI0024960,O0012208,C006962,P00073,2026-01-14,2026-01-01,2026-02-13,30,Footwear,Boots,Brightpath,Mobile App,FC-South,Regional Freight,true,Changed mind,true,Recovered,1,1,79.76,41.34
R003888,OI0024964,O0012209,C006962,P00058,2026-03-15,2026-03-01,2026-03-27,12,Footwear,Trainers,Brightpath,Mobile App,FC-South,Regional Freight,false,Arrived too late,true,Recovered,2,2,313.62,165.52
R003889,OI0024973,O0012213,C006964,P00103,2026-05-14,2026-05-01,2026-06-01,18,Electronics,Small Appliances,Latitude 54,Store,Store Pickup,,,Not as described,true,Recovered,1,1,85.77,-4.24
R003890,OI0024975,O0012213,C006964,P00109,2026-05-14,2026-05-01,2026-05-26,12,Electronics,Audio,Corda,Store,Store Pickup,,,Wrong size,true,Recovered,1,1,186.86,26.01
R003891,OI0024976,O0012214,C006964,P00010,2026-06-20,2026-06-01,2026-07-12,22,Apparel,Denim,Puresel,Web,FC-Central,Metro Post,true,Not as described,true,Recovered,1,1,28.00,15.12
R003892,OI0024977,O0012215,C006965,P00133,2025-12-09,2025-12-01,2025-12-19,10,Home & Kitchen,Cookware,Latitude 54,Marketplace,FC-Central,Swiftline,true,Changed mind,true,Recovered,1,1,184.72,74.35
R003893,OI0024990,O0012223,C006972,P00004,2025-12-07,2025-12-01,2026-01-05,29,Apparel,Knitwear,Puresel,Web,FC-North,Swiftline,true,Changed mind,true,Recovered,1,1,33.94,19.96
R003894,OI0025002,O0012229,C006974,P00040,2025-12-07,2025-12-01,2025-12-30,23,Apparel,Tops,Puresel,Mobile App,FC-North,Swiftline,true,Not as described,true,Recovered,1,1,113.30,72.33
R003895,OI0025003,O0012229,C006974,P00065,2025-12-07,2025-12-01,2025-12-21,14,Footwear,Sandals,Ellery & Co,Mobile App,FC-North,Swiftline,true,Wrong size,true,Recovered,2,2,189.36,81.58
R003896,OI0025005,O0012231,C006975,P00100,2025-12-06,2025-12-01,2025-12-22,16,Electronics,Accessories,Latitude 54,Mobile App,FC-North,Swiftline,true,Changed mind,true,Recovered,2,2,520.24,-142.74
R003897,OI0025007,O0012231,C006975,P00060,2025-12-06,2025-12-01,2025-12-21,15,Footwear,Formal,Corda,Mobile App,FC-North,Swiftline,true,Faulty,false,Written off,1,1,139.31,139.31
R003898,OI0025015,O0012235,C006978,P00063,2025-12-08,2025-12-01,2025-12-26,18,Footwear,Formal,Northvale,Mobile App,FC-South,Regional Freight,true,Changed mind,true,Recovered,1,1,36.53,19.86
R003899,OI0025022,O0012237,C006978,P00016,2026-03-09,2026-03-01,2026-03-29,20,Apparel,Knitwear,Brightpath,Mobile App,FC-South,Regional Freight,true,Wrong size,true,Recovered,1,1,54.64,32.91
R003900,OI0025026,O0012240,C006979,P00056,2026-02-13,2026-02-01,2026-02-24,11,Footwear,Sandals,Puresel,Store,Store Pickup,,,Wrong size,true,Recovered,1,1,79.02,34.15
R003901,OI0025039,O0012248,C006984,P00053,2025-12-09,2025-12-01,2025-12-16,7,Apparel,Tops,Latitude 54,Web,FC-North,Metro Post,true,Faulty,false,Written off,1,1,103.71,103.71
R003902,OI0025043,O0012249,C006984,P00015,2026-01-02,2026-01-01,2026-01-23,21,Apparel,Tops,Corda,Mobile App,FC-North,Regional Freight,true,Changed mind,true,Recovered,1,1,66.55,39.88
R003903,OI0025052,O0012254,C006988,P00076,2026-02-11,2026-02-01,2026-03-18,35,Footwear,Trainers,Puresel,Mobile App,FC-South,Regional Freight,false,Arrived too late,true,Recovered,1,1,83.39,49.11
R003904,OI0025057,O0012257,C006990,P00049,2025-12-09,2025-12-01,2025-12-14,5,Apparel,Tops,Brightpath,Store,Store Pickup,,,Changed mind,true,Recovered,2,2,91.78,53.98
R003905,OI0025063,O0012260,C006991,P00077,2026-02-20,2026-02-01,2026-03-26,34,Footwear,Boots,Ellery & Co,Marketplace,FC-Central,Metro Post,false,Arrived too late,true,Recovered,1,1,105.21,64.29
R003906,OI0025069,O0012263,C006993,P00079,2025-12-10,2025-12-01,2026-01-01,22,Footwear,Sandals,Mokkan,Store,Store Pickup,,,Changed mind,true,Recovered,1,1,53.35,8.58
R003907,OI0025075,O0012268,C006994,P00073,2025-12-11,2025-12-01,2026-01-01,21,Footwear,Boots,Brightpath,Marketplace,FC-South,Regional Freight,true,Damaged in transit,false,Written off,1,1,79.76,79.76
R003908,OI0025078,O0012270,C006995,P00179,2026-05-05,2026-05-01,2026-05-23,18,Sports & Outdoors,Fitness,Mokkan,Mobile App,FC-Central,Metro Post,true,Changed mind,true,Recovered,1,1,49.48,18.75
R003909,OI0025084,O0012274,C006998,P00039,2025-12-12,2025-12-01,2025-12-26,14,Apparel,Outerwear,Latitude 54,Mobile App,FC-South,Regional Freight,true,Damaged in transit,false,Written off,1,1,25.56,25.56
R003910,OI0025086,O0012275,C006999,P00078,2025-12-12,2025-12-01,2026-01-02,21,Footwear,Sandals,Corda,Web,FC-North,Metro Post,true,Damaged in transit,false,Written off,1,1,128.93,128.93
R003911,OI0025090,O0012278,C007001,P00132,2025-12-10,2025-12-01,2025-12-19,9,Home & Kitchen,Cookware,Ellery & Co,Marketplace,FC-North,Regional Freight,true,Not as described,true,Recovered,1,2,68.52,28.64
R003912,OI0025094,O0012281,C007003,P00021,2025-12-10,2025-12-01,2025-12-22,12,Apparel,Denim,Northvale,Mobile App,FC-South,Swiftline,true,Arrived too late,true,Recovered,1,1,38.72,17.56
R003913,OI0025110,O0012292,C007010,P00056,2025-12-10,2025-12-01,2025-12-28,18,Footwear,Sandals,Puresel,Web,FC-North,Metro Post,true,Arrived too late,true,Recovered,1,1,105.15,60.28
R003914,OI0025112,O0012293,C007011,P00118,2025-12-09,2025-12-01,2025-12-30,21,Home & Kitchen,Tableware,Ellery & Co,Web,FC-North,Metro Post,true,Changed mind,true,Recovered,1,1,26.40,11.23
R003915,OI0025118,O0012296,C007014,P00080,2025-12-12,2025-12-01,2026-01-08,27,Footwear,Sandals,Ellery & Co,Marketplace,FC-South,Regional Freight,true,Not as described,true,Recovered,1,1,33.46,10.16
R003916,OI0025125,O0012299,C007016,P00171,2026-01-04,2026-01-01,2026-01-18,14,Sports & Outdoors,Cycling,Ellery & Co,Mobile App,FC-South,Regional Freight,true,Wrong size,true,Recovered,1,1,68.19,26.07
R003917,OI0025133,O0012304,C007020,P00015,2025-12-10,2025-12-01,2025-12-24,14,Apparel,Tops,Corda,Store,Store Pickup,,,Not as described,true,Recovered,1,1,66.55,39.88
R003918,OI0025135,O0012305,C007020,P00003,2026-01-21,2026-01-01,2026-01-24,3,Apparel,Outerwear,Northvale,Store,Store Pickup,,,Not as described,true,Recovered,1,1,32.59,18.9
R003919,OI0025136,O0012306,C007020,P00138,2026-02-20,2026-02-01,2026-03-18,26,Home & Kitchen,Bedding,Ellery & Co,Web,FC-South,Regional Freight,true,Wrong size,true,Recovered,1,1,76.21,28.01
R003920,OI0025144,O0012310,C007023,P00048,2025-12-12,2025-12-01,2026-01-01,20,Apparel,Dresses,Latitude 54,Web,FC-Central,Metro Post,true,Damaged in transit,false,Written off,1,1,108.76,108.76
R003921,OI0025147,O0012311,C007024,P00080,2025-12-11,2025-12-01,2026-01-09,29,Footwear,Sandals,Ellery & Co,Marketplace,FC-South,Regional Freight,true,Changed mind,true,Recovered,1,1,49.77,26.47
R003922,OI0025152,O0012314,C007026,P00011,2026-01-25,2026-01-01,2026-02-01,7,Apparel,Outerwear,Northvale,Web,FC-South,Metro Post,true,Damaged in transit,false,Written off,1,1,105.94,105.94
R003923,OI0025154,O0012314,C007026,P00025,2026-01-25,2026-01-01,2026-02-11,17,Apparel,Outerwear,Corda,Web,FC-South,Metro Post,true,Changed mind,true,Recovered,1,1,125.94,77.04
R003924,OI0025157,O0012316,C007026,P00001,2026-05-28,2026-05-01,2026-06-25,28,Apparel,Dresses,Latitude 54,Web,FC-South,Swiftline,true,Wrong size,true,Recovered,1,1,33.18,19.03
R003925,OI0025159,O0012317,C007027,P00078,2025-12-10,2025-12-01,2025-12-19,9,Footwear,Sandals,Corda,Web,FC-South,Regional Freight,true,Faulty,false,Written off,4,4,491.38,491.38
R003926,OI0025170,O0012323,C007033,P00020,2025-12-10,2025-12-01,2025-12-29,19,Apparel,Denim,Ellery & Co,Web,FC-Central,Regional Freight,true,Changed mind,true,Recovered,1,1,131.49,84.57
R003927,OI0025176,O0012326,C007035,P00044,2026-02-09,2026-02-01,2026-02-17,8,Apparel,Denim,Corda,Mobile App,FC-North,Metro Post,true,Changed mind,true,Recovered,1,1,18.55,11.89
R003928,OI0025185,O0012332,C007038,P00050,2026-04-17,2026-04-01,2026-04-30,13,Apparel,Knitwear,Brightpath,Web,FC-Central,Regional Freight,true,Faulty,false,Written off,1,1,116.54,116.54
R003929,OI0025193,O0012334,C007039,P00079,2025-12-11,2025-12-01,2026-01-08,28,Footwear,Sandals,Mokkan,Mobile App,FC-South,Regional Freight,true,Faulty,false,Written off,1,1,67.74,67.74
R003930,OI0025201,O0012338,C007041,P00027,2025-12-12,2025-12-01,2025-12-23,11,Apparel,Outerwear,Mokkan,Web,FC-North,Swiftline,true,Damaged in transit,false,Written off,1,2,31.13,31.13
R003931,OI0025203,O0012339,C007042,P00010,2025-12-14,2025-12-01,2025-12-28,14,Apparel,Denim,Puresel,Web,FC-Central,Metro Post,false,Not as described,true,Recovered,1,1,28.00,15.12
R003932,OI0025213,O0012345,C007045,P00023,2026-04-28,2026-04-01,2026-05-21,23,Apparel,Tops,Latitude 54,Web,FC-Central,Swiftline,true,Faulty,false,Written off,1,1,49.85,49.85
R003933,OI0025220,O0012349,C007049,P00031,2025-12-14,2025-12-01,2025-12-27,13,Apparel,Dresses,Brightpath,Marketplace,FC-Central,Regional Freight,true,Damaged in transit,false,Written off,3,3,272.82,272.82
R003934,OI0025223,O0012350,C007050,P00006,2025-12-12,2025-12-01,2026-01-09,28,Apparel,Denim,Puresel,Store,Store Pickup,,,Not as described,true,Recovered,1,1,31.44,19.56
R003935,OI0025226,O0012352,C007050,P00070,2026-04-09,2026-04-01,2026-04-25,16,Footwear,Boots,Latitude 54,Web,FC-Central,Regional Freight,true,Wrong size,true,Recovered,2,2,83.43,2.73
R003936,OI0025228,O0012352,C007050,P00074,2026-04-09,2026-04-01,2026-04-30,21,Footwear,Trainers,Puresel,Web,FC-Central,Regional Freight,true,Damaged in transit,false,Written off,1,1,118.66,118.66
R003937,OI0025233,O0012355,C007052,P00001,2026-01-09,2026-01-01,2026-01-15,6,Apparel,Dresses,Latitude 54,Web,FC-South,Metro Post,true,Faulty,false,Written off,2,2,69.18,69.18
R003938,OI0025236,O0012357,C007053,P00047,2025-12-15,2025-12-01,2026-01-11,27,Apparel,Dresses,Puresel,Marketplace,FC-Central,Metro Post,true,Changed mind,true,Recovered,2,2,150.85,60.35
R003939,OI0025239,O0012358,C007054,P00070,2025-12-15,2025-12-01,2026-01-20,36,Footwear,Boots,Latitude 54,Web,FC-Central,Regional Freight,false,Changed mind,true,Recovered,1,1,81.65,41.3
R003940,OI0025278,O0012377,C007067,P00073,2025-12-12,2025-12-01,2026-01-02,21,Footwear,Boots,Brightpath,Mobile App,FC-South,Metro Post,true,Faulty,false,Written off,1,1,79.76,79.76
R003941,OI0025285,O0012383,C007071,P00012,2025-12-14,2025-12-01,2025-12-23,9,Apparel,Knitwear,Mokkan,Web,FC-South,Regional Freight,false,Wrong size,true,Recovered,1,1,88.93,48.74
R003942,OI0025286,O0012383,C007071,P00018,2025-12-14,2025-12-01,2026-01-07,24,Apparel,Denim,Latitude 54,Web,FC-South,Regional Freight,false,Arrived too late,true,Recovered,1,1,62.01,35.68
R003943,OI0025287,O0012383,C007071,P00052,2025-12-14,2025-12-01,2026-01-13,30,Apparel,Dresses,Corda,Web,FC-South,Regional Freight,false,Wrong size,true,Recovered,1,1,64.55,40.52
R003944,OI0025299,O0012388,C007074,P00159,2025-12-13,2025-12-01,2025-12-27,14,Beauty,Skincare,Latitude 54,Web,FC-South,Metro Post,true,Changed mind,true,Recovered,1,1,18.13,11.54
R003945,OI0025304,O0012390,C007075,P00010,2026-03-31,2026-03-01,2026-04-30,30,Apparel,Denim,Puresel,Mobile App,FC-North,Metro Post,true,Damaged in transit,false,Written off,1,1,28.00,28.0
R003946,OI0025305,O0012390,C007075,P00007,2026-03-31,2026-03-01,2026-04-28,28,Apparel,Denim,Northvale,Mobile App,FC-North,Metro Post,true,Faulty,false,Written off,1,1,116.94,116.94
R003947,OI0025321,O0012396,C007077,P00033,2026-03-14,2026-03-01,2026-03-20,6,Apparel,Denim,Northvale,Web,FC-South,Regional Freight,true,Wrong size,true,Recovered,1,1,44.67,26.8
R003948,OI0025342,O0012405,C007083,P00033,2025-12-17,2025-12-01,2026-01-03,17,Apparel,Denim,Northvale,Mobile App,FC-South,Metro Post,true,Faulty,false,Written off,1,1,44.67,44.67
R003949,OI0025350,O0012409,C007085,P00068,2026-03-17,2026-03-01,2026-03-27,10,Footwear,Sandals,Corda,Mobile App,FC-South,Metro Post,true,Not as described,true,Recovered,1,1,97.85,56.54
R003950,OI0025352,O0012409,C007085,P00087,2026-03-17,2026-03-01,2026-04-07,21,Electronics,Audio,Brightpath,Mobile App,FC-South,Metro Post,true,Not as described,true,Recovered,1,1,437.19,47.05
R003951,OI0025364,O0012413,C007087,P00051,2025-12-17,2025-12-01,2025-12-26,9,Apparel,Denim,Corda,Marketplace,FC-North,Swiftline,true,Changed mind,true,Recovered,1,1,43.18,25.64
R003952,OI0025369,O0012416,C007089,P00096,2026-02-17,2026-02-01,2026-03-16,27,Electronics,Accessories,Mokkan,Web,FC-South,Swiftline,true,Not as described,true,Recovered,1,1,392.52,-12.46
R003953,OI0025380,O0012422,C007093,P00041,2026-01-31,2026-01-01,2026-02-07,7,Apparel,Outerwear,Latitude 54,Marketplace,FC-Central,Regional Freight,true,Not as described,true,Recovered,2,2,167.06,48.2
R003954,OI0025383,O0012423,C007094,P00043,2025-12-17,2025-12-01,2026-01-12,26,Apparel,Denim,Puresel,Mobile App,FC-North,Regional Freight,true,Changed mind,true,Recovered,1,1,107.20,69.39
R003955,OI0025400,O0012433,C007100,P00006,2025-12-15,2025-12-01,2025-12-31,16,Apparel,Denim,Puresel,Marketplace,FC-North,Swiftline,true,Changed mind,true,Recovered,1,1,31.44,19.56
R003956,OI0025401,O0012433,C007100,P00006,2025-12-15,2025-12-01,2025-12-23,8,Apparel,Denim,Puresel,Marketplace,FC-North,Swiftline,true,Changed mind,true,Recovered,1,1,31.44,19.56
R003957,OI0025407,O0012435,C007100,P00026,2026-02-26,2026-02-01,2026-03-18,20,Apparel,Dresses,Corda,Mobile App,FC-North,Metro Post,true,Changed mind,true,Recovered,1,1,34.19,16.49
R003958,OI0025408,O0012435,C007100,P00019,2026-02-26,2026-02-01,2026-03-16,18,Apparel,Tops,Brightpath,Mobile App,FC-North,Metro Post,true,Damaged in transit,false,Written off,1,1,65.52,65.52
R003959,OI0025412,O0012438,C007102,P00157,2025-12-19,2025-12-01,2026-01-06,18,Beauty,Cosmetics,Ellery & Co,Web,FC-Central,Metro Post,true,Changed mind,true,Recovered,1,1,19.98,12.97
R003960,OI0025413,O0012438,C007102,P00105,2025-12-19,2025-12-01,2026-01-07,19,Electronics,Wearables,Northvale,Web,FC-Central,Metro Post,true,Damaged in transit,false,Written off,1,2,315.11,315.11
R003961,OI0025416,O0012440,C007103,P00065,2025-12-15,2025-12-01,2025-12-22,7,Footwear,Sandals,Ellery & Co,Web,FC-South,Regional Freight,true,Changed mind,true,Recovered,1,1,94.68,40.79
R003962,OI0025421,O0012444,C007106,P00121,2026-04-19,2026-04-01,2026-04-26,7,Home & Kitchen,Tableware,Mokkan,Mobile App,FC-Central,Metro Post,true,Wrong size,true,Recovered,1,1,66.90,-6.22
R003963,OI0025441,O0012455,C007110,P00032,2025-12-16,2025-12-01,2026-01-14,29,Apparel,Outerwear,Mokkan,Web,FC-South,Swiftline,true,Changed mind,true,Recovered,1,1,34.46,22.06
R003964,OI0025445,O0012456,C007110,P00008,2026-01-14,2026-01-01,2026-01-24,10,Apparel,Tops,Brightpath,Mobile App,FC-South,Swiftline,true,Wrong size,true,Recovered,4,4,211.69,91.97
R003965,OI0025447,O0012458,C007111,P00012,2025-12-15,2025-12-01,2025-12-30,15,Apparel,Knitwear,Mokkan,Mobile App,FC-Central,Metro Post,true,Wrong size,true,Recovered,1,1,88.93,48.74
R003966,OI0025460,O0012463,C007116,P00122,2025-12-15,2025-12-01,2026-01-07,23,Home & Kitchen,Cookware,Ellery & Co,Mobile App,FC-South,Regional Freight,true,Damaged in transit,false,Written off,1,1,54.16,54.16
R003967,OI0025481,O0012472,C007122,P00071,2025-12-15,2025-12-01,2026-01-07,23,Footwear,Boots,Puresel,Web,FC-South,Metro Post,true,Wrong size,true,Recovered,1,1,122.76,66.8
R003968,OI0025486,O0012473,C007123,P00046,2025-12-17,2025-12-01,2026-01-08,22,Apparel,Dresses,Brightpath,Web,FC-South,Regional Freight,false,Damaged in transit,false,Written off,1,1,117.17,117.17
R003969,OI0025491,O0012475,C007125,P00062,2025-12-15,2025-12-01,2026-01-07,23,Footwear,Formal,Latitude 54,Mobile App,FC-Central,Regional Freight,true,Changed mind,true,Recovered,1,1,120.05,68.9
R003970,OI0025499,O0012481,C007128,P00050,2025-12-16,2025-12-01,2026-01-06,21,Apparel,Knitwear,Brightpath,Mobile App,FC-North,Swiftline,true,Damaged in transit,false,Written off,1,1,116.54,116.54
R003971,OI0025519,O0012492,C007134,P00069,2026-02-05,2026-02-01,2026-03-02,25,Footwear,Sandals,Brightpath,Web,FC-Central,Swiftline,true,Wrong size,true,Recovered,1,1,148.15,87.94
R003972,OI0025521,O0012492,C007134,P00041,2026-02-05,2026-02-01,2026-03-04,27,Apparel,Outerwear,Latitude 54,Web,FC-Central,Swiftline,true,Changed mind,true,Recovered,1,1,125.23,65.8
R003973,OI0025526,O0012495,C007135,P00025,2026-02-13,2026-02-01,2026-02-22,9,Apparel,Outerwear,Corda,Mobile App,FC-North,Swiftline,true,Damaged in transit,false,Written off,1,1,125.94,125.94
R003974,OI0025536,O0012500,C007137,P00074,2026-02-08,2026-02-01,2026-03-07,27,Footwear,Trainers,Puresel,Web,FC-North,Swiftline,true,Damaged in transit,false,Written off,1,1,128.17,128.17
R003975,OI0025542,O0012504,C007141,P00138,2025-12-16,2025-12-01,2026-01-03,18,Home & Kitchen,Bedding,Ellery & Co,Mobile App,FC-South,Metro Post,false,Arrived too late,true,Recovered,1,1,76.21,28.01
R003976,OI0025552,O0012509,C007145,P00104,2026-02-23,2026-02-01,2026-03-21,26,Electronics,Audio,Brightpath,Mobile App,FC-North,Regional Freight,true,Wrong size,true,Recovered,1,1,175.32,16.48
R003977,OI0025563,O0012513,C007146,P00046,2026-01-25,2026-01-01,2026-01-31,6,Apparel,Dresses,Brightpath,Mobile App,FC-North,Swiftline,true,Changed mind,true,Recovered,2,2,234.34,132.18
R003978,OI0025565,O0012514,C007146,P00046,2026-04-03,2026-04-01,2026-04-18,15,Apparel,Dresses,Brightpath,Mobile App,FC-North,Regional Freight,true,Wrong size,true,Recovered,1,1,74.91,23.83
R003979,OI0025576,O0012519,C007150,P00013,2025-12-18,2025-12-01,2026-01-07,20,Apparel,Dresses,Ellery & Co,Store,Store Pickup,,,Wrong size,true,Recovered,4,4,224.94,126.38
R003980,OI0025595,O0012530,C007157,P00136,2026-01-25,2026-01-01,2026-02-23,29,Home & Kitchen,Cookware,Latitude 54,Mobile App,FC-South,Metro Post,false,Changed mind,true,Recovered,2,2,59.18,22.76
R003981,OI0025596,O0012531,C007158,P00026,2025-12-18,2025-12-01,2026-01-18,31,Apparel,Dresses,Corda,Mobile App,FC-South,Metro Post,true,Changed mind,true,Recovered,1,1,34.19,16.49
R003982,OI0025604,O0012536,C007162,P00036,2025-12-18,2025-12-01,2026-01-05,18,Apparel,Dresses,Latitude 54,Mobile App,FC-North,Regional Freight,true,Damaged in transit,false,Written off,1,3,46.71,46.71
R003983,OI0025614,O0012542,C007167,P00004,2025-12-21,2025-12-01,2025-12-27,6,Apparel,Knitwear,Puresel,Store,Store Pickup,,,Changed mind,true,Recovered,3,3,78.72,36.78
R003984,OI0025617,O0012544,C007169,P00023,2025-12-19,2025-12-01,2026-01-16,28,Apparel,Tops,Latitude 54,Web,FC-Central,Swiftline,true,Not as described,true,Recovered,3,3,149.55,96.33
R003985,OI0025624,O0012548,C007173,P00047,2025-12-19,2025-12-01,2025-12-22,3,Apparel,Dresses,Puresel,Marketplace,FC-North,Metro Post,true,Not as described,true,Recovered,2,2,191.78,101.28
R003986,OI0025642,O0012559,C007178,P00070,2025-12-20,2025-12-01,2026-01-11,22,Footwear,Boots,Latitude 54,Mobile App,FC-North,Swiftline,true,Not as described,true,Recovered,1,1,81.65,41.3
R003987,OI0025644,O0012560,C007179,P00187,2025-12-23,2025-12-01,2026-01-07,15,Sports & Outdoors,Camping,Puresel,Marketplace,FC-North,Swiftline,true,Faulty,false,Written off,1,1,164.80,164.8
R003988,OI0025654,O0012564,C007183,P00061,2025-12-22,2025-12-01,2026-01-16,25,Footwear,Trainers,Northvale,Web,FC-South,Metro Post,true,Damaged in transit,false,Written off,1,1,44.28,44.28
R003989,OI0025655,O0012564,C007183,P00080,2025-12-22,2025-12-01,2026-01-02,11,Footwear,Sandals,Ellery & Co,Web,FC-South,Metro Post,true,Not as described,true,Recovered,1,1,49.77,26.47
R003990,OI0025656,O0012564,C007183,P00069,2025-12-22,2025-12-01,2025-12-30,8,Footwear,Sandals,Brightpath,Web,FC-South,Metro Post,true,Arrived too late,true,Recovered,1,1,140.51,80.3
R003991,OI0025660,O0012567,C007185,P00066,2026-03-08,2026-03-01,2026-04-07,30,Footwear,Sandals,Puresel,Mobile App,FC-North,Metro Post,true,Changed mind,true,Recovered,1,1,71.10,22.17
R003992,OI0025668,O0012572,C007190,P00023,2025-12-21,2025-12-01,2025-12-24,3,Apparel,Tops,Latitude 54,Store,Store Pickup,,,Wrong size,true,Recovered,1,1,49.85,32.11
R003993,OI0025670,O0012574,C007191,P00070,2025-12-23,2025-12-01,2026-01-22,30,Footwear,Boots,Latitude 54,Web,FC-Central,Metro Post,true,Faulty,false,Written off,1,1,69.08,69.08
R003994,OI0025678,O0012577,C007193,P00009,2025-12-21,2025-12-01,2026-01-16,26,Apparel,Outerwear,Mokkan,Marketplace,FC-North,Swiftline,true,Changed mind,true,Recovered,1,1,73.72,42.56
R003995,OI0025680,O0012577,C007193,P00011,2025-12-21,2025-12-01,2026-01-21,31,Apparel,Outerwear,Northvale,Marketplace,FC-North,Swiftline,true,Wrong size,true,Recovered,1,1,133.12,81.92
R003996,OI0025687,O0012580,C007195,P00008,2025-12-21,2025-12-01,2026-01-09,19,Apparel,Tops,Brightpath,Mobile App,FC-South,Metro Post,false,Changed mind,true,Recovered,1,1,51.46,21.53
R003997,OI0025696,O0012586,C007199,P00033,2025-12-22,2025-12-01,2026-01-19,28,Apparel,Denim,Northvale,Web,FC-South,Regional Freight,true,Faulty,false,Written off,1,1,44.67,44.67
R003998,OI0025702,O0012589,C007200,P00048,2026-01-21,2026-01-01,2026-02-02,12,Apparel,Dresses,Latitude 54,Web,FC-North,Regional Freight,true,Faulty,false,Written off,1,1,122.50,122.5
R003999,OI0025717,O0012597,C007204,P00049,2026-05-19,2026-05-01,2026-05-25,6,Apparel,Tops,Brightpath,Web,FC-North,Swiftline,true,Changed mind,true,Recovered,1,1,45.89,26.99
R004000,OI0025721,O0012598,C007204,P00143,2026-06-06,2026-06-01,2026-07-04,28,Home & Kitchen,Tableware,Mokkan,Web,FC-North,Regional Freight,true,Not as described,true,Recovered,1,1,21.76,7.78
R004001,OI0025729,O0012601,C007206,P00124,2025-12-22,2025-12-01,2025-12-31,9,Home & Kitchen,Bedding,Latitude 54,Web,FC-South,Regional Freight,false,Arrived too late,true,Recovered,1,1,30.80,16.1
R004002,OI0025743,O0012608,C007211,P00040,2025-12-22,2025-12-01,2026-01-11,20,Apparel,Tops,Puresel,Marketplace,FC-North,Swiftline,true,Wrong size,true,Recovered,1,1,113.30,72.33
R004003,OI0025757,O0012616,C007218,P00154,2025-12-24,2025-12-01,2026-01-18,25,Beauty,Cosmetics,Ellery & Co,Store,Store Pickup,,,Changed mind,true,Recovered,1,1,26.67,12.26
R004004,OI0025766,O0012620,C007221,P00100,2026-01-17,2026-01-01,2026-01-25,8,Electronics,Accessories,Latitude 54,Marketplace,FC-North,Regional Freight,true,Not as described,true,Recovered,1,1,222.96,-108.53
R004005,OI0025772,O0012622,C007222,P00029,2026-03-14,2026-03-01,2026-03-20,6,Apparel,Knitwear,Puresel,Marketplace,FC-South,Metro Post,false,Arrived too late,true,Recovered,1,1,76.00,29.73
R004006,OI0025774,O0012624,C007223,P00080,2025-12-25,2025-12-01,2026-01-04,10,Footwear,Sandals,Ellery & Co,Web,FC-North,Regional Freight,true,Changed mind,true,Recovered,1,1,49.77,26.47
R004007,OI0025780,O0012626,C007223,P00088,2026-04-03,2026-04-01,2026-04-17,14,Electronics,Audio,Mokkan,Marketplace,FC-North,Metro Post,true,Faulty,false,Written off,1,1,384.21,384.21
R004008,OI0025814,O0012644,C007236,P00041,2025-12-22,2025-12-01,2026-01-01,10,Apparel,Outerwear,Latitude 54,Web,FC-South,Regional Freight,false,Changed mind,true,Recovered,2,2,172.29,53.43
R004009,OI0025825,O0012648,C007238,P00074,2026-04-02,2026-04-01,2026-04-30,28,Footwear,Trainers,Puresel,Marketplace,FC-South,Swiftline,true,Not as described,true,Recovered,1,1,128.17,80.38
R004010,OI0025826,O0012648,C007238,P00007,2026-04-02,2026-04-01,2026-04-08,6,Apparel,Denim,Northvale,Marketplace,FC-South,Swiftline,true,Damaged in transit,false,Written off,1,1,87.16,87.16
R004011,OI0025832,O0012651,C007239,P00045,2026-04-14,2026-04-01,2026-05-01,17,Apparel,Knitwear,Puresel,Web,FC-Central,Regional Freight,true,Wrong size,true,Recovered,2,2,137.29,78.43
R004012,OI0025837,O0012654,C007241,P00114,2025-12-23,2025-12-01,2025-12-30,7,Home & Kitchen,Bedding,Puresel,Marketplace,FC-South,Metro Post,false,Arrived too late,true,Recovered,1,1,111.53,42.98
R004013,OI0025838,O0012655,C007242,P00131,2025-12-25,2025-12-01,2026-01-12,18,Home & Kitchen,Cookware,Mokkan,Store,Store Pickup,,,Changed mind,true,Recovered,1,1,88.70,15.23
R004014,OI0025844,O0012661,C007245,P00185,2025-12-25,2025-12-01,2026-01-10,16,Sports & Outdoors,Swim,Puresel,Marketplace,FC-South,Regional Freight,true,Not as described,true,Recovered,1,1,245.75,118.07
R004015,OI0025851,O0012663,C007247,P00017,2025-12-24,2025-12-01,2026-01-02,9,Apparel,Dresses,Corda,Store,Store Pickup,,,Arrived too late,true,Recovered,1,1,27.43,15.56
R004016,OI0025856,O0012665,C007248,P00079,2025-12-25,2025-12-01,2026-01-11,17,Footwear,Sandals,Mokkan,Marketplace,FC-South,Regional Freight,true,Changed mind,true,Recovered,1,1,67.74,22.97
R004017,OI0025858,O0012667,C007249,P00135,2026-02-18,2026-02-01,2026-03-02,12,Home & Kitchen,Bedding,Ellery & Co,Web,FC-South,Swiftline,true,Wrong size,true,Recovered,1,2,140.35,53.06
R004018,OI0025862,O0012668,C007249,P00017,2026-04-25,2026-04-01,2026-05-12,17,Apparel,Dresses,Corda,Store,Store Pickup,,,Changed mind,true,Recovered,1,1,27.43,15.56
R004019,OI0025866,O0012669,C007250,P00176,2025-12-25,2025-12-01,2026-01-03,9,Sports & Outdoors,Cycling,Ellery & Co,Marketplace,FC-Central,Metro Post,true,Damaged in transit,false,Written off,1,1,136.33,136.33
R004020,OI0025876,O0012673,C007253,P00131,2025-12-23,2025-12-01,2026-01-06,14,Home & Kitchen,Cookware,Mokkan,Store,Store Pickup,,,Changed mind,true,Recovered,1,1,63.64,-9.83
R004021,OI0025891,O0012679,C007257,P00010,2025-12-23,2025-12-01,2026-01-09,17,Apparel,Denim,Puresel,Web,FC-South,Regional Freight,false,Arrived too late,true,Recovered,1,1,21.20,8.32
R004022,OI0025892,O0012679,C007257,P00060,2025-12-23,2025-12-01,2026-01-15,23,Footwear,Formal,Corda,Web,FC-South,Regional Freight,false,Wrong size,true,Recovered,1,1,97.99,32.05
R004023,OI0025893,O0012680,C007258,P00027,2025-12-27,2025-12-01,2026-01-20,24,Apparel,Outerwear,Mokkan,Marketplace,FC-South,Regional Freight,true,Wrong size,true,Recovered,1,1,31.13,17.81
R004024,OI0025900,O0012682,C007260,P00107,2025-12-26,2025-12-01,2026-01-20,25,Electronics,Wearables,Corda,Web,FC-South,Swiftline,true,Changed mind,true,Recovered,4,4,436.12,48.68
R004025,OI0025904,O0012684,C007262,P00032,2025-12-23,2025-12-01,2026-01-01,9,Apparel,Outerwear,Mokkan,Mobile App,FC-South,Swiftline,true,Changed mind,true,Recovered,1,1,34.46,22.06
R004026,OI0025906,O0012684,C007262,P00070,2025-12-23,2025-12-01,2026-01-23,31,Footwear,Boots,Latitude 54,Mobile App,FC-South,Swiftline,true,Not as described,true,Recovered,1,1,81.65,41.3
R004027,OI0025914,O0012687,C007264,P00086,2025-12-27,2025-12-01,2026-01-12,16,Electronics,Audio,Brightpath,Web,FC-North,Swiftline,true,Damaged in transit,false,Written off,1,1,263.09,263.09
R004028,OI0025922,O0012691,C007267,P00062,2025-12-25,2025-12-01,2026-01-06,12,Footwear,Formal,Latitude 54,Marketplace,FC-Central,Metro Post,true,Changed mind,true,Recovered,1,1,120.05,68.9
R004029,OI0025925,O0012693,C007269,P00049,2025-12-28,2025-12-01,2026-01-24,27,Apparel,Tops,Brightpath,Web,FC-South,Swiftline,false,Changed mind,true,Recovered,1,2,32.90,14.0
R004030,OI0025935,O0012697,C007273,P00079,2025-12-25,2025-12-01,2026-01-20,26,Footwear,Sandals,Mokkan,Web,FC-Central,Metro Post,false,Wrong size,true,Recovered,1,1,67.74,22.97
R004031,OI0025941,O0012701,C007275,P00181,2025-12-26,2025-12-01,2026-01-26,31,Sports & Outdoors,Camping,Ellery & Co,Web,FC-Central,Regional Freight,true,Faulty,false,Written off,1,1,128.52,128.52
R004032,OI0025942,O0012702,C007275,P00045,2026-02-24,2026-02-01,2026-03-23,27,Apparel,Knitwear,Puresel,Mobile App,FC-Central,Metro Post,false,Arrived too late,true,Recovered,1,1,70.92,41.49
R004033,OI0025951,O0012706,C007277,P00069,2026-03-03,2026-03-01,2026-03-21,18,Footwear,Sandals,Brightpath,Web,FC-Central,Swiftline,true,Wrong size,true,Recovered,1,1,148.15,87.94
R004034,OI0025953,O0012707,C007277,P00080,2026-05-02,2026-05-01,2026-05-21,19,Footwear,Sandals,Ellery & Co,Web,FC-Central,Metro Post,true,Not as described,true,Recovered,1,2,49.77,26.47
R004035,OI0025961,O0012711,C007281,P00031,2025-12-27,2025-12-01,2026-01-22,26,Apparel,Dresses,Brightpath,Mobile App,FC-South,Swiftline,true,Faulty,false,Written off,1,1,90.94,90.94
R004036,OI0025963,O0012713,C007282,P00058,2025-12-25,2025-12-01,2026-01-03,9,Footwear,Trainers,Brightpath,Web,FC-Central,Swiftline,true,Not as described,true,Recovered,1,1,156.81,82.76
R004037,OI0025968,O0012714,C007283,P00067,2025-12-26,2025-12-01,2026-01-06,11,Footwear,Sandals,Corda,Store,Store Pickup,,,Wrong size,true,Recovered,2,2,112.60,49.76
R004038,OI0025977,O0012719,C007285,P00035,2025-12-29,2025-12-01,2026-01-21,23,Apparel,Outerwear,Northvale,Web,FC-North,Metro Post,true,Wrong size,true,Recovered,1,2,71.90,7.44
R004039,OI0025983,O0012723,C007287,P00056,2026-02-17,2026-02-01,2026-03-02,13,Footwear,Sandals,Puresel,Mobile App,FC-South,Metro Post,true,Faulty,false,Written off,1,1,86.96,86.96
R004040,OI0025984,O0012723,C007287,P00145,2026-02-17,2026-02-01,2026-03-02,13,Beauty,Cosmetics,Ellery & Co,Mobile App,FC-South,Metro Post,true,Wrong size,true,Recovered,1,1,53.69,26.22
R004041,OI0025995,O0012729,C007289,P00022,2025-12-26,2025-12-01,2026-01-02,7,Apparel,Knitwear,Northvale,Mobile App,FC-South,Swiftline,true,Wrong size,true,Recovered,2,2,81.22,51.84
R004042,OI0025998,O0012730,C007290,P00064,2025-12-25,2025-12-01,2026-01-16,22,Footwear,Boots,Mokkan,Web,FC-South,Regional Freight,true,Not as described,true,Recovered,1,2,61.53,18.89
R004043,OI0026002,O0012732,C007291,P00054,2026-03-06,2026-03-01,2026-04-05,30,Footwear,Sandals,Mokkan,Web,FC-North,Swiftline,true,Wrong size,true,Recovered,1,1,59.52,30.01
R004044,OI0026006,O0012735,C007294,P00065,2025-12-29,2025-12-01,2026-01-26,28,Footwear,Sandals,Ellery & Co,Mobile App,FC-South,Metro Post,false,Changed mind,true,Recovered,1,1,94.68,40.79
R004045,OI0026013,O0012737,C007295,P00068,2026-02-02,2026-02-01,2026-03-03,29,Footwear,Sandals,Corda,Mobile App,FC-North,Metro Post,true,Arrived too late,true,Recovered,1,3,106.66,65.35
R004046,OI0026028,O0012746,C007300,P00061,2025-12-30,2025-12-01,2026-01-10,11,Footwear,Trainers,Northvale,Mobile App,FC-North,Swiftline,false,Arrived too late,true,Recovered,1,1,44.28,25.13
R004047,OI0026036,O0012752,C007303,P00099,2025-12-30,2025-12-01,2026-01-21,22,Electronics,Small Appliances,Latitude 54,Store,Store Pickup,,,Wrong size,true,Recovered,1,1,384.11,22.21
R004048,OI0026040,O0012754,C007305,P00036,2025-12-26,2025-12-01,2026-01-25,30,Apparel,Dresses,Latitude 54,Web,FC-South,Regional Freight,false,Changed mind,true,Recovered,1,1,54.56,30.57
R004049,OI0026055,O0012760,C007309,P00010,2026-03-21,2026-03-01,2026-04-08,18,Apparel,Denim,Puresel,Mobile App,FC-North,Swiftline,true,Changed mind,true,Recovered,1,1,23.45,10.57
R004050,OI0026060,O0012763,C007310,P00182,2026-04-05,2026-04-01,2026-04-19,14,Sports & Outdoors,Cycling,Northvale,Mobile App,FC-North,Swiftline,true,Arrived too late,true,Recovered,1,3,38.50,11.55
R004051,OI0026063,O0012764,C007310,P00057,2026-05-14,2026-05-01,2026-06-10,27,Footwear,Trainers,Puresel,Web,FC-North,Regional Freight,false,Arrived too late,true,Recovered,1,1,65.94,39.76
R004052,OI0026067,O0012767,C007313,P00003,2025-12-30,2025-12-01,2026-01-23,24,Apparel,Outerwear,Northvale,Mobile App,FC-North,Swiftline,true,Faulty,false,Written off,2,2,65.18,65.18
R004053,OI0026092,O0012775,C007316,P00018,2026-04-28,2026-04-01,2026-05-04,6,Apparel,Denim,Latitude 54,Web,FC-Central,Metro Post,true,Not as described,true,Recovered,1,3,62.01,35.68
R004054,OI0026099,O0012778,C007319,P00043,2025-12-29,2025-12-01,2026-01-03,5,Apparel,Denim,Puresel,Web,FC-South,Metro Post,true,Not as described,true,Recovered,1,1,107.20,69.39
R004055,OI0026101,O0012779,C007320,P00080,2025-12-28,2025-12-01,2026-01-14,17,Footwear,Sandals,Ellery & Co,Marketplace,FC-Central,Swiftline,true,Wrong size,true,Recovered,1,1,49.77,26.47
R004056,OI0026116,O0012786,C007323,P00124,2025-12-31,2025-12-01,2026-01-30,30,Home & Kitchen,Bedding,Latitude 54,Marketplace,FC-South,Swiftline,true,Not as described,true,Recovered,1,1,24.39,9.69
R004057,OI0026119,O0012788,C007325,P00188,2026-01-01,2026-01-01,2026-01-20,19,Sports & Outdoors,Swim,Mokkan,Web,FC-North,Swiftline,true,Faulty,false,Written off,1,1,111.04,111.04
R004058,OI0026126,O0012792,C007327,P00152,2026-01-01,2026-01-01,2026-01-13,12,Beauty,Skincare,Northvale,Web,FC-Central,Metro Post,true,Changed mind,true,Recovered,1,1,28.36,18.18
R004059,OI0026134,O0012795,C007329,P00052,2025-12-28,2025-12-01,2026-01-21,24,Apparel,Dresses,Corda,Web,FC-South,Regional Freight,false,Wrong size,true,Recovered,1,1,41.91,17.88
R004060,OI0026137,O0012796,C007330,P00127,2025-12-29,2025-12-01,2026-01-07,9,Home & Kitchen,Cookware,Latitude 54,Marketplace,FC-Central,Regional Freight,true,Changed mind,true,Recovered,1,1,194.09,77.14
R004061,OI0026156,O0012804,C007335,P00003,2025-12-30,2025-12-01,2026-01-06,7,Apparel,Outerwear,Northvale,Mobile App,FC-South,Swiftline,true,Wrong size,true,Recovered,2,2,65.18,37.8
R004062,OI0026159,O0012806,C007336,P00189,2026-01-31,2026-01-01,2026-02-28,28,Sports & Outdoors,Camping,Brightpath,Web,FC-South,Swiftline,true,Changed mind,true,Recovered,1,1,155.77,41.04
R004063,OI0026162,O0012806,C007336,P00065,2026-01-31,2026-01-01,2026-02-21,21,Footwear,Sandals,Ellery & Co,Web,FC-South,Swiftline,true,Not as described,true,Recovered,1,1,80.30,26.41
R004064,OI0026163,O0012807,C007337,P00014,2025-12-28,2025-12-01,2026-01-21,24,Apparel,Dresses,Corda,Mobile App,FC-South,Regional Freight,false,Wrong size,true,Recovered,1,1,87.12,49.84
R004065,OI0026168,O0012812,C007341,P00025,2026-02-14,2026-02-01,2026-03-10,24,Apparel,Outerwear,Corda,Web,FC-South,Regional Freight,true,Changed mind,true,Recovered,1,1,125.94,77.04
R004066,OI0026173,O0012813,C007341,P00151,2026-04-06,2026-04-01,2026-04-28,22,Beauty,Skincare,Brightpath,Store,Store Pickup,,,Wrong size,true,Recovered,2,2,114.28,70.48
R004067,OI0026176,O0012814,C007342,P00116,2025-12-29,2025-12-01,2026-01-17,19,Home & Kitchen,Bedding,Latitude 54,Store,Store Pickup,,,Not as described,true,Recovered,1,1,24.06,-1.77
R004068,OI0026177,O0012815,C007343,P00008,2025-12-31,2025-12-01,2026-01-25,25,Apparel,Tops,Brightpath,Mobile App,FC-South,Regional Freight,false,Not as described,true,Recovered,2,2,167.00,107.14
R004069,OI0026184,O0012819,C007346,P00048,2025-12-31,2025-12-01,2026-02-02,33,Apparel,Dresses,Latitude 54,Mobile App,FC-Central,Swiftline,false,Wrong size,true,Recovered,1,1,122.50,66.99
R004070,OI0026185,O0012820,C007347,P00022,2026-01-02,2026-01-01,2026-01-20,18,Apparel,Knitwear,Northvale,Marketplace,FC-Central,Metro Post,true,Damaged in transit,false,Written off,1,1,40.61,40.61
R004071,OI0026191,O0012822,C007348,P00173,2026-03-16,2026-03-01,2026-04-07,22,Sports & Outdoors,Swim,Mokkan,Web,FC-North,Regional Freight,true,Changed mind,true,Recovered,1,3,77.82,36.14
R004072,OI0026192,O0012823,C007349,P00022,2025-12-29,2025-12-01,2026-01-26,28,Apparel,Knitwear,Northvale,Mobile App,FC-North,Swiftline,true,Wrong size,true,Recovered,2,2,81.22,51.84
R004073,OI0026196,O0012825,C007350,P00010,2026-03-11,2026-03-01,2026-04-03,23,Apparel,Denim,Puresel,Marketplace,FC-Central,Swiftline,true,Changed mind,true,Recovered,1,1,28.00,15.12
R004074,OI0026198,O0012825,C007350,P00120,2026-03-11,2026-03-01,2026-04-07,27,Home & Kitchen,Lighting,Northvale,Marketplace,FC-Central,Swiftline,true,Not as described,true,Recovered,1,1,78.91,21.6
R004075,OI0026206,O0012830,C007351,P00042,2026-04-22,2026-04-01,2026-05-18,26,Apparel,Knitwear,Latitude 54,Web,FC-North,Swiftline,true,Arrived too late,true,Recovered,1,1,98.30,58.28
R004076,OI0026210,O0012832,C007352,P00061,2026-02-19,2026-02-01,2026-03-16,25,Footwear,Trainers,Northvale,Store,Store Pickup,,,Not as described,true,Recovered,1,1,42.44,23.29
R004077,OI0026212,O0012833,C007352,P00056,2026-04-16,2026-04-01,2026-05-10,24,Footwear,Sandals,Puresel,Store,Store Pickup,,,Not as described,true,Recovered,1,1,61.02,16.15
R004078,OI0026221,O0012837,C007353,P00125,2026-02-21,2026-02-01,2026-03-13,20,Home & Kitchen,Lighting,Latitude 54,Web,FC-North,Metro Post,true,Faulty,false,Written off,1,1,100.06,100.06
R004079,OI0026222,O0012838,C007353,P00031,2026-04-25,2026-04-01,2026-05-02,7,Apparel,Dresses,Brightpath,Web,FC-North,Swiftline,true,Arrived too late,true,Recovered,1,2,58.99,21.5
R004080,OI0026223,O0012839,C007354,P00060,2025-12-29,2025-12-01,2026-01-11,13,Footwear,Formal,Corda,Web,FC-North,Swiftline,true,Wrong size,true,Recovered,1,1,132.78,66.84
R004081,OI0026226,O0012841,C007355,P00022,2026-05-25,2026-05-01,2026-06-02,8,Apparel,Knitwear,Northvale,Marketplace,FC-South,Regional Freight,true,Wrong size,true,Recovered,1,1,40.61,25.92
R004082,OI0026233,O0012845,C007359,P00132,2025-12-30,2025-12-01,2026-01-08,9,Home & Kitchen,Cookware,Ellery & Co,Marketplace,FC-South,Swiftline,true,Wrong size,true,Recovered,1,1,68.52,28.64
R004083,OI0026235,O0012846,C007359,P00077,2026-01-31,2026-01-01,2026-02-13,13,Footwear,Boots,Ellery & Co,Web,FC-South,Metro Post,true,Not as described,true,Recovered,1,1,100.59,59.67
R004084,OI0026238,O0012847,C007360,P00136,2026-01-03,2026-01-01,2026-01-31,28,Home & Kitchen,Cookware,Latitude 54,Web,FC-South,Regional Freight,true,Damaged in transit,false,Written off,1,2,29.59,29.59
R004085,OI0026244,O0012851,C007363,P00077,2026-01-02,2026-01-01,2026-01-23,21,Footwear,Boots,Ellery & Co,Web,FC-North,Regional Freight,true,Not as described,true,Recovered,1,1,86.48,45.56
R004086,OI0026260,O0012858,C007370,P00163,2025-12-31,2025-12-01,2026-01-24,24,Beauty,Haircare,Brightpath,Store,Store Pickup,,,Faulty,false,Written off,1,1,39.36,39.36
R004087,OI0026266,O0012861,C007371,P00181,2026-03-10,2026-03-01,2026-03-18,8,Sports & Outdoors,Camping,Ellery & Co,Web,FC-South,Regional Freight,true,Faulty,false,Written off,1,1,235.91,235.91
R004088,OI0026294,O0012875,C007379,P00183,2026-01-02,2026-01-01,2026-01-28,26,Sports & Outdoors,Fitness,Ellery & Co,Mobile App,FC-Central,Regional Freight,false,Arrived too late,true,Recovered,2,2,548.88,252.32
R004089,OI0026297,O0012877,C007381,P00015,2026-01-04,2026-01-01,2026-01-16,12,Apparel,Tops,Corda,Mobile App,FC-South,Regional Freight,true,Changed mind,true,Recovered,1,1,66.55,39.88
R004090,OI0026301,O0012878,C007382,P00183,2026-01-03,2026-01-01,2026-01-11,8,Sports & Outdoors,Fitness,Ellery & Co,Mobile App,FC-Central,Regional Freight,true,Damaged in transit,false,Written off,4,4,530.55,530.55
R004091,OI0026315,O0012884,C007386,P00140,2026-01-03,2026-01-01,2026-01-28,25,Home & Kitchen,Lighting,Brightpath,Web,FC-Central,Swiftline,true,Changed mind,true,Recovered,1,1,50.12,20.5
R004092,OI0026321,O0012887,C007387,P00051,2026-01-06,2026-01-01,2026-02-01,26,Apparel,Denim,Corda,Web,FC-South,Swiftline,true,Faulty,false,Written off,1,1,41.67,41.67
R004093,OI0026330,O0012890,C007388,P00034,2026-01-05,2026-01-01,2026-01-12,7,Apparel,Dresses,Latitude 54,Marketplace,FC-North,Metro Post,true,Not as described,true,Recovered,1,1,41.79,20.17
R004094,OI0026333,O0012892,C007390,P00079,2026-01-04,2026-01-01,2026-01-29,25,Footwear,Sandals,Mokkan,Web,FC-Central,Swiftline,false,Arrived too late,true,Recovered,1,1,67.74,22.97
R004095,OI0026334,O0012893,C007391,P00049,2026-01-05,2026-01-01,2026-02-05,31,Apparel,Tops,Brightpath,Web,FC-North,Swiftline,true,Faulty,false,Written off,2,2,70.85,70.85
R004096,OI0026335,O0012893,C007391,P00021,2026-01-05,2026-01-01,2026-01-16,11,Apparel,Denim,Northvale,Web,FC-North,Swiftline,true,Damaged in transit,false,Written off,1,1,33.23,33.23
R004097,OI0026343,O0012897,C007395,P00002,2026-01-05,2026-01-01,2026-01-13,8,Apparel,Knitwear,Brightpath,Mobile App,FC-Central,Regional Freight,false,Arrived too late,true,Recovered,1,1,81.68,42.82
R004098,OI0026349,O0012900,C007397,P00021,2026-04-03,2026-04-01,2026-05-01,28,Apparel,Denim,Northvale,Web,FC-Central,Regional Freight,true,Changed mind,true,Recovered,1,1,52.72,31.56
R004099,OI0026369,O0012910,C007401,P00186,2026-01-05,2026-01-01,2026-01-24,19,Sports & Outdoors,Fitness,Latitude 54,Store,Store Pickup,,,Arrived too late,true,Recovered,1,1,272.93,134.61
R004100,OI0026370,O0012910,C007401,P00072,2026-01-05,2026-01-01,2026-01-10,5,Footwear,Sandals,Brightpath,Store,Store Pickup,,,Changed mind,true,Recovered,1,1,58.95,35.37
R004101,OI0026371,O0012910,C007401,P00038,2026-01-05,2026-01-01,2026-01-18,13,Apparel,Dresses,Ellery & Co,Store,Store Pickup,,,Changed mind,true,Recovered,1,1,83.70,45.76
R004102,OI0026389,O0012919,C007407,P00058,2026-01-09,2026-01-01,2026-01-24,15,Footwear,Trainers,Brightpath,Mobile App,FC-Central,Metro Post,true,Changed mind,true,Recovered,1,1,136.06,62.01
R004103,OI0026391,O0012920,C007408,P00063,2026-01-07,2026-01-01,2026-02-06,30,Footwear,Formal,Northvale,Mobile App,FC-South,Metro Post,true,Wrong size,true,Recovered,1,1,36.53,19.86
R004104,OI0026393,O0012920,C007408,P00007,2026-01-07,2026-01-01,2026-01-19,12,Apparel,Denim,Northvale,Mobile App,FC-South,Metro Post,true,Changed mind,true,Recovered,1,1,52.62,5.4
R004105,OI0026396,O0012922,C007410,P00106,2026-01-09,2026-01-01,2026-01-21,12,Electronics,Accessories,Ellery & Co,Marketplace,FC-North,Swiftline,true,Wrong size,true,Recovered,1,1,91.82,0.21
R004106,OI0026398,O0012922,C007410,P00030,2026-01-09,2026-01-01,2026-01-16,7,Apparel,Denim,Latitude 54,Marketplace,FC-North,Swiftline,true,Changed mind,true,Recovered,1,1,99.97,57.49
R004107,OI0026399,O0012922,C007410,P00109,2026-01-09,2026-01-01,2026-01-23,14,Electronics,Audio,Corda,Marketplace,FC-North,Swiftline,true,Not as described,true,Recovered,1,1,109.91,-50.94
R004108,OI0026403,O0012925,C007412,P00078,2026-01-06,2026-01-01,2026-01-17,11,Footwear,Sandals,Corda,Mobile App,FC-South,Regional Freight,true,Damaged in transit,false,Written off,1,1,100.42,100.42
R004109,OI0026408,O0012929,C007415,P00056,2026-01-06,2026-01-01,2026-01-17,11,Footwear,Sandals,Puresel,Mobile App,FC-South,Regional Freight,true,Arrived too late,true,Recovered,1,1,105.15,60.28
R004110,OI0026416,O0012932,C007418,P00011,2026-01-06,2026-01-01,2026-01-17,11,Apparel,Outerwear,Northvale,Store,Store Pickup,,,Wrong size,true,Recovered,1,1,133.12,81.92
R004111,OI0026419,O0012933,C007419,P00134,2026-01-07,2026-01-01,2026-02-03,27,Home & Kitchen,Cookware,Brightpath,Web,FC-Central,Regional Freight,true,Wrong size,true,Recovered,1,1,68.67,27.05
R004112,OI0026425,O0012935,C007419,P00008,2026-06-15,2026-06-01,2026-07-05,20,Apparel,Tops,Brightpath,Store,Store Pickup,,,Damaged in transit,false,Written off,1,1,83.50,83.5
R004113,OI0026434,O0012938,C007421,P00073,2026-02-06,2026-02-01,2026-02-28,22,Footwear,Boots,Brightpath,Mobile App,FC-Central,Metro Post,true,Not as described,true,Recovered,1,1,79.76,41.34
R004114,OI0026442,O0012941,C007423,P00189,2026-01-07,2026-01-01,2026-02-05,29,Sports & Outdoors,Camping,Brightpath,Mobile App,FC-North,Metro Post,true,Wrong size,true,Recovered,1,1,112.60,-2.13
R004115,OI0026448,O0012942,C007424,P00058,2026-01-09,2026-01-01,2026-01-30,21,Footwear,Trainers,Brightpath,Mobile App,FC-Central,Swiftline,true,Not as described,true,Recovered,1,1,112.79,38.74
R004116,OI0026456,O0012946,C007426,P00027,2026-01-10,2026-01-01,2026-01-28,18,Apparel,Outerwear,Mokkan,Web,FC-North,Metro Post,true,Faulty,false,Written off,1,1,30.54,30.54
R004117,OI0026457,O0012946,C007426,P00182,2026-01-10,2026-01-01,2026-02-06,27,Sports & Outdoors,Cycling,Northvale,Web,FC-North,Metro Post,true,Changed mind,true,Recovered,1,1,47.86,20.91
R004118,OI0026461,O0012949,C007428,P00056,2026-01-10,2026-01-01,2026-02-02,23,Footwear,Sandals,Puresel,Marketplace,FC-South,Regional Freight,true,Not as described,true,Recovered,1,1,80.89,36.02
R004119,OI0026470,O0012954,C007433,P00144,2026-01-08,2026-01-01,2026-01-15,7,Home & Kitchen,Cookware,Puresel,Store,Store Pickup,,,Changed mind,true,Recovered,1,1,174.00,63.49
R004120,OI0026475,O0012958,C007436,P00176,2026-01-11,2026-01-01,2026-01-29,18,Sports & Outdoors,Cycling,Ellery & Co,Web,FC-Central,Metro Post,true,Changed mind,true,Recovered,1,1,100.97,22.6
R004121,OI0026478,O0012959,C007436,P00043,2026-05-15,2026-05-01,2026-05-29,14,Apparel,Denim,Puresel,Store,Store Pickup,,,Damaged in transit,false,Written off,1,1,107.20,107.2
R004122,OI0026484,O0012962,C007437,P00096,2026-04-13,2026-04-01,2026-05-13,30,Electronics,Accessories,Mokkan,Marketplace,FC-Central,Swiftline,true,Not as described,true,Recovered,1,1,448.18,43.2
R004123,OI0026494,O0012968,C007439,P00174,2026-04-22,2026-04-01,2026-05-14,22,Sports & Outdoors,Fitness,Latitude 54,Web,FC-South,Regional Freight,false,Changed mind,true,Recovered,1,2,193.52,45.42
R004124,OI0026507,O0012975,C007445,P00186,2026-01-10,2026-01-01,2026-02-09,30,Sports & Outdoors,Fitness,Latitude 54,Mobile App,FC-South,Regional Freight,true,Wrong size,true,Recovered,1,1,123.45,-14.87
R004125,OI0026512,O0012977,C007447,P00109,2026-01-10,2026-01-01,2026-01-29,19,Electronics,Audio,Corda,Web,FC-Central,Metro Post,true,Changed mind,true,Recovered,1,1,186.86,26.01
R004126,OI0026518,O0012979,C007449,P00144,2026-01-13,2026-01-01,2026-01-23,10,Home & Kitchen,Cookware,Puresel,Mobile App,FC-South,Regional Freight,true,Wrong size,true,Recovered,2,2,348.00,126.98
R004127,OI0026527,O0012981,C007450,P00177,2026-01-12,2026-01-01,2026-01-31,19,Sports & Outdoors,Cycling,Latitude 54,Marketplace,FC-South,Metro Post,true,Wrong size,true,Recovered,1,1,276.02,117.51
R004128,OI0026532,O0012983,C007450,P00161,2026-04-29,2026-04-01,2026-05-06,7,Beauty,Fragrance,Northvale,Store,Store Pickup,,,Arrived too late,true,Recovered,1,1,36.58,16.0
R004129,OI0026534,O0012984,C007451,P00007,2026-01-14,2026-01-01,2026-01-23,9,Apparel,Denim,Northvale,Web,FC-South,Regional Freight,false,Arrived too late,true,Recovered,1,1,116.94,69.72
R004130,OI0026546,O0012989,C007455,P00109,2026-01-11,2026-01-01,2026-02-04,24,Electronics,Audio,Corda,Marketplace,FC-Central,Swiftline,true,Not as described,true,Recovered,1,1,186.86,26.01
R004131,OI0026547,O0012990,C007456,P00067,2026-01-14,2026-01-01,2026-01-24,10,Footwear,Sandals,Corda,Mobile App,FC-South,Regional Freight,false,Not as described,true,Recovered,1,1,78.15,46.73
R004132,OI0026553,O0012993,C007457,P00137,2026-02-21,2026-02-01,2026-03-16,23,Home & Kitchen,Bedding,Mokkan,Web,FC-North,Regional Freight,true,Not as described,true,Recovered,1,1,31.33,11.96
R004133,OI0026565,O0012999,C007460,P00003,2026-06-13,2026-06-01,2026-06-23,10,Apparel,Outerwear,Northvale,Store,Store Pickup,,,Changed mind,true,Recovered,1,1,32.59,18.9
R004134,OI0026569,O0013001,C007462,P00089,2026-01-16,2026-01-01,2026-02-08,23,Electronics,Audio,Corda,Marketplace,FC-Central,Regional Freight,false,Wrong size,true,Recovered,1,1,337.55,85.59
R004135,OI0026571,O0013002,C007463,P00093,2026-01-16,2026-01-01,2026-01-25,9,Electronics,Audio,Puresel,Marketplace,FC-South,Regional Freight,true,Changed mind,true,Recovered,1,1,161.57,19.65
R004136,OI0026579,O0013006,C007464,P00008,2026-05-10,2026-05-01,2026-06-12,33,Apparel,Tops,Brightpath,Web,FC-Central,Swiftline,true,Faulty,false,Written off,1,1,83.50,83.5
R004137,OI0026580,O0013007,C007465,P00058,2026-01-17,2026-01-01,2026-01-23,6,Footwear,Trainers,Brightpath,Mobile App,FC-South,Swiftline,true,Changed mind,true,Recovered,1,1,123.10,49.05
R004138,OI0026591,O0013012,C007468,P00126,2026-05-27,2026-05-01,2026-06-12,16,Home & Kitchen,Bedding,Puresel,Web,FC-North,Swiftline,true,Changed mind,true,Recovered,2,2,66.46,20.9
R004139,OI0026605,O0013023,C007476,P00130,2026-04-02,2026-04-01,2026-04-21,19,Home & Kitchen,Cookware,Ellery & Co,Web,FC-South,Metro Post,true,Wrong size,true,Recovered,1,1,206.19,56.47
R004140,OI0026616,O0013028,C007479,P00062,2026-01-18,2026-01-01,2026-02-12,25,Footwear,Formal,Latitude 54,Store,Store Pickup,,,Not as described,true,Recovered,1,1,120.05,68.9
R004141,OI0026622,O0013033,C007484,P00035,2026-01-14,2026-01-01,2026-01-27,13,Apparel,Outerwear,Northvale,Marketplace,FC-South,Metro Post,true,Changed mind,true,Recovered,1,1,131.59,67.13
R004142,OI0026626,O0013035,C007486,P00060,2026-01-15,2026-01-01,2026-02-04,20,Footwear,Formal,Corda,Marketplace,FC-Central,Regional Freight,false,Arrived too late,true,Recovered,1,1,139.31,73.37
R004143,OI0026628,O0013035,C007486,P00022,2026-01-15,2026-01-01,2026-02-05,21,Apparel,Knitwear,Northvale,Marketplace,FC-Central,Regional Freight,false,Changed mind,true,Recovered,2,2,59.77,30.39
R004144,OI0026629,O0013035,C007486,P00129,2026-01-15,2026-01-01,2026-01-30,15,Home & Kitchen,Cookware,Ellery & Co,Marketplace,FC-Central,Regional Freight,false,Wrong size,true,Recovered,1,1,49.59,9.43
R004145,OI0026630,O0013036,C007487,P00046,2026-01-18,2026-01-01,2026-02-08,21,Apparel,Dresses,Brightpath,Mobile App,FC-South,Metro Post,true,Changed mind,true,Recovered,1,3,117.17,66.09
R004146,OI0026642,O0013042,C007488,P00079,2026-05-13,2026-05-01,2026-05-27,14,Footwear,Sandals,Mokkan,Mobile App,FC-Central,Regional Freight,true,Arrived too late,true,Recovered,1,1,45.61,0.84
R004147,OI0026643,O0013043,C007489,P00188,2026-01-16,2026-01-01,2026-01-22,6,Sports & Outdoors,Swim,Mokkan,Web,FC-South,Swiftline,true,Arrived too late,true,Recovered,1,1,166.85,68.1
R004148,OI0026648,O0013045,C007490,P00116,2026-03-11,2026-03-01,2026-04-02,22,Home & Kitchen,Bedding,Latitude 54,Marketplace,FC-Central,Regional Freight,true,Changed mind,true,Recovered,1,1,38.00,12.17
R004149,OI0026649,O0013046,C007491,P00027,2026-01-18,2026-01-01,2026-02-05,18,Apparel,Outerwear,Mokkan,Web,FC-North,Metro Post,true,Wrong size,true,Recovered,1,1,28.53,15.21
R004150,OI0026659,O0013051,C007495,P00179,2026-01-19,2026-01-01,2026-01-30,11,Sports & Outdoors,Fitness,Mokkan,Web,FC-Central,Swiftline,true,Changed mind,true,Recovered,1,1,49.48,18.75
R004151,OI0026671,O0013057,C007499,P00072,2026-05-01,2026-05-01,2026-05-27,26,Footwear,Sandals,Brightpath,Web,FC-Central,Regional Freight,true,Faulty,false,Written off,1,1,58.95,58.95
R004152,OI0026678,O0013058,C007500,P00010,2026-01-20,2026-01-01,2026-02-18,29,Apparel,Denim,Puresel,Mobile App,FC-Central,Metro Post,false,Wrong size,true,Recovered,1,1,28.00,15.12
R004153,OI0026688,O0013062,C007504,P00014,2026-01-20,2026-01-01,2026-02-11,22,Apparel,Dresses,Corda,Mobile App,FC-Central,Swiftline,false,Wrong size,true,Recovered,2,2,174.24,99.68
R004154,OI0026692,O0013065,C007505,P00117,2026-01-18,2026-01-01,2026-02-11,24,Home & Kitchen,Bedding,Ellery & Co,Mobile App,FC-North,Metro Post,true,Wrong size,true,Recovered,1,1,134.40,55.77
R004155,OI0026699,O0013067,C007506,P00068,2026-02-24,2026-02-01,2026-03-03,7,Footwear,Sandals,Corda,Marketplace,FC-South,Swiftline,true,Faulty,false,Written off,1,1,106.66,106.66
R004156,OI0026707,O0013070,C007507,P00049,2026-01-17,2026-01-01,2026-01-21,4,Apparel,Tops,Brightpath,Marketplace,FC-South,Metro Post,true,Wrong size,true,Recovered,3,3,98.13,41.43
R004157,OI0026713,O0013075,C007511,P00103,2026-01-22,2026-01-01,2026-02-20,29,Electronics,Small Appliances,Latitude 54,Marketplace,FC-North,Swiftline,true,Not as described,true,Recovered,1,1,111.90,21.89
R004158,OI0026723,O0013083,C007516,P00134,2026-03-17,2026-03-01,2026-04-07,21,Home & Kitchen,Cookware,Brightpath,Marketplace,FC-South,Swiftline,true,Arrived too late,true,Recovered,1,1,68.67,27.05
R004159,OI0026724,O0013083,C007516,P00054,2026-03-17,2026-03-01,2026-03-25,8,Footwear,Sandals,Mokkan,Marketplace,FC-South,Swiftline,true,Changed mind,true,Recovered,1,1,59.52,30.01
R004160,OI0026725,O0013084,C007517,P00074,2026-01-19,2026-01-01,2026-02-15,27,Footwear,Trainers,Puresel,Marketplace,FC-North,Metro Post,true,Changed mind,true,Recovered,1,1,128.17,80.38
R004161,OI0026729,O0013085,C007518,P00026,2026-01-20,2026-01-01,2026-02-05,16,Apparel,Dresses,Corda,Mobile App,FC-South,Regional Freight,true,Faulty,false,Written off,1,3,18.06,18.06
R004162,OI0026740,O0013092,C007522,P00116,2026-01-19,2026-01-01,2026-02-07,19,Home & Kitchen,Bedding,Latitude 54,Web,FC-South,Metro Post,true,Changed mind,true,Recovered,1,1,34.06,8.23
R004163,OI0026750,O0013096,C007524,P00064,2026-06-03,2026-06-01,2026-06-11,8,Footwear,Boots,Mokkan,Mobile App,FC-South,Regional Freight,true,Changed mind,true,Recovered,1,1,90.90,48.26
R004164,OI0026760,O0013100,C007527,P00045,2026-01-23,2026-01-01,2026-02-13,21,Apparel,Knitwear,Puresel,Mobile App,FC-Central,Metro Post,true,Changed mind,true,Recovered,1,1,65.97,36.54
R004165,OI0026781,O0013111,C007535,P00033,2026-01-23,2026-01-01,2026-02-02,10,Apparel,Denim,Northvale,Marketplace,FC-South,Metro Post,true,Changed mind,true,Recovered,1,2,44.67,26.8
R004166,OI0026805,O0013123,C007542,P00029,2026-01-24,2026-01-01,2026-02-01,8,Apparel,Knitwear,Puresel,Web,FC-North,Swiftline,true,Not as described,true,Recovered,1,1,89.36,43.09
R004167,OI0026807,O0013124,C007543,P00016,2026-01-22,2026-01-01,2026-01-30,8,Apparel,Knitwear,Brightpath,Web,FC-South,Metro Post,true,Changed mind,true,Recovered,1,1,54.64,32.91
R004168,OI0026809,O0013125,C007543,P00090,2026-06-01,2026-06-01,2026-06-11,10,Electronics,Audio,Corda,Mobile App,FC-South,Swiftline,true,Changed mind,true,Recovered,1,1,290.67,47.51
R004169,OI0026816,O0013129,C007547,P00061,2026-01-24,2026-01-01,2026-02-20,27,Footwear,Trainers,Northvale,Mobile App,FC-South,Swiftline,true,Faulty,false,Written off,1,1,44.28,44.28
R004170,OI0026831,O0013134,C007549,P00181,2026-03-08,2026-03-01,2026-03-15,7,Sports & Outdoors,Camping,Ellery & Co,Mobile App,FC-North,Regional Freight,true,Wrong size,true,Recovered,1,1,155.18,22.17
R004171,OI0026844,O0013137,C007551,P00092,2026-04-18,2026-04-01,2026-04-27,9,Electronics,Accessories,Puresel,Mobile App,FC-South,Metro Post,true,Changed mind,true,Recovered,1,1,209.32,27.77
R004172,OI0026852,O0013141,C007554,P00139,2026-01-27,2026-01-01,2026-02-15,19,Home & Kitchen,Cookware,Ellery & Co,Web,FC-Central,Swiftline,false,Arrived too late,true,Recovered,1,1,53.02,21.66
R004173,OI0026854,O0013143,C007556,P00028,2026-01-25,2026-01-01,2026-02-21,27,Apparel,Dresses,Mokkan,Web,FC-North,Metro Post,true,Wrong size,true,Recovered,1,1,31.99,20.25
R004174,OI0026866,O0013148,C007559,P00060,2026-01-25,2026-01-01,2026-02-20,26,Footwear,Formal,Corda,Web,FC-Central,Swiftline,true,Faulty,false,Written off,1,1,139.31,139.31
R004175,OI0026867,O0013149,C007559,P00041,2026-03-20,2026-03-01,2026-04-08,19,Apparel,Outerwear,Latitude 54,Store,Store Pickup,,,Faulty,false,Written off,2,2,250.46,250.46
R004176,OI0026868,O0013150,C007560,P00008,2026-01-25,2026-01-01,2026-02-19,25,Apparel,Tops,Brightpath,Web,FC-North,Metro Post,true,Wrong size,true,Recovered,1,1,56.44,26.51
R004177,OI0026879,O0013158,C007565,P00036,2026-01-25,2026-01-01,2026-02-03,9,Apparel,Dresses,Latitude 54,Mobile App,FC-South,Regional Freight,true,Wrong size,true,Recovered,2,2,99.66,51.68
R004178,OI0026897,O0013167,C007572,P00175,2026-03-11,2026-03-01,2026-03-20,9,Sports & Outdoors,Camping,Ellery & Co,Web,FC-North,Metro Post,true,Wrong size,true,Recovered,1,1,184.32,56.09
R004179,OI0026900,O0013168,C007573,P00048,2026-01-26,2026-01-01,2026-02-08,13,Apparel,Dresses,Latitude 54,Mobile App,FC-South,Regional Freight,false,Wrong size,true,Recovered,1,1,122.50,66.99
R004180,OI0026930,O0013182,C007580,P00118,2026-04-23,2026-04-01,2026-05-07,14,Home & Kitchen,Tableware,Ellery & Co,Marketplace,FC-Central,Metro Post,true,Faulty,false,Written off,3,3,79.20,79.2
R004181,OI0026944,O0013187,C007585,P00057,2026-01-29,2026-01-01,2026-02-23,25,Footwear,Trainers,Puresel,Marketplace,FC-Central,Metro Post,true,Not as described,true,Recovered,1,1,65.94,39.76
R004182,OI0026953,O0013191,C007588,P00052,2026-01-26,2026-01-01,2026-02-04,9,Apparel,Dresses,Corda,Web,FC-North,Metro Post,true,Changed mind,true,Recovered,1,1,64.55,40.52
R004183,OI0026957,O0013192,C007589,P00076,2026-01-28,2026-01-01,2026-02-02,5,Footwear,Trainers,Puresel,Store,Store Pickup,,,Arrived too late,true,Recovered,1,1,57.83,23.55
R004184,OI0026965,O0013195,C007591,P00065,2026-01-29,2026-01-01,2026-02-25,27,Footwear,Sandals,Ellery & Co,Store,Store Pickup,,,Not as described,true,Recovered,1,1,94.68,40.79
R004185,OI0026969,O0013196,C007592,P00020,2026-01-29,2026-01-01,2026-02-02,4,Apparel,Denim,Ellery & Co,Web,FC-South,Regional Freight,true,Changed mind,true,Recovered,1,1,103.63,56.71
R004186,OI0026971,O0013197,C007593,P00059,2026-01-27,2026-01-01,2026-02-12,16,Footwear,Trainers,Latitude 54,Store,Store Pickup,,,Changed mind,true,Recovered,1,1,113.73,43.69
R004187,OI0026976,O0013198,C007593,P00017,2026-02-28,2026-02-01,2026-03-09,9,Apparel,Dresses,Corda,Marketplace,FC-North,Swiftline,true,Changed mind,true,Recovered,1,1,27.43,15.56
R004188,OI0026977,O0013199,C007594,P00059,2026-01-29,2026-01-01,2026-03-02,32,Footwear,Trainers,Latitude 54,Mobile App,FC-North,Metro Post,false,Faulty,false,Written off,1,1,129.93,129.93
R004189,OI0026979,O0013200,C007594,P00039,2026-05-31,2026-05-01,2026-06-04,4,Apparel,Outerwear,Latitude 54,Web,FC-North,Metro Post,true,Damaged in transit,false,Written off,1,1,25.56,25.56
R004190,OI0026987,O0013205,C007598,P00178,2026-01-28,2026-01-01,2026-02-08,11,Sports & Outdoors,Fitness,Corda,Store,Store Pickup,,,Arrived too late,true,Recovered,3,3,679.98,355.17
R004191,OI0026992,O0013206,C007598,P00167,2026-05-21,2026-05-01,2026-06-07,17,Beauty,Fragrance,Latitude 54,Web,FC-Central,Metro Post,true,Damaged in transit,false,Written off,1,1,59.63,59.63
R004192,OI0027000,O0013209,C007599,P00187,2026-03-22,2026-03-01,2026-04-19,28,Sports & Outdoors,Camping,Puresel,Mobile App,FC-Central,Swiftline,true,Damaged in transit,false,Written off,1,1,164.80,164.8
R004193,OI0027010,O0013213,C007603,P00049,2026-02-01,2026-02-01,2026-02-24,23,Apparel,Tops,Brightpath,Web,FC-South,Metro Post,true,Changed mind,true,Recovered,1,1,38.91,20.01
R004194,OI0027014,O0013214,C007603,P00007,2026-02-16,2026-02-01,2026-03-01,13,Apparel,Denim,Northvale,Marketplace,FC-South,Swiftline,false,Damaged in transit,false,Written off,4,4,467.76,467.76
R004195,OI0027024,O0013221,C007607,P00012,2026-02-01,2026-02-01,2026-02-22,21,Apparel,Knitwear,Mokkan,Store,Store Pickup,,,Wrong size,true,Recovered,1,1,88.93,48.74
R004196,OI0027036,O0013228,C007613,P00054,2026-02-01,2026-02-01,2026-02-18,17,Footwear,Sandals,Mokkan,Web,FC-North,Swiftline,true,Damaged in transit,false,Written off,2,2,119.04,119.04
R004197,OI0027037,O0013229,C007613,P00001,2026-04-04,2026-04-01,2026-04-10,6,Apparel,Dresses,Latitude 54,Marketplace,FC-North,Swiftline,true,Not as described,true,Recovered,1,1,38.97,24.82
R004198,OI0027038,O0013229,C007613,P00061,2026-04-04,2026-04-01,2026-04-20,16,Footwear,Trainers,Northvale,Marketplace,FC-North,Swiftline,true,Not as described,true,Recovered,2,2,61.69,23.39
R004199,OI0027039,O0013229,C007613,P00177,2026-04-04,2026-04-01,2026-04-18,14,Sports & Outdoors,Cycling,Latitude 54,Marketplace,FC-North,Swiftline,true,Not as described,true,Recovered,1,1,187.97,29.46
R004200,OI0027040,O0013230,C007613,P00061,2026-05-15,2026-05-01,2026-06-09,25,Footwear,Trainers,Northvale,Mobile App,FC-North,Swiftline,true,Damaged in transit,false,Written off,1,1,44.28,44.28
R004201,OI0027043,O0013231,C007614,P00182,2026-01-31,2026-01-01,2026-03-02,30,Sports & Outdoors,Cycling,Northvale,Web,FC-Central,Metro Post,true,Wrong size,true,Recovered,1,1,27.69,0.74
R004202,OI0027046,O0013232,C007615,P00063,2026-02-02,2026-02-01,2026-02-09,7,Footwear,Formal,Northvale,Mobile App,FC-North,Metro Post,true,Changed mind,true,Recovered,4,4,146.12,79.44
R004203,OI0027055,O0013236,C007617,P00126,2026-03-29,2026-03-01,2026-04-03,5,Home & Kitchen,Bedding,Puresel,Store,Store Pickup,,,Not as described,true,Recovered,1,1,33.23,10.45
R004204,OI0027057,O0013237,C007617,P00056,2026-04-24,2026-04-01,2026-05-05,11,Footwear,Sandals,Puresel,Web,FC-Central,Metro Post,true,Changed mind,true,Recovered,1,1,90.10,45.23
R004205,OI0027068,O0013243,C007620,P00136,2026-01-31,2026-01-01,2026-02-04,4,Home & Kitchen,Cookware,Latitude 54,Mobile App,FC-Central,Swiftline,true,Changed mind,true,Recovered,1,1,29.59,11.38
R004206,OI0027082,O0013252,C007626,P00053,2026-02-01,2026-02-01,2026-02-14,13,Apparel,Tops,Latitude 54,Mobile App,FC-Central,Metro Post,false,Wrong size,true,Recovered,1,1,103.71,65.68
R004207,OI0027087,O0013255,C007629,P00039,2026-01-31,2026-01-01,2026-02-27,27,Apparel,Outerwear,Latitude 54,Marketplace,FC-Central,Regional Freight,true,Arrived too late,true,Recovered,1,1,25.56,14.18
R004208,OI0027091,O0013256,C007630,P00073,2026-02-01,2026-02-01,2026-02-22,21,Footwear,Boots,Brightpath,Web,FC-South,Swiftline,true,Wrong size,true,Recovered,1,1,79.76,41.34
R004209,OI0027097,O0013258,C007631,P00175,2026-02-02,2026-02-01,2026-02-08,6,Sports & Outdoors,Camping,Ellery & Co,Mobile App,FC-North,Metro Post,true,Changed mind,true,Recovered,1,1,184.41,56.18
R004210,OI0027114,O0013271,C007637,P00023,2026-04-01,2026-04-01,2026-04-08,7,Apparel,Tops,Latitude 54,Mobile App,FC-Central,Metro Post,true,Changed mind,true,Recovered,1,1,49.85,32.11
R004211,OI0027118,O0013272,C007637,P00068,2026-04-23,2026-04-01,2026-05-02,9,Footwear,Sandals,Corda,Web,FC-Central,Regional Freight,true,Changed mind,true,Recovered,1,1,106.66,65.35
R004212,OI0027133,O0013280,C007642,P00030,2026-01-31,2026-01-01,2026-02-10,10,Apparel,Denim,Latitude 54,Mobile App,FC-North,Regional Freight,false,Arrived too late,true,Recovered,1,1,95.10,52.62
R004213,OI0027136,O0013281,C007643,P00119,2026-02-03,2026-02-01,2026-02-24,21,Home & Kitchen,Storage,Puresel,Mobile App,FC-Central,Metro Post,true,Faulty,false,Written off,2,2,384.44,384.44
R004214,OI0027152,O0013288,C007648,P00051,2026-02-04,2026-02-01,2026-03-01,25,Apparel,Denim,Corda,Web,FC-Central,Regional Freight,true,Changed mind,true,Recovered,1,1,30.66,13.12
R004215,OI0027159,O0013292,C007652,P00022,2026-02-02,2026-02-01,2026-02-27,25,Apparel,Knitwear,Northvale,Store,Store Pickup,,,Damaged in transit,false,Written off,1,1,23.96,23.96
R004216,OI0027160,O0013292,C007652,P00065,2026-02-02,2026-02-01,2026-02-17,15,Footwear,Sandals,Ellery & Co,Store,Store Pickup,,,Not as described,true,Recovered,1,1,71.81,17.92
R004217,OI0027164,O0013293,C007653,P00047,2026-02-05,2026-02-01,2026-02-26,21,Apparel,Dresses,Puresel,Web,FC-North,Swiftline,true,Wrong size,true,Recovered,1,1,91.59,46.34
R004218,OI0027166,O0013294,C007654,P00020,2026-02-04,2026-02-01,2026-03-04,28,Apparel,Denim,Ellery & Co,Mobile App,FC-South,Regional Freight,true,Changed mind,true,Recovered,1,1,131.49,84.57
R004219,OI0027171,O0013295,C007654,P00073,2026-03-29,2026-03-01,2026-04-03,5,Footwear,Boots,Brightpath,Marketplace,FC-South,Metro Post,true,Faulty,false,Written off,1,1,39.43,39.43
R004220,OI0027172,O0013295,C007654,P00036,2026-03-29,2026-03-01,2026-04-12,14,Apparel,Dresses,Latitude 54,Marketplace,FC-South,Metro Post,true,Changed mind,true,Recovered,1,1,67.23,43.24
R004221,OI0027174,O0013296,C007655,P00012,2026-02-03,2026-02-01,2026-03-07,32,Apparel,Knitwear,Mokkan,Mobile App,FC-Central,Swiftline,true,Not as described,true,Recovered,1,1,88.93,48.74
R004222,OI0027180,O0013299,C007657,P00036,2026-05-15,2026-05-01,2026-06-04,20,Apparel,Dresses,Latitude 54,Web,FC-Central,Swiftline,true,Wrong size,true,Recovered,1,1,67.23,43.24
R004223,OI0027181,O0013300,C007658,P00057,2026-02-06,2026-02-01,2026-02-16,10,Footwear,Trainers,Puresel,Web,FC-South,Metro Post,true,Changed mind,true,Recovered,1,1,65.94,39.76
R004224,OI0027183,O0013302,C007659,P00022,2026-03-28,2026-03-01,2026-04-22,25,Apparel,Knitwear,Northvale,Web,FC-South,Metro Post,true,Changed mind,true,Recovered,3,3,121.83,77.76
R004225,OI0027190,O0013306,C007662,P00024,2026-03-24,2026-03-01,2026-04-01,8,Apparel,Outerwear,Brightpath,Web,FC-Central,Metro Post,true,Wrong size,true,Recovered,1,1,34.31,18.73
R004226,OI0027199,O0013311,C007664,P00018,2026-06-23,2026-06-01,2026-07-24,31,Apparel,Denim,Latitude 54,Web,FC-South,Regional Freight,false,Arrived too late,true,Recovered,1,1,62.01,35.68
R004227,OI0027203,O0013315,C007667,P00031,2026-06-04,2026-06-01,2026-07-03,29,Apparel,Dresses,Brightpath,Web,FC-South,Metro Post,false,Not as described,true,Recovered,1,1,90.94,53.45
R004228,OI0027209,O0013319,C007669,P00127,2026-02-06,2026-02-01,2026-03-03,25,Home & Kitchen,Cookware,Latitude 54,Mobile App,FC-North,Swiftline,true,Not as described,true,Recovered,4,4,776.36,308.56
R004229,OI0027217,O0013324,C007671,P00099,2026-04-13,2026-04-01,2026-05-01,18,Electronics,Small Appliances,Latitude 54,Web,FC-Central,Swiftline,true,Wrong size,true,Recovered,1,1,456.80,94.9
R004230,OI0027218,O0013325,C007671,P00114,2026-04-27,2026-04-01,2026-05-05,8,Home & Kitchen,Bedding,Puresel,Marketplace,FC-Central,Metro Post,true,Wrong size,true,Recovered,1,1,111.53,42.98
R004231,OI0027258,O0013348,C007684,P00002,2026-02-17,2026-02-01,2026-02-21,4,Apparel,Knitwear,Brightpath,Mobile App,FC-North,Regional Freight,true,Faulty,false,Written off,1,1,61.82,61.82
R004232,OI0027261,O0013348,C007684,P00044,2026-02-17,2026-02-01,2026-02-22,5,Apparel,Denim,Corda,Mobile App,FC-North,Regional Freight,true,Wrong size,true,Recovered,1,1,17.30,10.64
R004233,OI0027262,O0013349,C007685,P00042,2026-02-08,2026-02-01,2026-03-01,21,Apparel,Knitwear,Latitude 54,Marketplace,FC-South,Regional Freight,true,Wrong size,true,Recovered,1,1,98.30,58.28
R004234,OI0027264,O0013351,C007686,P00069,2026-02-07,2026-02-01,2026-02-20,13,Footwear,Sandals,Brightpath,Web,FC-South,Regional Freight,true,Not as described,true,Recovered,1,1,148.15,87.94
R004235,OI0027270,O0013353,C007688,P00008,2026-02-09,2026-02-01,2026-03-13,32,Apparel,Tops,Brightpath,Web,FC-South,Metro Post,true,Wrong size,true,Recovered,1,1,82.81,52.88
R004236,OI0027271,O0013354,C007688,P00186,2026-06-07,2026-06-01,2026-06-23,16,Sports & Outdoors,Fitness,Latitude 54,Web,FC-South,Swiftline,true,Not as described,true,Recovered,1,1,272.93,134.61
R004237,OI0027278,O0013357,C007690,P00124,2026-02-08,2026-02-01,2026-02-20,12,Home & Kitchen,Bedding,Latitude 54,Marketplace,FC-Central,Metro Post,true,Changed mind,true,Recovered,1,1,28.59,13.89
R004238,OI0027304,O0013368,C007700,P00032,2026-02-07,2026-02-01,2026-02-28,21,Apparel,Outerwear,Mokkan,Web,FC-South,Swiftline,true,Wrong size,true,Recovered,1,1,34.46,22.06
R004239,OI0027309,O0013369,C007701,P00062,2026-02-10,2026-02-01,2026-03-06,24,Footwear,Formal,Latitude 54,Marketplace,FC-South,Metro Post,true,Changed mind,true,Recovered,1,1,120.05,68.9
R004240,OI0027315,O0013373,C007703,P00145,2026-02-07,2026-02-01,2026-02-27,20,Beauty,Cosmetics,Ellery & Co,Mobile App,FC-North,Swiftline,false,Arrived too late,true,Recovered,1,2,66.69,39.22
R004241,OI0027316,O0013373,C007703,P00047,2026-02-07,2026-02-01,2026-02-15,8,Apparel,Dresses,Puresel,Mobile App,FC-North,Swiftline,false,Changed mind,true,Recovered,1,1,95.89,50.64
R004242,OI0027319,O0013375,C007704,P00119,2026-03-03,2026-03-01,2026-03-31,28,Home & Kitchen,Storage,Puresel,Web,FC-North,Regional Freight,false,Changed mind,true,Recovered,1,1,192.22,64.61
R004243,OI0027320,O0013376,C007705,P00030,2026-02-09,2026-02-01,2026-03-06,25,Apparel,Denim,Latitude 54,Web,FC-North,Swiftline,true,Wrong size,true,Recovered,2,2,199.94,114.98
R004244,OI0027341,O0013382,C007708,P00066,2026-03-06,2026-03-01,2026-03-30,24,Footwear,Sandals,Puresel,Marketplace,FC-South,Regional Freight,true,Damaged in transit,false,Written off,1,1,111.95,111.95
R004245,OI0027342,O0013383,C007709,P00071,2026-02-10,2026-02-01,2026-02-25,15,Footwear,Boots,Puresel,Mobile App,FC-Central,Regional Freight,true,Wrong size,true,Recovered,1,1,122.76,66.8
R004246,OI0027349,O0013386,C007711,P00010,2026-02-07,2026-02-01,2026-02-24,17,Apparel,Denim,Puresel,Web,FC-North,Swiftline,true,Changed mind,true,Recovered,1,1,28.00,15.12
R004247,OI0027351,O0013387,C007712,P00114,2026-02-08,2026-02-01,2026-03-05,25,Home & Kitchen,Bedding,Puresel,Web,FC-Central,Metro Post,true,Damaged in transit,false,Written off,1,1,111.53,111.53
R004248,OI0027361,O0013391,C007714,P00136,2026-02-11,2026-02-01,2026-02-27,16,Home & Kitchen,Cookware,Latitude 54,Marketplace,FC-North,Swiftline,true,Changed mind,true,Recovered,3,3,72.30,17.67
R004249,OI0027364,O0013393,C007716,P00110,2026-02-07,2026-02-01,2026-03-01,22,Electronics,Small Appliances,Puresel,Mobile App,FC-Central,Swiftline,true,Changed mind,true,Recovered,1,1,411.22,59.84
R004250,OI0027367,O0013394,C007716,P00079,2026-03-21,2026-03-01,2026-04-09,19,Footwear,Sandals,Mokkan,Store,Store Pickup,,,Arrived too late,true,Recovered,1,1,49.73,4.96
R004251,OI0027370,O0013397,C007718,P00129,2026-02-09,2026-02-01,2026-03-03,22,Home & Kitchen,Cookware,Ellery & Co,Web,FC-Central,Regional Freight,true,Not as described,true,Recovered,1,1,59.96,19.8
R004252,OI0027382,O0013402,C007722,P00123,2026-02-11,2026-02-01,2026-02-22,11,Home & Kitchen,Lighting,Northvale,Web,FC-South,Metro Post,true,Faulty,false,Written off,1,1,89.98,89.98
R004253,OI0027392,O0013409,C007726,P00037,2026-02-08,2026-02-01,2026-03-07,27,Apparel,Tops,Brightpath,Marketplace,FC-Central,Regional Freight,true,Arrived too late,true,Recovered,1,1,116.64,66.03
R004254,OI0027403,O0013416,C007730,P00170,2026-02-11,2026-02-01,2026-03-12,29,Sports & Outdoors,Cycling,Corda,Marketplace,FC-South,Metro Post,true,Wrong size,true,Recovered,1,1,216.26,95.69
R004255,OI0027405,O0013416,C007730,P00107,2026-02-11,2026-02-01,2026-03-04,21,Electronics,Wearables,Corda,Marketplace,FC-South,Metro Post,true,Wrong size,true,Recovered,1,1,99.76,2.9
R004256,OI0027407,O0013417,C007730,P00076,2026-05-22,2026-05-01,2026-06-07,16,Footwear,Trainers,Puresel,Marketplace,FC-South,Metro Post,true,Damaged in transit,false,Written off,1,1,83.39,83.39
R004257,OI0027408,O0013417,C007730,P00070,2026-05-22,2026-05-01,2026-06-20,29,Footwear,Boots,Latitude 54,Marketplace,FC-South,Metro Post,true,Wrong size,true,Recovered,1,1,55.19,14.84
R004258,OI0027411,O0013418,C007731,P00006,2026-02-13,2026-02-01,2026-02-26,13,Apparel,Denim,Puresel,Store,Store Pickup,,,Wrong size,true,Recovered,1,1,31.44,19.56
R004259,OI0027415,O0013419,C007732,P00011,2026-02-12,2026-02-01,2026-03-06,22,Apparel,Outerwear,Northvale,Web,FC-North,Metro Post,false,Not as described,true,Recovered,2,2,251.84,149.44
R004260,OI0027420,O0013421,C007734,P00005,2026-02-13,2026-02-01,2026-03-17,32,Apparel,Knitwear,Ellery & Co,Mobile App,FC-North,Swiftline,true,Arrived too late,true,Recovered,1,1,28.94,7.06
R004261,OI0027427,O0013425,C007736,P00130,2026-02-26,2026-02-01,2026-03-07,9,Home & Kitchen,Cookware,Ellery & Co,Mobile App,FC-Central,Regional Freight,false,Changed mind,true,Recovered,1,1,206.19,56.47
R004262,OI0027442,O0013433,C007739,P00004,2026-03-09,2026-03-01,2026-04-02,24,Apparel,Knitwear,Puresel,Mobile App,FC-North,Metro Post,true,Wrong size,true,Recovered,2,2,47.35,19.39
R004263,OI0027444,O0013434,C007740,P00039,2026-02-11,2026-02-01,2026-02-18,7,Apparel,Outerwear,Latitude 54,Web,FC-South,Metro Post,true,Arrived too late,true,Recovered,3,3,76.68,42.54
R004264,OI0027451,O0013437,C007741,P00019,2026-05-25,2026-05-01,2026-05-31,6,Apparel,Tops,Brightpath,Mobile App,FC-Central,Swiftline,true,Wrong size,true,Recovered,2,2,131.04,72.32
R004265,OI0027458,O0013442,C007745,P00043,2026-02-10,2026-02-01,2026-02-15,5,Apparel,Denim,Puresel,Store,Store Pickup,,,Damaged in transit,false,Written off,1,1,107.20,107.2
R004266,OI0027465,O0013446,C007747,P00077,2026-02-13,2026-02-01,2026-03-13,28,Footwear,Boots,Ellery & Co,Mobile App,FC-South,Metro Post,false,Arrived too late,true,Recovered,1,1,105.21,64.29
R004267,OI0027466,O0013446,C007747,P00177,2026-02-13,2026-02-01,2026-03-10,25,Sports & Outdoors,Cycling,Latitude 54,Mobile App,FC-South,Metro Post,false,Arrived too late,true,Recovered,1,1,235.58,77.07
R004268,OI0027467,O0013446,C007747,P00057,2026-02-13,2026-02-01,2026-02-23,10,Footwear,Trainers,Puresel,Mobile App,FC-South,Metro Post,false,Damaged in transit,false,Written off,1,1,60.18,60.18
R004269,OI0027470,O0013449,C007748,P00055,2026-06-16,2026-06-01,2026-06-27,11,Footwear,Trainers,Ellery & Co,Mobile App,FC-Central,Swiftline,true,Wrong size,true,Recovered,2,2,81.36,43.08
R004270,OI0027477,O0013452,C007750,P00131,2026-02-15,2026-02-01,2026-03-02,15,Home & Kitchen,Cookware,Mokkan,Marketplace,FC-Central,Metro Post,true,Damaged in transit,false,Written off,1,1,94.06,94.06
R004271,OI0027480,O0013454,C007752,P00023,2026-02-14,2026-02-01,2026-03-09,23,Apparel,Tops,Latitude 54,Web,FC-North,Metro Post,true,Changed mind,true,Recovered,1,1,49.85,32.11
R004272,OI0027482,O0013456,C007753,P00030,2026-02-13,2026-02-01,2026-03-12,27,Apparel,Denim,Latitude 54,Mobile App,FC-South,Metro Post,true,Changed mind,true,Recovered,1,1,99.97,57.49
R004273,OI0027489,O0013461,C007757,P00186,2026-02-16,2026-02-01,2026-03-15,27,Sports & Outdoors,Fitness,Latitude 54,Web,FC-South,Regional Freight,true,Changed mind,true,Recovered,1,1,272.93,134.61
R004274,OI0027490,O0013461,C007757,P00061,2026-02-16,2026-02-01,2026-02-28,12,Footwear,Trainers,Northvale,Web,FC-South,Regional Freight,true,Not as described,true,Recovered,2,2,88.56,50.26
R004275,OI0027492,O0013463,C007758,P00039,2026-02-27,2026-02-01,2026-03-03,4,Apparel,Outerwear,Latitude 54,Web,FC-South,Regional Freight,true,Damaged in transit,false,Written off,1,1,20.50,20.5
R004276,OI0027493,O0013463,C007758,P00034,2026-02-27,2026-02-01,2026-03-17,18,Apparel,Dresses,Latitude 54,Web,FC-South,Regional Freight,true,Wrong size,true,Recovered,1,1,34.87,13.25
R004277,OI0027494,O0013464,C007759,P00116,2026-02-16,2026-02-01,2026-03-16,28,Home & Kitchen,Bedding,Latitude 54,Store,Store Pickup,,,Arrived too late,true,Recovered,1,1,19.42,-6.41
R004278,OI0027511,O0013473,C007763,P00178,2026-04-04,2026-04-01,2026-04-25,21,Sports & Outdoors,Fitness,Corda,Web,FC-South,Regional Freight,true,Faulty,false,Written off,2,2,453.32,453.32
R004279,OI0027512,O0013474,C007764,P00151,2026-02-12,2026-02-01,2026-03-13,29,Beauty,Skincare,Brightpath,Web,FC-North,Swiftline,true,Arrived too late,true,Recovered,1,1,57.14,35.24
R004280,OI0027514,O0013475,C007764,P00075,2026-03-25,2026-03-01,2026-04-19,25,Footwear,Formal,Latitude 54,Web,FC-North,Metro Post,true,Changed mind,true,Recovered,1,1,51.74,25.32
R004281,OI0027517,O0013477,C007765,P00131,2026-05-27,2026-05-01,2026-06-15,19,Home & Kitchen,Cookware,Mokkan,Mobile App,FC-South,Metro Post,true,Not as described,true,Recovered,1,1,85.23,11.76
R004282,OI0027524,O0013482,C007768,P00137,2026-03-22,2026-03-01,2026-04-08,17,Home & Kitchen,Bedding,Mokkan,Web,FC-South,Regional Freight,true,Damaged in transit,false,Written off,1,1,31.33,31.33
R004283,OI0027535,O0013488,C007772,P00121,2026-02-13,2026-02-01,2026-02-23,10,Home & Kitchen,Tableware,Mokkan,Store,Store Pickup,,,Wrong size,true,Recovered,1,1,95.77,22.65
R004284,OI0027537,O0013489,C007773,P00059,2026-02-13,2026-02-01,2026-02-22,9,Footwear,Trainers,Latitude 54,Mobile App,FC-North,Swiftline,true,Changed mind,true,Recovered,1,1,129.93,59.89
R004285,OI0027541,O0013491,C007775,P00012,2026-02-15,2026-02-01,2026-03-19,32,Apparel,Knitwear,Mokkan,Marketplace,FC-North,Swiftline,true,Faulty,false,Written off,1,1,88.93,88.93
R004286,OI0027556,O0013496,C007778,P00015,2026-03-19,2026-03-01,2026-04-08,20,Apparel,Tops,Corda,Web,FC-South,Swiftline,true,Arrived too late,true,Recovered,1,1,66.55,39.88
R004287,OI0027558,O0013498,C007779,P00066,2026-02-16,2026-02-01,2026-02-27,11,Footwear,Sandals,Puresel,Web,FC-South,Regional Freight,true,Changed mind,true,Recovered,3,3,327.76,180.97
R004288,OI0027564,O0013502,C007780,P00064,2026-06-08,2026-06-01,2026-07-11,33,Footwear,Boots,Mokkan,Web,FC-Central,Regional Freight,false,Arrived too late,true,Recovered,1,1,93.30,50.66
R004289,OI0027586,O0013512,C007787,P00009,2026-04-10,2026-04-01,2026-05-12,32,Apparel,Outerwear,Mokkan,Marketplace,FC-South,Metro Post,false,Arrived too late,true,Recovered,1,1,73.72,42.56
R004290,OI0027588,O0013512,C007787,P00040,2026-04-10,2026-04-01,2026-05-06,26,Apparel,Tops,Puresel,Marketplace,FC-South,Metro Post,false,Changed mind,true,Recovered,1,1,89.95,48.98
R004291,OI0027594,O0013515,C007789,P00059,2026-02-19,2026-02-01,2026-03-23,32,Footwear,Trainers,Latitude 54,Web,FC-South,Swiftline,true,Wrong size,true,Recovered,1,1,129.93,59.89
R004292,OI0027603,O0013521,C007792,P00014,2026-02-18,2026-02-01,2026-03-09,19,Apparel,Dresses,Corda,Web,FC-North,Swiftline,true,Changed mind,true,Recovered,1,1,87.12,49.84
R004293,OI0027610,O0013526,C007794,P00065,2026-02-19,2026-02-01,2026-02-24,5,Footwear,Sandals,Ellery & Co,Web,FC-North,Swiftline,true,Changed mind,true,Recovered,1,1,91.93,38.04
R004294,OI0027614,O0013528,C007796,P00091,2026-02-15,2026-02-01,2026-03-08,21,Electronics,Small Appliances,Mokkan,Web,FC-Central,Swiftline,true,Changed mind,true,Recovered,1,1,338.91,-12.51
R004295,OI0027626,O0013534,C007801,P00032,2026-02-18,2026-02-01,2026-03-18,28,Apparel,Outerwear,Mokkan,Mobile App,FC-Central,Regional Freight,true,Damaged in transit,false,Written off,1,1,24.32,24.32
R004296,OI0027627,O0013535,C007802,P00030,2026-02-16,2026-02-01,2026-02-24,8,Apparel,Denim,Latitude 54,Marketplace,FC-Central,Metro Post,true,Changed mind,true,Recovered,1,1,99.97,57.49
R004297,OI0027643,O0013545,C007810,P00031,2026-02-19,2026-02-01,2026-03-16,25,Apparel,Dresses,Brightpath,Web,FC-Central,Swiftline,true,Changed mind,true,Recovered,2,2,181.88,106.9
R004298,OI0027667,O0013556,C007819,P00001,2026-02-18,2026-02-01,2026-03-12,22,Apparel,Dresses,Latitude 54,Web,FC-South,Regional Freight,true,Changed mind,true,Recovered,1,1,38.97,24.82
R004299,OI0027671,O0013559,C007821,P00176,2026-02-22,2026-02-01,2026-02-27,5,Sports & Outdoors,Cycling,Ellery & Co,Marketplace,FC-North,Metro Post,true,Wrong size,true,Recovered,1,1,155.87,77.5
R004300,OI0027672,O0013559,C007821,P00028,2026-02-22,2026-02-01,2026-03-17,23,Apparel,Dresses,Mokkan,Marketplace,FC-North,Metro Post,true,Changed mind,true,Recovered,1,2,26.29,14.55
R004301,OI0027673,O0013559,C007821,P00062,2026-02-22,2026-02-01,2026-03-08,14,Footwear,Formal,Latitude 54,Marketplace,FC-North,Metro Post,true,Damaged in transit,false,Written off,1,1,106.65,106.65
R004302,OI0027675,O0013561,C007822,P00068,2026-02-21,2026-02-01,2026-03-13,20,Footwear,Sandals,Corda,Mobile App,FC-Central,Metro Post,true,Wrong size,true,Recovered,1,1,106.66,65.35
R004303,OI0027680,O0013563,C007823,P00019,2026-04-13,2026-04-01,2026-05-15,32,Apparel,Tops,Brightpath,Web,FC-Central,Swiftline,true,Wrong size,true,Recovered,1,1,65.52,36.16
R004304,OI0027716,O0013583,C007839,P00057,2026-02-19,2026-02-01,2026-03-03,12,Footwear,Trainers,Puresel,Store,Store Pickup,,,Faulty,false,Written off,1,1,54.33,54.33
R004305,OI0027724,O0013587,C007842,P00138,2026-02-23,2026-02-01,2026-03-05,10,Home & Kitchen,Bedding,Ellery & Co,Marketplace,FC-North,Swiftline,true,Not as described,true,Recovered,1,1,76.21,28.01
R004306,OI0027742,O0013596,C007846,P00143,2026-05-21,2026-05-01,2026-05-30,9,Home & Kitchen,Tableware,Mokkan,Web,FC-Central,Swiftline,true,Changed mind,true,Recovered,1,1,21.76,7.78
R004307,OI0027747,O0013597,C007847,P00102,2026-02-20,2026-02-01,2026-02-24,4,Electronics,Small Appliances,Corda,Store,Store Pickup,,,Wrong size,true,Recovered,1,1,162.12,-53.78
R004308,OI0027748,O0013598,C007848,P00050,2026-02-21,2026-02-01,2026-03-11,18,Apparel,Knitwear,Brightpath,Web,FC-South,Regional Freight,false,Not as described,true,Recovered,1,1,115.32,65.45
R004309,OI0027767,O0013609,C007854,P00172,2026-02-22,2026-02-01,2026-03-17,23,Sports & Outdoors,Fitness,Ellery & Co,Marketplace,FC-North,Swiftline,true,Changed mind,true,Recovered,1,2,93.79,43.09
R004310,OI0027805,O0013626,C007865,P00134,2026-02-22,2026-02-01,2026-03-18,24,Home & Kitchen,Cookware,Brightpath,Web,FC-South,Swiftline,true,Not as described,true,Recovered,1,1,64.19,22.57
R004311,OI0027810,O0013630,C007867,P00065,2026-02-26,2026-02-01,2026-03-04,6,Footwear,Sandals,Ellery & Co,Mobile App,FC-Central,Swiftline,true,Not as described,true,Recovered,1,1,94.68,40.79
R004312,OI0027816,O0013633,C007870,P00185,2026-02-22,2026-02-01,2026-03-09,15,Sports & Outdoors,Swim,Puresel,Web,FC-Central,Metro Post,true,Not as described,true,Recovered,1,1,173.30,45.62
R004313,OI0027821,O0013635,C007871,P00067,2026-03-29,2026-03-01,2026-04-22,24,Footwear,Sandals,Corda,Web,FC-North,Swiftline,true,Wrong size,true,Recovered,2,2,156.30,93.46
R004314,OI0027828,O0013639,C007873,P00101,2026-06-16,2026-06-01,2026-06-28,12,Electronics,Small Appliances,Corda,Mobile App,FC-South,Regional Freight,true,Not as described,true,Recovered,1,3,112.24,14.67
R004315,OI0027832,O0013642,C007875,P00016,2026-04-19,2026-04-01,2026-05-04,15,Apparel,Knitwear,Brightpath,Web,FC-South,Swiftline,true,Not as described,true,Recovered,1,1,54.64,32.91
R004316,OI0027846,O0013650,C007880,P00133,2026-04-20,2026-04-01,2026-05-16,26,Home & Kitchen,Cookware,Latitude 54,Web,FC-North,Regional Freight,true,Wrong size,true,Recovered,1,1,142.03,31.66
R004317,OI0027849,O0013652,C007882,P00055,2026-02-27,2026-02-01,2026-03-26,27,Footwear,Trainers,Ellery & Co,Mobile App,FC-North,Swiftline,true,Faulty,false,Written off,1,1,40.68,40.68
R004318,OI0027853,O0013653,C007882,P00088,2026-04-08,2026-04-01,2026-04-23,15,Electronics,Audio,Mokkan,Store,Store Pickup,,,Wrong size,true,Recovered,1,1,384.21,84.94
R004319,OI0027863,O0013658,C007885,P00133,2026-02-27,2026-02-01,2026-03-18,19,Home & Kitchen,Cookware,Latitude 54,Store,Store Pickup,,,Wrong size,true,Recovered,1,1,184.72,74.35
R004320,OI0027869,O0013661,C007887,P00062,2026-02-27,2026-02-01,2026-03-28,29,Footwear,Formal,Latitude 54,Web,FC-South,Metro Post,true,Changed mind,true,Recovered,2,2,240.10,137.8
R004321,OI0027875,O0013665,C007889,P00062,2026-02-26,2026-02-01,2026-03-24,26,Footwear,Formal,Latitude 54,Store,Store Pickup,,,Not as described,true,Recovered,1,1,94.73,43.58
R004322,OI0027888,O0013672,C007895,P00028,2026-02-28,2026-02-01,2026-03-04,4,Apparel,Dresses,Mokkan,Store,Store Pickup,,,Arrived too late,true,Recovered,1,1,31.99,20.25
R004323,OI0027890,O0013674,C007896,P00072,2026-02-28,2026-02-01,2026-03-30,30,Footwear,Sandals,Brightpath,Mobile App,FC-Central,Swiftline,true,Not as described,true,Recovered,1,1,58.21,34.63
R004324,OI0027895,O0013678,C007899,P00013,2026-02-25,2026-02-01,2026-03-07,10,Apparel,Dresses,Ellery & Co,Marketplace,FC-North,Swiftline,true,Changed mind,true,Recovered,1,1,55.99,31.35
R004325,OI0027903,O0013683,C007903,P00109,2026-04-12,2026-04-01,2026-05-08,26,Electronics,Audio,Corda,Web,FC-South,Regional Freight,true,Faulty,false,Written off,1,1,186.86,186.86
R004326,OI0027904,O0013683,C007903,P00035,2026-04-12,2026-04-01,2026-05-11,29,Apparel,Outerwear,Northvale,Web,FC-South,Regional Freight,true,Damaged in transit,false,Written off,1,1,73.30,73.3
R004327,OI0027909,O0013685,C007904,P00124,2026-06-10,2026-06-01,2026-06-22,12,Home & Kitchen,Bedding,Latitude 54,Web,FC-South,Metro Post,true,Wrong size,true,Recovered,1,1,30.80,16.1
R004328,OI0027915,O0013689,C007908,P00174,2026-02-27,2026-02-01,2026-03-26,27,Sports & Outdoors,Fitness,Latitude 54,Store,Store Pickup,,,Arrived too late,true,Recovered,1,1,124.09,-24.01
R004329,OI0027922,O0013691,C007910,P00173,2026-02-28,2026-02-01,2026-03-18,18,Sports & Outdoors,Swim,Mokkan,Mobile App,FC-Central,Swiftline,true,Changed mind,true,Recovered,1,4,77.82,36.14
R004330,OI0027925,O0013693,C007911,P00066,2026-02-28,2026-02-01,2026-03-29,29,Footwear,Sandals,Puresel,Marketplace,FC-North,Metro Post,true,Wrong size,true,Recovered,1,1,111.95,63.02
R004331,OI0027930,O0013695,C007912,P00019,2026-05-03,2026-05-01,2026-05-23,20,Apparel,Tops,Brightpath,Web,FC-South,Metro Post,true,Changed mind,true,Recovered,1,1,53.31,23.95
R004332,OI0027944,O0013701,C007916,P00093,2026-02-28,2026-02-01,2026-03-19,19,Electronics,Audio,Puresel,Web,FC-South,Swiftline,true,Changed mind,true,Recovered,1,1,136.74,-5.18
R004333,OI0027950,O0013704,C007918,P00118,2026-05-17,2026-05-01,2026-06-08,22,Home & Kitchen,Tableware,Ellery & Co,Store,Store Pickup,,,Damaged in transit,false,Written off,1,1,21.06,21.06
R004334,OI0027951,O0013704,C007918,P00188,2026-05-17,2026-05-01,2026-05-30,13,Sports & Outdoors,Swim,Mokkan,Store,Store Pickup,,,Wrong size,true,Recovered,1,1,166.85,68.1
R004335,OI0027954,O0013707,C007920,P00036,2026-02-28,2026-02-01,2026-03-25,25,Apparel,Dresses,Latitude 54,Web,FC-South,Regional Freight,false,Arrived too late,true,Recovered,1,1,50.20,26.21
R004336,OI0027956,O0013709,C007921,P00154,2026-04-11,2026-04-01,2026-05-07,26,Beauty,Cosmetics,Ellery & Co,Web,FC-South,Metro Post,true,Faulty,false,Written off,1,1,38.78,38.78
R004337,OI0027966,O0013713,C007923,P00015,2026-03-02,2026-03-01,2026-03-30,28,Apparel,Tops,Corda,Mobile App,FC-North,Swiftline,true,Arrived too late,true,Recovered,2,2,133.10,79.76
R004338,OI0027980,O0013720,C007927,P00172,2026-04-07,2026-04-01,2026-04-14,7,Sports & Outdoors,Fitness,Ellery & Co,Web,FC-Central,Swiftline,true,Changed mind,true,Recovered,1,1,93.79,43.09
R004339,OI0027983,O0013721,C007928,P00085,2026-03-01,2026-03-01,2026-03-09,8,Electronics,Wearables,Ellery & Co,Store,Store Pickup,,,Wrong size,true,Recovered,1,1,166.79,20.36
R004340,OI0027986,O0013723,C007929,P00061,2026-03-03,2026-03-01,2026-04-02,30,Footwear,Trainers,Northvale,Mobile App,FC-North,Metro Post,true,Not as described,true,Recovered,1,1,44.28,25.13
R004341,OI0027994,O0013727,C007931,P00092,2026-03-01,2026-03-01,2026-03-15,14,Electronics,Accessories,Puresel,Web,FC-North,Swiftline,true,Changed mind,true,Recovered,1,1,174.30,-7.25
R004342,OI0028002,O0013732,C007933,P00062,2026-03-01,2026-03-01,2026-03-17,16,Footwear,Formal,Latitude 54,Web,FC-Central,Regional Freight,true,Changed mind,true,Recovered,2,2,240.10,137.8
R004343,OI0028011,O0013736,C007937,P00012,2026-03-03,2026-03-01,2026-03-10,7,Apparel,Knitwear,Mokkan,Web,FC-North,Swiftline,true,Damaged in transit,false,Written off,1,1,88.93,88.93
R004344,OI0028017,O0013737,C007938,P00071,2026-03-02,2026-03-01,2026-04-04,33,Footwear,Boots,Puresel,Web,FC-South,Regional Freight,true,Faulty,false,Written off,1,1,122.76,122.76
R004345,OI0028026,O0013742,C007941,P00033,2026-05-13,2026-05-01,2026-05-26,13,Apparel,Denim,Northvale,Web,FC-South,Swiftline,true,Wrong size,true,Recovered,1,1,44.67,26.8
R004346,OI0028030,O0013744,C007942,P00024,2026-03-28,2026-03-01,2026-04-24,27,Apparel,Outerwear,Brightpath,Web,FC-Central,Metro Post,true,Wrong size,true,Recovered,1,1,35.49,19.91
R004347,OI0028032,O0013745,C007943,P00065,2026-03-03,2026-03-01,2026-03-26,23,Footwear,Sandals,Ellery & Co,Web,FC-Central,Swiftline,true,Faulty,false,Written off,1,1,94.68,94.68
R004348,OI0028039,O0013747,C007944,P00054,2026-03-03,2026-03-01,2026-03-31,28,Footwear,Sandals,Mokkan,Store,Store Pickup,,,Arrived too late,true,Recovered,1,1,59.52,30.01
R004349,OI0028045,O0013750,C007946,P00048,2026-03-02,2026-03-01,2026-03-11,9,Apparel,Dresses,Latitude 54,Web,FC-North,Swiftline,true,Changed mind,true,Recovered,1,1,98.59,43.08
R004350,OI0028048,O0013750,C007946,P00040,2026-03-02,2026-03-01,2026-03-30,28,Apparel,Tops,Puresel,Web,FC-North,Swiftline,true,Not as described,true,Recovered,1,1,111.24,70.27
R004351,OI0028052,O0013754,C007948,P00017,2026-04-07,2026-04-01,2026-04-16,9,Apparel,Dresses,Corda,Store,Store Pickup,,,Wrong size,true,Recovered,1,1,27.43,15.56
R004352,OI0028054,O0013755,C007949,P00021,2026-03-06,2026-03-01,2026-03-12,6,Apparel,Denim,Northvale,Mobile App,FC-Central,Regional Freight,true,Changed mind,true,Recovered,1,1,52.72,31.56
R004353,OI0028056,O0013756,C007950,P00065,2026-03-02,2026-03-01,2026-03-14,12,Footwear,Sandals,Ellery & Co,Marketplace,FC-South,Metro Post,true,Not as described,true,Recovered,1,1,94.68,40.79
R004354,OI0028070,O0013761,C007953,P00023,2026-03-06,2026-03-01,2026-03-24,18,Apparel,Tops,Latitude 54,Web,FC-Central,Metro Post,false,Wrong size,true,Recovered,1,1,38.38,20.64
R004355,OI0028072,O0013761,C007953,P00005,2026-03-06,2026-03-01,2026-03-19,13,Apparel,Knitwear,Ellery & Co,Web,FC-Central,Metro Post,false,Faulty,false,Written off,1,1,51.99,51.99
R004356,OI0028086,O0013767,C007957,P00132,2026-03-06,2026-03-01,2026-03-24,18,Home & Kitchen,Cookware,Ellery & Co,Web,FC-North,Metro Post,true,Wrong size,true,Recovered,1,1,68.52,28.64
R004357,OI0028088,O0013769,C007958,P00093,2026-05-27,2026-05-01,2026-06-03,7,Electronics,Audio,Puresel,Mobile App,FC-Central,Regional Freight,true,Wrong size,true,Recovered,1,1,139.77,-2.15
R004358,OI0028092,O0013770,C007959,P00030,2026-03-06,2026-03-01,2026-03-16,10,Apparel,Denim,Latitude 54,Web,FC-Central,Metro Post,true,Damaged in transit,false,Written off,1,1,99.97,99.97
R004359,OI0028099,O0013774,C007961,P00082,2026-05-29,2026-05-01,2026-06-30,32,Electronics,Audio,Puresel,Marketplace,FC-Central,Swiftline,true,Wrong size,true,Recovered,1,1,477.87,99.3
R004360,OI0028100,O0013775,C007962,P00050,2026-03-06,2026-03-01,2026-03-22,16,Apparel,Knitwear,Brightpath,Web,FC-Central,Metro Post,true,Wrong size,true,Recovered,1,1,109.61,59.74
R004361,OI0028103,O0013776,C007963,P00185,2026-03-03,2026-03-01,2026-03-09,6,Sports & Outdoors,Swim,Puresel,Web,FC-North,Swiftline,true,Arrived too late,true,Recovered,1,1,245.75,118.07
R004362,OI0028113,O0013779,C007965,P00179,2026-03-05,2026-03-01,2026-03-19,14,Sports & Outdoors,Fitness,Mokkan,Web,FC-South,Swiftline,true,Wrong size,true,Recovered,1,1,49.48,18.75
R004363,OI0028115,O0013780,C007965,P00076,2026-04-13,2026-04-01,2026-05-02,19,Footwear,Trainers,Puresel,Mobile App,FC-South,Regional Freight,true,Changed mind,true,Recovered,1,1,83.39,49.11
R004364,OI0028121,O0013782,C007967,P00128,2026-03-06,2026-03-01,2026-03-28,22,Home & Kitchen,Bedding,Northvale,Store,Store Pickup,,,Wrong size,true,Recovered,1,1,22.27,9.7
R004365,OI0028126,O0013785,C007969,P00036,2026-05-03,2026-05-01,2026-06-10,38,Apparel,Dresses,Latitude 54,Web,FC-South,Regional Freight,false,Arrived too late,true,Recovered,1,1,67.23,43.24
R004366,OI0028127,O0013786,C007969,P00179,2026-06-13,2026-06-01,2026-07-08,25,Sports & Outdoors,Fitness,Mokkan,Mobile App,FC-South,Regional Freight,false,Changed mind,true,Recovered,1,1,41.79,11.06
R004367,OI0028134,O0013789,C007971,P00064,2026-04-15,2026-04-01,2026-04-22,7,Footwear,Boots,Mokkan,Web,FC-North,Swiftline,true,Changed mind,true,Recovered,1,1,93.30,50.66
R004368,OI0028145,O0013793,C007974,P00001,2026-03-08,2026-03-01,2026-03-23,15,Apparel,Dresses,Latitude 54,Web,FC-Central,Regional Freight,true,Arrived too late,true,Recovered,1,1,38.97,24.82
R004369,OI0028149,O0013796,C007976,P00054,2026-03-05,2026-03-01,2026-03-31,26,Footwear,Sandals,Mokkan,Web,FC-Central,Swiftline,true,Damaged in transit,false,Written off,1,1,59.52,59.52
R004370,OI0028153,O0013798,C007978,P00126,2026-03-05,2026-03-01,2026-03-26,21,Home & Kitchen,Bedding,Puresel,Mobile App,FC-South,Swiftline,true,Faulty,false,Written off,1,1,33.23,33.23
R004371,OI0028165,O0013801,C007981,P00005,2026-03-05,2026-03-01,2026-03-16,11,Apparel,Knitwear,Ellery & Co,Store,Store Pickup,,,Changed mind,true,Recovered,1,1,50.52,28.64
R004372,OI0028167,O0013802,C007982,P00047,2026-03-07,2026-03-01,2026-03-29,22,Apparel,Dresses,Puresel,Web,FC-South,Swiftline,true,Wrong size,true,Recovered,1,1,95.89,50.64
R004373,OI0028168,O0013802,C007982,P00012,2026-03-07,2026-03-01,2026-04-09,33,Apparel,Knitwear,Mokkan,Web,FC-South,Swiftline,true,Changed mind,true,Recovered,1,1,76.05,35.86
R004374,OI0028170,O0013803,C007983,P00023,2026-03-09,2026-03-01,2026-04-05,27,Apparel,Tops,Latitude 54,Store,Store Pickup,,,Wrong size,true,Recovered,1,1,49.85,32.11
R004375,OI0028176,O0013807,C007986,P00003,2026-03-08,2026-03-01,2026-04-04,27,Apparel,Outerwear,Northvale,Web,FC-South,Regional Freight,true,Damaged in transit,false,Written off,1,1,32.59,32.59
R004376,OI0028184,O0013810,C007988,P00065,2026-03-05,2026-03-01,2026-03-26,21,Footwear,Sandals,Ellery & Co,Web,FC-South,Regional Freight,true,Not as described,true,Recovered,1,1,94.68,40.79
R004377,OI0028186,O0013812,C007988,P00160,2026-05-21,2026-05-01,2026-06-01,11,Beauty,Fragrance,Puresel,Mobile App,FC-South,Metro Post,true,Wrong size,true,Recovered,3,3,136.29,66.36
R004378,OI0028208,O0013821,C007994,P00127,2026-03-09,2026-03-01,2026-03-14,5,Home & Kitchen,Cookware,Latitude 54,Web,FC-Central,Metro Post,true,Wrong size,true,Recovered,1,2,194.09,77.14
R004379,OI0028212,O0013823,C007996,P00031,2026-03-10,2026-03-01,2026-04-09,30,Apparel,Dresses,Brightpath,Web,FC-Central,Swiftline,true,Changed mind,true,Recovered,1,1,90.94,53.45
R004380,OI0028216,O0013824,C007997,P00119,2026-03-10,2026-03-01,2026-04-05,26,Home & Kitchen,Storage,Puresel,Store,Store Pickup,,,Not as described,true,Recovered,1,2,192.22,64.61
R004381,OI0028220,O0013826,C007998,P00006,2026-03-10,2026-03-01,2026-03-19,9,Apparel,Denim,Puresel,Store,Store Pickup,,,Wrong size,true,Recovered,2,2,55.38,31.62
R004382,OI0028229,O0013828,C008000,P00008,2026-03-06,2026-03-01,2026-03-12,6,Apparel,Tops,Brightpath,Marketplace,FC-South,Metro Post,true,Faulty,false,Written off,1,1,83.50,83.5
R004383,OI0028230,O0013829,C008001,P00098,2026-03-09,2026-03-01,2026-03-17,8,Electronics,Audio,Brightpath,Store,Store Pickup,,,Wrong size,true,Recovered,1,1,126.60,21.07
R004384,OI0028231,O0013830,C008002,P00074,2026-03-09,2026-03-01,2026-03-21,12,Footwear,Trainers,Puresel,Mobile App,FC-Central,Regional Freight,true,Changed mind,true,Recovered,1,1,128.17,80.38
R004385,OI0028233,O0013831,C008003,P00009,2026-03-09,2026-03-01,2026-03-11,2,Apparel,Outerwear,Mokkan,Store,Store Pickup,,,Changed mind,true,Recovered,1,1,73.72,42.56
R004386,OI0028237,O0013834,C008004,P00116,2026-05-09,2026-05-01,2026-05-15,6,Home & Kitchen,Bedding,Latitude 54,Mobile App,FC-North,Metro Post,true,Damaged in transit,false,Written off,1,1,25.48,25.48
R004387,OI0028238,O0013834,C008004,P00117,2026-05-09,2026-05-01,2026-05-25,16,Home & Kitchen,Bedding,Ellery & Co,Mobile App,FC-North,Metro Post,true,Changed mind,true,Recovered,1,1,134.40,55.77
R004388,OI0028242,O0013837,C008007,P00069,2026-03-11,2026-03-01,2026-04-03,23,Footwear,Sandals,Brightpath,Marketplace,FC-South,Regional Freight,false,Arrived too late,true,Recovered,1,1,148.15,87.94
R004389,OI0028243,O0013837,C008007,P00121,2026-03-11,2026-03-01,2026-03-20,9,Home & Kitchen,Tableware,Mokkan,Marketplace,FC-South,Regional Freight,false,Wrong size,true,Recovered,1,1,81.63,8.51
R004390,OI0028246,O0013839,C008008,P00068,2026-05-07,2026-05-01,2026-05-23,16,Footwear,Sandals,Corda,Web,FC-South,Regional Freight,true,Damaged in transit,false,Written off,1,1,106.66,106.66
R004391,OI0028247,O0013839,C008008,P00069,2026-05-07,2026-05-01,2026-05-19,12,Footwear,Sandals,Brightpath,Web,FC-South,Regional Freight,true,Damaged in transit,false,Written off,2,2,296.30,296.3
R004392,OI0028252,O0013842,C008010,P00052,2026-04-08,2026-04-01,2026-04-17,9,Apparel,Dresses,Corda,Web,FC-South,Swiftline,true,Wrong size,true,Recovered,1,1,64.55,40.52
R004393,OI0028266,O0013848,C008014,P00016,2026-06-07,2026-06-01,2026-07-12,35,Apparel,Knitwear,Brightpath,Mobile App,FC-South,Regional Freight,false,Arrived too late,true,Recovered,2,2,109.28,65.82
R004394,OI0028269,O0013849,C008015,P00051,2026-03-07,2026-03-01,2026-04-02,26,Apparel,Denim,Corda,Web,FC-Central,Swiftline,false,Wrong size,true,Recovered,2,2,86.36,51.28
R004395,OI0028287,O0013857,C008021,P00074,2026-03-11,2026-03-01,2026-04-08,28,Footwear,Trainers,Puresel,Web,FC-Central,Regional Freight,true,Damaged in transit,false,Written off,2,2,159.24,159.24
R004396,OI0028294,O0013861,C008023,P00116,2026-06-17,2026-06-01,2026-06-20,3,Home & Kitchen,Bedding,Latitude 54,Store,Store Pickup,,,Wrong size,true,Recovered,1,1,30.17,4.34
R004397,OI0028303,O0013865,C008026,P00036,2026-03-23,2026-03-01,2026-04-22,30,Apparel,Dresses,Latitude 54,Web,FC-North,Swiftline,true,Changed mind,true,Recovered,1,1,46.58,22.59
R004398,OI0028310,O0013868,C008028,P00190,2026-03-08,2026-03-01,2026-04-08,31,Sports & Outdoors,Cycling,Puresel,Mobile App,FC-Central,Metro Post,true,Wrong size,true,Recovered,1,1,189.90,84.75
R004399,OI0028318,O0013874,C008034,P00185,2026-03-12,2026-03-01,2026-03-27,15,Sports & Outdoors,Swim,Puresel,Web,FC-Central,Regional Freight,true,Changed mind,true,Recovered,1,1,245.75,118.07
R004400,OI0028320,O0013875,C008035,P00032,2026-03-12,2026-03-01,2026-03-23,11,Apparel,Outerwear,Mokkan,Mobile App,FC-North,Metro Post,false,Arrived too late,true,Recovered,1,1,25.95,13.55
R004401,OI0028321,O0013875,C008035,P00046,2026-03-12,2026-03-01,2026-03-29,17,Apparel,Dresses,Brightpath,Mobile App,FC-North,Metro Post,false,Arrived too late,true,Recovered,1,1,117.17,66.09
R004402,OI0028334,O0013883,C008040,P00124,2026-06-21,2026-06-01,2026-07-10,19,Home & Kitchen,Bedding,Latitude 54,Store,Store Pickup,,,Wrong size,true,Recovered,1,1,30.80,16.1
R004403,OI0028335,O0013884,C008041,P00077,2026-03-12,2026-03-01,2026-04-06,25,Footwear,Boots,Ellery & Co,Mobile App,FC-South,Regional Freight,true,Wrong size,true,Recovered,2,2,210.42,128.58
R004404,OI0028346,O0013888,C008043,P00066,2026-05-13,2026-05-01,2026-06-06,24,Footwear,Sandals,Puresel,Mobile App,FC-North,Regional Freight,true,Changed mind,true,Recovered,1,1,111.95,63.02
R004405,OI0028351,O0013890,C008045,P00021,2026-03-14,2026-03-01,2026-03-29,15,Apparel,Denim,Northvale,Web,FC-Central,Swiftline,true,Arrived too late,true,Recovered,1,1,52.72,31.56
R004406,OI0028365,O0013898,C008048,P00072,2026-05-31,2026-05-01,2026-06-17,17,Footwear,Sandals,Brightpath,Mobile App,FC-Central,Swiftline,true,Wrong size,true,Recovered,1,1,58.95,35.37
R004407,OI0028366,O0013898,C008048,P00147,2026-05-31,2026-05-01,2026-06-18,18,Beauty,Haircare,Mokkan,Mobile App,FC-Central,Swiftline,true,Arrived too late,true,Recovered,1,1,66.12,36.55
R004408,OI0028367,O0013899,C008049,P00031,2026-03-13,2026-03-01,2026-04-05,23,Apparel,Dresses,Brightpath,Marketplace,FC-North,Swiftline,true,Faulty,false,Written off,1,2,85.19,85.19
R004409,OI0028370,O0013900,C008050,P00019,2026-03-11,2026-03-01,2026-04-11,31,Apparel,Tops,Brightpath,Mobile App,FC-South,Swiftline,true,Changed mind,true,Recovered,1,1,65.52,36.16
R004410,OI0028380,O0013906,C008055,P00079,2026-03-10,2026-03-01,2026-03-16,6,Footwear,Sandals,Mokkan,Web,FC-South,Swiftline,true,Changed mind,true,Recovered,1,1,67.74,22.97
R004411,OI0028383,O0013907,C008055,P00080,2026-04-06,2026-04-01,2026-05-01,25,Footwear,Sandals,Ellery & Co,Store,Store Pickup,,,Changed mind,true,Recovered,2,2,84.42,37.82
R004412,OI0028385,O0013908,C008055,P00055,2026-05-10,2026-05-01,2026-06-10,31,Footwear,Trainers,Ellery & Co,Mobile App,FC-South,Regional Freight,false,Damaged in transit,false,Written off,2,2,81.36,81.36
R004413,OI0028392,O0013911,C008058,P00025,2026-03-10,2026-03-01,2026-04-12,33,Apparel,Outerwear,Corda,Web,FC-South,Regional Freight,false,Arrived too late,true,Recovered,1,1,63.56,14.66
R004414,OI0028407,O0013919,C008064,P00049,2026-05-02,2026-05-01,2026-05-18,16,Apparel,Tops,Brightpath,Web,FC-South,Metro Post,true,Damaged in transit,false,Written off,1,1,45.89,45.89
R004415,OI0028410,O0013920,C008065,P00075,2026-03-11,2026-03-01,2026-04-04,24,Footwear,Formal,Latitude 54,Web,FC-North,Swiftline,true,Changed mind,true,Recovered,1,1,44.57,18.15
R004416,OI0028426,O0013929,C008071,P00053,2026-03-11,2026-03-01,2026-03-24,13,Apparel,Tops,Latitude 54,Web,FC-South,Metro Post,true,Wrong size,true,Recovered,1,1,103.71,65.68
R004417,OI0028431,O0013932,C008073,P00063,2026-03-15,2026-03-01,2026-04-02,18,Footwear,Formal,Northvale,Web,FC-North,Swiftline,true,Faulty,false,Written off,2,2,73.06,73.06
R004418,OI0028436,O0013934,C008074,P00046,2026-05-12,2026-05-01,2026-05-21,9,Apparel,Dresses,Brightpath,Store,Store Pickup,,,Wrong size,true,Recovered,1,1,117.17,66.09
R004419,OI0028444,O0013940,C008078,P00160,2026-03-11,2026-03-01,2026-04-09,29,Beauty,Fragrance,Puresel,Marketplace,FC-Central,Regional Freight,true,Changed mind,true,Recovered,1,1,65.82,42.51
R004420,OI0028453,O0013944,C008080,P00070,2026-04-07,2026-04-01,2026-04-20,13,Footwear,Boots,Latitude 54,Mobile App,FC-South,Regional Freight,true,Wrong size,true,Recovered,1,1,81.65,41.3
R004421,OI0028459,O0013947,C008083,P00073,2026-03-13,2026-03-01,2026-03-19,6,Footwear,Boots,Brightpath,Mobile App,FC-South,Regional Freight,true,Not as described,true,Recovered,1,1,79.76,41.34
R004422,OI0028464,O0013948,C008084,P00073,2026-03-16,2026-03-01,2026-04-01,16,Footwear,Boots,Brightpath,Mobile App,FC-North,Regional Freight,true,Faulty,false,Written off,1,2,79.76,79.76
R004423,OI0028467,O0013949,C008085,P00078,2026-03-16,2026-03-01,2026-04-06,21,Footwear,Sandals,Corda,Mobile App,FC-Central,Swiftline,true,Not as described,true,Recovered,1,1,128.93,67.91
R004424,OI0028471,O0013950,C008086,P00039,2026-03-13,2026-03-01,2026-04-01,19,Apparel,Outerwear,Latitude 54,Mobile App,FC-South,Regional Freight,true,Wrong size,true,Recovered,1,1,25.56,14.18
R004425,OI0028475,O0013951,C008087,P00093,2026-03-14,2026-03-01,2026-03-19,5,Electronics,Audio,Puresel,Mobile App,FC-North,Metro Post,true,Damaged in transit,false,Written off,1,1,141.91,141.91
R004426,OI0028476,O0013951,C008087,P00172,2026-03-14,2026-03-01,2026-03-22,8,Sports & Outdoors,Fitness,Ellery & Co,Mobile App,FC-North,Metro Post,true,Wrong size,true,Recovered,1,1,93.79,43.09
R004427,OI0028478,O0013951,C008087,P00175,2026-03-14,2026-03-01,2026-03-27,13,Sports & Outdoors,Camping,Ellery & Co,Mobile App,FC-North,Metro Post,true,Not as described,true,Recovered,1,1,169.69,41.46
R004428,OI0028479,O0013952,C008088,P00033,2026-03-12,2026-03-01,2026-04-10,29,Apparel,Denim,Northvale,Web,FC-Central,Swiftline,true,Changed mind,true,Recovered,2,2,89.34,53.6
R004429,OI0028487,O0013955,C008090,P00075,2026-04-18,2026-04-01,2026-05-03,15,Footwear,Formal,Latitude 54,Web,FC-Central,Swiftline,true,Faulty,false,Written off,1,1,50.41,50.41
R004430,OI0028492,O0013957,C008091,P00108,2026-03-16,2026-03-01,2026-04-09,24,Electronics,Audio,Ellery & Co,Web,FC-North,Swiftline,true,Changed mind,true,Recovered,1,1,119.88,19.77
R004431,OI0028505,O0013964,C008097,P00063,2026-03-17,2026-03-01,2026-03-24,7,Footwear,Formal,Northvale,Store,Store Pickup,,,Wrong size,true,Recovered,1,1,36.53,19.86
R004432,OI0028513,O0013970,C008100,P00063,2026-03-13,2026-03-01,2026-04-04,22,Footwear,Formal,Northvale,Marketplace,FC-South,Regional Freight,false,Arrived too late,true,Recovered,1,1,36.53,19.86
R004433,OI0028529,O0013979,C008104,P00022,2026-06-11,2026-06-01,2026-06-27,16,Apparel,Knitwear,Northvale,Marketplace,FC-South,Metro Post,true,Wrong size,true,Recovered,1,1,40.61,25.92
R004434,OI0028531,O0013979,C008104,P00175,2026-06-11,2026-06-01,2026-07-04,23,Sports & Outdoors,Camping,Ellery & Co,Marketplace,FC-South,Metro Post,true,Faulty,false,Written off,1,1,241.41,241.41
R004435,OI0028539,O0013984,C008107,P00183,2026-03-14,2026-03-01,2026-03-30,16,Sports & Outdoors,Fitness,Ellery & Co,Mobile App,FC-North,Swiftline,true,Changed mind,true,Recovered,1,1,274.44,126.16
R004436,OI0028540,O0013984,C008107,P00046,2026-03-14,2026-03-01,2026-04-06,23,Apparel,Dresses,Brightpath,Mobile App,FC-North,Swiftline,true,Arrived too late,true,Recovered,1,1,97.05,45.97
R004437,OI0028545,O0013986,C008109,P00076,2026-03-17,2026-03-01,2026-04-01,15,Footwear,Trainers,Puresel,Web,FC-South,Metro Post,true,Damaged in transit,false,Written off,2,2,166.78,166.78
R004438,OI0028557,O0013992,C008113,P00182,2026-04-14,2026-04-01,2026-05-14,30,Sports & Outdoors,Cycling,Northvale,Web,FC-North,Swiftline,true,Not as described,true,Recovered,1,1,47.86,20.91
R004439,OI0028558,O0013993,C008113,P00065,2026-06-04,2026-06-01,2026-06-30,26,Footwear,Sandals,Ellery & Co,Marketplace,FC-North,Regional Freight,true,Changed mind,true,Recovered,1,1,94.68,40.79
R004440,OI0028568,O0013996,C008114,P00188,2026-06-28,2026-06-01,2026-07-19,21,Sports & Outdoors,Swim,Mokkan,Mobile App,FC-North,Metro Post,false,Arrived too late,true,Recovered,1,1,162.16,63.41
R004441,OI0028570,O0013997,C008115,P00093,2026-03-17,2026-03-01,2026-03-30,13,Electronics,Audio,Puresel,Web,FC-Central,Metro Post,true,Damaged in transit,false,Written off,1,1,161.57,161.57
R004442,OI0028587,O0014003,C008118,P00022,2026-03-19,2026-03-01,2026-04-01,13,Apparel,Knitwear,Northvale,Web,FC-South,Regional Freight,true,Not as described,true,Recovered,1,3,40.61,25.92
R004443,OI0028588,O0014003,C008118,P00032,2026-03-19,2026-03-01,2026-03-31,12,Apparel,Outerwear,Mokkan,Web,FC-South,Regional Freight,true,Faulty,false,Written off,1,1,34.46,34.46
R004444,OI0028601,O0014011,C008123,P00187,2026-05-09,2026-05-01,2026-05-27,18,Sports & Outdoors,Camping,Puresel,Web,FC-Central,Regional Freight,false,Arrived too late,true,Recovered,2,2,329.60,120.26
R004445,OI0028618,O0014020,C008129,P00033,2026-03-17,2026-03-01,2026-03-24,7,Apparel,Denim,Northvale,Marketplace,FC-Central,Regional Freight,true,Changed mind,true,Recovered,1,1,44.67,26.8
R004446,OI0028621,O0014022,C008130,P00051,2026-05-17,2026-05-01,2026-06-15,29,Apparel,Denim,Corda,Mobile App,FC-Central,Swiftline,true,Damaged in transit,false,Written off,1,1,43.18,43.18
R004447,OI0028629,O0014026,C008132,P00031,2026-04-27,2026-04-01,2026-05-10,13,Apparel,Dresses,Brightpath,Mobile App,FC-South,Regional Freight,false,Arrived too late,true,Recovered,1,2,90.94,53.45
R004448,OI0028631,O0014028,C008134,P00187,2026-03-17,2026-03-01,2026-04-06,20,Sports & Outdoors,Camping,Puresel,Mobile App,FC-Central,Metro Post,true,Not as described,true,Recovered,1,1,146.24,41.57
R004449,OI0028633,O0014030,C008135,P00133,2026-03-19,2026-03-01,2026-04-04,16,Home & Kitchen,Cookware,Latitude 54,Mobile App,FC-South,Swiftline,true,Changed mind,true,Recovered,1,1,184.72,74.35
R004450,OI0028643,O0014034,C008137,P00140,2026-06-27,2026-06-01,2026-07-11,14,Home & Kitchen,Lighting,Brightpath,Mobile App,FC-Central,Swiftline,true,Not as described,true,Recovered,1,1,22.55,-7.07
R004451,OI0028654,O0014040,C008142,P00023,2026-03-18,2026-03-01,2026-04-13,26,Apparel,Tops,Latitude 54,Store,Store Pickup,,,Not as described,true,Recovered,1,1,49.85,32.11
R004452,OI0028655,O0014040,C008142,P00038,2026-03-18,2026-03-01,2026-03-29,11,Apparel,Dresses,Ellery & Co,Store,Store Pickup,,,Changed mind,true,Recovered,1,1,83.70,45.76
R004453,OI0028656,O0014041,C008143,P00044,2026-03-17,2026-03-01,2026-04-04,18,Apparel,Denim,Corda,Web,FC-Central,Swiftline,true,Damaged in transit,false,Written off,1,1,20.90,20.9
R004454,OI0028658,O0014042,C008144,P00173,2026-03-16,2026-03-01,2026-04-04,19,Sports & Outdoors,Swim,Mokkan,Web,FC-South,Swiftline,true,Arrived too late,true,Recovered,1,1,65.63,23.95
R004455,OI0028679,O0014055,C008153,P00042,2026-05-31,2026-05-01,2026-06-05,5,Apparel,Knitwear,Latitude 54,Web,FC-North,Swiftline,true,Faulty,false,Written off,1,1,56.98,56.98
R004456,OI0028680,O0014055,C008153,P00047,2026-05-31,2026-05-01,2026-06-29,29,Apparel,Dresses,Puresel,Web,FC-North,Swiftline,true,Faulty,false,Written off,1,1,95.89,95.89
R004457,OI0028681,O0014056,C008154,P00122,2026-03-22,2026-03-01,2026-04-04,13,Home & Kitchen,Cookware,Ellery & Co,Marketplace,FC-Central,Swiftline,false,Changed mind,true,Recovered,1,1,54.16,22.59
R004458,OI0028684,O0014058,C008156,P00079,2026-03-18,2026-03-01,2026-04-10,23,Footwear,Sandals,Mokkan,Mobile App,FC-North,Swiftline,true,Wrong size,true,Recovered,3,3,179.77,45.46
R004459,OI0028687,O0014059,C008156,P00065,2026-05-05,2026-05-01,2026-05-23,18,Footwear,Sandals,Ellery & Co,Store,Store Pickup,,,Faulty,false,Written off,1,1,94.68,94.68
R004460,OI0028688,O0014060,C008157,P00156,2026-03-19,2026-03-01,2026-04-10,22,Beauty,Skincare,Mokkan,Web,FC-North,Swiftline,true,Not as described,true,Recovered,1,1,16.68,10.63
R004461,OI0028710,O0014068,C008161,P00181,2026-05-08,2026-05-01,2026-05-18,10,Sports & Outdoors,Camping,Ellery & Co,Web,FC-South,Metro Post,true,Wrong size,true,Recovered,1,1,235.91,102.9
R004462,OI0028714,O0014070,C008163,P00071,2026-03-20,2026-03-01,2026-04-04,15,Footwear,Boots,Puresel,Web,FC-South,Regional Freight,false,Wrong size,true,Recovered,1,1,111.21,55.25
R004463,OI0028717,O0014073,C008166,P00018,2026-03-23,2026-03-01,2026-04-02,10,Apparel,Denim,Latitude 54,Mobile App,FC-South,Regional Freight,true,Changed mind,true,Recovered,1,1,62.01,35.68
R004464,OI0028721,O0014075,C008167,P00030,2026-04-26,2026-04-01,2026-05-01,5,Apparel,Denim,Latitude 54,Mobile App,FC-South,Metro Post,true,Damaged in transit,false,Written off,1,1,99.97,99.97
R004465,OI0028723,O0014076,C008167,P00012,2026-06-02,2026-06-01,2026-06-19,17,Apparel,Knitwear,Mokkan,Store,Store Pickup,,,Faulty,false,Written off,1,1,76.58,76.58
R004466,OI0028726,O0014077,C008168,P00082,2026-03-19,2026-03-01,2026-03-30,11,Electronics,Audio,Puresel,Marketplace,FC-Central,Regional Freight,true,Changed mind,true,Recovered,1,1,422.39,43.82
R004467,OI0028728,O0014078,C008168,P00012,2026-04-23,2026-04-01,2026-04-28,5,Apparel,Knitwear,Mokkan,Web,FC-Central,Metro Post,true,Arrived too late,true,Recovered,3,3,223.12,102.55
R004468,OI0028730,O0014080,C008170,P00057,2026-03-21,2026-03-01,2026-04-10,20,Footwear,Trainers,Puresel,Marketplace,FC-South,Metro Post,true,Not as described,true,Recovered,2,2,131.88,79.52
R004469,OI0028734,O0014081,C008171,P00062,2026-03-19,2026-03-01,2026-04-11,23,Footwear,Formal,Latitude 54,Web,FC-South,Regional Freight,true,Changed mind,true,Recovered,1,1,92.25,41.1
R004470,OI0028736,O0014083,C008173,P00139,2026-03-20,2026-03-01,2026-04-09,20,Home & Kitchen,Cookware,Ellery & Co,Marketplace,FC-North,Swiftline,true,Not as described,true,Recovered,1,3,46.61,15.25
R004471,OI0028737,O0014083,C008173,P00095,2026-03-20,2026-03-01,2026-03-30,10,Electronics,Small Appliances,Latitude 54,Marketplace,FC-North,Swiftline,true,Damaged in transit,false,Written off,3,3,1190.55,1190.55
R004472,OI0028747,O0014088,C008176,P00052,2026-03-23,2026-03-01,2026-04-11,19,Apparel,Dresses,Corda,Web,FC-South,Swiftline,true,Changed mind,true,Recovered,1,1,47.18,23.15
R004473,OI0028754,O0014092,C008178,P00070,2026-05-05,2026-05-01,2026-05-21,16,Footwear,Boots,Latitude 54,Mobile App,FC-Central,Swiftline,true,Changed mind,true,Recovered,1,1,81.65,41.3
R004474,OI0028764,O0014095,C008180,P00059,2026-03-21,2026-03-01,2026-03-24,3,Footwear,Trainers,Latitude 54,Store,Store Pickup,,,Changed mind,true,Recovered,1,1,99.71,29.67
R004475,OI0028772,O0014100,C008185,P00130,2026-03-22,2026-03-01,2026-04-12,21,Home & Kitchen,Cookware,Ellery & Co,Web,FC-South,Swiftline,true,Damaged in transit,false,Written off,3,3,618.57,618.57
R004476,OI0028789,O0014107,C008188,P00061,2026-06-21,2026-06-01,2026-07-12,21,Footwear,Trainers,Northvale,Web,FC-Central,Swiftline,true,Wrong size,true,Recovered,1,1,44.28,25.13
R004477,OI0028805,O0014114,C008193,P00173,2026-03-23,2026-03-01,2026-04-06,14,Sports & Outdoors,Swim,Mokkan,Mobile App,FC-Central,Swiftline,false,Not as described,true,Recovered,1,1,77.82,36.14
R004478,OI0028810,O0014115,C008194,P00002,2026-03-23,2026-03-01,2026-04-10,18,Apparel,Knitwear,Brightpath,Web,FC-Central,Swiftline,true,Wrong size,true,Recovered,1,1,81.68,42.82
R004479,OI0028812,O0014116,C008194,P00088,2026-05-26,2026-05-01,2026-06-17,22,Electronics,Audio,Mokkan,Web,FC-Central,Swiftline,true,Wrong size,true,Recovered,1,1,275.67,-23.6
R004480,OI0028813,O0014116,C008194,P00012,2026-05-26,2026-05-01,2026-06-21,26,Apparel,Knitwear,Mokkan,Web,FC-Central,Swiftline,true,Not as described,true,Recovered,1,1,84.36,44.17
R004481,OI0028819,O0014121,C008198,P00005,2026-03-26,2026-03-01,2026-04-23,28,Apparel,Knitwear,Ellery & Co,Mobile App,FC-North,Swiftline,true,Changed mind,true,Recovered,1,1,46.47,24.59
R004482,OI0028821,O0014122,C008199,P00013,2026-03-26,2026-03-01,2026-04-12,17,Apparel,Dresses,Ellery & Co,Mobile App,FC-Central,Regional Freight,false,Arrived too late,true,Recovered,3,3,116.76,42.84
R004483,OI0028841,O0014133,C008209,P00158,2026-03-25,2026-03-01,2026-04-07,13,Beauty,Cosmetics,Latitude 54,Web,FC-Central,Regional Freight,true,Wrong size,true,Recovered,2,2,141.16,89.6
R004484,OI0028855,O0014140,C008213,P00077,2026-03-24,2026-03-01,2026-03-30,6,Footwear,Boots,Ellery & Co,Web,FC-Central,Swiftline,true,Wrong size,true,Recovered,1,1,87.72,46.8
R004485,OI0028856,O0014140,C008213,P00054,2026-03-24,2026-03-01,2026-04-20,27,Footwear,Sandals,Mokkan,Web,FC-Central,Swiftline,true,Changed mind,true,Recovered,1,1,32.48,2.97
R004486,OI0028863,O0014142,C008215,P00058,2026-03-24,2026-03-01,2026-04-17,24,Footwear,Trainers,Brightpath,Marketplace,FC-Central,Swiftline,true,Faulty,false,Written off,1,1,156.81,156.81
R004487,OI0028867,O0014144,C008217,P00111,2026-03-27,2026-03-01,2026-04-24,28,Home & Kitchen,Storage,Brightpath,Web,FC-South,Regional Freight,true,Wrong size,true,Recovered,1,1,136.82,40.65
R004488,OI0028868,O0014144,C008217,P00057,2026-03-27,2026-03-01,2026-04-07,11,Footwear,Trainers,Puresel,Web,FC-South,Regional Freight,true,Changed mind,true,Recovered,1,1,65.94,39.76
R004489,OI0028872,O0014148,C008218,P00001,2026-03-23,2026-03-01,2026-04-04,12,Apparel,Dresses,Latitude 54,Web,FC-North,Swiftline,true,Damaged in transit,false,Written off,1,1,38.97,38.97
R004490,OI0028877,O0014150,C008220,P00056,2026-03-28,2026-03-01,2026-04-16,19,Footwear,Sandals,Puresel,Web,FC-North,Regional Freight,true,Changed mind,true,Recovered,1,1,71.31,26.44
R004491,OI0028880,O0014152,C008221,P00183,2026-03-25,2026-03-01,2026-04-13,19,Sports & Outdoors,Fitness,Ellery & Co,Web,FC-South,Swiftline,true,Changed mind,true,Recovered,2,2,548.88,252.32
R004492,OI0028881,O0014152,C008221,P00180,2026-03-25,2026-03-01,2026-04-14,20,Sports & Outdoors,Fitness,Brightpath,Web,FC-South,Swiftline,true,Faulty,false,Written off,1,1,219.47,219.47
R004493,OI0028884,O0014153,C008222,P00120,2026-03-26,2026-03-01,2026-04-18,23,Home & Kitchen,Lighting,Northvale,Web,FC-North,Metro Post,true,Not as described,true,Recovered,1,1,97.95,40.64
R004494,OI0028902,O0014162,C008229,P00119,2026-03-26,2026-03-01,2026-04-16,21,Home & Kitchen,Storage,Puresel,Web,FC-North,Swiftline,true,Changed mind,true,Recovered,1,1,192.22,64.61
R004495,OI0028904,O0014163,C008229,P00129,2026-06-08,2026-06-01,2026-06-27,19,Home & Kitchen,Cookware,Ellery & Co,Mobile App,FC-North,Metro Post,true,Not as described,true,Recovered,1,1,50.33,10.17
R004496,OI0028912,O0014168,C008233,P00077,2026-03-28,2026-03-01,2026-04-26,29,Footwear,Boots,Ellery & Co,Mobile App,FC-Central,Swiftline,true,Changed mind,true,Recovered,1,1,105.21,64.29
R004497,OI0028920,O0014172,C008235,P00015,2026-05-03,2026-05-01,2026-05-11,8,Apparel,Tops,Corda,Web,FC-Central,Metro Post,true,Wrong size,true,Recovered,1,1,65.59,38.92
R004498,OI0028940,O0014183,C008243,P00173,2026-03-26,2026-03-01,2026-04-01,6,Sports & Outdoors,Swim,Mokkan,Marketplace,FC-South,Regional Freight,true,Changed mind,true,Recovered,1,1,77.82,36.14
R004499,OI0028941,O0014183,C008243,P00097,2026-03-26,2026-03-01,2026-04-27,32,Electronics,Audio,Corda,Marketplace,FC-South,Regional Freight,true,Changed mind,true,Recovered,1,1,214.48,-6.79
R004500,OI0028943,O0014185,C008245,P00079,2026-03-28,2026-03-01,2026-04-19,22,Footwear,Sandals,Mokkan,Web,FC-Central,Metro Post,false,Arrived too late,true,Recovered,2,2,123.35,33.81
R004501,OI0028948,O0014186,C008246,P00078,2026-03-28,2026-03-01,2026-04-17,20,Footwear,Sandals,Corda,Web,FC-South,Swiftline,true,Damaged in transit,false,Written off,3,3,193.28,193.28
R004502,OI0028952,O0014188,C008247,P00043,2026-06-06,2026-06-01,2026-06-21,15,Apparel,Denim,Puresel,Web,FC-South,Metro Post,true,Changed mind,true,Recovered,1,1,55.81,18.0
R004503,OI0028963,O0014192,C008251,P00066,2026-03-28,2026-03-01,2026-04-11,14,Footwear,Sandals,Puresel,Marketplace,FC-North,Metro Post,true,Wrong size,true,Recovered,1,1,111.95,63.02
R004504,OI0028972,O0014197,C008253,P00021,2026-05-25,2026-05-01,2026-06-16,22,Apparel,Denim,Northvale,Store,Store Pickup,,,Arrived too late,true,Recovered,1,1,52.72,31.56
R004505,OI0028986,O0014203,C008257,P00071,2026-03-31,2026-03-01,2026-04-13,13,Footwear,Boots,Puresel,Store,Store Pickup,,,Not as described,true,Recovered,1,1,122.76,66.8
R004506,OI0028992,O0014206,C008260,P00172,2026-03-27,2026-03-01,2026-04-05,9,Sports & Outdoors,Fitness,Ellery & Co,Web,FC-Central,Regional Freight,false,Changed mind,true,Recovered,1,1,93.79,43.09
R004507,OI0028994,O0014206,C008260,P00039,2026-03-27,2026-03-01,2026-04-18,22,Apparel,Outerwear,Latitude 54,Web,FC-Central,Regional Freight,false,Not as described,true,Recovered,1,1,21.77,10.39
R004508,OI0028998,O0014208,C008261,P00134,2026-03-31,2026-03-01,2026-04-07,7,Home & Kitchen,Cookware,Brightpath,Marketplace,FC-North,Regional Freight,true,Faulty,false,Written off,1,1,68.67,68.67
R004509,OI0029003,O0014211,C008263,P00075,2026-03-29,2026-03-01,2026-04-04,6,Footwear,Formal,Latitude 54,Mobile App,FC-South,Metro Post,false,Changed mind,true,Recovered,1,1,27.43,1.01
R004510,OI0029004,O0014211,C008263,P00023,2026-03-29,2026-03-01,2026-04-08,10,Apparel,Tops,Latitude 54,Mobile App,FC-South,Metro Post,false,Arrived too late,true,Recovered,2,2,99.70,64.22
R004511,OI0029006,O0014212,C008264,P00020,2026-03-29,2026-03-01,2026-04-28,30,Apparel,Denim,Ellery & Co,Web,FC-North,Swiftline,true,Changed mind,true,Recovered,1,1,131.49,84.57
R004512,OI0029011,O0014214,C008265,P00030,2026-03-31,2026-03-01,2026-04-30,30,Apparel,Denim,Latitude 54,Marketplace,FC-North,Swiftline,true,Changed mind,true,Recovered,1,1,99.97,57.49
R004513,OI0029020,O0014220,C008270,P00093,2026-03-30,2026-03-01,2026-04-25,26,Electronics,Audio,Puresel,Web,FC-South,Metro Post,false,Arrived too late,true,Recovered,1,1,132.88,-9.04
R004514,OI0029031,O0014225,C008274,P00069,2026-03-30,2026-03-01,2026-04-19,20,Footwear,Sandals,Brightpath,Mobile App,FC-North,Regional Freight,true,Changed mind,true,Recovered,1,1,92.21,32.0
R004515,OI0029033,O0014227,C008276,P00046,2026-03-31,2026-03-01,2026-04-27,27,Apparel,Dresses,Brightpath,Web,FC-Central,Swiftline,true,Changed mind,true,Recovered,2,2,167.27,65.11
R004516,OI0029035,O0014228,C008277,P00009,2026-03-29,2026-03-01,2026-04-17,19,Apparel,Outerwear,Mokkan,Web,FC-South,Regional Freight,true,Changed mind,true,Recovered,1,1,73.72,42.56
R004517,OI0029039,O0014230,C008278,P00080,2026-06-25,2026-06-01,2026-07-12,17,Footwear,Sandals,Ellery & Co,Web,FC-Central,Metro Post,true,Not as described,true,Recovered,1,1,49.77,26.47
R004518,OI0029044,O0014231,C008279,P00024,2026-03-28,2026-03-01,2026-04-19,22,Apparel,Outerwear,Brightpath,Marketplace,FC-South,Swiftline,true,Not as described,true,Recovered,1,1,31.90,16.32
R004519,OI0029058,O0014241,C008285,P00180,2026-06-12,2026-06-01,2026-07-11,29,Sports & Outdoors,Fitness,Brightpath,Web,FC-North,Swiftline,true,Changed mind,true,Recovered,1,1,206.26,77.56
R004520,OI0029063,O0014243,C008287,P00052,2026-03-31,2026-03-01,2026-04-11,11,Apparel,Dresses,Corda,Store,Store Pickup,,,Not as described,true,Recovered,1,2,51.02,26.99
R004521,OI0029065,O0014243,C008287,P00045,2026-03-31,2026-03-01,2026-04-06,6,Apparel,Knitwear,Puresel,Store,Store Pickup,,,Wrong size,true,Recovered,1,1,70.92,41.49
R004522,OI0029074,O0014247,C008289,P00079,2026-06-12,2026-06-01,2026-07-02,20,Footwear,Sandals,Mokkan,Web,FC-South,Metro Post,true,Wrong size,true,Recovered,1,1,67.74,22.97
R004523,OI0029076,O0014248,C008290,P00055,2026-03-31,2026-03-01,2026-04-23,23,Footwear,Trainers,Ellery & Co,Marketplace,FC-Central,Regional Freight,true,Not as described,true,Recovered,1,1,40.68,21.54
R004524,OI0029110,O0014265,C008302,P00126,2026-05-07,2026-05-01,2026-06-02,26,Home & Kitchen,Bedding,Puresel,Mobile App,FC-North,Swiftline,true,Not as described,true,Recovered,1,1,28.40,5.62
R004525,OI0029128,O0014274,C008308,P00039,2026-04-03,2026-04-01,2026-04-27,24,Apparel,Outerwear,Latitude 54,Web,FC-South,Regional Freight,false,Not as described,true,Recovered,1,1,24.69,13.31
R004526,OI0029133,O0014277,C008310,P00001,2026-03-31,2026-03-01,2026-04-28,28,Apparel,Dresses,Latitude 54,Web,FC-Central,Metro Post,true,Arrived too late,true,Recovered,1,1,38.97,24.82
R004527,OI0029137,O0014279,C008312,P00078,2026-03-31,2026-03-01,2026-04-09,9,Footwear,Sandals,Corda,Mobile App,FC-South,Swiftline,true,Damaged in transit,false,Written off,1,1,128.93,128.93
R004528,OI0029158,O0014289,C008319,P00054,2026-04-03,2026-04-01,2026-04-10,7,Footwear,Sandals,Mokkan,Marketplace,FC-Central,Metro Post,true,Changed mind,true,Recovered,3,3,178.56,90.03
R004529,OI0029159,O0014289,C008319,P00080,2026-04-03,2026-04-01,2026-05-04,31,Footwear,Sandals,Ellery & Co,Marketplace,FC-Central,Metro Post,true,Faulty,false,Written off,1,1,49.77,49.77
R004530,OI0029170,O0014297,C008325,P00171,2026-04-03,2026-04-01,2026-04-19,16,Sports & Outdoors,Cycling,Ellery & Co,Web,FC-South,Metro Post,true,Wrong size,true,Recovered,1,1,68.19,26.07
R004531,OI0029178,O0014299,C008326,P00045,2026-04-01,2026-04-01,2026-04-30,29,Apparel,Knitwear,Puresel,Web,FC-Central,Regional Freight,true,Changed mind,true,Recovered,1,1,70.92,41.49
R004532,OI0029188,O0014303,C008329,P00061,2026-04-01,2026-04-01,2026-04-14,13,Footwear,Trainers,Northvale,Marketplace,FC-South,Metro Post,true,Changed mind,true,Recovered,1,1,22.31,3.16
R004533,OI0029189,O0014303,C008329,P00037,2026-04-01,2026-04-01,2026-04-28,27,Apparel,Tops,Brightpath,Marketplace,FC-South,Metro Post,true,Damaged in transit,false,Written off,1,1,116.64,116.64
R004534,OI0029201,O0014307,C008332,P00188,2026-04-03,2026-04-01,2026-04-26,23,Sports & Outdoors,Swim,Mokkan,Mobile App,FC-North,Swiftline,true,Damaged in transit,false,Written off,1,1,147.55,147.55
R004535,OI0029202,O0014307,C008332,P00009,2026-04-03,2026-04-01,2026-04-26,23,Apparel,Outerwear,Mokkan,Mobile App,FC-North,Swiftline,true,Damaged in transit,false,Written off,1,1,73.72,73.72
R004536,OI0029207,O0014310,C008335,P00027,2026-04-06,2026-04-01,2026-05-09,33,Apparel,Outerwear,Mokkan,Mobile App,FC-North,Swiftline,true,Wrong size,true,Recovered,2,2,62.26,35.62
R004537,OI0029219,O0014316,C008340,P00013,2026-04-06,2026-04-01,2026-05-03,27,Apparel,Dresses,Ellery & Co,Web,FC-North,Metro Post,true,Damaged in transit,false,Written off,1,1,50.33,50.33
R004538,OI0029236,O0014326,C008346,P00104,2026-05-01,2026-05-01,2026-05-20,19,Electronics,Audio,Brightpath,Web,FC-North,Metro Post,false,Arrived too late,true,Recovered,1,1,175.32,16.48
R004539,OI0029246,O0014330,C008349,P00070,2026-05-15,2026-05-01,2026-05-23,8,Footwear,Boots,Latitude 54,Marketplace,FC-Central,Swiftline,true,Changed mind,true,Recovered,1,1,75.11,34.76
R004540,OI0029248,O0014331,C008350,P00100,2026-04-07,2026-04-01,2026-04-29,22,Electronics,Accessories,Latitude 54,Web,FC-Central,Swiftline,true,Changed mind,true,Recovered,1,1,386.68,55.19
R004541,OI0029255,O0014335,C008354,P00048,2026-04-05,2026-04-01,2026-05-06,31,Apparel,Dresses,Latitude 54,Web,FC-South,Swiftline,true,Changed mind,true,Recovered,1,1,122.50,66.99
R004542,OI0029256,O0014335,C008354,P00119,2026-04-05,2026-04-01,2026-05-06,31,Home & Kitchen,Storage,Puresel,Web,FC-South,Swiftline,true,Changed mind,true,Recovered,1,1,185.63,58.02
R004543,OI0029265,O0014339,C008357,P00022,2026-04-06,2026-04-01,2026-04-24,18,Apparel,Knitwear,Northvale,Marketplace,FC-South,Regional Freight,false,Arrived too late,true,Recovered,1,1,35.86,21.17
R004544,OI0029266,O0014339,C008357,P00030,2026-04-06,2026-04-01,2026-05-08,32,Apparel,Denim,Latitude 54,Marketplace,FC-South,Regional Freight,false,Arrived too late,true,Recovered,1,1,99.97,57.49
R004545,OI0029269,O0014340,C008358,P00005,2026-04-06,2026-04-01,2026-04-13,7,Apparel,Knitwear,Ellery & Co,Mobile App,FC-North,Swiftline,true,Damaged in transit,false,Written off,1,1,51.99,51.99
R004546,OI0029273,O0014342,C008360,P00064,2026-04-07,2026-04-01,2026-04-22,15,Footwear,Boots,Mokkan,Store,Store Pickup,,,Changed mind,true,Recovered,1,1,93.30,50.66
R004547,OI0029276,O0014344,C008362,P00019,2026-04-06,2026-04-01,2026-05-05,29,Apparel,Tops,Brightpath,Web,FC-South,Regional Freight,true,Not as described,true,Recovered,1,2,65.52,36.16
R004548,OI0029283,O0014349,C008363,P00022,2026-06-21,2026-06-01,2026-07-16,25,Apparel,Knitwear,Northvale,Web,FC-South,Metro Post,true,Not as described,true,Recovered,1,1,40.61,25.92
R004549,OI0029288,O0014350,C008364,P00176,2026-04-09,2026-04-01,2026-04-24,15,Sports & Outdoors,Cycling,Ellery & Co,Marketplace,FC-South,Regional Freight,true,Wrong size,true,Recovered,1,1,169.90,91.53
R004550,OI0029290,O0014350,C008364,P00116,2026-04-09,2026-04-01,2026-04-14,5,Home & Kitchen,Bedding,Latitude 54,Marketplace,FC-South,Regional Freight,true,Changed mind,true,Recovered,1,1,33.83,8.0
R004551,OI0029293,O0014352,C008365,P00051,2026-04-07,2026-04-01,2026-04-30,23,Apparel,Denim,Corda,Marketplace,FC-South,Regional Freight,true,Wrong size,true,Recovered,1,1,43.18,25.64
R004552,OI0029299,O0014354,C008366,P00057,2026-04-09,2026-04-01,2026-05-07,28,Footwear,Trainers,Puresel,Marketplace,FC-North,Swiftline,false,Changed mind,true,Recovered,1,1,57.01,30.83
R004553,OI0029301,O0014355,C008367,P00047,2026-04-07,2026-04-01,2026-04-23,16,Apparel,Dresses,Puresel,Web,FC-North,Swiftline,true,Wrong size,true,Recovered,1,2,67.77,22.52
R004554,OI0029302,O0014356,C008368,P00066,2026-04-09,2026-04-01,2026-04-18,9,Footwear,Sandals,Puresel,Marketplace,FC-North,Metro Post,true,Changed mind,true,Recovered,1,1,111.95,63.02
R004555,OI0029303,O0014356,C008368,P00010,2026-04-09,2026-04-01,2026-04-26,17,Apparel,Denim,Puresel,Marketplace,FC-North,Metro Post,true,Changed mind,true,Recovered,1,2,21.08,8.2
R004556,OI0029304,O0014356,C008368,P00075,2026-04-09,2026-04-01,2026-04-24,15,Footwear,Formal,Latitude 54,Marketplace,FC-North,Metro Post,true,Changed mind,true,Recovered,1,1,51.74,25.32
R004557,OI0029307,O0014358,C008370,P00048,2026-04-07,2026-04-01,2026-04-28,21,Apparel,Dresses,Latitude 54,Store,Store Pickup,,,Changed mind,true,Recovered,1,1,122.50,66.99
R004558,OI0029317,O0014363,C008374,P00111,2026-04-06,2026-04-01,2026-04-27,21,Home & Kitchen,Storage,Brightpath,Web,FC-South,Regional Freight,true,Changed mind,true,Recovered,1,1,135.13,38.96
R004559,OI0029319,O0014364,C008375,P00047,2026-04-08,2026-04-01,2026-04-29,21,Apparel,Dresses,Puresel,Mobile App,FC-Central,Swiftline,true,Changed mind,true,Recovered,1,4,95.89,50.64
R004560,OI0029321,O0014365,C008375,P00174,2026-06-23,2026-06-01,2026-07-19,26,Sports & Outdoors,Fitness,Latitude 54,Web,FC-Central,Metro Post,true,Not as described,true,Recovered,1,1,176.39,28.29
R004561,OI0029322,O0014365,C008375,P00047,2026-06-23,2026-06-01,2026-07-07,14,Apparel,Dresses,Puresel,Web,FC-Central,Metro Post,true,Changed mind,true,Recovered,1,1,95.89,50.64
R004562,OI0029323,O0014365,C008375,P00038,2026-06-23,2026-06-01,2026-07-19,26,Apparel,Dresses,Ellery & Co,Web,FC-Central,Metro Post,true,Faulty,false,Written off,1,1,83.70,83.7
R004563,OI0029339,O0014374,C008382,P00023,2026-04-10,2026-04-01,2026-05-10,30,Apparel,Tops,Latitude 54,Web,FC-North,Swiftline,true,Changed mind,true,Recovered,1,1,49.85,32.11
R004564,OI0029352,O0014380,C008387,P00112,2026-04-09,2026-04-01,2026-05-11,32,Home & Kitchen,Bedding,Puresel,Mobile App,FC-North,Swiftline,true,Damaged in transit,false,Written off,1,1,172.61,172.61
R004565,OI0029353,O0014381,C008388,P00066,2026-04-07,2026-04-01,2026-04-24,17,Footwear,Sandals,Puresel,Marketplace,FC-Central,Swiftline,true,Not as described,true,Recovered,1,1,111.95,63.02
R004566,OI0029355,O0014382,C008389,P00076,2026-04-07,2026-04-01,2026-04-25,18,Footwear,Trainers,Puresel,Web,FC-Central,Regional Freight,true,Not as described,true,Recovered,1,1,83.39,49.11
R004567,OI0029356,O0014383,C008389,P00098,2026-05-27,2026-05-01,2026-06-14,18,Electronics,Audio,Brightpath,Web,FC-Central,Metro Post,true,Not as described,true,Recovered,1,1,126.60,21.07
R004568,OI0029357,O0014383,C008389,P00065,2026-05-27,2026-05-01,2026-06-12,16,Footwear,Sandals,Ellery & Co,Web,FC-Central,Metro Post,true,Damaged in transit,false,Written off,1,1,76.63,76.63
R004569,OI0029361,O0014384,C008389,P00058,2026-06-12,2026-06-01,2026-06-23,11,Footwear,Trainers,Brightpath,Web,FC-Central,Metro Post,true,Faulty,false,Written off,3,3,470.43,470.43
R004570,OI0029362,O0014384,C008389,P00058,2026-06-12,2026-06-01,2026-06-26,14,Footwear,Trainers,Brightpath,Web,FC-Central,Metro Post,true,Not as described,true,Recovered,1,1,156.81,82.76
R004571,OI0029374,O0014389,C008393,P00076,2026-04-11,2026-04-01,2026-05-08,27,Footwear,Trainers,Puresel,Web,FC-South,Metro Post,true,Changed mind,true,Recovered,1,2,83.39,49.11
R004572,OI0029385,O0014395,C008398,P00064,2026-04-12,2026-04-01,2026-04-21,9,Footwear,Boots,Mokkan,Mobile App,FC-North,Swiftline,true,Changed mind,true,Recovered,1,1,93.30,50.66
R004573,OI0029386,O0014395,C008398,P00036,2026-04-12,2026-04-01,2026-04-24,12,Apparel,Dresses,Latitude 54,Mobile App,FC-North,Swiftline,true,Wrong size,true,Recovered,1,1,67.23,43.24
R004574,OI0029387,O0014395,C008398,P00149,2026-04-12,2026-04-01,2026-05-01,19,Beauty,Fragrance,Mokkan,Mobile App,FC-North,Swiftline,true,Wrong size,true,Recovered,1,1,72.73,46.16
R004575,OI0029396,O0014399,C008401,P00040,2026-04-10,2026-04-01,2026-05-05,25,Apparel,Tops,Puresel,Web,FC-South,Swiftline,true,Changed mind,true,Recovered,1,1,113.30,72.33
R004576,OI0029397,O0014400,C008402,P00007,2026-04-09,2026-04-01,2026-04-16,7,Apparel,Denim,Northvale,Store,Store Pickup,,,Wrong size,true,Recovered,1,1,116.94,69.72
R004577,OI0029423,O0014408,C008408,P00047,2026-04-09,2026-04-01,2026-05-07,28,Apparel,Dresses,Puresel,Web,FC-North,Regional Freight,true,Not as described,true,Recovered,1,1,95.89,50.64
R004578,OI0029425,O0014410,C008410,P00026,2026-04-12,2026-04-01,2026-04-28,16,Apparel,Dresses,Corda,Store,Store Pickup,,,Damaged in transit,false,Written off,1,1,34.19,34.19
R004579,OI0029427,O0014411,C008411,P00063,2026-04-14,2026-04-01,2026-05-14,30,Footwear,Formal,Northvale,Web,FC-South,Metro Post,false,Wrong size,true,Recovered,1,1,36.53,19.86
R004580,OI0029435,O0014414,C008413,P00067,2026-04-13,2026-04-01,2026-05-05,22,Footwear,Sandals,Corda,Web,FC-South,Swiftline,true,Damaged in transit,false,Written off,1,1,63.20,63.2
R004581,OI0029454,O0014426,C008422,P00001,2026-04-13,2026-04-01,2026-04-25,12,Apparel,Dresses,Latitude 54,Web,FC-Central,Swiftline,true,Not as described,true,Recovered,1,1,38.97,24.82
R004582,OI0029460,O0014428,C008424,P00179,2026-04-12,2026-04-01,2026-05-07,25,Sports & Outdoors,Fitness,Mokkan,Mobile App,FC-North,Swiftline,true,Changed mind,true,Recovered,1,1,49.48,18.75
R004583,OI0029465,O0014430,C008425,P00024,2026-04-14,2026-04-01,2026-05-10,26,Apparel,Outerwear,Brightpath,Web,FC-Central,Regional Freight,true,Wrong size,true,Recovered,1,1,35.49,19.91
R004584,OI0029468,O0014432,C008426,P00177,2026-05-01,2026-05-01,2026-05-12,11,Sports & Outdoors,Cycling,Latitude 54,Web,FC-North,Swiftline,true,Wrong size,true,Recovered,1,1,276.02,117.51
R004585,OI0029482,O0014440,C008433,P00048,2026-04-15,2026-04-01,2026-05-08,23,Apparel,Dresses,Latitude 54,Marketplace,FC-Central,Metro Post,true,Changed mind,true,Recovered,1,1,97.41,41.9
R004586,OI0029501,O0014450,C008441,P00042,2026-04-16,2026-04-01,2026-04-23,7,Apparel,Knitwear,Latitude 54,Web,FC-Central,Metro Post,true,Wrong size,true,Recovered,1,1,98.30,58.28
R004587,OI0029510,O0014455,C008444,P00076,2026-04-14,2026-04-01,2026-04-28,14,Footwear,Trainers,Puresel,Mobile App,FC-Central,Metro Post,false,Damaged in transit,false,Written off,1,1,83.39,83.39
R004588,OI0029511,O0014455,C008444,P00075,2026-04-14,2026-04-01,2026-05-01,17,Footwear,Formal,Latitude 54,Mobile App,FC-Central,Metro Post,false,Changed mind,true,Recovered,1,1,51.74,25.32
R004589,OI0029514,O0014456,C008445,P00055,2026-04-15,2026-04-01,2026-05-02,17,Footwear,Trainers,Ellery & Co,Marketplace,FC-North,Metro Post,false,Changed mind,true,Recovered,1,1,40.68,21.54
R004590,OI0029516,O0014458,C008447,P00108,2026-04-16,2026-04-01,2026-05-16,30,Electronics,Audio,Ellery & Co,Marketplace,FC-South,Regional Freight,false,Wrong size,true,Recovered,1,1,119.88,19.77
R004591,OI0029518,O0014458,C008447,P00114,2026-04-16,2026-04-01,2026-05-01,15,Home & Kitchen,Bedding,Puresel,Marketplace,FC-South,Regional Freight,false,Wrong size,true,Recovered,1,1,98.03,29.48
R004592,OI0029525,O0014462,C008449,P00074,2026-04-16,2026-04-01,2026-04-27,11,Footwear,Trainers,Puresel,Marketplace,FC-South,Regional Freight,true,Changed mind,true,Recovered,1,1,107.01,59.22
R004593,OI0029529,O0014465,C008452,P00178,2026-04-17,2026-04-01,2026-05-18,31,Sports & Outdoors,Fitness,Corda,Web,FC-North,Regional Freight,true,Wrong size,true,Recovered,1,1,226.66,118.39
R004594,OI0029537,O0014468,C008454,P00044,2026-05-22,2026-05-01,2026-06-12,21,Apparel,Denim,Corda,Marketplace,FC-Central,Metro Post,true,Changed mind,true,Recovered,1,1,15.89,9.23
R004595,OI0029541,O0014469,C008455,P00052,2026-04-16,2026-04-01,2026-05-09,23,Apparel,Dresses,Corda,Mobile App,FC-South,Regional Freight,false,Arrived too late,true,Recovered,1,1,64.55,40.52
R004596,OI0029543,O0014471,C008457,P00054,2026-04-15,2026-04-01,2026-04-30,15,Footwear,Sandals,Mokkan,Mobile App,FC-North,Swiftline,true,Changed mind,true,Recovered,1,1,59.52,30.01
R004597,OI0029544,O0014472,C008457,P00020,2026-05-25,2026-05-01,2026-06-21,27,Apparel,Denim,Ellery & Co,Marketplace,FC-North,Swiftline,true,Damaged in transit,false,Written off,1,1,131.49,131.49
R004598,OI0029546,O0014473,C008458,P00182,2026-04-13,2026-04-01,2026-04-21,8,Sports & Outdoors,Cycling,Northvale,Web,FC-South,Regional Freight,true,Wrong size,true,Recovered,1,1,29.14,2.19
R004599,OI0029548,O0014473,C008458,P00049,2026-04-13,2026-04-01,2026-04-21,8,Apparel,Tops,Brightpath,Web,FC-South,Regional Freight,true,Wrong size,true,Recovered,3,3,96.36,39.66
R004600,OI0029550,O0014474,C008459,P00070,2026-04-15,2026-04-01,2026-05-07,22,Footwear,Boots,Latitude 54,Web,FC-Central,Swiftline,true,Changed mind,true,Recovered,1,1,81.65,41.3
R004601,OI0029554,O0014475,C008459,P00026,2026-05-14,2026-05-01,2026-05-26,12,Apparel,Dresses,Corda,Web,FC-Central,Metro Post,true,Changed mind,true,Recovered,1,1,34.19,16.49
R004602,OI0029557,O0014477,C008460,P00082,2026-06-07,2026-06-01,2026-06-25,18,Electronics,Audio,Puresel,Mobile App,FC-South,Regional Freight,true,Changed mind,true,Recovered,3,3,1226.31,90.6
R004603,OI0029571,O0014484,C008466,P00078,2026-04-16,2026-04-01,2026-05-13,27,Footwear,Sandals,Corda,Web,FC-North,Swiftline,true,Damaged in transit,false,Written off,2,2,257.86,257.86
R004604,OI0029577,O0014487,C008467,P00011,2026-06-13,2026-06-01,2026-06-22,9,Apparel,Outerwear,Northvale,Web,FC-North,Metro Post,true,Wrong size,true,Recovered,1,1,73.34,22.14
R004605,OI0029579,O0014487,C008467,P00171,2026-06-13,2026-06-01,2026-06-29,16,Sports & Outdoors,Cycling,Ellery & Co,Web,FC-North,Metro Post,true,Damaged in transit,false,Written off,1,1,68.19,68.19
R004606,OI0029592,O0014495,C008474,P00046,2026-04-18,2026-04-01,2026-04-29,11,Apparel,Dresses,Brightpath,Web,FC-North,Regional Freight,true,Damaged in transit,false,Written off,2,2,234.34,234.34
R004607,OI0029596,O0014499,C008476,P00037,2026-04-15,2026-04-01,2026-05-02,17,Apparel,Tops,Brightpath,Mobile App,FC-Central,Metro Post,true,Changed mind,true,Recovered,1,1,116.64,66.03
R004608,OI0029604,O0014506,C008482,P00019,2026-04-19,2026-04-01,2026-04-24,5,Apparel,Tops,Brightpath,Web,FC-South,Metro Post,false,Arrived too late,true,Recovered,2,2,109.77,51.05
R004609,OI0029613,O0014511,C008485,P00059,2026-04-17,2026-04-01,2026-05-07,20,Footwear,Trainers,Latitude 54,Mobile App,FC-North,Swiftline,true,Not as described,true,Recovered,2,2,259.86,119.78
R004610,OI0029616,O0014512,C008485,P00072,2026-06-07,2026-06-01,2026-06-20,13,Footwear,Sandals,Brightpath,Mobile App,FC-North,Swiftline,true,Wrong size,true,Recovered,1,1,58.17,34.59
R004611,OI0029621,O0014513,C008486,P00053,2026-04-18,2026-04-01,2026-05-23,35,Apparel,Tops,Latitude 54,Mobile App,FC-South,Regional Freight,false,Arrived too late,true,Recovered,1,1,80.04,42.01
R004612,OI0029631,O0014516,C008489,P00153,2026-04-18,2026-04-01,2026-05-06,18,Beauty,Fragrance,Ellery & Co,Marketplace,FC-North,Swiftline,true,Changed mind,true,Recovered,1,1,34.78,18.44
R004613,OI0029634,O0014517,C008490,P00063,2026-04-18,2026-04-01,2026-05-15,27,Footwear,Formal,Northvale,Web,FC-North,Regional Freight,true,Changed mind,true,Recovered,1,1,36.53,19.86
R004614,OI0029645,O0014521,C008493,P00019,2026-06-27,2026-06-01,2026-07-09,12,Apparel,Tops,Brightpath,Web,FC-South,Metro Post,true,Arrived too late,true,Recovered,1,1,65.52,36.16
R004615,OI0029649,O0014524,C008496,P00075,2026-04-19,2026-04-01,2026-04-25,6,Footwear,Formal,Latitude 54,Store,Store Pickup,,,Wrong size,true,Recovered,1,1,35.85,9.43
R004616,OI0029650,O0014524,C008496,P00068,2026-04-19,2026-04-01,2026-05-15,26,Footwear,Sandals,Corda,Store,Store Pickup,,,Faulty,false,Written off,1,1,106.66,106.66
R004617,OI0029653,O0014526,C008498,P00067,2026-04-18,2026-04-01,2026-04-28,10,Footwear,Sandals,Corda,Web,FC-North,Swiftline,true,Wrong size,true,Recovered,1,1,78.15,46.73
R004618,OI0029706,O0014548,C008518,P00038,2026-04-22,2026-04-01,2026-05-18,26,Apparel,Dresses,Ellery & Co,Marketplace,FC-North,Swiftline,true,Changed mind,true,Recovered,1,1,83.70,45.76
R004619,OI0029707,O0014548,C008518,P00126,2026-04-22,2026-04-01,2026-05-02,10,Home & Kitchen,Bedding,Puresel,Marketplace,FC-North,Swiftline,true,Faulty,false,Written off,1,1,25.49,25.49
R004620,OI0029711,O0014549,C008519,P00069,2026-04-22,2026-04-01,2026-05-13,21,Footwear,Sandals,Brightpath,Mobile App,FC-North,Swiftline,true,Changed mind,true,Recovered,1,1,68.53,8.32
R004621,OI0029732,O0014560,C008529,P00182,2026-04-22,2026-04-01,2026-05-14,22,Sports & Outdoors,Cycling,Northvale,Marketplace,FC-Central,Metro Post,true,Arrived too late,true,Recovered,1,1,46.55,19.6
R004622,OI0029733,O0014561,C008530,P00187,2026-04-20,2026-04-01,2026-05-15,25,Sports & Outdoors,Camping,Puresel,Marketplace,FC-North,Metro Post,true,Wrong size,true,Recovered,1,1,164.80,60.13
R004623,OI0029737,O0014564,C008532,P00082,2026-04-22,2026-04-01,2026-05-15,23,Electronics,Audio,Puresel,Web,FC-North,Metro Post,true,Damaged in transit,false,Written off,3,3,1433.61,1433.61
R004624,OI0029743,O0014569,C008535,P00179,2026-06-05,2026-06-01,2026-06-30,25,Sports & Outdoors,Fitness,Mokkan,Store,Store Pickup,,,Wrong size,true,Recovered,1,1,49.48,18.75
R004625,OI0029748,O0014570,C008536,P00048,2026-04-23,2026-04-01,2026-05-08,15,Apparel,Dresses,Latitude 54,Web,FC-Central,Regional Freight,true,Changed mind,true,Recovered,1,1,92.66,37.15
R004626,OI0029750,O0014570,C008536,P00026,2026-04-23,2026-04-01,2026-05-07,14,Apparel,Dresses,Corda,Web,FC-Central,Regional Freight,true,Changed mind,true,Recovered,1,1,34.19,16.49
R004627,OI0029753,O0014573,C008539,P00050,2026-04-23,2026-04-01,2026-05-21,28,Apparel,Knitwear,Brightpath,Mobile App,FC-South,Regional Freight,true,Changed mind,true,Recovered,1,1,116.54,66.67
R004628,OI0029768,O0014579,C008545,P00012,2026-04-21,2026-04-01,2026-04-28,7,Apparel,Knitwear,Mokkan,Mobile App,FC-South,Regional Freight,true,Changed mind,true,Recovered,1,1,88.93,48.74
R004629,OI0029769,O0014580,C008546,P00052,2026-04-22,2026-04-01,2026-05-12,20,Apparel,Dresses,Corda,Web,FC-North,Swiftline,true,Arrived too late,true,Recovered,1,1,51.70,27.67
R004630,OI0029772,O0014582,C008547,P00015,2026-06-19,2026-06-01,2026-07-09,20,Apparel,Tops,Corda,Mobile App,FC-North,Swiftline,true,Not as described,true,Recovered,1,1,66.55,39.88
R004631,OI0029773,O0014582,C008547,P00067,2026-06-19,2026-06-01,2026-07-09,20,Footwear,Sandals,Corda,Mobile App,FC-North,Swiftline,true,Wrong size,true,Recovered,1,1,78.15,46.73
R004632,OI0029775,O0014582,C008547,P00026,2026-06-19,2026-06-01,2026-07-10,21,Apparel,Dresses,Corda,Mobile App,FC-North,Swiftline,true,Damaged in transit,false,Written off,1,1,34.19,34.19
R004633,OI0029789,O0014587,C008552,P00188,2026-04-25,2026-04-01,2026-05-24,29,Sports & Outdoors,Swim,Mokkan,Web,FC-South,Regional Freight,true,Faulty,false,Written off,1,1,166.85,166.85
R004634,OI0029793,O0014589,C008554,P00019,2026-04-22,2026-04-01,2026-05-13,21,Apparel,Tops,Brightpath,Mobile App,FC-Central,Metro Post,true,Wrong size,true,Recovered,1,1,65.52,36.16
R004635,OI0029794,O0014589,C008554,P00059,2026-04-22,2026-04-01,2026-05-17,25,Footwear,Trainers,Latitude 54,Mobile App,FC-Central,Metro Post,true,Arrived too late,true,Recovered,1,1,129.93,59.89
R004636,OI0029801,O0014592,C008557,P00183,2026-04-23,2026-04-01,2026-05-22,29,Sports & Outdoors,Fitness,Ellery & Co,Web,FC-North,Swiftline,true,Not as described,true,Recovered,2,2,548.88,252.32
R004637,OI0029805,O0014596,C008561,P00066,2026-04-24,2026-04-01,2026-05-11,17,Footwear,Sandals,Puresel,Mobile App,FC-South,Metro Post,false,Arrived too late,true,Recovered,1,1,111.95,63.02
R004638,OI0029808,O0014597,C008562,P00069,2026-04-25,2026-04-01,2026-05-19,24,Footwear,Sandals,Brightpath,Store,Store Pickup,,,Wrong size,true,Recovered,1,1,87.02,26.81
R004639,OI0029820,O0014607,C008571,P00004,2026-04-25,2026-04-01,2026-05-14,19,Apparel,Knitwear,Puresel,Mobile App,FC-South,Metro Post,false,Wrong size,true,Recovered,1,1,20.51,6.53
R004640,OI0029821,O0014608,C008572,P00117,2026-04-25,2026-04-01,2026-05-21,26,Home & Kitchen,Bedding,Ellery & Co,Store,Store Pickup,,,Wrong size,true,Recovered,1,2,134.40,55.77
R004641,OI0029836,O0014616,C008577,P00003,2026-06-14,2026-06-01,2026-07-03,19,Apparel,Outerwear,Northvale,Mobile App,FC-Central,Metro Post,true,Wrong size,true,Recovered,1,1,32.59,18.9
R004642,OI0029845,O0014621,C008581,P00056,2026-04-24,2026-04-01,2026-05-03,9,Footwear,Sandals,Puresel,Marketplace,FC-South,Metro Post,true,Wrong size,true,Recovered,2,2,210.30,120.56
R004643,OI0029846,O0014621,C008581,P00057,2026-04-24,2026-04-01,2026-05-01,7,Footwear,Trainers,Puresel,Marketplace,FC-South,Metro Post,true,Not as described,true,Recovered,1,2,65.94,39.76
R004644,OI0029857,O0014627,C008585,P00011,2026-06-10,2026-06-01,2026-07-07,27,Apparel,Outerwear,Northvale,Mobile App,FC-Central,Metro Post,true,Wrong size,true,Recovered,1,1,118.62,67.42
R004645,OI0029859,O0014627,C008585,P00127,2026-06-10,2026-06-01,2026-06-30,20,Home & Kitchen,Cookware,Latitude 54,Mobile App,FC-Central,Metro Post,true,Changed mind,true,Recovered,1,1,87.34,-29.61
R004646,OI0029866,O0014630,C008587,P00099,2026-06-20,2026-06-01,2026-06-27,7,Electronics,Small Appliances,Latitude 54,Mobile App,FC-Central,Metro Post,true,Wrong size,true,Recovered,1,1,472.93,111.03
R004647,OI0029870,O0014631,C008588,P00084,2026-04-27,2026-04-01,2026-05-06,9,Electronics,Wearables,Corda,Web,FC-North,Swiftline,true,Wrong size,true,Recovered,1,1,208.44,36.45
R004648,OI0029882,O0014635,C008592,P00064,2026-04-29,2026-04-01,2026-05-19,20,Footwear,Boots,Mokkan,Store,Store Pickup,,,Changed mind,true,Recovered,1,1,81.88,39.24
R004649,OI0029898,O0014641,C008595,P00001,2026-04-28,2026-04-01,2026-05-16,18,Apparel,Dresses,Latitude 54,Mobile App,FC-North,Swiftline,true,Damaged in transit,false,Written off,1,1,38.97,38.97
R004650,OI0029904,O0014643,C008596,P00058,2026-04-29,2026-04-01,2026-05-21,22,Footwear,Trainers,Brightpath,Web,FC-South,Regional Freight,false,Not as described,true,Recovered,2,2,313.62,165.52
R004651,OI0029918,O0014647,C008599,P00130,2026-04-25,2026-04-01,2026-05-06,11,Home & Kitchen,Cookware,Ellery & Co,Mobile App,FC-Central,Swiftline,true,Not as described,true,Recovered,1,1,206.19,56.47
R004652,OI0029928,O0014653,C008604,P00023,2026-06-15,2026-06-01,2026-06-28,13,Apparel,Tops,Latitude 54,Store,Store Pickup,,,Arrived too late,true,Recovered,1,1,49.85,32.11
R004653,OI0029949,O0014663,C008613,P00079,2026-04-29,2026-04-01,2026-05-06,7,Footwear,Sandals,Mokkan,Mobile App,FC-Central,Regional Freight,false,Changed mind,true,Recovered,1,1,36.11,-8.66
R004654,OI0029955,O0014667,C008617,P00132,2026-04-30,2026-04-01,2026-05-20,20,Home & Kitchen,Cookware,Ellery & Co,Mobile App,FC-South,Metro Post,false,Arrived too late,true,Recovered,1,1,68.52,28.64
R004655,OI0029959,O0014668,C008618,P00033,2026-04-28,2026-04-01,2026-05-12,14,Apparel,Denim,Northvale,Store,Store Pickup,,,Changed mind,true,Recovered,1,1,37.21,19.34
R004656,OI0029961,O0014670,C008619,P00111,2026-05-16,2026-05-01,2026-05-27,11,Home & Kitchen,Storage,Brightpath,Store,Store Pickup,,,Not as described,true,Recovered,1,1,166.13,69.96
R004657,OI0029979,O0014678,C008626,P00006,2026-04-28,2026-04-01,2026-05-21,23,Apparel,Denim,Puresel,Web,FC-South,Metro Post,true,Damaged in transit,false,Written off,1,1,26.65,26.65
R004658,OI0029986,O0014683,C008630,P00050,2026-05-17,2026-05-01,2026-05-25,8,Apparel,Knitwear,Brightpath,Store,Store Pickup,,,Faulty,false,Written off,1,1,116.54,116.54
R004659,OI0029990,O0014686,C008633,P00034,2026-04-29,2026-04-01,2026-05-26,27,Apparel,Dresses,Latitude 54,Store,Store Pickup,,,Faulty,false,Written off,1,1,35.77,35.77
R004660,OI0029991,O0014687,C008633,P00041,2026-06-20,2026-06-01,2026-06-28,8,Apparel,Outerwear,Latitude 54,Mobile App,FC-North,Swiftline,true,Faulty,false,Written off,1,1,124.29,124.29
R004661,OI0029993,O0014688,C008634,P00041,2026-04-29,2026-04-01,2026-05-19,20,Apparel,Outerwear,Latitude 54,Web,FC-South,Metro Post,true,Faulty,false,Written off,1,1,125.23,125.23
R004662,OI0029996,O0014689,C008635,P00018,2026-05-03,2026-05-01,2026-05-25,22,Apparel,Denim,Latitude 54,Marketplace,FC-Central,Metro Post,true,Changed mind,true,Recovered,1,1,62.01,35.68
R004663,OI0029997,O0014689,C008635,P00042,2026-05-03,2026-05-01,2026-05-21,18,Apparel,Knitwear,Latitude 54,Marketplace,FC-Central,Metro Post,true,Changed mind,true,Recovered,1,1,98.30,58.28
R004664,OI0030018,O0014697,C008642,P00034,2026-06-20,2026-06-01,2026-07-05,15,Apparel,Dresses,Latitude 54,Web,FC-South,Swiftline,true,Wrong size,true,Recovered,1,1,41.79,20.17
R004665,OI0030023,O0014700,C008645,P00065,2026-05-02,2026-05-01,2026-05-13,11,Footwear,Sandals,Ellery & Co,Marketplace,FC-North,Regional Freight,true,Damaged in transit,false,Written off,2,2,189.36,189.36
R004666,OI0030036,O0014705,C008649,P00025,2026-05-01,2026-05-01,2026-05-15,14,Apparel,Outerwear,Corda,Mobile App,FC-South,Metro Post,true,Wrong size,true,Recovered,1,1,125.94,77.04
R004667,OI0030037,O0014705,C008649,P00108,2026-05-01,2026-05-01,2026-05-15,14,Electronics,Audio,Ellery & Co,Mobile App,FC-South,Metro Post,true,Wrong size,true,Recovered,1,1,119.88,19.77
R004668,OI0030040,O0014706,C008650,P00005,2026-05-02,2026-05-01,2026-05-21,19,Apparel,Knitwear,Ellery & Co,Web,FC-South,Metro Post,true,Wrong size,true,Recovered,1,1,51.99,30.11
R004669,OI0030055,O0014710,C008652,P00091,2026-05-05,2026-05-01,2026-05-08,3,Electronics,Small Appliances,Mokkan,Store,Store Pickup,,,Changed mind,true,Recovered,1,1,437.76,86.34
R004670,OI0030060,O0014712,C008654,P00001,2026-05-04,2026-05-01,2026-05-21,17,Apparel,Dresses,Latitude 54,Mobile App,FC-South,Regional Freight,true,Changed mind,true,Recovered,1,1,23.27,9.12
R004671,OI0030080,O0014722,C008663,P00028,2026-05-03,2026-05-01,2026-05-29,26,Apparel,Dresses,Mokkan,Store,Store Pickup,,,Changed mind,true,Recovered,2,2,43.72,20.24
R004672,OI0030089,O0014726,C008666,P00035,2026-05-02,2026-05-01,2026-05-30,28,Apparel,Outerwear,Northvale,Web,FC-North,Regional Freight,true,Changed mind,true,Recovered,1,1,131.59,67.13
R004673,OI0030099,O0014730,C008669,P00056,2026-05-06,2026-05-01,2026-06-03,28,Footwear,Sandals,Puresel,Web,FC-South,Swiftline,true,Wrong size,true,Recovered,1,1,79.99,35.12
R004674,OI0030104,O0014733,C008672,P00001,2026-05-07,2026-05-01,2026-05-26,19,Apparel,Dresses,Latitude 54,Mobile App,FC-Central,Metro Post,false,Not as described,true,Recovered,1,1,38.97,24.82
R004675,OI0030108,O0014734,C008673,P00021,2026-05-05,2026-05-01,2026-05-19,14,Apparel,Denim,Northvale,Web,FC-South,Metro Post,true,Not as described,true,Recovered,1,1,52.72,31.56
R004676,OI0030119,O0014743,C008680,P00175,2026-05-07,2026-05-01,2026-06-03,27,Sports & Outdoors,Camping,Ellery & Co,Web,FC-South,Regional Freight,false,Changed mind,true,Recovered,1,1,241.41,113.18
R004677,OI0030123,O0014744,C008680,P00006,2026-05-23,2026-05-01,2026-06-20,28,Apparel,Denim,Puresel,Store,Store Pickup,,,Changed mind,true,Recovered,1,1,31.44,19.56
R004678,OI0030136,O0014754,C008688,P00115,2026-05-06,2026-05-01,2026-05-28,22,Home & Kitchen,Lighting,Puresel,Mobile App,FC-South,Regional Freight,true,Not as described,true,Recovered,4,4,364.80,82.28
R004679,OI0030152,O0014761,C008693,P00074,2026-05-08,2026-05-01,2026-05-30,22,Footwear,Trainers,Puresel,Web,FC-South,Regional Freight,true,Not as described,true,Recovered,1,1,98.93,51.14
R004680,OI0030168,O0014769,C008700,P00061,2026-05-10,2026-05-01,2026-05-22,12,Footwear,Trainers,Northvale,Marketplace,FC-South,Swiftline,false,Arrived too late,true,Recovered,1,1,35.26,16.11
R004681,OI0030170,O0014770,C008701,P00078,2026-05-07,2026-05-01,2026-06-04,28,Footwear,Sandals,Corda,Web,FC-North,Metro Post,true,Damaged in transit,false,Written off,1,1,128.93,128.93
R004682,OI0030192,O0014781,C008709,P00145,2026-05-10,2026-05-01,2026-05-13,3,Beauty,Cosmetics,Ellery & Co,Store,Store Pickup,,,Not as described,true,Recovered,1,1,63.74,36.27
R004683,OI0030195,O0014783,C008710,P00073,2026-06-25,2026-06-01,2026-07-16,21,Footwear,Boots,Brightpath,Marketplace,FC-South,Regional Freight,true,Changed mind,true,Recovered,1,1,79.76,41.34
R004684,OI0030198,O0014785,C008712,P00144,2026-05-10,2026-05-01,2026-05-21,11,Home & Kitchen,Cookware,Puresel,Web,FC-North,Swiftline,true,Faulty,false,Written off,1,1,174.00,174.0
R004685,OI0030204,O0014788,C008715,P00073,2026-05-09,2026-05-01,2026-05-21,12,Footwear,Boots,Brightpath,Web,FC-South,Regional Freight,true,Arrived too late,true,Recovered,1,1,58.97,20.55
R004686,OI0030208,O0014791,C008718,P00020,2026-05-07,2026-05-01,2026-06-05,29,Apparel,Denim,Ellery & Co,Mobile App,FC-South,Metro Post,true,Damaged in transit,false,Written off,1,1,104.07,104.07
R004687,OI0030221,O0014798,C008724,P00040,2026-05-10,2026-05-01,2026-05-16,6,Apparel,Tops,Puresel,Web,FC-Central,Metro Post,true,Wrong size,true,Recovered,2,2,167.59,85.65
R004688,OI0030226,O0014799,C008725,P00057,2026-05-11,2026-05-01,2026-06-07,27,Footwear,Trainers,Puresel,Mobile App,FC-North,Metro Post,true,Changed mind,true,Recovered,2,2,131.88,79.52
R004689,OI0030230,O0014803,C008729,P00007,2026-05-12,2026-05-01,2026-05-20,8,Apparel,Denim,Northvale,Store,Store Pickup,,,Wrong size,true,Recovered,1,1,116.94,69.72
R004690,OI0030232,O0014804,C008729,P00051,2026-06-02,2026-06-01,2026-07-02,30,Apparel,Denim,Corda,Mobile App,FC-Central,Regional Freight,true,Arrived too late,true,Recovered,3,3,129.54,76.92
R004691,OI0030234,O0014806,C008730,P00025,2026-05-09,2026-05-01,2026-05-30,21,Apparel,Outerwear,Corda,Web,FC-South,Regional Freight,false,Arrived too late,true,Recovered,1,1,125.94,77.04
R004692,OI0030236,O0014806,C008730,P00024,2026-05-09,2026-05-01,2026-05-19,10,Apparel,Outerwear,Brightpath,Web,FC-South,Regional Freight,false,Wrong size,true,Recovered,1,1,35.49,19.91
R004693,OI0030240,O0014808,C008732,P00154,2026-05-08,2026-05-01,2026-05-20,12,Beauty,Cosmetics,Ellery & Co,Web,FC-South,Regional Freight,true,Changed mind,true,Recovered,1,1,38.78,24.37
R004694,OI0030242,O0014810,C008734,P00047,2026-05-10,2026-05-01,2026-06-05,26,Apparel,Dresses,Puresel,Marketplace,FC-South,Metro Post,true,Not as described,true,Recovered,1,1,95.89,50.64
R004695,OI0030253,O0014817,C008741,P00068,2026-05-10,2026-05-01,2026-06-04,25,Footwear,Sandals,Corda,Web,FC-South,Swiftline,true,Changed mind,true,Recovered,1,1,106.66,65.35
R004696,OI0030254,O0014818,C008742,P00133,2026-05-11,2026-05-01,2026-06-08,28,Home & Kitchen,Cookware,Latitude 54,Web,FC-North,Swiftline,true,Changed mind,true,Recovered,1,1,184.72,74.35
R004697,OI0030256,O0014820,C008744,P00031,2026-05-12,2026-05-01,2026-06-05,24,Apparel,Dresses,Brightpath,Marketplace,FC-North,Swiftline,true,Not as described,true,Recovered,1,1,90.94,53.45
R004698,OI0030263,O0014824,C008748,P00014,2026-05-13,2026-05-01,2026-05-16,3,Apparel,Dresses,Corda,Store,Store Pickup,,,Wrong size,true,Recovered,1,1,87.12,49.84
R004699,OI0030273,O0014828,C008750,P00049,2026-05-13,2026-05-01,2026-05-31,18,Apparel,Tops,Brightpath,Mobile App,FC-South,Metro Post,true,Wrong size,true,Recovered,2,2,91.78,53.98
R004700,OI0030283,O0014832,C008754,P00089,2026-05-13,2026-05-01,2026-05-29,16,Electronics,Audio,Corda,Marketplace,FC-Central,Swiftline,true,Changed mind,true,Recovered,1,1,337.55,85.59
R004701,OI0030288,O0014836,C008758,P00037,2026-05-12,2026-05-01,2026-05-20,8,Apparel,Tops,Brightpath,Web,FC-North,Swiftline,true,Damaged in transit,false,Written off,1,1,83.78,83.78
R004702,OI0030292,O0014838,C008760,P00041,2026-05-15,2026-05-01,2026-06-10,26,Apparel,Outerwear,Latitude 54,Mobile App,FC-North,Metro Post,true,Changed mind,true,Recovered,1,1,125.23,65.8
R004703,OI0030295,O0014840,C008762,P00066,2026-05-11,2026-05-01,2026-06-08,28,Footwear,Sandals,Puresel,Store,Store Pickup,,,Not as described,true,Recovered,1,1,87.60,38.67
R004704,OI0030299,O0014841,C008763,P00003,2026-05-12,2026-05-01,2026-06-07,26,Apparel,Outerwear,Northvale,Web,FC-Central,Swiftline,true,Not as described,true,Recovered,1,1,31.20,17.51
R004705,OI0030303,O0014841,C008763,P00066,2026-05-12,2026-05-01,2026-05-29,17,Footwear,Sandals,Puresel,Web,FC-Central,Swiftline,true,Wrong size,true,Recovered,1,1,82.81,33.88
R004706,OI0030313,O0014848,C008770,P00040,2026-05-15,2026-05-01,2026-05-22,7,Apparel,Tops,Puresel,Mobile App,FC-South,Metro Post,false,Not as described,true,Recovered,1,1,113.30,72.33
R004707,OI0030322,O0014850,C008771,P00064,2026-06-26,2026-06-01,2026-07-26,30,Footwear,Boots,Mokkan,Web,FC-South,Regional Freight,true,Not as described,true,Recovered,1,1,93.30,50.66
R004708,OI0030334,O0014856,C008777,P00019,2026-05-12,2026-05-01,2026-06-01,20,Apparel,Tops,Brightpath,Web,FC-Central,Swiftline,true,Changed mind,true,Recovered,1,1,65.52,36.16
R004709,OI0030363,O0014869,C008785,P00042,2026-05-31,2026-05-01,2026-06-07,7,Apparel,Knitwear,Latitude 54,Mobile App,FC-North,Metro Post,true,Changed mind,true,Recovered,1,1,66.91,26.89
R004710,OI0030368,O0014872,C008788,P00009,2026-05-15,2026-05-01,2026-05-26,11,Apparel,Outerwear,Mokkan,Marketplace,FC-South,Regional Freight,true,Wrong size,true,Recovered,1,1,73.72,42.56
R004711,OI0030373,O0014876,C008791,P00120,2026-05-15,2026-05-01,2026-06-13,29,Home & Kitchen,Lighting,Northvale,Web,FC-South,Regional Freight,true,Not as described,true,Recovered,1,1,97.95,40.64
R004712,OI0030374,O0014876,C008791,P00127,2026-05-15,2026-05-01,2026-06-04,20,Home & Kitchen,Cookware,Latitude 54,Web,FC-South,Regional Freight,true,Damaged in transit,false,Written off,1,1,194.09,194.09
R004713,OI0030383,O0014880,C008794,P00110,2026-05-13,2026-05-01,2026-05-29,16,Electronics,Small Appliances,Puresel,Mobile App,FC-South,Metro Post,false,Arrived too late,true,Recovered,1,1,324.33,-27.05
R004714,OI0030384,O0014880,C008794,P00109,2026-05-13,2026-05-01,2026-05-25,12,Electronics,Audio,Corda,Mobile App,FC-South,Metro Post,false,Wrong size,true,Recovered,2,2,292.62,-29.08
R004715,OI0030386,O0014881,C008795,P00014,2026-05-15,2026-05-01,2026-06-11,27,Apparel,Dresses,Corda,Marketplace,FC-South,Metro Post,true,Not as described,true,Recovered,1,1,79.91,42.63
R004716,OI0030387,O0014881,C008795,P00061,2026-05-15,2026-05-01,2026-05-23,8,Footwear,Trainers,Northvale,Marketplace,FC-South,Metro Post,true,Not as described,true,Recovered,1,1,28.52,9.37
R004717,OI0030388,O0014881,C008795,P00120,2026-05-15,2026-05-01,2026-05-27,12,Home & Kitchen,Lighting,Northvale,Marketplace,FC-South,Metro Post,true,Arrived too late,true,Recovered,2,2,134.13,19.51
R004718,OI0030397,O0014889,C008802,P00054,2026-05-16,2026-05-01,2026-06-04,19,Footwear,Sandals,Mokkan,Web,FC-South,Regional Freight,true,Arrived too late,true,Recovered,1,1,59.52,30.01
R004719,OI0030398,O0014889,C008802,P00023,2026-05-16,2026-05-01,2026-05-31,15,Apparel,Tops,Latitude 54,Web,FC-South,Regional Freight,true,Arrived too late,true,Recovered,1,1,40.83,23.09
R004720,OI0030399,O0014890,C008803,P00003,2026-05-18,2026-05-01,2026-06-14,27,Apparel,Outerwear,Northvale,Web,FC-South,Regional Freight,false,Not as described,true,Recovered,1,1,32.59,18.9
R004721,OI0030402,O0014890,C008803,P00092,2026-05-18,2026-05-01,2026-06-11,24,Electronics,Accessories,Puresel,Web,FC-South,Regional Freight,false,Changed mind,true,Recovered,1,1,188.43,6.88
R004722,OI0030408,O0014893,C008805,P00026,2026-05-17,2026-05-01,2026-06-02,16,Apparel,Dresses,Corda,Marketplace,FC-South,Swiftline,true,Changed mind,true,Recovered,1,1,34.19,16.49
R004723,OI0030417,O0014896,C008807,P00017,2026-05-16,2026-05-01,2026-05-25,9,Apparel,Dresses,Corda,Marketplace,FC-South,Regional Freight,true,Changed mind,true,Recovered,1,1,27.43,15.56
R004724,OI0030418,O0014896,C008807,P00108,2026-05-16,2026-05-01,2026-05-30,14,Electronics,Audio,Ellery & Co,Marketplace,FC-South,Regional Freight,true,Wrong size,true,Recovered,1,1,119.88,19.77
R004725,OI0030422,O0014899,C008809,P00032,2026-06-16,2026-06-01,2026-06-22,6,Apparel,Outerwear,Mokkan,Web,FC-Central,Regional Freight,true,Faulty,false,Written off,1,1,25.64,25.64
R004726,OI0030430,O0014904,C008814,P00034,2026-05-19,2026-05-01,2026-05-28,9,Apparel,Dresses,Latitude 54,Mobile App,FC-North,Swiftline,true,Arrived too late,true,Recovered,1,1,41.79,20.17
R004727,OI0030432,O0014904,C008814,P00005,2026-05-19,2026-05-01,2026-06-11,23,Apparel,Knitwear,Ellery & Co,Mobile App,FC-North,Swiftline,true,Damaged in transit,false,Written off,1,1,51.99,51.99
R004728,OI0030434,O0014905,C008815,P00112,2026-05-19,2026-05-01,2026-05-28,9,Home & Kitchen,Bedding,Puresel,Web,FC-North,Swiftline,true,Wrong size,true,Recovered,1,1,146.30,38.51
R004729,OI0030447,O0014911,C008820,P00110,2026-05-16,2026-05-01,2026-06-02,17,Electronics,Small Appliances,Puresel,Web,FC-Central,Regional Freight,true,Damaged in transit,false,Written off,2,2,822.44,822.44
R004730,OI0030466,O0014920,C008828,P00063,2026-05-18,2026-05-01,2026-06-03,16,Footwear,Formal,Northvale,Web,FC-Central,Metro Post,true,Not as described,true,Recovered,1,1,36.53,19.86
R004731,OI0030467,O0014920,C008828,P00050,2026-05-18,2026-05-01,2026-06-06,19,Apparel,Knitwear,Brightpath,Web,FC-Central,Metro Post,true,Wrong size,true,Recovered,1,1,116.54,66.67
R004732,OI0030479,O0014925,C008832,P00073,2026-05-17,2026-05-01,2026-06-15,29,Footwear,Boots,Brightpath,Web,FC-Central,Regional Freight,true,Changed mind,true,Recovered,1,1,79.76,41.34
R004733,OI0030489,O0014933,C008838,P00008,2026-06-20,2026-06-01,2026-07-12,22,Apparel,Tops,Brightpath,Mobile App,FC-North,Regional Freight,false,Damaged in transit,false,Written off,1,1,83.50,83.5
R004734,OI0030494,O0014935,C008840,P00074,2026-05-19,2026-05-01,2026-06-18,30,Footwear,Trainers,Puresel,Web,FC-South,Swiftline,false,Not as described,true,Recovered,1,1,128.17,80.38
R004735,OI0030513,O0014945,C008848,P00025,2026-05-18,2026-05-01,2026-06-11,24,Apparel,Outerwear,Corda,Web,FC-North,Metro Post,true,Wrong size,true,Recovered,1,1,125.94,77.04
R004736,OI0030529,O0014953,C008856,P00059,2026-05-19,2026-05-01,2026-06-14,26,Footwear,Trainers,Latitude 54,Marketplace,FC-South,Swiftline,true,Wrong size,true,Recovered,1,1,129.93,59.89
R004737,OI0030531,O0014954,C008857,P00053,2026-05-20,2026-05-01,2026-05-29,9,Apparel,Tops,Latitude 54,Store,Store Pickup,,,Arrived too late,true,Recovered,1,1,91.29,53.26
R004738,OI0030535,O0014956,C008859,P00087,2026-05-19,2026-05-01,2026-05-28,9,Electronics,Audio,Brightpath,Web,FC-North,Swiftline,true,Damaged in transit,false,Written off,1,1,284.35,284.35
R004739,OI0030537,O0014957,C008860,P00066,2026-05-23,2026-05-01,2026-06-05,13,Footwear,Sandals,Puresel,Mobile App,FC-South,Regional Freight,true,Changed mind,true,Recovered,1,1,111.95,63.02
R004740,OI0030539,O0014958,C008861,P00023,2026-05-21,2026-05-01,2026-06-17,27,Apparel,Tops,Latitude 54,Mobile App,FC-South,Swiftline,true,Not as described,true,Recovered,1,1,49.85,32.11
R004741,OI0030547,O0014961,C008864,P00040,2026-05-19,2026-05-01,2026-06-15,27,Apparel,Tops,Puresel,Mobile App,FC-South,Regional Freight,true,Damaged in transit,false,Written off,1,1,113.30,113.3
R004742,OI0030549,O0014962,C008865,P00043,2026-05-23,2026-05-01,2026-06-04,12,Apparel,Denim,Puresel,Marketplace,FC-North,Regional Freight,true,Damaged in transit,false,Written off,1,1,107.20,107.2
R004743,OI0030558,O0014965,C008868,P00039,2026-05-20,2026-05-01,2026-05-30,10,Apparel,Outerwear,Latitude 54,Marketplace,FC-Central,Regional Freight,true,Damaged in transit,false,Written off,1,1,25.56,25.56
R004744,OI0030562,O0014966,C008868,P00050,2026-06-25,2026-06-01,2026-07-08,13,Apparel,Knitwear,Brightpath,Mobile App,FC-Central,Regional Freight,true,Changed mind,true,Recovered,1,1,116.54,66.67
R004745,OI0030573,O0014971,C008873,P00136,2026-05-22,2026-05-01,2026-05-29,7,Home & Kitchen,Cookware,Latitude 54,Web,FC-North,Metro Post,true,Changed mind,true,Recovered,3,3,85.95,31.32
R004746,OI0030580,O0014974,C008875,P00126,2026-06-19,2026-06-01,2026-07-03,14,Home & Kitchen,Bedding,Puresel,Web,FC-Central,Metro Post,true,Wrong size,true,Recovered,1,1,33.23,10.45
R004747,OI0030604,O0014983,C008884,P00076,2026-05-23,2026-05-01,2026-06-10,18,Footwear,Trainers,Puresel,Web,FC-Central,Swiftline,true,Arrived too late,true,Recovered,1,1,83.39,49.11
R004748,OI0030606,O0014983,C008884,P00075,2026-05-23,2026-05-01,2026-06-06,14,Footwear,Formal,Latitude 54,Web,FC-Central,Swiftline,true,Damaged in transit,false,Written off,1,1,51.74,51.74
R004749,OI0030613,O0014985,C008886,P00136,2026-05-25,2026-05-01,2026-06-17,23,Home & Kitchen,Cookware,Latitude 54,Web,FC-North,Swiftline,true,Damaged in transit,false,Written off,1,1,22.23,22.23
R004750,OI0030627,O0014994,C008895,P00029,2026-05-27,2026-05-01,2026-06-10,14,Apparel,Knitwear,Puresel,Web,FC-Central,Metro Post,true,Arrived too late,true,Recovered,1,1,97.80,51.53
R004751,OI0030633,O0014996,C008897,P00065,2026-05-24,2026-05-01,2026-06-16,23,Footwear,Sandals,Ellery & Co,Mobile App,FC-South,Regional Freight,true,Damaged in transit,false,Written off,1,1,94.68,94.68
R004752,OI0030646,O0015002,C008903,P00056,2026-05-27,2026-05-01,2026-06-13,17,Footwear,Sandals,Puresel,Web,FC-South,Swiftline,true,Damaged in transit,false,Written off,1,1,105.15,105.15
R004753,OI0030658,O0015008,C008909,P00174,2026-05-24,2026-05-01,2026-06-13,20,Sports & Outdoors,Fitness,Latitude 54,Marketplace,FC-North,Swiftline,true,Changed mind,true,Recovered,1,1,211.86,63.76
R004754,OI0030665,O0015012,C008913,P00174,2026-05-26,2026-05-01,2026-06-21,26,Sports & Outdoors,Fitness,Latitude 54,Web,FC-North,Metro Post,true,Wrong size,true,Recovered,1,1,190.06,41.96
R004755,OI0030700,O0015027,C008928,P00021,2026-05-26,2026-05-01,2026-06-26,31,Apparel,Denim,Northvale,Mobile App,FC-South,Regional Freight,false,Wrong size,true,Recovered,1,1,44.35,23.19
R004756,OI0030709,O0015031,C008932,P00059,2026-05-26,2026-05-01,2026-06-20,25,Footwear,Trainers,Latitude 54,Web,FC-North,Metro Post,true,Wrong size,true,Recovered,1,1,104.32,34.28
R004757,OI0030742,O0015050,C008949,P00090,2026-05-31,2026-05-01,2026-06-20,20,Electronics,Audio,Corda,Mobile App,FC-South,Metro Post,true,Wrong size,true,Recovered,1,1,290.67,47.51
R004758,OI0030743,O0015051,C008950,P00119,2026-05-31,2026-05-01,2026-06-13,13,Home & Kitchen,Storage,Puresel,Mobile App,FC-South,Swiftline,true,Not as described,true,Recovered,1,1,169.52,41.91
R004759,OI0030746,O0015053,C008952,P00069,2026-05-31,2026-05-01,2026-06-18,18,Footwear,Sandals,Brightpath,Mobile App,FC-Central,Regional Freight,true,Arrived too late,true,Recovered,1,1,144.42,84.21
R004760,OI0030748,O0015054,C008953,P00010,2026-05-31,2026-05-01,2026-06-10,10,Apparel,Denim,Puresel,Mobile App,FC-South,Regional Freight,true,Changed mind,true,Recovered,1,1,20.22,7.34
R004761,OI0030749,O0015055,C008954,P00004,2026-05-27,2026-05-01,2026-06-21,25,Apparel,Knitwear,Puresel,Web,FC-South,Regional Freight,true,Not as described,true,Recovered,1,1,33.94,19.96
R004762,OI0030750,O0015056,C008955,P00181,2026-05-29,2026-05-01,2026-07-02,34,Sports & Outdoors,Camping,Ellery & Co,Mobile App,FC-South,Regional Freight,false,Damaged in transit,false,Written off,1,1,235.91,235.91
R004763,OI0030755,O0015060,C008959,P00076,2026-05-31,2026-05-01,2026-06-27,27,Footwear,Trainers,Puresel,Web,FC-Central,Metro Post,true,Damaged in transit,false,Written off,1,1,83.39,83.39
R004764,OI0030765,O0015066,C008965,P00072,2026-05-29,2026-05-01,2026-06-18,20,Footwear,Sandals,Brightpath,Web,FC-South,Metro Post,false,Changed mind,true,Recovered,1,1,58.95,35.37
R004765,OI0030789,O0015080,C008978,P00127,2026-05-31,2026-05-01,2026-06-18,18,Home & Kitchen,Cookware,Latitude 54,Mobile App,FC-South,Regional Freight,true,Wrong size,true,Recovered,2,2,388.18,154.28
R004766,OI0030790,O0015081,C008979,P00039,2026-05-31,2026-05-01,2026-06-21,21,Apparel,Outerwear,Latitude 54,Web,FC-Central,Metro Post,true,Changed mind,true,Recovered,2,2,47.20,24.44
R004767,OI0030791,O0015082,C008980,P00189,2026-05-31,2026-05-01,2026-06-20,20,Sports & Outdoors,Camping,Brightpath,Mobile App,FC-Central,Swiftline,true,Damaged in transit,false,Written off,1,1,180.08,180.08
R004768,OI0030792,O0015082,C008980,P00004,2026-05-31,2026-05-01,2026-06-19,19,Apparel,Knitwear,Puresel,Mobile App,FC-Central,Swiftline,true,Faulty,false,Written off,2,2,67.88,67.88
R004769,OI0030799,O0015085,C008983,P00016,2026-05-31,2026-05-01,2026-06-18,18,Apparel,Knitwear,Brightpath,Web,FC-North,Regional Freight,false,Arrived too late,true,Recovered,1,1,54.64,32.91
R004770,OI0030805,O0015089,C008986,P00043,2026-05-30,2026-05-01,2026-06-03,4,Apparel,Denim,Puresel,Marketplace,FC-Central,Swiftline,true,Changed mind,true,Recovered,1,1,94.71,56.9
R004771,OI0030810,O0015092,C008989,P00002,2026-06-02,2026-06-01,2026-06-15,13,Apparel,Knitwear,Brightpath,Web,FC-South,Metro Post,true,Wrong size,true,Recovered,1,1,66.65,27.79
R004772,OI0030813,O0015093,C008990,P00050,2026-06-01,2026-06-01,2026-06-07,6,Apparel,Knitwear,Brightpath,Store,Store Pickup,,,Changed mind,true,Recovered,1,1,116.54,66.67
R004773,OI0030819,O0015097,C008994,P00181,2026-06-02,2026-06-01,2026-06-24,22,Sports & Outdoors,Camping,Ellery & Co,Web,FC-Central,Metro Post,true,Changed mind,true,Recovered,1,1,235.91,102.9
R004774,OI0030820,O0015097,C008994,P00187,2026-06-02,2026-06-01,2026-06-06,4,Sports & Outdoors,Camping,Puresel,Web,FC-Central,Metro Post,true,Damaged in transit,false,Written off,1,1,164.80,164.8
R004775,OI0030824,O0015100,C008997,P00017,2026-06-03,2026-06-01,2026-07-05,32,Apparel,Dresses,Corda,Mobile App,FC-South,Metro Post,true,Damaged in transit,false,Written off,1,1,27.43,27.43
R004776,OI0030832,O0015103,C009000,P00048,2026-06-02,2026-06-01,2026-06-23,21,Apparel,Dresses,Latitude 54,Mobile App,FC-North,Regional Freight,true,Wrong size,true,Recovered,1,1,85.60,30.09
