order_date,order_month,fulfilment_centre,carrier,orders,on_time_orders,late_orders,badly_late_orders,days_late_total,avg_days_late,avg_days_to_deliver,avg_transit_days,shipping_cost,shipping_fee_charged,net_shipping_cost,net_revenue,contribution_margin,late_net_revenue
2024-01-03,2024-01-01,FC-South,Metro Post,1,1,0,0,0,0.0,3.0,3.0,9.58,0.00,9.58,493.63,73.13,0.00
2024-03-14,2024-03-01,FC-South,Swiftline,3,3,0,0,0,0.0,2.667,1.667,14.52,0.00,14.52,301.50,41.48,0.00
2024-10-30,2024-10-01,FC-South,Regional Freight,5,3,2,1,5,1.0,3.6,3.2,31.38,0.00,31.38,2578.18,682.89,1111.78
2024-01-07,2024-01-01,FC-North,Metro Post,1,1,0,0,0,0.0,5.0,5.0,3.86,0.00,3.86,73.00,-4.14,0.00
2024-01-06,2024-01-01,FC-South,Swiftline,1,1,0,0,0,0.0,2.0,1.0,8.34,0.00,8.34,355.71,133.33,0.00
2024-02-07,2024-02-01,FC-Central,Metro Post,2,2,0,0,0,0.0,1.5,1.5,6.37,4.99,1.38,147.32,77.46,0.00
2024-01-09,2024-01-01,FC-North,Regional Freight,2,2,0,0,0,0.0,4.0,4.0,10.02,0.00,10.02,631.53,121.0,0.00
2024-01-08,2024-01-01,FC-North,Swiftline,3,3,0,0,0,0.0,2.0,1.0,75.82,0.00,75.82,2123.07,201.72,0.00
2024-02-18,2024-02-01,FC-South,Regional Freight,2,1,1,1,6,3.0,6.0,6.0,5.89,0.00,5.89,242.16,132.98,83.39
2024-04-05,2024-04-01,FC-South,Regional Freight,3,2,1,0,1,0.333,2.333,2.333,15.25,4.99,10.26,1333.99,119.33,29.05
2024-01-11,2024-01-01,FC-North,Regional Freight,1,0,1,0,1,1.0,4.0,4.0,4.60,0.00,4.60,706.54,-80.52,706.54
2024-08-03,2024-08-01,FC-North,Swiftline,2,2,0,0,0,0.0,2.5,2.0,26.03,0.00,26.03,692.83,219.92,0.00
2024-01-13,2024-01-01,FC-South,Metro Post,1,1,0,0,0,0.0,3.0,3.0,8.19,0.00,8.19,140.17,-51.24,0.00
2024-04-19,2024-04-01,FC-North,Swiftline,2,2,0,0,0,0.0,3.0,2.5,8.86,0.00,8.86,242.36,10.38,0.00
2024-01-24,2024-01-01,FC-North,Metro Post,2,1,1,0,2,1.0,5.0,5.0,30.07,0.00,30.07,578.64,86.97,413.84
2024-01-25,2024-01-01,FC-Central,Regional Freight,1,1,0,0,0,0.0,3.0,2.0,2.24,4.99,-2.75,26.35,15.41,0.00
2024-03-18,2024-03-01,FC-North,Metro Post,2,2,0,0,0,0.0,3.0,1.5,7.92,0.00,7.92,325.39,182.99,0.00
2024-05-24,2024-05-01,FC-South,Regional Freight,4,3,1,1,9,2.25,5.25,4.5,25.29,0.00,25.29,1344.76,377.13,445.16
2024-01-26,2024-01-01,FC-Central,Regional Freight,1,0,1,0,1,1.0,3.0,2.0,4.81,0.00,4.81,217.73,1.9,217.73
2024-02-05,2024-02-01,FC-South,Regional Freight,1,1,0,0,0,0.0,5.0,4.0,2.73,0.00,2.73,232.14,136.87,0.00
2024-02-06,2024-02-01,FC-North,Swiftline,1,1,0,0,0,0.0,2.0,2.0,12.78,0.00,12.78,48.06,-4.88,0.00
2024-04-09,2024-04-01,FC-Central,Metro Post,2,2,0,0,0,0.0,3.5,3.5,17.57,0.00,17.57,264.89,23.37,0.00
2024-02-12,2024-02-01,FC-South,Swiftline,1,0,1,0,2,2.0,6.0,6.0,4.84,0.00,4.84,78.15,41.89,78.15
2024-04-08,2024-04-01,FC-South,Metro Post,1,1,0,0,0,0.0,2.0,2.0,7.13,0.00,7.13,161.61,44.11,0.00
2024-06-04,2024-06-01,FC-South,Swiftline,1,1,0,0,0,0.0,2.0,1.0,24.86,0.00,24.86,842.00,348.85,0.00
2024-02-19,2024-02-01,FC-North,Metro Post,2,2,0,0,0,0.0,4.5,4.0,17.36,0.00,17.36,403.06,117.74,0.00
2024-07-25,2024-07-01,FC-North,Metro Post,1,1,0,0,0,0.0,5.0,5.0,9.67,0.00,9.67,319.54,49.64,0.00
2024-04-23,2024-04-01,FC-North,Metro Post,2,2,0,0,0,0.0,2.0,2.0,28.98,0.00,28.98,434.73,193.37,0.00
2024-09-15,2024-09-01,FC-Central,Regional Freight,1,1,0,0,0,0.0,3.0,3.0,3.34,0.00,3.34,196.60,87.87,0.00
2024-02-27,2024-02-01,FC-North,Metro Post,1,1,0,0,0,0.0,4.0,4.0,19.04,0.00,19.04,191.44,64.6,0.00
2024-02-26,2024-02-01,FC-South,Swiftline,1,0,1,1,3,3.0,7.0,5.0,12.43,0.00,12.43,905.70,106.62,905.70
2024-02-28,2024-02-01,FC-Central,Regional Freight,3,3,0,0,0,0.0,2.333,2.0,25.96,0.00,25.96,1139.26,-35.32,0.00
2024-03-22,2024-03-01,FC-Central,Regional Freight,1,1,0,0,0,0.0,2.0,2.0,2.27,4.99,-2.72,38.97,2.72,0.00
2024-03-05,2024-03-01,FC-Central,Metro Post,1,1,0,0,0,0.0,1.0,1.0,6.26,0.00,6.26,417.40,68.0,0.00
2024-03-12,2024-03-01,FC-South,Regional Freight,1,0,1,0,2,2.0,4.0,4.0,7.49,0.00,7.49,93.02,41.47,93.02
2024-11-24,2024-11-01,FC-North,Metro Post,3,2,1,0,2,0.667,3.667,3.667,14.26,0.00,14.26,459.03,171.45,128.30
2024-09-22,2024-09-01,FC-South,Swiftline,3,3,0,0,0,0.0,2.333,2.333,37.91,0.00,37.91,1479.88,248.62,0.00
2024-09-16,2024-09-01,FC-Central,Swiftline,2,2,0,0,0,0.0,2.5,2.0,30.05,0.00,30.05,1044.41,215.23,0.00
2024-03-30,2024-03-01,FC-North,Regional Freight,1,1,0,0,0,0.0,2.0,1.0,2.29,4.99,-2.70,31.44,22.26,0.00
2024-03-30,2024-03-01,FC-South,Swiftline,1,1,0,0,0,0.0,2.0,2.0,8.02,0.00,8.02,212.09,0.62,0.00
2024-06-12,2024-06-01,FC-South,Metro Post,1,1,0,0,0,0.0,4.0,4.0,3.55,0.00,3.55,114.28,64.88,0.00
2024-06-18,2024-06-01,FC-North,Regional Freight,1,1,0,0,0,0.0,4.0,4.0,7.03,4.99,2.04,21.77,5.03,0.00
2024-03-29,2024-03-01,FC-South,Swiftline,1,1,0,0,0,0.0,1.0,1.0,5.97,0.00,5.97,359.07,178.93,0.00
2024-05-26,2024-05-01,FC-South,Swiftline,1,1,0,0,0,0.0,3.0,1.0,5.09,0.00,5.09,227.25,124.3,0.00
2024-07-08,2024-07-01,FC-South,Regional Freight,2,1,1,0,1,0.5,4.0,3.5,10.17,0.00,10.17,284.01,-51.85,77.82
2024-06-18,2024-06-01,FC-Central,Metro Post,1,1,0,0,0,0.0,5.0,5.0,12.93,0.00,12.93,1058.97,152.48,0.00
2024-06-12,2024-06-01,FC-Central,Regional Freight,1,1,0,0,0,0.0,1.0,1.0,14.79,0.00,14.79,268.79,1.52,0.00
2024-04-09,2024-04-01,FC-North,Swiftline,1,1,0,0,0,0.0,4.0,4.0,7.29,0.00,7.29,293.98,121.48,0.00
2024-07-04,2024-07-01,FC-North,Swiftline,1,1,0,0,0,0.0,1.0,1.0,13.17,0.00,13.17,1107.45,208.7,0.00
2024-06-20,2024-06-01,FC-Central,Swiftline,2,2,0,0,0,0.0,3.0,3.0,11.46,0.00,11.46,306.00,156.13,0.00
2024-09-24,2024-09-01,FC-South,Regional Freight,4,4,0,0,0,0.0,3.0,2.75,27.95,0.00,27.95,1057.34,298.28,0.00
2024-04-17,2024-04-01,FC-North,Regional Freight,1,1,0,0,0,0.0,1.0,1.0,3.49,0.00,3.49,396.85,31.7,0.00
2025-08-02,2025-08-01,FC-South,Metro Post,5,4,1,0,1,0.2,3.4,3.2,34.26,0.00,34.26,1601.57,637.18,93.23
2024-10-14,2024-10-01,FC-Central,Regional Freight,1,1,0,0,0,0.0,2.0,1.0,2.69,4.99,-2.30,36.53,22.16,0.00
2024-04-27,2024-04-01,FC-Central,Swiftline,1,1,0,0,0,0.0,2.0,1.0,3.82,4.99,-1.17,32.59,20.07,0.00
2024-09-04,2024-09-01,FC-Central,Metro Post,2,2,0,0,0,0.0,1.5,1.5,14.13,0.00,14.13,845.53,371.22,0.00
2024-04-28,2024-04-01,FC-South,Swiftline,2,2,0,0,0,0.0,1.5,1.5,12.36,0.00,12.36,595.84,1.21,0.00
2024-04-30,2024-04-01,FC-North,Swiftline,2,2,0,0,0,0.0,3.5,3.0,26.76,0.00,26.76,2352.95,597.26,0.00
2024-05-03,2024-05-01,FC-South,Regional Freight,2,0,2,0,3,1.5,5.0,4.0,5.70,0.00,5.70,148.91,30.46,148.91
2024-05-05,2024-05-01,FC-South,Swiftline,1,1,0,0,0,0.0,3.0,1.0,4.82,0.00,4.82,129.93,55.07,0.00
2024-05-08,2024-05-01,FC-North,Swiftline,1,1,0,0,0,0.0,2.0,1.0,21.15,0.00,21.15,250.43,19.69,0.00
2024-10-15,2024-10-01,FC-South,Swiftline,3,3,0,0,0,0.0,2.333,1.667,31.79,0.00,31.79,1355.09,327.71,0.00
2024-08-03,2024-08-01,FC-South,Swiftline,2,1,1,0,2,1.0,3.5,2.5,12.50,0.00,12.50,461.92,46.21,66.36
2024-10-05,2024-10-01,FC-North,Swiftline,2,2,0,0,0,0.0,3.0,1.5,15.34,0.00,15.34,363.50,95.76,0.00
2024-05-11,2024-05-01,FC-North,Swiftline,3,3,0,0,0,0.0,3.0,3.0,26.99,0.00,26.99,414.61,158.37,0.00
2024-07-12,2024-07-01,FC-South,Metro Post,1,1,0,0,0,0.0,4.0,4.0,3.39,4.99,-1.60,33.94,21.56,0.00
2024-06-26,2024-06-01,FC-South,Metro Post,3,3,0,0,0,0.0,4.0,3.667,22.68,0.00,22.68,1235.98,148.92,0.00
2025-04-11,2025-04-01,FC-North,Metro Post,4,4,0,0,0,0.0,3.25,3.25,33.63,0.00,33.63,1321.66,329.09,0.00
2024-05-12,2024-05-01,FC-Central,Swiftline,1,1,0,0,0,0.0,3.0,3.0,26.27,0.00,26.27,394.41,16.87,0.00
2024-08-27,2024-08-01,FC-Central,Swiftline,3,3,0,0,0,0.0,3.0,2.333,13.68,0.00,13.68,457.82,152.64,0.00
2024-11-04,2024-11-01,FC-North,Metro Post,1,1,0,0,0,0.0,2.0,2.0,6.17,0.00,6.17,521.22,72.51,0.00
2024-07-14,2024-07-01,FC-Central,Metro Post,2,2,0,0,0,0.0,3.0,1.5,9.98,0.00,9.98,253.25,39.86,0.00
2024-05-17,2024-05-01,FC-North,Swiftline,2,2,0,0,0,0.0,3.0,2.0,33.94,0.00,33.94,275.26,62.89,0.00
2024-05-16,2024-05-01,FC-Central,Regional Freight,1,1,0,0,0,0.0,1.0,1.0,2.90,0.00,2.90,56.18,21.86,0.00
2024-06-21,2024-06-01,FC-Central,Metro Post,1,1,0,0,0,0.0,2.0,2.0,11.13,0.00,11.13,174.00,52.36,0.00
2024-05-21,2024-05-01,FC-Central,Metro Post,1,1,0,0,0,0.0,4.0,3.0,3.01,4.99,-1.98,38.97,26.8,0.00
2024-05-28,2024-05-01,FC-Central,Regional Freight,1,1,0,0,0,0.0,3.0,2.0,2.84,0.00,2.84,102.00,58.94,0.00
2024-06-02,2024-06-01,FC-South,Regional Freight,2,2,0,0,0,0.0,2.5,2.0,18.33,0.00,18.33,969.75,57.11,0.00
2024-07-06,2024-07-01,FC-North,Regional Freight,1,1,0,0,0,0.0,1.0,1.0,8.02,0.00,8.02,267.25,111.73,0.00
2024-12-16,2024-12-01,FC-North,Regional Freight,2,2,0,0,0,0.0,4.0,3.5,12.04,0.00,12.04,389.77,178.57,0.00
2025-04-08,2025-04-01,FC-Central,Swiftline,2,2,0,0,0,0.0,2.5,2.0,17.29,0.00,17.29,1254.40,189.0,0.00
2024-09-11,2024-09-01,FC-Central,Swiftline,3,2,1,0,1,0.333,3.667,2.333,35.41,4.99,30.42,666.30,178.94,381.94
2025-01-16,2025-01-01,FC-North,Swiftline,3,3,0,0,0,0.0,3.0,2.667,34.39,0.00,34.39,868.88,353.61,0.00
2024-09-27,2024-09-01,FC-Central,Regional Freight,2,2,0,0,0,0.0,4.0,3.5,8.22,0.00,8.22,763.31,167.07,0.00
2024-09-20,2024-09-01,FC-South,Swiftline,1,1,0,0,0,0.0,5.0,5.0,8.05,0.00,8.05,150.94,58.66,0.00
2025-06-18,2025-06-01,FC-Central,Swiftline,3,3,0,0,0,0.0,3.667,2.333,30.34,4.99,25.35,747.72,126.81,0.00
2024-08-16,2024-08-01,FC-North,Swiftline,3,3,0,0,0,0.0,3.0,2.333,13.54,0.00,13.54,203.33,36.54,0.00
2025-01-12,2025-01-01,FC-North,Metro Post,2,2,0,0,0,0.0,4.5,4.5,10.60,0.00,10.60,317.90,138.63,0.00
2025-02-06,2025-02-01,FC-South,Metro Post,2,2,0,0,0,0.0,3.0,2.0,16.72,0.00,16.72,571.89,180.49,0.00
2024-07-29,2024-07-01,FC-South,Swiftline,2,1,1,0,1,0.5,4.5,4.5,13.98,0.00,13.98,548.59,148.64,105.21
2024-09-10,2024-09-01,FC-North,Swiftline,1,1,0,0,0,0.0,2.0,1.0,17.03,0.00,17.03,637.07,40.8,0.00
2024-07-01,2024-07-01,FC-Central,Metro Post,3,3,0,0,0,0.0,4.0,3.333,21.29,4.99,16.30,1566.36,104.04,0.00
2024-08-25,2024-08-01,FC-North,Regional Freight,2,2,0,0,0,0.0,3.5,3.5,10.88,0.00,10.88,179.23,51.3,0.00
2024-08-04,2024-08-01,FC-South,Swiftline,2,2,0,0,0,0.0,3.5,2.5,29.46,4.99,24.47,297.62,60.07,0.00
2024-09-15,2024-09-01,FC-South,Metro Post,1,1,0,0,0,0.0,3.0,3.0,3.48,0.00,3.48,67.74,19.49,0.00
2024-07-14,2024-07-01,FC-North,Metro Post,1,1,0,0,0,0.0,5.0,5.0,4.47,0.00,4.47,115.71,61.76,0.00
2024-07-18,2024-07-01,FC-South,Swiftline,3,3,0,0,0,0.0,3.0,3.0,25.54,0.00,25.54,1249.69,206.79,0.00
2024-07-15,2024-07-01,FC-Central,Regional Freight,1,1,0,0,0,0.0,2.0,1.0,3.71,0.00,3.71,134.09,25.11,0.00
2025-02-06,2025-02-01,FC-North,Swiftline,1,1,0,0,0,0.0,3.0,3.0,16.15,0.00,16.15,681.14,31.93,0.00
2025-02-14,2025-02-01,FC-South,Regional Freight,3,2,1,1,9,3.0,6.0,5.667,24.98,0.00,24.98,669.74,162.05,192.44
2024-10-01,2024-10-01,FC-South,Regional Freight,5,5,0,0,0,0.0,3.0,2.8,28.10,0.00,28.10,1720.16,247.11,0.00
2024-07-19,2024-07-01,FC-North,Regional Freight,1,1,0,0,0,0.0,3.0,3.0,19.29,0.00,19.29,517.68,138.55,0.00
2025-07-16,2025-07-01,FC-South,Metro Post,3,3,0,0,0,0.0,2.333,2.0,16.86,4.99,11.87,401.49,98.64,0.00
2024-08-23,2024-08-01,FC-South,Swiftline,2,2,0,0,0,0.0,2.5,2.0,17.62,0.00,17.62,451.71,28.61,0.00
2024-12-24,2024-12-01,FC-South,Regional Freight,2,2,0,0,0,0.0,3.5,3.5,4.79,9.98,-5.19,69.91,47.37,0.00
2024-07-25,2024-07-01,FC-South,Metro Post,1,1,0,0,0,0.0,4.0,3.0,8.96,0.00,8.96,327.09,148.24,0.00
2024-07-27,2024-07-01,FC-South,Regional Freight,2,0,2,1,8,4.0,8.0,8.0,5.64,0.00,5.64,168.67,87.62,168.67
2024-09-28,2024-09-01,FC-South,Metro Post,1,1,0,0,0,0.0,2.0,1.0,13.73,0.00,13.73,316.83,86.56,0.00
2024-08-02,2024-08-01,FC-Central,Metro Post,1,1,0,0,0,0.0,4.0,4.0,3.93,0.00,3.93,109.03,8.24,0.00
2024-11-18,2024-11-01,FC-North,Metro Post,1,1,0,0,0,0.0,2.0,2.0,3.63,0.00,3.63,106.34,57.06,0.00
2024-07-31,2024-07-01,FC-Central,Swiftline,1,1,0,0,0,0.0,3.0,3.0,4.02,0.00,4.02,95.89,-4.02,0.00
2025-03-07,2025-03-01,FC-South,Regional Freight,6,5,1,1,9,1.5,4.5,4.0,20.39,0.00,20.39,1373.63,461.44,177.11
2024-08-06,2024-08-01,FC-South,Regional Freight,1,0,1,1,3,3.0,8.0,8.0,4.84,0.00,4.84,209.32,22.93,209.32
2024-10-17,2024-10-01,FC-North,Regional Freight,3,2,1,1,3,1.0,4.333,4.333,44.38,0.00,44.38,1353.18,256.82,310.14
2025-04-13,2025-04-01,FC-Central,Metro Post,3,3,0,0,0,0.0,3.0,2.333,16.53,4.99,11.54,795.90,51.77,0.00
2024-08-17,2024-08-01,FC-South,Regional Freight,2,2,0,0,0,0.0,1.0,1.0,6.24,0.00,6.24,344.28,194.51,0.00
2024-11-23,2024-11-01,FC-Central,Metro Post,3,3,0,0,0,0.0,3.0,2.667,20.35,0.00,20.35,1008.30,212.65,0.00
2024-10-16,2024-10-01,FC-Central,Metro Post,3,3,0,0,0,0.0,3.333,2.667,18.93,0.00,18.93,800.24,353.32,0.00
2024-08-21,2024-08-01,FC-Central,Regional Freight,1,1,0,0,0,0.0,4.0,4.0,3.12,0.00,3.12,227.01,14.63,0.00
2024-08-23,2024-08-01,FC-North,Swiftline,1,1,0,0,0,0.0,4.0,4.0,14.10,0.00,14.10,61.22,-20.83,0.00
2024-10-14,2024-10-01,FC-South,Regional Freight,2,2,0,0,0,0.0,2.5,1.5,43.72,0.00,43.72,1101.17,418.37,0.00
2025-02-10,2025-02-01,FC-South,Regional Freight,6,5,1,1,4,0.667,3.5,3.333,32.56,0.00,32.56,1869.06,674.46,75.06
2024-09-14,2024-09-01,FC-Central,Regional Freight,1,1,0,0,0,0.0,3.0,2.0,2.85,0.00,2.85,54.15,16.22,0.00
2024-08-27,2024-08-01,FC-North,Swiftline,1,1,0,0,0,0.0,1.0,1.0,13.53,0.00,13.53,612.13,247.43,0.00
2024-09-01,2024-09-01,FC-North,Swiftline,1,1,0,0,0,0.0,3.0,2.0,7.73,0.00,7.73,751.27,-44.13,0.00
2025-10-27,2025-10-01,FC-Central,Swiftline,3,3,0,0,0,0.0,2.667,2.667,38.32,0.00,38.32,1379.76,542.57,0.00
2024-09-05,2024-09-01,FC-South,Swiftline,2,2,0,0,0,0.0,2.5,2.0,9.49,0.00,9.49,528.15,274.06,0.00
2024-11-14,2024-11-01,FC-North,Swiftline,3,3,0,0,0,0.0,3.333,2.667,15.34,4.99,10.35,282.51,77.81,0.00
2024-09-13,2024-09-01,FC-South,Regional Freight,1,1,0,0,0,0.0,5.0,5.0,6.42,0.00,6.42,190.96,-17.48,0.00
2025-05-28,2025-05-01,FC-Central,Swiftline,3,3,0,0,0,0.0,3.333,3.0,16.53,0.00,16.53,499.48,202.62,0.00
2024-09-13,2024-09-01,FC-Central,Regional Freight,1,1,0,0,0,0.0,2.0,1.0,3.09,0.00,3.09,169.49,61.54,0.00
2025-07-25,2025-07-01,FC-North,Metro Post,1,1,0,0,0,0.0,4.0,3.0,14.95,0.00,14.95,342.50,113.18,0.00
2026-02-22,2026-02-01,FC-South,Regional Freight,3,3,0,0,0,0.0,2.333,1.667,18.20,0.00,18.20,1161.76,176.28,0.00
2025-08-21,2025-08-01,FC-Central,Regional Freight,2,1,1,0,2,1.0,5.0,4.0,17.42,0.00,17.42,985.39,70.08,197.82
2024-11-30,2024-11-01,FC-South,Swiftline,4,3,1,0,1,0.25,3.5,3.5,67.24,0.00,67.24,1260.63,383.33,103.02
2024-09-18,2024-09-01,FC-South,Metro Post,1,1,0,0,0,0.0,2.0,2.0,12.46,0.00,12.46,412.35,30.8,0.00
2024-09-21,2024-09-01,FC-South,Regional Freight,1,1,0,0,0,0.0,2.0,2.0,3.30,0.00,3.30,86.45,29.92,0.00
2025-05-12,2025-05-01,FC-South,Metro Post,5,3,2,1,8,1.6,5.0,4.0,52.28,0.00,52.28,1808.80,616.81,596.59
2024-09-25,2024-09-01,FC-South,Swiftline,1,1,0,0,0,0.0,3.0,2.0,8.40,0.00,8.40,175.32,8.08,0.00
2025-04-26,2025-04-01,FC-South,Metro Post,2,2,0,0,0,0.0,4.0,3.5,15.58,0.00,15.58,811.57,-32.35,0.00
2024-10-03,2024-10-01,FC-South,Swiftline,2,1,1,1,9,4.5,8.0,7.0,36.33,0.00,36.33,1125.57,253.18,226.76
2025-10-03,2025-10-01,FC-South,Swiftline,3,3,0,0,0,0.0,3.0,2.333,13.08,4.99,8.09,445.05,261.15,0.00
2024-11-09,2024-11-01,FC-South,Swiftline,2,1,1,0,1,0.5,3.0,2.5,21.72,0.00,21.72,1650.97,603.37,1242.72
2025-01-19,2025-01-01,FC-South,Metro Post,1,1,0,0,0,0.0,3.0,3.0,3.44,4.99,-1.55,40.68,23.09,0.00
2025-01-15,2025-01-01,FC-North,Metro Post,2,2,0,0,0,0.0,3.0,2.5,10.83,0.00,10.83,292.63,99.62,0.00
2025-08-18,2025-08-01,FC-Central,Swiftline,3,3,0,0,0,0.0,2.333,1.333,31.15,0.00,31.15,1090.32,312.5,0.00
2025-03-10,2025-03-01,FC-North,Metro Post,3,3,0,0,0,0.0,2.667,2.333,27.20,0.00,27.20,1286.20,138.69,0.00
2025-02-12,2025-02-01,FC-South,Regional Freight,6,4,2,1,11,1.833,5.167,4.5,33.56,0.00,33.56,2541.37,216.0,114.39
2024-10-27,2024-10-01,FC-South,Swiftline,1,1,0,0,0,0.0,4.0,4.0,5.06,0.00,5.06,282.32,174.14,0.00
2025-02-12,2025-02-01,FC-Central,Metro Post,1,0,1,0,2,2.0,7.0,7.0,4.58,0.00,4.58,137.70,1.98,137.70
2025-01-22,2025-01-01,FC-North,Metro Post,2,2,0,0,0,0.0,4.0,4.0,8.59,4.99,3.60,229.73,103.57,0.00
2025-04-06,2025-04-01,FC-South,Regional Freight,4,3,1,0,2,0.5,3.75,3.0,24.08,0.00,24.08,1088.03,221.42,203.17
2025-01-21,2025-01-01,FC-South,Metro Post,4,3,1,0,2,0.5,4.25,4.25,25.54,4.99,20.55,424.10,156.15,53.02
2025-02-16,2025-02-01,FC-North,Regional Freight,2,2,0,0,0,0.0,4.0,3.5,11.24,0.00,11.24,326.48,83.39,0.00
2024-11-07,2024-11-01,FC-Central,Metro Post,2,2,0,0,0,0.0,2.0,2.0,12.78,0.00,12.78,650.70,9.32,0.00
2024-11-05,2024-11-01,FC-North,Metro Post,2,1,1,1,6,3.0,6.5,5.5,18.85,0.00,18.85,427.50,127.27,70.98
2024-11-08,2024-11-01,FC-South,Swiftline,2,2,0,0,0,0.0,2.5,2.0,13.96,0.00,13.96,820.19,289.92,0.00
2025-04-03,2025-04-01,FC-South,Metro Post,2,2,0,0,0,0.0,2.5,2.0,12.35,4.99,7.36,192.95,-73.7,0.00
2024-11-08,2024-11-01,FC-Central,Metro Post,1,1,0,0,0,0.0,3.0,3.0,5.35,0.00,5.35,405.50,148.95,0.00
2025-11-11,2025-11-01,FC-South,Regional Freight,5,2,3,2,8,1.6,4.6,4.2,27.44,0.00,27.44,1458.42,155.98,1060.14
2025-01-14,2025-01-01,FC-Central,Metro Post,1,0,1,1,3,3.0,8.0,8.0,4.30,0.00,4.30,199.31,122.14,199.31
2024-11-15,2024-11-01,FC-South,Regional Freight,4,2,2,0,3,0.75,4.75,4.25,11.27,4.99,6.28,487.76,162.15,323.05
2025-02-25,2025-02-01,FC-Central,Metro Post,1,1,0,0,0,0.0,3.0,3.0,12.47,0.00,12.47,303.70,126.4,0.00
2025-03-30,2025-03-01,FC-South,Metro Post,3,3,0,0,0,0.0,3.333,3.0,22.66,0.00,22.66,1221.45,198.45,0.00
2025-04-02,2025-04-01,FC-North,Swiftline,2,2,0,0,0,0.0,3.0,2.0,20.67,0.00,20.67,666.65,123.23,0.00
2025-03-22,2025-03-01,FC-North,Swiftline,2,2,0,0,0,0.0,2.0,2.0,21.00,0.00,21.00,622.15,224.74,0.00
2024-12-02,2024-12-01,FC-Central,Regional Freight,2,2,0,0,0,0.0,3.0,3.0,5.54,0.00,5.54,276.43,149.99,0.00
2025-08-04,2025-08-01,FC-Central,Metro Post,5,4,1,1,6,1.2,4.4,3.8,41.05,9.98,31.07,875.75,115.97,27.43
2024-12-03,2024-12-01,FC-North,Regional Freight,2,1,1,0,2,1.0,5.0,4.5,14.65,0.00,14.65,493.59,130.9,61.46
2025-07-12,2025-07-01,FC-South,Metro Post,2,2,0,0,0,0.0,2.0,2.0,23.90,0.00,23.90,1386.64,-53.98,0.00
2025-02-20,2025-02-01,FC-Central,Swiftline,2,2,0,0,0,0.0,3.5,2.5,26.29,4.99,21.30,788.17,-235.2,0.00
2024-12-20,2024-12-01,FC-Central,Swiftline,2,2,0,0,0,0.0,3.0,3.0,40.36,0.00,40.36,413.60,-62.43,0.00
2025-07-09,2025-07-01,FC-South,Swiftline,1,1,0,0,0,0.0,3.0,2.0,11.25,0.00,11.25,396.09,-59.93,0.00
2024-12-15,2024-12-01,FC-Central,Regional Freight,2,2,0,0,0,0.0,2.0,2.0,6.79,0.00,6.79,524.12,148.63,0.00
2025-05-25,2025-05-01,FC-North,Swiftline,3,3,0,0,0,0.0,3.333,3.333,48.57,0.00,48.57,1190.31,349.95,0.00
2025-11-09,2025-11-01,FC-South,Regional Freight,6,5,1,0,1,0.167,3.5,2.833,43.22,0.00,43.22,2687.91,525.04,1177.70
2024-12-22,2024-12-01,FC-South,Regional Freight,6,6,0,0,0,0.0,2.833,2.667,39.18,4.99,34.19,1564.02,317.79,0.00
2025-01-30,2025-01-01,FC-Central,Regional Freight,1,1,0,0,0,0.0,3.0,3.0,2.62,0.00,2.62,49.85,29.49,0.00
2024-12-24,2024-12-01,FC-Central,Swiftline,5,4,1,0,1,0.2,3.2,3.0,36.23,9.98,26.25,448.41,132.85,47.86
2025-03-27,2025-03-01,FC-North,Metro Post,1,1,0,0,0,0.0,2.0,2.0,2.95,0.00,2.95,57.14,32.29,0.00
2024-12-26,2024-12-01,FC-Central,Metro Post,2,2,0,0,0,0.0,2.5,2.5,9.34,0.00,9.34,284.06,-92.98,0.00
2025-09-21,2025-09-01,FC-South,Metro Post,2,2,0,0,0,0.0,3.0,3.0,9.35,0.00,9.35,387.53,-27.06,0.00
2025-03-12,2025-03-01,FC-South,Regional Freight,4,1,3,3,16,4.0,7.0,6.5,25.57,0.00,25.57,1077.21,152.81,883.12
2025-04-14,2025-04-01,FC-North,Swiftline,2,2,0,0,0,0.0,3.0,2.5,7.96,4.99,2.97,84.39,51.38,0.00
2025-06-17,2025-06-01,FC-North,Regional Freight,3,2,1,1,6,2.0,4.333,4.0,17.51,0.00,17.51,818.01,134.1,58.95
2025-07-07,2025-07-01,FC-South,Swiftline,2,2,0,0,0,0.0,3.5,3.5,27.81,0.00,27.81,1718.37,195.7,0.00
2024-12-25,2024-12-01,FC-North,Metro Post,1,1,0,0,0,0.0,4.0,3.0,7.03,0.00,7.03,189.90,77.72,0.00
2025-09-27,2025-09-01,FC-South,Regional Freight,2,2,0,0,0,0.0,4.0,4.0,14.57,0.00,14.57,916.29,271.07,0.00
2025-07-23,2025-07-01,FC-North,Swiftline,2,2,0,0,0,0.0,2.0,1.5,22.87,4.99,17.88,341.44,131.01,0.00
2025-04-07,2025-04-01,FC-South,Metro Post,2,1,1,1,4,2.0,5.0,5.0,7.54,4.99,2.55,203.18,97.53,163.82
2025-02-21,2025-02-01,FC-South,Regional Freight,3,3,0,0,0,0.0,3.333,3.333,26.71,0.00,26.71,1307.63,347.19,0.00
2025-06-04,2025-06-01,FC-North,Swiftline,3,3,0,0,0,0.0,3.333,2.667,28.08,0.00,28.08,437.11,44.18,0.00
2025-03-10,2025-03-01,FC-Central,Swiftline,2,2,0,0,0,0.0,5.0,4.0,22.31,0.00,22.31,521.88,168.66,0.00
2025-05-07,2025-05-01,FC-Central,Metro Post,1,1,0,0,0,0.0,4.0,4.0,3.79,0.00,3.79,394.67,-280.84,0.00
2025-01-05,2025-01-01,FC-North,Metro Post,1,1,0,0,0,0.0,2.0,1.0,10.34,0.00,10.34,515.74,-29.62,0.00
2025-01-10,2025-01-01,FC-South,Swiftline,2,2,0,0,0,0.0,2.0,1.5,11.05,0.00,11.05,302.35,-0.82,0.00
2026-05-22,2026-05-01,FC-South,Regional Freight,6,4,2,0,4,0.667,3.167,3.0,45.35,4.99,40.36,1718.23,441.34,540.87
2025-01-24,2025-01-01,FC-South,Metro Post,1,1,0,0,0,0.0,1.0,1.0,9.31,0.00,9.31,485.01,93.82,0.00
2025-06-10,2025-06-01,FC-North,Swiftline,3,3,0,0,0,0.0,4.333,3.667,28.68,0.00,28.68,1286.10,249.73,0.00
2025-01-27,2025-01-01,FC-South,Swiftline,1,1,0,0,0,0.0,3.0,1.0,4.41,0.00,4.41,125.94,-4.41,0.00
2025-06-09,2025-06-01,FC-North,Swiftline,3,3,0,0,0,0.0,3.333,2.333,71.74,0.00,71.74,1355.84,223.94,0.00
2025-09-22,2025-09-01,FC-North,Regional Freight,2,2,0,0,0,0.0,2.5,2.5,5.26,0.00,5.26,188.91,104.79,0.00
2026-04-12,2026-04-01,FC-North,Swiftline,4,4,0,0,0,0.0,2.75,2.25,30.03,0.00,30.03,714.27,133.13,0.00
2026-02-24,2026-02-01,FC-South,Regional Freight,2,2,0,0,0,0.0,2.5,2.5,11.89,0.00,11.89,495.47,239.21,0.00
2025-11-08,2025-11-01,FC-Central,Regional Freight,2,0,2,1,5,2.5,6.0,5.0,9.87,4.99,4.88,184.33,5.81,184.33
2025-03-14,2025-03-01,FC-Central,Swiftline,2,1,1,0,1,0.5,5.0,4.0,12.04,0.00,12.04,496.18,123.45,61.46
2025-02-27,2025-02-01,FC-North,Metro Post,1,1,0,0,0,0.0,2.0,2.0,4.02,0.00,4.02,157.35,61.2,0.00
2025-07-03,2025-07-01,FC-South,Regional Freight,3,3,0,0,0,0.0,2.667,1.667,8.83,0.00,8.83,334.97,112.1,0.00
2025-02-27,2025-02-01,FC-Central,Regional Freight,1,1,0,0,0,0.0,3.0,2.0,8.52,0.00,8.52,391.44,193.14,0.00
2025-02-26,2025-02-01,FC-North,Metro Post,2,2,0,0,0,0.0,1.5,1.5,16.79,0.00,16.79,669.15,227.36,0.00
2025-03-02,2025-03-01,FC-South,Swiftline,1,1,0,0,0,0.0,4.0,4.0,8.73,0.00,8.73,189.90,76.02,0.00
2025-12-05,2025-12-01,FC-North,Regional Freight,1,1,0,0,0,0.0,2.0,1.0,2.47,4.99,-2.52,31.38,2.52,0.00
2025-07-13,2025-07-01,FC-South,Swiftline,3,3,0,0,0,0.0,3.0,2.667,23.17,0.00,23.17,405.92,112.48,0.00
2025-08-23,2025-08-01,FC-North,Metro Post,1,1,0,0,0,0.0,3.0,3.0,8.86,4.99,3.87,29.59,7.51,0.00
2025-03-20,2025-03-01,FC-Central,Swiftline,2,2,0,0,0,0.0,2.5,1.5,11.45,0.00,11.45,274.99,99.55,0.00
2025-06-19,2025-06-01,FC-Central,Metro Post,1,1,0,0,0,0.0,3.0,2.0,3.81,0.00,3.81,129.93,56.08,0.00
2025-09-13,2025-09-01,FC-South,Metro Post,6,5,1,0,1,0.167,3.667,3.333,35.04,4.99,30.05,1891.43,546.02,357.27
2025-04-05,2025-04-01,FC-South,Metro Post,4,2,2,0,3,0.75,3.0,2.75,18.67,0.00,18.67,608.04,288.34,238.64
2025-08-31,2025-08-01,FC-North,Swiftline,4,3,1,0,1,0.25,3.25,2.25,31.46,4.99,26.47,874.86,285.17,155.33
2025-03-28,2025-03-01,FC-Central,Regional Freight,3,3,0,0,0,0.0,2.0,2.0,11.57,0.00,11.57,559.13,232.36,0.00
2025-12-02,2025-12-01,FC-South,Regional Freight,9,6,3,0,3,0.333,3.667,3.222,41.29,4.99,36.30,2140.84,467.96,554.20
2025-04-01,2025-04-01,FC-North,Swiftline,2,2,0,0,0,0.0,3.0,3.0,24.20,0.00,24.20,996.64,292.05,0.00
2025-08-20,2025-08-01,FC-Central,Metro Post,2,2,0,0,0,0.0,2.0,2.0,14.77,4.99,9.78,337.29,106.04,0.00
2025-12-14,2025-12-01,FC-South,Metro Post,4,4,0,0,0,0.0,3.5,3.0,43.95,0.00,43.95,1684.79,551.86,0.00
2025-07-03,2025-07-01,FC-North,Swiftline,3,3,0,0,0,0.0,2.0,1.667,33.34,0.00,33.34,515.91,72.55,0.00
2025-04-16,2025-04-01,FC-Central,Swiftline,3,3,0,0,0,0.0,4.0,2.667,23.75,0.00,23.75,744.36,-36.99,0.00
2025-10-31,2025-10-01,FC-North,Regional Freight,1,1,0,0,0,0.0,3.0,2.0,2.44,0.00,2.44,45.89,24.55,0.00
2025-04-16,2025-04-01,FC-South,Swiftline,1,1,0,0,0,0.0,4.0,3.0,7.48,0.00,7.48,139.21,71.94,0.00
2025-04-18,2025-04-01,FC-Central,Regional Freight,1,1,0,0,0,0.0,3.0,3.0,4.21,0.00,4.21,67.86,27.61,0.00
2025-09-20,2025-09-01,FC-Central,Metro Post,1,1,0,0,0,0.0,3.0,3.0,3.16,0.00,3.16,87.12,46.68,0.00
2025-12-02,2025-12-01,FC-Central,Regional Freight,2,2,0,0,0,0.0,3.5,2.5,5.62,0.00,5.62,305.98,137.78,0.00
2025-12-08,2025-12-01,FC-Central,Swiftline,3,3,0,0,0,0.0,3.0,2.0,38.97,4.99,33.98,1955.11,358.05,0.00
2025-11-16,2025-11-01,FC-South,Regional Freight,3,1,2,2,12,4.0,7.667,7.667,21.13,0.00,21.13,663.84,188.74,403.23
2025-04-30,2025-04-01,FC-South,Swiftline,1,1,0,0,0,0.0,3.0,3.0,15.00,0.00,15.00,342.09,84.71,0.00
2025-08-20,2025-08-01,FC-South,Metro Post,2,2,0,0,0,0.0,4.0,3.5,23.47,0.00,23.47,1528.58,-70.13,0.00
2025-06-24,2025-06-01,FC-North,Regional Freight,1,0,1,0,1,1.0,4.0,4.0,2.71,0.00,2.71,49.77,23.76,49.77
2025-05-04,2025-05-01,FC-North,Metro Post,1,1,0,0,0,0.0,1.0,1.0,3.88,4.99,-1.11,44.28,1.11,0.00
2026-04-17,2026-04-01,FC-Central,Swiftline,3,3,0,0,0,0.0,3.333,2.667,25.16,0.00,25.16,1377.40,373.6,0.00
2025-05-09,2025-05-01,FC-North,Regional Freight,1,1,0,0,0,0.0,3.0,2.0,5.38,0.00,5.38,135.84,46.11,0.00
2025-06-20,2025-06-01,FC-Central,Swiftline,2,2,0,0,0,0.0,4.5,4.0,37.05,0.00,37.05,949.76,128.29,0.00
2025-12-15,2025-12-01,FC-Central,Swiftline,1,1,0,0,0,0.0,3.0,3.0,3.96,4.99,-1.03,43.36,23.26,0.00
2025-05-17,2025-05-01,FC-North,Swiftline,3,3,0,0,0,0.0,4.0,3.667,18.02,0.00,18.02,612.93,256.14,0.00
2025-07-07,2025-07-01,FC-North,Swiftline,1,0,1,1,9,9.0,11.0,9.0,34.61,0.00,34.61,539.93,101.42,539.93
2025-07-19,2025-07-01,FC-South,Regional Freight,2,1,1,0,1,0.5,3.5,3.5,9.68,4.99,4.69,137.34,69.25,107.75
2026-04-10,2026-04-01,FC-North,Metro Post,1,1,0,0,0,0.0,4.0,4.0,8.86,4.99,3.87,29.59,7.51,0.00
2025-05-25,2025-05-01,FC-South,Metro Post,2,2,0,0,0,0.0,2.0,2.0,11.90,0.00,11.90,587.96,165.6,0.00
2025-05-27,2025-05-01,FC-North,Swiftline,2,2,0,0,0,0.0,3.5,2.5,17.25,0.00,17.25,234.23,32.24,0.00
2025-05-26,2025-05-01,FC-Central,Regional Freight,3,3,0,0,0,0.0,3.0,2.667,12.51,0.00,12.51,1338.04,340.93,0.00
2026-03-22,2026-03-01,FC-North,Metro Post,1,1,0,0,0,0.0,3.0,3.0,8.38,0.00,8.38,485.27,172.3,0.00
2026-05-09,2026-05-01,FC-Central,Swiftline,3,3,0,0,0,0.0,3.667,3.333,25.30,0.00,25.30,1655.20,252.01,0.00
2025-09-05,2025-09-01,FC-Central,Swiftline,2,2,0,0,0,0.0,4.0,3.5,15.88,0.00,15.88,128.30,49.67,0.00
2025-08-29,2025-08-01,FC-Central,Regional Freight,2,2,0,0,0,0.0,3.5,2.0,7.59,0.00,7.59,555.13,130.06,0.00
2025-10-02,2025-10-01,FC-North,Swiftline,2,2,0,0,0,0.0,3.0,2.0,12.04,0.00,12.04,787.79,74.95,0.00
2025-08-10,2025-08-01,FC-South,Metro Post,1,1,0,0,0,0.0,1.0,1.0,27.20,0.00,27.20,150.95,37.22,0.00
2026-01-12,2026-01-01,FC-North,Metro Post,1,1,0,0,0,0.0,3.0,3.0,4.16,0.00,4.16,313.61,130.45,0.00
2025-06-22,2025-06-01,FC-South,Swiftline,1,1,0,0,0,0.0,5.0,5.0,4.08,4.99,-0.91,31.13,18.72,0.00
2025-06-23,2025-06-01,FC-North,Metro Post,2,2,0,0,0,0.0,3.5,3.0,29.70,0.00,29.70,987.80,239.76,0.00
2025-12-04,2025-12-01,FC-North,Swiftline,4,3,1,1,3,0.75,3.5,3.25,30.99,0.00,30.99,1405.99,223.92,204.14
2025-06-24,2025-06-01,FC-Central,Metro Post,1,0,1,0,2,2.0,7.0,7.0,14.27,0.00,14.27,794.76,-162.39,794.76
2025-06-27,2025-06-01,FC-South,Swiftline,1,1,0,0,0,0.0,5.0,5.0,10.19,0.00,10.19,235.91,92.71,0.00
2025-07-04,2025-07-01,FC-North,Metro Post,1,1,0,0,0,0.0,2.0,2.0,3.10,0.00,3.10,113.30,69.23,0.00
2025-09-28,2025-09-01,FC-Central,Regional Freight,1,1,0,0,0,0.0,4.0,4.0,3.62,4.99,-1.37,30.91,12.91,0.00
2026-05-26,2026-05-01,FC-South,Regional Freight,7,4,3,2,7,1.0,3.286,3.143,50.89,4.99,45.90,1587.77,449.98,408.35
2025-09-16,2025-09-01,FC-South,Metro Post,4,3,1,1,6,1.5,4.5,4.0,71.17,0.00,71.17,1442.28,327.0,343.35
2026-05-06,2026-05-01,FC-Central,Regional Freight,1,1,0,0,0,0.0,4.0,4.0,3.41,0.00,3.41,121.22,55.24,0.00
2026-06-27,2026-06-01,FC-South,Regional Freight,1,0,1,0,1,1.0,6.0,6.0,3.53,0.00,3.53,98.17,29.8,98.17
2025-08-19,2025-08-01,FC-Central,Swiftline,2,2,0,0,0,0.0,2.0,1.5,19.03,0.00,19.03,796.78,206.92,0.00
2025-12-09,2025-12-01,FC-Central,Regional Freight,1,0,1,0,2,2.0,4.0,4.0,5.28,4.99,0.29,26.40,10.94,26.40
2026-01-07,2026-01-01,FC-South,Regional Freight,2,2,0,0,0,0.0,2.0,2.0,13.61,0.00,13.61,1166.33,131.09,0.00
2025-09-21,2025-09-01,FC-Central,Swiftline,2,2,0,0,0,0.0,2.5,2.0,16.46,0.00,16.46,93.83,12.45,0.00
2026-02-14,2026-02-01,FC-North,Swiftline,1,1,0,0,0,0.0,2.0,2.0,9.22,4.99,4.23,33.23,-4.23,0.00
2025-07-31,2025-07-01,FC-South,Swiftline,1,1,0,0,0,0.0,4.0,4.0,4.91,4.99,-0.08,40.62,21.55,0.00
2025-07-30,2025-07-01,FC-South,Metro Post,1,1,0,0,0,0.0,2.0,2.0,4.69,0.00,4.69,426.45,218.77,0.00
2025-07-31,2025-07-01,FC-Central,Metro Post,1,1,0,0,0,0.0,3.0,1.0,7.55,0.00,7.55,340.18,90.47,0.00
2025-07-31,2025-07-01,FC-North,Regional Freight,1,1,0,0,0,0.0,3.0,3.0,2.51,0.00,2.51,66.51,39.36,0.00
2025-08-02,2025-08-01,FC-Central,Regional Freight,1,0,1,0,1,1.0,5.0,5.0,2.38,4.99,-2.61,38.54,26.74,38.54
2025-09-27,2025-09-01,FC-Central,Regional Freight,2,2,0,0,0,0.0,3.5,2.0,10.55,0.00,10.55,165.57,63.93,0.00
2025-08-08,2025-08-01,FC-South,Metro Post,1,1,0,0,0,0.0,4.0,4.0,17.66,0.00,17.66,952.28,139.88,0.00
2025-08-09,2025-08-01,FC-North,Metro Post,1,0,1,0,1,1.0,3.0,2.0,6.75,0.00,6.75,175.32,9.73,175.32
2025-08-08,2025-08-01,FC-North,Regional Freight,1,1,0,0,0,0.0,5.0,5.0,3.63,0.00,3.63,107.23,30.13,0.00
2026-01-16,2026-01-01,FC-South,Regional Freight,4,4,0,0,0,0.0,2.5,1.5,17.75,4.99,12.76,1086.19,299.56,0.00
2026-02-09,2026-02-01,FC-North,Metro Post,7,6,1,0,2,0.286,2.714,2.143,43.25,0.00,43.25,1528.80,290.12,259.64
2025-08-13,2025-08-01,FC-North,Regional Freight,1,0,1,1,6,6.0,8.0,8.0,4.23,0.00,4.23,116.77,34.0,116.77
2025-12-05,2025-12-01,FC-South,Regional Freight,4,3,1,0,2,0.5,3.75,3.75,12.84,0.00,12.84,711.60,222.25,63.36
2026-06-19,2026-06-01,FC-South,Metro Post,2,2,0,0,0,0.0,4.0,4.0,10.92,0.00,10.92,184.03,34.57,0.00
2025-08-23,2025-08-01,FC-South,Swiftline,1,0,1,0,1,1.0,6.0,5.0,7.84,0.00,7.84,245.75,110.23,245.75
2026-06-17,2026-06-01,FC-South,Regional Freight,1,0,1,1,6,6.0,8.0,8.0,3.60,0.00,3.60,259.36,65.3,259.36
2026-03-13,2026-03-01,FC-South,Metro Post,4,4,0,0,0,0.0,3.5,2.5,17.13,0.00,17.13,1133.18,414.29,0.00
2025-08-27,2025-08-01,FC-Central,Regional Freight,1,1,0,0,0,0.0,5.0,4.0,7.07,0.00,7.07,519.01,141.97,0.00
2026-01-10,2026-01-01,FC-South,Swiftline,1,1,0,0,0,0.0,3.0,3.0,7.30,0.00,7.30,477.87,92.0,0.00
2025-11-27,2025-11-01,FC-South,Regional Freight,5,2,3,1,7,1.4,5.0,5.0,27.67,4.99,22.68,1511.43,241.84,1066.25
2025-10-19,2025-10-01,FC-North,Regional Freight,1,1,0,0,0,0.0,4.0,4.0,7.85,0.00,7.85,267.13,34.52,0.00
2025-09-19,2025-09-01,FC-Central,Metro Post,1,1,0,0,0,0.0,3.0,3.0,3.02,4.99,-1.97,44.67,28.77,0.00
2025-11-10,2025-11-01,FC-South,Swiftline,2,1,1,0,2,1.0,4.5,4.0,17.89,0.00,17.89,197.87,-35.9,143.23
2025-11-20,2025-11-01,FC-South,Regional Freight,6,3,3,2,12,2.0,5.167,4.167,40.37,4.99,35.38,1478.00,157.91,324.23
2026-03-29,2026-03-01,FC-North,Swiftline,3,3,0,0,0,0.0,2.667,2.667,19.68,0.00,19.68,576.47,96.45,0.00
2025-09-06,2025-09-01,FC-Central,Regional Freight,1,1,0,0,0,0.0,2.0,2.0,2.46,0.00,2.46,112.24,12.21,0.00
2025-12-26,2025-12-01,FC-Central,Swiftline,3,2,1,0,2,0.667,4.0,4.0,29.71,0.00,29.71,634.17,212.63,266.54
2026-04-19,2026-04-01,FC-North,Swiftline,5,5,0,0,0,0.0,2.6,2.4,32.10,4.99,27.11,580.74,103.44,0.00
2026-01-06,2026-01-01,FC-Central,Swiftline,2,2,0,0,0,0.0,3.0,2.5,24.69,0.00,24.69,571.41,171.14,0.00
2025-11-24,2025-11-01,FC-Central,Metro Post,1,1,0,0,0,0.0,4.0,4.0,9.53,0.00,9.53,384.77,66.26,0.00
2026-05-08,2026-05-01,FC-Central,Swiftline,1,0,1,0,1,1.0,3.0,3.0,16.06,0.00,16.06,439.51,-66.67,439.51
2025-11-07,2025-11-01,FC-South,Metro Post,3,3,0,0,0,0.0,4.0,3.667,25.18,0.00,25.18,1165.24,309.92,0.00
2026-01-06,2026-01-01,FC-North,Metro Post,3,3,0,0,0,0.0,3.0,2.667,18.11,0.00,18.11,2069.06,331.35,0.00
2025-09-23,2025-09-01,FC-Central,Regional Freight,1,1,0,0,0,0.0,3.0,3.0,2.71,0.00,2.71,49.77,23.76,0.00
2025-09-30,2025-09-01,FC-South,Metro Post,1,1,0,0,0,0.0,4.0,3.0,3.04,0.00,3.04,114.05,63.79,0.00
2026-05-13,2026-05-01,FC-Central,Metro Post,3,2,1,1,4,1.333,3.0,3.0,33.51,0.00,33.51,1061.14,321.93,213.23
2026-01-19,2026-01-01,FC-Central,Swiftline,6,5,1,0,2,0.333,3.0,3.0,62.41,0.00,62.41,2013.87,241.27,283.36
2025-12-11,2025-12-01,FC-South,Metro Post,4,3,1,1,6,1.5,4.5,4.25,12.99,4.99,8.00,449.15,196.74,12.21
2025-12-25,2025-12-01,FC-North,Metro Post,2,2,0,0,0,0.0,3.0,3.0,12.63,0.00,12.63,602.46,105.69,0.00
2026-04-10,2026-04-01,FC-Central,Regional Freight,1,1,0,0,0,0.0,4.0,4.0,3.11,0.00,3.11,63.08,21.69,0.00
2026-01-02,2026-01-01,FC-North,Swiftline,1,1,0,0,0,0.0,3.0,2.0,4.53,0.00,4.53,94.68,36.26,0.00
2025-10-14,2025-10-01,FC-South,Metro Post,1,1,0,0,0,0.0,2.0,1.0,4.61,4.99,-0.38,43.01,12.66,0.00
2025-10-15,2025-10-01,FC-South,Swiftline,1,1,0,0,0,0.0,2.0,1.0,9.22,4.99,4.23,27.98,0.97,0.00
2026-03-18,2026-03-01,FC-Central,Swiftline,1,0,1,0,1,1.0,6.0,6.0,6.58,0.00,6.58,315.83,148.17,315.83
2025-11-30,2025-11-01,FC-Central,Swiftline,4,3,1,0,1,0.25,3.75,3.5,34.00,0.00,34.00,1211.49,360.23,228.77
2026-03-07,2026-03-01,FC-South,Metro Post,1,1,0,0,0,0.0,4.0,3.0,3.10,4.99,-1.89,21.40,11.55,0.00
2025-10-22,2025-10-01,FC-Central,Metro Post,1,1,0,0,0,0.0,4.0,4.0,3.40,4.99,-1.59,28.00,16.71,0.00
2026-04-16,2026-04-01,FC-Central,Regional Freight,1,1,0,0,0,0.0,1.0,1.0,3.22,0.00,3.22,309.96,-141.77,0.00
2026-02-28,2026-02-01,FC-North,Swiftline,2,2,0,0,0,0.0,2.5,2.0,20.80,4.99,15.81,499.25,190.0,0.00
2025-11-06,2025-11-01,FC-South,Swiftline,2,0,2,1,6,3.0,5.5,5.5,8.12,0.00,8.12,107.85,19.55,107.85
2026-03-24,2026-03-01,FC-Central,Swiftline,3,3,0,0,0,0.0,3.0,2.667,35.44,0.00,35.44,1648.56,33.78,0.00
2025-12-16,2025-12-01,FC-South,Metro Post,5,3,2,2,13,2.6,5.4,5.0,31.76,0.00,31.76,1172.27,409.01,276.09
2026-05-11,2026-05-01,FC-North,Metro Post,3,3,0,0,0,0.0,3.333,2.333,28.81,0.00,28.81,945.16,251.09,0.00
2025-12-06,2025-12-01,FC-Central,Regional Freight,2,1,1,0,2,1.0,3.5,3.0,11.68,0.00,11.68,634.14,230.35,461.22
2026-05-21,2026-05-01,FC-Central,Metro Post,3,3,0,0,0,0.0,2.667,2.333,24.24,0.00,24.24,2794.13,316.5,0.00
2026-05-05,2026-05-01,FC-Central,Metro Post,3,3,0,0,0,0.0,2.333,2.0,12.90,0.00,12.90,272.78,79.95,0.00
2026-01-21,2026-01-01,FC-North,Metro Post,2,2,0,0,0,0.0,2.5,2.5,20.21,0.00,20.21,837.08,-3.64,0.00
2026-01-04,2026-01-01,FC-North,Swiftline,2,2,0,0,0,0.0,2.0,1.5,16.95,4.99,11.96,613.60,159.98,0.00
2026-04-26,2026-04-01,FC-Central,Metro Post,2,2,0,0,0,0.0,4.0,3.5,23.43,0.00,23.43,1789.55,411.09,0.00
2025-12-23,2025-12-01,FC-North,Swiftline,3,2,1,1,4,1.333,3.333,3.0,47.36,0.00,47.36,1635.50,182.96,248.39
2026-03-20,2026-03-01,FC-South,Swiftline,3,3,0,0,0,0.0,2.333,2.333,16.10,0.00,16.10,365.12,108.49,0.00
2026-02-23,2026-02-01,FC-South,Metro Post,4,4,0,0,0,0.0,3.5,3.25,14.62,0.00,14.62,314.64,85.09,0.00
2026-04-01,2026-04-01,FC-Central,Metro Post,2,2,0,0,0,0.0,3.0,2.0,10.00,0.00,10.00,385.96,86.32,0.00
2026-06-10,2026-06-01,FC-South,Regional Freight,3,2,1,0,1,0.333,4.333,4.0,18.18,0.00,18.18,801.53,193.17,164.71
2026-02-07,2026-02-01,FC-North,Metro Post,1,1,0,0,0,0.0,3.0,3.0,10.36,0.00,10.36,59.43,8.91,0.00
2026-04-04,2026-04-01,FC-Central,Regional Freight,3,3,0,0,0,0.0,4.0,3.667,20.23,0.00,20.23,1054.16,282.45,0.00
2025-12-19,2025-12-01,FC-South,Regional Freight,2,2,0,0,0,0.0,2.5,2.5,14.72,0.00,14.72,1226.90,219.79,0.00
2026-04-20,2026-04-01,FC-South,Regional Freight,3,2,1,1,3,1.0,5.0,4.667,17.11,0.00,17.11,830.66,334.33,118.66
2026-01-17,2026-01-01,FC-Central,Regional Freight,2,2,0,0,0,0.0,3.0,3.0,4.85,0.00,4.85,246.85,69.33,0.00
2025-12-18,2025-12-01,FC-North,Swiftline,3,3,0,0,0,0.0,3.333,3.0,16.31,0.00,16.31,581.61,306.08,0.00
2026-02-16,2026-02-01,FC-North,Regional Freight,1,1,0,0,0,0.0,3.0,3.0,2.20,4.99,-2.79,18.13,14.33,0.00
2026-05-19,2026-05-01,FC-North,Swiftline,7,7,0,0,0,0.0,3.0,2.714,77.58,0.00,77.58,2478.27,67.1,0.00
2025-12-21,2025-12-01,FC-North,Regional Freight,1,0,1,0,1,1.0,6.0,4.0,14.66,0.00,14.66,309.89,116.18,309.89
2026-03-01,2026-03-01,FC-Central,Swiftline,4,3,1,0,1,0.25,2.75,2.25,40.31,0.00,40.31,1210.21,238.21,743.99
2026-03-27,2026-03-01,FC-North,Metro Post,2,2,0,0,0,0.0,3.5,3.5,8.08,4.99,3.09,428.05,95.09,0.00
2026-05-27,2026-05-01,FC-South,Metro Post,3,3,0,0,0,0.0,2.667,2.667,11.25,4.99,6.26,246.16,93.6,0.00
2025-12-29,2025-12-01,FC-South,Metro Post,4,3,1,0,2,0.5,3.5,3.5,22.51,0.00,22.51,615.06,96.73,178.45
2026-03-11,2026-03-01,FC-Central,Swiftline,5,4,1,0,1,0.2,3.0,2.2,38.03,0.00,38.03,868.68,152.32,148.72
2026-02-21,2026-02-01,FC-North,Metro Post,2,2,0,0,0,0.0,3.0,2.5,13.51,0.00,13.51,307.04,-41.16,0.00
2026-01-07,2026-01-01,FC-Central,Regional Freight,1,1,0,0,0,0.0,2.0,2.0,15.82,0.00,15.82,284.19,74.64,0.00
2026-03-06,2026-03-01,FC-North,Metro Post,3,3,0,0,0,0.0,2.667,2.667,15.70,0.00,15.70,434.05,191.76,0.00
2026-04-20,2026-04-01,FC-North,Regional Freight,2,1,1,0,1,0.5,3.5,3.0,10.52,4.99,5.53,298.59,47.23,34.46
2026-01-18,2026-01-01,FC-North,Metro Post,2,2,0,0,0,0.0,4.0,3.0,29.30,0.00,29.30,462.07,57.53,0.00
2026-01-19,2026-01-01,FC-North,Metro Post,2,2,0,0,0,0.0,3.0,2.5,20.09,0.00,20.09,837.49,222.92,0.00
2026-06-01,2026-06-01,FC-South,Swiftline,2,2,0,0,0,0.0,3.0,3.0,21.63,0.00,21.63,558.21,-5.28,0.00
2026-03-08,2026-03-01,FC-North,Regional Freight,1,1,0,0,0,0.0,3.0,3.0,10.62,0.00,10.62,391.09,92.28,0.00
2026-01-31,2026-01-01,FC-North,Metro Post,1,1,0,0,0,0.0,2.0,1.0,8.25,0.00,8.25,54.16,14.34,0.00
2026-02-03,2026-02-01,FC-Central,Swiftline,1,1,0,0,0,0.0,5.0,5.0,4.33,0.00,4.33,166.01,31.78,0.00
2026-05-26,2026-05-01,FC-Central,Regional Freight,2,2,0,0,0,0.0,2.0,1.5,10.93,0.00,10.93,488.80,-17.89,0.00
2026-04-09,2026-04-01,FC-Central,Metro Post,1,1,0,0,0,0.0,3.0,3.0,3.04,4.99,-1.95,34.78,20.39,0.00
2026-04-05,2026-04-01,FC-Central,Regional Freight,1,1,0,0,0,0.0,4.0,4.0,2.49,0.00,2.49,126.05,43.35,0.00
2026-03-08,2026-03-01,FC-Central,Regional Freight,3,2,1,0,1,0.333,4.0,3.333,15.81,4.99,10.82,542.49,229.19,390.22
2026-04-20,2026-04-01,FC-Central,Swiftline,1,1,0,0,0,0.0,1.0,1.0,6.76,4.99,1.77,21.76,6.01,0.00
2026-03-01,2026-03-01,FC-North,Swiftline,1,1,0,0,0,0.0,3.0,3.0,8.09,0.00,8.09,231.73,28.57,0.00
2026-05-27,2026-05-01,FC-Central,Regional Freight,2,2,0,0,0,0.0,3.0,3.0,7.41,0.00,7.41,533.66,60.38,0.00
2026-06-13,2026-06-01,FC-South,Regional Freight,1,0,1,1,3,3.0,7.0,7.0,3.73,0.00,3.73,114.52,42.43,114.52
2026-03-11,2026-03-01,FC-South,Regional Freight,3,0,3,1,5,1.667,5.333,5.0,29.72,0.00,29.72,1137.35,251.41,1137.35
2026-03-09,2026-03-01,FC-South,Swiftline,2,2,0,0,0,0.0,4.0,3.5,15.57,4.99,10.58,315.22,151.55,0.00
2026-05-08,2026-05-01,FC-South,Metro Post,1,1,0,0,0,0.0,3.0,3.0,10.54,0.00,10.54,370.95,67.1,0.00
2026-05-05,2026-05-01,FC-South,Swiftline,3,3,0,0,0,0.0,2.333,1.333,15.61,4.99,10.62,424.42,184.31,0.00
2026-03-26,2026-03-01,FC-Central,Metro Post,1,1,0,0,0,0.0,3.0,1.0,4.49,0.00,4.49,117.27,-108.49,0.00
2026-04-01,2026-04-01,FC-South,Regional Freight,1,1,0,0,0,0.0,5.0,5.0,2.31,0.00,2.31,75.06,41.72,0.00
2026-05-20,2026-05-01,FC-South,Swiftline,2,2,0,0,0,0.0,2.5,1.5,11.72,4.99,6.73,291.19,153.18,0.00
2026-04-08,2026-04-01,FC-South,Regional Freight,2,2,0,0,0,0.0,4.5,4.0,9.49,0.00,9.49,1107.05,192.9,0.00
2026-04-13,2026-04-01,FC-North,Metro Post,4,3,1,0,2,0.5,3.25,3.25,28.75,0.00,28.75,1122.84,570.84,249.06
2026-04-15,2026-04-01,FC-North,Metro Post,2,1,1,0,2,1.0,4.0,3.0,9.84,4.99,4.85,915.06,89.25,40.68
2026-04-27,2026-04-01,FC-North,Swiftline,2,2,0,0,0,0.0,3.0,2.5,27.56,4.99,22.57,753.45,-4.59,0.00
2026-05-10,2026-05-01,FC-South,Swiftline,2,1,1,0,2,1.0,6.0,5.5,11.56,0.00,11.56,291.99,77.36,140.41
2026-05-17,2026-05-01,FC-South,Regional Freight,1,1,0,0,0,0.0,2.0,2.0,5.22,0.00,5.22,140.35,47.84,0.00
2026-06-15,2026-06-01,FC-South,Metro Post,1,1,0,0,0,0.0,1.0,1.0,3.42,0.00,3.42,64.55,37.1,0.00
2026-05-16,2026-05-01,FC-North,Regional Freight,1,1,0,0,0,0.0,3.0,1.0,5.38,0.00,5.38,192.98,-55.56,0.00
2026-05-18,2026-05-01,FC-Central,Metro Post,1,1,0,0,0,0.0,2.0,2.0,5.00,0.00,5.00,212.02,30.37,0.00
2026-05-22,2026-05-01,FC-North,Regional Freight,1,1,0,0,0,0.0,4.0,4.0,2.31,0.00,2.31,72.73,43.85,0.00
2026-05-24,2026-05-01,FC-North,Swiftline,3,3,0,0,0,0.0,3.667,3.333,30.63,0.00,30.63,642.76,188.6,0.00
2026-05-30,2026-05-01,FC-North,Swiftline,1,1,0,0,0,0.0,2.0,1.0,5.38,0.00,5.38,206.29,121.6,0.00
2026-05-29,2026-05-01,FC-South,Regional Freight,2,0,2,2,12,6.0,9.5,9.0,8.93,0.00,8.93,413.77,-44.46,413.77
2024-01-18,2024-01-01,FC-South,Metro Post,3,3,0,0,0,0.0,3.0,2.667,33.60,0.00,33.60,1053.36,292.04,0.00
2024-01-04,2024-01-01,FC-South,Regional Freight,1,0,1,1,4,4.0,8.0,8.0,9.83,0.00,9.83,436.16,63.63,436.16
2024-03-02,2024-03-01,FC-North,Swiftline,3,3,0,0,0,0.0,2.667,1.667,27.15,0.00,27.15,1250.87,312.03,0.00
2024-03-26,2024-03-01,FC-Central,Metro Post,1,1,0,0,0,0.0,2.0,2.0,10.17,0.00,10.17,605.77,119.57,0.00
2024-09-07,2024-09-01,FC-North,Metro Post,2,2,0,0,0,0.0,2.0,1.5,15.74,4.99,10.75,395.65,139.86,0.00
2024-01-21,2024-01-01,FC-Central,Metro Post,1,1,0,0,0,0.0,3.0,3.0,9.34,0.00,9.34,184.33,47.57,0.00
2024-04-24,2024-04-01,FC-South,Regional Freight,6,4,2,0,2,0.333,3.667,3.333,37.75,4.99,32.76,1905.42,527.72,748.21
2024-03-06,2024-03-01,FC-North,Swiftline,3,3,0,0,0,0.0,2.333,1.667,14.37,0.00,14.37,598.04,-27.54,0.00
2024-01-25,2024-01-01,FC-North,Swiftline,2,2,0,0,0,0.0,1.0,1.0,12.53,0.00,12.53,155.49,23.52,0.00
2024-01-26,2024-01-01,FC-North,Metro Post,1,1,0,0,0,0.0,5.0,5.0,6.62,0.00,6.62,605.29,65.02,0.00
2024-02-11,2024-02-01,FC-Central,Metro Post,1,1,0,0,0,0.0,4.0,3.0,3.31,4.99,-1.68,25.56,15.86,0.00
2024-01-31,2024-01-01,FC-North,Metro Post,1,1,0,0,0,0.0,4.0,3.0,7.92,0.00,7.92,277.57,72.26,0.00
2024-03-03,2024-03-01,FC-South,Regional Freight,1,1,0,0,0,0.0,4.0,4.0,6.88,0.00,6.88,337.80,53.05,0.00
2024-02-03,2024-02-01,FC-North,Metro Post,1,1,0,0,0,0.0,2.0,1.0,5.21,0.00,5.21,261.96,77.55,0.00
2024-02-03,2024-02-01,FC-South,Swiftline,2,1,1,0,1,0.5,5.5,5.5,19.08,0.00,19.08,443.21,160.31,194.09
2024-02-22,2024-02-01,FC-South,Regional Freight,2,2,0,0,0,0.0,2.0,2.0,17.42,0.00,17.42,1059.54,260.16,0.00
2024-02-04,2024-02-01,FC-South,Swiftline,1,1,0,0,0,0.0,2.0,2.0,3.79,0.00,3.79,99.97,-3.79,0.00
2024-02-16,2024-02-01,FC-South,Regional Freight,1,0,1,0,1,1.0,6.0,6.0,2.22,4.99,-2.77,26.64,19.23,26.64
2024-04-16,2024-04-01,FC-North,Regional Freight,1,1,0,0,0,0.0,4.0,4.0,7.63,0.00,7.63,87.21,30.52,0.00
2025-01-12,2025-01-01,FC-Central,Metro Post,5,5,0,0,0,0.0,2.8,2.6,52.75,0.00,52.75,1722.74,582.78,0.00
2024-02-27,2024-02-01,FC-Central,Regional Freight,1,1,0,0,0,0.0,3.0,1.0,3.40,0.00,3.40,204.41,23.05,0.00
2024-04-17,2024-04-01,FC-Central,Metro Post,2,2,0,0,0,0.0,3.5,3.0,32.93,0.00,32.93,2237.92,525.46,0.00
2024-11-28,2024-11-01,FC-Central,Swiftline,3,3,0,0,0,0.0,3.333,2.667,32.99,4.99,28.00,617.29,110.47,0.00
2024-04-23,2024-04-01,FC-South,Regional Freight,4,4,0,0,0,0.0,2.75,2.0,21.45,4.99,16.46,608.27,151.36,0.00
2024-07-19,2024-07-01,FC-Central,Regional Freight,1,0,1,0,1,1.0,4.0,4.0,2.63,0.00,2.63,67.74,-2.63,67.74
2024-03-13,2024-03-01,FC-Central,Metro Post,1,0,1,1,3,3.0,5.0,4.0,5.83,0.00,5.83,136.48,-5.83,136.48
2024-07-08,2024-07-01,FC-Central,Swiftline,4,4,0,0,0,0.0,3.25,2.75,35.39,0.00,35.39,839.26,83.73,0.00
2024-05-02,2024-05-01,FC-North,Swiftline,2,2,0,0,0,0.0,3.0,2.5,10.55,0.00,10.55,548.80,236.28,0.00
2025-02-04,2025-02-01,FC-North,Metro Post,2,0,2,1,6,3.0,7.0,6.0,19.32,0.00,19.32,1674.11,277.16,1674.11
2024-03-17,2024-03-01,FC-South,Metro Post,2,2,0,0,0,0.0,2.0,1.5,14.18,4.99,9.19,150.10,44.15,0.00
2024-06-22,2024-06-01,FC-North,Metro Post,1,1,0,0,0,0.0,3.0,3.0,4.76,0.00,4.76,383.30,131.61,0.00
2024-03-19,2024-03-01,FC-South,Regional Freight,3,2,1,0,1,0.333,2.667,2.667,14.81,4.99,9.82,185.52,70.27,38.78
2024-06-27,2024-06-01,FC-North,Regional Freight,1,1,0,0,0,0.0,2.0,2.0,4.63,0.00,4.63,251.47,82.27,0.00
2024-12-08,2024-12-01,FC-South,Swiftline,2,2,0,0,0,0.0,2.5,1.0,11.04,0.00,11.04,128.92,34.92,0.00
2024-04-25,2024-04-01,FC-Central,Swiftline,2,2,0,0,0,0.0,2.0,1.5,11.02,4.99,6.03,469.86,137.9,0.00
2024-09-29,2024-09-01,FC-Central,Swiftline,4,2,2,0,3,0.75,2.75,2.0,32.39,0.00,32.39,1141.00,396.44,517.02
2024-03-31,2024-03-01,FC-Central,Metro Post,1,1,0,0,0,0.0,3.0,1.0,5.74,0.00,5.74,441.32,82.36,0.00
2024-04-01,2024-04-01,FC-North,Regional Freight,1,1,0,0,0,0.0,2.0,1.0,8.93,0.00,8.93,361.60,118.59,0.00
2024-06-18,2024-06-01,FC-South,Regional Freight,1,1,0,0,0,0.0,2.0,2.0,8.94,0.00,8.94,550.50,81.27,0.00
2024-05-15,2024-05-01,FC-North,Swiftline,2,2,0,0,0,0.0,3.0,2.5,19.18,0.00,19.18,737.04,-116.07,0.00
2024-05-22,2024-05-01,FC-North,Metro Post,2,2,0,0,0,0.0,4.0,3.0,8.54,4.99,3.55,534.86,75.09,0.00
2024-06-15,2024-06-01,FC-North,Swiftline,4,4,0,0,0,0.0,3.5,3.0,28.19,0.00,28.19,804.40,208.71,0.00
2024-04-12,2024-04-01,FC-Central,Swiftline,1,1,0,0,0,0.0,3.0,2.0,5.14,0.00,5.14,207.46,88.88,0.00
2024-05-08,2024-05-01,FC-Central,Metro Post,1,1,0,0,0,0.0,2.0,2.0,4.33,0.00,4.33,147.75,32.41,0.00
2024-10-04,2024-10-01,FC-South,Swiftline,2,2,0,0,0,0.0,3.0,2.5,11.04,0.00,11.04,454.94,172.43,0.00
2024-07-06,2024-07-01,FC-Central,Swiftline,1,1,0,0,0,0.0,1.0,1.0,5.33,0.00,5.33,370.61,13.91,0.00
2025-05-30,2025-05-01,FC-South,Swiftline,2,1,1,1,6,3.0,6.5,6.0,14.02,0.00,14.02,459.43,67.75,45.89
2024-06-17,2024-06-01,FC-North,Regional Freight,1,1,0,0,0,0.0,5.0,4.0,2.64,0.00,2.64,151.59,82.74,0.00
2024-04-30,2024-04-01,FC-South,Swiftline,2,2,0,0,0,0.0,2.5,2.5,19.24,0.00,19.24,1181.43,157.03,0.00
2024-06-17,2024-06-01,FC-South,Metro Post,1,0,1,1,6,6.0,11.0,10.0,10.49,0.00,10.49,78.09,1.05,78.09
2024-05-10,2024-05-01,FC-Central,Regional Freight,2,2,0,0,0,0.0,4.5,4.5,4.94,4.99,-0.05,409.81,96.67,0.00
2024-05-09,2024-05-01,FC-North,Swiftline,1,1,0,0,0,0.0,3.0,3.0,4.47,0.00,4.47,121.03,42.0,0.00
2024-06-23,2024-06-01,FC-South,Regional Freight,4,4,0,0,0,0.0,3.0,2.75,26.02,4.99,21.03,1210.48,267.78,0.00
2025-02-24,2025-02-01,FC-North,Swiftline,1,1,0,0,0,0.0,3.0,2.0,3.92,0.00,3.92,75.06,40.11,0.00
2024-07-04,2024-07-01,FC-Central,Swiftline,2,2,0,0,0,0.0,3.0,2.5,9.04,0.00,9.04,285.10,70.63,0.00
2024-05-18,2024-05-01,FC-Central,Swiftline,2,2,0,0,0,0.0,2.5,2.0,22.74,0.00,22.74,999.33,283.6,0.00
2024-05-22,2024-05-01,FC-Central,Metro Post,2,1,1,0,1,0.5,3.0,2.0,20.54,0.00,20.54,1138.17,351.17,577.93
2025-01-01,2025-01-01,FC-Central,Swiftline,2,2,0,0,0,0.0,3.0,2.5,32.72,0.00,32.72,663.25,190.47,0.00
2024-07-06,2024-07-01,FC-South,Metro Post,3,3,0,0,0,0.0,3.333,2.667,12.25,0.00,12.25,626.03,172.61,0.00
2024-11-05,2024-11-01,FC-Central,Swiftline,4,4,0,0,0,0.0,4.0,3.0,28.35,0.00,28.35,1294.56,143.93,0.00
2024-05-31,2024-05-01,FC-Central,Metro Post,4,4,0,0,0,0.0,2.25,1.5,50.01,0.00,50.01,2579.28,255.25,0.00
2024-10-02,2024-10-01,FC-North,Metro Post,1,1,0,0,0,0.0,4.0,3.0,4.51,0.00,4.51,362.36,207.54,0.00
2024-06-10,2024-06-01,FC-North,Regional Freight,1,0,1,0,1,1.0,4.0,4.0,2.52,0.00,2.52,150.12,85.54,150.12
2024-07-16,2024-07-01,FC-Central,Regional Freight,2,2,0,0,0,0.0,3.0,3.0,10.38,0.00,10.38,213.62,54.02,0.00
2024-06-09,2024-06-01,FC-Central,Regional Freight,1,1,0,0,0,0.0,4.0,4.0,5.15,0.00,5.15,76.24,-1.47,0.00
2024-06-16,2024-06-01,FC-North,Regional Freight,1,0,1,0,2,2.0,4.0,3.0,5.42,0.00,5.42,189.90,79.33,189.90
2024-07-17,2024-07-01,FC-North,Swiftline,1,1,0,0,0,0.0,3.0,3.0,10.59,0.00,10.59,396.20,41.54,0.00
2024-09-19,2024-09-01,FC-South,Swiftline,2,2,0,0,0,0.0,4.0,3.5,11.25,0.00,11.25,582.44,95.3,0.00
2025-02-05,2025-02-01,FC-South,Swiftline,1,1,0,0,0,0.0,5.0,5.0,3.85,0.00,3.85,59.82,35.2,0.00
2024-12-04,2024-12-01,FC-North,Swiftline,7,6,1,1,3,0.429,3.286,2.857,64.18,4.99,59.19,1047.27,143.06,36.76
2024-06-24,2024-06-01,FC-South,Swiftline,2,2,0,0,0,0.0,3.0,2.5,8.37,4.99,3.38,140.69,60.58,0.00
2024-11-12,2024-11-01,FC-Central,Metro Post,2,1,1,1,3,1.5,3.5,3.0,24.14,0.00,24.14,1260.44,319.65,763.03
2024-07-01,2024-07-01,FC-South,Swiftline,2,2,0,0,0,0.0,4.0,3.0,12.08,4.99,7.09,134.52,49.96,0.00
2024-08-29,2024-08-01,FC-South,Metro Post,3,3,0,0,0,0.0,2.667,2.667,14.86,0.00,14.86,433.02,180.98,0.00
2025-07-11,2025-07-01,FC-Central,Regional Freight,1,1,0,0,0,0.0,5.0,5.0,15.51,0.00,15.51,887.11,349.28,0.00
2024-07-09,2024-07-01,FC-Central,Regional Freight,1,1,0,0,0,0.0,2.0,1.0,6.21,0.00,6.21,150.36,-95.07,0.00
2024-09-06,2024-09-01,FC-North,Metro Post,3,3,0,0,0,0.0,3.667,3.333,24.60,0.00,24.60,430.29,124.65,0.00
2024-11-28,2024-11-01,FC-South,Regional Freight,4,2,2,0,3,0.75,4.75,4.5,21.74,4.99,16.75,832.10,116.72,351.40
2024-10-21,2024-10-01,FC-South,Regional Freight,6,6,0,0,0,0.0,2.667,2.333,47.76,4.99,42.77,2013.61,498.14,0.00
2024-07-24,2024-07-01,FC-South,Metro Post,2,1,1,1,6,3.0,5.5,5.5,16.22,0.00,16.22,419.33,129.59,325.07
2024-12-10,2024-12-01,FC-South,Metro Post,4,4,0,0,0,0.0,2.25,2.25,26.24,0.00,26.24,601.44,84.42,0.00
2024-08-01,2024-08-01,FC-South,Metro Post,1,1,0,0,0,0.0,2.0,1.0,3.10,0.00,3.10,113.30,69.23,0.00
2024-08-01,2024-08-01,FC-Central,Metro Post,1,1,0,0,0,0.0,3.0,2.0,3.14,0.00,3.14,81.68,39.68,0.00
2024-08-04,2024-08-01,FC-North,Metro Post,2,2,0,0,0,0.0,2.5,1.0,21.13,0.00,21.13,548.83,138.8,0.00
2024-08-08,2024-08-01,FC-North,Swiftline,3,3,0,0,0,0.0,4.0,2.667,34.60,0.00,34.60,911.28,372.19,0.00
2025-07-08,2025-07-01,FC-North,Swiftline,4,4,0,0,0,0.0,3.75,3.25,36.25,0.00,36.25,712.67,44.3,0.00
2024-12-07,2024-12-01,FC-South,Metro Post,2,0,2,1,5,2.5,6.0,6.0,7.54,0.00,7.54,311.91,-47.74,311.91
2024-08-15,2024-08-01,FC-South,Regional Freight,2,1,1,0,1,0.5,4.0,2.5,11.12,0.00,11.12,986.33,214.76,824.76
2025-02-09,2025-02-01,FC-Central,Metro Post,3,2,1,1,3,1.0,3.667,3.0,11.29,0.00,11.29,452.68,171.84,109.03
2024-08-22,2024-08-01,FC-South,Regional Freight,3,3,0,0,0,0.0,1.333,1.0,18.37,0.00,18.37,693.47,237.83,0.00
2025-02-05,2025-02-01,FC-Central,Regional Freight,2,2,0,0,0,0.0,4.5,2.5,13.72,0.00,13.72,937.71,252.34,0.00
2025-01-07,2025-01-01,FC-Central,Regional Freight,1,1,0,0,0,0.0,3.0,3.0,2.81,0.00,2.81,65.94,36.95,0.00
2024-10-28,2024-10-01,FC-Central,Swiftline,2,2,0,0,0,0.0,2.5,2.5,27.71,0.00,27.71,249.66,27.96,0.00
2024-11-13,2024-11-01,FC-North,Swiftline,4,4,0,0,0,0.0,2.75,2.5,54.93,0.00,54.93,1384.68,366.02,0.00
2024-09-01,2024-09-01,FC-South,Swiftline,1,1,0,0,0,0.0,4.0,2.0,5.72,4.99,0.73,41.01,10.66,0.00
2024-09-05,2024-09-01,FC-Central,Swiftline,1,1,0,0,0,0.0,3.0,3.0,5.95,0.00,5.95,68.52,22.69,0.00
2025-01-03,2025-01-01,FC-South,Metro Post,4,4,0,0,0,0.0,3.0,2.5,52.05,0.00,52.05,2478.69,491.67,0.00
2024-10-15,2024-10-01,FC-North,Swiftline,2,2,0,0,0,0.0,5.0,5.0,19.16,0.00,19.16,1549.66,-232.25,0.00
2024-09-11,2024-09-01,FC-North,Metro Post,1,1,0,0,0,0.0,1.0,1.0,12.61,0.00,12.61,570.57,100.99,0.00
2024-11-05,2024-11-01,FC-South,Swiftline,4,4,0,0,0,0.0,3.0,2.5,28.83,0.00,28.83,1624.36,156.14,0.00
2024-09-12,2024-09-01,FC-South,Metro Post,2,2,0,0,0,0.0,2.5,2.5,23.13,0.00,23.13,652.18,136.09,0.00
2025-01-17,2025-01-01,FC-Central,Swiftline,2,2,0,0,0,0.0,4.5,4.0,12.52,0.00,12.52,144.87,17.7,0.00
2025-05-15,2025-05-01,FC-Central,Metro Post,5,5,0,0,0,0.0,3.4,3.0,40.85,0.00,40.85,2126.56,505.09,0.00
2024-11-25,2024-11-01,FC-Central,Regional Freight,1,0,1,1,4,4.0,9.0,9.0,10.05,0.00,10.05,680.98,98.76,680.98
2025-03-21,2025-03-01,FC-Central,Metro Post,2,2,0,0,0,0.0,4.0,2.5,8.81,0.00,8.81,382.44,209.55,0.00
2024-09-22,2024-09-01,FC-North,Swiftline,2,2,0,0,0,0.0,2.5,2.5,13.34,0.00,13.34,216.94,43.29,0.00
2024-11-02,2024-11-01,FC-North,Metro Post,3,3,0,0,0,0.0,2.667,2.333,15.18,0.00,15.18,381.83,68.72,0.00
2024-09-22,2024-09-01,FC-Central,Swiftline,1,1,0,0,0,0.0,2.0,2.0,10.37,0.00,10.37,310.70,119.59,0.00
2025-08-12,2025-08-01,FC-Central,Swiftline,5,5,0,0,0,0.0,3.2,2.8,46.68,9.98,36.70,1573.56,605.46,0.00
2024-10-13,2024-10-01,FC-South,Regional Freight,3,1,2,0,3,1.0,3.667,3.667,8.45,9.98,-1.53,245.32,88.34,68.77
2025-01-16,2025-01-01,FC-South,Swiftline,2,2,0,0,0,0.0,2.5,2.5,12.95,0.00,12.95,647.44,2.66,0.00
2024-09-26,2024-09-01,FC-Central,Swiftline,1,1,0,0,0,0.0,3.0,3.0,7.78,0.00,7.78,263.09,44.29,0.00
2025-06-30,2025-06-01,FC-North,Swiftline,4,4,0,0,0,0.0,2.75,2.0,35.41,0.00,35.41,846.06,155.65,0.00
2025-03-13,2025-03-01,FC-Central,Metro Post,1,1,0,0,0,0.0,4.0,4.0,3.44,4.99,-1.55,34.46,23.61,0.00
2025-04-05,2025-04-01,FC-North,Swiftline,3,3,0,0,0,0.0,2.667,2.333,29.60,0.00,29.60,442.61,102.79,0.00
2025-11-05,2025-11-01,FC-South,Regional Freight,8,2,6,2,17,2.125,5.75,5.625,62.17,4.99,57.18,2569.33,497.9,1968.16
2024-11-19,2024-11-01,FC-Central,Swiftline,3,1,2,1,5,1.667,5.667,5.667,19.50,0.00,19.50,875.17,253.46,718.36
2025-12-10,2025-12-01,FC-North,Metro Post,3,2,1,1,4,1.333,4.0,4.0,23.05,0.00,23.05,1033.01,194.76,384.95
2024-10-13,2024-10-01,FC-Central,Regional Freight,2,2,0,0,0,0.0,2.5,2.5,21.12,0.00,21.12,367.72,-10.96,0.00
2025-07-05,2025-07-01,FC-South,Regional Freight,4,3,1,0,1,0.25,3.0,2.5,23.24,0.00,23.24,1253.43,456.52,164.71
2025-04-06,2025-04-01,FC-North,Regional Freight,2,2,0,0,0,0.0,2.5,1.5,24.17,0.00,24.17,665.14,250.0,0.00
2025-09-10,2025-09-01,FC-Central,Regional Freight,3,2,1,0,1,0.333,3.667,3.333,10.44,4.99,5.45,578.80,329.08,420.60
2024-11-21,2024-11-01,FC-South,Regional Freight,6,5,1,0,2,0.333,3.833,3.333,46.07,4.99,41.08,3194.68,357.2,1949.77
2025-05-15,2025-05-01,FC-North,Swiftline,2,2,0,0,0,0.0,2.5,1.5,24.59,0.00,24.59,1212.51,180.21,0.00
2025-02-06,2025-02-01,FC-Central,Metro Post,2,0,2,0,2,1.0,3.0,1.0,23.40,0.00,23.40,535.99,79.82,535.99
2025-01-15,2025-01-01,FC-South,Regional Freight,1,0,1,1,3,3.0,8.0,6.0,11.98,0.00,11.98,779.90,164.89,779.90
2025-03-28,2025-03-01,FC-North,Metro Post,2,2,0,0,0,0.0,2.5,2.0,11.44,0.00,11.44,703.52,262.53,0.00
2024-10-29,2024-10-01,FC-North,Swiftline,2,1,1,0,1,0.5,3.0,2.0,11.52,4.99,6.53,418.16,174.74,29.86
2025-06-16,2025-06-01,FC-South,Metro Post,7,6,1,0,1,0.143,3.714,3.143,46.52,4.99,41.53,1657.02,359.06,602.65
2025-07-06,2025-07-01,FC-North,Metro Post,2,2,0,0,0,0.0,2.0,1.5,7.13,0.00,7.13,195.19,40.61,0.00
2024-11-02,2024-11-01,FC-South,Swiftline,1,1,0,0,0,0.0,3.0,3.0,9.51,0.00,9.51,482.95,71.35,0.00
2024-11-04,2024-11-01,FC-South,Metro Post,1,1,0,0,0,0.0,5.0,4.0,4.87,0.00,4.87,84.07,36.26,0.00
2024-11-03,2024-11-01,FC-North,Swiftline,3,3,0,0,0,0.0,4.333,4.333,21.83,0.00,21.83,599.80,275.31,0.00
2025-06-06,2025-06-01,FC-South,Metro Post,2,2,0,0,0,0.0,2.5,2.0,8.23,0.00,8.23,419.56,123.57,0.00
2024-12-31,2024-12-01,FC-South,Metro Post,4,2,2,0,3,0.75,4.0,4.0,22.98,4.99,17.99,1106.26,272.19,305.57
2024-11-08,2024-11-01,FC-North,Metro Post,1,1,0,0,0,0.0,2.0,1.0,4.71,0.00,4.71,240.28,79.56,0.00
2025-08-21,2025-08-01,FC-North,Swiftline,1,1,0,0,0,0.0,4.0,4.0,4.32,4.99,-0.67,31.54,0.67,0.00
2025-09-16,2025-09-01,FC-Central,Swiftline,2,2,0,0,0,0.0,2.5,2.0,13.04,0.00,13.04,240.19,32.88,0.00
2025-02-16,2025-02-01,FC-Central,Regional Freight,2,2,0,0,0,0.0,3.5,3.5,5.72,0.00,5.72,467.33,269.95,0.00
2024-11-16,2024-11-01,FC-Central,Swiftline,2,1,1,1,6,3.0,6.5,6.0,8.36,4.99,3.37,94.40,57.6,34.46
2025-02-08,2025-02-01,FC-South,Regional Freight,2,1,1,0,1,0.5,4.5,3.5,22.34,0.00,22.34,861.23,218.66,785.31
2025-08-11,2025-08-01,FC-South,Regional Freight,4,3,1,0,2,0.5,3.0,2.25,20.73,0.00,20.73,1160.28,151.31,482.92
2024-11-28,2024-11-01,FC-North,Regional Freight,1,1,0,0,0,0.0,4.0,4.0,8.04,0.00,8.04,121.95,28.7,0.00
2025-09-14,2025-09-01,FC-Central,Swiftline,3,3,0,0,0,0.0,3.333,3.0,33.54,0.00,33.54,760.00,202.87,0.00
2025-01-06,2025-01-01,FC-Central,Metro Post,3,3,0,0,0,0.0,2.667,2.0,26.20,0.00,26.20,899.16,132.97,0.00
2025-01-18,2025-01-01,FC-South,Metro Post,3,3,0,0,0,0.0,4.0,3.0,10.60,0.00,10.60,382.30,201.27,0.00
2025-01-04,2025-01-01,FC-North,Metro Post,1,1,0,0,0,0.0,3.0,2.0,13.57,0.00,13.57,299.19,20.78,0.00
2024-12-09,2024-12-01,FC-North,Swiftline,3,2,1,0,1,0.333,3.333,3.0,30.22,0.00,30.22,627.70,149.96,83.73
2024-12-10,2024-12-01,FC-Central,Metro Post,3,3,0,0,0,0.0,2.0,1.667,21.27,0.00,21.27,943.07,399.85,0.00
2024-12-11,2024-12-01,FC-South,Regional Freight,3,3,0,0,0,0.0,3.333,2.667,19.87,0.00,19.87,481.21,112.81,0.00
2025-02-28,2025-02-01,FC-Central,Regional Freight,1,1,0,0,0,0.0,2.0,1.0,3.65,0.00,3.65,210.14,-26.37,0.00
2025-02-08,2025-02-01,FC-Central,Swiftline,2,2,0,0,0,0.0,4.5,3.5,16.60,0.00,16.60,432.45,-52.54,0.00
2024-12-14,2024-12-01,FC-North,Metro Post,1,1,0,0,0,0.0,2.0,2.0,5.80,0.00,5.80,362.33,15.79,0.00
2025-04-29,2025-04-01,FC-South,Swiftline,3,2,1,0,1,0.333,3.0,2.333,37.77,0.00,37.77,1161.73,266.39,490.45
2025-05-09,2025-05-01,FC-South,Swiftline,3,3,0,0,0,0.0,3.667,2.667,28.03,4.99,23.04,1186.05,564.93,0.00
2024-12-16,2024-12-01,FC-Central,Regional Freight,1,1,0,0,0,0.0,3.0,2.0,2.66,0.00,2.66,66.55,37.22,0.00
2024-12-15,2024-12-01,FC-North,Metro Post,2,2,0,0,0,0.0,2.5,1.5,16.48,0.00,16.48,589.73,149.25,0.00
2025-08-25,2025-08-01,FC-South,Swiftline,2,2,0,0,0,0.0,3.5,3.5,16.08,0.00,16.08,451.64,173.82,0.00
2025-08-05,2025-08-01,FC-North,Swiftline,4,4,0,0,0,0.0,2.75,2.5,32.46,0.00,32.46,656.30,231.7,0.00
2026-05-23,2026-05-01,FC-South,Metro Post,2,2,0,0,0,0.0,3.0,2.5,54.35,4.99,49.36,673.58,120.44,0.00
2025-05-13,2025-05-01,FC-South,Swiftline,1,1,0,0,0,0.0,2.0,1.0,21.17,0.00,21.17,891.77,202.26,0.00
2025-04-16,2025-04-01,FC-North,Swiftline,3,3,0,0,0,0.0,2.0,2.0,25.21,0.00,25.21,1110.04,266.05,0.00
2024-12-25,2024-12-01,FC-Central,Swiftline,2,2,0,0,0,0.0,3.0,2.5,10.46,0.00,10.46,282.83,145.87,0.00
2024-12-25,2024-12-01,FC-South,Metro Post,2,2,0,0,0,0.0,3.0,3.0,14.73,0.00,14.73,613.64,79.65,0.00
2025-08-28,2025-08-01,FC-North,Swiftline,4,4,0,0,0,0.0,3.5,3.25,31.13,0.00,31.13,1027.91,265.47,0.00
2024-12-29,2024-12-01,FC-North,Swiftline,2,2,0,0,0,0.0,4.0,4.0,11.26,0.00,11.26,459.70,246.6,0.00
2025-01-03,2025-01-01,FC-Central,Metro Post,1,1,0,0,0,0.0,2.0,2.0,7.50,0.00,7.50,47.18,12.11,0.00
2025-01-10,2025-01-01,FC-Central,Regional Freight,1,1,0,0,0,0.0,3.0,3.0,2.77,0.00,2.77,124.60,61.44,0.00
2025-01-14,2025-01-01,FC-South,Regional Freight,1,1,0,0,0,0.0,3.0,3.0,10.37,0.00,10.37,354.98,47.62,0.00
2025-01-17,2025-01-01,FC-South,Swiftline,1,1,0,0,0,0.0,5.0,4.0,8.67,0.00,8.67,252.62,0.79,0.00
2025-01-16,2025-01-01,FC-Central,Regional Freight,1,1,0,0,0,0.0,3.0,1.0,2.38,4.99,-2.61,38.78,26.98,0.00
2025-05-26,2025-05-01,FC-North,Swiftline,7,7,0,0,0,0.0,3.429,3.0,45.04,0.00,45.04,1185.29,315.34,0.00
2025-09-05,2025-09-01,FC-North,Regional Freight,2,2,0,0,0,0.0,2.0,1.5,10.27,0.00,10.27,1153.96,272.35,0.00
2025-01-25,2025-01-01,FC-Central,Regional Freight,1,1,0,0,0,0.0,2.0,2.0,6.40,0.00,6.40,148.12,33.45,0.00
2025-01-25,2025-01-01,FC-South,Swiftline,1,1,0,0,0,0.0,3.0,3.0,4.28,0.00,4.28,92.39,49.99,0.00
2025-11-24,2025-11-01,FC-North,Swiftline,10,9,1,0,1,0.1,3.2,3.0,125.59,0.00,125.59,3596.36,867.27,577.67
2025-04-25,2025-04-01,FC-North,Swiftline,4,4,0,0,0,0.0,3.0,2.75,26.88,0.00,26.88,930.01,455.47,0.00
2025-07-24,2025-07-01,FC-South,Metro Post,2,2,0,0,0,0.0,4.5,4.0,12.09,0.00,12.09,425.34,67.6,0.00
2025-08-28,2025-08-01,FC-South,Regional Freight,5,5,0,0,0,0.0,2.6,2.0,27.03,4.99,22.04,2380.40,595.47,0.00
2025-06-13,2025-06-01,FC-Central,Metro Post,1,1,0,0,0,0.0,3.0,3.0,4.97,0.00,4.97,307.71,162.96,0.00
2025-04-15,2025-04-01,FC-North,Metro Post,4,4,0,0,0,0.0,3.75,3.5,30.07,0.00,30.07,800.63,264.64,0.00
2025-05-25,2025-05-01,FC-Central,Swiftline,1,1,0,0,0,0.0,5.0,5.0,21.86,0.00,21.86,687.28,160.05,0.00
2025-02-10,2025-02-01,FC-North,Swiftline,2,2,0,0,0,0.0,3.5,2.0,18.64,0.00,18.64,444.27,192.16,0.00
2025-02-09,2025-02-01,FC-North,Swiftline,1,1,0,0,0,0.0,2.0,2.0,8.05,0.00,8.05,711.40,184.41,0.00
2025-05-19,2025-05-01,FC-Central,Regional Freight,3,2,1,0,2,0.667,4.667,4.667,13.92,0.00,13.92,966.63,224.49,269.57
2025-09-15,2025-09-01,FC-Central,Swiftline,5,5,0,0,0,0.0,3.4,3.0,30.07,0.00,30.07,1090.68,406.43,0.00
2025-02-17,2025-02-01,FC-Central,Regional Freight,2,2,0,0,0,0.0,2.5,1.5,16.63,0.00,16.63,596.16,253.82,0.00
2025-02-18,2025-02-01,FC-South,Metro Post,2,2,0,0,0,0.0,1.5,1.5,6.65,4.99,1.66,201.32,-17.03,0.00
2025-04-09,2025-04-01,FC-North,Regional Freight,1,1,0,0,0,0.0,4.0,4.0,8.32,0.00,8.32,206.69,39.64,0.00
2025-02-28,2025-02-01,FC-North,Regional Freight,1,0,1,1,4,4.0,7.0,7.0,3.64,0.00,3.64,141.13,21.6,141.13
2025-03-01,2025-03-01,FC-North,Regional Freight,1,0,1,0,2,2.0,4.0,4.0,8.58,0.00,8.58,111.53,-8.58,111.53
2025-06-25,2025-06-01,FC-North,Metro Post,1,0,1,1,4,4.0,9.0,8.0,3.62,0.00,3.62,122.50,63.37,122.50
2025-03-04,2025-03-01,FC-South,Metro Post,1,1,0,0,0,0.0,3.0,3.0,4.76,0.00,4.76,616.78,264.46,0.00
2025-04-19,2025-04-01,FC-Central,Regional Freight,3,2,1,1,3,1.0,3.667,3.333,23.46,0.00,23.46,1996.10,475.49,162.50
2025-03-11,2025-03-01,FC-Central,Metro Post,1,1,0,0,0,0.0,4.0,3.0,6.84,0.00,6.84,185.70,-81.81,0.00
2025-03-14,2025-03-01,FC-North,Metro Post,2,2,0,0,0,0.0,3.0,2.5,8.61,4.99,3.62,231.73,119.85,0.00
2025-04-08,2025-04-01,FC-North,Regional Freight,1,1,0,0,0,0.0,2.0,1.0,3.88,0.00,3.88,103.49,14.83,0.00
2025-05-27,2025-05-01,FC-South,Regional Freight,4,4,0,0,0,0.0,3.5,2.5,20.52,0.00,20.52,1428.40,472.07,0.00
2025-03-20,2025-03-01,FC-South,Regional Freight,2,0,2,1,5,2.5,6.0,5.0,9.52,4.99,4.53,232.75,96.95,232.75
2025-03-19,2025-03-01,FC-South,Metro Post,3,2,1,0,1,0.333,4.667,4.667,16.47,0.00,16.47,494.81,173.03,211.86
2025-09-01,2025-09-01,FC-South,Metro Post,4,4,0,0,0,0.0,2.25,2.25,30.66,0.00,30.66,1755.66,534.66,0.00
2026-03-15,2026-03-01,FC-Central,Regional Freight,2,2,0,0,0,0.0,3.0,2.5,10.04,0.00,10.04,393.44,65.95,0.00
2025-03-23,2025-03-01,FC-North,Regional Freight,1,1,0,0,0,0.0,2.0,1.0,14.76,0.00,14.76,386.72,91.87,0.00
2025-05-06,2025-05-01,FC-South,Regional Freight,4,4,0,0,0,0.0,2.5,2.5,26.86,0.00,26.86,1223.91,341.88,0.00
2025-06-16,2025-06-01,FC-North,Swiftline,3,3,0,0,0,0.0,2.0,2.0,34.68,0.00,34.68,1408.72,159.55,0.00
2025-03-29,2025-03-01,FC-Central,Regional Freight,1,1,0,0,0,0.0,3.0,3.0,2.75,0.00,2.75,246.43,85.17,0.00
2025-04-20,2025-04-01,FC-Central,Swiftline,1,1,0,0,0,0.0,3.0,3.0,15.05,0.00,15.05,1038.62,110.05,0.00
2025-10-08,2025-10-01,FC-Central,Regional Freight,1,1,0,0,0,0.0,3.0,3.0,9.42,0.00,9.42,456.05,176.99,0.00
2025-06-07,2025-06-01,FC-North,Regional Freight,2,2,0,0,0,0.0,1.5,1.5,10.47,0.00,10.47,580.83,174.31,0.00
2025-04-05,2025-04-01,FC-Central,Swiftline,1,1,0,0,0,0.0,4.0,4.0,6.52,0.00,6.52,195.32,57.09,0.00
2025-07-22,2025-07-01,FC-South,Regional Freight,4,3,1,0,1,0.25,3.75,3.5,17.07,4.99,12.08,663.42,313.87,243.72
2025-07-29,2025-07-01,FC-Central,Swiftline,1,1,0,0,0,0.0,3.0,3.0,5.41,0.00,5.41,192.17,25.59,0.00
2025-04-12,2025-04-01,FC-South,Swiftline,2,2,0,0,0,0.0,5.0,3.5,12.50,0.00,12.50,534.71,168.48,0.00
2025-04-15,2025-04-01,FC-Central,Regional Freight,1,1,0,0,0,0.0,4.0,4.0,5.48,0.00,5.48,399.93,16.71,0.00
2025-04-15,2025-04-01,FC-South,Swiftline,2,1,1,0,2,1.0,4.0,4.0,10.64,4.99,5.65,245.24,44.06,200.32
2025-08-17,2025-08-01,FC-Central,Metro Post,2,2,0,0,0,0.0,2.5,2.0,10.17,4.99,5.18,447.30,123.78,0.00
2025-04-21,2025-04-01,FC-South,Swiftline,2,2,0,0,0,0.0,3.0,3.0,16.02,0.00,16.02,128.07,38.51,0.00
2025-06-23,2025-06-01,FC-Central,Swiftline,1,1,0,0,0,0.0,2.0,2.0,8.67,0.00,8.67,99.41,46.81,0.00
2025-07-16,2025-07-01,FC-North,Swiftline,2,2,0,0,0,0.0,3.0,3.0,30.21,0.00,30.21,664.86,105.52,0.00
2025-04-27,2025-04-01,FC-North,Metro Post,2,2,0,0,0,0.0,2.0,1.5,36.01,0.00,36.01,1143.98,229.32,0.00
2025-07-18,2025-07-01,FC-Central,Swiftline,4,4,0,0,0,0.0,2.75,2.0,24.12,0.00,24.12,1057.06,322.93,0.00
2025-04-29,2025-04-01,FC-Central,Regional Freight,1,1,0,0,0,0.0,3.0,3.0,4.57,0.00,4.57,289.74,47.81,0.00
2025-05-04,2025-05-01,FC-South,Regional Freight,3,2,1,0,1,0.333,3.333,2.667,24.77,0.00,24.77,1916.10,492.14,195.87
2025-05-06,2025-05-01,FC-North,Swiftline,2,2,0,0,0,0.0,2.0,1.5,8.89,0.00,8.89,219.49,110.74,0.00
2025-10-13,2025-10-01,FC-North,Metro Post,2,2,0,0,0,0.0,2.5,1.5,15.72,0.00,15.72,852.44,302.67,0.00
2025-09-04,2025-09-01,FC-South,Metro Post,3,3,0,0,0,0.0,3.667,3.0,17.09,0.00,17.09,1098.50,385.81,0.00
2026-02-18,2026-02-01,FC-Central,Metro Post,1,1,0,0,0,0.0,4.0,4.0,4.06,0.00,4.06,169.49,60.57,0.00
2026-01-28,2026-01-01,FC-Central,Swiftline,5,5,0,0,0,0.0,2.4,2.2,61.68,0.00,61.68,2755.95,712.41,0.00
2025-05-14,2025-05-01,FC-Central,Regional Freight,1,0,1,0,1,1.0,4.0,4.0,8.62,0.00,8.62,349.39,41.17,349.39
2025-05-13,2025-05-01,FC-Central,Metro Post,1,1,0,0,0,0.0,1.0,1.0,3.67,0.00,3.67,200.04,116.57,0.00
2025-06-23,2025-06-01,FC-South,Swiftline,2,2,0,0,0,0.0,3.0,3.0,17.45,0.00,17.45,481.72,165.26,0.00
2025-07-20,2025-07-01,FC-South,Metro Post,5,5,0,0,0,0.0,2.8,2.8,32.75,0.00,32.75,1118.75,193.82,0.00
2025-12-23,2025-12-01,FC-South,Metro Post,3,0,3,1,5,1.667,5.0,5.0,35.52,0.00,35.52,940.97,100.53,940.97
2025-11-29,2025-11-01,FC-Central,Swiftline,2,2,0,0,0,0.0,2.0,1.5,21.60,0.00,21.60,661.11,116.08,0.00
2025-05-29,2025-05-01,FC-North,Regional Freight,1,1,0,0,0,0.0,3.0,2.0,7.77,0.00,7.77,192.07,65.82,0.00
2025-07-03,2025-07-01,FC-Central,Swiftline,3,3,0,0,0,0.0,2.0,1.667,16.31,4.99,11.32,443.23,217.57,0.00
2025-10-28,2025-10-01,FC-North,Regional Freight,1,1,0,0,0,0.0,3.0,2.0,9.64,0.00,9.64,163.06,51.43,0.00
2025-07-01,2025-07-01,FC-South,Regional Freight,3,3,0,0,0,0.0,2.333,1.0,10.52,4.99,5.53,690.67,312.32,0.00
2026-02-03,2026-02-01,FC-South,Regional Freight,2,2,0,0,0,0.0,3.0,3.0,14.10,0.00,14.10,957.68,47.53,0.00
2025-06-20,2025-06-01,FC-South,Metro Post,1,1,0,0,0,0.0,4.0,2.0,5.20,0.00,5.20,442.98,234.89,0.00
2025-08-18,2025-08-01,FC-South,Metro Post,3,3,0,0,0,0.0,3.333,3.0,15.07,0.00,15.07,482.97,235.65,0.00
2025-07-02,2025-07-01,FC-Central,Metro Post,1,1,0,0,0,0.0,3.0,3.0,5.26,0.00,5.26,155.22,70.7,0.00
2025-11-10,2025-11-01,FC-Central,Metro Post,2,2,0,0,0,0.0,3.5,3.5,34.71,4.99,29.72,453.26,167.66,0.00
2026-06-03,2026-06-01,FC-South,Regional Freight,3,2,1,1,4,1.333,5.0,5.0,14.05,0.00,14.05,334.66,4.49,116.69
2025-08-30,2025-08-01,FC-South,Metro Post,4,3,1,0,1,0.25,3.25,3.0,48.72,0.00,48.72,1139.39,369.21,54.64
2025-11-16,2025-11-01,FC-Central,Regional Freight,4,2,2,1,4,1.0,4.5,4.25,37.73,0.00,37.73,1727.82,656.97,314.86
2025-07-09,2025-07-01,FC-Central,Metro Post,2,2,0,0,0,0.0,4.5,4.5,7.25,4.99,2.26,160.07,46.43,0.00
2025-07-12,2025-07-01,FC-North,Regional Freight,1,1,0,0,0,0.0,2.0,2.0,8.17,0.00,8.17,351.99,137.11,0.00
2026-03-23,2026-03-01,FC-North,Metro Post,1,1,0,0,0,0.0,3.0,2.0,3.74,0.00,3.74,216.91,127.38,0.00
2025-11-17,2025-11-01,FC-South,Swiftline,3,1,2,2,13,4.333,8.0,7.0,61.94,0.00,61.94,868.96,254.98,618.63
2025-11-22,2025-11-01,FC-South,Regional Freight,5,4,1,0,2,0.4,3.0,2.2,24.69,0.00,24.69,865.06,184.71,150.93
2025-08-26,2025-08-01,FC-South,Regional Freight,4,3,1,0,1,0.25,4.5,3.5,26.19,0.00,26.19,937.28,59.6,382.34
2026-06-08,2026-06-01,FC-South,Swiftline,2,2,0,0,0,0.0,2.0,2.0,25.26,0.00,25.26,929.95,275.87,0.00
2025-07-23,2025-07-01,FC-South,Swiftline,1,1,0,0,0,0.0,4.0,4.0,3.81,0.00,3.81,67.15,39.18,0.00
2025-07-26,2025-07-01,FC-South,Swiftline,2,2,0,0,0,0.0,2.0,2.0,23.96,4.99,18.97,410.26,127.46,0.00
2026-02-20,2026-02-01,FC-Central,Metro Post,4,3,1,0,2,0.5,3.25,2.5,55.57,0.00,55.57,1750.00,373.73,367.06
2025-07-29,2025-07-01,FC-South,Metro Post,2,1,1,0,2,1.0,4.0,4.0,12.37,0.00,12.37,1126.50,94.51,437.19
2025-12-26,2025-12-01,FC-South,Regional Freight,5,4,1,0,1,0.2,2.4,2.2,29.70,0.00,29.70,1399.33,315.69,160.91
2025-08-03,2025-08-01,FC-North,Regional Freight,1,1,0,0,0,0.0,5.0,5.0,5.26,0.00,5.26,166.13,64.7,0.00
2025-08-11,2025-08-01,FC-North,Swiftline,3,3,0,0,0,0.0,2.667,2.333,32.71,0.00,32.71,947.88,183.63,0.00
2025-12-24,2025-12-01,FC-North,Regional Freight,1,1,0,0,0,0.0,3.0,2.0,8.11,0.00,8.11,193.61,21.53,0.00
2025-08-14,2025-08-01,FC-South,Metro Post,1,1,0,0,0,0.0,1.0,1.0,3.83,0.00,3.83,136.15,62.79,0.00
2025-09-26,2025-09-01,FC-North,Regional Freight,1,1,0,0,0,0.0,3.0,3.0,4.39,0.00,4.39,70.10,14.85,0.00
2025-08-16,2025-08-01,FC-South,Metro Post,2,2,0,0,0,0.0,2.5,2.0,18.15,0.00,18.15,1468.67,279.77,0.00
2025-08-17,2025-08-01,FC-South,Regional Freight,1,1,0,0,0,0.0,4.0,3.0,3.92,0.00,3.92,138.70,58.92,0.00
2025-08-19,2025-08-01,FC-North,Regional Freight,1,1,0,0,0,0.0,4.0,4.0,3.55,0.00,3.55,398.71,190.41,0.00
2025-10-19,2025-10-01,FC-South,Metro Post,1,1,0,0,0,0.0,5.0,5.0,3.07,0.00,3.07,73.72,-3.07,0.00
2025-08-25,2025-08-01,FC-Central,Regional Freight,1,1,0,0,0,0.0,3.0,3.0,8.47,0.00,8.47,151.78,-21.33,0.00
2025-10-11,2025-10-01,FC-North,Regional Freight,1,1,0,0,0,0.0,2.0,2.0,5.30,0.00,5.30,185.55,-22.47,0.00
2025-09-02,2025-09-01,FC-North,Metro Post,1,1,0,0,0,0.0,4.0,3.0,4.06,0.00,4.06,139.31,69.31,0.00
2026-02-09,2026-02-01,FC-South,Swiftline,2,2,0,0,0,0.0,3.0,1.5,28.33,0.00,28.33,696.99,155.3,0.00
2026-06-24,2026-06-01,FC-South,Regional Freight,1,1,0,0,0,0.0,3.0,2.0,2.56,0.00,2.56,65.52,33.6,0.00
2025-09-10,2025-09-01,FC-South,Metro Post,3,2,1,0,2,0.667,3.667,2.333,42.85,0.00,42.85,822.18,214.43,261.63
2026-01-08,2026-01-01,FC-South,Swiftline,3,3,0,0,0,0.0,3.0,3.0,22.20,4.99,17.21,491.84,27.51,0.00
2025-09-10,2025-09-01,FC-North,Regional Freight,1,0,1,1,6,6.0,11.0,11.0,6.86,4.99,1.87,22.92,-1.87,22.92
2025-11-18,2025-11-01,FC-North,Swiftline,1,1,0,0,0,0.0,4.0,3.0,4.11,4.99,-0.88,27.48,12.78,0.00
2025-11-06,2025-11-01,FC-Central,Regional Freight,2,1,1,0,1,0.5,5.0,5.0,13.09,0.00,13.09,907.13,191.09,750.32
2025-09-15,2025-09-01,FC-South,Metro Post,1,1,0,0,0,0.0,4.0,4.0,4.64,0.00,4.64,84.08,14.01,0.00
2025-11-09,2025-11-01,FC-North,Metro Post,2,2,0,0,0,0.0,3.0,3.0,9.22,0.00,9.22,357.91,103.21,0.00
2026-01-29,2026-01-01,FC-South,Regional Freight,3,2,1,1,4,1.333,4.333,3.667,15.83,0.00,15.83,531.21,195.55,70.92
2026-04-27,2026-04-01,FC-Central,Metro Post,2,2,0,0,0,0.0,2.5,1.5,32.11,0.00,32.11,1863.19,-32.11,0.00
2025-11-12,2025-11-01,FC-South,Regional Freight,5,0,5,4,30,6.0,9.8,9.6,38.83,0.00,38.83,1537.58,-44.61,1537.58
2026-05-24,2026-05-01,FC-Central,Swiftline,1,1,0,0,0,0.0,1.0,1.0,7.14,0.00,7.14,85.12,0.64,0.00
2026-06-22,2026-06-01,FC-Central,Swiftline,2,2,0,0,0,0.0,2.0,1.5,10.83,0.00,10.83,224.76,78.45,0.00
2026-01-18,2026-01-01,FC-Central,Metro Post,1,0,1,0,1,1.0,5.0,4.0,3.00,0.00,3.00,98.30,-3.0,98.30
2025-12-05,2025-12-01,FC-Central,Swiftline,1,1,0,0,0,0.0,5.0,5.0,8.58,0.00,8.58,473.75,59.67,0.00
2025-10-10,2025-10-01,FC-North,Metro Post,1,1,0,0,0,0.0,3.0,3.0,5.37,0.00,5.37,137.68,29.83,0.00
2025-10-16,2025-10-01,FC-Central,Swiftline,2,1,1,1,3,1.5,4.5,4.5,9.38,0.00,9.38,173.17,92.22,113.65
2025-10-14,2025-10-01,FC-Central,Regional Freight,1,1,0,0,0,0.0,4.0,4.0,5.09,0.00,5.09,236.63,110.5,0.00
2025-10-17,2025-10-01,FC-North,Metro Post,1,1,0,0,0,0.0,3.0,3.0,3.57,0.00,3.57,49.77,22.9,0.00
2026-04-10,2026-04-01,FC-South,Regional Freight,2,1,1,0,1,0.5,3.0,3.0,8.25,0.00,8.25,229.33,77.46,66.55
2026-03-16,2026-03-01,FC-Central,Regional Freight,4,3,1,0,2,0.5,4.5,4.5,25.13,0.00,25.13,987.36,269.98,231.17
2026-03-24,2026-03-01,FC-South,Swiftline,3,3,0,0,0,0.0,3.0,3.0,24.53,4.99,19.54,1113.77,177.02,0.00
2026-01-20,2026-01-01,FC-North,Regional Freight,1,1,0,0,0,0.0,4.0,4.0,4.35,0.00,4.35,110.04,35.06,0.00
2025-12-28,2025-12-01,FC-Central,Regional Freight,1,0,1,1,3,3.0,6.0,6.0,4.98,0.00,4.98,951.11,193.34,951.11
2025-11-30,2025-11-01,FC-South,Swiftline,1,1,0,0,0,0.0,5.0,5.0,10.96,0.00,10.96,334.70,140.7,0.00
2025-11-04,2025-11-01,FC-North,Swiftline,3,3,0,0,0,0.0,3.0,2.0,35.89,4.99,30.90,1118.21,435.38,0.00
2025-11-05,2025-11-01,FC-Central,Swiftline,1,1,0,0,0,0.0,1.0,1.0,4.41,0.00,4.41,125.94,-4.41,0.00
2025-11-28,2025-11-01,FC-Central,Regional Freight,2,2,0,0,0,0.0,2.5,2.0,16.50,0.00,16.50,1302.00,510.08,0.00
2025-11-11,2025-11-01,FC-North,Metro Post,1,1,0,0,0,0.0,2.0,2.0,13.34,0.00,13.34,202.56,45.52,0.00
2026-05-18,2026-05-01,FC-South,Regional Freight,5,2,3,1,7,1.4,4.8,4.4,21.37,4.99,16.38,1456.70,351.24,919.55
2026-05-07,2026-05-01,FC-North,Swiftline,6,6,0,0,0,0.0,2.667,2.167,41.37,0.00,41.37,727.05,113.03,0.00
2025-11-14,2025-11-01,FC-Central,Metro Post,1,1,0,0,0,0.0,2.0,2.0,13.63,0.00,13.63,209.02,66.48,0.00
2025-11-15,2025-11-01,FC-North,Regional Freight,2,2,0,0,0,0.0,3.0,1.5,8.02,0.00,8.02,999.52,194.8,0.00
2025-11-15,2025-11-01,FC-South,Metro Post,2,1,1,1,4,2.0,5.0,4.5,8.84,0.00,8.84,645.38,-25.12,477.84
2026-02-18,2026-02-01,FC-North,Swiftline,2,2,0,0,0,0.0,3.0,1.0,25.25,0.00,25.25,777.80,86.42,0.00
2026-02-13,2026-02-01,FC-South,Swiftline,1,1,0,0,0,0.0,4.0,4.0,11.19,0.00,11.19,192.22,-11.19,0.00
2026-06-27,2026-06-01,FC-North,Metro Post,2,2,0,0,0,0.0,3.5,2.5,12.68,0.00,12.68,748.18,177.16,0.00
2025-11-20,2025-11-01,FC-North,Metro Post,1,1,0,0,0,0.0,2.0,2.0,9.65,0.00,9.65,68.67,17.4,0.00
2025-12-19,2025-12-01,FC-Central,Regional Freight,1,0,1,1,3,3.0,8.0,8.0,7.54,0.00,7.54,929.46,305.13,929.46
2026-02-20,2026-02-01,FC-South,Regional Freight,2,2,0,0,0,0.0,3.5,3.0,15.24,0.00,15.24,657.07,-389.55,0.00
2026-05-21,2026-05-01,FC-South,Regional Freight,3,2,1,0,2,0.667,4.0,3.333,24.74,0.00,24.74,1967.99,272.39,592.31
2026-06-07,2026-06-01,FC-Central,Metro Post,2,2,0,0,0,0.0,3.5,3.0,6.65,0.00,6.65,147.54,13.96,0.00
2026-02-15,2026-02-01,FC-North,Metro Post,2,1,1,0,1,0.5,4.0,4.0,6.51,0.00,6.51,121.27,70.37,56.72
2026-05-25,2026-05-01,FC-Central,Swiftline,5,5,0,0,0,0.0,2.6,2.0,54.63,0.00,54.63,2062.23,486.53,0.00
2025-11-29,2025-11-01,FC-South,Regional Freight,1,0,1,1,3,3.0,7.0,6.0,3.40,0.00,3.40,174.77,61.79,174.77
2026-02-06,2026-02-01,FC-South,Metro Post,3,3,0,0,0,0.0,2.333,2.0,13.40,0.00,13.40,416.78,78.21,0.00
2025-12-07,2025-12-01,FC-South,Metro Post,4,4,0,0,0,0.0,2.75,2.25,31.23,0.00,31.23,966.61,189.91,0.00
2026-01-01,2026-01-01,FC-South,Regional Freight,2,2,0,0,0,0.0,2.5,2.5,4.83,9.98,-5.15,65.39,39.59,0.00
2026-03-17,2026-03-01,FC-South,Swiftline,3,3,0,0,0,0.0,2.667,1.667,46.43,0.00,46.43,1273.12,292.67,0.00
2025-12-23,2025-12-01,FC-Central,Swiftline,1,1,0,0,0,0.0,1.0,1.0,5.25,0.00,5.25,256.23,111.24,0.00
2026-06-06,2026-06-01,FC-North,Regional Freight,2,1,1,0,2,1.0,5.0,4.5,6.67,0.00,6.67,170.69,83.3,116.94
2025-12-27,2025-12-01,FC-North,Metro Post,2,2,0,0,0,0.0,4.0,3.5,9.34,4.99,4.35,282.27,-131.59,0.00
2025-12-28,2025-12-01,FC-South,Swiftline,2,1,1,0,2,1.0,6.0,6.0,23.58,0.00,23.58,649.89,298.05,303.99
2026-05-09,2026-05-01,FC-South,Regional Freight,9,5,4,0,5,0.556,3.444,3.0,50.07,4.99,45.08,2235.72,569.31,711.98
2025-12-31,2025-12-01,FC-South,Regional Freight,2,1,1,1,3,1.5,5.5,5.0,11.84,0.00,11.84,741.75,83.86,167.00
2025-12-30,2025-12-01,FC-Central,Swiftline,1,1,0,0,0,0.0,5.0,4.0,6.25,0.00,6.25,157.62,54.8,0.00
2026-01-29,2026-01-01,FC-North,Regional Freight,2,2,0,0,0,0.0,2.5,1.5,14.96,0.00,14.96,590.73,152.68,0.00
2026-06-03,2026-06-01,FC-Central,Swiftline,2,2,0,0,0,0.0,2.5,2.5,32.65,0.00,32.65,1136.27,6.66,0.00
2026-01-26,2026-01-01,FC-South,Swiftline,1,1,0,0,0,0.0,2.0,2.0,4.26,0.00,4.26,66.19,11.32,0.00
2026-02-01,2026-02-01,FC-North,Swiftline,3,3,0,0,0,0.0,2.333,2.0,20.73,0.00,20.73,335.29,10.71,0.00
2026-02-08,2026-02-01,FC-Central,Metro Post,2,2,0,0,0,0.0,4.0,3.5,59.98,0.00,59.98,973.07,161.71,0.00
2026-02-10,2026-02-01,FC-North,Swiftline,1,1,0,0,0,0.0,2.0,2.0,10.26,0.00,10.26,323.60,134.47,0.00
2026-02-23,2026-02-01,FC-North,Metro Post,2,2,0,0,0,0.0,3.5,3.0,9.02,0.00,9.02,492.32,264.52,0.00
2026-04-11,2026-04-01,FC-South,Metro Post,5,5,0,0,0,0.0,3.4,2.8,24.37,9.98,14.39,699.54,171.22,0.00
2026-02-27,2026-02-01,FC-Central,Regional Freight,1,1,0,0,0,0.0,2.0,2.0,2.56,0.00,2.56,83.70,43.2,0.00
2026-05-03,2026-05-01,FC-South,Regional Freight,2,0,2,1,7,3.5,6.5,6.5,11.29,0.00,11.29,486.90,173.58,486.90
2026-05-13,2026-05-01,FC-North,Regional Freight,2,2,0,0,0,0.0,4.5,4.5,11.95,0.00,11.95,563.57,169.53,0.00
2026-03-15,2026-03-01,FC-North,Metro Post,1,1,0,0,0,0.0,2.0,1.0,5.13,0.00,5.13,386.68,50.06,0.00
2026-06-27,2026-06-01,FC-Central,Swiftline,1,1,0,0,0,0.0,3.0,2.0,5.72,4.99,0.73,22.55,-0.73,0.00
2026-03-25,2026-03-01,FC-North,Swiftline,1,1,0,0,0,0.0,2.0,2.0,4.08,4.99,-0.91,31.13,18.72,0.00
2026-03-29,2026-03-01,FC-Central,Swiftline,1,1,0,0,0,0.0,4.0,4.0,7.25,0.00,7.25,422.44,151.54,0.00
2026-04-02,2026-04-01,FC-Central,Swiftline,1,1,0,0,0,0.0,4.0,4.0,6.53,0.00,6.53,81.17,-25.47,0.00
2026-04-13,2026-04-01,FC-Central,Metro Post,2,2,0,0,0,0.0,3.0,3.0,18.26,0.00,18.26,812.63,200.85,0.00
2026-04-25,2026-04-01,FC-South,Regional Freight,4,3,1,0,1,0.25,3.25,2.25,23.76,4.99,18.77,665.77,132.36,194.86
2026-04-26,2026-04-01,FC-South,Regional Freight,2,1,1,0,2,1.0,3.0,3.0,4.96,4.99,-0.03,113.60,-2.47,73.19
2026-06-07,2026-06-01,FC-North,Metro Post,1,1,0,0,0,0.0,3.0,3.0,4.69,0.00,4.69,271.05,33.51,0.00
2026-04-30,2026-04-01,FC-North,Regional Freight,1,1,0,0,0,0.0,3.0,3.0,19.21,0.00,19.21,523.55,-10.77,0.00
2026-05-04,2026-05-01,FC-South,Swiftline,1,1,0,0,0,0.0,4.0,4.0,13.02,0.00,13.02,635.64,104.59,0.00
2026-05-09,2026-05-01,FC-North,Regional Freight,1,1,0,0,0,0.0,5.0,5.0,2.43,4.99,-2.56,35.49,22.47,0.00
2026-05-14,2026-05-01,FC-South,Metro Post,1,1,0,0,0,0.0,3.0,2.0,3.63,0.00,3.63,52.72,27.93,0.00
2026-05-28,2026-05-01,FC-Central,Swiftline,1,1,0,0,0,0.0,3.0,2.0,6.38,0.00,6.38,271.20,128.21,0.00
2026-05-31,2026-05-01,FC-Central,Metro Post,3,2,1,0,1,0.333,3.0,2.0,13.26,4.99,8.27,310.07,57.35,31.33
2024-06-11,2024-06-01,FC-Central,Metro Post,2,2,0,0,0,0.0,3.0,2.0,10.15,4.99,5.16,429.07,220.08,0.00
2024-01-08,2024-01-01,FC-South,Regional Freight,4,2,2,0,3,0.75,4.0,3.5,20.47,4.99,15.48,1133.14,204.39,170.92
2024-02-04,2024-02-01,FC-North,Swiftline,1,1,0,0,0,0.0,5.0,5.0,7.30,0.00,7.30,477.87,92.0,0.00
2024-01-12,2024-01-01,FC-North,Regional Freight,1,1,0,0,0,0.0,1.0,1.0,10.37,0.00,10.37,310.30,123.22,0.00
2024-01-11,2024-01-01,FC-Central,Metro Post,3,3,0,0,0,0.0,3.333,2.667,26.01,4.99,21.02,515.53,201.82,0.00
2024-01-12,2024-01-01,FC-South,Metro Post,2,2,0,0,0,0.0,2.5,1.0,13.85,0.00,13.85,857.84,109.98,0.00
2024-01-12,2024-01-01,FC-Central,Swiftline,2,2,0,0,0,0.0,4.5,3.5,31.72,0.00,31.72,708.41,232.56,0.00
2024-01-16,2024-01-01,FC-North,Metro Post,1,1,0,0,0,0.0,3.0,3.0,6.75,0.00,6.75,78.89,-86.7,0.00
2025-01-29,2025-01-01,FC-Central,Regional Freight,2,1,1,1,3,1.5,5.0,4.0,16.07,0.00,16.07,1271.09,80.6,235.46
2024-01-16,2024-01-01,FC-Central,Metro Post,1,1,0,0,0,0.0,4.0,4.0,17.39,0.00,17.39,515.70,43.03,0.00
2024-01-16,2024-01-01,FC-South,Regional Freight,1,0,1,0,1,1.0,5.0,5.0,4.22,0.00,4.22,201.25,38.2,201.25
2024-01-17,2024-01-01,FC-Central,Metro Post,1,1,0,0,0,0.0,4.0,3.0,7.64,0.00,7.64,168.78,38.55,0.00
2024-02-23,2024-02-01,FC-North,Metro Post,2,2,0,0,0,0.0,3.5,3.5,16.08,0.00,16.08,654.15,35.33,0.00
2024-01-22,2024-01-01,FC-North,Metro Post,1,0,1,1,4,4.0,7.0,7.0,4.85,0.00,4.85,206.15,-4.85,206.15
2024-01-23,2024-01-01,FC-South,Regional Freight,2,2,0,0,0,0.0,4.0,3.5,19.14,0.00,19.14,376.44,76.51,0.00
2024-02-10,2024-02-01,FC-South,Regional Freight,2,0,2,0,2,1.0,4.0,3.5,9.15,4.99,4.16,642.70,13.86,642.70
2024-03-12,2024-03-01,FC-North,Swiftline,3,3,0,0,0,0.0,3.333,3.0,37.83,0.00,37.83,683.56,132.13,0.00
2024-05-13,2024-05-01,FC-North,Swiftline,3,3,0,0,0,0.0,2.667,2.333,20.29,0.00,20.29,503.32,179.97,0.00
2024-01-31,2024-01-01,FC-Central,Regional Freight,1,1,0,0,0,0.0,3.0,2.0,2.50,4.99,-2.49,25.56,16.67,0.00
2024-02-02,2024-02-01,FC-South,Regional Freight,3,2,1,0,2,0.667,4.333,3.667,30.46,0.00,30.46,1662.79,646.64,232.56
2024-02-04,2024-02-01,FC-Central,Metro Post,1,0,1,1,4,4.0,8.0,8.0,11.68,0.00,11.68,903.82,271.35,903.82
2024-02-07,2024-02-01,FC-South,Swiftline,2,2,0,0,0,0.0,3.5,2.5,17.74,0.00,17.74,144.06,33.96,0.00
2024-02-08,2024-02-01,FC-South,Swiftline,2,2,0,0,0,0.0,2.0,1.5,18.46,0.00,18.46,254.03,105.01,0.00
2024-03-25,2024-03-01,FC-Central,Regional Freight,1,1,0,0,0,0.0,3.0,3.0,7.25,0.00,7.25,96.55,26.64,0.00
2024-05-02,2024-05-01,FC-Central,Metro Post,3,3,0,0,0,0.0,2.667,2.333,17.04,0.00,17.04,1016.56,125.74,0.00
2024-05-01,2024-05-01,FC-South,Metro Post,2,2,0,0,0,0.0,3.5,3.5,8.06,4.99,3.07,100.75,47.64,0.00
2024-04-11,2024-04-01,FC-North,Swiftline,3,3,0,0,0,0.0,3.0,2.0,29.69,0.00,29.69,927.84,92.73,0.00
2025-03-28,2025-03-01,FC-South,Regional Freight,4,4,0,0,0,0.0,3.0,2.5,19.33,0.00,19.33,1086.97,332.33,0.00
2024-02-20,2024-02-01,FC-South,Metro Post,1,1,0,0,0,0.0,2.0,2.0,3.49,0.00,3.49,143.65,56.4,0.00
2024-02-20,2024-02-01,FC-Central,Metro Post,2,1,1,0,1,0.5,4.5,3.5,8.14,0.00,8.14,214.39,79.68,164.80
2024-04-29,2024-04-01,FC-North,Swiftline,2,2,0,0,0,0.0,2.5,2.0,17.26,0.00,17.26,412.30,173.1,0.00
2024-03-25,2024-03-01,FC-North,Regional Freight,1,1,0,0,0,0.0,3.0,3.0,2.34,4.99,-2.65,34.19,19.14,0.00
2024-07-15,2024-07-01,FC-North,Metro Post,1,1,0,0,0,0.0,3.0,2.0,8.60,0.00,8.60,254.94,102.94,0.00
2024-02-29,2024-02-01,FC-Central,Metro Post,2,2,0,0,0,0.0,3.0,3.0,12.83,0.00,12.83,606.41,51.58,0.00
2024-07-21,2024-07-01,FC-North,Metro Post,2,2,0,0,0,0.0,2.5,2.5,6.49,0.00,6.49,232.97,98.16,0.00
2024-03-03,2024-03-01,FC-Central,Regional Freight,1,1,0,0,0,0.0,3.0,3.0,8.22,0.00,8.22,246.78,92.68,0.00
2024-03-10,2024-03-01,FC-South,Metro Post,1,1,0,0,0,0.0,3.0,3.0,4.77,0.00,4.77,357.20,183.01,0.00
2024-12-17,2024-12-01,FC-North,Regional Freight,2,1,1,0,1,0.5,3.5,2.5,7.58,0.00,7.58,303.70,145.76,163.12
2025-01-10,2025-01-01,FC-North,Regional Freight,1,0,1,0,1,1.0,5.0,5.0,2.31,0.00,2.31,75.06,41.72,75.06
2024-05-29,2024-05-01,FC-South,Swiftline,2,2,0,0,0,0.0,1.5,1.5,19.60,0.00,19.60,539.99,9.07,0.00
2024-03-23,2024-03-01,FC-South,Regional Freight,2,2,0,0,0,0.0,2.0,1.5,16.24,0.00,16.24,261.08,71.19,0.00
2024-03-23,2024-03-01,FC-Central,Regional Freight,1,1,0,0,0,0.0,2.0,2.0,2.43,4.99,-2.56,35.07,9.33,0.00
2024-03-28,2024-03-01,FC-North,Regional Freight,1,1,0,0,0,0.0,3.0,3.0,4.15,4.99,-0.84,21.76,8.62,0.00
2024-08-30,2024-08-01,FC-South,Regional Freight,3,3,0,0,0,0.0,3.0,2.667,13.43,0.00,13.43,1257.74,207.44,0.00
2024-03-27,2024-03-01,FC-South,Metro Post,1,1,0,0,0,0.0,3.0,2.0,17.16,0.00,17.16,146.71,33.53,0.00
2024-05-20,2024-05-01,FC-North,Swiftline,3,3,0,0,0,0.0,3.333,2.333,47.54,0.00,47.54,549.12,53.17,0.00
2024-10-08,2024-10-01,FC-Central,Swiftline,4,3,1,0,2,0.5,3.5,2.75,41.71,0.00,41.71,1054.40,345.61,502.81
2024-04-03,2024-04-01,FC-Central,Metro Post,2,2,0,0,0,0.0,4.0,3.5,15.30,4.99,10.31,229.11,65.08,0.00
2024-04-02,2024-04-01,FC-North,Regional Freight,1,1,0,0,0,0.0,2.0,1.0,4.59,0.00,4.59,228.24,95.91,0.00
2024-10-25,2024-10-01,FC-Central,Regional Freight,2,2,0,0,0,0.0,3.0,2.5,5.97,0.00,5.97,296.62,80.51,0.00
2024-04-14,2024-04-01,FC-Central,Metro Post,2,2,0,0,0,0.0,3.5,3.0,15.35,0.00,15.35,586.92,135.72,0.00
2024-05-31,2024-05-01,FC-North,Swiftline,2,2,0,0,0,0.0,4.0,4.0,16.46,0.00,16.46,843.81,275.93,0.00
2024-04-14,2024-04-01,FC-North,Metro Post,1,1,0,0,0,0.0,4.0,2.0,10.09,0.00,10.09,374.99,-199.22,0.00
2024-04-12,2024-04-01,FC-South,Regional Freight,1,1,0,0,0,0.0,3.0,3.0,3.59,0.00,3.59,148.29,72.6,0.00
2024-06-06,2024-06-01,FC-South,Swiftline,3,3,0,0,0,0.0,3.0,2.667,25.52,4.99,20.53,1075.60,211.23,0.00
2024-08-29,2024-08-01,FC-Central,Swiftline,1,1,0,0,0,0.0,2.0,1.0,6.66,0.00,6.66,311.66,135.95,0.00
2024-04-14,2024-04-01,FC-South,Regional Freight,1,1,0,0,0,0.0,2.0,1.0,5.11,0.00,5.11,279.33,46.44,0.00
2024-10-16,2024-10-01,FC-South,Regional Freight,6,5,1,1,4,0.667,3.667,3.167,34.84,0.00,34.84,1503.68,505.68,544.39
2024-04-18,2024-04-01,FC-Central,Regional Freight,1,1,0,0,0,0.0,3.0,2.0,6.25,0.00,6.25,514.15,254.7,0.00
2024-04-16,2024-04-01,FC-Central,Metro Post,1,1,0,0,0,0.0,3.0,3.0,11.40,0.00,11.40,623.53,138.28,0.00
2024-11-10,2024-11-01,FC-Central,Metro Post,4,3,1,1,3,0.75,4.0,4.0,36.63,0.00,36.63,1145.41,333.56,139.31
2024-04-23,2024-04-01,FC-Central,Regional Freight,2,2,0,0,0,0.0,3.0,2.0,7.64,0.00,7.64,595.12,84.0,0.00
2024-04-28,2024-04-01,FC-North,Regional Freight,1,1,0,0,0,0.0,4.0,2.0,8.65,0.00,8.65,174.00,54.84,0.00
2026-05-17,2026-05-01,FC-Central,Swiftline,3,3,0,0,0,0.0,2.667,2.333,35.12,0.00,35.12,1906.08,130.25,0.00
2024-05-01,2024-05-01,FC-Central,Swiftline,1,1,0,0,0,0.0,3.0,3.0,12.08,0.00,12.08,530.60,75.04,0.00
2024-05-15,2024-05-01,FC-South,Swiftline,1,1,0,0,0,0.0,3.0,1.0,20.74,0.00,20.74,409.60,145.24,0.00
2024-05-17,2024-05-01,FC-Central,Metro Post,1,1,0,0,0,0.0,3.0,2.0,3.04,4.99,-1.95,34.78,20.39,0.00
2024-08-07,2024-08-01,FC-Central,Regional Freight,4,2,2,1,4,1.0,4.25,4.0,12.62,0.00,12.62,1418.25,487.4,454.50
2025-03-25,2025-03-01,FC-South,Regional Freight,3,2,1,0,1,0.333,4.667,4.0,16.97,0.00,16.97,1012.78,111.74,128.17
2024-07-30,2024-07-01,FC-Central,Metro Post,1,1,0,0,0,0.0,2.0,2.0,5.29,0.00,5.29,119.92,47.66,0.00
2024-05-28,2024-05-01,FC-South,Regional Freight,3,3,0,0,0,0.0,2.333,1.667,18.06,0.00,18.06,743.84,69.02,0.00
2024-07-05,2024-07-01,FC-South,Regional Freight,2,2,0,0,0,0.0,3.0,3.0,14.10,0.00,14.10,527.88,35.91,0.00
2024-07-15,2024-07-01,FC-South,Swiftline,2,2,0,0,0,0.0,2.0,1.5,14.56,0.00,14.56,462.33,179.9,0.00
2024-05-30,2024-05-01,FC-South,Swiftline,1,1,0,0,0,0.0,2.0,1.0,4.39,0.00,4.39,108.92,-4.39,0.00
2024-12-08,2024-12-01,FC-North,Swiftline,3,1,2,2,7,2.333,6.0,6.0,50.21,4.99,45.22,667.38,159.53,124.24
2024-06-07,2024-06-01,FC-South,Swiftline,4,4,0,0,0,0.0,2.5,2.25,30.70,4.99,25.71,730.24,189.52,0.00
2024-07-17,2024-07-01,FC-South,Metro Post,2,2,0,0,0,0.0,2.0,1.5,13.62,0.00,13.62,432.23,-41.0,0.00
2025-09-01,2025-09-01,FC-North,Swiftline,5,5,0,0,0,0.0,2.8,2.8,42.30,0.00,42.30,1163.05,330.26,0.00
2024-10-21,2024-10-01,FC-Central,Metro Post,2,2,0,0,0,0.0,1.5,1.0,8.40,4.99,3.41,96.65,38.66,0.00
2024-08-28,2024-08-01,FC-Central,Metro Post,2,2,0,0,0,0.0,3.5,3.5,17.66,0.00,17.66,289.45,69.59,0.00
2024-08-12,2024-08-01,FC-Central,Regional Freight,1,1,0,0,0,0.0,3.0,3.0,2.69,0.00,2.69,158.42,99.78,0.00
2024-07-09,2024-07-01,FC-South,Metro Post,5,5,0,0,0,0.0,3.2,2.6,43.53,4.99,38.54,1387.09,161.47,0.00
2024-07-29,2024-07-01,FC-North,Regional Freight,2,2,0,0,0,0.0,2.5,2.5,8.91,0.00,8.91,1115.68,-36.42,0.00
2024-06-24,2024-06-01,FC-Central,Swiftline,1,1,0,0,0,0.0,5.0,5.0,11.22,4.99,6.23,30.80,9.87,0.00
2024-06-28,2024-06-01,FC-South,Regional Freight,3,1,2,1,4,1.333,3.667,2.333,30.25,0.00,30.25,1015.81,264.3,577.76
2025-01-09,2025-01-01,FC-North,Swiftline,2,2,0,0,0,0.0,4.0,3.5,11.99,4.99,7.00,361.35,74.63,0.00
2024-06-30,2024-06-01,FC-Central,Regional Freight,1,1,0,0,0,0.0,2.0,1.0,6.92,0.00,6.92,507.26,94.4,0.00
2024-06-30,2024-06-01,FC-North,Metro Post,1,1,0,0,0,0.0,5.0,4.0,4.49,0.00,4.49,122.39,68.38,0.00
2024-07-02,2024-07-01,FC-South,Regional Freight,1,1,0,0,0,0.0,5.0,4.0,4.14,0.00,4.14,491.44,114.56,0.00
2024-07-04,2024-07-01,FC-South,Regional Freight,3,3,0,0,0,0.0,3.667,3.333,8.83,0.00,8.83,595.77,136.8,0.00
2024-07-07,2024-07-01,FC-Central,Regional Freight,2,2,0,0,0,0.0,4.0,3.0,34.13,0.00,34.13,1029.60,407.39,0.00
2024-12-26,2024-12-01,FC-South,Swiftline,1,1,0,0,0,0.0,3.0,3.0,5.32,0.00,5.32,160.03,31.24,0.00
2024-09-08,2024-09-01,FC-North,Metro Post,3,3,0,0,0,0.0,2.667,2.667,18.74,0.00,18.74,903.44,349.5,0.00
2025-03-26,2025-03-01,FC-South,Swiftline,4,4,0,0,0,0.0,2.75,2.25,43.65,0.00,43.65,1733.15,602.06,0.00
2024-07-23,2024-07-01,FC-South,Swiftline,1,1,0,0,0,0.0,3.0,3.0,3.94,0.00,3.94,125.23,61.86,0.00
2024-10-10,2024-10-01,FC-South,Regional Freight,3,1,2,1,6,2.0,4.667,4.333,20.14,0.00,20.14,490.22,138.07,362.85
2024-07-22,2024-07-01,FC-South,Swiftline,1,0,1,0,1,1.0,3.0,3.0,14.36,0.00,14.36,303.53,142.19,303.53
2024-07-22,2024-07-01,FC-North,Regional Freight,1,1,0,0,0,0.0,5.0,5.0,2.67,4.99,-2.32,38.24,18.68,0.00
2024-08-20,2024-08-01,FC-South,Swiftline,3,3,0,0,0,0.0,3.0,2.667,42.22,4.99,37.23,835.57,203.97,0.00
2024-07-30,2024-07-01,FC-South,Swiftline,1,1,0,0,0,0.0,3.0,3.0,11.19,0.00,11.19,97.57,-11.19,0.00
2024-07-31,2024-07-01,FC-South,Regional Freight,1,1,0,0,0,0.0,2.0,2.0,5.95,0.00,5.95,393.84,31.47,0.00
2024-10-26,2024-10-01,FC-Central,Metro Post,1,1,0,0,0,0.0,5.0,5.0,12.32,0.00,12.32,459.91,20.04,0.00
2026-01-25,2026-01-01,FC-South,Metro Post,3,2,1,1,3,1.0,5.0,4.667,31.19,0.00,31.19,950.83,88.06,193.52
2024-08-06,2024-08-01,FC-Central,Metro Post,2,2,0,0,0,0.0,3.5,2.5,10.48,0.00,10.48,342.64,-14.27,0.00
2025-02-24,2025-02-01,FC-South,Regional Freight,3,1,2,1,4,1.333,4.333,3.667,16.01,4.99,11.02,297.72,16.32,276.82
2024-09-08,2024-09-01,FC-Central,Metro Post,1,1,0,0,0,0.0,3.0,2.0,9.98,0.00,9.98,593.62,275.6,0.00
2024-08-08,2024-08-01,FC-South,Swiftline,2,1,1,0,1,0.5,3.5,2.5,14.76,0.00,14.76,295.09,26.75,159.25
2024-08-04,2024-08-01,FC-Central,Metro Post,1,1,0,0,0,0.0,2.0,1.0,5.84,0.00,5.84,504.21,119.09,0.00
2024-11-26,2024-11-01,FC-South,Regional Freight,5,3,2,0,2,0.4,4.2,3.8,29.66,4.99,24.67,967.85,331.63,454.25
2024-08-19,2024-08-01,FC-South,Metro Post,1,1,0,0,0,0.0,3.0,3.0,7.03,0.00,7.03,189.90,-7.03,0.00
2025-02-15,2025-02-01,FC-South,Swiftline,3,2,1,0,2,0.667,4.0,3.667,34.36,0.00,34.36,523.02,163.53,76.05
2024-08-25,2024-08-01,FC-South,Regional Freight,3,3,0,0,0,0.0,2.333,2.0,22.42,0.00,22.42,724.14,200.53,0.00
2024-08-26,2024-08-01,FC-Central,Metro Post,3,3,0,0,0,0.0,2.333,2.333,40.42,0.00,40.42,1229.33,292.18,0.00
2024-11-07,2024-11-01,FC-South,Metro Post,1,0,1,1,9,9.0,13.0,12.0,13.14,0.00,13.14,487.78,53.65,487.78
2025-02-14,2025-02-01,FC-North,Swiftline,2,2,0,0,0,0.0,3.0,3.0,11.23,0.00,11.23,344.06,111.89,0.00
2024-08-30,2024-08-01,FC-Central,Swiftline,2,2,0,0,0,0.0,1.0,1.0,16.70,4.99,11.71,274.62,50.37,0.00
2024-09-02,2024-09-01,FC-Central,Metro Post,3,2,1,1,9,3.0,6.667,6.0,15.29,0.00,15.29,373.24,139.96,126.60
2024-10-23,2024-10-01,FC-North,Swiftline,3,3,0,0,0,0.0,3.333,2.667,23.22,0.00,23.22,718.55,272.24,0.00
2025-07-11,2025-07-01,FC-South,Swiftline,2,2,0,0,0,0.0,3.5,3.5,14.26,0.00,14.26,322.55,154.77,0.00
2024-10-23,2024-10-01,FC-South,Regional Freight,1,0,1,0,2,2.0,5.0,5.0,2.70,0.00,2.70,94.68,-2.7,94.68
2024-11-16,2024-11-01,FC-South,Regional Freight,5,3,2,2,8,1.6,4.2,4.2,24.71,0.00,24.71,1543.99,409.46,241.47
2024-12-08,2024-12-01,FC-Central,Metro Post,2,1,1,0,1,0.5,3.0,2.5,11.08,0.00,11.08,843.73,62.73,448.31
2024-09-07,2024-09-01,FC-Central,Regional Freight,2,2,0,0,0,0.0,3.0,2.5,9.26,0.00,9.26,348.76,129.39,0.00
2024-09-06,2024-09-01,FC-South,Metro Post,1,1,0,0,0,0.0,3.0,2.0,9.32,0.00,9.32,97.95,31.32,0.00
2024-11-19,2024-11-01,FC-North,Swiftline,5,4,1,1,3,0.6,3.4,2.8,45.38,0.00,45.38,1509.99,278.53,219.47
2025-10-09,2025-10-01,FC-North,Swiftline,5,5,0,0,0,0.0,2.2,1.6,60.61,0.00,60.61,1306.66,482.96,0.00
2025-03-18,2025-03-01,FC-South,Swiftline,4,3,1,0,1,0.25,3.75,2.5,35.31,0.00,35.31,1181.72,315.29,67.20
2024-09-21,2024-09-01,FC-North,Metro Post,1,1,0,0,0,0.0,4.0,4.0,3.90,0.00,3.90,54.92,27.44,0.00
2024-09-21,2024-09-01,FC-Central,Regional Freight,1,1,0,0,0,0.0,1.0,1.0,2.51,0.00,2.51,161.57,17.14,0.00
2024-12-06,2024-12-01,FC-South,Metro Post,1,1,0,0,0,0.0,5.0,4.0,5.44,0.00,5.44,281.49,124.16,0.00
2024-09-27,2024-09-01,FC-South,Metro Post,1,1,0,0,0,0.0,4.0,3.0,5.06,0.00,5.06,179.14,73.56,0.00
2024-09-25,2024-09-01,FC-Central,Metro Post,1,1,0,0,0,0.0,5.0,3.0,3.04,0.00,3.04,116.94,66.68,0.00
2024-09-30,2024-09-01,FC-North,Metro Post,2,1,1,0,1,0.5,2.5,1.5,7.38,0.00,7.38,242.82,72.67,90.78
2025-02-15,2025-02-01,FC-North,Swiftline,3,3,0,0,0,0.0,2.333,2.333,24.19,0.00,24.19,853.48,120.31,0.00
2024-10-04,2024-10-01,FC-North,Metro Post,2,2,0,0,0,0.0,2.0,1.5,7.55,0.00,7.55,300.98,141.65,0.00
2024-12-13,2024-12-01,FC-North,Regional Freight,2,2,0,0,0,0.0,2.5,2.0,8.76,0.00,8.76,453.51,95.66,0.00
2024-10-11,2024-10-01,FC-South,Swiftline,3,3,0,0,0,0.0,3.667,3.667,34.80,0.00,34.80,628.82,223.5,0.00
2024-10-12,2024-10-01,FC-South,Regional Freight,2,2,0,0,0,0.0,3.5,3.0,6.00,0.00,6.00,391.91,69.09,0.00
2025-04-23,2025-04-01,FC-Central,Swiftline,3,3,0,0,0,0.0,3.333,2.667,51.86,0.00,51.86,2345.23,366.55,0.00
2025-05-01,2025-05-01,FC-North,Swiftline,4,4,0,0,0,0.0,3.5,3.5,56.05,4.99,51.06,1324.24,505.61,0.00
2026-04-29,2026-04-01,FC-South,Regional Freight,5,4,1,0,1,0.2,3.2,2.8,25.39,0.00,25.39,1592.39,579.68,552.97
2024-10-19,2024-10-01,FC-Central,Swiftline,1,1,0,0,0,0.0,4.0,4.0,4.35,0.00,4.35,161.75,96.12,0.00
2024-11-20,2024-11-01,FC-Central,Metro Post,1,1,0,0,0,0.0,3.0,3.0,6.29,0.00,6.29,245.75,111.78,0.00
2024-10-21,2024-10-01,FC-North,Metro Post,2,2,0,0,0,0.0,2.5,2.0,8.70,4.99,3.71,803.66,211.12,0.00
2024-12-29,2024-12-01,FC-South,Swiftline,2,2,0,0,0,0.0,2.5,2.5,21.59,0.00,21.59,1075.49,220.85,0.00
2025-06-29,2025-06-01,FC-South,Swiftline,3,3,0,0,0,0.0,3.667,3.667,21.88,4.99,16.89,472.74,115.3,0.00
2024-10-24,2024-10-01,FC-Central,Regional Freight,1,1,0,0,0,0.0,1.0,1.0,6.32,0.00,6.32,287.39,70.82,0.00
2025-01-19,2025-01-01,FC-North,Regional Freight,1,1,0,0,0,0.0,3.0,3.0,2.33,0.00,2.33,74.32,52.42,0.00
2024-10-29,2024-10-01,FC-South,Regional Freight,2,2,0,0,0,0.0,3.0,3.0,11.91,0.00,11.91,1736.35,485.02,0.00
2025-01-03,2025-01-01,FC-North,Regional Freight,1,1,0,0,0,0.0,4.0,4.0,3.63,0.00,3.63,107.23,30.13,0.00
2024-10-30,2024-10-01,FC-Central,Metro Post,1,0,1,0,1,1.0,6.0,4.0,3.10,4.99,-1.89,28.17,1.89,28.17
2025-01-11,2025-01-01,FC-South,Metro Post,3,3,0,0,0,0.0,2.667,2.333,16.85,0.00,16.85,1415.17,236.0,0.00
2025-03-12,2025-03-01,FC-North,Swiftline,2,2,0,0,0,0.0,3.0,2.5,21.23,0.00,21.23,1781.68,90.37,0.00
2024-11-03,2024-11-01,FC-South,Regional Freight,1,1,0,0,0,0.0,1.0,1.0,3.71,0.00,3.71,269.83,1.36,0.00
2024-11-07,2024-11-01,FC-North,Swiftline,1,1,0,0,0,0.0,3.0,2.0,4.03,0.00,4.03,116.54,62.64,0.00
2025-03-18,2025-03-01,FC-North,Swiftline,1,1,0,0,0,0.0,4.0,4.0,4.08,0.00,4.08,116.07,-50.35,0.00
2025-02-19,2025-02-01,FC-South,Swiftline,1,1,0,0,0,0.0,2.0,2.0,4.59,4.99,-0.40,40.68,14.66,0.00
2026-01-30,2026-01-01,FC-Central,Swiftline,5,5,0,0,0,0.0,2.6,2.0,47.83,9.98,37.85,494.86,248.7,0.00
2025-09-17,2025-09-01,FC-North,Metro Post,3,3,0,0,0,0.0,2.667,2.667,28.09,0.00,28.09,821.80,104.83,0.00
2024-11-20,2024-11-01,FC-South,Metro Post,2,2,0,0,0,0.0,3.5,3.0,19.42,0.00,19.42,198.58,66.57,0.00
2024-12-31,2024-12-01,FC-Central,Regional Freight,3,3,0,0,0,0.0,2.667,2.333,11.42,0.00,11.42,437.82,208.42,0.00
2025-03-13,2025-03-01,FC-South,Metro Post,3,2,1,1,3,1.0,4.333,3.667,30.37,0.00,30.37,387.88,84.58,93.33
2024-11-29,2024-11-01,FC-South,Swiftline,1,1,0,0,0,0.0,2.0,2.0,15.27,0.00,15.27,387.40,91.03,0.00
2025-12-12,2025-12-01,FC-North,Metro Post,3,2,1,0,1,0.333,4.333,3.667,16.87,0.00,16.87,1148.27,-67.79,218.06
2025-03-01,2025-03-01,FC-South,Swiftline,1,1,0,0,0,0.0,1.0,1.0,13.61,0.00,13.61,102.46,-13.61,0.00
2024-12-04,2024-12-01,FC-South,Swiftline,2,0,2,1,5,2.5,5.0,5.0,8.01,9.98,-1.97,71.16,33.24,71.16
2024-12-06,2024-12-01,FC-North,Swiftline,3,3,0,0,0,0.0,3.333,3.333,46.88,0.00,46.88,2887.28,490.27,0.00
2026-03-28,2026-03-01,FC-Central,Swiftline,4,4,0,0,0,0.0,2.75,2.0,44.86,0.00,44.86,917.48,267.22,0.00
2025-06-02,2025-06-01,FC-South,Regional Freight,6,4,2,2,15,2.5,6.0,5.5,28.47,4.99,23.48,1832.72,541.09,712.72
2025-07-28,2025-07-01,FC-Central,Regional Freight,2,1,1,0,2,1.0,5.0,5.0,5.28,4.99,0.29,482.96,18.15,34.78
2025-04-01,2025-04-01,FC-South,Swiftline,3,3,0,0,0,0.0,4.333,3.0,17.59,4.99,12.60,568.71,31.51,0.00
2024-12-14,2024-12-01,FC-South,Metro Post,2,1,1,0,2,1.0,3.0,3.0,32.74,0.00,32.74,1702.12,268.12,302.24
2024-12-16,2024-12-01,FC-South,Regional Freight,1,1,0,0,0,0.0,1.0,1.0,4.90,0.00,4.90,325.98,-5.02,0.00
2024-12-18,2024-12-01,FC-North,Metro Post,4,3,1,0,2,0.5,3.75,2.75,52.33,0.00,52.33,760.73,244.45,219.15
2025-03-02,2025-03-01,FC-North,Swiftline,5,5,0,0,0,0.0,3.0,2.6,47.73,0.00,47.73,1673.57,649.93,0.00
2024-12-21,2024-12-01,FC-Central,Regional Freight,2,2,0,0,0,0.0,3.5,3.5,9.98,0.00,9.98,373.24,160.17,0.00
2025-03-23,2025-03-01,FC-South,Regional Freight,3,2,1,0,1,0.333,2.333,1.667,10.42,0.00,10.42,289.69,72.7,140.35
2025-12-03,2025-12-01,FC-South,Swiftline,3,3,0,0,0,0.0,3.333,2.333,18.80,4.99,13.81,703.60,153.0,0.00
2025-01-28,2025-01-01,FC-North,Metro Post,2,2,0,0,0,0.0,2.0,1.5,6.36,0.00,6.36,251.50,38.02,0.00
2024-12-27,2024-12-01,FC-Central,Regional Freight,1,0,1,1,3,3.0,7.0,7.0,2.26,4.99,-2.73,35.29,16.4,35.29
2024-12-28,2024-12-01,FC-South,Metro Post,2,1,1,0,1,0.5,4.0,4.0,17.34,0.00,17.34,1345.12,183.16,120.05
2025-01-15,2025-01-01,FC-Central,Swiftline,3,3,0,0,0,0.0,3.0,2.667,41.24,0.00,41.24,2656.00,776.54,0.00
2025-01-26,2025-01-01,FC-Central,Regional Freight,1,1,0,0,0,0.0,4.0,4.0,4.57,0.00,4.57,577.91,112.97,0.00
2025-03-31,2025-03-01,FC-Central,Metro Post,4,4,0,0,0,0.0,3.25,2.25,27.86,4.99,22.87,1325.35,345.09,0.00
2025-05-07,2025-05-01,FC-South,Metro Post,2,2,0,0,0,0.0,1.5,1.0,7.26,4.99,2.27,309.55,130.71,0.00
2025-04-17,2025-04-01,FC-North,Metro Post,2,2,0,0,0,0.0,3.5,3.0,11.18,0.00,11.18,314.16,20.93,0.00
2025-02-25,2025-02-01,FC-South,Swiftline,2,2,0,0,0,0.0,3.0,3.0,25.07,0.00,25.07,899.90,265.01,0.00
2025-03-17,2025-03-01,FC-North,Metro Post,3,3,0,0,0,0.0,1.667,1.667,21.24,0.00,21.24,663.23,163.76,0.00
2025-02-19,2025-02-01,FC-Central,Metro Post,1,1,0,0,0,0.0,4.0,2.0,7.80,0.00,7.80,372.78,-217.14,0.00
2025-05-08,2025-05-01,FC-North,Swiftline,4,4,0,0,0,0.0,3.0,2.5,56.53,4.99,51.54,1369.53,140.43,0.00
2025-02-13,2025-02-01,FC-Central,Metro Post,1,1,0,0,0,0.0,3.0,3.0,8.16,0.00,8.16,730.55,196.67,0.00
2025-01-30,2025-01-01,FC-South,Swiftline,1,1,0,0,0,0.0,2.0,2.0,5.72,0.00,5.72,171.21,100.15,0.00
2025-08-13,2025-08-01,FC-South,Metro Post,1,0,1,1,6,6.0,9.0,9.0,6.78,0.00,6.78,123.04,28.97,123.04
2025-09-18,2025-09-01,FC-South,Swiftline,1,0,1,1,3,3.0,6.0,6.0,3.92,0.00,3.92,117.17,62.17,117.17
2025-02-02,2025-02-01,FC-South,Regional Freight,1,0,1,1,6,6.0,9.0,8.0,3.90,0.00,3.90,287.18,170.63,287.18
2025-03-09,2025-03-01,FC-North,Metro Post,1,1,0,0,0,0.0,3.0,3.0,13.03,0.00,13.03,152.00,-122.4,0.00
2025-09-04,2025-09-01,FC-Central,Regional Freight,3,3,0,0,0,0.0,3.333,3.0,15.32,0.00,15.32,550.73,130.04,0.00
2025-02-23,2025-02-01,FC-South,Swiftline,2,2,0,0,0,0.0,4.5,4.5,12.48,0.00,12.48,552.36,113.78,0.00
2025-10-04,2025-10-01,FC-South,Regional Freight,1,1,0,0,0,0.0,5.0,5.0,3.14,0.00,3.14,156.81,79.62,0.00
2025-06-14,2025-06-01,FC-Central,Metro Post,3,2,1,1,9,3.0,6.333,5.0,16.73,0.00,16.73,396.93,133.84,117.92
2025-03-16,2025-03-01,FC-North,Metro Post,1,1,0,0,0,0.0,2.0,1.0,7.87,0.00,7.87,179.61,42.86,0.00
2025-06-17,2025-06-01,FC-Central,Swiftline,2,2,0,0,0,0.0,4.0,4.0,21.62,0.00,21.62,369.18,70.77,0.00
2025-09-12,2025-09-01,FC-Central,Regional Freight,3,3,0,0,0,0.0,3.333,3.0,18.03,0.00,18.03,506.71,181.97,0.00
2025-06-02,2025-06-01,FC-Central,Swiftline,2,2,0,0,0,0.0,2.0,1.0,10.32,0.00,10.32,366.74,120.98,0.00
2026-01-18,2026-01-01,FC-South,Regional Freight,4,3,1,0,2,0.5,4.25,3.5,15.38,0.00,15.38,343.66,112.59,140.95
2025-07-02,2025-07-01,FC-North,Metro Post,3,3,0,0,0,0.0,3.333,2.667,14.91,0.00,14.91,986.18,103.69,0.00
2025-07-10,2025-07-01,FC-North,Swiftline,3,3,0,0,0,0.0,1.667,1.0,38.09,0.00,38.09,1331.27,406.34,0.00
2025-10-22,2025-10-01,FC-South,Metro Post,3,3,0,0,0,0.0,2.667,2.333,15.03,0.00,15.03,512.75,-12.4,0.00
2025-07-19,2025-07-01,FC-North,Metro Post,2,2,0,0,0,0.0,3.5,3.5,30.48,0.00,30.48,1246.51,349.86,0.00
2025-04-08,2025-04-01,FC-South,Regional Freight,4,2,2,1,5,1.25,4.25,4.0,20.29,4.99,15.30,968.66,232.71,445.08
2025-04-07,2025-04-01,FC-Central,Regional Freight,1,0,1,1,9,9.0,12.0,12.0,2.71,0.00,2.71,101.55,34.17,101.55
2025-05-10,2025-05-01,FC-South,Metro Post,3,2,1,1,4,1.333,5.333,5.333,13.20,4.99,8.21,573.57,302.65,88.93
2025-04-13,2025-04-01,FC-North,Regional Freight,1,1,0,0,0,0.0,4.0,4.0,2.80,0.00,2.80,211.22,23.78,0.00
2025-04-14,2025-04-01,FC-South,Metro Post,1,1,0,0,0,0.0,3.0,3.0,5.73,0.00,5.73,166.99,-30.81,0.00
2025-08-21,2025-08-01,FC-South,Swiftline,6,6,0,0,0,0.0,3.0,2.333,85.19,9.98,75.21,1933.18,581.07,0.00
2025-06-26,2025-06-01,FC-Central,Swiftline,3,3,0,0,0,0.0,4.0,3.333,33.92,0.00,33.92,523.94,10.4,0.00
2025-08-26,2025-08-01,FC-North,Swiftline,5,5,0,0,0,0.0,2.2,2.2,46.06,0.00,46.06,1845.07,342.68,0.00
2025-04-18,2025-04-01,FC-North,Metro Post,1,1,0,0,0,0.0,4.0,3.0,4.07,0.00,4.07,74.96,13.85,0.00
2025-05-26,2025-05-01,FC-South,Swiftline,1,1,0,0,0,0.0,1.0,1.0,15.22,0.00,15.22,529.15,32.77,0.00
2026-03-02,2026-03-01,FC-Central,Metro Post,1,1,0,0,0,0.0,3.0,3.0,4.14,0.00,4.14,55.40,12.84,0.00
2025-06-11,2025-06-01,FC-Central,Swiftline,3,3,0,0,0,0.0,3.333,2.333,17.76,4.99,12.77,573.91,55.84,0.00
2025-04-28,2025-04-01,FC-South,Swiftline,1,1,0,0,0,0.0,2.0,2.0,5.22,0.00,5.22,508.00,77.03,0.00
2025-10-04,2025-10-01,FC-North,Metro Post,3,2,1,1,9,3.0,7.333,7.0,23.06,0.00,23.06,1189.08,234.63,167.48
2026-04-09,2026-04-01,FC-North,Swiftline,5,4,1,0,1,0.2,3.6,2.8,42.62,0.00,42.62,1334.08,275.31,57.01
2025-11-23,2025-11-01,FC-Central,Regional Freight,2,2,0,0,0,0.0,3.5,2.5,13.69,0.00,13.69,439.14,78.23,0.00
2025-08-15,2025-08-01,FC-Central,Regional Freight,3,3,0,0,0,0.0,3.333,2.667,18.43,0.00,18.43,1795.41,288.89,0.00
2026-03-04,2026-03-01,FC-North,Swiftline,4,4,0,0,0,0.0,2.5,2.0,25.25,0.00,25.25,1407.42,671.35,0.00
2025-07-17,2025-07-01,FC-South,Metro Post,1,1,0,0,0,0.0,4.0,4.0,3.82,0.00,3.82,78.15,42.91,0.00
2026-05-02,2026-05-01,FC-North,Regional Freight,3,3,0,0,0,0.0,3.0,2.333,13.32,0.00,13.32,782.80,3.35,0.00
2025-05-09,2025-05-01,FC-Central,Metro Post,1,1,0,0,0,0.0,4.0,4.0,4.41,0.00,4.41,337.55,81.18,0.00
2025-05-06,2025-05-01,FC-Central,Metro Post,1,1,0,0,0,0.0,5.0,5.0,6.14,0.00,6.14,150.65,59.19,0.00
2025-05-11,2025-05-01,FC-South,Swiftline,2,2,0,0,0,0.0,3.5,3.0,16.42,0.00,16.42,1043.93,-3.19,0.00
2025-05-15,2025-05-01,FC-South,Metro Post,3,2,1,0,1,0.333,3.333,2.667,35.51,0.00,35.51,1159.25,372.18,264.34
2026-03-12,2026-03-01,FC-Central,Regional Freight,2,2,0,0,0,0.0,2.5,1.5,7.57,0.00,7.57,450.96,39.9,0.00
2025-07-05,2025-07-01,FC-Central,Swiftline,1,1,0,0,0,0.0,1.0,1.0,7.77,0.00,7.77,441.67,96.73,0.00
2025-05-20,2025-05-01,FC-Central,Swiftline,1,1,0,0,0,0.0,4.0,3.0,24.09,0.00,24.09,1089.42,176.08,0.00
2025-08-27,2025-08-01,FC-North,Metro Post,3,3,0,0,0,0.0,2.667,1.667,17.43,0.00,17.43,723.55,107.85,0.00
2026-04-07,2026-04-01,FC-South,Swiftline,2,2,0,0,0,0.0,2.5,2.0,8.12,0.00,8.12,133.89,72.74,0.00
2025-05-31,2025-05-01,FC-South,Regional Freight,1,0,1,0,2,2.0,4.0,4.0,2.51,0.00,2.51,161.57,17.14,161.57
2026-01-15,2026-01-01,FC-South,Metro Post,2,2,0,0,0,0.0,2.0,2.0,13.77,0.00,13.77,253.25,26.89,0.00
2025-12-08,2025-12-01,FC-South,Metro Post,2,1,1,0,1,0.5,3.5,3.0,22.82,0.00,22.82,935.67,315.35,108.52
2026-01-14,2026-01-01,FC-South,Swiftline,5,5,0,0,0,0.0,3.4,2.8,42.07,0.00,42.07,3556.09,718.44,0.00
2026-04-13,2026-04-01,FC-South,Swiftline,2,2,0,0,0,0.0,4.0,4.0,19.78,0.00,19.78,986.20,152.35,0.00
2025-07-14,2025-07-01,FC-Central,Regional Freight,1,1,0,0,0,0.0,3.0,3.0,7.75,0.00,7.75,294.76,106.01,0.00
2026-04-19,2026-04-01,FC-Central,Metro Post,6,5,1,0,2,0.333,2.667,2.167,61.93,0.00,61.93,2804.89,477.13,1100.73
2025-08-01,2025-08-01,FC-Central,Swiftline,1,1,0,0,0,0.0,4.0,3.0,7.93,0.00,7.93,393.89,59.86,0.00
2025-06-12,2025-06-01,FC-North,Regional Freight,1,1,0,0,0,0.0,4.0,2.0,9.93,0.00,9.93,362.58,-20.14,0.00
2025-09-28,2025-09-01,FC-North,Metro Post,2,1,1,0,1,0.5,2.0,2.0,41.53,0.00,41.53,801.61,256.91,135.56
2025-09-18,2025-09-01,FC-North,Regional Freight,2,2,0,0,0,0.0,3.0,1.5,9.84,0.00,9.84,437.28,46.23,0.00
2025-08-18,2025-08-01,FC-North,Metro Post,2,1,1,0,2,1.0,4.0,4.0,21.33,0.00,21.33,697.36,268.14,559.32
2025-06-19,2025-06-01,FC-South,Regional Freight,4,4,0,0,0,0.0,2.75,1.75,19.31,0.00,19.31,1461.85,170.02,0.00
2025-10-05,2025-10-01,FC-South,Swiftline,1,1,0,0,0,0.0,2.0,2.0,24.92,0.00,24.92,1302.75,435.37,0.00
2025-08-30,2025-08-01,FC-North,Metro Post,2,2,0,0,0,0.0,2.0,1.0,15.98,0.00,15.98,565.16,229.71,0.00
2026-03-21,2026-03-01,FC-South,Swiftline,3,3,0,0,0,0.0,3.333,3.333,23.88,4.99,18.89,471.61,181.4,0.00
2025-10-31,2025-10-01,FC-South,Swiftline,2,2,0,0,0,0.0,3.0,2.5,8.75,0.00,8.75,239.04,137.45,0.00
2025-09-08,2025-09-01,FC-Central,Swiftline,2,2,0,0,0,0.0,3.0,2.5,26.67,0.00,26.67,1409.66,319.37,0.00
2025-07-08,2025-07-01,FC-Central,Regional Freight,1,0,1,1,9,9.0,12.0,12.0,10.83,0.00,10.83,495.96,122.52,495.96
2026-02-06,2026-02-01,FC-Central,Swiftline,1,1,0,0,0,0.0,2.0,2.0,5.37,0.00,5.37,245.52,-5.37,0.00
2026-01-10,2026-01-01,FC-Central,Metro Post,5,5,0,0,0,0.0,3.2,2.6,37.87,0.00,37.87,1686.16,325.89,0.00
2025-07-14,2025-07-01,FC-North,Metro Post,1,1,0,0,0,0.0,2.0,2.0,4.04,0.00,4.04,121.51,46.04,0.00
2025-09-13,2025-09-01,FC-Central,Swiftline,2,2,0,0,0,0.0,3.5,3.5,12.02,0.00,12.02,354.10,126.21,0.00
2025-07-22,2025-07-01,FC-North,Swiftline,2,2,0,0,0,0.0,2.5,2.0,10.42,9.98,0.44,69.44,31.29,0.00
2025-10-20,2025-10-01,FC-South,Swiftline,3,3,0,0,0,0.0,3.333,3.333,13.92,4.99,8.93,248.50,82.96,0.00
2025-07-26,2025-07-01,FC-North,Swiftline,4,4,0,0,0,0.0,2.5,2.0,27.12,0.00,27.12,934.82,312.53,0.00
2025-07-26,2025-07-01,FC-Central,Regional Freight,2,1,1,1,3,1.5,5.5,5.5,21.60,0.00,21.60,855.43,-15.28,688.58
2026-01-06,2026-01-01,FC-South,Regional Freight,5,3,2,0,4,0.8,4.0,3.8,22.88,0.00,22.88,1249.34,110.84,255.09
2025-08-26,2025-08-01,FC-Central,Metro Post,2,1,1,1,6,3.0,6.5,6.0,9.91,0.00,9.91,168.10,50.48,93.30
2025-08-08,2025-08-01,FC-Central,Metro Post,1,1,0,0,0,0.0,2.0,2.0,19.89,0.00,19.89,960.97,249.98,0.00
2025-08-09,2025-08-01,FC-Central,Swiftline,1,1,0,0,0,0.0,5.0,4.0,12.30,0.00,12.30,121.20,30.27,0.00
2026-04-19,2026-04-01,FC-South,Metro Post,4,2,2,0,3,0.75,3.25,2.75,25.35,4.99,20.36,662.77,116.74,189.73
2026-02-07,2026-02-01,FC-South,Metro Post,3,2,1,0,1,0.333,2.333,2.333,29.82,0.00,29.82,1003.10,283.59,767.83
2026-01-03,2026-01-01,FC-South,Regional Freight,3,2,1,0,2,0.667,4.333,4.333,35.14,0.00,35.14,1245.59,81.47,772.23
2025-10-12,2025-10-01,FC-North,Swiftline,2,2,0,0,0,0.0,1.5,1.5,20.00,0.00,20.00,511.65,181.59,0.00
2026-01-08,2026-01-01,FC-North,Regional Freight,1,1,0,0,0,0.0,3.0,3.0,6.26,0.00,6.26,418.36,111.81,0.00
2025-11-12,2025-11-01,FC-North,Regional Freight,2,1,1,1,6,3.0,7.0,7.0,24.46,0.00,24.46,1331.66,-339.01,1247.29
2026-02-08,2026-02-01,FC-South,Metro Post,3,3,0,0,0,0.0,3.333,1.667,21.91,4.99,16.92,257.65,93.12,0.00
2026-03-09,2026-03-01,FC-North,Metro Post,2,2,0,0,0,0.0,2.5,2.5,43.16,0.00,43.16,1236.49,41.32,0.00
2026-01-25,2026-01-01,FC-North,Regional Freight,1,0,1,1,3,3.0,5.0,5.0,4.29,0.00,4.29,265.63,-140.66,265.63
2025-08-29,2025-08-01,FC-South,Swiftline,1,1,0,0,0,0.0,3.0,3.0,5.28,0.00,5.28,255.14,135.11,0.00
2025-11-02,2025-11-01,FC-South,Metro Post,2,2,0,0,0,0.0,3.0,1.5,19.89,4.99,14.90,526.07,194.28,0.00
2025-10-13,2025-10-01,FC-South,Regional Freight,3,2,1,1,6,2.0,4.667,4.333,12.58,0.00,12.58,614.29,92.95,291.61
2026-03-02,2026-03-01,FC-North,Swiftline,7,7,0,0,0,0.0,3.429,2.857,55.82,4.99,50.83,2652.94,458.12,0.00
2025-09-07,2025-09-01,FC-Central,Metro Post,1,0,1,1,3,3.0,8.0,8.0,6.89,0.00,6.89,1277.40,165.79,1277.40
2025-09-11,2025-09-01,FC-Central,Regional Freight,1,1,0,0,0,0.0,3.0,1.0,2.56,0.00,2.56,187.62,11.22,0.00
2025-09-11,2025-09-01,FC-North,Metro Post,2,2,0,0,0,0.0,2.5,1.5,15.06,0.00,15.06,1282.93,120.86,0.00
2025-11-03,2025-11-01,FC-North,Swiftline,5,5,0,0,0,0.0,2.4,2.0,48.13,4.99,43.14,1308.81,179.02,0.00
2026-01-10,2026-01-01,FC-North,Metro Post,2,2,0,0,0,0.0,3.0,2.5,25.97,0.00,25.97,520.79,95.21,0.00
2025-09-16,2025-09-01,FC-North,Regional Freight,1,1,0,0,0,0.0,2.0,1.0,3.95,0.00,3.95,214.78,-48.9,0.00
2025-12-03,2025-12-01,FC-Central,Regional Freight,2,2,0,0,0,0.0,2.0,1.5,15.14,0.00,15.14,2291.19,409.19,0.00
2025-12-13,2025-12-01,FC-Central,Regional Freight,2,1,1,0,2,1.0,4.5,3.0,8.97,0.00,8.97,1072.02,217.92,603.66
2026-05-25,2026-05-01,FC-South,Metro Post,3,3,0,0,0,0.0,3.333,2.667,28.86,0.00,28.86,1527.20,190.28,0.00
2025-09-24,2025-09-01,FC-South,Metro Post,1,1,0,0,0,0.0,2.0,2.0,3.09,0.00,3.09,59.63,35.41,0.00
2025-11-19,2025-11-01,FC-South,Regional Freight,2,1,1,1,4,2.0,6.0,6.0,17.45,0.00,17.45,1497.91,54.3,811.38
2025-09-29,2025-09-01,FC-North,Swiftline,4,4,0,0,0,0.0,2.75,1.75,25.56,0.00,25.56,708.29,270.53,0.00
2025-11-30,2025-11-01,FC-North,Metro Post,3,3,0,0,0,0.0,3.0,3.0,24.46,0.00,24.46,680.81,210.1,0.00
2026-02-17,2026-02-01,FC-Central,Swiftline,2,2,0,0,0,0.0,2.5,2.0,10.35,0.00,10.35,348.51,94.53,0.00
2025-12-16,2025-12-01,FC-Central,Swiftline,5,5,0,0,0,0.0,2.8,2.6,34.73,4.99,29.74,772.90,292.58,0.00
2026-04-08,2026-04-01,FC-North,Swiftline,2,2,0,0,0,0.0,2.0,2.0,12.52,4.99,7.53,433.52,61.73,0.00
2026-01-23,2026-01-01,FC-South,Swiftline,2,2,0,0,0,0.0,3.5,2.5,15.81,0.00,15.81,208.53,57.51,0.00
2025-10-12,2025-10-01,FC-Central,Metro Post,2,2,0,0,0,0.0,2.5,2.5,26.62,0.00,26.62,1915.34,255.56,0.00
2025-10-15,2025-10-01,FC-Central,Regional Freight,2,2,0,0,0,0.0,2.0,1.5,11.19,0.00,11.19,910.27,284.13,0.00
2026-05-10,2026-05-01,FC-North,Swiftline,3,3,0,0,0,0.0,1.333,1.333,39.51,0.00,39.51,1710.84,330.15,0.00
2026-03-29,2026-03-01,FC-South,Metro Post,3,2,1,0,1,0.333,3.333,2.667,60.17,0.00,60.17,2273.36,520.38,640.31
2025-11-24,2025-11-01,FC-South,Swiftline,4,3,1,0,1,0.25,2.75,1.75,19.12,0.00,19.12,703.86,147.05,261.63
2025-10-21,2025-10-01,FC-Central,Regional Freight,1,1,0,0,0,0.0,2.0,1.0,2.80,0.00,2.80,215.21,43.13,0.00
2025-12-27,2025-12-01,FC-South,Swiftline,3,3,0,0,0,0.0,2.333,2.333,37.36,0.00,37.36,678.47,205.24,0.00
2026-06-16,2026-06-01,FC-South,Swiftline,3,3,0,0,0,0.0,2.667,2.333,19.59,4.99,14.60,147.86,46.54,0.00
2026-01-12,2026-01-01,FC-South,Swiftline,3,3,0,0,0,0.0,3.333,2.333,22.69,0.00,22.69,830.70,348.54,0.00
2025-10-24,2025-10-01,FC-Central,Swiftline,1,1,0,0,0,0.0,3.0,3.0,4.59,0.00,4.59,97.90,-60.1,0.00
2025-11-26,2025-11-01,FC-Central,Regional Freight,3,3,0,0,0,0.0,3.0,2.667,13.64,0.00,13.64,559.18,269.0,0.00
2026-04-12,2026-04-01,FC-Central,Swiftline,3,2,1,1,3,1.0,5.0,4.0,59.20,0.00,59.20,1192.37,324.5,125.76
2025-11-08,2025-11-01,FC-North,Metro Post,2,1,1,1,4,2.0,6.0,6.0,13.90,0.00,13.90,716.07,286.19,223.17
2026-06-20,2026-06-01,FC-South,Regional Freight,1,1,0,0,0,0.0,3.0,3.0,3.07,0.00,3.07,261.95,29.37,0.00
2025-11-13,2025-11-01,FC-North,Regional Freight,1,1,0,0,0,0.0,4.0,3.0,6.35,0.00,6.35,774.61,54.58,0.00
2025-11-14,2025-11-01,FC-North,Metro Post,1,1,0,0,0,0.0,4.0,4.0,28.85,0.00,28.85,773.19,139.07,0.00
2026-04-15,2026-04-01,FC-South,Swiftline,2,2,0,0,0,0.0,2.5,2.0,15.75,0.00,15.75,409.54,155.59,0.00
2026-06-17,2026-06-01,FC-Central,Metro Post,1,1,0,0,0,0.0,5.0,4.0,5.11,0.00,5.11,138.70,57.73,0.00
2026-02-19,2026-02-01,FC-North,Swiftline,6,6,0,0,0,0.0,3.167,3.0,61.26,0.00,61.26,1725.57,208.5,0.00
2026-05-03,2026-05-01,FC-Central,Metro Post,4,4,0,0,0,0.0,3.25,3.0,29.15,0.00,29.15,1340.90,302.28,0.00
2026-03-28,2026-03-01,FC-North,Metro Post,2,2,0,0,0,0.0,3.5,3.0,17.95,0.00,17.95,768.21,344.55,0.00
2025-11-22,2025-11-01,FC-North,Swiftline,2,1,1,0,2,1.0,3.5,3.5,13.15,0.00,13.15,401.83,44.49,313.79
2026-02-12,2026-02-01,FC-North,Regional Freight,1,1,0,0,0,0.0,2.0,1.0,5.26,0.00,5.26,146.41,-5.26,0.00
2025-11-28,2025-11-01,FC-North,Regional Freight,1,1,0,0,0,0.0,2.0,1.0,2.99,0.00,2.99,78.34,-21.51,0.00
2026-02-18,2026-02-01,FC-South,Swiftline,4,4,0,0,0,0.0,2.25,1.75,42.75,0.00,42.75,1121.43,377.87,0.00
2026-04-22,2026-04-01,FC-North,Regional Freight,1,1,0,0,0,0.0,4.0,4.0,4.10,0.00,4.10,244.22,61.7,0.00
2026-02-01,2026-02-01,FC-Central,Swiftline,2,2,0,0,0,0.0,2.5,1.5,14.86,4.99,9.87,265.40,27.06,0.00
2026-03-08,2026-03-01,FC-South,Metro Post,2,2,0,0,0,0.0,3.0,3.0,17.24,0.00,17.24,338.20,10.13,0.00
2025-12-10,2025-12-01,FC-Central,Regional Freight,2,1,1,1,3,1.5,5.0,4.5,17.78,0.00,17.78,327.68,-11.69,196.19
2026-01-03,2026-01-01,FC-North,Metro Post,2,2,0,0,0,0.0,2.5,2.5,9.19,0.00,9.19,155.74,54.04,0.00
2026-01-20,2026-01-01,FC-South,Swiftline,3,3,0,0,0,0.0,3.667,3.333,24.38,0.00,24.38,736.87,149.92,0.00
2026-03-20,2026-03-01,FC-Central,Metro Post,4,4,0,0,0,0.0,4.0,3.75,15.60,0.00,15.60,490.52,237.97,0.00
2025-12-21,2025-12-01,FC-South,Swiftline,3,3,0,0,0,0.0,3.333,3.0,43.41,0.00,43.41,895.08,161.15,0.00
2026-02-12,2026-02-01,FC-South,Metro Post,2,2,0,0,0,0.0,2.5,2.5,13.07,0.00,13.07,179.77,54.94,0.00
2026-04-02,2026-04-01,FC-South,Swiftline,1,1,0,0,0,0.0,2.0,1.0,18.70,0.00,18.70,311.92,-33.73,0.00
2026-01-27,2026-01-01,FC-Central,Metro Post,2,2,0,0,0,0.0,3.0,3.0,11.49,0.00,11.49,304.16,120.71,0.00
2026-01-31,2026-01-01,FC-South,Metro Post,2,2,0,0,0,0.0,3.5,3.5,11.34,0.00,11.34,330.90,52.8,0.00
2026-01-05,2026-01-01,FC-North,Metro Post,1,1,0,0,0,0.0,3.0,2.0,8.76,0.00,8.76,804.43,-33.78,0.00
2026-04-07,2026-04-01,FC-North,Swiftline,2,2,0,0,0,0.0,3.5,3.5,15.20,0.00,15.20,375.21,150.0,0.00
2026-01-24,2026-01-01,FC-North,Metro Post,1,1,0,0,0,0.0,4.0,4.0,21.03,0.00,21.03,1209.82,202.49,0.00
2026-02-01,2026-02-01,FC-South,Metro Post,3,3,0,0,0,0.0,2.0,2.0,11.53,0.00,11.53,456.53,135.15,0.00
2026-02-16,2026-02-01,FC-South,Swiftline,1,0,1,1,6,6.0,9.0,8.0,5.33,0.00,5.33,607.09,-111.29,607.09
2026-03-16,2026-03-01,FC-North,Swiftline,2,2,0,0,0,0.0,2.5,2.0,77.38,0.00,77.38,1025.03,208.66,0.00
2026-03-10,2026-03-01,FC-South,Metro Post,1,1,0,0,0,0.0,2.0,2.0,5.34,0.00,5.34,623.39,85.05,0.00
2026-04-09,2026-04-01,FC-South,Regional Freight,4,4,0,0,0,0.0,3.5,3.25,29.80,0.00,29.80,1339.80,537.02,0.00
2026-02-12,2026-02-01,FC-Central,Regional Freight,2,1,1,0,1,0.5,3.0,3.0,14.26,0.00,14.26,289.57,75.93,225.81
2026-02-06,2026-02-01,FC-North,Regional Freight,1,1,0,0,0,0.0,2.0,2.0,7.76,0.00,7.76,91.23,5.98,0.00
2026-03-03,2026-03-01,FC-North,Regional Freight,1,0,1,0,2,2.0,4.0,4.0,7.01,0.00,7.01,192.22,-7.01,192.22
2026-04-24,2026-04-01,FC-Central,Swiftline,1,1,0,0,0,0.0,3.0,2.0,8.40,0.00,8.40,175.32,8.08,0.00
2026-04-14,2026-04-01,FC-Central,Swiftline,4,3,1,0,1,0.25,3.75,3.25,29.48,0.00,29.48,801.35,203.46,57.61
2026-04-28,2026-04-01,FC-North,Swiftline,4,4,0,0,0,0.0,3.25,2.5,41.65,0.00,41.65,1094.27,329.08,0.00
2026-02-27,2026-02-01,FC-South,Metro Post,1,1,0,0,0,0.0,3.0,3.0,9.01,0.00,9.01,757.98,116.18,0.00
2026-02-26,2026-02-01,FC-South,Swiftline,1,1,0,0,0,0.0,4.0,2.0,4.36,0.00,4.36,64.55,36.16,0.00
2026-03-01,2026-03-01,FC-South,Regional Freight,1,1,0,0,0,0.0,5.0,5.0,3.61,0.00,3.61,177.92,94.31,0.00
2026-04-07,2026-04-01,FC-Central,Swiftline,4,4,0,0,0,0.0,2.5,2.5,36.43,0.00,36.43,1236.38,146.2,0.00
2026-03-06,2026-03-01,FC-South,Swiftline,1,1,0,0,0,0.0,2.0,1.0,7.78,0.00,7.78,263.09,44.29,0.00
2026-06-02,2026-06-01,FC-South,Swiftline,1,1,0,0,0,0.0,3.0,1.0,4.48,0.00,4.48,51.99,25.63,0.00
2026-03-10,2026-03-01,FC-North,Metro Post,1,1,0,0,0,0.0,3.0,1.0,7.60,0.00,7.60,65.63,6.37,0.00
2026-03-18,2026-03-01,FC-South,Metro Post,1,1,0,0,0,0.0,4.0,3.0,3.04,4.99,-1.95,31.44,21.51,0.00
2026-03-17,2026-03-01,FC-Central,Metro Post,2,2,0,0,0,0.0,3.5,3.0,19.17,0.00,19.17,1700.79,44.38,0.00
2026-06-21,2026-06-01,FC-Central,Swiftline,1,1,0,0,0,0.0,3.0,3.0,5.96,0.00,5.96,322.36,139.09,0.00
2026-05-07,2026-05-01,FC-Central,Regional Freight,3,1,2,0,3,1.0,4.0,3.667,16.59,0.00,16.59,1438.48,212.87,591.02
2026-03-25,2026-03-01,FC-South,Swiftline,1,1,0,0,0,0.0,2.0,1.0,28.85,0.00,28.85,980.21,-93.79,0.00
2026-04-01,2026-04-01,FC-North,Swiftline,1,1,0,0,0,0.0,3.0,2.0,6.43,0.00,6.43,99.63,40.0,0.00
2026-03-31,2026-03-01,FC-South,Swiftline,1,1,0,0,0,0.0,3.0,3.0,4.85,0.00,4.85,184.10,-35.41,0.00
2026-05-12,2026-05-01,FC-North,Metro Post,1,1,0,0,0,0.0,3.0,3.0,8.02,0.00,8.02,305.40,136.46,0.00
2026-04-17,2026-04-01,FC-North,Regional Freight,1,1,0,0,0,0.0,5.0,4.0,6.40,0.00,6.40,226.66,-6.4,0.00
2026-05-14,2026-05-01,FC-North,Swiftline,1,1,0,0,0,0.0,2.0,2.0,3.80,4.99,-1.19,20.90,15.43,0.00
2026-05-01,2026-05-01,FC-South,Metro Post,1,1,0,0,0,0.0,5.0,4.0,9.16,0.00,9.16,496.39,119.55,0.00
2026-05-06,2026-05-01,FC-South,Swiftline,1,1,0,0,0,0.0,2.0,1.0,31.76,0.00,31.76,867.73,311.43,0.00
2026-05-16,2026-05-01,FC-Central,Regional Freight,2,2,0,0,0,0.0,3.0,3.0,10.73,0.00,10.73,961.78,-650.21,0.00
2024-01-06,2024-01-01,FC-Central,Swiftline,1,1,0,0,0,0.0,4.0,4.0,4.57,0.00,4.57,232.14,65.23,0.00
2024-01-11,2024-01-01,FC-South,Metro Post,1,1,0,0,0,0.0,3.0,3.0,3.70,0.00,3.70,158.34,91.72,0.00
2024-01-13,2024-01-01,FC-North,Metro Post,1,1,0,0,0,0.0,2.0,2.0,3.32,0.00,3.32,83.50,-3.32,0.00
2024-03-04,2024-03-01,FC-Central,Swiftline,2,2,0,0,0,0.0,2.0,1.5,13.65,4.99,8.66,273.46,116.98,0.00
2024-06-29,2024-06-01,FC-North,Metro Post,2,2,0,0,0,0.0,3.0,1.5,6.75,0.00,6.75,149.58,78.79,0.00
2024-01-21,2024-01-01,FC-South,Swiftline,2,2,0,0,0,0.0,2.5,2.0,31.28,0.00,31.28,1540.06,-441.72,0.00
2024-03-05,2024-03-01,FC-North,Regional Freight,1,1,0,0,0,0.0,3.0,1.0,12.22,0.00,12.22,534.68,221.66,0.00
2024-05-07,2024-05-01,FC-North,Regional Freight,3,3,0,0,0,0.0,3.0,2.667,14.06,0.00,14.06,630.57,138.33,0.00
2024-05-23,2024-05-01,FC-North,Regional Freight,1,1,0,0,0,0.0,4.0,3.0,2.56,0.00,2.56,65.52,-2.56,0.00
2024-06-17,2024-06-01,FC-Central,Swiftline,3,3,0,0,0,0.0,3.0,1.333,44.49,0.00,44.49,722.54,336.6,0.00
2024-02-06,2024-02-01,FC-South,Regional Freight,1,1,0,0,0,0.0,4.0,3.0,2.59,0.00,2.59,64.55,37.93,0.00
2024-02-09,2024-02-01,FC-Central,Swiftline,1,0,1,1,3,3.0,7.0,7.0,4.48,0.00,4.48,51.99,25.63,51.99
2024-02-13,2024-02-01,FC-North,Regional Freight,1,1,0,0,0,0.0,3.0,2.0,18.17,0.00,18.17,382.27,128.2,0.00
2024-03-06,2024-03-01,FC-Central,Swiftline,2,2,0,0,0,0.0,1.0,1.0,34.37,0.00,34.37,2203.70,451.09,0.00
2024-02-14,2024-02-01,FC-South,Regional Freight,1,1,0,0,0,0.0,5.0,4.0,5.21,0.00,5.21,961.50,138.73,0.00
2024-02-23,2024-02-01,FC-Central,Swiftline,1,1,0,0,0,0.0,3.0,2.0,5.84,0.00,5.84,137.20,50.66,0.00
2024-02-26,2024-02-01,FC-North,Swiftline,1,1,0,0,0,0.0,4.0,4.0,5.75,0.00,5.75,396.85,29.44,0.00
2024-03-19,2024-03-01,FC-Central,Metro Post,3,2,1,1,4,1.333,3.0,2.667,25.41,0.00,25.41,662.33,192.25,341.32
2024-03-23,2024-03-01,FC-North,Regional Freight,1,1,0,0,0,0.0,3.0,3.0,8.46,0.00,8.46,683.14,260.7,0.00
2024-04-20,2024-04-01,FC-North,Metro Post,2,0,2,2,9,4.5,6.5,6.5,8.46,0.00,8.46,579.03,80.08,579.03
2025-01-27,2025-01-01,FC-Central,Regional Freight,1,1,0,0,0,0.0,1.0,1.0,8.87,0.00,8.87,201.54,70.76,0.00
2024-03-08,2024-03-01,FC-North,Regional Freight,2,2,0,0,0,0.0,2.5,2.0,8.01,4.99,3.02,265.69,116.31,0.00
2024-03-07,2024-03-01,FC-South,Regional Freight,1,1,0,0,0,0.0,2.0,2.0,3.60,0.00,3.60,133.32,29.92,0.00
2024-03-11,2024-03-01,FC-Central,Regional Freight,1,0,1,0,1,1.0,6.0,6.0,3.98,0.00,3.98,555.68,32.25,555.68
2024-03-12,2024-03-01,FC-Central,Swiftline,2,2,0,0,0,0.0,3.5,2.0,19.07,0.00,19.07,612.91,228.34,0.00
2024-03-09,2024-03-01,FC-Central,Regional Freight,1,1,0,0,0,0.0,1.0,1.0,10.37,0.00,10.37,424.76,144.57,0.00
2024-06-10,2024-06-01,FC-South,Regional Freight,3,2,1,1,6,2.0,5.0,4.333,20.15,4.99,15.16,1016.50,380.86,240.44
2024-10-28,2024-10-01,FC-North,Metro Post,3,2,1,0,2,0.667,4.667,4.333,18.45,0.00,18.45,516.17,187.54,83.70
2024-05-04,2024-05-01,FC-South,Swiftline,1,1,0,0,0,0.0,4.0,3.0,5.25,0.00,5.25,317.31,153.92,0.00
2024-04-26,2024-04-01,FC-Central,Metro Post,1,1,0,0,0,0.0,5.0,5.0,7.74,0.00,7.74,427.68,-15.69,0.00
2024-04-26,2024-04-01,FC-South,Regional Freight,1,1,0,0,0,0.0,3.0,3.0,6.32,0.00,6.32,287.59,50.9,0.00
2024-08-30,2024-08-01,FC-North,Metro Post,2,2,0,0,0,0.0,3.0,2.0,21.54,0.00,21.54,322.43,35.15,0.00
2024-03-25,2024-03-01,FC-South,Regional Freight,2,2,0,0,0,0.0,3.0,2.0,5.34,4.99,0.35,177.13,19.51,0.00
2024-10-05,2024-10-01,FC-South,Regional Freight,1,1,0,0,0,0.0,3.0,2.0,3.76,0.00,3.76,324.03,103.67,0.00
2024-03-26,2024-03-01,FC-South,Metro Post,4,2,2,0,2,0.5,4.0,3.75,45.04,0.00,45.04,1527.23,161.22,564.70
2025-03-09,2025-03-01,FC-Central,Swiftline,3,3,0,0,0,0.0,2.333,2.0,15.54,0.00,15.54,535.75,95.84,0.00
2024-05-19,2024-05-01,FC-South,Metro Post,3,3,0,0,0,0.0,3.333,3.0,26.38,0.00,26.38,533.50,98.14,0.00
2024-07-07,2024-07-01,FC-South,Regional Freight,6,5,1,0,1,0.167,3.0,2.667,36.21,0.00,36.21,2571.98,560.6,234.34
2024-04-10,2024-04-01,FC-North,Metro Post,1,1,0,0,0,0.0,3.0,1.0,15.41,0.00,15.41,730.31,207.75,0.00
2024-11-09,2024-11-01,FC-Central,Regional Freight,2,2,0,0,0,0.0,3.0,1.5,15.04,4.99,10.05,961.48,264.46,0.00
2024-06-23,2024-06-01,FC-Central,Metro Post,1,1,0,0,0,0.0,4.0,4.0,11.93,0.00,11.93,261.37,124.24,0.00
2024-04-11,2024-04-01,FC-Central,Swiftline,1,1,0,0,0,0.0,1.0,1.0,3.99,4.99,-1.00,41.80,-12.32,0.00
2024-04-15,2024-04-01,FC-South,Regional Freight,1,0,1,1,3,3.0,7.0,6.0,4.91,0.00,4.91,543.82,67.17,543.82
2024-04-12,2024-04-01,FC-North,Regional Freight,1,1,0,0,0,0.0,4.0,4.0,3.62,0.00,3.62,68.52,25.02,0.00
2024-05-30,2024-05-01,FC-Central,Metro Post,1,1,0,0,0,0.0,2.0,2.0,8.79,0.00,8.79,515.01,228.03,0.00
2024-05-20,2024-05-01,FC-South,Metro Post,2,2,0,0,0,0.0,2.5,1.5,9.58,0.00,9.58,357.70,107.47,0.00
2024-09-26,2024-09-01,FC-South,Metro Post,2,2,0,0,0,0.0,1.5,1.0,28.50,0.00,28.50,667.63,114.22,0.00
2024-04-20,2024-04-01,FC-South,Swiftline,2,2,0,0,0,0.0,3.5,3.0,13.20,0.00,13.20,219.39,49.93,0.00
2024-07-29,2024-07-01,FC-Central,Swiftline,2,2,0,0,0,0.0,2.5,2.0,11.38,0.00,11.38,327.85,135.45,0.00
2024-09-30,2024-09-01,FC-South,Swiftline,5,3,2,0,3,0.6,3.6,3.2,44.08,0.00,44.08,1465.66,455.1,342.30
2025-09-22,2025-09-01,FC-South,Swiftline,4,4,0,0,0,0.0,3.25,2.75,28.83,4.99,23.84,581.36,169.48,0.00
2024-12-26,2024-12-01,FC-North,Regional Freight,2,2,0,0,0,0.0,3.0,3.0,5.82,4.99,0.83,443.49,253.62,0.00
2024-07-24,2024-07-01,FC-Central,Metro Post,3,3,0,0,0,0.0,2.667,1.667,20.35,0.00,20.35,948.90,213.94,0.00
2024-06-27,2024-06-01,FC-South,Swiftline,1,1,0,0,0,0.0,3.0,2.0,4.70,0.00,4.70,65.94,35.06,0.00
2024-04-22,2024-04-01,FC-Central,Swiftline,2,2,0,0,0,0.0,2.0,1.5,16.74,0.00,16.74,644.24,-3.6,0.00
2024-04-26,2024-04-01,FC-North,Swiftline,3,3,0,0,0,0.0,4.0,4.0,26.42,4.99,21.43,384.97,125.11,0.00
2025-02-03,2025-02-01,FC-Central,Swiftline,4,4,0,0,0,0.0,2.5,2.25,59.64,0.00,59.64,1254.63,301.2,0.00
2025-03-16,2025-03-01,FC-Central,Swiftline,4,2,2,1,8,2.0,5.25,4.5,52.10,0.00,52.10,1427.83,411.07,322.60
2024-04-30,2024-04-01,FC-Central,Regional Freight,1,1,0,0,0,0.0,3.0,3.0,2.38,0.00,2.38,87.12,47.46,0.00
2024-05-04,2024-05-01,FC-Central,Regional Freight,1,1,0,0,0,0.0,3.0,2.0,2.37,0.00,2.37,83.96,36.34,0.00
2024-07-26,2024-07-01,FC-South,Regional Freight,2,2,0,0,0,0.0,2.5,1.5,9.45,0.00,9.45,238.11,82.15,0.00
2024-06-05,2024-06-01,FC-South,Regional Freight,3,1,2,0,2,0.667,2.667,2.0,12.46,0.00,12.46,668.85,233.39,416.37
2024-06-09,2024-06-01,FC-North,Swiftline,2,2,0,0,0,0.0,3.0,3.0,35.73,0.00,35.73,1346.33,271.11,0.00
2024-05-11,2024-05-01,FC-South,Swiftline,3,3,0,0,0,0.0,2.333,1.667,16.78,0.00,16.78,930.41,417.31,0.00
2024-06-22,2024-06-01,FC-Central,Regional Freight,1,1,0,0,0,0.0,2.0,1.0,3.79,0.00,3.79,394.96,96.06,0.00
2024-09-17,2024-09-01,FC-North,Regional Freight,1,1,0,0,0,0.0,4.0,4.0,5.50,0.00,5.50,99.19,27.98,0.00
2024-05-16,2024-05-01,FC-North,Swiftline,1,0,1,0,1,1.0,3.0,1.0,4.63,0.00,4.63,74.58,19.13,74.58
2024-06-02,2024-06-01,FC-Central,Regional Freight,1,0,1,0,1,1.0,3.0,2.0,2.75,0.00,2.75,52.72,-2.75,52.72
2024-06-19,2024-06-01,FC-Central,Metro Post,1,1,0,0,0,0.0,2.0,2.0,9.52,0.00,9.52,303.42,22.06,0.00
2024-12-30,2024-12-01,FC-South,Regional Freight,3,2,1,0,1,0.333,4.333,4.0,10.54,0.00,10.54,582.50,-37.4,96.61
2024-12-05,2024-12-01,FC-South,Metro Post,5,4,1,0,1,0.2,2.6,2.0,31.93,4.99,26.94,1264.49,48.63,51.99
2024-11-24,2024-11-01,FC-South,Regional Freight,4,3,1,1,4,1.0,5.5,4.75,26.89,0.00,26.89,901.06,126.08,209.63
2024-08-13,2024-08-01,FC-South,Swiftline,1,1,0,0,0,0.0,4.0,4.0,15.09,0.00,15.09,462.14,210.24,0.00
2024-09-02,2024-09-01,FC-South,Regional Freight,3,3,0,0,0,0.0,3.333,3.333,8.15,0.00,8.15,329.51,-99.72,0.00
2024-05-27,2024-05-01,FC-South,Metro Post,1,1,0,0,0,0.0,4.0,4.0,9.24,0.00,9.24,579.20,177.93,0.00
2024-08-14,2024-08-01,FC-South,Swiftline,1,1,0,0,0,0.0,3.0,3.0,5.50,0.00,5.50,407.68,220.7,0.00
2024-07-21,2024-07-01,FC-South,Metro Post,1,1,0,0,0,0.0,4.0,4.0,9.17,0.00,9.17,392.61,133.6,0.00
2024-06-03,2024-06-01,FC-South,Swiftline,1,1,0,0,0,0.0,4.0,4.0,6.66,0.00,6.66,267.23,73.7,0.00
2024-06-06,2024-06-01,FC-Central,Metro Post,3,2,1,0,2,0.667,3.667,3.333,15.87,0.00,15.87,823.34,327.51,467.91
2024-10-09,2024-10-01,FC-Central,Regional Freight,1,1,0,0,0,0.0,3.0,3.0,10.41,0.00,10.41,510.62,203.95,0.00
2024-11-15,2024-11-01,FC-Central,Regional Freight,3,3,0,0,0,0.0,3.667,3.667,14.42,0.00,14.42,477.31,27.42,0.00
2024-06-09,2024-06-01,FC-South,Swiftline,3,3,0,0,0,0.0,3.333,3.333,35.70,4.99,30.71,727.02,13.45,0.00
2025-11-19,2025-11-01,FC-North,Regional Freight,1,1,0,0,0,0.0,2.0,2.0,4.36,0.00,4.36,326.05,12.98,0.00
2024-06-11,2024-06-01,FC-South,Regional Freight,1,1,0,0,0,0.0,3.0,1.0,2.70,0.00,2.70,77.89,21.3,0.00
2024-07-20,2024-07-01,FC-Central,Regional Freight,2,2,0,0,0,0.0,2.0,1.5,14.97,4.99,9.98,539.69,97.06,0.00
2024-11-26,2024-11-01,FC-Central,Regional Freight,4,4,0,0,0,0.0,2.75,2.5,24.83,0.00,24.83,1091.31,281.43,0.00
2024-12-18,2024-12-01,FC-South,Regional Freight,5,3,2,1,5,1.0,4.4,4.0,47.08,4.99,42.09,1355.96,90.64,419.39
2024-08-29,2024-08-01,FC-North,Metro Post,3,2,1,0,1,0.333,3.333,1.667,12.17,4.99,7.18,529.97,106.67,311.39
2024-06-16,2024-06-01,FC-Central,Metro Post,1,1,0,0,0,0.0,3.0,3.0,6.81,0.00,6.81,225.01,49.11,0.00
2024-10-20,2024-10-01,FC-Central,Swiftline,1,1,0,0,0,0.0,1.0,1.0,5.61,0.00,5.61,186.88,33.47,0.00
2024-07-26,2024-07-01,FC-Central,Regional Freight,2,2,0,0,0,0.0,1.5,1.5,11.50,0.00,11.50,633.81,134.73,0.00
2024-11-13,2024-11-01,FC-South,Regional Freight,4,3,1,0,2,0.5,4.0,3.25,21.22,4.99,16.23,605.91,64.33,192.33
2024-10-02,2024-10-01,FC-South,Metro Post,5,3,2,1,8,1.6,5.4,5.4,40.53,0.00,40.53,771.21,273.11,420.67
2024-09-10,2024-09-01,FC-Central,Metro Post,3,3,0,0,0,0.0,3.0,2.333,23.93,0.00,23.93,592.18,99.46,0.00
2024-12-14,2024-12-01,FC-Central,Swiftline,2,2,0,0,0,0.0,3.5,3.5,8.62,0.00,8.62,391.53,36.88,0.00
2024-10-28,2024-10-01,FC-South,Swiftline,2,1,1,0,1,0.5,4.0,4.0,12.98,0.00,12.98,609.74,190.39,384.95
2024-06-29,2024-06-01,FC-South,Swiftline,2,2,0,0,0,0.0,3.0,3.0,9.86,0.00,9.86,260.22,139.16,0.00
2025-04-30,2025-04-01,FC-North,Metro Post,2,2,0,0,0,0.0,3.0,2.5,9.64,0.00,9.64,650.69,248.99,0.00
2024-11-30,2024-11-01,FC-Central,Swiftline,3,3,0,0,0,0.0,2.667,1.0,15.06,0.00,15.06,470.36,-4.58,0.00
2024-10-07,2024-10-01,FC-South,Metro Post,2,1,1,0,1,0.5,2.5,1.5,22.63,0.00,22.63,864.57,197.66,193.92
2024-11-22,2024-11-01,FC-South,Regional Freight,2,1,1,1,4,2.0,4.5,4.0,4.69,4.99,-0.30,103.48,66.84,19.98
2024-10-31,2024-10-01,FC-Central,Swiftline,2,2,0,0,0,0.0,2.5,1.5,30.44,0.00,30.44,1413.55,650.5,0.00
2024-07-11,2024-07-01,FC-Central,Regional Freight,1,1,0,0,0,0.0,2.0,1.0,2.32,0.00,2.32,125.23,63.48,0.00
2025-03-22,2025-03-01,FC-Central,Metro Post,2,2,0,0,0,0.0,3.5,3.5,36.17,0.00,36.17,608.82,152.08,0.00
2024-11-18,2024-11-01,FC-Central,Swiftline,2,2,0,0,0,0.0,2.5,2.5,11.50,0.00,11.50,317.14,-114.12,0.00
2025-02-11,2025-02-01,FC-South,Regional Freight,3,3,0,0,0,0.0,4.0,3.333,10.97,4.99,5.98,657.73,215.81,0.00
2024-11-04,2024-11-01,FC-Central,Swiftline,2,2,0,0,0,0.0,3.0,1.5,18.10,0.00,18.10,368.76,-43.68,0.00
2025-07-15,2025-07-01,FC-North,Regional Freight,1,1,0,0,0,0.0,4.0,3.0,4.64,0.00,4.64,125.92,61.73,0.00
2024-07-28,2024-07-01,FC-North,Regional Freight,1,1,0,0,0,0.0,5.0,5.0,2.57,4.99,-2.42,33.94,22.38,0.00
2025-03-26,2025-03-01,FC-Central,Swiftline,1,1,0,0,0,0.0,5.0,4.0,8.21,0.00,8.21,216.91,32.65,0.00
2025-01-31,2025-01-01,FC-Central,Metro Post,1,1,0,0,0,0.0,1.0,1.0,5.58,0.00,5.58,88.91,45.19,0.00
2024-08-24,2024-08-01,FC-Central,Metro Post,3,2,1,0,2,0.667,4.333,3.667,23.56,4.99,18.57,1852.09,212.89,1485.87
2024-11-23,2024-11-01,FC-South,Swiftline,2,1,1,1,9,4.5,8.0,8.0,11.70,0.00,11.70,310.65,37.8,214.76
2024-08-03,2024-08-01,FC-Central,Metro Post,1,1,0,0,0,0.0,3.0,2.0,10.77,0.00,10.77,832.32,146.89,0.00
2024-11-15,2024-11-01,FC-North,Regional Freight,2,2,0,0,0,0.0,4.0,4.0,15.18,0.00,15.18,1537.18,323.75,0.00
2025-02-07,2025-02-01,FC-Central,Swiftline,2,1,1,0,2,1.0,3.5,3.0,19.43,0.00,19.43,223.61,67.24,126.76
2024-08-09,2024-08-01,FC-North,Regional Freight,1,1,0,0,0,0.0,1.0,1.0,7.22,0.00,7.22,97.95,33.42,0.00
2024-08-11,2024-08-01,FC-South,Metro Post,3,3,0,0,0,0.0,2.667,2.333,28.52,0.00,28.52,1166.83,541.53,0.00
2024-08-16,2024-08-01,FC-South,Metro Post,2,2,0,0,0,0.0,4.0,4.0,11.42,4.99,6.43,370.15,-55.16,0.00
2024-08-18,2024-08-01,FC-South,Metro Post,1,1,0,0,0,0.0,5.0,5.0,3.44,4.99,-1.55,40.68,23.09,0.00
2025-03-22,2025-03-01,FC-South,Metro Post,2,2,0,0,0,0.0,3.0,3.0,14.90,0.00,14.90,559.69,211.05,0.00
2024-10-09,2024-10-01,FC-South,Swiftline,1,1,0,0,0,0.0,3.0,3.0,3.96,4.99,-1.03,44.92,29.67,0.00
2024-10-20,2024-10-01,FC-South,Swiftline,2,2,0,0,0,0.0,3.0,2.5,25.85,0.00,25.85,819.19,267.02,0.00
2025-01-22,2025-01-01,FC-South,Regional Freight,2,1,1,1,3,1.5,5.0,4.0,25.15,0.00,25.15,1547.94,209.93,1000.85
2024-09-03,2024-09-01,FC-Central,Regional Freight,1,1,0,0,0,0.0,1.0,1.0,8.50,0.00,8.50,619.82,22.95,0.00
2025-04-01,2025-04-01,FC-Central,Metro Post,2,1,1,1,6,3.0,7.0,6.5,22.32,0.00,22.32,788.99,249.11,420.25
2024-12-31,2024-12-01,FC-North,Swiftline,3,3,0,0,0,0.0,3.0,3.0,58.27,0.00,58.27,1780.15,333.5,0.00
2024-09-07,2024-09-01,FC-South,Swiftline,1,1,0,0,0,0.0,5.0,3.0,4.34,0.00,4.34,102.72,63.8,0.00
2024-09-12,2024-09-01,FC-Central,Metro Post,1,1,0,0,0,0.0,1.0,1.0,3.59,0.00,3.59,107.31,52.74,0.00
2025-01-01,2025-01-01,FC-South,Metro Post,1,1,0,0,0,0.0,3.0,3.0,4.79,0.00,4.79,189.05,37.47,0.00
2025-03-20,2025-03-01,FC-North,Metro Post,2,2,0,0,0,0.0,3.0,2.0,29.01,0.00,29.01,611.10,209.05,0.00
2025-04-28,2025-04-01,FC-North,Swiftline,3,3,0,0,0,0.0,3.0,2.667,35.36,0.00,35.36,1307.31,270.93,0.00
2024-09-18,2024-09-01,FC-Central,Metro Post,1,1,0,0,0,0.0,3.0,3.0,9.55,0.00,9.55,199.82,60.13,0.00
2025-10-06,2025-10-01,FC-Central,Regional Freight,3,2,1,1,4,1.333,3.333,3.333,28.86,0.00,28.86,664.23,257.87,278.62
2024-12-12,2024-12-01,FC-South,Metro Post,3,2,1,0,2,0.667,4.0,4.0,11.81,4.99,6.82,639.99,150.09,477.16
2025-06-21,2025-06-01,FC-Central,Metro Post,3,3,0,0,0,0.0,4.333,4.333,29.42,0.00,29.42,881.54,302.81,0.00
2024-09-23,2024-09-01,FC-North,Regional Freight,1,1,0,0,0,0.0,2.0,2.0,6.38,0.00,6.38,250.22,-10.96,0.00
2024-11-25,2024-11-01,FC-South,Regional Freight,3,2,1,1,6,2.0,5.667,5.333,23.80,0.00,23.80,1426.01,267.63,967.86
2025-08-15,2025-08-01,FC-South,Regional Freight,4,3,1,0,1,0.25,3.75,3.0,58.93,4.99,53.94,1383.66,321.14,29.85
2025-03-06,2025-03-01,FC-South,Swiftline,1,1,0,0,0,0.0,2.0,2.0,5.45,0.00,5.45,213.19,114.02,0.00
2025-02-10,2025-02-01,FC-Central,Swiftline,4,4,0,0,0,0.0,1.75,1.75,33.29,4.99,28.30,504.05,169.95,0.00
2024-10-03,2024-10-01,FC-Central,Swiftline,1,1,0,0,0,0.0,1.0,1.0,7.46,0.00,7.46,415.42,193.06,0.00
2025-04-02,2025-04-01,FC-Central,Swiftline,2,2,0,0,0,0.0,2.5,2.5,14.04,0.00,14.04,477.41,64.1,0.00
2024-12-02,2024-12-01,FC-South,Metro Post,4,4,0,0,0,0.0,2.75,2.75,23.40,0.00,23.40,595.99,223.29,0.00
2024-10-06,2024-10-01,FC-Central,Regional Freight,1,1,0,0,0,0.0,3.0,3.0,7.46,0.00,7.46,765.68,299.08,0.00
2024-10-19,2024-10-01,FC-South,Swiftline,1,1,0,0,0,0.0,4.0,4.0,8.49,0.00,8.49,151.63,46.97,0.00
2025-05-28,2025-05-01,FC-North,Metro Post,1,1,0,0,0,0.0,3.0,3.0,5.19,0.00,5.19,187.88,100.97,0.00
2024-10-09,2024-10-01,FC-North,Regional Freight,2,2,0,0,0,0.0,2.5,1.5,6.18,0.00,6.18,193.82,23.89,0.00
2024-12-20,2024-12-01,FC-South,Swiftline,3,3,0,0,0,0.0,3.667,3.0,26.80,0.00,26.80,806.30,345.54,0.00
2025-04-13,2025-04-01,FC-South,Regional Freight,3,2,1,0,2,0.667,3.667,3.0,20.36,0.00,20.36,1100.18,237.99,332.26
2024-12-22,2024-12-01,FC-Central,Regional Freight,3,2,1,0,2,0.667,4.0,4.0,16.18,0.00,16.18,1105.14,117.87,179.75
2024-10-16,2024-10-01,FC-North,Metro Post,1,1,0,0,0,0.0,3.0,3.0,4.07,0.00,4.07,123.73,68.17,0.00
2025-04-27,2025-04-01,FC-South,Swiftline,7,6,1,0,2,0.286,3.0,2.571,43.96,0.00,43.96,1353.15,392.57,133.10
2025-05-02,2025-05-01,FC-North,Swiftline,4,3,1,0,1,0.25,2.75,2.25,40.96,0.00,40.96,2069.68,479.64,451.61
2024-12-19,2024-12-01,FC-South,Regional Freight,6,3,3,2,8,1.333,4.667,4.167,34.73,9.98,24.75,1049.92,365.65,306.97
2025-04-24,2025-04-01,FC-South,Swiftline,2,2,0,0,0,0.0,3.0,3.0,13.52,0.00,13.52,511.94,201.52,0.00
2024-10-25,2024-10-01,FC-South,Swiftline,1,0,1,0,1,1.0,3.0,1.0,10.31,0.00,10.31,77.82,25.83,77.82
2025-01-02,2025-01-01,FC-Central,Metro Post,4,4,0,0,0,0.0,3.25,2.25,61.98,4.99,56.99,1909.45,594.86,0.00
2025-01-25,2025-01-01,FC-North,Swiftline,3,3,0,0,0,0.0,2.0,1.333,33.50,0.00,33.50,791.30,148.68,0.00
2025-08-04,2025-08-01,FC-North,Metro Post,3,3,0,0,0,0.0,3.333,3.0,11.04,0.00,11.04,359.11,92.76,0.00
2025-03-29,2025-03-01,FC-South,Regional Freight,2,2,0,0,0,0.0,3.0,2.5,11.10,0.00,11.10,728.09,245.79,0.00
2025-04-17,2025-04-01,FC-Central,Regional Freight,2,2,0,0,0,0.0,4.0,3.5,15.96,0.00,15.96,2556.66,65.68,0.00
2024-11-11,2024-11-01,FC-North,Metro Post,3,3,0,0,0,0.0,4.0,3.0,28.56,4.99,23.57,400.46,126.37,0.00
2024-11-11,2024-11-01,FC-South,Metro Post,1,1,0,0,0,0.0,4.0,4.0,3.29,0.00,3.29,105.25,7.52,0.00
2024-11-10,2024-11-01,FC-South,Metro Post,3,3,0,0,0,0.0,3.667,3.667,19.13,0.00,19.13,846.51,152.3,0.00
2025-02-28,2025-02-01,FC-South,Metro Post,2,2,0,0,0,0.0,4.0,3.5,7.91,0.00,7.91,308.23,27.73,0.00
2024-11-11,2024-11-01,FC-Central,Swiftline,3,3,0,0,0,0.0,2.667,2.333,20.10,4.99,15.11,448.47,123.14,0.00
2024-11-14,2024-11-01,FC-Central,Metro Post,4,4,0,0,0,0.0,2.75,2.25,34.06,0.00,34.06,1664.66,354.76,0.00
2025-05-03,2025-05-01,FC-North,Metro Post,2,2,0,0,0,0.0,4.0,4.0,18.80,0.00,18.80,539.81,54.38,0.00
2025-04-19,2025-04-01,FC-North,Regional Freight,1,1,0,0,0,0.0,4.0,4.0,3.70,0.00,3.70,213.84,74.88,0.00
2024-11-18,2024-11-01,FC-South,Regional Freight,2,1,1,0,1,0.5,4.0,4.0,13.79,0.00,13.79,989.68,87.67,235.91
2025-04-14,2025-04-01,FC-Central,Metro Post,2,1,1,0,1,0.5,3.5,3.5,11.15,0.00,11.15,517.40,169.01,201.66
2025-03-21,2025-03-01,FC-North,Metro Post,3,3,0,0,0,0.0,1.667,1.333,31.73,0.00,31.73,1133.18,172.07,0.00
2025-10-29,2025-10-01,FC-North,Swiftline,3,3,0,0,0,0.0,2.667,2.333,13.82,0.00,13.82,410.75,176.27,0.00
2025-09-12,2025-09-01,FC-South,Regional Freight,6,5,1,1,4,0.667,4.0,3.833,25.90,0.00,25.90,1630.76,642.6,265.17
2025-02-17,2025-02-01,FC-South,Swiftline,2,2,0,0,0,0.0,3.0,2.5,16.68,0.00,16.68,376.78,-9.03,0.00
2025-06-01,2025-06-01,FC-South,Regional Freight,3,1,2,0,4,1.333,5.0,5.0,15.11,4.99,10.12,152.19,46.82,90.19
2025-01-06,2025-01-01,FC-North,Metro Post,1,1,0,0,0,0.0,4.0,2.0,3.90,0.00,3.90,171.93,87.29,0.00
2024-12-05,2024-12-01,FC-Central,Swiftline,3,2,1,0,2,0.667,4.333,4.0,17.45,0.00,17.45,753.40,185.23,142.38
2024-12-07,2024-12-01,FC-Central,Metro Post,1,1,0,0,0,0.0,4.0,4.0,4.20,0.00,4.20,294.82,169.14,0.00
2025-01-23,2025-01-01,FC-Central,Swiftline,3,2,1,1,4,1.333,4.333,4.0,21.63,0.00,21.63,591.14,71.57,144.10
2025-04-24,2025-04-01,FC-Central,Swiftline,3,3,0,0,0,0.0,3.333,2.667,27.06,0.00,27.06,725.44,195.14,0.00
2025-02-02,2025-02-01,FC-Central,Swiftline,3,3,0,0,0,0.0,1.667,1.0,24.44,0.00,24.44,363.35,126.79,0.00
2025-07-14,2025-07-01,FC-South,Regional Freight,3,2,1,1,6,2.0,5.333,5.333,14.91,4.99,9.92,431.09,89.56,173.73
2024-12-11,2024-12-01,FC-Central,Swiftline,2,2,0,0,0,0.0,2.5,2.5,47.10,0.00,47.10,1869.97,387.36,0.00
2024-12-11,2024-12-01,FC-North,Metro Post,2,2,0,0,0,0.0,2.5,1.5,13.46,0.00,13.46,918.51,271.72,0.00
2025-01-11,2025-01-01,FC-North,Metro Post,3,2,1,0,1,0.333,3.333,3.0,31.70,4.99,26.71,452.87,-55.98,14.85
2025-02-11,2025-02-01,FC-Central,Metro Post,2,2,0,0,0,0.0,2.0,2.0,7.94,0.00,7.94,634.63,106.15,0.00
2025-01-17,2025-01-01,FC-North,Regional Freight,4,4,0,0,0,0.0,3.25,2.75,24.16,0.00,24.16,1079.79,236.76,0.00
2025-10-07,2025-10-01,FC-South,Swiftline,3,3,0,0,0,0.0,3.0,3.0,53.64,0.00,53.64,863.00,226.77,0.00
2025-07-19,2025-07-01,FC-Central,Regional Freight,2,2,0,0,0,0.0,4.0,3.0,18.70,0.00,18.70,1178.24,199.83,0.00
2024-12-23,2024-12-01,FC-South,Metro Post,3,1,2,0,3,1.0,4.667,4.0,16.60,0.00,16.60,859.17,121.84,578.14
2025-10-20,2025-10-01,FC-North,Swiftline,4,4,0,0,0,0.0,3.25,2.75,43.71,4.99,38.72,1236.70,433.65,0.00
2026-02-25,2026-02-01,FC-North,Swiftline,2,2,0,0,0,0.0,3.0,2.5,12.78,0.00,12.78,541.53,101.81,0.00
2025-04-06,2025-04-01,FC-Central,Swiftline,2,2,0,0,0,0.0,2.0,2.0,16.97,0.00,16.97,629.41,94.69,0.00
2025-05-08,2025-05-01,FC-Central,Swiftline,4,4,0,0,0,0.0,2.75,2.0,53.72,4.99,48.73,2399.41,501.1,0.00
2025-07-27,2025-07-01,FC-Central,Metro Post,3,3,0,0,0,0.0,3.0,2.0,17.56,4.99,12.57,399.08,-78.35,0.00
2026-01-13,2026-01-01,FC-South,Regional Freight,3,2,1,0,1,0.333,3.667,3.0,49.72,0.00,49.72,1497.29,321.5,337.40
2025-03-26,2025-03-01,FC-North,Swiftline,2,2,0,0,0,0.0,1.5,1.0,12.83,0.00,12.83,497.30,99.48,0.00
2025-03-04,2025-03-01,FC-Central,Regional Freight,1,0,1,0,1,1.0,3.0,1.0,13.01,0.00,13.01,649.31,88.37,649.31
2025-05-18,2025-05-01,FC-North,Metro Post,2,1,1,0,1,0.5,5.5,5.0,12.03,4.99,7.04,495.40,113.73,14.56
2025-09-08,2025-09-01,FC-South,Swiftline,3,1,2,0,2,0.667,3.333,2.333,30.13,4.99,25.14,663.81,47.49,215.47
2025-06-29,2025-06-01,FC-North,Swiftline,2,2,0,0,0,0.0,3.5,3.5,27.60,0.00,27.60,430.90,116.91,0.00
2025-01-05,2025-01-01,FC-Central,Metro Post,1,1,0,0,0,0.0,4.0,4.0,5.72,0.00,5.72,86.78,30.2,0.00
2025-01-05,2025-01-01,FC-South,Regional Freight,2,1,1,0,1,0.5,5.0,4.0,33.50,4.99,28.51,803.18,125.96,771.85
2025-02-26,2025-02-01,FC-Central,Metro Post,1,1,0,0,0,0.0,3.0,3.0,4.58,0.00,4.58,198.29,29.05,0.00
2025-08-07,2025-08-01,FC-Central,Swiftline,2,2,0,0,0,0.0,2.0,2.0,11.01,0.00,11.01,552.25,298.7,0.00
2025-02-13,2025-02-01,FC-North,Swiftline,3,3,0,0,0,0.0,2.667,2.333,25.54,0.00,25.54,520.17,116.74,0.00
2025-11-26,2025-11-01,FC-South,Swiftline,8,5,3,1,5,0.625,3.875,3.0,85.59,4.99,80.60,2734.89,734.72,2375.07
2025-09-03,2025-09-01,FC-South,Regional Freight,2,2,0,0,0,0.0,4.5,4.5,14.61,0.00,14.61,513.37,182.52,0.00
2025-02-20,2025-02-01,FC-South,Swiftline,1,1,0,0,0,0.0,2.0,1.0,19.75,0.00,19.75,227.62,88.7,0.00
2025-03-13,2025-03-01,FC-North,Swiftline,5,5,0,0,0,0.0,4.4,3.8,53.95,0.00,53.95,2186.79,732.49,0.00
2025-01-27,2025-01-01,FC-North,Regional Freight,1,1,0,0,0,0.0,5.0,5.0,11.01,0.00,11.01,1233.66,168.51,0.00
2025-04-09,2025-04-01,FC-South,Metro Post,1,1,0,0,0,0.0,4.0,3.0,2.97,0.00,2.97,67.15,40.02,0.00
2025-02-05,2025-02-01,FC-North,Regional Freight,3,2,1,0,1,0.333,3.333,2.667,26.61,0.00,26.61,1450.34,490.78,745.08
2025-02-03,2025-02-01,FC-North,Regional Freight,1,1,0,0,0,0.0,2.0,1.0,2.55,0.00,2.55,206.10,112.28,0.00
2025-04-02,2025-04-01,FC-South,Metro Post,3,3,0,0,0,0.0,4.0,3.333,21.22,0.00,21.22,948.46,312.77,0.00
2025-05-23,2025-05-01,FC-South,Swiftline,1,1,0,0,0,0.0,3.0,3.0,13.04,0.00,13.04,221.48,53.93,0.00
2025-02-04,2025-02-01,FC-South,Regional Freight,1,1,0,0,0,0.0,3.0,3.0,7.01,0.00,7.01,68.19,19.06,0.00
2025-03-05,2025-03-01,FC-North,Swiftline,6,6,0,0,0,0.0,3.5,3.333,33.87,0.00,33.87,1478.44,-76.13,0.00
2025-02-13,2025-02-01,FC-South,Swiftline,1,1,0,0,0,0.0,3.0,3.0,5.89,0.00,5.89,442.09,58.59,0.00
2025-02-23,2025-02-01,FC-Central,Regional Freight,1,1,0,0,0,0.0,3.0,1.0,5.26,0.00,5.26,139.02,37.59,0.00
2025-07-02,2025-07-01,FC-South,Swiftline,1,1,0,0,0,0.0,3.0,1.0,4.72,0.00,4.72,81.65,36.58,0.00
2025-03-08,2025-03-01,FC-Central,Regional Freight,2,1,1,0,2,1.0,3.0,3.0,5.06,0.00,5.06,226.04,133.26,164.58
2025-03-15,2025-03-01,FC-Central,Swiftline,1,1,0,0,0,0.0,3.0,3.0,18.76,0.00,18.76,136.38,33.38,0.00
2025-03-19,2025-03-01,FC-Central,Swiftline,4,4,0,0,0,0.0,2.25,1.5,20.87,4.99,15.88,308.69,136.82,0.00
2025-03-19,2025-03-01,FC-North,Metro Post,1,1,0,0,0,0.0,3.0,3.0,3.94,0.00,3.94,155.45,87.92,0.00
2025-03-21,2025-03-01,FC-South,Swiftline,2,2,0,0,0,0.0,2.0,2.0,14.66,0.00,14.66,554.92,162.86,0.00
2025-06-08,2025-06-01,FC-South,Regional Freight,2,1,1,1,3,1.5,5.0,5.0,12.87,0.00,12.87,457.04,108.7,178.51
2025-03-27,2025-03-01,FC-South,Regional Freight,1,1,0,0,0,0.0,3.0,3.0,13.76,0.00,13.76,465.42,184.61,0.00
2025-08-10,2025-08-01,FC-North,Metro Post,2,2,0,0,0,0.0,2.5,1.5,8.37,0.00,8.37,246.70,96.01,0.00
2025-09-02,2025-09-01,FC-South,Swiftline,2,2,0,0,0,0.0,2.0,2.0,8.58,4.99,3.59,258.05,112.27,0.00
2025-04-26,2025-04-01,FC-North,Metro Post,2,1,1,1,6,3.0,6.5,6.5,17.18,0.00,17.18,1649.49,396.41,243.13
2025-05-22,2025-05-01,FC-Central,Swiftline,2,1,1,0,1,0.5,4.0,4.0,12.12,0.00,12.12,747.33,236.51,335.85
2025-09-11,2025-09-01,FC-South,Regional Freight,2,1,1,0,2,1.0,5.0,4.5,11.08,0.00,11.08,585.76,258.22,356.41
2025-04-11,2025-04-01,FC-Central,Metro Post,2,2,0,0,0,0.0,2.0,2.0,12.46,0.00,12.46,352.81,79.81,0.00
2025-05-21,2025-05-01,FC-North,Swiftline,3,3,0,0,0,0.0,2.0,2.0,57.74,0.00,57.74,2102.67,746.72,0.00
2026-01-15,2026-01-01,FC-North,Metro Post,4,3,1,0,1,0.25,3.5,2.5,26.87,9.98,16.89,322.13,40.99,20.90
2025-04-22,2025-04-01,FC-South,Swiftline,1,1,0,0,0,0.0,4.0,4.0,14.02,0.00,14.02,450.44,-77.37,0.00
2025-09-14,2025-09-01,FC-North,Metro Post,2,2,0,0,0,0.0,2.5,2.5,18.62,0.00,18.62,589.10,232.28,0.00
2025-04-23,2025-04-01,FC-South,Regional Freight,1,1,0,0,0,0.0,3.0,1.0,2.22,0.00,2.22,47.21,23.09,0.00
2025-11-18,2025-11-01,FC-South,Swiftline,3,1,2,1,5,1.667,4.333,4.0,41.24,0.00,41.24,498.74,235.08,432.19
2025-05-05,2025-05-01,FC-South,Metro Post,2,1,1,0,2,1.0,3.5,2.5,22.20,0.00,22.20,755.91,54.01,83.39
2025-05-04,2025-05-01,FC-Central,Regional Freight,1,1,0,0,0,0.0,4.0,4.0,7.51,0.00,7.51,76.21,20.5,0.00
2025-09-18,2025-09-01,FC-Central,Regional Freight,2,2,0,0,0,0.0,3.0,2.0,17.18,0.00,17.18,665.18,75.23,0.00
2025-08-28,2025-08-01,FC-Central,Metro Post,1,0,1,1,3,3.0,6.0,6.0,8.35,0.00,8.35,243.33,85.62,243.33
2025-12-07,2025-12-01,FC-Central,Regional Freight,1,0,1,0,1,1.0,6.0,6.0,2.18,0.00,2.18,46.52,14.77,46.52
2025-05-14,2025-05-01,FC-North,Metro Post,1,1,0,0,0,0.0,2.0,1.0,4.73,0.00,4.73,68.52,23.91,0.00
2025-05-18,2025-05-01,FC-Central,Metro Post,1,1,0,0,0,0.0,3.0,3.0,5.66,0.00,5.66,110.04,33.75,0.00
2025-05-21,2025-05-01,FC-Central,Regional Freight,1,1,0,0,0,0.0,5.0,4.0,6.21,0.00,6.21,219.47,84.56,0.00
2025-07-21,2025-07-01,FC-North,Swiftline,4,4,0,0,0,0.0,3.75,3.0,34.22,4.99,29.23,647.48,241.24,0.00
2025-07-20,2025-07-01,FC-Central,Regional Freight,1,1,0,0,0,0.0,3.0,2.0,3.74,0.00,3.74,336.87,-54.86,0.00
2025-06-19,2025-06-01,FC-North,Metro Post,3,3,0,0,0,0.0,3.667,3.0,13.18,0.00,13.18,809.43,-32.29,0.00
2025-05-27,2025-05-01,FC-Central,Metro Post,3,3,0,0,0,0.0,4.0,3.667,13.07,0.00,13.07,575.59,146.21,0.00
2025-06-26,2025-06-01,FC-South,Metro Post,3,3,0,0,0,0.0,2.333,1.667,20.29,0.00,20.29,1350.68,172.38,0.00
2026-01-11,2026-01-01,FC-South,Regional Freight,7,5,2,0,3,0.429,4.0,3.857,40.18,0.00,40.18,1891.71,447.3,765.88
2025-09-27,2025-09-01,FC-North,Regional Freight,1,1,0,0,0,0.0,4.0,4.0,15.62,0.00,15.62,566.62,69.52,0.00
2025-06-02,2025-06-01,FC-North,Metro Post,2,2,0,0,0,0.0,4.0,4.0,31.22,0.00,31.22,1514.35,375.77,0.00
2025-07-28,2025-07-01,FC-South,Swiftline,1,1,0,0,0,0.0,4.0,4.0,4.84,0.00,4.84,78.15,-4.84,0.00
2025-10-26,2025-10-01,FC-South,Swiftline,1,1,0,0,0,0.0,3.0,1.0,16.09,0.00,16.09,503.29,184.99,0.00
2025-12-15,2025-12-01,FC-South,Metro Post,4,2,2,0,2,0.5,4.25,3.75,43.13,0.00,43.13,2062.05,423.99,690.88
2025-06-08,2025-06-01,FC-North,Metro Post,1,1,0,0,0,0.0,4.0,4.0,6.52,0.00,6.52,296.88,41.59,0.00
2025-06-07,2025-06-01,FC-Central,Swiftline,1,1,0,0,0,0.0,2.0,2.0,3.72,4.99,-1.27,44.84,16.54,0.00
2025-06-10,2025-06-01,FC-Central,Swiftline,1,1,0,0,0,0.0,3.0,2.0,13.26,0.00,13.26,171.35,-15.8,0.00
2025-06-10,2025-06-01,FC-South,Metro Post,1,1,0,0,0,0.0,2.0,2.0,12.87,0.00,12.87,407.30,-82.81,0.00
2025-09-09,2025-09-01,FC-North,Metro Post,5,5,0,0,0,0.0,2.6,2.2,30.69,0.00,30.69,1277.03,553.96,0.00
2025-09-01,2025-09-01,FC-Central,Swiftline,2,2,0,0,0,0.0,2.5,2.0,10.79,0.00,10.79,139.06,56.97,0.00
2025-11-08,2025-11-01,FC-South,Swiftline,4,3,1,1,3,0.75,3.0,2.5,38.31,0.00,38.31,1751.95,566.8,609.71
2025-10-07,2025-10-01,FC-Central,Regional Freight,1,1,0,0,0,0.0,3.0,1.0,2.90,0.00,2.90,243.09,148.14,0.00
2025-06-29,2025-06-01,FC-Central,Metro Post,1,1,0,0,0,0.0,4.0,3.0,4.46,0.00,4.46,122.72,60.68,0.00
2025-11-11,2025-11-01,FC-Central,Metro Post,3,3,0,0,0,0.0,2.0,2.0,44.68,0.00,44.68,1596.28,217.78,0.00
2025-10-26,2025-10-01,FC-Central,Metro Post,3,2,1,1,3,1.0,3.667,2.667,36.65,0.00,36.65,1710.71,406.62,789.65
2025-07-08,2025-07-01,FC-South,Metro Post,2,1,1,1,3,1.5,5.0,4.5,6.13,4.99,1.14,134.95,70.25,102.36
2025-08-11,2025-08-01,FC-Central,Swiftline,2,2,0,0,0,0.0,2.5,2.5,11.42,0.00,11.42,576.02,123.92,0.00
2026-01-19,2026-01-01,FC-South,Metro Post,2,2,0,0,0,0.0,2.5,2.5,8.98,0.00,8.98,152.68,39.09,0.00
2025-10-04,2025-10-01,FC-Central,Swiftline,4,4,0,0,0,0.0,2.25,1.5,23.78,0.00,23.78,936.57,316.04,0.00
2025-07-13,2025-07-01,FC-Central,Metro Post,1,1,0,0,0,0.0,1.0,1.0,6.98,0.00,6.98,290.06,59.85,0.00
2025-07-18,2025-07-01,FC-South,Metro Post,1,1,0,0,0,0.0,2.0,1.0,4.72,0.00,4.72,240.92,116.4,0.00
2025-07-21,2025-07-01,FC-South,Regional Freight,3,0,3,0,4,1.333,5.333,4.667,14.14,4.99,9.15,348.32,-29.67,348.32
2025-07-23,2025-07-01,FC-Central,Metro Post,2,2,0,0,0,0.0,3.5,2.5,13.45,0.00,13.45,365.25,156.72,0.00
2025-07-21,2025-07-01,FC-Central,Metro Post,1,1,0,0,0,0.0,3.0,2.0,5.09,0.00,5.09,666.69,142.45,0.00
2025-11-03,2025-11-01,FC-South,Metro Post,3,3,0,0,0,0.0,4.0,3.667,11.28,0.00,11.28,346.06,-6.34,0.00
2025-12-15,2025-12-01,FC-North,Metro Post,1,0,1,0,1,1.0,4.0,4.0,10.63,0.00,10.63,82.15,6.65,82.15
2025-07-29,2025-07-01,FC-North,Swiftline,5,4,1,0,2,0.4,3.4,2.8,43.70,0.00,43.70,1661.48,402.24,154.98
2026-01-04,2026-01-01,FC-Central,Regional Freight,1,1,0,0,0,0.0,2.0,2.0,5.99,0.00,5.99,121.80,54.6,0.00
2025-11-22,2025-11-01,FC-Central,Metro Post,3,2,1,0,1,0.333,3.667,3.0,20.63,0.00,20.63,835.53,90.09,143.68
2025-08-09,2025-08-01,FC-South,Swiftline,2,2,0,0,0,0.0,3.5,2.0,8.62,4.99,3.63,259.93,129.26,0.00
2025-08-06,2025-08-01,FC-South,Swiftline,1,1,0,0,0,0.0,2.0,2.0,23.71,0.00,23.71,611.84,226.52,0.00
2025-10-09,2025-10-01,FC-Central,Regional Freight,1,1,0,0,0,0.0,3.0,3.0,2.67,0.00,2.67,303.98,-20.39,0.00
2025-09-05,2025-09-01,FC-South,Regional Freight,3,3,0,0,0,0.0,2.333,2.333,14.55,0.00,14.55,455.97,218.34,0.00
2026-02-11,2026-02-01,FC-South,Swiftline,1,0,1,1,3,3.0,7.0,6.0,4.93,0.00,4.93,58.95,-4.93,58.95
2025-11-18,2025-11-01,FC-Central,Metro Post,3,3,0,0,0,0.0,3.333,2.0,23.29,0.00,23.29,974.48,215.54,0.00
2026-03-20,2026-03-01,FC-North,Metro Post,1,1,0,0,0,0.0,4.0,4.0,12.77,0.00,12.77,327.29,31.01,0.00
2026-06-19,2026-06-01,FC-North,Metro Post,1,1,0,0,0,0.0,2.0,2.0,7.81,0.00,7.81,1586.63,111.92,0.00
2026-05-13,2026-05-01,FC-South,Swiftline,6,5,1,0,1,0.167,3.167,2.833,24.49,9.98,14.51,532.64,158.94,148.15
2025-10-16,2025-10-01,FC-North,Regional Freight,2,2,0,0,0,0.0,2.5,2.0,15.03,0.00,15.03,746.07,359.14,0.00
2025-11-23,2025-11-01,FC-South,Regional Freight,8,5,3,2,8,1.0,4.25,3.625,40.23,0.00,40.23,1399.02,392.83,866.87
2025-08-27,2025-08-01,FC-South,Regional Freight,2,1,1,0,1,0.5,3.5,2.5,11.70,0.00,11.70,510.06,91.74,368.89
2026-03-15,2026-03-01,FC-South,Regional Freight,3,1,2,1,5,1.667,5.667,5.667,34.96,0.00,34.96,1688.77,520.01,873.28
2025-09-03,2025-09-01,FC-North,Regional Freight,1,1,0,0,0,0.0,5.0,5.0,3.40,0.00,3.40,223.78,116.44,0.00
2026-02-16,2026-02-01,FC-Central,Metro Post,3,3,0,0,0,0.0,3.0,1.667,16.20,0.00,16.20,896.25,297.47,0.00
2026-02-17,2026-02-01,FC-South,Metro Post,3,3,0,0,0,0.0,3.667,3.0,20.98,4.99,15.99,568.55,93.36,0.00
2025-09-09,2025-09-01,FC-Central,Metro Post,2,2,0,0,0,0.0,4.5,4.0,24.91,0.00,24.91,702.84,183.52,0.00
2025-09-13,2025-09-01,FC-North,Regional Freight,1,1,0,0,0,0.0,2.0,1.0,2.74,0.00,2.74,122.50,64.25,0.00
2025-09-17,2025-09-01,FC-South,Metro Post,1,1,0,0,0,0.0,3.0,2.0,12.11,0.00,12.11,345.45,119.35,0.00
2025-09-20,2025-09-01,FC-North,Metro Post,3,3,0,0,0,0.0,3.0,3.0,24.52,0.00,24.52,1236.59,511.02,0.00
2025-09-26,2025-09-01,FC-Central,Regional Freight,1,1,0,0,0,0.0,3.0,3.0,2.65,0.00,2.65,233.08,130.69,0.00
2026-02-02,2026-02-01,FC-North,Regional Freight,3,3,0,0,0,0.0,3.333,3.0,8.73,0.00,8.73,439.14,102.18,0.00
2025-12-24,2025-12-01,FC-South,Regional Freight,1,0,1,0,1,1.0,4.0,2.0,4.42,4.99,-0.57,22.27,10.27,22.27
2025-11-17,2025-11-01,FC-North,Swiftline,6,5,1,0,1,0.167,3.5,3.333,35.73,0.00,35.73,1004.23,223.54,169.49
2025-10-01,2025-10-01,FC-Central,Metro Post,1,1,0,0,0,0.0,3.0,3.0,3.62,0.00,3.62,122.50,63.37,0.00
2025-12-11,2025-12-01,FC-North,Metro Post,1,1,0,0,0,0.0,3.0,3.0,6.73,0.00,6.73,204.67,86.1,0.00
2025-11-04,2025-11-01,FC-South,Regional Freight,2,1,1,0,1,0.5,5.0,4.0,4.79,0.00,4.79,221.95,30.45,133.02
2026-01-15,2026-01-01,FC-Central,Metro Post,2,2,0,0,0,0.0,3.0,3.0,6.38,9.98,-3.60,72.60,49.77,0.00
2026-02-10,2026-02-01,FC-South,Regional Freight,1,1,0,0,0,0.0,5.0,4.0,3.83,0.00,3.83,65.11,10.88,0.00
2025-10-08,2025-10-01,FC-South,Regional Freight,2,1,1,0,1,0.5,4.0,3.0,8.28,0.00,8.28,641.46,115.71,411.22
2026-01-30,2026-01-01,FC-South,Regional Freight,1,1,0,0,0,0.0,1.0,1.0,2.39,0.00,2.39,186.86,23.62,0.00
2025-10-08,2025-10-01,FC-North,Regional Freight,1,1,0,0,0,0.0,1.0,1.0,5.25,0.00,5.25,227.26,29.08,0.00
2025-10-10,2025-10-01,FC-Central,Metro Post,2,2,0,0,0,0.0,2.5,2.5,19.56,0.00,19.56,415.38,40.7,0.00
2026-05-16,2026-05-01,FC-South,Swiftline,2,2,0,0,0,0.0,4.0,4.0,11.04,0.00,11.04,691.92,200.35,0.00
2026-02-04,2026-02-01,FC-Central,Metro Post,8,8,0,0,0,0.0,2.5,2.25,48.84,0.00,48.84,2574.90,445.55,0.00
2025-12-12,2025-12-01,FC-Central,Swiftline,2,2,0,0,0,0.0,3.5,3.5,11.58,0.00,11.58,398.71,167.23,0.00
2026-03-22,2026-03-01,FC-Central,Swiftline,7,6,1,0,2,0.286,4.571,3.714,79.98,0.00,79.98,1360.19,156.56,92.94
2026-01-13,2026-01-01,FC-Central,Regional Freight,2,2,0,0,0,0.0,3.0,2.5,8.81,0.00,8.81,1218.27,316.62,0.00
2025-12-03,2025-12-01,FC-North,Metro Post,2,2,0,0,0,0.0,2.0,2.0,16.45,0.00,16.45,750.68,165.44,0.00
2026-03-28,2026-03-01,FC-South,Metro Post,4,3,1,0,1,0.25,3.5,3.0,53.82,0.00,53.82,1116.59,264.66,241.41
2025-10-26,2025-10-01,FC-North,Swiftline,1,1,0,0,0,0.0,4.0,4.0,7.37,0.00,7.37,278.51,125.32,0.00
2026-02-08,2026-02-01,FC-North,Swiftline,3,3,0,0,0,0.0,3.0,3.0,20.63,0.00,20.63,725.67,244.12,0.00
2026-01-29,2026-01-01,FC-Central,Metro Post,4,2,2,0,4,1.0,4.75,4.0,33.86,0.00,33.86,1374.76,345.55,938.36
2026-06-02,2026-06-01,FC-North,Swiftline,2,2,0,0,0,0.0,2.5,2.5,27.54,0.00,27.54,309.65,47.71,0.00
2026-01-16,2026-01-01,FC-Central,Swiftline,3,3,0,0,0,0.0,2.667,2.667,30.40,9.98,20.42,138.55,2.48,0.00
2025-11-02,2025-11-01,FC-Central,Swiftline,1,1,0,0,0,0.0,3.0,3.0,11.02,0.00,11.02,196.62,-13.34,0.00
2026-01-03,2026-01-01,FC-Central,Metro Post,2,2,0,0,0,0.0,3.0,2.0,15.38,0.00,15.38,438.46,172.59,0.00
2025-11-05,2025-11-01,FC-North,Swiftline,2,1,1,0,1,0.5,3.0,2.0,11.96,0.00,11.96,202.91,99.75,142.34
2026-03-02,2026-03-01,FC-South,Metro Post,5,4,1,0,1,0.2,3.2,3.0,32.79,0.00,32.79,1696.11,398.17,516.06
2026-03-05,2026-03-01,FC-South,Swiftline,3,3,0,0,0,0.0,2.0,2.0,41.17,0.00,41.17,1021.23,133.2,0.00
2026-02-25,2026-02-01,FC-Central,Swiftline,2,2,0,0,0,0.0,4.0,4.0,13.19,0.00,13.19,284.86,119.05,0.00
2025-12-08,2025-12-01,FC-North,Regional Freight,1,1,0,0,0,0.0,2.0,1.0,2.41,0.00,2.41,150.36,82.37,0.00
2026-03-07,2026-03-01,FC-Central,Metro Post,1,1,0,0,0,0.0,5.0,5.0,3.09,4.99,-1.90,39.36,27.34,0.00
2026-02-03,2026-02-01,FC-North,Metro Post,1,1,0,0,0,0.0,1.0,1.0,5.06,0.00,5.06,121.11,10.52,0.00
2026-01-25,2026-01-01,FC-Central,Swiftline,4,4,0,0,0,0.0,2.75,2.25,64.73,0.00,64.73,1690.70,319.56,0.00
2025-11-21,2025-11-01,FC-South,Regional Freight,2,0,2,0,3,1.5,5.0,4.5,19.16,0.00,19.16,878.29,281.64,878.29
2026-03-26,2026-03-01,FC-North,Swiftline,6,6,0,0,0,0.0,3.0,2.5,83.03,0.00,83.03,2444.30,570.07,0.00
2026-03-13,2026-03-01,FC-North,Metro Post,4,4,0,0,0,0.0,3.5,2.75,21.21,0.00,21.21,756.15,8.83,0.00
2025-11-28,2025-11-01,FC-South,Metro Post,3,2,1,0,1,0.333,4.0,3.667,46.92,0.00,46.92,1080.37,181.86,361.05
2026-01-17,2026-01-01,FC-South,Metro Post,3,2,1,0,1,0.333,3.667,3.333,16.44,4.99,11.45,444.99,73.82,29.72
2026-04-23,2026-04-01,FC-South,Regional Freight,5,5,0,0,0,0.0,2.8,2.4,26.52,0.00,26.52,2570.23,363.59,0.00
2025-12-02,2025-12-01,FC-North,Regional Freight,1,0,1,0,1,1.0,3.0,2.0,6.86,4.99,1.87,29.59,9.51,29.59
2025-12-04,2025-12-01,FC-Central,Swiftline,3,1,2,1,4,1.333,4.0,3.0,19.81,0.00,19.81,643.78,62.74,200.56
2025-12-06,2025-12-01,FC-North,Regional Freight,1,1,0,0,0,0.0,3.0,2.0,6.21,0.00,6.21,219.47,84.56,0.00
2026-01-31,2026-01-01,FC-Central,Regional Freight,4,4,0,0,0,0.0,3.0,2.75,16.73,4.99,11.74,1081.62,307.66,0.00
2026-02-25,2026-02-01,FC-South,Swiftline,1,1,0,0,0,0.0,2.0,1.0,23.35,0.00,23.35,424.99,130.94,0.00
2026-06-11,2026-06-01,FC-South,Regional Freight,3,2,1,0,2,0.667,4.333,3.667,18.80,0.00,18.80,620.15,183.53,175.32
2026-02-02,2026-02-01,FC-South,Swiftline,1,1,0,0,0,0.0,3.0,2.0,4.04,0.00,4.04,186.86,21.97,0.00
2025-12-14,2025-12-01,FC-Central,Metro Post,1,0,1,1,3,3.0,7.0,7.0,3.40,4.99,-1.59,28.00,1.59,28.00
2026-04-30,2026-04-01,FC-Central,Swiftline,3,3,0,0,0,0.0,3.333,3.0,14.38,0.00,14.38,490.23,269.04,0.00
2025-12-13,2025-12-01,FC-North,Metro Post,1,1,0,0,0,0.0,3.0,2.0,2.93,4.99,-2.06,18.13,13.6,0.00
2026-03-31,2026-03-01,FC-North,Metro Post,1,1,0,0,0,0.0,4.0,4.0,4.11,0.00,4.11,210.07,-23.07,0.00
2025-12-18,2025-12-01,FC-South,Regional Freight,3,1,2,1,4,1.333,5.667,5.0,10.34,4.99,5.35,1161.70,334.18,182.88
2026-02-10,2026-02-01,FC-Central,Swiftline,1,1,0,0,0,0.0,2.0,2.0,4.91,0.00,4.91,90.77,49.57,0.00
2026-04-14,2026-04-01,FC-South,Regional Freight,1,1,0,0,0,0.0,1.0,1.0,2.83,0.00,2.83,216.26,92.86,0.00
2025-12-17,2025-12-01,FC-South,Regional Freight,3,2,1,1,6,2.0,5.667,5.0,19.81,4.99,14.82,641.37,41.9,374.35
2026-06-16,2026-06-01,FC-Central,Swiftline,2,2,0,0,0,0.0,3.5,3.0,17.85,0.00,17.85,216.51,23.89,0.00
2026-03-14,2026-03-01,FC-South,Metro Post,1,0,1,0,1,1.0,3.0,3.0,5.07,0.00,5.07,442.75,214.16,442.75
2026-05-19,2026-05-01,FC-Central,Metro Post,2,2,0,0,0,0.0,3.0,3.0,17.08,0.00,17.08,420.59,212.37,0.00
2025-12-29,2025-12-01,FC-North,Metro Post,2,1,1,0,2,1.0,4.0,3.5,9.90,0.00,9.90,224.26,-13.61,80.46
2026-04-25,2026-04-01,FC-Central,Swiftline,3,3,0,0,0,0.0,3.0,3.0,16.61,0.00,16.61,627.78,218.71,0.00
2026-03-30,2026-03-01,FC-Central,Metro Post,2,2,0,0,0,0.0,3.5,3.0,27.18,0.00,27.18,1250.01,279.53,0.00
2026-01-05,2026-01-01,FC-Central,Swiftline,2,2,0,0,0,0.0,3.5,3.5,7.65,0.00,7.65,124.54,60.75,0.00
2026-04-03,2026-04-01,FC-Central,Regional Freight,2,2,0,0,0,0.0,3.0,2.0,12.97,0.00,12.97,441.69,204.22,0.00
2026-04-21,2026-04-01,FC-South,Metro Post,3,3,0,0,0,0.0,2.333,2.0,14.81,0.00,14.81,931.34,49.4,0.00
2026-01-08,2026-01-01,FC-Central,Metro Post,2,2,0,0,0,0.0,3.5,2.5,10.41,0.00,10.41,281.85,128.94,0.00
2026-02-19,2026-02-01,FC-South,Regional Freight,2,1,1,0,2,1.0,3.5,3.5,8.22,0.00,8.22,362.58,186.19,195.18
2026-06-07,2026-06-01,FC-South,Swiftline,3,3,0,0,0,0.0,2.333,2.0,27.29,0.00,27.29,1280.30,-69.14,0.00
2026-02-09,2026-02-01,FC-Central,Swiftline,1,1,0,0,0,0.0,3.0,2.0,4.53,4.99,-0.46,42.61,-10.82,0.00
2026-01-20,2026-01-01,FC-Central,Swiftline,3,2,1,0,1,0.333,3.333,2.0,53.68,0.00,53.68,936.82,80.86,599.52
2026-05-30,2026-05-01,FC-South,Regional Freight,4,3,1,0,1,0.25,3.25,3.0,23.54,0.00,23.54,1852.50,240.0,1156.03
2026-01-28,2026-01-01,FC-North,Regional Freight,1,1,0,0,0,0.0,3.0,3.0,2.22,0.00,2.22,72.42,27.72,0.00
2026-02-17,2026-02-01,FC-North,Regional Freight,2,2,0,0,0,0.0,2.5,1.5,6.44,0.00,6.44,908.77,250.37,0.00
2026-02-14,2026-02-01,FC-Central,Regional Freight,1,1,0,0,0,0.0,2.0,1.0,2.61,0.00,2.61,384.21,82.33,0.00
2026-03-19,2026-03-01,FC-South,Swiftline,4,4,0,0,0,0.0,2.75,2.5,62.85,0.00,62.85,2017.90,481.04,0.00
2026-05-15,2026-05-01,FC-South,Swiftline,1,0,1,0,1,1.0,5.0,5.0,6.05,0.00,6.05,232.26,86.13,232.26
2026-05-03,2026-05-01,FC-North,Regional Freight,1,1,0,0,0,0.0,3.0,3.0,8.77,0.00,8.77,178.22,73.43,0.00
2026-02-22,2026-02-01,FC-Central,Swiftline,2,2,0,0,0,0.0,2.0,2.0,7.82,0.00,7.82,147.19,78.69,0.00
2026-02-22,2026-02-01,FC-North,Regional Freight,1,1,0,0,0,0.0,3.0,2.0,8.76,0.00,8.76,103.14,33.4,0.00
2026-04-27,2026-04-01,FC-South,Swiftline,3,3,0,0,0,0.0,2.667,2.667,15.29,0.00,15.29,610.06,290.71,0.00
2026-06-12,2026-06-01,FC-North,Swiftline,4,4,0,0,0,0.0,2.25,1.75,38.28,0.00,38.28,1024.23,282.92,0.00
2026-03-05,2026-03-01,FC-North,Metro Post,1,1,0,0,0,0.0,4.0,3.0,8.04,0.00,8.04,219.47,82.73,0.00
2026-03-06,2026-03-01,FC-Central,Regional Freight,1,1,0,0,0,0.0,3.0,3.0,3.18,0.00,3.18,192.71,74.49,0.00
2026-03-31,2026-03-01,FC-Central,Regional Freight,3,3,0,0,0,0.0,3.667,3.0,10.62,0.00,10.62,562.95,240.73,0.00
2026-05-07,2026-05-01,FC-South,Regional Freight,5,4,1,0,2,0.4,3.4,2.8,27.81,0.00,27.81,1876.89,353.66,819.55
2026-04-17,2026-04-01,FC-South,Metro Post,2,2,0,0,0,0.0,3.0,2.5,5.85,4.99,0.86,71.59,41.82,0.00
2026-03-14,2026-03-01,FC-Central,Regional Freight,1,1,0,0,0,0.0,1.0,1.0,5.26,0.00,5.26,166.13,64.7,0.00
2026-05-15,2026-05-01,FC-Central,Metro Post,2,1,1,0,1,0.5,4.0,3.0,9.73,0.00,9.73,214.92,70.9,50.12
2026-05-15,2026-05-01,FC-North,Regional Freight,2,2,0,0,0,0.0,2.5,2.5,5.02,0.00,5.02,273.20,154.63,0.00
2026-03-24,2026-03-01,FC-North,Swiftline,2,2,0,0,0,0.0,2.0,1.5,16.13,0.00,16.13,417.01,-4.3,0.00
2026-06-06,2026-06-01,FC-South,Metro Post,2,2,0,0,0,0.0,2.5,2.0,7.79,0.00,7.79,409.22,89.46,0.00
2026-05-23,2026-05-01,FC-Central,Regional Freight,3,3,0,0,0,0.0,2.333,2.333,7.63,9.98,-2.35,184.09,106.36,0.00
2026-03-30,2026-03-01,FC-South,Metro Post,1,0,1,0,1,1.0,4.0,4.0,4.03,0.00,4.03,241.39,56.69,241.39
2026-04-11,2026-04-01,FC-Central,Regional Freight,2,2,0,0,0,0.0,2.5,2.0,14.03,0.00,14.03,759.14,243.55,0.00
2026-06-05,2026-06-01,FC-North,Metro Post,1,1,0,0,0,0.0,5.0,4.0,9.48,0.00,9.48,341.07,67.36,0.00
2026-05-14,2026-05-01,FC-Central,Metro Post,2,2,0,0,0,0.0,3.0,3.0,8.78,0.00,8.78,479.78,228.9,0.00
2026-04-22,2026-04-01,FC-South,Metro Post,1,1,0,0,0,0.0,3.0,3.0,4.40,0.00,4.40,142.21,49.52,0.00
2026-04-26,2026-04-01,FC-North,Regional Freight,1,0,1,1,6,6.0,10.0,8.0,3.30,0.00,3.30,76.68,39.24,76.68
2026-05-05,2026-05-01,FC-North,Regional Freight,1,1,0,0,0,0.0,3.0,3.0,12.46,0.00,12.46,1578.22,359.18,0.00
2026-05-23,2026-05-01,FC-North,Metro Post,2,2,0,0,0,0.0,3.0,1.5,13.69,0.00,13.69,981.06,242.7,0.00
2026-06-25,2026-06-01,FC-Central,Regional Freight,1,1,0,0,0,0.0,4.0,3.0,2.86,0.00,2.86,177.49,34.06,0.00
2026-05-30,2026-05-01,FC-Central,Regional Freight,1,1,0,0,0,0.0,4.0,4.0,4.35,0.00,4.35,110.04,35.06,0.00
2026-06-01,2026-06-01,FC-Central,Metro Post,1,1,0,0,0,0.0,3.0,2.0,2.98,0.00,2.98,65.82,39.53,0.00
2026-05-28,2026-05-01,FC-South,Metro Post,1,1,0,0,0,0.0,5.0,4.0,25.42,0.00,25.42,1025.29,427.48,0.00
2026-06-29,2026-06-01,FC-South,Regional Freight,1,1,0,0,0,0.0,5.0,5.0,4.72,0.00,4.72,1037.61,398.85,0.00
2024-01-06,2024-01-01,FC-South,Regional Freight,2,1,1,1,3,1.5,4.0,3.5,9.35,0.00,9.35,440.69,29.99,260.61
2024-02-28,2024-02-01,FC-Central,Swiftline,2,2,0,0,0,0.0,3.5,3.5,15.46,0.00,15.46,798.78,232.85,0.00
2024-01-07,2024-01-01,FC-Central,Metro Post,1,1,0,0,0,0.0,1.0,1.0,11.84,0.00,11.84,608.06,-2.26,0.00
2024-01-06,2024-01-01,FC-North,Swiftline,1,1,0,0,0,0.0,5.0,4.0,10.03,0.00,10.03,1007.64,194.02,0.00
2024-01-09,2024-01-01,FC-North,Swiftline,1,1,0,0,0,0.0,5.0,5.0,14.22,0.00,14.22,414.25,57.7,0.00
2024-03-30,2024-03-01,FC-North,Swiftline,3,2,1,0,1,0.333,3.667,3.0,33.17,0.00,33.17,1844.50,412.2,1136.92
2024-06-01,2024-06-01,FC-Central,Swiftline,1,1,0,0,0,0.0,4.0,3.0,10.70,0.00,10.70,688.99,217.79,0.00
2024-01-17,2024-01-01,FC-South,Regional Freight,1,1,0,0,0,0.0,4.0,2.0,24.33,0.00,24.33,1125.70,394.8,0.00
2024-03-22,2024-03-01,FC-Central,Swiftline,5,5,0,0,0,0.0,3.8,2.8,59.03,0.00,59.03,2310.62,801.72,0.00
2024-03-13,2024-03-01,FC-South,Metro Post,3,2,1,0,2,0.667,3.333,3.333,22.52,0.00,22.52,2036.26,239.8,916.89
2024-02-26,2024-02-01,FC-South,Regional Freight,2,2,0,0,0,0.0,2.5,2.0,18.45,0.00,18.45,737.60,236.62,0.00
2024-05-24,2024-05-01,FC-South,Swiftline,3,3,0,0,0,0.0,2.0,1.667,21.60,4.99,16.61,512.86,143.03,0.00
2024-04-06,2024-04-01,FC-North,Metro Post,1,0,1,0,2,2.0,6.0,6.0,3.70,0.00,3.70,353.00,2.81,353.00
2024-02-05,2024-02-01,FC-South,Swiftline,1,1,0,0,0,0.0,3.0,3.0,13.71,0.00,13.71,174.00,49.78,0.00
2024-02-07,2024-02-01,FC-North,Swiftline,3,3,0,0,0,0.0,3.667,3.0,31.29,0.00,31.29,1456.19,157.67,0.00
2024-03-20,2024-03-01,FC-Central,Metro Post,1,1,0,0,0,0.0,2.0,2.0,7.72,0.00,7.72,274.44,118.44,0.00
2024-03-14,2024-03-01,FC-South,Regional Freight,1,1,0,0,0,0.0,3.0,3.0,5.47,0.00,5.47,441.46,161.9,0.00
2024-02-12,2024-02-01,FC-South,Regional Freight,1,1,0,0,0,0.0,5.0,4.0,2.26,0.00,2.26,52.09,29.06,0.00
2024-07-31,2024-07-01,FC-North,Metro Post,1,1,0,0,0,0.0,4.0,4.0,4.47,0.00,4.47,145.29,46.19,0.00
2024-02-25,2024-02-01,FC-South,Metro Post,1,0,1,1,4,4.0,8.0,8.0,18.98,0.00,18.98,689.34,211.16,689.34
2024-03-02,2024-03-01,FC-South,Regional Freight,2,1,1,0,1,0.5,3.5,2.5,25.41,0.00,25.41,666.20,216.42,181.06
2025-04-25,2025-04-01,FC-South,Regional Freight,4,2,2,1,8,2.0,5.0,5.0,18.58,4.99,13.59,1442.75,335.32,694.95
2024-06-04,2024-06-01,FC-Central,Swiftline,2,1,1,0,2,1.0,4.0,2.5,14.52,4.99,9.53,394.98,183.44,360.83
2024-03-13,2024-03-01,FC-North,Swiftline,2,2,0,0,0,0.0,3.0,2.0,19.22,4.99,14.23,394.55,112.2,0.00
2024-03-12,2024-03-01,FC-South,Swiftline,1,1,0,0,0,0.0,5.0,4.0,15.90,0.00,15.90,611.19,94.64,0.00
2024-07-27,2024-07-01,FC-South,Swiftline,2,1,1,0,2,1.0,5.0,4.5,8.32,4.99,3.33,74.84,32.3,46.84
2024-03-24,2024-03-01,FC-North,Metro Post,1,1,0,0,0,0.0,3.0,3.0,4.84,0.00,4.84,203.22,64.07,0.00
2024-04-05,2024-04-01,FC-South,Swiftline,1,1,0,0,0,0.0,3.0,1.0,4.06,0.00,4.06,103.71,61.62,0.00
2024-03-29,2024-03-01,FC-South,Regional Freight,1,1,0,0,0,0.0,3.0,3.0,10.71,0.00,10.71,1126.15,181.95,0.00
2024-03-30,2024-03-01,FC-South,Regional Freight,1,0,1,0,1,1.0,4.0,4.0,10.33,0.00,10.33,318.71,77.33,318.71
2024-03-29,2024-03-01,FC-North,Metro Post,1,1,0,0,0,0.0,2.0,2.0,13.08,0.00,13.08,830.87,172.84,0.00
2025-05-24,2025-05-01,FC-North,Swiftline,2,1,1,1,3,1.5,5.5,5.5,9.89,4.99,4.90,168.52,15.01,133.03
2024-07-06,2024-07-01,FC-North,Swiftline,1,1,0,0,0,0.0,5.0,4.0,3.96,4.99,-1.03,34.51,21.62,0.00
2024-05-05,2024-05-01,FC-South,Regional Freight,2,2,0,0,0,0.0,2.0,1.5,5.82,0.00,5.82,301.08,58.81,0.00
2025-01-30,2025-01-01,FC-Central,Swiftline,4,3,1,1,4,1.0,5.0,4.75,33.07,0.00,33.07,1477.60,461.18,811.64
2024-08-17,2024-08-01,FC-South,Swiftline,1,1,0,0,0,0.0,4.0,3.0,5.64,0.00,5.64,675.31,8.51,0.00
2024-04-11,2024-04-01,FC-South,Metro Post,3,2,1,1,6,2.0,5.333,5.0,17.46,0.00,17.46,934.47,203.62,89.60
2024-10-03,2024-10-01,FC-North,Swiftline,2,2,0,0,0,0.0,3.0,2.5,12.46,0.00,12.46,1052.81,292.34,0.00
2024-06-20,2024-06-01,FC-South,Metro Post,3,3,0,0,0,0.0,3.0,2.0,24.51,0.00,24.51,1088.96,331.58,0.00
2024-07-18,2024-07-01,FC-South,Regional Freight,3,1,2,2,9,3.0,6.0,5.333,21.38,0.00,21.38,1410.05,263.75,475.65
2024-05-30,2024-05-01,FC-North,Swiftline,3,3,0,0,0,0.0,2.667,2.333,25.76,0.00,25.76,769.05,321.69,0.00
2024-04-19,2024-04-01,FC-North,Regional Freight,1,1,0,0,0,0.0,2.0,2.0,2.79,0.00,2.79,101.72,39.77,0.00
2024-07-10,2024-07-01,FC-South,Regional Freight,5,3,2,0,2,0.4,3.2,2.6,21.76,0.00,21.76,1002.44,335.2,692.02
2024-04-25,2024-04-01,FC-North,Swiftline,2,1,1,0,1,0.5,4.0,4.0,37.05,0.00,37.05,1391.49,105.3,922.49
2025-09-02,2025-09-01,FC-Central,Swiftline,3,3,0,0,0,0.0,3.333,3.0,19.91,0.00,19.91,534.49,54.33,0.00
2024-09-03,2024-09-01,FC-South,Regional Freight,2,1,1,0,2,1.0,5.5,5.0,13.31,0.00,13.31,445.17,175.02,51.99
2024-05-03,2024-05-01,FC-South,Swiftline,1,1,0,0,0,0.0,3.0,1.0,8.79,0.00,8.79,224.54,115.65,0.00
2024-05-11,2024-05-01,FC-North,Regional Freight,1,1,0,0,0,0.0,4.0,4.0,16.38,0.00,16.38,440.95,190.88,0.00
2024-05-16,2024-05-01,FC-Central,Swiftline,1,1,0,0,0,0.0,3.0,3.0,4.22,0.00,4.22,107.20,65.17,0.00
2024-12-21,2024-12-01,FC-North,Metro Post,3,3,0,0,0,0.0,1.667,1.667,25.46,0.00,25.46,567.84,174.4,0.00
2024-07-11,2024-07-01,FC-South,Metro Post,2,1,1,1,4,2.0,6.0,5.5,17.94,0.00,17.94,548.05,150.55,431.41
2024-05-17,2024-05-01,FC-North,Regional Freight,1,1,0,0,0,0.0,4.0,4.0,6.87,0.00,6.87,272.92,101.23,0.00
2024-10-03,2024-10-01,FC-South,Regional Freight,6,5,1,0,1,0.167,2.833,1.833,44.70,4.99,39.71,1335.87,-116.54,204.37
2024-08-10,2024-08-01,FC-South,Metro Post,1,1,0,0,0,0.0,3.0,2.0,8.20,0.00,8.20,578.27,287.42,0.00
2024-08-15,2024-08-01,FC-North,Swiftline,1,1,0,0,0,0.0,3.0,3.0,11.75,0.00,11.75,302.57,120.07,0.00
2025-04-02,2025-04-01,FC-North,Regional Freight,1,1,0,0,0,0.0,1.0,1.0,6.79,0.00,6.79,267.25,-45.65,0.00
2025-01-28,2025-01-01,FC-Central,Metro Post,4,4,0,0,0,0.0,3.25,2.25,34.90,0.00,34.90,933.85,310.54,0.00
2024-07-10,2024-07-01,FC-North,Swiftline,1,1,0,0,0,0.0,2.0,1.0,21.67,0.00,21.67,260.29,49.71,0.00
2024-09-14,2024-09-01,FC-South,Metro Post,3,2,1,1,3,1.0,5.0,5.0,14.00,0.00,14.00,860.50,129.96,262.03
2024-05-22,2024-05-01,FC-South,Metro Post,1,0,1,0,1,1.0,5.0,4.0,8.20,0.00,8.20,581.87,169.37,581.87
2024-09-17,2024-09-01,FC-South,Metro Post,2,2,0,0,0,0.0,3.5,3.0,17.69,0.00,17.69,679.65,61.73,0.00
2024-05-26,2024-05-01,FC-South,Regional Freight,1,1,0,0,0,0.0,1.0,1.0,2.44,0.00,2.44,91.96,30.71,0.00
2024-08-21,2024-08-01,FC-South,Metro Post,3,3,0,0,0,0.0,2.667,2.333,17.26,4.99,12.27,237.41,90.73,0.00
2024-05-28,2024-05-01,FC-Central,Swiftline,1,1,0,0,0,0.0,3.0,3.0,7.49,0.00,7.49,170.31,66.62,0.00
2024-06-02,2024-06-01,FC-South,Swiftline,1,1,0,0,0,0.0,3.0,3.0,11.96,0.00,11.96,76.21,16.05,0.00
2024-08-08,2024-08-01,FC-Central,Swiftline,2,2,0,0,0,0.0,4.5,4.5,28.49,0.00,28.49,636.30,249.06,0.00
2024-06-04,2024-06-01,FC-South,Regional Freight,1,1,0,0,0,0.0,1.0,1.0,12.42,0.00,12.42,325.77,119.08,0.00
2024-06-05,2024-06-01,FC-North,Swiftline,2,2,0,0,0,0.0,2.5,2.0,20.28,0.00,20.28,467.25,152.07,0.00
2024-08-27,2024-08-01,FC-Central,Regional Freight,1,1,0,0,0,0.0,2.0,2.0,4.31,0.00,4.31,385.26,153.11,0.00
2024-09-27,2024-09-01,FC-North,Metro Post,2,2,0,0,0,0.0,3.5,3.0,7.08,0.00,7.08,302.71,94.41,0.00
2024-06-15,2024-06-01,FC-Central,Metro Post,1,1,0,0,0,0.0,3.0,2.0,4.12,0.00,4.12,156.81,78.64,0.00
2024-06-20,2024-06-01,FC-Central,Regional Freight,1,1,0,0,0,0.0,3.0,3.0,7.39,0.00,7.39,53.02,14.27,0.00
2024-10-22,2024-10-01,FC-Central,Metro Post,3,3,0,0,0,0.0,2.667,2.333,26.90,0.00,26.90,1387.33,103.9,0.00
2024-06-18,2024-06-01,FC-North,Swiftline,1,1,0,0,0,0.0,2.0,2.0,4.16,0.00,4.16,52.01,23.86,0.00
2026-03-16,2026-03-01,FC-South,Metro Post,3,3,0,0,0,0.0,2.667,1.667,10.69,0.00,10.69,295.44,63.21,0.00
2025-01-10,2025-01-01,FC-South,Regional Freight,4,1,3,2,9,2.25,6.0,5.75,18.85,0.00,18.85,532.52,31.21,436.75
2024-06-25,2024-06-01,FC-North,Metro Post,1,1,0,0,0,0.0,4.0,3.0,4.62,0.00,4.62,333.31,85.51,0.00
2024-09-25,2024-09-01,FC-South,Regional Freight,3,2,1,0,2,0.667,4.0,2.667,17.19,0.00,17.19,657.46,243.47,114.67
2024-12-02,2024-12-01,FC-Central,Swiftline,3,3,0,0,0,0.0,3.0,3.0,29.31,0.00,29.31,751.47,180.56,0.00
2024-09-27,2024-09-01,FC-Central,Swiftline,3,3,0,0,0,0.0,3.0,2.667,39.18,0.00,39.18,568.51,166.24,0.00
2024-11-13,2024-11-01,FC-Central,Swiftline,2,1,1,0,2,1.0,3.5,2.0,9.21,0.00,9.21,285.64,84.86,161.62
2025-02-12,2025-02-01,FC-South,Swiftline,4,4,0,0,0,0.0,3.25,3.0,25.37,4.99,20.38,970.68,300.03,0.00
2024-09-20,2024-09-01,FC-South,Regional Freight,3,3,0,0,0,0.0,3.333,2.0,11.64,0.00,11.64,766.18,354.73,0.00
2025-03-08,2025-03-01,FC-South,Metro Post,3,3,0,0,0,0.0,1.667,1.667,13.85,0.00,13.85,571.82,136.67,0.00
2024-08-11,2024-08-01,FC-Central,Metro Post,2,2,0,0,0,0.0,2.5,2.0,13.43,0.00,13.43,510.73,233.35,0.00
2024-06-30,2024-06-01,FC-South,Metro Post,1,1,0,0,0,0.0,3.0,2.0,3.14,0.00,3.14,81.68,39.68,0.00
2024-06-29,2024-06-01,FC-Central,Metro Post,1,1,0,0,0,0.0,4.0,3.0,5.37,0.00,5.37,286.70,85.81,0.00
2024-08-04,2024-08-01,FC-South,Regional Freight,2,0,2,1,7,3.5,6.5,5.5,26.07,0.00,26.07,751.97,16.42,751.97
2024-09-11,2024-09-01,FC-Central,Regional Freight,1,1,0,0,0,0.0,2.0,1.0,6.85,0.00,6.85,153.72,75.26,0.00
2024-09-13,2024-09-01,FC-Central,Swiftline,2,2,0,0,0,0.0,3.0,2.5,13.35,0.00,13.35,258.64,63.79,0.00
2024-07-10,2024-07-01,FC-Central,Metro Post,4,4,0,0,0,0.0,2.25,2.0,39.24,0.00,39.24,892.90,202.92,0.00
2024-07-13,2024-07-01,FC-Central,Metro Post,1,1,0,0,0,0.0,4.0,4.0,3.08,0.00,3.08,125.23,62.72,0.00
2024-07-15,2024-07-01,FC-Central,Swiftline,1,1,0,0,0,0.0,5.0,5.0,4.46,0.00,4.46,128.17,75.92,0.00
2024-11-15,2024-11-01,FC-South,Swiftline,1,1,0,0,0,0.0,5.0,4.0,31.17,0.00,31.17,492.12,45.11,0.00
2024-08-26,2024-08-01,FC-South,Regional Freight,2,2,0,0,0,0.0,3.5,2.5,14.32,0.00,14.32,619.57,-319.8,0.00
2024-07-19,2024-07-01,FC-North,Swiftline,1,1,0,0,0,0.0,3.0,3.0,11.44,0.00,11.44,178.11,35.05,0.00
2024-09-21,2024-09-01,FC-South,Swiftline,2,2,0,0,0,0.0,3.0,3.0,17.85,0.00,17.85,141.52,45.42,0.00
2024-07-21,2024-07-01,FC-Central,Metro Post,1,1,0,0,0,0.0,4.0,4.0,6.33,0.00,6.33,105.17,39.43,0.00
2026-03-08,2026-03-01,FC-North,Swiftline,3,3,0,0,0,0.0,4.0,3.0,50.46,0.00,50.46,1531.83,291.81,0.00
2024-09-14,2024-09-01,FC-Central,Swiftline,1,1,0,0,0,0.0,2.0,1.0,12.10,0.00,12.10,517.43,218.59,0.00
2024-08-27,2024-08-01,FC-South,Metro Post,1,1,0,0,0,0.0,5.0,5.0,3.14,0.00,3.14,95.89,47.5,0.00
2024-07-29,2024-07-01,FC-South,Regional Freight,2,2,0,0,0,0.0,2.5,2.5,5.69,4.99,0.70,413.81,167.46,0.00
2024-07-28,2024-07-01,FC-Central,Metro Post,1,1,0,0,0,0.0,4.0,3.0,2.97,0.00,2.97,67.15,40.02,0.00
2024-07-28,2024-07-01,FC-South,Metro Post,1,1,0,0,0,0.0,3.0,2.0,3.56,0.00,3.56,94.68,-3.56,0.00
2024-10-25,2024-10-01,FC-North,Metro Post,3,3,0,0,0,0.0,3.0,2.0,18.20,0.00,18.20,664.37,265.48,0.00
2024-08-03,2024-08-01,FC-South,Regional Freight,1,1,0,0,0,0.0,2.0,2.0,2.81,0.00,2.81,48.76,-28.99,0.00
2025-04-08,2025-04-01,FC-Central,Regional Freight,3,3,0,0,0,0.0,2.333,2.333,17.73,4.99,12.74,605.94,28.42,0.00
2024-08-05,2024-08-01,FC-Central,Metro Post,2,2,0,0,0,0.0,2.0,1.5,14.76,0.00,14.76,574.12,109.79,0.00
2024-08-06,2024-08-01,FC-South,Swiftline,1,1,0,0,0,0.0,2.0,2.0,7.93,0.00,7.93,369.90,35.87,0.00
2024-08-07,2024-08-01,FC-North,Metro Post,1,0,1,0,2,2.0,6.0,5.0,3.15,0.00,3.15,116.54,63.52,116.54
2024-08-06,2024-08-01,FC-North,Metro Post,1,1,0,0,0,0.0,4.0,4.0,3.31,4.99,-1.68,25.56,15.86,0.00
2024-08-12,2024-08-01,FC-South,Metro Post,1,1,0,0,0,0.0,3.0,2.0,7.41,0.00,7.41,441.98,64.16,0.00
2024-11-08,2024-11-01,FC-South,Regional Freight,3,2,1,1,4,1.333,4.0,3.333,14.41,0.00,14.41,884.75,307.74,350.44
2024-12-24,2024-12-01,FC-Central,Regional Freight,3,2,1,0,2,0.667,4.0,3.333,10.76,0.00,10.76,920.18,78.79,263.61
2024-08-16,2024-08-01,FC-North,Regional Freight,1,1,0,0,0,0.0,5.0,5.0,8.16,0.00,8.16,135.64,-9.62,0.00
2024-08-21,2024-08-01,FC-Central,Swiftline,2,2,0,0,0,0.0,4.5,4.5,15.60,0.00,15.60,1069.61,147.47,0.00
2025-04-16,2025-04-01,FC-South,Regional Freight,4,2,2,1,5,1.25,4.25,3.75,18.64,4.99,13.65,1223.85,164.36,599.46
2025-09-23,2025-09-01,FC-South,Regional Freight,3,3,0,0,0,0.0,2.333,2.333,32.33,0.00,32.33,1474.53,127.31,0.00
2024-08-23,2024-08-01,FC-North,Regional Freight,1,1,0,0,0,0.0,3.0,2.0,10.28,0.00,10.28,791.99,100.75,0.00
2024-08-23,2024-08-01,FC-South,Regional Freight,1,1,0,0,0,0.0,3.0,3.0,14.18,0.00,14.18,1089.57,150.87,0.00
2024-08-25,2024-08-01,FC-North,Swiftline,2,2,0,0,0,0.0,3.5,3.0,24.88,0.00,24.88,1637.29,142.36,0.00
2024-10-12,2024-10-01,FC-Central,Metro Post,2,2,0,0,0,0.0,4.0,3.5,37.03,0.00,37.03,1340.37,549.83,0.00
2024-09-02,2024-09-01,FC-North,Metro Post,1,1,0,0,0,0.0,2.0,1.0,8.49,0.00,8.49,194.29,77.79,0.00
2024-09-17,2024-09-01,FC-Central,Swiftline,2,2,0,0,0,0.0,3.0,2.5,20.01,0.00,20.01,593.59,212.96,0.00
2024-10-14,2024-10-01,FC-Central,Swiftline,1,1,0,0,0,0.0,5.0,5.0,15.23,0.00,15.23,492.99,217.64,0.00
2024-09-04,2024-09-01,FC-North,Regional Freight,1,1,0,0,0,0.0,2.0,2.0,5.38,0.00,5.38,290.67,42.13,0.00
2024-09-05,2024-09-01,FC-South,Regional Freight,1,0,1,0,1,1.0,3.0,1.0,5.29,0.00,5.29,47.86,15.62,47.86
2024-12-27,2024-12-01,FC-South,Metro Post,1,1,0,0,0,0.0,2.0,2.0,16.82,0.00,16.82,164.77,0.65,0.00
2024-10-23,2024-10-01,FC-Central,Metro Post,2,2,0,0,0,0.0,3.0,3.0,51.62,0.00,51.62,638.62,175.24,0.00
2024-09-24,2024-09-01,FC-South,Swiftline,2,2,0,0,0,0.0,3.5,3.0,21.68,0.00,21.68,705.17,262.91,0.00
2024-12-09,2024-12-01,FC-South,Metro Post,2,2,0,0,0,0.0,3.5,3.0,7.21,0.00,7.21,284.00,111.45,0.00
2024-09-13,2024-09-01,FC-North,Metro Post,1,1,0,0,0,0.0,2.0,1.0,12.33,0.00,12.33,455.59,99.13,0.00
2024-10-18,2024-10-01,FC-North,Swiftline,2,2,0,0,0,0.0,2.0,1.0,8.05,4.99,3.06,109.93,36.16,0.00
2024-11-27,2024-11-01,FC-North,Swiftline,1,1,0,0,0,0.0,3.0,2.0,4.02,0.00,4.02,95.89,46.62,0.00
2024-09-13,2024-09-01,FC-South,Swiftline,1,1,0,0,0,0.0,1.0,1.0,26.11,0.00,26.11,827.20,275.7,0.00
2024-11-30,2024-11-01,FC-South,Regional Freight,2,0,2,1,10,5.0,8.5,8.5,9.26,4.99,4.27,120.53,-5.67,120.53
2025-11-09,2025-11-01,FC-South,Swiftline,2,1,1,0,2,1.0,4.0,4.0,15.88,0.00,15.88,692.37,21.56,305.45
2024-09-16,2024-09-01,FC-Central,Regional Freight,1,1,0,0,0,0.0,3.0,2.0,6.34,0.00,6.34,208.78,82.39,0.00
2024-10-11,2024-10-01,FC-North,Metro Post,2,2,0,0,0,0.0,3.5,2.0,6.44,4.99,1.45,94.80,37.6,0.00
2024-12-22,2024-12-01,FC-South,Swiftline,1,1,0,0,0,0.0,3.0,3.0,10.21,4.99,5.22,31.41,-5.38,0.00
2025-05-23,2025-05-01,FC-North,Metro Post,1,1,0,0,0,0.0,3.0,2.0,3.38,0.00,3.38,83.70,42.38,0.00
2024-12-24,2024-12-01,FC-South,Swiftline,8,7,1,1,3,0.375,3.125,2.75,54.85,4.99,49.86,1922.43,528.94,262.25
2024-09-22,2024-09-01,FC-South,Regional Freight,1,1,0,0,0,0.0,3.0,3.0,3.46,0.00,3.46,362.80,-3.46,0.00
2024-10-01,2024-10-01,FC-North,Metro Post,1,1,0,0,0,0.0,4.0,2.0,3.00,4.99,-1.99,41.74,22.11,0.00
2024-10-05,2024-10-01,FC-North,Regional Freight,1,1,0,0,0,0.0,4.0,4.0,15.67,0.00,15.67,1141.34,19.69,0.00
2024-10-08,2024-10-01,FC-South,Metro Post,2,2,0,0,0,0.0,3.0,3.0,28.19,0.00,28.19,2397.04,279.89,0.00
2024-11-09,2024-11-01,FC-South,Regional Freight,6,3,3,2,16,2.667,5.667,5.167,41.61,0.00,41.61,1651.40,364.73,731.96
2025-01-26,2025-01-01,FC-North,Swiftline,2,2,0,0,0,0.0,1.5,1.5,10.98,0.00,10.98,376.64,138.44,0.00
2024-10-14,2024-10-01,FC-South,Swiftline,3,2,1,0,1,0.333,3.0,2.0,25.35,4.99,20.36,560.88,111.89,26.40
2025-03-11,2025-03-01,FC-South,Metro Post,3,1,2,2,9,3.0,5.0,4.333,20.14,0.00,20.14,558.00,-19.21,453.15
2024-10-15,2024-10-01,FC-South,Regional Freight,3,2,1,1,4,1.333,4.667,4.333,7.26,4.99,2.27,207.99,117.42,14.91
2024-10-13,2024-10-01,FC-North,Swiftline,1,1,0,0,0,0.0,4.0,4.0,21.72,0.00,21.72,269.70,39.61,0.00
2024-10-17,2024-10-01,FC-North,Swiftline,2,2,0,0,0,0.0,3.0,2.5,8.58,4.99,3.59,96.82,43.31,0.00
2024-10-17,2024-10-01,FC-Central,Metro Post,1,1,0,0,0,0.0,3.0,3.0,9.65,0.00,9.65,68.67,17.4,0.00
2025-03-20,2025-03-01,FC-Central,Regional Freight,5,5,0,0,0,0.0,3.4,2.8,21.38,0.00,21.38,1098.14,247.21,0.00
2024-10-22,2024-10-01,FC-South,Regional Freight,1,1,0,0,0,0.0,5.0,4.0,5.65,0.00,5.65,140.65,-76.06,0.00
2024-10-27,2024-10-01,FC-South,Regional Freight,6,5,1,0,1,0.167,3.333,3.0,38.60,4.99,33.61,3383.50,805.44,472.93
2025-03-14,2025-03-01,FC-South,Metro Post,1,1,0,0,0,0.0,2.0,1.0,4.47,0.00,4.47,381.10,207.71,0.00
2024-11-03,2024-11-01,FC-Central,Swiftline,1,1,0,0,0,0.0,2.0,1.0,4.31,0.00,4.31,83.70,41.45,0.00
2025-12-21,2025-12-01,FC-North,Swiftline,8,8,0,0,0,0.0,3.0,2.75,65.16,4.99,60.17,2022.81,529.49,0.00
2025-07-09,2025-07-01,FC-South,Regional Freight,5,3,2,0,2,0.4,4.0,3.4,39.50,0.00,39.50,1733.01,361.14,220.16
2024-12-03,2024-12-01,FC-North,Swiftline,2,2,0,0,0,0.0,3.0,3.0,13.96,4.99,8.97,499.96,71.67,0.00
2025-02-16,2025-02-01,FC-North,Swiftline,2,2,0,0,0,0.0,2.5,2.5,11.81,0.00,11.81,276.04,49.97,0.00
2025-07-31,2025-07-01,FC-South,Regional Freight,2,2,0,0,0,0.0,2.0,1.0,7.38,0.00,7.38,232.13,103.16,0.00
2025-10-05,2025-10-01,FC-North,Metro Post,2,2,0,0,0,0.0,1.5,1.5,18.66,0.00,18.66,825.35,149.48,0.00
2025-04-14,2025-04-01,FC-North,Regional Freight,2,2,0,0,0,0.0,3.0,2.5,5.65,4.99,0.66,292.37,164.42,0.00
2024-11-14,2024-11-01,FC-North,Regional Freight,1,1,0,0,0,0.0,1.0,1.0,11.21,0.00,11.21,394.70,122.25,0.00
2025-04-16,2025-04-01,FC-Central,Regional Freight,2,2,0,0,0,0.0,1.0,1.0,7.66,4.99,2.67,348.69,146.47,0.00
2024-11-17,2024-11-01,FC-South,Metro Post,2,2,0,0,0,0.0,2.5,2.0,31.16,0.00,31.16,944.70,-42.82,0.00
2025-01-13,2025-01-01,FC-North,Swiftline,1,1,0,0,0,0.0,3.0,3.0,5.21,0.00,5.21,156.81,-5.21,0.00
2025-02-20,2025-02-01,FC-Central,Regional Freight,1,1,0,0,0,0.0,4.0,4.0,8.13,0.00,8.13,933.16,147.75,0.00
2025-01-18,2025-01-01,FC-North,Metro Post,3,2,1,1,9,3.0,6.0,5.667,15.14,4.99,10.15,523.15,133.76,64.15
2025-07-10,2025-07-01,FC-South,Metro Post,2,2,0,0,0,0.0,4.5,4.5,9.04,4.99,4.05,505.05,187.48,0.00
2025-03-07,2025-03-01,FC-North,Metro Post,2,2,0,0,0,0.0,3.5,2.5,7.88,0.00,7.88,415.71,38.41,0.00
2024-12-16,2024-12-01,FC-North,Swiftline,3,2,1,0,1,0.333,3.667,3.0,22.47,0.00,22.47,583.80,33.57,217.21
2024-12-15,2024-12-01,FC-Central,Swiftline,1,1,0,0,0,0.0,4.0,4.0,20.64,0.00,20.64,1338.33,-1061.72,0.00
2025-07-03,2025-07-01,FC-North,Regional Freight,1,1,0,0,0,0.0,5.0,5.0,8.40,0.00,8.40,206.17,80.27,0.00
2025-01-20,2025-01-01,FC-Central,Swiftline,1,1,0,0,0,0.0,4.0,2.0,14.69,0.00,14.69,959.52,-190.88,0.00
2024-12-17,2024-12-01,FC-South,Metro Post,1,1,0,0,0,0.0,3.0,3.0,7.71,0.00,7.71,491.14,91.32,0.00
2024-12-19,2024-12-01,FC-North,Metro Post,2,2,0,0,0,0.0,3.5,2.5,8.47,0.00,8.47,228.10,54.47,0.00
2025-08-12,2025-08-01,FC-North,Swiftline,3,3,0,0,0,0.0,3.0,2.667,17.86,0.00,17.86,826.86,254.2,0.00
2024-12-23,2024-12-01,FC-North,Metro Post,2,1,1,0,1,0.5,4.0,4.0,18.56,4.99,13.57,476.70,105.68,464.23
2025-04-09,2025-04-01,FC-Central,Metro Post,3,3,0,0,0,0.0,3.333,3.333,20.03,4.99,15.04,632.59,120.33,0.00
2025-08-15,2025-08-01,FC-North,Metro Post,3,3,0,0,0,0.0,4.0,3.0,27.01,0.00,27.01,1736.21,436.58,0.00
2026-01-02,2026-01-01,FC-South,Regional Freight,7,6,1,0,2,0.286,3.143,2.714,41.28,0.00,41.28,2721.14,804.3,726.83
2025-03-02,2025-03-01,FC-South,Regional Freight,1,1,0,0,0,0.0,3.0,2.0,2.41,0.00,2.41,196.60,114.15,0.00
2025-01-16,2025-01-01,FC-North,Regional Freight,1,1,0,0,0,0.0,5.0,4.0,8.98,0.00,8.98,316.19,-74.46,0.00
2025-10-15,2025-10-01,FC-North,Metro Post,2,2,0,0,0,0.0,5.0,4.5,15.86,0.00,15.86,540.34,25.88,0.00
2025-02-09,2025-02-01,FC-South,Metro Post,1,1,0,0,0,0.0,4.0,4.0,5.52,0.00,5.52,190.46,59.05,0.00
2025-03-14,2025-03-01,FC-Central,Regional Freight,1,0,1,1,3,3.0,7.0,6.0,2.66,0.00,2.66,128.17,77.72,128.17
2025-03-10,2025-03-01,FC-Central,Regional Freight,1,1,0,0,0,0.0,4.0,3.0,2.99,0.00,2.99,106.66,62.36,0.00
2025-10-15,2025-10-01,FC-South,Regional Freight,3,2,1,1,9,3.0,6.0,5.0,12.83,4.99,7.84,217.12,55.27,59.96
2026-01-07,2026-01-01,FC-South,Swiftline,3,3,0,0,0,0.0,2.333,1.667,17.20,0.00,17.20,590.42,158.74,0.00
2025-01-27,2025-01-01,FC-South,Regional Freight,2,2,0,0,0,0.0,3.0,3.0,11.61,0.00,11.61,751.44,83.7,0.00
2026-05-10,2026-05-01,FC-South,Regional Freight,5,3,2,1,5,1.0,5.0,4.8,24.64,4.99,19.65,1431.19,484.28,122.04
2025-06-03,2025-06-01,FC-South,Metro Post,2,2,0,0,0,0.0,2.5,2.0,9.67,4.99,4.68,208.14,58.24,0.00
2025-08-06,2025-08-01,FC-Central,Metro Post,3,3,0,0,0,0.0,3.667,3.0,57.89,0.00,57.89,2004.99,238.81,0.00
2025-04-06,2025-04-01,FC-South,Swiftline,2,1,1,1,4,2.0,5.0,4.0,13.84,0.00,13.84,945.22,265.36,513.36
2025-02-10,2025-02-01,FC-South,Swiftline,1,1,0,0,0,0.0,2.0,1.0,7.08,0.00,7.08,360.87,186.03,0.00
2025-04-18,2025-04-01,FC-Central,Swiftline,2,2,0,0,0,0.0,3.0,3.0,15.08,0.00,15.08,217.20,103.31,0.00
2025-08-13,2025-08-01,FC-North,Swiftline,1,1,0,0,0,0.0,1.0,1.0,4.62,0.00,4.62,376.22,-56.47,0.00
2025-02-21,2025-02-01,FC-South,Swiftline,1,1,0,0,0,0.0,2.0,1.0,26.37,0.00,26.37,477.90,127.83,0.00
2025-02-26,2025-02-01,FC-South,Swiftline,1,1,0,0,0,0.0,3.0,1.0,4.36,0.00,4.36,64.55,-4.36,0.00
2025-06-21,2025-06-01,FC-South,Metro Post,3,3,0,0,0,0.0,2.0,1.333,30.58,0.00,30.58,880.26,276.57,0.00
2025-07-03,2025-07-01,FC-South,Swiftline,3,3,0,0,0,0.0,3.0,2.667,41.10,4.99,36.11,1260.50,242.33,0.00
2025-02-27,2025-02-01,FC-Central,Swiftline,1,1,0,0,0,0.0,5.0,4.0,3.93,0.00,3.93,45.85,26.1,0.00
2025-03-04,2025-03-01,FC-North,Swiftline,2,2,0,0,0,0.0,3.5,3.5,17.09,0.00,17.09,757.93,141.31,0.00
2025-03-03,2025-03-01,FC-South,Metro Post,3,3,0,0,0,0.0,2.0,1.667,19.30,0.00,19.30,1509.37,52.36,0.00
2025-10-23,2025-10-01,FC-South,Metro Post,3,1,2,1,5,1.667,6.0,6.0,22.67,4.99,17.68,1354.37,193.6,1019.84
2025-07-12,2025-07-01,FC-Central,Metro Post,1,1,0,0,0,0.0,1.0,1.0,3.56,0.00,3.56,128.93,-64.58,0.00
2025-03-07,2025-03-01,FC-South,Swiftline,1,0,1,0,1,1.0,4.0,4.0,8.05,0.00,8.05,169.90,-8.05,169.90
2025-09-28,2025-09-01,FC-Central,Swiftline,5,5,0,0,0,0.0,2.8,2.2,37.61,0.00,37.61,837.24,281.57,0.00
2025-06-17,2025-06-01,FC-North,Swiftline,3,3,0,0,0,0.0,2.667,2.667,32.76,0.00,32.76,973.64,-104.49,0.00
2025-06-20,2025-06-01,FC-North,Metro Post,2,2,0,0,0,0.0,2.5,2.0,7.97,0.00,7.97,576.08,231.95,0.00
2025-09-22,2025-09-01,FC-Central,Swiftline,2,1,1,0,1,0.5,4.5,4.0,14.39,0.00,14.39,583.49,222.65,384.75
2025-03-28,2025-03-01,FC-Central,Swiftline,1,1,0,0,0,0.0,3.0,3.0,11.78,0.00,11.78,53.02,9.88,0.00
2025-09-22,2025-09-01,FC-North,Swiftline,4,4,0,0,0,0.0,3.0,2.5,22.48,0.00,22.48,583.46,161.47,0.00
2025-04-03,2025-04-01,FC-Central,Metro Post,1,1,0,0,0,0.0,5.0,5.0,4.54,4.99,-0.45,36.08,6.91,0.00
2025-04-20,2025-04-01,FC-South,Metro Post,3,3,0,0,0,0.0,3.0,2.667,15.57,4.99,10.58,682.46,80.55,0.00
2025-05-09,2025-05-01,FC-North,Swiftline,2,2,0,0,0,0.0,2.5,2.5,10.72,4.99,5.73,311.89,170.16,0.00
2025-10-23,2025-10-01,FC-North,Metro Post,4,3,1,1,6,1.5,3.75,3.25,34.80,0.00,34.80,1046.80,188.65,424.50
2025-06-13,2025-06-01,FC-South,Metro Post,5,4,1,1,3,0.6,4.2,4.0,30.61,0.00,30.61,1574.23,371.29,50.12
2025-08-02,2025-08-01,FC-Central,Swiftline,2,2,0,0,0,0.0,3.5,2.0,15.60,4.99,10.61,563.15,62.76,0.00
2025-09-27,2025-09-01,FC-Central,Swiftline,4,4,0,0,0,0.0,2.5,2.5,29.72,4.99,24.73,564.55,180.35,0.00
2025-04-10,2025-04-01,FC-Central,Regional Freight,1,1,0,0,0,0.0,2.0,2.0,7.33,0.00,7.33,308.29,127.08,0.00
2025-08-02,2025-08-01,FC-North,Metro Post,2,2,0,0,0,0.0,2.0,1.5,20.00,0.00,20.00,913.08,431.02,0.00
2025-07-07,2025-07-01,FC-North,Regional Freight,2,2,0,0,0,0.0,3.5,3.0,15.32,0.00,15.32,1301.46,345.41,0.00
2025-06-20,2025-06-01,FC-Central,Regional Freight,1,1,0,0,0,0.0,5.0,4.0,5.88,0.00,5.88,528.11,-3.34,0.00
2025-06-15,2025-06-01,FC-South,Regional Freight,4,2,2,1,10,2.5,6.0,5.75,27.09,0.00,27.09,634.87,165.47,254.77
2025-11-25,2025-11-01,FC-North,Metro Post,2,2,0,0,0,0.0,3.5,3.5,19.00,0.00,19.00,283.59,68.39,0.00
2025-06-24,2025-06-01,FC-North,Swiftline,2,2,0,0,0,0.0,3.0,3.0,15.06,0.00,15.06,536.08,67.95,0.00
2025-04-27,2025-04-01,FC-Central,Metro Post,1,1,0,0,0,0.0,3.0,3.0,7.97,0.00,7.97,149.76,1.08,0.00
2025-04-30,2025-04-01,FC-South,Regional Freight,1,1,0,0,0,0.0,3.0,3.0,3.22,0.00,3.22,103.37,58.86,0.00
2025-08-16,2025-08-01,FC-Central,Swiftline,2,2,0,0,0,0.0,4.0,4.0,27.59,0.00,27.59,611.45,134.59,0.00
2025-10-27,2025-10-01,FC-South,Metro Post,3,2,1,0,2,0.667,4.0,3.667,19.97,0.00,19.97,617.83,267.63,111.53
2025-05-14,2025-05-01,FC-South,Metro Post,1,1,0,0,0,0.0,3.0,3.0,3.09,4.99,-1.90,44.92,30.54,0.00
2025-08-19,2025-08-01,FC-Central,Regional Freight,2,1,1,0,1,0.5,3.5,3.0,11.37,4.99,6.38,571.17,92.02,529.75
2025-05-17,2025-05-01,FC-South,Regional Freight,3,1,2,0,3,1.0,4.333,3.667,10.56,0.00,10.56,805.28,377.68,631.98
2025-09-24,2025-09-01,FC-Central,Regional Freight,2,1,1,0,1,0.5,4.0,4.0,10.23,0.00,10.23,293.33,127.93,60.25
2025-05-21,2025-05-01,FC-South,Metro Post,1,1,0,0,0,0.0,2.0,2.0,4.00,0.00,4.00,177.05,73.27,0.00
2025-05-26,2025-05-01,FC-Central,Swiftline,1,1,0,0,0,0.0,5.0,5.0,12.74,0.00,12.74,333.55,140.11,0.00
2025-05-25,2025-05-01,FC-North,Regional Freight,1,1,0,0,0,0.0,5.0,4.0,7.87,0.00,7.87,913.73,161.75,0.00
2025-05-28,2025-05-01,FC-Central,Regional Freight,1,1,0,0,0,0.0,4.0,3.0,2.56,0.00,2.56,65.52,33.6,0.00
2025-05-30,2025-05-01,FC-North,Regional Freight,1,1,0,0,0,0.0,5.0,5.0,4.42,4.99,-0.57,22.27,10.27,0.00
2025-08-20,2025-08-01,FC-North,Swiftline,2,2,0,0,0,0.0,1.5,1.5,16.28,0.00,16.28,282.46,99.52,0.00
2025-08-23,2025-08-01,FC-South,Regional Freight,2,1,1,0,2,1.0,4.5,4.0,8.49,4.99,3.50,291.32,141.62,247.04
2025-12-07,2025-12-01,FC-North,Swiftline,5,5,0,0,0,0.0,2.6,2.2,27.92,4.99,22.93,614.14,58.74,0.00
2026-01-17,2026-01-01,FC-Central,Swiftline,3,3,0,0,0,0.0,3.667,3.333,24.12,0.00,24.12,588.99,102.01,0.00
2025-10-31,2025-10-01,FC-North,Swiftline,3,3,0,0,0,0.0,3.667,3.667,21.95,4.99,16.96,824.96,55.51,0.00
2025-06-25,2025-06-01,FC-Central,Metro Post,1,1,0,0,0,0.0,5.0,5.0,3.15,0.00,3.15,116.54,63.52,0.00
2025-06-27,2025-06-01,FC-South,Regional Freight,4,3,1,0,1,0.25,2.5,1.75,18.41,4.99,13.42,448.76,52.14,122.76
2025-12-06,2025-12-01,FC-South,Metro Post,4,4,0,0,0,0.0,4.25,3.75,47.32,0.00,47.32,2458.85,664.5,0.00
2025-06-30,2025-06-01,FC-Central,Metro Post,1,1,0,0,0,0.0,4.0,4.0,6.57,0.00,6.57,834.03,360.69,0.00
2025-12-30,2025-12-01,FC-South,Metro Post,4,3,1,0,2,0.5,4.25,4.0,27.03,4.99,22.04,897.31,200.34,219.46
2025-07-07,2025-07-01,FC-South,Regional Freight,4,1,3,0,4,1.0,5.0,4.0,34.72,0.00,34.72,2260.11,526.91,1449.38
2026-01-11,2026-01-01,FC-Central,Metro Post,4,4,0,0,0,0.0,2.0,1.5,70.55,0.00,70.55,1056.25,263.0,0.00
2025-07-11,2025-07-01,FC-North,Metro Post,1,1,0,0,0,0.0,2.0,2.0,4.31,0.00,4.31,257.86,131.51,0.00
2026-03-18,2026-03-01,FC-Central,Regional Freight,3,3,0,0,0,0.0,2.667,2.333,21.80,0.00,21.80,830.06,416.38,0.00
2025-10-02,2025-10-01,FC-North,Regional Freight,1,1,0,0,0,0.0,4.0,3.0,4.75,0.00,4.75,75.61,5.79,0.00
2026-02-21,2026-02-01,FC-South,Metro Post,3,1,2,2,9,3.0,6.667,6.333,23.14,0.00,23.14,442.99,82.15,271.11
2025-08-25,2025-08-01,FC-North,Swiftline,3,3,0,0,0,0.0,3.333,2.333,36.68,0.00,36.68,1423.95,504.17,0.00
2025-08-21,2025-08-01,FC-Central,Swiftline,3,2,1,0,1,0.333,3.667,2.667,24.23,0.00,24.23,842.44,105.98,245.35
2025-07-19,2025-07-01,FC-South,Swiftline,1,1,0,0,0,0.0,3.0,2.0,5.76,0.00,5.76,526.69,129.32,0.00
2025-07-25,2025-07-01,FC-South,Metro Post,1,0,1,0,1,1.0,3.0,2.0,7.17,0.00,7.17,382.10,21.93,382.10
2026-04-16,2026-04-01,FC-South,Regional Freight,6,4,2,0,2,0.333,3.0,2.167,27.10,0.00,27.10,1682.15,308.83,353.26
2025-10-19,2025-10-01,FC-North,Swiftline,3,3,0,0,0,0.0,3.333,3.333,29.04,4.99,24.05,635.83,261.95,0.00
2025-08-05,2025-08-01,FC-Central,Metro Post,2,2,0,0,0,0.0,4.0,4.0,23.51,0.00,23.51,1916.47,432.03,0.00
2025-08-08,2025-08-01,FC-North,Swiftline,2,1,1,1,3,1.5,4.5,4.5,11.77,0.00,11.77,325.00,46.65,81.87
2025-12-09,2025-12-01,FC-Central,Swiftline,4,4,0,0,0,0.0,3.0,2.0,36.65,0.00,36.65,773.26,98.41,0.00
2025-08-14,2025-08-01,FC-North,Swiftline,2,2,0,0,0,0.0,3.0,3.0,13.05,0.00,13.05,350.28,81.63,0.00
2026-02-16,2026-02-01,FC-North,Swiftline,2,2,0,0,0,0.0,3.0,3.0,19.52,0.00,19.52,954.95,-35.14,0.00
2025-11-16,2025-11-01,FC-South,Swiftline,2,1,1,1,4,2.0,4.0,3.0,15.00,0.00,15.00,309.74,138.1,95.77
2025-10-30,2025-10-01,FC-South,Metro Post,4,3,1,0,1,0.25,3.5,2.75,38.32,0.00,38.32,3164.52,1000.22,1476.41
2025-08-22,2025-08-01,FC-South,Metro Post,2,1,1,1,3,1.5,4.0,3.0,27.88,0.00,27.88,510.59,199.89,289.12
2025-10-25,2025-10-01,FC-South,Metro Post,2,2,0,0,0,0.0,2.5,2.5,36.34,0.00,36.34,1170.42,-33.61,0.00
2025-09-06,2025-09-01,FC-Central,Swiftline,5,5,0,0,0,0.0,3.6,2.8,68.64,0.00,68.64,1502.93,360.11,0.00
2025-08-27,2025-08-01,FC-Central,Swiftline,1,1,0,0,0,0.0,1.0,1.0,5.95,0.00,5.95,68.52,22.69,0.00
2026-05-26,2026-05-01,FC-South,Swiftline,2,2,0,0,0,0.0,2.5,2.0,30.53,0.00,30.53,1032.77,347.75,0.00
2025-12-04,2025-12-01,FC-South,Metro Post,1,1,0,0,0,0.0,4.0,4.0,8.57,0.00,8.57,499.04,-103.27,0.00
2025-08-31,2025-08-01,FC-North,Regional Freight,1,1,0,0,0,0.0,5.0,5.0,3.57,0.00,3.57,193.65,117.99,0.00
2025-08-29,2025-08-01,FC-Central,Swiftline,1,1,0,0,0,0.0,3.0,2.0,6.52,4.99,1.53,38.00,10.64,0.00
2025-09-12,2025-09-01,FC-North,Metro Post,2,2,0,0,0,0.0,3.0,2.5,6.54,4.99,1.55,109.68,56.39,0.00
2025-12-06,2025-12-01,FC-Central,Swiftline,1,1,0,0,0,0.0,2.0,1.0,4.03,4.99,-0.96,26.02,15.11,0.00
2025-09-21,2025-09-01,FC-Central,Regional Freight,1,1,0,0,0,0.0,3.0,3.0,2.83,0.00,2.83,306.84,95.86,0.00
2025-09-27,2025-09-01,FC-South,Swiftline,2,2,0,0,0,0.0,3.5,3.0,16.19,4.99,11.20,257.99,119.15,0.00
2025-11-10,2025-11-01,FC-North,Metro Post,4,3,1,1,3,0.75,4.0,3.5,35.65,0.00,35.65,1295.21,317.43,79.76
2025-12-15,2025-12-01,FC-Central,Regional Freight,6,4,2,1,7,1.167,3.833,3.5,42.30,0.00,42.30,1823.84,299.48,298.76
2025-10-01,2025-10-01,FC-North,Swiftline,2,2,0,0,0,0.0,3.0,1.0,13.36,0.00,13.36,478.79,192.52,0.00
2025-10-03,2025-10-01,FC-South,Regional Freight,1,0,1,0,1,1.0,5.0,5.0,8.95,0.00,8.95,930.21,-0.06,930.21
2025-11-06,2025-11-01,FC-South,Regional Freight,5,4,1,1,9,1.8,5.0,5.0,18.66,4.99,13.67,1442.51,242.38,411.22
2026-01-19,2026-01-01,FC-Central,Regional Freight,1,1,0,0,0,0.0,4.0,4.0,3.62,4.99,-1.37,28.30,10.3,0.00
2026-05-12,2026-05-01,FC-Central,Metro Post,2,1,1,0,1,0.5,2.5,1.5,14.49,0.00,14.49,280.76,70.41,55.17
2025-12-05,2025-12-01,FC-North,Swiftline,1,1,0,0,0,0.0,2.0,1.0,5.95,4.99,0.96,31.33,11.0,0.00
2025-11-20,2025-11-01,FC-South,Swiftline,2,2,0,0,0,0.0,2.5,1.5,14.66,0.00,14.66,698.61,167.5,0.00
2025-10-23,2025-10-01,FC-Central,Metro Post,1,1,0,0,0,0.0,2.0,2.0,2.95,0.00,2.95,57.14,32.29,0.00
2025-12-05,2025-12-01,FC-South,Swiftline,3,1,2,1,5,1.667,5.333,5.0,35.57,0.00,35.57,1591.24,350.57,1103.24
2025-10-25,2025-10-01,FC-North,Swiftline,1,1,0,0,0,0.0,5.0,5.0,18.32,0.00,18.32,549.70,242.71,0.00
2025-12-14,2025-12-01,FC-North,Swiftline,2,1,1,1,4,2.0,5.0,4.5,24.60,0.00,24.60,693.47,214.67,276.96
2025-10-27,2025-10-01,FC-Central,Regional Freight,1,1,0,0,0,0.0,5.0,4.0,7.61,0.00,7.61,755.78,172.41,0.00
2026-01-07,2026-01-01,FC-Central,Swiftline,1,0,1,1,3,3.0,6.0,6.0,6.09,0.00,6.09,186.66,8.58,186.66
2026-04-22,2026-04-01,FC-Central,Swiftline,1,1,0,0,0,0.0,4.0,4.0,5.29,0.00,5.29,230.78,124.42,0.00
2025-12-20,2025-12-01,FC-Central,Metro Post,2,2,0,0,0,0.0,3.0,2.5,15.40,0.00,15.40,410.42,146.77,0.00
2025-11-08,2025-11-01,FC-Central,Swiftline,3,3,0,0,0,0.0,3.0,3.0,36.34,4.99,31.35,1148.80,303.37,0.00
2026-06-27,2026-06-01,FC-South,Swiftline,3,2,1,1,3,1.0,4.0,4.0,18.67,4.99,13.68,364.39,133.67,70.58
2025-11-10,2025-11-01,FC-South,Regional Freight,5,3,2,1,7,1.4,4.8,4.4,22.50,4.99,17.51,1046.96,208.48,299.97
2025-11-11,2025-11-01,FC-South,Swiftline,3,2,1,0,1,0.333,3.667,3.333,21.13,0.00,21.13,672.78,164.32,301.23
2026-05-19,2026-05-01,FC-North,Regional Freight,3,2,1,0,2,0.667,3.667,3.333,12.79,4.99,7.80,569.44,225.97,252.92
2025-12-25,2025-12-01,FC-South,Metro Post,2,2,0,0,0,0.0,3.0,3.0,9.95,0.00,9.95,1062.84,423.76,0.00
2026-03-05,2026-03-01,FC-Central,Metro Post,1,1,0,0,0,0.0,1.0,1.0,4.93,0.00,4.93,283.68,161.03,0.00
2026-03-27,2026-03-01,FC-Central,Metro Post,1,1,0,0,0,0.0,3.0,1.0,11.43,0.00,11.43,198.79,65.11,0.00
2026-04-16,2026-04-01,FC-Central,Swiftline,2,2,0,0,0,0.0,3.5,2.5,8.26,0.00,8.26,129.70,68.68,0.00
2025-12-21,2025-12-01,FC-Central,Metro Post,2,1,1,1,3,1.5,4.5,4.5,8.16,0.00,8.16,339.34,85.28,85.88
2025-11-23,2025-11-01,FC-North,Metro Post,3,3,0,0,0,0.0,3.0,2.667,14.51,0.00,14.51,432.92,219.58,0.00
2025-12-02,2025-12-01,FC-Central,Swiftline,3,3,0,0,0,0.0,3.0,2.667,30.10,0.00,30.10,1023.11,342.36,0.00
2025-11-27,2025-11-01,FC-South,Swiftline,1,1,0,0,0,0.0,2.0,2.0,3.90,0.00,3.90,59.37,29.25,0.00
2025-11-29,2025-11-01,FC-North,Metro Post,1,1,0,0,0,0.0,2.0,2.0,6.75,0.00,6.75,194.25,62.22,0.00
2025-11-30,2025-11-01,FC-Central,Regional Freight,2,2,0,0,0,0.0,2.0,1.5,45.95,0.00,45.95,2098.78,434.0,0.00
2025-12-01,2025-12-01,FC-Central,Metro Post,3,2,1,1,3,1.0,4.667,4.0,34.47,0.00,34.47,609.15,51.02,197.49
2026-01-01,2026-01-01,FC-North,Metro Post,1,1,0,0,0,0.0,3.0,3.0,8.08,0.00,8.08,381.41,67.67,0.00
2025-12-04,2025-12-01,FC-North,Regional Freight,1,0,1,0,1,1.0,5.0,5.0,2.31,0.00,2.31,55.17,28.15,55.17
2025-12-08,2025-12-01,FC-Central,Regional Freight,1,1,0,0,0,0.0,3.0,3.0,3.23,0.00,3.23,238.60,137.39,0.00
2026-03-09,2026-03-01,FC-South,Regional Freight,4,4,0,0,0,0.0,2.25,1.75,16.50,0.00,16.50,544.35,233.06,0.00
2026-01-02,2026-01-01,FC-North,Regional Freight,2,2,0,0,0,0.0,2.5,2.0,5.56,0.00,5.56,183.95,12.18,0.00
2026-03-23,2026-03-01,FC-South,Metro Post,3,3,0,0,0,0.0,2.667,1.333,12.37,4.99,7.38,1057.80,17.52,0.00
2026-04-17,2026-04-01,FC-Central,Regional Freight,4,4,0,0,0,0.0,3.25,3.25,24.63,0.00,24.63,1486.17,240.57,0.00
2026-03-08,2026-03-01,FC-Central,Swiftline,1,1,0,0,0,0.0,2.0,1.0,10.14,0.00,10.14,201.41,71.22,0.00
2026-01-10,2026-01-01,FC-South,Regional Freight,3,3,0,0,0,0.0,3.0,2.0,23.81,0.00,23.81,1171.22,123.29,0.00
2026-01-22,2026-01-01,FC-Central,Regional Freight,1,1,0,0,0,0.0,5.0,4.0,2.75,0.00,2.75,261.89,100.63,0.00
2025-12-19,2025-12-01,FC-South,Swiftline,3,3,0,0,0,0.0,3.333,3.0,34.67,4.99,29.68,991.92,-3.77,0.00
2025-12-18,2025-12-01,FC-North,Regional Freight,1,1,0,0,0,0.0,2.0,2.0,4.12,0.00,4.12,191.07,40.31,0.00
2025-12-22,2025-12-01,FC-Central,Regional Freight,1,0,1,0,1,1.0,6.0,5.0,2.24,0.00,2.24,53.37,27.82,53.37
2025-12-26,2025-12-01,FC-North,Metro Post,1,1,0,0,0,0.0,2.0,2.0,15.38,0.00,15.38,296.25,101.95,0.00
2025-12-23,2025-12-01,FC-North,Regional Freight,1,1,0,0,0,0.0,3.0,3.0,2.50,4.99,-2.49,25.56,16.67,0.00
2025-12-26,2025-12-01,FC-Central,Regional Freight,2,2,0,0,0,0.0,2.5,1.5,16.22,0.00,16.22,623.21,17.93,0.00
2026-02-23,2026-02-01,FC-Central,Metro Post,1,1,0,0,0,0.0,3.0,1.0,7.04,0.00,7.04,486.79,102.59,0.00
2026-02-20,2026-02-01,FC-North,Metro Post,1,0,1,0,1,1.0,5.0,5.0,5.21,0.00,5.21,119.88,14.56,119.88
2026-01-06,2026-01-01,FC-Central,Regional Freight,1,1,0,0,0,0.0,4.0,4.0,2.94,0.00,2.94,68.87,28.6,0.00
2026-01-07,2026-01-01,FC-North,Metro Post,1,1,0,0,0,0.0,4.0,4.0,35.40,0.00,35.40,813.92,123.44,0.00
2026-03-01,2026-03-01,FC-North,Regional Freight,1,1,0,0,0,0.0,3.0,3.0,3.35,0.00,3.35,256.44,132.85,0.00
2026-01-16,2026-01-01,FC-South,Swiftline,2,2,0,0,0,0.0,3.0,3.0,27.21,0.00,27.21,1336.76,230.72,0.00
2026-03-11,2026-03-01,FC-Central,Regional Freight,6,5,1,1,6,1.0,4.167,3.667,28.64,4.99,23.65,1369.82,430.03,196.56
2026-02-24,2026-02-01,FC-South,Swiftline,2,2,0,0,0,0.0,3.5,3.5,22.08,0.00,22.08,478.75,108.34,0.00
2026-03-20,2026-03-01,FC-South,Regional Freight,2,0,2,0,4,2.0,6.0,4.5,16.38,0.00,16.38,374.99,61.53,374.99
2026-01-24,2026-01-01,FC-Central,Regional Freight,1,1,0,0,0,0.0,2.0,2.0,2.25,0.00,2.25,98.30,56.03,0.00
2026-03-09,2026-03-01,FC-Central,Metro Post,3,3,0,0,0,0.0,2.667,2.0,24.31,0.00,24.31,1188.19,336.93,0.00
2026-01-26,2026-01-01,FC-North,Metro Post,1,1,0,0,0,0.0,4.0,2.0,16.16,0.00,16.16,323.66,73.69,0.00
2026-04-04,2026-04-01,FC-Central,Swiftline,3,2,1,1,3,1.0,5.333,5.333,13.72,0.00,13.72,295.00,125.14,88.93
2026-02-14,2026-02-01,FC-North,Regional Freight,1,1,0,0,0,0.0,2.0,1.0,3.79,0.00,3.79,237.37,54.39,0.00
2026-06-13,2026-06-01,FC-South,Swiftline,2,2,0,0,0,0.0,3.5,3.5,8.92,0.00,8.92,330.84,154.78,0.00
2026-02-15,2026-02-01,FC-Central,Swiftline,2,2,0,0,0,0.0,2.5,2.0,14.80,0.00,14.80,935.95,168.78,0.00
2026-02-21,2026-02-01,FC-Central,Regional Freight,1,1,0,0,0,0.0,5.0,5.0,3.02,0.00,3.02,108.23,51.89,0.00
2026-02-22,2026-02-01,FC-South,Swiftline,1,1,0,0,0,0.0,5.0,3.0,12.57,0.00,12.57,135.11,28.92,0.00
2026-06-05,2026-06-01,FC-South,Swiftline,1,0,1,1,6,6.0,9.0,9.0,7.70,0.00,7.70,100.06,27.29,100.06
2026-03-01,2026-03-01,FC-Central,Regional Freight,2,2,0,0,0,0.0,2.5,2.0,22.11,0.00,22.11,489.91,75.46,0.00
2026-05-05,2026-05-01,FC-South,Regional Freight,1,1,0,0,0,0.0,2.0,2.0,7.22,0.00,7.22,97.95,33.42,0.00
2026-04-08,2026-04-01,FC-South,Swiftline,2,2,0,0,0,0.0,2.5,2.5,26.08,0.00,26.08,361.55,98.64,0.00
2026-05-22,2026-05-01,FC-North,Swiftline,1,1,0,0,0,0.0,2.0,2.0,9.48,0.00,9.48,540.05,70.68,0.00
2026-03-10,2026-03-01,FC-Central,Metro Post,1,1,0,0,0,0.0,4.0,3.0,19.84,0.00,19.84,1415.26,-492.7,0.00
2026-04-10,2026-04-01,FC-Central,Swiftline,1,0,1,0,2,2.0,5.0,5.0,5.39,0.00,5.39,134.09,75.52,134.09
2026-05-10,2026-05-01,FC-Central,Metro Post,4,4,0,0,0,0.0,3.25,2.5,23.98,0.00,23.98,1468.15,367.02,0.00
2026-03-11,2026-03-01,FC-South,Swiftline,2,2,0,0,0,0.0,3.0,3.0,13.77,0.00,13.77,325.96,35.53,0.00
2026-05-27,2026-05-01,FC-North,Metro Post,1,1,0,0,0,0.0,4.0,2.0,6.85,4.99,1.86,26.40,9.37,0.00
2026-04-18,2026-04-01,FC-Central,Swiftline,2,2,0,0,0,0.0,3.0,2.0,27.84,0.00,27.84,879.21,344.81,0.00
2026-05-26,2026-05-01,FC-Central,Swiftline,4,4,0,0,0,0.0,3.5,3.25,31.03,0.00,31.03,1097.55,105.54,0.00
2026-05-09,2026-05-01,FC-Central,Regional Freight,1,0,1,0,1,1.0,4.0,3.0,6.81,0.00,6.81,387.95,22.03,387.95
2026-03-18,2026-03-01,FC-North,Metro Post,1,1,0,0,0,0.0,2.0,2.0,5.94,0.00,5.94,384.95,62.2,0.00
2026-04-06,2026-04-01,FC-Central,Metro Post,2,2,0,0,0,0.0,3.0,3.0,13.37,0.00,13.37,192.09,79.05,0.00
2026-04-14,2026-04-01,FC-North,Metro Post,2,2,0,0,0,0.0,2.0,2.0,19.51,0.00,19.51,644.88,285.48,0.00
2026-04-20,2026-04-01,FC-North,Swiftline,1,1,0,0,0,0.0,3.0,3.0,16.16,0.00,16.16,510.35,212.9,0.00
2026-04-20,2026-04-01,FC-Central,Regional Freight,1,0,1,1,3,3.0,6.0,6.0,4.63,0.00,4.63,120.48,47.29,120.48
2026-05-20,2026-05-01,FC-North,Metro Post,1,1,0,0,0,0.0,3.0,3.0,16.80,0.00,16.80,167.21,53.25,0.00
2026-04-27,2026-04-01,FC-North,Regional Freight,1,1,0,0,0,0.0,3.0,3.0,3.12,0.00,3.12,424.89,103.36,0.00
2026-05-04,2026-05-01,FC-North,Metro Post,1,1,0,0,0,0.0,4.0,2.0,5.80,0.00,5.80,422.45,146.36,0.00
2026-05-08,2026-05-01,FC-Central,Regional Freight,1,1,0,0,0,0.0,4.0,4.0,2.17,0.00,2.17,61.46,38.71,0.00
2026-05-06,2026-05-01,FC-Central,Swiftline,1,1,0,0,0,0.0,3.0,3.0,8.23,0.00,8.23,271.33,55.22,0.00
2026-06-22,2026-06-01,FC-South,Swiftline,1,1,0,0,0,0.0,4.0,3.0,4.53,0.00,4.53,94.68,36.26,0.00
2026-05-16,2026-05-01,FC-North,Swiftline,3,3,0,0,0,0.0,3.0,2.333,20.17,0.00,20.17,440.93,198.61,0.00
2026-05-17,2026-05-01,FC-South,Swiftline,1,1,0,0,0,0.0,3.0,3.0,9.14,0.00,9.14,308.03,123.47,0.00
2026-06-17,2026-06-01,FC-North,Swiftline,1,1,0,0,0,0.0,5.0,5.0,7.70,0.00,7.70,100.06,27.29,0.00
2026-05-20,2026-05-01,FC-South,Regional Freight,2,1,1,1,3,1.5,5.5,4.5,6.65,0.00,6.65,402.64,242.87,131.42
2026-05-22,2026-05-01,FC-South,Swiftline,2,2,0,0,0,0.0,3.5,3.0,22.74,0.00,22.74,663.70,108.38,0.00
2026-05-24,2026-05-01,FC-South,Metro Post,1,1,0,0,0,0.0,2.0,2.0,11.63,0.00,11.63,390.34,151.31,0.00
2026-05-27,2026-05-01,FC-Central,Swiftline,2,2,0,0,0,0.0,5.0,4.5,24.65,0.00,24.65,540.52,160.29,0.00
2026-05-29,2026-05-01,FC-Central,Metro Post,2,2,0,0,0,0.0,2.5,2.5,6.41,0.00,6.41,167.46,98.44,0.00
2026-06-01,2026-06-01,FC-South,Regional Freight,1,1,0,0,0,0.0,3.0,1.0,2.51,0.00,2.51,161.57,17.14,0.00
2024-01-06,2024-01-01,FC-North,Metro Post,1,1,0,0,0,0.0,2.0,1.0,7.90,0.00,7.90,356.83,-45.39,0.00
2024-01-09,2024-01-01,FC-South,Metro Post,1,1,0,0,0,0.0,3.0,3.0,3.44,4.99,-1.55,34.46,1.55,0.00
2024-03-09,2024-03-01,FC-North,Swiftline,1,1,0,0,0,0.0,3.0,1.0,10.45,0.00,10.45,491.53,119.19,0.00
2024-01-07,2024-01-01,FC-Central,Swiftline,2,2,0,0,0,0.0,4.0,3.0,8.26,0.00,8.26,207.78,118.18,0.00
2024-01-11,2024-01-01,FC-North,Metro Post,2,2,0,0,0,0.0,2.0,2.0,12.10,0.00,12.10,379.08,166.97,0.00
2024-01-09,2024-01-01,FC-North,Metro Post,1,1,0,0,0,0.0,3.0,3.0,4.68,0.00,4.68,117.70,8.73,0.00
2024-01-13,2024-01-01,FC-South,Regional Freight,1,1,0,0,0,0.0,5.0,5.0,8.67,0.00,8.67,945.86,213.39,0.00
2024-10-14,2024-10-01,FC-Central,Metro Post,3,3,0,0,0,0.0,1.333,1.0,22.12,0.00,22.12,1032.62,109.72,0.00
2024-01-18,2024-01-01,FC-North,Swiftline,2,2,0,0,0,0.0,3.0,3.0,35.47,0.00,35.47,2164.25,524.7,0.00
2024-01-20,2024-01-01,FC-Central,Regional Freight,1,1,0,0,0,0.0,4.0,4.0,2.38,0.00,2.38,116.54,-52.25,0.00
2024-04-11,2024-04-01,FC-South,Swiftline,1,1,0,0,0,0.0,4.0,4.0,13.94,0.00,13.94,801.85,208.34,0.00
2024-01-22,2024-01-01,FC-Central,Metro Post,1,1,0,0,0,0.0,3.0,3.0,3.56,0.00,3.56,128.93,64.35,0.00
2024-01-24,2024-01-01,FC-Central,Regional Freight,1,1,0,0,0,0.0,3.0,3.0,10.71,0.00,10.71,452.23,15.42,0.00
2024-06-08,2024-06-01,FC-North,Swiftline,3,3,0,0,0,0.0,2.333,1.667,17.60,4.99,12.61,326.89,77.67,0.00
2024-02-07,2024-02-01,FC-North,Metro Post,1,1,0,0,0,0.0,3.0,1.0,17.13,0.00,17.13,1070.12,504.99,0.00
2024-02-07,2024-02-01,FC-Central,Regional Freight,2,2,0,0,0,0.0,3.0,3.0,15.92,4.99,10.93,271.22,105.23,0.00
2024-02-13,2024-02-01,FC-Central,Swiftline,1,1,0,0,0,0.0,1.0,1.0,5.16,0.00,5.16,68.92,38.96,0.00
2024-02-18,2024-02-01,FC-South,Metro Post,1,0,1,1,3,3.0,7.0,7.0,14.76,0.00,14.76,280.05,49.0,280.05
2024-04-13,2024-04-01,FC-Central,Swiftline,1,1,0,0,0,0.0,2.0,2.0,4.03,0.00,4.03,87.12,45.81,0.00
2024-06-29,2024-06-01,FC-Central,Swiftline,2,1,1,0,1,0.5,3.5,2.0,15.20,0.00,15.20,573.61,229.1,117.17
2024-11-07,2024-11-01,FC-Central,Regional Freight,3,2,1,1,9,3.0,6.0,5.667,24.83,0.00,24.83,957.57,329.17,52.72
2025-08-20,2025-08-01,FC-South,Regional Freight,4,3,1,1,4,1.0,5.0,4.5,21.80,0.00,21.80,1736.32,497.26,395.00
2024-03-01,2024-03-01,FC-Central,Swiftline,1,1,0,0,0,0.0,2.0,2.0,4.41,0.00,4.41,111.95,-53.34,0.00
2024-05-30,2024-05-01,FC-North,Metro Post,2,2,0,0,0,0.0,3.0,1.5,24.45,0.00,24.45,1097.49,349.14,0.00
2024-03-05,2024-03-01,FC-Central,Regional Freight,1,1,0,0,0,0.0,2.0,2.0,3.79,0.00,3.79,281.56,66.51,0.00
2024-09-14,2024-09-01,FC-South,Swiftline,2,2,0,0,0,0.0,2.5,2.5,18.74,0.00,18.74,1396.24,263.83,0.00
2024-03-10,2024-03-01,FC-North,Regional Freight,1,1,0,0,0,0.0,2.0,1.0,9.81,0.00,9.81,268.47,90.27,0.00
2024-03-13,2024-03-01,FC-South,Swiftline,1,1,0,0,0,0.0,5.0,5.0,24.83,0.00,24.83,711.02,239.25,0.00
2024-03-13,2024-03-01,FC-North,Metro Post,1,1,0,0,0,0.0,2.0,1.0,3.02,4.99,-1.97,44.67,1.97,0.00
2024-03-20,2024-03-01,FC-Central,Swiftline,1,1,0,0,0,0.0,2.0,2.0,6.52,4.99,1.53,38.00,10.64,0.00
2024-07-28,2024-07-01,FC-South,Swiftline,2,2,0,0,0,0.0,2.5,2.5,8.91,0.00,8.91,246.28,142.24,0.00
2024-08-12,2024-08-01,FC-South,Swiftline,3,3,0,0,0,0.0,2.667,2.0,48.10,4.99,43.11,1116.05,289.31,0.00
2024-08-27,2024-08-01,FC-South,Swiftline,2,2,0,0,0,0.0,2.0,2.0,8.33,0.00,8.33,167.59,-19.04,0.00
2024-03-30,2024-03-01,FC-North,Metro Post,1,1,0,0,0,0.0,2.0,2.0,5.84,0.00,5.84,477.87,93.46,0.00
2024-03-29,2024-03-01,FC-North,Swiftline,2,2,0,0,0,0.0,3.5,2.5,23.24,0.00,23.24,592.31,56.35,0.00
2024-03-27,2024-03-01,FC-Central,Swiftline,1,1,0,0,0,0.0,3.0,1.0,3.90,4.99,-1.09,31.44,20.65,0.00
2024-06-02,2024-06-01,FC-South,Metro Post,4,4,0,0,0,0.0,3.25,3.25,16.97,9.98,6.99,248.50,71.37,0.00
2024-07-25,2024-07-01,FC-South,Regional Freight,5,4,1,0,1,0.2,3.6,3.2,25.26,0.00,25.26,1068.36,380.59,455.95
2024-04-06,2024-04-01,FC-South,Swiftline,1,1,0,0,0,0.0,3.0,3.0,4.73,0.00,4.73,216.24,90.94,0.00
2024-04-05,2024-04-01,FC-South,Metro Post,2,2,0,0,0,0.0,3.0,3.0,32.54,0.00,32.54,1097.07,295.09,0.00
2024-04-06,2024-04-01,FC-Central,Swiftline,2,2,0,0,0,0.0,4.0,3.5,23.14,0.00,23.14,465.11,15.79,0.00
2024-04-05,2024-04-01,FC-North,Regional Freight,1,1,0,0,0,0.0,5.0,5.0,5.83,0.00,5.83,71.75,22.62,0.00
2024-04-06,2024-04-01,FC-North,Swiftline,1,1,0,0,0,0.0,5.0,5.0,4.61,0.00,4.61,52.72,26.95,0.00
2024-04-08,2024-04-01,FC-Central,Swiftline,2,2,0,0,0,0.0,3.5,3.5,41.04,0.00,41.04,1202.15,451.35,0.00
2024-04-08,2024-04-01,FC-South,Regional Freight,2,1,1,1,3,1.5,5.5,5.5,9.95,4.99,4.96,167.07,40.04,17.21
2024-04-10,2024-04-01,FC-South,Metro Post,1,1,0,0,0,0.0,2.0,1.0,16.58,0.00,16.58,664.45,-32.01,0.00
2024-07-11,2024-07-01,FC-South,Swiftline,2,1,1,0,1,0.5,3.5,3.0,11.63,0.00,11.63,536.35,224.58,168.07
2024-07-10,2024-07-01,FC-Central,Swiftline,2,2,0,0,0,0.0,2.5,2.0,19.47,0.00,19.47,178.07,29.97,0.00
2024-09-27,2024-09-01,FC-North,Swiftline,2,2,0,0,0,0.0,1.5,1.5,9.71,9.98,-0.27,29.16,3.47,0.00
2024-08-31,2024-08-01,FC-Central,Metro Post,3,3,0,0,0,0.0,2.0,1.667,12.38,0.00,12.38,518.64,280.84,0.00
2024-06-18,2024-06-01,FC-North,Metro Post,3,3,0,0,0,0.0,3.333,2.667,32.89,0.00,32.89,755.82,43.18,0.00
2024-04-25,2024-04-01,FC-North,Metro Post,1,1,0,0,0,0.0,5.0,5.0,3.60,0.00,3.60,93.76,25.7,0.00
2024-06-01,2024-06-01,FC-Central,Metro Post,2,2,0,0,0,0.0,4.0,3.0,15.17,0.00,15.17,236.87,86.02,0.00
2024-04-29,2024-04-01,FC-South,Swiftline,1,1,0,0,0,0.0,2.0,2.0,12.59,0.00,12.59,425.65,62.78,0.00
2024-09-24,2024-09-01,FC-South,Metro Post,4,3,1,1,3,0.75,3.75,2.75,21.55,0.00,21.55,854.12,164.26,175.32
2025-05-09,2025-05-01,FC-North,Metro Post,1,1,0,0,0,0.0,3.0,3.0,9.61,0.00,9.61,653.69,190.59,0.00
2024-07-05,2024-07-01,FC-North,Swiftline,2,2,0,0,0,0.0,2.5,2.0,30.50,0.00,30.50,551.49,222.91,0.00
2024-08-11,2024-08-01,FC-Central,Swiftline,1,1,0,0,0,0.0,3.0,3.0,7.28,0.00,7.28,208.82,112.93,0.00
2024-07-27,2024-07-01,FC-South,Metro Post,2,1,1,0,2,1.0,5.5,4.5,10.62,0.00,10.62,304.44,80.9,137.04
2024-07-14,2024-07-01,FC-North,Regional Freight,2,2,0,0,0,0.0,2.5,2.5,30.62,0.00,30.62,875.54,292.6,0.00
2024-08-07,2024-08-01,FC-North,Swiftline,2,2,0,0,0,0.0,2.0,1.5,44.73,0.00,44.73,1291.47,585.47,0.00
2024-06-15,2024-06-01,FC-Central,Swiftline,5,5,0,0,0,0.0,2.4,2.4,71.59,0.00,71.59,3318.26,833.33,0.00
2024-05-16,2024-05-01,FC-Central,Metro Post,2,2,0,0,0,0.0,2.0,2.0,9.23,0.00,9.23,725.58,82.72,0.00
2024-08-06,2024-08-01,FC-North,Swiftline,1,1,0,0,0,0.0,2.0,2.0,18.88,0.00,18.88,673.59,204.0,0.00
2024-09-14,2024-09-01,FC-Central,Metro Post,4,4,0,0,0,0.0,2.25,1.5,21.43,0.00,21.43,1295.90,-655.12,0.00
2024-12-16,2024-12-01,FC-North,Metro Post,1,1,0,0,0,0.0,2.0,1.0,7.24,0.00,7.24,194.09,69.9,0.00
2024-05-28,2024-05-01,FC-Central,Metro Post,1,0,1,0,1,1.0,3.0,1.0,6.42,0.00,6.42,443.39,155.63,443.39
2024-07-19,2024-07-01,FC-North,Metro Post,1,1,0,0,0,0.0,3.0,2.0,4.58,0.00,4.58,319.48,91.42,0.00
2026-04-14,2026-04-01,FC-North,Swiftline,3,3,0,0,0,0.0,4.333,4.333,28.69,0.00,28.69,890.24,151.56,0.00
2024-07-20,2024-07-01,FC-North,Metro Post,2,0,2,0,3,1.5,4.5,4.0,11.33,0.00,11.33,531.30,-26.24,531.30
2024-06-12,2024-06-01,FC-South,Regional Freight,1,1,0,0,0,0.0,3.0,3.0,2.47,4.99,-2.52,40.61,28.44,0.00
2024-07-31,2024-07-01,FC-North,Swiftline,2,2,0,0,0,0.0,2.5,1.5,25.80,0.00,25.80,398.77,28.69,0.00
2024-06-14,2024-06-01,FC-Central,Metro Post,1,1,0,0,0,0.0,3.0,1.0,9.52,0.00,9.52,369.26,152.03,0.00
2024-08-06,2024-08-01,FC-South,Metro Post,2,2,0,0,0,0.0,3.0,3.0,39.22,0.00,39.22,817.21,121.11,0.00
2024-06-18,2024-06-01,FC-Central,Regional Freight,1,1,0,0,0,0.0,4.0,4.0,5.20,0.00,5.20,308.65,58.19,0.00
2024-07-13,2024-07-01,FC-South,Swiftline,3,3,0,0,0,0.0,3.0,3.0,42.96,0.00,42.96,845.49,327.89,0.00
2024-06-20,2024-06-01,FC-South,Swiftline,1,1,0,0,0,0.0,3.0,3.0,6.30,0.00,6.30,530.24,221.13,0.00
2024-06-21,2024-06-01,FC-Central,Regional Freight,1,1,0,0,0,0.0,2.0,1.0,2.92,0.00,2.92,160.51,94.01,0.00
2025-02-12,2025-02-01,FC-Central,Regional Freight,4,0,4,1,8,2.0,5.75,5.5,18.39,0.00,18.39,543.72,229.54,543.72
2024-06-26,2024-06-01,FC-South,Regional Freight,1,1,0,0,0,0.0,3.0,3.0,3.31,0.00,3.31,128.76,10.53,0.00
2024-12-09,2024-12-01,FC-South,Swiftline,3,3,0,0,0,0.0,2.0,1.667,33.07,0.00,33.07,510.43,181.5,0.00
2024-06-30,2024-06-01,FC-South,Swiftline,1,1,0,0,0,0.0,2.0,1.0,7.31,0.00,7.31,606.68,104.37,0.00
2024-07-01,2024-07-01,FC-Central,Regional Freight,2,2,0,0,0,0.0,2.5,2.0,18.49,0.00,18.49,1870.60,506.31,0.00
2024-11-03,2024-11-01,FC-Central,Metro Post,2,2,0,0,0,0.0,3.0,3.0,20.64,0.00,20.64,336.68,90.37,0.00
2024-09-03,2024-09-01,FC-North,Regional Freight,1,1,0,0,0,0.0,5.0,3.0,2.51,0.00,2.51,66.51,39.36,0.00
2024-07-06,2024-07-01,FC-North,Metro Post,3,3,0,0,0,0.0,3.0,2.667,18.54,0.00,18.54,860.26,326.73,0.00
2024-11-13,2024-11-01,FC-Central,Metro Post,3,2,1,0,2,0.667,4.667,4.333,20.75,4.99,15.76,519.75,80.16,427.93
2024-07-11,2024-07-01,FC-North,Swiftline,1,1,0,0,0,0.0,4.0,4.0,4.09,0.00,4.09,57.30,9.97,0.00
2024-09-27,2024-09-01,FC-Central,Metro Post,4,4,0,0,0,0.0,2.5,2.0,23.51,0.00,23.51,967.91,-79.54,0.00
2024-10-12,2024-10-01,FC-Central,Swiftline,1,1,0,0,0,0.0,2.0,2.0,10.10,0.00,10.10,616.57,152.04,0.00
2024-07-12,2024-07-01,FC-South,Regional Freight,1,1,0,0,0,0.0,3.0,1.0,8.43,0.00,8.43,799.56,183.4,0.00
2024-07-15,2024-07-01,FC-Central,Metro Post,1,0,1,1,4,4.0,9.0,8.0,15.27,0.00,15.27,312.01,108.89,312.01
2024-07-13,2024-07-01,FC-Central,Swiftline,1,1,0,0,0,0.0,3.0,3.0,4.70,0.00,4.70,45.60,14.72,0.00
2025-03-03,2025-03-01,FC-South,Swiftline,1,1,0,0,0,0.0,3.0,3.0,4.46,0.00,4.46,109.60,-4.46,0.00
2024-07-22,2024-07-01,FC-Central,Swiftline,1,1,0,0,0,0.0,4.0,3.0,3.80,4.99,-1.19,17.16,12.3,0.00
2024-07-21,2024-07-01,FC-Central,Swiftline,1,1,0,0,0,0.0,4.0,4.0,9.86,0.00,9.86,171.84,20.2,0.00
2025-05-12,2025-05-01,FC-Central,Swiftline,2,2,0,0,0,0.0,5.0,5.0,11.84,4.99,6.85,241.23,-91.69,0.00
2024-07-28,2024-07-01,FC-Central,Swiftline,2,2,0,0,0,0.0,3.5,3.5,22.55,0.00,22.55,1484.65,183.77,0.00
2024-08-02,2024-08-01,FC-Central,Regional Freight,1,0,1,0,1,1.0,5.0,5.0,15.72,0.00,15.72,695.55,-138.21,695.55
2024-08-05,2024-08-01,FC-South,Metro Post,2,2,0,0,0,0.0,3.0,2.5,9.76,4.99,4.77,93.18,31.89,0.00
2024-10-30,2024-10-01,FC-South,Metro Post,4,4,0,0,0,0.0,3.5,2.5,41.90,0.00,41.90,1105.54,-147.33,0.00
2024-09-28,2024-09-01,FC-South,Regional Freight,3,3,0,0,0,0.0,3.333,3.0,36.86,0.00,36.86,1076.22,209.31,0.00
2025-04-18,2025-04-01,FC-Central,Metro Post,2,2,0,0,0,0.0,4.0,4.0,29.95,0.00,29.95,1196.21,375.97,0.00
2024-08-17,2024-08-01,FC-South,Metro Post,2,1,1,0,2,1.0,5.0,5.0,7.84,0.00,7.84,346.33,66.53,128.17
2024-10-25,2024-10-01,FC-North,Swiftline,1,1,0,0,0,0.0,3.0,1.0,11.14,0.00,11.14,327.25,109.51,0.00
2025-03-30,2025-03-01,FC-South,Regional Freight,2,0,2,2,9,4.5,7.0,6.0,6.69,4.99,1.70,496.00,109.14,496.00
2025-04-09,2025-04-01,FC-Central,Swiftline,2,2,0,0,0,0.0,2.5,1.0,32.77,0.00,32.77,713.70,151.78,0.00
2024-10-01,2024-10-01,FC-South,Metro Post,3,3,0,0,0,0.0,3.333,3.0,26.53,0.00,26.53,1255.37,199.81,0.00
2024-11-06,2024-11-01,FC-Central,Swiftline,2,2,0,0,0,0.0,2.5,1.5,15.74,0.00,15.74,793.66,-20.17,0.00
2025-04-05,2025-04-01,FC-South,Regional Freight,4,2,2,0,3,0.75,4.25,3.5,23.64,0.00,23.64,963.83,315.13,688.24
2024-09-02,2024-09-01,FC-North,Swiftline,1,1,0,0,0,0.0,5.0,5.0,19.53,0.00,19.53,575.31,204.98,0.00
2025-02-12,2025-02-01,FC-South,Metro Post,1,1,0,0,0,0.0,2.0,2.0,3.31,0.00,3.31,114.64,54.08,0.00
2024-10-08,2024-10-01,FC-South,Swiftline,1,1,0,0,0,0.0,2.0,1.0,3.97,0.00,3.97,113.30,68.36,0.00
2024-11-22,2024-11-01,FC-North,Swiftline,2,2,0,0,0,0.0,2.5,2.5,8.70,0.00,8.70,112.32,56.33,0.00
2024-09-13,2024-09-01,FC-North,Swiftline,1,0,1,1,3,3.0,6.0,6.0,4.31,0.00,4.31,104.00,63.84,104.00
2024-09-12,2024-09-01,FC-North,Regional Freight,1,1,0,0,0,0.0,3.0,1.0,2.23,4.99,-2.76,17.16,2.76,0.00
2024-09-15,2024-09-01,FC-South,Regional Freight,2,1,1,0,1,0.5,3.0,3.0,6.58,0.00,6.58,309.08,140.63,126.27
2024-09-15,2024-09-01,FC-Central,Metro Post,1,1,0,0,0,0.0,5.0,4.0,8.48,0.00,8.48,365.29,-46.35,0.00
2024-09-17,2024-09-01,FC-Central,Metro Post,2,2,0,0,0,0.0,3.5,3.5,13.99,0.00,13.99,192.47,63.5,0.00
2024-09-13,2024-09-01,FC-Central,Metro Post,1,1,0,0,0,0.0,2.0,2.0,2.93,4.99,-2.06,18.13,13.6,0.00
2024-09-13,2024-09-01,FC-South,Metro Post,1,1,0,0,0,0.0,4.0,3.0,10.53,0.00,10.53,649.12,342.02,0.00
2024-12-15,2024-12-01,FC-Central,Metro Post,1,1,0,0,0,0.0,3.0,1.0,10.46,0.00,10.46,1438.17,151.76,0.00
2024-09-18,2024-09-01,FC-South,Regional Freight,1,1,0,0,0,0.0,3.0,1.0,2.72,0.00,2.72,143.52,36.33,0.00
2024-11-08,2024-11-01,FC-Central,Regional Freight,4,3,1,0,2,0.5,4.25,3.75,19.35,0.00,19.35,449.95,160.77,111.53
2024-09-21,2024-09-01,FC-South,Metro Post,2,1,1,0,1,0.5,3.5,3.0,7.08,0.00,7.08,365.43,218.82,115.39
2025-04-10,2025-04-01,FC-South,Regional Freight,1,1,0,0,0,0.0,3.0,3.0,5.80,0.00,5.80,538.18,-131.51,0.00
2025-04-26,2025-04-01,FC-South,Regional Freight,3,2,1,0,1,0.333,3.0,3.0,11.65,0.00,11.65,481.34,194.85,141.54
2024-10-01,2024-10-01,FC-North,Swiftline,2,2,0,0,0,0.0,2.5,1.5,25.49,0.00,25.49,227.02,59.66,0.00
2024-10-03,2024-10-01,FC-North,Metro Post,2,2,0,0,0,0.0,3.0,3.0,18.87,0.00,18.87,427.59,36.28,0.00
2025-08-08,2025-08-01,FC-North,Metro Post,1,1,0,0,0,0.0,5.0,5.0,3.32,0.00,3.32,161.57,16.33,0.00
2024-10-11,2024-10-01,FC-North,Swiftline,1,1,0,0,0,0.0,3.0,3.0,4.02,0.00,4.02,81.68,38.8,0.00
2024-10-11,2024-10-01,FC-Central,Regional Freight,1,1,0,0,0,0.0,4.0,3.0,2.30,0.00,2.30,56.48,27.55,0.00
2024-12-24,2024-12-01,FC-South,Metro Post,3,3,0,0,0,0.0,2.667,1.667,14.83,0.00,14.83,456.58,112.41,0.00
2024-11-06,2024-11-01,FC-North,Swiftline,3,3,0,0,0,0.0,2.333,2.333,33.55,0.00,33.55,1001.58,356.42,0.00
2024-11-04,2024-11-01,FC-North,Regional Freight,1,1,0,0,0,0.0,4.0,3.0,16.99,0.00,16.99,518.96,179.53,0.00
2025-03-14,2025-03-01,FC-South,Swiftline,2,2,0,0,0,0.0,2.5,2.0,19.50,4.99,14.51,431.10,190.32,0.00
2024-10-17,2024-10-01,FC-Central,Swiftline,3,3,0,0,0,0.0,3.333,2.667,42.80,0.00,42.80,608.09,173.18,0.00
2024-12-21,2024-12-01,FC-North,Swiftline,3,3,0,0,0,0.0,2.667,2.667,32.36,0.00,32.36,531.69,-13.32,0.00
2025-07-12,2025-07-01,FC-Central,Swiftline,4,4,0,0,0,0.0,2.75,2.5,59.41,0.00,59.41,1520.49,334.23,0.00
2024-10-22,2024-10-01,FC-Central,Swiftline,1,1,0,0,0,0.0,4.0,4.0,8.49,0.00,8.49,166.13,61.47,0.00
2025-01-31,2025-01-01,FC-South,Swiftline,2,2,0,0,0,0.0,3.5,2.0,16.10,0.00,16.10,267.91,-25.74,0.00
2025-07-19,2025-07-01,FC-South,Metro Post,2,1,1,0,1,0.5,3.5,2.5,33.18,0.00,33.18,1645.26,-20.5,191.10
2025-03-11,2025-03-01,FC-South,Swiftline,3,3,0,0,0,0.0,4.0,4.0,31.76,0.00,31.76,407.26,139.86,0.00
2025-09-22,2025-09-01,FC-North,Metro Post,3,3,0,0,0,0.0,3.0,2.667,16.08,4.99,11.09,327.02,66.52,0.00
2024-12-23,2024-12-01,FC-North,Swiftline,8,7,1,1,3,0.375,3.875,3.375,63.49,4.99,58.50,1862.08,592.29,187.27
2025-05-11,2025-05-01,FC-North,Regional Freight,1,1,0,0,0,0.0,1.0,1.0,2.87,0.00,2.87,150.26,85.88,0.00
2024-12-26,2024-12-01,FC-Central,Regional Freight,2,2,0,0,0,0.0,4.5,4.0,20.31,0.00,20.31,963.40,275.87,0.00
2024-11-17,2024-11-01,FC-South,Swiftline,2,2,0,0,0,0.0,2.5,2.0,33.16,0.00,33.16,1028.60,406.24,0.00
2024-11-21,2024-11-01,FC-Central,Swiftline,1,1,0,0,0,0.0,2.0,1.0,6.59,0.00,6.59,168.71,34.71,0.00
2025-12-30,2025-12-01,FC-South,Swiftline,6,5,1,0,2,0.333,3.167,2.833,52.07,0.00,52.07,896.45,285.25,211.86
2025-11-23,2025-11-01,FC-North,Swiftline,5,5,0,0,0,0.0,3.0,3.0,36.54,0.00,36.54,1854.52,549.93,0.00
2024-11-24,2024-11-01,FC-North,Regional Freight,1,1,0,0,0,0.0,1.0,1.0,2.89,0.00,2.89,129.93,-2.89,0.00
2025-09-16,2025-09-01,FC-South,Regional Freight,3,2,1,0,1,0.333,4.333,4.0,14.13,0.00,14.13,552.34,54.51,164.68
2024-12-02,2024-12-01,FC-Central,Metro Post,2,2,0,0,0,0.0,2.0,1.0,19.29,0.00,19.29,215.07,59.84,0.00
2025-04-06,2025-04-01,FC-South,Metro Post,4,4,0,0,0,0.0,3.5,3.25,34.44,4.99,29.45,914.17,300.88,0.00
2024-12-03,2024-12-01,FC-North,Metro Post,2,2,0,0,0,0.0,3.5,2.5,11.31,0.00,11.31,286.03,140.23,0.00
2025-01-31,2025-01-01,FC-North,Swiftline,2,2,0,0,0,0.0,2.0,2.0,25.06,0.00,25.06,631.97,-13.85,0.00
2025-09-27,2025-09-01,FC-Central,Metro Post,3,2,1,0,1,0.333,1.667,1.0,17.76,0.00,17.76,516.21,126.88,335.97
2025-02-10,2025-02-01,FC-South,Metro Post,2,1,1,1,4,2.0,5.5,5.0,7.26,0.00,7.26,436.52,239.4,117.17
2025-05-12,2025-05-01,FC-South,Regional Freight,4,3,1,1,4,1.0,4.0,3.0,20.88,4.99,15.89,1535.28,93.7,726.17
2025-07-31,2025-07-01,FC-Central,Regional Freight,3,3,0,0,0,0.0,2.0,1.333,13.95,0.00,13.95,428.06,190.73,0.00
2025-03-27,2025-03-01,FC-North,Regional Freight,3,3,0,0,0,0.0,3.333,2.667,17.14,0.00,17.14,276.33,-55.7,0.00
2025-01-21,2025-01-01,FC-South,Regional Freight,2,1,1,0,2,1.0,3.5,3.0,8.64,0.00,8.64,351.73,34.88,133.41
2025-02-27,2025-02-01,FC-Central,Metro Post,3,3,0,0,0,0.0,3.0,2.333,25.16,0.00,25.16,1065.33,210.07,0.00
2025-08-29,2025-08-01,FC-Central,Metro Post,3,3,0,0,0,0.0,3.0,2.667,11.34,0.00,11.34,319.29,130.1,0.00
2024-12-17,2024-12-01,FC-South,Swiftline,3,3,0,0,0,0.0,2.0,1.333,35.69,0.00,35.69,994.41,264.81,0.00
2025-10-12,2025-10-01,FC-South,Swiftline,1,1,0,0,0,0.0,2.0,2.0,6.09,0.00,6.09,208.44,30.36,0.00
2024-12-19,2024-12-01,FC-North,Swiftline,4,3,1,0,1,0.25,4.25,3.5,27.42,0.00,27.42,804.84,244.73,53.02
2024-12-22,2024-12-01,FC-South,Metro Post,3,2,1,0,2,0.667,3.333,2.667,15.06,0.00,15.06,596.50,299.59,159.69
2024-12-25,2024-12-01,FC-North,Regional Freight,1,1,0,0,0,0.0,3.0,3.0,2.73,0.00,2.73,132.67,73.7,0.00
2025-09-13,2025-09-01,FC-South,Regional Freight,5,5,0,0,0,0.0,3.0,3.0,17.64,0.00,17.64,556.07,134.69,0.00
2024-12-27,2024-12-01,FC-South,Swiftline,1,1,0,0,0,0.0,3.0,3.0,9.38,0.00,9.38,356.61,41.44,0.00
2025-07-11,2025-07-01,FC-North,Swiftline,1,1,0,0,0,0.0,2.0,2.0,17.42,0.00,17.42,493.64,235.71,0.00
2025-01-01,2025-01-01,FC-North,Swiftline,4,4,0,0,0,0.0,3.75,3.0,21.82,0.00,21.82,727.70,57.77,0.00
2025-06-03,2025-06-01,FC-South,Swiftline,2,2,0,0,0,0.0,4.0,4.0,10.33,0.00,10.33,521.66,161.26,0.00
2025-03-11,2025-03-01,FC-North,Swiftline,2,2,0,0,0,0.0,2.0,1.5,15.66,0.00,15.66,391.86,159.43,0.00
2025-01-14,2025-01-01,FC-Central,Regional Freight,1,1,0,0,0,0.0,3.0,3.0,12.74,0.00,12.74,302.05,29.08,0.00
2025-07-10,2025-07-01,FC-South,Swiftline,2,2,0,0,0,0.0,4.0,3.5,8.38,0.00,8.38,133.07,-2.75,0.00
2025-01-24,2025-01-01,FC-South,Regional Freight,4,0,4,2,11,2.75,6.0,5.75,36.54,4.99,31.55,1064.32,356.66,1064.32
2025-08-08,2025-08-01,FC-South,Regional Freight,3,1,2,1,7,2.333,5.333,5.0,11.42,0.00,11.42,809.60,72.97,209.91
2025-03-07,2025-03-01,FC-South,Metro Post,3,3,0,0,0,0.0,2.333,2.0,18.73,0.00,18.73,754.03,342.33,0.00
2025-01-19,2025-01-01,FC-South,Regional Freight,1,1,0,0,0,0.0,4.0,3.0,4.49,0.00,4.49,425.35,42.29,0.00
2025-01-28,2025-01-01,FC-Central,Swiftline,1,1,0,0,0,0.0,3.0,1.0,7.20,0.00,7.20,212.71,31.93,0.00
2025-01-30,2025-01-01,FC-Central,Metro Post,1,1,0,0,0,0.0,4.0,3.0,3.33,0.00,3.33,143.27,76.38,0.00
2025-03-08,2025-03-01,FC-South,Swiftline,1,1,0,0,0,0.0,2.0,2.0,10.60,0.00,10.60,317.59,135.12,0.00
2025-02-06,2025-02-01,FC-South,Regional Freight,1,1,0,0,0,0.0,4.0,4.0,6.40,0.00,6.40,226.66,111.99,0.00
2025-03-12,2025-03-01,FC-South,Metro Post,2,2,0,0,0,0.0,3.0,2.5,17.19,0.00,17.19,1012.01,232.83,0.00
2025-02-09,2025-02-01,FC-South,Swiftline,1,1,0,0,0,0.0,4.0,4.0,4.22,4.99,-0.77,19.48,0.77,0.00
2025-02-21,2025-02-01,FC-South,Metro Post,1,1,0,0,0,0.0,3.0,3.0,4.72,0.00,4.72,294.72,41.26,0.00
2025-02-26,2025-02-01,FC-North,Regional Freight,1,1,0,0,0,0.0,3.0,3.0,3.98,0.00,3.98,471.13,63.03,0.00
2025-02-26,2025-02-01,FC-South,Metro Post,1,1,0,0,0,0.0,2.0,2.0,3.82,0.00,3.82,56.46,21.22,0.00
2025-03-04,2025-03-01,FC-North,Metro Post,1,1,0,0,0,0.0,2.0,2.0,10.36,4.99,5.37,42.79,-2.74,0.00
2025-07-30,2025-07-01,FC-South,Regional Freight,2,0,2,0,3,1.5,4.5,4.5,5.47,0.00,5.47,258.74,127.51,258.74
2025-09-30,2025-09-01,FC-South,Regional Freight,6,4,2,1,4,0.667,3.833,3.167,24.11,0.00,24.11,1583.24,-106.02,453.32
2025-04-27,2025-04-01,FC-Central,Swiftline,2,2,0,0,0,0.0,3.0,3.0,15.65,0.00,15.65,262.05,95.34,0.00
2025-09-22,2025-09-01,FC-Central,Metro Post,3,3,0,0,0,0.0,2.667,2.0,17.90,0.00,17.90,1153.14,268.5,0.00
2025-07-16,2025-07-01,FC-South,Regional Freight,3,2,1,1,3,1.0,4.0,3.667,16.62,0.00,16.62,856.81,273.59,212.22
2025-03-28,2025-03-01,FC-Central,Metro Post,2,2,0,0,0,0.0,3.0,2.5,17.94,0.00,17.94,1257.09,139.35,0.00
2025-06-20,2025-06-01,FC-North,Swiftline,2,2,0,0,0,0.0,2.5,1.5,26.81,0.00,26.81,193.63,-30.62,0.00
2025-04-20,2025-04-01,FC-South,Swiftline,1,1,0,0,0,0.0,2.0,2.0,7.81,0.00,7.81,388.66,220.69,0.00
2025-04-03,2025-04-01,FC-South,Regional Freight,3,3,0,0,0,0.0,2.0,1.667,22.61,0.00,22.61,982.37,303.36,0.00
2025-06-25,2025-06-01,FC-Central,Swiftline,3,3,0,0,0,0.0,2.667,2.0,13.44,4.99,8.45,514.11,94.58,0.00
2025-04-03,2025-04-01,FC-Central,Swiftline,2,2,0,0,0,0.0,2.0,2.0,8.85,0.00,8.85,112.48,44.38,0.00
2025-04-04,2025-04-01,FC-North,Metro Post,1,1,0,0,0,0.0,3.0,2.0,14.99,0.00,14.99,1249.32,101.15,0.00
2025-04-07,2025-04-01,FC-South,Regional Freight,1,0,1,0,1,1.0,6.0,6.0,11.09,0.00,11.09,1677.95,469.62,1677.95
2026-01-19,2026-01-01,FC-North,Regional Freight,4,4,0,0,0,0.0,3.0,3.0,42.30,0.00,42.30,981.75,163.23,0.00
2025-08-05,2025-08-01,FC-Central,Swiftline,2,2,0,0,0,0.0,3.5,3.0,11.59,0.00,11.59,271.72,117.86,0.00
2025-04-13,2025-04-01,FC-Central,Regional Freight,1,1,0,0,0,0.0,2.0,2.0,4.14,0.00,4.14,255.30,48.0,0.00
2025-05-24,2025-05-01,FC-North,Metro Post,1,1,0,0,0,0.0,1.0,1.0,12.51,0.00,12.51,834.79,228.32,0.00
2025-06-13,2025-06-01,FC-South,Swiftline,3,2,1,0,2,0.667,4.333,4.333,40.26,0.00,40.26,1931.71,370.69,309.14
2025-07-12,2025-07-01,FC-South,Regional Freight,5,5,0,0,0,0.0,3.0,2.0,29.11,0.00,29.11,1445.10,104.93,0.00
2025-08-16,2025-08-01,FC-Central,Metro Post,2,2,0,0,0,0.0,3.5,3.0,10.65,4.99,5.66,195.14,97.57,0.00
2025-08-27,2025-08-01,FC-Central,Metro Post,4,3,1,0,2,0.5,3.5,2.5,21.56,0.00,21.56,711.49,132.71,117.17
2026-05-20,2026-05-01,FC-North,Swiftline,4,4,0,0,0,0.0,3.75,3.5,53.35,4.99,48.36,1853.32,397.56,0.00
2025-06-24,2025-06-01,FC-Central,Regional Freight,2,2,0,0,0,0.0,5.0,4.5,7.47,0.00,7.47,439.73,252.95,0.00
2025-05-04,2025-05-01,FC-North,Regional Freight,1,1,0,0,0,0.0,5.0,5.0,7.78,0.00,7.78,211.96,49.1,0.00
2025-05-07,2025-05-01,FC-Central,Regional Freight,2,2,0,0,0,0.0,3.5,3.5,13.41,4.99,8.42,82.35,-0.53,0.00
2025-11-20,2025-11-01,FC-South,Metro Post,2,1,1,1,6,3.0,5.5,5.0,27.24,0.00,27.24,631.88,239.69,532.18
2025-05-19,2025-05-01,FC-North,Swiftline,3,3,0,0,0,0.0,2.333,2.0,20.26,0.00,20.26,557.34,250.66,0.00
2025-05-21,2025-05-01,FC-South,Swiftline,2,2,0,0,0,0.0,3.0,2.0,19.59,0.00,19.59,145.23,23.59,0.00
2025-10-15,2025-10-01,FC-North,Swiftline,3,3,0,0,0,0.0,2.333,2.0,43.27,0.00,43.27,1532.94,183.71,0.00
2025-05-23,2025-05-01,FC-North,Swiftline,1,1,0,0,0,0.0,1.0,1.0,11.96,4.99,6.97,36.15,-19.02,0.00
2025-10-23,2025-10-01,FC-North,Swiftline,4,4,0,0,0,0.0,4.25,3.75,35.83,0.00,35.83,1080.62,179.09,0.00
2025-05-25,2025-05-01,FC-South,Regional Freight,1,0,1,0,2,2.0,6.0,5.0,7.50,0.00,7.50,135.05,28.67,135.05
2025-09-21,2025-09-01,FC-South,Regional Freight,3,1,2,0,4,1.333,4.667,4.333,12.57,0.00,12.57,554.39,213.27,465.87
2025-08-07,2025-08-01,FC-North,Swiftline,2,2,0,0,0,0.0,3.5,2.0,26.17,0.00,26.17,937.73,149.34,0.00
2025-12-29,2025-12-01,FC-South,Regional Freight,2,0,2,0,3,1.5,5.5,5.5,18.97,0.00,18.97,279.14,57.58,279.14
2025-08-20,2025-08-01,FC-Central,Regional Freight,2,2,0,0,0,0.0,2.5,2.0,6.92,0.00,6.92,444.82,209.98,0.00
2025-08-02,2025-08-01,FC-North,Swiftline,1,1,0,0,0,0.0,3.0,2.0,4.59,0.00,4.59,122.50,62.4,0.00
2025-11-25,2025-11-01,FC-North,Swiftline,6,6,0,0,0,0.0,3.0,2.5,91.02,4.99,86.03,2567.97,489.16,0.00
2026-04-04,2026-04-01,FC-South,Regional Freight,2,2,0,0,0,0.0,3.0,2.0,20.21,0.00,20.21,749.57,-136.06,0.00
2026-05-27,2026-05-01,FC-South,Regional Freight,8,5,3,2,9,1.125,4.375,4.0,61.40,9.98,51.42,2035.25,510.26,640.43
2025-06-19,2025-06-01,FC-Central,Regional Freight,2,0,2,0,3,1.5,4.5,4.5,21.90,0.00,21.90,1263.93,579.03,1263.93
2025-10-05,2025-10-01,FC-North,Swiftline,3,3,0,0,0,0.0,2.333,2.0,24.26,0.00,24.26,745.31,278.19,0.00
2025-06-21,2025-06-01,FC-South,Swiftline,2,2,0,0,0,0.0,4.0,3.5,19.37,0.00,19.37,507.67,186.29,0.00
2025-06-23,2025-06-01,FC-North,Regional Freight,1,1,0,0,0,0.0,4.0,2.0,2.54,0.00,2.54,55.86,27.3,0.00
2025-07-25,2025-07-01,FC-South,Swiftline,3,3,0,0,0,0.0,2.333,2.333,22.32,4.99,17.33,866.69,193.13,0.00
2025-06-24,2025-06-01,FC-North,Metro Post,2,1,1,0,1,0.5,4.5,4.0,7.68,0.00,7.68,254.74,105.85,177.82
2025-07-31,2025-07-01,FC-North,Metro Post,1,1,0,0,0,0.0,3.0,3.0,8.27,0.00,8.27,226.66,110.12,0.00
2025-10-23,2025-10-01,FC-South,Swiftline,2,2,0,0,0,0.0,3.5,2.5,12.63,0.00,12.63,695.32,-95.85,0.00
2025-09-06,2025-09-01,FC-Central,Metro Post,3,3,0,0,0,0.0,2.667,2.0,23.24,0.00,23.24,943.80,264.74,0.00
2025-06-30,2025-06-01,FC-Central,Swiftline,1,1,0,0,0,0.0,2.0,1.0,7.84,0.00,7.84,348.89,179.64,0.00
2025-08-02,2025-08-01,FC-South,Regional Freight,2,2,0,0,0,0.0,2.5,1.5,9.02,0.00,9.02,253.16,106.41,0.00
2025-10-22,2025-10-01,FC-Central,Regional Freight,1,1,0,0,0,0.0,2.0,1.0,3.54,0.00,3.54,114.26,21.78,0.00
2025-09-27,2025-09-01,FC-South,Metro Post,3,2,1,1,4,1.333,4.333,3.667,17.71,0.00,17.71,914.29,268.58,146.03
2025-10-14,2025-10-01,FC-South,Regional Freight,2,1,1,1,3,1.5,4.5,4.5,21.64,0.00,21.64,2200.00,68.29,653.80
2025-10-27,2025-10-01,FC-South,Swiftline,1,1,0,0,0,0.0,2.0,1.0,28.67,0.00,28.67,228.63,55.36,0.00
2025-12-19,2025-12-01,FC-South,Metro Post,1,1,0,0,0,0.0,5.0,5.0,3.20,4.99,-1.79,31.13,19.6,0.00
2025-09-23,2025-09-01,FC-Central,Metro Post,5,5,0,0,0,0.0,2.4,1.8,40.80,0.00,40.80,1181.40,39.78,0.00
2025-12-21,2025-12-01,FC-Central,Swiftline,2,2,0,0,0,0.0,3.0,3.0,20.53,0.00,20.53,824.20,326.37,0.00
2026-02-23,2026-02-01,FC-South,Regional Freight,2,1,1,1,3,1.5,5.0,5.0,13.49,0.00,13.49,478.40,205.39,97.95
2026-04-06,2026-04-01,FC-Central,Swiftline,3,3,0,0,0,0.0,2.667,2.0,21.51,0.00,21.51,460.66,141.84,0.00
2026-05-17,2026-05-01,FC-South,Metro Post,3,2,1,0,1,0.333,4.0,3.333,18.94,0.00,18.94,745.42,304.78,162.35
2025-08-02,2025-08-01,FC-Central,Metro Post,1,1,0,0,0,0.0,1.0,1.0,5.99,0.00,5.99,506.23,111.49,0.00
2025-08-04,2025-08-01,FC-Central,Regional Freight,1,0,1,0,1,1.0,4.0,3.0,16.77,0.00,16.77,492.15,199.3,492.15
2025-08-06,2025-08-01,FC-Central,Swiftline,2,2,0,0,0,0.0,3.5,3.0,18.53,0.00,18.53,885.93,211.43,0.00
2025-08-10,2025-08-01,FC-South,Regional Freight,2,1,1,1,6,3.0,5.5,5.5,19.86,0.00,19.86,3049.41,416.31,1803.09
2025-10-07,2025-10-01,FC-North,Swiftline,3,3,0,0,0,0.0,3.0,2.667,15.86,4.99,10.87,522.75,174.12,0.00
2026-01-07,2026-01-01,FC-North,Swiftline,3,2,1,0,1,0.333,3.333,2.667,33.03,0.00,33.03,952.44,349.92,138.70
2026-01-11,2026-01-01,FC-Central,Swiftline,3,3,0,0,0,0.0,3.0,2.667,27.91,4.99,22.92,397.99,37.69,0.00
2025-12-07,2025-12-01,FC-North,Metro Post,1,1,0,0,0,0.0,2.0,2.0,5.49,0.00,5.49,182.96,95.49,0.00
2025-08-13,2025-08-01,FC-North,Metro Post,2,2,0,0,0,0.0,2.0,1.5,19.23,0.00,19.23,730.01,64.31,0.00
2025-08-15,2025-08-01,FC-North,Swiftline,3,3,0,0,0,0.0,2.667,2.0,15.40,0.00,15.40,388.67,209.92,0.00
2025-12-16,2025-12-01,FC-South,Regional Freight,5,4,1,0,1,0.2,4.0,3.2,44.50,0.00,44.50,1527.19,315.44,219.74
2026-03-03,2026-03-01,FC-South,Regional Freight,1,1,0,0,0,0.0,5.0,4.0,5.38,0.00,5.38,236.14,-12.4,0.00
2025-08-25,2025-08-01,FC-North,Metro Post,1,1,0,0,0,0.0,3.0,3.0,4.60,0.00,4.60,420.66,25.92,0.00
2026-04-05,2026-04-01,FC-Central,Metro Post,1,0,1,0,2,2.0,6.0,4.0,4.60,0.00,4.60,437.19,42.45,437.19
2025-09-25,2025-09-01,FC-North,Swiftline,1,1,0,0,0,0.0,3.0,2.0,5.96,0.00,5.96,201.98,57.16,0.00
2025-08-22,2025-08-01,FC-South,Swiftline,1,1,0,0,0,0.0,2.0,2.0,17.24,0.00,17.24,663.79,101.46,0.00
2025-08-30,2025-08-01,FC-Central,Swiftline,2,2,0,0,0,0.0,3.5,3.5,18.57,0.00,18.57,195.16,38.31,0.00
2025-09-02,2025-09-01,FC-Central,Metro Post,1,1,0,0,0,0.0,3.0,3.0,3.36,0.00,3.36,189.34,111.15,0.00
2026-06-17,2026-06-01,FC-South,Metro Post,1,1,0,0,0,0.0,3.0,3.0,3.09,0.00,3.09,59.63,35.41,0.00
2025-11-08,2025-11-01,FC-Central,Metro Post,4,4,0,0,0,0.0,3.25,3.25,44.41,0.00,44.41,1710.65,113.04,0.00
2025-12-14,2025-12-01,FC-South,Regional Freight,3,1,2,1,5,1.667,4.667,3.333,34.82,4.99,29.83,990.42,165.5,956.05
2026-05-12,2026-05-01,FC-South,Regional Freight,4,4,0,0,0,0.0,2.75,2.25,27.49,0.00,27.49,1536.69,605.18,0.00
2026-04-20,2026-04-01,FC-South,Metro Post,4,4,0,0,0,0.0,3.75,3.25,27.81,0.00,27.81,1136.94,210.23,0.00
2025-09-12,2025-09-01,FC-North,Swiftline,6,6,0,0,0,0.0,2.833,2.667,50.67,4.99,45.68,1745.09,213.66,0.00
2025-12-14,2025-12-01,FC-North,Metro Post,2,2,0,0,0,0.0,2.5,2.0,23.54,0.00,23.54,471.86,123.79,0.00
2025-09-20,2025-09-01,FC-Central,Regional Freight,3,2,1,1,3,1.0,4.667,4.667,21.83,0.00,21.83,1084.55,190.39,113.18
2025-11-07,2025-11-01,FC-South,Regional Freight,4,4,0,0,0,0.0,3.5,3.0,28.34,0.00,28.34,794.46,205.72,0.00
2025-09-19,2025-09-01,FC-Central,Regional Freight,1,1,0,0,0,0.0,4.0,4.0,5.08,0.00,5.08,315.92,54.57,0.00
2025-10-01,2025-10-01,FC-North,Metro Post,2,2,0,0,0,0.0,3.0,3.0,8.24,0.00,8.24,322.87,87.38,0.00
2026-02-02,2026-02-01,FC-Central,Swiftline,2,1,1,1,3,1.5,5.5,5.5,18.38,0.00,18.38,672.57,-17.18,140.35
2026-06-13,2026-06-01,FC-South,Metro Post,2,2,0,0,0,0.0,3.5,3.5,16.77,0.00,16.77,1058.02,-65.37,0.00
2026-03-27,2026-03-01,FC-Central,Swiftline,5,5,0,0,0,0.0,2.8,2.0,44.51,0.00,44.51,1465.07,240.51,0.00
2025-12-09,2025-12-01,FC-Central,Metro Post,3,2,1,0,2,0.667,4.667,4.333,12.10,4.99,7.11,327.59,107.3,66.12
2025-12-05,2025-12-01,FC-North,Metro Post,3,2,1,0,1,0.333,3.667,2.667,14.96,4.99,9.97,455.10,188.17,30.06
2025-10-23,2025-10-01,FC-Central,Swiftline,1,1,0,0,0,0.0,5.0,5.0,3.96,4.99,-1.03,39.36,26.47,0.00
2025-10-25,2025-10-01,FC-North,Metro Post,1,1,0,0,0,0.0,2.0,1.0,10.50,0.00,10.50,196.88,6.36,0.00
2026-01-17,2026-01-01,FC-North,Swiftline,3,3,0,0,0,0.0,2.333,2.333,40.55,0.00,40.55,1394.10,-180.92,0.00
2025-10-30,2025-10-01,FC-South,Swiftline,1,1,0,0,0,0.0,5.0,5.0,5.21,0.00,5.21,99.07,19.81,0.00
2025-10-31,2025-10-01,FC-North,Metro Post,2,2,0,0,0,0.0,2.0,1.5,15.18,0.00,15.18,886.10,185.35,0.00
2026-02-24,2026-02-01,FC-South,Metro Post,1,1,0,0,0,0.0,3.0,2.0,26.10,0.00,26.10,569.64,106.29,0.00
2025-12-05,2025-12-01,FC-South,Metro Post,3,2,1,0,1,0.333,3.667,3.333,15.33,9.98,5.35,343.52,94.47,34.46
2025-11-09,2025-11-01,FC-South,Metro Post,4,4,0,0,0,0.0,3.75,3.25,40.37,0.00,40.37,1747.84,405.7,0.00
2025-11-10,2025-11-01,FC-North,Swiftline,3,3,0,0,0,0.0,3.0,2.0,16.60,0.00,16.60,554.33,223.99,0.00
2025-12-11,2025-12-01,FC-South,Regional Freight,4,4,0,0,0,0.0,2.25,1.5,21.37,0.00,21.37,965.72,125.96,0.00
2025-11-11,2025-11-01,FC-South,Metro Post,1,1,0,0,0,0.0,2.0,2.0,4.96,0.00,4.96,258.82,0.15,0.00
2026-01-01,2026-01-01,FC-North,Swiftline,3,3,0,0,0,0.0,2.0,1.667,17.00,0.00,17.00,628.33,103.51,0.00
2025-12-20,2025-12-01,FC-Central,Swiftline,1,1,0,0,0,0.0,3.0,3.0,4.41,0.00,4.41,111.95,58.61,0.00
2026-03-05,2026-03-01,FC-Central,Swiftline,3,3,0,0,0,0.0,3.667,3.333,15.42,0.00,15.42,378.52,77.25,0.00
2026-04-15,2026-04-01,FC-North,Regional Freight,1,1,0,0,0,0.0,3.0,3.0,3.26,0.00,3.26,196.58,-41.22,0.00
2025-12-04,2025-12-01,FC-South,Swiftline,2,2,0,0,0,0.0,3.0,3.0,14.98,0.00,14.98,320.85,143.55,0.00
2026-01-07,2026-01-01,FC-Central,Metro Post,2,2,0,0,0,0.0,3.0,1.5,14.51,4.99,9.52,436.61,184.91,0.00
2026-03-16,2026-03-01,FC-South,Swiftline,3,3,0,0,0,0.0,4.0,3.333,24.08,0.00,24.08,440.84,52.09,0.00
2026-04-08,2026-04-01,FC-South,Metro Post,1,1,0,0,0,0.0,2.0,2.0,3.86,0.00,3.86,75.15,7.67,0.00
2026-03-07,2026-03-01,FC-South,Regional Freight,1,1,0,0,0,0.0,2.0,1.0,15.22,0.00,15.22,529.22,202.71,0.00
2025-11-24,2025-11-01,FC-Central,Regional Freight,1,1,0,0,0,0.0,2.0,1.0,3.30,0.00,3.30,210.42,125.28,0.00
2025-11-29,2025-11-01,FC-North,Swiftline,4,4,0,0,0,0.0,2.75,2.0,27.84,0.00,27.84,883.49,217.93,0.00
2025-11-27,2025-11-01,FC-South,Metro Post,1,1,0,0,0,0.0,4.0,3.0,3.18,0.00,3.18,96.16,54.95,0.00
2026-04-10,2026-04-01,FC-Central,Metro Post,1,1,0,0,0,0.0,4.0,4.0,4.94,0.00,4.94,533.08,92.75,0.00
2026-05-17,2026-05-01,FC-North,Swiftline,4,4,0,0,0,0.0,2.75,2.25,35.24,14.97,20.27,609.44,144.45,0.00
2026-06-19,2026-06-01,FC-South,Regional Freight,3,1,2,1,7,2.333,6.333,5.667,10.47,9.98,0.49,812.92,32.9,781.48
2025-12-02,2025-12-01,FC-Central,Metro Post,1,1,0,0,0,0.0,5.0,3.0,3.00,4.99,-1.99,31.58,1.99,0.00
2025-12-01,2025-12-01,FC-Central,Swiftline,1,1,0,0,0,0.0,3.0,2.0,9.17,0.00,9.17,666.81,157.74,0.00
2025-12-02,2025-12-01,FC-South,Metro Post,1,1,0,0,0,0.0,3.0,3.0,4.83,0.00,4.83,211.56,-39.11,0.00
2025-12-06,2025-12-01,FC-Central,Metro Post,3,3,0,0,0,0.0,2.333,2.333,31.02,0.00,31.02,571.25,136.72,0.00
2025-12-25,2025-12-01,FC-North,Regional Freight,2,1,1,0,2,1.0,4.0,3.5,8.20,0.00,8.20,782.74,201.81,732.97
2026-01-21,2026-01-01,FC-North,Regional Freight,2,2,0,0,0,0.0,2.5,2.0,20.16,0.00,20.16,690.93,45.18,0.00
2026-04-09,2026-04-01,FC-Central,Regional Freight,1,1,0,0,0,0.0,2.0,2.0,4.99,0.00,4.99,308.75,12.57,0.00
2026-05-11,2026-05-01,FC-North,Regional Freight,2,2,0,0,0,0.0,3.0,3.0,6.58,0.00,6.58,127.47,57.43,0.00
2025-12-21,2025-12-01,FC-North,Metro Post,1,1,0,0,0,0.0,1.0,1.0,3.60,0.00,3.60,72.72,4.66,0.00
2026-02-09,2026-02-01,FC-North,Regional Freight,1,1,0,0,0,0.0,2.0,2.0,2.97,0.00,2.97,135.20,81.54,0.00
2026-03-08,2026-03-01,FC-North,Metro Post,2,2,0,0,0,0.0,4.0,3.5,8.95,0.00,8.95,175.77,4.11,0.00
2026-03-18,2026-03-01,FC-North,Swiftline,5,5,0,0,0,0.0,3.4,2.8,31.90,4.99,26.91,712.18,193.34,0.00
2025-12-25,2025-12-01,FC-South,Swiftline,1,1,0,0,0,0.0,3.0,2.0,3.96,4.99,-1.03,39.36,26.47,0.00
2026-04-10,2026-04-01,FC-North,Regional Freight,4,4,0,0,0,0.0,3.5,3.25,24.73,0.00,24.73,1282.06,324.08,0.00
2025-12-29,2025-12-01,FC-Central,Regional Freight,1,1,0,0,0,0.0,3.0,3.0,8.04,0.00,8.04,460.79,143.55,0.00
2026-06-08,2026-06-01,FC-Central,Regional Freight,2,1,1,0,1,0.5,5.0,4.0,10.54,0.00,10.54,458.31,166.35,346.36
2026-01-07,2026-01-01,FC-South,Metro Post,1,1,0,0,0,0.0,3.0,3.0,4.80,0.00,4.80,160.55,-3.43,0.00
2026-02-21,2026-02-01,FC-North,Regional Freight,2,2,0,0,0,0.0,2.5,1.0,12.92,0.00,12.92,383.71,120.1,0.00
2026-01-16,2026-01-01,FC-South,Metro Post,1,1,0,0,0,0.0,4.0,4.0,8.25,4.99,3.26,32.90,-1.93,0.00
2026-05-10,2026-05-01,FC-Central,Swiftline,2,2,0,0,0,0.0,4.0,3.0,13.93,0.00,13.93,292.71,63.92,0.00
2026-05-27,2026-05-01,FC-North,Swiftline,1,1,0,0,0,0.0,4.0,3.0,15.91,0.00,15.91,250.95,89.28,0.00
2026-01-17,2026-01-01,FC-Central,Metro Post,1,1,0,0,0,0.0,2.0,2.0,7.43,4.99,2.44,31.46,6.24,0.00
2026-05-13,2026-05-01,FC-Central,Regional Freight,3,3,0,0,0,0.0,3.333,3.0,12.25,0.00,12.25,672.94,294.24,0.00
2026-01-26,2026-01-01,FC-North,Swiftline,1,1,0,0,0,0.0,4.0,4.0,5.12,0.00,5.12,330.35,170.51,0.00
2026-06-10,2026-06-01,FC-South,Metro Post,3,2,1,1,9,3.0,7.0,6.0,34.61,0.00,34.61,1758.28,214.62,236.63
2026-01-31,2026-01-01,FC-North,Regional Freight,1,0,1,1,3,3.0,8.0,7.0,2.95,0.00,2.95,131.84,-6.56,131.84
2026-05-22,2026-05-01,FC-South,Metro Post,3,3,0,0,0,0.0,4.667,3.333,19.14,0.00,19.14,868.39,323.38,0.00
2026-04-18,2026-04-01,FC-Central,Metro Post,2,1,1,0,2,1.0,4.5,4.0,8.59,0.00,8.59,261.55,87.73,133.12
2026-02-15,2026-02-01,FC-Central,Metro Post,2,2,0,0,0,0.0,2.0,1.5,13.42,0.00,13.42,381.71,46.68,0.00
2026-02-16,2026-02-01,FC-North,Metro Post,2,2,0,0,0,0.0,3.5,3.0,6.59,9.98,-3.39,68.74,43.21,0.00
2026-04-01,2026-04-01,FC-South,Metro Post,3,2,1,1,6,2.0,5.667,5.0,14.48,0.00,14.48,299.02,-6.14,113.58
2026-02-20,2026-02-01,FC-North,Swiftline,5,5,0,0,0,0.0,3.6,2.8,37.49,0.00,37.49,1080.05,417.34,0.00
2026-04-26,2026-04-01,FC-Central,Regional Freight,1,1,0,0,0,0.0,3.0,1.0,2.34,4.99,-2.65,27.33,12.28,0.00
2026-02-21,2026-02-01,FC-South,Swiftline,3,2,1,0,2,0.667,3.667,3.667,15.43,4.99,10.44,274.36,93.4,77.72
2026-02-23,2026-02-01,FC-Central,Swiftline,3,3,0,0,0,0.0,3.333,2.667,29.53,0.00,29.53,871.73,394.42,0.00
2026-02-22,2026-02-01,FC-South,Metro Post,1,1,0,0,0,0.0,4.0,3.0,6.50,0.00,6.50,248.15,39.33,0.00
2026-05-29,2026-05-01,FC-Central,Swiftline,2,2,0,0,0,0.0,3.5,3.0,33.94,0.00,33.94,1194.17,340.94,0.00
2026-04-22,2026-04-01,FC-Central,Metro Post,5,5,0,0,0,0.0,2.4,1.8,26.13,0.00,26.13,948.76,301.78,0.00
2026-03-10,2026-03-01,FC-Central,Swiftline,3,3,0,0,0,0.0,2.667,2.0,39.91,0.00,39.91,671.07,186.63,0.00
2026-03-09,2026-03-01,FC-Central,Swiftline,2,2,0,0,0,0.0,2.5,2.0,15.45,0.00,15.45,168.07,38.19,0.00
2026-03-08,2026-03-01,FC-Central,Metro Post,1,1,0,0,0,0.0,4.0,4.0,7.86,0.00,7.86,465.92,109.65,0.00
2026-06-05,2026-06-01,FC-South,Metro Post,1,1,0,0,0,0.0,4.0,4.0,4.49,0.00,4.49,260.61,34.85,0.00
2026-03-13,2026-03-01,FC-South,Regional Freight,5,3,2,1,4,0.8,3.4,3.0,29.93,0.00,29.93,2121.97,745.72,1167.69
2026-03-11,2026-03-01,FC-South,Metro Post,1,1,0,0,0,0.0,5.0,5.0,4.14,0.00,4.14,229.62,42.78,0.00
2026-03-23,2026-03-01,FC-South,Swiftline,3,3,0,0,0,0.0,2.667,2.0,27.22,0.00,27.22,772.55,242.4,0.00
2026-06-22,2026-06-01,FC-South,Metro Post,2,1,1,1,4,2.0,4.5,3.5,7.09,0.00,7.09,102.57,56.58,49.85
2026-03-26,2026-03-01,FC-Central,Regional Freight,2,1,1,1,6,3.0,5.5,5.0,8.45,0.00,8.45,351.26,122.01,169.27
2026-04-01,2026-04-01,FC-Central,Regional Freight,2,2,0,0,0,0.0,3.0,2.5,6.12,0.00,6.12,290.50,120.84,0.00
2026-05-18,2026-05-01,FC-Central,Regional Freight,1,1,0,0,0,0.0,4.0,4.0,3.12,0.00,3.12,150.33,56.04,0.00
2026-05-27,2026-05-01,FC-Central,Metro Post,2,2,0,0,0,0.0,3.0,3.0,9.32,0.00,9.32,335.22,-46.72,0.00
2026-05-08,2026-05-01,FC-South,Regional Freight,3,3,0,0,0,0.0,3.0,3.0,8.23,0.00,8.23,277.52,70.43,0.00
2026-04-16,2026-04-01,FC-Central,Metro Post,3,3,0,0,0,0.0,3.333,3.333,21.00,0.00,21.00,1223.69,198.32,0.00
2026-04-18,2026-04-01,FC-North,Swiftline,4,4,0,0,0,0.0,2.25,2.0,20.19,0.00,20.19,631.35,225.84,0.00
2026-06-27,2026-06-01,FC-South,Metro Post,1,1,0,0,0,0.0,2.0,2.0,7.57,0.00,7.57,538.45,103.46,0.00
2026-06-30,2026-06-01,FC-North,Swiftline,2,2,0,0,0,0.0,2.5,2.0,13.54,0.00,13.54,521.78,64.07,0.00
2026-04-20,2026-04-01,FC-North,Metro Post,1,1,0,0,0,0.0,3.0,3.0,5.19,0.00,5.19,164.80,-5.19,0.00
2026-06-15,2026-06-01,FC-South,Regional Freight,1,1,0,0,0,0.0,4.0,4.0,4.83,0.00,4.83,146.12,66.66,0.00
2026-05-22,2026-05-01,FC-North,Metro Post,2,2,0,0,0,0.0,2.5,2.5,43.25,0.00,43.25,1357.90,207.34,0.00
2026-05-04,2026-05-01,FC-North,Swiftline,4,3,1,0,1,0.25,2.25,1.5,22.85,0.00,22.85,537.08,265.77,47.16
2026-06-04,2026-06-01,FC-North,Swiftline,1,1,0,0,0,0.0,2.0,2.0,5.21,0.00,5.21,58.22,2.31,0.00
2026-05-06,2026-05-01,FC-Central,Metro Post,1,1,0,0,0,0.0,3.0,3.0,3.51,0.00,3.51,174.24,96.17,0.00
2026-05-12,2026-05-01,FC-Central,Swiftline,3,3,0,0,0,0.0,3.0,2.333,18.70,4.99,13.71,1061.59,502.71,0.00
2026-05-16,2026-05-01,FC-North,Metro Post,1,1,0,0,0,0.0,3.0,1.0,9.65,0.00,9.65,452.45,45.35,0.00
2026-05-21,2026-05-01,FC-Central,Regional Freight,1,0,1,1,6,6.0,10.0,10.0,4.98,0.00,4.98,153.56,70.21,153.56
2026-05-24,2026-05-01,FC-South,Swiftline,1,1,0,0,0,0.0,3.0,2.0,13.14,0.00,13.14,502.02,139.38,0.00
2026-05-26,2026-05-01,FC-South,Metro Post,1,1,0,0,0,0.0,5.0,3.0,3.10,0.00,3.10,113.30,69.23,0.00
2026-05-29,2026-05-01,FC-South,Metro Post,2,1,1,1,6,3.0,7.5,6.5,22.10,0.00,22.10,301.91,89.34,178.87
2024-01-02,2024-01-01,FC-South,Metro Post,1,0,1,0,1,1.0,6.0,5.0,9.62,0.00,9.62,507.39,101.08,507.39
2024-01-05,2024-01-01,FC-North,Metro Post,1,1,0,0,0,0.0,4.0,3.0,4.28,0.00,4.28,133.42,59.42,0.00
2024-01-04,2024-01-01,FC-North,Swiftline,2,2,0,0,0,0.0,3.5,3.5,14.98,0.00,14.98,354.48,35.94,0.00
2024-02-20,2024-02-01,FC-Central,Regional Freight,2,2,0,0,0,0.0,2.5,2.5,9.50,4.99,4.51,114.87,59.59,0.00
2024-04-18,2024-04-01,FC-Central,Metro Post,3,3,0,0,0,0.0,2.667,2.333,18.27,0.00,18.27,595.18,203.71,0.00
2024-02-21,2024-02-01,FC-South,Swiftline,2,1,1,0,2,1.0,3.0,3.0,32.06,0.00,32.06,981.97,202.94,735.66
2024-05-06,2024-05-01,FC-South,Swiftline,1,1,0,0,0,0.0,4.0,4.0,4.46,0.00,4.46,109.64,57.39,0.00
2024-05-05,2024-05-01,FC-North,Swiftline,1,1,0,0,0,0.0,3.0,3.0,4.41,0.00,4.41,107.28,-4.41,0.00
2024-01-11,2024-01-01,FC-Central,Regional Freight,1,1,0,0,0,0.0,5.0,3.0,10.81,0.00,10.81,790.84,135.06,0.00
2024-03-14,2024-03-01,FC-Central,Regional Freight,2,1,1,1,4,2.0,4.5,4.0,15.56,0.00,15.56,634.50,311.81,95.72
2024-01-13,2024-01-01,FC-Central,Metro Post,1,1,0,0,0,0.0,1.0,1.0,7.06,0.00,7.06,412.44,22.9,0.00
2024-07-26,2024-07-01,FC-North,Swiftline,1,1,0,0,0,0.0,3.0,3.0,4.42,0.00,4.42,67.74,18.55,0.00
2024-01-16,2024-01-01,FC-Central,Regional Freight,1,1,0,0,0,0.0,4.0,4.0,2.18,0.00,2.18,52.53,20.78,0.00
2024-01-22,2024-01-01,FC-South,Swiftline,2,1,1,0,2,1.0,4.5,4.5,10.64,0.00,10.64,335.65,96.21,188.95
2024-01-23,2024-01-01,FC-South,Metro Post,1,1,0,0,0,0.0,3.0,1.0,6.65,0.00,6.65,111.90,15.24,0.00
2024-01-27,2024-01-01,FC-North,Regional Freight,1,0,1,0,1,1.0,5.0,4.0,3.47,4.99,-1.52,22.55,-5.55,22.55
2024-01-28,2024-01-01,FC-South,Regional Freight,1,0,1,1,4,4.0,9.0,8.0,3.38,0.00,3.38,241.78,118.43,241.78
2024-01-30,2024-01-01,FC-Central,Swiftline,1,1,0,0,0,0.0,4.0,4.0,10.14,0.00,10.14,208.78,78.59,0.00
2024-12-18,2024-12-01,FC-North,Regional Freight,3,3,0,0,0,0.0,2.667,2.333,19.63,4.99,14.64,779.73,387.48,0.00
2024-03-20,2024-03-01,FC-South,Swiftline,3,3,0,0,0,0.0,2.0,1.333,38.04,0.00,38.04,605.17,5.55,0.00
2024-01-31,2024-01-01,FC-Central,Metro Post,1,1,0,0,0,0.0,2.0,2.0,11.90,0.00,11.90,360.11,74.42,0.00
2024-11-07,2024-11-01,FC-South,Regional Freight,5,1,4,0,6,1.2,4.0,3.8,48.46,0.00,48.46,2559.26,748.24,1459.08
2024-02-09,2024-02-01,FC-North,Metro Post,2,1,1,0,1,0.5,3.0,3.0,16.50,0.00,16.50,530.74,252.23,113.30
2024-02-06,2024-02-01,FC-Central,Metro Post,1,1,0,0,0,0.0,3.0,2.0,4.75,0.00,4.75,205.83,116.89,0.00
2024-04-04,2024-04-01,FC-North,Swiftline,2,2,0,0,0,0.0,2.0,2.0,20.22,0.00,20.22,580.46,188.06,0.00
2024-02-10,2024-02-01,FC-South,Metro Post,3,1,2,1,8,2.667,5.667,5.0,10.83,9.98,0.85,151.30,70.98,48.91
2024-04-17,2024-04-01,FC-South,Regional Freight,3,2,1,0,1,0.333,3.333,3.0,29.08,0.00,29.08,950.43,99.18,416.00
2024-02-14,2024-02-01,FC-North,Metro Post,1,1,0,0,0,0.0,3.0,1.0,3.89,0.00,3.89,126.96,38.98,0.00
2024-03-10,2024-03-01,FC-South,Regional Freight,1,1,0,0,0,0.0,2.0,1.0,2.45,0.00,2.45,147.80,76.92,0.00
2024-04-24,2024-04-01,FC-North,Regional Freight,1,1,0,0,0,0.0,3.0,1.0,9.83,0.00,9.83,238.92,29.99,0.00
2024-02-16,2024-02-01,FC-Central,Swiftline,1,1,0,0,0,0.0,3.0,2.0,11.32,0.00,11.32,113.90,37.42,0.00
2024-02-20,2024-02-01,FC-South,Regional Freight,1,1,0,0,0,0.0,2.0,2.0,2.68,0.00,2.68,127.02,15.13,0.00
2024-02-21,2024-02-01,FC-Central,Regional Freight,1,1,0,0,0,0.0,4.0,3.0,13.74,0.00,13.74,190.37,12.27,0.00
2024-02-23,2024-02-01,FC-South,Swiftline,1,0,1,1,3,3.0,7.0,5.0,5.17,0.00,5.17,97.95,-5.17,97.95
2024-02-23,2024-02-01,FC-North,Regional Freight,1,1,0,0,0,0.0,4.0,4.0,2.56,0.00,2.56,83.70,-40.5,0.00
2024-02-29,2024-02-01,FC-Central,Regional Freight,1,1,0,0,0,0.0,4.0,2.0,3.63,0.00,3.63,107.23,30.13,0.00
2024-08-07,2024-08-01,FC-Central,Metro Post,3,2,1,1,6,2.0,6.0,5.333,29.28,0.00,29.28,3049.50,766.44,404.80
2025-10-11,2025-10-01,FC-South,Swiftline,3,3,0,0,0,0.0,4.0,3.333,52.29,0.00,52.29,1719.43,265.88,0.00
2024-08-26,2024-08-01,FC-Central,Regional Freight,2,2,0,0,0,0.0,2.5,2.5,13.55,0.00,13.55,386.26,62.24,0.00
2024-03-03,2024-03-01,FC-North,Metro Post,1,1,0,0,0,0.0,4.0,4.0,5.21,0.00,5.21,119.88,14.56,0.00
2024-05-01,2024-05-01,FC-South,Regional Freight,2,2,0,0,0,0.0,3.5,3.0,11.11,0.00,11.11,1326.64,-694.82,0.00
2024-06-02,2024-06-01,FC-North,Metro Post,1,1,0,0,0,0.0,3.0,3.0,3.35,0.00,3.35,91.70,56.71,0.00
2024-11-22,2024-11-01,FC-Central,Swiftline,5,5,0,0,0,0.0,3.0,2.4,31.09,4.99,26.10,570.74,76.74,0.00
2024-03-18,2024-03-01,FC-South,Regional Freight,3,2,1,0,2,0.667,4.333,3.0,13.18,4.99,8.19,600.46,121.7,29.37
2024-10-17,2024-10-01,FC-South,Swiftline,2,1,1,0,2,1.0,4.5,4.0,14.17,0.00,14.17,445.37,220.05,222.38
2024-03-21,2024-03-01,FC-Central,Metro Post,1,1,0,0,0,0.0,2.0,1.0,5.45,0.00,5.45,187.58,80.73,0.00
2024-03-21,2024-03-01,FC-North,Regional Freight,1,1,0,0,0,0.0,2.0,1.0,4.42,4.99,-0.57,22.27,10.27,0.00
2024-03-23,2024-03-01,FC-Central,Metro Post,1,1,0,0,0,0.0,2.0,2.0,8.19,0.00,8.19,208.78,80.54,0.00
2024-03-27,2024-03-01,FC-South,Regional Freight,3,2,1,1,6,2.0,5.333,4.667,14.94,0.00,14.94,633.89,332.38,324.18
2024-03-25,2024-03-01,FC-North,Metro Post,1,1,0,0,0,0.0,3.0,3.0,4.37,0.00,4.37,136.54,43.13,0.00
2024-05-28,2024-05-01,FC-South,Metro Post,2,1,1,1,9,4.5,8.0,7.5,9.33,0.00,9.33,157.95,64.08,71.17
2024-06-13,2024-06-01,FC-Central,Swiftline,2,2,0,0,0,0.0,4.0,4.0,17.30,0.00,17.30,188.89,70.41,0.00
2024-05-14,2024-05-01,FC-South,Swiftline,1,1,0,0,0,0.0,1.0,1.0,7.09,0.00,7.09,271.82,-16.58,0.00
2024-04-09,2024-04-01,FC-South,Swiftline,1,1,0,0,0,0.0,1.0,1.0,7.00,0.00,7.00,238.62,29.45,0.00
2024-04-10,2024-04-01,FC-Central,Metro Post,2,2,0,0,0,0.0,2.5,2.5,10.56,0.00,10.56,557.40,309.48,0.00
2024-09-21,2024-09-01,FC-Central,Metro Post,1,0,1,0,1,1.0,3.0,1.0,16.32,0.00,16.32,1825.86,229.64,1825.86
2024-04-14,2024-04-01,FC-South,Metro Post,1,1,0,0,0,0.0,2.0,2.0,4.49,0.00,4.49,260.61,-4.49,0.00
2024-04-16,2024-04-01,FC-Central,Regional Freight,1,1,0,0,0,0.0,4.0,4.0,2.22,0.00,2.22,50.89,26.77,0.00
2024-04-24,2024-04-01,FC-Central,Metro Post,2,2,0,0,0,0.0,3.0,3.0,7.76,4.99,2.77,109.55,55.7,0.00
2024-04-23,2024-04-01,FC-Central,Metro Post,3,3,0,0,0,0.0,4.0,3.667,58.97,0.00,58.97,1190.23,242.17,0.00
2024-06-14,2024-06-01,FC-South,Metro Post,3,2,1,1,4,1.333,5.667,5.0,12.77,0.00,12.77,508.22,103.22,83.50
2024-04-28,2024-04-01,FC-Central,Swiftline,1,1,0,0,0,0.0,4.0,4.0,21.14,0.00,21.14,965.80,191.24,0.00
2024-08-10,2024-08-01,FC-North,Swiftline,5,5,0,0,0,0.0,2.4,2.2,47.62,0.00,47.62,881.02,297.5,0.00
2024-06-28,2024-06-01,FC-South,Metro Post,2,2,0,0,0,0.0,2.0,2.0,13.42,0.00,13.42,270.41,52.66,0.00
2024-07-09,2024-07-01,FC-South,Regional Freight,3,2,1,1,3,1.0,4.333,3.667,23.33,4.99,18.34,522.82,35.65,242.70
2024-05-29,2024-05-01,FC-Central,Swiftline,3,3,0,0,0,0.0,2.333,2.333,20.38,0.00,20.38,816.88,132.93,0.00
2024-05-06,2024-05-01,FC-Central,Swiftline,3,3,0,0,0,0.0,3.333,2.667,13.53,4.99,8.54,142.82,66.45,0.00
2024-05-23,2024-05-01,FC-Central,Swiftline,2,2,0,0,0,0.0,3.0,2.5,23.43,0.00,23.43,1248.30,-34.91,0.00
2024-05-10,2024-05-01,FC-South,Swiftline,2,2,0,0,0,0.0,3.0,3.0,24.11,4.99,19.12,578.62,110.82,0.00
2025-06-08,2025-06-01,FC-Central,Swiftline,2,2,0,0,0,0.0,4.0,3.0,19.09,0.00,19.09,454.17,147.7,0.00
2024-05-12,2024-05-01,FC-North,Swiftline,1,1,0,0,0,0.0,5.0,4.0,11.96,0.00,11.96,73.88,-1.28,0.00
2024-07-02,2024-07-01,FC-North,Swiftline,2,1,1,0,1,0.5,2.5,1.5,27.80,0.00,27.80,758.68,20.37,351.73
2024-07-04,2024-07-01,FC-South,Metro Post,3,2,1,1,3,1.0,2.667,2.667,32.10,0.00,32.10,1676.60,21.84,93.79
2025-03-28,2025-03-01,FC-South,Metro Post,5,4,1,1,4,0.8,3.4,2.6,39.27,0.00,39.27,2044.00,426.92,45.25
2025-02-14,2025-02-01,FC-Central,Regional Freight,3,2,1,1,9,3.0,5.333,5.0,40.82,0.00,40.82,2031.01,433.57,1093.39
2024-11-24,2024-11-01,FC-Central,Swiftline,1,1,0,0,0,0.0,2.0,1.0,18.82,0.00,18.82,407.52,135.65,0.00
2024-11-10,2024-11-01,FC-Central,Regional Freight,2,2,0,0,0,0.0,4.0,3.5,12.38,0.00,12.38,699.70,-149.21,0.00
2024-07-17,2024-07-01,FC-South,Regional Freight,2,2,0,0,0,0.0,3.5,2.0,8.02,0.00,8.02,493.94,183.21,0.00
2024-07-03,2024-07-01,FC-North,Swiftline,2,1,1,0,1,0.5,4.0,3.0,8.80,0.00,8.80,514.00,76.91,448.18
2024-08-10,2024-08-01,FC-Central,Swiftline,1,1,0,0,0,0.0,1.0,1.0,21.96,0.00,21.96,119.92,17.64,0.00
2024-06-13,2024-06-01,FC-North,Swiftline,2,2,0,0,0,0.0,3.0,2.5,18.87,0.00,18.87,832.59,265.53,0.00
2024-10-29,2024-10-01,FC-South,Metro Post,2,2,0,0,0,0.0,3.0,2.0,14.55,0.00,14.55,508.59,175.49,0.00
2025-01-10,2025-01-01,FC-North,Metro Post,3,3,0,0,0,0.0,2.0,1.667,26.01,0.00,26.01,1169.74,228.36,0.00
2024-08-30,2024-08-01,FC-South,Metro Post,1,1,0,0,0,0.0,3.0,1.0,3.81,0.00,3.81,129.93,56.08,0.00
2025-09-04,2025-09-01,FC-Central,Metro Post,5,5,0,0,0,0.0,2.6,2.2,38.74,0.00,38.74,1212.94,411.73,0.00
2024-06-30,2024-06-01,FC-Central,Metro Post,3,3,0,0,0,0.0,3.0,2.333,24.93,0.00,24.93,402.61,-86.09,0.00
2024-10-27,2024-10-01,FC-Central,Swiftline,2,2,0,0,0,0.0,2.5,2.5,22.55,0.00,22.55,914.07,161.99,0.00
2024-11-12,2024-11-01,FC-North,Swiftline,3,3,0,0,0,0.0,3.667,3.0,26.81,0.00,26.81,1027.21,44.61,0.00
2024-07-02,2024-07-01,FC-South,Metro Post,1,1,0,0,0,0.0,3.0,3.0,3.86,0.00,3.86,110.44,23.13,0.00
2024-07-05,2024-07-01,FC-South,Metro Post,1,0,1,1,4,4.0,9.0,9.0,3.00,4.99,-1.99,41.79,22.16,41.79
2024-07-07,2024-07-01,FC-Central,Metro Post,1,1,0,0,0,0.0,1.0,1.0,3.09,0.00,3.09,59.63,35.41,0.00
2024-08-22,2024-08-01,FC-North,Swiftline,2,2,0,0,0,0.0,3.5,3.0,26.40,0.00,26.40,847.03,140.82,0.00
2025-03-15,2025-03-01,FC-North,Swiftline,5,5,0,0,0,0.0,2.6,2.2,39.28,4.99,34.29,1035.44,295.84,0.00
2024-09-02,2024-09-01,FC-Central,Regional Freight,1,1,0,0,0,0.0,1.0,1.0,2.34,0.00,2.34,70.58,42.46,0.00
2024-11-29,2024-11-01,FC-Central,Swiftline,2,1,1,0,2,1.0,4.0,3.5,14.40,0.00,14.40,359.73,132.67,209.25
2025-02-22,2025-02-01,FC-Central,Swiftline,1,1,0,0,0,0.0,2.0,2.0,13.28,0.00,13.28,234.47,72.21,0.00
2024-11-01,2024-11-01,FC-South,Regional Freight,3,3,0,0,0,0.0,3.333,3.333,18.19,4.99,13.20,1673.24,6.12,0.00
2024-10-30,2024-10-01,FC-Central,Regional Freight,2,1,1,0,2,1.0,4.0,4.0,6.45,0.00,6.45,356.71,152.03,156.69
2025-07-24,2025-07-01,FC-Central,Swiftline,5,5,0,0,0,0.0,2.2,1.6,58.16,0.00,58.16,2591.14,763.39,0.00
2025-01-13,2025-01-01,FC-Central,Swiftline,4,4,0,0,0,0.0,2.75,2.5,28.90,0.00,28.90,1005.70,108.28,0.00
2024-12-03,2024-12-01,FC-South,Swiftline,2,1,1,0,2,1.0,4.0,3.0,11.20,4.99,6.21,117.22,53.19,21.33
2025-03-25,2025-03-01,FC-Central,Swiftline,3,3,0,0,0,0.0,2.333,1.667,33.52,4.99,28.53,1069.54,218.2,0.00
2024-07-30,2024-07-01,FC-Central,Regional Freight,1,1,0,0,0,0.0,1.0,1.0,4.65,0.00,4.65,330.61,172.2,0.00
2025-03-31,2025-03-01,FC-Central,Regional Freight,1,1,0,0,0,0.0,2.0,2.0,2.99,0.00,2.99,106.66,62.36,0.00
2024-07-31,2024-07-01,FC-South,Metro Post,1,1,0,0,0,0.0,3.0,3.0,17.14,0.00,17.14,268.80,94.4,0.00
2024-10-12,2024-10-01,FC-South,Metro Post,2,2,0,0,0,0.0,3.0,1.5,36.76,0.00,36.76,641.87,139.75,0.00
2026-04-23,2026-04-01,FC-North,Swiftline,7,7,0,0,0,0.0,2.714,2.429,74.84,0.00,74.84,1766.46,292.24,0.00
2024-12-31,2024-12-01,FC-Central,Metro Post,4,4,0,0,0,0.0,2.5,2.0,24.30,0.00,24.30,2426.88,168.13,0.00
2024-08-06,2024-08-01,FC-Central,Regional Freight,1,1,0,0,0,0.0,4.0,4.0,4.65,0.00,4.65,56.22,25.19,0.00
2024-10-07,2024-10-01,FC-Central,Swiftline,1,1,0,0,0,0.0,2.0,2.0,12.67,0.00,12.67,691.96,163.94,0.00
2024-08-11,2024-08-01,FC-North,Metro Post,2,1,1,1,3,1.5,4.0,3.5,6.18,0.00,6.18,184.22,108.58,113.30
2024-08-12,2024-08-01,FC-Central,Metro Post,3,3,0,0,0,0.0,3.333,2.333,25.52,0.00,25.52,676.50,182.05,0.00
2024-08-09,2024-08-01,FC-Central,Swiftline,1,1,0,0,0,0.0,3.0,3.0,13.08,0.00,13.08,646.31,110.84,0.00
2025-03-03,2025-03-01,FC-North,Metro Post,2,2,0,0,0,0.0,3.0,2.0,18.56,4.99,13.57,166.31,26.97,0.00
2024-08-14,2024-08-01,FC-North,Swiftline,2,2,0,0,0,0.0,4.5,3.5,8.76,9.98,-1.22,75.14,44.82,0.00
2024-12-13,2024-12-01,FC-North,Metro Post,4,4,0,0,0,0.0,3.0,2.5,19.62,0.00,19.62,1455.81,519.58,0.00
2024-08-18,2024-08-01,FC-Central,Swiftline,1,1,0,0,0,0.0,3.0,1.0,5.55,0.00,5.55,255.85,61.12,0.00
2024-10-10,2024-10-01,FC-South,Metro Post,5,3,2,0,3,0.6,3.8,3.6,30.95,4.99,25.96,900.30,237.46,281.85
2025-04-07,2025-04-01,FC-Central,Metro Post,2,2,0,0,0,0.0,2.5,2.5,24.98,0.00,24.98,789.75,354.31,0.00
2024-08-25,2024-08-01,FC-South,Metro Post,2,1,1,1,3,1.5,5.5,4.5,21.75,0.00,21.75,823.59,212.31,524.16
2024-12-14,2024-12-01,FC-South,Regional Freight,3,2,1,0,1,0.333,2.333,2.0,18.53,0.00,18.53,433.26,37.62,141.94
2024-08-25,2024-08-01,FC-Central,Metro Post,1,0,1,0,1,1.0,5.0,4.0,4.06,0.00,4.06,155.81,46.89,155.81
2024-09-06,2024-09-01,FC-South,Regional Freight,1,0,1,1,9,9.0,12.0,12.0,3.72,0.00,3.72,577.98,109.01,577.98
2025-07-14,2025-07-01,FC-Central,Metro Post,2,2,0,0,0,0.0,2.0,2.0,17.12,0.00,17.12,867.71,235.36,0.00
2024-09-08,2024-09-01,FC-Central,Regional Freight,1,1,0,0,0,0.0,4.0,4.0,7.94,0.00,7.94,866.57,160.57,0.00
2024-10-10,2024-10-01,FC-Central,Swiftline,2,2,0,0,0,0.0,2.5,2.5,18.12,0.00,18.12,362.64,188.1,0.00
2024-09-09,2024-09-01,FC-Central,Swiftline,3,2,1,1,3,1.0,3.667,3.667,29.57,0.00,29.57,763.88,125.35,136.45
2024-09-11,2024-09-01,FC-South,Swiftline,3,3,0,0,0,0.0,3.667,3.333,31.27,0.00,31.27,1886.43,142.32,0.00
2024-11-10,2024-11-01,FC-North,Swiftline,2,1,1,0,1,0.5,2.5,2.0,59.36,0.00,59.36,1860.37,322.07,1672.74
2025-01-23,2025-01-01,FC-North,Swiftline,2,2,0,0,0,0.0,2.5,2.5,26.15,0.00,26.15,451.53,86.49,0.00
2025-06-12,2025-06-01,FC-North,Metro Post,1,1,0,0,0,0.0,4.0,4.0,9.64,0.00,9.64,699.42,325.07,0.00
2025-06-22,2025-06-01,FC-North,Swiftline,1,1,0,0,0,0.0,3.0,3.0,13.46,0.00,13.46,70.78,3.42,0.00
2025-05-09,2025-05-01,FC-Central,Regional Freight,1,1,0,0,0,0.0,4.0,4.0,2.64,0.00,2.64,134.89,72.48,0.00
2024-09-21,2024-09-01,FC-North,Regional Freight,1,1,0,0,0,0.0,4.0,4.0,4.86,0.00,4.86,340.15,147.81,0.00
2024-12-28,2024-12-01,FC-South,Regional Freight,5,3,2,0,3,0.6,3.8,3.6,42.10,0.00,42.10,2475.34,555.29,605.55
2024-09-25,2024-09-01,FC-Central,Regional Freight,1,1,0,0,0,0.0,4.0,4.0,10.45,0.00,10.45,444.28,49.67,0.00
2024-12-23,2024-12-01,FC-Central,Metro Post,1,1,0,0,0,0.0,5.0,4.0,29.05,0.00,29.05,554.83,73.99,0.00
2024-10-26,2024-10-01,FC-South,Swiftline,2,2,0,0,0,0.0,3.0,2.0,16.97,0.00,16.97,701.74,165.73,0.00
2024-10-16,2024-10-01,FC-South,Metro Post,3,3,0,0,0,0.0,3.0,2.667,34.85,0.00,34.85,1409.09,235.97,0.00
2024-09-27,2024-09-01,FC-South,Regional Freight,4,2,2,0,3,0.75,4.25,4.0,22.14,0.00,22.14,866.47,281.53,532.17
2024-12-09,2024-12-01,FC-Central,Swiftline,2,2,0,0,0,0.0,1.5,1.0,24.59,4.99,19.60,510.78,189.46,0.00
2024-09-29,2024-09-01,FC-North,Regional Freight,1,0,1,0,1,1.0,5.0,4.0,16.71,0.00,16.71,617.15,236.4,617.15
2024-12-21,2024-12-01,FC-Central,Metro Post,3,3,0,0,0,0.0,3.333,2.667,22.04,0.00,22.04,1042.31,244.01,0.00
2024-12-06,2024-12-01,FC-South,Regional Freight,5,5,0,0,0,0.0,3.2,2.6,31.46,4.99,26.47,1107.03,326.93,0.00
2024-11-21,2024-11-01,FC-North,Swiftline,2,2,0,0,0,0.0,4.0,4.0,26.09,0.00,26.09,1094.80,283.35,0.00
2025-01-08,2025-01-01,FC-Central,Regional Freight,2,2,0,0,0,0.0,3.5,3.0,11.13,0.00,11.13,762.18,79.68,0.00
2025-01-02,2025-01-01,FC-North,Swiftline,2,2,0,0,0,0.0,1.5,1.0,12.56,0.00,12.56,349.29,173.69,0.00
2026-04-22,2026-04-01,FC-North,Metro Post,2,2,0,0,0,0.0,4.0,2.5,15.35,4.99,10.36,1472.91,-1146.07,0.00
2025-05-07,2025-05-01,FC-South,Regional Freight,5,4,1,1,6,1.2,4.0,3.4,23.60,0.00,23.60,738.10,283.39,50.39
2024-10-07,2024-10-01,FC-North,Metro Post,1,1,0,0,0,0.0,4.0,4.0,4.06,0.00,4.06,139.31,-70.0,0.00
2025-10-22,2025-10-01,FC-South,Regional Freight,9,4,5,3,22,2.444,5.556,5.111,55.09,0.00,55.09,3413.49,335.51,1888.24
2024-10-18,2024-10-01,FC-Central,Swiftline,2,2,0,0,0,0.0,2.5,2.0,24.06,0.00,24.06,530.59,195.25,0.00
2025-03-12,2025-03-01,FC-Central,Swiftline,2,2,0,0,0,0.0,3.5,3.5,13.52,4.99,8.53,635.05,194.74,0.00
2025-10-30,2025-10-01,FC-North,Swiftline,3,3,0,0,0,0.0,3.333,2.667,40.08,0.00,40.08,1485.90,42.58,0.00
2025-01-11,2025-01-01,FC-South,Regional Freight,2,2,0,0,0,0.0,4.0,3.5,16.67,0.00,16.67,1216.90,212.95,0.00
2024-10-24,2024-10-01,FC-Central,Metro Post,1,1,0,0,0,0.0,5.0,5.0,3.31,0.00,3.31,148.61,82.34,0.00
2024-10-23,2024-10-01,FC-South,Metro Post,2,1,1,0,1,0.5,3.5,3.0,11.11,0.00,11.11,643.49,323.05,67.23
2024-10-26,2024-10-01,FC-Central,Regional Freight,2,2,0,0,0,0.0,4.5,4.0,25.60,0.00,25.60,915.33,230.08,0.00
2025-06-09,2025-06-01,FC-South,Swiftline,3,3,0,0,0,0.0,2.333,2.0,37.89,0.00,37.89,1106.77,340.5,0.00
2024-10-31,2024-10-01,FC-North,Metro Post,2,2,0,0,0,0.0,1.5,1.5,7.30,4.99,2.31,117.75,69.39,0.00
2025-01-07,2025-01-01,FC-South,Swiftline,2,1,1,0,2,1.0,4.5,4.5,10.67,0.00,10.67,569.97,120.97,515.33
2024-10-29,2024-10-01,FC-Central,Swiftline,1,1,0,0,0,0.0,1.0,1.0,18.48,0.00,18.48,712.63,102.63,0.00
2025-01-21,2025-01-01,FC-Central,Swiftline,1,1,0,0,0,0.0,3.0,3.0,11.76,0.00,11.76,618.18,156.44,0.00
2024-12-20,2024-12-01,FC-North,Swiftline,3,3,0,0,0,0.0,3.0,3.0,31.53,0.00,31.53,1282.59,375.99,0.00
2024-12-16,2024-12-01,FC-South,Metro Post,3,3,0,0,0,0.0,2.333,2.0,20.09,4.99,15.10,664.72,183.46,0.00
2024-11-03,2024-11-01,FC-South,Metro Post,1,1,0,0,0,0.0,2.0,2.0,10.00,0.00,10.00,256.86,122.34,0.00
2025-01-12,2025-01-01,FC-South,Swiftline,3,3,0,0,0,0.0,1.333,1.333,43.91,0.00,43.91,669.41,60.04,0.00
2025-03-10,2025-03-01,FC-South,Metro Post,1,1,0,0,0,0.0,2.0,2.0,3.36,0.00,3.36,173.52,43.02,0.00
2024-12-17,2024-12-01,FC-North,Metro Post,3,3,0,0,0,0.0,2.0,1.0,10.10,0.00,10.10,270.99,139.02,0.00
2025-01-30,2025-01-01,FC-North,Metro Post,2,2,0,0,0,0.0,3.0,2.5,11.45,0.00,11.45,841.57,-123.97,0.00
2024-12-28,2024-12-01,FC-North,Swiftline,4,4,0,0,0,0.0,4.25,3.75,20.03,9.98,10.05,519.69,145.05,0.00
2024-11-16,2024-11-01,FC-South,Metro Post,2,1,1,1,4,2.0,6.0,5.5,10.31,0.00,10.31,594.93,151.09,472.93
2024-11-20,2024-11-01,FC-Central,Regional Freight,1,1,0,0,0,0.0,4.0,3.0,10.67,0.00,10.67,434.05,135.67,0.00
2024-12-27,2024-12-01,FC-Central,Metro Post,4,3,1,1,3,0.75,4.25,4.0,29.17,0.00,29.17,1473.70,193.46,116.64
2024-11-20,2024-11-01,FC-South,Regional Freight,3,3,0,0,0,0.0,3.0,2.667,10.59,0.00,10.59,444.48,191.65,0.00
2024-11-25,2024-11-01,FC-North,Swiftline,3,2,1,0,2,0.667,3.667,2.667,24.96,0.00,24.96,1394.56,279.8,772.61
2024-11-23,2024-11-01,FC-North,Swiftline,2,1,1,0,1,0.5,3.0,3.0,17.40,0.00,17.40,713.97,40.46,382.60
2024-11-26,2024-11-01,FC-South,Metro Post,2,2,0,0,0,0.0,2.5,1.5,13.96,0.00,13.96,385.13,142.64,0.00
2025-10-21,2025-10-01,FC-South,Swiftline,3,3,0,0,0,0.0,2.333,2.0,35.47,0.00,35.47,526.02,150.93,0.00
2024-11-30,2024-11-01,FC-North,Swiftline,1,1,0,0,0,0.0,3.0,3.0,4.46,0.00,4.46,128.17,-52.25,0.00
2024-12-15,2024-12-01,FC-South,Swiftline,5,5,0,0,0,0.0,3.6,3.2,40.36,4.99,35.37,691.25,307.17,0.00
2025-06-06,2025-06-01,FC-North,Swiftline,6,6,0,0,0,0.0,3.333,3.0,66.77,0.00,66.77,2099.97,652.43,0.00
2025-02-02,2025-02-01,FC-South,Metro Post,1,1,0,0,0,0.0,2.0,1.0,13.18,0.00,13.18,340.79,70.67,0.00
2026-03-18,2026-03-01,FC-South,Regional Freight,1,1,0,0,0,0.0,2.0,1.0,7.66,0.00,7.66,668.64,138.13,0.00
2025-02-13,2025-02-01,FC-Central,Regional Freight,4,3,1,0,2,0.5,3.25,3.0,29.55,0.00,29.55,1627.39,524.63,327.46
2025-05-11,2025-05-01,FC-Central,Swiftline,3,3,0,0,0,0.0,2.667,2.333,33.80,0.00,33.80,1421.18,230.12,0.00
2024-12-18,2024-12-01,FC-Central,Swiftline,1,1,0,0,0,0.0,5.0,4.0,3.76,4.99,-1.23,18.13,12.77,0.00
2025-01-22,2025-01-01,FC-Central,Swiftline,3,3,0,0,0,0.0,2.667,2.667,32.15,0.00,32.15,939.85,51.85,0.00
2025-03-16,2025-03-01,FC-North,Regional Freight,1,1,0,0,0,0.0,3.0,2.0,14.43,0.00,14.43,861.72,61.99,0.00
2025-05-23,2025-05-01,FC-Central,Swiftline,3,2,1,0,1,0.333,4.333,3.667,38.57,0.00,38.57,1140.71,109.97,510.12
2025-05-03,2025-05-01,FC-South,Swiftline,3,3,0,0,0,0.0,2.667,2.667,18.31,0.00,18.31,530.76,223.14,0.00
2025-10-15,2025-10-01,FC-Central,Metro Post,2,2,0,0,0,0.0,2.0,1.5,10.66,0.00,10.66,575.55,152.97,0.00
2025-11-20,2025-11-01,FC-Central,Swiftline,6,5,1,0,1,0.167,2.833,2.333,34.98,0.00,34.98,709.94,265.59,193.71
2025-06-05,2025-06-01,FC-Central,Swiftline,3,3,0,0,0,0.0,3.0,2.667,27.05,0.00,27.05,1033.19,270.21,0.00
2024-12-30,2024-12-01,FC-North,Metro Post,2,1,1,0,2,1.0,4.5,4.0,10.80,0.00,10.80,849.08,119.56,75.72
2026-02-12,2026-02-01,FC-North,Metro Post,4,2,2,0,3,0.75,5.0,4.25,24.27,4.99,19.28,959.68,220.54,661.94
2025-09-18,2025-09-01,FC-North,Metro Post,3,3,0,0,0,0.0,2.0,1.667,29.21,0.00,29.21,1068.47,316.67,0.00
2025-03-17,2025-03-01,FC-North,Regional Freight,2,1,1,0,1,0.5,3.0,3.0,8.77,0.00,8.77,556.31,74.94,491.96
2025-02-18,2025-02-01,FC-North,Swiftline,2,2,0,0,0,0.0,2.5,2.5,15.45,0.00,15.45,763.55,291.19,0.00
2025-01-02,2025-01-01,FC-South,Swiftline,5,5,0,0,0,0.0,2.8,2.6,45.90,0.00,45.90,1400.39,140.95,0.00
2025-01-03,2025-01-01,FC-North,Metro Post,2,2,0,0,0,0.0,3.5,3.5,21.93,0.00,21.93,779.00,-110.14,0.00
2025-02-19,2025-02-01,FC-Central,Regional Freight,2,2,0,0,0,0.0,3.5,3.0,15.74,0.00,15.74,820.28,194.52,0.00
2025-05-03,2025-05-01,FC-Central,Swiftline,3,3,0,0,0,0.0,3.0,2.667,15.28,0.00,15.28,774.96,-286.7,0.00
2025-07-04,2025-07-01,FC-Central,Swiftline,4,3,1,0,1,0.25,3.0,2.5,35.08,0.00,35.08,1410.93,106.87,154.27
2025-02-03,2025-02-01,FC-South,Swiftline,2,2,0,0,0,0.0,2.5,2.5,14.67,0.00,14.67,800.23,224.33,0.00
2025-03-03,2025-03-01,FC-Central,Swiftline,1,1,0,0,0,0.0,4.0,2.0,4.26,0.00,4.26,116.64,-4.26,0.00
2025-12-10,2025-12-01,FC-Central,Metro Post,4,2,2,1,7,1.75,5.25,5.0,30.80,0.00,30.80,1018.30,58.42,420.19
2025-12-16,2025-12-01,FC-North,Swiftline,3,3,0,0,0,0.0,2.667,2.333,13.71,0.00,13.71,460.92,-1.49,0.00
2025-04-14,2025-04-01,FC-South,Regional Freight,3,3,0,0,0,0.0,3.667,2.667,14.94,9.98,4.96,601.99,77.91,0.00
2025-01-19,2025-01-01,FC-North,Metro Post,1,0,1,0,1,1.0,4.0,4.0,5.19,0.00,5.19,164.80,-5.19,164.80
2026-04-19,2026-04-01,FC-South,Regional Freight,3,2,1,0,2,0.667,4.0,3.333,17.86,0.00,17.86,646.11,188.88,214.46
2026-06-04,2026-06-01,FC-South,Swiftline,2,2,0,0,0,0.0,2.5,1.5,13.76,0.00,13.76,307.07,104.94,0.00
2025-01-29,2025-01-01,FC-Central,Metro Post,1,1,0,0,0,0.0,3.0,3.0,7.27,0.00,7.27,319.91,131.14,0.00
2025-02-01,2025-02-01,FC-South,Swiftline,1,1,0,0,0,0.0,2.0,1.0,5.62,0.00,5.62,105.44,57.5,0.00
2025-06-05,2025-06-01,FC-North,Metro Post,2,1,1,0,1,0.5,4.5,4.5,7.19,0.00,7.19,156.12,88.08,72.73
2025-05-06,2025-05-01,FC-Central,Regional Freight,2,1,1,1,9,4.5,7.0,6.5,6.05,0.00,6.05,321.74,30.4,113.30
2025-08-24,2025-08-01,FC-North,Metro Post,4,4,0,0,0,0.0,3.0,3.0,33.34,0.00,33.34,1642.26,249.21,0.00
2025-03-31,2025-03-01,FC-North,Regional Freight,2,2,0,0,0,0.0,4.0,4.0,10.45,0.00,10.45,525.93,199.22,0.00
2025-04-17,2025-04-01,FC-North,Regional Freight,1,1,0,0,0,0.0,3.0,2.0,3.93,0.00,3.93,386.68,51.26,0.00
2025-02-19,2025-02-01,FC-North,Metro Post,1,1,0,0,0,0.0,4.0,4.0,8.82,0.00,8.82,445.33,104.87,0.00
2025-02-24,2025-02-01,FC-South,Metro Post,2,1,1,0,1,0.5,4.5,4.5,6.84,0.00,6.84,192.57,115.09,113.18
2025-05-28,2025-05-01,FC-South,Swiftline,1,1,0,0,0,0.0,4.0,4.0,3.89,0.00,3.89,50.39,23.4,0.00
2025-12-03,2025-12-01,FC-Central,Metro Post,2,2,0,0,0,0.0,3.5,3.0,21.22,0.00,21.22,840.67,110.88,0.00
2025-03-23,2025-03-01,FC-South,Metro Post,4,4,0,0,0,0.0,3.0,2.5,31.67,4.99,26.68,1325.87,315.52,0.00
2025-12-17,2025-12-01,FC-North,Swiftline,6,6,0,0,0,0.0,3.5,3.0,36.52,0.00,36.52,1634.64,260.66,0.00
2025-03-13,2025-03-01,FC-South,Regional Freight,3,0,3,1,12,4.0,8.0,7.0,11.14,0.00,11.14,246.64,96.26,246.64
2026-04-03,2026-04-01,FC-North,Swiftline,4,4,0,0,0,0.0,2.5,2.25,46.00,4.99,41.01,1045.73,190.88,0.00
2025-06-26,2025-06-01,FC-North,Swiftline,2,2,0,0,0,0.0,3.0,3.0,43.85,0.00,43.85,1361.89,-188.43,0.00
2025-03-25,2025-03-01,FC-South,Metro Post,2,2,0,0,0,0.0,3.5,3.5,25.37,0.00,25.37,1048.09,354.24,0.00
2026-01-09,2026-01-01,FC-Central,Metro Post,2,2,0,0,0,0.0,2.5,1.5,15.22,0.00,15.22,582.74,115.73,0.00
2025-06-18,2025-06-01,FC-North,Swiftline,2,2,0,0,0,0.0,2.5,2.0,46.20,0.00,46.20,1781.26,231.25,0.00
2026-02-12,2026-02-01,FC-South,Regional Freight,1,1,0,0,0,0.0,4.0,4.0,5.39,0.00,5.39,345.69,118.68,0.00
2025-06-14,2025-06-01,FC-South,Swiftline,3,3,0,0,0,0.0,3.0,3.0,36.36,0.00,36.36,852.77,251.74,0.00
2025-06-14,2025-06-01,FC-Central,Regional Freight,1,1,0,0,0,0.0,1.0,1.0,5.38,0.00,5.38,262.30,17.59,0.00
2025-10-02,2025-10-01,FC-Central,Regional Freight,3,3,0,0,0,0.0,3.0,2.667,26.24,0.00,26.24,937.02,326.43,0.00
2025-04-13,2025-04-01,FC-North,Metro Post,4,4,0,0,0,0.0,2.5,1.75,15.33,9.98,5.35,606.36,137.98,0.00
2025-09-09,2025-09-01,FC-South,Regional Freight,2,1,1,0,2,1.0,4.5,4.0,5.35,4.99,0.36,179.84,92.77,40.53
2025-07-25,2025-07-01,FC-Central,Metro Post,4,3,1,0,1,0.25,3.0,2.5,25.70,4.99,20.71,1345.73,498.68,243.13
2025-07-17,2025-07-01,FC-South,Regional Freight,5,4,1,0,2,0.4,3.8,3.2,24.14,0.00,24.14,1006.85,321.02,52.72
2025-04-26,2025-04-01,FC-Central,Metro Post,1,1,0,0,0,0.0,1.0,1.0,7.71,0.00,7.71,302.18,76.07,0.00
2025-09-07,2025-09-01,FC-Central,Regional Freight,1,1,0,0,0,0.0,4.0,2.0,3.49,0.00,3.49,248.82,-116.33,0.00
2025-04-29,2025-04-01,FC-North,Swiftline,1,1,0,0,0,0.0,2.0,1.0,3.89,0.00,3.89,50.39,23.4,0.00
2025-10-19,2025-10-01,FC-Central,Swiftline,1,1,0,0,0,0.0,2.0,2.0,14.17,0.00,14.17,223.77,43.48,0.00
2025-06-02,2025-06-01,FC-South,Metro Post,3,2,1,0,2,0.667,3.667,3.333,36.55,0.00,36.55,2854.79,536.4,427.42
2025-07-02,2025-07-01,FC-North,Regional Freight,2,2,0,0,0,0.0,3.0,3.0,8.04,0.00,8.04,570.37,118.02,0.00
2025-05-07,2025-05-01,FC-North,Regional Freight,1,1,0,0,0,0.0,4.0,4.0,4.03,0.00,4.03,177.77,-33.67,0.00
2025-06-19,2025-06-01,FC-South,Metro Post,2,2,0,0,0,0.0,2.5,2.5,6.23,4.99,1.24,114.05,69.91,0.00
2025-07-17,2025-07-01,FC-Central,Swiftline,2,2,0,0,0,0.0,2.0,2.0,15.21,0.00,15.21,288.93,124.52,0.00
2025-05-10,2025-05-01,FC-South,Regional Freight,1,1,0,0,0,0.0,3.0,1.0,5.33,0.00,5.33,218.48,67.57,0.00
2025-05-13,2025-05-01,FC-North,Swiftline,1,1,0,0,0,0.0,2.0,2.0,4.24,0.00,4.24,161.57,15.41,0.00
2025-09-26,2025-09-01,FC-South,Swiftline,2,2,0,0,0,0.0,3.5,1.5,11.31,0.00,11.31,285.93,123.07,0.00
2025-07-28,2025-07-01,FC-Central,Metro Post,2,2,0,0,0,0.0,4.0,3.5,11.76,0.00,11.76,387.29,39.64,0.00
2025-10-13,2025-10-01,FC-South,Metro Post,4,3,1,1,6,1.5,5.25,4.75,18.98,4.99,13.99,598.65,133.42,109.65
2026-01-31,2026-01-01,FC-South,Regional Freight,4,3,1,1,3,0.75,3.0,3.0,25.62,0.00,25.62,799.83,203.4,444.36
2026-01-08,2026-01-01,FC-North,Metro Post,3,3,0,0,0,0.0,2.333,1.667,17.68,4.99,12.69,505.39,225.64,0.00
2025-12-08,2025-12-01,FC-South,Regional Freight,4,2,2,1,4,1.0,5.0,5.0,16.76,0.00,16.76,1165.12,530.35,592.16
2025-05-31,2025-05-01,FC-South,Metro Post,3,2,1,1,3,1.0,4.0,3.0,25.44,0.00,25.44,563.02,78.46,241.41
2025-11-14,2025-11-01,FC-South,Swiftline,4,4,0,0,0,0.0,2.5,2.0,48.97,0.00,48.97,1043.45,83.48,0.00
2025-06-03,2025-06-01,FC-Central,Swiftline,1,1,0,0,0,0.0,3.0,3.0,5.22,0.00,5.22,74.29,30.65,0.00
2026-05-01,2026-05-01,FC-South,Regional Freight,1,1,0,0,0,0.0,3.0,3.0,3.54,0.00,3.54,274.99,136.69,0.00
2025-09-14,2025-09-01,FC-South,Regional Freight,2,1,1,0,2,1.0,4.0,4.0,12.28,0.00,12.28,770.74,155.53,233.45
2026-01-25,2026-01-01,FC-North,Metro Post,3,3,0,0,0,0.0,3.333,3.333,12.08,4.99,7.09,262.20,50.94,0.00
2025-09-11,2025-09-01,FC-North,Regional Freight,2,2,0,0,0,0.0,1.5,1.0,7.98,0.00,7.98,709.94,342.8,0.00
2026-06-20,2026-06-01,FC-North,Swiftline,4,4,0,0,0,0.0,2.25,2.0,37.91,0.00,37.91,1270.78,253.34,0.00
2025-06-25,2025-06-01,FC-South,Swiftline,1,1,0,0,0,0.0,3.0,3.0,4.41,0.00,4.41,95.16,55.68,0.00
2025-09-11,2025-09-01,FC-Central,Metro Post,2,2,0,0,0,0.0,2.5,2.0,10.06,4.99,5.07,195.53,73.5,0.00
2025-09-12,2025-09-01,FC-Central,Metro Post,4,4,0,0,0,0.0,3.25,3.25,30.66,0.00,30.66,741.55,164.22,0.00
2026-03-10,2026-03-01,FC-South,Regional Freight,6,5,1,0,1,0.167,3.5,2.667,30.00,4.99,25.01,1562.69,334.67,241.21
2025-08-22,2025-08-01,FC-Central,Swiftline,1,1,0,0,0,0.0,3.0,3.0,11.28,0.00,11.28,129.65,29.6,0.00
2025-07-20,2025-07-01,FC-North,Metro Post,1,1,0,0,0,0.0,3.0,1.0,12.66,0.00,12.66,496.87,203.79,0.00
2026-01-10,2026-01-01,FC-Central,Regional Freight,1,1,0,0,0,0.0,3.0,3.0,7.53,0.00,7.53,180.14,81.56,0.00
2026-04-09,2026-04-01,FC-South,Metro Post,2,2,0,0,0,0.0,3.5,2.5,26.72,0.00,26.72,822.20,271.26,0.00
2025-07-26,2025-07-01,FC-Central,Metro Post,2,2,0,0,0,0.0,3.5,3.5,11.49,4.99,6.50,202.72,68.58,0.00
2025-09-08,2025-09-01,FC-North,Metro Post,1,0,1,0,1,1.0,6.0,6.0,12.87,0.00,12.87,688.14,-124.54,688.14
2026-03-02,2026-03-01,FC-Central,Regional Freight,2,2,0,0,0,0.0,2.5,1.5,17.18,0.00,17.18,533.70,-72.03,0.00
2026-04-15,2026-04-01,FC-Central,Swiftline,3,3,0,0,0,0.0,3.0,3.0,23.89,0.00,23.89,770.77,188.38,0.00
2025-11-25,2025-11-01,FC-Central,Swiftline,7,7,0,0,0,0.0,2.429,2.143,78.30,4.99,73.31,2890.55,143.2,0.00
2025-11-13,2025-11-01,FC-South,Regional Freight,5,3,2,0,3,0.6,4.0,3.6,14.74,4.99,9.75,580.78,76.25,302.64
2026-01-18,2026-01-01,FC-South,Metro Post,5,5,0,0,0,0.0,3.4,3.2,47.53,4.99,42.54,2165.51,433.36,0.00
2025-11-02,2025-11-01,FC-South,Regional Freight,2,2,0,0,0,0.0,2.5,2.5,8.28,0.00,8.28,355.17,165.1,0.00
2026-01-24,2026-01-01,FC-South,Swiftline,3,3,0,0,0,0.0,4.0,3.333,38.26,0.00,38.26,661.87,129.69,0.00
2025-08-08,2025-08-01,FC-Central,Regional Freight,1,0,1,0,1,1.0,3.0,1.0,3.16,0.00,3.16,318.53,57.86,318.53
2025-08-15,2025-08-01,FC-Central,Metro Post,2,2,0,0,0,0.0,3.5,2.5,25.99,4.99,21.00,1955.97,452.92,0.00
2025-08-13,2025-08-01,FC-South,Regional Freight,1,1,0,0,0,0.0,4.0,4.0,3.15,0.00,3.15,64.19,22.62,0.00
2025-11-27,2025-11-01,FC-Central,Swiftline,3,2,1,1,3,1.0,3.667,3.667,30.41,0.00,30.41,628.72,32.29,205.78
2026-04-19,2026-04-01,FC-Central,Regional Freight,3,1,2,1,5,1.667,4.333,3.333,20.01,0.00,20.01,684.54,97.19,225.91
2025-11-16,2025-11-01,FC-North,Swiftline,4,3,1,0,1,0.25,3.75,3.75,40.55,0.00,40.55,693.97,316.3,81.36
2025-12-13,2025-12-01,FC-Central,Metro Post,1,1,0,0,0,0.0,5.0,5.0,3.42,0.00,3.42,151.06,77.68,0.00
2025-08-27,2025-08-01,FC-North,Regional Freight,1,1,0,0,0,0.0,3.0,3.0,2.67,0.00,2.67,223.22,122.76,0.00
2025-10-03,2025-10-01,FC-North,Swiftline,2,2,0,0,0,0.0,1.5,1.5,20.71,0.00,20.71,407.72,183.53,0.00
2025-11-30,2025-11-01,FC-North,Regional Freight,2,0,2,0,2,1.0,4.5,4.5,11.05,0.00,11.05,348.46,-44.85,348.46
2026-01-01,2026-01-01,FC-Central,Swiftline,3,3,0,0,0,0.0,2.333,2.0,33.17,0.00,33.17,828.48,188.2,0.00
2025-11-13,2025-11-01,FC-North,Metro Post,2,1,1,0,1,0.5,4.0,4.0,24.39,0.00,24.39,349.06,127.88,191.14
2026-01-03,2026-01-01,FC-South,Metro Post,3,3,0,0,0,0.0,2.667,2.667,14.36,0.00,14.36,945.09,173.8,0.00
2025-11-02,2025-11-01,FC-North,Swiftline,5,5,0,0,0,0.0,2.8,2.2,30.28,4.99,25.29,854.96,157.42,0.00
2025-09-19,2025-09-01,FC-South,Swiftline,1,0,1,0,1,1.0,4.0,3.0,11.15,0.00,11.15,174.58,49.05,174.58
2025-09-16,2025-09-01,FC-North,Metro Post,1,1,0,0,0,0.0,3.0,2.0,6.82,0.00,6.82,157.03,54.04,0.00
2026-02-05,2026-02-01,FC-North,Swiftline,3,3,0,0,0,0.0,2.333,2.0,14.45,0.00,14.45,601.06,164.65,0.00
2025-09-21,2025-09-01,FC-North,Regional Freight,2,2,0,0,0,0.0,3.5,2.5,14.76,0.00,14.76,1156.26,198.85,0.00
2025-09-24,2025-09-01,FC-South,Regional Freight,2,2,0,0,0,0.0,4.0,3.5,16.62,0.00,16.62,1021.75,235.77,0.00
2025-09-28,2025-09-01,FC-South,Swiftline,1,1,0,0,0,0.0,2.0,1.0,8.05,0.00,8.05,504.34,97.9,0.00
2026-01-10,2026-01-01,FC-North,Regional Freight,1,0,1,1,4,4.0,7.0,7.0,3.02,0.00,3.02,251.14,100.08,251.14
2025-10-13,2025-10-01,FC-Central,Regional Freight,1,1,0,0,0,0.0,1.0,1.0,14.28,0.00,14.28,470.12,71.3,0.00
2026-05-04,2026-05-01,FC-Central,Metro Post,1,1,0,0,0,0.0,4.0,2.0,10.08,0.00,10.08,720.77,101.86,0.00
2025-10-04,2025-10-01,FC-South,Metro Post,4,4,0,0,0,0.0,2.25,1.5,36.19,0.00,36.19,828.23,218.68,0.00
2025-10-01,2025-10-01,FC-South,Swiftline,1,0,1,1,3,3.0,8.0,8.0,7.99,0.00,7.99,134.52,51.93,134.52
2025-10-04,2025-10-01,FC-North,Regional Freight,1,1,0,0,0,0.0,2.0,1.0,7.25,0.00,7.25,410.66,69.49,0.00
2026-04-16,2026-04-01,FC-North,Swiftline,4,4,0,0,0,0.0,2.75,2.25,45.09,0.00,45.09,941.77,70.83,0.00
2026-01-21,2026-01-01,FC-South,Swiftline,2,1,1,0,1,0.5,4.5,4.5,14.21,0.00,14.21,1257.37,344.52,1211.14
2025-11-14,2025-11-01,FC-North,Regional Freight,1,1,0,0,0,0.0,2.0,2.0,2.60,0.00,2.60,126.72,82.8,0.00
2025-10-12,2025-10-01,FC-Central,Regional Freight,1,1,0,0,0,0.0,3.0,3.0,2.20,4.99,-2.79,18.13,14.33,0.00
2025-11-17,2025-11-01,FC-Central,Swiftline,2,1,1,1,3,1.5,4.5,4.0,18.05,0.00,18.05,443.16,173.21,73.72
2025-10-21,2025-10-01,FC-Central,Metro Post,1,1,0,0,0,0.0,3.0,3.0,5.07,0.00,5.07,171.31,-27.48,0.00
2026-03-08,2026-03-01,FC-South,Regional Freight,5,3,2,1,5,1.0,3.8,2.8,25.44,9.98,15.46,807.38,214.48,380.52
2026-05-02,2026-05-01,FC-Central,Swiftline,3,3,0,0,0,0.0,2.333,2.0,36.28,0.00,36.28,777.22,254.79,0.00
2026-05-06,2026-05-01,FC-North,Swiftline,2,2,0,0,0,0.0,2.0,2.0,9.23,0.00,9.23,309.15,131.43,0.00
2025-11-03,2025-11-01,FC-Central,Regional Freight,2,2,0,0,0,0.0,2.0,1.0,5.34,4.99,0.35,328.03,181.33,0.00
2026-02-12,2026-02-01,FC-Central,Metro Post,2,1,1,0,1,0.5,4.0,3.0,10.12,0.00,10.12,353.07,74.1,90.74
2025-11-12,2025-11-01,FC-North,Metro Post,4,3,1,0,1,0.25,3.5,3.25,16.27,4.99,11.28,370.10,147.29,20.71
2025-11-13,2025-11-01,FC-Central,Metro Post,1,1,0,0,0,0.0,4.0,4.0,11.40,0.00,11.40,173.58,52.11,0.00
2025-12-25,2025-12-01,FC-Central,Swiftline,3,3,0,0,0,0.0,2.667,2.333,19.50,4.99,14.51,689.10,182.31,0.00
2026-05-08,2026-05-01,FC-North,Swiftline,5,5,0,0,0,0.0,2.2,2.2,38.71,4.99,33.72,993.56,408.83,0.00
2026-06-22,2026-06-01,FC-North,Swiftline,1,0,1,0,1,1.0,3.0,1.0,9.81,0.00,9.81,144.56,40.06,144.56
2025-11-21,2025-11-01,FC-Central,Swiftline,1,0,1,1,3,3.0,5.0,5.0,6.44,0.00,6.44,115.46,6.26,115.46
2025-11-19,2025-11-01,FC-Central,Metro Post,3,2,1,1,4,1.333,4.333,4.333,26.46,0.00,26.46,660.38,-124.16,429.21
2025-11-23,2025-11-01,FC-Central,Metro Post,1,1,0,0,0,0.0,1.0,1.0,4.81,0.00,4.81,422.65,33.08,0.00
2025-11-26,2025-11-01,FC-North,Swiftline,3,2,1,0,1,0.333,3.0,2.333,24.53,0.00,24.53,942.94,3.56,210.72
2026-01-03,2026-01-01,FC-North,Regional Freight,2,2,0,0,0,0.0,2.0,2.0,5.86,0.00,5.86,260.78,52.26,0.00
2025-11-25,2025-11-01,FC-South,Swiftline,1,1,0,0,0,0.0,4.0,4.0,4.19,0.00,4.19,56.91,31.72,0.00
2025-11-26,2025-11-01,FC-Central,Metro Post,1,1,0,0,0,0.0,1.0,1.0,3.55,4.99,-1.44,24.16,8.93,0.00
2025-11-28,2025-11-01,FC-North,Metro Post,1,1,0,0,0,0.0,3.0,3.0,6.34,0.00,6.34,793.70,-6.34,0.00
2026-04-24,2026-04-01,FC-South,Swiftline,4,3,1,1,6,1.5,4.5,4.0,25.09,0.00,25.09,1048.77,123.76,95.15
2026-04-06,2026-04-01,FC-South,Swiftline,2,2,0,0,0,0.0,3.0,2.5,13.81,0.00,13.81,344.93,155.12,0.00
2026-02-07,2026-02-01,FC-South,Regional Freight,2,2,0,0,0,0.0,2.0,2.0,8.56,4.99,3.57,374.58,101.04,0.00
2025-12-12,2025-12-01,FC-North,Regional Freight,2,2,0,0,0,0.0,2.5,2.0,12.47,0.00,12.47,835.19,236.69,0.00
2026-03-19,2026-03-01,FC-Central,Swiftline,2,1,1,0,2,1.0,5.0,4.5,27.61,0.00,27.61,761.28,223.34,165.68
2026-06-28,2026-06-01,FC-North,Metro Post,2,1,1,0,1,0.5,4.5,4.0,9.46,0.00,9.46,445.12,100.44,318.52
2026-01-09,2026-01-01,FC-North,Swiftline,3,3,0,0,0,0.0,3.667,2.667,24.53,0.00,24.53,987.66,80.4,0.00
2026-01-27,2026-01-01,FC-North,Metro Post,2,2,0,0,0,0.0,3.5,2.5,41.97,0.00,41.97,863.36,194.71,0.00
2026-02-13,2026-02-01,FC-North,Swiftline,4,4,0,0,0,0.0,4.25,3.75,46.25,0.00,46.25,1679.12,346.54,0.00
2026-01-14,2026-01-01,FC-North,Swiftline,2,2,0,0,0,0.0,2.0,1.5,20.20,0.00,20.20,770.61,92.01,0.00
2026-02-27,2026-02-01,FC-South,Regional Freight,5,2,3,3,12,2.4,5.8,5.6,16.32,4.99,11.33,642.35,149.86,479.72
2026-05-02,2026-05-01,FC-North,Metro Post,1,1,0,0,0,0.0,2.0,1.0,7.58,0.00,7.58,517.13,117.57,0.00
2026-06-02,2026-06-01,FC-Central,Swiftline,1,1,0,0,0,0.0,2.0,1.0,4.06,0.00,4.06,103.71,61.62,0.00
2026-03-09,2026-03-01,FC-North,Regional Freight,1,1,0,0,0,0.0,4.0,3.0,3.34,0.00,3.34,271.50,70.66,0.00
2026-05-25,2026-05-01,FC-South,Regional Freight,2,2,0,0,0,0.0,2.5,2.0,5.19,4.99,0.20,207.46,67.9,0.00
2026-04-24,2026-04-01,FC-North,Metro Post,3,3,0,0,0,0.0,4.0,3.667,25.67,0.00,25.67,1337.96,609.42,0.00
2026-01-06,2026-01-01,FC-South,Metro Post,2,1,1,1,3,1.5,4.5,4.5,16.51,0.00,16.51,1606.76,184.13,896.36
2026-02-06,2026-02-01,FC-North,Metro Post,2,2,0,0,0,0.0,2.5,2.0,6.15,0.00,6.15,170.86,102.52,0.00
2026-01-24,2026-01-01,FC-North,Regional Freight,1,1,0,0,0,0.0,3.0,3.0,2.61,0.00,2.61,71.63,16.36,0.00
2026-01-25,2026-01-01,FC-South,Regional Freight,2,2,0,0,0,0.0,3.0,2.5,5.15,0.00,5.15,198.39,34.15,0.00
2026-03-04,2026-03-01,FC-Central,Metro Post,3,3,0,0,0,0.0,3.0,2.667,14.85,0.00,14.85,598.20,240.3,0.00
2026-04-29,2026-04-01,FC-North,Swiftline,1,1,0,0,0,0.0,5.0,5.0,8.52,4.99,3.53,26.40,7.7,0.00
2026-02-08,2026-02-01,FC-South,Regional Freight,2,2,0,0,0,0.0,4.5,4.5,14.26,0.00,14.26,638.09,111.01,0.00
2026-03-29,2026-03-01,FC-South,Regional Freight,5,4,1,0,2,0.4,3.2,2.8,24.82,0.00,24.82,1093.96,473.95,584.65
2026-05-29,2026-05-01,FC-North,Swiftline,2,2,0,0,0,0.0,3.0,2.5,12.39,0.00,12.39,460.44,95.28,0.00
2026-05-12,2026-05-01,FC-North,Regional Freight,1,1,0,0,0,0.0,2.0,1.0,7.22,0.00,7.22,97.95,33.42,0.00
2026-05-07,2026-05-01,FC-Central,Metro Post,2,0,2,2,12,6.0,10.0,9.0,10.10,0.00,10.10,350.27,116.22,350.27
2026-02-26,2026-02-01,FC-North,Swiftline,1,1,0,0,0,0.0,3.0,2.0,3.86,4.99,-1.13,44.67,27.93,0.00
2026-06-10,2026-06-01,FC-North,Swiftline,2,2,0,0,0,0.0,2.5,1.5,28.09,0.00,28.09,1206.26,-89.74,0.00
2026-04-28,2026-04-01,FC-South,Swiftline,1,1,0,0,0,0.0,4.0,4.0,13.47,0.00,13.47,75.88,6.75,0.00
2026-02-28,2026-02-01,FC-South,Swiftline,4,4,0,0,0,0.0,2.5,2.5,22.43,0.00,22.43,694.41,236.57,0.00
2026-03-01,2026-03-01,FC-South,Metro Post,1,1,0,0,0,0.0,2.0,1.0,9.23,0.00,9.23,716.22,216.63,0.00
2026-03-03,2026-03-01,FC-North,Metro Post,1,1,0,0,0,0.0,5.0,4.0,4.56,0.00,4.56,112.02,18.41,0.00
2026-03-17,2026-03-01,FC-Central,Regional Freight,1,1,0,0,0,0.0,3.0,2.0,2.27,4.99,-2.72,44.67,2.72,0.00
2026-03-20,2026-03-01,FC-Central,Regional Freight,2,2,0,0,0,0.0,3.5,3.5,10.72,0.00,10.72,326.20,163.35,0.00
2026-03-28,2026-03-01,FC-North,Regional Freight,1,1,0,0,0,0.0,2.0,2.0,3.48,0.00,3.48,119.27,26.74,0.00
2026-05-03,2026-05-01,FC-Central,Regional Freight,2,1,1,1,4,2.0,4.5,4.0,5.07,0.00,5.07,367.59,134.05,180.73
2026-03-30,2026-03-01,FC-North,Swiftline,4,4,0,0,0,0.0,2.5,2.25,27.89,0.00,27.89,1125.86,342.85,0.00
2026-04-06,2026-04-01,FC-North,Metro Post,1,1,0,0,0,0.0,3.0,1.0,3.32,0.00,3.32,50.33,-27.96,0.00
2026-04-29,2026-04-01,FC-South,Metro Post,3,3,0,0,0,0.0,3.667,3.0,23.30,0.00,23.30,589.58,134.81,0.00
2026-05-22,2026-05-01,FC-Central,Metro Post,1,1,0,0,0,0.0,3.0,3.0,3.48,0.00,3.48,166.84,78.06,0.00
2026-04-17,2026-04-01,FC-North,Metro Post,2,1,1,0,2,1.0,4.0,4.0,17.39,0.00,17.39,620.55,312.38,509.70
2026-06-29,2026-06-01,FC-North,Regional Freight,1,1,0,0,0,0.0,4.0,4.0,2.75,0.00,2.75,104.54,37.63,0.00
2026-05-26,2026-05-01,FC-North,Metro Post,4,4,0,0,0,0.0,2.75,2.5,40.67,0.00,40.67,1208.06,327.89,0.00
2026-05-31,2026-05-01,FC-South,Swiftline,2,2,0,0,0,0.0,1.5,1.0,16.20,0.00,16.20,401.71,118.78,0.00
2026-06-18,2026-06-01,FC-North,Swiftline,1,1,0,0,0,0.0,3.0,3.0,3.96,4.99,-1.03,39.36,26.47,0.00
2024-01-03,2024-01-01,FC-Central,Regional Freight,1,1,0,0,0,0.0,5.0,5.0,20.34,0.00,20.34,370.28,99.64,0.00
2024-01-05,2024-01-01,FC-South,Regional Freight,1,1,0,0,0,0.0,3.0,1.0,2.79,0.00,2.79,224.45,76.47,0.00
2024-04-21,2024-04-01,FC-Central,Regional Freight,1,1,0,0,0,0.0,4.0,3.0,4.51,0.00,4.51,213.09,114.32,0.00
2024-01-06,2024-01-01,FC-Central,Metro Post,1,1,0,0,0,0.0,4.0,4.0,3.35,0.00,3.35,91.70,56.71,0.00
2024-03-26,2024-03-01,FC-South,Swiftline,1,1,0,0,0,0.0,3.0,3.0,8.34,0.00,8.34,204.68,101.63,0.00
2024-10-12,2024-10-01,FC-North,Swiftline,2,2,0,0,0,0.0,2.5,2.5,13.76,0.00,13.76,598.14,318.04,0.00
2024-01-15,2024-01-01,FC-South,Regional Freight,1,1,0,0,0,0.0,2.0,1.0,2.35,0.00,2.35,62.01,33.33,0.00
2024-04-26,2024-04-01,FC-Central,Swiftline,2,1,1,0,1,0.5,3.5,2.0,24.97,0.00,24.97,1259.61,364.46,446.83
2024-01-13,2024-01-01,FC-North,Swiftline,1,1,0,0,0,0.0,5.0,5.0,19.83,0.00,19.83,1230.74,-13.84,0.00
2024-09-18,2024-09-01,FC-Central,Swiftline,3,3,0,0,0,0.0,2.0,1.667,39.66,0.00,39.66,2153.37,234.09,0.00
2024-10-20,2024-10-01,FC-Central,Metro Post,2,2,0,0,0,0.0,3.0,1.0,10.87,0.00,10.87,433.96,73.08,0.00
2024-01-14,2024-01-01,FC-South,Regional Freight,1,0,1,0,1,1.0,3.0,1.0,3.55,0.00,3.55,175.58,8.62,175.58
2024-01-18,2024-01-01,FC-Central,Regional Freight,2,2,0,0,0,0.0,4.0,3.0,6.44,0.00,6.44,295.17,-22.64,0.00
2024-01-26,2024-01-01,FC-South,Metro Post,2,2,0,0,0,0.0,2.5,2.0,13.94,0.00,13.94,505.92,114.73,0.00
2024-06-09,2024-06-01,FC-South,Metro Post,2,1,1,0,2,1.0,4.0,3.5,17.83,0.00,17.83,163.01,3.61,62.54
2024-08-16,2024-08-01,FC-South,Swiftline,2,2,0,0,0,0.0,4.5,4.0,26.76,0.00,26.76,897.82,385.6,0.00
2024-01-25,2024-01-01,FC-South,Swiftline,1,1,0,0,0,0.0,5.0,5.0,6.64,0.00,6.64,214.72,20.05,0.00
2025-04-02,2025-04-01,FC-Central,Metro Post,1,0,1,1,3,3.0,6.0,6.0,3.88,0.00,3.88,325.37,30.61,325.37
2024-04-26,2024-04-01,FC-North,Metro Post,1,1,0,0,0,0.0,2.0,2.0,7.05,0.00,7.05,514.45,223.24,0.00
2024-04-07,2024-04-01,FC-South,Regional Freight,3,2,1,0,2,0.667,3.0,2.667,15.49,0.00,15.49,667.26,267.09,283.47
2024-02-02,2024-02-01,FC-Central,Metro Post,2,2,0,0,0,0.0,2.5,2.0,27.20,0.00,27.20,1019.73,344.32,0.00
2024-08-13,2024-08-01,FC-South,Metro Post,1,1,0,0,0,0.0,2.0,1.0,9.97,0.00,9.97,134.40,45.8,0.00
2024-03-31,2024-03-01,FC-South,Swiftline,2,2,0,0,0,0.0,4.0,3.0,13.08,4.99,8.09,560.58,121.65,0.00
2024-02-09,2024-02-01,FC-Central,Metro Post,1,1,0,0,0,0.0,4.0,2.0,4.09,0.00,4.09,260.47,0.3,0.00
2024-03-08,2024-03-01,FC-South,Swiftline,1,1,0,0,0,0.0,2.0,2.0,4.31,0.00,4.31,109.21,68.42,0.00
2024-02-18,2024-02-01,FC-North,Swiftline,2,2,0,0,0,0.0,4.0,4.0,17.97,4.99,12.98,408.41,160.54,0.00
2024-02-15,2024-02-01,FC-South,Metro Post,1,0,1,0,2,2.0,4.0,4.0,12.96,0.00,12.96,1353.96,116.03,1353.96
2024-02-17,2024-02-01,FC-Central,Metro Post,1,1,0,0,0,0.0,1.0,1.0,3.11,0.00,3.11,199.94,111.87,0.00
2024-02-16,2024-02-01,FC-North,Metro Post,2,2,0,0,0,0.0,3.5,3.5,10.61,0.00,10.61,398.77,50.5,0.00
2024-02-19,2024-02-01,FC-South,Swiftline,2,2,0,0,0,0.0,3.0,3.0,14.87,0.00,14.87,547.65,179.73,0.00
2024-02-25,2024-02-01,FC-Central,Regional Freight,1,0,1,0,1,1.0,3.0,1.0,3.16,0.00,3.16,109.07,54.5,109.07
2024-11-11,2024-11-01,FC-Central,Metro Post,2,2,0,0,0,0.0,3.5,3.5,7.28,0.00,7.28,127.60,46.09,0.00
2024-10-20,2024-10-01,FC-South,Metro Post,3,3,0,0,0,0.0,2.0,1.333,17.02,0.00,17.02,1147.18,521.84,0.00
2024-03-06,2024-03-01,FC-South,Regional Freight,1,1,0,0,0,0.0,5.0,4.0,5.76,0.00,5.76,361.56,-181.33,0.00
2024-03-04,2024-03-01,FC-South,Swiftline,1,1,0,0,0,0.0,4.0,4.0,18.97,0.00,18.97,153.54,44.28,0.00
2024-03-11,2024-03-01,FC-North,Regional Freight,1,1,0,0,0,0.0,4.0,3.0,7.79,0.00,7.79,212.19,-95.93,0.00
2024-05-30,2024-05-01,FC-Central,Swiftline,2,2,0,0,0,0.0,3.0,2.0,16.36,4.99,11.37,190.48,83.46,0.00
2024-03-15,2024-03-01,FC-Central,Regional Freight,1,1,0,0,0,0.0,1.0,1.0,8.76,0.00,8.76,279.04,94.09,0.00
2024-07-21,2024-07-01,FC-South,Swiftline,2,2,0,0,0,0.0,2.5,2.5,31.30,0.00,31.30,1679.40,383.0,0.00
2024-07-12,2024-07-01,FC-Central,Regional Freight,2,2,0,0,0,0.0,4.0,3.0,5.15,4.99,0.16,161.38,101.76,0.00
2024-05-17,2024-05-01,FC-South,Regional Freight,1,0,1,0,1,1.0,4.0,3.0,6.67,0.00,6.67,444.54,-19.86,444.54
2024-07-01,2024-07-01,FC-North,Regional Freight,1,1,0,0,0,0.0,1.0,1.0,2.78,0.00,2.78,190.75,-26.05,0.00
2024-03-28,2024-03-01,FC-South,Regional Freight,1,1,0,0,0,0.0,3.0,3.0,3.62,0.00,3.62,68.52,25.02,0.00
2024-06-09,2024-06-01,FC-North,Metro Post,1,1,0,0,0,0.0,3.0,2.0,3.31,4.99,-1.68,15.93,6.23,0.00
2024-07-24,2024-07-01,FC-Central,Swiftline,3,3,0,0,0,0.0,2.0,1.333,26.78,4.99,21.79,1609.79,215.86,0.00
2024-06-01,2024-06-01,FC-North,Swiftline,1,1,0,0,0,0.0,1.0,1.0,16.02,0.00,16.02,168.73,46.02,0.00
2024-04-07,2024-04-01,FC-North,Metro Post,1,1,0,0,0,0.0,3.0,3.0,3.41,0.00,3.41,48.42,23.28,0.00
2024-08-24,2024-08-01,FC-Central,Swiftline,2,2,0,0,0,0.0,3.0,3.0,43.06,0.00,43.06,689.82,96.86,0.00
2024-04-11,2024-04-01,FC-Central,Metro Post,1,1,0,0,0,0.0,4.0,3.0,5.10,0.00,5.10,592.60,346.66,0.00
2024-04-18,2024-04-01,FC-South,Regional Freight,2,1,1,0,1,0.5,3.0,3.0,9.39,0.00,9.39,746.31,275.19,125.23
2024-04-20,2024-04-01,FC-South,Metro Post,1,1,0,0,0,0.0,5.0,5.0,6.20,0.00,6.20,532.18,110.13,0.00
2024-04-20,2024-04-01,FC-North,Swiftline,1,1,0,0,0,0.0,5.0,5.0,19.07,0.00,19.07,669.49,105.62,0.00
2024-04-22,2024-04-01,FC-Central,Metro Post,1,0,1,1,3,3.0,6.0,5.0,3.39,0.00,3.39,69.48,16.86,69.48
2024-06-29,2024-06-01,FC-North,Swiftline,2,2,0,0,0,0.0,4.0,3.5,12.83,4.99,7.84,131.51,58.94,0.00
2024-04-27,2024-04-01,FC-South,Swiftline,1,1,0,0,0,0.0,4.0,4.0,10.14,0.00,10.14,208.78,78.59,0.00
2024-09-10,2024-09-01,FC-Central,Swiftline,2,2,0,0,0,0.0,3.5,3.0,24.79,0.00,24.79,935.37,-25.43,0.00
2024-05-03,2024-05-01,FC-Central,Swiftline,2,2,0,0,0,0.0,3.5,3.0,19.21,0.00,19.21,1852.36,453.22,0.00
2025-06-09,2025-06-01,FC-Central,Regional Freight,1,1,0,0,0,0.0,1.0,1.0,3.93,0.00,3.93,386.68,51.26,0.00
2024-05-02,2024-05-01,FC-South,Regional Freight,1,0,1,0,1,1.0,4.0,3.0,9.83,0.00,9.83,548.88,242.49,548.88
2024-06-22,2024-06-01,FC-South,Swiftline,1,1,0,0,0,0.0,2.0,2.0,5.59,0.00,5.59,207.51,98.95,0.00
2024-05-07,2024-05-01,FC-Central,Regional Freight,1,1,0,0,0,0.0,5.0,5.0,2.61,0.00,2.61,124.02,68.75,0.00
2024-12-31,2024-12-01,FC-North,Metro Post,2,2,0,0,0,0.0,2.0,2.0,8.24,0.00,8.24,125.38,50.59,0.00
2024-11-11,2024-11-01,FC-North,Swiftline,4,4,0,0,0,0.0,3.5,3.0,32.65,0.00,32.65,519.66,-16.44,0.00
2024-05-11,2024-05-01,FC-South,Metro Post,2,1,1,1,3,1.5,5.5,5.0,11.87,4.99,6.88,221.80,79.68,205.51
2024-06-29,2024-06-01,FC-South,Metro Post,1,1,0,0,0,0.0,3.0,2.0,26.39,0.00,26.39,658.28,64.39,0.00
2024-05-19,2024-05-01,FC-South,Swiftline,2,2,0,0,0,0.0,1.5,1.5,26.45,0.00,26.45,1120.33,-77.25,0.00
2024-05-16,2024-05-01,FC-North,Metro Post,1,1,0,0,0,0.0,4.0,4.0,3.72,0.00,3.72,134.46,-3.72,0.00
2024-05-18,2024-05-01,FC-North,Regional Freight,1,1,0,0,0,0.0,4.0,4.0,17.59,0.00,17.59,779.10,210.13,0.00
2024-05-18,2024-05-01,FC-South,Regional Freight,1,1,0,0,0,0.0,2.0,2.0,3.28,0.00,3.28,245.35,150.84,0.00
2024-05-20,2024-05-01,FC-South,Swiftline,1,1,0,0,0,0.0,2.0,1.0,3.97,0.00,3.97,78.53,34.37,0.00
2024-05-19,2024-05-01,FC-North,Regional Freight,1,1,0,0,0,0.0,3.0,2.0,12.47,0.00,12.47,340.97,33.43,0.00
2024-05-27,2024-05-01,FC-South,Swiftline,2,2,0,0,0,0.0,3.0,2.5,12.21,0.00,12.21,286.27,84.72,0.00
2024-06-03,2024-06-01,FC-Central,Metro Post,2,1,1,1,4,2.0,4.5,4.5,8.46,0.00,8.46,326.43,133.7,66.69
2024-11-14,2024-11-01,FC-South,Regional Freight,3,3,0,0,0,0.0,3.0,2.333,7.94,0.00,7.94,319.04,143.01,0.00
2024-06-03,2024-06-01,FC-South,Metro Post,2,2,0,0,0,0.0,4.0,4.0,7.43,4.99,2.44,465.19,99.46,0.00
2025-02-02,2025-02-01,FC-Central,Metro Post,4,4,0,0,0,0.0,4.0,4.0,26.65,0.00,26.65,1492.43,498.35,0.00
2024-06-07,2024-06-01,FC-Central,Regional Freight,1,1,0,0,0,0.0,5.0,4.0,3.65,0.00,3.65,640.26,73.12,0.00
2024-06-08,2024-06-01,FC-Central,Regional Freight,1,1,0,0,0,0.0,4.0,3.0,6.60,0.00,6.60,268.57,57.73,0.00
2026-05-23,2026-05-01,FC-North,Swiftline,2,2,0,0,0,0.0,2.5,2.0,17.02,0.00,17.02,402.68,115.39,0.00
2024-08-13,2024-08-01,FC-Central,Regional Freight,2,2,0,0,0,0.0,3.0,2.5,8.59,0.00,8.59,595.77,266.16,0.00
2024-06-16,2024-06-01,FC-Central,Swiftline,2,2,0,0,0,0.0,2.0,2.0,16.39,0.00,16.39,400.42,8.19,0.00
2024-06-19,2024-06-01,FC-Central,Swiftline,3,3,0,0,0,0.0,2.667,2.667,28.77,0.00,28.77,365.79,85.22,0.00
2024-06-17,2024-06-01,FC-Central,Metro Post,3,1,2,0,4,1.333,4.333,3.667,11.97,0.00,11.97,343.75,147.54,235.29
2025-06-14,2025-06-01,FC-North,Swiftline,3,3,0,0,0,0.0,3.333,3.0,13.90,0.00,13.90,221.09,44.42,0.00
2025-03-05,2025-03-01,FC-North,Metro Post,1,1,0,0,0,0.0,1.0,1.0,12.17,0.00,12.17,1126.86,155.55,0.00
2025-02-07,2025-02-01,FC-Central,Metro Post,2,2,0,0,0,0.0,1.5,1.5,10.76,0.00,10.76,441.98,153.83,0.00
2024-06-23,2024-06-01,FC-Central,Swiftline,1,1,0,0,0,0.0,3.0,2.0,8.80,0.00,8.80,311.65,155.52,0.00
2024-06-26,2024-06-01,FC-Central,Metro Post,3,3,0,0,0,0.0,2.333,2.333,10.52,4.99,5.53,236.57,128.5,0.00
2024-06-23,2024-06-01,FC-North,Regional Freight,1,1,0,0,0,0.0,1.0,1.0,11.43,0.00,11.43,821.13,164.6,0.00
2024-12-03,2024-12-01,FC-Central,Swiftline,1,1,0,0,0,0.0,3.0,2.0,4.42,0.00,4.42,67.74,18.55,0.00
2025-02-13,2025-02-01,FC-South,Metro Post,3,3,0,0,0,0.0,3.333,3.0,28.12,0.00,28.12,1030.93,392.22,0.00
2024-06-27,2024-06-01,FC-South,Metro Post,1,1,0,0,0,0.0,4.0,4.0,6.75,0.00,6.75,175.32,-6.75,0.00
2024-10-28,2024-10-01,FC-South,Metro Post,1,1,0,0,0,0.0,3.0,2.0,6.81,0.00,6.81,425.20,52.46,0.00
2024-09-30,2024-09-01,FC-South,Metro Post,6,5,1,0,1,0.167,3.833,3.167,48.50,0.00,48.50,2165.79,681.26,81.19
2024-10-25,2024-10-01,FC-South,Metro Post,2,2,0,0,0,0.0,2.5,2.0,15.82,0.00,15.82,887.14,246.31,0.00
2024-10-19,2024-10-01,FC-South,Metro Post,5,5,0,0,0,0.0,3.8,3.0,47.94,4.99,42.95,1192.89,358.42,0.00
2024-09-10,2024-09-01,FC-South,Regional Freight,4,3,1,1,3,0.75,4.5,4.25,23.26,4.99,18.27,903.79,299.27,287.28
2024-12-10,2024-12-01,FC-North,Regional Freight,3,3,0,0,0,0.0,3.667,2.667,10.21,4.99,5.22,482.50,269.78,0.00
2024-10-02,2024-10-01,FC-South,Swiftline,1,1,0,0,0,0.0,5.0,5.0,36.21,0.00,36.21,298.59,110.39,0.00
2024-07-16,2024-07-01,FC-North,Swiftline,2,1,1,1,9,4.5,7.0,6.0,26.06,0.00,26.06,449.21,52.4,207.80
2024-09-06,2024-09-01,FC-Central,Regional Freight,1,1,0,0,0,0.0,2.0,1.0,2.38,4.99,-2.61,27.43,18.17,0.00
2024-10-10,2024-10-01,FC-North,Regional Freight,2,1,1,0,2,1.0,3.5,3.0,11.05,0.00,11.05,474.49,174.76,95.77
2024-07-20,2024-07-01,FC-South,Metro Post,3,1,2,1,7,2.333,4.667,4.333,25.28,0.00,25.28,682.08,48.48,555.48
2024-09-12,2024-09-01,FC-Central,Swiftline,3,3,0,0,0,0.0,2.667,2.667,27.11,4.99,22.12,1226.77,260.21,0.00
2024-12-20,2024-12-01,FC-South,Metro Post,3,0,3,1,5,1.667,6.333,6.333,33.64,4.99,28.65,785.00,18.44,785.00
2025-01-04,2025-01-01,FC-Central,Metro Post,3,3,0,0,0,0.0,3.333,2.667,15.67,4.99,10.68,270.33,116.23,0.00
2025-04-21,2025-04-01,FC-Central,Regional Freight,2,2,0,0,0,0.0,3.5,2.0,11.65,0.00,11.65,717.58,354.04,0.00
2024-10-03,2024-10-01,FC-Central,Metro Post,2,2,0,0,0,0.0,2.0,1.5,16.80,0.00,16.80,749.36,150.81,0.00
2024-07-27,2024-07-01,FC-Central,Regional Freight,1,1,0,0,0,0.0,2.0,1.0,3.88,0.00,3.88,336.12,149.18,0.00
2024-08-11,2024-08-01,FC-South,Swiftline,1,1,0,0,0,0.0,4.0,3.0,3.79,0.00,3.79,99.97,53.7,0.00
2024-07-29,2024-07-01,FC-Central,Metro Post,2,2,0,0,0,0.0,4.5,4.5,11.09,0.00,11.09,801.57,111.31,0.00
2024-08-03,2024-08-01,FC-Central,Swiftline,2,2,0,0,0,0.0,3.0,2.5,20.07,0.00,20.07,1460.86,282.33,0.00
2025-01-19,2025-01-01,FC-Central,Regional Freight,2,2,0,0,0,0.0,2.5,2.5,7.53,0.00,7.53,346.79,141.15,0.00
2024-08-09,2024-08-01,FC-South,Regional Freight,3,3,0,0,0,0.0,2.667,2.667,11.15,0.00,11.15,707.87,222.24,0.00
2025-06-26,2025-06-01,FC-South,Swiftline,4,4,0,0,0,0.0,1.5,1.5,54.66,0.00,54.66,1012.19,136.25,0.00
2024-12-06,2024-12-01,FC-Central,Metro Post,4,2,2,1,8,2.0,4.75,4.5,23.26,4.99,18.27,509.86,183.51,120.73
2024-08-18,2024-08-01,FC-South,Swiftline,2,2,0,0,0,0.0,2.0,1.5,12.27,0.00,12.27,515.02,223.88,0.00
2024-11-10,2024-11-01,FC-South,Swiftline,4,4,0,0,0,0.0,2.25,2.0,40.03,4.99,35.04,909.16,241.07,0.00
2025-06-29,2025-06-01,FC-Central,Swiftline,3,3,0,0,0,0.0,2.333,2.0,23.49,9.98,13.51,293.12,134.15,0.00
2024-08-26,2024-08-01,FC-North,Regional Freight,1,1,0,0,0,0.0,5.0,5.0,5.97,0.00,5.97,479.51,164.98,0.00
2025-01-02,2025-01-01,FC-Central,Swiftline,3,3,0,0,0,0.0,2.667,2.667,46.48,0.00,46.48,1114.42,309.33,0.00
2024-08-30,2024-08-01,FC-North,Swiftline,3,3,0,0,0,0.0,2.0,1.0,21.06,0.00,21.06,749.78,312.41,0.00
2024-10-24,2024-10-01,FC-South,Metro Post,2,1,1,0,1,0.5,4.5,4.5,9.58,4.99,4.59,178.16,84.9,22.27
2024-08-31,2024-08-01,FC-South,Regional Freight,1,0,1,0,1,1.0,5.0,3.0,2.83,0.00,2.83,70.10,26.92,70.10
2024-11-30,2024-11-01,FC-Central,Metro Post,2,2,0,0,0,0.0,3.5,2.5,8.98,0.00,8.98,365.62,214.53,0.00
2025-03-18,2025-03-01,FC-Central,Metro Post,3,1,2,0,2,0.667,4.333,3.0,13.68,4.99,8.69,265.37,88.75,139.14
2024-09-05,2024-09-01,FC-North,Swiftline,1,1,0,0,0,0.0,5.0,4.0,12.21,0.00,12.21,410.33,83.34,0.00
2025-05-27,2025-05-01,FC-Central,Swiftline,3,3,0,0,0,0.0,2.333,2.0,20.96,0.00,20.96,972.70,225.0,0.00
2025-04-26,2025-04-01,FC-North,Swiftline,3,3,0,0,0,0.0,2.667,2.0,31.21,0.00,31.21,709.52,295.59,0.00
2024-11-18,2024-11-01,FC-Central,Metro Post,1,1,0,0,0,0.0,3.0,3.0,12.91,0.00,12.91,153.08,43.74,0.00
2024-09-18,2024-09-01,FC-North,Regional Freight,1,1,0,0,0,0.0,3.0,3.0,17.66,0.00,17.66,943.15,311.26,0.00
2025-03-16,2025-03-01,FC-Central,Metro Post,3,3,0,0,0,0.0,2.667,2.333,18.31,0.00,18.31,780.93,89.0,0.00
2024-12-05,2024-12-01,FC-Central,Metro Post,4,4,0,0,0,0.0,3.5,3.5,20.15,4.99,15.16,1084.84,347.74,0.00
2024-12-05,2024-12-01,FC-South,Swiftline,2,1,1,0,1,0.5,5.0,4.5,47.19,0.00,47.19,451.26,131.2,363.57
2024-12-11,2024-12-01,FC-North,Swiftline,4,4,0,0,0,0.0,2.0,1.75,28.52,4.99,23.53,864.50,222.08,0.00
2024-09-26,2024-09-01,FC-South,Swiftline,2,2,0,0,0,0.0,3.5,3.5,8.37,0.00,8.37,187.01,-38.48,0.00
2024-09-28,2024-09-01,FC-Central,Metro Post,3,3,0,0,0,0.0,4.667,4.667,18.72,0.00,18.72,791.81,189.62,0.00
2024-10-16,2024-10-01,FC-North,Swiftline,1,1,0,0,0,0.0,5.0,5.0,5.23,0.00,5.23,219.54,58.64,0.00
2025-06-03,2025-06-01,FC-North,Metro Post,1,1,0,0,0,0.0,3.0,3.0,10.01,0.00,10.01,155.79,66.88,0.00
2025-03-07,2025-03-01,FC-Central,Metro Post,3,3,0,0,0,0.0,2.333,1.667,15.37,0.00,15.37,696.29,185.22,0.00
2024-10-05,2024-10-01,FC-Central,Regional Freight,1,1,0,0,0,0.0,4.0,3.0,7.59,0.00,7.59,491.50,228.55,0.00
2024-10-07,2024-10-01,FC-South,Swiftline,1,1,0,0,0,0.0,5.0,5.0,5.15,0.00,5.15,133.36,55.13,0.00
2025-06-19,2025-06-01,FC-North,Swiftline,3,3,0,0,0,0.0,3.667,3.0,17.10,4.99,12.11,482.12,161.64,0.00
2024-10-09,2024-10-01,FC-South,Metro Post,1,0,1,0,2,2.0,4.0,4.0,8.53,0.00,8.53,597.38,27.63,597.38
2025-03-22,2025-03-01,FC-South,Swiftline,2,2,0,0,0,0.0,3.0,3.0,18.78,0.00,18.78,635.70,138.75,0.00
2025-04-22,2025-04-01,FC-South,Metro Post,1,1,0,0,0,0.0,5.0,5.0,3.46,0.00,3.46,194.65,115.67,0.00
2025-07-13,2025-07-01,FC-Central,Swiftline,3,3,0,0,0,0.0,2.333,2.0,18.18,0.00,18.18,1035.94,233.91,0.00
2025-04-02,2025-04-01,FC-South,Swiftline,1,1,0,0,0,0.0,4.0,3.0,4.40,0.00,4.40,75.77,40.14,0.00
2025-07-28,2025-07-01,FC-South,Metro Post,4,4,0,0,0,0.0,4.25,3.75,24.89,4.99,19.90,1187.85,403.67,0.00
2025-07-13,2025-07-01,FC-North,Regional Freight,3,3,0,0,0,0.0,3.0,3.0,21.17,0.00,21.17,1484.47,363.92,0.00
2024-10-27,2024-10-01,FC-North,Metro Post,2,2,0,0,0,0.0,3.0,2.0,18.96,0.00,18.96,1100.68,103.47,0.00
2025-05-31,2025-05-01,FC-Central,Swiftline,3,3,0,0,0,0.0,1.667,1.333,12.54,4.99,7.55,122.13,58.94,0.00
2024-10-31,2024-10-01,FC-Central,Metro Post,1,1,0,0,0,0.0,4.0,4.0,13.65,0.00,13.65,735.56,141.52,0.00
2024-12-17,2024-12-01,FC-Central,Regional Freight,2,1,1,0,2,1.0,3.5,2.5,7.93,0.00,7.93,554.55,109.91,317.59
2026-02-08,2026-02-01,FC-North,Metro Post,1,1,0,0,0,0.0,4.0,3.0,4.79,0.00,4.79,196.04,64.11,0.00
2024-11-02,2024-11-01,FC-Central,Swiftline,1,0,1,0,2,2.0,5.0,3.0,49.66,0.00,49.66,808.27,24.67,808.27
2024-11-04,2024-11-01,FC-Central,Metro Post,1,1,0,0,0,0.0,1.0,1.0,6.80,0.00,6.80,990.27,441.76,0.00
2025-01-11,2025-01-01,FC-Central,Regional Freight,2,2,0,0,0,0.0,2.0,2.0,12.03,0.00,12.03,1125.90,117.74,0.00
2025-02-07,2025-02-01,FC-South,Regional Freight,4,4,0,0,0,0.0,2.5,1.75,27.24,4.99,22.25,1365.87,328.72,0.00
2025-03-19,2025-03-01,FC-North,Swiftline,3,3,0,0,0,0.0,3.0,2.333,31.47,0.00,31.47,1456.30,183.88,0.00
2025-01-08,2025-01-01,FC-South,Regional Freight,2,2,0,0,0,0.0,3.5,3.0,15.03,0.00,15.03,602.81,203.61,0.00
2025-03-26,2025-03-01,FC-Central,Metro Post,2,2,0,0,0,0.0,3.5,3.5,7.75,0.00,7.75,293.63,73.82,0.00
2024-11-11,2024-11-01,FC-South,Swiftline,1,1,0,0,0,0.0,3.0,3.0,10.19,0.00,10.19,235.91,92.71,0.00
2024-12-14,2024-12-01,FC-Central,Metro Post,1,1,0,0,0,0.0,5.0,5.0,8.60,0.00,8.60,308.83,129.19,0.00
2025-02-24,2025-02-01,FC-Central,Regional Freight,2,2,0,0,0,0.0,3.0,2.5,6.22,0.00,6.22,321.18,134.0,0.00
2025-03-24,2025-03-01,FC-Central,Swiftline,4,4,0,0,0,0.0,2.75,2.5,36.68,0.00,36.68,1277.16,500.28,0.00
2024-11-14,2024-11-01,FC-Central,Swiftline,1,1,0,0,0,0.0,4.0,3.0,5.95,0.00,5.95,247.52,-155.16,0.00
2025-02-26,2025-02-01,FC-Central,Swiftline,1,1,0,0,0,0.0,2.0,2.0,12.27,0.00,12.27,540.54,89.25,0.00
2025-04-09,2025-04-01,FC-South,Swiftline,1,1,0,0,0,0.0,3.0,2.0,12.87,0.00,12.87,389.25,129.68,0.00
2024-11-23,2024-11-01,FC-South,Metro Post,2,1,1,0,1,0.5,3.5,3.0,40.11,0.00,40.11,2120.09,474.61,2037.46
2025-08-01,2025-08-01,FC-South,Swiftline,4,4,0,0,0,0.0,3.25,3.0,34.85,0.00,34.85,894.96,313.3,0.00
2025-09-14,2025-09-01,FC-North,Swiftline,3,3,0,0,0,0.0,2.667,2.0,17.26,0.00,17.26,595.17,251.39,0.00
2025-05-18,2025-05-01,FC-South,Regional Freight,7,5,2,1,4,0.571,3.857,3.571,77.57,4.99,72.58,2222.92,191.93,1153.58
2024-11-27,2024-11-01,FC-South,Regional Freight,2,1,1,1,4,2.0,3.5,3.5,11.18,0.00,11.18,359.30,114.22,165.21
2024-12-02,2024-12-01,FC-South,Swiftline,2,2,0,0,0,0.0,4.0,3.0,15.41,0.00,15.41,274.75,58.27,0.00
2024-12-04,2024-12-01,FC-Central,Regional Freight,2,2,0,0,0,0.0,3.5,3.0,14.63,0.00,14.63,805.63,160.33,0.00
2025-12-01,2025-12-01,FC-South,Regional Freight,5,2,3,1,5,1.0,4.8,4.0,44.38,0.00,44.38,844.19,177.07,675.38
2024-12-07,2024-12-01,FC-North,Regional Freight,1,1,0,0,0,0.0,3.0,3.0,2.69,4.99,-2.30,36.53,22.16,0.00
2024-12-11,2024-12-01,FC-Central,Metro Post,1,0,1,0,1,1.0,3.0,3.0,12.84,0.00,12.84,278.17,88.99,278.17
2024-12-12,2024-12-01,FC-South,Swiftline,1,1,0,0,0,0.0,3.0,3.0,4.16,0.00,4.16,75.30,40.3,0.00
2025-05-23,2025-05-01,FC-South,Metro Post,5,4,1,1,9,1.8,4.8,4.6,30.50,0.00,30.50,1454.88,125.63,420.94
2025-01-11,2025-01-01,FC-North,Swiftline,4,4,0,0,0,0.0,2.75,2.25,29.49,0.00,29.49,1046.75,268.58,0.00
2025-04-24,2025-04-01,FC-South,Metro Post,2,1,1,1,3,1.5,5.5,5.5,43.50,4.99,38.51,470.01,60.76,440.69
2025-12-15,2025-12-01,FC-North,Swiftline,4,4,0,0,0,0.0,3.25,3.0,24.24,4.99,19.25,999.39,306.76,0.00
2024-12-23,2024-12-01,FC-South,Swiftline,2,1,1,0,2,1.0,5.0,5.0,14.03,0.00,14.03,521.95,212.7,404.19
2025-01-31,2025-01-01,FC-Central,Swiftline,3,3,0,0,0,0.0,3.0,2.333,21.08,0.00,21.08,201.30,-51.16,0.00
2025-04-11,2025-04-01,FC-Central,Swiftline,2,2,0,0,0,0.0,2.0,2.0,9.58,4.99,4.59,360.16,91.74,0.00
2024-12-27,2024-12-01,FC-North,Regional Freight,1,1,0,0,0,0.0,4.0,4.0,11.63,0.00,11.63,439.74,98.54,0.00
2025-03-22,2025-03-01,FC-Central,Swiftline,5,5,0,0,0,0.0,3.8,3.6,39.41,4.99,34.42,878.45,333.6,0.00
2025-04-18,2025-04-01,FC-South,Regional Freight,4,3,1,0,1,0.25,3.25,2.75,22.44,0.00,22.44,1283.02,362.39,526.47
2025-02-27,2025-02-01,FC-South,Regional Freight,4,3,1,1,6,1.5,3.75,3.5,18.81,0.00,18.81,862.12,287.62,78.72
2025-03-09,2025-03-01,FC-Central,Metro Post,1,1,0,0,0,0.0,3.0,2.0,5.19,0.00,5.19,164.80,54.94,0.00
2025-04-27,2025-04-01,FC-South,Metro Post,3,3,0,0,0,0.0,3.0,2.333,11.18,4.99,6.19,300.50,168.74,0.00
2025-01-05,2025-01-01,FC-Central,Swiftline,2,2,0,0,0,0.0,3.5,2.5,16.70,0.00,16.70,1030.05,247.95,0.00
2025-02-11,2025-02-01,FC-Central,Swiftline,2,1,1,0,1,0.5,3.5,3.0,15.36,0.00,15.36,545.98,39.68,100.06
2025-03-15,2025-03-01,FC-Central,Metro Post,3,3,0,0,0,0.0,3.333,3.333,26.29,0.00,26.29,591.47,210.54,0.00
2025-03-21,2025-03-01,FC-South,Metro Post,1,1,0,0,0,0.0,2.0,1.0,5.56,0.00,5.56,430.79,101.72,0.00
2025-08-03,2025-08-01,FC-South,Regional Freight,6,5,1,1,6,1.0,3.5,3.167,31.87,4.99,26.88,1600.22,600.19,645.93
2025-10-20,2025-10-01,FC-Central,Metro Post,3,3,0,0,0,0.0,3.0,2.667,16.27,0.00,16.27,626.99,189.9,0.00
2026-04-22,2026-04-01,FC-South,Swiftline,3,3,0,0,0,0.0,2.333,1.333,12.51,0.00,12.51,188.17,98.31,0.00
2025-01-23,2025-01-01,FC-Central,Metro Post,1,0,1,0,1,1.0,3.0,1.0,6.36,0.00,6.36,393.89,-6.36,393.89
2025-01-24,2025-01-01,FC-North,Metro Post,1,1,0,0,0,0.0,5.0,5.0,3.49,0.00,3.49,131.49,81.08,0.00
2025-01-25,2025-01-01,FC-North,Metro Post,1,1,0,0,0,0.0,3.0,1.0,4.12,0.00,4.12,70.56,-7.61,0.00
2025-02-13,2025-02-01,FC-North,Metro Post,1,1,0,0,0,0.0,4.0,4.0,3.67,0.00,3.67,66.97,25.5,0.00
2025-01-28,2025-01-01,FC-South,Regional Freight,2,2,0,0,0,0.0,3.5,2.0,19.63,0.00,19.63,1069.41,283.71,0.00
2025-11-26,2025-11-01,FC-South,Metro Post,6,5,1,0,1,0.167,3.0,2.5,60.43,0.00,60.43,3108.72,629.62,1356.89
2025-09-20,2025-09-01,FC-South,Regional Freight,5,3,2,1,5,1.0,4.6,4.4,21.33,0.00,21.33,976.30,173.04,451.02
2025-08-12,2025-08-01,FC-South,Regional Freight,2,1,1,0,2,1.0,4.0,3.5,10.67,0.00,10.67,632.68,-59.57,386.04
2025-02-03,2025-02-01,FC-Central,Metro Post,2,2,0,0,0,0.0,3.0,3.0,31.72,0.00,31.72,674.47,197.35,0.00
2025-03-20,2025-03-01,FC-North,Swiftline,1,1,0,0,0,0.0,4.0,3.0,5.49,0.00,5.49,246.57,120.43,0.00
2025-02-17,2025-02-01,FC-South,Metro Post,1,1,0,0,0,0.0,3.0,3.0,3.59,0.00,3.59,166.85,64.51,0.00
2025-02-23,2025-02-01,FC-North,Regional Freight,1,0,1,0,1,1.0,6.0,6.0,4.04,0.00,4.04,198.83,99.34,198.83
2026-03-22,2026-03-01,FC-South,Regional Freight,6,4,2,0,3,0.5,4.0,3.833,21.50,9.98,11.52,1430.80,582.61,1097.08
2025-03-19,2025-03-01,FC-Central,Metro Post,4,4,0,0,0,0.0,2.25,1.75,50.64,4.99,45.65,787.94,296.39,0.00
2025-03-01,2025-03-01,FC-Central,Regional Freight,1,1,0,0,0,0.0,2.0,1.0,5.38,0.00,5.38,290.67,42.13,0.00
2025-02-28,2025-02-01,FC-South,Swiftline,1,1,0,0,0,0.0,5.0,5.0,5.66,0.00,5.66,245.09,122.47,0.00
2025-09-22,2025-09-01,FC-South,Metro Post,2,2,0,0,0,0.0,2.0,1.5,6.45,4.99,1.46,179.65,107.36,0.00
2025-03-05,2025-03-01,FC-Central,Swiftline,1,1,0,0,0,0.0,3.0,2.0,10.48,0.00,10.48,81.58,-2.02,0.00
2025-03-08,2025-03-01,FC-North,Regional Freight,1,1,0,0,0,0.0,2.0,1.0,2.32,0.00,2.32,91.72,29.97,0.00
2025-03-16,2025-03-01,FC-South,Swiftline,2,2,0,0,0,0.0,2.0,1.5,16.51,0.00,16.51,383.39,128.75,0.00
2025-12-22,2025-12-01,FC-South,Regional Freight,7,2,5,3,19,2.714,5.714,5.429,38.27,4.99,33.28,2491.19,771.15,1851.03
2026-02-02,2026-02-01,FC-South,Metro Post,6,5,1,1,3,0.5,3.5,3.0,44.89,0.00,44.89,1701.56,434.38,200.57
2025-03-21,2025-03-01,FC-North,Swiftline,1,1,0,0,0,0.0,4.0,4.0,3.97,0.00,3.97,63.39,33.64,0.00
2025-03-26,2025-03-01,FC-North,Metro Post,1,1,0,0,0,0.0,4.0,3.0,5.47,0.00,5.47,398.56,226.31,0.00
2025-05-22,2025-05-01,FC-Central,Metro Post,3,3,0,0,0,0.0,3.667,3.333,29.96,0.00,29.96,699.77,288.63,0.00
2025-06-24,2025-06-01,FC-South,Regional Freight,2,2,0,0,0,0.0,2.0,2.0,8.30,0.00,8.30,805.62,135.07,0.00
2026-03-27,2026-03-01,FC-South,Regional Freight,6,4,2,1,5,0.833,3.5,2.833,30.98,4.99,25.99,971.81,182.62,145.13
2025-04-06,2025-04-01,FC-Central,Metro Post,4,3,1,1,3,0.75,4.5,4.0,17.74,4.99,12.75,603.25,134.34,123.64
2025-05-28,2025-05-01,FC-North,Swiftline,3,3,0,0,0,0.0,3.333,2.667,26.26,9.98,16.28,467.34,114.81,0.00
2025-08-10,2025-08-01,FC-North,Swiftline,1,1,0,0,0,0.0,3.0,3.0,8.17,0.00,8.17,336.46,151.01,0.00
2025-07-01,2025-07-01,FC-North,Regional Freight,1,1,0,0,0,0.0,4.0,4.0,2.90,0.00,2.90,260.86,41.35,0.00
2025-06-28,2025-06-01,FC-North,Regional Freight,2,2,0,0,0,0.0,2.0,2.0,17.15,0.00,17.15,723.98,26.74,0.00
2025-09-24,2025-09-01,FC-North,Swiftline,5,5,0,0,0,0.0,3.0,2.2,35.94,4.99,30.95,1714.44,535.31,0.00
2025-09-07,2025-09-01,FC-North,Regional Freight,1,1,0,0,0,0.0,5.0,5.0,4.36,0.00,4.36,309.49,107.79,0.00
2025-04-14,2025-04-01,FC-Central,Swiftline,1,1,0,0,0,0.0,1.0,1.0,26.02,0.00,26.02,1091.39,72.95,0.00
2025-06-04,2025-06-01,FC-South,Regional Freight,1,1,0,0,0,0.0,3.0,2.0,3.40,0.00,3.40,159.26,66.68,0.00
2025-04-24,2025-04-01,FC-Central,Metro Post,1,1,0,0,0,0.0,3.0,3.0,14.90,0.00,14.90,540.00,98.04,0.00
2025-07-23,2025-07-01,FC-Central,Swiftline,4,4,0,0,0,0.0,2.5,2.0,25.83,9.98,15.85,340.91,74.8,0.00
2025-07-04,2025-07-01,FC-South,Regional Freight,2,2,0,0,0,0.0,2.5,1.5,7.24,4.99,2.25,473.92,55.57,0.00
2025-04-28,2025-04-01,FC-North,Metro Post,1,1,0,0,0,0.0,1.0,1.0,3.53,0.00,3.53,350.82,205.63,0.00
2025-09-29,2025-09-01,FC-South,Regional Freight,3,2,1,0,1,0.333,4.667,4.0,8.43,0.00,8.43,578.67,258.46,382.21
2025-04-30,2025-04-01,FC-North,Swiftline,1,1,0,0,0,0.0,4.0,4.0,7.14,0.00,7.14,79.95,21.95,0.00
2025-07-08,2025-07-01,FC-South,Swiftline,1,1,0,0,0,0.0,3.0,2.0,22.35,0.00,22.35,410.17,143.14,0.00
2025-07-27,2025-07-01,FC-Central,Swiftline,2,2,0,0,0,0.0,3.0,2.5,22.30,0.00,22.30,647.01,215.31,0.00
2025-05-12,2025-05-01,FC-North,Regional Freight,1,1,0,0,0,0.0,4.0,3.0,8.88,0.00,8.88,201.80,10.92,0.00
2025-05-16,2025-05-01,FC-Central,Regional Freight,1,1,0,0,0,0.0,3.0,2.0,2.24,0.00,2.24,65.82,40.27,0.00
2025-05-14,2025-05-01,FC-North,Swiftline,1,1,0,0,0,0.0,2.0,2.0,29.14,0.00,29.14,564.64,59.86,0.00
2026-02-11,2026-02-01,FC-South,Metro Post,9,8,1,0,2,0.222,2.667,2.333,80.01,9.98,70.03,3164.59,388.72,564.67
2025-05-18,2025-05-01,FC-Central,Swiftline,4,4,0,0,0,0.0,2.75,2.25,49.50,4.99,44.51,2007.09,494.72,0.00
2025-05-18,2025-05-01,FC-North,Swiftline,1,1,0,0,0,0.0,4.0,4.0,5.21,0.00,5.21,359.76,109.76,0.00
2025-05-22,2025-05-01,FC-South,Metro Post,3,3,0,0,0,0.0,2.333,1.333,12.65,4.99,7.66,565.91,259.46,0.00
2025-08-07,2025-08-01,FC-Central,Metro Post,2,2,0,0,0,0.0,2.5,2.5,8.03,4.99,3.04,124.10,29.62,0.00
2025-05-22,2025-05-01,FC-North,Regional Freight,1,1,0,0,0,0.0,4.0,4.0,11.14,0.00,11.14,446.34,156.76,0.00
2025-05-21,2025-05-01,FC-North,Metro Post,1,1,0,0,0,0.0,1.0,1.0,18.63,0.00,18.63,181.86,52.41,0.00
2025-09-23,2025-09-01,FC-North,Swiftline,4,4,0,0,0,0.0,3.25,2.5,24.22,9.98,14.24,246.84,51.11,0.00
2026-01-08,2026-01-01,FC-Central,Swiftline,2,2,0,0,0,0.0,2.0,2.0,10.51,0.00,10.51,194.07,78.0,0.00
2025-05-24,2025-05-01,FC-Central,Regional Freight,1,1,0,0,0,0.0,5.0,5.0,3.38,0.00,3.38,109.11,58.87,0.00
2026-01-25,2026-01-01,FC-Central,Metro Post,4,3,1,0,1,0.25,3.0,2.75,30.70,4.99,25.71,1947.50,15.57,311.02
2025-06-02,2025-06-01,FC-North,Swiftline,1,1,0,0,0,0.0,3.0,3.0,7.73,0.00,7.73,1344.54,121.87,0.00
2026-04-21,2026-04-01,FC-South,Swiftline,2,2,0,0,0,0.0,3.5,2.5,14.28,0.00,14.28,191.12,94.19,0.00
2025-06-08,2025-06-01,FC-North,Swiftline,1,1,0,0,0,0.0,2.0,2.0,23.29,0.00,23.29,1360.17,-694.44,0.00
2025-06-07,2025-06-01,FC-Central,Metro Post,1,1,0,0,0,0.0,4.0,4.0,6.41,0.00,6.41,466.62,244.5,0.00
2025-06-10,2025-06-01,FC-Central,Metro Post,1,0,1,1,4,4.0,7.0,7.0,5.67,0.00,5.67,241.99,96.38,241.99
2025-06-10,2025-06-01,FC-South,Swiftline,1,0,1,0,1,1.0,4.0,4.0,3.72,0.00,3.72,66.12,32.83,66.12
2026-03-30,2026-03-01,FC-Central,Swiftline,3,3,0,0,0,0.0,2.667,1.0,30.27,0.00,30.27,894.00,343.31,0.00
2025-06-11,2025-06-01,FC-South,Regional Freight,1,1,0,0,0,0.0,1.0,1.0,2.50,0.00,2.50,71.58,31.27,0.00
2025-09-25,2025-09-01,FC-South,Regional Freight,7,5,2,1,4,0.571,3.429,3.143,64.27,0.00,64.27,2653.77,845.09,1182.17
2025-11-08,2025-11-01,FC-South,Metro Post,3,3,0,0,0,0.0,2.333,1.667,25.54,4.99,20.55,476.23,-34.63,0.00
2025-09-08,2025-09-01,FC-South,Metro Post,1,1,0,0,0,0.0,4.0,3.0,4.65,0.00,4.65,324.76,186.76,0.00
2025-07-21,2025-07-01,FC-North,Metro Post,1,1,0,0,0,0.0,2.0,1.0,3.07,0.00,3.07,73.72,39.49,0.00
2025-08-06,2025-08-01,FC-South,Metro Post,2,2,0,0,0,0.0,2.5,1.5,22.87,0.00,22.87,977.67,380.8,0.00
2025-10-17,2025-10-01,FC-South,Regional Freight,6,5,1,0,1,0.167,3.167,2.833,25.35,0.00,25.35,1161.35,299.7,136.12
2026-02-19,2026-02-01,FC-Central,Regional Freight,3,3,0,0,0,0.0,3.333,2.333,25.00,0.00,25.00,894.60,321.65,0.00
2025-06-21,2025-06-01,FC-Central,Swiftline,3,3,0,0,0,0.0,3.0,3.0,26.27,0.00,26.27,1613.85,389.43,0.00
2025-10-02,2025-10-01,FC-South,Regional Freight,3,2,1,1,6,2.0,5.0,4.333,14.23,0.00,14.23,757.95,104.73,396.85
2025-08-09,2025-08-01,FC-South,Metro Post,3,3,0,0,0,0.0,2.667,2.667,15.63,0.00,15.63,361.88,134.47,0.00
2025-10-04,2025-10-01,FC-Central,Metro Post,4,4,0,0,0,0.0,3.25,2.75,27.80,0.00,27.80,1204.24,194.37,0.00
2026-01-03,2026-01-01,FC-Central,Swiftline,3,2,1,1,4,1.333,4.667,3.667,20.82,0.00,20.82,285.51,69.58,185.00
2025-06-29,2025-06-01,FC-North,Metro Post,2,2,0,0,0,0.0,3.0,2.5,11.65,0.00,11.65,727.26,392.5,0.00
2026-01-16,2026-01-01,FC-Central,Metro Post,2,1,1,0,1,0.5,3.5,3.0,10.98,0.00,10.98,590.59,303.77,67.15
2026-01-05,2026-01-01,FC-South,Swiftline,3,3,0,0,0,0.0,2.0,1.667,22.44,0.00,22.44,1025.79,128.87,0.00
2026-02-03,2026-02-01,FC-North,Swiftline,5,3,2,1,4,0.8,4.8,4.2,37.60,0.00,37.60,1275.59,248.76,289.65
2025-07-06,2025-07-01,FC-South,Regional Freight,1,0,1,0,2,2.0,6.0,6.0,3.70,0.00,3.70,332.81,29.64,332.81
2026-01-15,2026-01-01,FC-Central,Swiftline,2,2,0,0,0,0.0,3.5,3.0,9.41,0.00,9.41,321.63,169.39,0.00
2025-09-09,2025-09-01,FC-North,Swiftline,5,5,0,0,0,0.0,2.8,2.6,32.89,0.00,32.89,875.44,287.57,0.00
2025-08-11,2025-08-01,FC-Central,Metro Post,3,3,0,0,0,0.0,3.333,3.0,42.84,0.00,42.84,2064.67,264.98,0.00
2025-10-26,2025-10-01,FC-Central,Swiftline,1,1,0,0,0,0.0,2.0,1.0,8.14,0.00,8.14,564.36,99.27,0.00
2025-08-04,2025-08-01,FC-North,Swiftline,2,2,0,0,0,0.0,3.5,2.5,15.92,0.00,15.92,594.28,115.29,0.00
2025-07-18,2025-07-01,FC-South,Swiftline,1,1,0,0,0,0.0,3.0,1.0,3.80,4.99,-1.19,17.16,12.3,0.00
2025-07-21,2025-07-01,FC-Central,Swiftline,1,1,0,0,0,0.0,4.0,4.0,8.73,0.00,8.73,189.90,76.02,0.00
2025-10-06,2025-10-01,FC-South,Regional Freight,4,1,3,1,5,1.25,4.5,4.5,17.90,0.00,17.90,566.77,119.21,400.64
2026-02-14,2026-02-01,FC-South,Regional Freight,6,6,0,0,0,0.0,2.5,2.333,30.19,4.99,25.20,3350.87,1091.0,0.00
2025-09-06,2025-09-01,FC-South,Regional Freight,6,4,2,0,2,0.333,3.167,2.667,43.49,4.99,38.50,1680.77,597.22,79.51
2025-07-29,2025-07-01,FC-North,Metro Post,2,2,0,0,0,0.0,3.5,3.5,25.03,0.00,25.03,880.90,335.4,0.00
2026-03-19,2026-03-01,FC-South,Metro Post,3,2,1,1,6,2.0,4.333,4.0,18.27,4.99,13.28,602.88,239.23,512.93
2025-10-06,2025-10-01,FC-North,Regional Freight,2,2,0,0,0,0.0,4.0,4.0,8.13,0.00,8.13,530.74,273.88,0.00
2026-02-25,2026-02-01,FC-Central,Metro Post,2,2,0,0,0,0.0,2.5,2.0,7.64,0.00,7.64,562.81,301.12,0.00
2026-06-26,2026-06-01,FC-South,Metro Post,1,0,1,0,1,1.0,4.0,4.0,5.61,0.00,5.61,293.85,82.33,293.85
2026-05-15,2026-05-01,FC-Central,Swiftline,4,4,0,0,0,0.0,3.25,3.0,37.40,0.00,37.40,2124.71,420.26,0.00
2025-10-11,2025-10-01,FC-Central,Regional Freight,1,1,0,0,0,0.0,2.0,2.0,2.59,0.00,2.59,64.55,37.93,0.00
2026-02-25,2026-02-01,FC-North,Metro Post,2,2,0,0,0,0.0,2.5,2.0,18.77,0.00,18.77,610.15,162.28,0.00
2025-12-11,2025-12-01,FC-North,Swiftline,3,3,0,0,0,0.0,2.667,2.333,19.10,0.00,19.10,500.92,98.59,0.00
2025-12-10,2025-12-01,FC-South,Regional Freight,6,4,2,2,7,1.167,4.167,4.0,27.06,0.00,27.06,1287.33,-48.44,175.91
2025-08-28,2025-08-01,FC-Central,Swiftline,3,3,0,0,0,0.0,3.333,3.0,24.63,0.00,24.63,463.60,56.07,0.00
2025-08-31,2025-08-01,FC-Central,Regional Freight,1,1,0,0,0,0.0,3.0,3.0,2.53,4.99,-2.46,43.11,13.93,0.00
2025-09-01,2025-09-01,FC-Central,Metro Post,1,1,0,0,0,0.0,4.0,4.0,3.51,0.00,3.51,128.17,76.87,0.00
2025-12-27,2025-12-01,FC-Central,Regional Freight,4,2,2,1,10,2.5,5.5,5.0,15.30,0.00,15.30,557.62,179.08,263.51
2025-12-15,2025-12-01,FC-South,Swiftline,2,0,2,0,3,1.5,5.0,5.0,8.84,0.00,8.84,381.02,208.51,381.02
2026-03-12,2026-03-01,FC-South,Regional Freight,3,1,2,1,4,1.333,5.333,4.333,10.58,0.00,10.58,734.61,103.72,139.24
2025-09-07,2025-09-01,FC-South,Metro Post,2,2,0,0,0,0.0,3.5,3.5,7.79,0.00,7.79,204.27,76.22,0.00
2026-02-16,2026-02-01,FC-Central,Swiftline,2,1,1,1,9,4.5,8.0,7.0,20.22,0.00,20.22,542.84,163.53,388.05
2025-10-10,2025-10-01,FC-Central,Swiftline,4,4,0,0,0,0.0,2.5,2.5,57.91,0.00,57.91,1023.67,320.66,0.00
2025-12-29,2025-12-01,FC-North,Swiftline,6,6,0,0,0,0.0,2.5,2.333,57.24,9.98,47.26,2334.75,-31.16,0.00
2025-09-19,2025-09-01,FC-North,Regional Freight,1,1,0,0,0,0.0,2.0,1.0,2.58,0.00,2.58,50.38,26.07,0.00
2025-09-17,2025-09-01,FC-Central,Swiftline,1,1,0,0,0,0.0,4.0,4.0,4.06,0.00,4.06,96.80,54.71,0.00
2025-09-17,2025-09-01,FC-South,Swiftline,1,1,0,0,0,0.0,4.0,4.0,5.96,0.00,5.96,107.23,27.8,0.00
2025-09-20,2025-09-01,FC-North,Swiftline,1,1,0,0,0,0.0,3.0,2.0,4.32,4.99,-0.67,28.54,15.23,0.00
2026-06-06,2026-06-01,FC-South,Swiftline,2,2,0,0,0,0.0,2.0,1.5,19.91,0.00,19.91,882.39,170.56,0.00
2025-10-29,2025-10-01,FC-North,Metro Post,2,1,1,1,4,2.0,6.0,5.0,10.34,0.00,10.34,695.37,308.26,128.59
2025-10-25,2025-10-01,FC-Central,Regional Freight,3,3,0,0,0,0.0,2.667,1.333,21.03,0.00,21.03,667.79,35.13,0.00
2025-10-03,2025-10-01,FC-Central,Regional Freight,2,2,0,0,0,0.0,3.5,2.5,32.99,4.99,28.00,882.34,191.16,0.00
2025-12-13,2025-12-01,FC-North,Swiftline,2,2,0,0,0,0.0,2.5,2.5,21.38,4.99,16.39,433.84,114.32,0.00
2026-03-13,2026-03-01,FC-North,Swiftline,5,5,0,0,0,0.0,3.6,3.2,74.45,4.99,69.46,1967.94,168.21,0.00
2025-10-07,2025-10-01,FC-South,Metro Post,1,1,0,0,0,0.0,4.0,4.0,7.33,0.00,7.33,222.75,81.2,0.00
2025-11-06,2025-11-01,FC-North,Swiftline,6,6,0,0,0,0.0,3.0,3.0,60.31,4.99,55.32,1754.14,380.37,0.00
2026-06-07,2026-06-01,FC-South,Metro Post,1,1,0,0,0,0.0,4.0,4.0,14.08,0.00,14.08,604.93,5.23,0.00
2026-02-24,2026-02-01,FC-Central,Regional Freight,3,2,1,0,2,0.667,4.0,3.333,15.57,0.00,15.57,550.50,195.15,233.47
2026-03-07,2026-03-01,FC-Central,Swiftline,4,3,1,1,3,0.75,3.75,3.0,48.48,0.00,48.48,1453.20,372.68,162.47
2025-10-16,2025-10-01,FC-South,Regional Freight,1,1,0,0,0,0.0,3.0,1.0,2.49,0.00,2.49,118.74,63.81,0.00
2025-12-14,2025-12-01,FC-Central,Swiftline,3,3,0,0,0,0.0,3.333,3.333,20.16,4.99,15.17,798.46,382.82,0.00
2025-10-24,2025-10-01,FC-South,Swiftline,3,3,0,0,0,0.0,3.0,2.667,37.79,0.00,37.79,500.72,82.44,0.00
2026-03-05,2026-03-01,FC-North,Swiftline,2,1,1,0,1,0.5,4.0,3.0,10.59,0.00,10.59,606.93,338.3,272.93
2025-10-26,2025-10-01,FC-North,Metro Post,1,1,0,0,0,0.0,2.0,2.0,3.38,0.00,3.38,112.53,11.13,0.00
2026-06-19,2026-06-01,FC-North,Swiftline,2,2,0,0,0,0.0,3.5,3.5,11.58,0.00,11.58,327.31,51.8,0.00
2025-10-26,2025-10-01,FC-South,Metro Post,1,1,0,0,0,0.0,2.0,2.0,4.00,4.99,-0.99,40.33,0.99,0.00
2025-10-28,2025-10-01,FC-Central,Regional Freight,1,1,0,0,0,0.0,2.0,2.0,5.48,0.00,5.48,157.75,-34.0,0.00
2025-12-03,2025-12-01,FC-North,Swiftline,3,2,1,0,1,0.333,1.667,1.0,22.51,0.00,22.51,690.10,214.04,273.07
2026-06-06,2026-06-01,FC-Central,Regional Freight,2,2,0,0,0,0.0,3.0,2.5,16.56,0.00,16.56,933.98,318.5,0.00
2025-10-30,2025-10-01,FC-Central,Regional Freight,1,1,0,0,0,0.0,4.0,4.0,2.56,0.00,2.56,65.52,33.6,0.00
2026-01-15,2026-01-01,FC-North,Swiftline,2,2,0,0,0,0.0,3.5,3.0,20.40,0.00,20.40,587.19,239.63,0.00
2025-11-05,2025-11-01,FC-North,Metro Post,2,2,0,0,0,0.0,2.5,2.5,23.12,0.00,23.12,336.59,81.57,0.00
2025-11-02,2025-11-01,FC-Central,Metro Post,2,2,0,0,0,0.0,3.5,3.5,13.88,0.00,13.88,197.45,82.05,0.00
2025-12-12,2025-12-01,FC-Central,Metro Post,4,3,1,1,4,1.0,2.75,2.5,31.69,0.00,31.69,1182.69,367.47,285.28
2026-03-04,2026-03-01,FC-South,Regional Freight,3,1,2,0,4,1.333,4.333,4.0,18.64,4.99,13.65,600.26,-108.01,589.07
2025-12-30,2025-12-01,FC-North,Regional Freight,2,2,0,0,0,0.0,4.0,3.5,19.09,0.00,19.09,858.94,351.67,0.00
2025-11-17,2025-11-01,FC-North,Metro Post,2,1,1,0,1,0.5,4.0,3.0,9.98,0.00,9.98,567.71,113.81,408.22
2026-02-09,2026-02-01,FC-Central,Metro Post,2,1,1,0,2,1.0,4.5,4.0,22.18,0.00,22.18,1417.02,425.18,1137.61
2025-11-18,2025-11-01,FC-South,Metro Post,2,2,0,0,0,0.0,2.5,2.5,18.81,0.00,18.81,551.34,71.09,0.00
2025-11-18,2025-11-01,FC-Central,Swiftline,1,1,0,0,0,0.0,3.0,3.0,3.93,4.99,-1.06,33.17,-30.1,0.00
2025-11-21,2025-11-01,FC-North,Regional Freight,1,0,1,0,1,1.0,5.0,4.0,10.15,0.00,10.15,606.73,106.54,606.73
2025-11-22,2025-11-01,FC-Central,Swiftline,3,2,1,1,3,1.0,4.0,4.0,21.43,0.00,21.43,861.11,392.03,437.85
2025-11-27,2025-11-01,FC-North,Regional Freight,3,2,1,0,1,0.333,4.0,3.667,20.32,0.00,20.32,776.83,133.5,259.40
2025-11-28,2025-11-01,FC-South,Swiftline,1,1,0,0,0,0.0,5.0,5.0,18.08,0.00,18.08,255.02,107.15,0.00
2026-01-09,2026-01-01,FC-South,Regional Freight,1,1,0,0,0,0.0,4.0,4.0,6.73,0.00,6.73,157.93,71.39,0.00
2025-12-01,2025-12-01,FC-North,Regional Freight,1,1,0,0,0,0.0,1.0,1.0,2.22,0.00,2.22,99.97,-2.22,0.00
2026-06-25,2026-06-01,FC-South,Regional Freight,2,2,0,0,0,0.0,2.5,1.5,7.55,0.00,7.55,199.57,56.5,0.00
2026-05-28,2026-05-01,FC-South,Swiftline,4,3,1,0,1,0.25,3.25,2.75,23.47,4.99,18.48,347.02,114.54,132.05
2026-02-17,2026-02-01,FC-South,Swiftline,2,2,0,0,0,0.0,3.0,2.5,16.69,0.00,16.69,713.39,92.44,0.00
2025-12-20,2025-12-01,FC-North,Regional Freight,3,3,0,0,0,0.0,2.333,2.333,11.05,0.00,11.05,1260.62,-45.68,0.00
2026-03-23,2026-03-01,FC-Central,Regional Freight,2,2,0,0,0,0.0,2.5,1.5,9.93,0.00,9.93,147.72,57.18,0.00
2026-06-01,2026-06-01,FC-Central,Swiftline,4,3,1,0,1,0.25,4.75,3.75,25.41,4.99,20.42,297.33,131.74,44.92
2026-01-19,2026-01-01,FC-South,Swiftline,3,3,0,0,0,0.0,2.0,1.333,17.18,0.00,17.18,407.69,195.03,0.00
2026-04-25,2026-04-01,FC-North,Swiftline,2,2,0,0,0,0.0,4.0,3.0,8.19,0.00,8.19,168.38,40.61,0.00
2026-01-02,2026-01-01,FC-Central,Regional Freight,1,0,1,1,9,9.0,13.0,13.0,10.49,0.00,10.49,708.73,92.26,708.73
2026-01-05,2026-01-01,FC-Central,Metro Post,1,1,0,0,0,0.0,3.0,3.0,13.12,0.00,13.12,57.20,14.21,0.00
2026-03-02,2026-03-01,FC-South,Swiftline,2,1,1,0,1,0.5,2.5,1.0,18.53,0.00,18.53,221.19,79.56,135.84
2026-03-28,2026-03-01,FC-South,Swiftline,5,5,0,0,0,0.0,2.2,2.0,46.31,0.00,46.31,1553.77,302.54,0.00
2026-03-26,2026-03-01,FC-North,Metro Post,4,4,0,0,0,0.0,3.25,2.25,31.41,0.00,31.41,1033.46,394.24,0.00
2026-01-17,2026-01-01,FC-South,Swiftline,2,2,0,0,0,0.0,2.5,1.0,14.21,0.00,14.21,439.84,121.96,0.00
2026-02-25,2026-02-01,FC-South,Metro Post,1,1,0,0,0,0.0,1.0,1.0,4.05,0.00,4.05,126.51,74.4,0.00
2026-01-20,2026-01-01,FC-Central,Metro Post,2,1,1,1,3,1.5,4.0,3.0,13.49,0.00,13.49,817.83,312.53,579.46
2026-01-29,2026-01-01,FC-Central,Swiftline,1,1,0,0,0,0.0,3.0,2.0,10.21,0.00,10.21,54.16,12.38,0.00
2026-02-10,2026-02-01,FC-Central,Metro Post,1,0,1,0,2,2.0,5.0,5.0,4.00,0.00,4.00,59.52,26.01,59.52
2026-02-11,2026-02-01,FC-Central,Regional Freight,1,1,0,0,0,0.0,2.0,2.0,19.79,0.00,19.79,639.68,178.74,0.00
2026-03-14,2026-03-01,FC-South,Swiftline,4,3,1,1,4,1.0,4.25,4.0,32.34,0.00,32.34,1114.25,220.17,245.88
2026-02-22,2026-02-01,FC-Central,Metro Post,3,3,0,0,0,0.0,3.0,2.667,28.23,0.00,28.23,857.30,130.14,0.00
2026-06-16,2026-06-01,FC-Central,Metro Post,1,1,0,0,0,0.0,3.0,3.0,2.93,4.99,-2.06,18.13,13.6,0.00
2026-03-20,2026-03-01,FC-North,Swiftline,2,2,0,0,0,0.0,3.5,3.0,40.67,0.00,40.67,1482.02,-1115.5,0.00
2026-06-09,2026-06-01,FC-Central,Regional Freight,1,1,0,0,0,0.0,2.0,2.0,19.52,0.00,19.52,312.51,70.9,0.00
2026-03-05,2026-03-01,FC-South,Metro Post,3,3,0,0,0,0.0,2.667,2.667,48.13,0.00,48.13,1275.42,445.84,0.00
2026-03-31,2026-03-01,FC-North,Swiftline,4,4,0,0,0,0.0,3.5,3.5,27.89,0.00,27.89,950.17,403.37,0.00
2026-03-19,2026-03-01,FC-North,Regional Freight,1,1,0,0,0,0.0,2.0,1.0,2.53,0.00,2.53,116.64,63.5,0.00
2026-03-22,2026-03-01,FC-Central,Metro Post,3,3,0,0,0,0.0,3.667,2.667,14.37,0.00,14.37,371.89,191.87,0.00
2026-03-30,2026-03-01,FC-South,Swiftline,2,1,1,0,1,0.5,2.5,2.5,16.61,4.99,11.62,1147.96,296.38,24.12
2026-06-03,2026-06-01,FC-North,Swiftline,1,1,0,0,0,0.0,4.0,4.0,9.95,0.00,9.95,150.36,51.55,0.00
2026-04-05,2026-04-01,FC-South,Regional Freight,1,1,0,0,0,0.0,3.0,3.0,8.01,0.00,8.01,198.43,78.58,0.00
2026-06-05,2026-06-01,FC-North,Swiftline,1,1,0,0,0,0.0,3.0,3.0,3.89,0.00,3.89,50.39,23.4,0.00
2026-06-14,2026-06-01,FC-South,Regional Freight,1,1,0,0,0,0.0,4.0,4.0,2.46,0.00,2.46,67.23,40.78,0.00
2026-04-21,2026-04-01,FC-North,Regional Freight,1,1,0,0,0,0.0,3.0,3.0,4.77,0.00,4.77,189.31,32.96,0.00
2026-04-30,2026-04-01,FC-South,Metro Post,2,1,1,0,1,0.5,3.5,2.5,21.04,0.00,21.04,748.88,199.86,68.52
2026-04-30,2026-04-01,FC-Central,Metro Post,1,1,0,0,0,0.0,3.0,3.0,3.22,4.99,-1.77,27.00,13.19,0.00
2026-06-12,2026-06-01,FC-North,Metro Post,1,1,0,0,0,0.0,5.0,5.0,3.89,0.00,3.89,92.22,43.46,0.00
2026-05-13,2026-05-01,FC-South,Metro Post,3,2,1,0,1,0.333,3.333,2.333,26.04,0.00,26.04,1570.63,254.08,1010.84
2026-05-15,2026-05-01,FC-South,Metro Post,2,1,1,0,1,0.5,2.5,1.5,20.37,0.00,20.37,355.86,-20.37,113.30
2026-05-16,2026-05-01,FC-South,Metro Post,2,1,1,0,1,0.5,3.5,2.5,7.53,0.00,7.53,238.69,72.89,45.85
2026-05-21,2026-05-01,FC-North,Regional Freight,1,1,0,0,0,0.0,1.0,1.0,2.25,0.00,2.25,98.30,56.03,0.00
2026-05-19,2026-05-01,FC-Central,Swiftline,1,1,0,0,0,0.0,3.0,1.0,12.01,0.00,12.01,637.02,83.01,0.00
2026-05-19,2026-05-01,FC-South,Regional Freight,1,1,0,0,0,0.0,3.0,2.0,2.68,0.00,2.68,202.64,9.95,0.00
2026-06-02,2026-06-01,FC-North,Metro Post,2,2,0,0,0,0.0,3.5,3.5,7.71,0.00,7.71,239.87,101.63,0.00
2026-05-31,2026-05-01,FC-North,Regional Freight,1,0,1,1,3,3.0,6.0,6.0,5.96,0.00,5.96,447.64,99.32,447.64
2024-01-05,2024-01-01,FC-Central,Metro Post,3,2,1,0,2,0.667,3.667,2.667,46.78,0.00,46.78,1775.79,479.37,1294.80
2024-05-08,2024-05-01,FC-Central,Swiftline,1,1,0,0,0,0.0,4.0,3.0,6.86,0.00,6.86,433.00,187.45,0.00
2024-03-24,2024-03-01,FC-South,Regional Freight,1,1,0,0,0,0.0,3.0,3.0,5.59,0.00,5.59,194.09,71.55,0.00
2024-03-09,2024-03-01,FC-South,Regional Freight,3,3,0,0,0,0.0,3.0,3.0,15.55,0.00,15.55,658.65,10.17,0.00
2024-05-13,2024-05-01,FC-Central,Regional Freight,1,1,0,0,0,0.0,4.0,4.0,11.86,0.00,11.86,793.50,349.19,0.00
2024-03-26,2024-03-01,FC-Central,Swiftline,2,2,0,0,0,0.0,2.0,1.5,20.18,0.00,20.18,678.56,129.86,0.00
2024-11-08,2024-11-01,FC-North,Swiftline,3,2,1,1,3,1.0,4.333,4.333,38.04,0.00,38.04,1716.05,175.65,835.70
2025-02-24,2025-02-01,FC-North,Metro Post,2,2,0,0,0,0.0,3.5,3.0,22.40,0.00,22.40,617.43,195.22,0.00
2024-01-18,2024-01-01,FC-South,Swiftline,2,2,0,0,0,0.0,2.0,2.0,9.05,0.00,9.05,237.87,91.0,0.00
2024-01-19,2024-01-01,FC-Central,Regional Freight,1,0,1,0,2,2.0,4.0,4.0,6.44,0.00,6.44,77.82,-48.12,77.82
2024-01-19,2024-01-01,FC-South,Regional Freight,1,1,0,0,0,0.0,3.0,2.0,2.72,0.00,2.72,166.85,65.38,0.00
2024-01-23,2024-01-01,FC-North,Swiftline,3,3,0,0,0,0.0,3.0,3.0,26.62,0.00,26.62,1226.56,369.1,0.00
2024-06-17,2024-06-01,FC-South,Swiftline,2,1,1,1,3,1.5,3.5,3.5,18.12,0.00,18.12,747.51,326.46,118.06
2024-05-22,2024-05-01,FC-North,Swiftline,3,3,0,0,0,0.0,2.333,1.667,24.40,0.00,24.40,496.78,144.29,0.00
2024-04-02,2024-04-01,FC-South,Regional Freight,2,2,0,0,0,0.0,2.5,2.5,8.52,0.00,8.52,732.57,-45.39,0.00
2024-01-27,2024-01-01,FC-South,Swiftline,1,1,0,0,0,0.0,2.0,2.0,4.39,0.00,4.39,120.05,64.51,0.00
2024-01-26,2024-01-01,FC-North,Swiftline,2,2,0,0,0,0.0,2.5,2.0,9.35,4.99,4.36,366.32,203.54,0.00
2024-04-16,2024-04-01,FC-South,Regional Freight,6,5,1,0,2,0.333,2.833,2.667,22.00,0.00,22.00,1556.83,434.97,126.60
2024-01-31,2024-01-01,FC-North,Swiftline,1,1,0,0,0,0.0,3.0,3.0,3.78,0.00,3.78,57.14,31.46,0.00
2024-02-01,2024-02-01,FC-South,Metro Post,2,2,0,0,0,0.0,2.5,1.0,9.65,0.00,9.65,517.43,151.84,0.00
2024-07-14,2024-07-01,FC-South,Regional Freight,7,5,2,1,5,0.714,4.429,3.429,32.48,0.00,32.48,1196.65,469.19,268.74
2024-01-29,2024-01-01,FC-South,Metro Post,2,2,0,0,0,0.0,3.0,2.5,10.57,0.00,10.57,411.98,177.17,0.00
2024-02-03,2024-02-01,FC-North,Swiftline,1,1,0,0,0,0.0,2.0,2.0,5.64,0.00,5.64,213.28,70.36,0.00
2024-06-24,2024-06-01,FC-North,Regional Freight,1,1,0,0,0,0.0,4.0,4.0,3.87,0.00,3.87,213.32,126.83,0.00
2024-05-09,2024-05-01,FC-North,Metro Post,2,2,0,0,0,0.0,3.5,3.0,9.69,0.00,9.69,520.15,280.92,0.00
2024-02-11,2024-02-01,FC-Central,Swiftline,1,1,0,0,0,0.0,3.0,1.0,3.82,0.00,3.82,53.76,26.63,0.00
2024-02-09,2024-02-01,FC-South,Regional Freight,2,2,0,0,0,0.0,2.5,2.5,6.30,0.00,6.30,536.15,260.07,0.00
2024-07-06,2024-07-01,FC-South,Swiftline,3,3,0,0,0,0.0,3.333,3.333,34.15,4.99,29.16,658.85,116.56,0.00
2024-02-08,2024-02-01,FC-Central,Swiftline,1,1,0,0,0,0.0,3.0,3.0,3.89,4.99,-1.10,30.25,8.25,0.00
2024-02-11,2024-02-01,FC-North,Metro Post,3,3,0,0,0,0.0,1.667,1.333,20.43,4.99,15.44,1295.11,571.35,0.00
2024-02-12,2024-02-01,FC-Central,Regional Freight,1,1,0,0,0,0.0,3.0,2.0,4.84,0.00,4.84,310.09,-4.84,0.00
2024-02-17,2024-02-01,FC-South,Metro Post,2,1,1,0,2,1.0,4.0,4.0,11.22,0.00,11.22,460.95,230.26,120.05
2024-05-02,2024-05-01,FC-North,Metro Post,2,2,0,0,0,0.0,2.5,2.5,19.72,4.99,14.73,704.46,312.84,0.00
2024-02-22,2024-02-01,FC-North,Regional Freight,1,1,0,0,0,0.0,4.0,3.0,4.74,0.00,4.74,201.63,-19.01,0.00
2024-07-30,2024-07-01,FC-North,Regional Freight,1,1,0,0,0,0.0,3.0,2.0,3.10,0.00,3.10,466.31,51.64,0.00
2024-09-01,2024-09-01,FC-South,Metro Post,2,2,0,0,0,0.0,4.0,4.0,7.88,0.00,7.88,538.05,64.13,0.00
2024-02-26,2024-02-01,FC-Central,Swiftline,2,1,1,0,1,0.5,3.5,3.5,17.11,0.00,17.11,311.82,64.48,54.64
2024-05-16,2024-05-01,FC-South,Regional Freight,5,4,1,1,3,0.6,3.2,2.8,24.47,0.00,24.47,1809.17,492.19,980.74
2024-07-18,2024-07-01,FC-North,Regional Freight,1,1,0,0,0,0.0,2.0,1.0,13.00,0.00,13.00,516.79,136.68,0.00
2024-02-29,2024-02-01,FC-South,Regional Freight,1,1,0,0,0,0.0,3.0,2.0,5.86,0.00,5.86,453.06,128.62,0.00
2024-02-28,2024-02-01,FC-South,Swiftline,1,1,0,0,0,0.0,4.0,4.0,9.07,0.00,9.07,270.80,52.28,0.00
2024-03-02,2024-03-01,FC-North,Metro Post,4,3,1,0,1,0.25,3.5,3.0,19.97,0.00,19.97,1494.01,762.28,159.30
2024-08-01,2024-08-01,FC-Central,Swiftline,4,4,0,0,0,0.0,2.75,1.75,33.93,0.00,33.93,1851.58,269.9,0.00
2024-07-08,2024-07-01,FC-Central,Metro Post,3,2,1,0,1,0.333,3.0,1.333,26.92,0.00,26.92,549.47,172.99,271.68
2025-04-22,2025-04-01,FC-Central,Swiftline,3,2,1,0,1,0.333,2.667,1.333,34.18,4.99,29.19,638.24,264.18,385.18
2024-03-04,2024-03-01,FC-North,Regional Freight,1,1,0,0,0,0.0,2.0,2.0,3.12,0.00,3.12,476.04,-125.62,0.00
2024-03-06,2024-03-01,FC-North,Metro Post,2,1,1,0,2,1.0,5.0,5.0,12.66,0.00,12.66,189.65,47.4,45.85
2024-03-13,2024-03-01,FC-Central,Swiftline,1,1,0,0,0,0.0,3.0,2.0,4.99,0.00,4.99,219.71,94.3,0.00
2024-08-04,2024-08-01,FC-North,Swiftline,2,2,0,0,0,0.0,3.5,3.5,7.82,4.99,2.83,155.09,-23.63,0.00
2024-07-25,2024-07-01,FC-Central,Regional Freight,3,3,0,0,0,0.0,3.0,3.0,17.33,0.00,17.33,864.27,198.48,0.00
2024-03-16,2024-03-01,FC-South,Metro Post,1,0,1,0,1,1.0,5.0,5.0,11.45,0.00,11.45,422.18,-21.03,422.18
2024-03-17,2024-03-01,FC-South,Swiftline,1,1,0,0,0,0.0,2.0,2.0,3.80,0.00,3.80,122.92,77.96,0.00
2024-03-22,2024-03-01,FC-South,Swiftline,2,2,0,0,0,0.0,2.5,2.0,15.27,0.00,15.27,1255.25,420.88,0.00
2024-04-13,2024-04-01,FC-South,Metro Post,4,3,1,1,3,0.75,3.25,2.5,47.83,0.00,47.83,2018.90,400.59,463.05
2024-03-28,2024-03-01,FC-Central,Swiftline,2,2,0,0,0,0.0,1.5,1.0,19.97,4.99,14.98,240.00,-106.64,0.00
2024-06-25,2024-06-01,FC-South,Regional Freight,2,1,1,0,1,0.5,3.0,1.0,10.79,0.00,10.79,1123.76,306.14,571.72
2024-05-07,2024-05-01,FC-South,Regional Freight,2,2,0,0,0,0.0,2.5,2.0,10.00,4.99,5.01,764.47,-0.07,0.00
2024-04-01,2024-04-01,FC-South,Regional Freight,1,0,1,1,3,3.0,7.0,7.0,6.90,0.00,6.90,417.90,83.93,417.90
2024-03-30,2024-03-01,FC-Central,Metro Post,1,1,0,0,0,0.0,3.0,1.0,3.26,0.00,3.26,67.23,39.98,0.00
2024-04-05,2024-04-01,FC-Central,Metro Post,1,1,0,0,0,0.0,2.0,2.0,11.25,0.00,11.25,193.74,59.61,0.00
2024-05-12,2024-05-01,FC-South,Regional Freight,4,3,1,0,2,0.5,3.25,3.0,26.37,0.00,26.37,1450.90,362.75,104.99
2024-08-07,2024-08-01,FC-South,Metro Post,1,1,0,0,0,0.0,3.0,2.0,12.71,0.00,12.71,494.37,152.51,0.00
2024-07-04,2024-07-01,FC-Central,Metro Post,4,4,0,0,0,0.0,2.75,2.75,43.27,0.00,43.27,1165.51,372.81,0.00
2024-04-12,2024-04-01,FC-Central,Metro Post,2,2,0,0,0,0.0,2.5,2.5,12.91,0.00,12.91,479.17,152.42,0.00
2024-09-23,2024-09-01,FC-South,Regional Freight,5,4,1,1,3,0.6,4.6,4.0,36.19,4.99,31.20,994.97,432.93,125.94
2024-06-22,2024-06-01,FC-North,Swiftline,3,3,0,0,0,0.0,3.667,3.333,15.53,4.99,10.54,453.94,177.08,0.00
2024-04-22,2024-04-01,FC-South,Regional Freight,2,0,2,2,8,4.0,8.0,7.5,13.86,0.00,13.86,475.18,167.6,475.18
2024-04-20,2024-04-01,FC-Central,Regional Freight,1,1,0,0,0,0.0,3.0,3.0,5.61,0.00,5.61,464.71,103.87,0.00
2024-05-26,2024-05-01,FC-Central,Metro Post,1,1,0,0,0,0.0,5.0,5.0,9.67,0.00,9.67,577.60,114.42,0.00
2024-04-25,2024-04-01,FC-Central,Metro Post,1,1,0,0,0,0.0,3.0,2.0,3.49,0.00,3.49,68.73,35.64,0.00
2024-06-13,2024-06-01,FC-South,Regional Freight,3,1,2,1,8,2.667,6.333,5.333,14.24,0.00,14.24,411.00,189.35,191.46
2024-07-07,2024-07-01,FC-North,Regional Freight,1,1,0,0,0,0.0,4.0,3.0,11.74,0.00,11.74,116.03,13.09,0.00
2024-12-10,2024-12-01,FC-South,Swiftline,4,2,2,0,4,1.0,4.25,3.75,48.97,4.99,43.98,956.28,312.43,315.33
2024-05-06,2024-05-01,FC-North,Regional Freight,1,1,0,0,0,0.0,1.0,1.0,5.25,0.00,5.25,425.20,54.02,0.00
2024-05-14,2024-05-01,FC-Central,Regional Freight,1,0,1,0,1,1.0,4.0,4.0,2.75,0.00,2.75,140.71,-20.55,140.71
2024-09-06,2024-09-01,FC-North,Swiftline,1,1,0,0,0,0.0,3.0,2.0,5.55,0.00,5.55,196.93,101.88,0.00
2024-05-18,2024-05-01,FC-Central,Metro Post,2,2,0,0,0,0.0,3.5,2.5,28.73,0.00,28.73,518.16,178.56,0.00
2024-11-19,2024-11-01,FC-South,Regional Freight,4,2,2,1,5,1.25,4.75,4.25,19.87,0.00,19.87,1156.12,192.44,813.02
2024-05-22,2024-05-01,FC-Central,Swiftline,6,5,1,0,1,0.167,3.167,2.5,83.76,4.99,78.77,2037.16,571.52,27.43
2024-05-23,2024-05-01,FC-South,Regional Freight,2,1,1,0,1,0.5,4.0,3.5,11.01,4.99,6.02,84.35,27.6,31.33
2024-05-24,2024-05-01,FC-Central,Regional Freight,1,1,0,0,0,0.0,2.0,2.0,4.00,0.00,4.00,387.15,50.31,0.00
2024-06-24,2024-06-01,FC-South,Metro Post,2,2,0,0,0,0.0,2.5,1.5,8.52,0.00,8.52,433.01,0.02,0.00
2024-09-01,2024-09-01,FC-Central,Regional Freight,3,3,0,0,0,0.0,2.333,2.0,10.02,0.00,10.02,845.83,318.03,0.00
2024-05-25,2024-05-01,FC-South,Regional Freight,3,3,0,0,0,0.0,3.667,3.0,16.80,0.00,16.80,445.50,-4.86,0.00
2024-05-27,2024-05-01,FC-Central,Swiftline,1,1,0,0,0,0.0,5.0,5.0,4.34,0.00,4.34,54.13,28.06,0.00
2025-03-14,2025-03-01,FC-North,Swiftline,5,5,0,0,0,0.0,3.2,2.4,58.57,0.00,58.57,2134.72,319.55,0.00
2025-03-13,2025-03-01,FC-Central,Swiftline,2,2,0,0,0,0.0,2.5,2.0,13.20,0.00,13.20,435.41,118.26,0.00
2024-10-28,2024-10-01,FC-Central,Metro Post,4,3,1,1,3,0.75,4.25,2.75,22.47,0.00,22.47,727.70,162.63,172.61
2024-11-04,2024-11-01,FC-South,Swiftline,3,3,0,0,0,0.0,2.0,1.667,36.24,0.00,36.24,920.27,-97.7,0.00
2024-09-16,2024-09-01,FC-South,Metro Post,4,4,0,0,0,0.0,3.0,1.75,35.67,0.00,35.67,1451.56,311.07,0.00
2024-06-03,2024-06-01,FC-North,Regional Freight,1,1,0,0,0,0.0,5.0,5.0,4.42,4.99,-0.57,15.88,3.88,0.00
2024-06-12,2024-06-01,FC-North,Regional Freight,1,1,0,0,0,0.0,2.0,2.0,5.92,0.00,5.92,180.08,59.43,0.00
2024-06-14,2024-06-01,FC-North,Regional Freight,1,1,0,0,0,0.0,2.0,1.0,7.72,0.00,7.72,453.59,29.42,0.00
2024-12-31,2024-12-01,FC-South,Swiftline,1,1,0,0,0,0.0,3.0,3.0,4.02,0.00,4.02,95.89,46.62,0.00
2024-06-19,2024-06-01,FC-South,Metro Post,2,1,1,0,1,0.5,3.0,2.0,11.46,4.99,6.47,75.88,-25.97,49.48
2024-06-21,2024-06-01,FC-North,Regional Freight,1,1,0,0,0,0.0,4.0,4.0,2.70,0.00,2.70,85.35,-2.7,0.00
2025-01-25,2025-01-01,FC-South,Metro Post,2,1,1,1,3,1.5,4.5,4.5,9.15,0.00,9.15,275.63,92.2,209.69
2025-07-27,2025-07-01,FC-South,Regional Freight,1,1,0,0,0,0.0,2.0,2.0,10.83,0.00,10.83,650.59,-70.39,0.00
2024-09-11,2024-09-01,FC-North,Swiftline,1,1,0,0,0,0.0,3.0,3.0,6.99,0.00,6.99,197.52,14.08,0.00
2025-05-02,2025-05-01,FC-Central,Metro Post,3,3,0,0,0,0.0,2.667,2.333,13.71,4.99,8.72,224.15,117.03,0.00
2024-11-12,2024-11-01,FC-Central,Swiftline,1,1,0,0,0,0.0,3.0,2.0,7.84,0.00,7.84,245.75,110.23,0.00
2024-10-18,2024-10-01,FC-South,Regional Freight,5,4,1,1,3,0.6,3.4,2.4,22.30,0.00,22.30,904.97,137.12,252.73
2024-12-15,2024-12-01,FC-North,Swiftline,1,1,0,0,0,0.0,2.0,2.0,6.81,0.00,6.81,429.68,70.72,0.00
2025-01-03,2025-01-01,FC-South,Swiftline,2,1,1,0,1,0.5,3.0,2.0,14.30,0.00,14.30,270.40,113.51,151.36
2025-04-27,2025-04-01,FC-North,Swiftline,4,4,0,0,0,0.0,3.25,3.25,64.14,4.99,59.15,1669.59,205.57,0.00
2025-07-08,2025-07-01,FC-North,Metro Post,3,3,0,0,0,0.0,3.667,2.667,12.93,0.00,12.93,1256.56,111.23,0.00
2024-07-01,2024-07-01,FC-South,Metro Post,1,1,0,0,0,0.0,4.0,4.0,6.96,0.00,6.96,385.92,30.73,0.00
2024-07-03,2024-07-01,FC-South,Regional Freight,1,1,0,0,0,0.0,5.0,5.0,2.20,4.99,-2.79,18.13,14.33,0.00
2024-11-17,2024-11-01,FC-Central,Regional Freight,2,1,1,0,2,1.0,3.5,3.0,8.38,0.00,8.38,578.74,285.43,471.15
2024-07-05,2024-07-01,FC-Central,Swiftline,1,1,0,0,0,0.0,3.0,3.0,17.85,0.00,17.85,511.90,133.91,0.00
2024-10-04,2024-10-01,FC-South,Metro Post,3,3,0,0,0,0.0,3.667,3.333,22.98,0.00,22.98,997.75,124.63,0.00
2024-09-29,2024-09-01,FC-Central,Metro Post,2,2,0,0,0,0.0,3.5,2.5,6.83,0.00,6.83,312.43,144.06,0.00
2024-07-09,2024-07-01,FC-North,Swiftline,2,2,0,0,0,0.0,3.5,3.0,18.31,0.00,18.31,452.77,185.9,0.00
2025-07-29,2025-07-01,FC-South,Swiftline,4,4,0,0,0,0.0,2.5,1.75,35.68,4.99,30.69,1368.54,47.1,0.00
2025-05-13,2025-05-01,FC-Central,Swiftline,5,5,0,0,0,0.0,2.8,2.6,39.59,0.00,39.59,911.28,311.34,0.00
2024-07-13,2024-07-01,FC-North,Regional Freight,1,1,0,0,0,0.0,5.0,5.0,9.27,0.00,9.27,269.15,83.99,0.00
2024-09-25,2024-09-01,FC-North,Swiftline,3,3,0,0,0,0.0,3.333,3.333,15.93,4.99,10.94,226.13,88.15,0.00
2024-12-04,2024-12-01,FC-North,Metro Post,2,1,1,1,3,1.5,4.5,4.5,15.06,0.00,15.06,1040.60,159.96,100.85
2024-07-17,2024-07-01,FC-North,Metro Post,1,1,0,0,0,0.0,4.0,4.0,11.70,0.00,11.70,195.03,45.11,0.00
2024-10-08,2024-10-01,FC-North,Swiftline,4,4,0,0,0,0.0,3.0,2.5,26.56,0.00,26.56,1913.64,-12.96,0.00
2024-12-14,2024-12-01,FC-North,Swiftline,4,4,0,0,0,0.0,3.25,3.0,45.49,0.00,45.49,1469.69,496.96,0.00
2024-12-10,2024-12-01,FC-Central,Swiftline,2,2,0,0,0,0.0,3.0,2.5,17.33,4.99,12.34,544.64,135.97,0.00
2024-07-24,2024-07-01,FC-South,Swiftline,1,1,0,0,0,0.0,5.0,5.0,15.74,0.00,15.74,280.49,81.26,0.00
2025-11-20,2025-11-01,FC-North,Swiftline,1,1,0,0,0,0.0,5.0,4.0,6.03,0.00,6.03,173.25,-3.98,0.00
2024-09-05,2024-09-01,FC-Central,Metro Post,3,3,0,0,0,0.0,3.0,2.667,11.32,4.99,6.33,275.01,20.42,0.00
2024-08-01,2024-08-01,FC-South,Swiftline,2,2,0,0,0,0.0,3.0,2.5,17.87,0.00,17.87,293.04,127.43,0.00
2024-08-01,2024-08-01,FC-North,Regional Freight,1,1,0,0,0,0.0,4.0,2.0,2.29,0.00,2.29,66.69,-2.29,0.00
2025-06-23,2025-06-01,FC-Central,Metro Post,5,5,0,0,0,0.0,3.8,3.6,27.93,0.00,27.93,877.06,369.22,0.00
2024-08-24,2024-08-01,FC-North,Swiftline,1,1,0,0,0,0.0,1.0,1.0,14.05,0.00,14.05,246.73,95.6,0.00
2024-08-22,2024-08-01,FC-Central,Regional Freight,2,2,0,0,0,0.0,2.5,2.5,13.71,0.00,13.71,1136.96,199.13,0.00
2024-12-28,2024-12-01,FC-Central,Regional Freight,1,1,0,0,0,0.0,5.0,4.0,2.56,0.00,2.56,104.55,64.58,0.00
2024-09-09,2024-09-01,FC-South,Regional Freight,3,1,2,0,2,0.667,4.333,4.0,18.55,0.00,18.55,924.70,56.18,236.64
2024-09-12,2024-09-01,FC-South,Swiftline,1,1,0,0,0,0.0,2.0,2.0,4.06,0.00,4.06,103.71,61.62,0.00
2025-09-14,2025-09-01,FC-Central,Metro Post,1,1,0,0,0,0.0,3.0,3.0,10.80,0.00,10.80,410.42,162.48,0.00
2024-11-28,2024-11-01,FC-Central,Metro Post,1,1,0,0,0,0.0,3.0,3.0,8.13,0.00,8.13,1064.42,149.08,0.00
2024-09-20,2024-09-01,FC-Central,Regional Freight,2,2,0,0,0,0.0,1.5,1.5,8.39,4.99,3.40,154.91,15.8,0.00
2025-01-04,2025-01-01,FC-South,Regional Freight,1,1,0,0,0,0.0,3.0,3.0,2.66,0.00,2.66,122.82,-18.16,0.00
2024-09-22,2024-09-01,FC-Central,Metro Post,2,2,0,0,0,0.0,3.0,3.0,12.12,0.00,12.12,201.31,95.87,0.00
2025-01-12,2025-01-01,FC-Central,Swiftline,1,1,0,0,0,0.0,5.0,4.0,4.48,0.00,4.48,51.99,-4.48,0.00
2024-09-19,2024-09-01,FC-South,Metro Post,1,1,0,0,0,0.0,2.0,1.0,3.04,0.00,3.04,116.94,-3.04,0.00
2025-07-15,2025-07-01,FC-South,Metro Post,4,4,0,0,0,0.0,3.5,3.0,37.92,4.99,32.93,1815.81,-104.73,0.00
2025-08-03,2025-08-01,FC-Central,Regional Freight,1,1,0,0,0,0.0,2.0,1.0,2.43,4.99,-2.56,35.49,22.47,0.00
2024-09-26,2024-09-01,FC-Central,Metro Post,1,0,1,1,3,3.0,6.0,6.0,6.81,0.00,6.81,425.20,52.46,425.20
2024-10-02,2024-10-01,FC-North,Swiftline,1,1,0,0,0,0.0,2.0,2.0,4.59,0.00,4.59,149.37,8.66,0.00
2026-01-08,2026-01-01,FC-South,Metro Post,1,1,0,0,0,0.0,1.0,1.0,4.61,0.00,4.61,161.30,66.44,0.00
2025-01-09,2025-01-01,FC-South,Regional Freight,4,2,2,1,8,2.0,4.75,3.75,27.04,0.00,27.04,1053.43,339.65,451.08
2024-12-21,2024-12-01,FC-South,Regional Freight,7,7,0,0,0,0.0,2.857,2.429,37.53,0.00,37.53,2054.21,853.26,0.00
2024-12-30,2024-12-01,FC-Central,Regional Freight,1,0,1,0,2,2.0,4.0,4.0,2.56,0.00,2.56,171.89,97.59,171.89
2024-12-25,2024-12-01,FC-South,Swiftline,1,1,0,0,0,0.0,2.0,1.0,10.40,0.00,10.40,359.41,161.57,0.00
2024-10-15,2024-10-01,FC-North,Metro Post,1,1,0,0,0,0.0,2.0,2.0,10.51,0.00,10.51,504.70,259.89,0.00
2024-10-15,2024-10-01,FC-Central,Regional Freight,2,2,0,0,0,0.0,3.5,3.0,22.90,0.00,22.90,880.07,83.11,0.00
2026-02-13,2026-02-01,FC-South,Metro Post,3,2,1,0,2,0.667,4.0,3.333,14.83,0.00,14.83,824.16,-69.17,400.97
2025-03-19,2025-03-01,FC-South,Swiftline,2,2,0,0,0,0.0,2.0,1.5,29.10,0.00,29.10,1269.94,449.72,0.00
2025-09-02,2025-09-01,FC-North,Swiftline,1,1,0,0,0,0.0,3.0,3.0,3.82,4.99,-1.17,32.59,20.07,0.00
2025-05-08,2025-05-01,FC-South,Regional Freight,2,2,0,0,0,0.0,3.5,3.5,6.21,4.99,1.22,274.96,66.12,0.00
2024-12-05,2024-12-01,FC-North,Swiftline,4,3,1,0,1,0.25,3.75,3.25,30.24,0.00,30.24,1102.98,207.78,96.55
2024-10-29,2024-10-01,FC-North,Metro Post,1,1,0,0,0,0.0,2.0,2.0,3.20,0.00,3.20,105.66,56.19,0.00
2025-03-28,2025-03-01,FC-North,Swiftline,5,5,0,0,0,0.0,3.6,3.4,51.78,0.00,51.78,1247.45,471.43,0.00
2024-11-02,2024-11-01,FC-North,Swiftline,3,3,0,0,0,0.0,2.333,2.333,20.30,0.00,20.30,1129.83,219.35,0.00
2024-12-01,2024-12-01,FC-Central,Regional Freight,1,0,1,1,9,9.0,12.0,12.0,2.86,0.00,2.86,174.43,-2.86,174.43
2024-10-31,2024-10-01,FC-South,Regional Freight,2,2,0,0,0,0.0,2.5,1.5,14.52,0.00,14.52,161.30,72.01,0.00
2024-11-05,2024-11-01,FC-South,Metro Post,1,1,0,0,0,0.0,3.0,1.0,3.27,0.00,3.27,112.07,68.36,0.00
2024-11-05,2024-11-01,FC-Central,Metro Post,2,2,0,0,0,0.0,4.0,3.0,11.59,0.00,11.59,329.03,118.26,0.00
2024-11-02,2024-11-01,FC-South,Metro Post,1,0,1,0,1,1.0,5.0,4.0,3.35,0.00,3.35,113.72,57.23,113.72
2024-12-08,2024-12-01,FC-South,Metro Post,4,3,1,1,3,0.75,3.25,2.75,21.25,0.00,21.25,823.28,253.76,161.43
2024-11-12,2024-11-01,FC-South,Regional Freight,1,1,0,0,0,0.0,3.0,2.0,8.03,0.00,8.03,290.04,122.29,0.00
2024-11-13,2024-11-01,FC-North,Metro Post,1,1,0,0,0,0.0,4.0,4.0,19.36,0.00,19.36,810.40,207.06,0.00
2025-01-04,2025-01-01,FC-North,Swiftline,1,1,0,0,0,0.0,3.0,3.0,7.04,0.00,7.04,284.97,130.49,0.00
2025-02-04,2025-02-01,FC-North,Swiftline,3,3,0,0,0,0.0,3.333,2.333,43.21,0.00,43.21,602.45,236.18,0.00
2024-11-19,2024-11-01,FC-Central,Metro Post,1,1,0,0,0,0.0,1.0,1.0,14.46,0.00,14.46,163.01,24.66,0.00
2025-08-23,2025-08-01,FC-Central,Regional Freight,1,0,1,1,3,3.0,8.0,7.0,2.65,0.00,2.65,206.89,118.04,206.89
2025-01-16,2025-01-01,FC-South,Metro Post,1,1,0,0,0,0.0,1.0,1.0,9.32,0.00,9.32,97.95,-66.63,0.00
2024-12-12,2024-12-01,FC-Central,Regional Freight,5,5,0,0,0,0.0,3.2,2.4,25.02,4.99,20.03,1175.07,475.2,0.00
2025-08-13,2025-08-01,FC-Central,Metro Post,1,1,0,0,0,0.0,3.0,2.0,11.37,0.00,11.37,253.89,52.86,0.00
2025-03-09,2025-03-01,FC-South,Regional Freight,3,2,1,1,3,1.0,4.0,3.0,20.39,0.00,20.39,421.59,122.26,161.86
2025-07-02,2025-07-01,FC-Central,Swiftline,3,3,0,0,0,0.0,4.0,3.333,23.83,0.00,23.83,337.47,114.35,0.00
2025-05-29,2025-05-01,FC-South,Regional Freight,5,1,4,2,13,2.6,5.8,5.4,34.83,0.00,34.83,1141.64,310.4,945.65
2025-01-17,2025-01-01,FC-South,Metro Post,2,2,0,0,0,0.0,3.5,3.0,6.05,4.99,1.06,155.91,68.66,0.00
2025-02-10,2025-02-01,FC-North,Metro Post,1,1,0,0,0,0.0,4.0,4.0,29.11,0.00,29.11,1501.17,400.22,0.00
2024-12-07,2024-12-01,FC-South,Swiftline,2,2,0,0,0,0.0,4.0,4.0,18.68,0.00,18.68,704.74,140.15,0.00
2025-11-10,2025-11-01,FC-Central,Swiftline,6,6,0,0,0,0.0,3.0,2.5,37.79,9.98,27.81,571.48,127.57,0.00
2025-01-26,2025-01-01,FC-South,Metro Post,1,1,0,0,0,0.0,3.0,3.0,4.84,0.00,4.84,153.62,-6.45,0.00
2025-01-17,2025-01-01,FC-Central,Metro Post,2,2,0,0,0,0.0,3.0,2.5,15.57,0.00,15.57,605.24,265.65,0.00
2024-12-09,2024-12-01,FC-North,Metro Post,1,1,0,0,0,0.0,5.0,3.0,9.95,0.00,9.95,531.04,201.02,0.00
2024-12-13,2024-12-01,FC-Central,Regional Freight,1,0,1,0,2,2.0,5.0,5.0,6.37,0.00,6.37,847.36,20.6,847.36
2025-01-18,2025-01-01,FC-South,Swiftline,2,1,1,1,4,2.0,6.0,6.0,8.64,4.99,3.65,174.32,70.09,41.79
2025-08-05,2025-08-01,FC-South,Regional Freight,5,2,3,0,5,1.0,3.8,3.4,26.34,0.00,26.34,935.37,256.6,535.63
2024-12-19,2024-12-01,FC-Central,Regional Freight,4,2,2,1,8,2.0,5.0,4.75,17.31,0.00,17.31,976.50,-12.26,388.02
2025-05-02,2025-05-01,FC-South,Regional Freight,2,1,1,1,4,2.0,5.0,4.5,20.34,0.00,20.34,439.80,92.87,143.94
2025-06-17,2025-06-01,FC-South,Regional Freight,5,3,2,0,3,0.6,3.4,2.8,36.29,0.00,36.29,2875.38,801.14,2261.63
2026-01-28,2026-01-01,FC-South,Swiftline,3,3,0,0,0,0.0,2.667,2.0,26.52,0.00,26.52,445.81,-93.42,0.00
2025-02-04,2025-02-01,FC-Central,Metro Post,1,1,0,0,0,0.0,5.0,4.0,8.33,0.00,8.33,458.51,138.12,0.00
2026-05-07,2026-05-01,FC-North,Metro Post,2,2,0,0,0,0.0,2.5,2.5,8.19,0.00,8.19,363.76,-3.86,0.00
2024-12-25,2024-12-01,FC-Central,Metro Post,2,2,0,0,0,0.0,4.0,4.0,40.12,0.00,40.12,888.25,254.59,0.00
2025-10-09,2025-10-01,FC-South,Regional Freight,2,1,1,0,2,1.0,3.0,2.5,6.97,0.00,6.97,403.45,119.55,83.18
2025-02-25,2025-02-01,FC-North,Swiftline,2,2,0,0,0,0.0,4.5,4.5,9.16,0.00,9.16,326.20,199.67,0.00
2024-12-29,2024-12-01,FC-North,Metro Post,2,2,0,0,0,0.0,3.0,2.0,19.65,0.00,19.65,433.51,156.95,0.00
2025-02-22,2025-02-01,FC-South,Regional Freight,2,2,0,0,0,0.0,2.0,1.5,12.46,0.00,12.46,397.81,106.11,0.00
2025-01-01,2025-01-01,FC-Central,Metro Post,1,1,0,0,0,0.0,3.0,2.0,14.91,0.00,14.91,59.18,7.85,0.00
2025-01-06,2025-01-01,FC-Central,Swiftline,2,2,0,0,0,0.0,2.5,2.0,27.01,0.00,27.01,429.32,51.59,0.00
2026-02-04,2026-02-01,FC-South,Regional Freight,3,2,1,1,4,1.333,4.333,3.667,18.74,0.00,18.74,891.71,185.66,59.96
2025-01-13,2025-01-01,FC-South,Regional Freight,2,2,0,0,0,0.0,2.5,1.5,9.51,4.99,4.52,79.69,21.67,0.00
2025-04-20,2025-04-01,FC-Central,Metro Post,1,1,0,0,0,0.0,1.0,1.0,3.62,0.00,3.62,51.74,21.7,0.00
2025-04-21,2025-04-01,FC-South,Metro Post,1,1,0,0,0,0.0,1.0,1.0,4.30,0.00,4.30,340.61,63.82,0.00
2025-05-06,2025-05-01,FC-North,Metro Post,3,2,1,0,1,0.333,3.667,2.667,12.65,4.99,7.66,528.48,265.99,34.78
2025-06-16,2025-06-01,FC-Central,Swiftline,2,2,0,0,0,0.0,2.5,2.5,15.06,0.00,15.06,403.03,18.98,0.00
2025-08-16,2025-08-01,FC-South,Swiftline,2,2,0,0,0,0.0,4.5,4.5,13.04,0.00,13.04,459.92,111.42,0.00
2025-06-20,2025-06-01,FC-South,Swiftline,1,1,0,0,0,0.0,3.0,3.0,10.14,0.00,10.14,208.78,78.59,0.00
2025-04-05,2025-04-01,FC-Central,Metro Post,2,2,0,0,0,0.0,4.0,3.0,12.17,0.00,12.17,271.92,102.07,0.00
2025-02-01,2025-02-01,FC-Central,Regional Freight,1,1,0,0,0,0.0,3.0,2.0,7.59,0.00,7.59,179.16,64.17,0.00
2025-02-05,2025-02-01,FC-South,Metro Post,1,0,1,1,3,3.0,6.0,6.0,21.87,0.00,21.87,554.64,149.42,554.64
2025-02-06,2025-02-01,FC-Central,Swiftline,1,1,0,0,0,0.0,3.0,1.0,14.68,0.00,14.68,169.75,9.96,0.00
2025-02-09,2025-02-01,FC-Central,Swiftline,2,2,0,0,0,0.0,3.0,1.5,10.68,0.00,10.68,408.35,6.56,0.00
2025-02-09,2025-02-01,FC-North,Metro Post,1,1,0,0,0,0.0,4.0,4.0,6.85,4.99,1.86,26.40,9.37,0.00
2025-02-11,2025-02-01,FC-North,Regional Freight,1,1,0,0,0,0.0,3.0,2.0,10.90,0.00,10.90,243.07,89.04,0.00
2025-02-16,2025-02-01,FC-South,Regional Freight,1,1,0,0,0,0.0,3.0,3.0,16.15,0.00,16.15,238.65,-45.91,0.00
2025-04-12,2025-04-01,FC-South,Metro Post,1,1,0,0,0,0.0,3.0,2.0,2.98,0.00,2.98,65.82,39.53,0.00
2025-04-15,2025-04-01,FC-North,Swiftline,5,5,0,0,0,0.0,3.8,3.2,44.11,0.00,44.11,1917.41,520.11,0.00
2025-03-05,2025-03-01,FC-South,Regional Freight,2,1,1,0,2,1.0,3.5,3.5,33.64,0.00,33.64,1008.61,359.72,232.14
2025-05-26,2025-05-01,FC-North,Metro Post,4,3,1,1,3,0.75,3.5,3.5,29.50,0.00,29.50,728.53,302.84,205.17
2025-03-11,2025-03-01,FC-Central,Swiftline,2,2,0,0,0,0.0,3.5,3.5,8.19,0.00,8.19,200.63,95.94,0.00
2025-08-29,2025-08-01,FC-North,Regional Freight,1,1,0,0,0,0.0,2.0,1.0,4.73,0.00,4.73,176.12,57.99,0.00
2025-04-19,2025-04-01,FC-South,Swiftline,2,2,0,0,0,0.0,3.5,3.0,28.70,0.00,28.70,606.58,197.99,0.00
2025-03-21,2025-03-01,FC-Central,Swiftline,1,1,0,0,0,0.0,4.0,4.0,3.98,0.00,3.98,63.36,38.72,0.00
2025-09-04,2025-09-01,FC-South,Swiftline,2,2,0,0,0,0.0,2.0,2.0,21.44,0.00,21.44,599.43,231.18,0.00
2025-08-12,2025-08-01,FC-Central,Metro Post,1,1,0,0,0,0.0,3.0,2.0,7.57,0.00,7.57,214.95,42.7,0.00
2025-04-04,2025-04-01,FC-South,Regional Freight,1,1,0,0,0,0.0,3.0,1.0,5.97,0.00,5.97,274.44,120.19,0.00
2025-05-20,2025-05-01,FC-South,Regional Freight,2,2,0,0,0,0.0,2.5,2.0,15.99,0.00,15.99,557.03,114.64,0.00
2025-06-25,2025-06-01,FC-North,Swiftline,2,2,0,0,0,0.0,3.5,2.0,12.18,0.00,12.18,614.97,145.31,0.00
2025-05-30,2025-05-01,FC-South,Metro Post,3,3,0,0,0,0.0,3.333,2.667,45.27,0.00,45.27,2102.06,336.9,0.00
2025-12-27,2025-12-01,FC-North,Swiftline,6,5,1,0,2,0.333,3.333,2.833,47.36,4.99,42.37,1319.28,134.46,436.60
2025-06-13,2025-06-01,FC-North,Regional Freight,1,1,0,0,0,0.0,2.0,2.0,2.95,4.99,-2.04,44.28,27.17,0.00
2025-10-19,2025-10-01,FC-South,Swiftline,3,3,0,0,0,0.0,1.667,1.333,19.36,0.00,19.36,1170.61,215.59,0.00
2025-05-25,2025-05-01,FC-Central,Metro Post,1,1,0,0,0,0.0,4.0,3.0,3.45,0.00,3.45,384.21,-302.72,0.00
2025-04-25,2025-04-01,FC-North,Metro Post,1,1,0,0,0,0.0,2.0,1.0,5.16,0.00,5.16,345.55,194.78,0.00
2025-04-25,2025-04-01,FC-Central,Regional Freight,1,1,0,0,0,0.0,4.0,4.0,6.86,4.99,1.87,29.59,9.51,0.00
2025-07-03,2025-07-01,FC-Central,Metro Post,1,1,0,0,0,0.0,1.0,1.0,4.60,0.00,4.60,437.19,42.45,0.00
2025-07-05,2025-07-01,FC-North,Swiftline,5,3,2,0,2,0.4,4.4,4.0,50.98,0.00,50.98,1151.72,200.4,188.13
2025-08-11,2025-08-01,FC-North,Metro Post,1,1,0,0,0,0.0,5.0,4.0,3.46,0.00,3.46,111.95,-52.39,0.00
2025-05-09,2025-05-01,FC-South,Metro Post,2,1,1,1,9,4.5,8.0,7.5,9.75,0.00,9.75,315.79,78.97,83.39
2025-06-30,2025-06-01,FC-South,Regional Freight,1,1,0,0,0,0.0,3.0,2.0,3.18,0.00,3.18,317.98,185.98,0.00
2025-10-17,2025-10-01,FC-Central,Regional Freight,4,4,0,0,0,0.0,2.0,1.25,18.36,0.00,18.36,1388.89,583.03,0.00
2025-08-19,2025-08-01,FC-South,Regional Freight,3,1,2,2,13,4.333,8.0,7.333,24.33,0.00,24.33,1101.24,270.8,921.16
2025-05-15,2025-05-01,FC-North,Metro Post,1,1,0,0,0,0.0,2.0,2.0,12.34,0.00,12.34,266.12,111.26,0.00
2025-07-23,2025-07-01,FC-South,Metro Post,1,1,0,0,0,0.0,3.0,3.0,15.91,0.00,15.91,684.16,374.93,0.00
2025-06-30,2025-06-01,FC-North,Metro Post,2,2,0,0,0,0.0,2.0,1.5,11.56,0.00,11.56,565.85,14.95,0.00
2025-05-24,2025-05-01,FC-South,Regional Freight,2,1,1,0,1,0.5,4.0,3.5,5.26,0.00,5.26,326.08,112.25,276.02
2026-05-31,2026-05-01,FC-Central,Swiftline,5,5,0,0,0,0.0,2.4,2.2,31.83,0.00,31.83,688.31,-10.08,0.00
2025-08-30,2025-08-01,FC-South,Swiftline,1,1,0,0,0,0.0,2.0,1.0,4.74,0.00,4.74,93.30,-4.74,0.00
2025-07-16,2025-07-01,FC-North,Metro Post,1,1,0,0,0,0.0,3.0,3.0,5.61,0.00,5.61,315.23,114.66,0.00
2025-06-13,2025-06-01,FC-Central,Swiftline,2,2,0,0,0,0.0,3.5,3.0,22.79,0.00,22.79,655.45,152.5,0.00
2025-06-01,2025-06-01,FC-North,Regional Freight,1,1,0,0,0,0.0,3.0,1.0,8.74,0.00,8.74,313.23,168.54,0.00
2025-11-07,2025-11-01,FC-North,Swiftline,8,7,1,0,1,0.125,3.125,2.75,85.06,0.00,85.06,2495.45,689.26,458.42
2025-06-06,2025-06-01,FC-South,Swiftline,2,2,0,0,0,0.0,3.0,3.0,15.62,0.00,15.62,126.84,49.02,0.00
2025-10-18,2025-10-01,FC-South,Metro Post,2,1,1,0,1,0.5,3.0,3.0,17.80,0.00,17.80,1419.59,196.72,893.41
2025-07-22,2025-07-01,FC-Central,Regional Freight,1,1,0,0,0,0.0,4.0,4.0,3.85,0.00,3.85,469.38,82.49,0.00
2025-06-07,2025-06-01,FC-South,Swiftline,1,1,0,0,0,0.0,4.0,4.0,8.67,0.00,8.67,135.84,42.82,0.00
2025-09-10,2025-09-01,FC-South,Swiftline,2,2,0,0,0,0.0,2.5,2.0,34.15,0.00,34.15,750.19,122.19,0.00
2025-06-12,2025-06-01,FC-South,Swiftline,2,2,0,0,0,0.0,3.0,2.0,23.97,0.00,23.97,998.16,316.09,0.00
2025-07-16,2025-07-01,FC-Central,Regional Freight,2,2,0,0,0,0.0,2.5,2.5,9.72,0.00,9.72,1125.20,102.05,0.00
2025-07-09,2025-07-01,FC-Central,Swiftline,3,3,0,0,0,0.0,2.667,2.0,36.20,4.99,31.21,681.96,129.88,0.00
2025-09-03,2025-09-01,FC-Central,Metro Post,4,4,0,0,0,0.0,3.25,2.5,17.08,0.00,17.08,342.26,100.79,0.00
2025-06-15,2025-06-01,FC-Central,Regional Freight,3,2,1,0,1,0.333,3.333,2.667,22.68,0.00,22.68,1067.11,384.23,609.34
2025-06-16,2025-06-01,FC-North,Metro Post,4,4,0,0,0,0.0,3.25,2.25,44.75,4.99,39.76,1118.26,164.99,0.00
2025-11-11,2025-11-01,FC-North,Swiftline,4,3,1,1,6,1.5,5.5,4.5,46.85,0.00,46.85,1324.96,-708.68,208.78
2025-10-24,2025-10-01,FC-North,Regional Freight,2,1,1,0,1,0.5,4.5,4.5,9.65,4.99,4.66,586.28,33.54,551.82
2026-03-23,2026-03-01,FC-North,Swiftline,6,6,0,0,0,0.0,2.667,2.0,50.37,0.00,50.37,1493.02,279.69,0.00
2025-06-23,2025-06-01,FC-South,Metro Post,1,1,0,0,0,0.0,3.0,2.0,4.70,0.00,4.70,289.30,141.65,0.00
2025-11-15,2025-11-01,FC-South,Swiftline,3,3,0,0,0,0.0,3.333,2.333,31.58,0.00,31.58,1001.03,236.1,0.00
2026-02-18,2026-02-01,FC-Central,Swiftline,5,5,0,0,0,0.0,2.2,1.6,41.85,9.98,31.87,1966.64,632.95,0.00
2025-09-15,2025-09-01,FC-South,Swiftline,2,2,0,0,0,0.0,2.0,1.5,10.85,0.00,10.85,250.18,48.14,0.00
2025-07-07,2025-07-01,FC-Central,Metro Post,1,0,1,0,2,2.0,6.0,6.0,5.11,0.00,5.11,138.70,-5.11,138.70
2025-07-18,2025-07-01,FC-Central,Metro Post,1,1,0,0,0,0.0,4.0,4.0,6.10,0.00,6.10,203.39,78.15,0.00
2025-07-20,2025-07-01,FC-South,Swiftline,1,1,0,0,0,0.0,5.0,5.0,4.03,0.00,4.03,87.12,-4.03,0.00
2025-08-25,2025-08-01,FC-South,Metro Post,1,1,0,0,0,0.0,4.0,3.0,4.60,0.00,4.60,437.19,42.45,0.00
2025-07-24,2025-07-01,FC-North,Regional Freight,1,1,0,0,0,0.0,5.0,4.0,2.66,0.00,2.66,66.55,37.22,0.00
2025-11-09,2025-11-01,FC-Central,Swiftline,3,2,1,0,2,0.667,2.667,2.0,19.47,0.00,19.47,398.32,139.74,139.31
2025-07-24,2025-07-01,FC-South,Swiftline,2,1,1,0,1,0.5,3.5,3.0,11.04,0.00,11.04,220.23,65.44,155.05
2025-07-26,2025-07-01,FC-South,Metro Post,2,1,1,1,6,3.0,5.5,4.5,24.91,0.00,24.91,1141.97,307.03,742.82
2025-11-15,2025-11-01,FC-Central,Regional Freight,1,0,1,1,9,9.0,12.0,12.0,9.56,0.00,9.56,479.40,-53.42,479.40
2025-07-29,2025-07-01,FC-Central,Metro Post,3,2,1,1,6,2.0,5.333,4.667,16.16,0.00,16.16,847.78,125.04,188.66
2025-10-05,2025-10-01,FC-Central,Regional Freight,3,3,0,0,0,0.0,2.333,1.333,8.60,0.00,8.60,365.19,207.67,0.00
2025-08-28,2025-08-01,FC-North,Metro Post,4,4,0,0,0,0.0,3.25,2.5,18.96,4.99,13.97,951.65,195.75,0.00
2025-09-15,2025-09-01,FC-Central,Metro Post,3,3,0,0,0,0.0,3.0,2.333,20.62,0.00,20.62,457.41,142.36,0.00
2025-08-07,2025-08-01,FC-South,Metro Post,2,2,0,0,0,0.0,4.5,3.0,8.48,0.00,8.48,430.48,204.52,0.00
2025-08-14,2025-08-01,FC-South,Swiftline,1,1,0,0,0,0.0,3.0,2.0,3.79,0.00,3.79,99.97,53.7,0.00
2025-08-17,2025-08-01,FC-Central,Swiftline,2,2,0,0,0,0.0,3.0,2.5,18.92,0.00,18.92,926.06,201.17,0.00
2025-10-14,2025-10-01,FC-North,Swiftline,3,3,0,0,0,0.0,4.0,4.0,29.46,0.00,29.46,1186.44,189.77,0.00
2025-10-10,2025-10-01,FC-South,Regional Freight,5,4,1,1,4,0.8,4.0,3.2,36.24,0.00,36.24,1725.47,501.68,317.04
2025-08-18,2025-08-01,FC-South,Swiftline,1,1,0,0,0,0.0,3.0,3.0,9.25,0.00,9.25,519.58,173.08,0.00
2025-08-21,2025-08-01,FC-North,Metro Post,1,1,0,0,0,0.0,4.0,4.0,10.92,0.00,10.92,95.72,30.9,0.00
2026-04-05,2026-04-01,FC-North,Regional Freight,1,1,0,0,0,0.0,1.0,1.0,12.77,0.00,12.77,407.99,13.3,0.00
2025-12-05,2025-12-01,FC-Central,Metro Post,3,2,1,1,3,1.0,5.667,5.0,25.24,4.99,20.25,2050.01,207.98,728.92
2025-12-23,2025-12-01,FC-South,Swiftline,3,3,0,0,0,0.0,2.667,2.667,28.18,4.99,23.19,1142.72,402.03,0.00
2025-08-31,2025-08-01,FC-South,Swiftline,2,1,1,0,1,0.5,3.0,2.0,14.00,0.00,14.00,342.18,-139.31,67.74
2026-06-03,2026-06-01,FC-Central,Metro Post,2,2,0,0,0,0.0,2.5,2.5,24.79,0.00,24.79,518.14,122.48,0.00
2025-09-01,2025-09-01,FC-South,Swiftline,2,2,0,0,0,0.0,3.0,3.0,24.60,0.00,24.60,346.41,38.37,0.00
2026-01-23,2026-01-01,FC-North,Swiftline,3,3,0,0,0,0.0,3.333,2.333,24.30,0.00,24.30,602.07,80.77,0.00
2025-09-04,2025-09-01,FC-North,Swiftline,1,1,0,0,0,0.0,3.0,1.0,9.69,0.00,9.69,224.38,52.4,0.00
2026-02-24,2026-02-01,FC-North,Swiftline,1,1,0,0,0,0.0,2.0,2.0,10.39,0.00,10.39,695.32,199.97,0.00
2026-02-23,2026-02-01,FC-North,Swiftline,2,2,0,0,0,0.0,3.5,3.5,35.03,0.00,35.03,881.22,-9.5,0.00
2026-05-23,2026-05-01,FC-South,Swiftline,2,2,0,0,0,0.0,4.0,4.0,15.97,0.00,15.97,673.10,31.08,0.00
2025-10-16,2025-10-01,FC-Central,Metro Post,2,2,0,0,0,0.0,4.0,3.5,24.64,0.00,24.64,180.26,28.76,0.00
2025-11-09,2025-11-01,FC-North,Swiftline,2,2,0,0,0,0.0,3.0,2.5,19.36,0.00,19.36,475.83,175.44,0.00
2025-09-16,2025-09-01,FC-Central,Metro Post,2,2,0,0,0,0.0,2.0,2.0,16.38,0.00,16.38,569.76,221.96,0.00
2026-06-28,2026-06-01,FC-South,Metro Post,1,1,0,0,0,0.0,2.0,1.0,3.39,0.00,3.39,65.52,-3.39,0.00
2025-10-28,2025-10-01,FC-South,Regional Freight,1,1,0,0,0,0.0,2.0,1.0,5.29,0.00,5.29,47.86,15.62,0.00
2025-12-22,2025-12-01,FC-North,Regional Freight,2,1,1,0,1,0.5,3.0,3.0,5.73,0.00,5.73,334.91,135.1,112.24
2025-11-30,2025-11-01,FC-South,Metro Post,4,4,0,0,0,0.0,3.25,3.0,15.67,4.99,10.68,327.89,44.98,0.00
2026-06-07,2026-06-01,FC-North,Swiftline,2,2,0,0,0,0.0,3.0,2.5,23.46,0.00,23.46,899.87,252.56,0.00
2026-01-22,2026-01-01,FC-South,Regional Freight,3,3,0,0,0,0.0,3.0,2.667,18.89,0.00,18.89,974.35,406.73,0.00
2025-10-17,2025-10-01,FC-North,Swiftline,2,2,0,0,0,0.0,4.0,2.5,9.60,0.00,9.60,109.29,46.88,0.00
2026-04-11,2026-04-01,FC-South,Swiftline,3,2,1,0,1,0.333,3.0,2.333,17.43,0.00,17.43,425.89,110.09,129.87
2025-09-29,2025-09-01,FC-Central,Regional Freight,1,1,0,0,0,0.0,2.0,2.0,2.74,0.00,2.74,122.50,-2.74,0.00
2025-12-10,2025-12-01,FC-North,Swiftline,4,4,0,0,0,0.0,3.0,2.25,33.64,4.99,28.65,390.31,128.45,0.00
2025-12-30,2025-12-01,FC-Central,Metro Post,2,1,1,1,3,1.5,6.0,5.0,12.97,0.00,12.97,554.48,28.24,430.73
2025-12-07,2025-12-01,FC-South,Swiftline,2,2,0,0,0,0.0,5.0,5.0,18.86,0.00,18.86,221.60,44.12,0.00
2026-04-08,2026-04-01,FC-Central,Regional Freight,1,1,0,0,0,0.0,4.0,4.0,2.25,0.00,2.25,98.30,56.03,0.00
2025-10-29,2025-10-01,FC-South,Regional Freight,5,3,2,0,2,0.4,3.8,3.2,18.91,4.99,13.92,831.56,315.57,247.22
2025-10-10,2025-10-01,FC-North,Swiftline,3,3,0,0,0,0.0,3.333,3.333,29.15,0.00,29.15,599.46,190.65,0.00
2026-02-05,2026-02-01,FC-South,Regional Freight,6,3,3,1,5,0.833,4.167,3.833,19.02,4.99,14.03,984.51,432.15,179.88
2025-10-13,2025-10-01,FC-North,Swiftline,1,1,0,0,0,0.0,5.0,4.0,29.43,0.00,29.43,1288.98,66.98,0.00
2026-02-10,2026-02-01,FC-North,Metro Post,1,0,1,1,3,3.0,5.0,4.0,3.08,0.00,3.08,133.12,-3.08,133.12
2025-10-22,2025-10-01,FC-North,Regional Freight,1,1,0,0,0,0.0,2.0,2.0,10.06,0.00,10.06,946.94,132.14,0.00
2025-12-20,2025-12-01,FC-South,Regional Freight,5,2,3,1,6,1.2,4.4,3.6,31.21,4.99,26.22,619.83,158.04,264.49
2026-06-21,2026-06-01,FC-South,Regional Freight,1,1,0,0,0,0.0,4.0,2.0,11.92,0.00,11.92,979.10,233.7,0.00
2026-04-29,2026-04-01,FC-Central,Regional Freight,4,2,2,0,2,0.5,2.75,2.25,14.73,0.00,14.73,1375.18,495.32,728.10
2026-06-28,2026-06-01,FC-Central,Regional Freight,2,2,0,0,0,0.0,3.0,1.5,10.21,4.99,5.22,582.37,-58.36,0.00
2025-11-04,2025-11-01,FC-North,Metro Post,2,2,0,0,0,0.0,2.5,1.0,24.57,0.00,24.57,807.57,218.8,0.00
2025-11-05,2025-11-01,FC-Central,Metro Post,2,2,0,0,0,0.0,4.0,3.5,23.64,4.99,18.65,975.94,73.12,0.00
2025-11-07,2025-11-01,FC-Central,Regional Freight,2,2,0,0,0,0.0,2.5,2.0,9.04,0.00,9.04,505.24,230.71,0.00
2025-11-12,2025-11-01,FC-Central,Regional Freight,3,3,0,0,0,0.0,1.667,1.667,15.77,0.00,15.77,771.23,200.72,0.00
2025-11-14,2025-11-01,FC-Central,Swiftline,4,4,0,0,0,0.0,3.5,3.5,20.44,4.99,15.45,369.93,38.21,0.00
2025-12-17,2025-12-01,FC-Central,Metro Post,3,3,0,0,0,0.0,2.667,2.0,37.16,0.00,37.16,2138.53,274.75,0.00
2025-11-18,2025-11-01,FC-North,Metro Post,1,0,1,0,1,1.0,3.0,1.0,14.07,0.00,14.07,376.78,58.18,376.78
2026-02-09,2026-02-01,FC-South,Metro Post,4,4,0,0,0,0.0,2.75,2.25,28.23,0.00,28.23,1475.54,201.4,0.00
2026-05-11,2026-05-01,FC-Central,Metro Post,3,3,0,0,0,0.0,2.333,2.333,9.29,4.99,4.30,271.15,151.63,0.00
2025-11-29,2025-11-01,FC-Central,Metro Post,1,1,0,0,0,0.0,3.0,3.0,3.35,0.00,3.35,91.70,56.71,0.00
2026-02-01,2026-02-01,FC-North,Metro Post,1,0,1,0,1,1.0,3.0,1.0,3.59,0.00,3.59,166.85,64.51,166.85
2025-12-23,2025-12-01,FC-Central,Metro Post,3,3,0,0,0,0.0,3.667,3.333,12.18,0.00,12.18,344.78,17.63,0.00
2025-12-09,2025-12-01,FC-South,Regional Freight,2,2,0,0,0,0.0,2.5,2.5,5.20,4.99,0.21,95.74,37.88,0.00
2026-02-15,2026-02-01,FC-South,Regional Freight,4,2,2,1,5,1.25,4.25,4.0,31.28,0.00,31.28,2006.75,415.33,738.43
2026-05-28,2026-05-01,FC-Central,Metro Post,2,2,0,0,0,0.0,3.5,3.5,6.64,4.99,1.65,360.65,217.35,0.00
2025-12-12,2025-12-01,FC-South,Regional Freight,8,6,2,0,4,0.5,4.375,3.75,22.88,14.97,7.91,1158.20,310.3,221.85
2026-01-26,2026-01-01,FC-South,Metro Post,2,2,0,0,0,0.0,2.5,2.0,12.85,0.00,12.85,211.53,-74.19,0.00
2025-12-13,2025-12-01,FC-South,Regional Freight,2,2,0,0,0,0.0,2.5,2.5,6.12,0.00,6.12,623.79,187.26,0.00
2026-03-17,2026-03-01,FC-South,Metro Post,2,2,0,0,0,0.0,2.0,1.5,17.60,0.00,17.60,1484.72,93.5,0.00
2026-02-15,2026-02-01,FC-North,Swiftline,3,3,0,0,0,0.0,2.333,2.0,25.10,4.99,20.11,462.34,87.17,0.00
2025-12-28,2025-12-01,FC-South,Metro Post,1,1,0,0,0,0.0,2.0,1.0,7.40,0.00,7.40,305.32,139.09,0.00
2026-04-13,2026-04-01,FC-Central,Swiftline,6,6,0,0,0,0.0,2.333,2.333,36.04,4.99,31.05,1641.28,227.07,0.00
2026-06-18,2026-06-01,FC-South,Metro Post,1,1,0,0,0,0.0,3.0,3.0,3.10,4.99,-1.89,31.99,22.14,0.00
2026-04-04,2026-04-01,FC-North,Regional Freight,3,3,0,0,0,0.0,2.333,2.333,13.73,4.99,8.74,712.71,309.12,0.00
2026-01-18,2026-01-01,FC-Central,Swiftline,1,1,0,0,0,0.0,2.0,2.0,3.91,0.00,3.91,158.73,93.08,0.00
2026-05-01,2026-05-01,FC-Central,Regional Freight,1,1,0,0,0,0.0,3.0,2.0,6.65,0.00,6.65,674.65,238.28,0.00
2026-04-23,2026-04-01,FC-Central,Regional Freight,3,3,0,0,0,0.0,4.0,4.0,17.71,0.00,17.71,1747.84,389.85,0.00
2026-02-28,2026-02-01,FC-Central,Regional Freight,1,1,0,0,0,0.0,3.0,2.0,2.53,0.00,2.53,145.46,89.79,0.00
2026-06-23,2026-06-01,FC-South,Regional Freight,1,0,1,1,3,3.0,7.0,7.0,4.09,0.00,4.09,142.62,32.47,142.62
2026-03-15,2026-03-01,FC-North,Swiftline,4,4,0,0,0,0.0,3.0,2.25,28.85,0.00,28.85,750.70,188.97,0.00
2026-04-12,2026-04-01,FC-South,Regional Freight,5,4,1,1,4,0.8,4.4,4.0,18.55,4.99,13.56,1101.93,65.69,44.67
2026-02-08,2026-02-01,FC-Central,Swiftline,1,1,0,0,0,0.0,4.0,4.0,5.16,0.00,5.16,346.87,214.86,0.00
2026-02-26,2026-02-01,FC-Central,Regional Freight,1,0,1,1,3,3.0,7.0,7.0,9.02,0.00,9.02,259.21,12.64,259.21
2026-03-25,2026-03-01,FC-North,Metro Post,3,2,1,1,3,1.0,3.667,3.333,25.88,0.00,25.88,493.25,119.27,223.80
2026-03-26,2026-03-01,FC-South,Regional Freight,3,3,0,0,0,0.0,3.333,2.333,17.47,0.00,17.47,639.12,145.92,0.00
2026-02-20,2026-02-01,FC-Central,Swiftline,2,2,0,0,0,0.0,2.0,2.0,11.10,4.99,6.11,169.59,73.19,0.00
2026-05-24,2026-05-01,FC-Central,Metro Post,1,1,0,0,0,0.0,2.0,2.0,5.02,0.00,5.02,105.10,21.28,0.00
2026-03-25,2026-03-01,FC-Central,Metro Post,1,1,0,0,0,0.0,2.0,1.0,3.40,0.00,3.40,177.86,94.08,0.00
2026-03-12,2026-03-01,FC-North,Regional Freight,1,1,0,0,0,0.0,3.0,1.0,9.62,0.00,9.62,537.84,109.54,0.00
2026-03-24,2026-03-01,FC-South,Metro Post,1,1,0,0,0,0.0,4.0,3.0,3.56,0.00,3.56,94.68,37.23,0.00
2026-06-08,2026-06-01,FC-North,Metro Post,1,1,0,0,0,0.0,2.0,2.0,14.69,0.00,14.69,235.05,59.66,0.00
2026-03-29,2026-03-01,FC-Central,Metro Post,4,4,0,0,0,0.0,3.0,2.75,27.15,0.00,27.15,1418.99,414.55,0.00
2026-05-25,2026-05-01,FC-North,Swiftline,3,3,0,0,0,0.0,3.333,3.333,48.11,0.00,48.11,1384.79,242.0,0.00
2026-04-18,2026-04-01,FC-South,Regional Freight,2,1,1,1,6,3.0,7.0,6.5,22.24,0.00,22.24,1761.38,359.71,1167.82
2026-04-27,2026-04-01,FC-Central,Swiftline,2,2,0,0,0,0.0,3.0,2.5,21.77,0.00,21.77,1262.84,282.33,0.00
2026-05-04,2026-05-01,FC-South,Metro Post,3,2,1,1,9,3.0,6.0,6.0,27.19,0.00,27.19,533.89,118.02,208.64
2026-05-11,2026-05-01,FC-South,Swiftline,1,1,0,0,0,0.0,2.0,2.0,5.08,0.00,5.08,72.99,24.45,0.00
2026-05-14,2026-05-01,FC-South,Swiftline,1,1,0,0,0,0.0,4.0,3.0,5.18,0.00,5.18,768.42,164.7,0.00
2026-06-27,2026-06-01,FC-North,Swiftline,1,1,0,0,0,0.0,4.0,3.0,5.30,0.00,5.30,135.44,65.78,0.00
2024-01-28,2024-01-01,FC-Central,Metro Post,1,1,0,0,0,0.0,4.0,3.0,3.07,0.00,3.07,55.17,27.39,0.00
2024-01-04,2024-01-01,FC-Central,Swiftline,3,3,0,0,0,0.0,2.667,2.333,21.74,4.99,16.75,717.83,151.24,0.00
2024-01-31,2024-01-01,FC-South,Metro Post,2,2,0,0,0,0.0,3.0,3.0,8.42,0.00,8.42,218.06,107.0,0.00
2024-01-12,2024-01-01,FC-South,Swiftline,1,1,0,0,0,0.0,4.0,3.0,4.47,0.00,4.47,210.13,67.34,0.00
2024-05-15,2024-05-01,FC-South,Metro Post,1,1,0,0,0,0.0,3.0,3.0,7.13,0.00,7.13,184.72,67.22,0.00
2024-02-29,2024-02-01,FC-Central,Swiftline,1,1,0,0,0,0.0,4.0,3.0,6.09,0.00,6.09,189.35,11.27,0.00
2024-09-08,2024-09-01,FC-Central,Swiftline,3,3,0,0,0,0.0,2.333,2.333,31.75,0.00,31.75,1193.78,-177.51,0.00
2024-11-29,2024-11-01,FC-Central,Regional Freight,4,4,0,0,0,0.0,2.5,2.25,30.77,0.00,30.77,1410.71,308.93,0.00
2024-12-22,2024-12-01,FC-North,Metro Post,3,3,0,0,0,0.0,2.333,1.667,41.19,0.00,41.19,1483.91,348.48,0.00
2024-01-20,2024-01-01,FC-North,Swiftline,3,3,0,0,0,0.0,2.667,2.333,51.75,0.00,51.75,704.97,87.64,0.00
2024-01-22,2024-01-01,FC-South,Regional Freight,4,4,0,0,0,0.0,3.25,2.5,26.18,4.99,21.19,715.95,275.71,0.00
2024-01-22,2024-01-01,FC-North,Swiftline,1,1,0,0,0,0.0,4.0,4.0,23.65,0.00,23.65,829.82,99.59,0.00
2024-01-30,2024-01-01,FC-South,Regional Freight,2,1,1,0,1,0.5,3.0,2.5,5.43,0.00,5.43,284.33,101.71,167.69
2025-02-15,2025-02-01,FC-North,Metro Post,2,2,0,0,0,0.0,2.0,1.5,32.74,0.00,32.74,1557.00,592.27,0.00
2024-03-31,2024-03-01,FC-North,Regional Freight,1,1,0,0,0,0.0,3.0,2.0,2.26,4.99,-2.73,41.79,22.9,0.00
2024-02-07,2024-02-01,FC-South,Metro Post,1,1,0,0,0,0.0,4.0,4.0,3.08,0.00,3.08,125.23,-62.51,0.00
2024-02-04,2024-02-01,FC-Central,Swiftline,1,1,0,0,0,0.0,3.0,3.0,15.56,0.00,15.56,769.45,31.49,0.00
2024-03-10,2024-03-01,FC-South,Swiftline,1,1,0,0,0,0.0,1.0,1.0,14.48,0.00,14.48,472.41,221.98,0.00
2024-02-16,2024-02-01,FC-Central,Regional Freight,1,1,0,0,0,0.0,3.0,2.0,9.42,0.00,9.42,1029.44,25.23,0.00
2024-02-20,2024-02-01,FC-South,Swiftline,1,1,0,0,0,0.0,3.0,2.0,11.96,0.00,11.96,53.64,-6.52,0.00
2024-05-31,2024-05-01,FC-North,Metro Post,3,2,1,0,2,0.667,4.333,4.333,18.54,0.00,18.54,534.12,284.15,148.15
2024-02-20,2024-02-01,FC-Central,Swiftline,1,1,0,0,0,0.0,2.0,1.0,11.57,0.00,11.57,58.89,5.17,0.00
2024-02-21,2024-02-01,FC-South,Regional Freight,1,1,0,0,0,0.0,1.0,1.0,11.76,0.00,11.76,827.98,51.84,0.00
2024-04-24,2024-04-01,FC-North,Swiftline,1,1,0,0,0,0.0,4.0,3.0,11.33,0.00,11.33,327.19,55.4,0.00
2024-10-21,2024-10-01,FC-North,Swiftline,6,4,2,0,2,0.333,3.5,3.167,47.20,0.00,47.20,1938.21,266.51,376.24
2024-02-23,2024-02-01,FC-South,Regional Freight,1,1,0,0,0,0.0,3.0,2.0,6.80,0.00,6.80,513.77,60.99,0.00
2024-10-10,2024-10-01,FC-Central,Regional Freight,2,2,0,0,0,0.0,4.5,4.5,10.33,0.00,10.33,225.77,60.95,0.00
2024-05-27,2024-05-01,FC-North,Swiftline,1,1,0,0,0,0.0,2.0,2.0,5.65,0.00,5.65,260.61,33.69,0.00
2024-03-14,2024-03-01,FC-North,Swiftline,5,5,0,0,0,0.0,3.0,2.2,55.60,0.00,55.60,791.61,229.19,0.00
2024-07-09,2024-07-01,FC-South,Swiftline,1,1,0,0,0,0.0,5.0,5.0,8.99,0.00,8.99,134.64,8.7,0.00
2024-03-14,2024-03-01,FC-Central,Swiftline,1,1,0,0,0,0.0,2.0,2.0,7.51,0.00,7.51,184.91,-29.18,0.00
2024-05-30,2024-05-01,FC-South,Metro Post,2,1,1,0,1,0.5,5.5,5.5,13.33,0.00,13.33,970.68,281.23,196.07
2024-03-18,2024-03-01,FC-South,Swiftline,1,0,1,0,1,1.0,5.0,4.0,3.95,0.00,3.95,89.75,-3.95,89.75
2024-03-21,2024-03-01,FC-North,Swiftline,1,1,0,0,0,0.0,2.0,2.0,7.90,0.00,7.90,793.70,62.48,0.00
2024-04-14,2024-04-01,FC-North,Swiftline,4,4,0,0,0,0.0,2.5,2.5,31.73,0.00,31.73,1269.28,163.86,0.00
2024-03-20,2024-03-01,FC-South,Regional Freight,3,1,2,2,10,3.333,7.0,6.667,21.22,0.00,21.22,1009.10,129.92,694.84
2024-06-06,2024-06-01,FC-South,Metro Post,1,1,0,0,0,0.0,3.0,3.0,6.85,4.99,1.86,26.40,9.37,0.00
2024-11-29,2024-11-01,FC-South,Metro Post,5,4,1,0,2,0.4,4.0,3.4,28.07,0.00,28.07,848.87,292.98,83.50
2024-04-17,2024-04-01,FC-South,Swiftline,2,2,0,0,0,0.0,3.0,2.0,28.84,0.00,28.84,751.10,132.29,0.00
2024-10-04,2024-10-01,FC-North,Swiftline,4,3,1,0,1,0.25,4.25,3.25,57.61,4.99,52.62,825.55,135.83,211.86
2024-05-01,2024-05-01,FC-Central,Metro Post,1,0,1,1,3,3.0,8.0,8.0,11.84,0.00,11.84,171.16,21.13,171.16
2024-05-12,2024-05-01,FC-North,Regional Freight,1,1,0,0,0,0.0,2.0,1.0,3.11,0.00,3.11,209.84,47.55,0.00
2024-04-03,2024-04-01,FC-South,Regional Freight,5,3,2,0,4,0.8,5.2,4.4,26.70,4.99,21.71,1499.04,355.61,98.84
2024-04-04,2024-04-01,FC-South,Metro Post,1,1,0,0,0,0.0,4.0,4.0,5.31,0.00,5.31,284.75,58.25,0.00
2024-04-11,2024-04-01,FC-North,Metro Post,4,4,0,0,0,0.0,2.0,1.75,30.03,0.00,30.03,1781.30,277.96,0.00
2024-05-23,2024-05-01,FC-Central,Regional Freight,1,1,0,0,0,0.0,3.0,3.0,4.13,0.00,4.13,173.70,80.78,0.00
2024-04-14,2024-04-01,FC-Central,Swiftline,1,1,0,0,0,0.0,5.0,3.0,16.89,0.00,16.89,834.07,261.61,0.00
2024-07-17,2024-07-01,FC-South,Swiftline,1,1,0,0,0,0.0,3.0,2.0,6.42,0.00,6.42,284.19,130.59,0.00
2024-05-29,2024-05-01,FC-South,Metro Post,4,4,0,0,0,0.0,2.25,1.5,45.46,0.00,45.46,1587.22,613.33,0.00
2024-09-06,2024-09-01,FC-South,Swiftline,2,2,0,0,0,0.0,3.5,3.5,19.86,0.00,19.86,1277.78,148.0,0.00
2024-04-19,2024-04-01,FC-Central,Metro Post,1,1,0,0,0,0.0,1.0,1.0,5.75,4.99,0.76,22.27,8.94,0.00
2025-01-21,2025-01-01,FC-North,Metro Post,2,2,0,0,0,0.0,3.0,2.0,16.13,0.00,16.13,680.37,320.76,0.00
2025-03-31,2025-03-01,FC-North,Swiftline,5,5,0,0,0,0.0,3.0,2.2,35.41,4.99,30.42,1304.84,253.74,0.00
2025-02-19,2025-02-01,FC-South,Metro Post,2,1,1,0,1,0.5,3.5,3.5,25.09,0.00,25.09,447.54,106.1,178.74
2024-12-06,2024-12-01,FC-North,Metro Post,5,4,1,0,1,0.2,3.6,3.2,39.80,4.99,34.81,762.21,183.56,125.96
2024-06-11,2024-06-01,FC-Central,Swiftline,1,1,0,0,0,0.0,3.0,2.0,11.51,0.00,11.51,97.95,29.13,0.00
2024-06-24,2024-06-01,FC-Central,Metro Post,3,3,0,0,0,0.0,3.333,3.0,21.84,0.00,21.84,1024.05,257.09,0.00
2025-05-03,2025-05-01,FC-Central,Regional Freight,3,3,0,0,0,0.0,2.0,2.0,7.89,0.00,7.89,480.83,253.89,0.00
2024-05-01,2024-05-01,FC-South,Swiftline,1,1,0,0,0,0.0,4.0,4.0,4.18,0.00,4.18,103.62,53.96,0.00
2024-04-29,2024-04-01,FC-North,Metro Post,1,1,0,0,0,0.0,3.0,3.0,8.26,0.00,8.26,273.06,28.56,0.00
2024-05-02,2024-05-01,FC-Central,Swiftline,2,2,0,0,0,0.0,4.0,4.0,25.82,0.00,25.82,268.56,29.34,0.00
2024-12-03,2024-12-01,FC-South,Regional Freight,5,2,3,2,9,1.8,5.8,5.0,28.17,4.99,23.18,1745.78,266.63,182.70
2024-05-05,2024-05-01,FC-North,Regional Freight,1,1,0,0,0,0.0,3.0,1.0,3.39,0.00,3.39,111.27,14.5,0.00
2024-05-06,2024-05-01,FC-South,Regional Freight,4,3,1,0,1,0.25,4.25,3.25,26.74,0.00,26.74,816.62,334.54,137.63
2024-05-10,2024-05-01,FC-South,Regional Freight,1,1,0,0,0,0.0,3.0,2.0,18.77,0.00,18.77,598.60,117.35,0.00
2024-06-16,2024-06-01,FC-South,Regional Freight,2,2,0,0,0,0.0,2.5,1.5,6.54,4.99,1.55,594.25,284.76,0.00
2024-05-14,2024-05-01,FC-South,Regional Freight,2,1,1,1,6,3.0,7.5,7.0,13.38,0.00,13.38,917.35,115.79,67.62
2024-09-21,2024-09-01,FC-North,Swiftline,2,2,0,0,0,0.0,3.0,2.5,20.98,0.00,20.98,777.04,320.26,0.00
2024-05-15,2024-05-01,FC-Central,Regional Freight,1,1,0,0,0,0.0,3.0,3.0,5.13,0.00,5.13,461.39,-41.69,0.00
2024-08-02,2024-08-01,FC-South,Regional Freight,3,1,2,1,5,1.667,4.333,4.0,20.73,0.00,20.73,1529.77,208.99,1362.79
2024-09-30,2024-09-01,FC-North,Swiftline,1,1,0,0,0,0.0,2.0,2.0,6.12,0.00,6.12,206.19,50.35,0.00
2024-08-09,2024-08-01,FC-Central,Regional Freight,3,1,2,1,10,3.333,5.0,4.333,13.84,0.00,13.84,993.08,454.07,802.66
2024-05-21,2024-05-01,FC-South,Metro Post,2,2,0,0,0,0.0,4.5,4.5,20.82,0.00,20.82,1342.55,-72.61,0.00
2024-09-11,2024-09-01,FC-South,Regional Freight,5,4,1,0,1,0.2,3.6,3.2,15.26,4.99,10.27,705.01,302.33,208.44
2024-10-19,2024-10-01,FC-Central,Metro Post,2,2,0,0,0,0.0,3.0,2.5,8.11,0.00,8.11,265.76,84.78,0.00
2024-07-15,2024-07-01,FC-North,Swiftline,1,1,0,0,0,0.0,3.0,2.0,4.08,0.00,4.08,90.63,40.28,0.00
2024-12-14,2024-12-01,FC-South,Swiftline,4,3,1,1,3,0.75,5.0,3.75,27.34,4.99,22.35,934.56,127.79,44.41
2024-05-25,2024-05-01,FC-North,Metro Post,1,1,0,0,0,0.0,3.0,3.0,15.67,0.00,15.67,572.76,108.17,0.00
2024-05-29,2024-05-01,FC-Central,Regional Freight,2,2,0,0,0,0.0,4.0,3.5,17.16,0.00,17.16,649.58,212.76,0.00
2024-05-31,2024-05-01,FC-South,Regional Freight,1,0,1,1,3,3.0,5.0,5.0,3.89,0.00,3.89,162.26,-82.16,162.26
2024-08-20,2024-08-01,FC-South,Metro Post,3,1,2,1,4,1.333,5.333,5.333,25.59,0.00,25.59,1165.48,310.38,891.04
2024-09-08,2024-09-01,FC-North,Swiftline,2,2,0,0,0,0.0,2.5,2.5,16.17,0.00,16.17,603.06,282.18,0.00
2024-06-07,2024-06-01,FC-South,Metro Post,3,3,0,0,0,0.0,2.0,1.667,12.23,0.00,12.23,342.18,144.43,0.00
2024-09-24,2024-09-01,FC-Central,Regional Freight,2,1,1,1,6,3.0,6.0,5.5,13.33,0.00,13.33,1050.70,263.71,448.18
2024-08-28,2024-08-01,FC-South,Metro Post,3,3,0,0,0,0.0,3.0,2.333,18.11,0.00,18.11,913.02,323.91,0.00
2024-10-14,2024-10-01,FC-North,Swiftline,4,4,0,0,0,0.0,2.5,2.25,47.74,0.00,47.74,2026.47,99.1,0.00
2025-04-14,2025-04-01,FC-South,Swiftline,2,2,0,0,0,0.0,3.5,2.5,12.78,4.99,7.79,102.27,25.41,0.00
2025-08-22,2025-08-01,FC-Central,Regional Freight,1,1,0,0,0,0.0,4.0,4.0,2.99,0.00,2.99,448.18,40.21,0.00
2024-08-10,2024-08-01,FC-Central,Regional Freight,1,1,0,0,0,0.0,2.0,2.0,3.37,0.00,3.37,244.59,-10.74,0.00
2025-12-27,2025-12-01,FC-South,Metro Post,3,3,0,0,0,0.0,2.667,2.0,25.56,0.00,25.56,1022.27,220.28,0.00
2024-12-04,2024-12-01,FC-South,Metro Post,4,4,0,0,0,0.0,3.25,2.75,25.61,0.00,25.61,643.11,-80.23,0.00
2025-07-17,2025-07-01,FC-South,Swiftline,1,1,0,0,0,0.0,1.0,1.0,3.99,0.00,3.99,62.01,31.69,0.00
2026-06-17,2026-06-01,FC-Central,Swiftline,3,2,1,0,1,0.333,3.0,2.667,17.11,0.00,17.11,376.48,94.42,79.83
2024-10-02,2024-10-01,FC-Central,Metro Post,1,1,0,0,0,0.0,4.0,3.0,3.51,0.00,3.51,174.24,96.17,0.00
2024-06-30,2024-06-01,FC-North,Swiftline,2,2,0,0,0,0.0,2.5,2.0,22.88,0.00,22.88,591.48,230.0,0.00
2024-07-03,2024-07-01,FC-North,Regional Freight,1,1,0,0,0,0.0,3.0,3.0,7.01,0.00,7.01,168.71,-7.01,0.00
2025-03-31,2025-03-01,FC-Central,Swiftline,2,2,0,0,0,0.0,3.5,3.0,22.76,0.00,22.76,648.46,241.32,0.00
2025-11-24,2025-11-01,FC-South,Metro Post,5,2,3,1,12,2.4,5.6,5.4,32.45,0.00,32.45,1071.28,99.77,915.49
2024-11-10,2024-11-01,FC-North,Regional Freight,2,1,1,0,2,1.0,4.0,4.0,11.99,0.00,11.99,552.31,7.59,131.44
2025-02-08,2025-02-01,FC-North,Swiftline,3,3,0,0,0,0.0,3.0,3.0,29.00,0.00,29.00,875.99,223.26,0.00
2025-02-25,2025-02-01,FC-South,Metro Post,5,5,0,0,0,0.0,2.8,2.2,39.32,0.00,39.32,1056.69,349.56,0.00
2024-09-09,2024-09-01,FC-Central,Regional Freight,1,1,0,0,0,0.0,2.0,2.0,4.15,0.00,4.15,544.42,82.19,0.00
2024-07-22,2024-07-01,FC-South,Metro Post,1,1,0,0,0,0.0,4.0,3.0,3.20,4.99,-1.79,22.68,11.15,0.00
2024-07-24,2024-07-01,FC-North,Regional Freight,1,1,0,0,0,0.0,3.0,3.0,2.47,0.00,2.47,99.69,42.28,0.00
2024-07-23,2024-07-01,FC-South,Metro Post,2,1,1,0,1,0.5,2.5,1.0,13.67,0.00,13.67,366.70,149.77,181.49
2024-09-27,2024-09-01,FC-South,Swiftline,2,2,0,0,0,0.0,3.5,2.5,36.63,0.00,36.63,931.86,279.22,0.00
2024-10-26,2024-10-01,FC-South,Regional Freight,5,3,2,2,12,2.4,5.6,5.2,39.86,4.99,34.87,1061.35,238.2,468.04
2024-08-28,2024-08-01,FC-Central,Swiftline,1,1,0,0,0,0.0,2.0,1.0,8.67,0.00,8.67,272.30,20.47,0.00
2024-10-17,2024-10-01,FC-South,Regional Freight,6,4,2,1,5,0.833,3.5,3.333,40.73,0.00,40.73,1166.41,300.3,287.84
2024-08-06,2024-08-01,FC-Central,Swiftline,2,2,0,0,0,0.0,2.5,1.0,22.04,0.00,22.04,515.11,250.69,0.00
2024-11-07,2024-11-01,FC-South,Swiftline,3,3,0,0,0,0.0,2.0,2.0,16.05,0.00,16.05,1162.84,129.37,0.00
2024-08-04,2024-08-01,FC-Central,Swiftline,1,1,0,0,0,0.0,1.0,1.0,15.80,0.00,15.80,77.32,11.81,0.00
2026-04-03,2026-04-01,FC-North,Regional Freight,2,2,0,0,0,0.0,4.0,3.5,9.58,0.00,9.58,686.54,10.44,0.00
2024-08-08,2024-08-01,FC-South,Metro Post,3,2,1,0,1,0.333,3.667,2.333,16.55,0.00,16.55,773.30,324.46,164.80
2024-09-04,2024-09-01,FC-South,Metro Post,2,1,1,0,2,1.0,4.0,2.5,8.11,0.00,8.11,483.13,109.2,145.58
2025-02-22,2025-02-01,FC-Central,Regional Freight,1,1,0,0,0,0.0,2.0,2.0,5.42,0.00,5.42,189.90,79.33,0.00
2024-10-06,2024-10-01,FC-South,Metro Post,3,2,1,1,4,1.333,4.0,3.667,24.80,0.00,24.80,1310.41,202.51,292.61
2025-05-09,2025-05-01,FC-Central,Swiftline,3,3,0,0,0,0.0,2.0,2.0,30.08,0.00,30.08,1219.41,237.41,0.00
2024-08-26,2024-08-01,FC-Central,Swiftline,2,2,0,0,0,0.0,2.5,2.5,7.59,4.99,2.60,115.55,63.81,0.00
2024-10-21,2024-10-01,FC-Central,Swiftline,2,2,0,0,0,0.0,3.5,3.5,17.84,0.00,17.84,536.70,88.58,0.00
2024-11-20,2024-11-01,FC-South,Swiftline,3,3,0,0,0,0.0,1.667,1.0,24.18,0.00,24.18,697.77,66.59,0.00
2024-12-01,2024-12-01,FC-South,Regional Freight,2,1,1,0,2,1.0,4.5,3.5,10.92,0.00,10.92,370.65,38.92,176.21
2024-08-29,2024-08-01,FC-Central,Metro Post,1,1,0,0,0,0.0,2.0,1.0,3.16,0.00,3.16,186.86,22.85,0.00
2024-08-30,2024-08-01,FC-Central,Metro Post,1,0,1,0,1,1.0,6.0,5.0,3.56,0.00,3.56,128.93,64.35,128.93
2025-01-08,2025-01-01,FC-Central,Swiftline,2,2,0,0,0,0.0,1.5,1.5,16.45,0.00,16.45,360.26,180.87,0.00
2024-12-08,2024-12-01,FC-Central,Swiftline,4,4,0,0,0,0.0,3.0,2.75,58.40,0.00,58.40,950.12,442.93,0.00
2024-12-15,2024-12-01,FC-South,Regional Freight,4,4,0,0,0,0.0,2.75,2.25,11.07,14.97,-3.90,174.75,74.83,0.00
2025-01-30,2025-01-01,FC-South,Metro Post,1,1,0,0,0,0.0,3.0,2.0,10.85,0.00,10.85,332.26,129.07,0.00
2025-03-02,2025-03-01,FC-North,Metro Post,2,2,0,0,0,0.0,2.0,1.0,17.73,0.00,17.73,317.60,65.56,0.00
2024-12-26,2024-12-01,FC-South,Metro Post,1,0,1,1,3,3.0,6.0,6.0,10.04,0.00,10.04,623.51,143.54,623.51
2024-09-25,2024-09-01,FC-Central,Swiftline,1,1,0,0,0,0.0,4.0,4.0,6.52,4.99,1.53,38.00,10.64,0.00
2025-01-02,2025-01-01,FC-South,Regional Freight,5,4,1,1,6,1.2,4.2,3.8,29.46,4.99,24.47,505.33,69.74,156.81
2025-03-16,2025-03-01,FC-North,Swiftline,1,1,0,0,0,0.0,3.0,3.0,4.91,4.99,-0.08,44.28,25.21,0.00
2024-09-29,2024-09-01,FC-South,Regional Freight,1,1,0,0,0,0.0,5.0,4.0,9.38,0.00,9.38,1118.40,233.46,0.00
2024-12-13,2024-12-01,FC-South,Regional Freight,2,1,1,0,1,0.5,4.5,3.0,6.39,0.00,6.39,186.99,65.89,83.50
2025-01-24,2025-01-01,FC-Central,Metro Post,2,2,0,0,0,0.0,2.5,2.0,9.11,0.00,9.11,761.86,143.29,0.00
2024-10-08,2024-10-01,FC-Central,Metro Post,2,1,1,1,3,1.5,5.0,4.5,10.10,0.00,10.10,221.37,-35.29,105.01
2025-02-14,2025-02-01,FC-North,Metro Post,2,2,0,0,0,0.0,4.0,4.0,12.30,0.00,12.30,912.73,76.59,0.00
2024-11-01,2024-11-01,FC-South,Swiftline,1,1,0,0,0,0.0,4.0,3.0,9.94,0.00,9.94,327.98,143.98,0.00
2025-01-06,2025-01-01,FC-South,Swiftline,4,4,0,0,0,0.0,3.5,2.75,25.47,0.00,25.47,709.07,3.65,0.00
2024-12-28,2024-12-01,FC-South,Swiftline,3,3,0,0,0,0.0,1.667,1.333,23.71,0.00,23.71,1094.83,155.96,0.00
2024-10-11,2024-10-01,FC-South,Metro Post,2,2,0,0,0,0.0,3.0,2.5,6.16,9.98,-3.82,80.92,46.62,0.00
2025-05-15,2025-05-01,FC-South,Swiftline,2,2,0,0,0,0.0,2.5,2.5,15.02,0.00,15.02,731.10,137.4,0.00
2025-01-15,2025-01-01,FC-Central,Metro Post,2,2,0,0,0,0.0,3.0,2.5,15.61,0.00,15.61,860.53,-101.1,0.00
2024-10-18,2024-10-01,FC-Central,Regional Freight,1,1,0,0,0,0.0,4.0,3.0,5.22,0.00,5.22,700.63,332.52,0.00
2026-03-04,2026-03-01,FC-North,Metro Post,2,2,0,0,0,0.0,3.5,3.5,19.00,0.00,19.00,424.36,155.3,0.00
2025-06-08,2025-06-01,FC-Central,Regional Freight,1,1,0,0,0,0.0,4.0,3.0,2.70,0.00,2.70,94.68,-56.59,0.00
2024-10-26,2024-10-01,FC-Central,Swiftline,2,2,0,0,0,0.0,2.5,2.5,18.80,0.00,18.80,737.33,259.33,0.00
2024-10-30,2024-10-01,FC-Central,Swiftline,2,2,0,0,0,0.0,3.5,2.5,15.67,0.00,15.67,870.25,236.14,0.00
2025-03-17,2025-03-01,FC-South,Regional Freight,4,3,1,1,3,0.75,3.25,2.5,17.24,0.00,17.24,862.65,279.34,475.61
2025-07-19,2025-07-01,FC-North,Swiftline,1,1,0,0,0,0.0,3.0,2.0,8.49,0.00,8.49,145.16,40.5,0.00
2024-11-10,2024-11-01,FC-Central,Swiftline,2,2,0,0,0,0.0,3.0,3.0,17.74,0.00,17.74,699.01,192.46,0.00
2025-07-01,2025-07-01,FC-Central,Regional Freight,4,3,1,1,4,1.0,3.75,3.0,17.82,4.99,12.83,757.13,42.07,370.89
2024-12-20,2024-12-01,FC-North,Regional Freight,1,1,0,0,0,0.0,3.0,1.0,2.79,0.00,2.79,335.75,212.16,0.00
2025-03-18,2025-03-01,FC-North,Metro Post,2,1,1,0,2,1.0,4.5,4.0,9.40,0.00,9.40,699.29,237.24,635.93
2025-06-27,2025-06-01,FC-North,Swiftline,2,2,0,0,0,0.0,2.0,2.0,15.84,0.00,15.84,150.52,1.9,0.00
2025-04-23,2025-04-01,FC-Central,Metro Post,1,1,0,0,0,0.0,5.0,4.0,9.30,0.00,9.30,677.35,93.4,0.00
2025-01-28,2025-01-01,FC-North,Swiftline,2,2,0,0,0,0.0,3.5,3.0,11.74,4.99,6.75,451.45,159.57,0.00
2024-11-20,2024-11-01,FC-Central,Swiftline,2,1,1,0,2,1.0,4.5,4.5,19.04,0.00,19.04,578.45,115.71,434.71
2024-11-24,2024-11-01,FC-Central,Regional Freight,2,2,0,0,0,0.0,2.5,1.5,5.47,0.00,5.47,164.80,41.26,0.00
2026-01-24,2026-01-01,FC-South,Regional Freight,1,1,0,0,0,0.0,5.0,5.0,7.39,0.00,7.39,53.02,14.27,0.00
2025-03-03,2025-03-01,FC-Central,Regional Freight,2,2,0,0,0,0.0,2.5,1.5,8.51,0.00,8.51,516.86,77.2,0.00
2025-02-15,2025-02-01,FC-South,Metro Post,2,2,0,0,0,0.0,4.0,4.0,18.31,0.00,18.31,622.50,63.16,0.00
2025-01-12,2025-01-01,FC-South,Regional Freight,2,2,0,0,0,0.0,3.5,3.5,4.91,0.00,4.91,151.79,84.21,0.00
2025-09-19,2025-09-01,FC-South,Regional Freight,3,3,0,0,0,0.0,3.0,1.667,18.60,0.00,18.60,515.47,191.57,0.00
2024-12-08,2024-12-01,FC-North,Metro Post,1,1,0,0,0,0.0,4.0,4.0,3.18,0.00,3.18,90.94,-3.18,0.00
2025-05-16,2025-05-01,FC-South,Regional Freight,3,2,1,1,3,1.0,5.0,4.333,19.19,0.00,19.19,882.00,146.88,389.43
2024-12-09,2024-12-01,FC-Central,Regional Freight,1,1,0,0,0,0.0,3.0,1.0,3.02,0.00,3.02,130.86,72.16,0.00
2025-04-01,2025-04-01,FC-South,Metro Post,3,3,0,0,0,0.0,3.0,2.0,23.05,4.99,18.06,1185.19,84.23,0.00
2025-06-26,2025-06-01,FC-Central,Metro Post,2,2,0,0,0,0.0,4.5,4.5,12.84,0.00,12.84,834.66,402.86,0.00
2025-01-29,2025-01-01,FC-South,Metro Post,3,2,1,0,1,0.333,3.333,3.333,18.31,0.00,18.31,958.06,96.51,234.15
2026-01-27,2026-01-01,FC-Central,Swiftline,5,3,2,0,2,0.4,3.4,2.4,54.72,9.98,44.74,1041.84,202.32,238.90
2025-04-17,2025-04-01,FC-North,Swiftline,1,1,0,0,0,0.0,2.0,2.0,10.95,4.99,5.96,18.93,-5.96,0.00
2024-12-18,2024-12-01,FC-North,Swiftline,3,2,1,1,6,2.0,5.667,5.667,17.74,4.99,12.75,479.97,78.1,164.20
2025-03-12,2025-03-01,FC-North,Metro Post,1,1,0,0,0,0.0,3.0,3.0,3.60,0.00,3.60,128.15,6.01,0.00
2024-12-18,2024-12-01,FC-Central,Regional Freight,2,1,1,0,1,0.5,3.5,3.5,8.44,0.00,8.44,416.88,193.75,166.64
2025-09-17,2025-09-01,FC-North,Swiftline,3,3,0,0,0,0.0,2.667,2.667,21.58,0.00,21.58,738.95,226.03,0.00
2026-01-14,2026-01-01,FC-North,Regional Freight,4,3,1,0,1,0.25,3.25,2.25,12.36,0.00,12.36,647.32,276.78,203.36
2025-01-23,2025-01-01,FC-North,Regional Freight,1,1,0,0,0,0.0,4.0,2.0,2.77,0.00,2.77,106.77,42.38,0.00
2026-03-06,2026-03-01,FC-South,Metro Post,4,4,0,0,0,0.0,2.25,2.25,31.69,0.00,31.69,1473.44,452.76,0.00
2024-12-29,2024-12-01,FC-South,Metro Post,4,3,1,1,4,1.0,4.0,4.0,51.46,4.99,46.47,868.46,-18.44,487.50
2025-03-24,2025-03-01,FC-South,Regional Freight,4,2,2,0,3,0.75,3.75,3.5,14.60,0.00,14.60,687.72,204.35,413.35
2025-01-20,2025-01-01,FC-South,Metro Post,3,3,0,0,0,0.0,3.333,3.333,17.93,0.00,17.93,510.87,192.43,0.00
2025-02-20,2025-02-01,FC-North,Swiftline,3,3,0,0,0,0.0,2.667,2.667,12.38,9.98,2.40,130.20,59.6,0.00
2025-02-01,2025-02-01,FC-South,Regional Freight,2,2,0,0,0,0.0,2.5,2.0,15.38,0.00,15.38,767.82,113.47,0.00
2025-11-14,2025-11-01,FC-South,Regional Freight,1,0,1,0,2,2.0,4.0,4.0,10.15,0.00,10.15,570.72,112.84,570.72
2025-01-08,2025-01-01,FC-North,Swiftline,1,1,0,0,0,0.0,3.0,3.0,23.17,0.00,23.17,574.25,-71.81,0.00
2025-03-15,2025-03-01,FC-South,Regional Freight,3,2,1,0,2,0.667,3.0,3.0,16.10,0.00,16.10,529.40,245.26,83.39
2025-03-13,2025-03-01,FC-South,Swiftline,1,1,0,0,0,0.0,3.0,3.0,4.02,0.00,4.02,47.23,-2.04,0.00
2025-01-11,2025-01-01,FC-South,Swiftline,1,0,1,0,1,1.0,3.0,3.0,10.43,0.00,10.43,461.19,13.91,461.19
2025-01-07,2025-01-01,FC-South,Regional Freight,3,3,0,0,0,0.0,3.667,3.0,13.46,0.00,13.46,1099.57,292.02,0.00
2025-01-09,2025-01-01,FC-North,Metro Post,1,1,0,0,0,0.0,2.0,1.0,4.06,0.00,4.06,169.49,60.57,0.00
2025-01-13,2025-01-01,FC-Central,Regional Freight,2,2,0,0,0,0.0,3.0,3.0,11.77,0.00,11.77,1209.21,52.65,0.00
2025-09-01,2025-09-01,FC-North,Metro Post,2,2,0,0,0,0.0,2.5,2.5,22.61,0.00,22.61,945.30,133.63,0.00
2025-01-29,2025-01-01,FC-North,Swiftline,2,2,0,0,0,0.0,2.5,2.0,14.18,0.00,14.18,396.90,63.57,0.00
2025-08-30,2025-08-01,FC-North,Swiftline,2,1,1,0,2,1.0,3.5,3.0,8.05,0.00,8.05,133.66,76.81,67.15
2025-03-01,2025-03-01,FC-South,Metro Post,2,2,0,0,0,0.0,3.0,2.0,20.83,0.00,20.83,942.93,239.59,0.00
2025-02-03,2025-02-01,FC-South,Regional Freight,2,1,1,0,2,1.0,5.0,5.0,6.39,4.99,1.40,476.14,52.23,34.78
2025-03-27,2025-03-01,FC-Central,Swiftline,2,2,0,0,0,0.0,3.0,2.0,20.01,0.00,20.01,530.64,100.04,0.00
2025-07-24,2025-07-01,FC-Central,Regional Freight,1,0,1,0,1,1.0,4.0,4.0,5.94,0.00,5.94,307.88,147.89,307.88
2025-09-26,2025-09-01,FC-South,Regional Freight,3,2,1,0,2,0.667,4.667,4.667,22.33,4.99,17.34,876.50,274.86,31.44
2025-02-13,2025-02-01,FC-Central,Swiftline,4,4,0,0,0,0.0,3.25,2.5,42.29,0.00,42.29,1229.91,444.94,0.00
2025-02-14,2025-02-01,FC-Central,Swiftline,1,1,0,0,0,0.0,4.0,4.0,5.78,0.00,5.78,304.28,-91.64,0.00
2025-03-25,2025-03-01,FC-Central,Regional Freight,1,1,0,0,0,0.0,2.0,2.0,2.40,0.00,2.40,103.71,63.28,0.00
2025-02-18,2025-02-01,FC-North,Regional Freight,1,1,0,0,0,0.0,3.0,3.0,8.98,0.00,8.98,901.93,-17.29,0.00
2025-08-26,2025-08-01,FC-Central,Swiftline,2,2,0,0,0,0.0,2.5,1.5,41.12,0.00,41.12,1437.07,285.48,0.00
2025-10-24,2025-10-01,FC-Central,Metro Post,4,4,0,0,0,0.0,3.25,2.75,15.03,4.99,10.04,558.27,161.75,0.00
2025-03-09,2025-03-01,FC-North,Swiftline,3,2,1,0,1,0.333,3.667,2.667,15.83,0.00,15.83,294.92,17.3,54.64
2025-08-18,2025-08-01,FC-North,Swiftline,1,1,0,0,0,0.0,4.0,3.0,25.59,0.00,25.59,336.01,92.98,0.00
2025-08-10,2025-08-01,FC-Central,Regional Freight,2,2,0,0,0,0.0,2.0,1.0,7.57,0.00,7.57,542.55,63.38,0.00
2025-03-12,2025-03-01,FC-Central,Regional Freight,1,1,0,0,0,0.0,5.0,3.0,2.23,4.99,-2.76,11.81,8.52,0.00
2025-05-03,2025-05-01,FC-South,Regional Freight,2,2,0,0,0,0.0,3.0,3.0,9.26,0.00,9.26,315.04,161.87,0.00
2025-03-17,2025-03-01,FC-North,Swiftline,1,1,0,0,0,0.0,3.0,3.0,11.52,0.00,11.52,228.67,62.97,0.00
2025-05-23,2025-05-01,FC-Central,Regional Freight,1,1,0,0,0,0.0,4.0,3.0,6.86,4.99,1.87,17.10,-2.98,0.00
2025-03-18,2025-03-01,FC-South,Metro Post,1,1,0,0,0,0.0,4.0,4.0,4.43,0.00,4.43,164.81,46.21,0.00
2025-03-26,2025-03-01,FC-South,Metro Post,1,1,0,0,0,0.0,4.0,4.0,6.78,0.00,6.78,317.93,-43.25,0.00
2025-07-30,2025-07-01,FC-North,Regional Freight,2,2,0,0,0,0.0,3.0,2.5,5.64,4.99,0.65,432.45,169.24,0.00
2025-08-13,2025-08-01,FC-South,Swiftline,2,2,0,0,0,0.0,2.5,2.0,18.60,0.00,18.60,635.92,212.6,0.00
2025-10-02,2025-10-01,FC-Central,Swiftline,3,3,0,0,0,0.0,3.333,3.0,21.18,0.00,21.18,278.75,37.5,0.00
2025-06-14,2025-06-01,FC-Central,Swiftline,3,3,0,0,0,0.0,2.667,2.0,48.91,0.00,48.91,1897.62,380.89,0.00
2025-06-28,2025-06-01,FC-South,Regional Freight,7,6,1,0,1,0.143,3.571,3.0,36.21,0.00,36.21,1790.34,307.14,368.39
2025-04-18,2025-04-01,FC-North,Swiftline,3,3,0,0,0,0.0,2.0,1.667,21.13,0.00,21.13,748.93,4.3,0.00
2025-06-14,2025-06-01,FC-South,Regional Freight,2,2,0,0,0,0.0,3.0,2.5,11.66,0.00,11.66,292.55,30.08,0.00
2026-02-12,2026-02-01,FC-South,Swiftline,3,3,0,0,0,0.0,3.0,2.333,34.48,4.99,29.49,1423.12,305.54,0.00
2025-04-28,2025-04-01,FC-South,Metro Post,2,2,0,0,0,0.0,3.0,3.0,17.46,0.00,17.46,1079.02,297.54,0.00
2025-04-28,2025-04-01,FC-Central,Regional Freight,1,1,0,0,0,0.0,2.0,2.0,3.92,0.00,3.92,104.72,24.94,0.00
2025-05-01,2025-05-01,FC-Central,Metro Post,1,1,0,0,0,0.0,2.0,1.0,3.00,0.00,3.00,98.30,55.28,0.00
2025-05-01,2025-05-01,FC-North,Metro Post,3,3,0,0,0,0.0,2.333,2.0,39.47,4.99,34.48,983.05,155.03,0.00
2025-05-06,2025-05-01,FC-Central,Swiftline,1,1,0,0,0,0.0,4.0,4.0,14.28,0.00,14.28,714.99,186.87,0.00
2026-06-18,2026-06-01,FC-North,Regional Freight,1,1,0,0,0,0.0,2.0,2.0,4.76,0.00,4.76,316.47,170.09,0.00
2025-05-07,2025-05-01,FC-South,Swiftline,1,1,0,0,0,0.0,3.0,3.0,11.77,0.00,11.77,421.82,83.92,0.00
2025-05-07,2025-05-01,FC-North,Swiftline,2,2,0,0,0,0.0,3.0,3.0,17.50,0.00,17.50,429.68,99.5,0.00
2026-04-19,2026-04-01,FC-Central,Swiftline,1,1,0,0,0,0.0,4.0,4.0,8.84,0.00,8.84,448.90,33.94,0.00
2025-05-10,2025-05-01,FC-South,Swiftline,1,1,0,0,0,0.0,1.0,1.0,16.69,0.00,16.69,268.57,11.78,0.00
2025-05-11,2025-05-01,FC-South,Metro Post,1,0,1,1,3,3.0,8.0,7.0,6.39,0.00,6.39,140.16,-6.39,140.16
2025-05-13,2025-05-01,FC-North,Regional Freight,1,1,0,0,0,0.0,2.0,2.0,4.60,0.00,4.60,314.97,41.52,0.00
2025-06-29,2025-06-01,FC-South,Metro Post,2,1,1,0,2,1.0,3.5,3.5,10.65,0.00,10.65,555.07,-4.79,161.18
2025-08-21,2025-08-01,FC-South,Metro Post,2,2,0,0,0,0.0,3.0,2.0,7.61,0.00,7.61,429.52,77.98,0.00
2025-08-29,2025-08-01,FC-South,Metro Post,2,2,0,0,0,0.0,4.0,3.5,52.56,0.00,52.56,2876.85,302.87,0.00
2025-10-30,2025-10-01,FC-North,Regional Freight,1,1,0,0,0,0.0,3.0,3.0,5.61,0.00,5.61,501.52,29.58,0.00
2025-10-20,2025-10-01,FC-South,Metro Post,6,4,2,1,5,0.833,3.5,2.667,48.64,0.00,48.64,1646.57,289.98,1061.69
2025-07-14,2025-07-01,FC-North,Swiftline,4,4,0,0,0,0.0,3.5,2.75,41.02,0.00,41.02,894.29,203.14,0.00
2025-05-28,2025-05-01,FC-South,Regional Freight,3,3,0,0,0,0.0,4.667,4.333,12.86,0.00,12.86,987.98,175.42,0.00
2025-10-03,2025-10-01,FC-North,Regional Freight,3,3,0,0,0,0.0,2.0,1.667,14.17,0.00,14.17,770.43,228.11,0.00
2025-05-26,2025-05-01,FC-South,Metro Post,1,1,0,0,0,0.0,2.0,2.0,3.72,0.00,3.72,134.46,82.76,0.00
2025-11-02,2025-11-01,FC-South,Swiftline,1,1,0,0,0,0.0,3.0,2.0,7.41,0.00,7.41,302.88,-21.34,0.00
2025-07-22,2025-07-01,FC-North,Metro Post,2,2,0,0,0,0.0,3.5,2.5,16.12,0.00,16.12,1082.58,321.99,0.00
2025-06-03,2025-06-01,FC-Central,Regional Freight,1,1,0,0,0,0.0,3.0,2.0,2.66,0.00,2.66,132.33,39.85,0.00
2025-06-02,2025-06-01,FC-Central,Metro Post,2,2,0,0,0,0.0,3.5,2.5,6.29,4.99,1.30,95.24,33.59,0.00
2026-02-16,2026-02-01,FC-South,Metro Post,4,4,0,0,0,0.0,3.5,2.5,41.43,0.00,41.43,1799.18,455.91,0.00
2025-07-04,2025-07-01,FC-Central,Regional Freight,1,1,0,0,0,0.0,3.0,2.0,6.86,0.00,6.86,185.35,-0.99,0.00
2025-06-09,2025-06-01,FC-South,Regional Freight,4,3,1,0,2,0.5,3.5,3.5,35.65,0.00,35.65,848.27,184.38,212.37
2026-06-20,2026-06-01,FC-Central,Metro Post,3,3,0,0,0,0.0,2.333,2.0,24.94,4.99,19.95,3242.87,367.97,0.00
2026-06-19,2026-06-01,FC-Central,Regional Freight,1,1,0,0,0,0.0,2.0,2.0,14.56,0.00,14.56,618.81,105.7,0.00
2025-06-11,2025-06-01,FC-Central,Metro Post,1,1,0,0,0,0.0,3.0,3.0,2.95,0.00,2.95,99.97,54.54,0.00
2025-10-21,2025-10-01,FC-South,Regional Freight,9,4,5,2,11,1.222,4.333,3.556,45.73,9.98,35.75,3229.35,737.59,1019.54
2025-06-17,2025-06-01,FC-Central,Metro Post,1,1,0,0,0,0.0,2.0,2.0,10.65,0.00,10.65,533.73,28.78,0.00
2025-10-01,2025-10-01,FC-South,Regional Freight,6,6,0,0,0,0.0,2.5,2.0,27.03,4.99,22.04,1348.72,274.97,0.00
2025-09-21,2025-09-01,FC-North,Swiftline,3,3,0,0,0,0.0,2.667,2.0,19.37,0.00,19.37,671.47,223.71,0.00
2025-08-24,2025-08-01,FC-South,Regional Freight,4,3,1,0,1,0.25,3.75,3.5,29.20,0.00,29.20,2134.17,425.65,409.32
2025-08-16,2025-08-01,FC-North,Metro Post,3,3,0,0,0,0.0,2.333,2.333,14.52,0.00,14.52,1127.19,195.98,0.00
2025-06-22,2025-06-01,FC-North,Regional Freight,1,1,0,0,0,0.0,4.0,4.0,3.99,4.99,-1.00,38.00,13.17,0.00
2025-07-02,2025-07-01,FC-North,Swiftline,3,3,0,0,0,0.0,4.0,3.333,23.15,0.00,23.15,332.17,121.64,0.00
2025-09-14,2025-09-01,FC-South,Swiftline,1,1,0,0,0,0.0,3.0,1.0,3.78,4.99,-1.21,28.36,19.39,0.00
2025-07-05,2025-07-01,FC-Central,Metro Post,1,0,1,1,9,9.0,14.0,14.0,6.97,0.00,6.97,205.47,-44.66,205.47
2025-09-11,2025-09-01,FC-North,Swiftline,6,6,0,0,0,0.0,2.5,2.0,37.69,0.00,37.69,1232.04,265.74,0.00
2025-09-18,2025-09-01,FC-South,Metro Post,1,1,0,0,0,0.0,3.0,2.0,5.64,0.00,5.64,306.42,75.3,0.00
2025-07-10,2025-07-01,FC-North,Metro Post,1,1,0,0,0,0.0,2.0,2.0,10.71,0.00,10.71,184.32,43.14,0.00
2025-07-11,2025-07-01,FC-South,Metro Post,2,2,0,0,0,0.0,2.0,1.5,7.47,0.00,7.47,351.73,198.46,0.00
2025-11-08,2025-11-01,FC-North,Swiftline,3,0,3,0,3,1.0,3.667,3.0,13.75,0.00,13.75,496.50,136.35,496.50
2026-01-05,2026-01-01,FC-North,Swiftline,4,3,1,0,1,0.25,2.75,2.75,33.06,0.00,33.06,849.18,271.13,178.17
2026-02-26,2026-02-01,FC-South,Metro Post,3,2,1,1,3,1.0,5.0,5.0,13.38,0.00,13.38,456.43,121.03,135.48
2025-12-21,2025-12-01,FC-South,Metro Post,8,6,2,0,3,0.375,3.25,2.75,89.73,0.00,89.73,1579.53,281.68,328.39
2026-04-12,2026-04-01,FC-Central,Metro Post,1,0,1,1,3,3.0,7.0,7.0,3.14,4.99,-1.85,34.32,24.07,34.32
2025-07-17,2025-07-01,FC-Central,Regional Freight,1,1,0,0,0,0.0,1.0,1.0,7.22,0.00,7.22,337.30,105.96,0.00
2026-02-01,2026-02-01,FC-Central,Metro Post,3,2,1,0,1,0.333,3.0,3.0,29.88,0.00,29.88,1094.30,282.5,147.81
2026-01-21,2026-01-01,FC-South,Regional Freight,3,1,2,0,2,0.667,3.333,2.333,10.03,4.99,5.04,263.69,52.57,176.66
2025-08-01,2025-08-01,FC-Central,Metro Post,2,2,0,0,0,0.0,2.0,2.0,10.63,0.00,10.63,1289.24,264.0,0.00
2025-10-11,2025-10-01,FC-South,Regional Freight,5,3,2,1,5,1.0,4.2,4.0,25.34,0.00,25.34,1027.50,444.17,150.53
2025-11-02,2025-11-01,FC-North,Regional Freight,1,0,1,0,1,1.0,4.0,4.0,5.46,0.00,5.46,179.08,87.0,179.08
2025-08-08,2025-08-01,FC-Central,Swiftline,1,1,0,0,0,0.0,3.0,3.0,6.75,0.00,6.75,363.18,82.06,0.00
2026-02-18,2026-02-01,FC-South,Metro Post,2,2,0,0,0,0.0,2.0,1.5,6.42,0.00,6.42,269.28,144.72,0.00
2025-10-12,2025-10-01,FC-Central,Swiftline,1,1,0,0,0,0.0,3.0,2.0,3.79,0.00,3.79,99.97,-3.79,0.00
2025-08-09,2025-08-01,FC-Central,Metro Post,1,1,0,0,0,0.0,2.0,1.0,10.68,0.00,10.68,271.01,88.7,0.00
2025-09-07,2025-09-01,FC-Central,Swiftline,4,4,0,0,0,0.0,2.25,2.25,67.04,0.00,67.04,1072.32,180.11,0.00
2026-01-23,2026-01-01,FC-South,Metro Post,4,2,2,1,4,1.0,4.75,4.25,18.15,0.00,18.15,543.26,96.41,230.31
2025-11-25,2025-11-01,FC-Central,Regional Freight,2,1,1,0,1,0.5,4.0,2.5,4.62,0.00,4.62,127.90,72.0,72.73
2025-09-28,2025-09-01,FC-South,Regional Freight,2,1,1,0,2,1.0,4.5,4.0,9.10,0.00,9.10,822.04,77.94,217.41
2026-03-02,2026-03-01,FC-Central,Swiftline,4,3,1,0,1,0.25,2.5,2.0,40.16,4.99,35.17,1789.87,218.53,87.52
2025-08-26,2025-08-01,FC-North,Metro Post,1,1,0,0,0,0.0,2.0,1.0,3.71,0.00,3.71,185.31,106.48,0.00
2026-03-28,2026-03-01,FC-Central,Metro Post,4,3,1,0,2,0.5,4.0,3.5,34.11,0.00,34.11,1092.94,196.74,254.94
2025-11-17,2025-11-01,FC-Central,Regional Freight,1,0,1,0,1,1.0,5.0,4.0,3.88,0.00,3.88,108.56,-0.85,108.56
2025-08-27,2025-08-01,FC-North,Swiftline,2,2,0,0,0,0.0,2.5,2.0,14.96,0.00,14.96,548.89,84.42,0.00
2025-10-04,2025-10-01,FC-North,Swiftline,1,1,0,0,0,0.0,3.0,3.0,9.43,0.00,9.43,491.84,103.55,0.00
2025-12-17,2025-12-01,FC-North,Regional Freight,3,3,0,0,0,0.0,2.0,1.667,17.57,0.00,17.57,737.49,88.97,0.00
2026-05-01,2026-05-01,FC-South,Swiftline,1,1,0,0,0,0.0,5.0,5.0,11.51,0.00,11.51,62.24,24.15,0.00
2025-11-03,2025-11-01,FC-North,Metro Post,4,4,0,0,0,0.0,3.0,2.75,30.60,0.00,30.60,1407.19,272.31,0.00
2025-11-20,2025-11-01,FC-Central,Regional Freight,2,2,0,0,0,0.0,4.0,4.0,10.75,0.00,10.75,1056.63,57.43,0.00
2025-09-09,2025-09-01,FC-South,Swiftline,1,1,0,0,0,0.0,2.0,1.0,16.51,0.00,16.51,390.45,132.41,0.00
2025-09-08,2025-09-01,FC-Central,Metro Post,1,1,0,0,0,0.0,2.0,2.0,9.74,0.00,9.74,411.61,-141.56,0.00
2025-10-12,2025-10-01,FC-North,Metro Post,1,1,0,0,0,0.0,3.0,3.0,3.82,0.00,3.82,47.65,12.41,0.00
2025-12-08,2025-12-01,FC-South,Swiftline,2,1,1,0,2,1.0,3.5,3.0,23.79,0.00,23.79,640.26,144.14,166.85
2025-10-13,2025-10-01,FC-Central,Swiftline,3,3,0,0,0,0.0,3.0,2.333,31.21,0.00,31.21,1135.67,507.86,0.00
2025-09-24,2025-09-01,FC-South,Swiftline,1,1,0,0,0,0.0,5.0,5.0,7.89,0.00,7.89,533.96,76.87,0.00
2026-03-25,2026-03-01,FC-South,Metro Post,3,3,0,0,0,0.0,3.333,2.0,17.53,9.98,7.55,221.53,58.23,0.00
2025-09-28,2025-09-01,FC-North,Swiftline,3,3,0,0,0,0.0,1.667,1.333,18.68,0.00,18.68,518.38,225.59,0.00
2026-02-07,2026-02-01,FC-South,Swiftline,3,3,0,0,0,0.0,3.0,2.667,27.82,0.00,27.82,1558.76,431.66,0.00
2026-04-24,2026-04-01,FC-Central,Metro Post,6,6,0,0,0,0.0,3.167,2.833,23.43,9.98,13.45,1156.36,571.72,0.00
2026-03-17,2026-03-01,FC-North,Metro Post,1,1,0,0,0,0.0,4.0,4.0,14.27,0.00,14.27,472.14,123.23,0.00
2025-12-12,2025-12-01,FC-North,Swiftline,2,2,0,0,0,0.0,2.5,2.5,19.21,0.00,19.21,945.53,211.94,0.00
2025-10-05,2025-10-01,FC-South,Metro Post,1,0,1,0,2,2.0,6.0,6.0,21.45,0.00,21.45,427.20,29.0,427.20
2025-10-09,2025-10-01,FC-North,Metro Post,2,1,1,0,2,1.0,4.0,3.0,21.10,0.00,21.10,775.64,222.6,314.09
2026-04-15,2026-04-01,FC-Central,Regional Freight,2,2,0,0,0,0.0,2.5,2.5,5.39,0.00,5.39,607.17,243.8,0.00
2025-10-21,2025-10-01,FC-North,Swiftline,2,2,0,0,0,0.0,3.0,3.0,13.41,0.00,13.41,688.62,222.17,0.00
2025-10-22,2025-10-01,FC-South,Swiftline,1,0,1,1,3,3.0,6.0,5.0,6.48,0.00,6.48,500.55,197.82,500.55
2025-12-16,2025-12-01,FC-Central,Metro Post,2,2,0,0,0,0.0,2.5,1.0,7.88,0.00,7.88,274.62,155.41,0.00
2026-04-03,2026-04-01,FC-South,Regional Freight,7,5,2,1,6,0.857,4.857,4.571,67.31,4.99,62.32,1900.37,557.87,72.61
2025-11-01,2025-11-01,FC-South,Metro Post,1,0,1,0,1,1.0,5.0,5.0,7.34,0.00,7.34,347.93,40.17,347.93
2026-05-18,2026-05-01,FC-North,Metro Post,5,5,0,0,0,0.0,2.8,2.4,45.91,0.00,45.91,1698.47,348.47,0.00
2026-06-02,2026-06-01,FC-South,Metro Post,3,2,1,0,1,0.333,4.333,3.667,19.43,4.99,14.44,906.24,153.31,32.19
2025-11-13,2025-11-01,FC-South,Swiftline,6,4,2,1,4,0.667,3.667,3.167,56.29,4.99,51.30,829.61,180.61,185.66
2026-01-30,2026-01-01,FC-Central,Metro Post,1,1,0,0,0,0.0,3.0,3.0,6.20,0.00,6.20,574.20,229.48,0.00
2026-02-08,2026-02-01,FC-South,Swiftline,4,3,1,0,1,0.25,3.0,2.75,39.76,0.00,39.76,842.24,317.43,146.43
2025-11-16,2025-11-01,FC-North,Regional Freight,4,4,0,0,0,0.0,4.0,3.5,37.12,0.00,37.12,1211.63,215.27,0.00
2025-11-14,2025-11-01,FC-North,Swiftline,4,4,0,0,0,0.0,4.25,2.75,27.57,0.00,27.57,1293.42,293.12,0.00
2025-11-30,2025-11-01,FC-North,Swiftline,2,1,1,0,1,0.5,3.5,2.5,11.76,0.00,11.76,717.87,97.98,207.11
2025-12-25,2025-12-01,FC-Central,Regional Freight,1,1,0,0,0,0.0,2.0,2.0,7.73,0.00,7.73,138.13,13.86,0.00
2025-11-22,2025-11-01,FC-North,Metro Post,2,2,0,0,0,0.0,3.5,3.0,8.82,0.00,8.82,171.29,48.31,0.00
2025-11-21,2025-11-01,FC-Central,Regional Freight,2,1,1,0,2,1.0,5.5,5.5,4.81,4.99,-0.18,81.24,-38.1,67.74
2026-04-01,2026-04-01,FC-North,Metro Post,2,2,0,0,0,0.0,4.0,3.5,15.32,0.00,15.32,543.07,171.8,0.00
2026-06-16,2026-06-01,FC-North,Swiftline,1,1,0,0,0,0.0,2.0,2.0,5.44,0.00,5.44,198.45,70.97,0.00
2026-06-16,2026-06-01,FC-South,Metro Post,1,1,0,0,0,0.0,2.0,2.0,3.85,0.00,3.85,116.34,69.26,0.00
2025-11-25,2025-11-01,FC-South,Regional Freight,2,2,0,0,0,0.0,3.0,3.0,8.84,0.00,8.84,503.64,137.76,0.00
2026-03-09,2026-03-01,FC-North,Swiftline,3,3,0,0,0,0.0,3.0,2.0,23.79,4.99,18.80,626.32,184.53,0.00
2026-05-31,2026-05-01,FC-South,Regional Freight,6,5,1,0,2,0.333,2.833,2.5,28.49,4.99,23.50,741.73,106.78,57.65
2025-12-03,2025-12-01,FC-South,Metro Post,2,1,1,0,1,0.5,4.5,4.5,16.58,0.00,16.58,205.76,64.65,95.72
2026-01-10,2026-01-01,FC-North,Swiftline,2,2,0,0,0,0.0,2.0,2.0,16.68,0.00,16.68,262.72,109.41,0.00
2025-12-31,2025-12-01,FC-North,Swiftline,2,2,0,0,0,0.0,3.0,2.5,7.90,0.00,7.90,186.03,110.59,0.00
2026-01-12,2026-01-01,FC-South,Metro Post,3,3,0,0,0,0.0,3.333,3.0,30.66,0.00,30.66,1156.13,283.76,0.00
2026-01-20,2026-01-01,FC-South,Metro Post,2,2,0,0,0,0.0,3.5,2.0,11.58,0.00,11.58,551.60,138.08,0.00
2025-12-11,2025-12-01,FC-Central,Swiftline,3,3,0,0,0,0.0,3.333,3.333,15.10,4.99,10.11,370.94,189.56,0.00
2026-05-14,2026-05-01,FC-North,Metro Post,2,2,0,0,0,0.0,3.0,3.0,9.87,0.00,9.87,495.20,35.88,0.00
2026-04-02,2026-04-01,FC-South,Metro Post,3,3,0,0,0,0.0,3.0,2.667,11.57,4.99,6.58,331.23,70.3,0.00
2026-04-09,2026-04-01,FC-North,Metro Post,2,2,0,0,0,0.0,2.5,2.5,8.39,0.00,8.39,271.97,36.36,0.00
2026-03-30,2026-03-01,FC-North,Regional Freight,3,3,0,0,0,0.0,3.333,2.333,11.11,0.00,11.11,728.73,159.85,0.00
2026-01-24,2026-01-01,FC-North,Swiftline,3,3,0,0,0,0.0,2.333,2.333,23.49,0.00,23.49,1633.24,329.74,0.00
2026-03-08,2026-03-01,FC-South,Swiftline,6,5,1,0,1,0.167,3.0,2.5,47.51,0.00,47.51,797.80,311.67,191.54
2026-06-21,2026-06-01,FC-Central,Metro Post,1,1,0,0,0,0.0,2.0,1.0,3.05,0.00,3.05,75.39,45.71,0.00
2026-01-31,2026-01-01,FC-South,Swiftline,1,1,0,0,0,0.0,4.0,4.0,11.73,0.00,11.73,514.59,108.61,0.00
2026-01-03,2026-01-01,FC-North,Swiftline,2,2,0,0,0,0.0,2.0,2.0,14.82,0.00,14.82,273.46,53.65,0.00
2026-01-01,2026-01-01,FC-Central,Regional Freight,1,1,0,0,0,0.0,4.0,4.0,3.73,0.00,3.73,154.70,1.25,0.00
2026-04-07,2026-04-01,FC-South,Metro Post,4,4,0,0,0,0.0,4.0,3.5,23.11,0.00,23.11,1190.16,400.0,0.00
2026-02-06,2026-02-01,FC-Central,Metro Post,2,2,0,0,0,0.0,2.5,2.0,9.41,0.00,9.41,338.67,103.68,0.00
2026-01-10,2026-01-01,FC-Central,Swiftline,1,1,0,0,0,0.0,3.0,2.0,4.04,0.00,4.04,113.74,-51.15,0.00
2026-04-06,2026-04-01,FC-South,Regional Freight,5,4,1,0,2,0.4,3.4,2.6,44.66,0.00,44.66,1388.03,385.14,295.50
2026-01-14,2026-01-01,FC-South,Metro Post,1,1,0,0,0,0.0,3.0,1.0,3.60,0.00,3.60,131.59,-3.6,0.00
2026-05-10,2026-05-01,FC-North,Metro Post,3,3,0,0,0,0.0,3.0,2.667,19.92,0.00,19.92,716.17,208.28,0.00
2026-01-25,2026-01-01,FC-South,Swiftline,1,1,0,0,0,0.0,3.0,3.0,12.65,0.00,12.65,1489.75,178.34,0.00
2026-04-24,2026-04-01,FC-South,Regional Freight,3,3,0,0,0,0.0,3.667,3.667,19.79,0.00,19.79,722.87,207.45,0.00
2026-02-01,2026-02-01,FC-South,Swiftline,1,1,0,0,0,0.0,3.0,3.0,6.31,0.00,6.31,401.41,188.59,0.00
2026-03-02,2026-03-01,FC-North,Metro Post,3,2,1,0,1,0.333,3.667,2.667,23.17,0.00,23.17,902.99,362.77,116.94
2026-05-25,2026-05-01,FC-South,Swiftline,1,1,0,0,0,0.0,4.0,4.0,21.88,0.00,21.88,868.24,385.24,0.00
2026-03-17,2026-03-01,FC-Central,Swiftline,4,4,0,0,0,0.0,2.5,2.25,19.29,4.99,14.30,485.58,206.49,0.00
2026-02-13,2026-02-01,FC-North,Regional Freight,1,1,0,0,0,0.0,4.0,3.0,7.83,0.00,7.83,417.03,119.36,0.00
2026-02-17,2026-02-01,FC-Central,Metro Post,1,1,0,0,0,0.0,2.0,1.0,7.72,0.00,7.72,197.38,41.38,0.00
2026-04-19,2026-04-01,FC-South,Swiftline,1,1,0,0,0,0.0,4.0,4.0,4.55,0.00,4.55,88.20,4.85,0.00
2026-02-27,2026-02-01,FC-South,Swiftline,1,1,0,0,0,0.0,2.0,1.0,3.89,0.00,3.89,50.39,23.4,0.00
2026-02-28,2026-02-01,FC-South,Regional Freight,3,1,2,0,3,1.0,4.333,4.333,14.39,0.00,14.39,611.56,154.46,320.89
2026-04-08,2026-04-01,FC-North,Metro Post,2,2,0,0,0,0.0,3.0,2.0,9.94,0.00,9.94,188.40,38.47,0.00
2026-03-10,2026-03-01,FC-North,Swiftline,2,2,0,0,0,0.0,3.0,3.0,14.71,0.00,14.71,1054.95,341.7,0.00
2026-03-10,2026-03-01,FC-South,Swiftline,1,1,0,0,0,0.0,4.0,2.0,6.05,0.00,6.05,123.40,11.19,0.00
2026-05-02,2026-05-01,FC-South,Regional Freight,4,2,2,1,6,1.5,5.25,4.75,26.29,0.00,26.29,1040.68,478.55,349.63
2026-03-18,2026-03-01,FC-South,Swiftline,1,1,0,0,0,0.0,2.0,2.0,4.93,0.00,4.93,228.55,40.89,0.00
2026-06-05,2026-06-01,FC-Central,Metro Post,2,2,0,0,0,0.0,2.0,1.5,6.60,0.00,6.60,246.28,145.26,0.00
2026-05-03,2026-05-01,FC-Central,Swiftline,1,1,0,0,0,0.0,5.0,3.0,9.14,0.00,9.14,547.95,12.01,0.00
2026-03-19,2026-03-01,FC-Central,Regional Freight,1,1,0,0,0,0.0,4.0,3.0,4.49,0.00,4.49,422.39,-4.49,0.00
2026-03-21,2026-03-01,FC-South,Metro Post,1,1,0,0,0,0.0,2.0,1.0,11.07,0.00,11.07,257.85,51.91,0.00
2026-03-20,2026-03-01,FC-Central,Swiftline,1,0,1,1,3,3.0,7.0,7.0,10.03,0.00,10.03,375.16,162.33,375.16
2026-03-29,2026-03-01,FC-South,Swiftline,1,1,0,0,0,0.0,4.0,4.0,8.67,0.00,8.67,135.84,42.82,0.00
2026-03-31,2026-03-01,FC-South,Metro Post,2,1,1,1,6,3.0,5.0,5.0,9.07,0.00,9.07,419.44,184.76,238.42
2026-04-28,2026-04-01,FC-North,Metro Post,4,4,0,0,0,0.0,2.75,2.25,20.78,4.99,15.79,578.83,210.77,0.00
2026-04-07,2026-04-01,FC-Central,Metro Post,1,1,0,0,0,0.0,4.0,4.0,5.37,0.00,5.37,366.25,178.46,0.00
2026-04-07,2026-04-01,FC-North,Metro Post,1,1,0,0,0,0.0,2.0,1.0,3.04,0.00,3.04,59.37,30.11,0.00
2026-05-12,2026-05-01,FC-North,Swiftline,4,4,0,0,0,0.0,2.75,2.25,37.74,4.99,32.75,504.25,30.28,0.00
2026-04-14,2026-04-01,FC-Central,Metro Post,3,2,1,0,2,0.667,4.333,4.0,33.95,0.00,33.95,928.04,150.92,726.72
2026-04-15,2026-04-01,FC-South,Metro Post,1,1,0,0,0,0.0,4.0,4.0,8.73,0.00,8.73,529.05,123.28,0.00
2026-06-14,2026-06-01,FC-Central,Metro Post,1,1,0,0,0,0.0,1.0,1.0,3.28,0.00,3.28,64.58,16.97,0.00
2026-05-06,2026-05-01,FC-South,Metro Post,1,0,1,1,4,4.0,7.0,7.0,3.67,0.00,3.67,195.13,100.53,195.13
2026-06-10,2026-06-01,FC-North,Regional Freight,1,1,0,0,0,0.0,3.0,3.0,5.56,0.00,5.56,624.26,306.31,0.00
2026-06-02,2026-06-01,FC-Central,Regional Freight,1,1,0,0,0,0.0,3.0,3.0,5.05,0.00,5.05,516.22,50.14,0.00
2026-06-20,2026-06-01,FC-North,Regional Freight,1,0,1,1,6,6.0,11.0,11.0,2.51,0.00,2.51,83.50,-32.44,83.50
2024-01-07,2024-01-01,FC-Central,Regional Freight,1,0,1,1,6,6.0,10.0,10.0,7.59,0.00,7.59,296.86,-73.83,296.86
2024-07-05,2024-07-01,FC-North,Regional Freight,1,1,0,0,0,0.0,1.0,1.0,3.71,0.00,3.71,208.44,32.74,0.00
2024-05-11,2024-05-01,FC-Central,Metro Post,1,1,0,0,0,0.0,2.0,1.0,9.97,0.00,9.97,120.54,31.94,0.00
2024-01-13,2024-01-01,FC-South,Swiftline,1,1,0,0,0,0.0,3.0,3.0,3.94,0.00,3.94,133.12,-3.94,0.00
2024-04-08,2024-04-01,FC-North,Metro Post,2,2,0,0,0,0.0,1.5,1.5,6.91,4.99,1.92,99.66,52.4,0.00
2024-01-20,2024-01-01,FC-South,Swiftline,1,1,0,0,0,0.0,3.0,3.0,6.98,0.00,6.98,386.90,150.66,0.00
2024-01-24,2024-01-01,FC-North,Swiftline,1,1,0,0,0,0.0,3.0,2.0,25.05,0.00,25.05,1193.99,40.86,0.00
2024-03-15,2024-03-01,FC-North,Regional Freight,1,1,0,0,0,0.0,1.0,1.0,2.44,0.00,2.44,45.89,-2.44,0.00
2024-07-28,2024-07-01,FC-South,Regional Freight,3,2,1,0,1,0.333,3.667,3.333,16.02,0.00,16.02,893.74,181.93,486.41
2024-02-24,2024-02-01,FC-South,Metro Post,2,2,0,0,0,0.0,3.0,2.0,12.84,0.00,12.84,305.59,163.4,0.00
2024-01-28,2024-01-01,FC-North,Metro Post,1,1,0,0,0,0.0,2.0,1.0,12.40,0.00,12.40,1285.73,548.99,0.00
2024-04-11,2024-04-01,FC-South,Regional Freight,4,3,1,0,1,0.25,3.75,3.5,18.20,4.99,13.21,1043.68,104.02,66.12
2024-02-15,2024-02-01,FC-Central,Swiftline,1,1,0,0,0,0.0,3.0,2.0,4.93,0.00,4.93,58.95,30.44,0.00
2024-04-06,2024-04-01,FC-South,Regional Freight,1,1,0,0,0,0.0,4.0,4.0,2.37,0.00,2.37,95.89,48.27,0.00
2024-11-09,2024-11-01,FC-South,Metro Post,3,1,2,0,2,0.667,4.667,4.333,44.68,0.00,44.68,842.86,74.28,579.04
2024-02-07,2024-02-01,FC-Central,Swiftline,2,2,0,0,0,0.0,3.5,3.5,7.87,0.00,7.87,149.38,90.91,0.00
2024-02-24,2024-02-01,FC-Central,Swiftline,1,1,0,0,0,0.0,2.0,2.0,7.14,0.00,7.14,86.78,28.78,0.00
2024-02-25,2024-02-01,FC-South,Regional Freight,2,1,1,1,4,2.0,5.5,4.0,14.71,0.00,14.71,1070.67,332.59,855.59
2024-04-25,2024-04-01,FC-South,Metro Post,3,1,2,1,8,2.667,5.0,4.667,26.99,0.00,26.99,1361.74,337.75,1040.60
2024-02-12,2024-02-01,FC-North,Swiftline,2,2,0,0,0,0.0,4.0,3.5,11.51,0.00,11.51,475.15,88.69,0.00
2024-03-17,2024-03-01,FC-North,Swiftline,2,1,1,1,6,3.0,6.0,5.5,24.52,0.00,24.52,889.75,222.97,52.72
2024-02-15,2024-02-01,FC-North,Swiftline,2,2,0,0,0,0.0,4.5,4.5,22.61,0.00,22.61,606.63,148.99,0.00
2024-11-17,2024-11-01,FC-South,Regional Freight,5,4,1,1,6,1.2,4.2,3.8,22.82,4.99,17.83,1054.87,299.59,163.01
2025-05-04,2025-05-01,FC-North,Swiftline,5,5,0,0,0,0.0,3.2,3.2,62.30,0.00,62.30,1375.08,445.36,0.00
2024-02-26,2024-02-01,FC-South,Metro Post,2,2,0,0,0,0.0,3.5,3.0,8.69,4.99,3.70,251.99,-11.91,0.00
2024-02-27,2024-02-01,FC-North,Swiftline,1,1,0,0,0,0.0,4.0,4.0,4.20,0.00,4.20,48.66,-4.2,0.00
2024-09-04,2024-09-01,FC-Central,Swiftline,2,2,0,0,0,0.0,3.0,3.0,19.25,0.00,19.25,968.98,212.59,0.00
2024-03-01,2024-03-01,FC-Central,Regional Freight,2,2,0,0,0,0.0,2.5,2.0,5.63,0.00,5.63,215.25,24.22,0.00
2024-06-18,2024-06-01,FC-Central,Swiftline,3,3,0,0,0,0.0,3.0,3.0,45.26,0.00,45.26,832.12,-46.39,0.00
2024-06-04,2024-06-01,FC-South,Metro Post,3,3,0,0,0,0.0,2.667,2.333,40.29,4.99,35.30,1645.39,287.41,0.00
2024-03-02,2024-03-01,FC-Central,Swiftline,3,3,0,0,0,0.0,3.0,2.667,17.93,4.99,12.94,349.22,55.91,0.00
2024-11-23,2024-11-01,FC-Central,Swiftline,4,3,1,0,2,0.5,4.0,3.75,35.05,0.00,35.05,1550.31,152.13,384.95
2024-07-10,2024-07-01,FC-Central,Regional Freight,1,1,0,0,0,0.0,4.0,4.0,2.54,0.00,2.54,114.42,66.93,0.00
2024-03-02,2024-03-01,FC-South,Metro Post,1,1,0,0,0,0.0,1.0,1.0,7.24,0.00,7.24,253.01,-6.83,0.00
2024-03-05,2024-03-01,FC-Central,Swiftline,1,1,0,0,0,0.0,4.0,4.0,10.19,0.00,10.19,185.80,42.6,0.00
2024-03-10,2024-03-01,FC-North,Swiftline,2,1,1,0,1,0.5,4.0,3.5,19.85,0.00,19.85,1225.88,320.2,118.94
2024-03-13,2024-03-01,FC-South,Regional Freight,1,1,0,0,0,0.0,4.0,2.0,5.22,0.00,5.22,413.21,46.85,0.00
2024-08-12,2024-08-01,FC-South,Regional Freight,4,3,1,0,1,0.25,3.25,2.75,23.54,0.00,23.54,794.18,242.88,134.40
2024-07-14,2024-07-01,FC-North,Swiftline,1,1,0,0,0,0.0,2.0,1.0,7.37,0.00,7.37,212.28,112.36,0.00
2024-03-16,2024-03-01,FC-Central,Swiftline,2,2,0,0,0,0.0,2.0,1.5,13.69,0.00,13.69,319.45,129.18,0.00
2024-07-13,2024-07-01,FC-South,Regional Freight,2,2,0,0,0,0.0,3.0,3.0,20.26,0.00,20.26,1212.01,328.37,0.00
2024-03-18,2024-03-01,FC-North,Swiftline,2,2,0,0,0,0.0,2.0,1.5,18.75,0.00,18.75,1133.57,116.53,0.00
2024-03-20,2024-03-01,FC-Central,Regional Freight,2,2,0,0,0,0.0,1.5,1.0,24.70,0.00,24.70,546.37,126.26,0.00
2024-03-24,2024-03-01,FC-North,Regional Freight,1,1,0,0,0,0.0,2.0,2.0,7.39,0.00,7.39,53.02,14.27,0.00
2024-07-21,2024-07-01,FC-Central,Regional Freight,2,2,0,0,0,0.0,3.0,3.0,5.48,4.99,0.49,144.56,-54.29,0.00
2024-03-27,2024-03-01,FC-Central,Regional Freight,1,1,0,0,0,0.0,5.0,5.0,5.09,0.00,5.09,398.26,227.39,0.00
2024-06-15,2024-06-01,FC-South,Metro Post,2,2,0,0,0,0.0,1.5,1.5,13.07,0.00,13.07,669.50,299.85,0.00
2024-04-06,2024-04-01,FC-North,Regional Freight,1,1,0,0,0,0.0,3.0,2.0,4.31,0.00,4.31,424.78,71.44,0.00
2024-04-06,2024-04-01,FC-Central,Regional Freight,2,2,0,0,0,0.0,2.0,1.0,11.40,0.00,11.40,705.59,269.98,0.00
2024-04-08,2024-04-01,FC-South,Swiftline,1,1,0,0,0,0.0,4.0,4.0,4.02,0.00,4.02,86.01,36.74,0.00
2025-01-19,2025-01-01,FC-South,Swiftline,5,3,2,2,9,1.8,5.0,3.8,38.74,0.00,38.74,949.81,204.58,287.31
2024-04-08,2024-04-01,FC-Central,Regional Freight,1,1,0,0,0,0.0,3.0,2.0,3.69,0.00,3.69,233.99,110.47,0.00
2024-04-09,2024-04-01,FC-Central,Swiftline,1,1,0,0,0,0.0,3.0,3.0,4.86,0.00,4.86,94.51,46.87,0.00
2024-04-19,2024-04-01,FC-North,Metro Post,1,1,0,0,0,0.0,2.0,2.0,3.45,0.00,3.45,61.27,6.67,0.00
2025-09-20,2025-09-01,FC-Central,Swiftline,3,2,1,1,3,1.0,4.333,4.333,15.64,0.00,15.64,457.02,237.01,75.06
2024-06-15,2024-06-01,FC-Central,Regional Freight,4,4,0,0,0,0.0,2.25,2.25,27.24,0.00,27.24,1356.83,493.2,0.00
2024-04-23,2024-04-01,FC-North,Swiftline,1,1,0,0,0,0.0,5.0,5.0,8.76,0.00,8.76,400.69,85.48,0.00
2024-04-29,2024-04-01,FC-South,Regional Freight,2,2,0,0,0,0.0,3.5,3.0,8.11,0.00,8.11,672.09,218.75,0.00
2024-04-27,2024-04-01,FC-North,Swiftline,1,1,0,0,0,0.0,2.0,1.0,3.96,0.00,3.96,170.25,-3.96,0.00
2024-09-30,2024-09-01,FC-Central,Swiftline,1,1,0,0,0,0.0,3.0,3.0,6.09,0.00,6.09,180.20,2.12,0.00
2024-09-27,2024-09-01,FC-North,Regional Freight,2,2,0,0,0,0.0,3.5,3.0,5.00,4.99,0.01,195.87,124.79,0.00
2024-05-08,2024-05-01,FC-North,Metro Post,1,1,0,0,0,0.0,3.0,3.0,14.13,0.00,14.13,828.65,243.07,0.00
2024-05-11,2024-05-01,FC-North,Metro Post,1,1,0,0,0,0.0,3.0,3.0,3.46,0.00,3.46,172.69,61.41,0.00
2024-06-26,2024-06-01,FC-South,Swiftline,1,1,0,0,0,0.0,2.0,1.0,4.95,0.00,4.95,285.52,48.09,0.00
2024-05-22,2024-05-01,FC-South,Regional Freight,2,1,1,0,2,1.0,4.5,3.5,8.24,4.99,3.25,634.00,65.65,41.02
2024-05-26,2024-05-01,FC-South,Metro Post,2,2,0,0,0,0.0,4.0,4.0,25.66,0.00,25.66,713.64,-282.15,0.00
2024-09-25,2024-09-01,FC-South,Metro Post,1,1,0,0,0,0.0,3.0,1.0,8.99,0.00,8.99,379.39,111.87,0.00
2024-09-11,2024-09-01,FC-Central,Metro Post,3,3,0,0,0,0.0,3.667,3.667,15.03,0.00,15.03,1491.86,373.67,0.00
2024-06-05,2024-06-01,FC-Central,Metro Post,1,1,0,0,0,0.0,4.0,4.0,4.27,0.00,4.27,233.38,-4.27,0.00
2024-07-11,2024-07-01,FC-South,Regional Freight,1,1,0,0,0,0.0,4.0,4.0,2.99,0.00,2.99,310.21,131.01,0.00
2026-01-01,2026-01-01,FC-North,Regional Freight,2,2,0,0,0,0.0,2.0,1.5,18.52,0.00,18.52,1043.13,-65.2,0.00
2024-07-25,2024-07-01,FC-North,Swiftline,4,4,0,0,0,0.0,3.5,3.25,20.66,0.00,20.66,768.94,423.4,0.00
2024-07-14,2024-07-01,FC-Central,Swiftline,1,1,0,0,0,0.0,3.0,3.0,31.73,0.00,31.73,1297.27,224.46,0.00
2024-11-08,2024-11-01,FC-South,Metro Post,4,4,0,0,0,0.0,2.75,2.75,30.63,0.00,30.63,549.54,162.13,0.00
2024-10-16,2024-10-01,FC-Central,Swiftline,2,2,0,0,0,0.0,2.0,1.5,13.09,0.00,13.09,640.78,-39.83,0.00
2024-06-20,2024-06-01,FC-Central,Metro Post,3,3,0,0,0,0.0,2.667,2.333,39.11,0.00,39.11,1494.98,400.61,0.00
2024-06-20,2024-06-01,FC-South,Regional Freight,2,2,0,0,0,0.0,4.0,4.0,13.77,0.00,13.77,241.11,7.84,0.00
2024-06-21,2024-06-01,FC-Central,Swiftline,1,1,0,0,0,0.0,2.0,1.0,4.72,0.00,4.72,81.65,-45.07,0.00
2024-07-29,2024-07-01,FC-South,Metro Post,1,0,1,0,1,1.0,3.0,2.0,7.91,0.00,7.91,301.76,59.38,301.76
2024-10-24,2024-10-01,FC-North,Swiftline,4,4,0,0,0,0.0,2.75,2.25,38.95,4.99,33.96,1406.30,329.17,0.00
2024-07-22,2024-07-01,FC-Central,Regional Freight,1,1,0,0,0,0.0,3.0,1.0,2.55,0.00,2.55,95.74,50.34,0.00
2024-08-10,2024-08-01,FC-South,Regional Freight,1,1,0,0,0,0.0,3.0,3.0,2.57,0.00,2.57,106.25,46.17,0.00
2024-06-30,2024-06-01,FC-South,Regional Freight,1,1,0,0,0,0.0,2.0,2.0,2.61,4.99,-2.38,34.46,2.38,0.00
2024-07-04,2024-07-01,FC-North,Metro Post,1,1,0,0,0,0.0,3.0,3.0,3.70,0.00,3.70,136.44,77.55,0.00
2024-07-01,2024-07-01,FC-Central,Swiftline,1,1,0,0,0,0.0,2.0,1.0,12.76,0.00,12.76,234.72,0.25,0.00
2025-10-25,2025-10-01,FC-South,Regional Freight,4,4,0,0,0,0.0,2.25,1.25,41.93,0.00,41.93,2327.85,313.98,0.00
2024-08-26,2024-08-01,FC-South,Metro Post,1,1,0,0,0,0.0,4.0,4.0,9.70,0.00,9.70,606.69,212.08,0.00
2025-04-07,2025-04-01,FC-North,Swiftline,3,3,0,0,0,0.0,3.333,2.667,21.98,4.99,16.99,776.89,290.17,0.00
2024-12-29,2024-12-01,FC-Central,Swiftline,5,5,0,0,0,0.0,2.0,2.0,40.74,0.00,40.74,863.17,330.76,0.00
2024-07-12,2024-07-01,FC-South,Swiftline,1,1,0,0,0,0.0,3.0,3.0,10.66,0.00,10.66,328.17,67.45,0.00
2025-04-09,2025-04-01,FC-Central,Regional Freight,3,2,1,0,1,0.333,2.333,1.667,22.51,0.00,22.51,1152.29,307.69,59.82
2024-11-20,2024-11-01,FC-North,Metro Post,1,1,0,0,0,0.0,4.0,3.0,4.05,0.00,4.05,323.13,116.66,0.00
2024-07-31,2024-07-01,FC-North,Regional Freight,1,1,0,0,0,0.0,3.0,2.0,7.03,0.00,7.03,565.80,-74.85,0.00
2024-08-02,2024-08-01,FC-Central,Swiftline,3,3,0,0,0,0.0,2.667,2.333,34.95,0.00,34.95,1285.55,493.31,0.00
2024-09-28,2024-09-01,FC-South,Swiftline,2,2,0,0,0,0.0,2.0,2.0,17.04,0.00,17.04,401.62,98.68,0.00
2024-08-04,2024-08-01,FC-South,Metro Post,2,2,0,0,0,0.0,5.0,3.0,15.68,0.00,15.68,822.13,229.93,0.00
2024-08-03,2024-08-01,FC-South,Metro Post,1,1,0,0,0,0.0,4.0,4.0,13.27,0.00,13.27,258.09,97.55,0.00
2024-08-11,2024-08-01,FC-Central,Regional Freight,1,1,0,0,0,0.0,2.0,2.0,2.24,0.00,2.24,65.82,40.27,0.00
2025-10-12,2025-10-01,FC-South,Regional Freight,5,5,0,0,0,0.0,2.2,1.8,23.83,14.97,8.86,533.87,152.33,0.00
2024-08-16,2024-08-01,FC-North,Metro Post,2,2,0,0,0,0.0,3.0,1.5,20.69,0.00,20.69,620.90,225.92,0.00
2024-08-16,2024-08-01,FC-Central,Swiftline,4,3,1,0,1,0.25,3.75,3.0,24.80,0.00,24.80,541.09,182.53,122.76
2024-10-08,2024-10-01,FC-South,Regional Freight,3,1,2,0,3,1.0,4.667,3.333,12.26,0.00,12.26,590.50,272.46,450.15
2024-10-11,2024-10-01,FC-Central,Swiftline,2,2,0,0,0,0.0,2.5,2.0,19.96,0.00,19.96,1113.50,27.28,0.00
2024-08-23,2024-08-01,FC-North,Metro Post,2,2,0,0,0,0.0,3.0,2.5,18.74,0.00,18.74,361.12,155.32,0.00
2025-04-03,2025-04-01,FC-Central,Regional Freight,4,4,0,0,0,0.0,2.5,2.25,32.58,4.99,27.59,2553.07,756.75,0.00
2024-08-21,2024-08-01,FC-South,Regional Freight,1,1,0,0,0,0.0,1.0,1.0,3.10,0.00,3.10,205.28,84.8,0.00
2025-03-10,2025-03-01,FC-Central,Metro Post,2,2,0,0,0,0.0,2.5,2.0,15.45,0.00,15.45,2028.66,403.18,0.00
2025-08-20,2025-08-01,FC-South,Swiftline,3,3,0,0,0,0.0,3.0,2.667,37.75,0.00,37.75,1074.47,416.79,0.00
2024-08-27,2024-08-01,FC-North,Metro Post,1,1,0,0,0,0.0,5.0,4.0,3.74,0.00,3.74,55.06,-46.38,0.00
2024-08-27,2024-08-01,FC-South,Regional Freight,2,1,1,0,2,1.0,4.5,4.5,9.12,0.00,9.12,810.59,184.63,473.32
2024-08-27,2024-08-01,FC-Central,Metro Post,1,1,0,0,0,0.0,3.0,3.0,4.00,0.00,4.00,47.54,14.03,0.00
2024-09-03,2024-09-01,FC-North,Swiftline,1,1,0,0,0,0.0,2.0,2.0,9.22,4.99,4.23,33.23,-4.23,0.00
2024-10-27,2024-10-01,FC-South,Metro Post,3,2,1,1,6,2.0,4.333,4.0,22.10,0.00,22.10,590.59,42.62,161.57
2024-09-03,2024-09-01,FC-South,Metro Post,1,1,0,0,0,0.0,3.0,2.0,3.07,0.00,3.07,117.17,-3.07,0.00
2024-09-05,2024-09-01,FC-South,Metro Post,2,2,0,0,0,0.0,3.5,3.0,17.33,0.00,17.33,611.44,289.51,0.00
2024-12-20,2024-12-01,FC-Central,Metro Post,4,3,1,0,1,0.25,3.25,2.75,26.90,0.00,26.90,996.26,251.35,578.47
2024-09-04,2024-09-01,FC-North,Metro Post,1,1,0,0,0,0.0,2.0,1.0,3.46,0.00,3.46,95.22,42.83,0.00
2025-03-10,2025-03-01,FC-North,Swiftline,3,2,1,0,1,0.333,4.0,2.333,13.06,0.00,13.06,276.55,100.41,113.30
2024-09-12,2024-09-01,FC-North,Swiftline,2,2,0,0,0,0.0,4.0,4.0,12.22,9.98,2.24,65.78,24.81,0.00
2024-09-15,2024-09-01,FC-South,Swiftline,1,1,0,0,0,0.0,4.0,4.0,4.16,0.00,4.16,81.65,-101.73,0.00
2024-09-13,2024-09-01,FC-North,Regional Freight,1,1,0,0,0,0.0,2.0,1.0,17.52,0.00,17.52,454.19,218.76,0.00
2024-09-16,2024-09-01,FC-Central,Metro Post,3,2,1,0,1,0.333,3.333,2.333,18.76,0.00,18.76,1150.06,214.18,112.87
2024-09-14,2024-09-01,FC-South,Regional Freight,3,2,1,0,1,0.333,4.0,3.333,12.46,0.00,12.46,390.29,-19.99,83.81
2026-01-12,2026-01-01,FC-North,Swiftline,3,3,0,0,0,0.0,2.333,1.333,35.44,4.99,30.45,980.55,344.0,0.00
2024-09-17,2024-09-01,FC-South,Regional Freight,4,2,2,0,4,1.0,5.5,4.5,19.24,0.00,19.24,1212.63,454.94,1014.96
2024-09-18,2024-09-01,FC-South,Swiftline,1,1,0,0,0,0.0,2.0,2.0,9.62,0.00,9.62,1243.70,126.82,0.00
2024-09-22,2024-09-01,FC-South,Metro Post,2,2,0,0,0,0.0,3.5,3.0,13.46,0.00,13.46,441.61,154.91,0.00
2024-09-26,2024-09-01,FC-North,Swiftline,1,1,0,0,0,0.0,4.0,4.0,5.21,0.00,5.21,83.39,43.9,0.00
2024-11-04,2024-11-01,FC-North,Swiftline,2,2,0,0,0,0.0,3.5,3.0,36.28,0.00,36.28,888.74,234.89,0.00
2025-03-14,2025-03-01,FC-South,Regional Freight,4,1,3,3,24,6.0,8.75,7.75,17.38,0.00,17.38,648.87,307.83,395.92
2024-10-05,2024-10-01,FC-North,Metro Post,1,1,0,0,0,0.0,5.0,5.0,3.71,0.00,3.71,158.95,105.44,0.00
2025-06-23,2025-06-01,FC-North,Swiftline,5,5,0,0,0,0.0,2.6,2.2,55.04,0.00,55.04,3227.37,470.87,0.00
2024-10-11,2024-10-01,FC-North,Regional Freight,1,0,1,0,1,1.0,4.0,3.0,3.60,0.00,3.60,67.28,28.01,67.28
2025-06-13,2025-06-01,FC-South,Regional Freight,6,6,0,0,0,0.0,3.0,2.5,27.21,4.99,22.22,1232.67,234.47,0.00
2024-10-15,2024-10-01,FC-South,Metro Post,3,2,1,0,1,0.333,4.333,4.333,9.85,9.98,-0.13,119.57,30.39,48.55
2025-02-06,2025-02-01,FC-South,Swiftline,2,2,0,0,0,0.0,3.5,2.5,14.29,0.00,14.29,695.70,226.06,0.00
2024-10-22,2024-10-01,FC-South,Metro Post,1,1,0,0,0,0.0,2.0,2.0,12.45,0.00,12.45,173.61,-1.97,0.00
2024-10-22,2024-10-01,FC-Central,Regional Freight,1,1,0,0,0,0.0,2.0,1.0,5.74,4.99,0.75,33.23,9.7,0.00
2025-01-14,2025-01-01,FC-Central,Swiftline,2,2,0,0,0,0.0,3.5,3.0,12.78,0.00,12.78,472.33,-102.78,0.00
2024-10-25,2024-10-01,FC-North,Regional Freight,1,0,1,0,1,1.0,4.0,4.0,2.52,0.00,2.52,150.12,85.54,150.12
2024-12-27,2024-12-01,FC-South,Regional Freight,3,2,1,1,4,1.333,4.333,4.0,12.74,0.00,12.74,419.87,-22.86,143.85
2025-01-27,2025-01-01,FC-South,Metro Post,5,4,1,0,2,0.4,2.4,2.0,34.58,4.99,29.59,1392.36,306.02,202.22
2024-11-05,2024-11-01,FC-North,Swiftline,1,1,0,0,0,0.0,4.0,4.0,19.38,0.00,19.38,573.41,158.08,0.00
2024-12-26,2024-12-01,FC-Central,Swiftline,1,1,0,0,0,0.0,3.0,3.0,30.64,0.00,30.64,747.00,237.01,0.00
2025-02-20,2025-02-01,FC-Central,Metro Post,3,2,1,0,1,0.333,3.0,2.333,23.36,0.00,23.36,1063.07,377.3,172.89
2024-11-06,2024-11-01,FC-North,Regional Freight,2,2,0,0,0,0.0,4.0,2.5,12.85,0.00,12.85,316.07,115.87,0.00
2024-11-06,2024-11-01,FC-Central,Regional Freight,2,2,0,0,0,0.0,4.0,3.0,11.32,0.00,11.32,349.78,44.2,0.00
2024-11-07,2024-11-01,FC-Central,Swiftline,1,1,0,0,0,0.0,3.0,3.0,3.84,0.00,3.84,98.30,54.44,0.00
2024-11-30,2024-11-01,FC-South,Metro Post,2,0,2,1,4,2.0,5.0,5.0,35.40,0.00,35.40,2305.72,528.37,2305.72
2026-03-20,2026-03-01,FC-South,Metro Post,4,2,2,2,12,3.0,5.75,5.0,31.06,0.00,31.06,833.90,350.07,410.95
2025-09-19,2025-09-01,FC-Central,Swiftline,4,2,2,2,9,2.25,5.75,5.75,55.28,0.00,55.28,2217.98,200.18,1670.51
2025-03-20,2025-03-01,FC-Central,Metro Post,1,1,0,0,0,0.0,4.0,4.0,15.58,0.00,15.58,557.55,171.86,0.00
2024-11-14,2024-11-01,FC-North,Metro Post,1,1,0,0,0,0.0,1.0,1.0,5.68,0.00,5.68,262.87,59.08,0.00
2024-11-18,2024-11-01,FC-North,Swiftline,1,1,0,0,0,0.0,4.0,4.0,8.99,0.00,8.99,87.72,-40.64,0.00
2025-01-24,2025-01-01,FC-South,Swiftline,3,3,0,0,0,0.0,3.667,3.667,42.53,0.00,42.53,474.19,146.33,0.00
2025-01-18,2025-01-01,FC-Central,Regional Freight,1,1,0,0,0,0.0,2.0,1.0,11.66,0.00,11.66,1053.23,235.27,0.00
2024-11-24,2024-11-01,FC-North,Swiftline,4,4,0,0,0,0.0,3.25,2.75,20.45,0.00,20.45,600.28,127.67,0.00
2024-11-22,2024-11-01,FC-North,Regional Freight,1,0,1,1,4,4.0,8.0,7.0,7.30,0.00,7.30,136.77,5.26,136.77
2025-05-25,2025-05-01,FC-South,Swiftline,1,1,0,0,0,0.0,2.0,1.0,5.13,0.00,5.13,376.19,50.06,0.00
2025-01-14,2025-01-01,FC-North,Swiftline,1,1,0,0,0,0.0,5.0,4.0,4.19,0.00,4.19,65.12,5.71,0.00
2025-05-28,2025-05-01,FC-Central,Metro Post,2,2,0,0,0,0.0,4.5,4.5,16.70,0.00,16.70,546.49,3.42,0.00
2025-03-02,2025-03-01,FC-Central,Metro Post,2,2,0,0,0,0.0,4.0,3.0,8.89,0.00,8.89,720.95,197.51,0.00
2025-02-25,2025-02-01,FC-Central,Swiftline,1,1,0,0,0,0.0,2.0,1.0,19.20,0.00,19.20,480.33,110.02,0.00
2025-08-22,2025-08-01,FC-South,Regional Freight,3,3,0,0,0,0.0,3.667,3.333,17.35,0.00,17.35,771.11,132.66,0.00
2025-05-16,2025-05-01,FC-North,Swiftline,2,1,1,0,1,0.5,3.5,3.5,9.96,0.00,9.96,197.76,57.07,93.33
2025-05-12,2025-05-01,FC-South,Swiftline,1,1,0,0,0,0.0,4.0,3.0,7.46,0.00,7.46,164.31,74.53,0.00
2025-02-12,2025-02-01,FC-Central,Swiftline,1,1,0,0,0,0.0,2.0,1.0,13.40,0.00,13.40,423.49,132.59,0.00
2024-12-09,2024-12-01,FC-South,Regional Freight,1,0,1,0,1,1.0,4.0,4.0,2.50,0.00,2.50,81.63,41.32,81.63
2025-01-07,2025-01-01,FC-North,Swiftline,2,2,0,0,0,0.0,2.0,1.5,21.73,0.00,21.73,169.52,0.44,0.00
2025-05-11,2025-05-01,FC-North,Swiftline,1,1,0,0,0,0.0,4.0,4.0,6.97,0.00,6.97,424.60,198.71,0.00
2025-06-03,2025-06-01,FC-South,Regional Freight,1,0,1,1,3,3.0,6.0,6.0,5.79,0.00,5.79,357.18,41.72,357.18
2025-03-11,2025-03-01,FC-South,Regional Freight,3,2,1,0,1,0.333,3.667,3.333,9.98,0.00,9.98,556.23,179.16,145.21
2025-01-31,2025-01-01,FC-South,Regional Freight,1,1,0,0,0,0.0,2.0,2.0,2.31,0.00,2.31,55.40,21.93,0.00
2025-07-25,2025-07-01,FC-North,Swiftline,2,1,1,0,2,1.0,4.0,3.5,10.13,0.00,10.13,500.20,45.35,93.30
2024-12-25,2024-12-01,FC-North,Swiftline,1,1,0,0,0,0.0,3.0,3.0,3.76,4.99,-1.23,16.25,10.89,0.00
2025-02-09,2025-02-01,FC-South,Regional Freight,3,2,1,0,2,0.667,3.333,3.0,11.23,0.00,11.23,740.31,183.28,101.41
2025-07-09,2025-07-01,FC-South,Metro Post,2,2,0,0,0,0.0,2.5,2.5,7.98,0.00,7.98,149.44,47.91,0.00
2024-12-24,2024-12-01,FC-Central,Metro Post,1,1,0,0,0,0.0,1.0,1.0,14.91,0.00,14.91,59.18,7.85,0.00
2025-04-10,2025-04-01,FC-South,Swiftline,3,2,1,0,2,0.667,3.333,3.333,22.20,4.99,17.21,500.40,108.15,17.15
2025-02-26,2025-02-01,FC-North,Swiftline,2,2,0,0,0,0.0,2.5,2.0,18.78,0.00,18.78,1056.51,200.7,0.00
2025-01-21,2025-01-01,FC-South,Swiftline,2,2,0,0,0,0.0,2.5,2.0,10.34,0.00,10.34,286.40,122.87,0.00
2025-10-15,2025-10-01,FC-South,Metro Post,2,2,0,0,0,0.0,3.5,3.5,12.20,0.00,12.20,674.84,149.39,0.00
2025-02-06,2025-02-01,FC-North,Metro Post,2,2,0,0,0,0.0,2.5,2.0,15.48,0.00,15.48,397.27,186.56,0.00
2025-04-30,2025-04-01,FC-South,Metro Post,1,1,0,0,0,0.0,4.0,3.0,6.16,0.00,6.16,243.13,21.07,0.00
2025-06-18,2025-06-01,FC-South,Regional Freight,4,3,1,0,2,0.5,3.0,2.25,16.21,0.00,16.21,453.85,119.96,125.36
2025-05-17,2025-05-01,FC-South,Metro Post,3,3,0,0,0,0.0,3.333,2.667,10.25,4.99,5.26,206.09,47.21,0.00
2025-01-10,2025-01-01,FC-South,Metro Post,1,1,0,0,0,0.0,4.0,3.0,9.68,0.00,9.68,66.37,8.49,0.00
2025-07-10,2025-07-01,FC-South,Regional Freight,4,3,1,0,2,0.5,3.0,2.5,31.98,0.00,31.98,1219.66,381.6,120.59
2025-04-16,2025-04-01,FC-Central,Metro Post,2,2,0,0,0,0.0,3.0,2.0,11.82,0.00,11.82,613.44,238.84,0.00
2026-01-22,2026-01-01,FC-Central,Metro Post,2,2,0,0,0,0.0,3.5,2.0,13.34,0.00,13.34,506.80,199.69,0.00
2025-03-27,2025-03-01,FC-North,Swiftline,2,2,0,0,0,0.0,3.5,2.5,28.74,0.00,28.74,977.42,24.33,0.00
2025-01-15,2025-01-01,FC-North,Swiftline,1,1,0,0,0,0.0,5.0,5.0,14.03,0.00,14.03,433.20,66.02,0.00
2025-04-02,2025-04-01,FC-North,Metro Post,1,1,0,0,0,0.0,2.0,2.0,4.00,0.00,4.00,52.19,18.68,0.00
2025-01-22,2025-01-01,FC-North,Swiftline,1,1,0,0,0,0.0,3.0,3.0,13.54,0.00,13.54,482.01,-140.62,0.00
2025-04-26,2025-04-01,FC-South,Swiftline,1,1,0,0,0,0.0,2.0,2.0,3.98,0.00,3.98,120.87,67.75,0.00
2025-01-28,2025-01-01,FC-Central,Regional Freight,1,0,1,0,2,2.0,6.0,4.0,2.84,0.00,2.84,76.15,35.13,76.15
2025-04-25,2025-04-01,FC-South,Metro Post,2,2,0,0,0,0.0,4.0,3.5,18.81,4.99,13.82,1482.23,198.39,0.00
2025-07-03,2025-07-01,FC-North,Metro Post,1,1,0,0,0,0.0,2.0,1.0,6.29,0.00,6.29,245.75,-6.29,0.00
2025-02-18,2025-02-01,FC-Central,Swiftline,2,2,0,0,0,0.0,3.0,3.0,22.05,0.00,22.05,677.63,191.28,0.00
2025-06-24,2025-06-01,FC-Central,Swiftline,4,4,0,0,0,0.0,2.5,2.25,55.46,0.00,55.46,1641.26,459.41,0.00
2025-06-22,2025-06-01,FC-South,Metro Post,4,2,2,0,4,1.0,4.25,4.0,35.89,0.00,35.89,981.03,120.19,520.68
2025-02-27,2025-02-01,FC-North,Swiftline,3,3,0,0,0,0.0,4.0,3.667,20.52,0.00,20.52,736.54,234.92,0.00
2025-07-12,2025-07-01,FC-South,Swiftline,2,2,0,0,0,0.0,3.0,3.0,13.90,4.99,8.91,307.29,125.13,0.00
2025-06-04,2025-06-01,FC-North,Metro Post,3,3,0,0,0,0.0,3.333,3.333,18.71,0.00,18.71,739.67,197.99,0.00
2025-03-07,2025-03-01,FC-North,Regional Freight,1,1,0,0,0,0.0,5.0,4.0,2.57,4.99,-2.42,30.28,18.72,0.00
2025-05-19,2025-05-01,FC-North,Regional Freight,1,1,0,0,0,0.0,2.0,2.0,7.58,0.00,7.58,211.92,32.9,0.00
2025-05-25,2025-05-01,FC-North,Metro Post,1,1,0,0,0,0.0,3.0,3.0,8.99,0.00,8.99,435.99,61.76,0.00
2025-07-16,2025-07-01,FC-South,Swiftline,2,2,0,0,0,0.0,3.0,3.0,44.18,4.99,39.19,965.36,80.12,0.00
2025-12-18,2025-12-01,FC-North,Metro Post,3,3,0,0,0,0.0,3.0,2.667,27.90,0.00,27.90,1311.23,295.46,0.00
2025-12-01,2025-12-01,FC-Central,Regional Freight,3,2,1,1,3,1.0,4.0,2.667,19.24,9.98,9.26,190.64,57.9,137.34
2025-11-06,2025-11-01,FC-South,Metro Post,4,1,3,2,11,2.75,5.75,5.25,24.83,4.99,19.84,535.06,207.58,466.39
2025-05-30,2025-05-01,FC-North,Metro Post,1,1,0,0,0,0.0,3.0,3.0,6.24,0.00,6.24,263.09,45.83,0.00
2025-04-11,2025-04-01,FC-North,Swiftline,4,4,0,0,0,0.0,3.0,2.5,41.79,0.00,41.79,819.32,272.89,0.00
2025-03-30,2025-03-01,FC-South,Swiftline,2,2,0,0,0,0.0,3.0,2.0,21.29,4.99,16.30,612.78,-67.58,0.00
2025-05-12,2025-05-01,FC-Central,Regional Freight,3,2,1,0,2,0.667,3.667,3.333,13.19,9.98,3.21,322.15,53.46,35.50
2025-04-03,2025-04-01,FC-South,Swiftline,1,1,0,0,0,0.0,4.0,4.0,16.28,0.00,16.28,556.50,31.78,0.00
2025-09-25,2025-09-01,FC-North,Regional Freight,2,2,0,0,0,0.0,2.0,2.0,20.95,0.00,20.95,1124.52,384.69,0.00
2025-04-07,2025-04-01,FC-South,Swiftline,2,2,0,0,0,0.0,4.0,4.0,9.10,4.99,4.11,163.86,87.96,0.00
2025-04-05,2025-04-01,FC-South,Swiftline,1,1,0,0,0,0.0,3.0,1.0,10.43,0.00,10.43,644.30,111.02,0.00
2025-04-10,2025-04-01,FC-Central,Metro Post,1,1,0,0,0,0.0,3.0,3.0,13.09,0.00,13.09,735.85,48.24,0.00
2025-08-23,2025-08-01,FC-South,Metro Post,1,1,0,0,0,0.0,4.0,3.0,4.62,0.00,4.62,154.72,43.69,0.00
2025-07-30,2025-07-01,FC-South,Swiftline,2,1,1,0,1,0.5,3.5,3.5,8.45,0.00,8.45,123.43,35.58,48.37
2025-04-14,2025-04-01,FC-North,Metro Post,1,1,0,0,0,0.0,3.0,3.0,5.22,0.00,5.22,137.09,57.59,0.00
2025-04-13,2025-04-01,FC-Central,Swiftline,1,1,0,0,0,0.0,3.0,3.0,3.76,4.99,-1.23,18.13,12.77,0.00
2025-05-17,2025-05-01,FC-North,Metro Post,1,1,0,0,0,0.0,1.0,1.0,4.02,0.00,4.02,489.58,274.58,0.00
2025-04-20,2025-04-01,FC-South,Regional Freight,2,2,0,0,0,0.0,3.0,2.5,5.82,0.00,5.82,279.17,25.41,0.00
2025-06-19,2025-06-01,FC-Central,Swiftline,2,2,0,0,0,0.0,3.0,2.0,15.54,4.99,10.55,112.26,35.56,0.00
2025-07-07,2025-07-01,FC-North,Metro Post,1,1,0,0,0,0.0,4.0,3.0,4.28,0.00,4.28,437.76,82.06,0.00
2025-06-27,2025-06-01,FC-South,Metro Post,2,2,0,0,0,0.0,3.5,2.5,15.61,0.00,15.61,531.21,6.03,0.00
2025-09-16,2025-09-01,FC-South,Swiftline,3,3,0,0,0,0.0,4.0,4.0,15.30,0.00,15.30,551.71,224.17,0.00
2026-03-26,2026-03-01,FC-Central,Swiftline,3,3,0,0,0,0.0,4.0,4.0,26.87,0.00,26.87,1107.88,141.03,0.00
2025-05-21,2025-05-01,FC-South,Regional Freight,2,1,1,1,3,1.5,5.5,4.5,9.09,9.98,-0.89,46.75,12.0,17.16
2026-04-15,2026-04-01,FC-North,Swiftline,7,7,0,0,0,0.0,3.143,3.0,63.40,0.00,63.40,1598.98,516.2,0.00
2025-06-05,2025-06-01,FC-South,Metro Post,4,4,0,0,0,0.0,2.0,1.75,26.68,0.00,26.68,1319.90,80.32,0.00
2026-05-21,2026-05-01,FC-Central,Swiftline,5,5,0,0,0,0.0,3.2,2.8,47.07,0.00,47.07,997.70,174.38,0.00
2025-05-07,2025-05-01,FC-Central,Swiftline,1,1,0,0,0,0.0,3.0,3.0,5.16,0.00,5.16,395.21,226.61,0.00
2025-06-25,2025-06-01,FC-Central,Regional Freight,2,2,0,0,0,0.0,3.0,3.0,8.68,4.99,3.69,170.22,14.49,0.00
2025-05-14,2025-05-01,FC-South,Regional Freight,3,3,0,0,0,0.0,3.0,2.333,12.51,0.00,12.51,770.90,276.0,0.00
2025-10-27,2025-10-01,FC-South,Regional Freight,3,1,2,1,5,1.667,5.667,4.667,20.02,4.99,15.03,948.10,345.61,707.15
2025-11-24,2025-11-01,FC-Central,Swiftline,3,2,1,0,1,0.333,3.0,2.333,25.66,4.99,20.67,736.60,169.68,316.79
2025-08-02,2025-08-01,FC-South,Swiftline,2,2,0,0,0,0.0,1.5,1.5,33.78,0.00,33.78,1113.20,-105.32,0.00
2026-03-16,2026-03-01,FC-South,Regional Freight,3,2,1,1,3,1.0,4.667,3.667,11.70,4.99,6.71,942.83,103.06,429.63
2025-10-15,2025-10-01,FC-North,Regional Freight,1,0,1,0,1,1.0,3.0,2.0,5.70,0.00,5.70,218.75,52.41,218.75
2025-06-20,2025-06-01,FC-Central,Metro Post,2,2,0,0,0,0.0,2.0,1.0,10.27,4.99,5.28,74.23,29.75,0.00
2025-06-09,2025-06-01,FC-North,Metro Post,2,2,0,0,0,0.0,3.0,2.5,14.08,0.00,14.08,742.35,212.3,0.00
2025-12-29,2025-12-01,FC-South,Swiftline,3,2,1,1,4,1.333,5.333,4.667,23.27,0.00,23.27,1318.13,449.4,1010.27
2025-09-30,2025-09-01,FC-South,Swiftline,2,2,0,0,0,0.0,1.5,1.0,21.04,4.99,16.05,370.99,167.01,0.00
2025-12-16,2025-12-01,FC-South,Swiftline,4,4,0,0,0,0.0,2.5,1.5,45.96,0.00,45.96,2736.11,461.68,0.00
2025-06-18,2025-06-01,FC-Central,Metro Post,1,0,1,0,1,1.0,4.0,3.0,3.57,0.00,3.57,49.17,22.3,49.17
2025-06-20,2025-06-01,FC-North,Regional Freight,1,1,0,0,0,0.0,3.0,3.0,14.58,0.00,14.58,1051.64,340.47,0.00
2025-06-22,2025-06-01,FC-Central,Swiftline,1,1,0,0,0,0.0,4.0,3.0,8.53,0.00,8.53,47.86,-8.53,0.00
2025-06-21,2025-06-01,FC-South,Regional Freight,1,1,0,0,0,0.0,2.0,2.0,7.03,0.00,7.03,150.41,48.53,0.00
2025-06-30,2025-06-01,FC-Central,Regional Freight,1,1,0,0,0,0.0,4.0,3.0,11.45,0.00,11.45,472.93,189.39,0.00
2025-11-07,2025-11-01,FC-South,Swiftline,2,2,0,0,0,0.0,3.0,2.5,19.51,0.00,19.51,834.82,199.04,0.00
2025-11-10,2025-11-01,FC-South,Metro Post,3,3,0,0,0,0.0,2.667,1.667,17.21,4.99,12.22,1443.26,460.19,0.00
2025-07-07,2025-07-01,FC-South,Metro Post,1,0,1,0,1,1.0,3.0,1.0,5.42,0.00,5.42,242.08,80.04,242.08
2025-10-23,2025-10-01,FC-Central,Regional Freight,3,3,0,0,0,0.0,2.333,1.667,30.82,0.00,30.82,571.34,98.54,0.00
2026-03-11,2026-03-01,FC-Central,Metro Post,2,2,0,0,0,0.0,2.5,2.0,11.51,4.99,6.52,299.61,115.75,0.00
2025-07-12,2025-07-01,FC-Central,Regional Freight,2,2,0,0,0,0.0,3.5,3.5,6.69,4.99,1.70,323.62,62.1,0.00
2025-12-04,2025-12-01,FC-South,Regional Freight,4,2,2,1,7,1.75,4.5,3.75,15.58,4.99,10.59,805.96,301.11,186.40
2026-02-21,2026-02-01,FC-Central,Metro Post,2,2,0,0,0,0.0,3.0,2.0,6.83,0.00,6.83,170.72,27.66,0.00
2025-07-13,2025-07-01,FC-South,Metro Post,2,2,0,0,0,0.0,2.5,2.0,6.09,4.99,1.10,131.90,76.86,0.00
2025-12-25,2025-12-01,FC-South,Regional Freight,7,5,2,1,6,0.857,3.857,3.714,34.80,0.00,34.80,1315.95,372.91,316.78
2025-08-15,2025-08-01,FC-North,Regional Freight,3,2,1,0,1,0.333,2.333,1.667,22.01,0.00,22.01,575.03,215.24,93.79
2026-01-02,2026-01-01,FC-South,Metro Post,3,3,0,0,0,0.0,3.0,2.667,26.60,0.00,26.60,976.44,180.03,0.00
2025-08-31,2025-08-01,FC-North,Metro Post,1,1,0,0,0,0.0,3.0,2.0,6.61,0.00,6.61,206.80,-43.64,0.00
2025-08-23,2025-08-01,FC-North,Swiftline,3,3,0,0,0,0.0,2.333,2.0,52.97,4.99,47.98,1493.21,282.88,0.00
2025-07-25,2025-07-01,FC-South,Regional Freight,2,1,1,0,1,0.5,4.0,4.0,5.45,4.99,0.46,274.69,119.3,28.59
2025-07-31,2025-07-01,FC-Central,Swiftline,1,1,0,0,0,0.0,2.0,2.0,23.69,0.00,23.69,1391.44,199.74,0.00
2026-04-12,2026-04-01,FC-North,Metro Post,1,1,0,0,0,0.0,5.0,3.0,5.07,0.00,5.07,103.49,13.64,0.00
2026-01-10,2026-01-01,FC-South,Metro Post,2,2,0,0,0,0.0,3.0,3.0,22.94,0.00,22.94,805.39,127.55,0.00
2026-02-23,2026-02-01,FC-Central,Regional Freight,1,0,1,1,3,3.0,5.0,5.0,2.18,4.99,-2.81,19.98,15.78,19.98
2025-07-31,2025-07-01,FC-South,Metro Post,2,2,0,0,0,0.0,3.5,2.5,19.19,0.00,19.19,974.68,280.64,0.00
2025-08-04,2025-08-01,FC-Central,Swiftline,3,3,0,0,0,0.0,2.333,2.333,13.33,0.00,13.33,410.80,181.96,0.00
2025-12-08,2025-12-01,FC-Central,Metro Post,5,3,2,1,11,2.2,5.2,4.8,35.13,0.00,35.13,1752.14,138.04,1174.66
2025-08-09,2025-08-01,FC-North,Swiftline,2,2,0,0,0,0.0,2.5,2.5,9.75,0.00,9.75,285.40,156.74,0.00
2025-08-06,2025-08-01,FC-Central,Regional Freight,1,1,0,0,0,0.0,5.0,5.0,6.03,0.00,6.03,429.06,-5.62,0.00
2025-08-08,2025-08-01,FC-South,Swiftline,3,3,0,0,0,0.0,2.667,2.333,25.24,0.00,25.24,1034.69,195.85,0.00
2025-12-25,2025-12-01,FC-North,Swiftline,5,5,0,0,0,0.0,2.6,2.0,52.40,0.00,52.40,1725.34,381.32,0.00
2025-10-30,2025-10-01,FC-South,Regional Freight,4,4,0,0,0,0.0,3.25,2.5,20.53,4.99,15.54,439.83,59.83,0.00
2025-09-23,2025-09-01,FC-South,Metro Post,2,2,0,0,0,0.0,2.5,1.5,19.34,0.00,19.34,832.63,228.14,0.00
2025-08-20,2025-08-01,FC-Central,Swiftline,2,2,0,0,0,0.0,5.0,4.5,12.45,0.00,12.45,521.77,223.13,0.00
2025-08-24,2025-08-01,FC-Central,Regional Freight,2,2,0,0,0,0.0,3.5,2.5,14.12,0.00,14.12,569.94,229.38,0.00
2025-09-21,2025-09-01,FC-Central,Metro Post,1,1,0,0,0,0.0,2.0,1.0,4.47,0.00,4.47,199.93,62.2,0.00
2025-08-30,2025-08-01,FC-Central,Regional Freight,3,3,0,0,0,0.0,3.333,2.333,10.60,0.00,10.60,827.79,109.49,0.00
2026-01-02,2026-01-01,FC-North,Metro Post,2,2,0,0,0,0.0,3.5,3.5,20.99,0.00,20.99,876.74,211.78,0.00
2025-09-05,2025-09-01,FC-Central,Metro Post,4,3,1,0,2,0.5,3.5,2.5,34.80,0.00,34.80,3226.24,21.63,129.40
2025-12-26,2025-12-01,FC-North,Regional Freight,1,1,0,0,0,0.0,2.0,2.0,3.16,0.00,3.16,116.54,67.47,0.00
2026-04-17,2026-04-01,FC-Central,Metro Post,3,3,0,0,0,0.0,3.333,3.0,21.70,0.00,21.70,1128.70,355.65,0.00
2025-09-12,2025-09-01,FC-North,Regional Freight,1,1,0,0,0,0.0,2.0,2.0,6.34,0.00,6.34,336.42,166.04,0.00
2025-09-13,2025-09-01,FC-South,Swiftline,1,1,0,0,0,0.0,3.0,2.0,4.26,0.00,4.26,116.64,61.77,0.00
2026-05-13,2026-05-01,FC-Central,Swiftline,5,4,1,1,3,0.6,3.6,2.4,37.92,4.99,32.93,1121.53,270.42,260.61
2025-12-06,2025-12-01,FC-South,Regional Freight,5,3,2,0,3,0.6,4.2,3.8,27.88,0.00,27.88,1256.12,382.77,550.72
2025-09-21,2025-09-01,FC-South,Swiftline,1,1,0,0,0,0.0,4.0,4.0,17.34,0.00,17.34,210.81,85.4,0.00
2025-09-24,2025-09-01,FC-Central,Metro Post,1,0,1,0,1,1.0,4.0,2.0,5.49,0.00,5.49,104.67,7.57,104.67
2026-02-28,2026-02-01,FC-North,Metro Post,2,2,0,0,0,0.0,2.0,1.0,8.89,0.00,8.89,773.52,180.84,0.00
2025-10-02,2025-10-01,FC-North,Metro Post,1,1,0,0,0,0.0,3.0,2.0,3.07,0.00,3.07,45.85,26.96,0.00
2025-10-03,2025-10-01,FC-South,Metro Post,2,2,0,0,0,0.0,2.5,2.5,24.96,0.00,24.96,847.08,333.48,0.00
2026-01-24,2026-01-01,FC-Central,Metro Post,2,2,0,0,0,0.0,2.5,2.5,12.70,0.00,12.70,332.86,85.06,0.00
2026-04-10,2026-04-01,FC-North,Swiftline,6,6,0,0,0,0.0,3.333,2.833,38.15,9.98,28.17,1188.09,362.41,0.00
2025-12-24,2025-12-01,FC-Central,Regional Freight,1,0,1,0,1,1.0,5.0,4.0,2.24,0.00,2.24,65.82,40.27,65.82
2025-10-14,2025-10-01,FC-South,Swiftline,1,1,0,0,0,0.0,4.0,4.0,8.67,0.00,8.67,472.93,102.36,0.00
2025-10-23,2025-10-01,FC-South,Regional Freight,3,3,0,0,0,0.0,3.0,2.667,37.68,0.00,37.68,2821.89,-15.52,0.00
2025-10-22,2025-10-01,FC-Central,Swiftline,1,1,0,0,0,0.0,5.0,5.0,3.76,4.99,-1.23,16.47,11.11,0.00
2026-01-18,2026-01-01,FC-North,Swiftline,5,5,0,0,0,0.0,3.2,2.4,35.01,0.00,35.01,568.61,222.15,0.00
2025-10-27,2025-10-01,FC-Central,Metro Post,1,1,0,0,0,0.0,3.0,3.0,10.84,0.00,10.84,840.75,122.37,0.00
2026-02-02,2026-02-01,FC-Central,Regional Freight,1,1,0,0,0,0.0,4.0,4.0,2.87,0.00,2.87,141.94,74.07,0.00
2026-03-09,2026-03-01,FC-Central,Regional Freight,5,5,0,0,0,0.0,1.8,1.4,20.88,4.99,15.89,1079.95,379.66,0.00
2026-02-07,2026-02-01,FC-North,Swiftline,4,3,1,0,1,0.25,3.0,2.0,39.00,0.00,39.00,873.88,210.48,290.73
2026-05-05,2026-05-01,FC-South,Metro Post,3,2,1,0,2,0.667,4.0,3.667,11.64,4.99,6.65,632.42,267.63,424.95
2026-01-04,2026-01-01,FC-North,Metro Post,2,2,0,0,0,0.0,3.0,3.0,32.33,0.00,32.33,1110.87,33.05,0.00
2026-06-19,2026-06-01,FC-South,Swiftline,1,1,0,0,0,0.0,3.0,1.0,19.45,0.00,19.45,668.53,242.54,0.00
2026-02-21,2026-02-01,FC-North,Swiftline,2,2,0,0,0,0.0,3.0,2.0,15.35,0.00,15.35,932.76,-24.93,0.00
2026-01-26,2026-01-01,FC-North,Regional Freight,1,1,0,0,0,0.0,2.0,1.0,4.29,0.00,4.29,328.04,128.12,0.00
2026-01-31,2026-01-01,FC-North,Swiftline,2,1,1,1,3,1.5,4.5,4.5,11.28,0.00,11.28,352.77,100.95,105.71
2026-05-18,2026-05-01,FC-Central,Swiftline,3,3,0,0,0,0.0,3.333,3.333,37.09,0.00,37.09,728.52,101.1,0.00
2025-12-22,2025-12-01,FC-Central,Metro Post,4,4,0,0,0,0.0,3.0,2.75,23.38,0.00,23.38,1034.55,518.87,0.00
2026-05-24,2026-05-01,FC-South,Regional Freight,2,2,0,0,0,0.0,3.5,3.0,9.00,0.00,9.00,645.38,24.69,0.00
2025-12-14,2025-12-01,FC-South,Swiftline,2,2,0,0,0,0.0,4.0,4.0,16.96,0.00,16.96,322.70,-126.52,0.00
2025-12-30,2025-12-01,FC-South,Regional Freight,3,2,1,1,3,1.0,4.667,3.333,18.93,0.00,18.93,563.01,238.26,377.99
2025-11-25,2025-11-01,FC-North,Regional Freight,1,1,0,0,0,0.0,1.0,1.0,3.14,0.00,3.14,83.39,45.97,0.00
2025-11-29,2025-11-01,FC-North,Regional Freight,2,1,1,1,3,1.5,5.5,4.0,16.14,0.00,16.14,629.30,172.33,376.51
2026-02-20,2026-02-01,FC-North,Regional Freight,2,2,0,0,0,0.0,4.5,4.0,19.36,0.00,19.36,1220.61,260.5,0.00
2026-03-03,2026-03-01,FC-South,Swiftline,1,1,0,0,0,0.0,5.0,5.0,9.50,0.00,9.50,516.72,158.76,0.00
2026-04-18,2026-04-01,FC-North,Regional Freight,3,2,1,0,2,0.667,3.667,3.0,13.21,0.00,13.21,636.59,-64.37,54.00
2026-01-06,2026-01-01,FC-North,Swiftline,3,3,0,0,0,0.0,3.333,3.333,19.57,0.00,19.57,870.90,276.83,0.00
2025-12-04,2025-12-01,FC-North,Metro Post,1,1,0,0,0,0.0,2.0,1.0,9.97,0.00,9.97,128.60,43.58,0.00
2026-05-17,2026-05-01,FC-North,Regional Freight,1,1,0,0,0,0.0,4.0,3.0,3.14,0.00,3.14,80.31,26.47,0.00
2025-12-15,2025-12-01,FC-Central,Metro Post,2,2,0,0,0,0.0,2.5,2.0,10.00,0.00,10.00,484.84,44.22,0.00
2026-01-21,2026-01-01,FC-North,Swiftline,2,2,0,0,0,0.0,3.5,2.5,25.73,0.00,25.73,1072.41,210.63,0.00
2026-02-21,2026-02-01,FC-South,Regional Freight,3,2,1,0,2,0.667,4.667,4.667,12.52,0.00,12.52,1148.28,234.06,115.32
2026-01-19,2026-01-01,FC-Central,Metro Post,2,2,0,0,0,0.0,3.0,1.5,26.03,0.00,26.03,1619.67,377.0,0.00
2025-12-21,2025-12-01,FC-Central,Regional Freight,1,1,0,0,0,0.0,2.0,2.0,14.83,0.00,14.83,264.91,90.98,0.00
2026-01-17,2026-01-01,FC-North,Regional Freight,1,1,0,0,0,0.0,1.0,1.0,4.22,0.00,4.22,409.82,21.79,0.00
2026-01-19,2026-01-01,FC-North,Swiftline,3,3,0,0,0,0.0,2.333,2.0,23.07,4.99,18.08,557.93,292.83,0.00
2025-12-26,2025-12-01,FC-Central,Metro Post,2,2,0,0,0,0.0,2.5,2.0,12.05,0.00,12.05,203.27,42.84,0.00
2026-03-06,2026-03-01,FC-North,Swiftline,3,3,0,0,0,0.0,3.333,3.333,48.71,0.00,48.71,1186.12,310.78,0.00
2025-12-29,2025-12-01,FC-Central,Swiftline,1,1,0,0,0,0.0,2.0,1.0,6.09,0.00,6.09,115.34,-37.18,0.00
2025-12-31,2025-12-01,FC-Central,Swiftline,4,3,1,1,9,2.25,4.75,4.25,53.55,0.00,53.55,1812.66,700.28,193.27
2026-03-10,2026-03-01,FC-Central,Regional Freight,2,2,0,0,0,0.0,2.0,2.0,12.26,0.00,12.26,520.53,23.25,0.00
2026-05-11,2026-05-01,FC-North,Swiftline,3,3,0,0,0,0.0,2.333,2.333,28.87,0.00,28.87,492.12,115.44,0.00
2026-06-04,2026-06-01,FC-North,Regional Freight,2,2,0,0,0,0.0,4.5,3.5,5.70,0.00,5.70,515.26,195.23,0.00
2026-05-30,2026-05-01,FC-North,Metro Post,2,1,1,0,1,0.5,5.0,5.0,24.72,0.00,24.72,1391.19,457.89,660.15
2026-02-03,2026-02-01,FC-Central,Metro Post,3,2,1,0,2,0.667,4.0,3.667,30.60,4.99,25.61,819.90,-80.08,22.74
2026-03-24,2026-03-01,FC-Central,Metro Post,2,2,0,0,0,0.0,3.0,2.5,8.79,0.00,8.79,323.53,162.3,0.00
2026-02-09,2026-02-01,FC-North,Swiftline,3,3,0,0,0,0.0,2.0,1.667,49.83,0.00,49.83,1247.32,-430.74,0.00
2026-05-20,2026-05-01,FC-North,Regional Freight,1,1,0,0,0,0.0,3.0,1.0,9.84,0.00,9.84,342.53,123.55,0.00
2026-02-14,2026-02-01,FC-North,Metro Post,1,1,0,0,0,0.0,4.0,3.0,3.46,0.00,3.46,49.85,-3.46,0.00
2026-05-09,2026-05-01,FC-Central,Metro Post,3,3,0,0,0,0.0,3.667,3.333,24.95,0.00,24.95,323.96,107.54,0.00
2026-06-01,2026-06-01,FC-South,Metro Post,3,3,0,0,0,0.0,2.667,2.667,22.36,4.99,17.37,410.49,114.91,0.00
2026-02-23,2026-02-01,FC-South,Swiftline,1,1,0,0,0,0.0,5.0,4.0,4.23,0.00,4.23,83.50,49.34,0.00
2026-06-15,2026-06-01,FC-South,Swiftline,1,1,0,0,0,0.0,4.0,4.0,6.43,0.00,6.43,386.68,48.76,0.00
2026-03-07,2026-03-01,FC-South,Swiftline,1,1,0,0,0,0.0,5.0,5.0,4.63,0.00,4.63,213.73,15.53,0.00
2026-03-09,2026-03-01,FC-South,Metro Post,2,2,0,0,0,0.0,3.5,2.5,17.24,0.00,17.24,1069.98,200.96,0.00
2026-04-26,2026-04-01,FC-Central,Swiftline,1,1,0,0,0,0.0,1.0,1.0,20.32,0.00,20.32,143.41,12.86,0.00
2026-03-13,2026-03-01,FC-South,Swiftline,2,2,0,0,0,0.0,4.0,4.0,49.56,0.00,49.56,724.48,243.25,0.00
2026-05-20,2026-05-01,FC-South,Metro Post,2,2,0,0,0,0.0,3.5,3.5,16.09,0.00,16.09,482.54,184.45,0.00
2026-03-18,2026-03-01,FC-North,Regional Freight,1,1,0,0,0,0.0,2.0,2.0,7.03,4.99,2.04,30.01,13.27,0.00
2026-03-22,2026-03-01,FC-North,Swiftline,1,1,0,0,0,0.0,2.0,2.0,7.78,0.00,7.78,263.09,44.29,0.00
2026-03-23,2026-03-01,FC-South,Regional Freight,1,1,0,0,0,0.0,3.0,3.0,2.35,0.00,2.35,62.01,-2.35,0.00
2026-05-05,2026-05-01,FC-Central,Swiftline,1,1,0,0,0,0.0,1.0,1.0,23.52,0.00,23.52,232.65,25.69,0.00
2026-03-29,2026-03-01,FC-North,Metro Post,1,1,0,0,0,0.0,2.0,2.0,12.94,0.00,12.94,446.37,183.59,0.00
2026-03-27,2026-03-01,FC-Central,Regional Freight,1,0,1,0,2,2.0,6.0,6.0,4.92,0.00,4.92,309.29,105.02,309.29
2026-03-27,2026-03-01,FC-North,Swiftline,1,1,0,0,0,0.0,4.0,4.0,6.65,0.00,6.65,141.02,23.37,0.00
2026-04-01,2026-04-01,FC-Central,Swiftline,1,1,0,0,0,0.0,5.0,5.0,9.11,0.00,9.11,206.98,28.31,0.00
2026-04-06,2026-04-01,FC-Central,Regional Freight,2,1,1,1,4,2.0,6.0,6.0,15.18,0.00,15.18,528.89,150.02,175.35
2026-04-09,2026-04-01,FC-Central,Swiftline,1,1,0,0,0,0.0,3.0,3.0,3.90,0.00,3.90,45.67,15.55,0.00
2026-04-13,2026-04-01,FC-North,Swiftline,1,1,0,0,0,0.0,2.0,1.0,3.78,4.99,-1.21,17.74,8.77,0.00
2026-04-16,2026-04-01,FC-South,Metro Post,2,2,0,0,0,0.0,4.5,4.5,17.87,0.00,17.87,804.41,275.94,0.00
2026-05-10,2026-05-01,FC-South,Metro Post,3,2,1,0,1,0.333,3.0,3.0,12.10,0.00,12.10,365.28,125.49,103.98
2026-04-20,2026-04-01,FC-Central,Metro Post,1,0,1,0,2,2.0,5.0,5.0,3.39,0.00,3.39,65.52,32.77,65.52
2026-04-19,2026-04-01,FC-North,Metro Post,1,1,0,0,0,0.0,3.0,2.0,8.09,0.00,8.09,510.48,281.15,0.00
2026-05-04,2026-05-01,FC-North,Regional Freight,2,2,0,0,0,0.0,2.5,2.5,9.14,4.99,4.15,314.77,129.28,0.00
2026-05-12,2026-05-01,FC-South,Swiftline,1,1,0,0,0,0.0,3.0,3.0,4.06,0.00,4.06,103.71,61.62,0.00
2026-05-12,2026-05-01,FC-Central,Regional Freight,1,1,0,0,0,0.0,4.0,3.0,5.29,0.00,5.29,47.86,15.62,0.00
2026-05-24,2026-05-01,FC-North,Metro Post,2,2,0,0,0,0.0,4.5,3.5,17.86,0.00,17.86,536.73,84.39,0.00
2026-05-27,2026-05-01,FC-South,Swiftline,2,2,0,0,0,0.0,3.0,3.0,22.47,0.00,22.47,411.93,65.05,0.00
2026-05-29,2026-05-01,FC-Central,Regional Freight,2,1,1,0,2,1.0,5.0,4.0,8.35,0.00,8.35,353.36,72.93,66.55
2024-11-21,2024-11-01,FC-South,Swiftline,3,2,1,1,3,1.0,4.0,3.667,17.01,4.99,12.02,493.89,217.8,40.68
2025-02-05,2025-02-01,FC-Central,Swiftline,1,1,0,0,0,0.0,5.0,5.0,9.58,0.00,9.58,274.44,116.58,0.00
2024-03-03,2024-03-01,FC-South,Swiftline,3,3,0,0,0,0.0,3.333,2.333,44.03,0.00,44.03,1177.24,384.59,0.00
2024-01-14,2024-01-01,FC-North,Swiftline,1,1,0,0,0,0.0,3.0,2.0,25.12,0.00,25.12,649.77,81.9,0.00
2024-01-19,2024-01-01,FC-South,Metro Post,1,1,0,0,0,0.0,4.0,4.0,5.97,0.00,5.97,346.93,139.42,0.00
2024-07-01,2024-07-01,FC-South,Regional Freight,1,1,0,0,0,0.0,2.0,2.0,6.10,0.00,6.10,548.61,262.05,0.00
2024-01-19,2024-01-01,FC-Central,Metro Post,1,1,0,0,0,0.0,3.0,2.0,3.44,0.00,3.44,308.21,193.66,0.00
2024-05-07,2024-05-01,FC-South,Metro Post,1,1,0,0,0,0.0,3.0,3.0,9.72,0.00,9.72,394.88,127.62,0.00
2024-01-29,2024-01-01,FC-South,Regional Freight,5,5,0,0,0,0.0,2.8,2.4,37.36,4.99,32.37,1079.47,334.96,0.00
2024-10-13,2024-10-01,FC-Central,Swiftline,1,1,0,0,0,0.0,2.0,2.0,10.87,0.00,10.87,78.63,-50.75,0.00
2024-06-27,2024-06-01,FC-North,Swiftline,1,1,0,0,0,0.0,1.0,1.0,4.39,0.00,4.39,384.21,80.55,0.00
2024-02-01,2024-02-01,FC-South,Regional Freight,2,1,1,0,1,0.5,4.5,4.5,6.20,4.99,1.21,134.05,26.14,14.17
2024-03-09,2024-03-01,FC-South,Metro Post,3,2,1,1,3,1.0,5.0,4.667,9.07,4.99,4.08,176.64,102.75,61.46
2024-03-16,2024-03-01,FC-North,Metro Post,2,2,0,0,0,0.0,3.0,2.5,8.85,4.99,3.86,900.91,182.47,0.00
2024-03-24,2024-03-01,FC-South,Metro Post,1,1,0,0,0,0.0,4.0,4.0,4.12,0.00,4.12,59.08,20.68,0.00
2024-02-11,2024-02-01,FC-North,Regional Freight,1,1,0,0,0,0.0,3.0,3.0,4.39,0.00,4.39,336.94,87.42,0.00
2024-02-09,2024-02-01,FC-South,Metro Post,2,1,1,1,6,3.0,5.5,5.0,19.07,0.00,19.07,414.27,103.63,235.91
2024-04-20,2024-04-01,FC-Central,Metro Post,5,4,1,0,1,0.2,3.2,2.2,32.11,9.98,22.13,525.50,105.38,26.49
2024-02-12,2024-02-01,FC-Central,Metro Post,1,1,0,0,0,0.0,4.0,4.0,3.51,0.00,3.51,272.93,131.1,0.00
2024-04-16,2024-04-01,FC-South,Metro Post,2,2,0,0,0,0.0,3.0,2.0,13.99,0.00,13.99,706.59,131.23,0.00
2024-07-18,2024-07-01,FC-North,Metro Post,3,3,0,0,0,0.0,3.0,2.667,13.31,0.00,13.31,438.23,199.09,0.00
2024-02-16,2024-02-01,FC-South,Swiftline,1,1,0,0,0,0.0,4.0,3.0,8.19,0.00,8.19,411.22,51.65,0.00
2024-06-19,2024-06-01,FC-South,Regional Freight,3,2,1,0,2,0.667,3.667,2.667,22.38,0.00,22.38,1116.37,213.08,175.32
2024-11-02,2024-11-01,FC-South,Regional Freight,4,4,0,0,0,0.0,3.25,2.5,20.07,9.98,10.09,570.85,230.03,0.00
2025-01-17,2025-01-01,FC-South,Regional Freight,3,2,1,1,3,1.0,3.667,3.0,28.59,0.00,28.59,791.58,137.14,206.00
2024-06-10,2024-06-01,FC-North,Swiftline,3,3,0,0,0,0.0,3.333,2.0,22.01,0.00,22.01,498.35,145.17,0.00
2024-02-22,2024-02-01,FC-South,Swiftline,2,1,1,0,1,0.5,4.0,4.0,23.77,0.00,23.77,1144.78,172.18,868.53
2024-02-21,2024-02-01,FC-North,Metro Post,1,1,0,0,0,0.0,4.0,3.0,3.60,0.00,3.60,131.59,63.53,0.00
2024-02-27,2024-02-01,FC-Central,Swiftline,2,1,1,0,1,0.5,3.5,2.5,28.88,0.00,28.88,1047.67,260.9,850.18
2024-08-07,2024-08-01,FC-South,Regional Freight,5,5,0,0,0,0.0,3.2,2.4,22.38,0.00,22.38,1201.17,376.76,0.00
2024-09-01,2024-09-01,FC-Central,Metro Post,4,4,0,0,0,0.0,3.0,3.0,40.53,0.00,40.53,1378.83,400.1,0.00
2024-04-15,2024-04-01,FC-Central,Metro Post,3,3,0,0,0,0.0,2.333,1.667,24.49,0.00,24.49,1019.81,247.32,0.00
2024-02-29,2024-02-01,FC-South,Metro Post,1,0,1,1,4,4.0,7.0,7.0,4.66,0.00,4.66,161.96,-60.83,161.96
2025-12-13,2025-12-01,FC-South,Metro Post,2,2,0,0,0,0.0,3.5,3.5,17.31,0.00,17.31,1066.53,280.01,0.00
2025-07-15,2025-07-01,FC-Central,Metro Post,3,3,0,0,0,0.0,3.333,2.333,23.92,0.00,23.92,1484.95,149.57,0.00
2024-06-18,2024-06-01,FC-South,Swiftline,3,3,0,0,0,0.0,2.333,2.0,41.51,0.00,41.51,811.44,60.39,0.00
2024-03-04,2024-03-01,FC-North,Metro Post,2,2,0,0,0,0.0,3.0,3.0,12.44,0.00,12.44,413.53,56.46,0.00
2024-05-12,2024-05-01,FC-South,Metro Post,5,4,1,0,1,0.2,3.2,2.6,33.97,0.00,33.97,1334.94,472.18,72.73
2024-05-14,2024-05-01,FC-Central,Metro Post,1,1,0,0,0,0.0,5.0,5.0,6.08,0.00,6.08,111.09,5.88,0.00
2024-04-04,2024-04-01,FC-Central,Swiftline,1,1,0,0,0,0.0,3.0,2.0,18.04,0.00,18.04,201.49,36.05,0.00
2024-03-06,2024-03-01,FC-North,Regional Freight,1,1,0,0,0,0.0,3.0,2.0,2.96,0.00,2.96,58.95,32.41,0.00
2024-09-05,2024-09-01,FC-Central,Regional Freight,1,1,0,0,0,0.0,3.0,3.0,4.35,0.00,4.35,105.94,30.96,0.00
2024-04-21,2024-04-01,FC-North,Swiftline,2,2,0,0,0,0.0,2.0,1.5,14.13,0.00,14.13,411.88,151.07,0.00
2024-03-19,2024-03-01,FC-South,Swiftline,1,1,0,0,0,0.0,2.0,1.0,4.54,4.99,-0.45,34.46,11.61,0.00
2024-06-01,2024-06-01,FC-South,Swiftline,1,1,0,0,0,0.0,1.0,1.0,3.96,4.99,-1.03,20.21,4.96,0.00
2024-05-13,2024-05-01,FC-South,Metro Post,1,1,0,0,0,0.0,3.0,3.0,8.99,0.00,8.99,322.10,109.08,0.00
2024-04-01,2024-04-01,FC-North,Swiftline,1,1,0,0,0,0.0,4.0,4.0,5.79,0.00,5.79,188.01,73.15,0.00
2024-04-02,2024-04-01,FC-South,Metro Post,1,1,0,0,0,0.0,2.0,2.0,29.64,0.00,29.64,2464.30,288.42,0.00
2024-05-26,2024-05-01,FC-Central,Regional Freight,2,2,0,0,0,0.0,4.0,4.0,5.78,0.00,5.78,280.99,149.99,0.00
2024-06-25,2024-06-01,FC-South,Metro Post,1,1,0,0,0,0.0,2.0,1.0,2.95,4.99,-2.04,26.09,17.95,0.00
2024-11-16,2024-11-01,FC-Central,Regional Freight,1,1,0,0,0,0.0,4.0,4.0,14.94,0.00,14.94,162.48,52.83,0.00
2024-04-13,2024-04-01,FC-South,Regional Freight,3,2,1,1,4,1.333,3.667,3.333,23.27,0.00,23.27,747.40,277.51,276.02
2024-08-15,2024-08-01,FC-South,Swiftline,2,1,1,0,1,0.5,4.0,3.5,36.58,0.00,36.58,934.05,250.58,55.99
2024-09-22,2024-09-01,FC-Central,Regional Freight,1,1,0,0,0,0.0,3.0,3.0,2.62,0.00,2.62,111.95,60.4,0.00
2024-06-21,2024-06-01,FC-North,Metro Post,1,1,0,0,0,0.0,2.0,1.0,5.20,4.99,0.21,38.00,11.96,0.00
2024-07-08,2024-07-01,FC-Central,Regional Freight,1,1,0,0,0,0.0,3.0,1.0,11.36,0.00,11.36,245.99,80.87,0.00
2024-04-23,2024-04-01,FC-South,Swiftline,1,1,0,0,0,0.0,3.0,3.0,17.22,0.00,17.22,978.78,275.25,0.00
2024-05-24,2024-05-01,FC-Central,Metro Post,2,0,2,1,7,3.5,6.5,6.5,6.54,4.99,1.55,123.89,-31.68,123.89
2024-05-02,2024-05-01,FC-North,Regional Freight,1,1,0,0,0,0.0,2.0,1.0,17.31,0.00,17.31,1273.13,-50.79,0.00
2024-05-04,2024-05-01,FC-North,Metro Post,1,1,0,0,0,0.0,1.0,1.0,4.05,0.00,4.05,164.49,58.37,0.00
2024-09-19,2024-09-01,FC-South,Regional Freight,3,3,0,0,0,0.0,3.333,2.667,24.01,0.00,24.01,859.85,431.5,0.00
2024-05-10,2024-05-01,FC-Central,Swiftline,4,4,0,0,0,0.0,2.75,2.25,54.73,0.00,54.73,1094.83,460.34,0.00
2024-07-27,2024-07-01,FC-North,Metro Post,2,2,0,0,0,0.0,2.5,2.5,10.89,4.99,5.90,286.22,122.58,0.00
2024-05-13,2024-05-01,FC-Central,Metro Post,1,1,0,0,0,0.0,4.0,3.0,4.21,0.00,4.21,133.10,75.55,0.00
2024-05-10,2024-05-01,FC-North,Metro Post,1,0,1,1,4,4.0,7.0,7.0,5.00,0.00,5.00,123.69,54.1,123.69
2024-05-16,2024-05-01,FC-South,Metro Post,1,0,1,0,1,1.0,5.0,5.0,3.16,0.00,3.16,186.86,22.85,186.86
2024-05-15,2024-05-01,FC-North,Regional Freight,1,1,0,0,0,0.0,1.0,1.0,2.22,4.99,-2.77,28.36,20.95,0.00
2024-05-18,2024-05-01,FC-Central,Regional Freight,1,1,0,0,0,0.0,2.0,2.0,2.90,0.00,2.90,159.04,80.52,0.00
2025-04-15,2025-04-01,FC-South,Regional Freight,7,6,1,0,1,0.143,2.714,2.571,30.85,0.00,30.85,2498.62,736.02,875.52
2024-11-06,2024-11-01,FC-South,Regional Freight,5,5,0,0,0,0.0,2.6,2.2,24.96,4.99,19.97,1430.39,514.45,0.00
2024-10-28,2024-10-01,FC-Central,Regional Freight,2,2,0,0,0,0.0,2.5,2.5,4.84,4.99,-0.15,128.42,82.36,0.00
2024-08-08,2024-08-01,FC-North,Regional Freight,2,1,1,0,2,1.0,5.5,4.5,17.83,0.00,17.83,451.26,120.51,135.93
2024-05-23,2024-05-01,FC-South,Metro Post,1,1,0,0,0,0.0,2.0,2.0,8.36,0.00,8.36,278.53,50.23,0.00
2024-07-13,2024-07-01,FC-North,Metro Post,1,1,0,0,0,0.0,1.0,1.0,3.43,0.00,3.43,148.98,74.33,0.00
2024-05-25,2024-05-01,FC-South,Metro Post,1,1,0,0,0,0.0,4.0,3.0,4.67,0.00,4.67,273.45,144.12,0.00
2025-04-15,2025-04-01,FC-Central,Swiftline,2,2,0,0,0,0.0,3.5,3.5,12.38,0.00,12.38,627.42,110.15,0.00
2024-07-19,2024-07-01,FC-Central,Swiftline,1,1,0,0,0,0.0,2.0,2.0,3.72,0.00,3.72,66.12,32.83,0.00
2025-01-15,2025-01-01,FC-South,Swiftline,1,1,0,0,0,0.0,3.0,3.0,6.90,0.00,6.90,587.92,69.47,0.00
2024-06-07,2024-06-01,FC-North,Metro Post,1,1,0,0,0,0.0,4.0,4.0,3.07,0.00,3.07,72.73,43.09,0.00
2024-06-09,2024-06-01,FC-Central,Swiftline,1,1,0,0,0,0.0,4.0,4.0,4.13,0.00,4.13,45.89,22.86,0.00
2024-06-13,2024-06-01,FC-South,Metro Post,1,1,0,0,0,0.0,2.0,1.0,3.57,4.99,-1.42,33.48,11.6,0.00
2024-11-17,2024-11-01,FC-Central,Metro Post,1,1,0,0,0,0.0,3.0,3.0,14.96,0.00,14.96,404.40,13.89,0.00
2024-06-17,2024-06-01,FC-North,Swiftline,2,2,0,0,0,0.0,3.0,2.0,16.98,0.00,16.98,627.35,31.25,0.00
2025-08-05,2025-08-01,FC-North,Regional Freight,2,2,0,0,0,0.0,3.5,3.5,8.55,4.99,3.56,298.73,135.19,0.00
2024-06-20,2024-06-01,FC-North,Metro Post,1,0,1,0,2,2.0,7.0,6.0,8.71,0.00,8.71,433.79,56.39,433.79
2024-09-16,2024-09-01,FC-North,Metro Post,2,2,0,0,0,0.0,2.5,2.5,6.09,4.99,1.10,88.56,52.77,0.00
2024-06-24,2024-06-01,FC-South,Regional Freight,2,2,0,0,0,0.0,3.0,3.0,8.58,4.99,3.59,226.89,34.49,0.00
2024-06-25,2024-06-01,FC-Central,Swiftline,1,1,0,0,0,0.0,4.0,4.0,14.00,0.00,14.00,336.82,53.35,0.00
2025-02-16,2025-02-01,FC-Central,Swiftline,2,2,0,0,0,0.0,3.5,2.5,55.84,0.00,55.84,1257.89,315.0,0.00
2024-07-03,2024-07-01,FC-Central,Swiftline,1,1,0,0,0,0.0,4.0,4.0,11.76,0.00,11.76,486.52,95.62,0.00
2024-07-06,2024-07-01,FC-Central,Regional Freight,1,1,0,0,0,0.0,5.0,5.0,4.84,0.00,4.84,245.75,-4.84,0.00
2024-07-07,2024-07-01,FC-North,Metro Post,2,2,0,0,0,0.0,3.0,3.0,7.27,0.00,7.27,278.79,24.27,0.00
2024-11-12,2024-11-01,FC-South,Metro Post,2,2,0,0,0,0.0,2.0,2.0,11.73,4.99,6.74,546.29,41.86,0.00
2025-01-20,2025-01-01,FC-North,Swiftline,4,4,0,0,0,0.0,2.75,1.75,39.47,0.00,39.47,1425.01,309.47,0.00
2024-09-01,2024-09-01,FC-South,Regional Freight,4,4,0,0,0,0.0,3.5,3.25,35.36,4.99,30.37,1129.33,558.2,0.00
2025-08-26,2025-08-01,FC-South,Swiftline,1,1,0,0,0,0.0,1.0,1.0,4.26,0.00,4.26,110.34,56.66,0.00
2025-10-28,2025-10-01,FC-South,Metro Post,3,3,0,0,0,0.0,2.333,1.667,27.98,0.00,27.98,423.64,122.2,0.00
2025-06-15,2025-06-01,FC-Central,Metro Post,3,3,0,0,0,0.0,2.667,2.333,22.88,0.00,22.88,746.40,151.48,0.00
2024-09-22,2024-09-01,FC-North,Regional Freight,2,2,0,0,0,0.0,3.0,3.0,24.23,0.00,24.23,886.28,307.17,0.00
2024-07-12,2024-07-01,FC-North,Swiftline,1,1,0,0,0,0.0,3.0,3.0,26.86,0.00,26.86,370.34,21.41,0.00
2024-07-17,2024-07-01,FC-North,Regional Freight,2,1,1,0,1,0.5,2.5,1.5,7.37,0.00,7.37,311.55,144.57,146.75
2025-01-16,2025-01-01,FC-Central,Swiftline,3,3,0,0,0,0.0,2.667,2.0,46.17,0.00,46.17,2018.23,538.4,0.00
2025-04-29,2025-04-01,FC-South,Regional Freight,2,2,0,0,0,0.0,3.5,3.0,10.82,4.99,5.83,108.67,-28.03,0.00
2024-09-16,2024-09-01,FC-South,Regional Freight,6,4,2,0,3,0.5,4.0,3.667,26.42,4.99,21.43,1392.09,564.99,307.64
2024-09-14,2024-09-01,FC-North,Swiftline,2,2,0,0,0,0.0,2.5,2.5,26.00,0.00,26.00,476.50,111.25,0.00
2024-08-01,2024-08-01,FC-North,Metro Post,2,2,0,0,0,0.0,4.5,4.0,26.32,0.00,26.32,525.70,126.94,0.00
2024-10-15,2024-10-01,FC-Central,Metro Post,1,1,0,0,0,0.0,2.0,1.0,17.13,0.00,17.13,342.21,136.96,0.00
2024-11-25,2024-11-01,FC-Central,Swiftline,3,2,1,0,1,0.333,4.667,4.333,18.57,0.00,18.57,515.35,-13.92,131.59
2024-10-31,2024-10-01,FC-South,Metro Post,1,1,0,0,0,0.0,4.0,4.0,12.05,0.00,12.05,443.81,168.87,0.00
2024-08-13,2024-08-01,FC-North,Metro Post,1,1,0,0,0,0.0,3.0,3.0,10.07,0.00,10.07,657.98,186.18,0.00
2025-04-22,2025-04-01,FC-North,Swiftline,5,5,0,0,0,0.0,2.8,1.8,78.92,0.00,78.92,2333.16,771.02,0.00
2025-03-01,2025-03-01,FC-North,Swiftline,2,2,0,0,0,0.0,3.5,3.0,29.81,0.00,29.81,1656.55,154.38,0.00
2024-09-20,2024-09-01,FC-Central,Metro Post,2,2,0,0,0,0.0,2.0,2.0,20.79,0.00,20.79,942.90,367.23,0.00
2024-08-17,2024-08-01,FC-North,Metro Post,1,1,0,0,0,0.0,4.0,4.0,7.67,0.00,7.67,144.63,17.45,0.00
2024-08-19,2024-08-01,FC-Central,Swiftline,3,3,0,0,0,0.0,2.333,2.0,14.19,4.99,9.20,216.07,36.25,0.00
2025-01-04,2025-01-01,FC-South,Metro Post,2,2,0,0,0,0.0,3.5,2.5,18.61,0.00,18.61,760.58,168.4,0.00
2025-01-07,2025-01-01,FC-Central,Swiftline,1,0,1,0,2,2.0,7.0,7.0,9.45,0.00,9.45,97.86,-9.23,97.86
2024-11-17,2024-11-01,FC-North,Swiftline,4,2,2,1,4,1.0,5.0,4.25,29.04,0.00,29.04,805.43,79.83,525.25
2025-02-28,2025-02-01,FC-North,Swiftline,2,2,0,0,0,0.0,2.5,2.5,13.65,0.00,13.65,222.27,73.29,0.00
2024-10-18,2024-10-01,FC-South,Metro Post,3,2,1,0,1,0.333,3.0,1.333,34.47,0.00,34.47,1028.50,243.35,45.42
2025-02-16,2025-02-01,FC-South,Metro Post,1,0,1,0,1,1.0,6.0,6.0,5.13,0.00,5.13,284.35,20.2,284.35
2025-02-01,2025-02-01,FC-North,Swiftline,5,5,0,0,0,0.0,3.4,2.2,33.14,0.00,33.14,631.20,95.93,0.00
2025-01-16,2025-01-01,FC-South,Regional Freight,4,3,1,1,3,0.75,4.5,4.25,18.57,0.00,18.57,882.35,54.45,62.47
2025-08-23,2025-08-01,FC-Central,Metro Post,3,3,0,0,0,0.0,4.0,4.0,35.70,0.00,35.70,1095.53,253.57,0.00
2024-09-23,2024-09-01,FC-South,Metro Post,3,2,1,1,6,2.0,6.0,5.0,17.40,0.00,17.40,927.98,76.84,90.30
2024-11-27,2024-11-01,FC-Central,Metro Post,2,1,1,0,1,0.5,4.5,4.5,9.10,0.00,9.10,591.58,142.2,204.90
2024-09-29,2024-09-01,FC-Central,Regional Freight,1,0,1,1,3,3.0,8.0,8.0,6.86,0.00,6.86,480.25,151.42,480.25
2024-10-04,2024-10-01,FC-Central,Swiftline,3,3,0,0,0,0.0,3.333,3.0,23.23,0.00,23.23,1208.87,260.79,0.00
2025-01-25,2025-01-01,FC-Central,Swiftline,3,3,0,0,0,0.0,2.0,1.333,27.87,4.99,22.88,1023.08,223.27,0.00
2025-05-10,2025-05-01,FC-Central,Metro Post,1,1,0,0,0,0.0,4.0,3.0,3.56,0.00,3.56,78.68,21.23,0.00
2024-10-04,2024-10-01,FC-South,Regional Freight,2,0,2,1,5,2.5,5.5,4.0,11.27,0.00,11.27,727.54,76.85,727.54
2024-12-11,2024-12-01,FC-South,Swiftline,1,1,0,0,0,0.0,2.0,1.0,6.43,0.00,6.43,386.68,48.76,0.00
2024-12-28,2024-12-01,FC-Central,Metro Post,3,3,0,0,0,0.0,2.333,2.0,23.82,0.00,23.82,625.11,114.43,0.00
2024-10-13,2024-10-01,FC-South,Swiftline,1,1,0,0,0,0.0,3.0,2.0,5.75,0.00,5.75,318.23,-49.18,0.00
2025-04-09,2025-04-01,FC-North,Swiftline,5,5,0,0,0,0.0,2.4,2.0,79.25,0.00,79.25,2212.11,525.54,0.00
2024-10-21,2024-10-01,FC-South,Swiftline,2,2,0,0,0,0.0,2.5,1.5,16.46,0.00,16.46,1102.46,86.44,0.00
2025-02-05,2025-02-01,FC-South,Regional Freight,5,3,2,2,9,1.8,5.4,5.4,32.14,4.99,27.15,1147.84,162.51,803.91
2024-10-29,2024-10-01,FC-North,Regional Freight,1,1,0,0,0,0.0,2.0,2.0,3.92,0.00,3.92,115.72,35.94,0.00
2025-05-20,2025-05-01,FC-North,Swiftline,4,3,1,1,3,0.75,4.5,4.25,39.91,4.99,34.92,505.00,118.76,31.44
2025-03-29,2025-03-01,FC-Central,Swiftline,5,5,0,0,0,0.0,2.6,2.6,48.45,0.00,48.45,1559.57,512.95,0.00
2024-11-05,2024-11-01,FC-South,Regional Freight,1,0,1,1,9,9.0,12.0,11.0,3.11,0.00,3.11,81.36,-0.71,81.36
2025-02-10,2025-02-01,FC-North,Regional Freight,1,1,0,0,0,0.0,2.0,1.0,15.07,0.00,15.07,727.68,175.48,0.00
2025-07-12,2025-07-01,FC-North,Swiftline,4,3,1,1,4,1.0,4.25,3.75,29.04,4.99,24.05,517.90,96.04,259.89
2024-11-09,2024-11-01,FC-North,Metro Post,1,1,0,0,0,0.0,3.0,2.0,3.31,0.00,3.31,107.20,-3.31,0.00
2025-03-05,2025-03-01,FC-South,Metro Post,1,0,1,1,6,6.0,9.0,7.0,10.09,0.00,10.09,734.81,66.47,734.81
2024-12-13,2024-12-01,FC-Central,Metro Post,1,1,0,0,0,0.0,2.0,1.0,6.36,0.00,6.36,181.19,-151.27,0.00
2025-01-25,2025-01-01,FC-South,Regional Freight,2,2,0,0,0,0.0,3.0,3.0,8.30,0.00,8.30,509.80,154.3,0.00
2024-12-21,2024-12-01,FC-South,Metro Post,1,1,0,0,0,0.0,2.0,2.0,9.32,0.00,9.32,97.95,31.32,0.00
2024-11-19,2024-11-01,FC-South,Metro Post,2,1,1,0,2,1.0,4.0,3.5,13.37,0.00,13.37,285.23,52.48,54.16
2025-01-09,2025-01-01,FC-South,Metro Post,3,3,0,0,0,0.0,3.0,2.667,23.27,0.00,23.27,856.87,173.0,0.00
2025-06-07,2025-06-01,FC-North,Swiftline,3,3,0,0,0,0.0,2.667,2.333,47.39,0.00,47.39,959.64,232.54,0.00
2025-07-05,2025-07-01,FC-South,Swiftline,5,4,1,1,9,1.8,4.8,4.6,63.10,4.99,58.11,1573.14,197.87,269.12
2024-12-19,2024-12-01,FC-Central,Metro Post,2,2,0,0,0,0.0,4.0,4.0,11.53,0.00,11.53,578.13,264.9,0.00
2024-11-28,2024-11-01,FC-South,Swiftline,1,1,0,0,0,0.0,3.0,2.0,25.50,0.00,25.50,561.25,190.96,0.00
2024-11-28,2024-11-01,FC-North,Swiftline,1,1,0,0,0,0.0,5.0,4.0,3.99,4.99,-1.00,27.90,1.0,0.00
2024-12-02,2024-12-01,FC-North,Metro Post,1,1,0,0,0,0.0,2.0,1.0,8.86,4.99,3.87,24.73,2.65,0.00
2024-12-01,2024-12-01,FC-Central,Metro Post,1,0,1,0,1,1.0,4.0,3.0,3.32,0.00,3.32,83.50,50.25,83.50
2025-04-06,2025-04-01,FC-North,Swiftline,3,3,0,0,0,0.0,2.333,2.0,25.65,0.00,25.65,642.14,255.58,0.00
2024-12-09,2024-12-01,FC-North,Regional Freight,1,0,1,0,2,2.0,5.0,5.0,6.88,0.00,6.88,261.61,72.79,261.61
2024-12-08,2024-12-01,FC-South,Regional Freight,1,1,0,0,0,0.0,4.0,4.0,2.53,0.00,2.53,116.64,63.5,0.00
2024-12-12,2024-12-01,FC-North,Swiftline,3,3,0,0,0,0.0,3.333,3.333,52.52,0.00,52.52,870.40,159.07,0.00
2026-03-16,2026-03-01,FC-Central,Swiftline,5,5,0,0,0,0.0,2.8,2.6,62.74,0.00,62.74,1574.49,301.38,0.00
2026-01-08,2026-01-01,FC-South,Regional Freight,3,0,3,1,6,2.0,6.0,5.333,29.49,0.00,29.49,1359.97,387.39,1359.97
2025-08-04,2025-08-01,FC-South,Swiftline,3,3,0,0,0,0.0,3.0,2.333,34.66,0.00,34.66,508.18,44.54,0.00
2025-06-13,2025-06-01,FC-North,Metro Post,4,4,0,0,0,0.0,3.25,2.25,28.86,9.98,18.88,620.38,46.83,0.00
2025-04-19,2025-04-01,FC-Central,Swiftline,7,6,1,1,4,0.571,4.286,3.571,59.78,0.00,59.78,2178.68,456.71,286.73
2025-04-21,2025-04-01,FC-South,Regional Freight,4,2,2,0,4,1.0,3.25,2.75,30.51,0.00,30.51,1179.22,407.14,501.16
2024-12-25,2024-12-01,FC-Central,Regional Freight,2,1,1,1,6,3.0,7.0,6.5,9.82,0.00,9.82,181.91,72.33,97.95
2026-05-09,2026-05-01,FC-South,Swiftline,1,1,0,0,0,0.0,3.0,3.0,6.58,0.00,6.58,162.40,63.81,0.00
2024-12-24,2024-12-01,FC-North,Swiftline,3,3,0,0,0,0.0,3.667,3.0,25.75,0.00,25.75,405.96,156.41,0.00
2025-05-15,2025-05-01,FC-North,Regional Freight,1,1,0,0,0,0.0,2.0,1.0,5.28,4.99,0.29,26.40,10.94,0.00
2025-05-06,2025-05-01,FC-North,Regional Freight,2,1,1,1,4,2.0,5.5,5.5,5.22,0.00,5.22,218.40,11.98,75.55
2024-12-30,2024-12-01,FC-Central,Metro Post,2,2,0,0,0,0.0,3.5,3.0,8.75,0.00,8.75,241.74,61.43,0.00
2024-12-29,2024-12-01,FC-North,Regional Freight,1,1,0,0,0,0.0,2.0,2.0,8.12,0.00,8.12,159.21,68.99,0.00
2025-02-08,2025-02-01,FC-South,Swiftline,1,1,0,0,0,0.0,2.0,1.0,5.02,0.00,5.02,178.21,27.83,0.00
2025-05-08,2025-05-01,FC-South,Metro Post,2,1,1,1,6,3.0,6.0,6.0,34.75,0.00,34.75,1267.53,306.15,341.07
2025-07-15,2025-07-01,FC-South,Regional Freight,2,2,0,0,0,0.0,3.0,2.0,8.58,0.00,8.58,759.93,139.97,0.00
2025-02-01,2025-02-01,FC-Central,Metro Post,1,1,0,0,0,0.0,4.0,3.0,4.61,0.00,4.61,48.84,13.5,0.00
2025-03-23,2025-03-01,FC-Central,Metro Post,2,2,0,0,0,0.0,3.0,3.0,8.30,0.00,8.30,671.74,199.48,0.00
2025-07-30,2025-07-01,FC-Central,Swiftline,4,4,0,0,0,0.0,2.75,2.5,23.50,0.00,23.50,1030.94,432.82,0.00
2025-06-01,2025-06-01,FC-North,Metro Post,1,1,0,0,0,0.0,4.0,2.0,3.89,0.00,3.89,233.28,128.17,0.00
2025-08-25,2025-08-01,FC-South,Regional Freight,2,1,1,1,3,1.5,4.5,4.0,9.35,0.00,9.35,639.33,109.57,414.70
2025-01-26,2025-01-01,FC-South,Regional Freight,1,1,0,0,0,0.0,4.0,4.0,5.97,0.00,5.97,274.44,120.19,0.00
2025-04-12,2025-04-01,FC-South,Regional Freight,4,4,0,0,0,0.0,3.5,3.0,29.69,4.99,24.70,853.25,278.06,0.00
2025-05-09,2025-05-01,FC-South,Regional Freight,4,3,1,1,3,0.75,3.5,3.0,24.64,4.99,19.65,1356.35,263.0,683.41
2025-02-07,2025-02-01,FC-North,Metro Post,1,1,0,0,0,0.0,3.0,3.0,12.48,0.00,12.48,64.78,-37.32,0.00
2025-02-09,2025-02-01,FC-North,Regional Freight,1,1,0,0,0,0.0,3.0,2.0,3.89,0.00,3.89,372.09,104.67,0.00
2025-04-24,2025-04-01,FC-North,Swiftline,1,1,0,0,0,0.0,5.0,3.0,10.31,0.00,10.31,77.82,25.83,0.00
2025-07-09,2025-07-01,FC-North,Swiftline,3,3,0,0,0,0.0,3.0,2.667,31.75,0.00,31.75,794.81,272.91,0.00
2025-02-11,2025-02-01,FC-North,Metro Post,1,1,0,0,0,0.0,3.0,2.0,4.14,0.00,4.14,61.40,18.84,0.00
2025-05-04,2025-05-01,FC-South,Swiftline,2,1,1,0,1,0.5,2.0,1.0,56.22,0.00,56.22,1283.85,444.22,977.86
2025-02-17,2025-02-01,FC-Central,Swiftline,1,1,0,0,0,0.0,1.0,1.0,5.67,0.00,5.67,614.01,-36.47,0.00
2025-05-10,2025-05-01,FC-North,Metro Post,2,2,0,0,0,0.0,2.5,2.5,23.42,0.00,23.42,533.69,152.74,0.00
2025-02-21,2025-02-01,FC-North,Swiftline,1,1,0,0,0,0.0,2.0,2.0,4.56,0.00,4.56,87.23,14.34,0.00
2025-02-22,2025-02-01,FC-South,Metro Post,1,0,1,0,2,2.0,5.0,5.0,3.02,4.99,-1.97,44.67,28.77,44.67
2025-05-20,2025-05-01,FC-South,Metro Post,3,3,0,0,0,0.0,2.667,2.333,17.07,0.00,17.07,799.06,5.94,0.00
2025-05-02,2025-05-01,FC-Central,Regional Freight,2,2,0,0,0,0.0,3.5,3.5,6.72,0.00,6.72,404.36,163.36,0.00
2025-02-28,2025-02-01,FC-Central,Swiftline,1,1,0,0,0,0.0,3.0,3.0,12.08,0.00,12.08,397.82,130.38,0.00
2025-05-13,2025-05-01,FC-South,Regional Freight,3,3,0,0,0,0.0,4.0,3.667,24.36,0.00,24.36,848.76,25.31,0.00
2025-05-02,2025-05-01,FC-South,Metro Post,3,2,1,1,4,1.333,4.333,3.333,30.12,0.00,30.12,979.25,246.01,590.09
2025-03-06,2025-03-01,FC-North,Swiftline,2,2,0,0,0,0.0,2.5,2.0,21.79,0.00,21.79,435.03,128.69,0.00
2025-03-09,2025-03-01,FC-South,Metro Post,1,1,0,0,0,0.0,2.0,1.0,3.04,4.99,-1.95,23.12,1.95,0.00
2025-08-06,2025-08-01,FC-North,Metro Post,3,3,0,0,0,0.0,3.333,2.0,28.00,0.00,28.00,1445.37,560.94,0.00
2025-05-30,2025-05-01,FC-South,Regional Freight,2,2,0,0,0,0.0,4.0,3.0,34.57,0.00,34.57,1707.20,419.54,0.00
2025-05-29,2025-05-01,FC-South,Metro Post,1,1,0,0,0,0.0,3.0,3.0,6.75,0.00,6.75,175.32,9.73,0.00
2025-09-26,2025-09-01,FC-North,Swiftline,3,3,0,0,0,0.0,3.0,2.667,16.22,0.00,16.22,514.53,239.29,0.00
2025-03-30,2025-03-01,FC-Central,Swiftline,3,3,0,0,0,0.0,3.667,3.667,29.66,4.99,24.67,651.71,157.71,0.00
2025-03-29,2025-03-01,FC-North,Metro Post,1,1,0,0,0,0.0,2.0,2.0,6.88,0.00,6.88,228.23,108.49,0.00
2025-10-14,2025-10-01,FC-Central,Swiftline,4,4,0,0,0,0.0,2.25,2.0,37.30,0.00,37.30,762.65,134.33,0.00
2025-04-04,2025-04-01,FC-South,Metro Post,3,3,0,0,0,0.0,3.333,2.333,16.28,0.00,16.28,1045.18,248.27,0.00
2025-04-05,2025-04-01,FC-Central,Regional Freight,1,1,0,0,0,0.0,3.0,3.0,3.07,0.00,3.07,56.62,15.4,0.00
2026-01-11,2026-01-01,FC-North,Metro Post,2,2,0,0,0,0.0,3.5,3.0,14.39,0.00,14.39,534.31,120.3,0.00
2025-04-05,2025-04-01,FC-North,Regional Freight,1,1,0,0,0,0.0,4.0,4.0,5.08,0.00,5.08,244.74,17.92,0.00
2025-04-29,2025-04-01,FC-Central,Swiftline,2,2,0,0,0,0.0,1.5,1.5,17.42,0.00,17.42,343.28,97.84,0.00
2025-08-03,2025-08-01,FC-North,Swiftline,2,2,0,0,0,0.0,3.5,3.5,20.03,0.00,20.03,625.71,210.89,0.00
2025-08-03,2025-08-01,FC-Central,Metro Post,1,1,0,0,0,0.0,3.0,2.0,4.51,0.00,4.51,403.67,117.63,0.00
2025-05-29,2025-05-01,FC-North,Swiftline,2,2,0,0,0,0.0,2.5,2.5,22.90,0.00,22.90,279.25,65.38,0.00
2025-06-12,2025-06-01,FC-Central,Metro Post,1,1,0,0,0,0.0,4.0,4.0,8.25,4.99,3.26,28.07,-6.76,0.00
2025-04-25,2025-04-01,FC-Central,Metro Post,1,1,0,0,0,0.0,3.0,3.0,3.86,0.00,3.86,131.70,68.86,0.00
2025-07-01,2025-07-01,FC-South,Swiftline,2,2,0,0,0,0.0,2.0,2.0,8.98,4.99,3.99,271.49,139.11,0.00
2025-05-05,2025-05-01,FC-North,Metro Post,2,1,1,0,2,1.0,3.0,3.0,8.46,0.00,8.46,361.36,117.08,167.71
2025-08-25,2025-08-01,FC-Central,Swiftline,3,2,1,0,1,0.333,3.0,2.333,17.77,9.98,7.79,770.13,252.08,34.19
2025-06-17,2025-06-01,FC-South,Metro Post,2,2,0,0,0,0.0,2.5,2.0,23.30,0.00,23.30,1092.15,208.28,0.00
2025-07-11,2025-07-01,FC-Central,Swiftline,4,3,1,0,1,0.25,4.0,3.25,37.09,0.00,37.09,820.47,161.38,221.71
2026-03-17,2026-03-01,FC-South,Regional Freight,4,3,1,0,2,0.5,4.0,3.0,19.25,4.99,14.26,1268.16,510.27,828.35
2025-05-19,2025-05-01,FC-Central,Swiftline,2,2,0,0,0,0.0,1.5,1.5,26.52,0.00,26.52,1664.45,103.43,0.00
2025-12-28,2025-12-01,FC-Central,Swiftline,4,4,0,0,0,0.0,2.75,2.25,36.05,0.00,36.05,1085.44,286.23,0.00
2025-05-24,2025-05-01,FC-South,Metro Post,1,1,0,0,0,0.0,4.0,4.0,3.16,0.00,3.16,79.94,27.11,0.00
2025-07-23,2025-07-01,FC-South,Regional Freight,5,5,0,0,0,0.0,3.0,2.6,21.22,0.00,21.22,1049.26,284.49,0.00
2025-05-29,2025-05-01,FC-Central,Swiftline,2,2,0,0,0,0.0,2.0,2.0,14.25,0.00,14.25,792.26,73.79,0.00
2025-07-18,2025-07-01,FC-Central,Regional Freight,2,2,0,0,0,0.0,3.5,2.0,6.46,0.00,6.46,168.56,3.44,0.00
2025-05-27,2025-05-01,FC-South,Swiftline,1,1,0,0,0,0.0,3.0,3.0,5.43,0.00,5.43,228.33,131.67,0.00
2025-10-10,2025-10-01,FC-South,Metro Post,3,2,1,0,1,0.333,3.333,3.333,28.82,0.00,28.82,1705.80,175.16,122.76
2026-02-04,2026-02-01,FC-South,Metro Post,2,2,0,0,0,0.0,2.5,2.5,9.72,4.99,4.73,431.10,228.67,0.00
2025-07-16,2025-07-01,FC-Central,Metro Post,1,1,0,0,0,0.0,3.0,3.0,10.74,0.00,10.74,864.78,126.55,0.00
2025-06-16,2025-06-01,FC-North,Regional Freight,1,1,0,0,0,0.0,2.0,1.0,7.01,0.00,7.01,192.22,57.6,0.00
2026-06-09,2026-06-01,FC-South,Regional Freight,2,2,0,0,0,0.0,3.0,2.5,12.66,4.99,7.67,772.60,349.78,0.00
2025-09-14,2025-09-01,FC-Central,Regional Freight,5,5,0,0,0,0.0,3.2,3.0,27.10,9.98,17.12,691.28,107.95,0.00
2025-09-16,2025-09-01,FC-Central,Regional Freight,2,2,0,0,0,0.0,5.0,3.5,12.76,0.00,12.76,477.22,107.25,0.00
2025-11-30,2025-11-01,FC-South,Regional Freight,5,3,2,2,10,2.0,5.0,4.2,22.98,4.99,17.99,1361.09,162.19,832.93
2025-06-23,2025-06-01,FC-South,Regional Freight,3,2,1,1,9,3.0,7.333,7.333,17.37,0.00,17.37,729.47,109.12,335.97
2025-07-27,2025-07-01,FC-South,Metro Post,1,1,0,0,0,0.0,2.0,2.0,4.98,0.00,4.98,326.24,180.7,0.00
2025-06-23,2025-06-01,FC-Central,Regional Freight,2,2,0,0,0,0.0,3.0,3.0,13.24,0.00,13.24,406.09,144.91,0.00
2025-11-06,2025-11-01,FC-Central,Swiftline,2,2,0,0,0,0.0,3.5,3.5,13.44,0.00,13.44,352.25,170.84,0.00
2025-06-30,2025-06-01,FC-North,Regional Freight,1,0,1,0,2,2.0,6.0,5.0,8.98,0.00,8.98,529.82,195.51,529.82
2025-07-06,2025-07-01,FC-Central,Swiftline,2,1,1,0,1,0.5,3.5,3.0,18.11,0.00,18.11,736.20,205.35,249.01
2025-07-03,2025-07-01,FC-Central,Regional Freight,1,1,0,0,0,0.0,3.0,3.0,7.14,0.00,7.14,976.68,311.12,0.00
2025-10-18,2025-10-01,FC-Central,Metro Post,4,4,0,0,0,0.0,3.5,2.75,24.71,0.00,24.71,573.38,121.8,0.00
2025-11-12,2025-11-01,FC-Central,Metro Post,1,1,0,0,0,0.0,3.0,1.0,9.39,0.00,9.39,318.73,159.76,0.00
2025-07-26,2025-07-01,FC-South,Regional Freight,3,2,1,1,6,2.0,5.333,4.0,19.57,0.00,19.57,815.48,163.23,296.47
2025-10-29,2025-10-01,FC-South,Metro Post,1,0,1,1,4,4.0,9.0,9.0,2.93,4.99,-2.06,18.13,13.6,18.13
2025-09-29,2025-09-01,FC-Central,Metro Post,3,3,0,0,0,0.0,2.667,1.667,21.57,0.00,21.57,1003.98,283.53,0.00
2026-03-24,2026-03-01,FC-South,Regional Freight,1,0,1,1,3,3.0,5.0,5.0,5.42,0.00,5.42,139.10,28.53,139.10
2025-07-22,2025-07-01,FC-South,Swiftline,1,1,0,0,0,0.0,2.0,2.0,4.38,0.00,4.38,173.79,89.23,0.00
2025-09-15,2025-09-01,FC-North,Metro Post,2,2,0,0,0,0.0,2.5,2.5,13.21,0.00,13.21,910.16,220.36,0.00
2025-07-24,2025-07-01,FC-North,Metro Post,2,2,0,0,0,0.0,3.5,2.5,24.05,0.00,24.05,644.12,209.53,0.00
2025-07-22,2025-07-01,FC-Central,Metro Post,2,2,0,0,0,0.0,3.0,3.0,8.16,0.00,8.16,242.60,120.36,0.00
2025-11-01,2025-11-01,FC-North,Swiftline,2,1,1,0,2,1.0,3.5,2.0,13.41,0.00,13.41,416.67,-49.66,309.20
2025-09-10,2025-09-01,FC-North,Swiftline,1,1,0,0,0,0.0,4.0,3.0,8.91,0.00,8.91,370.50,135.71,0.00
2025-08-19,2025-08-01,FC-South,Metro Post,3,3,0,0,0,0.0,3.667,3.0,22.59,4.99,17.60,458.08,134.58,0.00
2025-07-29,2025-07-01,FC-Central,Regional Freight,2,2,0,0,0,0.0,3.5,3.0,16.81,0.00,16.81,570.71,242.69,0.00
2025-11-15,2025-11-01,FC-North,Swiftline,4,4,0,0,0,0.0,2.75,2.25,48.20,0.00,48.20,1186.61,251.66,0.00
2025-08-01,2025-08-01,FC-North,Metro Post,1,1,0,0,0,0.0,2.0,1.0,10.09,0.00,10.09,339.21,28.09,0.00
2025-08-05,2025-08-01,FC-South,Metro Post,1,1,0,0,0,0.0,1.0,1.0,9.65,0.00,9.65,269.19,78.59,0.00
2025-08-07,2025-08-01,FC-South,Regional Freight,4,3,1,1,9,2.25,4.5,4.0,23.42,0.00,23.42,1203.27,231.62,112.24
2025-10-05,2025-10-01,FC-Central,Metro Post,2,2,0,0,0,0.0,2.5,1.5,16.55,0.00,16.55,509.55,150.35,0.00
2025-08-12,2025-08-01,FC-Central,Regional Freight,3,2,1,0,1,0.333,5.0,5.0,29.90,0.00,29.90,2123.34,390.3,568.61
2025-08-13,2025-08-01,FC-Central,Regional Freight,1,0,1,1,4,4.0,8.0,7.0,10.30,0.00,10.30,970.28,128.01,970.28
2025-08-14,2025-08-01,FC-Central,Metro Post,1,1,0,0,0,0.0,5.0,5.0,7.03,0.00,7.03,189.90,77.72,0.00
2025-09-10,2025-09-01,FC-Central,Swiftline,1,1,0,0,0,0.0,2.0,1.0,9.41,0.00,9.41,329.60,110.85,0.00
2025-08-17,2025-08-01,FC-South,Swiftline,1,1,0,0,0,0.0,4.0,4.0,3.89,0.00,3.89,66.69,35.33,0.00
2025-08-19,2025-08-01,FC-North,Swiftline,1,1,0,0,0,0.0,4.0,4.0,6.35,0.00,6.35,126.60,14.72,0.00
2025-11-16,2025-11-01,FC-Central,Swiftline,4,3,1,1,4,1.0,3.5,3.25,34.53,4.99,29.54,961.79,313.4,241.41
2025-08-21,2025-08-01,FC-North,Regional Freight,1,1,0,0,0,0.0,4.0,4.0,9.33,0.00,9.33,383.04,98.17,0.00
2025-10-08,2025-10-01,FC-Central,Swiftline,3,3,0,0,0,0.0,4.0,3.0,23.40,0.00,23.40,392.30,145.47,0.00
2025-12-09,2025-12-01,FC-South,Metro Post,5,3,2,0,2,0.4,4.0,3.2,23.12,4.99,18.13,397.20,174.26,204.14
2025-12-24,2025-12-01,FC-North,Swiftline,2,2,0,0,0,0.0,3.0,2.5,9.52,0.00,9.52,553.70,75.42,0.00
2025-08-28,2025-08-01,FC-South,Swiftline,1,1,0,0,0,0.0,3.0,3.0,12.86,0.00,12.86,355.18,76.35,0.00
2026-02-05,2026-02-01,FC-South,Metro Post,3,2,1,0,2,0.667,4.333,4.0,22.32,4.99,17.33,374.34,145.28,181.88
2025-09-05,2025-09-01,FC-North,Swiftline,2,2,0,0,0,0.0,3.0,3.0,14.24,4.99,9.25,321.59,96.28,0.00
2025-11-07,2025-11-01,FC-Central,Metro Post,3,1,2,2,12,4.0,7.667,7.667,10.04,9.98,0.06,197.15,98.01,171.59
2025-11-04,2025-11-01,FC-Central,Swiftline,1,1,0,0,0,0.0,4.0,3.0,8.49,0.00,8.49,166.13,61.47,0.00
2025-11-05,2025-11-01,FC-South,Swiftline,3,2,1,0,1,0.333,3.667,2.667,21.52,0.00,21.52,702.69,152.69,49.48
2025-12-19,2025-12-01,FC-Central,Swiftline,6,6,0,0,0,0.0,3.0,2.833,42.32,4.99,37.33,970.27,227.27,0.00
2025-12-05,2025-12-01,FC-Central,Regional Freight,2,1,1,0,2,1.0,4.5,4.0,10.89,0.00,10.89,166.70,62.55,55.17
2026-04-04,2026-04-01,FC-North,Metro Post,2,2,0,0,0,0.0,3.5,3.5,26.16,0.00,26.16,1553.09,289.42,0.00
2026-02-09,2026-02-01,FC-South,Regional Freight,3,3,0,0,0,0.0,3.0,2.667,18.45,0.00,18.45,476.18,53.63,0.00
2026-04-08,2026-04-01,FC-Central,Metro Post,2,2,0,0,0,0.0,1.5,1.0,22.23,0.00,22.23,437.46,171.34,0.00
2026-04-02,2026-04-01,FC-Central,Regional Freight,3,2,1,1,4,1.333,4.667,3.667,19.11,4.99,14.12,418.47,191.48,28.00
2026-02-27,2026-02-01,FC-Central,Swiftline,2,2,0,0,0,0.0,2.5,2.0,13.14,0.00,13.14,832.29,450.84,0.00
2025-10-18,2025-10-01,FC-South,Regional Freight,2,1,1,0,2,1.0,3.5,2.5,6.11,0.00,6.11,597.77,45.72,215.56
2025-11-04,2025-11-01,FC-North,Regional Freight,1,0,1,1,6,6.0,9.0,9.0,3.56,0.00,3.56,227.90,22.36,227.90
2025-11-12,2025-11-01,FC-South,Swiftline,4,3,1,1,4,1.0,3.5,3.0,20.07,4.99,15.08,528.30,170.21,118.34
2025-10-11,2025-10-01,FC-North,Swiftline,2,1,1,0,1,0.5,3.5,3.5,10.83,4.99,5.84,275.57,71.42,242.90
2026-01-20,2026-01-01,FC-North,Swiftline,1,1,0,0,0,0.0,4.0,4.0,6.63,0.00,6.63,233.72,6.34,0.00
2026-06-28,2026-06-01,FC-South,Regional Freight,2,2,0,0,0,0.0,3.0,1.5,5.29,4.99,0.30,187.62,75.87,0.00
2025-10-17,2025-10-01,FC-Central,Metro Post,3,3,0,0,0,0.0,1.667,1.667,26.10,0.00,26.10,759.12,257.42,0.00
2025-12-30,2025-12-01,FC-Central,Regional Freight,4,2,2,0,4,1.0,5.25,5.0,22.38,0.00,22.38,759.94,274.14,151.24
2025-10-22,2025-10-01,FC-North,Metro Post,2,2,0,0,0,0.0,4.5,4.5,11.68,0.00,11.68,744.13,14.09,0.00
2026-02-20,2026-02-01,FC-South,Swiftline,2,2,0,0,0,0.0,3.0,3.0,10.12,0.00,10.12,469.23,97.89,0.00
2026-04-25,2026-04-01,FC-South,Swiftline,3,3,0,0,0,0.0,2.667,2.333,26.27,4.99,21.28,406.70,84.09,0.00
2025-10-24,2025-10-01,FC-North,Metro Post,1,1,0,0,0,0.0,2.0,1.0,3.10,0.00,3.10,88.93,-3.1,0.00
2025-12-26,2025-12-01,FC-South,Swiftline,4,4,0,0,0,0.0,3.5,3.25,60.42,0.00,60.42,4345.64,292.02,0.00
2025-10-28,2025-10-01,FC-North,Swiftline,1,1,0,0,0,0.0,5.0,3.0,5.55,0.00,5.55,341.28,125.23,0.00
2025-12-23,2025-12-01,FC-Central,Regional Freight,1,1,0,0,0,0.0,5.0,5.0,3.16,0.00,3.16,78.28,-24.32,0.00
2026-03-15,2026-03-01,FC-Central,Swiftline,2,2,0,0,0,0.0,4.5,4.0,12.25,0.00,12.25,662.70,194.8,0.00
2026-01-26,2026-01-01,FC-South,Regional Freight,3,2,1,0,2,0.667,4.667,4.333,21.95,0.00,21.95,762.93,-60.8,122.50
2025-12-12,2025-12-01,FC-South,Metro Post,3,3,0,0,0,0.0,3.333,2.667,34.49,0.00,34.49,876.63,203.43,0.00
2025-11-05,2025-11-01,FC-Central,Regional Freight,1,0,1,0,2,2.0,5.0,5.0,23.01,0.00,23.01,347.16,121.31,347.16
2026-05-07,2026-05-01,FC-North,Regional Freight,3,3,0,0,0,0.0,3.0,2.667,30.06,0.00,30.06,1358.20,342.15,0.00
2025-12-17,2025-12-01,FC-Central,Regional Freight,1,1,0,0,0,0.0,3.0,1.0,7.43,0.00,7.43,342.96,-324.02,0.00
2025-12-31,2025-12-01,FC-South,Swiftline,2,2,0,0,0,0.0,2.5,2.0,26.13,0.00,26.13,286.10,37.3,0.00
2025-11-17,2025-11-01,FC-South,Regional Freight,2,0,2,1,4,2.0,5.5,5.5,7.02,0.00,7.02,537.77,235.39,537.77
2026-06-22,2026-06-01,FC-Central,Regional Freight,2,2,0,0,0,0.0,3.0,3.0,6.46,0.00,6.46,388.33,228.89,0.00
2026-01-01,2026-01-01,FC-South,Swiftline,2,2,0,0,0,0.0,3.5,3.5,30.39,0.00,30.39,2014.68,217.97,0.00
2025-11-18,2025-11-01,FC-North,Regional Freight,1,1,0,0,0,0.0,2.0,2.0,2.61,4.99,-2.38,34.46,24.44,0.00
2025-11-15,2025-11-01,FC-Central,Metro Post,1,1,0,0,0,0.0,3.0,3.0,3.07,4.99,-1.92,27.59,13.69,0.00
2025-12-28,2025-12-01,FC-South,Regional Freight,6,3,3,3,15,2.5,5.667,5.167,41.69,0.00,41.69,1962.55,490.62,1501.73
2025-11-22,2025-11-01,FC-South,Swiftline,2,0,2,1,5,2.5,6.0,5.5,34.60,0.00,34.60,835.72,144.68,835.72
2026-01-29,2026-01-01,FC-North,Swiftline,2,2,0,0,0,0.0,2.0,2.0,11.05,0.00,11.05,731.64,391.59,0.00
2025-11-24,2025-11-01,FC-North,Regional Freight,1,1,0,0,0,0.0,5.0,5.0,2.81,4.99,-2.18,39.84,15.84,0.00
2026-06-08,2026-06-01,FC-South,Regional Freight,1,1,0,0,0,0.0,2.0,1.0,2.43,4.99,-2.56,23.14,10.12,0.00
2025-11-28,2025-11-01,FC-Central,Swiftline,2,1,1,1,4,2.0,6.0,6.0,15.81,0.00,15.81,417.27,84.82,208.20
2025-11-29,2025-11-01,FC-South,Swiftline,1,1,0,0,0,0.0,3.0,3.0,7.68,0.00,7.68,243.13,-7.68,0.00
2026-06-18,2026-06-01,FC-South,Regional Freight,1,1,0,0,0,0.0,4.0,4.0,2.59,0.00,2.59,50.19,23.57,0.00
2026-02-15,2026-02-01,FC-South,Metro Post,3,3,0,0,0,0.0,3.667,3.667,25.01,0.00,25.01,511.71,161.79,0.00
2026-03-25,2026-03-01,FC-North,Regional Freight,1,0,1,0,1,1.0,3.0,1.0,2.53,0.00,2.53,116.64,63.5,116.64
2026-03-26,2026-03-01,FC-South,Metro Post,3,3,0,0,0,0.0,2.333,2.333,22.80,0.00,22.80,532.04,201.27,0.00
2026-02-28,2026-02-01,FC-Central,Metro Post,1,1,0,0,0,0.0,3.0,3.0,8.60,0.00,8.60,298.96,149.59,0.00
2026-06-08,2026-06-01,FC-North,Regional Freight,2,2,0,0,0,0.0,2.0,1.5,11.39,0.00,11.39,1042.18,-106.05,0.00
2025-12-19,2025-12-01,FC-North,Swiftline,2,2,0,0,0,0.0,3.5,3.0,38.07,0.00,38.07,976.67,413.87,0.00
2025-12-22,2025-12-01,FC-North,Metro Post,1,1,0,0,0,0.0,2.0,1.0,9.25,0.00,9.25,350.62,162.46,0.00
2025-12-28,2025-12-01,FC-North,Swiftline,1,1,0,0,0,0.0,2.0,1.0,3.93,4.99,-1.06,43.25,28.49,0.00
2026-03-21,2026-03-01,FC-Central,Swiftline,1,1,0,0,0,0.0,2.0,2.0,11.88,0.00,11.88,583.47,144.09,0.00
2026-02-05,2026-02-01,FC-Central,Metro Post,2,1,1,1,3,1.5,5.0,5.0,13.36,4.99,8.37,159.20,58.22,134.40
2026-04-28,2026-04-01,FC-Central,Metro Post,2,2,0,0,0,0.0,3.0,2.5,26.11,0.00,26.11,1240.44,471.64,0.00
2026-06-27,2026-06-01,FC-Central,Regional Freight,1,1,0,0,0,0.0,4.0,4.0,3.02,0.00,3.02,318.45,90.12,0.00
2026-02-13,2026-02-01,FC-Central,Swiftline,3,2,1,1,4,1.333,5.333,5.333,14.68,0.00,14.68,493.85,239.9,97.68
2026-04-12,2026-04-01,FC-South,Metro Post,2,2,0,0,0,0.0,3.5,3.5,17.39,0.00,17.39,153.24,30.6,0.00
2026-01-16,2026-01-01,FC-North,Metro Post,1,1,0,0,0,0.0,4.0,3.0,9.27,0.00,9.27,63.25,20.19,0.00
2026-01-21,2026-01-01,FC-Central,Swiftline,2,2,0,0,0,0.0,3.0,2.5,8.62,4.99,3.63,251.28,132.69,0.00
2026-03-13,2026-03-01,FC-Central,Swiftline,3,3,0,0,0,0.0,3.667,3.667,24.38,0.00,24.38,524.22,92.02,0.00
2026-02-13,2026-02-01,FC-South,Regional Freight,2,2,0,0,0,0.0,3.0,2.5,24.16,0.00,24.16,1377.23,520.75,0.00
2026-01-23,2026-01-01,FC-Central,Metro Post,1,1,0,0,0,0.0,5.0,5.0,3.33,0.00,3.33,65.97,-3.33,0.00
2026-01-22,2026-01-01,FC-South,Metro Post,1,1,0,0,0,0.0,3.0,2.0,3.41,0.00,3.41,54.64,-3.41,0.00
2026-04-18,2026-04-01,FC-South,Metro Post,2,2,0,0,0,0.0,2.0,1.5,14.35,0.00,14.35,795.94,112.33,0.00
2026-05-11,2026-05-01,FC-Central,Regional Freight,1,1,0,0,0,0.0,3.0,3.0,2.44,0.00,2.44,45.89,24.55,0.00
2026-04-23,2026-04-01,FC-Central,Metro Post,3,3,0,0,0,0.0,3.0,3.0,31.64,0.00,31.64,572.00,14.3,0.00
2026-02-01,2026-02-01,FC-North,Regional Freight,1,0,1,0,1,1.0,3.0,3.0,8.91,0.00,8.91,61.93,12.49,61.93
2026-05-09,2026-05-01,FC-North,Swiftline,1,1,0,0,0,0.0,3.0,2.0,23.32,0.00,23.32,940.77,106.47,0.00
2026-06-24,2026-06-01,FC-North,Swiftline,2,2,0,0,0,0.0,2.5,2.0,18.48,4.99,13.49,768.90,-1.25,0.00
2026-06-13,2026-06-01,FC-Central,Regional Freight,1,1,0,0,0,0.0,2.0,2.0,2.75,0.00,2.75,217.81,56.55,0.00
2026-06-03,2026-06-01,FC-South,Swiftline,1,0,1,0,1,1.0,3.0,3.0,3.95,0.00,3.95,74.32,50.8,74.32
2026-03-12,2026-03-01,FC-North,Metro Post,1,0,1,0,1,1.0,4.0,4.0,3.71,0.00,3.71,143.12,-3.71,143.12
2026-06-12,2026-06-01,FC-Central,Swiftline,2,2,0,0,0,0.0,2.5,2.5,11.11,0.00,11.11,244.97,101.83,0.00
2026-06-28,2026-06-01,FC-Central,Metro Post,1,1,0,0,0,0.0,4.0,4.0,8.22,0.00,8.22,235.91,94.68,0.00
2026-03-25,2026-03-01,FC-Central,Regional Freight,1,1,0,0,0,0.0,2.0,2.0,13.74,0.00,13.74,446.73,109.19,0.00
2026-06-12,2026-06-01,FC-South,Metro Post,2,2,0,0,0,0.0,4.0,3.0,8.11,0.00,8.11,170.68,29.64,0.00
2026-06-21,2026-06-01,FC-South,Metro Post,3,3,0,0,0,0.0,2.333,2.333,17.28,0.00,17.28,899.83,284.34,0.00
2026-04-02,2026-04-01,FC-North,Swiftline,2,2,0,0,0,0.0,2.0,1.5,10.50,0.00,10.50,178.33,41.94,0.00
2026-04-10,2026-04-01,FC-South,Swiftline,2,2,0,0,0,0.0,3.5,3.5,15.86,4.99,10.87,490.15,59.66,0.00
2026-06-26,2026-06-01,FC-North,Metro Post,1,1,0,0,0,0.0,2.0,2.0,4.87,0.00,4.87,188.29,33.7,0.00
2026-04-21,2026-04-01,FC-Central,Metro Post,1,1,0,0,0,0.0,2.0,1.0,12.77,0.00,12.77,567.80,146.15,0.00
2026-04-29,2026-04-01,FC-Central,Metro Post,4,4,0,0,0,0.0,2.75,2.75,52.46,0.00,52.46,1572.36,381.82,0.00
2026-05-01,2026-05-01,FC-Central,Metro Post,1,1,0,0,0,0.0,2.0,2.0,4.73,0.00,4.73,68.52,23.91,0.00
2026-04-30,2026-04-01,FC-North,Swiftline,1,1,0,0,0,0.0,2.0,1.0,15.13,0.00,15.13,553.62,195.62,0.00
2026-06-06,2026-06-01,FC-North,Swiftline,1,1,0,0,0,0.0,3.0,3.0,11.11,0.00,11.11,400.24,142.54,0.00
2026-05-04,2026-05-01,FC-South,Regional Freight,1,1,0,0,0,0.0,4.0,4.0,5.29,0.00,5.29,137.13,28.8,0.00
2026-05-13,2026-05-01,FC-North,Swiftline,1,1,0,0,0,0.0,5.0,5.0,4.46,0.00,4.46,66.55,35.42,0.00
2026-06-30,2026-06-01,FC-South,Metro Post,1,0,1,0,2,2.0,6.0,6.0,13.73,0.00,13.73,156.22,37.26,156.22
2026-05-18,2026-05-01,FC-South,Swiftline,2,1,1,0,2,1.0,4.5,4.5,17.83,0.00,17.83,360.47,164.26,118.11
2026-05-21,2026-05-01,FC-South,Swiftline,1,1,0,0,0,0.0,3.0,3.0,4.40,0.00,4.40,49.85,-4.4,0.00
2026-05-20,2026-05-01,FC-Central,Regional Freight,1,1,0,0,0,0.0,4.0,4.0,3.26,0.00,3.26,162.03,46.33,0.00
2026-05-25,2026-05-01,FC-Central,Regional Freight,2,2,0,0,0,0.0,3.0,2.5,12.99,0.00,12.99,688.48,281.38,0.00
2026-05-28,2026-05-01,FC-North,Metro Post,1,1,0,0,0,0.0,4.0,3.0,10.90,0.00,10.90,423.80,193.53,0.00
2026-06-01,2026-06-01,FC-North,Metro Post,1,1,0,0,0,0.0,3.0,2.0,3.79,0.00,3.79,202.59,104.05,0.00
2024-04-20,2024-04-01,FC-Central,Swiftline,1,1,0,0,0,0.0,2.0,2.0,9.13,0.00,9.13,565.30,81.2,0.00
2024-07-18,2024-07-01,FC-North,Swiftline,2,2,0,0,0,0.0,4.0,2.5,37.56,0.00,37.56,1475.80,345.09,0.00
2024-06-23,2024-06-01,FC-South,Metro Post,4,4,0,0,0,0.0,2.75,2.5,24.48,0.00,24.48,943.16,194.89,0.00
2024-09-11,2024-09-01,FC-North,Regional Freight,1,0,1,0,1,1.0,5.0,5.0,2.82,0.00,2.82,187.64,111.18,187.64
2024-03-01,2024-03-01,FC-South,Swiftline,2,2,0,0,0,0.0,3.0,2.5,10.59,0.00,10.59,288.17,-96.47,0.00
2024-02-05,2024-02-01,FC-Central,Metro Post,1,1,0,0,0,0.0,3.0,2.0,3.82,0.00,3.82,146.03,55.3,0.00
2024-07-09,2024-07-01,FC-North,Regional Freight,1,0,1,0,1,1.0,3.0,1.0,3.43,0.00,3.43,260.61,35.91,260.61
2024-12-07,2024-12-01,FC-South,Regional Freight,1,0,1,1,3,3.0,6.0,5.0,7.51,0.00,7.51,76.21,20.5,76.21
2024-01-29,2024-01-01,FC-Central,Swiftline,3,3,0,0,0,0.0,3.333,3.333,36.04,0.00,36.04,952.00,209.51,0.00
2024-01-27,2024-01-01,FC-South,Regional Freight,1,1,0,0,0,0.0,2.0,1.0,3.14,0.00,3.14,93.79,39.95,0.00
2024-02-03,2024-02-01,FC-North,Regional Freight,1,1,0,0,0,0.0,4.0,3.0,4.32,0.00,4.32,234.04,116.05,0.00
2024-03-04,2024-03-01,FC-North,Swiftline,1,1,0,0,0,0.0,4.0,3.0,3.84,0.00,3.84,105.51,42.53,0.00
2024-06-18,2024-06-01,FC-South,Metro Post,1,1,0,0,0,0.0,2.0,2.0,4.63,0.00,4.63,173.21,63.28,0.00
2024-07-12,2024-07-01,FC-North,Metro Post,1,1,0,0,0,0.0,3.0,3.0,4.79,0.00,4.79,268.76,-15.82,0.00
2024-02-08,2024-02-01,FC-Central,Regional Freight,1,0,1,0,1,1.0,5.0,5.0,3.35,0.00,3.35,191.93,58.58,191.93
2024-03-09,2024-03-01,FC-South,Swiftline,2,0,2,1,7,3.5,6.5,5.5,10.40,0.00,10.40,232.31,46.12,232.31
2024-02-09,2024-02-01,FC-South,Swiftline,1,0,1,0,1,1.0,3.0,1.0,6.93,0.00,6.93,406.21,50.46,406.21
2024-02-12,2024-02-01,FC-Central,Swiftline,1,1,0,0,0,0.0,2.0,2.0,13.34,0.00,13.34,321.38,151.14,0.00
2024-02-13,2024-02-01,FC-South,Metro Post,2,2,0,0,0,0.0,2.5,1.5,16.62,0.00,16.62,813.14,31.69,0.00
2024-04-01,2024-04-01,FC-South,Swiftline,2,2,0,0,0,0.0,4.0,3.5,14.93,0.00,14.93,959.12,291.19,0.00
2024-02-16,2024-02-01,FC-South,Metro Post,1,1,0,0,0,0.0,5.0,4.0,26.40,0.00,26.40,277.28,82.82,0.00
2024-06-09,2024-06-01,FC-Central,Metro Post,2,2,0,0,0,0.0,4.5,4.5,15.28,0.00,15.28,333.23,127.18,0.00
2024-04-01,2024-04-01,FC-North,Metro Post,2,2,0,0,0,0.0,2.0,1.5,11.99,0.00,11.99,440.39,175.27,0.00
2024-02-22,2024-02-01,FC-North,Swiftline,1,1,0,0,0,0.0,3.0,3.0,4.07,0.00,4.07,82.84,41.12,0.00
2024-04-02,2024-04-01,FC-South,Swiftline,4,4,0,0,0,0.0,3.75,3.25,59.69,0.00,59.69,1364.17,373.44,0.00
2024-02-26,2024-02-01,FC-Central,Regional Freight,1,0,1,1,4,4.0,7.0,7.0,8.76,0.00,8.76,585.80,82.94,585.80
2024-09-12,2024-09-01,FC-South,Regional Freight,2,0,2,1,5,2.5,6.0,5.5,18.64,0.00,18.64,770.83,105.16,770.83
2024-06-21,2024-06-01,FC-North,Swiftline,4,3,1,0,1,0.25,2.5,1.5,56.78,0.00,56.78,1532.11,216.96,523.53
2024-08-15,2024-08-01,FC-Central,Regional Freight,2,2,0,0,0,0.0,1.5,1.0,4.70,0.00,4.70,134.38,38.29,0.00
2025-01-10,2025-01-01,FC-Central,Metro Post,3,3,0,0,0,0.0,4.333,4.0,15.57,0.00,15.57,424.10,153.17,0.00
2024-04-21,2024-04-01,FC-South,Swiftline,1,1,0,0,0,0.0,1.0,1.0,10.03,0.00,10.03,227.29,7.78,0.00
2024-03-17,2024-03-01,FC-South,Regional Freight,2,1,1,1,4,2.0,6.5,6.5,7.22,0.00,7.22,215.38,98.16,138.70
2024-03-19,2024-03-01,FC-South,Metro Post,1,1,0,0,0,0.0,4.0,3.0,3.91,0.00,3.91,282.08,134.29,0.00
2024-12-12,2024-12-01,FC-Central,Swiftline,3,2,1,0,2,0.667,5.0,5.0,28.79,0.00,28.79,1035.24,285.24,217.14
2024-03-22,2024-03-01,FC-South,Regional Freight,3,2,1,0,1,0.333,2.667,2.333,14.66,0.00,14.66,883.10,112.25,265.49
2024-04-04,2024-04-01,FC-Central,Metro Post,1,1,0,0,0,0.0,3.0,1.0,3.65,0.00,3.65,141.52,87.96,0.00
2024-06-13,2024-06-01,FC-South,Swiftline,1,1,0,0,0,0.0,1.0,1.0,9.26,4.99,4.27,40.62,-0.55,0.00
2024-05-23,2024-05-01,FC-South,Swiftline,3,3,0,0,0,0.0,3.0,3.0,18.03,0.00,18.03,749.98,236.57,0.00
2024-07-03,2024-07-01,FC-Central,Metro Post,1,1,0,0,0,0.0,2.0,1.0,5.21,0.00,5.21,1264.87,264.28,0.00
2024-11-09,2024-11-01,FC-North,Swiftline,6,6,0,0,0,0.0,3.333,3.167,58.10,4.99,53.11,2004.04,256.85,0.00
2024-05-24,2024-05-01,FC-Central,Swiftline,1,1,0,0,0,0.0,4.0,3.0,25.75,0.00,25.75,375.34,46.75,0.00
2024-04-16,2024-04-01,FC-North,Metro Post,1,1,0,0,0,0.0,2.0,1.0,4.06,0.00,4.06,169.49,60.57,0.00
2024-08-29,2024-08-01,FC-South,Regional Freight,4,3,1,0,1,0.25,3.5,3.0,18.26,4.99,13.27,877.32,322.81,210.16
2024-04-15,2024-04-01,FC-Central,Swiftline,4,4,0,0,0,0.0,3.25,3.25,22.58,0.00,22.58,619.21,295.15,0.00
2024-06-20,2024-06-01,FC-North,Swiftline,2,2,0,0,0,0.0,3.0,2.0,15.37,4.99,10.38,122.31,36.75,0.00
2024-04-21,2024-04-01,FC-North,Metro Post,1,1,0,0,0,0.0,1.0,1.0,15.97,0.00,15.97,615.74,-160.5,0.00
2024-04-22,2024-04-01,FC-South,Swiftline,3,3,0,0,0,0.0,3.0,2.667,20.10,0.00,20.10,638.90,317.38,0.00
2024-05-10,2024-05-01,FC-North,Swiftline,2,2,0,0,0,0.0,2.5,2.0,14.58,0.00,14.58,594.65,157.32,0.00
2024-04-23,2024-04-01,FC-South,Metro Post,3,2,1,0,1,0.333,3.333,3.0,14.78,0.00,14.78,839.58,70.64,241.14
2024-11-25,2024-11-01,FC-Central,Metro Post,4,2,2,1,11,2.75,6.75,6.75,29.47,4.99,24.48,393.55,64.2,206.81
2024-04-24,2024-04-01,FC-South,Metro Post,1,1,0,0,0,0.0,3.0,3.0,6.24,0.00,6.24,263.09,45.83,0.00
2024-06-16,2024-06-01,FC-North,Metro Post,1,1,0,0,0,0.0,3.0,2.0,14.50,0.00,14.50,527.75,133.24,0.00
2024-05-22,2024-05-01,FC-Central,Regional Freight,2,1,1,0,1,0.5,3.5,3.5,9.68,0.00,9.68,372.30,150.85,187.58
2024-06-10,2024-06-01,FC-North,Metro Post,1,1,0,0,0,0.0,4.0,3.0,7.57,0.00,7.57,571.92,167.4,0.00
2024-05-06,2024-05-01,FC-North,Swiftline,1,1,0,0,0,0.0,3.0,3.0,17.56,0.00,17.56,332.66,91.92,0.00
2024-07-14,2024-07-01,FC-South,Swiftline,2,2,0,0,0,0.0,2.5,2.5,17.76,4.99,12.77,479.96,-11.2,0.00
2024-07-07,2024-07-01,FC-North,Swiftline,2,2,0,0,0,0.0,2.5,2.5,25.56,0.00,25.56,272.35,69.08,0.00
2024-05-14,2024-05-01,FC-Central,Swiftline,1,1,0,0,0,0.0,4.0,3.0,5.88,0.00,5.88,412.61,123.74,0.00
2024-10-19,2024-10-01,FC-North,Swiftline,5,4,1,0,1,0.2,3.2,3.2,36.89,0.00,36.89,935.09,57.27,112.07
2024-06-27,2024-06-01,FC-North,Metro Post,2,2,0,0,0,0.0,4.0,3.5,9.50,0.00,9.50,534.67,187.96,0.00
2024-11-21,2024-11-01,FC-South,Metro Post,3,3,0,0,0,0.0,3.0,2.667,23.92,0.00,23.92,1179.85,184.83,0.00
2024-07-25,2024-07-01,FC-Central,Swiftline,3,3,0,0,0,0.0,3.0,3.0,37.88,0.00,37.88,1479.20,-14.69,0.00
2024-10-13,2024-10-01,FC-South,Metro Post,3,3,0,0,0,0.0,3.0,1.667,30.46,0.00,30.46,1416.54,398.86,0.00
2024-07-19,2024-07-01,FC-Central,Metro Post,4,4,0,0,0,0.0,1.75,1.25,39.25,0.00,39.25,1171.72,378.09,0.00
2024-08-24,2024-08-01,FC-North,Regional Freight,2,1,1,1,3,1.5,6.5,6.5,12.87,0.00,12.87,518.66,121.12,343.34
2025-05-06,2025-05-01,FC-South,Metro Post,2,2,0,0,0,0.0,3.0,2.5,7.94,0.00,7.94,188.06,32.94,0.00
2025-06-01,2025-06-01,FC-North,Swiftline,2,2,0,0,0,0.0,1.5,1.0,18.46,4.99,13.47,506.68,72.03,0.00
2024-05-25,2024-05-01,FC-South,Swiftline,1,1,0,0,0,0.0,2.0,2.0,9.58,0.00,9.58,172.37,10.28,0.00
2024-06-01,2024-06-01,FC-South,Metro Post,3,3,0,0,0,0.0,1.0,1.0,16.96,0.00,16.96,862.73,368.62,0.00
2024-06-03,2024-06-01,FC-North,Swiftline,1,1,0,0,0,0.0,3.0,3.0,6.04,0.00,6.04,82.34,23.95,0.00
2024-06-07,2024-06-01,FC-North,Swiftline,1,1,0,0,0,0.0,2.0,2.0,5.38,0.00,5.38,198.29,101.95,0.00
2024-08-01,2024-08-01,FC-North,Swiftline,1,1,0,0,0,0.0,4.0,2.0,10.24,0.00,10.24,226.66,108.15,0.00
2024-06-12,2024-06-01,FC-North,Swiftline,2,2,0,0,0,0.0,3.0,2.0,26.94,0.00,26.94,158.04,14.96,0.00
2024-06-14,2024-06-01,FC-North,Swiftline,4,4,0,0,0,0.0,2.75,2.25,39.58,0.00,39.58,1870.61,394.15,0.00
2024-06-17,2024-06-01,FC-South,Regional Freight,1,1,0,0,0,0.0,2.0,1.0,7.86,0.00,7.86,339.80,175.2,0.00
2024-10-08,2024-10-01,FC-North,Regional Freight,1,1,0,0,0,0.0,4.0,4.0,4.75,0.00,4.75,208.60,107.53,0.00
2025-04-08,2025-04-01,FC-North,Metro Post,3,3,0,0,0,0.0,2.333,1.333,15.42,4.99,10.43,231.23,106.29,0.00
2025-08-28,2025-08-01,FC-South,Metro Post,4,4,0,0,0,0.0,3.5,3.0,18.90,4.99,13.91,991.25,131.45,0.00
2024-06-25,2024-06-01,FC-Central,Metro Post,2,2,0,0,0,0.0,2.5,2.0,21.57,0.00,21.57,1218.19,217.9,0.00
2024-08-04,2024-08-01,FC-North,Regional Freight,1,1,0,0,0,0.0,3.0,1.0,2.34,0.00,2.34,153.29,65.99,0.00
2024-06-24,2024-06-01,FC-North,Swiftline,1,1,0,0,0,0.0,4.0,4.0,15.10,0.00,15.10,928.14,208.47,0.00
2024-06-25,2024-06-01,FC-South,Swiftline,2,1,1,1,3,1.5,5.0,4.0,14.92,4.99,9.93,225.10,81.63,28.85
2024-06-28,2024-06-01,FC-Central,Metro Post,2,2,0,0,0,0.0,3.0,1.5,11.67,0.00,11.67,858.88,229.99,0.00
2024-09-08,2024-09-01,FC-South,Regional Freight,2,1,1,0,1,0.5,3.0,2.0,17.33,0.00,17.33,799.72,79.66,565.79
2024-07-03,2024-07-01,FC-South,Swiftline,1,1,0,0,0,0.0,4.0,4.0,3.78,4.99,-1.21,28.36,19.39,0.00
2024-08-15,2024-08-01,FC-South,Metro Post,1,1,0,0,0,0.0,3.0,1.0,4.98,0.00,4.98,275.03,49.47,0.00
2024-09-20,2024-09-01,FC-Central,Swiftline,2,1,1,1,9,4.5,7.5,7.5,13.47,0.00,13.47,371.91,176.81,292.91
2024-07-05,2024-07-01,FC-Central,Regional Freight,3,3,0,0,0,0.0,3.333,2.333,8.85,0.00,8.85,534.37,220.65,0.00
2024-07-06,2024-07-01,FC-South,Regional Freight,3,3,0,0,0,0.0,1.667,1.0,21.36,0.00,21.36,484.20,26.72,0.00
2025-02-22,2025-02-01,FC-South,Swiftline,1,1,0,0,0,0.0,5.0,5.0,4.38,4.99,-0.61,31.60,0.61,0.00
2024-11-04,2024-11-01,FC-South,Regional Freight,4,1,3,0,4,1.0,4.75,3.75,21.54,0.00,21.54,980.62,474.79,827.13
2025-01-13,2025-01-01,FC-South,Swiftline,2,2,0,0,0,0.0,3.0,3.0,8.69,0.00,8.69,171.35,57.56,0.00
2024-12-10,2024-12-01,FC-South,Regional Freight,4,3,1,1,6,1.5,5.0,4.25,25.84,0.00,25.84,764.41,86.75,166.30
2024-07-16,2024-07-01,FC-South,Metro Post,2,2,0,0,0,0.0,2.0,1.5,12.62,0.00,12.62,311.69,98.79,0.00
2025-03-29,2025-03-01,FC-North,Swiftline,5,5,0,0,0,0.0,3.0,2.2,47.01,0.00,47.01,1636.05,322.73,0.00
2024-07-16,2024-07-01,FC-Central,Metro Post,1,1,0,0,0,0.0,4.0,3.0,3.28,4.99,-1.71,43.18,27.35,0.00
2025-09-10,2025-09-01,FC-South,Regional Freight,3,2,1,0,2,0.667,4.667,4.333,21.37,0.00,21.37,1588.17,592.07,227.89
2024-07-24,2024-07-01,FC-South,Regional Freight,1,1,0,0,0,0.0,3.0,3.0,14.21,0.00,14.21,926.18,163.2,0.00
2025-04-22,2025-04-01,FC-Central,Regional Freight,3,3,0,0,0,0.0,2.667,2.333,16.81,0.00,16.81,353.19,2.84,0.00
2024-12-25,2024-12-01,FC-South,Regional Freight,5,1,4,1,9,1.8,5.2,4.8,30.01,0.00,30.01,1272.66,431.94,1131.88
2025-03-05,2025-03-01,FC-South,Swiftline,3,2,1,1,6,2.0,5.0,4.333,46.53,0.00,46.53,2040.29,403.49,1050.40
2024-07-27,2024-07-01,FC-North,Swiftline,2,2,0,0,0,0.0,3.5,2.5,17.07,0.00,17.07,596.93,240.49,0.00
2024-12-13,2024-12-01,FC-Central,Swiftline,4,4,0,0,0,0.0,3.75,2.75,38.02,0.00,38.02,1459.39,3.14,0.00
2025-12-28,2025-12-01,FC-Central,Metro Post,1,1,0,0,0,0.0,3.0,3.0,9.73,0.00,9.73,288.27,96.42,0.00
2024-08-01,2024-08-01,FC-South,Regional Freight,3,2,1,1,4,1.333,4.0,4.0,32.01,0.00,32.01,1003.88,105.58,637.55
2025-04-20,2025-04-01,FC-North,Swiftline,4,4,0,0,0,0.0,2.75,2.25,25.85,4.99,20.86,896.08,391.56,0.00
2024-08-13,2024-08-01,FC-North,Swiftline,1,1,0,0,0,0.0,4.0,4.0,10.86,0.00,10.86,131.00,26.36,0.00
2024-08-14,2024-08-01,FC-Central,Metro Post,2,2,0,0,0,0.0,4.0,4.0,15.90,4.99,10.91,108.77,28.79,0.00
2024-08-17,2024-08-01,FC-Central,Swiftline,1,1,0,0,0,0.0,4.0,3.0,10.69,0.00,10.69,594.05,296.11,0.00
2024-08-17,2024-08-01,FC-North,Swiftline,2,1,1,0,1,0.5,4.5,3.5,12.17,0.00,12.17,555.46,55.62,161.57
2024-08-22,2024-08-01,FC-South,Metro Post,2,2,0,0,0,0.0,2.0,1.5,32.67,0.00,32.67,2211.20,294.98,0.00
2025-08-18,2025-08-01,FC-South,Regional Freight,3,1,2,0,3,1.0,4.667,4.667,15.69,4.99,10.70,560.00,78.44,531.64
2025-07-24,2025-07-01,FC-South,Regional Freight,4,4,0,0,0,0.0,3.25,2.5,18.58,0.00,18.58,725.83,242.38,0.00
2024-10-04,2024-10-01,FC-Central,Metro Post,3,3,0,0,0,0.0,3.333,3.333,22.20,0.00,22.20,953.84,209.93,0.00
2024-09-01,2024-09-01,FC-Central,Swiftline,3,3,0,0,0,0.0,2.0,2.0,26.22,0.00,26.22,362.46,27.64,0.00
2024-12-31,2024-12-01,FC-South,Regional Freight,8,6,2,1,5,0.625,4.0,3.5,29.00,4.99,24.01,1273.02,293.37,395.96
2024-11-19,2024-11-01,FC-South,Swiftline,2,2,0,0,0,0.0,2.5,2.0,13.30,0.00,13.30,837.12,149.41,0.00
2025-07-06,2025-07-01,FC-North,Regional Freight,1,1,0,0,0,0.0,3.0,2.0,2.34,4.99,-2.65,34.19,2.65,0.00
2024-09-16,2024-09-01,FC-North,Swiftline,1,1,0,0,0,0.0,2.0,2.0,4.97,0.00,4.97,173.83,104.69,0.00
2024-11-28,2024-11-01,FC-North,Metro Post,1,1,0,0,0,0.0,3.0,2.0,3.32,0.00,3.32,83.50,-3.32,0.00
2025-06-15,2025-06-01,FC-Central,Swiftline,2,2,0,0,0,0.0,4.0,2.5,20.13,0.00,20.13,401.44,182.25,0.00
2024-09-20,2024-09-01,FC-North,Metro Post,1,1,0,0,0,0.0,2.0,2.0,9.28,0.00,9.28,466.87,170.34,0.00
2025-04-06,2025-04-01,FC-North,Metro Post,3,3,0,0,0,0.0,3.333,2.333,10.62,4.99,5.63,151.17,65.35,0.00
2024-09-23,2024-09-01,FC-South,Swiftline,3,2,1,0,2,0.667,4.0,4.0,26.97,4.99,21.98,727.18,147.97,39.94
2025-05-29,2025-05-01,FC-Central,Metro Post,2,1,1,0,1,0.5,4.0,3.5,18.02,0.00,18.02,921.30,187.49,223.80
2024-09-28,2024-09-01,FC-North,Swiftline,3,2,1,1,3,1.0,3.667,3.333,16.51,0.00,16.51,588.90,169.75,117.17
2024-10-02,2024-10-01,FC-North,Regional Freight,1,1,0,0,0,0.0,5.0,5.0,3.14,0.00,3.14,93.79,39.95,0.00
2024-11-17,2024-11-01,FC-Central,Swiftline,5,5,0,0,0,0.0,2.6,2.0,51.16,0.00,51.16,1523.66,484.34,0.00
2024-12-16,2024-12-01,FC-Central,Metro Post,3,3,0,0,0,0.0,3.667,3.667,11.06,0.00,11.06,373.81,152.84,0.00
2024-11-08,2024-11-01,FC-North,Regional Freight,1,1,0,0,0,0.0,2.0,2.0,8.79,0.00,8.79,868.64,157.77,0.00
2025-03-20,2025-03-01,FC-South,Metro Post,1,1,0,0,0,0.0,2.0,2.0,24.30,0.00,24.30,403.20,143.01,0.00
2025-03-04,2025-03-01,FC-South,Regional Freight,6,5,1,1,4,0.667,3.333,3.167,31.56,4.99,26.57,1578.73,478.45,43.52
2025-11-15,2025-11-01,FC-South,Regional Freight,7,4,3,1,6,0.857,3.286,2.857,41.50,0.00,41.50,1612.30,579.47,515.92
2024-10-15,2024-10-01,FC-Central,Swiftline,1,0,1,1,4,4.0,7.0,7.0,8.99,0.00,8.99,194.09,68.15,194.09
2024-10-18,2024-10-01,FC-South,Swiftline,1,1,0,0,0,0.0,3.0,3.0,29.02,0.00,29.02,841.91,186.9,0.00
2025-03-19,2025-03-01,FC-South,Regional Freight,3,3,0,0,0,0.0,2.667,1.667,27.71,0.00,27.71,1602.92,429.67,0.00
2024-12-11,2024-12-01,FC-South,Metro Post,1,1,0,0,0,0.0,3.0,3.0,4.00,0.00,4.00,58.70,25.19,0.00
2024-10-21,2024-10-01,FC-South,Metro Post,2,2,0,0,0,0.0,4.5,4.5,7.50,0.00,7.50,206.37,67.75,0.00
2025-01-25,2025-01-01,FC-Central,Metro Post,2,2,0,0,0,0.0,2.5,2.5,17.16,0.00,17.16,309.25,109.58,0.00
2025-09-04,2025-09-01,FC-South,Regional Freight,3,1,2,1,4,1.333,5.333,4.667,25.25,0.00,25.25,1254.97,219.66,1046.19
2024-12-02,2024-12-01,FC-North,Swiftline,4,4,0,0,0,0.0,2.5,2.25,39.79,0.00,39.79,694.29,111.64,0.00
2025-05-20,2025-05-01,FC-South,Swiftline,3,2,1,0,1,0.333,4.0,2.333,19.22,0.00,19.22,704.49,206.4,121.10
2025-02-16,2025-02-01,FC-South,Swiftline,2,2,0,0,0,0.0,2.0,1.5,9.29,4.99,4.30,195.84,96.2,0.00
2024-11-12,2024-11-01,FC-Central,Regional Freight,2,1,1,0,2,1.0,3.5,2.0,9.07,0.00,9.07,261.09,70.6,144.21
2025-02-01,2025-02-01,FC-North,Metro Post,4,4,0,0,0,0.0,2.75,2.25,47.57,0.00,47.57,1068.47,271.03,0.00
2025-06-20,2025-06-01,FC-South,Regional Freight,2,1,1,0,1,0.5,4.5,4.5,24.58,4.99,19.59,833.86,177.52,40.68
2024-11-27,2024-11-01,FC-Central,Swiftline,2,1,1,0,1,0.5,4.0,4.0,53.67,0.00,53.67,788.95,-9.67,632.65
2024-11-28,2024-11-01,FC-South,Metro Post,2,2,0,0,0,0.0,3.5,2.5,23.62,0.00,23.62,752.03,-52.73,0.00
2024-12-01,2024-12-01,FC-Central,Swiftline,1,1,0,0,0,0.0,3.0,3.0,6.93,0.00,6.93,240.71,86.87,0.00
2025-02-17,2025-02-01,FC-Central,Metro Post,3,3,0,0,0,0.0,3.0,3.0,21.20,4.99,16.21,1251.08,322.32,0.00
2025-06-12,2025-06-01,FC-Central,Swiftline,2,2,0,0,0,0.0,2.5,2.5,28.17,0.00,28.17,1321.80,387.82,0.00
2024-12-30,2024-12-01,FC-Central,Swiftline,2,2,0,0,0,0.0,3.5,3.5,13.93,0.00,13.93,528.07,228.98,0.00
2025-04-12,2025-04-01,FC-Central,Metro Post,3,3,0,0,0,0.0,2.0,1.0,34.40,0.00,34.40,2424.74,403.92,0.00
2024-12-10,2024-12-01,FC-Central,Regional Freight,1,0,1,1,4,4.0,7.0,5.0,2.89,0.00,2.89,154.29,61.78,154.29
2025-02-18,2025-02-01,FC-South,Regional Freight,1,1,0,0,0,0.0,2.0,2.0,8.77,0.00,8.77,217.79,96.11,0.00
2025-01-07,2025-01-01,FC-Central,Metro Post,2,1,1,1,3,1.5,4.5,4.0,16.95,0.00,16.95,268.94,127.66,155.64
2025-01-14,2025-01-01,FC-South,Metro Post,2,2,0,0,0,0.0,2.0,1.5,15.41,0.00,15.41,265.54,21.83,0.00
2025-03-01,2025-03-01,FC-North,Metro Post,1,1,0,0,0,0.0,2.0,2.0,7.36,0.00,7.36,247.15,80.48,0.00
2024-12-14,2024-12-01,FC-North,Regional Freight,1,1,0,0,0,0.0,3.0,3.0,7.86,0.00,7.86,155.00,47.91,0.00
2025-11-14,2025-11-01,FC-Central,Regional Freight,3,3,0,0,0,0.0,2.667,2.333,14.64,0.00,14.64,492.90,243.76,0.00
2025-02-07,2025-02-01,FC-North,Swiftline,4,4,0,0,0,0.0,2.25,1.75,35.64,0.00,35.64,1336.77,366.09,0.00
2025-11-12,2025-11-01,FC-Central,Swiftline,2,2,0,0,0,0.0,2.0,2.0,9.12,0.00,9.12,224.39,98.56,0.00
2024-12-24,2024-12-01,FC-North,Metro Post,2,2,0,0,0,0.0,2.5,1.5,9.70,0.00,9.70,145.83,66.61,0.00
2025-05-20,2025-05-01,FC-North,Metro Post,2,2,0,0,0,0.0,2.5,1.5,14.36,0.00,14.36,318.45,179.79,0.00
2024-12-28,2024-12-01,FC-Central,Swiftline,2,2,0,0,0,0.0,2.0,1.5,13.30,4.99,8.31,489.13,135.32,0.00
2025-03-21,2025-03-01,FC-Central,Regional Freight,2,2,0,0,0,0.0,2.0,1.0,9.90,4.99,4.91,219.20,106.61,0.00
2025-05-02,2025-05-01,FC-South,Swiftline,3,2,1,0,2,0.667,3.667,2.667,22.58,0.00,22.58,541.69,238.37,152.60
2025-01-03,2025-01-01,FC-South,Regional Freight,2,2,0,0,0,0.0,3.0,2.5,9.34,4.99,4.35,803.68,134.68,0.00
2025-05-27,2025-05-01,FC-South,Metro Post,1,1,0,0,0,0.0,3.0,3.0,14.50,0.00,14.50,404.98,70.02,0.00
2025-09-10,2025-09-01,FC-Central,Metro Post,3,1,2,1,5,1.667,4.667,3.333,22.03,0.00,22.03,378.97,101.36,285.67
2025-08-04,2025-08-01,FC-South,Metro Post,3,3,0,0,0,0.0,3.333,3.0,40.80,0.00,40.80,1150.54,473.55,0.00
2025-01-12,2025-01-01,FC-Central,Regional Freight,2,2,0,0,0,0.0,2.5,2.0,4.98,9.98,-5.00,51.10,16.11,0.00
2025-06-13,2025-06-01,FC-Central,Regional Freight,4,4,0,0,0,0.0,3.5,3.25,13.36,4.99,8.37,249.96,102.86,0.00
2025-04-19,2025-04-01,FC-South,Regional Freight,3,3,0,0,0,0.0,2.0,1.333,31.79,0.00,31.79,929.27,142.49,0.00
2025-04-21,2025-04-01,FC-North,Swiftline,3,3,0,0,0,0.0,3.333,3.0,16.09,4.99,11.10,409.89,94.15,0.00
2025-01-18,2025-01-01,FC-South,Regional Freight,1,1,0,0,0,0.0,4.0,3.0,3.66,0.00,3.66,100.51,44.13,0.00
2025-04-29,2025-04-01,FC-Central,Metro Post,2,2,0,0,0,0.0,2.5,2.5,11.29,0.00,11.29,598.45,96.52,0.00
2025-07-11,2025-07-01,FC-Central,Metro Post,1,1,0,0,0,0.0,1.0,1.0,3.18,0.00,3.18,103.71,-3.18,0.00
2025-07-15,2025-07-01,FC-Central,Swiftline,3,3,0,0,0,0.0,3.0,3.0,36.57,0.00,36.57,1072.02,306.05,0.00
2025-06-13,2025-06-01,FC-North,Swiftline,1,1,0,0,0,0.0,2.0,1.0,8.12,0.00,8.12,194.81,4.05,0.00
2025-10-19,2025-10-01,FC-South,Regional Freight,1,1,0,0,0,0.0,2.0,2.0,3.68,0.00,3.68,259.86,116.1,0.00
2025-02-01,2025-02-01,FC-Central,Swiftline,1,1,0,0,0,0.0,3.0,2.0,5.04,0.00,5.04,199.06,116.64,0.00
2025-02-05,2025-02-01,FC-Central,Metro Post,1,0,1,0,2,2.0,4.0,4.0,3.22,4.99,-1.77,35.49,1.77,35.49
2025-07-12,2025-07-01,FC-North,Metro Post,1,1,0,0,0,0.0,2.0,2.0,4.52,0.00,4.52,370.49,185.34,0.00
2025-02-08,2025-02-01,FC-South,Metro Post,1,1,0,0,0,0.0,4.0,4.0,8.19,0.00,8.19,209.34,17.93,0.00
2025-07-06,2025-07-01,FC-Central,Metro Post,2,2,0,0,0,0.0,2.5,1.5,9.09,4.99,4.10,446.69,207.59,0.00
2025-04-15,2025-04-01,FC-Central,Metro Post,2,2,0,0,0,0.0,3.0,3.0,14.82,0.00,14.82,616.60,88.0,0.00
2025-02-25,2025-02-01,FC-North,Regional Freight,1,1,0,0,0,0.0,4.0,3.0,5.38,0.00,5.38,290.67,42.13,0.00
2025-02-28,2025-02-01,FC-Central,Metro Post,1,1,0,0,0,0.0,3.0,3.0,3.88,0.00,3.88,147.14,83.02,0.00
2025-02-28,2025-02-01,FC-North,Metro Post,1,1,0,0,0,0.0,2.0,2.0,6.22,0.00,6.22,251.26,73.44,0.00
2025-04-04,2025-04-01,FC-South,Swiftline,3,3,0,0,0,0.0,3.667,3.0,29.99,0.00,29.99,564.36,101.43,0.00
2025-05-10,2025-05-01,FC-North,Swiftline,3,3,0,0,0,0.0,2.333,2.0,23.35,0.00,23.35,949.91,221.69,0.00
2025-09-06,2025-09-01,FC-North,Swiftline,3,3,0,0,0,0.0,3.0,2.333,31.04,4.99,26.05,865.54,184.72,0.00
2025-03-06,2025-03-01,FC-North,Metro Post,1,1,0,0,0,0.0,2.0,1.0,6.47,0.00,6.47,149.17,64.33,0.00
2025-03-11,2025-03-01,FC-Central,Regional Freight,1,1,0,0,0,0.0,2.0,1.0,7.83,0.00,7.83,417.81,218.25,0.00
2025-03-23,2025-03-01,FC-North,Metro Post,2,1,1,1,3,1.5,5.0,5.0,8.04,0.00,8.04,613.74,47.37,175.98
2025-06-17,2025-06-01,FC-South,Swiftline,3,2,1,1,4,1.333,4.333,3.333,26.30,0.00,26.30,1285.52,342.1,240.07
2025-03-28,2025-03-01,FC-North,Regional Freight,1,1,0,0,0,0.0,2.0,1.0,5.07,0.00,5.07,411.22,54.77,0.00
2025-07-01,2025-07-01,FC-South,Metro Post,2,2,0,0,0,0.0,3.0,3.0,7.38,0.00,7.38,497.92,78.96,0.00
2025-04-24,2025-04-01,FC-North,Metro Post,2,0,2,1,6,3.0,7.0,6.5,12.30,0.00,12.30,309.67,90.42,309.67
2025-05-10,2025-05-01,FC-Central,Swiftline,3,3,0,0,0,0.0,3.333,3.0,14.28,0.00,14.28,758.32,234.24,0.00
2026-01-27,2026-01-01,FC-South,Regional Freight,4,3,1,0,1,0.25,2.75,2.0,16.86,0.00,16.86,950.65,62.71,256.79
2025-10-18,2025-10-01,FC-North,Swiftline,3,3,0,0,0,0.0,4.0,3.333,14.14,4.99,9.15,247.04,50.05,0.00
2025-08-16,2025-08-01,FC-South,Regional Freight,4,2,2,0,2,0.5,2.75,2.5,16.84,0.00,16.84,1697.40,351.37,994.08
2025-07-22,2025-07-01,FC-Central,Swiftline,1,1,0,0,0,0.0,5.0,5.0,21.38,0.00,21.38,351.35,99.87,0.00
2025-04-09,2025-04-01,FC-North,Metro Post,1,1,0,0,0,0.0,3.0,2.0,9.50,0.00,9.50,232.24,50.24,0.00
2025-09-01,2025-09-01,FC-South,Regional Freight,2,1,1,0,2,1.0,5.0,4.5,11.50,0.00,11.50,807.82,186.12,81.68
2025-08-11,2025-08-01,FC-South,Metro Post,3,3,0,0,0,0.0,1.667,1.667,17.32,0.00,17.32,796.05,316.31,0.00
2025-05-29,2025-05-01,FC-South,Swiftline,3,2,1,1,3,1.0,4.667,4.667,21.80,4.99,16.81,772.83,175.96,24.94
2025-04-19,2025-04-01,FC-Central,Metro Post,1,1,0,0,0,0.0,2.0,2.0,3.42,0.00,3.42,101.37,57.7,0.00
2025-07-24,2025-07-01,FC-North,Swiftline,3,3,0,0,0,0.0,2.0,2.0,26.26,0.00,26.26,651.31,204.95,0.00
2025-05-05,2025-05-01,FC-North,Swiftline,4,4,0,0,0,0.0,2.5,1.5,40.85,0.00,40.85,1167.15,342.42,0.00
2025-07-30,2025-07-01,FC-Central,Metro Post,2,2,0,0,0,0.0,3.5,2.0,29.77,4.99,24.78,1255.41,185.5,0.00
2025-06-12,2025-06-01,FC-South,Regional Freight,3,3,0,0,0,0.0,3.0,2.333,25.60,4.99,20.61,723.30,172.55,0.00
2025-04-25,2025-04-01,FC-Central,Swiftline,1,1,0,0,0,0.0,3.0,3.0,4.93,0.00,4.93,58.95,30.44,0.00
2025-08-29,2025-08-01,FC-North,Swiftline,3,3,0,0,0,0.0,3.667,3.333,34.38,0.00,34.38,832.23,84.14,0.00
2026-02-05,2026-02-01,FC-South,Swiftline,2,2,0,0,0,0.0,4.0,4.0,27.02,0.00,27.02,820.46,336.91,0.00
2025-05-04,2025-05-01,FC-South,Metro Post,1,1,0,0,0,0.0,5.0,4.0,2.93,4.99,-2.06,18.13,13.6,0.00
2025-06-16,2025-06-01,FC-South,Regional Freight,4,2,2,1,5,1.25,4.5,4.5,24.78,0.00,24.78,1103.13,232.69,686.18
2025-05-08,2025-05-01,FC-South,Swiftline,3,2,1,1,9,3.0,6.333,5.667,40.31,0.00,40.31,625.20,125.41,183.80
2025-05-15,2025-05-01,FC-Central,Regional Freight,2,2,0,0,0,0.0,2.5,2.5,5.80,0.00,5.80,459.98,54.78,0.00
2025-05-14,2025-05-01,FC-Central,Metro Post,2,2,0,0,0,0.0,4.0,3.5,24.28,0.00,24.28,996.13,121.54,0.00
2025-05-13,2025-05-01,FC-Central,Regional Freight,1,1,0,0,0,0.0,4.0,4.0,8.10,0.00,8.10,339.68,163.1,0.00
2025-05-19,2025-05-01,FC-Central,Metro Post,1,1,0,0,0,0.0,2.0,2.0,6.46,0.00,6.46,364.55,66.59,0.00
2025-05-31,2025-05-01,FC-North,Swiftline,2,2,0,0,0,0.0,2.0,2.0,12.20,0.00,12.20,638.45,261.52,0.00
2025-08-17,2025-08-01,FC-South,Metro Post,1,1,0,0,0,0.0,4.0,3.0,5.06,0.00,5.06,85.09,-25.5,0.00
2025-06-06,2025-06-01,FC-South,Regional Freight,3,1,2,2,6,2.0,6.667,6.0,24.78,0.00,24.78,1035.71,355.98,831.72
2025-06-07,2025-06-01,FC-South,Regional Freight,2,0,2,0,2,1.0,4.0,4.0,13.82,0.00,13.82,383.07,110.07,383.07
2025-08-14,2025-08-01,FC-South,Regional Freight,3,1,2,1,4,1.333,4.333,3.0,29.46,0.00,29.46,1036.21,323.88,809.86
2025-06-07,2025-06-01,FC-North,Metro Post,1,1,0,0,0,0.0,1.0,1.0,3.28,4.99,-1.71,40.06,24.23,0.00
2025-08-26,2025-08-01,FC-South,Metro Post,3,3,0,0,0,0.0,1.667,1.333,13.86,0.00,13.86,821.97,192.17,0.00
2025-12-22,2025-12-01,FC-North,Swiftline,11,9,2,1,10,0.909,4.0,3.455,70.84,24.95,45.89,2130.61,301.53,41.69
2025-09-15,2025-09-01,FC-North,Swiftline,6,6,0,0,0,0.0,3.167,2.833,60.62,4.99,55.63,1638.85,279.45,0.00
2025-12-24,2025-12-01,FC-North,Metro Post,3,3,0,0,0,0.0,2.667,2.333,15.64,0.00,15.64,812.65,395.9,0.00
2025-11-22,2025-11-01,FC-South,Metro Post,3,0,3,1,10,3.333,6.0,5.333,15.00,4.99,10.01,504.61,93.78,504.61
2026-04-21,2026-04-01,FC-Central,Swiftline,2,2,0,0,0,0.0,1.5,1.0,24.33,0.00,24.33,856.74,356.28,0.00
2025-08-30,2025-08-01,FC-South,Regional Freight,2,1,1,1,9,4.5,7.5,7.5,8.46,0.00,8.46,311.53,-39.82,212.78
2025-11-07,2025-11-01,FC-Central,Swiftline,5,4,1,0,2,0.4,3.2,2.6,47.42,0.00,47.42,1494.89,450.9,367.07
2025-11-15,2025-11-01,FC-North,Metro Post,2,2,0,0,0,0.0,2.5,1.0,7.87,0.00,7.87,609.56,212.69,0.00
2026-04-26,2026-04-01,FC-South,Metro Post,6,6,0,0,0,0.0,3.0,2.5,50.35,4.99,45.36,1997.17,327.14,0.00
2025-07-20,2025-07-01,FC-South,Regional Freight,4,4,0,0,0,0.0,3.5,2.75,11.48,0.00,11.48,674.28,318.52,0.00
2025-06-30,2025-06-01,FC-South,Swiftline,1,1,0,0,0,0.0,2.0,1.0,18.82,0.00,18.82,407.52,135.65,0.00
2025-07-05,2025-07-01,FC-South,Metro Post,2,1,1,0,1,0.5,3.5,3.5,33.44,0.00,33.44,708.63,124.56,630.13
2025-07-09,2025-07-01,FC-Central,Regional Freight,1,1,0,0,0,0.0,2.0,1.0,14.78,0.00,14.78,587.02,39.8,0.00
2025-10-18,2025-10-01,FC-Central,Swiftline,2,2,0,0,0,0.0,3.5,3.5,11.06,0.00,11.06,358.15,127.94,0.00
2025-11-07,2025-11-01,FC-North,Regional Freight,1,0,1,0,1,1.0,4.0,4.0,5.83,0.00,5.83,152.92,3.98,152.92
2025-07-22,2025-07-01,FC-South,Metro Post,2,1,1,1,9,4.5,8.5,8.0,15.88,0.00,15.88,682.69,119.39,437.19
2025-07-29,2025-07-01,FC-South,Regional Freight,3,0,3,0,4,1.333,4.333,3.333,21.30,0.00,21.30,761.68,76.64,761.68
2025-10-14,2025-10-01,FC-Central,Metro Post,3,2,1,0,1,0.333,3.0,2.333,21.53,4.99,16.54,740.14,-84.01,30.87
2025-07-28,2025-07-01,FC-North,Metro Post,3,3,0,0,0,0.0,3.0,2.333,22.94,0.00,22.94,1217.66,6.79,0.00
2025-07-27,2025-07-01,FC-South,Swiftline,1,0,1,1,4,4.0,6.0,6.0,8.00,0.00,8.00,215.25,95.7,215.25
2025-08-01,2025-08-01,FC-North,Swiftline,3,1,2,1,5,1.667,4.333,4.0,19.25,0.00,19.25,281.33,110.75,227.17
2025-08-31,2025-08-01,FC-South,Regional Freight,3,3,0,0,0,0.0,2.333,2.333,27.80,0.00,27.80,474.16,164.03,0.00
2025-11-28,2025-11-01,FC-Central,Metro Post,3,2,1,0,2,0.667,3.333,3.0,17.59,0.00,17.59,676.69,255.59,152.09
2026-02-08,2026-02-01,FC-Central,Regional Freight,2,2,0,0,0,0.0,2.0,1.5,5.93,0.00,5.93,259.76,36.77,0.00
2025-08-03,2025-08-01,FC-Central,Swiftline,2,2,0,0,0,0.0,2.0,1.0,15.65,0.00,15.65,993.26,42.32,0.00
2025-08-03,2025-08-01,FC-North,Metro Post,2,2,0,0,0,0.0,3.0,3.0,18.47,0.00,18.47,505.30,159.55,0.00
2025-08-06,2025-08-01,FC-North,Swiftline,2,2,0,0,0,0.0,4.5,4.5,9.34,4.99,4.35,145.64,57.0,0.00
2026-02-15,2026-02-01,FC-North,Regional Freight,1,1,0,0,0,0.0,4.0,4.0,5.81,0.00,5.81,176.88,30.58,0.00
2026-03-23,2026-03-01,FC-North,Regional Freight,1,1,0,0,0,0.0,5.0,5.0,8.12,0.00,8.12,126.08,48.23,0.00
2025-12-12,2025-12-01,FC-South,Swiftline,2,1,1,0,1,0.5,5.0,5.0,15.37,4.99,10.38,168.41,81.08,136.56
2025-08-14,2025-08-01,FC-Central,Swiftline,2,2,0,0,0,0.0,3.0,2.5,11.42,0.00,11.42,321.65,77.68,0.00
2025-09-29,2025-09-01,FC-Central,Swiftline,1,1,0,0,0,0.0,3.0,3.0,3.96,0.00,3.96,59.63,34.54,0.00
2025-11-06,2025-11-01,FC-Central,Metro Post,6,6,0,0,0,0.0,2.5,2.5,44.96,9.98,34.98,1451.16,250.65,0.00
2025-08-19,2025-08-01,FC-South,Swiftline,1,1,0,0,0,0.0,2.0,1.0,10.68,0.00,10.68,246.07,92.71,0.00
2025-08-19,2025-08-01,FC-North,Metro Post,1,1,0,0,0,0.0,1.0,1.0,19.40,0.00,19.40,748.28,87.48,0.00
2025-12-19,2025-12-01,FC-North,Metro Post,4,2,2,1,4,1.0,3.5,3.25,17.96,0.00,17.96,1396.06,371.03,410.32
2025-10-11,2025-10-01,FC-North,Metro Post,3,3,0,0,0,0.0,3.0,2.667,18.13,0.00,18.13,801.47,422.74,0.00
2025-08-23,2025-08-01,FC-Central,Swiftline,1,1,0,0,0,0.0,3.0,2.0,26.31,0.00,26.31,415.88,134.7,0.00
2025-11-15,2025-11-01,FC-Central,Swiftline,1,1,0,0,0,0.0,2.0,1.0,4.39,0.00,4.39,384.21,80.55,0.00
2025-08-25,2025-08-01,FC-Central,Metro Post,1,1,0,0,0,0.0,2.0,2.0,3.09,4.99,-1.90,26.14,14.12,0.00
2026-05-23,2026-05-01,FC-South,Regional Freight,4,3,1,0,1,0.25,3.75,3.75,21.62,0.00,21.62,1592.81,358.77,81.65
2026-04-13,2026-04-01,FC-Central,Regional Freight,2,2,0,0,0,0.0,3.0,2.5,7.99,0.00,7.99,343.71,165.82,0.00
2026-02-06,2026-02-01,FC-South,Regional Freight,2,2,0,0,0,0.0,2.5,2.5,10.54,0.00,10.54,622.95,325.19,0.00
2025-09-04,2025-09-01,FC-North,Regional Freight,1,1,0,0,0,0.0,2.0,2.0,4.01,0.00,4.01,367.22,173.83,0.00
2025-10-28,2025-10-01,FC-South,Swiftline,2,1,1,1,6,3.0,5.5,4.5,21.77,0.00,21.77,588.77,211.14,84.05
2026-03-15,2026-03-01,FC-North,Regional Freight,1,1,0,0,0,0.0,2.0,2.0,2.25,0.00,2.25,98.30,56.03,0.00
2025-09-10,2025-09-01,FC-North,Metro Post,1,1,0,0,0,0.0,4.0,4.0,9.07,0.00,9.07,217.22,72.91,0.00
2025-11-01,2025-11-01,FC-North,Metro Post,1,1,0,0,0,0.0,2.0,2.0,5.61,0.00,5.61,224.71,72.72,0.00
2025-10-09,2025-10-01,FC-South,Swiftline,3,3,0,0,0,0.0,3.0,2.0,31.01,0.00,31.01,1560.57,273.49,0.00
2025-09-26,2025-09-01,FC-North,Metro Post,1,1,0,0,0,0.0,1.0,1.0,3.22,4.99,-1.77,15.97,1.77,0.00
2025-11-05,2025-11-01,FC-South,Metro Post,4,3,1,0,1,0.25,4.25,3.75,26.49,4.99,21.50,1058.32,95.69,25.37
2025-09-30,2025-09-01,FC-Central,Regional Freight,1,1,0,0,0,0.0,4.0,3.0,2.70,0.00,2.70,94.68,-2.7,0.00
2025-11-09,2025-11-01,FC-North,Regional Freight,2,2,0,0,0,0.0,3.0,1.5,37.35,0.00,37.35,567.56,120.32,0.00
2026-02-20,2026-02-01,FC-South,Metro Post,4,4,0,0,0,0.0,2.25,1.75,34.81,0.00,34.81,1697.75,343.9,0.00
2026-06-07,2026-06-01,FC-North,Regional Freight,1,1,0,0,0,0.0,4.0,4.0,5.82,0.00,5.82,557.59,9.37,0.00
2026-01-01,2026-01-01,FC-South,Metro Post,4,4,0,0,0,0.0,2.75,2.5,23.55,4.99,18.56,807.74,282.83,0.00
2025-10-05,2025-10-01,FC-Central,Swiftline,3,3,0,0,0,0.0,3.667,3.333,27.37,0.00,27.37,621.61,261.6,0.00
2026-06-01,2026-06-01,FC-North,Swiftline,5,4,1,0,1,0.2,3.4,2.8,34.39,0.00,34.39,919.65,230.75,70.91
2026-01-16,2026-01-01,FC-North,Swiftline,2,2,0,0,0,0.0,2.5,2.5,8.99,0.00,8.99,213.95,109.01,0.00
2025-10-08,2025-10-01,FC-Central,Metro Post,4,2,2,1,5,1.25,4.5,3.5,45.25,0.00,45.25,2379.70,655.7,1109.15
2026-04-11,2026-04-01,FC-South,Regional Freight,2,2,0,0,0,0.0,3.5,3.0,7.71,0.00,7.71,381.61,45.74,0.00
2025-10-10,2025-10-01,FC-South,Swiftline,3,2,1,1,3,1.0,3.0,2.0,17.00,4.99,12.01,535.70,76.77,81.65
2025-12-07,2025-12-01,FC-South,Regional Freight,5,3,2,0,3,0.6,3.0,1.8,30.67,0.00,30.67,1684.45,425.89,1107.39
2026-02-15,2026-02-01,FC-South,Swiftline,1,1,0,0,0,0.0,3.0,1.0,3.96,4.99,-1.03,44.92,29.67,0.00
2025-10-17,2025-10-01,FC-Central,Swiftline,3,2,1,0,1,0.333,4.0,4.0,71.78,0.00,71.78,1245.15,83.41,206.19
2026-02-26,2026-02-01,FC-Central,Swiftline,6,6,0,0,0,0.0,3.333,3.0,50.72,0.00,50.72,1756.77,460.64,0.00
2025-10-17,2025-10-01,FC-North,Regional Freight,1,1,0,0,0,0.0,3.0,3.0,5.01,0.00,5.01,210.42,43.76,0.00
2026-06-18,2026-06-01,FC-Central,Regional Freight,1,1,0,0,0,0.0,2.0,2.0,2.72,0.00,2.72,138.67,81.31,0.00
2025-10-22,2025-10-01,FC-North,Swiftline,2,2,0,0,0,0.0,2.5,1.0,15.51,0.00,15.51,1412.44,-608.51,0.00
2025-10-27,2025-10-01,FC-North,Regional Freight,1,1,0,0,0,0.0,3.0,2.0,2.23,4.99,-2.76,17.16,13.87,0.00
2025-11-04,2025-11-01,FC-Central,Metro Post,2,2,0,0,0,0.0,2.0,2.0,8.11,0.00,8.11,251.13,-4.41,0.00
2025-11-09,2025-11-01,FC-Central,Regional Freight,2,2,0,0,0,0.0,2.0,2.0,9.30,0.00,9.30,793.54,169.81,0.00
2025-11-10,2025-11-01,FC-Central,Regional Freight,3,2,1,0,2,0.667,2.667,2.667,16.18,0.00,16.18,617.19,176.39,184.56
2025-11-12,2025-11-01,FC-South,Metro Post,2,2,0,0,0,0.0,3.5,3.5,23.89,0.00,23.89,1039.87,429.57,0.00
2025-12-09,2025-12-01,FC-South,Swiftline,2,2,0,0,0,0.0,3.0,2.0,39.66,0.00,39.66,760.64,84.87,0.00
2026-06-26,2026-06-01,FC-North,Swiftline,2,2,0,0,0,0.0,3.5,3.5,17.71,0.00,17.71,1133.17,403.18,0.00
2026-05-14,2026-05-01,FC-South,Regional Freight,1,1,0,0,0,0.0,1.0,1.0,7.69,0.00,7.69,1033.97,163.29,0.00
2026-04-23,2026-04-01,FC-Central,Swiftline,2,2,0,0,0,0.0,4.5,4.0,16.09,4.99,11.10,329.61,118.39,0.00
2026-02-13,2026-02-01,FC-Central,Metro Post,1,1,0,0,0,0.0,3.0,3.0,8.95,0.00,8.95,131.78,3.16,0.00
2025-11-20,2025-11-01,FC-North,Regional Freight,1,1,0,0,0,0.0,4.0,4.0,3.89,0.00,3.89,194.84,95.23,0.00
2026-02-18,2026-02-01,FC-Central,Regional Freight,3,3,0,0,0,0.0,2.667,2.333,13.58,0.00,13.58,937.47,215.63,0.00
2025-11-29,2025-11-01,FC-South,Metro Post,4,3,1,1,9,2.25,5.25,5.0,38.82,0.00,38.82,835.20,283.26,265.97
2026-04-10,2026-04-01,FC-South,Metro Post,2,1,1,0,1,0.5,4.5,4.0,6.91,0.00,6.91,383.44,87.57,259.56
2026-01-23,2026-01-01,FC-Central,Swiftline,3,3,0,0,0,0.0,2.667,1.667,31.94,0.00,31.94,762.42,129.87,0.00
2025-12-10,2025-12-01,FC-North,Regional Freight,1,1,0,0,0,0.0,3.0,1.0,5.14,0.00,5.14,137.04,23.5,0.00
2026-03-16,2026-03-01,FC-Central,Metro Post,2,2,0,0,0,0.0,3.5,2.5,34.42,0.00,34.42,554.95,238.66,0.00
2026-04-28,2026-04-01,FC-Central,Swiftline,2,2,0,0,0,0.0,3.5,2.5,18.74,4.99,13.75,244.02,37.0,0.00
2025-12-13,2025-12-01,FC-South,Swiftline,1,1,0,0,0,0.0,2.0,2.0,12.57,0.00,12.57,580.02,34.86,0.00
2025-12-19,2025-12-01,FC-Central,Metro Post,2,1,1,1,3,1.5,4.5,4.0,17.82,0.00,17.82,892.11,-265.42,135.55
2026-06-07,2026-06-01,FC-Central,Regional Freight,1,1,0,0,0,0.0,4.0,3.0,2.31,0.00,2.31,73.72,40.25,0.00
2026-02-05,2026-02-01,FC-Central,Swiftline,2,2,0,0,0,0.0,3.0,3.0,18.22,0.00,18.22,660.56,38.34,0.00
2026-02-23,2026-02-01,FC-North,Regional Freight,2,1,1,0,2,1.0,5.0,5.0,23.38,0.00,23.38,2109.17,239.3,346.45
2025-12-23,2025-12-01,FC-South,Regional Freight,3,2,1,0,1,0.333,4.0,3.0,12.21,0.00,12.21,893.79,218.68,248.12
2025-12-26,2025-12-01,FC-South,Metro Post,2,1,1,0,1,0.5,3.5,3.5,6.44,4.99,1.45,146.30,90.47,128.17
2026-01-28,2026-01-01,FC-South,Regional Freight,1,0,1,0,1,1.0,4.0,2.0,7.73,0.00,7.73,134.40,48.04,134.40
2026-01-29,2026-01-01,FC-South,Metro Post,1,0,1,1,6,6.0,9.0,9.0,4.61,4.99,-0.38,35.03,4.68,35.03
2026-04-05,2026-04-01,FC-North,Swiftline,2,1,1,1,6,3.0,6.0,6.0,24.67,0.00,24.67,624.67,234.59,233.54
2025-12-31,2025-12-01,FC-South,Metro Post,3,2,1,0,2,0.667,3.667,3.0,17.56,0.00,17.56,649.31,77.64,166.42
2026-06-04,2026-06-01,FC-Central,Swiftline,3,3,0,0,0,0.0,2.333,1.667,23.89,4.99,18.90,534.56,272.41,0.00
2026-03-21,2026-03-01,FC-Central,Metro Post,2,2,0,0,0,0.0,3.0,3.0,29.45,0.00,29.45,1547.76,-114.52,0.00
2026-01-18,2026-01-01,FC-Central,Regional Freight,2,2,0,0,0,0.0,2.0,1.0,10.07,0.00,10.07,517.61,158.85,0.00
2026-01-22,2026-01-01,FC-South,Swiftline,1,1,0,0,0,0.0,4.0,4.0,9.75,0.00,9.75,781.83,108.27,0.00
2026-03-12,2026-03-01,FC-North,Swiftline,2,1,1,0,2,1.0,5.0,5.0,14.38,0.00,14.38,608.59,162.64,214.70
2026-01-29,2026-01-01,FC-North,Metro Post,1,0,1,1,9,9.0,12.0,12.0,3.91,0.00,3.91,149.91,-60.98,149.91
2026-02-28,2026-02-01,FC-Central,Swiftline,4,3,1,0,2,0.5,3.75,3.25,67.07,0.00,67.07,1521.12,310.65,219.46
2026-04-04,2026-04-01,FC-North,Swiftline,3,3,0,0,0,0.0,3.667,3.333,24.00,0.00,24.00,1351.80,193.83,0.00
2026-05-28,2026-05-01,FC-North,Swiftline,3,3,0,0,0,0.0,2.333,2.0,21.29,0.00,21.29,406.42,175.97,0.00
2026-02-04,2026-02-01,FC-South,Swiftline,1,1,0,0,0,0.0,2.0,2.0,5.44,0.00,5.44,153.68,26.2,0.00
2026-06-28,2026-06-01,FC-Central,Swiftline,1,1,0,0,0,0.0,4.0,4.0,10.48,0.00,10.48,224.75,-64.64,0.00
2026-03-13,2026-03-01,FC-Central,Metro Post,2,2,0,0,0,0.0,3.5,3.0,9.34,0.00,9.34,166.12,2.06,0.00
2026-02-20,2026-02-01,FC-Central,Regional Freight,2,2,0,0,0,0.0,4.5,4.5,7.80,0.00,7.80,917.15,114.55,0.00
2026-04-02,2026-04-01,FC-North,Metro Post,1,1,0,0,0,0.0,4.0,4.0,3.10,0.00,3.10,70.58,41.7,0.00
2026-02-27,2026-02-01,FC-Central,Metro Post,2,2,0,0,0,0.0,2.5,2.0,13.84,0.00,13.84,760.79,165.81,0.00
2026-05-03,2026-05-01,FC-South,Metro Post,2,2,0,0,0,0.0,2.5,2.5,22.26,0.00,22.26,494.32,145.45,0.00
2026-05-21,2026-05-01,FC-South,Metro Post,1,1,0,0,0,0.0,2.0,2.0,3.50,0.00,3.50,204.82,22.55,0.00
2026-05-18,2026-05-01,FC-South,Metro Post,2,2,0,0,0,0.0,3.5,2.5,14.39,0.00,14.39,441.52,217.14,0.00
2026-05-09,2026-05-01,FC-North,Metro Post,2,2,0,0,0,0.0,3.5,3.0,20.09,0.00,20.09,873.02,183.61,0.00
2026-04-29,2026-04-01,FC-Central,Swiftline,1,1,0,0,0,0.0,1.0,1.0,11.19,0.00,11.19,157.83,19.03,0.00
2026-03-15,2026-03-01,FC-Central,Metro Post,5,4,1,1,3,0.6,3.6,3.4,37.09,0.00,37.09,903.05,359.84,61.23
2026-04-08,2026-04-01,FC-Central,Swiftline,2,2,0,0,0,0.0,2.0,2.0,23.96,0.00,23.96,1780.52,339.39,0.00
2026-06-12,2026-06-01,FC-Central,Metro Post,1,1,0,0,0,0.0,4.0,3.0,11.75,0.00,11.75,826.34,-169.8,0.00
2026-04-11,2026-04-01,FC-North,Regional Freight,1,0,1,1,3,3.0,5.0,3.0,2.88,0.00,2.88,74.52,31.87,74.52
2026-05-25,2026-05-01,FC-North,Regional Freight,2,0,2,0,3,1.5,5.0,5.0,13.60,0.00,13.60,325.00,7.5,325.00
2026-04-18,2026-04-01,FC-South,Swiftline,1,1,0,0,0,0.0,2.0,2.0,7.83,0.00,7.83,211.04,12.85,0.00
2026-04-25,2026-04-01,FC-South,Metro Post,3,2,1,0,1,0.333,3.333,3.0,10.58,4.99,5.59,194.40,103.0,20.51
2026-05-01,2026-05-01,FC-Central,Swiftline,1,1,0,0,0,0.0,3.0,2.0,4.08,0.00,4.08,196.60,112.48,0.00
2026-05-09,2026-05-01,FC-South,Metro Post,2,1,1,1,4,2.0,5.5,5.0,21.08,0.00,21.08,1568.08,375.35,290.57
2026-05-13,2026-05-01,FC-North,Metro Post,2,2,0,0,0,0.0,3.0,1.0,20.52,0.00,20.52,765.20,161.53,0.00
2026-05-11,2026-05-01,FC-South,Regional Freight,1,1,0,0,0,0.0,2.0,1.0,11.02,0.00,11.02,613.73,74.01,0.00
2026-06-23,2026-06-01,FC-South,Swiftline,1,1,0,0,0,0.0,3.0,1.0,4.88,0.00,4.88,323.14,34.42,0.00
2026-06-24,2026-06-01,FC-South,Metro Post,1,0,1,1,3,3.0,6.0,6.0,3.09,0.00,3.09,74.32,51.66,74.32
2026-05-31,2026-05-01,FC-Central,Regional Freight,1,1,0,0,0,0.0,4.0,4.0,2.55,0.00,2.55,144.42,-2.55,0.00
2026-06-03,2026-06-01,FC-South,Metro Post,1,1,0,0,0,0.0,4.0,3.0,4.35,0.00,4.35,122.60,39.54,0.00
2024-01-04,2024-01-01,FC-North,Metro Post,1,1,0,0,0,0.0,3.0,3.0,12.26,0.00,12.26,95.86,21.86,0.00
2024-02-06,2024-02-01,FC-Central,Swiftline,1,1,0,0,0,0.0,3.0,3.0,5.03,0.00,5.03,202.87,113.32,0.00
2024-01-05,2024-01-01,FC-North,Swiftline,1,1,0,0,0,0.0,3.0,3.0,6.53,0.00,6.53,119.88,13.24,0.00
2024-01-08,2024-01-01,FC-South,Swiftline,1,1,0,0,0,0.0,3.0,1.0,12.30,0.00,12.30,134.40,43.47,0.00
2024-05-21,2024-05-01,FC-South,Regional Freight,2,1,1,0,1,0.5,3.0,2.5,6.27,4.99,1.28,156.50,37.24,36.62
2024-11-21,2024-11-01,FC-North,Metro Post,1,1,0,0,0,0.0,2.0,2.0,5.47,0.00,5.47,192.96,59.84,0.00
2024-01-13,2024-01-01,FC-Central,Swiftline,3,3,0,0,0,0.0,2.667,2.0,24.24,4.99,19.25,901.63,14.56,0.00
2024-05-23,2024-05-01,FC-Central,Metro Post,2,2,0,0,0,0.0,3.5,3.5,13.14,4.99,8.15,436.67,119.6,0.00
2024-03-25,2024-03-01,FC-Central,Swiftline,2,2,0,0,0,0.0,2.0,2.0,27.67,0.00,27.67,914.73,343.53,0.00
2024-01-22,2024-01-01,FC-South,Metro Post,1,1,0,0,0,0.0,1.0,1.0,5.19,0.00,5.19,255.39,124.67,0.00
2024-01-30,2024-01-01,FC-North,Swiftline,1,1,0,0,0,0.0,3.0,3.0,18.60,0.00,18.60,371.99,-61.04,0.00
2024-05-15,2024-05-01,FC-South,Regional Freight,2,1,1,0,1,0.5,4.5,4.5,10.25,0.00,10.25,1123.58,498.72,729.11
2024-01-30,2024-01-01,FC-Central,Metro Post,1,1,0,0,0,0.0,3.0,2.0,12.05,0.00,12.05,66.46,8.85,0.00
2024-02-02,2024-02-01,FC-South,Swiftline,1,1,0,0,0,0.0,4.0,4.0,3.98,0.00,3.98,63.36,38.72,0.00
2024-02-09,2024-02-01,FC-North,Swiftline,1,1,0,0,0,0.0,5.0,5.0,15.16,0.00,15.16,688.19,103.39,0.00
2024-09-04,2024-09-01,FC-South,Regional Freight,2,2,0,0,0,0.0,3.5,3.0,6.14,4.99,1.15,147.44,19.14,0.00
2024-02-08,2024-02-01,FC-South,Regional Freight,1,1,0,0,0,0.0,5.0,4.0,7.41,0.00,7.41,188.12,76.18,0.00
2024-06-16,2024-06-01,FC-South,Metro Post,3,3,0,0,0,0.0,4.333,3.667,28.38,0.00,28.38,955.93,269.33,0.00
2024-02-10,2024-02-01,FC-South,Swiftline,1,1,0,0,0,0.0,4.0,4.0,16.45,0.00,16.45,164.92,5.44,0.00
2024-07-02,2024-07-01,FC-South,Swiftline,2,2,0,0,0,0.0,1.5,1.5,43.51,0.00,43.51,842.30,194.81,0.00
2024-02-16,2024-02-01,FC-Central,Metro Post,1,1,0,0,0,0.0,2.0,2.0,3.83,0.00,3.83,188.20,102.25,0.00
2024-02-21,2024-02-01,FC-South,Metro Post,2,1,1,1,3,1.5,4.0,3.0,10.41,0.00,10.41,290.01,146.59,227.13
2024-02-23,2024-02-01,FC-South,Metro Post,2,1,1,1,4,2.0,4.5,4.5,8.25,4.99,3.26,119.08,4.8,87.92
2024-04-04,2024-04-01,FC-South,Regional Freight,2,2,0,0,0,0.0,2.5,2.0,8.60,0.00,8.60,534.80,126.36,0.00
2024-05-15,2024-05-01,FC-Central,Metro Post,2,2,0,0,0,0.0,4.5,4.5,13.98,0.00,13.98,1141.68,167.83,0.00
2025-01-26,2025-01-01,FC-Central,Swiftline,4,4,0,0,0,0.0,3.0,2.5,26.72,0.00,26.72,649.54,203.54,0.00
2024-05-14,2024-05-01,FC-North,Metro Post,3,3,0,0,0,0.0,2.667,2.667,17.66,0.00,17.66,532.47,258.85,0.00
2024-05-30,2024-05-01,FC-South,Regional Freight,5,3,2,2,9,1.8,5.4,5.0,23.02,0.00,23.02,1372.15,295.76,580.68
2024-04-28,2024-04-01,FC-Central,Metro Post,1,1,0,0,0,0.0,2.0,2.0,17.66,0.00,17.66,496.39,-5.6,0.00
2024-03-20,2024-03-01,FC-South,Metro Post,2,1,1,0,2,1.0,4.5,3.5,14.40,0.00,14.40,278.45,89.94,175.07
2024-05-14,2024-05-01,FC-South,Metro Post,2,2,0,0,0,0.0,2.5,2.5,18.44,0.00,18.44,541.82,0.93,0.00
2025-02-03,2025-02-01,FC-South,Metro Post,3,3,0,0,0,0.0,3.0,2.333,18.32,4.99,13.33,396.34,130.74,0.00
2024-04-28,2024-04-01,FC-North,Swiftline,2,2,0,0,0,0.0,3.0,2.5,17.67,0.00,17.67,846.35,280.07,0.00
2024-03-24,2024-03-01,FC-Central,Swiftline,3,3,0,0,0,0.0,2.667,2.333,61.69,0.00,61.69,1295.03,440.18,0.00
2024-03-23,2024-03-01,FC-Central,Swiftline,1,0,1,0,2,2.0,6.0,6.0,3.85,4.99,-1.14,41.79,1.14,41.79
2024-07-05,2024-07-01,FC-South,Swiftline,2,2,0,0,0,0.0,3.0,2.5,27.84,0.00,27.84,790.84,201.33,0.00
2024-03-31,2024-03-01,FC-North,Metro Post,1,1,0,0,0,0.0,2.0,1.0,4.17,0.00,4.17,175.72,35.05,0.00
2024-10-29,2024-10-01,FC-Central,Metro Post,4,4,0,0,0,0.0,2.75,2.5,25.69,4.99,20.70,1476.87,121.41,0.00
2024-04-03,2024-04-01,FC-South,Metro Post,3,3,0,0,0,0.0,3.333,2.667,19.37,0.00,19.37,1295.89,357.26,0.00
2024-04-02,2024-04-01,FC-North,Swiftline,1,1,0,0,0,0.0,4.0,3.0,7.29,0.00,7.29,238.64,76.36,0.00
2024-04-09,2024-04-01,FC-South,Metro Post,1,1,0,0,0,0.0,2.0,1.0,3.74,0.00,3.74,85.60,46.44,0.00
2024-04-10,2024-04-01,FC-Central,Swiftline,2,2,0,0,0,0.0,3.0,3.0,9.55,0.00,9.55,164.69,77.09,0.00
2024-04-29,2024-04-01,FC-North,Regional Freight,1,1,0,0,0,0.0,3.0,1.0,2.22,4.99,-2.77,28.36,20.95,0.00
2024-05-26,2024-05-01,FC-North,Swiftline,1,1,0,0,0,0.0,3.0,3.0,3.89,0.00,3.89,66.69,35.33,0.00
2024-07-04,2024-07-01,FC-South,Swiftline,1,1,0,0,0,0.0,5.0,5.0,14.43,0.00,14.43,825.94,165.98,0.00
2024-04-19,2024-04-01,FC-Central,Regional Freight,1,1,0,0,0,0.0,3.0,3.0,2.60,0.00,2.60,62.18,29.92,0.00
2024-07-19,2024-07-01,FC-South,Regional Freight,3,2,1,0,2,0.667,4.0,4.0,10.64,4.99,5.65,293.90,59.06,50.39
2024-07-31,2024-07-01,FC-South,Swiftline,2,1,1,0,2,1.0,3.5,3.5,21.00,0.00,21.00,654.34,165.04,319.98
2024-04-18,2024-04-01,FC-Central,Swiftline,2,2,0,0,0,0.0,3.0,1.5,23.87,0.00,23.87,216.72,62.03,0.00
2024-04-24,2024-04-01,FC-Central,Swiftline,1,1,0,0,0,0.0,2.0,2.0,4.01,0.00,4.01,75.44,44.07,0.00
2024-09-24,2024-09-01,FC-Central,Metro Post,3,1,2,1,6,2.0,5.333,4.333,21.08,0.00,21.08,760.30,211.67,469.63
2024-05-29,2024-05-01,FC-Central,Metro Post,4,4,0,0,0,0.0,4.5,4.0,52.27,0.00,52.27,3419.48,-455.13,0.00
2024-07-24,2024-07-01,FC-North,Metro Post,3,3,0,0,0,0.0,2.667,1.667,20.06,0.00,20.06,952.12,20.79,0.00
2024-05-05,2024-05-01,FC-North,Metro Post,1,0,1,0,1,1.0,3.0,1.0,3.09,0.00,3.09,70.06,29.48,70.06
2024-05-09,2024-05-01,FC-South,Metro Post,3,3,0,0,0,0.0,3.667,2.667,9.85,4.99,4.86,205.11,44.46,0.00
2024-08-10,2024-08-01,FC-Central,Metro Post,3,2,1,1,6,2.0,5.333,5.0,18.93,4.99,13.94,776.53,182.74,33.23
2024-05-10,2024-05-01,FC-South,Metro Post,2,1,1,0,1,0.5,3.5,2.5,19.82,0.00,19.82,901.05,218.32,117.17
2025-07-25,2025-07-01,FC-Central,Swiftline,4,4,0,0,0,0.0,2.5,2.0,32.67,0.00,32.67,431.51,52.02,0.00
2024-05-21,2024-05-01,FC-North,Regional Freight,1,1,0,0,0,0.0,3.0,3.0,10.52,0.00,10.52,351.88,71.48,0.00
2025-01-30,2025-01-01,FC-South,Regional Freight,2,2,0,0,0,0.0,5.0,4.5,14.30,0.00,14.30,273.81,92.6,0.00
2024-08-30,2024-08-01,FC-South,Swiftline,1,1,0,0,0,0.0,3.0,3.0,10.88,0.00,10.88,258.50,77.85,0.00
2024-11-29,2024-11-01,FC-Central,Metro Post,3,1,2,2,6,2.0,5.667,5.333,14.27,9.98,4.29,110.08,29.08,82.65
2025-02-02,2025-02-01,FC-North,Swiftline,2,2,0,0,0,0.0,3.0,3.0,58.78,0.00,58.78,1177.75,134.36,0.00
2024-05-29,2024-05-01,FC-South,Regional Freight,1,0,1,1,9,9.0,12.0,10.0,6.46,0.00,6.46,328.81,45.03,328.81
2024-05-28,2024-05-01,FC-South,Swiftline,2,2,0,0,0,0.0,2.0,1.0,10.47,0.00,10.47,483.70,255.75,0.00
2024-05-31,2024-05-01,FC-South,Metro Post,1,1,0,0,0,0.0,2.0,1.0,4.28,0.00,4.28,437.76,82.06,0.00
2024-10-25,2024-10-01,FC-Central,Swiftline,2,2,0,0,0,0.0,2.5,2.0,20.57,0.00,20.57,502.24,106.25,0.00
2024-07-22,2024-07-01,FC-South,Regional Freight,4,4,0,0,0,0.0,3.5,2.5,33.06,4.99,28.07,2878.57,118.12,0.00
2024-06-02,2024-06-01,FC-North,Swiftline,1,1,0,0,0,0.0,4.0,3.0,7.03,0.00,7.03,66.43,27.55,0.00
2024-06-04,2024-06-01,FC-North,Swiftline,1,1,0,0,0,0.0,3.0,3.0,4.84,0.00,4.84,140.06,65.3,0.00
2024-06-07,2024-06-01,FC-South,Regional Freight,1,0,1,1,3,3.0,6.0,6.0,2.61,4.99,-2.38,34.46,24.44,34.46
2024-10-06,2024-10-01,FC-South,Regional Freight,4,4,0,0,0,0.0,3.0,2.5,33.77,0.00,33.77,1141.86,315.76,0.00
2024-06-11,2024-06-01,FC-North,Metro Post,2,2,0,0,0,0.0,3.0,2.5,7.86,0.00,7.86,441.24,229.69,0.00
2025-01-02,2025-01-01,FC-South,Metro Post,2,0,2,0,4,2.0,5.0,4.5,14.32,0.00,14.32,283.94,58.95,283.94
2024-11-23,2024-11-01,FC-North,Metro Post,5,5,0,0,0,0.0,3.0,2.6,29.88,0.00,29.88,1322.68,387.85,0.00
2025-03-12,2025-03-01,FC-Central,Metro Post,2,2,0,0,0,0.0,2.5,1.5,21.59,0.00,21.59,266.23,92.85,0.00
2024-08-08,2024-08-01,FC-South,Regional Freight,1,0,1,1,3,3.0,5.0,5.0,2.26,0.00,2.26,59.82,36.79,59.82
2024-10-26,2024-10-01,FC-South,Metro Post,3,2,1,0,1,0.333,3.333,3.0,20.45,0.00,20.45,672.83,18.46,209.32
2025-09-11,2025-09-01,FC-Central,Swiftline,4,4,0,0,0,0.0,4.0,4.0,52.30,4.99,47.31,1252.93,450.66,0.00
2024-09-09,2024-09-01,FC-Central,Metro Post,3,3,0,0,0,0.0,3.333,3.0,21.78,0.00,21.78,310.40,138.7,0.00
2024-06-28,2024-06-01,FC-South,Swiftline,1,1,0,0,0,0.0,1.0,1.0,8.16,0.00,8.16,198.65,24.31,0.00
2024-10-07,2024-10-01,FC-North,Swiftline,2,1,1,0,1,0.5,3.0,1.0,14.14,0.00,14.14,814.50,10.78,302.07
2025-03-12,2025-03-01,FC-North,Regional Freight,2,2,0,0,0,0.0,3.0,2.0,16.14,0.00,16.14,1238.44,594.7,0.00
2025-03-10,2025-03-01,FC-South,Swiftline,2,2,0,0,0,0.0,2.5,2.5,20.91,0.00,20.91,952.29,115.77,0.00
2024-11-03,2024-11-01,FC-South,Swiftline,3,2,1,0,1,0.333,4.333,3.667,20.15,0.00,20.15,1117.86,333.1,523.70
2024-07-02,2024-07-01,FC-North,Metro Post,1,1,0,0,0,0.0,3.0,3.0,3.53,0.00,3.53,50.75,25.34,0.00
2024-07-30,2024-07-01,FC-South,Regional Freight,2,2,0,0,0,0.0,3.0,3.0,15.15,0.00,15.15,747.05,349.04,0.00
2024-07-29,2024-07-01,FC-North,Swiftline,1,1,0,0,0,0.0,3.0,2.0,18.01,0.00,18.01,1631.03,402.74,0.00
2025-04-28,2025-04-01,FC-South,Regional Freight,7,6,1,0,1,0.143,3.571,2.857,35.20,4.99,30.21,2393.46,731.87,175.32
2025-09-19,2025-09-01,FC-South,Metro Post,4,3,1,0,1,0.25,3.0,3.0,27.36,0.00,27.36,812.03,133.51,111.90
2024-06-30,2024-06-01,FC-Central,Swiftline,1,1,0,0,0,0.0,3.0,2.0,5.65,0.00,5.65,212.74,-14.18,0.00
2025-01-21,2025-01-01,FC-Central,Metro Post,5,4,1,0,1,0.2,3.2,2.4,21.01,4.99,16.02,1294.30,316.56,39.20
2025-08-01,2025-08-01,FC-Central,Regional Freight,3,3,0,0,0,0.0,3.333,2.333,26.81,0.00,26.81,1367.65,619.03,0.00
2024-07-03,2024-07-01,FC-North,Metro Post,1,1,0,0,0,0.0,5.0,4.0,3.01,4.99,-1.98,38.97,26.8,0.00
2024-07-07,2024-07-01,FC-Central,Swiftline,1,0,1,1,6,6.0,9.0,9.0,4.93,0.00,4.93,58.95,30.44,58.95
2024-08-28,2024-08-01,FC-South,Regional Freight,4,4,0,0,0,0.0,3.75,3.75,20.15,0.00,20.15,1253.85,328.29,0.00
2025-02-15,2025-02-01,FC-South,Regional Freight,4,2,2,1,8,2.0,6.0,5.25,34.41,0.00,34.41,1394.59,357.14,808.20
2024-07-15,2024-07-01,FC-South,Regional Freight,1,1,0,0,0,0.0,3.0,3.0,2.32,0.00,2.32,119.44,57.69,0.00
2024-10-11,2024-10-01,FC-South,Regional Freight,2,2,0,0,0,0.0,3.0,3.0,15.37,0.00,15.37,1112.62,387.83,0.00
2025-03-01,2025-03-01,FC-South,Regional Freight,2,2,0,0,0,0.0,2.5,2.0,17.36,4.99,12.37,820.53,350.99,0.00
2024-09-29,2024-09-01,FC-South,Metro Post,4,4,0,0,0,0.0,3.25,3.25,15.29,0.00,15.29,779.60,132.12,0.00
2024-08-20,2024-08-01,FC-South,Regional Freight,3,2,1,0,2,0.667,4.333,4.0,17.58,0.00,17.58,1327.50,322.82,109.03
2024-10-10,2024-10-01,FC-Central,Metro Post,1,1,0,0,0,0.0,5.0,5.0,9.18,0.00,9.18,447.31,-118.41,0.00
2024-08-25,2024-08-01,FC-South,Swiftline,1,1,0,0,0,0.0,3.0,3.0,3.78,0.00,3.78,47.56,21.88,0.00
2024-08-02,2024-08-01,FC-North,Metro Post,1,1,0,0,0,0.0,3.0,3.0,17.33,0.00,17.33,442.81,149.63,0.00
2024-12-04,2024-12-01,FC-South,Regional Freight,5,5,0,0,0,0.0,3.0,2.8,31.25,0.00,31.25,1451.76,419.34,0.00
2024-08-02,2024-08-01,FC-South,Metro Post,2,2,0,0,0,0.0,4.0,3.5,18.75,0.00,18.75,951.31,334.91,0.00
2024-12-28,2024-12-01,FC-North,Metro Post,1,1,0,0,0,0.0,5.0,4.0,9.94,0.00,9.94,615.45,185.1,0.00
2025-06-08,2025-06-01,FC-Central,Metro Post,4,3,1,0,2,0.5,4.0,3.25,19.55,0.00,19.55,875.14,198.43,74.32
2024-08-07,2024-08-01,FC-Central,Swiftline,1,1,0,0,0,0.0,2.0,2.0,4.86,0.00,4.86,115.35,50.63,0.00
2025-03-25,2025-03-01,FC-Central,Metro Post,2,2,0,0,0,0.0,3.0,3.0,7.88,4.99,2.89,361.38,136.21,0.00
2024-10-16,2024-10-01,FC-South,Swiftline,4,4,0,0,0,0.0,2.75,2.25,63.68,0.00,63.68,2051.79,505.42,0.00
2024-08-10,2024-08-01,FC-North,Metro Post,1,1,0,0,0,0.0,2.0,2.0,6.63,0.00,6.63,552.85,49.63,0.00
2025-03-28,2025-03-01,FC-South,Swiftline,1,0,1,0,2,2.0,5.0,5.0,3.97,4.99,-1.02,31.99,21.27,31.99
2024-11-07,2024-11-01,FC-North,Regional Freight,2,1,1,0,2,1.0,3.5,2.5,5.30,0.00,5.30,175.10,103.03,65.82
2025-10-03,2025-10-01,FC-North,Metro Post,2,2,0,0,0,0.0,2.5,2.5,12.50,0.00,12.50,999.42,107.43,0.00
2024-10-27,2024-10-01,FC-Central,Metro Post,1,1,0,0,0,0.0,4.0,2.0,3.51,0.00,3.51,151.17,78.36,0.00
2024-08-22,2024-08-01,FC-North,Metro Post,1,0,1,0,2,2.0,6.0,5.0,7.24,0.00,7.24,194.09,-7.24,194.09
2024-08-25,2024-08-01,FC-Central,Swiftline,1,1,0,0,0,0.0,4.0,4.0,6.35,0.00,6.35,218.06,17.99,0.00
2024-10-02,2024-10-01,FC-Central,Regional Freight,1,1,0,0,0,0.0,2.0,2.0,5.38,0.00,5.38,461.96,94.68,0.00
2024-09-07,2024-09-01,FC-Central,Swiftline,1,1,0,0,0,0.0,3.0,3.0,18.28,0.00,18.28,428.41,178.39,0.00
2024-12-16,2024-12-01,FC-South,Swiftline,5,5,0,0,0,0.0,2.0,1.6,37.55,0.00,37.55,1380.59,286.27,0.00
2025-09-18,2025-09-01,FC-South,Regional Freight,8,6,2,0,3,0.375,3.5,3.0,40.49,0.00,40.49,3772.62,879.45,1917.49
2024-12-13,2024-12-01,FC-North,Swiftline,4,4,0,0,0,0.0,2.25,1.75,71.45,4.99,66.46,1172.59,177.74,0.00
2025-05-13,2025-05-01,FC-North,Metro Post,2,2,0,0,0,0.0,3.5,3.0,10.21,0.00,10.21,602.13,179.5,0.00
2024-09-21,2024-09-01,FC-Central,Swiftline,2,2,0,0,0,0.0,2.5,2.0,9.86,0.00,9.86,385.75,85.83,0.00
2025-07-26,2025-07-01,FC-Central,Swiftline,1,1,0,0,0,0.0,3.0,3.0,4.53,0.00,4.53,94.68,36.26,0.00
2024-09-24,2024-09-01,FC-North,Swiftline,1,1,0,0,0,0.0,3.0,3.0,5.99,0.00,5.99,136.66,-6.64,0.00
2024-11-22,2024-11-01,FC-Central,Metro Post,1,1,0,0,0,0.0,5.0,4.0,27.59,0.00,27.59,312.43,4.22,0.00
2024-12-26,2024-12-01,FC-South,Regional Freight,4,1,3,1,6,1.5,5.0,4.75,21.55,4.99,16.56,1060.19,187.1,1033.02
2024-12-01,2024-12-01,FC-South,Metro Post,3,3,0,0,0,0.0,3.0,2.667,20.53,0.00,20.53,722.57,154.36,0.00
2025-03-03,2025-03-01,FC-North,Swiftline,3,3,0,0,0,0.0,2.667,2.667,21.52,0.00,21.52,618.37,175.83,0.00
2024-10-10,2024-10-01,FC-South,Swiftline,2,1,1,0,2,1.0,3.5,3.5,15.38,0.00,15.38,894.63,125.24,673.45
2026-02-13,2026-02-01,FC-North,Metro Post,1,1,0,0,0,0.0,4.0,3.0,13.46,0.00,13.46,455.38,180.21,0.00
2024-10-08,2024-10-01,FC-Central,Regional Freight,1,1,0,0,0,0.0,3.0,1.0,2.83,0.00,2.83,54.23,21.44,0.00
2025-04-26,2025-04-01,FC-Central,Swiftline,1,1,0,0,0,0.0,3.0,3.0,8.82,0.00,8.82,143.34,60.9,0.00
2024-10-12,2024-10-01,FC-South,Swiftline,4,4,0,0,0,0.0,4.0,3.5,28.32,4.99,23.33,445.84,139.61,0.00
2024-12-30,2024-12-01,FC-North,Swiftline,6,5,1,0,2,0.333,4.167,3.667,99.33,0.00,99.33,2953.94,720.35,173.39
2024-10-17,2024-10-01,FC-South,Metro Post,2,2,0,0,0,0.0,3.5,3.5,12.54,0.00,12.54,1014.59,87.34,0.00
2024-10-18,2024-10-01,FC-Central,Metro Post,2,2,0,0,0,0.0,3.0,2.0,12.07,0.00,12.07,1641.91,323.37,0.00
2024-10-19,2024-10-01,FC-Central,Regional Freight,1,1,0,0,0,0.0,4.0,3.0,3.75,0.00,3.75,443.25,-36.79,0.00
2024-12-17,2024-12-01,FC-North,Swiftline,3,2,1,1,6,2.0,4.667,4.0,24.34,9.98,14.36,402.75,120.62,37.23
2024-10-23,2024-10-01,FC-South,Swiftline,3,3,0,0,0,0.0,3.0,2.333,14.04,4.99,9.05,241.36,124.11,0.00
2024-12-23,2024-12-01,FC-Central,Swiftline,3,3,0,0,0,0.0,3.333,3.333,24.33,0.00,24.33,768.44,369.79,0.00
2024-12-15,2024-12-01,FC-South,Metro Post,6,6,0,0,0,0.0,3.0,2.5,30.69,4.99,25.70,1292.35,-36.03,0.00
2025-05-01,2025-05-01,FC-North,Regional Freight,1,1,0,0,0,0.0,1.0,1.0,4.98,0.00,4.98,169.90,86.55,0.00
2025-04-23,2025-04-01,FC-Central,Regional Freight,2,2,0,0,0,0.0,2.0,1.5,6.30,4.99,1.31,117.27,10.86,0.00
2024-10-29,2024-10-01,FC-South,Swiftline,2,2,0,0,0,0.0,2.0,2.0,50.31,0.00,50.31,1818.24,185.72,0.00
2024-10-31,2024-10-01,FC-North,Swiftline,4,4,0,0,0,0.0,3.0,2.75,41.21,0.00,41.21,863.30,160.76,0.00
2025-03-02,2025-03-01,FC-North,Regional Freight,1,1,0,0,0,0.0,3.0,1.0,2.99,0.00,2.99,165.68,86.96,0.00
2025-02-23,2025-02-01,FC-South,Regional Freight,4,3,1,0,1,0.25,2.75,2.25,32.96,0.00,32.96,2281.46,418.29,662.42
2025-02-19,2025-02-01,FC-South,Regional Freight,3,3,0,0,0,0.0,3.333,3.0,11.18,0.00,11.18,583.75,158.18,0.00
2025-04-08,2025-04-01,FC-South,Swiftline,2,2,0,0,0,0.0,4.0,3.0,14.76,0.00,14.76,500.58,157.02,0.00
2025-06-02,2025-06-01,FC-Central,Regional Freight,6,3,3,2,14,2.333,4.667,4.333,50.21,4.99,45.22,1185.39,320.4,324.36
2024-11-12,2024-11-01,FC-North,Metro Post,1,1,0,0,0,0.0,2.0,1.0,5.84,0.00,5.84,120.98,20.35,0.00
2025-01-03,2025-01-01,FC-North,Swiftline,2,2,0,0,0,0.0,2.5,1.0,18.93,0.00,18.93,382.57,-13.03,0.00
2024-12-20,2024-12-01,FC-North,Metro Post,2,1,1,1,9,4.5,7.0,6.5,10.20,0.00,10.20,237.49,72.14,59.37
2025-01-12,2025-01-01,FC-South,Metro Post,1,1,0,0,0,0.0,2.0,2.0,23.09,0.00,23.09,500.27,136.94,0.00
2024-11-16,2024-11-01,FC-South,Swiftline,1,1,0,0,0,0.0,1.0,1.0,4.54,0.00,4.54,49.77,21.93,0.00
2025-03-18,2025-03-01,FC-South,Regional Freight,2,1,1,0,1,0.5,3.0,3.0,7.85,0.00,7.85,960.68,167.01,793.70
2025-06-25,2025-06-01,FC-South,Metro Post,4,4,0,0,0,0.0,4.0,3.25,23.51,4.99,18.52,885.54,162.14,0.00
2024-11-24,2024-11-01,FC-Central,Metro Post,1,1,0,0,0,0.0,2.0,1.0,12.03,0.00,12.03,352.78,109.68,0.00
2025-02-25,2025-02-01,FC-South,Regional Freight,3,1,2,0,3,1.0,5.333,4.667,7.98,0.00,7.98,340.04,198.63,276.68
2025-01-19,2025-01-01,FC-North,Swiftline,3,3,0,0,0,0.0,3.0,3.0,17.51,9.98,7.53,262.09,118.01,0.00
2024-11-25,2024-11-01,FC-North,Metro Post,1,1,0,0,0,0.0,4.0,4.0,6.24,0.00,6.24,263.09,45.83,0.00
2024-11-29,2024-11-01,FC-South,Regional Freight,3,3,0,0,0,0.0,2.667,2.0,11.25,0.00,11.25,471.27,81.08,0.00
2025-03-03,2025-03-01,FC-Central,Metro Post,1,1,0,0,0,0.0,1.0,1.0,8.25,0.00,8.25,239.86,62.38,0.00
2024-11-30,2024-11-01,FC-North,Metro Post,2,2,0,0,0,0.0,2.5,1.5,6.51,4.99,1.52,82.76,41.81,0.00
2025-03-24,2025-03-01,FC-South,Metro Post,1,1,0,0,0,0.0,2.0,1.0,3.09,0.00,3.09,198.36,106.56,0.00
2025-07-24,2025-07-01,FC-Central,Metro Post,4,3,1,0,2,0.5,3.5,3.5,28.27,0.00,28.27,1111.12,283.09,149.03
2024-12-08,2024-12-01,FC-North,Regional Freight,2,2,0,0,0,0.0,2.5,2.0,14.05,0.00,14.05,737.98,205.11,0.00
2025-01-30,2025-01-01,FC-North,Swiftline,2,1,1,0,2,1.0,3.5,3.0,11.45,0.00,11.45,355.88,100.62,122.76
2025-06-03,2025-06-01,FC-Central,Metro Post,5,5,0,0,0,0.0,2.4,2.2,52.02,0.00,52.02,2256.41,273.89,0.00
2024-12-09,2024-12-01,FC-Central,Metro Post,1,1,0,0,0,0.0,3.0,1.0,8.87,0.00,8.87,458.40,-2.5,0.00
2025-06-22,2025-06-01,FC-North,Metro Post,4,3,1,0,1,0.25,3.75,3.25,24.94,4.99,19.95,1130.54,107.5,43.18
2024-12-13,2024-12-01,FC-South,Metro Post,3,2,1,1,3,1.0,4.0,3.667,21.80,4.99,16.81,422.62,129.62,43.18
2025-04-01,2025-04-01,FC-South,Regional Freight,3,2,1,1,6,2.0,6.0,5.0,25.06,0.00,25.06,1494.44,217.43,329.62
2025-02-24,2025-02-01,FC-South,Swiftline,1,1,0,0,0,0.0,2.0,1.0,3.97,0.00,3.97,113.30,-3.97,0.00
2024-12-29,2024-12-01,FC-South,Regional Freight,2,1,1,1,4,2.0,5.0,5.0,14.90,0.00,14.90,1591.59,-261.95,1016.89
2024-12-18,2024-12-01,FC-Central,Metro Post,4,4,0,0,0,0.0,2.75,2.0,25.02,4.99,20.03,1151.71,-213.88,0.00
2025-07-27,2025-07-01,FC-North,Swiftline,3,3,0,0,0,0.0,3.0,2.333,15.88,0.00,15.88,786.45,287.67,0.00
2026-04-06,2026-04-01,FC-South,Metro Post,5,4,1,0,1,0.2,3.2,3.0,40.53,0.00,40.53,1998.01,652.16,50.69
2024-12-21,2024-12-01,FC-Central,Swiftline,2,1,1,1,4,2.0,5.0,4.5,29.04,0.00,29.04,830.04,378.71,214.40
2025-07-08,2025-07-01,FC-Central,Swiftline,3,3,0,0,0,0.0,3.333,2.667,16.89,0.00,16.89,646.44,228.11,0.00
2025-01-29,2025-01-01,FC-Central,Swiftline,1,1,0,0,0,0.0,1.0,1.0,8.74,0.00,8.74,281.54,87.0,0.00
2024-12-22,2024-12-01,FC-North,Regional Freight,2,2,0,0,0,0.0,2.5,1.5,8.59,0.00,8.59,664.25,90.23,0.00
2025-02-18,2025-02-01,FC-North,Metro Post,2,2,0,0,0,0.0,2.5,1.5,7.93,0.00,7.93,436.96,101.87,0.00
2025-02-15,2025-02-01,FC-North,Regional Freight,1,1,0,0,0,0.0,5.0,3.0,4.03,0.00,4.03,367.50,196.94,0.00
2025-01-09,2025-01-01,FC-North,Regional Freight,1,1,0,0,0,0.0,2.0,2.0,3.62,4.99,-1.37,36.80,-1.71,0.00
2024-12-27,2024-12-01,FC-Central,Swiftline,2,1,1,1,3,1.5,6.0,6.0,23.81,0.00,23.81,1482.03,178.56,477.70
2024-12-31,2024-12-01,FC-Central,Swiftline,3,2,1,0,2,0.667,4.667,4.0,23.51,0.00,23.51,739.85,238.65,270.82
2025-03-15,2025-03-01,FC-South,Metro Post,1,1,0,0,0,0.0,3.0,3.0,3.30,0.00,3.30,69.13,30.29,0.00
2025-01-13,2025-01-01,FC-Central,Metro Post,2,2,0,0,0,0.0,2.0,2.0,17.56,0.00,17.56,606.82,28.76,0.00
2025-10-21,2025-10-01,FC-South,Metro Post,2,2,0,0,0,0.0,4.0,3.0,17.16,0.00,17.16,560.00,221.14,0.00
2025-01-10,2025-01-01,FC-North,Swiftline,1,1,0,0,0,0.0,1.0,1.0,7.04,0.00,7.04,340.02,143.41,0.00
2025-02-22,2025-02-01,FC-Central,Metro Post,2,1,1,0,1,0.5,3.0,1.0,8.36,4.99,3.37,100.48,-17.41,61.70
2025-11-12,2025-11-01,FC-North,Swiftline,4,4,0,0,0,0.0,3.5,3.0,24.85,9.98,14.87,180.69,47.15,0.00
2025-01-20,2025-01-01,FC-South,Regional Freight,3,3,0,0,0,0.0,3.667,3.667,32.00,0.00,32.00,785.74,212.37,0.00
2025-01-23,2025-01-01,FC-North,Metro Post,1,1,0,0,0,0.0,3.0,3.0,4.60,0.00,4.60,437.19,42.45,0.00
2025-01-22,2025-01-01,FC-Central,Metro Post,2,2,0,0,0,0.0,4.0,4.0,10.81,0.00,10.81,541.76,91.43,0.00
2025-10-05,2025-10-01,FC-South,Regional Freight,6,6,0,0,0,0.0,2.833,2.333,28.11,4.99,23.12,1190.01,406.12,0.00
2025-11-26,2025-11-01,FC-Central,Swiftline,4,4,0,0,0,0.0,3.5,3.0,26.73,0.00,26.73,1108.02,185.94,0.00
2025-06-12,2025-06-01,FC-North,Swiftline,4,3,1,0,1,0.25,2.75,1.75,25.21,0.00,25.21,720.86,66.72,96.45
2025-08-24,2025-08-01,FC-North,Swiftline,5,5,0,0,0,0.0,3.4,2.8,44.18,0.00,44.18,880.97,352.38,0.00
2025-02-01,2025-02-01,FC-South,Metro Post,1,1,0,0,0,0.0,1.0,1.0,28.16,0.00,28.16,854.37,133.83,0.00
2025-05-11,2025-05-01,FC-Central,Metro Post,2,2,0,0,0,0.0,2.5,2.0,8.24,0.00,8.24,224.99,46.51,0.00
2025-03-26,2025-03-01,FC-South,Regional Freight,3,3,0,0,0,0.0,3.333,2.333,27.31,0.00,27.31,1791.02,175.09,0.00
2025-02-19,2025-02-01,FC-North,Swiftline,2,2,0,0,0,0.0,2.5,2.0,10.23,4.99,5.24,345.41,-128.0,0.00
2025-08-21,2025-08-01,FC-South,Regional Freight,6,4,2,1,5,0.833,4.333,4.0,29.35,4.99,24.36,2890.15,567.57,288.53
2025-09-29,2025-09-01,FC-North,Regional Freight,4,4,0,0,0,0.0,2.75,2.75,18.85,4.99,13.86,458.15,164.85,0.00
2026-02-05,2026-02-01,FC-North,Metro Post,1,1,0,0,0,0.0,3.0,1.0,3.20,4.99,-1.79,31.13,19.6,0.00
2025-03-06,2025-03-01,FC-Central,Swiftline,1,1,0,0,0,0.0,4.0,4.0,7.51,0.00,7.51,675.10,-7.51,0.00
2025-05-16,2025-05-01,FC-South,Metro Post,2,2,0,0,0,0.0,3.5,3.0,9.21,0.00,9.21,166.75,65.0,0.00
2025-10-20,2025-10-01,FC-South,Regional Freight,3,2,1,1,6,2.0,4.333,4.0,13.84,0.00,13.84,473.83,25.26,322.78
2026-05-14,2026-05-01,FC-North,Regional Freight,2,1,1,1,4,2.0,4.0,4.0,7.44,0.00,7.44,234.46,70.03,145.53
2025-08-24,2025-08-01,FC-South,Metro Post,4,3,1,1,6,1.5,4.0,3.75,27.39,9.98,17.41,851.63,150.62,23.17
2025-03-17,2025-03-01,FC-South,Metro Post,2,0,2,0,2,1.0,4.5,3.5,6.43,9.98,-3.55,68.72,-12.79,68.72
2025-06-05,2025-06-01,FC-North,Swiftline,5,5,0,0,0,0.0,3.4,2.8,57.11,0.00,57.11,1697.85,378.09,0.00
2025-08-29,2025-08-01,FC-South,Regional Freight,4,0,4,1,8,2.0,4.75,4.5,26.68,4.99,21.69,1528.48,313.54,1528.48
2025-03-23,2025-03-01,FC-South,Swiftline,1,1,0,0,0,0.0,5.0,3.0,8.39,0.00,8.39,696.07,247.81,0.00
2025-11-24,2025-11-01,FC-South,Regional Freight,2,0,2,2,7,3.5,8.5,8.5,19.55,0.00,19.55,1153.12,-134.08,1153.12
2025-10-24,2025-10-01,FC-Central,Regional Freight,2,2,0,0,0,0.0,2.0,1.0,5.83,0.00,5.83,182.25,42.25,0.00
2025-05-03,2025-05-01,FC-Central,Metro Post,1,1,0,0,0,0.0,3.0,2.0,7.72,0.00,7.72,274.44,118.44,0.00
2025-05-08,2025-05-01,FC-North,Regional Freight,2,1,1,0,2,1.0,6.0,5.5,5.50,4.99,0.51,291.85,167.36,34.46
2025-05-20,2025-05-01,FC-Central,Regional Freight,3,1,2,1,4,1.333,4.333,3.0,27.47,0.00,27.47,500.14,101.47,384.07
2025-04-07,2025-04-01,FC-Central,Swiftline,1,1,0,0,0,0.0,2.0,1.0,12.40,0.00,12.40,429.66,94.68,0.00
2025-05-31,2025-05-01,FC-South,Swiftline,3,3,0,0,0,0.0,2.333,2.0,19.33,0.00,19.33,629.20,152.24,0.00
2025-05-11,2025-05-01,FC-South,Regional Freight,5,5,0,0,0,0.0,3.2,2.6,17.79,0.00,17.79,796.65,310.25,0.00
2026-02-01,2026-02-01,FC-Central,Regional Freight,3,2,1,1,3,1.0,4.0,4.0,24.19,0.00,24.19,821.88,325.81,250.23
2025-06-26,2025-06-01,FC-North,Metro Post,1,1,0,0,0,0.0,2.0,2.0,5.49,0.00,5.49,317.02,117.2,0.00
2025-09-08,2025-09-01,FC-Central,Regional Freight,1,1,0,0,0,0.0,2.0,1.0,9.63,0.00,9.63,1165.06,117.44,0.00
2025-06-26,2025-06-01,FC-Central,Regional Freight,1,1,0,0,0,0.0,3.0,2.0,3.93,0.00,3.93,272.40,77.99,0.00
2025-04-28,2025-04-01,FC-Central,Metro Post,3,3,0,0,0,0.0,3.0,2.667,46.04,0.00,46.04,655.16,167.9,0.00
2025-07-28,2025-07-01,FC-Central,Swiftline,1,1,0,0,0,0.0,5.0,5.0,13.02,0.00,13.02,228.16,-5.24,0.00
2025-05-01,2025-05-01,FC-Central,Regional Freight,1,1,0,0,0,0.0,3.0,3.0,5.38,0.00,5.38,367.37,0.09,0.00
2025-11-13,2025-11-01,FC-Central,Swiftline,6,4,2,1,4,0.667,3.667,3.0,46.89,0.00,46.89,944.57,254.17,415.31
2026-03-19,2026-03-01,FC-Central,Metro Post,4,4,0,0,0,0.0,2.25,1.75,32.04,0.00,32.04,1063.14,216.97,0.00
2025-09-18,2025-09-01,FC-North,Swiftline,1,1,0,0,0,0.0,3.0,2.0,6.14,0.00,6.14,206.58,-103.49,0.00
2025-06-29,2025-06-01,FC-South,Regional Freight,2,0,2,2,7,3.5,7.0,7.0,24.63,0.00,24.63,521.43,116.55,521.43
2025-08-22,2025-08-01,FC-Central,Metro Post,2,2,0,0,0,0.0,2.5,2.5,15.43,0.00,15.43,356.63,162.3,0.00
2025-08-10,2025-08-01,FC-Central,Metro Post,4,3,1,1,4,1.0,3.75,3.5,29.41,4.99,24.42,1391.41,307.26,263.09
2025-07-11,2025-07-01,FC-South,Regional Freight,3,3,0,0,0,0.0,4.0,3.0,16.94,0.00,16.94,948.35,156.53,0.00
2026-03-03,2026-03-01,FC-North,Swiftline,4,4,0,0,0,0.0,2.75,2.0,51.20,0.00,51.20,1740.27,224.45,0.00
2025-05-26,2025-05-01,FC-South,Regional Freight,3,1,2,0,3,1.0,4.0,4.0,19.22,0.00,19.22,1020.22,73.16,760.46
2025-11-21,2025-11-01,FC-Central,Metro Post,7,6,1,1,6,0.857,3.857,3.571,39.94,4.99,34.95,1930.22,245.53,430.23
2026-02-06,2026-02-01,FC-North,Swiftline,4,4,0,0,0,0.0,3.0,2.25,50.19,4.99,45.20,1023.89,20.97,0.00
2026-06-15,2026-06-01,FC-North,Swiftline,4,4,0,0,0,0.0,2.25,1.75,20.78,9.98,10.80,350.96,158.94,0.00
2025-07-30,2025-07-01,FC-North,Metro Post,1,1,0,0,0,0.0,3.0,2.0,10.72,0.00,10.72,219.15,-36.17,0.00
2025-09-04,2025-09-01,FC-Central,Swiftline,4,4,0,0,0,0.0,2.75,2.25,49.06,0.00,49.06,2032.58,66.66,0.00
2025-05-28,2025-05-01,FC-South,Metro Post,3,2,1,0,1,0.333,4.0,3.333,26.08,0.00,26.08,554.56,199.86,95.40
2025-06-28,2025-06-01,FC-Central,Swiftline,1,1,0,0,0,0.0,2.0,2.0,17.89,0.00,17.89,1032.95,230.89,0.00
2026-04-07,2026-04-01,FC-Central,Regional Freight,3,2,1,0,2,0.667,4.0,4.0,14.23,0.00,14.23,969.83,71.83,823.08
2025-06-19,2025-06-01,FC-South,Swiftline,2,1,1,0,2,1.0,3.5,3.0,24.99,0.00,24.99,366.41,76.94,266.44
2026-01-23,2026-01-01,FC-South,Regional Freight,4,4,0,0,0,0.0,3.0,2.5,14.68,0.00,14.68,881.45,241.92,0.00
2026-01-14,2026-01-01,FC-South,Regional Freight,5,3,2,2,7,1.4,4.4,3.8,15.39,0.00,15.39,823.58,256.43,295.26
2025-06-02,2025-06-01,FC-South,Swiftline,3,3,0,0,0,0.0,2.667,2.333,25.83,0.00,25.83,672.22,239.65,0.00
2025-07-14,2025-07-01,FC-Central,Swiftline,3,3,0,0,0,0.0,2.667,2.333,17.82,0.00,17.82,330.41,181.98,0.00
2025-10-11,2025-10-01,FC-South,Metro Post,1,1,0,0,0,0.0,5.0,4.0,9.82,0.00,9.82,426.05,60.5,0.00
2025-06-05,2025-06-01,FC-Central,Metro Post,3,3,0,0,0,0.0,3.667,3.333,20.39,4.99,15.40,612.92,305.98,0.00
2025-06-06,2025-06-01,FC-North,Metro Post,2,2,0,0,0,0.0,2.5,2.0,10.91,0.00,10.91,425.43,-48.83,0.00
2025-10-21,2025-10-01,FC-Central,Swiftline,4,4,0,0,0,0.0,3.5,3.25,28.91,4.99,23.92,637.14,270.02,0.00
2026-03-30,2026-03-01,FC-North,Metro Post,1,1,0,0,0,0.0,4.0,4.0,7.17,0.00,7.17,251.87,50.96,0.00
2025-11-16,2025-11-01,FC-North,Metro Post,2,1,1,0,2,1.0,3.5,2.0,6.66,0.00,6.66,130.30,15.7,62.01
2025-06-14,2025-06-01,FC-South,Metro Post,2,1,1,1,3,1.5,5.0,4.5,9.30,0.00,9.30,230.81,39.61,138.70
2026-04-13,2026-04-01,FC-South,Regional Freight,4,2,2,1,5,1.25,4.25,4.0,18.44,0.00,18.44,812.94,225.79,327.78
2025-06-18,2025-06-01,FC-North,Metro Post,2,2,0,0,0,0.0,3.0,3.0,14.03,0.00,14.03,313.35,84.42,0.00
2026-04-03,2026-04-01,FC-South,Metro Post,2,1,1,0,2,1.0,4.5,4.0,33.42,0.00,33.42,1898.06,127.11,111.95
2025-12-10,2025-12-01,FC-Central,Swiftline,2,2,0,0,0,0.0,2.0,1.5,18.45,0.00,18.45,298.92,85.09,0.00
2025-06-17,2025-06-01,FC-Central,Regional Freight,1,1,0,0,0,0.0,1.0,1.0,3.06,0.00,3.06,113.20,63.3,0.00
2026-01-20,2026-01-01,FC-South,Regional Freight,6,6,0,0,0,0.0,2.833,2.333,41.17,0.00,41.17,2754.28,574.84,0.00
2025-09-26,2025-09-01,FC-South,Metro Post,2,2,0,0,0,0.0,2.0,2.0,7.21,0.00,7.21,262.25,131.12,0.00
2025-06-28,2025-06-01,FC-South,Metro Post,2,2,0,0,0,0.0,3.5,2.0,9.77,0.00,9.77,332.20,164.82,0.00
2025-07-01,2025-07-01,FC-Central,Metro Post,1,1,0,0,0,0.0,4.0,3.0,3.09,0.00,3.09,74.32,51.66,0.00
2025-12-21,2025-12-01,FC-South,Regional Freight,2,1,1,0,1,0.5,4.0,3.5,10.77,0.00,10.77,780.01,170.98,253.27
2025-10-01,2025-10-01,FC-South,Metro Post,4,4,0,0,0,0.0,3.0,3.0,29.41,0.00,29.41,898.95,214.6,0.00
2025-09-13,2025-09-01,FC-Central,Regional Freight,1,1,0,0,0,0.0,3.0,2.0,2.41,0.00,2.41,116.07,67.39,0.00
2025-07-10,2025-07-01,FC-North,Regional Freight,1,1,0,0,0,0.0,1.0,1.0,2.73,0.00,2.73,174.44,104.29,0.00
2025-11-27,2025-11-01,FC-Central,Metro Post,4,4,0,0,0,0.0,2.5,2.5,30.96,9.98,20.98,1067.20,67.01,0.00
2026-01-09,2026-01-01,FC-Central,Swiftline,2,2,0,0,0,0.0,4.0,4.0,16.46,0.00,16.46,358.69,-18.42,0.00
2025-11-25,2025-11-01,FC-Central,Metro Post,1,1,0,0,0,0.0,5.0,4.0,14.13,0.00,14.13,108.89,-51.48,0.00
2025-07-20,2025-07-01,FC-North,Swiftline,3,3,0,0,0,0.0,3.667,3.667,37.89,0.00,37.89,1524.06,356.63,0.00
2025-08-15,2025-08-01,FC-Central,Swiftline,2,2,0,0,0,0.0,1.5,1.5,19.82,0.00,19.82,662.27,330.61,0.00
2026-01-21,2026-01-01,FC-South,Metro Post,1,1,0,0,0,0.0,2.0,1.0,5.50,0.00,5.50,264.20,143.55,0.00
2025-07-22,2025-07-01,FC-North,Regional Freight,1,0,1,0,1,1.0,3.0,2.0,9.32,0.00,9.32,1077.94,124.62,1077.94
2025-08-09,2025-08-01,FC-Central,Regional Freight,2,2,0,0,0,0.0,2.0,1.0,20.68,0.00,20.68,540.75,152.56,0.00
2025-12-03,2025-12-01,FC-Central,Swiftline,6,6,0,0,0,0.0,3.0,2.5,45.37,0.00,45.37,2029.69,324.48,0.00
2025-10-12,2025-10-01,FC-North,Regional Freight,1,1,0,0,0,0.0,2.0,2.0,3.55,0.00,3.55,185.36,42.74,0.00
2026-04-15,2026-04-01,FC-Central,Metro Post,4,4,0,0,0,0.0,2.5,2.5,17.93,4.99,12.94,449.27,60.08,0.00
2025-11-28,2025-11-01,FC-North,Swiftline,3,2,1,0,1,0.333,3.667,2.667,28.14,0.00,28.14,1602.50,136.47,765.73
2025-11-25,2025-11-01,FC-South,Metro Post,2,2,0,0,0,0.0,3.0,3.0,7.81,0.00,7.81,281.81,61.82,0.00
2026-04-22,2026-04-01,FC-North,Swiftline,7,7,0,0,0,0.0,2.714,2.429,57.17,4.99,52.18,2243.19,446.82,0.00
2025-12-13,2025-12-01,FC-Central,Swiftline,1,1,0,0,0,0.0,3.0,3.0,5.45,0.00,5.45,135.01,45.24,0.00
2026-01-03,2026-01-01,FC-South,Swiftline,2,2,0,0,0,0.0,2.0,1.0,21.93,0.00,21.93,622.05,238.32,0.00
2026-05-02,2026-05-01,FC-North,Swiftline,3,3,0,0,0,0.0,2.333,2.333,15.54,0.00,15.54,623.15,152.04,0.00
2026-03-01,2026-03-01,FC-South,Swiftline,3,3,0,0,0,0.0,3.333,2.667,65.65,0.00,65.65,1920.31,571.9,0.00
2025-10-15,2025-10-01,FC-Central,Swiftline,4,4,0,0,0,0.0,3.5,3.5,25.75,4.99,20.76,834.98,274.58,0.00
2025-11-19,2025-11-01,FC-South,Swiftline,5,3,2,1,8,1.6,5.4,5.4,57.11,0.00,57.11,1413.98,396.05,539.90
2025-11-26,2025-11-01,FC-North,Metro Post,2,2,0,0,0,0.0,2.5,1.5,23.78,0.00,23.78,1154.21,12.82,0.00
2026-02-28,2026-02-01,FC-South,Metro Post,3,3,0,0,0,0.0,2.0,2.0,11.42,0.00,11.42,436.04,128.88,0.00
2026-02-12,2026-02-01,FC-North,Swiftline,4,4,0,0,0,0.0,2.75,1.75,32.70,4.99,27.71,897.18,267.81,0.00
2026-02-12,2026-02-01,FC-Central,Swiftline,3,3,0,0,0,0.0,3.667,3.667,28.12,4.99,23.13,848.77,86.54,0.00
2025-09-08,2025-09-01,FC-North,Swiftline,3,3,0,0,0,0.0,3.667,3.667,24.80,4.99,19.81,431.31,131.31,0.00
2026-01-12,2026-01-01,FC-South,Regional Freight,5,4,1,0,1,0.2,2.8,2.8,20.44,0.00,20.44,952.66,69.2,162.65
2025-09-28,2025-09-01,FC-South,Metro Post,2,2,0,0,0,0.0,2.5,2.5,14.21,0.00,14.21,581.51,247.84,0.00
2025-09-12,2025-09-01,FC-Central,Swiftline,1,0,1,0,1,1.0,3.0,1.0,21.40,0.00,21.40,501.99,89.39,501.99
2026-02-26,2026-02-01,FC-South,Regional Freight,2,1,1,1,9,4.5,7.0,7.0,10.80,4.99,5.81,76.43,26.48,22.27
2025-11-14,2025-11-01,FC-South,Metro Post,5,5,0,0,0,0.0,3.4,2.6,54.43,0.00,54.43,2379.47,946.52,0.00
2026-02-18,2026-02-01,FC-South,Regional Freight,4,3,1,1,4,1.0,4.0,3.75,24.22,0.00,24.22,1012.75,-46.43,257.56
2026-02-16,2026-02-01,FC-South,Regional Freight,4,4,0,0,0,0.0,2.5,2.0,14.48,0.00,14.48,1160.75,237.3,0.00
2026-01-25,2026-01-01,FC-North,Swiftline,4,4,0,0,0,0.0,3.5,3.5,29.96,4.99,24.97,1652.86,242.04,0.00
2026-06-02,2026-06-01,FC-Central,Metro Post,5,5,0,0,0,0.0,2.2,2.0,62.37,0.00,62.37,1592.15,153.06,0.00
2026-05-04,2026-05-01,FC-Central,Swiftline,2,2,0,0,0,0.0,3.0,2.0,13.06,4.99,8.07,128.25,57.38,0.00
2026-01-08,2026-01-01,FC-North,Swiftline,2,2,0,0,0,0.0,3.0,3.0,22.32,0.00,22.32,524.78,220.54,0.00
2025-10-04,2025-10-01,FC-South,Swiftline,1,1,0,0,0,0.0,3.0,3.0,6.09,0.00,6.09,208.44,30.36,0.00
2026-01-04,2026-01-01,FC-South,Regional Freight,5,2,3,1,7,1.4,5.0,4.8,31.90,4.99,26.91,815.67,55.27,304.45
2025-10-13,2025-10-01,FC-South,Swiftline,1,1,0,0,0,0.0,2.0,1.0,14.52,0.00,14.52,490.30,114.45,0.00
2025-10-19,2025-10-01,FC-Central,Metro Post,1,1,0,0,0,0.0,2.0,2.0,3.51,0.00,3.51,66.55,-3.51,0.00
2026-01-01,2026-01-01,FC-Central,Metro Post,3,3,0,0,0,0.0,2.333,1.667,15.13,9.98,5.15,474.60,86.64,0.00
2026-04-24,2026-04-01,FC-North,Swiftline,2,2,0,0,0,0.0,3.0,2.5,8.16,0.00,8.16,145.25,61.37,0.00
2026-01-27,2026-01-01,FC-North,Swiftline,2,2,0,0,0,0.0,2.0,1.0,18.74,4.99,13.75,461.28,192.7,0.00
2025-10-30,2025-10-01,FC-North,Metro Post,1,0,1,0,2,2.0,6.0,6.0,6.96,0.00,6.96,266.73,29.32,266.73
2025-10-31,2025-10-01,FC-South,Regional Freight,1,0,1,1,3,3.0,6.0,5.0,4.90,0.00,4.90,393.89,62.89,393.89
2025-11-01,2025-11-01,FC-South,Regional Freight,1,1,0,0,0,0.0,4.0,4.0,5.92,0.00,5.92,180.08,59.43,0.00
2026-06-19,2026-06-01,FC-Central,Metro Post,4,4,0,0,0,0.0,3.5,3.25,38.29,0.00,38.29,548.29,123.72,0.00
2025-11-02,2025-11-01,FC-North,Metro Post,1,1,0,0,0,0.0,4.0,4.0,7.38,0.00,7.38,239.87,-7.38,0.00
2025-12-03,2025-12-01,FC-South,Regional Freight,3,3,0,0,0,0.0,3.333,3.0,14.96,0.00,14.96,297.41,59.66,0.00
2025-11-13,2025-11-01,FC-North,Swiftline,2,2,0,0,0,0.0,2.5,2.0,41.29,0.00,41.29,613.10,114.64,0.00
2026-01-24,2026-01-01,FC-South,Metro Post,1,0,1,0,1,1.0,6.0,5.0,7.55,0.00,7.55,565.13,105.39,565.13
2025-12-27,2025-12-01,FC-South,Regional Freight,5,4,1,1,4,0.8,3.8,3.0,22.93,4.99,17.94,1155.84,76.86,449.86
2025-11-17,2025-11-01,FC-Central,Metro Post,2,2,0,0,0,0.0,4.0,4.0,11.26,0.00,11.26,418.65,146.57,0.00
2025-11-19,2025-11-01,FC-Central,Swiftline,1,1,0,0,0,0.0,5.0,5.0,15.42,0.00,15.42,399.49,-213.88,0.00
2025-11-20,2025-11-01,FC-Central,Metro Post,1,1,0,0,0,0.0,3.0,2.0,9.79,0.00,9.79,491.50,226.35,0.00
2025-11-22,2025-11-01,FC-North,Regional Freight,1,1,0,0,0,0.0,3.0,3.0,3.13,0.00,3.13,99.70,61.09,0.00
2026-01-09,2026-01-01,FC-North,Metro Post,3,3,0,0,0,0.0,2.667,2.667,36.18,0.00,36.18,963.00,188.88,0.00
2026-01-14,2026-01-01,FC-North,Metro Post,1,0,1,0,1,1.0,3.0,1.0,4.94,0.00,4.94,818.79,-4.94,818.79
2026-02-06,2026-02-01,FC-Central,Regional Freight,2,2,0,0,0,0.0,2.5,2.5,6.97,0.00,6.97,189.67,65.1,0.00
2026-02-26,2026-02-01,FC-North,Metro Post,3,3,0,0,0,0.0,2.333,2.333,16.30,0.00,16.30,316.40,61.28,0.00
2025-12-16,2025-12-01,FC-North,Metro Post,3,3,0,0,0,0.0,3.667,3.0,11.60,0.00,11.60,404.96,177.49,0.00
2025-12-17,2025-12-01,FC-North,Metro Post,1,1,0,0,0,0.0,3.0,2.0,3.55,4.99,-1.44,36.53,21.3,0.00
2026-06-23,2026-06-01,FC-North,Metro Post,1,1,0,0,0,0.0,1.0,1.0,3.50,0.00,3.50,77.56,45.24,0.00
2026-04-03,2026-04-01,FC-North,Metro Post,4,4,0,0,0,0.0,2.75,2.5,29.17,0.00,29.17,1217.31,-258.09,0.00
2026-04-14,2026-04-01,FC-Central,Regional Freight,4,4,0,0,0,0.0,2.0,1.5,16.02,4.99,11.03,456.41,134.41,0.00
2025-12-25,2025-12-01,FC-Central,Metro Post,4,3,1,0,1,0.25,2.5,2.5,27.93,0.00,27.93,1182.51,-6.0,535.76
2026-05-02,2026-05-01,FC-Central,Metro Post,3,3,0,0,0,0.0,2.333,2.0,16.22,4.99,11.23,439.54,153.16,0.00
2026-03-16,2026-03-01,FC-North,Regional Freight,2,2,0,0,0,0.0,3.0,3.0,29.18,0.00,29.18,802.87,215.6,0.00
2026-04-07,2026-04-01,FC-South,Regional Freight,5,4,1,1,3,0.6,4.2,3.8,51.48,0.00,51.48,1924.72,564.01,103.49
2026-01-06,2026-01-01,FC-South,Swiftline,2,2,0,0,0,0.0,3.5,3.5,13.62,0.00,13.62,995.46,291.54,0.00
2026-01-26,2026-01-01,FC-Central,Metro Post,1,1,0,0,0,0.0,4.0,4.0,9.68,0.00,9.68,76.21,18.33,0.00
2026-04-06,2026-04-01,FC-North,Swiftline,3,3,0,0,0,0.0,4.333,3.667,29.28,0.00,29.28,1027.17,100.25,0.00
2026-05-07,2026-05-01,FC-Central,Swiftline,2,2,0,0,0,0.0,3.0,2.5,12.04,0.00,12.04,296.40,148.57,0.00
2026-01-30,2026-01-01,FC-Central,Regional Freight,1,0,1,1,3,3.0,6.0,5.0,3.17,0.00,3.17,135.48,42.77,135.48
2026-06-04,2026-06-01,FC-South,Metro Post,1,0,1,1,9,9.0,12.0,12.0,3.09,0.00,3.09,90.94,-3.09,90.94
2026-03-12,2026-03-01,FC-Central,Swiftline,3,3,0,0,0,0.0,4.667,4.667,18.07,4.99,13.08,785.57,86.96,0.00
2026-03-06,2026-03-01,FC-South,Regional Freight,2,2,0,0,0,0.0,3.0,3.0,14.02,0.00,14.02,2416.85,390.58,0.00
2026-06-05,2026-06-01,FC-Central,Regional Freight,1,1,0,0,0,0.0,4.0,2.0,3.42,0.00,3.42,326.41,187.52,0.00
2026-02-17,2026-02-01,FC-Central,Regional Freight,2,1,1,0,2,1.0,4.5,4.5,21.29,0.00,21.29,368.62,64.22,251.68
2026-03-25,2026-03-01,FC-South,Regional Freight,2,0,2,1,7,3.5,7.5,7.5,14.99,0.00,14.99,472.67,158.81,472.67
2026-06-09,2026-06-01,FC-North,Metro Post,2,1,1,0,2,1.0,3.5,3.5,18.86,0.00,18.86,751.30,265.95,86.36
2026-06-16,2026-06-01,FC-South,Regional Freight,1,1,0,0,0,0.0,1.0,1.0,6.31,0.00,6.31,674.74,8.11,0.00
2026-03-04,2026-03-01,FC-Central,Swiftline,1,1,0,0,0,0.0,3.0,3.0,5.39,0.00,5.39,172.99,96.51,0.00
2026-05-29,2026-05-01,FC-North,Metro Post,3,3,0,0,0,0.0,2.0,2.0,24.39,0.00,24.39,840.22,258.06,0.00
2026-05-02,2026-05-01,FC-South,Metro Post,2,2,0,0,0,0.0,3.5,2.5,34.06,0.00,34.06,605.38,118.83,0.00
2026-04-29,2026-04-01,FC-South,Swiftline,3,2,1,1,4,1.333,4.0,3.667,14.34,0.00,14.34,390.09,212.64,230.13
2026-04-16,2026-04-01,FC-North,Metro Post,2,2,0,0,0,0.0,4.5,4.5,6.70,4.99,1.71,270.53,159.24,0.00
2026-05-26,2026-05-01,FC-North,Swiftline,1,1,0,0,0,0.0,2.0,1.0,16.49,0.00,16.49,664.76,109.83,0.00
2026-05-08,2026-05-01,FC-North,Metro Post,2,1,1,1,6,3.0,6.5,5.5,7.45,4.99,2.46,161.19,78.81,21.88
2026-06-10,2026-06-01,FC-North,Metro Post,1,1,0,0,0,0.0,3.0,3.0,4.93,0.00,4.93,191.66,68.51,0.00
2026-04-01,2026-04-01,FC-North,Regional Freight,1,1,0,0,0,0.0,3.0,3.0,7.61,0.00,7.61,342.86,152.85,0.00
2026-06-23,2026-06-01,FC-Central,Metro Post,2,2,0,0,0,0.0,3.0,2.0,24.24,0.00,24.24,490.95,-39.96,0.00
2026-03-31,2026-03-01,FC-South,Regional Freight,1,1,0,0,0,0.0,4.0,4.0,9.12,0.00,9.12,510.28,256.99,0.00
2026-06-02,2026-06-01,FC-South,Regional Freight,4,2,2,1,4,1.0,3.75,2.75,29.70,4.99,24.71,675.87,231.57,258.90
2026-05-06,2026-05-01,FC-South,Regional Freight,4,3,1,0,1,0.25,4.0,3.25,23.96,4.99,18.97,594.62,90.64,106.66
2026-04-09,2026-04-01,FC-South,Swiftline,1,1,0,0,0,0.0,1.0,1.0,13.47,0.00,13.47,351.18,28.44,0.00
2026-06-28,2026-06-01,FC-North,Swiftline,2,2,0,0,0,0.0,2.5,2.0,18.83,0.00,18.83,410.91,188.33,0.00
2026-04-09,2026-04-01,FC-North,Regional Freight,1,1,0,0,0,0.0,3.0,1.0,2.37,0.00,2.37,95.89,-2.37,0.00
2026-04-15,2026-04-01,FC-South,Regional Freight,2,1,1,0,2,1.0,4.0,4.0,19.56,0.00,19.56,1229.57,203.9,425.20
2026-06-21,2026-06-01,FC-Central,Regional Freight,1,1,0,0,0,0.0,3.0,3.0,7.79,0.00,7.79,497.85,-62.58,0.00
2026-04-17,2026-04-01,FC-North,Swiftline,1,1,0,0,0,0.0,4.0,4.0,17.96,0.00,17.96,1127.82,185.26,0.00
2026-04-23,2026-04-01,FC-North,Metro Post,1,1,0,0,0,0.0,3.0,3.0,3.87,0.00,3.87,326.41,140.93,0.00
2026-04-24,2026-04-01,FC-South,Metro Post,3,2,1,0,2,0.667,4.0,3.667,19.98,0.00,19.98,636.79,96.71,111.95
2026-06-10,2026-06-01,FC-Central,Metro Post,1,1,0,0,0,0.0,3.0,3.0,8.46,0.00,8.46,299.26,42.2,0.00
2026-04-28,2026-04-01,FC-South,Metro Post,1,1,0,0,0,0.0,3.0,3.0,3.04,4.99,-1.95,26.65,-9.93,0.00
2026-06-20,2026-06-01,FC-South,Swiftline,1,1,0,0,0,0.0,1.0,1.0,16.79,0.00,16.79,497.17,176.88,0.00
2026-05-06,2026-05-01,FC-North,Metro Post,2,1,1,0,1,0.5,3.0,1.5,18.18,0.00,18.18,536.39,-119.59,111.53
2026-05-16,2026-05-01,FC-Central,Swiftline,3,3,0,0,0,0.0,2.667,2.333,35.82,0.00,35.82,962.26,220.44,0.00
2026-05-18,2026-05-01,FC-North,Regional Freight,2,2,0,0,0,0.0,3.0,2.0,12.49,0.00,12.49,777.38,231.86,0.00
2026-05-17,2026-05-01,FC-Central,Regional Freight,1,1,0,0,0,0.0,2.0,2.0,5.81,0.00,5.81,326.31,55.89,0.00
2026-06-22,2026-06-01,FC-North,Metro Post,1,1,0,0,0,0.0,5.0,4.0,9.70,0.00,9.70,1553.86,147.67,0.00
2026-05-22,2026-05-01,FC-Central,Swiftline,1,1,0,0,0,0.0,3.0,3.0,13.44,0.00,13.44,227.70,92.99,0.00
2026-05-31,2026-05-01,FC-South,Metro Post,1,1,0,0,0,0.0,3.0,2.0,6.97,0.00,6.97,290.67,-6.97,0.00
2024-01-03,2024-01-01,FC-Central,Metro Post,2,2,0,0,0,0.0,3.0,3.0,21.14,0.00,21.14,339.36,2.2,0.00
2024-01-10,2024-01-01,FC-North,Swiftline,2,2,0,0,0,0.0,2.5,2.5,19.47,0.00,19.47,989.98,330.5,0.00
2024-01-15,2024-01-01,FC-South,Metro Post,2,2,0,0,0,0.0,4.5,3.5,10.25,0.00,10.25,102.50,35.94,0.00
2024-08-28,2024-08-01,FC-North,Swiftline,5,5,0,0,0,0.0,3.2,2.8,43.74,0.00,43.74,1227.95,221.06,0.00
2024-08-23,2024-08-01,FC-Central,Metro Post,1,1,0,0,0,0.0,3.0,3.0,7.15,0.00,7.15,467.43,155.76,0.00
2024-07-28,2024-07-01,FC-North,Swiftline,4,4,0,0,0,0.0,2.5,2.0,59.94,0.00,59.94,1604.96,404.42,0.00
2024-01-18,2024-01-01,FC-Central,Metro Post,1,1,0,0,0,0.0,5.0,5.0,4.02,0.00,4.02,82.09,26.88,0.00
2024-01-21,2024-01-01,FC-North,Swiftline,1,1,0,0,0,0.0,2.0,2.0,3.95,0.00,3.95,54.45,13.01,0.00
2024-01-24,2024-01-01,FC-South,Metro Post,1,1,0,0,0,0.0,3.0,2.0,5.45,0.00,5.45,504.55,187.28,0.00
2024-01-21,2024-01-01,FC-South,Regional Freight,1,1,0,0,0,0.0,2.0,2.0,8.04,0.00,8.04,59.96,11.76,0.00
2024-05-04,2024-05-01,FC-South,Regional Freight,4,2,2,1,8,2.0,5.75,5.5,33.23,0.00,33.23,1177.82,267.3,561.56
2024-03-20,2024-03-01,FC-North,Metro Post,1,1,0,0,0,0.0,3.0,2.0,3.21,4.99,-1.78,44.32,27.35,0.00
2024-01-26,2024-01-01,FC-South,Regional Freight,2,2,0,0,0,0.0,3.0,3.0,7.02,0.00,7.02,396.54,186.41,0.00
2024-09-30,2024-09-01,FC-South,Regional Freight,3,3,0,0,0,0.0,2.333,2.0,14.45,0.00,14.45,550.18,173.04,0.00
2024-02-05,2024-02-01,FC-North,Swiftline,1,1,0,0,0,0.0,4.0,4.0,4.59,0.00,4.59,104.31,-20.17,0.00
2024-04-20,2024-04-01,FC-South,Regional Freight,3,3,0,0,0,0.0,2.333,1.333,13.16,0.00,13.16,679.21,329.29,0.00
2024-02-27,2024-02-01,FC-South,Metro Post,2,2,0,0,0,0.0,2.0,1.5,13.12,0.00,13.12,1225.36,638.7,0.00
2024-02-06,2024-02-01,FC-South,Swiftline,1,1,0,0,0,0.0,5.0,5.0,10.66,0.00,10.66,536.36,-48.48,0.00
2024-05-05,2024-05-01,FC-Central,Swiftline,1,1,0,0,0,0.0,1.0,1.0,4.86,0.00,4.86,167.00,102.28,0.00
2024-02-11,2024-02-01,FC-South,Regional Freight,3,1,2,2,10,3.333,6.0,5.667,11.13,0.00,11.13,391.10,114.73,263.33
2024-02-14,2024-02-01,FC-South,Swiftline,1,1,0,0,0,0.0,3.0,2.0,3.93,0.00,3.93,72.73,42.23,0.00
2024-02-18,2024-02-01,FC-Central,Swiftline,2,2,0,0,0,0.0,2.5,2.5,8.80,4.99,3.81,169.95,96.62,0.00
2024-08-13,2024-08-01,FC-South,Regional Freight,3,3,0,0,0,0.0,2.0,2.0,22.21,4.99,17.22,1803.80,339.49,0.00
2024-02-17,2024-02-01,FC-Central,Regional Freight,1,1,0,0,0,0.0,4.0,4.0,4.98,0.00,4.98,169.90,86.55,0.00
2024-02-20,2024-02-01,FC-North,Swiftline,1,1,0,0,0,0.0,5.0,5.0,11.10,0.00,11.10,251.36,61.64,0.00
2024-02-22,2024-02-01,FC-Central,Metro Post,1,1,0,0,0,0.0,1.0,1.0,6.86,0.00,6.86,529.44,-6.45,0.00
2024-02-23,2024-02-01,FC-Central,Regional Freight,1,1,0,0,0,0.0,1.0,1.0,5.87,0.00,5.87,278.62,64.81,0.00
2024-02-24,2024-02-01,FC-North,Swiftline,1,1,0,0,0,0.0,4.0,4.0,3.97,4.99,-1.02,31.99,1.02,0.00
2024-12-27,2024-12-01,FC-North,Metro Post,3,3,0,0,0,0.0,4.333,4.0,24.22,0.00,24.22,1102.92,39.45,0.00
2024-07-12,2024-07-01,FC-Central,Metro Post,1,1,0,0,0,0.0,2.0,2.0,14.96,0.00,14.96,571.26,95.96,0.00
2024-02-28,2024-02-01,FC-North,Metro Post,1,1,0,0,0,0.0,2.0,2.0,3.18,0.00,3.18,78.58,37.37,0.00
2024-10-09,2024-10-01,FC-Central,Swiftline,2,2,0,0,0,0.0,3.0,2.5,14.01,4.99,9.02,268.50,112.78,0.00
2024-02-29,2024-02-01,FC-North,Swiftline,1,1,0,0,0,0.0,3.0,3.0,22.00,0.00,22.00,912.32,-237.17,0.00
2024-04-30,2024-04-01,FC-Central,Swiftline,3,3,0,0,0,0.0,4.0,4.0,19.30,0.00,19.30,830.77,301.16,0.00
2024-05-24,2024-05-01,FC-North,Swiftline,2,2,0,0,0,0.0,1.5,1.0,11.72,0.00,11.72,321.61,131.17,0.00
2024-03-05,2024-03-01,FC-North,Swiftline,1,1,0,0,0,0.0,2.0,2.0,4.04,0.00,4.04,186.86,21.97,0.00
2024-03-09,2024-03-01,FC-Central,Swiftline,1,1,0,0,0,0.0,3.0,1.0,25.66,0.00,25.66,53.45,-26.84,0.00
2024-04-13,2024-04-01,FC-North,Metro Post,3,3,0,0,0,0.0,3.0,3.0,35.70,0.00,35.70,1411.05,410.85,0.00
2024-03-10,2024-03-01,FC-Central,Swiftline,1,1,0,0,0,0.0,2.0,2.0,27.72,0.00,27.72,1132.97,261.78,0.00
2024-03-11,2024-03-01,FC-Central,Swiftline,1,1,0,0,0,0.0,2.0,1.0,5.37,0.00,5.37,118.28,48.45,0.00
2024-04-18,2024-04-01,FC-South,Metro Post,2,2,0,0,0,0.0,4.0,2.5,11.90,0.00,11.90,457.90,43.04,0.00
2024-03-12,2024-03-01,FC-Central,Regional Freight,1,1,0,0,0,0.0,2.0,1.0,4.15,0.00,4.15,546.79,94.36,0.00
2024-09-17,2024-09-01,FC-North,Swiftline,4,4,0,0,0,0.0,3.0,2.5,24.95,4.99,19.96,870.66,255.46,0.00
2024-06-28,2024-06-01,FC-North,Swiftline,3,3,0,0,0,0.0,4.333,4.0,26.24,4.99,21.25,868.60,19.52,0.00
2024-05-11,2024-05-01,FC-South,Regional Freight,1,1,0,0,0,0.0,4.0,4.0,23.76,0.00,23.76,347.33,43.07,0.00
2024-04-15,2024-04-01,FC-South,Swiftline,3,3,0,0,0,0.0,2.667,2.333,16.93,0.00,16.93,640.20,278.37,0.00
2024-03-23,2024-03-01,FC-North,Swiftline,3,3,0,0,0,0.0,2.667,2.667,15.45,4.99,10.46,500.28,195.07,0.00
2025-03-21,2025-03-01,FC-South,Regional Freight,4,2,2,1,6,1.5,5.0,4.5,15.11,0.00,15.11,568.31,290.56,339.48
2024-09-09,2024-09-01,FC-North,Swiftline,2,2,0,0,0,0.0,2.5,2.0,23.93,0.00,23.93,797.70,80.63,0.00
2024-03-29,2024-03-01,FC-Central,Metro Post,1,1,0,0,0,0.0,5.0,5.0,3.28,0.00,3.28,69.56,33.6,0.00
2024-03-27,2024-03-01,FC-North,Metro Post,1,1,0,0,0,0.0,5.0,5.0,13.99,0.00,13.99,300.53,111.74,0.00
2024-04-01,2024-04-01,FC-Central,Metro Post,1,1,0,0,0,0.0,3.0,3.0,9.04,0.00,9.04,64.90,13.74,0.00
2024-04-03,2024-04-01,FC-North,Swiftline,1,0,1,0,1,1.0,4.0,3.0,4.46,0.00,4.46,66.55,35.42,66.55
2024-06-09,2024-06-01,FC-South,Regional Freight,2,1,1,1,6,3.0,6.0,6.0,16.76,0.00,16.76,633.76,66.74,367.47
2024-04-07,2024-04-01,FC-South,Metro Post,1,1,0,0,0,0.0,2.0,2.0,3.62,0.00,3.62,51.74,21.7,0.00
2024-04-07,2024-04-01,FC-Central,Metro Post,1,1,0,0,0,0.0,2.0,1.0,6.45,0.00,6.45,358.53,49.62,0.00
2024-04-12,2024-04-01,FC-North,Swiftline,1,1,0,0,0,0.0,4.0,4.0,8.63,0.00,8.63,412.38,104.31,0.00
2024-04-15,2024-04-01,FC-North,Swiftline,3,2,1,0,2,0.667,4.0,3.333,32.60,0.00,32.60,833.87,-109.33,167.71
2024-09-06,2024-09-01,FC-Central,Metro Post,2,2,0,0,0,0.0,1.5,1.5,7.48,4.99,2.49,289.35,147.56,0.00
2026-01-25,2026-01-01,FC-Central,Regional Freight,4,3,1,1,9,2.25,6.25,5.75,23.36,0.00,23.36,826.99,111.84,144.46
2024-04-19,2024-04-01,FC-South,Metro Post,1,1,0,0,0,0.0,2.0,2.0,3.45,0.00,3.45,120.05,65.45,0.00
2024-04-21,2024-04-01,FC-Central,Metro Post,1,1,0,0,0,0.0,4.0,4.0,5.36,0.00,5.36,198.14,24.62,0.00
2024-05-25,2024-05-01,FC-Central,Swiftline,2,2,0,0,0,0.0,3.5,3.0,16.24,0.00,16.24,543.32,230.62,0.00
2024-06-09,2024-06-01,FC-North,Regional Freight,1,1,0,0,0,0.0,2.0,1.0,9.11,0.00,9.11,183.20,22.85,0.00
2024-04-26,2024-04-01,FC-South,Swiftline,1,1,0,0,0,0.0,3.0,2.0,5.84,0.00,5.84,248.79,88.13,0.00
2024-11-15,2024-11-01,FC-North,Swiftline,4,3,1,1,3,0.75,3.75,3.75,30.16,4.99,25.17,648.60,179.62,237.32
2024-06-27,2024-06-01,FC-Central,Swiftline,2,2,0,0,0,0.0,2.5,2.5,13.92,0.00,13.92,537.81,186.34,0.00
2024-05-04,2024-05-01,FC-Central,Swiftline,1,1,0,0,0,0.0,3.0,3.0,5.21,0.00,5.21,156.81,-79.26,0.00
2025-02-03,2025-02-01,FC-North,Swiftline,1,1,0,0,0,0.0,2.0,2.0,13.71,0.00,13.71,638.32,128.21,0.00
2024-12-30,2024-12-01,FC-South,Swiftline,2,2,0,0,0,0.0,1.5,1.0,11.99,4.99,7.00,423.04,58.61,0.00
2024-05-09,2024-05-01,FC-Central,Metro Post,1,1,0,0,0,0.0,3.0,1.0,3.56,0.00,3.56,76.15,31.67,0.00
2024-08-19,2024-08-01,FC-North,Metro Post,1,1,0,0,0,0.0,1.0,1.0,33.94,0.00,33.94,825.75,316.5,0.00
2024-06-06,2024-06-01,FC-North,Swiftline,1,1,0,0,0,0.0,3.0,1.0,4.46,0.00,4.46,66.55,-4.46,0.00
2024-07-20,2024-07-01,FC-Central,Swiftline,1,1,0,0,0,0.0,4.0,4.0,9.11,0.00,9.11,90.28,27.31,0.00
2024-05-18,2024-05-01,FC-North,Metro Post,1,1,0,0,0,0.0,4.0,4.0,3.80,0.00,3.80,467.99,271.45,0.00
2024-12-20,2024-12-01,FC-South,Regional Freight,3,2,1,0,1,0.333,3.667,3.333,17.29,4.99,12.30,320.57,80.51,197.88
2024-08-14,2024-08-01,FC-South,Regional Freight,7,4,3,3,12,1.714,4.714,4.714,49.46,0.00,49.46,4499.22,434.27,2409.89
2024-06-03,2024-06-01,FC-South,Regional Freight,2,1,1,1,9,4.5,8.0,7.5,5.97,0.00,5.97,222.41,-5.13,99.93
2024-06-02,2024-06-01,FC-Central,Swiftline,1,1,0,0,0,0.0,3.0,3.0,7.22,0.00,7.22,256.94,44.78,0.00
2024-12-31,2024-12-01,FC-North,Regional Freight,3,3,0,0,0,0.0,2.333,2.333,17.30,4.99,12.31,837.61,58.7,0.00
2025-03-30,2025-03-01,FC-North,Swiftline,6,6,0,0,0,0.0,2.333,1.833,32.55,0.00,32.55,776.34,259.41,0.00
2024-06-03,2024-06-01,FC-Central,Regional Freight,2,2,0,0,0,0.0,4.0,4.0,9.26,4.99,4.27,559.27,67.89,0.00
2024-06-08,2024-06-01,FC-South,Regional Freight,5,4,1,1,6,1.2,4.0,3.2,24.11,4.99,19.12,1453.30,268.51,837.26
2024-06-10,2024-06-01,FC-Central,Swiftline,2,2,0,0,0,0.0,2.5,2.5,33.46,0.00,33.46,726.72,148.49,0.00
2024-06-08,2024-06-01,FC-Central,Metro Post,1,1,0,0,0,0.0,4.0,3.0,15.83,0.00,15.83,195.90,-130.45,0.00
2025-10-06,2025-10-01,FC-North,Metro Post,3,2,1,0,1,0.333,3.0,2.333,24.48,0.00,24.48,967.80,192.17,65.82
2024-06-11,2024-06-01,FC-South,Swiftline,1,1,0,0,0,0.0,2.0,2.0,8.76,0.00,8.76,385.10,-27.48,0.00
2025-05-18,2025-05-01,FC-South,Metro Post,1,1,0,0,0,0.0,1.0,1.0,22.52,0.00,22.52,531.97,182.55,0.00
2024-08-21,2024-08-01,FC-North,Metro Post,2,2,0,0,0,0.0,3.0,2.5,13.74,0.00,13.74,286.53,42.03,0.00
2024-06-19,2024-06-01,FC-North,Swiftline,3,3,0,0,0,0.0,3.333,3.333,16.04,0.00,16.04,234.94,49.26,0.00
2024-07-26,2024-07-01,FC-South,Swiftline,1,1,0,0,0,0.0,3.0,2.0,4.38,4.99,-0.61,37.78,0.61,0.00
2024-06-22,2024-06-01,FC-Central,Swiftline,2,2,0,0,0,0.0,2.5,2.0,17.82,0.00,17.82,707.24,153.13,0.00
2024-06-21,2024-06-01,FC-South,Swiftline,1,1,0,0,0,0.0,4.0,4.0,4.31,0.00,4.31,130.30,74.58,0.00
2025-04-11,2025-04-01,FC-South,Metro Post,1,0,1,1,3,3.0,6.0,6.0,3.70,0.00,3.70,170.11,98.45,170.11
2024-10-05,2024-10-01,FC-Central,Metro Post,2,2,0,0,0,0.0,3.5,3.0,12.92,0.00,12.92,310.77,159.63,0.00
2024-08-09,2024-08-01,FC-South,Metro Post,2,2,0,0,0,0.0,2.0,1.5,7.65,4.99,2.66,74.93,4.21,0.00
2025-05-23,2025-05-01,FC-South,Regional Freight,5,4,1,0,2,0.4,2.8,2.2,33.71,4.99,28.72,1249.55,332.01,44.67
2024-09-03,2024-09-01,FC-Central,Swiftline,1,1,0,0,0,0.0,5.0,3.0,4.96,0.00,4.96,156.69,78.52,0.00
2025-07-19,2025-07-01,FC-Central,Swiftline,2,2,0,0,0,0.0,2.5,2.0,10.56,0.00,10.56,355.08,126.84,0.00
2024-06-26,2024-06-01,FC-North,Swiftline,1,1,0,0,0,0.0,3.0,3.0,29.70,0.00,29.70,820.30,235.93,0.00
2024-08-09,2024-08-01,FC-North,Swiftline,3,3,0,0,0,0.0,3.333,2.667,28.98,0.00,28.98,529.92,115.15,0.00
2024-07-17,2024-07-01,FC-Central,Regional Freight,1,1,0,0,0,0.0,3.0,3.0,3.89,0.00,3.89,506.75,80.04,0.00
2024-06-27,2024-06-01,FC-South,Regional Freight,2,2,0,0,0,0.0,2.0,2.0,5.95,0.00,5.95,565.70,109.28,0.00
2024-06-26,2024-06-01,FC-Central,Regional Freight,1,1,0,0,0,0.0,2.0,1.0,7.58,0.00,7.58,908.35,-32.67,0.00
2024-10-06,2024-10-01,FC-Central,Swiftline,2,1,1,0,1,0.5,2.5,1.5,12.03,0.00,12.03,593.16,35.02,437.19
2024-06-29,2024-06-01,FC-South,Regional Freight,2,1,1,1,4,2.0,5.0,5.0,6.99,0.00,6.99,542.75,23.74,64.88
2025-06-21,2025-06-01,FC-North,Swiftline,6,6,0,0,0,0.0,2.833,2.167,70.07,0.00,70.07,1871.86,461.51,0.00
2024-10-25,2024-10-01,FC-South,Regional Freight,4,2,2,0,2,0.5,3.75,3.75,19.79,0.00,19.79,593.65,236.0,228.89
2024-09-23,2024-09-01,FC-North,Swiftline,1,1,0,0,0,0.0,2.0,2.0,9.41,0.00,9.41,329.60,110.85,0.00
2024-07-11,2024-07-01,FC-Central,Swiftline,2,2,0,0,0,0.0,2.0,2.0,14.21,0.00,14.21,860.08,368.36,0.00
2024-07-08,2024-07-01,FC-North,Swiftline,1,1,0,0,0,0.0,4.0,3.0,12.32,0.00,12.32,738.31,84.03,0.00
2024-09-02,2024-09-01,FC-South,Swiftline,3,3,0,0,0,0.0,3.0,2.333,22.67,0.00,22.67,775.54,322.61,0.00
2024-07-18,2024-07-01,FC-Central,Metro Post,1,1,0,0,0,0.0,2.0,1.0,3.81,0.00,3.81,85.31,27.75,0.00
2024-11-26,2024-11-01,FC-Central,Swiftline,5,4,1,1,9,1.8,5.4,5.0,69.88,0.00,69.88,1362.54,55.2,560.79
2024-07-20,2024-07-01,FC-South,Regional Freight,1,1,0,0,0,0.0,2.0,2.0,2.43,4.99,-2.56,29.88,16.86,0.00
2024-07-23,2024-07-01,FC-Central,Metro Post,1,1,0,0,0,0.0,4.0,4.0,5.51,0.00,5.51,170.18,86.13,0.00
2024-07-26,2024-07-01,FC-Central,Swiftline,2,2,0,0,0,0.0,1.5,1.5,27.90,0.00,27.90,932.55,212.81,0.00
2025-08-17,2025-08-01,FC-North,Metro Post,3,3,0,0,0,0.0,3.333,3.0,56.48,0.00,56.48,1424.10,316.35,0.00
2025-01-19,2025-01-01,FC-Central,Metro Post,2,1,1,0,1,0.5,3.0,2.5,29.74,0.00,29.74,679.56,98.12,80.71
2024-11-01,2024-11-01,FC-Central,Swiftline,2,2,0,0,0,0.0,2.5,2.0,38.27,4.99,33.28,894.59,-226.49,0.00
2024-09-19,2024-09-01,FC-North,Swiftline,4,4,0,0,0,0.0,3.75,3.75,22.06,4.99,17.07,659.62,116.95,0.00
2025-03-15,2025-03-01,FC-Central,Regional Freight,3,3,0,0,0,0.0,3.0,2.333,26.95,0.00,26.95,1019.50,410.29,0.00
2025-04-30,2025-04-01,FC-Central,Swiftline,1,1,0,0,0,0.0,2.0,2.0,12.02,0.00,12.02,195.99,51.84,0.00
2024-10-09,2024-10-01,FC-South,Regional Freight,1,0,1,0,1,1.0,5.0,5.0,3.72,0.00,3.72,512.01,-233.52,512.01
2024-10-31,2024-10-01,FC-Central,Regional Freight,1,0,1,0,1,1.0,4.0,4.0,3.06,0.00,3.06,161.91,80.97,161.91
2024-11-18,2024-11-01,FC-South,Swiftline,1,1,0,0,0,0.0,1.0,1.0,8.49,0.00,8.49,160.07,55.41,0.00
2024-12-22,2024-12-01,FC-Central,Swiftline,3,3,0,0,0,0.0,2.667,2.333,29.81,0.00,29.81,583.63,100.62,0.00
2025-06-01,2025-06-01,FC-Central,Metro Post,7,7,0,0,0,0.0,3.143,2.429,41.67,4.99,36.68,1316.22,379.39,0.00
2024-08-24,2024-08-01,FC-South,Swiftline,1,1,0,0,0,0.0,2.0,1.0,8.62,0.00,8.62,178.06,20.0,0.00
2024-11-23,2024-11-01,FC-South,Regional Freight,4,3,1,1,6,1.5,4.0,3.5,20.14,0.00,20.14,917.26,47.46,252.77
2024-11-27,2024-11-01,FC-South,Metro Post,4,4,0,0,0,0.0,2.5,1.75,24.90,0.00,24.90,818.38,279.08,0.00
2024-12-01,2024-12-01,FC-North,Swiftline,2,2,0,0,0,0.0,3.5,2.0,23.40,0.00,23.40,490.52,131.55,0.00
2024-11-04,2024-11-01,FC-Central,Regional Freight,2,1,1,0,2,1.0,3.5,3.5,9.73,4.99,4.74,123.18,49.85,28.50
2024-10-05,2024-10-01,FC-South,Swiftline,2,2,0,0,0,0.0,4.5,4.5,19.33,4.99,14.34,339.18,-123.37,0.00
2024-09-10,2024-09-01,FC-South,Metro Post,2,1,1,1,3,1.5,4.0,3.0,15.13,0.00,15.13,416.04,189.98,152.84
2024-09-07,2024-09-01,FC-South,Regional Freight,1,1,0,0,0,0.0,2.0,1.0,2.57,4.99,-2.42,28.94,2.42,0.00
2024-09-15,2024-09-01,FC-North,Swiftline,3,2,1,1,4,1.333,3.667,3.0,20.35,0.00,20.35,572.31,47.5,139.31
2024-11-22,2024-11-01,FC-South,Swiftline,3,3,0,0,0,0.0,3.333,3.0,35.45,0.00,35.45,956.63,369.13,0.00
2025-01-17,2025-01-01,FC-North,Swiftline,6,5,1,0,2,0.333,3.0,2.667,36.20,0.00,36.20,1657.83,649.03,87.13
2025-04-02,2025-04-01,FC-Central,Regional Freight,2,2,0,0,0,0.0,1.5,1.5,18.32,0.00,18.32,822.57,312.97,0.00
2025-04-22,2025-04-01,FC-South,Regional Freight,3,3,0,0,0,0.0,3.333,2.333,9.68,4.99,4.69,651.27,117.85,0.00
2024-09-18,2024-09-01,FC-North,Metro Post,3,2,1,0,2,0.667,3.333,2.667,26.30,0.00,26.30,940.91,367.84,131.59
2025-02-17,2025-02-01,FC-North,Swiftline,4,4,0,0,0,0.0,2.5,2.0,25.75,0.00,25.75,1076.60,246.14,0.00
2025-01-09,2025-01-01,FC-Central,Metro Post,3,3,0,0,0,0.0,2.333,2.0,24.60,0.00,24.60,662.18,130.57,0.00
2024-09-28,2024-09-01,FC-Central,Regional Freight,1,1,0,0,0,0.0,3.0,1.0,2.66,0.00,2.66,66.55,37.22,0.00
2025-10-16,2025-10-01,FC-North,Swiftline,2,2,0,0,0,0.0,3.5,3.0,11.46,0.00,11.46,395.94,157.2,0.00
2024-10-01,2024-10-01,FC-Central,Regional Freight,2,1,1,1,9,4.5,7.5,7.0,11.16,0.00,11.16,253.97,64.25,134.66
2025-07-21,2025-07-01,FC-North,Regional Freight,1,1,0,0,0,0.0,2.0,1.0,8.91,0.00,8.91,408.30,47.09,0.00
2025-01-23,2025-01-01,FC-Central,Regional Freight,2,2,0,0,0,0.0,3.5,3.5,14.65,4.99,9.66,264.26,98.93,0.00
2024-10-28,2024-10-01,FC-South,Regional Freight,3,1,2,0,3,1.0,4.333,3.333,12.78,0.00,12.78,504.37,228.46,438.55
2024-10-03,2024-10-01,FC-Central,Regional Freight,2,2,0,0,0,0.0,3.5,2.0,9.52,0.00,9.52,474.38,147.25,0.00
2024-10-06,2024-10-01,FC-North,Swiftline,1,1,0,0,0,0.0,1.0,1.0,5.30,0.00,5.30,323.46,197.78,0.00
2025-02-23,2025-02-01,FC-Central,Swiftline,2,2,0,0,0,0.0,2.5,2.0,25.19,0.00,25.19,352.20,157.32,0.00
2024-10-09,2024-10-01,FC-North,Swiftline,1,1,0,0,0,0.0,3.0,2.0,5.09,0.00,5.09,149.09,77.87,0.00
2025-02-22,2025-02-01,FC-North,Swiftline,2,2,0,0,0,0.0,2.5,1.5,9.90,0.00,9.90,254.02,91.85,0.00
2025-01-23,2025-01-01,FC-South,Swiftline,1,1,0,0,0,0.0,3.0,3.0,8.84,0.00,8.84,217.98,59.25,0.00
2024-11-24,2024-11-01,FC-South,Swiftline,1,1,0,0,0,0.0,2.0,2.0,14.22,0.00,14.22,167.96,72.92,0.00
2024-10-19,2024-10-01,FC-South,Regional Freight,4,2,2,1,7,1.75,4.5,4.5,37.80,0.00,37.80,4360.18,633.03,1802.53
2025-06-03,2025-06-01,FC-North,Regional Freight,1,1,0,0,0,0.0,4.0,3.0,3.05,0.00,3.05,59.52,26.96,0.00
2025-07-15,2025-07-01,FC-North,Swiftline,1,1,0,0,0,0.0,2.0,2.0,8.86,0.00,8.86,184.72,65.49,0.00
2026-02-11,2026-02-01,FC-North,Swiftline,2,2,0,0,0,0.0,2.5,2.5,55.24,0.00,55.24,796.12,256.4,0.00
2024-10-20,2024-10-01,FC-North,Metro Post,2,2,0,0,0,0.0,2.5,2.5,11.98,0.00,11.98,317.80,57.28,0.00
2025-12-06,2025-12-01,FC-North,Swiftline,6,6,0,0,0,0.0,3.333,3.0,66.22,0.00,66.22,2537.00,73.95,0.00
2024-10-24,2024-10-01,FC-South,Regional Freight,2,1,1,1,3,1.5,5.5,5.5,16.08,0.00,16.08,1024.91,268.96,855.08
2024-10-22,2024-10-01,FC-North,Metro Post,1,1,0,0,0,0.0,2.0,1.0,5.06,0.00,5.06,126.60,16.01,0.00
2025-06-04,2025-06-01,FC-South,Metro Post,2,2,0,0,0,0.0,3.5,3.5,13.16,0.00,13.16,456.42,104.11,0.00
2025-01-27,2025-01-01,FC-Central,Swiftline,2,2,0,0,0,0.0,4.0,2.5,22.71,0.00,22.71,1219.26,300.78,0.00
2025-02-27,2025-02-01,FC-South,Metro Post,1,1,0,0,0,0.0,3.0,3.0,12.05,0.00,12.05,310.70,116.02,0.00
2025-09-07,2025-09-01,FC-South,Regional Freight,6,3,3,1,6,1.0,4.333,3.667,35.15,0.00,35.15,2002.84,-232.85,1339.06
2025-02-13,2025-02-01,FC-South,Regional Freight,2,1,1,0,1,0.5,4.5,4.5,12.35,0.00,12.35,574.31,231.77,382.80
2025-04-17,2025-04-01,FC-South,Metro Post,3,3,0,0,0,0.0,3.0,2.333,41.94,0.00,41.94,733.67,214.06,0.00
2025-03-24,2025-03-01,FC-North,Swiftline,1,1,0,0,0,0.0,3.0,3.0,5.61,0.00,5.61,170.61,75.82,0.00
2024-12-14,2024-12-01,FC-Central,Regional Freight,2,2,0,0,0,0.0,3.0,2.5,15.64,0.00,15.64,662.76,256.18,0.00
2025-02-15,2025-02-01,FC-Central,Regional Freight,2,2,0,0,0,0.0,3.0,2.5,11.80,0.00,11.80,798.27,206.96,0.00
2025-04-18,2025-04-01,FC-South,Metro Post,1,1,0,0,0,0.0,4.0,3.0,8.88,0.00,8.88,820.26,106.16,0.00
2024-11-09,2024-11-01,FC-Central,Swiftline,4,3,1,0,1,0.25,4.25,3.25,40.00,4.99,35.01,1186.66,331.42,493.28
2025-06-11,2025-06-01,FC-North,Swiftline,4,4,0,0,0,0.0,2.5,2.25,33.79,4.99,28.80,734.15,-54.27,0.00
2025-04-13,2025-04-01,FC-South,Swiftline,2,1,1,0,1,0.5,5.0,5.0,26.02,4.99,21.03,597.09,19.52,560.48
2025-06-06,2025-06-01,FC-Central,Swiftline,1,1,0,0,0,0.0,2.0,2.0,5.18,0.00,5.18,675.52,71.8,0.00
2025-12-04,2025-12-01,FC-Central,Regional Freight,3,2,1,1,6,2.0,5.0,4.333,25.78,0.00,25.78,1656.57,368.08,101.84
2024-11-13,2024-11-01,FC-South,Swiftline,2,1,1,0,1,0.5,3.5,2.0,26.02,0.00,26.02,723.06,144.84,589.96
2024-11-15,2024-11-01,FC-Central,Swiftline,1,1,0,0,0,0.0,2.0,1.0,23.59,0.00,23.59,670.81,132.16,0.00
2024-11-14,2024-11-01,FC-South,Metro Post,1,1,0,0,0,0.0,1.0,1.0,9.64,0.00,9.64,517.05,3.42,0.00
2024-11-16,2024-11-01,FC-North,Metro Post,1,0,1,0,1,1.0,4.0,3.0,37.58,0.00,37.58,1076.34,204.29,1076.34
2025-01-22,2025-01-01,FC-South,Swiftline,1,1,0,0,0,0.0,2.0,2.0,3.70,0.00,3.70,61.46,37.18,0.00
2024-11-18,2024-11-01,FC-Central,Regional Freight,1,1,0,0,0,0.0,3.0,3.0,15.71,0.00,15.71,1273.51,109.32,0.00
2025-07-10,2025-07-01,FC-Central,Metro Post,3,2,1,0,1,0.333,3.0,2.0,16.39,0.00,16.39,726.33,168.92,214.98
2025-11-21,2025-11-01,FC-South,Swiftline,3,2,1,0,1,0.333,3.667,3.0,15.86,0.00,15.86,481.18,205.35,335.17
2024-11-25,2024-11-01,FC-South,Swiftline,1,1,0,0,0,0.0,3.0,2.0,6.30,0.00,6.30,108.29,10.57,0.00
2026-01-13,2026-01-01,FC-South,Swiftline,1,1,0,0,0,0.0,4.0,3.0,4.08,0.00,4.08,101.71,51.36,0.00
2024-11-29,2024-11-01,FC-North,Swiftline,4,3,1,0,2,0.5,3.25,3.25,22.50,4.99,17.51,655.20,175.05,31.99
2024-11-30,2024-11-01,FC-Central,Regional Freight,2,0,2,1,5,2.5,5.5,4.5,12.84,0.00,12.84,391.93,91.17,391.93
2025-02-21,2025-02-01,FC-Central,Metro Post,2,2,0,0,0,0.0,3.5,3.5,42.08,0.00,42.08,994.21,135.65,0.00
2025-02-20,2025-02-01,FC-South,Regional Freight,1,0,1,1,4,4.0,6.0,5.0,19.60,0.00,19.60,562.34,162.69,562.34
2024-12-04,2024-12-01,FC-Central,Metro Post,2,2,0,0,0,0.0,2.0,2.0,6.89,4.99,1.90,134.36,22.83,0.00
2024-12-06,2024-12-01,FC-Central,Regional Freight,1,0,1,1,3,3.0,6.0,5.0,4.46,0.00,4.46,219.44,-4.46,219.44
2025-02-24,2025-02-01,FC-Central,Metro Post,2,2,0,0,0,0.0,2.0,2.0,17.99,0.00,17.99,659.14,284.91,0.00
2024-12-05,2024-12-01,FC-Central,Regional Freight,1,1,0,0,0,0.0,3.0,3.0,3.48,0.00,3.48,90.39,17.49,0.00
2024-12-07,2024-12-01,FC-North,Metro Post,1,1,0,0,0,0.0,4.0,4.0,4.19,0.00,4.19,410.24,227.84,0.00
2025-02-05,2025-02-01,FC-North,Swiftline,1,1,0,0,0,0.0,4.0,3.0,9.56,0.00,9.56,1036.30,70.57,0.00
2025-06-29,2025-06-01,FC-North,Regional Freight,1,1,0,0,0,0.0,2.0,1.0,9.80,0.00,9.80,411.38,182.94,0.00
2025-02-04,2025-02-01,FC-South,Swiftline,2,2,0,0,0,0.0,3.5,3.5,9.17,0.00,9.17,269.20,133.55,0.00
2024-12-18,2024-12-01,FC-South,Swiftline,1,1,0,0,0,0.0,2.0,1.0,4.13,0.00,4.13,45.89,22.86,0.00
2025-07-02,2025-07-01,FC-South,Regional Freight,3,3,0,0,0,0.0,2.667,2.333,19.27,0.00,19.27,388.68,107.56,0.00
2025-07-21,2025-07-01,FC-South,Swiftline,3,3,0,0,0,0.0,3.667,3.667,17.73,0.00,17.73,838.32,144.82,0.00
2025-03-25,2025-03-01,FC-North,Metro Post,4,3,1,1,6,1.5,4.0,3.5,32.01,0.00,32.01,1618.60,416.49,738.48
2025-03-09,2025-03-01,FC-Central,Regional Freight,1,1,0,0,0,0.0,4.0,4.0,15.43,0.00,15.43,1100.54,70.66,0.00
2025-03-08,2025-03-01,FC-North,Metro Post,2,2,0,0,0,0.0,2.5,2.0,32.83,4.99,27.84,375.72,78.34,0.00
2025-01-27,2025-01-01,FC-North,Swiftline,3,3,0,0,0,0.0,3.667,3.333,22.54,0.00,22.54,859.53,317.5,0.00
2024-12-26,2024-12-01,FC-North,Swiftline,1,1,0,0,0,0.0,5.0,5.0,13.97,0.00,13.97,415.52,68.66,0.00
2025-02-07,2025-02-01,FC-Central,Regional Freight,2,2,0,0,0,0.0,2.5,1.5,13.56,0.00,13.56,1389.54,197.01,0.00
2025-05-21,2025-05-01,FC-Central,Swiftline,1,1,0,0,0,0.0,3.0,1.0,13.12,0.00,13.12,162.12,-4.09,0.00
2025-01-04,2025-01-01,FC-Central,Regional Freight,1,0,1,0,1,1.0,4.0,4.0,3.56,0.00,3.56,258.50,-36.3,258.50
2025-01-11,2025-01-01,FC-Central,Metro Post,1,1,0,0,0,0.0,5.0,4.0,10.36,0.00,10.36,59.96,9.44,0.00
2025-02-10,2025-02-01,FC-Central,Regional Freight,4,3,1,0,1,0.25,2.5,1.75,16.03,4.99,11.04,1046.52,215.65,580.69
2025-02-02,2025-02-01,FC-Central,Regional Freight,1,1,0,0,0,0.0,4.0,4.0,3.62,0.00,3.62,233.51,101.11,0.00
2025-03-31,2025-03-01,FC-South,Regional Freight,3,3,0,0,0,0.0,3.333,2.667,17.14,0.00,17.14,915.22,320.13,0.00
2025-08-22,2025-08-01,FC-North,Metro Post,3,2,1,1,4,1.333,4.0,3.333,18.45,4.99,13.46,376.84,135.5,123.44
2025-10-28,2025-10-01,FC-Central,Metro Post,2,2,0,0,0,0.0,3.5,3.5,19.93,0.00,19.93,517.23,77.86,0.00
2026-02-14,2026-02-01,FC-South,Metro Post,1,1,0,0,0,0.0,5.0,5.0,3.10,4.99,-1.89,34.19,18.38,0.00
2025-02-03,2025-02-01,FC-Central,Regional Freight,1,1,0,0,0,0.0,4.0,4.0,2.35,0.00,2.35,63.36,40.35,0.00
2025-03-01,2025-03-01,FC-Central,Metro Post,2,2,0,0,0,0.0,2.0,2.0,21.73,0.00,21.73,1467.68,543.19,0.00
2025-10-06,2025-10-01,FC-Central,Swiftline,5,5,0,0,0,0.0,2.8,2.8,40.99,4.99,36.00,1147.71,416.41,0.00
2025-03-16,2025-03-01,FC-Central,Regional Freight,2,2,0,0,0,0.0,1.0,1.0,10.96,0.00,10.96,1038.10,75.61,0.00
2025-09-27,2025-09-01,FC-North,Swiftline,4,4,0,0,0,0.0,2.75,2.25,28.10,4.99,23.11,377.89,192.68,0.00
2025-04-24,2025-04-01,FC-Central,Regional Freight,2,1,1,0,1,0.5,4.5,4.0,9.62,0.00,9.62,1169.89,387.77,810.77
2025-03-07,2025-03-01,FC-Central,Regional Freight,2,2,0,0,0,0.0,2.0,1.5,6.37,0.00,6.37,484.41,242.2,0.00
2025-04-27,2025-04-01,FC-South,Regional Freight,3,1,2,1,6,2.0,5.667,5.333,20.71,0.00,20.71,1534.94,399.29,1090.16
2025-03-08,2025-03-01,FC-Central,Swiftline,2,2,0,0,0,0.0,2.0,1.5,12.27,0.00,12.27,509.46,270.53,0.00
2025-03-06,2025-03-01,FC-South,Regional Freight,1,1,0,0,0,0.0,2.0,2.0,4.56,0.00,4.56,258.96,-4.56,0.00
2025-05-08,2025-05-01,FC-Central,Regional Freight,1,0,1,1,3,3.0,6.0,6.0,13.42,0.00,13.42,390.68,90.82,390.68
2025-03-17,2025-03-01,FC-Central,Metro Post,2,2,0,0,0,0.0,3.0,2.5,28.33,0.00,28.33,631.10,49.62,0.00
2025-03-18,2025-03-01,FC-Central,Regional Freight,1,0,1,0,2,2.0,7.0,7.0,2.55,0.00,2.55,105.48,65.98,105.48
2025-03-19,2025-03-01,FC-Central,Regional Freight,2,1,1,0,1,0.5,4.5,3.5,12.03,0.00,12.03,594.01,108.09,518.95
2025-05-01,2025-05-01,FC-South,Metro Post,2,2,0,0,0,0.0,3.0,2.5,23.35,0.00,23.35,717.54,223.88,0.00
2026-02-02,2026-02-01,FC-South,Regional Freight,2,2,0,0,0,0.0,3.0,2.0,6.13,0.00,6.13,323.49,134.03,0.00
2025-03-26,2025-03-01,FC-Central,Regional Freight,2,2,0,0,0,0.0,3.0,1.5,8.54,0.00,8.54,223.88,53.29,0.00
2025-04-24,2025-04-01,FC-South,Regional Freight,3,3,0,0,0,0.0,3.0,2.667,18.15,0.00,18.15,1298.46,242.99,0.00
2025-03-27,2025-03-01,FC-South,Swiftline,2,2,0,0,0,0.0,2.5,2.0,33.59,0.00,33.59,611.04,256.55,0.00
2025-03-26,2025-03-01,FC-North,Regional Freight,1,1,0,0,0,0.0,4.0,3.0,2.99,0.00,2.99,106.66,-44.3,0.00
2025-03-29,2025-03-01,FC-South,Swiftline,1,1,0,0,0,0.0,4.0,4.0,20.66,0.00,20.66,679.95,29.55,0.00
2025-04-03,2025-04-01,FC-North,Swiftline,1,1,0,0,0,0.0,5.0,4.0,9.17,0.00,9.17,769.90,96.63,0.00
2025-08-06,2025-08-01,FC-South,Regional Freight,1,0,1,0,1,1.0,4.0,4.0,8.29,0.00,8.29,274.80,114.73,274.80
2025-04-12,2025-04-01,FC-North,Swiftline,1,1,0,0,0,0.0,3.0,3.0,4.93,0.00,4.93,58.95,30.44,0.00
2025-10-02,2025-10-01,FC-South,Metro Post,6,5,1,0,1,0.167,2.333,1.833,62.15,0.00,62.15,2443.66,626.58,519.44
2025-11-01,2025-11-01,FC-Central,Swiftline,4,4,0,0,0,0.0,3.25,2.75,36.66,0.00,36.66,925.56,-405.46,0.00
2025-04-19,2025-04-01,FC-North,Swiftline,3,3,0,0,0,0.0,2.667,2.0,22.60,0.00,22.60,1466.92,410.56,0.00
2025-04-17,2025-04-01,FC-Central,Swiftline,2,1,1,1,3,1.5,5.0,5.0,17.91,0.00,17.91,435.61,88.04,116.54
2025-04-21,2025-04-01,FC-Central,Metro Post,1,1,0,0,0,0.0,3.0,3.0,10.36,0.00,10.36,412.54,-300.58,0.00
2025-05-24,2025-05-01,FC-Central,Metro Post,3,3,0,0,0,0.0,3.333,2.667,21.59,0.00,21.59,1312.94,192.38,0.00
2025-04-23,2025-04-01,FC-South,Swiftline,1,1,0,0,0,0.0,2.0,1.0,5.32,0.00,5.32,256.34,155.44,0.00
2025-06-28,2025-06-01,FC-North,Metro Post,2,2,0,0,0,0.0,2.0,2.0,18.97,0.00,18.97,761.47,48.49,0.00
2025-06-15,2025-06-01,FC-North,Swiftline,5,5,0,0,0,0.0,2.8,2.0,38.03,0.00,38.03,1055.61,288.92,0.00
2025-10-08,2025-10-01,FC-North,Swiftline,3,3,0,0,0,0.0,2.0,1.0,27.57,0.00,27.57,618.49,46.94,0.00
2025-12-02,2025-12-01,FC-North,Swiftline,4,4,0,0,0,0.0,3.25,2.75,57.42,0.00,57.42,1576.20,194.92,0.00
2026-05-03,2026-05-01,FC-North,Swiftline,1,1,0,0,0,0.0,3.0,3.0,16.02,0.00,16.02,188.36,13.3,0.00
2025-10-04,2025-10-01,FC-Central,Regional Freight,1,1,0,0,0,0.0,2.0,1.0,3.52,4.99,-1.47,39.11,9.85,0.00
2026-03-27,2026-03-01,FC-South,Metro Post,2,1,1,0,1,0.5,3.5,3.0,19.56,0.00,19.56,777.32,-198.86,615.75
2025-05-16,2025-05-01,FC-Central,Metro Post,1,1,0,0,0,0.0,3.0,1.0,3.53,0.00,3.53,51.99,26.58,0.00
2026-04-05,2026-04-01,FC-South,Metro Post,4,4,0,0,0,0.0,3.0,2.75,32.79,0.00,32.79,1267.21,507.69,0.00
2025-07-13,2025-07-01,FC-North,Metro Post,1,1,0,0,0,0.0,3.0,3.0,3.11,0.00,3.11,63.36,39.59,0.00
2025-05-17,2025-05-01,FC-Central,Swiftline,2,2,0,0,0,0.0,2.5,1.5,49.33,0.00,49.33,1561.01,417.09,0.00
2025-05-22,2025-05-01,FC-South,Regional Freight,3,3,0,0,0,0.0,2.0,1.667,21.63,0.00,21.63,1030.85,471.5,0.00
2025-10-09,2025-10-01,FC-Central,Swiftline,4,4,0,0,0,0.0,3.0,2.0,31.21,0.00,31.21,1369.24,217.03,0.00
2025-05-22,2025-05-01,FC-Central,Regional Freight,1,0,1,0,1,1.0,4.0,4.0,6.43,0.00,6.43,130.30,17.91,130.30
2025-11-27,2025-11-01,FC-North,Metro Post,3,2,1,0,1,0.333,4.333,4.0,27.91,4.99,22.92,567.36,149.07,354.25
2025-10-25,2025-10-01,FC-Central,Metro Post,2,2,0,0,0,0.0,4.0,4.0,13.78,4.99,8.79,354.10,175.32,0.00
2025-09-30,2025-09-01,FC-North,Swiftline,3,3,0,0,0,0.0,3.0,2.667,28.34,4.99,23.35,1438.73,420.3,0.00
2025-10-17,2025-10-01,FC-South,Metro Post,3,2,1,0,1,0.333,4.667,4.333,31.95,0.00,31.95,1284.36,494.54,780.77
2025-09-29,2025-09-01,FC-South,Metro Post,2,2,0,0,0,0.0,2.5,2.5,7.91,0.00,7.91,437.45,14.61,0.00
2025-06-01,2025-06-01,FC-South,Swiftline,1,1,0,0,0,0.0,4.0,3.0,22.65,0.00,22.65,383.75,91.22,0.00
2025-12-01,2025-12-01,FC-South,Metro Post,4,3,1,0,2,0.5,4.25,4.25,32.32,0.00,32.32,1217.29,272.92,329.87
2025-12-07,2025-12-01,FC-Central,Swiftline,2,2,0,0,0,0.0,3.0,1.0,17.43,0.00,17.43,716.36,230.25,0.00
2025-06-07,2025-06-01,FC-Central,Regional Freight,1,1,0,0,0,0.0,4.0,2.0,2.85,0.00,2.85,81.22,48.99,0.00
2025-06-10,2025-06-01,FC-Central,Regional Freight,3,3,0,0,0,0.0,3.0,1.667,21.43,0.00,21.43,1099.12,247.68,0.00
2025-06-09,2025-06-01,FC-Central,Metro Post,1,0,1,0,1,1.0,3.0,1.0,28.87,0.00,28.87,192.88,32.73,192.88
2025-08-31,2025-08-01,FC-Central,Metro Post,1,1,0,0,0,0.0,3.0,3.0,3.90,0.00,3.90,161.51,46.73,0.00
2025-12-08,2025-12-01,FC-North,Swiftline,2,1,1,0,1,0.5,4.0,3.0,15.65,0.00,15.65,554.77,174.69,175.03
2025-09-03,2025-09-01,FC-South,Swiftline,2,2,0,0,0,0.0,3.5,3.0,21.34,0.00,21.34,752.06,35.8,0.00
2025-07-28,2025-07-01,FC-South,Regional Freight,3,3,0,0,0,0.0,3.0,2.667,23.44,0.00,23.44,754.23,273.7,0.00
2025-06-24,2025-06-01,FC-South,Metro Post,1,1,0,0,0,0.0,3.0,1.0,30.32,0.00,30.32,205.86,-17.26,0.00
2025-06-27,2025-06-01,FC-Central,Swiftline,1,1,0,0,0,0.0,2.0,1.0,17.49,0.00,17.49,423.72,46.27,0.00
2025-07-06,2025-07-01,FC-South,Metro Post,2,1,1,0,1,0.5,3.0,2.5,16.89,0.00,16.89,517.15,202.58,405.20
2025-10-16,2025-10-01,FC-South,Metro Post,5,2,3,2,11,2.2,6.2,6.2,30.93,0.00,30.93,1319.81,238.52,1033.95
2025-07-04,2025-07-01,FC-South,Metro Post,2,2,0,0,0,0.0,3.0,3.0,11.23,0.00,11.23,258.42,104.04,0.00
2025-11-26,2025-11-01,FC-South,Regional Freight,4,2,2,2,7,1.75,5.25,5.0,11.72,0.00,11.72,712.02,164.32,418.47
2026-01-05,2026-01-01,FC-Central,Regional Freight,5,4,1,0,1,0.2,3.6,3.4,27.05,0.00,27.05,1407.47,474.81,325.07
2025-09-22,2025-09-01,FC-South,Regional Freight,2,2,0,0,0,0.0,3.5,3.5,11.04,0.00,11.04,548.26,149.7,0.00
2025-07-14,2025-07-01,FC-South,Swiftline,2,2,0,0,0,0.0,3.0,3.0,8.67,4.99,3.68,206.37,113.93,0.00
2026-01-13,2026-01-01,FC-Central,Swiftline,1,1,0,0,0,0.0,2.0,2.0,5.97,0.00,5.97,180.87,101.17,0.00
2025-07-18,2025-07-01,FC-North,Metro Post,1,1,0,0,0,0.0,3.0,3.0,5.65,0.00,5.65,236.24,59.29,0.00
2026-01-30,2026-01-01,FC-South,Swiftline,1,1,0,0,0,0.0,3.0,2.0,21.53,0.00,21.53,823.32,356.95,0.00
2025-09-06,2025-09-01,FC-South,Metro Post,2,2,0,0,0,0.0,3.0,2.0,19.25,0.00,19.25,486.82,16.91,0.00
2025-07-20,2025-07-01,FC-Central,Swiftline,2,2,0,0,0,0.0,2.5,2.0,14.06,0.00,14.06,343.15,109.81,0.00
2026-06-26,2026-06-01,FC-South,Regional Freight,3,2,1,0,2,0.667,3.667,3.0,19.13,4.99,14.14,1152.43,354.33,31.13
2025-09-08,2025-09-01,FC-South,Regional Freight,3,3,0,0,0,0.0,2.667,2.333,12.72,0.00,12.72,818.76,174.39,0.00
2025-11-08,2025-11-01,FC-South,Regional Freight,4,2,2,1,4,1.0,4.5,3.5,16.74,9.98,6.76,429.47,156.72,362.38
2025-08-07,2025-08-01,FC-Central,Regional Freight,4,4,0,0,0,0.0,2.75,2.25,16.17,0.00,16.17,1341.97,199.58,0.00
2025-10-11,2025-10-01,FC-Central,Metro Post,2,1,1,1,3,1.5,5.0,4.0,9.74,0.00,9.74,474.21,156.38,366.59
2025-10-07,2025-10-01,FC-South,Regional Freight,4,1,3,1,10,2.5,5.5,5.5,20.76,0.00,20.76,687.81,132.46,477.71
2026-02-22,2026-02-01,FC-Central,Regional Freight,3,3,0,0,0,0.0,2.333,2.333,16.05,0.00,16.05,724.94,342.63,0.00
2025-08-09,2025-08-01,FC-South,Regional Freight,1,1,0,0,0,0.0,3.0,3.0,4.18,0.00,4.18,184.30,10.94,0.00
2025-10-03,2025-10-01,FC-Central,Metro Post,3,3,0,0,0,0.0,3.333,3.333,18.89,0.00,18.89,985.19,255.44,0.00
2026-01-14,2026-01-01,FC-Central,Metro Post,1,1,0,0,0,0.0,2.0,1.0,3.45,0.00,3.45,276.32,-26.4,0.00
2025-08-12,2025-08-01,FC-South,Metro Post,5,4,1,1,3,0.6,3.6,3.2,47.00,9.98,37.02,1214.86,377.61,414.36
2025-08-15,2025-08-01,FC-South,Swiftline,1,1,0,0,0,0.0,2.0,2.0,5.21,0.00,5.21,56.20,16.71,0.00
2025-11-18,2025-11-01,FC-South,Regional Freight,5,3,2,2,8,1.6,5.6,5.2,30.43,4.99,25.44,1912.42,162.54,187.43
2026-04-27,2026-04-01,FC-South,Regional Freight,6,4,2,1,5,0.833,3.167,2.833,53.27,0.00,53.27,1918.98,451.64,815.73
2026-06-16,2026-06-01,FC-Central,Regional Freight,3,3,0,0,0,0.0,2.0,1.667,30.24,0.00,30.24,1472.16,493.72,0.00
2026-01-09,2026-01-01,FC-South,Metro Post,3,3,0,0,0,0.0,2.333,1.333,15.06,0.00,15.06,1034.48,426.29,0.00
2025-11-17,2025-11-01,FC-North,Regional Freight,1,1,0,0,0,0.0,5.0,5.0,14.41,0.00,14.41,1220.62,250.75,0.00
2026-04-14,2026-04-01,FC-South,Swiftline,4,4,0,0,0,0.0,3.0,2.5,38.00,0.00,38.00,1276.71,212.69,0.00
2025-09-02,2025-09-01,FC-South,Regional Freight,3,2,1,0,1,0.333,2.0,2.0,11.38,0.00,11.38,436.80,39.7,133.02
2025-09-03,2025-09-01,FC-North,Swiftline,4,4,0,0,0,0.0,2.75,2.0,23.24,0.00,23.24,1085.16,461.79,0.00
2026-01-11,2026-01-01,FC-South,Swiftline,1,1,0,0,0,0.0,1.0,1.0,15.26,0.00,15.26,347.09,-0.1,0.00
2025-09-05,2025-09-01,FC-South,Swiftline,1,1,0,0,0,0.0,4.0,4.0,12.54,0.00,12.54,196.43,101.6,0.00
2026-02-17,2026-02-01,FC-North,Swiftline,2,2,0,0,0,0.0,2.0,2.0,8.20,4.99,3.21,67.01,40.01,0.00
2025-09-07,2025-09-01,FC-North,Metro Post,1,1,0,0,0,0.0,4.0,3.0,11.58,0.00,11.58,550.36,181.87,0.00
2026-03-06,2026-03-01,FC-Central,Swiftline,4,4,0,0,0,0.0,3.5,2.5,37.49,0.00,37.49,1464.99,288.61,0.00
2025-11-23,2025-11-01,FC-South,Swiftline,5,3,2,1,7,1.4,4.2,4.0,42.76,0.00,42.76,1278.97,246.18,372.28
2025-09-13,2025-09-01,FC-North,Swiftline,3,3,0,0,0,0.0,2.667,2.667,23.41,0.00,23.41,437.24,145.01,0.00
2026-06-07,2026-06-01,FC-South,Regional Freight,4,2,2,0,4,1.0,4.5,3.5,37.52,0.00,37.52,2087.83,270.58,590.56
2025-09-20,2025-09-01,FC-South,Metro Post,2,1,1,1,6,3.0,8.0,7.5,10.75,4.99,5.76,223.71,11.07,201.95
2026-01-16,2026-01-01,FC-Central,Regional Freight,3,1,2,0,4,1.333,5.0,4.667,12.72,0.00,12.72,605.15,75.99,503.68
2025-09-26,2025-09-01,FC-Central,Swiftline,1,1,0,0,0,0.0,3.0,3.0,4.18,4.99,-0.81,43.18,26.45,0.00
2025-09-25,2025-09-01,FC-Central,Swiftline,3,3,0,0,0,0.0,2.333,2.0,18.14,4.99,13.15,648.89,182.46,0.00
2026-02-27,2026-02-01,FC-North,Swiftline,3,3,0,0,0,0.0,3.0,2.0,20.40,0.00,20.40,983.36,198.17,0.00
2025-10-06,2025-10-01,FC-South,Metro Post,2,2,0,0,0,0.0,3.5,2.5,6.99,0.00,6.99,156.13,63.3,0.00
2026-02-07,2026-02-01,FC-Central,Swiftline,3,3,0,0,0,0.0,2.667,2.667,19.10,0.00,19.10,796.48,75.03,0.00
2025-10-07,2025-10-01,FC-Central,Swiftline,2,2,0,0,0,0.0,2.0,1.5,15.46,0.00,15.46,247.33,14.65,0.00
2025-10-26,2025-10-01,FC-North,Regional Freight,2,2,0,0,0,0.0,5.0,3.5,7.73,0.00,7.73,241.49,90.04,0.00
2025-10-08,2025-10-01,FC-South,Swiftline,4,3,1,0,1,0.25,4.0,3.75,32.72,0.00,32.72,861.07,207.29,178.13
2025-10-20,2025-10-01,FC-North,Regional Freight,2,2,0,0,0,0.0,3.0,2.0,6.29,0.00,6.29,304.46,108.94,0.00
2026-02-19,2026-02-01,FC-South,Swiftline,4,3,1,0,1,0.25,3.0,2.25,55.46,0.00,55.46,1832.28,407.89,1044.66
2025-10-20,2025-10-01,FC-Central,Regional Freight,1,1,0,0,0,0.0,3.0,3.0,5.49,0.00,5.49,293.39,14.87,0.00
2025-10-26,2025-10-01,FC-South,Regional Freight,1,0,1,0,2,2.0,5.0,5.0,11.81,0.00,11.81,310.94,92.45,310.94
2025-10-30,2025-10-01,FC-Central,Metro Post,2,2,0,0,0,0.0,2.5,1.5,14.97,0.00,14.97,726.79,109.93,0.00
2025-10-31,2025-10-01,FC-Central,Swiftline,2,2,0,0,0,0.0,2.0,2.0,9.93,0.00,9.93,427.16,170.75,0.00
2025-11-02,2025-11-01,FC-Central,Regional Freight,2,1,1,1,4,2.0,5.5,5.0,8.44,0.00,8.44,379.14,-77.68,218.23
2026-03-03,2026-03-01,FC-Central,Metro Post,3,3,0,0,0,0.0,3.333,3.0,23.48,0.00,23.48,1009.98,441.82,0.00
2026-01-28,2026-01-01,FC-North,Swiftline,3,3,0,0,0,0.0,3.0,2.333,23.38,0.00,23.38,936.98,369.92,0.00
2025-11-04,2025-11-01,FC-South,Swiftline,1,1,0,0,0,0.0,3.0,3.0,4.39,0.00,4.39,120.05,64.51,0.00
2026-03-23,2026-03-01,FC-Central,Metro Post,2,2,0,0,0,0.0,4.0,3.0,8.50,0.00,8.50,253.35,125.11,0.00
2025-12-20,2025-12-01,FC-North,Metro Post,2,1,1,0,1,0.5,4.5,4.5,16.11,0.00,16.11,934.33,216.88,145.78
2026-01-13,2026-01-01,FC-North,Metro Post,1,1,0,0,0,0.0,5.0,5.0,3.61,0.00,3.61,137.75,75.03,0.00
2026-02-22,2026-02-01,FC-North,Swiftline,3,3,0,0,0,0.0,2.333,2.333,26.84,0.00,26.84,1236.23,358.13,0.00
2026-02-02,2026-02-01,FC-North,Swiftline,4,4,0,0,0,0.0,3.25,3.0,24.94,0.00,24.94,962.14,208.72,0.00
2025-11-19,2025-11-01,FC-North,Swiftline,2,1,1,1,9,4.5,8.0,8.0,12.24,0.00,12.24,454.46,62.07,111.95
2025-11-21,2025-11-01,FC-North,Metro Post,3,3,0,0,0,0.0,3.0,2.667,20.51,0.00,20.51,438.96,112.66,0.00
2026-05-19,2026-05-01,FC-South,Metro Post,3,3,0,0,0,0.0,3.333,3.333,15.62,0.00,15.62,539.66,152.94,0.00
2026-02-09,2026-02-01,FC-Central,Regional Freight,3,3,0,0,0,0.0,4.333,3.333,37.10,0.00,37.10,1181.73,283.29,0.00
2026-01-20,2026-01-01,FC-Central,Regional Freight,1,0,1,1,6,6.0,9.0,9.0,5.25,0.00,5.25,352.95,182.21,352.95
2025-12-01,2025-12-01,FC-North,Metro Post,1,0,1,0,1,1.0,5.0,5.0,3.44,0.00,3.44,80.84,-22.34,80.84
2026-03-07,2026-03-01,FC-North,Metro Post,1,0,1,1,4,4.0,7.0,5.0,3.23,0.00,3.23,178.00,104.32,178.00
2026-03-12,2026-03-01,FC-South,Metro Post,1,1,0,0,0,0.0,5.0,5.0,11.37,0.00,11.37,249.23,-8.53,0.00
2026-05-01,2026-05-01,FC-North,Metro Post,3,1,2,1,11,3.667,7.667,7.0,17.26,0.00,17.26,1229.98,341.55,781.24
2025-12-09,2025-12-01,FC-North,Metro Post,3,2,1,1,3,1.0,4.0,3.667,19.02,0.00,19.02,593.07,172.4,231.71
2026-02-11,2026-02-01,FC-South,Regional Freight,4,1,3,2,8,2.0,5.5,5.0,17.55,0.00,17.55,956.65,295.2,895.19
2026-03-19,2026-03-01,FC-South,Regional Freight,3,3,0,0,0,0.0,4.0,3.333,13.76,0.00,13.76,372.89,69.99,0.00
2025-12-18,2025-12-01,FC-South,Swiftline,3,2,1,1,3,1.0,4.333,4.0,31.97,0.00,31.97,1011.22,82.24,78.30
2025-12-17,2025-12-01,FC-South,Swiftline,2,2,0,0,0,0.0,3.5,3.0,8.77,4.99,3.78,239.35,127.41,0.00
2026-01-31,2026-01-01,FC-Central,Swiftline,2,2,0,0,0,0.0,2.5,2.5,25.14,0.00,25.14,435.95,109.44,0.00
2026-02-25,2026-02-01,FC-South,Regional Freight,4,3,1,1,3,0.75,4.5,4.5,17.22,4.99,12.23,441.19,163.82,41.92
2026-05-15,2026-05-01,FC-South,Regional Freight,5,5,0,0,0,0.0,2.8,2.2,34.95,0.00,34.95,1259.72,279.15,0.00
2025-12-22,2025-12-01,FC-South,Metro Post,2,1,1,0,1,0.5,3.5,3.0,19.42,0.00,19.42,784.15,18.8,549.59
2026-02-24,2026-02-01,FC-Central,Metro Post,3,2,1,0,1,0.333,4.0,3.333,16.86,0.00,16.86,268.62,39.05,70.92
2026-04-30,2026-04-01,FC-South,Regional Freight,3,2,1,0,1,0.333,4.667,4.0,18.87,4.99,13.88,757.50,46.87,174.01
2025-12-24,2025-12-01,FC-South,Swiftline,2,2,0,0,0,0.0,2.5,1.5,8.02,4.99,3.03,148.08,90.74,0.00
2025-12-30,2025-12-01,FC-North,Metro Post,1,1,0,0,0,0.0,5.0,5.0,9.32,0.00,9.32,67.88,1.25,0.00
2026-03-21,2026-03-01,FC-North,Swiftline,2,2,0,0,0,0.0,3.0,3.0,46.29,0.00,46.29,1934.88,329.59,0.00
2026-03-14,2026-03-01,FC-Central,Swiftline,3,3,0,0,0,0.0,2.667,2.0,46.05,0.00,46.05,1291.35,497.79,0.00
2026-01-02,2026-01-01,FC-Central,Metro Post,3,3,0,0,0,0.0,3.0,3.0,13.38,0.00,13.38,348.80,54.26,0.00
2026-03-22,2026-03-01,FC-South,Metro Post,2,2,0,0,0,0.0,3.0,2.5,12.56,0.00,12.56,1277.44,228.77,0.00
2026-01-04,2026-01-01,FC-Central,Swiftline,1,0,1,0,1,1.0,3.0,1.0,4.42,0.00,4.42,67.74,-4.42,67.74
2026-05-21,2026-05-01,FC-North,Metro Post,1,1,0,0,0,0.0,2.0,1.0,3.72,0.00,3.72,81.65,37.58,0.00
2026-04-25,2026-04-01,FC-Central,Regional Freight,3,2,1,0,2,0.667,4.333,4.0,13.75,0.00,13.75,864.38,25.38,287.96
2026-06-15,2026-06-01,FC-Central,Swiftline,1,1,0,0,0,0.0,4.0,3.0,4.16,0.00,4.16,112.24,10.51,0.00
2026-04-11,2026-04-01,FC-Central,Swiftline,3,3,0,0,0,0.0,2.333,1.333,33.45,0.00,33.45,1348.79,391.89,0.00
2026-05-31,2026-05-01,FC-North,Metro Post,2,2,0,0,0,0.0,1.5,1.5,8.08,4.99,3.09,489.32,20.72,0.00
2026-05-15,2026-05-01,FC-North,Swiftline,1,1,0,0,0,0.0,3.0,3.0,9.87,0.00,9.87,410.17,65.01,0.00
2026-01-30,2026-01-01,FC-North,Swiftline,1,1,0,0,0,0.0,3.0,2.0,4.46,0.00,4.46,97.36,45.11,0.00
2026-03-11,2026-03-01,FC-North,Swiftline,2,2,0,0,0,0.0,3.0,3.0,12.80,0.00,12.80,274.40,96.47,0.00
2026-02-04,2026-02-01,FC-North,Metro Post,1,1,0,0,0,0.0,4.0,4.0,11.38,0.00,11.38,142.47,7.11,0.00
2026-02-10,2026-02-01,FC-Central,Regional Freight,1,1,0,0,0,0.0,3.0,1.0,4.21,0.00,4.21,255.26,54.24,0.00
2026-05-13,2026-05-01,FC-South,Regional Freight,4,3,1,1,3,0.75,3.5,3.0,17.02,4.99,12.03,711.02,256.92,166.13
2026-02-08,2026-02-01,FC-North,Regional Freight,1,1,0,0,0,0.0,3.0,3.0,3.04,0.00,3.04,333.89,144.96,0.00
2026-02-11,2026-02-01,FC-Central,Metro Post,1,1,0,0,0,0.0,2.0,2.0,5.41,0.00,5.41,126.31,48.34,0.00
2026-02-14,2026-02-01,FC-Central,Swiftline,3,3,0,0,0,0.0,3.333,2.667,37.74,0.00,37.74,1155.83,195.83,0.00
2026-04-21,2026-04-01,FC-North,Metro Post,1,1,0,0,0,0.0,1.0,1.0,5.06,0.00,5.06,126.60,16.01,0.00
2026-02-25,2026-02-01,FC-Central,Regional Freight,2,1,1,1,6,3.0,6.5,6.0,10.69,0.00,10.69,1143.66,351.7,749.77
2026-03-05,2026-03-01,FC-South,Regional Freight,1,1,0,0,0,0.0,2.0,1.0,3.30,0.00,3.30,199.89,60.99,0.00
2026-03-14,2026-03-01,FC-North,Swiftline,1,1,0,0,0,0.0,3.0,2.0,11.19,0.00,11.19,586.78,119.04,0.00
2026-03-19,2026-03-01,FC-North,Metro Post,1,1,0,0,0,0.0,2.0,2.0,8.96,0.00,8.96,451.23,234.23,0.00
2026-05-05,2026-05-01,FC-North,Swiftline,2,2,0,0,0,0.0,3.0,3.0,8.53,4.99,3.54,226.75,144.45,0.00
2026-05-23,2026-05-01,FC-Central,Swiftline,5,5,0,0,0,0.0,2.8,1.8,37.77,0.00,37.77,2076.15,818.75,0.00
2026-03-31,2026-03-01,FC-Central,Swiftline,1,1,0,0,0,0.0,4.0,4.0,4.25,0.00,4.25,167.27,-4.25,0.00
2026-06-12,2026-06-01,FC-North,Regional Freight,1,1,0,0,0,0.0,2.0,1.0,5.15,4.99,0.16,36.32,-2.58,0.00
2026-04-26,2026-04-01,FC-North,Swiftline,1,1,0,0,0,0.0,4.0,4.0,9.72,0.00,9.72,517.55,51.59,0.00
2026-04-30,2026-04-01,FC-Central,Regional Freight,2,2,0,0,0,0.0,4.0,2.5,7.39,0.00,7.39,230.73,97.32,0.00
2026-05-07,2026-05-01,FC-South,Swiftline,1,1,0,0,0,0.0,2.0,2.0,4.84,0.00,4.84,78.15,41.89,0.00
2026-05-16,2026-05-01,FC-South,Regional Freight,4,4,0,0,0,0.0,3.0,3.0,14.97,0.00,14.97,727.82,200.1,0.00
2026-05-30,2026-05-01,FC-South,Swiftline,3,3,0,0,0,0.0,3.667,2.667,29.51,0.00,29.51,645.58,210.11,0.00
2026-05-30,2026-05-01,FC-Central,Swiftline,1,1,0,0,0,0.0,2.0,2.0,5.04,0.00,5.04,200.91,63.01,0.00
2026-06-02,2026-06-01,FC-North,Regional Freight,1,1,0,0,0,0.0,1.0,1.0,5.63,0.00,5.63,255.50,85.9,0.00
2024-01-03,2024-01-01,FC-Central,Swiftline,1,1,0,0,0,0.0,2.0,2.0,4.56,0.00,4.56,166.85,63.54,0.00
2024-01-07,2024-01-01,FC-South,Swiftline,1,1,0,0,0,0.0,5.0,5.0,14.38,0.00,14.38,442.64,171.28,0.00
2024-03-05,2024-03-01,FC-South,Regional Freight,4,2,2,1,5,1.25,4.5,4.0,24.16,0.00,24.16,1901.85,391.81,302.71
2024-05-03,2024-05-01,FC-North,Swiftline,1,1,0,0,0,0.0,2.0,1.0,4.93,0.00,4.93,105.15,-4.93,0.00
2024-03-11,2024-03-01,FC-Central,Metro Post,2,2,0,0,0,0.0,3.0,2.5,11.83,0.00,11.83,573.44,281.89,0.00
2024-01-11,2024-01-01,FC-South,Regional Freight,1,0,1,0,1,1.0,4.0,4.0,2.77,0.00,2.77,69.33,-2.77,69.33
2024-03-26,2024-03-01,FC-South,Regional Freight,4,3,1,0,1,0.25,4.0,3.25,32.87,0.00,32.87,1609.79,547.62,304.67
2024-03-21,2024-03-01,FC-South,Regional Freight,2,0,2,1,11,5.5,9.5,8.5,4.64,0.00,4.64,119.52,31.91,119.52
2024-01-21,2024-01-01,FC-North,Metro Post,1,1,0,0,0,0.0,4.0,4.0,8.01,4.99,3.02,43.52,12.54,0.00
2024-06-06,2024-06-01,FC-North,Metro Post,2,2,0,0,0,0.0,3.0,2.5,8.35,0.00,8.35,214.08,85.09,0.00
2024-06-23,2024-06-01,FC-North,Swiftline,2,2,0,0,0,0.0,2.0,1.5,9.47,4.99,4.48,153.05,57.07,0.00
2024-01-24,2024-01-01,FC-South,Swiftline,2,2,0,0,0,0.0,3.0,2.5,20.28,0.00,20.28,349.31,102.54,0.00
2024-05-27,2024-05-01,FC-South,Regional Freight,4,2,2,1,5,1.25,3.25,2.75,18.52,0.00,18.52,857.77,169.47,433.74
2024-07-21,2024-07-01,FC-South,Regional Freight,2,2,0,0,0,0.0,3.5,3.5,6.23,0.00,6.23,413.39,-19.86,0.00
2024-08-31,2024-08-01,FC-South,Swiftline,4,4,0,0,0,0.0,2.5,1.75,31.38,0.00,31.38,955.86,256.74,0.00
2024-05-07,2024-05-01,FC-North,Metro Post,3,2,1,0,1,0.333,2.333,1.667,25.98,0.00,25.98,1260.39,187.21,252.10
2024-03-11,2024-03-01,FC-North,Swiftline,3,3,0,0,0,0.0,3.0,2.667,42.12,0.00,42.12,1274.59,122.11,0.00
2024-05-18,2024-05-01,FC-North,Swiftline,1,1,0,0,0,0.0,3.0,2.0,4.53,0.00,4.53,94.68,-58.42,0.00
2024-02-14,2024-02-01,FC-South,Metro Post,1,1,0,0,0,0.0,3.0,3.0,5.67,0.00,5.67,496.71,89.17,0.00
2024-02-13,2024-02-01,FC-North,Metro Post,1,1,0,0,0,0.0,3.0,3.0,14.97,0.00,14.97,1346.37,224.95,0.00
2024-03-20,2024-03-01,FC-North,Swiftline,1,1,0,0,0,0.0,3.0,3.0,4.82,0.00,4.82,224.25,125.19,0.00
2024-04-26,2024-04-01,FC-Central,Regional Freight,2,1,1,0,1,0.5,3.0,2.0,9.78,0.00,9.78,641.85,218.68,438.47
2024-02-19,2024-02-01,FC-South,Regional Freight,2,2,0,0,0,0.0,2.5,2.5,8.27,0.00,8.27,385.38,63.91,0.00
2024-02-25,2024-02-01,FC-Central,Swiftline,2,1,1,0,1,0.5,4.0,3.5,19.02,0.00,19.02,472.74,57.51,87.12
2024-02-27,2024-02-01,FC-South,Swiftline,2,2,0,0,0,0.0,3.5,3.0,16.34,0.00,16.34,535.44,211.99,0.00
2024-05-05,2024-05-01,FC-Central,Metro Post,1,1,0,0,0,0.0,2.0,1.0,3.04,0.00,3.04,50.39,24.25,0.00
2025-06-10,2025-06-01,FC-South,Regional Freight,6,4,2,1,5,0.833,4.5,3.667,28.92,0.00,28.92,1938.61,630.64,271.33
2024-05-07,2024-05-01,FC-Central,Swiftline,2,2,0,0,0,0.0,2.5,1.5,23.38,0.00,23.38,1342.13,118.57,0.00
2024-03-08,2024-03-01,FC-South,Regional Freight,1,0,1,0,2,2.0,5.0,4.0,3.37,0.00,3.37,125.10,68.91,125.10
2024-04-03,2024-04-01,FC-North,Metro Post,1,1,0,0,0,0.0,3.0,2.0,5.84,0.00,5.84,159.43,38.64,0.00
2024-10-30,2024-10-01,FC-North,Swiftline,7,6,1,0,1,0.143,3.571,3.143,37.00,4.99,32.01,1081.06,440.04,51.74
2024-03-15,2024-03-01,FC-Central,Swiftline,1,1,0,0,0,0.0,2.0,2.0,3.79,0.00,3.79,99.97,53.7,0.00
2024-09-03,2024-09-01,FC-Central,Metro Post,1,1,0,0,0,0.0,2.0,2.0,6.58,0.00,6.58,411.22,53.26,0.00
2024-03-23,2024-03-01,FC-North,Metro Post,1,1,0,0,0,0.0,2.0,2.0,3.56,0.00,3.56,180.33,-3.56,0.00
2024-03-28,2024-03-01,FC-South,Swiftline,1,0,1,0,1,1.0,4.0,4.0,10.20,0.00,10.20,304.29,115.88,304.29
2024-03-29,2024-03-01,FC-Central,Swiftline,1,0,1,1,3,3.0,8.0,6.0,20.31,0.00,20.31,152.42,35.71,152.42
2024-03-31,2024-03-01,FC-South,Regional Freight,1,1,0,0,0,0.0,3.0,3.0,7.01,0.00,7.01,68.19,19.06,0.00
2024-04-01,2024-04-01,FC-Central,Swiftline,2,2,0,0,0,0.0,2.0,2.0,9.74,0.00,9.74,458.86,25.94,0.00
2024-04-07,2024-04-01,FC-Central,Swiftline,1,1,0,0,0,0.0,2.0,2.0,5.95,0.00,5.95,281.99,156.46,0.00
2024-04-07,2024-04-01,FC-South,Swiftline,1,1,0,0,0,0.0,4.0,4.0,6.40,0.00,6.40,174.84,70.64,0.00
2024-09-02,2024-09-01,FC-South,Metro Post,3,2,1,1,4,1.333,4.667,4.333,19.30,0.00,19.30,175.83,19.65,59.72
2024-04-13,2024-04-01,FC-North,Swiftline,3,1,2,1,5,1.667,5.0,4.0,22.27,0.00,22.27,649.75,220.39,587.74
2024-07-11,2024-07-01,FC-Central,Metro Post,2,2,0,0,0,0.0,3.5,3.0,8.02,0.00,8.02,280.90,57.51,0.00
2024-04-15,2024-04-01,FC-South,Metro Post,1,1,0,0,0,0.0,3.0,2.0,4.75,0.00,4.75,107.23,-78.22,0.00
2024-05-09,2024-05-01,FC-Central,Swiftline,1,1,0,0,0,0.0,3.0,3.0,17.56,0.00,17.56,258.51,28.54,0.00
2024-04-21,2024-04-01,FC-Central,Swiftline,3,3,0,0,0,0.0,3.0,3.0,31.24,4.99,26.25,1236.85,240.0,0.00
2024-06-10,2024-06-01,FC-Central,Metro Post,1,1,0,0,0,0.0,1.0,1.0,3.63,0.00,3.63,276.02,113.88,0.00
2024-04-20,2024-04-01,FC-North,Regional Freight,1,1,0,0,0,0.0,2.0,1.0,27.97,0.00,27.97,1219.45,-255.16,0.00
2024-07-28,2024-07-01,FC-North,Metro Post,2,1,1,0,1,0.5,3.0,1.5,7.33,4.99,2.34,135.36,75.75,105.15
2024-08-20,2024-08-01,FC-Central,Swiftline,2,2,0,0,0,0.0,3.0,2.0,26.71,0.00,26.71,995.71,201.76,0.00
2024-04-26,2024-04-01,FC-South,Metro Post,1,0,1,0,1,1.0,3.0,2.0,3.57,0.00,3.57,75.54,10.67,75.54
2024-04-29,2024-04-01,FC-Central,Metro Post,2,2,0,0,0,0.0,2.0,1.5,28.62,0.00,28.62,830.06,182.6,0.00
2024-04-27,2024-04-01,FC-South,Regional Freight,1,1,0,0,0,0.0,3.0,2.0,2.37,0.00,2.37,66.40,25.17,0.00
2024-08-26,2024-08-01,FC-North,Swiftline,2,2,0,0,0,0.0,3.5,2.5,14.34,0.00,14.34,542.05,77.98,0.00
2024-05-02,2024-05-01,FC-South,Swiftline,1,1,0,0,0,0.0,2.0,2.0,4.15,0.00,4.15,94.14,45.14,0.00
2024-05-03,2024-05-01,FC-Central,Regional Freight,1,1,0,0,0,0.0,3.0,2.0,2.88,0.00,2.88,143.70,68.12,0.00
2024-08-11,2024-08-01,FC-South,Regional Freight,3,2,1,0,2,0.667,3.667,3.667,11.06,0.00,11.06,551.70,178.12,315.53
2024-05-24,2024-05-01,FC-North,Metro Post,4,4,0,0,0,0.0,2.75,2.25,15.34,0.00,15.34,1108.66,369.63,0.00
2024-05-20,2024-05-01,FC-South,Regional Freight,2,2,0,0,0,0.0,4.0,3.5,17.54,0.00,17.54,497.05,228.2,0.00
2024-05-19,2024-05-01,FC-South,Regional Freight,2,2,0,0,0,0.0,4.0,2.5,19.01,0.00,19.01,581.52,217.87,0.00
2025-03-16,2025-03-01,FC-South,Regional Freight,3,2,1,0,1,0.333,4.333,4.333,14.09,0.00,14.09,507.31,101.13,131.49
2024-09-06,2024-09-01,FC-Central,Swiftline,6,6,0,0,0,0.0,3.0,2.833,83.13,0.00,83.13,2469.62,649.36,0.00
2024-05-23,2024-05-01,FC-North,Metro Post,1,0,1,0,1,1.0,3.0,1.0,5.51,0.00,5.51,393.31,143.97,393.31
2024-05-25,2024-05-01,FC-Central,Metro Post,1,1,0,0,0,0.0,5.0,5.0,5.39,0.00,5.39,249.42,48.69,0.00
2024-06-02,2024-06-01,FC-Central,Metro Post,1,1,0,0,0,0.0,4.0,4.0,3.09,0.00,3.09,45.74,23.08,0.00
2024-06-01,2024-06-01,FC-North,Regional Freight,1,0,1,1,4,4.0,7.0,6.0,2.24,0.00,2.24,48.15,21.75,48.15
2024-08-18,2024-08-01,FC-South,Regional Freight,3,1,2,1,5,1.667,5.667,5.667,12.20,0.00,12.20,618.33,184.27,480.18
2024-12-12,2024-12-01,FC-South,Regional Freight,3,0,3,1,6,2.0,5.0,4.0,15.43,0.00,15.43,674.82,-198.54,674.82
2024-06-07,2024-06-01,FC-Central,Swiftline,1,1,0,0,0,0.0,4.0,3.0,14.29,0.00,14.29,506.16,107.19,0.00
2024-06-05,2024-06-01,FC-South,Metro Post,1,1,0,0,0,0.0,3.0,3.0,5.68,0.00,5.68,325.45,156.74,0.00
2024-06-10,2024-06-01,FC-South,Metro Post,1,0,1,1,3,3.0,6.0,5.0,5.94,0.00,5.94,221.04,-101.71,221.04
2024-07-20,2024-07-01,FC-Central,Metro Post,2,2,0,0,0,0.0,2.0,1.0,17.06,0.00,17.06,615.00,280.13,0.00
2024-07-26,2024-07-01,FC-Central,Metro Post,3,3,0,0,0,0.0,3.0,2.333,27.41,0.00,27.41,561.30,59.83,0.00
2024-06-08,2024-06-01,FC-Central,Swiftline,1,1,0,0,0,0.0,4.0,4.0,11.17,0.00,11.17,54.49,0.21,0.00
2024-06-16,2024-06-01,FC-Central,Regional Freight,1,1,0,0,0,0.0,2.0,1.0,7.55,0.00,7.55,242.79,77.42,0.00
2024-12-26,2024-12-01,FC-North,Metro Post,2,1,1,1,6,3.0,4.5,4.5,7.58,4.99,2.59,436.81,58.54,39.96
2024-06-19,2024-06-01,FC-Central,Regional Freight,1,1,0,0,0,0.0,4.0,3.0,6.26,0.00,6.26,643.65,270.86,0.00
2024-10-26,2024-10-01,FC-North,Swiftline,6,6,0,0,0,0.0,2.667,2.0,61.71,4.99,56.72,928.29,141.69,0.00
2024-06-21,2024-06-01,FC-South,Metro Post,2,2,0,0,0,0.0,4.0,4.0,12.97,0.00,12.97,587.47,166.08,0.00
2024-08-09,2024-08-01,FC-South,Swiftline,2,2,0,0,0,0.0,2.5,1.5,33.31,0.00,33.31,1183.17,392.38,0.00
2024-12-23,2024-12-01,FC-South,Regional Freight,4,2,2,0,3,0.75,4.25,3.0,25.40,0.00,25.40,853.46,-210.4,423.83
2024-06-22,2024-06-01,FC-South,Regional Freight,2,2,0,0,0,0.0,3.0,2.5,16.89,0.00,16.89,1453.57,235.12,0.00
2025-06-01,2025-06-01,FC-Central,Swiftline,1,1,0,0,0,0.0,4.0,4.0,10.50,0.00,10.50,573.25,240.16,0.00
2024-06-22,2024-06-01,FC-Central,Metro Post,1,1,0,0,0,0.0,4.0,4.0,9.50,0.00,9.50,652.77,108.55,0.00
2024-06-23,2024-06-01,FC-Central,Regional Freight,1,1,0,0,0,0.0,2.0,2.0,3.74,0.00,3.74,135.59,48.2,0.00
2024-06-26,2024-06-01,FC-North,Metro Post,2,2,0,0,0,0.0,2.5,2.5,41.26,0.00,41.26,1034.00,21.66,0.00
2024-08-31,2024-08-01,FC-North,Swiftline,1,1,0,0,0,0.0,4.0,3.0,4.32,4.99,-0.67,33.94,20.63,0.00
2024-11-10,2024-11-01,FC-South,Regional Freight,3,1,2,2,8,2.667,5.0,4.0,31.86,0.00,31.86,1373.82,340.86,1103.43
2024-07-01,2024-07-01,FC-North,Swiftline,2,2,0,0,0,0.0,3.5,2.0,16.35,0.00,16.35,176.10,71.02,0.00
2025-12-10,2025-12-01,FC-South,Swiftline,3,3,0,0,0,0.0,2.333,2.333,13.01,9.98,3.03,243.87,36.21,0.00
2024-07-27,2024-07-01,FC-Central,Swiftline,1,1,0,0,0,0.0,2.0,2.0,5.18,0.00,5.18,202.38,44.86,0.00
2025-04-21,2025-04-01,FC-Central,Swiftline,5,5,0,0,0,0.0,3.4,2.8,40.37,0.00,40.37,1551.51,419.0,0.00
2025-04-18,2025-04-01,FC-South,Swiftline,5,5,0,0,0,0.0,2.8,2.6,56.88,0.00,56.88,1624.49,121.89,0.00
2024-07-08,2024-07-01,FC-North,Metro Post,1,0,1,0,2,2.0,7.0,5.0,4.84,0.00,4.84,147.30,58.96,147.30
2024-07-07,2024-07-01,FC-South,Metro Post,2,2,0,0,0,0.0,2.0,1.5,8.40,0.00,8.40,457.59,140.08,0.00
2024-10-05,2024-10-01,FC-South,Metro Post,2,2,0,0,0,0.0,2.5,2.5,17.89,0.00,17.89,461.43,29.91,0.00
2024-08-13,2024-08-01,FC-Central,Swiftline,3,3,0,0,0,0.0,3.333,3.0,35.25,0.00,35.25,992.95,381.67,0.00
2024-08-21,2024-08-01,FC-North,Swiftline,3,3,0,0,0,0.0,2.333,2.333,31.12,0.00,31.12,1007.94,215.13,0.00
2024-12-17,2024-12-01,FC-Central,Swiftline,3,2,1,0,1,0.333,2.667,1.667,22.52,0.00,22.52,818.75,87.0,162.92
2024-07-24,2024-07-01,FC-Central,Regional Freight,3,3,0,0,0,0.0,2.667,2.0,9.66,0.00,9.66,314.46,124.68,0.00
2025-01-08,2025-01-01,FC-South,Swiftline,2,2,0,0,0,0.0,3.0,2.5,33.41,0.00,33.41,1742.76,172.18,0.00
2024-08-23,2024-08-01,FC-Central,Swiftline,3,3,0,0,0,0.0,2.667,2.667,18.63,0.00,18.63,914.83,128.72,0.00
2024-08-05,2024-08-01,FC-North,Swiftline,3,3,0,0,0,0.0,3.667,3.333,19.49,0.00,19.49,888.67,251.65,0.00
2025-01-11,2025-01-01,FC-Central,Swiftline,4,4,0,0,0,0.0,2.75,2.75,35.09,0.00,35.09,1202.34,119.04,0.00
2025-01-17,2025-01-01,FC-North,Metro Post,1,0,1,0,2,2.0,5.0,3.0,3.70,0.00,3.70,46.98,-3.7,46.98
2025-12-20,2025-12-01,FC-North,Swiftline,4,4,0,0,0,0.0,3.0,2.75,36.88,0.00,36.88,927.36,238.39,0.00
2025-06-29,2025-06-01,FC-Central,Regional Freight,3,3,0,0,0,0.0,4.0,4.0,13.68,0.00,13.68,1074.35,-104.19,0.00
2025-01-19,2025-01-01,FC-Central,Swiftline,1,1,0,0,0,0.0,2.0,2.0,4.49,0.00,4.49,98.09,53.79,0.00
2024-10-06,2024-10-01,FC-North,Metro Post,3,3,0,0,0,0.0,2.333,2.0,31.30,0.00,31.30,2013.73,379.41,0.00
2024-08-19,2024-08-01,FC-North,Swiftline,3,2,1,1,3,1.0,4.667,4.0,34.81,0.00,34.81,727.25,52.39,98.29
2024-08-18,2024-08-01,FC-North,Swiftline,1,1,0,0,0,0.0,4.0,4.0,7.40,0.00,7.40,257.79,64.69,0.00
2024-09-26,2024-09-01,FC-South,Regional Freight,2,1,1,0,1,0.5,4.5,4.5,9.62,0.00,9.62,271.30,67.04,128.93
2024-10-07,2024-10-01,FC-South,Regional Freight,2,1,1,0,1,0.5,4.0,3.5,9.26,0.00,9.26,739.85,177.76,543.29
2025-01-22,2025-01-01,FC-South,Metro Post,6,4,2,1,4,0.667,3.833,3.0,44.55,4.99,39.56,1146.79,425.44,86.28
2024-08-24,2024-08-01,FC-Central,Regional Freight,2,0,2,1,4,2.0,5.5,3.5,10.41,0.00,10.41,604.62,133.04,604.62
2024-08-24,2024-08-01,FC-South,Metro Post,2,1,1,0,1,0.5,5.0,5.0,10.53,0.00,10.53,705.51,229.39,478.25
2024-11-15,2024-11-01,FC-North,Metro Post,1,1,0,0,0,0.0,3.0,1.0,8.01,4.99,3.02,25.02,-3.02,0.00
2024-11-01,2024-11-01,FC-Central,Metro Post,3,3,0,0,0,0.0,3.667,3.667,19.59,0.00,19.59,621.31,159.87,0.00
2024-11-15,2024-11-01,FC-Central,Metro Post,6,5,1,1,6,1.0,3.833,3.5,32.27,0.00,32.27,1550.65,361.71,79.01
2024-12-19,2024-12-01,FC-South,Metro Post,3,2,1,0,2,0.667,4.0,3.667,24.83,0.00,24.83,910.82,113.39,292.16
2024-09-10,2024-09-01,FC-Central,Regional Freight,1,1,0,0,0,0.0,2.0,1.0,2.34,0.00,2.34,53.09,24.97,0.00
2024-09-10,2024-09-01,FC-South,Swiftline,1,1,0,0,0,0.0,4.0,4.0,35.08,0.00,35.08,2723.24,-12.72,0.00
2024-09-09,2024-09-01,FC-North,Metro Post,1,1,0,0,0,0.0,1.0,1.0,6.97,0.00,6.97,205.28,59.05,0.00
2025-01-09,2025-01-01,FC-Central,Swiftline,1,1,0,0,0,0.0,2.0,2.0,7.12,0.00,7.12,303.03,82.14,0.00
2024-09-15,2024-09-01,FC-North,Metro Post,1,1,0,0,0,0.0,5.0,4.0,8.92,0.00,8.92,433.98,204.89,0.00
2024-11-11,2024-11-01,FC-South,Regional Freight,4,3,1,0,1,0.25,3.5,3.5,16.38,4.99,11.39,1062.81,257.83,180.03
2024-11-22,2024-11-01,FC-South,Metro Post,2,2,0,0,0,0.0,4.0,3.0,16.17,0.00,16.17,609.42,108.41,0.00
2024-09-18,2024-09-01,FC-North,Swiftline,1,1,0,0,0,0.0,2.0,2.0,5.27,0.00,5.27,195.03,114.15,0.00
2024-09-17,2024-09-01,FC-North,Metro Post,1,1,0,0,0,0.0,3.0,2.0,4.23,0.00,4.23,290.23,172.56,0.00
2024-11-24,2024-11-01,FC-South,Metro Post,2,2,0,0,0,0.0,3.5,2.5,8.22,4.99,3.23,137.75,59.85,0.00
2024-09-19,2024-09-01,FC-North,Metro Post,1,1,0,0,0,0.0,2.0,2.0,3.16,0.00,3.16,87.12,46.68,0.00
2025-03-17,2025-03-01,FC-Central,Swiftline,2,2,0,0,0,0.0,2.5,2.0,8.54,4.99,3.55,136.81,58.05,0.00
2025-05-21,2025-05-01,FC-Central,Metro Post,3,2,1,1,4,1.333,5.0,4.333,17.23,0.00,17.23,312.66,119.91,66.55
2024-10-02,2024-10-01,FC-South,Regional Freight,1,0,1,1,9,9.0,12.0,12.0,2.33,4.99,-2.66,44.92,2.66,44.92
2025-03-24,2025-03-01,FC-North,Metro Post,3,3,0,0,0,0.0,2.667,2.667,17.61,0.00,17.61,771.84,-18.44,0.00
2024-10-09,2024-10-01,FC-Central,Metro Post,1,1,0,0,0,0.0,2.0,2.0,4.39,0.00,4.39,196.60,29.52,0.00
2024-11-09,2024-11-01,FC-Central,Metro Post,1,1,0,0,0,0.0,2.0,2.0,16.72,0.00,16.72,423.44,-216.23,0.00
2024-10-10,2024-10-01,FC-North,Swiftline,1,1,0,0,0,0.0,4.0,4.0,12.50,0.00,12.50,138.23,24.38,0.00
2024-10-16,2024-10-01,FC-North,Regional Freight,1,1,0,0,0,0.0,3.0,2.0,6.40,0.00,6.40,202.73,22.18,0.00
2025-08-27,2025-08-01,FC-South,Metro Post,2,2,0,0,0,0.0,2.0,1.0,17.12,0.00,17.12,864.32,175.8,0.00
2025-10-09,2025-10-01,FC-Central,Metro Post,2,2,0,0,0,0.0,3.0,1.5,15.56,0.00,15.56,572.06,-13.08,0.00
2024-10-20,2024-10-01,FC-North,Swiftline,2,2,0,0,0,0.0,3.0,2.5,16.70,0.00,16.70,1038.60,187.21,0.00
2024-11-16,2024-11-01,FC-North,Swiftline,5,5,0,0,0,0.0,3.0,2.6,31.09,0.00,31.09,700.29,326.11,0.00
2025-05-27,2025-05-01,FC-Central,Regional Freight,3,2,1,0,1,0.333,2.667,2.0,12.86,0.00,12.86,868.77,410.64,259.10
2024-11-02,2024-11-01,FC-Central,Regional Freight,1,1,0,0,0,0.0,3.0,3.0,6.58,0.00,6.58,877.90,129.96,0.00
2025-02-28,2025-02-01,FC-South,Regional Freight,2,1,1,0,1,0.5,4.0,3.5,6.02,0.00,6.02,233.10,129.7,171.09
2025-05-18,2025-05-01,FC-North,Regional Freight,2,2,0,0,0,0.0,2.0,1.0,11.48,0.00,11.48,896.21,35.5,0.00
2025-05-03,2025-05-01,FC-North,Regional Freight,1,0,1,1,4,4.0,8.0,8.0,3.15,0.00,3.15,59.65,8.39,59.65
2024-12-18,2024-12-01,FC-South,Metro Post,2,0,2,1,5,2.5,6.0,6.0,22.18,0.00,22.18,757.40,81.37,757.40
2024-11-11,2024-11-01,FC-North,Regional Freight,1,0,1,1,9,9.0,12.0,12.0,2.32,0.00,2.32,133.12,79.6,133.12
2025-06-26,2025-06-01,FC-South,Regional Freight,2,1,1,1,3,1.5,5.0,4.5,5.83,0.00,5.83,182.45,31.09,102.89
2024-11-13,2024-11-01,FC-South,Metro Post,1,1,0,0,0,0.0,3.0,3.0,15.94,0.00,15.94,367.12,84.93,0.00
2024-11-14,2024-11-01,FC-South,Swiftline,1,1,0,0,0,0.0,3.0,1.0,5.06,0.00,5.06,205.86,-9.39,0.00
2024-11-14,2024-11-01,FC-Central,Regional Freight,1,1,0,0,0,0.0,2.0,1.0,4.94,0.00,4.94,70.13,-4.94,0.00
2025-01-06,2025-01-01,FC-North,Regional Freight,1,1,0,0,0,0.0,3.0,3.0,3.39,0.00,3.39,113.95,54.44,0.00
2025-01-02,2025-01-01,FC-Central,Regional Freight,2,2,0,0,0,0.0,3.0,3.0,7.25,0.00,7.25,367.80,-26.55,0.00
2024-11-18,2024-11-01,FC-South,Metro Post,2,1,1,1,3,1.5,4.5,3.5,10.61,0.00,10.61,827.68,228.34,351.51
2025-06-01,2025-06-01,FC-South,Metro Post,3,1,2,1,8,2.667,6.667,6.333,18.41,0.00,18.41,777.50,325.71,501.48
2025-02-12,2025-02-01,FC-North,Regional Freight,2,1,1,0,1,0.5,3.5,2.5,10.97,0.00,10.97,573.10,277.43,310.12
2024-11-25,2024-11-01,FC-South,Metro Post,1,0,1,1,3,3.0,6.0,6.0,9.16,0.00,9.16,540.76,137.71,540.76
2025-04-01,2025-04-01,FC-Central,Regional Freight,1,1,0,0,0,0.0,1.0,1.0,5.45,0.00,5.45,706.45,224.25,0.00
2024-11-27,2024-11-01,FC-South,Swiftline,2,2,0,0,0,0.0,3.5,3.5,15.40,0.00,15.40,1077.62,232.99,0.00
2024-11-26,2024-11-01,FC-North,Swiftline,2,1,1,1,3,1.5,4.0,3.5,13.08,0.00,13.08,276.48,127.22,219.34
2024-11-26,2024-11-01,FC-Central,Metro Post,1,1,0,0,0,0.0,1.0,1.0,9.67,0.00,9.67,822.20,117.99,0.00
2024-11-29,2024-11-01,FC-North,Metro Post,1,0,1,1,3,3.0,8.0,8.0,5.35,0.00,5.35,217.54,69.17,217.54
2025-06-24,2025-06-01,FC-South,Swiftline,2,1,1,0,1,0.5,4.0,2.5,24.47,0.00,24.47,313.37,84.46,63.17
2024-12-02,2024-12-01,FC-South,Regional Freight,1,1,0,0,0,0.0,4.0,3.0,6.38,0.00,6.38,54.16,16.21,0.00
2025-01-28,2025-01-01,FC-South,Swiftline,4,4,0,0,0,0.0,2.75,2.75,63.32,0.00,63.32,822.19,138.91,0.00
2025-02-07,2025-02-01,FC-South,Swiftline,2,2,0,0,0,0.0,2.5,1.5,11.51,0.00,11.51,376.71,143.92,0.00
2024-12-04,2024-12-01,FC-Central,Swiftline,3,3,0,0,0,0.0,4.333,4.0,25.54,0.00,25.54,1134.29,-128.55,0.00
2024-12-05,2024-12-01,FC-South,Regional Freight,3,3,0,0,0,0.0,1.667,1.667,15.76,0.00,15.76,1391.54,337.25,0.00
2025-03-29,2025-03-01,FC-South,Metro Post,6,5,1,0,1,0.167,3.333,3.167,42.71,0.00,42.71,753.66,232.89,135.48
2025-11-03,2025-11-01,FC-South,Regional Freight,5,2,3,2,7,1.4,4.2,3.4,24.56,0.00,24.56,961.58,231.12,616.19
2024-12-30,2024-12-01,FC-South,Metro Post,1,1,0,0,0,0.0,2.0,1.0,19.39,0.00,19.39,483.89,109.41,0.00
2025-05-16,2025-05-01,FC-Central,Swiftline,4,4,0,0,0,0.0,3.75,3.25,42.37,4.99,37.38,528.31,95.56,0.00
2025-02-11,2025-02-01,FC-South,Metro Post,3,3,0,0,0,0.0,2.667,2.333,29.35,0.00,29.35,2252.08,11.93,0.00
2025-01-31,2025-01-01,FC-Central,Regional Freight,5,4,1,0,1,0.2,4.0,3.6,18.49,0.00,18.49,1189.14,180.62,223.90
2024-12-10,2024-12-01,FC-North,Swiftline,2,2,0,0,0,0.0,3.0,3.0,26.15,0.00,26.15,1336.66,545.15,0.00
2025-10-06,2025-10-01,FC-North,Swiftline,2,2,0,0,0,0.0,2.0,2.0,25.93,0.00,25.93,837.58,216.72,0.00
2025-04-26,2025-04-01,FC-North,Regional Freight,3,3,0,0,0,0.0,2.667,2.333,22.01,0.00,22.01,1431.89,225.11,0.00
2025-11-11,2025-11-01,FC-Central,Regional Freight,2,1,1,1,4,2.0,5.5,5.0,6.82,0.00,6.82,334.11,149.66,214.06
2025-02-21,2025-02-01,FC-Central,Swiftline,1,1,0,0,0,0.0,5.0,5.0,6.74,0.00,6.74,74.26,-38.64,0.00
2024-12-22,2024-12-01,FC-Central,Metro Post,1,0,1,1,9,9.0,12.0,12.0,8.29,0.00,8.29,415.05,129.39,415.05
2025-07-01,2025-07-01,FC-North,Swiftline,2,2,0,0,0,0.0,4.0,4.0,32.76,0.00,32.76,776.09,237.86,0.00
2026-05-31,2026-05-01,FC-North,Swiftline,3,3,0,0,0,0.0,3.667,3.667,28.71,0.00,28.71,862.85,214.97,0.00
2025-06-11,2025-06-01,FC-South,Swiftline,1,1,0,0,0,0.0,4.0,3.0,4.08,4.99,-0.91,31.13,18.72,0.00
2025-08-01,2025-08-01,FC-South,Regional Freight,5,2,3,1,7,1.4,5.2,4.8,32.66,0.00,32.66,1712.20,419.38,934.13
2025-10-02,2025-10-01,FC-South,Swiftline,2,2,0,0,0,0.0,3.0,1.5,30.53,0.00,30.53,2200.34,296.27,0.00
2024-12-27,2024-12-01,FC-North,Swiftline,2,2,0,0,0,0.0,2.0,1.5,11.28,0.00,11.28,486.43,162.83,0.00
2025-04-02,2025-04-01,FC-South,Regional Freight,3,1,2,2,8,2.667,5.0,4.667,9.40,0.00,9.40,369.39,144.44,158.97
2025-12-02,2025-12-01,FC-North,Metro Post,2,2,0,0,0,0.0,3.0,1.5,21.38,0.00,21.38,737.58,252.76,0.00
2025-01-01,2025-01-01,FC-South,Regional Freight,1,1,0,0,0,0.0,3.0,3.0,2.31,0.00,2.31,72.73,43.85,0.00
2025-01-05,2025-01-01,FC-South,Metro Post,3,2,1,1,3,1.0,4.0,2.667,28.13,0.00,28.13,429.05,14.24,59.37
2025-05-18,2025-05-01,FC-South,Swiftline,1,1,0,0,0,0.0,4.0,3.0,4.70,0.00,4.70,65.94,-4.7,0.00
2025-05-04,2025-05-01,FC-Central,Metro Post,2,1,1,1,6,3.0,5.0,4.5,19.47,0.00,19.47,1196.37,256.41,921.93
2025-05-01,2025-05-01,FC-South,Swiftline,3,3,0,0,0,0.0,2.667,1.667,49.47,4.99,44.48,778.03,128.5,0.00
2025-03-22,2025-03-01,FC-South,Regional Freight,2,1,1,0,2,1.0,3.5,2.5,14.54,0.00,14.54,998.74,317.08,564.99
2025-09-03,2025-09-01,FC-South,Metro Post,4,4,0,0,0,0.0,3.0,2.5,38.05,0.00,38.05,879.74,279.56,0.00
2025-06-06,2025-06-01,FC-Central,Metro Post,2,2,0,0,0,0.0,2.5,1.5,12.75,0.00,12.75,337.89,96.82,0.00
2025-09-18,2025-09-01,FC-Central,Metro Post,2,1,1,0,2,1.0,5.5,4.5,17.53,0.00,17.53,1059.25,145.29,619.02
2026-01-05,2026-01-01,FC-South,Regional Freight,2,1,1,0,1,0.5,5.5,4.0,11.33,4.99,6.34,759.60,201.75,721.80
2026-01-13,2026-01-01,FC-South,Metro Post,4,4,0,0,0,0.0,2.25,2.0,41.83,4.99,36.84,2239.45,319.78,0.00
2025-02-04,2025-02-01,FC-South,Metro Post,1,1,0,0,0,0.0,3.0,3.0,3.63,0.00,3.63,276.02,113.88,0.00
2025-02-27,2025-02-01,FC-South,Swiftline,1,1,0,0,0,0.0,3.0,1.0,5.55,0.00,5.55,337.55,80.04,0.00
2025-03-05,2025-03-01,FC-Central,Regional Freight,1,1,0,0,0,0.0,3.0,3.0,3.04,0.00,3.04,243.60,125.88,0.00
2025-02-23,2025-02-01,FC-North,Swiftline,2,2,0,0,0,0.0,3.5,3.5,8.49,4.99,3.50,143.08,77.33,0.00
2025-07-08,2025-07-01,FC-South,Regional Freight,3,0,3,2,12,4.0,8.667,8.333,22.78,0.00,22.78,572.03,62.62,572.03
2025-02-24,2025-02-01,FC-Central,Swiftline,1,1,0,0,0,0.0,3.0,2.0,17.52,0.00,17.52,631.99,186.76,0.00
2025-03-01,2025-03-01,FC-Central,Swiftline,2,2,0,0,0,0.0,3.5,3.0,14.30,0.00,14.30,809.55,179.76,0.00
2025-08-12,2025-08-01,FC-South,Swiftline,2,2,0,0,0,0.0,2.0,2.0,25.13,0.00,25.13,307.02,106.46,0.00
2025-09-17,2025-09-01,FC-Central,Regional Freight,2,1,1,1,3,1.5,5.5,5.5,15.94,0.00,15.94,784.20,292.49,326.88
2025-06-02,2025-06-01,FC-North,Regional Freight,2,2,0,0,0,0.0,3.0,3.0,20.00,4.99,15.01,271.64,28.24,0.00
2025-03-08,2025-03-01,FC-Central,Metro Post,1,1,0,0,0,0.0,3.0,3.0,8.52,0.00,8.52,211.86,-156.62,0.00
2025-03-08,2025-03-01,FC-North,Swiftline,1,1,0,0,0,0.0,2.0,1.0,5.66,0.00,5.66,116.57,-5.66,0.00
2025-09-05,2025-09-01,FC-South,Metro Post,3,3,0,0,0,0.0,4.0,3.0,39.10,4.99,34.11,489.13,45.68,0.00
2025-03-19,2025-03-01,FC-North,Regional Freight,1,1,0,0,0,0.0,1.0,1.0,4.39,0.00,4.39,63.56,21.96,0.00
2025-09-11,2025-09-01,FC-South,Metro Post,1,0,1,1,4,4.0,9.0,9.0,3.32,0.00,3.32,224.91,122.48,224.91
2025-04-04,2025-04-01,FC-Central,Swiftline,2,2,0,0,0,0.0,3.5,3.5,14.18,0.00,14.18,1025.76,286.13,0.00
2025-04-30,2025-04-01,FC-Central,Metro Post,1,1,0,0,0,0.0,3.0,3.0,5.20,4.99,0.21,38.00,11.96,0.00
2025-03-25,2025-03-01,FC-North,Swiftline,1,1,0,0,0,0.0,1.0,1.0,12.16,0.00,12.16,254.48,88.07,0.00
2025-07-18,2025-07-01,FC-South,Regional Freight,3,1,2,1,8,2.667,6.667,6.0,15.82,0.00,15.82,1049.26,355.16,584.94
2025-03-22,2025-03-01,FC-Central,Regional Freight,1,1,0,0,0,0.0,3.0,2.0,3.08,0.00,3.08,133.52,78.63,0.00
2025-04-17,2025-04-01,FC-Central,Metro Post,2,2,0,0,0,0.0,2.5,2.0,9.51,0.00,9.51,574.26,168.67,0.00
2025-06-21,2025-06-01,FC-Central,Regional Freight,2,2,0,0,0,0.0,2.5,2.0,8.89,0.00,8.89,407.75,61.73,0.00
2025-03-27,2025-03-01,FC-South,Metro Post,1,1,0,0,0,0.0,4.0,4.0,8.32,0.00,8.32,77.82,27.82,0.00
2025-07-13,2025-07-01,FC-North,Swiftline,4,3,1,0,1,0.25,3.5,3.0,32.38,0.00,32.38,836.13,199.39,318.60
2025-12-14,2025-12-01,FC-Central,Regional Freight,4,4,0,0,0,0.0,1.75,1.25,11.20,0.00,11.20,640.23,63.1,0.00
2025-06-04,2025-06-01,FC-South,Swiftline,2,2,0,0,0,0.0,3.5,3.0,9.96,0.00,9.96,221.26,77.62,0.00
2025-04-03,2025-04-01,FC-North,Metro Post,2,2,0,0,0,0.0,2.5,2.0,7.13,4.99,2.14,140.16,27.84,0.00
2025-04-23,2025-04-01,FC-North,Regional Freight,1,1,0,0,0,0.0,5.0,4.0,3.30,0.00,3.30,285.80,161.6,0.00
2025-09-17,2025-09-01,FC-South,Regional Freight,3,2,1,0,1,0.333,3.333,3.0,7.64,4.99,2.65,280.33,148.43,131.59
2025-07-17,2025-07-01,FC-North,Swiftline,3,3,0,0,0,0.0,3.333,3.333,33.69,0.00,33.69,525.77,12.3,0.00
2025-12-01,2025-12-01,FC-North,Swiftline,2,2,0,0,0,0.0,2.5,1.5,8.86,0.00,8.86,177.43,41.11,0.00
2025-04-09,2025-04-01,FC-South,Regional Freight,1,1,0,0,0,0.0,3.0,3.0,5.33,0.00,5.33,387.90,95.72,0.00
2025-04-12,2025-04-01,FC-North,Metro Post,2,2,0,0,0,0.0,2.5,2.0,21.57,0.00,21.57,593.26,176.25,0.00
2025-04-14,2025-04-01,FC-Central,Regional Freight,2,0,2,2,7,3.5,6.0,5.5,17.58,0.00,17.58,634.17,95.39,634.17
2025-04-11,2025-04-01,FC-South,Swiftline,1,1,0,0,0,0.0,2.0,2.0,9.69,0.00,9.69,324.83,130.71,0.00
2025-04-11,2025-04-01,FC-Central,Regional Freight,1,0,1,0,1,1.0,5.0,5.0,3.73,0.00,3.73,206.19,52.74,206.19
2025-04-13,2025-04-01,FC-South,Metro Post,1,1,0,0,0,0.0,4.0,2.0,8.67,0.00,8.67,107.09,34.99,0.00
2025-10-11,2025-10-01,FC-Central,Swiftline,1,1,0,0,0,0.0,4.0,3.0,22.91,0.00,22.91,300.12,-221.0,0.00
2025-08-22,2025-08-01,FC-North,Swiftline,1,1,0,0,0,0.0,2.0,1.0,10.21,0.00,10.21,54.16,12.38,0.00
2025-04-23,2025-04-01,FC-South,Metro Post,1,1,0,0,0,0.0,3.0,3.0,3.53,0.00,3.53,187.30,55.17,0.00
2025-11-23,2025-11-01,FC-South,Metro Post,3,2,1,0,1,0.333,2.667,1.333,15.34,0.00,15.34,409.01,152.12,152.55
2025-07-15,2025-07-01,FC-North,Metro Post,1,1,0,0,0,0.0,1.0,1.0,3.07,0.00,3.07,57.19,27.55,0.00
2025-07-10,2025-07-01,FC-Central,Swiftline,2,2,0,0,0,0.0,2.5,2.0,14.97,0.00,14.97,445.48,200.1,0.00
2025-04-30,2025-04-01,FC-North,Regional Freight,1,1,0,0,0,0.0,2.0,2.0,2.26,0.00,2.26,59.82,36.79,0.00
2025-09-03,2025-09-01,FC-North,Metro Post,2,2,0,0,0,0.0,3.0,3.0,30.89,0.00,30.89,1305.77,180.02,0.00
2025-07-19,2025-07-01,FC-Central,Metro Post,3,3,0,0,0,0.0,3.333,2.0,20.40,0.00,20.40,517.71,248.48,0.00
2025-09-30,2025-09-01,FC-North,Metro Post,2,2,0,0,0,0.0,2.0,1.5,17.41,0.00,17.41,561.85,184.94,0.00
2025-07-21,2025-07-01,FC-Central,Regional Freight,3,3,0,0,0,0.0,3.333,3.333,17.30,0.00,17.30,639.60,303.64,0.00
2025-05-12,2025-05-01,FC-North,Swiftline,3,3,0,0,0,0.0,3.333,2.0,18.91,0.00,18.91,407.33,167.5,0.00
2025-11-04,2025-11-01,FC-South,Metro Post,3,2,1,1,9,3.0,6.0,6.0,24.67,4.99,19.68,848.48,224.91,20.90
2025-06-14,2025-06-01,FC-North,Regional Freight,1,1,0,0,0,0.0,2.0,2.0,3.83,0.00,3.83,117.90,66.91,0.00
2025-10-07,2025-10-01,FC-Central,Metro Post,1,1,0,0,0,0.0,2.0,1.0,5.05,0.00,5.05,255.01,78.69,0.00
2025-05-17,2025-05-01,FC-Central,Metro Post,3,3,0,0,0,0.0,3.667,3.0,27.27,0.00,27.27,892.27,210.03,0.00
2025-05-19,2025-05-01,FC-South,Swiftline,1,1,0,0,0,0.0,5.0,5.0,17.10,0.00,17.10,253.24,93.31,0.00
2025-05-22,2025-05-01,FC-North,Swiftline,1,1,0,0,0,0.0,5.0,4.0,5.67,0.00,5.67,256.51,118.9,0.00
2025-07-13,2025-07-01,FC-Central,Regional Freight,4,4,0,0,0,0.0,3.25,3.0,28.51,0.00,28.51,2260.49,269.41,0.00
2025-11-21,2025-11-01,FC-South,Metro Post,4,2,2,0,3,0.75,3.5,3.0,34.27,4.99,29.28,856.41,347.29,654.53
2025-05-31,2025-05-01,FC-Central,Regional Freight,1,1,0,0,0,0.0,3.0,2.0,6.46,0.00,6.46,376.11,41.67,0.00
2025-08-03,2025-08-01,FC-South,Swiftline,2,2,0,0,0,0.0,3.0,2.5,16.59,0.00,16.59,712.34,251.51,0.00
2025-09-09,2025-09-01,FC-North,Regional Freight,2,1,1,1,3,1.5,5.0,5.0,11.76,0.00,11.76,1054.46,119.39,117.17
2025-11-19,2025-11-01,FC-North,Metro Post,2,1,1,0,2,1.0,4.5,3.5,11.37,0.00,11.37,468.48,-11.16,45.85
2025-08-28,2025-08-01,FC-Central,Regional Freight,1,1,0,0,0,0.0,3.0,3.0,6.44,0.00,6.44,77.82,29.7,0.00
2025-06-08,2025-06-01,FC-South,Metro Post,2,2,0,0,0,0.0,3.0,2.5,7.59,0.00,7.59,394.71,176.56,0.00
2025-06-09,2025-06-01,FC-Central,Swiftline,2,2,0,0,0,0.0,2.5,2.0,16.45,0.00,16.45,555.77,185.51,0.00
2025-06-08,2025-06-01,FC-North,Regional Freight,1,1,0,0,0,0.0,2.0,2.0,9.07,0.00,9.07,250.43,14.21,0.00
2025-11-21,2025-11-01,FC-North,Swiftline,2,2,0,0,0,0.0,3.0,2.0,32.56,0.00,32.56,678.98,271.14,0.00
2025-11-01,2025-11-01,FC-Central,Metro Post,4,4,0,0,0,0.0,3.75,3.5,19.28,0.00,19.28,492.33,175.59,0.00
2025-06-11,2025-06-01,FC-North,Metro Post,1,1,0,0,0,0.0,5.0,5.0,3.01,4.99,-1.98,38.97,1.98,0.00
2025-07-14,2025-07-01,FC-South,Metro Post,2,2,0,0,0,0.0,3.5,3.5,7.68,0.00,7.68,461.14,148.54,0.00
2026-05-30,2026-05-01,FC-Central,Metro Post,1,1,0,0,0,0.0,3.0,3.0,3.15,4.99,-1.84,28.80,16.23,0.00
2026-03-14,2026-03-01,FC-South,Regional Freight,4,4,0,0,0,0.0,2.0,1.5,16.20,0.00,16.20,1175.12,405.85,0.00
2025-06-21,2025-06-01,FC-North,Metro Post,2,2,0,0,0,0.0,3.5,3.5,12.74,0.00,12.74,788.34,103.32,0.00
2025-09-20,2025-09-01,FC-South,Swiftline,1,1,0,0,0,0.0,4.0,3.0,8.50,0.00,8.50,373.20,103.84,0.00
2026-01-19,2026-01-01,FC-South,Regional Freight,4,3,1,1,4,1.0,4.75,4.25,15.62,0.00,15.62,796.75,169.74,68.19
2025-07-21,2025-07-01,FC-South,Metro Post,1,1,0,0,0,0.0,3.0,1.0,2.95,0.00,2.95,99.97,54.54,0.00
2025-06-27,2025-06-01,FC-Central,Metro Post,2,2,0,0,0,0.0,3.5,3.5,10.03,0.00,10.03,456.63,-30.2,0.00
2025-07-04,2025-07-01,FC-South,Swiftline,2,2,0,0,0,0.0,3.0,3.0,15.18,0.00,15.18,620.39,84.23,0.00
2025-09-12,2025-09-01,FC-South,Metro Post,2,2,0,0,0,0.0,3.5,2.5,10.77,4.99,5.78,610.02,80.05,0.00
2025-07-06,2025-07-01,FC-South,Swiftline,1,1,0,0,0,0.0,5.0,5.0,17.23,0.00,17.23,626.04,2.54,0.00
2026-06-29,2026-06-01,FC-Central,Regional Freight,2,1,1,0,1,0.5,3.0,3.0,8.10,0.00,8.10,393.06,79.4,58.95
2025-09-26,2025-09-01,FC-Central,Metro Post,3,3,0,0,0,0.0,2.667,2.0,16.80,0.00,16.80,796.46,254.18,0.00
2025-10-24,2025-10-01,FC-South,Regional Freight,5,4,1,0,2,0.4,2.4,2.0,35.24,0.00,35.24,963.34,-236.93,85.49
2025-10-25,2025-10-01,FC-Central,Swiftline,4,4,0,0,0,0.0,3.5,3.25,53.19,4.99,48.20,1571.02,171.05,0.00
2026-06-11,2026-06-01,FC-South,Metro Post,2,2,0,0,0,0.0,2.0,1.5,21.90,0.00,21.90,895.02,71.24,0.00
2025-10-08,2025-10-01,FC-South,Metro Post,3,3,0,0,0,0.0,3.333,3.0,24.52,0.00,24.52,1031.92,123.34,0.00
2025-07-18,2025-07-01,FC-North,Swiftline,1,1,0,0,0,0.0,2.0,1.0,7.79,0.00,7.79,750.50,129.39,0.00
2025-10-16,2025-10-01,FC-South,Swiftline,4,4,0,0,0,0.0,3.75,3.0,24.54,0.00,24.54,703.89,130.47,0.00
2025-07-20,2025-07-01,FC-Central,Metro Post,1,0,1,0,1,1.0,4.0,3.0,5.71,0.00,5.71,534.83,-5.71,534.83
2025-10-01,2025-10-01,FC-Central,Regional Freight,4,4,0,0,0,0.0,4.5,4.25,62.96,4.99,57.97,1665.75,318.9,0.00
2025-11-06,2025-11-01,FC-North,Regional Freight,1,1,0,0,0,0.0,3.0,3.0,7.01,0.00,7.01,68.19,19.06,0.00
2025-10-08,2025-10-01,FC-North,Metro Post,2,2,0,0,0,0.0,3.0,3.0,13.51,0.00,13.51,446.47,156.2,0.00
2025-07-27,2025-07-01,FC-Central,Regional Freight,1,1,0,0,0,0.0,2.0,2.0,4.21,0.00,4.21,123.85,-4.21,0.00
2025-11-22,2025-11-01,FC-Central,Regional Freight,2,2,0,0,0,0.0,3.0,2.5,16.31,0.00,16.31,654.97,128.14,0.00
2026-03-03,2026-03-01,FC-Central,Swiftline,3,3,0,0,0,0.0,2.667,2.333,43.82,0.00,43.82,1052.30,126.9,0.00
2025-09-29,2025-09-01,FC-South,Swiftline,3,2,1,1,3,1.0,3.667,3.333,31.91,4.99,26.92,1056.36,79.44,38.36
2026-03-23,2026-03-01,FC-Central,Swiftline,3,2,1,0,1,0.333,3.667,2.667,48.81,0.00,48.81,1430.74,434.43,302.61
2026-01-28,2026-01-01,FC-North,Metro Post,2,2,0,0,0,0.0,2.5,2.0,9.00,4.99,4.01,120.54,50.98,0.00
2025-08-17,2025-08-01,FC-North,Swiftline,2,2,0,0,0,0.0,4.0,4.0,8.85,0.00,8.85,287.06,163.3,0.00
2025-10-28,2025-10-01,FC-Central,Swiftline,1,1,0,0,0,0.0,3.0,3.0,7.18,4.99,2.19,22.27,7.51,0.00
2025-09-25,2025-09-01,FC-South,Swiftline,1,1,0,0,0,0.0,5.0,4.0,4.34,0.00,4.34,213.44,46.6,0.00
2026-03-28,2026-03-01,FC-South,Regional Freight,3,3,0,0,0,0.0,3.667,3.667,14.19,0.00,14.19,1083.41,332.7,0.00
2026-01-17,2026-01-01,FC-South,Regional Freight,5,4,1,0,1,0.2,3.6,2.8,20.95,0.00,20.95,755.37,278.94,114.00
2025-11-27,2025-11-01,FC-North,Swiftline,3,3,0,0,0,0.0,3.667,3.667,50.72,0.00,50.72,486.63,13.82,0.00
2025-10-31,2025-10-01,FC-Central,Metro Post,4,3,1,0,1,0.25,2.75,1.75,18.75,4.99,13.76,618.05,203.9,114.66
2025-08-31,2025-08-01,FC-Central,Swiftline,2,2,0,0,0,0.0,2.5,1.5,21.25,0.00,21.25,701.12,259.59,0.00
2025-09-06,2025-09-01,FC-South,Swiftline,2,2,0,0,0,0.0,4.0,4.0,15.67,4.99,10.68,208.82,19.18,0.00
2026-02-07,2026-02-01,FC-Central,Metro Post,2,2,0,0,0,0.0,1.5,1.0,6.21,0.00,6.21,128.02,75.37,0.00
2025-12-15,2025-12-01,FC-North,Regional Freight,2,2,0,0,0,0.0,3.0,3.0,6.01,0.00,6.01,238.45,111.35,0.00
2025-09-07,2025-09-01,FC-North,Swiftline,1,1,0,0,0,0.0,3.0,2.0,11.92,0.00,11.92,488.88,133.38,0.00
2025-10-10,2025-10-01,FC-Central,Regional Freight,3,3,0,0,0,0.0,3.667,3.333,18.83,0.00,18.83,493.83,238.76,0.00
2025-09-09,2025-09-01,FC-Central,Regional Freight,2,1,1,0,2,1.0,3.5,2.5,8.40,4.99,3.41,92.32,43.6,26.40
2025-09-13,2025-09-01,FC-North,Metro Post,1,1,0,0,0,0.0,4.0,4.0,4.79,0.00,4.79,335.85,72.32,0.00
2025-12-09,2025-12-01,FC-North,Swiftline,2,1,1,0,1,0.5,4.0,3.5,12.28,4.99,7.29,418.91,37.29,27.42
2025-11-18,2025-11-01,FC-Central,Regional Freight,3,3,0,0,0,0.0,2.333,2.333,25.44,0.00,25.44,1484.07,461.55,0.00
2025-12-18,2025-12-01,FC-South,Metro Post,6,6,0,0,0,0.0,3.0,2.5,45.33,9.98,35.35,2237.85,802.56,0.00
2026-01-15,2026-01-01,FC-Central,Regional Freight,3,2,1,1,6,2.0,6.0,5.333,30.00,0.00,30.00,1134.01,204.59,282.81
2025-09-20,2025-09-01,FC-North,Regional Freight,1,1,0,0,0,0.0,5.0,3.0,3.79,0.00,3.79,413.99,179.58,0.00
2026-06-06,2026-06-01,FC-South,Regional Freight,1,1,0,0,0,0.0,2.0,1.0,3.77,0.00,3.77,185.21,68.55,0.00
2025-09-27,2025-09-01,FC-North,Metro Post,1,1,0,0,0,0.0,3.0,2.0,7.64,0.00,7.64,915.06,138.71,0.00
2026-01-22,2026-01-01,FC-North,Swiftline,3,3,0,0,0,0.0,3.0,2.667,26.82,0.00,26.82,922.54,207.18,0.00
2026-03-11,2026-03-01,FC-North,Metro Post,2,2,0,0,0,0.0,2.5,1.5,36.57,0.00,36.57,1146.17,283.42,0.00
2026-01-03,2026-01-01,FC-Central,Regional Freight,2,2,0,0,0,0.0,3.5,3.0,29.69,0.00,29.69,946.46,-676.75,0.00
2025-12-24,2025-12-01,FC-South,Metro Post,5,4,1,1,4,0.8,4.4,4.4,39.29,4.99,34.30,1492.64,325.83,850.40
2025-10-03,2025-10-01,FC-Central,Swiftline,1,1,0,0,0,0.0,3.0,3.0,4.70,0.00,4.70,53.74,-4.7,0.00
2026-04-22,2026-04-01,FC-South,Regional Freight,6,3,3,1,7,1.167,4.5,3.833,46.04,0.00,46.04,1655.25,418.35,1097.93
2025-10-06,2025-10-01,FC-Central,Metro Post,1,1,0,0,0,0.0,2.0,2.0,5.05,0.00,5.05,194.16,-5.05,0.00
2025-10-06,2025-10-01,FC-South,Swiftline,3,3,0,0,0,0.0,2.333,1.333,29.77,4.99,24.78,1396.79,543.77,0.00
2026-02-19,2026-02-01,FC-South,Metro Post,1,1,0,0,0,0.0,3.0,3.0,11.92,0.00,11.92,269.59,35.01,0.00
2026-02-17,2026-02-01,FC-South,Regional Freight,4,4,0,0,0,0.0,3.0,2.5,17.36,0.00,17.36,473.30,209.52,0.00
2026-01-04,2026-01-01,FC-Central,Metro Post,1,1,0,0,0,0.0,4.0,4.0,8.04,0.00,8.04,219.47,82.73,0.00
2026-02-11,2026-02-01,FC-North,Metro Post,3,3,0,0,0,0.0,3.0,2.333,23.62,4.99,18.63,1233.81,129.85,0.00
2025-11-28,2025-11-01,FC-South,Regional Freight,3,2,1,0,2,0.667,2.333,2.0,19.85,0.00,19.85,945.23,240.96,156.15
2026-02-24,2026-02-01,FC-Central,Swiftline,2,1,1,0,2,1.0,4.0,4.0,25.61,0.00,25.61,1138.11,303.11,859.06
2025-10-26,2025-10-01,FC-Central,Regional Freight,1,1,0,0,0,0.0,3.0,3.0,2.64,0.00,2.64,107.05,57.49,0.00
2025-10-30,2025-10-01,FC-Central,Swiftline,3,3,0,0,0,0.0,3.333,2.667,41.29,0.00,41.29,916.95,285.16,0.00
2025-10-29,2025-10-01,FC-Central,Regional Freight,2,1,1,0,1,0.5,3.5,3.5,6.91,4.99,1.92,252.94,-13.07,211.87
2026-06-09,2026-06-01,FC-Central,Swiftline,3,2,1,1,6,2.0,4.0,4.0,27.50,4.99,22.51,363.57,131.65,169.49
2026-03-30,2026-03-01,FC-South,Regional Freight,2,1,1,1,4,2.0,4.5,4.0,8.62,4.99,3.63,392.71,164.96,32.53
2025-12-27,2025-12-01,FC-Central,Swiftline,2,2,0,0,0,0.0,2.5,2.0,19.53,0.00,19.53,635.78,117.96,0.00
2026-05-07,2026-05-01,FC-South,Metro Post,3,2,1,0,1,0.333,3.333,2.0,10.04,4.99,5.05,298.19,56.13,28.36
2026-01-11,2026-01-01,FC-South,Metro Post,1,1,0,0,0,0.0,2.0,1.0,15.46,0.00,15.46,549.06,215.73,0.00
2026-03-12,2026-03-01,FC-South,Swiftline,2,2,0,0,0,0.0,2.0,2.0,8.72,0.00,8.72,296.19,158.32,0.00
2026-04-14,2026-04-01,FC-South,Metro Post,3,1,2,0,2,0.667,2.667,2.0,19.35,4.99,14.36,620.30,-69.42,432.42
2026-05-01,2026-05-01,FC-North,Swiftline,4,4,0,0,0,0.0,2.75,2.0,42.08,0.00,42.08,1920.23,382.02,0.00
2026-01-29,2026-01-01,FC-Central,Regional Freight,1,0,1,1,4,4.0,6.0,6.0,2.75,0.00,2.75,52.47,28.56,52.47
2026-02-14,2026-02-01,FC-Central,Metro Post,1,1,0,0,0,0.0,3.0,2.0,4.75,0.00,4.75,107.23,29.01,0.00
2025-12-03,2025-12-01,FC-North,Regional Freight,3,2,1,1,9,3.0,6.0,5.333,10.95,0.00,10.95,555.79,272.45,153.63
2026-03-22,2026-03-01,FC-South,Swiftline,2,2,0,0,0,0.0,3.0,2.0,22.75,0.00,22.75,995.04,-365.82,0.00
2025-12-08,2025-12-01,FC-North,Metro Post,3,2,1,1,3,1.0,4.333,3.667,18.84,0.00,18.84,1488.57,577.38,746.82
2025-12-07,2025-12-01,FC-Central,Metro Post,3,3,0,0,0,0.0,2.0,1.333,16.90,4.99,11.91,309.47,117.09,0.00
2026-01-30,2026-01-01,FC-North,Metro Post,1,1,0,0,0,0.0,2.0,1.0,4.26,0.00,4.26,99.64,51.62,0.00
2025-12-11,2025-12-01,FC-North,Regional Freight,1,1,0,0,0,0.0,3.0,3.0,9.18,0.00,9.18,323.47,144.93,0.00
2025-12-13,2025-12-01,FC-North,Regional Freight,1,0,1,1,3,3.0,8.0,8.0,2.56,0.00,2.56,246.42,151.69,246.42
2025-12-15,2025-12-01,FC-South,Regional Freight,4,3,1,1,3,0.75,4.25,4.25,15.92,4.99,10.93,539.06,133.35,358.89
2026-02-04,2026-02-01,FC-North,Swiftline,3,3,0,0,0,0.0,3.333,2.333,34.15,0.00,34.15,1444.04,294.49,0.00
2025-12-17,2025-12-01,FC-South,Metro Post,3,3,0,0,0,0.0,4.0,4.0,12.01,0.00,12.01,331.09,113.54,0.00
2025-12-18,2025-12-01,FC-Central,Metro Post,1,1,0,0,0,0.0,4.0,4.0,2.96,4.99,-2.03,13.61,8.98,0.00
2026-03-19,2026-03-01,FC-North,Swiftline,6,6,0,0,0,0.0,2.833,2.5,51.47,4.99,46.48,2499.77,397.74,0.00
2026-02-27,2026-02-01,FC-North,Metro Post,1,1,0,0,0,0.0,5.0,5.0,9.18,0.00,9.18,1535.34,263.09,0.00
2026-03-13,2026-03-01,FC-North,Regional Freight,1,1,0,0,0,0.0,1.0,1.0,2.31,0.00,2.31,72.73,43.85,0.00
2025-12-22,2025-12-01,FC-South,Swiftline,1,0,1,0,1,1.0,6.0,6.0,7.68,0.00,7.68,228.27,4.69,228.27
2026-03-27,2026-03-01,FC-South,Swiftline,2,2,0,0,0,0.0,3.5,2.5,16.33,4.99,11.34,305.04,134.35,0.00
2026-02-02,2026-02-01,FC-North,Metro Post,3,3,0,0,0,0.0,3.667,3.0,24.28,0.00,24.28,1273.70,292.4,0.00
2026-03-21,2026-03-01,FC-North,Metro Post,2,2,0,0,0,0.0,3.5,2.0,9.40,4.99,4.41,352.70,10.31,0.00
2025-12-30,2025-12-01,FC-North,Swiftline,4,2,2,1,4,1.0,4.75,3.75,48.27,0.00,48.27,2103.61,566.86,995.81
2026-04-03,2026-04-01,FC-Central,Metro Post,3,3,0,0,0,0.0,3.0,1.333,14.75,4.99,9.76,374.87,54.46,0.00
2025-12-29,2025-12-01,FC-North,Regional Freight,1,0,1,0,2,2.0,6.0,5.0,2.68,0.00,2.68,80.15,-1.19,80.15
2026-03-30,2026-03-01,FC-Central,Regional Freight,2,2,0,0,0,0.0,2.5,2.0,18.10,0.00,18.10,1004.18,267.53,0.00
2026-01-09,2026-01-01,FC-South,Swiftline,1,1,0,0,0,0.0,2.0,1.0,12.21,0.00,12.21,428.10,103.88,0.00
2026-01-14,2026-01-01,FC-Central,Swiftline,1,1,0,0,0,0.0,2.0,2.0,5.91,0.00,5.91,210.72,113.25,0.00
2026-01-13,2026-01-01,FC-North,Swiftline,1,1,0,0,0,0.0,3.0,3.0,5.46,0.00,5.46,479.31,55.55,0.00
2026-01-13,2026-01-01,FC-Central,Metro Post,1,1,0,0,0,0.0,2.0,1.0,4.54,4.99,-0.45,29.76,0.59,0.00
2026-01-31,2026-01-01,FC-Central,Metro Post,3,3,0,0,0,0.0,3.0,2.0,21.39,0.00,21.39,516.78,20.02,0.00
2026-05-14,2026-05-01,FC-Central,Regional Freight,4,4,0,0,0,0.0,3.5,3.5,26.78,0.00,26.78,1180.19,354.31,0.00
2026-02-04,2026-02-01,FC-Central,Regional Freight,1,1,0,0,0,0.0,2.0,2.0,3.99,0.00,3.99,170.58,60.69,0.00
2026-03-14,2026-03-01,FC-Central,Metro Post,1,1,0,0,0,0.0,4.0,3.0,21.85,0.00,21.85,806.39,112.71,0.00
2026-02-10,2026-02-01,FC-South,Metro Post,2,2,0,0,0,0.0,2.5,2.0,9.89,0.00,9.89,438.03,109.83,0.00
2026-03-31,2026-03-01,FC-North,Regional Freight,3,2,1,1,3,1.0,5.333,5.0,12.69,0.00,12.69,337.43,118.15,134.46
2026-05-28,2026-05-01,FC-South,Regional Freight,4,3,1,0,1,0.25,4.0,3.5,20.12,4.99,15.13,656.25,190.34,134.01
2026-02-19,2026-02-01,FC-Central,Swiftline,2,2,0,0,0,0.0,2.5,2.0,13.48,0.00,13.48,425.53,100.93,0.00
2026-02-22,2026-02-01,FC-North,Metro Post,3,3,0,0,0,0.0,2.667,2.333,21.46,0.00,21.46,845.74,190.33,0.00
2026-03-02,2026-03-01,FC-South,Regional Freight,2,2,0,0,0,0.0,3.5,2.5,9.02,0.00,9.02,762.52,231.53,0.00
2026-03-06,2026-03-01,FC-Central,Metro Post,3,2,1,0,1,0.333,2.667,1.667,29.85,0.00,29.85,1446.28,151.08,560.11
2026-03-07,2026-03-01,FC-North,Swiftline,1,1,0,0,0,0.0,3.0,3.0,10.04,0.00,10.04,444.01,78.25,0.00
2026-03-07,2026-03-01,FC-Central,Regional Freight,1,1,0,0,0,0.0,5.0,5.0,2.70,0.00,2.70,105.21,61.59,0.00
2026-06-06,2026-06-01,FC-Central,Swiftline,2,2,0,0,0,0.0,3.5,3.0,15.44,0.00,15.44,484.23,232.48,0.00
2026-03-14,2026-03-01,FC-North,Metro Post,1,1,0,0,0,0.0,2.0,2.0,11.53,0.00,11.53,678.32,-18.83,0.00
2026-03-15,2026-03-01,FC-South,Metro Post,2,2,0,0,0,0.0,3.5,2.5,24.43,4.99,19.44,305.06,124.76,0.00
2026-03-20,2026-03-01,FC-North,Regional Freight,1,1,0,0,0,0.0,5.0,5.0,15.51,0.00,15.51,459.85,187.74,0.00
2026-06-01,2026-06-01,FC-Central,Regional Freight,2,2,0,0,0,0.0,3.5,3.0,15.05,4.99,10.06,356.99,27.24,0.00
2026-06-25,2026-06-01,FC-Central,Metro Post,1,1,0,0,0,0.0,1.0,1.0,4.49,0.00,4.49,131.42,36.81,0.00
2026-03-31,2026-03-01,FC-Central,Metro Post,2,2,0,0,0,0.0,3.0,2.5,10.92,4.99,5.93,101.70,16.48,0.00
2026-04-05,2026-04-01,FC-South,Swiftline,1,1,0,0,0,0.0,5.0,5.0,15.47,0.00,15.47,455.35,58.81,0.00
2026-04-11,2026-04-01,FC-Central,Metro Post,1,1,0,0,0,0.0,2.0,1.0,6.16,0.00,6.16,243.13,21.07,0.00
2026-06-13,2026-06-01,FC-North,Metro Post,1,1,0,0,0,0.0,3.0,3.0,15.36,0.00,15.36,358.43,17.68,0.00
2026-05-03,2026-05-01,FC-North,Metro Post,1,1,0,0,0,0.0,3.0,2.0,5.49,0.00,5.49,76.13,-20.97,0.00
2026-04-21,2026-04-01,FC-South,Regional Freight,4,1,3,1,7,1.75,5.0,4.75,20.12,4.99,15.13,919.46,331.39,427.33
2026-04-21,2026-04-01,FC-North,Swiftline,2,2,0,0,0,0.0,4.5,4.0,24.92,0.00,24.92,153.80,39.51,0.00
2026-04-23,2026-04-01,FC-South,Metro Post,1,1,0,0,0,0.0,1.0,1.0,8.19,0.00,8.19,171.68,43.44,0.00
2026-05-05,2026-05-01,FC-North,Metro Post,2,2,0,0,0,0.0,4.0,3.5,19.00,0.00,19.00,604.51,136.81,0.00
2026-06-24,2026-06-01,FC-Central,Swiftline,1,1,0,0,0,0.0,3.0,1.0,4.38,4.99,-0.61,34.46,22.67,0.00
2026-05-15,2026-05-01,FC-North,Metro Post,2,2,0,0,0,0.0,4.5,3.5,6.89,0.00,6.89,266.15,84.55,0.00
2026-05-19,2026-05-01,FC-South,Swiftline,3,2,1,1,4,1.333,3.0,3.0,17.89,4.99,12.90,399.02,49.64,228.41
2026-05-23,2026-05-01,FC-North,Regional Freight,1,1,0,0,0,0.0,4.0,4.0,8.78,0.00,8.78,619.84,201.19,0.00
2026-05-23,2026-05-01,FC-Central,Metro Post,1,1,0,0,0,0.0,2.0,1.0,8.27,0.00,8.27,226.66,110.12,0.00
2026-05-30,2026-05-01,FC-South,Metro Post,2,2,0,0,0,0.0,2.0,1.0,12.20,0.00,12.20,525.81,175.09,0.00
