cohort_month,cohort_quarter,segment,period_index,activity_month,cohort_customers,cohort_initial_mrr,active_customers,retained_mrr
2023-01-01,2023-01-01,Enterprise,0,2023-01-01,1,41689.34,1,41689.34
2023-01-01,2023-01-01,Enterprise,1,2023-02-01,1,41689.34,1,41689.34
2023-01-01,2023-01-01,Enterprise,2,2023-03-01,1,41689.34,1,59156.02
2023-01-01,2023-01-01,Enterprise,3,2023-04-01,1,41689.34,1,59156.02
2023-01-01,2023-01-01,Enterprise,4,2023-05-01,1,41689.34,1,59156.02
2023-01-01,2023-01-01,Enterprise,5,2023-06-01,1,41689.34,1,59156.02
2023-01-01,2023-01-01,Enterprise,6,2023-07-01,1,41689.34,1,59156.02
2023-01-01,2023-01-01,Enterprise,7,2023-08-01,1,41689.34,1,59156.02
2023-01-01,2023-01-01,Enterprise,8,2023-09-01,1,41689.34,1,59156.02
2023-01-01,2023-01-01,Enterprise,9,2023-10-01,1,41689.34,1,69619.55
2023-01-01,2023-01-01,Enterprise,10,2023-11-01,1,41689.34,1,69619.55
2023-01-01,2023-01-01,Enterprise,11,2023-12-01,1,41689.34,1,69619.55
2023-01-01,2023-01-01,Enterprise,12,2024-01-01,1,41689.34,1,69619.55
2023-01-01,2023-01-01,Enterprise,13,2024-02-01,1,41689.34,1,69619.55
2023-01-01,2023-01-01,Enterprise,14,2024-03-01,1,41689.34,1,69619.55
2023-01-01,2023-01-01,Enterprise,15,2024-04-01,1,41689.34,1,69619.55
2023-01-01,2023-01-01,Enterprise,16,2024-05-01,1,41689.34,1,74562.95
2023-01-01,2023-01-01,Enterprise,17,2024-06-01,1,41689.34,1,74562.95
2023-01-01,2023-01-01,Enterprise,18,2024-07-01,1,41689.34,1,74562.95
2023-01-01,2023-01-01,Enterprise,19,2024-08-01,1,41689.34,1,92194.41
2023-01-01,2023-01-01,Enterprise,20,2024-09-01,1,41689.34,1,92194.41
2023-01-01,2023-01-01,Enterprise,21,2024-10-01,1,41689.34,1,92194.41
2023-01-01,2023-01-01,Enterprise,22,2024-11-01,1,41689.34,1,92194.41
2023-01-01,2023-01-01,Enterprise,23,2024-12-01,1,41689.34,1,92194.41
2023-01-01,2023-01-01,Enterprise,24,2025-01-01,1,41689.34,1,92194.41
2023-01-01,2023-01-01,Enterprise,25,2025-02-01,1,41689.34,1,92194.41
2023-01-01,2023-01-01,Enterprise,26,2025-03-01,1,41689.34,1,92194.41
2023-01-01,2023-01-01,Enterprise,27,2025-04-01,1,41689.34,1,92194.41
2023-01-01,2023-01-01,Enterprise,28,2025-05-01,1,41689.34,1,92194.41
2023-01-01,2023-01-01,Enterprise,29,2025-06-01,1,41689.34,1,103399.45
2023-01-01,2023-01-01,Enterprise,30,2025-07-01,1,41689.34,1,103399.45
2023-01-01,2023-01-01,Enterprise,31,2025-08-01,1,41689.34,1,118641.6
2023-01-01,2023-01-01,Enterprise,32,2025-09-01,1,41689.34,1,118641.6
2023-01-01,2023-01-01,Enterprise,33,2025-10-01,1,41689.34,1,147972.44
2023-01-01,2023-01-01,Enterprise,34,2025-11-01,1,41689.34,1,147972.44
2023-01-01,2023-01-01,Enterprise,35,2025-12-01,1,41689.34,1,182411.46
2023-01-01,2023-01-01,Enterprise,36,2026-01-01,1,41689.34,1,102987.5
2023-01-01,2023-01-01,Enterprise,37,2026-02-01,1,41689.34,1,102987.5
2023-01-01,2023-01-01,Enterprise,38,2026-03-01,1,41689.34,1,80659.81
2023-01-01,2023-01-01,Enterprise,39,2026-04-01,1,41689.34,1,80659.81
2023-01-01,2023-01-01,Enterprise,40,2026-05-01,1,41689.34,1,80659.81
2023-01-01,2023-01-01,Enterprise,41,2026-06-01,1,41689.34,1,80659.81
2023-01-01,2023-01-01,Enterprise,42,2026-07-01,1,41689.34,1,80659.81
2023-01-01,2023-01-01,Enterprise,43,2026-08-01,1,41689.34,1,80659.81
2023-01-01,2023-01-01,Mid-Market,0,2023-01-01,2,17441.25,2,17441.25
2023-01-01,2023-01-01,Mid-Market,1,2023-02-01,2,17441.25,2,17441.25
2023-01-01,2023-01-01,Mid-Market,2,2023-03-01,2,17441.25,2,17441.25
2023-01-01,2023-01-01,Mid-Market,3,2023-04-01,2,17441.25,2,17441.25
2023-01-01,2023-01-01,Mid-Market,4,2023-05-01,2,17441.25,2,15218.25
2023-01-01,2023-01-01,Mid-Market,5,2023-06-01,2,17441.25,2,15218.25
2023-01-01,2023-01-01,Mid-Market,6,2023-07-01,2,17441.25,2,15218.25
2023-01-01,2023-01-01,Mid-Market,7,2023-08-01,2,17441.25,2,19390.35
2023-01-01,2023-01-01,Mid-Market,8,2023-09-01,2,17441.25,2,22287.9
2023-01-01,2023-01-01,Mid-Market,9,2023-10-01,2,17441.25,2,22287.9
2023-01-01,2023-01-01,Mid-Market,10,2023-11-01,2,17441.25,2,22287.9
2023-01-01,2023-01-01,Mid-Market,11,2023-12-01,2,17441.25,2,22287.9
2023-01-01,2023-01-01,Mid-Market,12,2024-01-01,2,17441.25,2,22287.9
2023-01-01,2023-01-01,Mid-Market,13,2024-02-01,2,17441.25,2,22287.9
2023-01-01,2023-01-01,Mid-Market,14,2024-03-01,2,17441.25,2,22287.9
2023-01-01,2023-01-01,Mid-Market,15,2024-04-01,2,17441.25,2,22287.9
2023-01-01,2023-01-01,Mid-Market,16,2024-05-01,2,17441.25,2,22287.9
2023-01-01,2023-01-01,Mid-Market,17,2024-06-01,2,17441.25,2,22287.9
2023-01-01,2023-01-01,Mid-Market,18,2024-07-01,2,17441.25,2,22287.9
2023-01-01,2023-01-01,Mid-Market,19,2024-08-01,2,17441.25,2,22287.9
2023-01-01,2023-01-01,Mid-Market,20,2024-09-01,2,17441.25,2,22287.9
2023-01-01,2023-01-01,Mid-Market,21,2024-10-01,2,17441.25,2,22287.9
2023-01-01,2023-01-01,Mid-Market,22,2024-11-01,2,17441.25,2,22287.9
2023-01-01,2023-01-01,Mid-Market,23,2024-12-01,2,17441.25,2,22287.9
2023-01-01,2023-01-01,Mid-Market,24,2025-01-01,2,17441.25,2,23111.85
2023-01-01,2023-01-01,Mid-Market,25,2025-02-01,2,17441.25,2,23111.85
2023-01-01,2023-01-01,Mid-Market,26,2025-03-01,2,17441.25,2,23111.85
2023-01-01,2023-01-01,Mid-Market,27,2025-04-01,2,17441.25,2,23111.85
2023-01-01,2023-01-01,Mid-Market,28,2025-05-01,2,17441.25,2,23111.85
2023-01-01,2023-01-01,Mid-Market,29,2025-06-01,2,17441.25,2,24667.95
2023-01-01,2023-01-01,Mid-Market,30,2025-07-01,2,17441.25,2,24667.95
2023-01-01,2023-01-01,Mid-Market,31,2025-08-01,2,17441.25,2,22222.65
2023-01-01,2023-01-01,Mid-Market,32,2025-09-01,2,17441.25,2,22222.65
2023-01-01,2023-01-01,Mid-Market,33,2025-10-01,2,17441.25,2,22222.65
2023-01-01,2023-01-01,Mid-Market,34,2025-11-01,2,17441.25,2,22222.65
2023-01-01,2023-01-01,Mid-Market,35,2025-12-01,2,17441.25,2,22222.65
2023-01-01,2023-01-01,Mid-Market,36,2026-01-01,2,17441.25,2,22222.65
2023-01-01,2023-01-01,Mid-Market,37,2026-02-01,2,17441.25,2,17044.05
2023-01-01,2023-01-01,Mid-Market,38,2026-03-01,2,17441.25,2,17044.05
2023-01-01,2023-01-01,Mid-Market,39,2026-04-01,2,17441.25,2,17044.05
2023-01-01,2023-01-01,Mid-Market,40,2026-05-01,2,17441.25,2,17044.05
2023-01-01,2023-01-01,Mid-Market,41,2026-06-01,2,17441.25,2,17044.05
2023-01-01,2023-01-01,Mid-Market,42,2026-07-01,2,17441.25,2,17044.05
2023-01-01,2023-01-01,Mid-Market,43,2026-08-01,2,17441.25,2,17044.05
2023-01-01,2023-01-01,SMB,0,2023-01-01,12,11046.74,12,11046.74
2023-01-01,2023-01-01,SMB,1,2023-02-01,12,11046.74,11,10996.94
2023-01-01,2023-01-01,SMB,2,2023-03-01,12,11046.74,10,9927.85
2023-01-01,2023-01-01,SMB,3,2023-04-01,12,11046.74,8,7677.85
2023-01-01,2023-01-01,SMB,4,2023-05-01,12,11046.74,7,7092.04
2023-01-01,2023-01-01,SMB,5,2023-06-01,12,11046.74,7,7092.04
2023-01-01,2023-01-01,SMB,6,2023-07-01,12,11046.74,6,6992.04
2023-01-01,2023-01-01,SMB,7,2023-08-01,12,11046.74,6,6992.04
2023-01-01,2023-01-01,SMB,8,2023-09-01,12,11046.74,6,7809.46
2023-01-01,2023-01-01,SMB,9,2023-10-01,12,11046.74,6,7809.46
2023-01-01,2023-01-01,SMB,10,2023-11-01,12,11046.74,7,8889.46
2023-01-01,2023-01-01,SMB,11,2023-12-01,12,11046.74,7,8889.46
2023-01-01,2023-01-01,SMB,12,2024-01-01,12,11046.74,6,6289.56
2023-01-01,2023-01-01,SMB,13,2024-02-01,12,11046.74,5,6037.11
2023-01-01,2023-01-01,SMB,14,2024-03-01,12,11046.74,4,5912.98
2023-01-01,2023-01-01,SMB,15,2024-04-01,12,11046.74,4,5912.98
2023-01-01,2023-01-01,SMB,16,2024-05-01,12,11046.74,4,6078.58
2023-01-01,2023-01-01,SMB,17,2024-06-01,12,11046.74,4,6347.23
2023-01-01,2023-01-01,SMB,18,2024-07-01,12,11046.74,4,6347.23
2023-01-01,2023-01-01,SMB,19,2024-08-01,12,11046.74,4,6347.23
2023-01-01,2023-01-01,SMB,20,2024-09-01,12,11046.74,4,6347.23
2023-01-01,2023-01-01,SMB,21,2024-10-01,12,11046.74,5,6871.57
2023-01-01,2023-01-01,SMB,22,2024-11-01,12,11046.74,5,6871.57
2023-01-01,2023-01-01,SMB,23,2024-12-01,12,11046.74,5,6871.57
2023-01-01,2023-01-01,SMB,24,2025-01-01,12,11046.74,5,6927.37
2023-01-01,2023-01-01,SMB,25,2025-02-01,12,11046.74,5,6927.37
2023-01-01,2023-01-01,SMB,26,2025-03-01,12,11046.74,5,7355.55
2023-01-01,2023-01-01,SMB,27,2025-04-01,12,11046.74,5,7355.55
2023-01-01,2023-01-01,SMB,28,2025-05-01,12,11046.74,5,7355.55
2023-01-01,2023-01-01,SMB,29,2025-06-01,12,11046.74,5,8071.95
2023-01-01,2023-01-01,SMB,30,2025-07-01,12,11046.74,5,9057.0
2023-01-01,2023-01-01,SMB,31,2025-08-01,12,11046.74,5,8063.4
2023-01-01,2023-01-01,SMB,32,2025-09-01,12,11046.74,5,8107.1
2023-01-01,2023-01-01,SMB,33,2025-10-01,12,11046.74,5,8107.1
2023-01-01,2023-01-01,SMB,34,2025-11-01,12,11046.74,5,7250.75
2023-01-01,2023-01-01,SMB,35,2025-12-01,12,11046.74,5,7250.75
2023-01-01,2023-01-01,SMB,36,2026-01-01,12,11046.74,4,5511.95
2023-01-01,2023-01-01,SMB,37,2026-02-01,12,11046.74,4,5686.73
2023-01-01,2023-01-01,SMB,38,2026-03-01,12,11046.74,4,5686.73
2023-01-01,2023-01-01,SMB,39,2026-04-01,12,11046.74,5,7052.93
2023-01-01,2023-01-01,SMB,40,2026-05-01,12,11046.74,5,7052.93
2023-01-01,2023-01-01,SMB,41,2026-06-01,12,11046.74,5,7052.93
2023-01-01,2023-01-01,SMB,42,2026-07-01,12,11046.74,5,12022.95
2023-01-01,2023-01-01,SMB,43,2026-08-01,12,11046.74,5,13382.33
2023-02-01,2023-01-01,Enterprise,0,2023-02-01,2,47134.89,2,47134.89
2023-02-01,2023-01-01,Enterprise,1,2023-03-01,2,47134.89,2,47134.89
2023-02-01,2023-01-01,Enterprise,2,2023-04-01,2,47134.89,2,47134.89
2023-02-01,2023-01-01,Enterprise,3,2023-05-01,2,47134.89,2,47134.89
2023-02-01,2023-01-01,Enterprise,4,2023-06-01,2,47134.89,2,47134.89
2023-02-01,2023-01-01,Enterprise,5,2023-07-01,2,47134.89,2,47134.89
2023-02-01,2023-01-01,Enterprise,6,2023-08-01,2,47134.89,2,47134.89
2023-02-01,2023-01-01,Enterprise,7,2023-09-01,2,47134.89,2,27932.19
2023-02-01,2023-01-01,Enterprise,8,2023-10-01,2,47134.89,2,27932.19
2023-02-01,2023-01-01,Enterprise,9,2023-11-01,2,47134.89,2,27932.19
2023-02-01,2023-01-01,Enterprise,10,2023-12-01,2,47134.89,2,29123.49
2023-02-01,2023-01-01,Enterprise,11,2024-01-01,2,47134.89,2,29123.49
2023-02-01,2023-01-01,Enterprise,12,2024-02-01,2,47134.89,2,31543.05
2023-02-01,2023-01-01,Enterprise,13,2024-03-01,2,47134.89,2,31543.05
2023-02-01,2023-01-01,Enterprise,14,2024-04-01,2,47134.89,2,31543.05
2023-02-01,2023-01-01,Enterprise,15,2024-05-01,2,47134.89,2,31543.05
2023-02-01,2023-01-01,Enterprise,16,2024-06-01,2,47134.89,2,31543.05
2023-02-01,2023-01-01,Enterprise,17,2024-07-01,2,47134.89,2,35216.61
2023-02-01,2023-01-01,Enterprise,18,2024-08-01,2,47134.89,2,35216.61
2023-02-01,2023-01-01,Enterprise,19,2024-09-01,2,47134.89,2,35216.61
2023-02-01,2023-01-01,Enterprise,20,2024-10-01,2,47134.89,2,35216.61
2023-02-01,2023-01-01,Enterprise,21,2024-11-01,2,47134.89,2,35216.61
2023-02-01,2023-01-01,Enterprise,22,2024-12-01,2,47134.89,2,35216.61
2023-02-01,2023-01-01,Enterprise,23,2025-01-01,2,47134.89,2,35216.61
2023-02-01,2023-01-01,Enterprise,24,2025-02-01,2,47134.89,2,35216.61
2023-02-01,2023-01-01,Enterprise,25,2025-03-01,2,47134.89,2,35216.61
2023-02-01,2023-01-01,Enterprise,26,2025-04-01,2,47134.89,2,35216.61
2023-02-01,2023-01-01,Enterprise,27,2025-05-01,2,47134.89,2,35216.61
2023-02-01,2023-01-01,Enterprise,28,2025-06-01,2,47134.89,2,35216.61
2023-02-01,2023-01-01,Enterprise,29,2025-07-01,2,47134.89,2,35216.61
2023-02-01,2023-01-01,Enterprise,30,2025-08-01,2,47134.89,2,35592.81
2023-02-01,2023-01-01,Enterprise,31,2025-09-01,2,47134.89,2,36658.71
2023-02-01,2023-01-01,Enterprise,32,2025-10-01,2,47134.89,2,42920.46
2023-02-01,2023-01-01,Enterprise,33,2025-11-01,2,47134.89,2,37159.65
2023-02-01,2023-01-01,Enterprise,34,2025-12-01,2,47134.89,2,37598.55
2023-02-01,2023-01-01,Enterprise,35,2026-01-01,2,47134.89,2,37598.55
2023-02-01,2023-01-01,Enterprise,36,2026-02-01,2,47134.89,2,50646.75
2023-02-01,2023-01-01,Enterprise,37,2026-03-01,2,47134.89,2,50646.75
2023-02-01,2023-01-01,Enterprise,38,2026-04-01,2,47134.89,2,50646.75
2023-02-01,2023-01-01,Enterprise,39,2026-05-01,2,47134.89,2,52151.55
2023-02-01,2023-01-01,Enterprise,40,2026-06-01,2,47134.89,2,52151.55
2023-02-01,2023-01-01,Enterprise,41,2026-07-01,2,47134.89,2,52151.55
2023-02-01,2023-01-01,Enterprise,42,2026-08-01,2,47134.89,2,68933.04
2023-02-01,2023-01-01,Mid-Market,0,2023-02-01,7,32251.2,7,32251.2
2023-02-01,2023-01-01,Mid-Market,1,2023-03-01,7,32251.2,7,32251.2
2023-02-01,2023-01-01,Mid-Market,2,2023-04-01,7,32251.2,6,28922.37
2023-02-01,2023-01-01,Mid-Market,3,2023-05-01,7,32251.2,6,30046.69
2023-02-01,2023-01-01,Mid-Market,4,2023-06-01,7,32251.2,5,25859.44
2023-02-01,2023-01-01,Mid-Market,5,2023-07-01,7,32251.2,5,27003.11
2023-02-01,2023-01-01,Mid-Market,6,2023-08-01,7,32251.2,5,25770.18
2023-02-01,2023-01-01,Mid-Market,7,2023-09-01,7,32251.2,4,18716.66
2023-02-01,2023-01-01,Mid-Market,8,2023-10-01,7,32251.2,4,18716.66
2023-02-01,2023-01-01,Mid-Market,9,2023-11-01,7,32251.2,4,18716.66
2023-02-01,2023-01-01,Mid-Market,10,2023-12-01,7,32251.2,4,18716.66
2023-02-01,2023-01-01,Mid-Market,11,2024-01-01,7,32251.2,4,18716.66
2023-02-01,2023-01-01,Mid-Market,12,2024-02-01,7,32251.2,4,18716.66
2023-02-01,2023-01-01,Mid-Market,13,2024-03-01,7,32251.2,4,18716.66
2023-02-01,2023-01-01,Mid-Market,14,2024-04-01,7,32251.2,4,20398.53
2023-02-01,2023-01-01,Mid-Market,15,2024-05-01,7,32251.2,4,20398.53
2023-02-01,2023-01-01,Mid-Market,16,2024-06-01,7,32251.2,4,20398.53
2023-02-01,2023-01-01,Mid-Market,17,2024-07-01,7,32251.2,4,20398.53
2023-02-01,2023-01-01,Mid-Market,18,2024-08-01,7,32251.2,4,20398.53
2023-02-01,2023-01-01,Mid-Market,19,2024-09-01,7,32251.2,3,18989.4
2023-02-01,2023-01-01,Mid-Market,20,2024-10-01,7,32251.2,3,20200.35
2023-02-01,2023-01-01,Mid-Market,21,2024-11-01,7,32251.2,3,22376.1
2023-02-01,2023-01-01,Mid-Market,22,2024-12-01,7,32251.2,3,22783.35
2023-02-01,2023-01-01,Mid-Market,23,2025-01-01,7,32251.2,3,22045.65
2023-02-01,2023-01-01,Mid-Market,24,2025-02-01,7,32251.2,3,22045.65
2023-02-01,2023-01-01,Mid-Market,25,2025-03-01,7,32251.2,3,22045.65
2023-02-01,2023-01-01,Mid-Market,26,2025-04-01,7,32251.2,3,22045.65
2023-02-01,2023-01-01,Mid-Market,27,2025-05-01,7,32251.2,3,20416.65
2023-02-01,2023-01-01,Mid-Market,28,2025-06-01,7,32251.2,3,20416.65
2023-02-01,2023-01-01,Mid-Market,29,2025-07-01,7,32251.2,3,20416.65
2023-02-01,2023-01-01,Mid-Market,30,2025-08-01,7,32251.2,3,18624.75
2023-02-01,2023-01-01,Mid-Market,31,2025-09-01,7,32251.2,2,17158.65
2023-02-01,2023-01-01,Mid-Market,32,2025-10-01,7,32251.2,2,17158.65
2023-02-01,2023-01-01,Mid-Market,33,2025-11-01,7,32251.2,2,23419.13
2023-02-01,2023-01-01,Mid-Market,34,2025-12-01,7,32251.2,2,23419.13
2023-02-01,2023-01-01,Mid-Market,35,2026-01-01,7,32251.2,2,23419.13
2023-02-01,2023-01-01,Mid-Market,36,2026-02-01,7,32251.2,2,25773.75
2023-02-01,2023-01-01,Mid-Market,37,2026-03-01,7,32251.2,2,25773.75
2023-02-01,2023-01-01,Mid-Market,38,2026-04-01,7,32251.2,2,25773.75
2023-02-01,2023-01-01,Mid-Market,39,2026-05-01,7,32251.2,2,31140.6
2023-02-01,2023-01-01,Mid-Market,40,2026-06-01,7,32251.2,2,33226.13
2023-02-01,2023-01-01,Mid-Market,41,2026-07-01,7,32251.2,2,33226.13
2023-02-01,2023-01-01,Mid-Market,42,2026-08-01,7,32251.2,2,33226.13
2023-02-01,2023-01-01,SMB,0,2023-02-01,9,5971.74,9,5971.74
2023-02-01,2023-01-01,SMB,1,2023-03-01,9,5971.74,9,5971.74
2023-02-01,2023-01-01,SMB,2,2023-04-01,9,5971.74,9,5971.74
2023-02-01,2023-01-01,SMB,3,2023-05-01,9,5971.74,9,6012.84
2023-02-01,2023-01-01,SMB,4,2023-06-01,9,5971.74,8,6075.69
2023-02-01,2023-01-01,SMB,5,2023-07-01,9,5971.74,8,6075.69
2023-02-01,2023-01-01,SMB,6,2023-08-01,9,5971.74,8,6075.69
2023-02-01,2023-01-01,SMB,7,2023-09-01,9,5971.74,7,5637.39
2023-02-01,2023-01-01,SMB,8,2023-10-01,9,5971.74,7,5661.19
2023-02-01,2023-01-01,SMB,9,2023-11-01,9,5971.74,7,5661.19
2023-02-01,2023-01-01,SMB,10,2023-12-01,9,5971.74,5,4902.8
2023-02-01,2023-01-01,SMB,11,2024-01-01,9,5971.74,5,4902.8
2023-02-01,2023-01-01,SMB,12,2024-02-01,9,5971.74,5,4902.8
2023-02-01,2023-01-01,SMB,13,2024-03-01,9,5971.74,5,4902.8
2023-02-01,2023-01-01,SMB,14,2024-04-01,9,5971.74,5,4902.8
2023-02-01,2023-01-01,SMB,15,2024-05-01,9,5971.74,5,5250.29
2023-02-01,2023-01-01,SMB,16,2024-06-01,9,5971.74,5,5250.29
2023-02-01,2023-01-01,SMB,17,2024-07-01,9,5971.74,5,5144.29
2023-02-01,2023-01-01,SMB,18,2024-08-01,9,5971.74,5,5144.29
2023-02-01,2023-01-01,SMB,19,2024-09-01,9,5971.74,5,5144.29
2023-02-01,2023-01-01,SMB,20,2024-10-01,9,5971.74,5,4064.29
2023-02-01,2023-01-01,SMB,21,2024-11-01,9,5971.74,5,4496.29
2023-02-01,2023-01-01,SMB,22,2024-12-01,9,5971.74,5,4496.29
2023-02-01,2023-01-01,SMB,23,2025-01-01,9,5971.74,5,4882.39
2023-02-01,2023-01-01,SMB,24,2025-02-01,9,5971.74,4,2411.35
2023-02-01,2023-01-01,SMB,25,2025-03-01,9,5971.74,4,2434.4
2023-02-01,2023-01-01,SMB,26,2025-04-01,9,5971.74,4,2434.4
2023-02-01,2023-01-01,SMB,27,2025-05-01,9,5971.74,4,3125.6
2023-02-01,2023-01-01,SMB,28,2025-06-01,9,5971.74,4,3125.6
2023-02-01,2023-01-01,SMB,29,2025-07-01,9,5971.74,4,3125.6
2023-02-01,2023-01-01,SMB,30,2025-08-01,9,5971.74,4,3125.6
2023-02-01,2023-01-01,SMB,31,2025-09-01,9,5971.74,4,3125.6
2023-02-01,2023-01-01,SMB,32,2025-10-01,9,5971.74,4,3125.6
2023-02-01,2023-01-01,SMB,33,2025-11-01,9,5971.74,4,3125.6
2023-02-01,2023-01-01,SMB,34,2025-12-01,9,5971.74,4,3125.6
2023-02-01,2023-01-01,SMB,35,2026-01-01,9,5971.74,4,3125.6
2023-02-01,2023-01-01,SMB,36,2026-02-01,9,5971.74,4,3149.4
2023-02-01,2023-01-01,SMB,37,2026-03-01,9,5971.74,4,3149.4
2023-02-01,2023-01-01,SMB,38,2026-04-01,9,5971.74,4,3149.4
2023-02-01,2023-01-01,SMB,39,2026-05-01,9,5971.74,4,3108.3
2023-02-01,2023-01-01,SMB,40,2026-06-01,9,5971.74,4,3108.3
2023-02-01,2023-01-01,SMB,41,2026-07-01,9,5971.74,4,3084.5
2023-02-01,2023-01-01,SMB,42,2026-08-01,9,5971.74,4,3084.5
2023-03-01,2023-01-01,Enterprise,0,2023-03-01,2,60414.2,2,60414.2
2023-03-01,2023-01-01,Enterprise,1,2023-04-01,2,60414.2,2,60414.2
2023-03-01,2023-01-01,Enterprise,2,2023-05-01,2,60414.2,2,60414.2
2023-03-01,2023-01-01,Enterprise,3,2023-06-01,2,60414.2,2,60414.2
2023-03-01,2023-01-01,Enterprise,4,2023-07-01,2,60414.2,2,62145.6
2023-03-01,2023-01-01,Enterprise,5,2023-08-01,2,60414.2,2,62145.6
2023-03-01,2023-01-01,Enterprise,6,2023-09-01,2,60414.2,2,62145.6
2023-03-01,2023-01-01,Enterprise,7,2023-10-01,2,60414.2,2,62145.6
2023-03-01,2023-01-01,Enterprise,8,2023-11-01,2,60414.2,2,64742.7
2023-03-01,2023-01-01,Enterprise,9,2023-12-01,2,60414.2,2,64742.7
2023-03-01,2023-01-01,Enterprise,10,2024-01-01,2,60414.2,2,62578.45
2023-03-01,2023-01-01,Enterprise,11,2024-02-01,2,60414.2,2,62578.45
2023-03-01,2023-01-01,Enterprise,12,2024-03-01,2,60414.2,2,62578.45
2023-03-01,2023-01-01,Enterprise,13,2024-04-01,2,60414.2,2,62578.45
2023-03-01,2023-01-01,Enterprise,14,2024-05-01,2,60414.2,2,52694.29
2023-03-01,2023-01-01,Enterprise,15,2024-06-01,2,60414.2,2,66855.25
2023-03-01,2023-01-01,Enterprise,16,2024-07-01,2,60414.2,2,66855.25
2023-03-01,2023-01-01,Enterprise,17,2024-08-01,2,60414.2,2,66855.25
2023-03-01,2023-01-01,Enterprise,18,2024-09-01,2,60414.2,2,57769.34
2023-03-01,2023-01-01,Enterprise,19,2024-10-01,2,60414.2,2,57769.34
2023-03-01,2023-01-01,Enterprise,20,2024-11-01,2,60414.2,2,57769.34
2023-03-01,2023-01-01,Enterprise,21,2024-12-01,2,60414.2,2,57769.34
2023-03-01,2023-01-01,Enterprise,22,2025-01-01,2,60414.2,2,57769.34
2023-03-01,2023-01-01,Enterprise,23,2025-02-01,2,60414.2,2,57769.34
2023-03-01,2023-01-01,Enterprise,24,2025-03-01,2,60414.2,2,57769.34
2023-03-01,2023-01-01,Enterprise,25,2025-04-01,2,60414.2,1,49800.96
2023-03-01,2023-01-01,Enterprise,26,2025-05-01,2,60414.2,1,49800.96
2023-03-01,2023-01-01,Enterprise,27,2025-06-01,2,60414.2,0,0.0
2023-03-01,2023-01-01,Mid-Market,0,2023-03-01,4,14349.74,4,14349.74
2023-03-01,2023-01-01,Mid-Market,1,2023-04-01,4,14349.74,4,14349.74
2023-03-01,2023-01-01,Mid-Market,2,2023-05-01,4,14349.74,4,14349.74
2023-03-01,2023-01-01,Mid-Market,3,2023-06-01,4,14349.74,4,14349.74
2023-03-01,2023-01-01,Mid-Market,4,2023-07-01,4,14349.74,4,14349.74
2023-03-01,2023-01-01,Mid-Market,5,2023-08-01,4,14349.74,4,14349.74
2023-03-01,2023-01-01,Mid-Market,6,2023-09-01,4,14349.74,4,14349.74
2023-03-01,2023-01-01,Mid-Market,7,2023-10-01,4,14349.74,4,14349.74
2023-03-01,2023-01-01,Mid-Market,8,2023-11-01,4,14349.74,4,16087.19
2023-03-01,2023-01-01,Mid-Market,9,2023-12-01,4,14349.74,4,16261.43
2023-03-01,2023-01-01,Mid-Market,10,2024-01-01,4,14349.74,3,15475.68
2023-03-01,2023-01-01,Mid-Market,11,2024-02-01,4,14349.74,3,15475.68
2023-03-01,2023-01-01,Mid-Market,12,2024-03-01,4,14349.74,2,14520.33
2023-03-01,2023-01-01,Mid-Market,13,2024-04-01,4,14349.74,2,14868.81
2023-03-01,2023-01-01,Mid-Market,14,2024-05-01,4,14349.74,2,14171.85
2023-03-01,2023-01-01,Mid-Market,15,2024-06-01,4,14349.74,2,14171.85
2023-03-01,2023-01-01,Mid-Market,16,2024-07-01,4,14349.74,1,1742.4
2023-03-01,2023-01-01,Mid-Market,17,2024-08-01,4,14349.74,1,1742.4
2023-03-01,2023-01-01,Mid-Market,18,2024-09-01,4,14349.74,1,1742.4
2023-03-01,2023-01-01,Mid-Market,19,2024-10-01,4,14349.74,1,1742.4
2023-03-01,2023-01-01,Mid-Market,20,2024-11-01,4,14349.74,1,1742.4
2023-03-01,2023-01-01,Mid-Market,21,2024-12-01,4,14349.74,1,1742.4
2023-03-01,2023-01-01,Mid-Market,22,2025-01-01,4,14349.74,1,1742.4
2023-03-01,2023-01-01,Mid-Market,23,2025-02-01,4,14349.74,1,1742.4
2023-03-01,2023-01-01,Mid-Market,24,2025-03-01,4,14349.74,1,1742.4
2023-03-01,2023-01-01,Mid-Market,25,2025-04-01,4,14349.74,1,1742.4
2023-03-01,2023-01-01,Mid-Market,26,2025-05-01,4,14349.74,1,1742.4
2023-03-01,2023-01-01,Mid-Market,27,2025-06-01,4,14349.74,1,1742.4
2023-03-01,2023-01-01,Mid-Market,28,2025-07-01,4,14349.74,1,1742.4
2023-03-01,2023-01-01,Mid-Market,29,2025-08-01,4,14349.74,1,1742.4
2023-03-01,2023-01-01,Mid-Market,30,2025-09-01,4,14349.74,1,1742.4
2023-03-01,2023-01-01,Mid-Market,31,2025-10-01,4,14349.74,1,1742.4
2023-03-01,2023-01-01,Mid-Market,32,2025-11-01,4,14349.74,1,1742.4
2023-03-01,2023-01-01,Mid-Market,33,2025-12-01,4,14349.74,1,1742.4
2023-03-01,2023-01-01,Mid-Market,34,2026-01-01,4,14349.74,0,0.0
2023-03-01,2023-01-01,SMB,0,2023-03-01,12,8461.27,12,8461.27
2023-03-01,2023-01-01,SMB,1,2023-04-01,12,8461.27,12,8484.77
2023-03-01,2023-01-01,SMB,2,2023-05-01,12,8461.27,12,7931.95
2023-03-01,2023-01-01,SMB,3,2023-06-01,12,8461.27,12,7931.95
2023-03-01,2023-01-01,SMB,4,2023-07-01,12,8461.27,12,7990.24
2023-03-01,2023-01-01,SMB,5,2023-08-01,12,8461.27,12,7990.24
2023-03-01,2023-01-01,SMB,6,2023-09-01,12,8461.27,11,7913.74
2023-03-01,2023-01-01,SMB,7,2023-10-01,12,8461.27,10,6595.46
2023-03-01,2023-01-01,SMB,8,2023-11-01,12,8461.27,7,4448.46
2023-03-01,2023-01-01,SMB,9,2023-12-01,12,8461.27,7,4628.28
2023-03-01,2023-01-01,SMB,10,2024-01-01,12,8461.27,6,4749.53
2023-03-01,2023-01-01,SMB,11,2024-02-01,12,8461.27,5,3821.54
2023-03-01,2023-01-01,SMB,12,2024-03-01,12,8461.27,5,4030.79
2023-03-01,2023-01-01,SMB,13,2024-04-01,12,8461.27,5,4030.79
2023-03-01,2023-01-01,SMB,14,2024-05-01,12,8461.27,5,4030.79
2023-03-01,2023-01-01,SMB,15,2024-06-01,12,8461.27,5,4072.19
2023-03-01,2023-01-01,SMB,16,2024-07-01,12,8461.27,5,4836.43
2023-03-01,2023-01-01,SMB,17,2024-08-01,12,8461.27,5,4836.43
2023-03-01,2023-01-01,SMB,18,2024-09-01,12,8461.27,6,4978.2
2023-03-01,2023-01-01,SMB,19,2024-10-01,12,8461.27,6,5106.99
2023-03-01,2023-01-01,SMB,20,2024-11-01,12,8461.27,5,4162.53
2023-03-01,2023-01-01,SMB,21,2024-12-01,12,8461.27,4,4062.83
2023-03-01,2023-01-01,SMB,22,2025-01-01,12,8461.27,4,4042.13
2023-03-01,2023-01-01,SMB,23,2025-02-01,12,8461.27,4,4042.13
2023-03-01,2023-01-01,SMB,24,2025-03-01,12,8461.27,4,4042.13
2023-03-01,2023-01-01,SMB,25,2025-04-01,12,8461.27,4,3916.58
2023-03-01,2023-01-01,SMB,26,2025-05-01,12,8461.27,4,3916.58
2023-03-01,2023-01-01,SMB,27,2025-06-01,12,8461.27,4,3916.58
2023-03-01,2023-01-01,SMB,28,2025-07-01,12,8461.27,4,3916.58
2023-03-01,2023-01-01,SMB,29,2025-08-01,12,8461.27,4,3957.98
2023-03-01,2023-01-01,SMB,30,2025-09-01,12,8461.27,4,3833.78
2023-03-01,2023-01-01,SMB,31,2025-10-01,12,8461.27,4,3414.79
2023-03-01,2023-01-01,SMB,32,2025-11-01,12,8461.27,2,646.65
2023-03-01,2023-01-01,SMB,33,2025-12-01,12,8461.27,2,646.65
2023-03-01,2023-01-01,SMB,34,2026-01-01,12,8461.27,2,646.65
2023-03-01,2023-01-01,SMB,35,2026-02-01,12,8461.27,2,646.65
2023-03-01,2023-01-01,SMB,36,2026-03-01,12,8461.27,2,646.65
2023-03-01,2023-01-01,SMB,37,2026-04-01,12,8461.27,2,646.65
2023-03-01,2023-01-01,SMB,38,2026-05-01,12,8461.27,2,372.3
2023-03-01,2023-01-01,SMB,39,2026-06-01,12,8461.27,2,372.3
2023-03-01,2023-01-01,SMB,40,2026-07-01,12,8461.27,1,186.3
2023-03-01,2023-01-01,SMB,41,2026-08-01,12,8461.27,1,186.3
2023-04-01,2023-04-01,Enterprise,0,2023-04-01,3,24113.7,3,24113.7
2023-04-01,2023-04-01,Enterprise,1,2023-05-01,3,24113.7,3,24113.7
2023-04-01,2023-04-01,Enterprise,2,2023-06-01,3,24113.7,3,24113.7
2023-04-01,2023-04-01,Enterprise,3,2023-07-01,3,24113.7,3,24113.7
2023-04-01,2023-04-01,Enterprise,4,2023-08-01,3,24113.7,3,24113.7
2023-04-01,2023-04-01,Enterprise,5,2023-09-01,3,24113.7,3,24113.7
2023-04-01,2023-04-01,Enterprise,6,2023-10-01,3,24113.7,3,26559.0
2023-04-01,2023-04-01,Enterprise,7,2023-11-01,3,24113.7,3,26559.0
2023-04-01,2023-04-01,Enterprise,8,2023-12-01,3,24113.7,3,26559.0
2023-04-01,2023-04-01,Enterprise,9,2024-01-01,3,24113.7,3,26559.0
2023-04-01,2023-04-01,Enterprise,10,2024-02-01,3,24113.7,3,26559.0
2023-04-01,2023-04-01,Enterprise,11,2024-03-01,3,24113.7,3,22546.2
2023-04-01,2023-04-01,Enterprise,12,2024-04-01,3,24113.7,3,25419.0
2023-04-01,2023-04-01,Enterprise,13,2024-05-01,3,24113.7,3,25419.0
2023-04-01,2023-04-01,Enterprise,14,2024-06-01,3,24113.7,3,27362.7
2023-04-01,2023-04-01,Enterprise,15,2024-07-01,3,24113.7,3,27362.7
2023-04-01,2023-04-01,Enterprise,16,2024-08-01,3,24113.7,3,27362.7
2023-04-01,2023-04-01,Enterprise,17,2024-09-01,3,24113.7,3,33831.75
2023-04-01,2023-04-01,Enterprise,18,2024-10-01,3,24113.7,3,33831.75
2023-04-01,2023-04-01,Enterprise,19,2024-11-01,3,24113.7,3,35229.3
2023-04-01,2023-04-01,Enterprise,20,2024-12-01,3,24113.7,3,35229.3
2023-04-01,2023-04-01,Enterprise,21,2025-01-01,3,24113.7,3,38740.5
2023-04-01,2023-04-01,Enterprise,22,2025-02-01,3,24113.7,3,38740.5
2023-04-01,2023-04-01,Enterprise,23,2025-03-01,3,24113.7,3,37342.95
2023-04-01,2023-04-01,Enterprise,24,2025-04-01,3,24113.7,3,37342.95
2023-04-01,2023-04-01,Enterprise,25,2025-05-01,3,24113.7,3,37342.95
2023-04-01,2023-04-01,Enterprise,26,2025-06-01,3,24113.7,3,40352.55
2023-04-01,2023-04-01,Enterprise,27,2025-07-01,3,24113.7,3,40352.55
2023-04-01,2023-04-01,Enterprise,28,2025-08-01,3,24113.7,3,40352.55
2023-04-01,2023-04-01,Enterprise,29,2025-09-01,3,24113.7,3,40352.55
2023-04-01,2023-04-01,Enterprise,30,2025-10-01,3,24113.7,3,42686.7
2023-04-01,2023-04-01,Enterprise,31,2025-11-01,3,24113.7,2,54160.26
2023-04-01,2023-04-01,Enterprise,32,2025-12-01,3,24113.7,2,45645.6
2023-04-01,2023-04-01,Enterprise,33,2026-01-01,3,24113.7,2,48090.9
2023-04-01,2023-04-01,Enterprise,34,2026-02-01,3,24113.7,2,48090.9
2023-04-01,2023-04-01,Enterprise,35,2026-03-01,3,24113.7,2,50812.08
2023-04-01,2023-04-01,Enterprise,36,2026-04-01,3,24113.7,2,50812.08
2023-04-01,2023-04-01,Enterprise,37,2026-05-01,3,24113.7,2,50812.08
2023-04-01,2023-04-01,Enterprise,38,2026-06-01,3,24113.7,2,50812.08
2023-04-01,2023-04-01,Enterprise,39,2026-07-01,3,24113.7,2,50812.08
2023-04-01,2023-04-01,Enterprise,40,2026-08-01,3,24113.7,2,50812.08
2023-04-01,2023-04-01,Mid-Market,0,2023-04-01,2,7770.6,2,7770.6
2023-04-01,2023-04-01,Mid-Market,1,2023-05-01,2,7770.6,2,7770.6
2023-04-01,2023-04-01,Mid-Market,2,2023-06-01,2,7770.6,2,7770.6
2023-04-01,2023-04-01,Mid-Market,3,2023-07-01,2,7770.6,2,7770.6
2023-04-01,2023-04-01,Mid-Market,4,2023-08-01,2,7770.6,2,7770.6
2023-04-01,2023-04-01,Mid-Market,5,2023-09-01,2,7770.6,2,7770.6
2023-04-01,2023-04-01,Mid-Market,6,2023-10-01,2,7770.6,2,8020.71
2023-04-01,2023-04-01,Mid-Market,7,2023-11-01,2,7770.6,2,8020.71
2023-04-01,2023-04-01,Mid-Market,8,2023-12-01,2,7770.6,2,8020.71
2023-04-01,2023-04-01,Mid-Market,9,2024-01-01,2,7770.6,2,6724.71
2023-04-01,2023-04-01,Mid-Market,10,2024-02-01,2,7770.6,2,6724.71
2023-04-01,2023-04-01,Mid-Market,11,2024-03-01,2,7770.6,2,6724.71
2023-04-01,2023-04-01,Mid-Market,12,2024-04-01,2,7770.6,2,6724.71
2023-04-01,2023-04-01,Mid-Market,13,2024-05-01,2,7770.6,2,7082.01
2023-04-01,2023-04-01,Mid-Market,14,2024-06-01,2,7770.6,2,7082.01
2023-04-01,2023-04-01,Mid-Market,15,2024-07-01,2,7770.6,2,7082.01
2023-04-01,2023-04-01,Mid-Market,16,2024-08-01,2,7770.6,2,7082.01
2023-04-01,2023-04-01,Mid-Market,17,2024-09-01,2,7770.6,1,1322.01
2023-04-01,2023-04-01,Mid-Market,18,2024-10-01,2,7770.6,1,1322.01
2023-04-01,2023-04-01,Mid-Market,19,2024-11-01,2,7770.6,1,1322.01
2023-04-01,2023-04-01,Mid-Market,20,2024-12-01,2,7770.6,1,1322.01
2023-04-01,2023-04-01,Mid-Market,21,2025-01-01,2,7770.6,1,1322.01
2023-04-01,2023-04-01,Mid-Market,22,2025-02-01,2,7770.6,1,1322.01
2023-04-01,2023-04-01,Mid-Market,23,2025-03-01,2,7770.6,1,1322.01
2023-04-01,2023-04-01,Mid-Market,24,2025-04-01,2,7770.6,1,1322.01
2023-04-01,2023-04-01,Mid-Market,25,2025-05-01,2,7770.6,1,1322.01
2023-04-01,2023-04-01,Mid-Market,26,2025-06-01,2,7770.6,1,1322.01
2023-04-01,2023-04-01,Mid-Market,27,2025-07-01,2,7770.6,1,1322.01
2023-04-01,2023-04-01,Mid-Market,28,2025-08-01,2,7770.6,1,1322.01
2023-04-01,2023-04-01,Mid-Market,29,2025-09-01,2,7770.6,1,1322.01
2023-04-01,2023-04-01,Mid-Market,30,2025-10-01,2,7770.6,1,1322.01
2023-04-01,2023-04-01,Mid-Market,31,2025-11-01,2,7770.6,1,1393.47
2023-04-01,2023-04-01,Mid-Market,32,2025-12-01,2,7770.6,1,1393.47
2023-04-01,2023-04-01,Mid-Market,33,2026-01-01,2,7770.6,1,1393.47
2023-04-01,2023-04-01,Mid-Market,34,2026-02-01,2,7770.6,1,1393.47
2023-04-01,2023-04-01,Mid-Market,35,2026-03-01,2,7770.6,1,1393.47
2023-04-01,2023-04-01,Mid-Market,36,2026-04-01,2,7770.6,1,1393.47
2023-04-01,2023-04-01,Mid-Market,37,2026-05-01,2,7770.6,1,1607.85
2023-04-01,2023-04-01,Mid-Market,38,2026-06-01,2,7770.6,1,1607.85
2023-04-01,2023-04-01,Mid-Market,39,2026-07-01,2,7770.6,1,1607.85
2023-04-01,2023-04-01,Mid-Market,40,2026-08-01,2,7770.6,1,1607.85
2023-04-01,2023-04-01,SMB,0,2023-04-01,11,4506.21,11,4506.21
2023-04-01,2023-04-01,SMB,1,2023-05-01,11,4506.21,7,3092.25
2023-04-01,2023-04-01,SMB,2,2023-06-01,11,4506.21,7,3116.35
2023-04-01,2023-04-01,SMB,3,2023-07-01,11,4506.21,7,3116.35
2023-04-01,2023-04-01,SMB,4,2023-08-01,11,4506.21,6,1595.53
2023-04-01,2023-04-01,SMB,5,2023-09-01,11,4506.21,6,1595.53
2023-04-01,2023-04-01,SMB,6,2023-10-01,11,4506.21,5,1497.4
2023-04-01,2023-04-01,SMB,7,2023-11-01,11,4506.21,5,1497.4
2023-04-01,2023-04-01,SMB,8,2023-12-01,11,4506.21,5,1497.4
2023-04-01,2023-04-01,SMB,9,2024-01-01,11,4506.21,4,1493.45
2023-04-01,2023-04-01,SMB,10,2024-02-01,11,4506.21,4,1493.45
2023-04-01,2023-04-01,SMB,11,2024-03-01,11,4506.21,4,1541.65
2023-04-01,2023-04-01,SMB,12,2024-04-01,11,4506.21,4,1724.31
2023-04-01,2023-04-01,SMB,13,2024-05-01,11,4506.21,4,1724.31
2023-04-01,2023-04-01,SMB,14,2024-06-01,11,4506.21,4,1627.91
2023-04-01,2023-04-01,SMB,15,2024-07-01,11,4506.21,4,1627.91
2023-04-01,2023-04-01,SMB,16,2024-08-01,11,4506.21,4,1855.39
2023-04-01,2023-04-01,SMB,17,2024-09-01,11,4506.21,4,1855.39
2023-04-01,2023-04-01,SMB,18,2024-10-01,11,4506.21,3,1671.19
2023-04-01,2023-04-01,SMB,19,2024-11-01,11,4506.21,3,1671.19
2023-04-01,2023-04-01,SMB,20,2024-12-01,11,4506.21,3,1671.19
2023-04-01,2023-04-01,SMB,21,2025-01-01,11,4506.21,3,1671.19
2023-04-01,2023-04-01,SMB,22,2025-02-01,11,4506.21,3,1693.26
2023-04-01,2023-04-01,SMB,23,2025-03-01,11,4506.21,3,1693.26
2023-04-01,2023-04-01,SMB,24,2025-04-01,11,4506.21,3,1715.34
2023-04-01,2023-04-01,SMB,25,2025-05-01,11,4506.21,3,1715.34
2023-04-01,2023-04-01,SMB,26,2025-06-01,11,4506.21,3,1715.34
2023-04-01,2023-04-01,SMB,27,2025-07-01,11,4506.21,3,1693.26
2023-04-01,2023-04-01,SMB,28,2025-08-01,11,4506.21,3,1715.34
2023-04-01,2023-04-01,SMB,29,2025-09-01,11,4506.21,3,1715.34
2023-04-01,2023-04-01,SMB,30,2025-10-01,11,4506.21,3,1177.5
2023-04-01,2023-04-01,SMB,31,2025-11-01,11,4506.21,3,1087.86
2023-04-01,2023-04-01,SMB,32,2025-12-01,11,4506.21,3,1087.86
2023-04-01,2023-04-01,SMB,33,2026-01-01,11,4506.21,3,1087.86
2023-04-01,2023-04-01,SMB,34,2026-02-01,11,4506.21,3,1087.86
2023-04-01,2023-04-01,SMB,35,2026-03-01,11,4506.21,3,1109.94
2023-04-01,2023-04-01,SMB,36,2026-04-01,11,4506.21,3,1109.94
2023-04-01,2023-04-01,SMB,37,2026-05-01,11,4506.21,2,917.14
2023-04-01,2023-04-01,SMB,38,2026-06-01,11,4506.21,2,648.22
2023-04-01,2023-04-01,SMB,39,2026-07-01,11,4506.21,2,626.14
2023-04-01,2023-04-01,SMB,40,2026-08-01,11,4506.21,2,626.14
2023-05-01,2023-04-01,Enterprise,0,2023-05-01,5,55800.95,5,55800.95
2023-05-01,2023-04-01,Enterprise,1,2023-06-01,5,55800.95,5,55689.8
2023-05-01,2023-04-01,Enterprise,2,2023-07-01,5,55800.95,5,55689.8
2023-05-01,2023-04-01,Enterprise,3,2023-08-01,5,55800.95,5,56960.0
2023-05-01,2023-04-01,Enterprise,4,2023-09-01,5,55800.95,5,58386.6
2023-05-01,2023-04-01,Enterprise,5,2023-10-01,5,55800.95,5,58386.6
2023-05-01,2023-04-01,Enterprise,6,2023-11-01,5,55800.95,5,75547.59
2023-05-01,2023-04-01,Enterprise,7,2023-12-01,5,55800.95,5,75547.59
2023-05-01,2023-04-01,Enterprise,8,2024-01-01,5,55800.95,5,75547.59
2023-05-01,2023-04-01,Enterprise,9,2024-02-01,5,55800.95,5,75547.59
2023-05-01,2023-04-01,Enterprise,10,2024-03-01,5,55800.95,5,75547.59
2023-05-01,2023-04-01,Enterprise,11,2024-04-01,5,55800.95,5,75547.59
2023-05-01,2023-04-01,Enterprise,12,2024-05-01,5,55800.95,5,85730.07
2023-05-01,2023-04-01,Enterprise,13,2024-06-01,5,55800.95,5,86503.25
2023-05-01,2023-04-01,Enterprise,14,2024-07-01,5,55800.95,5,86503.25
2023-05-01,2023-04-01,Enterprise,15,2024-08-01,5,55800.95,5,86503.25
2023-05-01,2023-04-01,Enterprise,16,2024-09-01,5,55800.95,5,86503.25
2023-05-01,2023-04-01,Enterprise,17,2024-10-01,5,55800.95,5,86503.25
2023-05-01,2023-04-01,Enterprise,18,2024-11-01,5,55800.95,5,79568.63
2023-05-01,2023-04-01,Enterprise,19,2024-12-01,5,55800.95,5,80856.98
2023-05-01,2023-04-01,Enterprise,20,2025-01-01,5,55800.95,5,74902.58
2023-05-01,2023-04-01,Enterprise,21,2025-02-01,5,55800.95,5,76205.11
2023-05-01,2023-04-01,Enterprise,22,2025-03-01,5,55800.95,5,83896.31
2023-05-01,2023-04-01,Enterprise,23,2025-04-01,5,55800.95,5,83896.31
2023-05-01,2023-04-01,Enterprise,24,2025-05-01,5,55800.95,4,79637.58
2023-05-01,2023-04-01,Enterprise,25,2025-06-01,5,55800.95,3,73993.38
2023-05-01,2023-04-01,Enterprise,26,2025-07-01,5,55800.95,3,73993.38
2023-05-01,2023-04-01,Enterprise,27,2025-08-01,5,55800.95,3,62581.98
2023-05-01,2023-04-01,Enterprise,28,2025-09-01,5,55800.95,3,73378.92
2023-05-01,2023-04-01,Enterprise,29,2025-10-01,5,55800.95,3,73378.92
2023-05-01,2023-04-01,Enterprise,30,2025-11-01,5,55800.95,3,87423.72
2023-05-01,2023-04-01,Enterprise,31,2025-12-01,5,55800.95,3,71096.64
2023-05-01,2023-04-01,Enterprise,32,2026-01-01,5,55800.95,3,69669.24
2023-05-01,2023-04-01,Enterprise,33,2026-02-01,5,55800.95,3,57630.84
2023-05-01,2023-04-01,Enterprise,34,2026-03-01,5,55800.95,3,57630.84
2023-05-01,2023-04-01,Enterprise,35,2026-04-01,5,55800.95,3,57630.84
2023-05-01,2023-04-01,Enterprise,36,2026-05-01,5,55800.95,3,59429.16
2023-05-01,2023-04-01,Enterprise,37,2026-06-01,5,55800.95,3,59429.16
2023-05-01,2023-04-01,Enterprise,38,2026-07-01,5,55800.95,3,59429.16
2023-05-01,2023-04-01,Enterprise,39,2026-08-01,5,55800.95,3,59429.16
2023-05-01,2023-04-01,Mid-Market,0,2023-05-01,7,20767.33,7,20767.33
2023-05-01,2023-04-01,Mid-Market,1,2023-06-01,7,20767.33,7,21768.25
2023-05-01,2023-04-01,Mid-Market,2,2023-07-01,7,20767.33,7,24213.55
2023-05-01,2023-04-01,Mid-Market,3,2023-08-01,7,20767.33,7,24213.55
2023-05-01,2023-04-01,Mid-Market,4,2023-09-01,7,20767.33,7,24213.55
2023-05-01,2023-04-01,Mid-Market,5,2023-10-01,7,20767.33,7,24213.55
2023-05-01,2023-04-01,Mid-Market,6,2023-11-01,7,20767.33,7,24613.6
2023-05-01,2023-04-01,Mid-Market,7,2023-12-01,7,20767.33,7,24733.75
2023-05-01,2023-04-01,Mid-Market,8,2024-01-01,7,20767.33,7,24910.51
2023-05-01,2023-04-01,Mid-Market,9,2024-02-01,7,20767.33,6,24468.61
2023-05-01,2023-04-01,Mid-Market,10,2024-03-01,7,20767.33,6,24468.61
2023-05-01,2023-04-01,Mid-Market,11,2024-04-01,7,20767.33,6,28789.1
2023-05-01,2023-04-01,Mid-Market,12,2024-05-01,7,20767.33,6,28941.02
2023-05-01,2023-04-01,Mid-Market,13,2024-06-01,7,20767.33,6,33238.82
2023-05-01,2023-04-01,Mid-Market,14,2024-07-01,7,20767.33,6,28129.13
2023-05-01,2023-04-01,Mid-Market,15,2024-08-01,7,20767.33,6,28129.13
2023-05-01,2023-04-01,Mid-Market,16,2024-09-01,7,20767.33,6,28129.13
2023-05-01,2023-04-01,Mid-Market,17,2024-10-01,7,20767.33,6,28328.84
2023-05-01,2023-04-01,Mid-Market,18,2024-11-01,7,20767.33,6,28328.84
2023-05-01,2023-04-01,Mid-Market,19,2024-12-01,7,20767.33,6,28328.84
2023-05-01,2023-04-01,Mid-Market,20,2025-01-01,7,20767.33,6,27928.79
2023-05-01,2023-04-01,Mid-Market,21,2025-02-01,7,20767.33,6,27928.79
2023-05-01,2023-04-01,Mid-Market,22,2025-03-01,7,20767.33,6,28414.88
2023-05-01,2023-04-01,Mid-Market,23,2025-04-01,7,20767.33,6,28414.88
2023-05-01,2023-04-01,Mid-Market,24,2025-05-01,7,20767.33,6,28604.78
2023-05-01,2023-04-01,Mid-Market,25,2025-06-01,7,20767.33,6,31107.81
2023-05-01,2023-04-01,Mid-Market,26,2025-07-01,7,20767.33,6,31107.81
2023-05-01,2023-04-01,Mid-Market,27,2025-08-01,7,20767.33,6,31335.69
2023-05-01,2023-04-01,Mid-Market,28,2025-09-01,7,20767.33,6,31335.69
2023-05-01,2023-04-01,Mid-Market,29,2025-10-01,7,20767.33,6,31335.69
2023-05-01,2023-04-01,Mid-Market,30,2025-11-01,7,20767.33,6,31335.69
2023-05-01,2023-04-01,Mid-Market,31,2025-12-01,7,20767.33,6,32007.68
2023-05-01,2023-04-01,Mid-Market,32,2026-01-01,7,20767.33,6,36050.78
2023-05-01,2023-04-01,Mid-Market,33,2026-02-01,7,20767.33,6,36846.2
2023-05-01,2023-04-01,Mid-Market,34,2026-03-01,7,20767.33,6,40551.2
2023-05-01,2023-04-01,Mid-Market,35,2026-04-01,7,20767.33,6,39344.45
2023-05-01,2023-04-01,Mid-Market,36,2026-05-01,7,20767.33,6,59005.65
2023-05-01,2023-04-01,Mid-Market,37,2026-06-01,7,20767.33,6,59645.72
2023-05-01,2023-04-01,Mid-Market,38,2026-07-01,7,20767.33,6,59645.72
2023-05-01,2023-04-01,Mid-Market,39,2026-08-01,7,20767.33,6,59645.72
2023-05-01,2023-04-01,SMB,0,2023-05-01,6,5657.15,6,5657.15
2023-05-01,2023-04-01,SMB,1,2023-06-01,6,5657.15,6,5879.22
2023-05-01,2023-04-01,SMB,2,2023-07-01,6,5657.15,6,5879.22
2023-05-01,2023-04-01,SMB,3,2023-08-01,6,5657.15,6,5879.22
2023-05-01,2023-04-01,SMB,4,2023-09-01,6,5657.15,5,4938.94
2023-05-01,2023-04-01,SMB,5,2023-10-01,6,5657.15,4,4277.78
2023-05-01,2023-04-01,SMB,6,2023-11-01,6,5657.15,4,4277.78
2023-05-01,2023-04-01,SMB,7,2023-12-01,6,5657.15,4,4277.78
2023-05-01,2023-04-01,SMB,8,2024-01-01,6,5657.15,4,4277.78
2023-05-01,2023-04-01,SMB,9,2024-02-01,6,5657.15,4,4302.78
2023-05-01,2023-04-01,SMB,10,2024-03-01,6,5657.15,4,4302.78
2023-05-01,2023-04-01,SMB,11,2024-04-01,6,5657.15,4,4302.78
2023-05-01,2023-04-01,SMB,12,2024-05-01,6,5657.15,4,4302.78
2023-05-01,2023-04-01,SMB,13,2024-06-01,6,5657.15,4,4302.78
2023-05-01,2023-04-01,SMB,14,2024-07-01,6,5657.15,4,4302.78
2023-05-01,2023-04-01,SMB,15,2024-08-01,6,5657.15,4,4302.78
2023-05-01,2023-04-01,SMB,16,2024-09-01,6,5657.15,4,4302.78
2023-05-01,2023-04-01,SMB,17,2024-10-01,6,5657.15,4,4352.78
2023-05-01,2023-04-01,SMB,18,2024-11-01,6,5657.15,4,4175.12
2023-05-01,2023-04-01,SMB,19,2024-12-01,6,5657.15,3,2406.98
2023-05-01,2023-04-01,SMB,20,2025-01-01,6,5657.15,3,2673.47
2023-05-01,2023-04-01,SMB,21,2025-02-01,6,5657.15,2,1760.17
2023-05-01,2023-04-01,SMB,22,2025-03-01,6,5657.15,2,1710.17
2023-05-01,2023-04-01,SMB,23,2025-04-01,6,5657.15,2,1710.17
2023-05-01,2023-04-01,SMB,24,2025-05-01,6,5657.15,2,1710.17
2023-05-01,2023-04-01,SMB,25,2025-06-01,6,5657.15,2,1710.17
2023-05-01,2023-04-01,SMB,26,2025-07-01,6,5657.15,2,1710.17
2023-05-01,2023-04-01,SMB,27,2025-08-01,6,5657.15,2,1710.17
2023-05-01,2023-04-01,SMB,28,2025-09-01,6,5657.15,1,1585.17
2023-05-01,2023-04-01,SMB,29,2025-10-01,6,5657.15,1,2252.61
2023-05-01,2023-04-01,SMB,30,2025-11-01,6,5657.15,1,2252.61
2023-05-01,2023-04-01,SMB,31,2025-12-01,6,5657.15,1,2252.61
2023-05-01,2023-04-01,SMB,32,2026-01-01,6,5657.15,1,2252.61
2023-05-01,2023-04-01,SMB,33,2026-02-01,6,5657.15,1,2252.61
2023-05-01,2023-04-01,SMB,34,2026-03-01,6,5657.15,1,2252.61
2023-05-01,2023-04-01,SMB,35,2026-04-01,6,5657.15,1,2252.61
2023-05-01,2023-04-01,SMB,36,2026-05-01,6,5657.15,1,2252.61
2023-05-01,2023-04-01,SMB,37,2026-06-01,6,5657.15,1,2252.61
2023-05-01,2023-04-01,SMB,38,2026-07-01,6,5657.15,1,2252.61
2023-05-01,2023-04-01,SMB,39,2026-08-01,6,5657.15,1,2252.61
2023-06-01,2023-04-01,Enterprise,0,2023-06-01,1,31665.92,1,31665.92
2023-06-01,2023-04-01,Enterprise,1,2023-07-01,1,31665.92,1,31665.92
2023-06-01,2023-04-01,Enterprise,2,2023-08-01,1,31665.92,1,31665.92
2023-06-01,2023-04-01,Enterprise,3,2023-09-01,1,31665.92,1,31665.92
2023-06-01,2023-04-01,Enterprise,4,2023-10-01,1,31665.92,1,31665.92
2023-06-01,2023-04-01,Enterprise,5,2023-11-01,1,31665.92,1,19859.84
2023-06-01,2023-04-01,Enterprise,6,2023-12-01,1,31665.92,1,19859.84
2023-06-01,2023-04-01,Enterprise,7,2024-01-01,1,31665.92,1,19859.84
2023-06-01,2023-04-01,Enterprise,8,2024-02-01,1,31665.92,1,19859.84
2023-06-01,2023-04-01,Enterprise,9,2024-03-01,1,31665.92,1,19859.84
2023-06-01,2023-04-01,Enterprise,10,2024-04-01,1,31665.92,1,19859.84
2023-06-01,2023-04-01,Enterprise,11,2024-05-01,1,31665.92,1,19859.84
2023-06-01,2023-04-01,Enterprise,12,2024-06-01,1,31665.92,1,19859.84
2023-06-01,2023-04-01,Enterprise,13,2024-07-01,1,31665.92,1,19859.84
2023-06-01,2023-04-01,Enterprise,14,2024-08-01,1,31665.92,1,19859.84
2023-06-01,2023-04-01,Enterprise,15,2024-09-01,1,31665.92,1,19859.84
2023-06-01,2023-04-01,Enterprise,16,2024-10-01,1,31665.92,1,19859.84
2023-06-01,2023-04-01,Enterprise,17,2024-11-01,1,31665.92,1,19859.84
2023-06-01,2023-04-01,Enterprise,18,2024-12-01,1,31665.92,1,19859.84
2023-06-01,2023-04-01,Enterprise,19,2025-01-01,1,31665.92,1,19859.84
2023-06-01,2023-04-01,Enterprise,20,2025-02-01,1,31665.92,1,19859.84
2023-06-01,2023-04-01,Enterprise,21,2025-03-01,1,31665.92,1,19859.84
2023-06-01,2023-04-01,Enterprise,22,2025-04-01,1,31665.92,1,19859.84
2023-06-01,2023-04-01,Enterprise,23,2025-05-01,1,31665.92,1,19859.84
2023-06-01,2023-04-01,Enterprise,24,2025-06-01,1,31665.92,1,19859.84
2023-06-01,2023-04-01,Enterprise,25,2025-07-01,1,31665.92,1,19859.84
2023-06-01,2023-04-01,Enterprise,26,2025-08-01,1,31665.92,1,19859.84
2023-06-01,2023-04-01,Enterprise,27,2025-09-01,1,31665.92,1,27089.92
2023-06-01,2023-04-01,Enterprise,28,2025-10-01,1,31665.92,1,27089.92
2023-06-01,2023-04-01,Enterprise,29,2025-11-01,1,31665.92,1,27089.92
2023-06-01,2023-04-01,Enterprise,30,2025-12-01,1,31665.92,1,27089.92
2023-06-01,2023-04-01,Enterprise,31,2026-01-01,1,31665.92,1,27089.92
2023-06-01,2023-04-01,Enterprise,32,2026-02-01,1,31665.92,1,27089.92
2023-06-01,2023-04-01,Enterprise,33,2026-03-01,1,31665.92,1,27089.92
2023-06-01,2023-04-01,Enterprise,34,2026-04-01,1,31665.92,1,27089.92
2023-06-01,2023-04-01,Enterprise,35,2026-05-01,1,31665.92,1,27089.92
2023-06-01,2023-04-01,Enterprise,36,2026-06-01,1,31665.92,0,0.0
2023-06-01,2023-04-01,Mid-Market,0,2023-06-01,6,26435.19,6,26435.19
2023-06-01,2023-04-01,Mid-Market,1,2023-07-01,6,26435.19,5,18683.04
2023-06-01,2023-04-01,Mid-Market,2,2023-08-01,6,26435.19,5,18683.04
2023-06-01,2023-04-01,Mid-Market,3,2023-09-01,6,26435.19,5,18482.79
2023-06-01,2023-04-01,Mid-Market,4,2023-10-01,6,26435.19,5,22135.52
2023-06-01,2023-04-01,Mid-Market,5,2023-11-01,6,26435.19,5,22425.59
2023-06-01,2023-04-01,Mid-Market,6,2023-12-01,6,26435.19,5,24527.09
2023-06-01,2023-04-01,Mid-Market,7,2024-01-01,6,26435.19,5,24527.09
2023-06-01,2023-04-01,Mid-Market,8,2024-02-01,6,26435.19,5,24647.24
2023-06-01,2023-04-01,Mid-Market,9,2024-03-01,6,26435.19,5,24807.44
2023-06-01,2023-04-01,Mid-Market,10,2024-04-01,6,26435.19,5,24807.44
2023-06-01,2023-04-01,Mid-Market,11,2024-05-01,6,26435.19,5,23980.34
2023-06-01,2023-04-01,Mid-Market,12,2024-06-01,6,26435.19,4,23160.98
2023-06-01,2023-04-01,Mid-Market,13,2024-07-01,6,26435.19,4,23160.98
2023-06-01,2023-04-01,Mid-Market,14,2024-08-01,6,26435.19,4,23160.98
2023-06-01,2023-04-01,Mid-Market,15,2024-09-01,6,26435.19,4,15175.28
2023-06-01,2023-04-01,Mid-Market,16,2024-10-01,6,26435.19,4,15335.48
2023-06-01,2023-04-01,Mid-Market,17,2024-11-01,6,26435.19,4,15335.48
2023-06-01,2023-04-01,Mid-Market,18,2024-12-01,6,26435.19,4,19678.58
2023-06-01,2023-04-01,Mid-Market,19,2025-01-01,6,26435.19,4,20215.68
2023-06-01,2023-04-01,Mid-Market,20,2025-02-01,6,26435.19,4,20215.68
2023-06-01,2023-04-01,Mid-Market,21,2025-03-01,6,26435.19,4,18065.22
2023-06-01,2023-04-01,Mid-Market,22,2025-04-01,6,26435.19,4,18065.22
2023-06-01,2023-04-01,Mid-Market,23,2025-05-01,6,26435.19,4,17651.67
2023-06-01,2023-04-01,Mid-Market,24,2025-06-01,6,26435.19,4,17771.82
2023-06-01,2023-04-01,Mid-Market,25,2025-07-01,6,26435.19,4,17771.82
2023-06-01,2023-04-01,Mid-Market,26,2025-08-01,6,26435.19,4,17771.82
2023-06-01,2023-04-01,Mid-Market,27,2025-09-01,6,26435.19,4,15109.92
2023-06-01,2023-04-01,Mid-Market,28,2025-10-01,6,26435.19,4,13819.17
2023-06-01,2023-04-01,Mid-Market,29,2025-11-01,6,26435.19,4,13819.17
2023-06-01,2023-04-01,Mid-Market,30,2025-12-01,6,26435.19,4,13819.17
2023-06-01,2023-04-01,Mid-Market,31,2026-01-01,6,26435.19,3,12661.23
2023-06-01,2023-04-01,Mid-Market,32,2026-02-01,6,26435.19,3,12746.19
2023-06-01,2023-04-01,Mid-Market,33,2026-03-01,6,26435.19,3,14287.29
2023-06-01,2023-04-01,Mid-Market,34,2026-04-01,6,26435.19,3,14607.69
2023-06-01,2023-04-01,Mid-Market,35,2026-05-01,6,26435.19,3,14607.69
2023-06-01,2023-04-01,Mid-Market,36,2026-06-01,6,26435.19,3,15208.44
2023-06-01,2023-04-01,Mid-Market,37,2026-07-01,6,26435.19,3,15633.24
2023-06-01,2023-04-01,Mid-Market,38,2026-08-01,6,26435.19,3,15633.24
2023-06-01,2023-04-01,SMB,0,2023-06-01,16,10798.75,16,10798.75
2023-06-01,2023-04-01,SMB,1,2023-07-01,16,10798.75,15,9468.42
2023-06-01,2023-04-01,SMB,2,2023-08-01,16,10798.75,15,9493.42
2023-06-01,2023-04-01,SMB,3,2023-09-01,16,10798.75,15,9493.42
2023-06-01,2023-04-01,SMB,4,2023-10-01,16,10798.75,13,9232.94
2023-06-01,2023-04-01,SMB,5,2023-11-01,16,10798.75,10,7308.41
2023-06-01,2023-04-01,SMB,6,2023-12-01,16,10798.75,10,7333.41
2023-06-01,2023-04-01,SMB,7,2024-01-01,16,10798.75,10,7446.45
2023-06-01,2023-04-01,SMB,8,2024-02-01,16,10798.75,10,7592.43
2023-06-01,2023-04-01,SMB,9,2024-03-01,16,10798.75,10,7592.43
2023-06-01,2023-04-01,SMB,10,2024-04-01,16,10798.75,9,5717.41
2023-06-01,2023-04-01,SMB,11,2024-05-01,16,10798.75,9,5717.41
2023-06-01,2023-04-01,SMB,12,2024-06-01,16,10798.75,9,5448.22
2023-06-01,2023-04-01,SMB,13,2024-07-01,16,10798.75,8,4647.94
2023-06-01,2023-04-01,SMB,14,2024-08-01,16,10798.75,8,4872.27
2023-06-01,2023-04-01,SMB,15,2024-09-01,16,10798.75,8,5091.87
2023-06-01,2023-04-01,SMB,16,2024-10-01,16,10798.75,8,5271.33
2023-06-01,2023-04-01,SMB,17,2024-11-01,16,10798.75,7,5196.33
2023-06-01,2023-04-01,SMB,18,2024-12-01,16,10798.75,7,6230.92
2023-06-01,2023-04-01,SMB,19,2025-01-01,16,10798.75,6,5001.16
2023-06-01,2023-04-01,SMB,20,2025-02-01,16,10798.75,6,5001.16
2023-06-01,2023-04-01,SMB,21,2025-03-01,16,10798.75,6,5001.16
2023-06-01,2023-04-01,SMB,22,2025-04-01,16,10798.75,6,5001.16
2023-06-01,2023-04-01,SMB,23,2025-05-01,16,10798.75,6,5001.16
2023-06-01,2023-04-01,SMB,24,2025-06-01,16,10798.75,6,5001.16
2023-06-01,2023-04-01,SMB,25,2025-07-01,16,10798.75,6,4979.01
2023-06-01,2023-04-01,SMB,26,2025-08-01,16,10798.75,6,4979.01
2023-06-01,2023-04-01,SMB,27,2025-09-01,16,10798.75,6,4979.01
2023-06-01,2023-04-01,SMB,28,2025-10-01,16,10798.75,6,4979.01
2023-06-01,2023-04-01,SMB,29,2025-11-01,16,10798.75,6,4979.01
2023-06-01,2023-04-01,SMB,30,2025-12-01,16,10798.75,6,5293.07
2023-06-01,2023-04-01,SMB,31,2026-01-01,16,10798.75,6,5293.07
2023-06-01,2023-04-01,SMB,32,2026-02-01,16,10798.75,6,5315.22
2023-06-01,2023-04-01,SMB,33,2026-03-01,16,10798.75,6,5270.22
2023-06-01,2023-04-01,SMB,34,2026-04-01,16,10798.75,6,5270.22
2023-06-01,2023-04-01,SMB,35,2026-05-01,16,10798.75,6,10186.97
2023-06-01,2023-04-01,SMB,36,2026-06-01,16,10798.75,5,10096.97
2023-06-01,2023-04-01,SMB,37,2026-07-01,16,10798.75,5,9760.2
2023-06-01,2023-04-01,SMB,38,2026-08-01,16,10798.75,4,9714.15
2023-07-01,2023-07-01,Enterprise,0,2023-07-01,4,87883.97,4,87883.97
2023-07-01,2023-07-01,Enterprise,1,2023-08-01,4,87883.97,4,87883.97
2023-07-01,2023-07-01,Enterprise,2,2023-09-01,4,87883.97,4,87883.97
2023-07-01,2023-07-01,Enterprise,3,2023-10-01,4,87883.97,4,92876.21
2023-07-01,2023-07-01,Enterprise,4,2023-11-01,4,87883.97,4,92876.21
2023-07-01,2023-07-01,Enterprise,5,2023-12-01,4,87883.97,4,98460.39
2023-07-01,2023-07-01,Enterprise,6,2024-01-01,4,87883.97,4,98460.39
2023-07-01,2023-07-01,Enterprise,7,2024-02-01,4,87883.97,4,100456.14
2023-07-01,2023-07-01,Enterprise,8,2024-03-01,4,87883.97,4,109242.06
2023-07-01,2023-07-01,Enterprise,9,2024-04-01,4,87883.97,4,125416.46
2023-07-01,2023-07-01,Enterprise,10,2024-05-01,4,87883.97,4,111249.98
2023-07-01,2023-07-01,Enterprise,11,2024-06-01,4,87883.97,4,111249.98
2023-07-01,2023-07-01,Enterprise,12,2024-07-01,4,87883.97,4,111249.98
2023-07-01,2023-07-01,Enterprise,13,2024-08-01,4,87883.97,4,112981.35
2023-07-01,2023-07-01,Enterprise,14,2024-09-01,4,87883.97,4,100471.26
2023-07-01,2023-07-01,Enterprise,15,2024-10-01,4,87883.97,4,100471.26
2023-07-01,2023-07-01,Enterprise,16,2024-11-01,4,87883.97,4,100471.26
2023-07-01,2023-07-01,Enterprise,17,2024-12-01,4,87883.97,4,100471.26
2023-07-01,2023-07-01,Enterprise,18,2025-01-01,4,87883.97,4,100471.26
2023-07-01,2023-07-01,Enterprise,19,2025-02-01,4,87883.97,4,100471.26
2023-07-01,2023-07-01,Enterprise,20,2025-03-01,4,87883.97,4,100471.26
2023-07-01,2023-07-01,Enterprise,21,2025-04-01,4,87883.97,4,124041.18
2023-07-01,2023-07-01,Enterprise,22,2025-05-01,4,87883.97,4,124041.18
2023-07-01,2023-07-01,Enterprise,23,2025-06-01,4,87883.97,4,144264.78
2023-07-01,2023-07-01,Enterprise,24,2025-07-01,4,87883.97,4,158406.64
2023-07-01,2023-07-01,Enterprise,25,2025-08-01,4,87883.97,4,158406.64
2023-07-01,2023-07-01,Enterprise,26,2025-09-01,4,87883.97,4,161762.08
2023-07-01,2023-07-01,Enterprise,27,2025-10-01,4,87883.97,4,161762.08
2023-07-01,2023-07-01,Enterprise,28,2025-11-01,4,87883.97,4,161762.08
2023-07-01,2023-07-01,Enterprise,29,2025-12-01,4,87883.97,4,161762.08
2023-07-01,2023-07-01,Enterprise,30,2026-01-01,4,87883.97,4,164053.6
2023-07-01,2023-07-01,Enterprise,31,2026-02-01,4,87883.97,4,164053.6
2023-07-01,2023-07-01,Enterprise,32,2026-03-01,4,87883.97,4,164053.6
2023-07-01,2023-07-01,Enterprise,33,2026-04-01,4,87883.97,4,136851.04
2023-07-01,2023-07-01,Enterprise,34,2026-05-01,4,87883.97,4,136851.04
2023-07-01,2023-07-01,Enterprise,35,2026-06-01,4,87883.97,4,145771.6
2023-07-01,2023-07-01,Enterprise,36,2026-07-01,4,87883.97,4,155148.88
2023-07-01,2023-07-01,Enterprise,37,2026-08-01,4,87883.97,4,155148.88
2023-07-01,2023-07-01,Mid-Market,0,2023-07-01,8,39894.95,8,39894.95
2023-07-01,2023-07-01,Mid-Market,1,2023-08-01,8,39894.95,8,41564.75
2023-07-01,2023-07-01,Mid-Market,2,2023-09-01,8,39894.95,7,40806.94
2023-07-01,2023-07-01,Mid-Market,3,2023-10-01,8,39894.95,7,40806.94
2023-07-01,2023-07-01,Mid-Market,4,2023-11-01,8,39894.95,7,36527.96
2023-07-01,2023-07-01,Mid-Market,5,2023-12-01,8,39894.95,7,36690.68
2023-07-01,2023-07-01,Mid-Market,6,2024-01-01,8,39894.95,7,33874.21
2023-07-01,2023-07-01,Mid-Market,7,2024-02-01,8,39894.95,7,36038.74
2023-07-01,2023-07-01,Mid-Market,8,2024-03-01,8,39894.95,7,37199.14
2023-07-01,2023-07-01,Mid-Market,9,2024-04-01,8,39894.95,6,29016.19
2023-07-01,2023-07-01,Mid-Market,10,2024-05-01,8,39894.95,5,20938.1
2023-07-01,2023-07-01,Mid-Market,11,2024-06-01,8,39894.95,4,19473.62
2023-07-01,2023-07-01,Mid-Market,12,2024-07-01,8,39894.95,4,21526.59
2023-07-01,2023-07-01,Mid-Market,13,2024-08-01,8,39894.95,4,21850.96
2023-07-01,2023-07-01,Mid-Market,14,2024-09-01,8,39894.95,4,21850.96
2023-07-01,2023-07-01,Mid-Market,15,2024-10-01,8,39894.95,3,19792.29
2023-07-01,2023-07-01,Mid-Market,16,2024-11-01,8,39894.95,2,5553.91
2023-07-01,2023-07-01,Mid-Market,17,2024-12-01,8,39894.95,2,5553.91
2023-07-01,2023-07-01,Mid-Market,18,2025-01-01,8,39894.95,2,5553.91
2023-07-01,2023-07-01,Mid-Market,19,2025-02-01,8,39894.95,2,6812.33
2023-07-01,2023-07-01,Mid-Market,20,2025-03-01,8,39894.95,2,7217.78
2023-07-01,2023-07-01,Mid-Market,21,2025-04-01,8,39894.95,2,7217.78
2023-07-01,2023-07-01,Mid-Market,22,2025-05-01,8,39894.95,2,7217.78
2023-07-01,2023-07-01,Mid-Market,23,2025-06-01,8,39894.95,2,7217.78
2023-07-01,2023-07-01,Mid-Market,24,2025-07-01,8,39894.95,2,7217.78
2023-07-01,2023-07-01,Mid-Market,25,2025-08-01,8,39894.95,2,7217.78
2023-07-01,2023-07-01,Mid-Market,26,2025-09-01,8,39894.95,2,7217.78
2023-07-01,2023-07-01,Mid-Market,27,2025-10-01,8,39894.95,2,7947.59
2023-07-01,2023-07-01,Mid-Market,28,2025-11-01,8,39894.95,2,7947.59
2023-07-01,2023-07-01,Mid-Market,29,2025-12-01,8,39894.95,2,7947.59
2023-07-01,2023-07-01,Mid-Market,30,2026-01-01,8,39894.95,2,7947.59
2023-07-01,2023-07-01,Mid-Market,31,2026-02-01,8,39894.95,2,7947.59
2023-07-01,2023-07-01,Mid-Market,32,2026-03-01,8,39894.95,2,7947.59
2023-07-01,2023-07-01,Mid-Market,33,2026-04-01,8,39894.95,2,7947.59
2023-07-01,2023-07-01,Mid-Market,34,2026-05-01,8,39894.95,2,8367.07
2023-07-01,2023-07-01,Mid-Market,35,2026-06-01,8,39894.95,2,8367.07
2023-07-01,2023-07-01,Mid-Market,36,2026-07-01,8,39894.95,1,2554.34
2023-07-01,2023-07-01,Mid-Market,37,2026-08-01,8,39894.95,1,2554.34
2023-07-01,2023-07-01,SMB,0,2023-07-01,4,1841.2,4,1841.2
2023-07-01,2023-07-01,SMB,1,2023-08-01,4,1841.2,4,1841.2
2023-07-01,2023-07-01,SMB,2,2023-09-01,4,1841.2,2,191.2
2023-07-01,2023-07-01,SMB,3,2023-10-01,4,1841.2,2,191.2
2023-07-01,2023-07-01,SMB,4,2023-11-01,4,1841.2,2,214.93
2023-07-01,2023-07-01,SMB,5,2023-12-01,4,1841.2,2,214.93
2023-07-01,2023-07-01,SMB,6,2024-01-01,4,1841.2,2,214.93
2023-07-01,2023-07-01,SMB,7,2024-02-01,4,1841.2,2,167.48
2023-07-01,2023-07-01,SMB,8,2024-03-01,4,1841.2,2,167.48
2023-07-01,2023-07-01,SMB,9,2024-04-01,4,1841.2,2,167.48
2023-07-01,2023-07-01,SMB,10,2024-05-01,4,1841.2,2,167.48
2023-07-01,2023-07-01,SMB,11,2024-06-01,4,1841.2,2,143.75
2023-07-01,2023-07-01,SMB,12,2024-07-01,4,1841.2,2,167.83
2023-07-01,2023-07-01,SMB,13,2024-08-01,4,1841.2,2,167.83
2023-07-01,2023-07-01,SMB,14,2024-09-01,4,1841.2,2,143.75
2023-07-01,2023-07-01,SMB,15,2024-10-01,4,1841.2,1,96.3
2023-07-01,2023-07-01,SMB,16,2024-11-01,4,1841.2,1,96.3
2023-07-01,2023-07-01,SMB,17,2024-12-01,4,1841.2,1,96.3
2023-07-01,2023-07-01,SMB,18,2025-01-01,4,1841.2,1,96.3
2023-07-01,2023-07-01,SMB,19,2025-02-01,4,1841.2,1,96.3
2023-07-01,2023-07-01,SMB,20,2025-03-01,4,1841.2,1,96.3
2023-07-01,2023-07-01,SMB,21,2025-04-01,4,1841.2,1,96.3
2023-07-01,2023-07-01,SMB,22,2025-05-01,4,1841.2,1,96.3
2023-07-01,2023-07-01,SMB,23,2025-06-01,4,1841.2,0,0.0
2023-08-01,2023-07-01,Enterprise,0,2023-08-01,2,16842.53,2,16842.53
2023-08-01,2023-07-01,Enterprise,1,2023-09-01,2,16842.53,2,16842.53
2023-08-01,2023-07-01,Enterprise,2,2023-10-01,2,16842.53,2,16842.53
2023-08-01,2023-07-01,Enterprise,3,2023-11-01,2,16842.53,2,16842.53
2023-08-01,2023-07-01,Enterprise,4,2023-12-01,2,16842.53,2,19232.25
2023-08-01,2023-07-01,Enterprise,5,2024-01-01,2,16842.53,2,22942.58
2023-08-01,2023-07-01,Enterprise,6,2024-02-01,2,16842.53,2,22942.58
2023-08-01,2023-07-01,Enterprise,7,2024-03-01,2,16842.53,2,23887.36
2023-08-01,2023-07-01,Enterprise,8,2024-04-01,2,16842.53,2,29604.91
2023-08-01,2023-07-01,Enterprise,9,2024-05-01,2,16842.53,2,29604.91
2023-08-01,2023-07-01,Enterprise,10,2024-06-01,2,16842.53,2,30382.96
2023-08-01,2023-07-01,Enterprise,11,2024-07-01,2,16842.53,2,26270.41
2023-08-01,2023-07-01,Enterprise,12,2024-08-01,2,16842.53,2,48568.51
2023-08-01,2023-07-01,Enterprise,13,2024-09-01,2,16842.53,2,48568.51
2023-08-01,2023-07-01,Enterprise,14,2024-10-01,2,16842.53,2,48568.51
2023-08-01,2023-07-01,Enterprise,15,2024-11-01,2,16842.53,2,51180.54
2023-08-01,2023-07-01,Enterprise,16,2024-12-01,2,16842.53,2,51180.54
2023-08-01,2023-07-01,Enterprise,17,2025-01-01,2,16842.53,2,51180.54
2023-08-01,2023-07-01,Enterprise,18,2025-02-01,2,16842.53,2,51180.54
2023-08-01,2023-07-01,Enterprise,19,2025-03-01,2,16842.53,2,55793.26
2023-08-01,2023-07-01,Enterprise,20,2025-04-01,2,16842.53,2,58794.31
2023-08-01,2023-07-01,Enterprise,21,2025-05-01,2,16842.53,2,58794.31
2023-08-01,2023-07-01,Enterprise,22,2025-06-01,2,16842.53,2,79560.58
2023-08-01,2023-07-01,Enterprise,23,2025-07-01,2,16842.53,2,79560.58
2023-08-01,2023-07-01,Enterprise,24,2025-08-01,2,16842.53,2,79560.58
2023-08-01,2023-07-01,Enterprise,25,2025-09-01,2,16842.53,2,79560.58
2023-08-01,2023-07-01,Enterprise,26,2025-10-01,2,16842.53,2,79560.58
2023-08-01,2023-07-01,Enterprise,27,2025-11-01,2,16842.53,2,79560.58
2023-08-01,2023-07-01,Enterprise,28,2025-12-01,2,16842.53,2,79560.58
2023-08-01,2023-07-01,Enterprise,29,2026-01-01,2,16842.53,2,79560.58
2023-08-01,2023-07-01,Enterprise,30,2026-02-01,2,16842.53,2,91135.0
2023-08-01,2023-07-01,Enterprise,31,2026-03-01,2,16842.53,2,91135.0
2023-08-01,2023-07-01,Enterprise,32,2026-04-01,2,16842.53,2,91135.0
2023-08-01,2023-07-01,Enterprise,33,2026-05-01,2,16842.53,2,91135.0
2023-08-01,2023-07-01,Enterprise,34,2026-06-01,2,16842.53,2,91135.0
2023-08-01,2023-07-01,Enterprise,35,2026-07-01,2,16842.53,2,91135.0
2023-08-01,2023-07-01,Enterprise,36,2026-08-01,2,16842.53,2,102643.09
2023-08-01,2023-07-01,Mid-Market,0,2023-08-01,5,11993.7,5,11993.7
2023-08-01,2023-07-01,Mid-Market,1,2023-09-01,5,11993.7,4,9040.2
2023-08-01,2023-07-01,Mid-Market,2,2023-10-01,5,11993.7,4,8631.51
2023-08-01,2023-07-01,Mid-Market,3,2023-11-01,5,11993.7,4,8631.51
2023-08-01,2023-07-01,Mid-Market,4,2023-12-01,5,11993.7,4,8631.51
2023-08-01,2023-07-01,Mid-Market,5,2024-01-01,5,11993.7,3,7916.23
2023-08-01,2023-07-01,Mid-Market,6,2024-02-01,5,11993.7,3,5649.35
2023-08-01,2023-07-01,Mid-Market,7,2024-03-01,5,11993.7,3,5649.35
2023-08-01,2023-07-01,Mid-Market,8,2024-04-01,5,11993.7,3,5971.91
2023-08-01,2023-07-01,Mid-Market,9,2024-05-01,5,11993.7,2,2032.61
2023-08-01,2023-07-01,Mid-Market,10,2024-06-01,5,11993.7,2,2032.61
2023-08-01,2023-07-01,Mid-Market,11,2024-07-01,5,11993.7,2,2032.61
2023-08-01,2023-07-01,Mid-Market,12,2024-08-01,5,11993.7,1,661.73
2023-08-01,2023-07-01,Mid-Market,13,2024-09-01,5,11993.7,1,661.73
2023-08-01,2023-07-01,Mid-Market,14,2024-10-01,5,11993.7,1,661.73
2023-08-01,2023-07-01,Mid-Market,15,2024-11-01,5,11993.7,1,661.73
2023-08-01,2023-07-01,Mid-Market,16,2024-12-01,5,11993.7,1,661.73
2023-08-01,2023-07-01,Mid-Market,17,2025-01-01,5,11993.7,1,661.73
2023-08-01,2023-07-01,Mid-Market,18,2025-02-01,5,11993.7,1,661.73
2023-08-01,2023-07-01,Mid-Market,19,2025-03-01,5,11993.7,1,661.73
2023-08-01,2023-07-01,Mid-Market,20,2025-04-01,5,11993.7,1,661.73
2023-08-01,2023-07-01,Mid-Market,21,2025-05-01,5,11993.7,1,661.73
2023-08-01,2023-07-01,Mid-Market,22,2025-06-01,5,11993.7,1,661.73
2023-08-01,2023-07-01,Mid-Market,23,2025-07-01,5,11993.7,1,661.73
2023-08-01,2023-07-01,Mid-Market,24,2025-08-01,5,11993.7,1,739.58
2023-08-01,2023-07-01,Mid-Market,25,2025-09-01,5,11993.7,1,739.58
2023-08-01,2023-07-01,Mid-Market,26,2025-10-01,5,11993.7,1,739.58
2023-08-01,2023-07-01,Mid-Market,27,2025-11-01,5,11993.7,1,739.58
2023-08-01,2023-07-01,Mid-Market,28,2025-12-01,5,11993.7,1,739.58
2023-08-01,2023-07-01,Mid-Market,29,2026-01-01,5,11993.7,1,895.28
2023-08-01,2023-07-01,Mid-Market,30,2026-02-01,5,11993.7,1,895.28
2023-08-01,2023-07-01,Mid-Market,31,2026-03-01,5,11993.7,1,895.28
2023-08-01,2023-07-01,Mid-Market,32,2026-04-01,5,11993.7,1,895.28
2023-08-01,2023-07-01,Mid-Market,33,2026-05-01,5,11993.7,1,895.28
2023-08-01,2023-07-01,Mid-Market,34,2026-06-01,5,11993.7,1,895.28
2023-08-01,2023-07-01,Mid-Market,35,2026-07-01,5,11993.7,1,895.28
2023-08-01,2023-07-01,Mid-Market,36,2026-08-01,5,11993.7,1,895.28
2023-08-01,2023-07-01,SMB,0,2023-08-01,7,5048.76,7,5048.76
2023-08-01,2023-07-01,SMB,1,2023-09-01,7,5048.76,7,5048.76
2023-08-01,2023-07-01,SMB,2,2023-10-01,7,5048.76,6,4848.76
2023-08-01,2023-07-01,SMB,3,2023-11-01,7,5048.76,6,5304.65
2023-08-01,2023-07-01,SMB,4,2023-12-01,7,5048.76,6,5512.55
2023-08-01,2023-07-01,SMB,5,2024-01-01,7,5048.76,6,5412.55
2023-08-01,2023-07-01,SMB,6,2024-02-01,7,5048.76,6,5412.55
2023-08-01,2023-07-01,SMB,7,2024-03-01,7,5048.76,6,5725.03
2023-08-01,2023-07-01,SMB,8,2024-04-01,7,5048.76,4,3069.04
2023-08-01,2023-07-01,SMB,9,2024-05-01,7,5048.76,4,3069.04
2023-08-01,2023-07-01,SMB,10,2024-06-01,7,5048.76,4,3069.04
2023-08-01,2023-07-01,SMB,11,2024-07-01,7,5048.76,4,2994.04
2023-08-01,2023-07-01,SMB,12,2024-08-01,7,5048.76,4,2894.04
2023-08-01,2023-07-01,SMB,13,2024-09-01,7,5048.76,4,2506.46
2023-08-01,2023-07-01,SMB,14,2024-10-01,7,5048.76,4,2506.46
2023-08-01,2023-07-01,SMB,15,2024-11-01,7,5048.76,3,2356.46
2023-08-01,2023-07-01,SMB,16,2024-12-01,7,5048.76,2,1365.96
2023-08-01,2023-07-01,SMB,17,2025-01-01,7,5048.76,2,1365.96
2023-08-01,2023-07-01,SMB,18,2025-02-01,7,5048.76,2,1544.52
2023-08-01,2023-07-01,SMB,19,2025-03-01,7,5048.76,2,1544.52
2023-08-01,2023-07-01,SMB,20,2025-04-01,7,5048.76,2,1946.28
2023-08-01,2023-07-01,SMB,21,2025-05-01,7,5048.76,2,1946.28
2023-08-01,2023-07-01,SMB,22,2025-06-01,7,5048.76,2,1946.28
2023-08-01,2023-07-01,SMB,23,2025-07-01,7,5048.76,2,1946.28
2023-08-01,2023-07-01,SMB,24,2025-08-01,7,5048.76,2,1946.28
2023-08-01,2023-07-01,SMB,25,2025-09-01,7,5048.76,3,2592.26
2023-08-01,2023-07-01,SMB,26,2025-10-01,7,5048.76,3,2592.26
2023-08-01,2023-07-01,SMB,27,2025-11-01,7,5048.76,3,2616.06
2023-08-01,2023-07-01,SMB,28,2025-12-01,7,5048.76,3,2616.06
2023-08-01,2023-07-01,SMB,29,2026-01-01,7,5048.76,3,2616.06
2023-08-01,2023-07-01,SMB,30,2026-02-01,7,5048.76,3,2616.06
2023-08-01,2023-07-01,SMB,31,2026-03-01,7,5048.76,3,2616.06
2023-08-01,2023-07-01,SMB,32,2026-04-01,7,5048.76,3,2794.62
2023-08-01,2023-07-01,SMB,33,2026-05-01,7,5048.76,3,2794.62
2023-08-01,2023-07-01,SMB,34,2026-06-01,7,5048.76,3,2842.22
2023-08-01,2023-07-01,SMB,35,2026-07-01,7,5048.76,2,2699.42
2023-08-01,2023-07-01,SMB,36,2026-08-01,7,5048.76,2,2699.42
2023-09-01,2023-07-01,Enterprise,0,2023-09-01,3,12597.3,3,12597.3
2023-09-01,2023-07-01,Enterprise,1,2023-10-01,3,12597.3,2,9828.6
2023-09-01,2023-07-01,Enterprise,2,2023-11-01,3,12597.3,2,9828.6
2023-09-01,2023-07-01,Enterprise,3,2023-12-01,3,12597.3,2,9321.0
2023-09-01,2023-07-01,Enterprise,4,2024-01-01,3,12597.3,2,9715.8
2023-09-01,2023-07-01,Enterprise,5,2024-02-01,3,12597.3,2,9715.8
2023-09-01,2023-07-01,Enterprise,6,2024-03-01,3,12597.3,2,9715.8
2023-09-01,2023-07-01,Enterprise,7,2024-04-01,3,12597.3,2,9715.8
2023-09-01,2023-07-01,Enterprise,8,2024-05-01,3,12597.3,2,9715.8
2023-09-01,2023-07-01,Enterprise,9,2024-06-01,3,12597.3,2,9715.8
2023-09-01,2023-07-01,Enterprise,10,2024-07-01,3,12597.3,2,9715.8
2023-09-01,2023-07-01,Enterprise,11,2024-08-01,3,12597.3,2,10513.35
2023-09-01,2023-07-01,Enterprise,12,2024-09-01,3,12597.3,2,10513.35
2023-09-01,2023-07-01,Enterprise,13,2024-10-01,3,12597.3,2,10513.35
2023-09-01,2023-07-01,Enterprise,14,2024-11-01,3,12597.3,2,13051.35
2023-09-01,2023-07-01,Enterprise,15,2024-12-01,3,12597.3,2,10851.75
2023-09-01,2023-07-01,Enterprise,16,2025-01-01,3,12597.3,2,10851.75
2023-09-01,2023-07-01,Enterprise,17,2025-02-01,3,12597.3,2,10851.75
2023-09-01,2023-07-01,Enterprise,18,2025-03-01,3,12597.3,2,11584.95
2023-09-01,2023-07-01,Enterprise,19,2025-04-01,3,12597.3,2,12382.5
2023-09-01,2023-07-01,Enterprise,20,2025-05-01,3,12597.3,2,12382.5
2023-09-01,2023-07-01,Enterprise,21,2025-06-01,3,12597.3,2,13905.3
2023-09-01,2023-07-01,Enterprise,22,2025-07-01,3,12597.3,2,13905.3
2023-09-01,2023-07-01,Enterprise,23,2025-08-01,3,12597.3,2,13905.3
2023-09-01,2023-07-01,Enterprise,24,2025-09-01,3,12597.3,2,15935.7
2023-09-01,2023-07-01,Enterprise,25,2025-10-01,3,12597.3,2,15935.7
2023-09-01,2023-07-01,Enterprise,26,2025-11-01,3,12597.3,2,15935.7
2023-09-01,2023-07-01,Enterprise,27,2025-12-01,3,12597.3,2,15935.7
2023-09-01,2023-07-01,Enterprise,28,2026-01-01,3,12597.3,2,15935.7
2023-09-01,2023-07-01,Enterprise,29,2026-02-01,3,12597.3,2,15935.7
2023-09-01,2023-07-01,Enterprise,30,2026-03-01,3,12597.3,2,15935.7
2023-09-01,2023-07-01,Enterprise,31,2026-04-01,3,12597.3,2,16610.55
2023-09-01,2023-07-01,Enterprise,32,2026-05-01,3,12597.3,2,17469.45
2023-09-01,2023-07-01,Enterprise,33,2026-06-01,3,12597.3,2,17469.45
2023-09-01,2023-07-01,Enterprise,34,2026-07-01,3,12597.3,2,17898.9
2023-09-01,2023-07-01,Enterprise,35,2026-08-01,3,12597.3,2,17898.9
2023-09-01,2023-07-01,Mid-Market,0,2023-09-01,4,2422.77,4,2422.77
2023-09-01,2023-07-01,Mid-Market,1,2023-10-01,4,2422.77,4,2422.77
2023-09-01,2023-07-01,Mid-Market,2,2023-11-01,4,2422.77,4,2211.9
2023-09-01,2023-07-01,Mid-Market,3,2023-12-01,4,2422.77,4,2211.9
2023-09-01,2023-07-01,Mid-Market,4,2024-01-01,4,2422.77,4,2369.76
2023-09-01,2023-07-01,Mid-Market,5,2024-02-01,4,2422.77,4,2369.76
2023-09-01,2023-07-01,Mid-Market,6,2024-03-01,4,2422.77,4,2545.48
2023-09-01,2023-07-01,Mid-Market,7,2024-04-01,4,2422.77,4,2545.48
2023-09-01,2023-07-01,Mid-Market,8,2024-05-01,4,2422.77,4,2545.48
2023-09-01,2023-07-01,Mid-Market,9,2024-06-01,4,2422.77,4,2742.8
2023-09-01,2023-07-01,Mid-Market,10,2024-07-01,4,2422.77,4,3023.96
2023-09-01,2023-07-01,Mid-Market,11,2024-08-01,4,2422.77,4,3023.96
2023-09-01,2023-07-01,Mid-Market,12,2024-09-01,4,2422.77,3,2389.64
2023-09-01,2023-07-01,Mid-Market,13,2024-10-01,4,2422.77,3,2389.64
2023-09-01,2023-07-01,Mid-Market,14,2024-11-01,4,2422.77,3,2389.64
2023-09-01,2023-07-01,Mid-Market,15,2024-12-01,4,2422.77,3,2389.64
2023-09-01,2023-07-01,Mid-Market,16,2025-01-01,4,2422.77,3,2400.98
2023-09-01,2023-07-01,Mid-Market,17,2025-02-01,4,2422.77,3,2400.98
2023-09-01,2023-07-01,Mid-Market,18,2025-03-01,4,2422.77,3,2400.98
2023-09-01,2023-07-01,Mid-Market,19,2025-04-01,4,2422.77,3,2605.86
2023-09-01,2023-07-01,Mid-Market,20,2025-05-01,4,2422.77,2,1795.55
2023-09-01,2023-07-01,Mid-Market,21,2025-06-01,4,2422.77,2,1795.55
2023-09-01,2023-07-01,Mid-Market,22,2025-07-01,4,2422.77,2,1795.55
2023-09-01,2023-07-01,Mid-Market,23,2025-08-01,4,2422.77,2,1795.55
2023-09-01,2023-07-01,Mid-Market,24,2025-09-01,4,2422.77,2,2093.99
2023-09-01,2023-07-01,Mid-Market,25,2025-10-01,4,2422.77,1,828.77
2023-09-01,2023-07-01,Mid-Market,26,2025-11-01,4,2422.77,1,828.77
2023-09-01,2023-07-01,Mid-Market,27,2025-12-01,4,2422.77,1,828.77
2023-09-01,2023-07-01,Mid-Market,28,2026-01-01,4,2422.77,1,828.77
2023-09-01,2023-07-01,Mid-Market,29,2026-02-01,4,2422.77,1,828.77
2023-09-01,2023-07-01,Mid-Market,30,2026-03-01,4,2422.77,1,828.77
2023-09-01,2023-07-01,Mid-Market,31,2026-04-01,4,2422.77,1,828.77
2023-09-01,2023-07-01,Mid-Market,32,2026-05-01,4,2422.77,1,828.77
2023-09-01,2023-07-01,Mid-Market,33,2026-06-01,4,2422.77,1,1144.48
2023-09-01,2023-07-01,Mid-Market,34,2026-07-01,4,2422.77,1,1144.48
2023-09-01,2023-07-01,Mid-Market,35,2026-08-01,4,2422.77,1,1144.48
2023-09-01,2023-07-01,SMB,0,2023-09-01,14,9596.53,14,9596.53
2023-09-01,2023-07-01,SMB,1,2023-10-01,14,9596.53,14,9596.53
2023-09-01,2023-07-01,SMB,2,2023-11-01,14,9596.53,12,8227.06
2023-09-01,2023-07-01,SMB,3,2023-12-01,14,9596.53,11,7018.89
2023-09-01,2023-07-01,SMB,4,2024-01-01,14,9596.53,9,5965.89
2023-09-01,2023-07-01,SMB,5,2024-02-01,14,9596.53,9,5991.97
2023-09-01,2023-07-01,SMB,6,2024-03-01,14,9596.53,7,4805.87
2023-09-01,2023-07-01,SMB,7,2024-04-01,14,9596.53,8,5756.0
2023-09-01,2023-07-01,SMB,8,2024-05-01,14,9596.53,8,5756.0
2023-09-01,2023-07-01,SMB,9,2024-06-01,14,9596.53,9,6644.39
2023-09-01,2023-07-01,SMB,10,2024-07-01,14,9596.53,9,6644.39
2023-09-01,2023-07-01,SMB,11,2024-08-01,14,9596.53,9,7075.04
2023-09-01,2023-07-01,SMB,12,2024-09-01,14,9596.53,9,7726.82
2023-09-01,2023-07-01,SMB,13,2024-10-01,14,9596.53,9,7854.39
2023-09-01,2023-07-01,SMB,14,2024-11-01,14,9596.53,9,7854.39
2023-09-01,2023-07-01,SMB,15,2024-12-01,14,9596.53,9,7989.39
2023-09-01,2023-07-01,SMB,16,2025-01-01,14,9596.53,9,7783.74
2023-09-01,2023-07-01,SMB,17,2025-02-01,14,9596.53,9,7783.74
2023-09-01,2023-07-01,SMB,18,2025-03-01,14,9596.53,9,7808.74
2023-09-01,2023-07-01,SMB,19,2025-04-01,14,9596.53,9,7808.74
2023-09-01,2023-07-01,SMB,20,2025-05-01,14,9596.53,9,7808.74
2023-09-01,2023-07-01,SMB,21,2025-06-01,14,9596.53,8,6123.74
2023-09-01,2023-07-01,SMB,22,2025-07-01,14,9596.53,8,6101.47
2023-09-01,2023-07-01,SMB,23,2025-08-01,14,9596.53,8,6101.47
2023-09-01,2023-07-01,SMB,24,2025-09-01,14,9596.53,8,6101.47
2023-09-01,2023-07-01,SMB,25,2025-10-01,14,9596.53,7,5010.77
2023-09-01,2023-07-01,SMB,26,2025-11-01,14,9596.53,6,5475.01
2023-09-01,2023-07-01,SMB,27,2025-12-01,14,9596.53,6,5475.01
2023-09-01,2023-07-01,SMB,28,2026-01-01,14,9596.53,5,5281.0
2023-09-01,2023-07-01,SMB,29,2026-02-01,14,9596.53,5,5281.0
2023-09-01,2023-07-01,SMB,30,2026-03-01,14,9596.53,5,5406.0
2023-09-01,2023-07-01,SMB,31,2026-04-01,14,9596.53,5,5406.0
2023-09-01,2023-07-01,SMB,32,2026-05-01,14,9596.53,5,5406.0
2023-09-01,2023-07-01,SMB,33,2026-06-01,14,9596.53,5,5406.0
2023-09-01,2023-07-01,SMB,34,2026-07-01,14,9596.53,5,5406.0
2023-09-01,2023-07-01,SMB,35,2026-08-01,14,9596.53,5,5406.0
2023-10-01,2023-10-01,Enterprise,0,2023-10-01,4,136765.94,4,136765.94
2023-10-01,2023-10-01,Enterprise,1,2023-11-01,4,136765.94,4,136765.94
2023-10-01,2023-10-01,Enterprise,2,2023-12-01,4,136765.94,4,151417.5
2023-10-01,2023-10-01,Enterprise,3,2024-01-01,4,136765.94,4,140513.2
2023-10-01,2023-10-01,Enterprise,4,2024-02-01,4,136765.94,4,143339.2
2023-10-01,2023-10-01,Enterprise,5,2024-03-01,4,136765.94,4,143339.2
2023-10-01,2023-10-01,Enterprise,6,2024-04-01,4,136765.94,4,143339.2
2023-10-01,2023-10-01,Enterprise,7,2024-05-01,4,136765.94,4,143339.2
2023-10-01,2023-10-01,Enterprise,8,2024-06-01,4,136765.94,4,143339.2
2023-10-01,2023-10-01,Enterprise,9,2024-07-01,4,136765.94,4,151789.35
2023-10-01,2023-10-01,Enterprise,10,2024-08-01,4,136765.94,4,151789.35
2023-10-01,2023-10-01,Enterprise,11,2024-09-01,4,136765.94,4,154497.6
2023-10-01,2023-10-01,Enterprise,12,2024-10-01,4,136765.94,4,144508.42
2023-10-01,2023-10-01,Enterprise,13,2024-11-01,4,136765.94,4,144508.42
2023-10-01,2023-10-01,Enterprise,14,2024-12-01,4,136765.94,4,163390.36
2023-10-01,2023-10-01,Enterprise,15,2025-01-01,4,136765.94,4,169553.66
2023-10-01,2023-10-01,Enterprise,16,2025-02-01,4,136765.94,4,195658.2
2023-10-01,2023-10-01,Enterprise,17,2025-03-01,4,136765.94,4,195658.2
2023-10-01,2023-10-01,Enterprise,18,2025-04-01,4,136765.94,4,199190.7
2023-10-01,2023-10-01,Enterprise,19,2025-05-01,4,136765.94,4,203962.94
2023-10-01,2023-10-01,Enterprise,20,2025-06-01,4,136765.94,4,208967.32
2023-10-01,2023-10-01,Enterprise,21,2025-07-01,4,136765.94,4,247679.18
2023-10-01,2023-10-01,Enterprise,22,2025-08-01,4,136765.94,4,254097.02
2023-10-01,2023-10-01,Enterprise,23,2025-09-01,4,136765.94,4,254097.02
2023-10-01,2023-10-01,Enterprise,24,2025-10-01,4,136765.94,4,303939.02
2023-10-01,2023-10-01,Enterprise,25,2025-11-01,4,136765.94,4,356245.34
2023-10-01,2023-10-01,Enterprise,26,2025-12-01,4,136765.94,4,356245.34
2023-10-01,2023-10-01,Enterprise,27,2026-01-01,4,136765.94,4,370891.18
2023-10-01,2023-10-01,Enterprise,28,2026-02-01,4,136765.94,3,223730.54
2023-10-01,2023-10-01,Enterprise,29,2026-03-01,4,136765.94,3,223730.54
2023-10-01,2023-10-01,Enterprise,30,2026-04-01,4,136765.94,3,233660.79
2023-10-01,2023-10-01,Enterprise,31,2026-05-01,4,136765.94,4,362245.07
2023-10-01,2023-10-01,Enterprise,32,2026-06-01,4,136765.94,4,373528.65
2023-10-01,2023-10-01,Enterprise,33,2026-07-01,4,136765.94,4,373528.65
2023-10-01,2023-10-01,Enterprise,34,2026-08-01,4,136765.94,4,373528.65
2023-10-01,2023-10-01,Mid-Market,0,2023-10-01,7,10381.55,7,10381.55
2023-10-01,2023-10-01,Mid-Market,1,2023-11-01,7,10381.55,6,9919.98
2023-10-01,2023-10-01,Mid-Market,2,2023-12-01,7,10381.55,6,10141.05
2023-10-01,2023-10-01,Mid-Market,3,2024-01-01,7,10381.55,6,10141.05
2023-10-01,2023-10-01,Mid-Market,4,2024-02-01,7,10381.55,5,9169.41
2023-10-01,2023-10-01,Mid-Market,5,2024-03-01,7,10381.55,4,7957.29
2023-10-01,2023-10-01,Mid-Market,6,2024-04-01,7,10381.55,4,7957.29
2023-10-01,2023-10-01,Mid-Market,7,2024-05-01,7,10381.55,4,6556.59
2023-10-01,2023-10-01,Mid-Market,8,2024-06-01,7,10381.55,4,6556.59
2023-10-01,2023-10-01,Mid-Market,9,2024-07-01,7,10381.55,4,6634.17
2023-10-01,2023-10-01,Mid-Market,10,2024-08-01,7,10381.55,4,6634.17
2023-10-01,2023-10-01,Mid-Market,11,2024-09-01,7,10381.55,4,6634.17
2023-10-01,2023-10-01,Mid-Market,12,2024-10-01,7,10381.55,3,6253.47
2023-10-01,2023-10-01,Mid-Market,13,2024-11-01,7,10381.55,3,6253.47
2023-10-01,2023-10-01,Mid-Market,14,2024-12-01,7,10381.55,3,6869.22
2023-10-01,2023-10-01,Mid-Market,15,2025-01-01,7,10381.55,3,6869.22
2023-10-01,2023-10-01,Mid-Market,16,2025-02-01,7,10381.55,3,6869.22
2023-10-01,2023-10-01,Mid-Market,17,2025-03-01,7,10381.55,3,6467.28
2023-10-01,2023-10-01,Mid-Market,18,2025-04-01,7,10381.55,3,6467.28
2023-10-01,2023-10-01,Mid-Market,19,2025-05-01,7,10381.55,2,2376.27
2023-10-01,2023-10-01,Mid-Market,20,2025-06-01,7,10381.55,2,2376.27
2023-10-01,2023-10-01,Mid-Market,21,2025-07-01,7,10381.55,2,2485.89
2023-10-01,2023-10-01,Mid-Market,22,2025-08-01,7,10381.55,2,2485.89
2023-10-01,2023-10-01,Mid-Market,23,2025-09-01,7,10381.55,2,2632.05
2023-10-01,2023-10-01,Mid-Market,24,2025-10-01,7,10381.55,2,2632.05
2023-10-01,2023-10-01,Mid-Market,25,2025-11-01,7,10381.55,2,2632.05
2023-10-01,2023-10-01,Mid-Market,26,2025-12-01,7,10381.55,2,2632.05
2023-10-01,2023-10-01,Mid-Market,27,2026-01-01,7,10381.55,2,2632.05
2023-10-01,2023-10-01,Mid-Market,28,2026-02-01,7,10381.55,2,2632.05
2023-10-01,2023-10-01,Mid-Market,29,2026-03-01,7,10381.55,2,2632.05
2023-10-01,2023-10-01,Mid-Market,30,2026-04-01,7,10381.55,2,2632.05
2023-10-01,2023-10-01,Mid-Market,31,2026-05-01,7,10381.55,2,2632.05
2023-10-01,2023-10-01,Mid-Market,32,2026-06-01,7,10381.55,2,2632.05
2023-10-01,2023-10-01,Mid-Market,33,2026-07-01,7,10381.55,2,2632.05
2023-10-01,2023-10-01,Mid-Market,34,2026-08-01,7,10381.55,2,2748.42
2023-10-01,2023-10-01,SMB,0,2023-10-01,14,5121.79,14,5121.79
2023-10-01,2023-10-01,SMB,1,2023-11-01,14,5121.79,12,5194.7
2023-10-01,2023-10-01,SMB,2,2023-12-01,14,5121.79,11,4583.81
2023-10-01,2023-10-01,SMB,3,2024-01-01,14,5121.79,11,4248.29
2023-10-01,2023-10-01,SMB,4,2024-02-01,14,5121.79,10,4402.77
2023-10-01,2023-10-01,SMB,5,2024-03-01,14,5121.79,10,4402.77
2023-10-01,2023-10-01,SMB,6,2024-04-01,14,5121.79,9,3165.0
2023-10-01,2023-10-01,SMB,7,2024-05-01,14,5121.79,8,3071.7
2023-10-01,2023-10-01,SMB,8,2024-06-01,14,5121.79,7,2835.45
2023-10-01,2023-10-01,SMB,9,2024-07-01,14,5121.79,7,2858.45
2023-10-01,2023-10-01,SMB,10,2024-08-01,14,5121.79,7,2927.83
2023-10-01,2023-10-01,SMB,11,2024-09-01,14,5121.79,7,2927.83
2023-10-01,2023-10-01,SMB,12,2024-10-01,14,5121.79,5,811.16
2023-10-01,2023-10-01,SMB,13,2024-11-01,14,5121.79,5,811.16
2023-10-01,2023-10-01,SMB,14,2024-12-01,14,5121.79,5,811.16
2023-10-01,2023-10-01,SMB,15,2025-01-01,14,5121.79,5,906.36
2023-10-01,2023-10-01,SMB,16,2025-02-01,14,5121.79,5,928.58
2023-10-01,2023-10-01,SMB,17,2025-03-01,14,5121.79,5,928.58
2023-10-01,2023-10-01,SMB,18,2025-04-01,14,5121.79,5,928.58
2023-10-01,2023-10-01,SMB,19,2025-05-01,14,5121.79,4,813.58
2023-10-01,2023-10-01,SMB,20,2025-06-01,14,5121.79,4,813.58
2023-10-01,2023-10-01,SMB,21,2025-07-01,14,5121.79,4,813.58
2023-10-01,2023-10-01,SMB,22,2025-08-01,14,5121.79,4,813.58
2023-10-01,2023-10-01,SMB,23,2025-09-01,14,5121.79,4,813.58
2023-10-01,2023-10-01,SMB,24,2025-10-01,14,5121.79,2,224.65
2023-10-01,2023-10-01,SMB,25,2025-11-01,14,5121.79,2,224.65
2023-10-01,2023-10-01,SMB,26,2025-12-01,14,5121.79,2,224.65
2023-10-01,2023-10-01,SMB,27,2026-01-01,14,5121.79,2,224.65
2023-10-01,2023-10-01,SMB,28,2026-02-01,14,5121.79,2,224.65
2023-10-01,2023-10-01,SMB,29,2026-03-01,14,5121.79,2,224.65
2023-10-01,2023-10-01,SMB,30,2026-04-01,14,5121.79,2,224.65
2023-10-01,2023-10-01,SMB,31,2026-05-01,14,5121.79,2,224.65
2023-10-01,2023-10-01,SMB,32,2026-06-01,14,5121.79,2,224.65
2023-10-01,2023-10-01,SMB,33,2026-07-01,14,5121.79,2,224.65
2023-10-01,2023-10-01,SMB,34,2026-08-01,14,5121.79,2,224.65
2023-11-01,2023-10-01,Enterprise,0,2023-11-01,2,7801.2,2,7801.2
2023-11-01,2023-10-01,Enterprise,1,2023-12-01,2,7801.2,2,7801.2
2023-11-01,2023-10-01,Enterprise,2,2024-01-01,2,7801.2,2,7801.2
2023-11-01,2023-10-01,Enterprise,3,2024-02-01,2,7801.2,2,7801.2
2023-11-01,2023-10-01,Enterprise,4,2024-03-01,2,7801.2,2,7801.2
2023-11-01,2023-10-01,Enterprise,5,2024-04-01,2,7801.2,2,7801.2
2023-11-01,2023-10-01,Enterprise,6,2024-05-01,2,7801.2,2,7801.2
2023-11-01,2023-10-01,Enterprise,7,2024-06-01,2,7801.2,2,7801.2
2023-11-01,2023-10-01,Enterprise,8,2024-07-01,2,7801.2,2,7801.2
2023-11-01,2023-10-01,Enterprise,9,2024-08-01,2,7801.2,2,8083.2
2023-11-01,2023-10-01,Enterprise,10,2024-09-01,2,7801.2,2,8083.2
2023-11-01,2023-10-01,Enterprise,11,2024-10-01,2,7801.2,2,8083.2
2023-11-01,2023-10-01,Enterprise,12,2024-11-01,2,7801.2,2,8083.2
2023-11-01,2023-10-01,Enterprise,13,2024-12-01,2,7801.2,2,8083.2
2023-11-01,2023-10-01,Enterprise,14,2025-01-01,2,7801.2,2,8083.2
2023-11-01,2023-10-01,Enterprise,15,2025-02-01,2,7801.2,2,8083.2
2023-11-01,2023-10-01,Enterprise,16,2025-03-01,2,7801.2,2,9140.7
2023-11-01,2023-10-01,Enterprise,17,2025-04-01,2,7801.2,2,9140.7
2023-11-01,2023-10-01,Enterprise,18,2025-05-01,2,7801.2,2,9140.7
2023-11-01,2023-10-01,Enterprise,19,2025-06-01,2,7801.2,2,9140.7
2023-11-01,2023-10-01,Enterprise,20,2025-07-01,2,7801.2,2,9140.7
2023-11-01,2023-10-01,Enterprise,21,2025-08-01,2,7801.2,1,4628.7
2023-11-01,2023-10-01,Enterprise,22,2025-09-01,2,7801.2,1,3190.05
2023-11-01,2023-10-01,Enterprise,23,2025-10-01,2,7801.2,1,3190.05
2023-11-01,2023-10-01,Enterprise,24,2025-11-01,2,7801.2,1,3190.05
2023-11-01,2023-10-01,Enterprise,25,2025-12-01,2,7801.2,1,3190.05
2023-11-01,2023-10-01,Enterprise,26,2026-01-01,2,7801.2,1,3190.05
2023-11-01,2023-10-01,Enterprise,27,2026-02-01,2,7801.2,1,3190.05
2023-11-01,2023-10-01,Enterprise,28,2026-03-01,2,7801.2,1,3190.05
2023-11-01,2023-10-01,Enterprise,29,2026-04-01,2,7801.2,1,3190.05
2023-11-01,2023-10-01,Enterprise,30,2026-05-01,2,7801.2,1,4315.95
2023-11-01,2023-10-01,Enterprise,31,2026-06-01,2,7801.2,1,4315.95
2023-11-01,2023-10-01,Enterprise,32,2026-07-01,2,7801.2,1,4315.95
2023-11-01,2023-10-01,Enterprise,33,2026-08-01,2,7801.2,1,4315.95
2023-11-01,2023-10-01,Mid-Market,0,2023-11-01,5,21596.38,5,21596.38
2023-11-01,2023-10-01,Mid-Market,1,2023-12-01,5,21596.38,5,21596.38
2023-11-01,2023-10-01,Mid-Market,2,2024-01-01,5,21596.38,5,21596.38
2023-11-01,2023-10-01,Mid-Market,3,2024-02-01,5,21596.38,5,23844.65
2023-11-01,2023-10-01,Mid-Market,4,2024-03-01,5,21596.38,5,23844.65
2023-11-01,2023-10-01,Mid-Market,5,2024-04-01,5,21596.38,5,21524.75
2023-11-01,2023-10-01,Mid-Market,6,2024-05-01,5,21596.38,5,21806.68
2023-11-01,2023-10-01,Mid-Market,7,2024-06-01,5,21596.38,5,22600.33
2023-11-01,2023-10-01,Mid-Market,8,2024-07-01,5,21596.38,5,22772.59
2023-11-01,2023-10-01,Mid-Market,9,2024-08-01,5,21596.38,5,27196.62
2023-11-01,2023-10-01,Mid-Market,10,2024-09-01,5,21596.38,5,29128.63
2023-11-01,2023-10-01,Mid-Market,11,2024-10-01,5,21596.38,5,30506.61
2023-11-01,2023-10-01,Mid-Market,12,2024-11-01,5,21596.38,5,30506.61
2023-11-01,2023-10-01,Mid-Market,13,2024-12-01,5,21596.38,5,31667.01
2023-11-01,2023-10-01,Mid-Market,14,2025-01-01,5,21596.38,5,31667.01
2023-11-01,2023-10-01,Mid-Market,15,2025-02-01,5,21596.38,4,14768.68
2023-11-01,2023-10-01,Mid-Market,16,2025-03-01,5,21596.38,4,14682.55
2023-11-01,2023-10-01,Mid-Market,17,2025-04-01,5,21596.38,4,14682.55
2023-11-01,2023-10-01,Mid-Market,18,2025-05-01,5,21596.38,4,13536.79
2023-11-01,2023-10-01,Mid-Market,19,2025-06-01,5,21596.38,4,13536.79
2023-11-01,2023-10-01,Mid-Market,20,2025-07-01,5,21596.38,4,13536.79
2023-11-01,2023-10-01,Mid-Market,21,2025-08-01,5,21596.38,4,13536.79
2023-11-01,2023-10-01,Mid-Market,22,2025-09-01,5,21596.38,4,13964.14
2023-11-01,2023-10-01,Mid-Market,23,2025-10-01,5,21596.38,4,13964.14
2023-11-01,2023-10-01,Mid-Market,24,2025-11-01,5,21596.38,4,14326.61
2023-11-01,2023-10-01,Mid-Market,25,2025-12-01,5,21596.38,4,14326.61
2023-11-01,2023-10-01,Mid-Market,26,2026-01-01,5,21596.38,4,14326.61
2023-11-01,2023-10-01,Mid-Market,27,2026-02-01,5,21596.38,4,14326.61
2023-11-01,2023-10-01,Mid-Market,28,2026-03-01,5,21596.38,4,14326.61
2023-11-01,2023-10-01,Mid-Market,29,2026-04-01,5,21596.38,4,12324.17
2023-11-01,2023-10-01,Mid-Market,30,2026-05-01,5,21596.38,4,12324.17
2023-11-01,2023-10-01,Mid-Market,31,2026-06-01,5,21596.38,4,12324.17
2023-11-01,2023-10-01,Mid-Market,32,2026-07-01,5,21596.38,4,12324.17
2023-11-01,2023-10-01,Mid-Market,33,2026-08-01,5,21596.38,4,12324.17
2023-11-01,2023-10-01,SMB,0,2023-11-01,17,9647.18,17,9647.18
2023-11-01,2023-10-01,SMB,1,2023-12-01,17,9647.18,16,9347.58
2023-11-01,2023-10-01,SMB,2,2024-01-01,17,9647.18,16,9347.58
2023-11-01,2023-10-01,SMB,3,2024-02-01,17,9647.18,16,9142.94
2023-11-01,2023-10-01,SMB,4,2024-03-01,17,9647.18,16,9261.81
2023-11-01,2023-10-01,SMB,5,2024-04-01,17,9647.18,16,9304.21
2023-11-01,2023-10-01,SMB,6,2024-05-01,17,9647.18,16,9574.21
2023-11-01,2023-10-01,SMB,7,2024-06-01,17,9647.18,14,7507.56
2023-11-01,2023-10-01,SMB,8,2024-07-01,17,9647.18,14,7531.04
2023-11-01,2023-10-01,SMB,9,2024-08-01,17,9647.18,14,7435.84
2023-11-01,2023-10-01,SMB,10,2024-09-01,17,9647.18,13,7143.74
2023-11-01,2023-10-01,SMB,11,2024-10-01,17,9647.18,11,5911.89
2023-11-01,2023-10-01,SMB,12,2024-11-01,17,9647.18,10,3840.99
2023-11-01,2023-10-01,SMB,13,2024-12-01,17,9647.18,10,3688.19
2023-11-01,2023-10-01,SMB,14,2025-01-01,17,9647.18,9,3506.09
2023-11-01,2023-10-01,SMB,15,2025-02-01,17,9647.18,9,3506.09
2023-11-01,2023-10-01,SMB,16,2025-03-01,17,9647.18,7,3242.24
2023-11-01,2023-10-01,SMB,17,2025-04-01,17,9647.18,7,3355.96
2023-11-01,2023-10-01,SMB,18,2025-05-01,17,9647.18,7,3379.76
2023-11-01,2023-10-01,SMB,19,2025-06-01,17,9647.18,7,3254.47
2023-11-01,2023-10-01,SMB,20,2025-07-01,17,9647.18,7,3325.8
2023-11-01,2023-10-01,SMB,21,2025-08-01,17,9647.18,7,3368.2
2023-11-01,2023-10-01,SMB,22,2025-09-01,17,9647.18,7,3633.07
2023-11-01,2023-10-01,SMB,23,2025-10-01,17,9647.18,7,4300.84
2023-11-01,2023-10-01,SMB,24,2025-11-01,17,9647.18,6,3096.78
2023-11-01,2023-10-01,SMB,25,2025-12-01,17,9647.18,6,3096.78
2023-11-01,2023-10-01,SMB,26,2026-01-01,17,9647.18,6,3234.18
2023-11-01,2023-10-01,SMB,27,2026-02-01,17,9647.18,6,3234.18
2023-11-01,2023-10-01,SMB,28,2026-03-01,17,9647.18,6,3234.18
2023-11-01,2023-10-01,SMB,29,2026-04-01,17,9647.18,6,3305.58
2023-11-01,2023-10-01,SMB,30,2026-05-01,17,9647.18,6,3305.58
2023-11-01,2023-10-01,SMB,31,2026-06-01,17,9647.18,6,3305.58
2023-11-01,2023-10-01,SMB,32,2026-07-01,17,9647.18,6,3305.58
2023-11-01,2023-10-01,SMB,33,2026-08-01,17,9647.18,6,3305.58
2023-12-01,2023-10-01,Enterprise,0,2023-12-01,1,38104.0,1,38104.0
2023-12-01,2023-10-01,Enterprise,1,2024-01-01,1,38104.0,1,40392.0
2023-12-01,2023-10-01,Enterprise,2,2024-02-01,1,38104.0,1,40392.0
2023-12-01,2023-10-01,Enterprise,3,2024-03-01,1,38104.0,1,40392.0
2023-12-01,2023-10-01,Enterprise,4,2024-04-01,1,38104.0,1,40392.0
2023-12-01,2023-10-01,Enterprise,5,2024-05-01,1,38104.0,1,42944.0
2023-12-01,2023-10-01,Enterprise,6,2024-06-01,1,38104.0,1,56320.0
2023-12-01,2023-10-01,Enterprise,7,2024-07-01,1,38104.0,1,56320.0
2023-12-01,2023-10-01,Enterprise,8,2024-08-01,1,38104.0,1,56320.0
2023-12-01,2023-10-01,Enterprise,9,2024-09-01,1,38104.0,1,56320.0
2023-12-01,2023-10-01,Enterprise,10,2024-10-01,1,38104.0,1,56320.0
2023-12-01,2023-10-01,Enterprise,11,2024-11-01,1,38104.0,1,56320.0
2023-12-01,2023-10-01,Enterprise,12,2024-12-01,1,38104.0,1,56320.0
2023-12-01,2023-10-01,Enterprise,13,2025-01-01,1,38104.0,1,56320.0
2023-12-01,2023-10-01,Enterprise,14,2025-02-01,1,38104.0,1,56320.0
2023-12-01,2023-10-01,Enterprise,15,2025-03-01,1,38104.0,1,56320.0
2023-12-01,2023-10-01,Enterprise,16,2025-04-01,1,38104.0,1,56320.0
2023-12-01,2023-10-01,Enterprise,17,2025-05-01,1,38104.0,1,56320.0
2023-12-01,2023-10-01,Enterprise,18,2025-06-01,1,38104.0,1,56320.0
2023-12-01,2023-10-01,Enterprise,19,2025-07-01,1,38104.0,1,56320.0
2023-12-01,2023-10-01,Enterprise,20,2025-08-01,1,38104.0,1,56320.0
2023-12-01,2023-10-01,Enterprise,21,2025-09-01,1,38104.0,1,56320.0
2023-12-01,2023-10-01,Enterprise,22,2025-10-01,1,38104.0,1,56320.0
2023-12-01,2023-10-01,Enterprise,23,2025-11-01,1,38104.0,1,56320.0
2023-12-01,2023-10-01,Enterprise,24,2025-12-01,1,38104.0,1,56320.0
2023-12-01,2023-10-01,Enterprise,25,2026-01-01,1,38104.0,1,56320.0
2023-12-01,2023-10-01,Enterprise,26,2026-02-01,1,38104.0,1,56320.0
2023-12-01,2023-10-01,Enterprise,27,2026-03-01,1,38104.0,1,56320.0
2023-12-01,2023-10-01,Enterprise,28,2026-04-01,1,38104.0,1,71104.0
2023-12-01,2023-10-01,Enterprise,29,2026-05-01,1,38104.0,1,71104.0
2023-12-01,2023-10-01,Enterprise,30,2026-06-01,1,38104.0,1,71104.0
2023-12-01,2023-10-01,Enterprise,31,2026-07-01,1,38104.0,1,71104.0
2023-12-01,2023-10-01,Enterprise,32,2026-08-01,1,38104.0,1,71104.0
2023-12-01,2023-10-01,Mid-Market,0,2023-12-01,12,38288.49,12,38288.49
2023-12-01,2023-10-01,Mid-Market,1,2024-01-01,12,38288.49,12,37780.32
2023-12-01,2023-10-01,Mid-Market,2,2024-02-01,12,38288.49,11,35848.47
2023-12-01,2023-10-01,Mid-Market,3,2024-03-01,12,38288.49,11,35848.47
2023-12-01,2023-10-01,Mid-Market,4,2024-04-01,12,38288.49,11,35616.6
2023-12-01,2023-10-01,Mid-Market,5,2024-05-01,12,38288.49,11,33925.2
2023-12-01,2023-10-01,Mid-Market,6,2024-06-01,12,38288.49,11,34052.78
2023-12-01,2023-10-01,Mid-Market,7,2024-07-01,12,38288.49,11,34052.78
2023-12-01,2023-10-01,Mid-Market,8,2024-08-01,12,38288.49,11,35865.67
2023-12-01,2023-10-01,Mid-Market,9,2024-09-01,12,38288.49,11,37407.66
2023-12-01,2023-10-01,Mid-Market,10,2024-10-01,12,38288.49,11,37109.99
2023-12-01,2023-10-01,Mid-Market,11,2024-11-01,12,38288.49,11,39721.94
2023-12-01,2023-10-01,Mid-Market,12,2024-12-01,12,38288.49,8,28283.69
2023-12-01,2023-10-01,Mid-Market,13,2025-01-01,12,38288.49,8,25545.06
2023-12-01,2023-10-01,Mid-Market,14,2025-02-01,12,38288.49,8,29887.56
2023-12-01,2023-10-01,Mid-Market,15,2025-03-01,12,38288.49,8,31896.96
2023-12-01,2023-10-01,Mid-Market,16,2025-04-01,12,38288.49,8,31896.96
2023-12-01,2023-10-01,Mid-Market,17,2025-05-01,12,38288.49,7,25754.84
2023-12-01,2023-10-01,Mid-Market,18,2025-06-01,12,38288.49,7,26286.5
2023-12-01,2023-10-01,Mid-Market,19,2025-07-01,12,38288.49,7,26761.7
2023-12-01,2023-10-01,Mid-Market,20,2025-08-01,12,38288.49,7,25932.8
2023-12-01,2023-10-01,Mid-Market,21,2025-09-01,12,38288.49,7,29100.5
2023-12-01,2023-10-01,Mid-Market,22,2025-10-01,12,38288.49,7,29100.5
2023-12-01,2023-10-01,Mid-Market,23,2025-11-01,12,38288.49,7,30266.9
2023-12-01,2023-10-01,Mid-Market,24,2025-12-01,12,38288.49,7,30286.55
2023-12-01,2023-10-01,Mid-Market,25,2026-01-01,12,38288.49,6,32317.9
2023-12-01,2023-10-01,Mid-Market,26,2026-02-01,12,38288.49,6,36508.3
2023-12-01,2023-10-01,Mid-Market,27,2026-03-01,12,38288.49,6,41046.7
2023-12-01,2023-10-01,Mid-Market,28,2026-04-01,12,38288.49,6,41046.7
2023-12-01,2023-10-01,Mid-Market,29,2026-05-01,12,38288.49,6,43974.7
2023-12-01,2023-10-01,Mid-Market,30,2026-06-01,12,38288.49,6,43974.7
2023-12-01,2023-10-01,Mid-Market,31,2026-07-01,12,38288.49,6,44513.48
2023-12-01,2023-10-01,Mid-Market,32,2026-08-01,12,38288.49,6,44513.48
2023-12-01,2023-10-01,SMB,0,2023-12-01,14,5504.38,14,5504.38
2023-12-01,2023-10-01,SMB,1,2024-01-01,14,5504.38,12,5408.54
2023-12-01,2023-10-01,SMB,2,2024-02-01,14,5504.38,10,4023.51
2023-12-01,2023-10-01,SMB,3,2024-03-01,14,5504.38,10,4023.51
2023-12-01,2023-10-01,SMB,4,2024-04-01,14,5504.38,9,3818.98
2023-12-01,2023-10-01,SMB,5,2024-05-01,14,5504.38,8,3719.08
2023-12-01,2023-10-01,SMB,6,2024-06-01,14,5504.38,8,3742.1
2023-12-01,2023-10-01,SMB,7,2024-07-01,14,5504.38,8,3717.1
2023-12-01,2023-10-01,SMB,8,2024-08-01,14,5504.38,8,3900.1
2023-12-01,2023-10-01,SMB,9,2024-09-01,14,5504.38,8,3990.1
2023-12-01,2023-10-01,SMB,10,2024-10-01,14,5504.38,8,3990.1
2023-12-01,2023-10-01,SMB,11,2024-11-01,14,5504.38,8,4034.05
2023-12-01,2023-10-01,SMB,12,2024-12-01,14,5504.38,7,3979.77
2023-12-01,2023-10-01,SMB,13,2025-01-01,14,5504.38,7,3523.87
2023-12-01,2023-10-01,SMB,14,2025-02-01,14,5504.38,7,3523.87
2023-12-01,2023-10-01,SMB,15,2025-03-01,14,5504.38,7,3588.87
2023-12-01,2023-10-01,SMB,16,2025-04-01,14,5504.38,7,3925.61
2023-12-01,2023-10-01,SMB,17,2025-05-01,14,5504.38,7,3925.61
2023-12-01,2023-10-01,SMB,18,2025-06-01,14,5504.38,7,4105.61
2023-12-01,2023-10-01,SMB,19,2025-07-01,14,5504.38,7,4402.97
2023-12-01,2023-10-01,SMB,20,2025-08-01,14,5504.38,7,4402.97
2023-12-01,2023-10-01,SMB,21,2025-09-01,14,5504.38,7,4402.97
2023-12-01,2023-10-01,SMB,22,2025-10-01,14,5504.38,7,4402.97
2023-12-01,2023-10-01,SMB,23,2025-11-01,14,5504.38,7,4657.85
2023-12-01,2023-10-01,SMB,24,2025-12-01,14,5504.38,7,4657.85
2023-12-01,2023-10-01,SMB,25,2026-01-01,14,5504.38,7,4607.85
2023-12-01,2023-10-01,SMB,26,2026-02-01,14,5504.38,7,4607.85
2023-12-01,2023-10-01,SMB,27,2026-03-01,14,5504.38,7,4967.85
2023-12-01,2023-10-01,SMB,28,2026-04-01,14,5504.38,6,3617.85
2023-12-01,2023-10-01,SMB,29,2026-05-01,14,5504.38,6,3347.85
2023-12-01,2023-10-01,SMB,30,2026-06-01,14,5504.38,6,3392.85
2023-12-01,2023-10-01,SMB,31,2026-07-01,14,5504.38,6,3662.85
2023-12-01,2023-10-01,SMB,32,2026-08-01,14,5504.38,6,3662.85
2024-01-01,2024-01-01,Enterprise,0,2024-01-01,1,5036.02,1,5036.02
2024-01-01,2024-01-01,Enterprise,1,2024-02-01,1,5036.02,1,5036.02
2024-01-01,2024-01-01,Enterprise,2,2024-03-01,1,5036.02,1,5036.02
2024-01-01,2024-01-01,Enterprise,3,2024-04-01,1,5036.02,1,5036.02
2024-01-01,2024-01-01,Enterprise,4,2024-05-01,1,5036.02,1,5036.02
2024-01-01,2024-01-01,Enterprise,5,2024-06-01,1,5036.02,1,5036.02
2024-01-01,2024-01-01,Enterprise,6,2024-07-01,1,5036.02,1,5824.8
2024-01-01,2024-01-01,Enterprise,7,2024-08-01,1,5036.02,1,8009.1
2024-01-01,2024-01-01,Enterprise,8,2024-09-01,1,5036.02,1,8009.1
2024-01-01,2024-01-01,Enterprise,9,2024-10-01,1,5036.02,1,8009.1
2024-01-01,2024-01-01,Enterprise,10,2024-11-01,1,5036.02,1,8009.1
2024-01-01,2024-01-01,Enterprise,11,2024-12-01,1,5036.02,1,8009.1
2024-01-01,2024-01-01,Enterprise,12,2025-01-01,1,5036.02,0,0.0
2024-01-01,2024-01-01,Mid-Market,0,2024-01-01,8,14360.69,8,14360.69
2024-01-01,2024-01-01,Mid-Market,1,2024-02-01,8,14360.69,7,9926.24
2024-01-01,2024-01-01,Mid-Market,2,2024-03-01,8,14360.69,7,9998.24
2024-01-01,2024-01-01,Mid-Market,3,2024-04-01,8,14360.69,7,10148.9
2024-01-01,2024-01-01,Mid-Market,4,2024-05-01,8,14360.69,7,10268.51
2024-01-01,2024-01-01,Mid-Market,5,2024-06-01,8,14360.69,7,10268.51
2024-01-01,2024-01-01,Mid-Market,6,2024-07-01,8,14360.69,7,10268.51
2024-01-01,2024-01-01,Mid-Market,7,2024-08-01,8,14360.69,7,10268.51
2024-01-01,2024-01-01,Mid-Market,8,2024-09-01,8,14360.69,7,10268.51
2024-01-01,2024-01-01,Mid-Market,9,2024-10-01,8,14360.69,7,10268.51
2024-01-01,2024-01-01,Mid-Market,10,2024-11-01,8,14360.69,7,11035.67
2024-01-01,2024-01-01,Mid-Market,11,2024-12-01,8,14360.69,7,11143.67
2024-01-01,2024-01-01,Mid-Market,12,2025-01-01,8,14360.69,6,10218.29
2024-01-01,2024-01-01,Mid-Market,13,2025-02-01,8,14360.69,6,10277.37
2024-01-01,2024-01-01,Mid-Market,14,2025-03-01,8,14360.69,7,11539.13
2024-01-01,2024-01-01,Mid-Market,15,2025-04-01,8,14360.69,6,7942.55
2024-01-01,2024-01-01,Mid-Market,16,2025-05-01,8,14360.69,6,8181.77
2024-01-01,2024-01-01,Mid-Market,17,2025-06-01,8,14360.69,6,8430.94
2024-01-01,2024-01-01,Mid-Market,18,2025-07-01,8,14360.69,6,8430.94
2024-01-01,2024-01-01,Mid-Market,19,2025-08-01,8,14360.69,6,8430.94
2024-01-01,2024-01-01,Mid-Market,20,2025-09-01,8,14360.69,6,8430.94
2024-01-01,2024-01-01,Mid-Market,21,2025-10-01,8,14360.69,6,12197.41
2024-01-01,2024-01-01,Mid-Market,22,2025-11-01,8,14360.69,6,12197.41
2024-01-01,2024-01-01,Mid-Market,23,2025-12-01,8,14360.69,5,10938.08
2024-01-01,2024-01-01,Mid-Market,24,2026-01-01,8,14360.69,5,10938.08
2024-01-01,2024-01-01,Mid-Market,25,2026-02-01,8,14360.69,5,10938.08
2024-01-01,2024-01-01,Mid-Market,26,2026-03-01,8,14360.69,5,13073.78
2024-01-01,2024-01-01,Mid-Market,27,2026-04-01,8,14360.69,5,13073.78
2024-01-01,2024-01-01,Mid-Market,28,2026-05-01,8,14360.69,5,13073.78
2024-01-01,2024-01-01,Mid-Market,29,2026-06-01,8,14360.69,5,13453.58
2024-01-01,2024-01-01,Mid-Market,30,2026-07-01,8,14360.69,5,13453.58
2024-01-01,2024-01-01,Mid-Market,31,2026-08-01,8,14360.69,5,13567.52
2024-01-01,2024-01-01,SMB,0,2024-01-01,18,8106.12,18,8106.12
2024-01-01,2024-01-01,SMB,1,2024-02-01,18,8106.12,18,8129.22
2024-01-01,2024-01-01,SMB,2,2024-03-01,18,8106.12,17,7408.71
2024-01-01,2024-01-01,SMB,3,2024-04-01,18,8106.12,16,6895.43
2024-01-01,2024-01-01,SMB,4,2024-05-01,18,8106.12,16,6754.06
2024-01-01,2024-01-01,SMB,5,2024-06-01,18,8106.12,16,7197.85
2024-01-01,2024-01-01,SMB,6,2024-07-01,18,8106.12,15,6875.07
2024-01-01,2024-01-01,SMB,7,2024-08-01,18,8106.12,15,7501.08
2024-01-01,2024-01-01,SMB,8,2024-09-01,18,8106.12,14,7453.03
2024-01-01,2024-01-01,SMB,9,2024-10-01,18,8106.12,14,7900.24
2024-01-01,2024-01-01,SMB,10,2024-11-01,18,8106.12,15,8093.29
2024-01-01,2024-01-01,SMB,11,2024-12-01,18,8106.12,13,6835.59
2024-01-01,2024-01-01,SMB,12,2025-01-01,18,8106.12,9,5123.37
2024-01-01,2024-01-01,SMB,13,2025-02-01,18,8106.12,9,5123.37
2024-01-01,2024-01-01,SMB,14,2025-03-01,18,8106.12,9,5123.37
2024-01-01,2024-01-01,SMB,15,2025-04-01,18,8106.12,8,4916.09
2024-01-01,2024-01-01,SMB,16,2025-05-01,18,8106.12,8,5315.15
2024-01-01,2024-01-01,SMB,17,2025-06-01,18,8106.12,8,5315.15
2024-01-01,2024-01-01,SMB,18,2025-07-01,18,8106.12,9,5458.25
2024-01-01,2024-01-01,SMB,19,2025-08-01,18,8106.12,9,5436.72
2024-01-01,2024-01-01,SMB,20,2025-09-01,18,8106.12,9,5713.08
2024-01-01,2024-01-01,SMB,21,2025-10-01,18,8106.12,9,5713.08
2024-01-01,2024-01-01,SMB,22,2025-11-01,18,8106.12,9,5713.08
2024-01-01,2024-01-01,SMB,23,2025-12-01,18,8106.12,9,5763.08
2024-01-01,2024-01-01,SMB,24,2026-01-01,18,8106.12,8,3103.85
2024-01-01,2024-01-01,SMB,25,2026-02-01,18,8106.12,8,3012.95
2024-01-01,2024-01-01,SMB,26,2026-03-01,18,8106.12,8,3077.53
2024-01-01,2024-01-01,SMB,27,2026-04-01,18,8106.12,8,3100.63
2024-01-01,2024-01-01,SMB,28,2026-05-01,18,8106.12,8,3100.63
2024-01-01,2024-01-01,SMB,29,2026-06-01,18,8106.12,7,2918.83
2024-01-01,2024-01-01,SMB,30,2026-07-01,18,8106.12,7,2918.83
2024-01-01,2024-01-01,SMB,31,2026-08-01,18,8106.12,7,2918.83
2024-02-01,2024-01-01,Enterprise,0,2024-02-01,1,5914.95,1,5914.95
2024-02-01,2024-01-01,Enterprise,1,2024-03-01,1,5914.95,1,5914.95
2024-02-01,2024-01-01,Enterprise,2,2024-04-01,1,5914.95,1,5914.95
2024-02-01,2024-01-01,Enterprise,3,2024-05-01,1,5914.95,1,5914.95
2024-02-01,2024-01-01,Enterprise,4,2024-06-01,1,5914.95,1,5914.95
2024-02-01,2024-01-01,Enterprise,5,2024-07-01,1,5914.95,1,5914.95
2024-02-01,2024-01-01,Enterprise,6,2024-08-01,1,5914.95,1,5914.95
2024-02-01,2024-01-01,Enterprise,7,2024-09-01,1,5914.95,1,5914.95
2024-02-01,2024-01-01,Enterprise,8,2024-10-01,1,5914.95,1,5914.95
2024-02-01,2024-01-01,Enterprise,9,2024-11-01,1,5914.95,1,5914.95
2024-02-01,2024-01-01,Enterprise,10,2024-12-01,1,5914.95,1,5914.95
2024-02-01,2024-01-01,Enterprise,11,2025-01-01,1,5914.95,1,5914.95
2024-02-01,2024-01-01,Enterprise,12,2025-02-01,1,5914.95,1,5914.95
2024-02-01,2024-01-01,Enterprise,13,2025-03-01,1,5914.95,1,6858.83
2024-02-01,2024-01-01,Enterprise,14,2025-04-01,1,5914.95,1,6858.83
2024-02-01,2024-01-01,Enterprise,15,2025-05-01,1,5914.95,1,6858.83
2024-02-01,2024-01-01,Enterprise,16,2025-06-01,1,5914.95,1,6858.83
2024-02-01,2024-01-01,Enterprise,17,2025-07-01,1,5914.95,1,6858.83
2024-02-01,2024-01-01,Enterprise,18,2025-08-01,1,5914.95,1,6858.83
2024-02-01,2024-01-01,Enterprise,19,2025-09-01,1,5914.95,1,6858.83
2024-02-01,2024-01-01,Enterprise,20,2025-10-01,1,5914.95,1,6858.83
2024-02-01,2024-01-01,Enterprise,21,2025-11-01,1,5914.95,1,6858.83
2024-02-01,2024-01-01,Enterprise,22,2025-12-01,1,5914.95,1,6858.83
2024-02-01,2024-01-01,Enterprise,23,2026-01-01,1,5914.95,1,6858.83
2024-02-01,2024-01-01,Enterprise,24,2026-02-01,1,5914.95,1,6858.83
2024-02-01,2024-01-01,Enterprise,25,2026-03-01,1,5914.95,1,6858.83
2024-02-01,2024-01-01,Enterprise,26,2026-04-01,1,5914.95,1,6858.83
2024-02-01,2024-01-01,Enterprise,27,2026-05-01,1,5914.95,1,6858.83
2024-02-01,2024-01-01,Enterprise,28,2026-06-01,1,5914.95,1,6858.83
2024-02-01,2024-01-01,Enterprise,29,2026-07-01,1,5914.95,1,6858.83
2024-02-01,2024-01-01,Enterprise,30,2026-08-01,1,5914.95,1,6858.83
2024-02-01,2024-01-01,Mid-Market,0,2024-02-01,5,23436.41,5,23436.41
2024-02-01,2024-01-01,Mid-Market,1,2024-03-01,5,23436.41,5,23436.41
2024-02-01,2024-01-01,Mid-Market,2,2024-04-01,5,23436.41,5,24362.99
2024-02-01,2024-01-01,Mid-Market,3,2024-05-01,5,23436.41,4,23673.72
2024-02-01,2024-01-01,Mid-Market,4,2024-06-01,5,23436.41,4,23673.72
2024-02-01,2024-01-01,Mid-Market,5,2024-07-01,5,23436.41,4,27757.55
2024-02-01,2024-01-01,Mid-Market,6,2024-08-01,5,23436.41,4,34899.76
2024-02-01,2024-01-01,Mid-Market,7,2024-09-01,5,23436.41,4,34899.76
2024-02-01,2024-01-01,Mid-Market,8,2024-10-01,5,23436.41,4,34899.76
2024-02-01,2024-01-01,Mid-Market,9,2024-11-01,5,23436.41,4,36604.96
2024-02-01,2024-01-01,Mid-Market,10,2024-12-01,5,23436.41,4,40055.93
2024-02-01,2024-01-01,Mid-Market,11,2025-01-01,5,23436.41,4,40055.93
2024-02-01,2024-01-01,Mid-Market,12,2025-02-01,5,23436.41,4,40055.93
2024-02-01,2024-01-01,Mid-Market,13,2025-03-01,5,23436.41,4,40055.93
2024-02-01,2024-01-01,Mid-Market,14,2025-04-01,5,23436.41,4,40055.93
2024-02-01,2024-01-01,Mid-Market,15,2025-05-01,5,23436.41,4,38587.43
2024-02-01,2024-01-01,Mid-Market,16,2025-06-01,5,23436.41,4,38587.43
2024-02-01,2024-01-01,Mid-Market,17,2025-07-01,5,23436.41,4,37486.06
2024-02-01,2024-01-01,Mid-Market,18,2025-08-01,5,23436.41,4,37486.06
2024-02-01,2024-01-01,Mid-Market,19,2025-09-01,5,23436.41,4,37486.06
2024-02-01,2024-01-01,Mid-Market,20,2025-10-01,5,23436.41,4,37486.06
2024-02-01,2024-01-01,Mid-Market,21,2025-11-01,5,23436.41,4,38587.43
2024-02-01,2024-01-01,Mid-Market,22,2025-12-01,5,23436.41,4,38587.43
2024-02-01,2024-01-01,Mid-Market,23,2026-01-01,5,23436.41,4,34710.97
2024-02-01,2024-01-01,Mid-Market,24,2026-02-01,5,23436.41,4,35691.67
2024-02-01,2024-01-01,Mid-Market,25,2026-03-01,5,23436.41,4,36111.97
2024-02-01,2024-01-01,Mid-Market,26,2026-04-01,5,23436.41,4,34570.05
2024-02-01,2024-01-01,Mid-Market,27,2026-05-01,5,23436.41,4,35965.12
2024-02-01,2024-01-01,Mid-Market,28,2026-06-01,5,23436.41,4,35965.12
2024-02-01,2024-01-01,Mid-Market,29,2026-07-01,5,23436.41,4,35965.12
2024-02-01,2024-01-01,Mid-Market,30,2026-08-01,5,23436.41,4,35965.12
2024-02-01,2024-01-01,SMB,0,2024-02-01,17,12515.94,17,12515.94
2024-02-01,2024-01-01,SMB,1,2024-03-01,17,12515.94,15,12841.34
2024-02-01,2024-01-01,SMB,2,2024-04-01,17,12515.94,15,13267.88
2024-02-01,2024-01-01,SMB,3,2024-05-01,17,12515.94,15,13895.36
2024-02-01,2024-01-01,SMB,4,2024-06-01,17,12515.94,12,11115.9
2024-02-01,2024-01-01,SMB,5,2024-07-01,17,12515.94,12,11115.9
2024-02-01,2024-01-01,SMB,6,2024-08-01,17,12515.94,12,11162.7
2024-02-01,2024-01-01,SMB,7,2024-09-01,17,12515.94,11,9517.63
2024-02-01,2024-01-01,SMB,8,2024-10-01,17,12515.94,11,9538.2
2024-02-01,2024-01-01,SMB,9,2024-11-01,17,12515.94,11,9851.94
2024-02-01,2024-01-01,SMB,10,2024-12-01,17,12515.94,10,9269.82
2024-02-01,2024-01-01,SMB,11,2025-01-01,17,12515.94,10,8908.16
2024-02-01,2024-01-01,SMB,12,2025-02-01,17,12515.94,10,13802.11
2024-02-01,2024-01-01,SMB,13,2025-03-01,17,12515.94,10,13796.09
2024-02-01,2024-01-01,SMB,14,2025-04-01,17,12515.94,9,12602.31
2024-02-01,2024-01-01,SMB,15,2025-05-01,17,12515.94,9,12602.31
2024-02-01,2024-01-01,SMB,16,2025-06-01,17,12515.94,9,12602.31
2024-02-01,2024-01-01,SMB,17,2025-07-01,17,12515.94,9,13973.66
2024-02-01,2024-01-01,SMB,18,2025-08-01,17,12515.94,9,14315.92
2024-02-01,2024-01-01,SMB,19,2025-09-01,17,12515.94,9,14234.28
2024-02-01,2024-01-01,SMB,20,2025-10-01,17,12515.94,9,14234.28
2024-02-01,2024-01-01,SMB,21,2025-11-01,17,12515.94,9,14257.93
2024-02-01,2024-01-01,SMB,22,2025-12-01,17,12515.94,9,14338.3
2024-02-01,2024-01-01,SMB,23,2026-01-01,17,12515.94,9,14338.3
2024-02-01,2024-01-01,SMB,24,2026-02-01,17,12515.94,9,14338.3
2024-02-01,2024-01-01,SMB,25,2026-03-01,17,12515.94,9,14338.3
2024-02-01,2024-01-01,SMB,26,2026-04-01,17,12515.94,9,18728.56
2024-02-01,2024-01-01,SMB,27,2026-05-01,17,12515.94,9,18728.56
2024-02-01,2024-01-01,SMB,28,2026-06-01,17,12515.94,8,11034.46
2024-02-01,2024-01-01,SMB,29,2026-07-01,17,12515.94,8,13349.86
2024-02-01,2024-01-01,SMB,30,2026-08-01,17,12515.94,8,13349.86
2024-03-01,2024-01-01,Enterprise,0,2024-03-01,6,50170.97,6,50170.97
2024-03-01,2024-01-01,Enterprise,1,2024-04-01,6,50170.97,5,42970.97
2024-03-01,2024-01-01,Enterprise,2,2024-05-01,6,50170.97,5,46046.95
2024-03-01,2024-01-01,Enterprise,3,2024-06-01,6,50170.97,5,50189.5
2024-03-01,2024-01-01,Enterprise,4,2024-07-01,6,50170.97,5,50909.5
2024-03-01,2024-01-01,Enterprise,5,2024-08-01,6,50170.97,5,53486.35
2024-03-01,2024-01-01,Enterprise,6,2024-09-01,6,50170.97,5,51160.9
2024-03-01,2024-01-01,Enterprise,7,2024-10-01,6,50170.97,5,48081.25
2024-03-01,2024-01-01,Enterprise,8,2024-11-01,6,50170.97,5,48081.25
2024-03-01,2024-01-01,Enterprise,9,2024-12-01,6,50170.97,5,50140.45
2024-03-01,2024-01-01,Enterprise,10,2025-01-01,6,50170.97,5,50643.25
2024-03-01,2024-01-01,Enterprise,11,2025-02-01,6,50170.97,5,52780.15
2024-03-01,2024-01-01,Enterprise,12,2025-03-01,6,50170.97,5,53597.2
2024-03-01,2024-01-01,Enterprise,13,2025-04-01,6,50170.97,5,55794.32
2024-03-01,2024-01-01,Enterprise,14,2025-05-01,6,50170.97,5,55794.32
2024-03-01,2024-01-01,Enterprise,15,2025-06-01,6,50170.97,5,55794.32
2024-03-01,2024-01-01,Enterprise,16,2025-07-01,6,50170.97,5,55794.32
2024-03-01,2024-01-01,Enterprise,17,2025-08-01,6,50170.97,5,55794.32
2024-03-01,2024-01-01,Enterprise,18,2025-09-01,6,50170.97,5,63435.36
2024-03-01,2024-01-01,Enterprise,19,2025-10-01,6,50170.97,5,63435.36
2024-03-01,2024-01-01,Enterprise,20,2025-11-01,6,50170.97,5,61475.48
2024-03-01,2024-01-01,Enterprise,21,2025-12-01,6,50170.97,5,63735.38
2024-03-01,2024-01-01,Enterprise,22,2026-01-01,6,50170.97,5,63735.38
2024-03-01,2024-01-01,Enterprise,23,2026-02-01,6,50170.97,5,63735.38
2024-03-01,2024-01-01,Enterprise,24,2026-03-01,6,50170.97,5,73716.36
2024-03-01,2024-01-01,Enterprise,25,2026-04-01,6,50170.97,5,73716.36
2024-03-01,2024-01-01,Enterprise,26,2026-05-01,6,50170.97,5,76399.56
2024-03-01,2024-01-01,Enterprise,27,2026-06-01,6,50170.97,5,76399.56
2024-03-01,2024-01-01,Enterprise,28,2026-07-01,6,50170.97,5,81993.21
2024-03-01,2024-01-01,Enterprise,29,2026-08-01,6,50170.97,5,81993.21
2024-03-01,2024-01-01,Mid-Market,0,2024-03-01,6,21288.44,6,21288.44
2024-03-01,2024-01-01,Mid-Market,1,2024-04-01,6,21288.44,6,21288.44
2024-03-01,2024-01-01,Mid-Market,2,2024-05-01,6,21288.44,5,20580.32
2024-03-01,2024-01-01,Mid-Market,3,2024-06-01,6,21288.44,5,19564.45
2024-03-01,2024-01-01,Mid-Market,4,2024-07-01,6,21288.44,5,19564.45
2024-03-01,2024-01-01,Mid-Market,5,2024-08-01,6,21288.44,5,19564.45
2024-03-01,2024-01-01,Mid-Market,6,2024-09-01,6,21288.44,5,19564.45
2024-03-01,2024-01-01,Mid-Market,7,2024-10-01,6,21288.44,5,19985.2
2024-03-01,2024-01-01,Mid-Market,8,2024-11-01,6,21288.44,5,19985.2
2024-03-01,2024-01-01,Mid-Market,9,2024-12-01,6,21288.44,5,20127.22
2024-03-01,2024-01-01,Mid-Market,10,2025-01-01,6,21288.44,5,20127.22
2024-03-01,2024-01-01,Mid-Market,11,2025-02-01,6,21288.44,5,20929.94
2024-03-01,2024-01-01,Mid-Market,12,2025-03-01,6,21288.44,5,20929.94
2024-03-01,2024-01-01,Mid-Market,13,2025-04-01,6,21288.44,5,20929.94
2024-03-01,2024-01-01,Mid-Market,14,2025-05-01,6,21288.44,5,20929.94
2024-03-01,2024-01-01,Mid-Market,15,2025-06-01,6,21288.44,5,22419.89
2024-03-01,2024-01-01,Mid-Market,16,2025-07-01,6,21288.44,5,22419.89
2024-03-01,2024-01-01,Mid-Market,17,2025-08-01,6,21288.44,4,20309.93
2024-03-01,2024-01-01,Mid-Market,18,2025-09-01,6,21288.44,4,20309.93
2024-03-01,2024-01-01,Mid-Market,19,2025-10-01,6,21288.44,4,20309.93
2024-03-01,2024-01-01,Mid-Market,20,2025-11-01,6,21288.44,4,20309.93
2024-03-01,2024-01-01,Mid-Market,21,2025-12-01,6,21288.44,4,20309.93
2024-03-01,2024-01-01,Mid-Market,22,2026-01-01,6,21288.44,4,20309.93
2024-03-01,2024-01-01,Mid-Market,23,2026-02-01,6,21288.44,4,20309.93
2024-03-01,2024-01-01,Mid-Market,24,2026-03-01,6,21288.44,4,21393.53
2024-03-01,2024-01-01,Mid-Market,25,2026-04-01,6,21288.44,4,20271.53
2024-03-01,2024-01-01,Mid-Market,26,2026-05-01,6,21288.44,4,20271.53
2024-03-01,2024-01-01,Mid-Market,27,2026-06-01,6,21288.44,4,23774.34
2024-03-01,2024-01-01,Mid-Market,28,2026-07-01,6,21288.44,4,23774.34
2024-03-01,2024-01-01,Mid-Market,29,2026-08-01,6,21288.44,4,23774.34
2024-03-01,2024-01-01,SMB,0,2024-03-01,15,7847.53,15,7847.53
2024-03-01,2024-01-01,SMB,1,2024-04-01,15,7847.53,15,7822.53
2024-03-01,2024-01-01,SMB,2,2024-05-01,15,7847.53,12,5025.26
2024-03-01,2024-01-01,SMB,3,2024-06-01,15,7847.53,11,4975.26
2024-03-01,2024-01-01,SMB,4,2024-07-01,15,7847.53,9,3995.59
2024-03-01,2024-01-01,SMB,5,2024-08-01,15,7847.53,9,4019.06
2024-03-01,2024-01-01,SMB,6,2024-09-01,15,7847.53,8,3885.56
2024-03-01,2024-01-01,SMB,7,2024-10-01,15,7847.53,7,3536.43
2024-03-01,2024-01-01,SMB,8,2024-11-01,15,7847.53,7,3743.66
2024-03-01,2024-01-01,SMB,9,2024-12-01,15,7847.53,7,3743.66
2024-03-01,2024-01-01,SMB,10,2025-01-01,15,7847.53,7,3743.66
2024-03-01,2024-01-01,SMB,11,2025-02-01,15,7847.53,6,2293.08
2024-03-01,2024-01-01,SMB,12,2025-03-01,15,7847.53,5,906.6
2024-03-01,2024-01-01,SMB,13,2025-04-01,15,7847.53,5,906.6
2024-03-01,2024-01-01,SMB,14,2025-05-01,15,7847.53,5,906.6
2024-03-01,2024-01-01,SMB,15,2025-06-01,15,7847.53,5,906.6
2024-03-01,2024-01-01,SMB,16,2025-07-01,15,7847.53,5,968.85
2024-03-01,2024-01-01,SMB,17,2025-08-01,15,7847.53,5,968.85
2024-03-01,2024-01-01,SMB,18,2025-09-01,15,7847.53,5,1018.85
2024-03-01,2024-01-01,SMB,19,2025-10-01,15,7847.53,4,974.95
2024-03-01,2024-01-01,SMB,20,2025-11-01,15,7847.53,3,699.95
2024-03-01,2024-01-01,SMB,21,2025-12-01,15,7847.53,3,699.95
2024-03-01,2024-01-01,SMB,22,2026-01-01,15,7847.53,3,699.95
2024-03-01,2024-01-01,SMB,23,2026-02-01,15,7847.53,3,745.35
2024-03-01,2024-01-01,SMB,24,2026-03-01,15,7847.53,3,745.35
2024-03-01,2024-01-01,SMB,25,2026-04-01,15,7847.53,3,745.35
2024-03-01,2024-01-01,SMB,26,2026-05-01,15,7847.53,2,502.6
2024-03-01,2024-01-01,SMB,27,2026-06-01,15,7847.53,2,502.6
2024-03-01,2024-01-01,SMB,28,2026-07-01,15,7847.53,2,638.8
2024-03-01,2024-01-01,SMB,29,2026-08-01,15,7847.53,2,638.8
2024-04-01,2024-04-01,Enterprise,0,2024-04-01,4,78702.84,4,78702.84
2024-04-01,2024-04-01,Enterprise,1,2024-05-01,4,78702.84,3,70436.94
2024-04-01,2024-04-01,Enterprise,2,2024-06-01,4,78702.84,3,70436.94
2024-04-01,2024-04-01,Enterprise,3,2024-07-01,4,78702.84,3,78591.68
2024-04-01,2024-04-01,Enterprise,4,2024-08-01,4,78702.84,3,78591.68
2024-04-01,2024-04-01,Enterprise,5,2024-09-01,4,78702.84,3,88038.26
2024-04-01,2024-04-01,Enterprise,6,2024-10-01,4,78702.84,3,88038.26
2024-04-01,2024-04-01,Enterprise,7,2024-11-01,4,78702.84,3,88038.26
2024-04-01,2024-04-01,Enterprise,8,2024-12-01,4,78702.84,3,88038.26
2024-04-01,2024-04-01,Enterprise,9,2025-01-01,4,78702.84,3,88038.26
2024-04-01,2024-04-01,Enterprise,10,2025-02-01,4,78702.84,3,100606.42
2024-04-01,2024-04-01,Enterprise,11,2025-03-01,4,78702.84,3,82603.38
2024-04-01,2024-04-01,Enterprise,12,2025-04-01,4,78702.84,3,82603.38
2024-04-01,2024-04-01,Enterprise,13,2025-05-01,4,78702.84,3,82603.38
2024-04-01,2024-04-01,Enterprise,14,2025-06-01,4,78702.84,3,82603.38
2024-04-01,2024-04-01,Enterprise,15,2025-07-01,4,78702.84,3,82603.38
2024-04-01,2024-04-01,Enterprise,16,2025-08-01,4,78702.84,3,85051.08
2024-04-01,2024-04-01,Enterprise,17,2025-09-01,4,78702.84,3,68337.9
2024-04-01,2024-04-01,Enterprise,18,2025-10-01,4,78702.84,3,69035.52
2024-04-01,2024-04-01,Enterprise,19,2025-11-01,4,78702.84,3,69035.52
2024-04-01,2024-04-01,Enterprise,20,2025-12-01,4,78702.84,3,69871.32
2024-04-01,2024-04-01,Enterprise,21,2026-01-01,4,78702.84,3,72423.7
2024-04-01,2024-04-01,Enterprise,22,2026-02-01,4,78702.84,3,68961.1
2024-04-01,2024-04-01,Enterprise,23,2026-03-01,4,78702.84,3,68961.1
2024-04-01,2024-04-01,Enterprise,24,2026-04-01,4,78702.84,3,68961.1
2024-04-01,2024-04-01,Enterprise,25,2026-05-01,4,78702.84,3,63856.0
2024-04-01,2024-04-01,Enterprise,26,2026-06-01,4,78702.84,3,67975.3
2024-04-01,2024-04-01,Enterprise,27,2026-07-01,4,78702.84,3,67975.3
2024-04-01,2024-04-01,Enterprise,28,2026-08-01,4,78702.84,3,67975.3
2024-04-01,2024-04-01,Mid-Market,0,2024-04-01,8,9946.57,8,9946.57
2024-04-01,2024-04-01,Mid-Market,1,2024-05-01,8,9946.57,8,10140.43
2024-04-01,2024-04-01,Mid-Market,2,2024-06-01,8,9946.57,8,10140.43
2024-04-01,2024-04-01,Mid-Market,3,2024-07-01,8,9946.57,8,11175.73
2024-04-01,2024-04-01,Mid-Market,4,2024-08-01,8,9946.57,8,11661.82
2024-04-01,2024-04-01,Mid-Market,5,2024-09-01,8,9946.57,8,11801.05
2024-04-01,2024-04-01,Mid-Market,6,2024-10-01,8,9946.57,8,11801.05
2024-04-01,2024-04-01,Mid-Market,7,2024-11-01,8,9946.57,8,11801.05
2024-04-01,2024-04-01,Mid-Market,8,2024-12-01,8,9946.57,8,11801.05
2024-04-01,2024-04-01,Mid-Market,9,2025-01-01,8,9946.57,8,12195.97
2024-04-01,2024-04-01,Mid-Market,10,2025-02-01,8,9946.57,8,12424.39
2024-04-01,2024-04-01,Mid-Market,11,2025-03-01,8,9946.57,8,12424.39
2024-04-01,2024-04-01,Mid-Market,12,2025-04-01,8,9946.57,8,12613.03
2024-04-01,2024-04-01,Mid-Market,13,2025-05-01,8,9946.57,8,11799.58
2024-04-01,2024-04-01,Mid-Market,14,2025-06-01,8,9946.57,7,8545.78
2024-04-01,2024-04-01,Mid-Market,15,2025-07-01,8,9946.57,7,9353.94
2024-04-01,2024-04-01,Mid-Market,16,2025-08-01,8,9946.57,7,9709.12
2024-04-01,2024-04-01,Mid-Market,17,2025-09-01,8,9946.57,7,9385.39
2024-04-01,2024-04-01,Mid-Market,18,2025-10-01,8,9946.57,7,9385.39
2024-04-01,2024-04-01,Mid-Market,19,2025-11-01,8,9946.57,7,10001.98
2024-04-01,2024-04-01,Mid-Market,20,2025-12-01,8,9946.57,8,12959.98
2024-04-01,2024-04-01,Mid-Market,21,2026-01-01,8,9946.57,8,12959.98
2024-04-01,2024-04-01,Mid-Market,22,2026-02-01,8,9946.57,8,12415.93
2024-04-01,2024-04-01,Mid-Market,23,2026-03-01,8,9946.57,8,12305.67
2024-04-01,2024-04-01,Mid-Market,24,2026-04-01,8,9946.57,8,11830.97
2024-04-01,2024-04-01,Mid-Market,25,2026-05-01,8,9946.57,7,10994.73
2024-04-01,2024-04-01,Mid-Market,26,2026-06-01,8,9946.57,7,10994.73
2024-04-01,2024-04-01,Mid-Market,27,2026-07-01,8,9946.57,7,10994.73
2024-04-01,2024-04-01,Mid-Market,28,2026-08-01,8,9946.57,7,10994.73
2024-04-01,2024-04-01,SMB,0,2024-04-01,17,6251.54,17,6251.54
2024-04-01,2024-04-01,SMB,1,2024-05-01,17,6251.54,17,6226.77
2024-04-01,2024-04-01,SMB,2,2024-06-01,17,6251.54,15,5923.34
2024-04-01,2024-04-01,SMB,3,2024-07-01,17,6251.54,15,5923.34
2024-04-01,2024-04-01,SMB,4,2024-08-01,17,6251.54,15,5946.36
2024-04-01,2024-04-01,SMB,5,2024-09-01,17,6251.54,15,5995.71
2024-04-01,2024-04-01,SMB,6,2024-10-01,17,6251.54,14,6186.39
2024-04-01,2024-04-01,SMB,7,2024-11-01,17,6251.54,13,6061.04
2024-04-01,2024-04-01,SMB,8,2024-12-01,17,6251.54,12,5967.64
2024-04-01,2024-04-01,SMB,9,2025-01-01,17,6251.54,12,6013.71
2024-04-01,2024-04-01,SMB,10,2025-02-01,17,6251.54,12,6575.66
2024-04-01,2024-04-01,SMB,11,2025-03-01,17,6251.54,10,3662.81
2024-04-01,2024-04-01,SMB,12,2025-04-01,17,6251.54,9,3637.45
2024-04-01,2024-04-01,SMB,13,2025-05-01,17,6251.54,9,4037.5
2024-04-01,2024-04-01,SMB,14,2025-06-01,17,6251.54,8,3987.5
2024-04-01,2024-04-01,SMB,15,2025-07-01,17,6251.54,8,3987.5
2024-04-01,2024-04-01,SMB,16,2025-08-01,17,6251.54,7,3867.0
2024-04-01,2024-04-01,SMB,17,2025-09-01,17,6251.54,7,3890.9
2024-04-01,2024-04-01,SMB,18,2025-10-01,17,6251.54,7,3938.7
2024-04-01,2024-04-01,SMB,19,2025-11-01,17,6251.54,7,4514.92
2024-04-01,2024-04-01,SMB,20,2025-12-01,17,6251.54,7,4561.84
2024-04-01,2024-04-01,SMB,21,2026-01-01,17,6251.54,6,4392.96
2024-04-01,2024-04-01,SMB,22,2026-02-01,17,6251.54,6,4392.96
2024-04-01,2024-04-01,SMB,23,2026-03-01,17,6251.54,5,4295.56
2024-04-01,2024-04-01,SMB,24,2026-04-01,17,6251.54,3,1969.56
2024-04-01,2024-04-01,SMB,25,2026-05-01,17,6251.54,3,2489.62
2024-04-01,2024-04-01,SMB,26,2026-06-01,17,6251.54,3,2489.62
2024-04-01,2024-04-01,SMB,27,2026-07-01,17,6251.54,3,2489.62
2024-04-01,2024-04-01,SMB,28,2026-08-01,17,6251.54,3,2489.62
2024-05-01,2024-04-01,Enterprise,0,2024-05-01,3,53538.57,3,53538.57
2024-05-01,2024-04-01,Enterprise,1,2024-06-01,3,53538.57,3,64440.67
2024-05-01,2024-04-01,Enterprise,2,2024-07-01,3,53538.57,2,25391.33
2024-05-01,2024-04-01,Enterprise,3,2024-08-01,3,53538.57,2,25391.33
2024-05-01,2024-04-01,Enterprise,4,2024-09-01,3,53538.57,2,25391.33
2024-05-01,2024-04-01,Enterprise,5,2024-10-01,3,53538.57,2,25391.33
2024-05-01,2024-04-01,Enterprise,6,2024-11-01,3,53538.57,2,25391.33
2024-05-01,2024-04-01,Enterprise,7,2024-12-01,3,53538.57,2,25391.33
2024-05-01,2024-04-01,Enterprise,8,2025-01-01,3,53538.57,2,25391.33
2024-05-01,2024-04-01,Enterprise,9,2025-02-01,3,53538.57,2,25391.33
2024-05-01,2024-04-01,Enterprise,10,2025-03-01,3,53538.57,2,25391.33
2024-05-01,2024-04-01,Enterprise,11,2025-04-01,3,53538.57,2,25391.33
2024-05-01,2024-04-01,Enterprise,12,2025-05-01,3,53538.57,2,26650.88
2024-05-01,2024-04-01,Enterprise,13,2025-06-01,3,53538.57,2,26650.88
2024-05-01,2024-04-01,Enterprise,14,2025-07-01,3,53538.57,2,26650.88
2024-05-01,2024-04-01,Enterprise,15,2025-08-01,3,53538.57,2,26650.88
2024-05-01,2024-04-01,Enterprise,16,2025-09-01,3,53538.57,2,26650.88
2024-05-01,2024-04-01,Enterprise,17,2025-10-01,3,53538.57,1,6507.68
2024-05-01,2024-04-01,Enterprise,18,2025-11-01,3,53538.57,1,6507.68
2024-05-01,2024-04-01,Enterprise,19,2025-12-01,3,53538.57,1,6507.68
2024-05-01,2024-04-01,Enterprise,20,2026-01-01,3,53538.57,1,6507.68
2024-05-01,2024-04-01,Enterprise,21,2026-02-01,3,53538.57,1,6997.5
2024-05-01,2024-04-01,Enterprise,22,2026-03-01,3,53538.57,0,0.0
2024-05-01,2024-04-01,Mid-Market,0,2024-05-01,8,21021.98,8,21021.98
2024-05-01,2024-04-01,Mid-Market,1,2024-06-01,8,21021.98,8,22243.64
2024-05-01,2024-04-01,Mid-Market,2,2024-07-01,8,21021.98,8,22634.2
2024-05-01,2024-04-01,Mid-Market,3,2024-08-01,8,21021.98,8,22340.93
2024-05-01,2024-04-01,Mid-Market,4,2024-09-01,8,21021.98,7,19638.13
2024-05-01,2024-04-01,Mid-Market,5,2024-10-01,8,21021.98,7,20313.67
2024-05-01,2024-04-01,Mid-Market,6,2024-11-01,8,21021.98,7,19825.78
2024-05-01,2024-04-01,Mid-Market,7,2024-12-01,8,21021.98,6,14981.98
2024-05-01,2024-04-01,Mid-Market,8,2025-01-01,8,21021.98,6,14981.98
2024-05-01,2024-04-01,Mid-Market,9,2025-02-01,8,21021.98,6,14981.98
2024-05-01,2024-04-01,Mid-Market,10,2025-03-01,8,21021.98,6,13881.32
2024-05-01,2024-04-01,Mid-Market,11,2025-04-01,8,21021.98,6,13881.32
2024-05-01,2024-04-01,Mid-Market,12,2025-05-01,8,21021.98,5,11470.84
2024-05-01,2024-04-01,Mid-Market,13,2025-06-01,8,21021.98,5,11683.87
2024-05-01,2024-04-01,Mid-Market,14,2025-07-01,8,21021.98,5,11802.67
2024-05-01,2024-04-01,Mid-Market,15,2025-08-01,8,21021.98,5,12000.67
2024-05-01,2024-04-01,Mid-Market,16,2025-09-01,8,21021.98,5,12524.65
2024-05-01,2024-04-01,Mid-Market,17,2025-10-01,8,21021.98,5,12524.65
2024-05-01,2024-04-01,Mid-Market,18,2025-11-01,8,21021.98,5,13421.82
2024-05-01,2024-04-01,Mid-Market,19,2025-12-01,8,21021.98,4,4736.52
2024-05-01,2024-04-01,Mid-Market,20,2026-01-01,8,21021.98,4,5517.63
2024-05-01,2024-04-01,Mid-Market,21,2026-02-01,8,21021.98,4,5517.63
2024-05-01,2024-04-01,Mid-Market,22,2026-03-01,8,21021.98,4,5094.08
2024-05-01,2024-04-01,Mid-Market,23,2026-04-01,8,21021.98,4,5094.08
2024-05-01,2024-04-01,Mid-Market,24,2026-05-01,8,21021.98,3,2289.18
2024-05-01,2024-04-01,Mid-Market,25,2026-06-01,8,21021.98,3,2289.18
2024-05-01,2024-04-01,Mid-Market,26,2026-07-01,8,21021.98,3,2051.58
2024-05-01,2024-04-01,Mid-Market,27,2026-08-01,8,21021.98,3,2249.58
2024-05-01,2024-04-01,SMB,0,2024-05-01,14,7623.89,14,7623.89
2024-05-01,2024-04-01,SMB,1,2024-06-01,14,7623.89,13,6977.41
2024-05-01,2024-04-01,SMB,2,2024-07-01,14,7623.89,12,6697.51
2024-05-01,2024-04-01,SMB,3,2024-08-01,14,7623.89,12,6721.81
2024-05-01,2024-04-01,SMB,4,2024-09-01,14,7623.89,11,4117.89
2024-05-01,2024-04-01,SMB,5,2024-10-01,14,7623.89,11,4190.27
2024-05-01,2024-04-01,SMB,6,2024-11-01,14,7623.89,11,3989.16
2024-05-01,2024-04-01,SMB,7,2024-12-01,14,7623.89,10,3736.16
2024-05-01,2024-04-01,SMB,8,2025-01-01,14,7623.89,9,3721.86
2024-05-01,2024-04-01,SMB,9,2025-02-01,14,7623.89,6,2425.5
2024-05-01,2024-04-01,SMB,10,2025-03-01,14,7623.89,6,2425.5
2024-05-01,2024-04-01,SMB,11,2025-04-01,14,7623.89,6,2552.54
2024-05-01,2024-04-01,SMB,12,2025-05-01,14,7623.89,5,1923.47
2024-05-01,2024-04-01,SMB,13,2025-06-01,14,7623.89,5,2075.4
2024-05-01,2024-04-01,SMB,14,2025-07-01,14,7623.89,5,2075.4
2024-05-01,2024-04-01,SMB,15,2025-08-01,14,7623.89,6,2831.94
2024-05-01,2024-04-01,SMB,16,2025-09-01,14,7623.89,6,2831.94
2024-05-01,2024-04-01,SMB,17,2025-10-01,14,7623.89,6,2956.44
2024-05-01,2024-04-01,SMB,18,2025-11-01,14,7623.89,6,2956.44
2024-05-01,2024-04-01,SMB,19,2025-12-01,14,7623.89,5,2881.44
2024-05-01,2024-04-01,SMB,20,2026-01-01,14,7623.89,5,2906.34
2024-05-01,2024-04-01,SMB,21,2026-02-01,14,7623.89,5,2732.04
2024-05-01,2024-04-01,SMB,22,2026-03-01,14,7623.89,5,2732.04
2024-05-01,2024-04-01,SMB,23,2026-04-01,14,7623.89,5,2732.04
2024-05-01,2024-04-01,SMB,24,2026-05-01,14,7623.89,5,2477.97
2024-05-01,2024-04-01,SMB,25,2026-06-01,14,7623.89,5,2477.97
2024-05-01,2024-04-01,SMB,26,2026-07-01,14,7623.89,5,2477.97
2024-05-01,2024-04-01,SMB,27,2026-08-01,14,7623.89,5,2410.32
2024-06-01,2024-04-01,Enterprise,0,2024-06-01,5,155757.01,5,155757.01
2024-06-01,2024-04-01,Enterprise,1,2024-07-01,5,155757.01,5,154932.76
2024-06-01,2024-04-01,Enterprise,2,2024-08-01,5,155757.01,5,154932.76
2024-06-01,2024-04-01,Enterprise,3,2024-09-01,5,155757.01,5,158981.76
2024-06-01,2024-04-01,Enterprise,4,2024-10-01,5,155757.01,5,158981.76
2024-06-01,2024-04-01,Enterprise,5,2024-11-01,5,155757.01,5,160028.01
2024-06-01,2024-04-01,Enterprise,6,2024-12-01,5,155757.01,5,160028.01
2024-06-01,2024-04-01,Enterprise,7,2025-01-01,5,155757.01,5,160028.01
2024-06-01,2024-04-01,Enterprise,8,2025-02-01,5,155757.01,5,160028.01
2024-06-01,2024-04-01,Enterprise,9,2025-03-01,5,155757.01,5,160028.01
2024-06-01,2024-04-01,Enterprise,10,2025-04-01,5,155757.01,5,160028.01
2024-06-01,2024-04-01,Enterprise,11,2025-05-01,5,155757.01,5,178098.15
2024-06-01,2024-04-01,Enterprise,12,2025-06-01,5,155757.01,4,97349.58
2024-06-01,2024-04-01,Enterprise,13,2025-07-01,5,155757.01,4,97349.58
2024-06-01,2024-04-01,Enterprise,14,2025-08-01,5,155757.01,4,96652.08
2024-06-01,2024-04-01,Enterprise,15,2025-09-01,5,155757.01,4,99087.48
2024-06-01,2024-04-01,Enterprise,16,2025-10-01,5,155757.01,4,99087.48
2024-06-01,2024-04-01,Enterprise,17,2025-11-01,5,155757.01,4,99087.48
2024-06-01,2024-04-01,Enterprise,18,2025-12-01,5,155757.01,3,89496.48
2024-06-01,2024-04-01,Enterprise,19,2026-01-01,5,155757.01,3,89496.48
2024-06-01,2024-04-01,Enterprise,20,2026-02-01,5,155757.01,3,89496.48
2024-06-01,2024-04-01,Enterprise,21,2026-03-01,5,155757.01,3,89496.48
2024-06-01,2024-04-01,Enterprise,22,2026-04-01,5,155757.01,3,111694.92
2024-06-01,2024-04-01,Enterprise,23,2026-05-01,5,155757.01,3,124607.16
2024-06-01,2024-04-01,Enterprise,24,2026-06-01,5,155757.01,3,124607.16
2024-06-01,2024-04-01,Enterprise,25,2026-07-01,5,155757.01,3,124607.16
2024-06-01,2024-04-01,Enterprise,26,2026-08-01,5,155757.01,3,124607.16
2024-06-01,2024-04-01,Mid-Market,0,2024-06-01,10,38137.01,10,38137.01
2024-06-01,2024-04-01,Mid-Market,1,2024-07-01,10,38137.01,9,36106.88
2024-06-01,2024-04-01,Mid-Market,2,2024-08-01,10,38137.01,7,24010.65
2024-06-01,2024-04-01,Mid-Market,3,2024-09-01,10,38137.01,7,24519.9
2024-06-01,2024-04-01,Mid-Market,4,2024-10-01,10,38137.01,5,10665.3
2024-06-01,2024-04-01,Mid-Market,5,2024-11-01,10,38137.01,5,10225.2
2024-06-01,2024-04-01,Mid-Market,6,2024-12-01,10,38137.01,6,12349.15
2024-06-01,2024-04-01,Mid-Market,7,2025-01-01,10,38137.01,6,12349.15
2024-06-01,2024-04-01,Mid-Market,8,2025-02-01,10,38137.01,6,13631.47
2024-06-01,2024-04-01,Mid-Market,9,2025-03-01,10,38137.01,6,13984.63
2024-06-01,2024-04-01,Mid-Market,10,2025-04-01,10,38137.01,6,13984.63
2024-06-01,2024-04-01,Mid-Market,11,2025-05-01,10,38137.01,6,13984.63
2024-06-01,2024-04-01,Mid-Market,12,2025-06-01,10,38137.01,6,13715.62
2024-06-01,2024-04-01,Mid-Market,13,2025-07-01,10,38137.01,6,13029.97
2024-06-01,2024-04-01,Mid-Market,14,2025-08-01,10,38137.01,6,13029.97
2024-06-01,2024-04-01,Mid-Market,15,2025-09-01,10,38137.01,6,12607.24
2024-06-01,2024-04-01,Mid-Market,16,2025-10-01,10,38137.01,6,12475.21
2024-06-01,2024-04-01,Mid-Market,17,2025-11-01,10,38137.01,6,12475.21
2024-06-01,2024-04-01,Mid-Market,18,2025-12-01,10,38137.01,6,12475.21
2024-06-01,2024-04-01,Mid-Market,19,2026-01-01,10,38137.01,6,11203.51
2024-06-01,2024-04-01,Mid-Market,20,2026-02-01,10,38137.01,6,10441.62
2024-06-01,2024-04-01,Mid-Market,21,2026-03-01,10,38137.01,6,10695.83
2024-06-01,2024-04-01,Mid-Market,22,2026-04-01,10,38137.01,6,10784.1
2024-06-01,2024-04-01,Mid-Market,23,2026-05-01,10,38137.01,6,10916.13
2024-06-01,2024-04-01,Mid-Market,24,2026-06-01,10,38137.01,6,10916.13
2024-06-01,2024-04-01,Mid-Market,25,2026-07-01,10,38137.01,6,10916.13
2024-06-01,2024-04-01,Mid-Market,26,2026-08-01,10,38137.01,6,10916.13
2024-06-01,2024-04-01,SMB,0,2024-06-01,16,8884.81,16,8884.81
2024-06-01,2024-04-01,SMB,1,2024-07-01,16,8884.81,14,8799.86
2024-06-01,2024-04-01,SMB,2,2024-08-01,16,8884.81,13,8742.48
2024-06-01,2024-04-01,SMB,3,2024-09-01,16,8884.81,11,7094.09
2024-06-01,2024-04-01,SMB,4,2024-10-01,16,8884.81,10,7000.89
2024-06-01,2024-04-01,SMB,5,2024-11-01,16,8884.81,10,6930.54
2024-06-01,2024-04-01,SMB,6,2024-12-01,16,8884.81,8,5445.54
2024-06-01,2024-04-01,SMB,7,2025-01-01,16,8884.81,8,5534.34
2024-06-01,2024-04-01,SMB,8,2025-02-01,16,8884.81,8,5534.34
2024-06-01,2024-04-01,SMB,9,2025-03-01,16,8884.81,7,6092.89
2024-06-01,2024-04-01,SMB,10,2025-04-01,16,8884.81,7,6092.89
2024-06-01,2024-04-01,SMB,11,2025-05-01,16,8884.81,8,6695.35
2024-06-01,2024-04-01,SMB,12,2025-06-01,16,8884.81,7,6477.32
2024-06-01,2024-04-01,SMB,13,2025-07-01,16,8884.81,7,6477.32
2024-06-01,2024-04-01,SMB,14,2025-08-01,16,8884.81,7,6477.32
2024-06-01,2024-04-01,SMB,15,2025-09-01,16,8884.81,6,3888.69
2024-06-01,2024-04-01,SMB,16,2025-10-01,16,8884.81,6,3844.29
2024-06-01,2024-04-01,SMB,17,2025-11-01,16,8884.81,6,3976.32
2024-06-01,2024-04-01,SMB,18,2025-12-01,16,8884.81,6,3595.62
2024-06-01,2024-04-01,SMB,19,2026-01-01,16,8884.81,6,3815.67
2024-06-01,2024-04-01,SMB,20,2026-02-01,16,8884.81,6,3815.67
2024-06-01,2024-04-01,SMB,21,2026-03-01,16,8884.81,6,3726.87
2024-06-01,2024-04-01,SMB,22,2026-04-01,16,8884.81,6,4041.87
2024-06-01,2024-04-01,SMB,23,2026-05-01,16,8884.81,6,4393.95
2024-06-01,2024-04-01,SMB,24,2026-06-01,16,8884.81,5,3178.95
2024-06-01,2024-04-01,SMB,25,2026-07-01,16,8884.81,5,3245.55
2024-06-01,2024-04-01,SMB,26,2026-08-01,16,8884.81,5,3200.3
2024-07-01,2024-07-01,Enterprise,0,2024-07-01,4,81112.86,4,81112.86
2024-07-01,2024-07-01,Enterprise,1,2024-08-01,4,81112.86,4,88905.66
2024-07-01,2024-07-01,Enterprise,2,2024-09-01,4,81112.86,4,89479.41
2024-07-01,2024-07-01,Enterprise,3,2024-10-01,4,81112.86,4,93016.41
2024-07-01,2024-07-01,Enterprise,4,2024-11-01,4,81112.86,4,87063.45
2024-07-01,2024-07-01,Enterprise,5,2024-12-01,4,81112.86,4,90007.35
2024-07-01,2024-07-01,Enterprise,6,2025-01-01,4,81112.86,4,85022.25
2024-07-01,2024-07-01,Enterprise,7,2025-02-01,4,81112.86,4,85022.25
2024-07-01,2024-07-01,Enterprise,8,2025-03-01,4,81112.86,4,85022.25
2024-07-01,2024-07-01,Enterprise,9,2025-04-01,4,81112.86,4,85022.25
2024-07-01,2024-07-01,Enterprise,10,2025-05-01,4,81112.86,4,86743.5
2024-07-01,2024-07-01,Enterprise,11,2025-06-01,4,81112.86,4,97138.5
2024-07-01,2024-07-01,Enterprise,12,2025-07-01,4,81112.86,4,113984.67
2024-07-01,2024-07-01,Enterprise,13,2025-08-01,4,81112.86,4,113984.67
2024-07-01,2024-07-01,Enterprise,14,2025-09-01,4,81112.86,4,113984.67
2024-07-01,2024-07-01,Enterprise,15,2025-10-01,4,81112.86,4,113984.67
2024-07-01,2024-07-01,Enterprise,16,2025-11-01,4,81112.86,4,113984.67
2024-07-01,2024-07-01,Enterprise,17,2025-12-01,4,81112.86,4,113984.67
2024-07-01,2024-07-01,Enterprise,18,2026-01-01,4,81112.86,4,113984.67
2024-07-01,2024-07-01,Enterprise,19,2026-02-01,4,81112.86,4,113984.67
2024-07-01,2024-07-01,Enterprise,20,2026-03-01,4,81112.86,4,127399.17
2024-07-01,2024-07-01,Enterprise,21,2026-04-01,4,81112.86,4,150382.68
2024-07-01,2024-07-01,Enterprise,22,2026-05-01,4,81112.86,4,162025.08
2024-07-01,2024-07-01,Enterprise,23,2026-06-01,4,81112.86,4,162025.08
2024-07-01,2024-07-01,Enterprise,24,2026-07-01,4,81112.86,4,165318.78
2024-07-01,2024-07-01,Enterprise,25,2026-08-01,4,81112.86,4,165318.78
2024-07-01,2024-07-01,Mid-Market,0,2024-07-01,4,11212.35,4,11212.35
2024-07-01,2024-07-01,Mid-Market,1,2024-08-01,4,11212.35,4,11212.35
2024-07-01,2024-07-01,Mid-Market,2,2024-09-01,4,11212.35,4,11626.8
2024-07-01,2024-07-01,Mid-Market,3,2024-10-01,4,11212.35,4,11626.8
2024-07-01,2024-07-01,Mid-Market,4,2024-11-01,4,11212.35,4,11129.46
2024-07-01,2024-07-01,Mid-Market,5,2024-12-01,4,11212.35,3,6925.86
2024-07-01,2024-07-01,Mid-Market,6,2025-01-01,4,11212.35,3,6925.86
2024-07-01,2024-07-01,Mid-Market,7,2025-02-01,4,11212.35,3,6265.62
2024-07-01,2024-07-01,Mid-Market,8,2025-03-01,4,11212.35,3,6265.62
2024-07-01,2024-07-01,Mid-Market,9,2025-04-01,4,11212.35,3,6265.62
2024-07-01,2024-07-01,Mid-Market,10,2025-05-01,4,11212.35,3,6265.62
2024-07-01,2024-07-01,Mid-Market,11,2025-06-01,4,11212.35,3,6265.62
2024-07-01,2024-07-01,Mid-Market,12,2025-07-01,4,11212.35,3,6265.62
2024-07-01,2024-07-01,Mid-Market,13,2025-08-01,4,11212.35,3,6265.62
2024-07-01,2024-07-01,Mid-Market,14,2025-09-01,4,11212.35,3,6265.62
2024-07-01,2024-07-01,Mid-Market,15,2025-10-01,4,11212.35,3,6265.62
2024-07-01,2024-07-01,Mid-Market,16,2025-11-01,4,11212.35,3,7075.84
2024-07-01,2024-07-01,Mid-Market,17,2025-12-01,4,11212.35,3,7075.84
2024-07-01,2024-07-01,Mid-Market,18,2026-01-01,4,11212.35,3,7075.84
2024-07-01,2024-07-01,Mid-Market,19,2026-02-01,4,11212.35,3,7075.84
2024-07-01,2024-07-01,Mid-Market,20,2026-03-01,4,11212.35,3,7075.84
2024-07-01,2024-07-01,Mid-Market,21,2026-04-01,4,11212.35,3,7075.84
2024-07-01,2024-07-01,Mid-Market,22,2026-05-01,4,11212.35,2,6250.54
2024-07-01,2024-07-01,Mid-Market,23,2026-06-01,4,11212.35,2,6250.54
2024-07-01,2024-07-01,Mid-Market,24,2026-07-01,4,11212.35,2,4380.8
2024-07-01,2024-07-01,Mid-Market,25,2026-08-01,4,11212.35,2,4215.02
2024-07-01,2024-07-01,SMB,0,2024-07-01,19,7637.46,19,7637.46
2024-07-01,2024-07-01,SMB,1,2024-08-01,19,7637.46,18,7489.41
2024-07-01,2024-07-01,SMB,2,2024-09-01,19,7637.46,18,7489.41
2024-07-01,2024-07-01,SMB,3,2024-10-01,19,7637.46,16,7389.16
2024-07-01,2024-07-01,SMB,4,2024-11-01,19,7637.46,14,5934.16
2024-07-01,2024-07-01,SMB,5,2024-12-01,19,7637.46,14,5934.16
2024-07-01,2024-07-01,SMB,6,2025-01-01,19,7637.46,13,5116.64
2024-07-01,2024-07-01,SMB,7,2025-02-01,19,7637.46,13,5241.64
2024-07-01,2024-07-01,SMB,8,2025-03-01,19,7637.46,13,5428.84
2024-07-01,2024-07-01,SMB,9,2025-04-01,19,7637.46,12,4517.23
2024-07-01,2024-07-01,SMB,10,2025-05-01,19,7637.46,13,4826.43
2024-07-01,2024-07-01,SMB,11,2025-06-01,19,7637.46,13,4850.58
2024-07-01,2024-07-01,SMB,12,2025-07-01,19,7637.46,12,5041.28
2024-07-01,2024-07-01,SMB,13,2025-08-01,19,7637.46,12,5041.28
2024-07-01,2024-07-01,SMB,14,2025-09-01,19,7637.46,11,4365.92
2024-07-01,2024-07-01,SMB,15,2025-10-01,19,7637.46,11,4365.92
2024-07-01,2024-07-01,SMB,16,2025-11-01,19,7637.46,11,4390.07
2024-07-01,2024-07-01,SMB,17,2025-12-01,19,7637.46,11,4390.07
2024-07-01,2024-07-01,SMB,18,2026-01-01,19,7637.46,11,4324.12
2024-07-01,2024-07-01,SMB,19,2026-02-01,19,7637.46,11,4196.32
2024-07-01,2024-07-01,SMB,20,2026-03-01,19,7637.46,11,4269.52
2024-07-01,2024-07-01,SMB,21,2026-04-01,19,7637.46,11,4269.52
2024-07-01,2024-07-01,SMB,22,2026-05-01,19,7637.46,11,4343.22
2024-07-01,2024-07-01,SMB,23,2026-06-01,19,7637.46,11,4996.62
2024-07-01,2024-07-01,SMB,24,2026-07-01,19,7637.46,11,5125.15
2024-07-01,2024-07-01,SMB,25,2026-08-01,19,7637.46,11,5125.15
2024-08-01,2024-07-01,Enterprise,0,2024-08-01,5,171339.3,5,171339.3
2024-08-01,2024-07-01,Enterprise,1,2024-09-01,5,171339.3,5,171339.3
2024-08-01,2024-07-01,Enterprise,2,2024-10-01,5,171339.3,5,175085.46
2024-08-01,2024-07-01,Enterprise,3,2024-11-01,5,171339.3,5,173235.59
2024-08-01,2024-07-01,Enterprise,4,2024-12-01,5,171339.3,5,173235.59
2024-08-01,2024-07-01,Enterprise,5,2025-01-01,5,171339.3,5,173235.59
2024-08-01,2024-07-01,Enterprise,6,2025-02-01,5,171339.3,5,173235.59
2024-08-01,2024-07-01,Enterprise,7,2025-03-01,5,171339.3,5,173235.59
2024-08-01,2024-07-01,Enterprise,8,2025-04-01,5,171339.3,5,173235.59
2024-08-01,2024-07-01,Enterprise,9,2025-05-01,5,171339.3,5,175874.93
2024-08-01,2024-07-01,Enterprise,10,2025-06-01,5,171339.3,5,183786.13
2024-08-01,2024-07-01,Enterprise,11,2025-07-01,5,171339.3,5,183786.13
2024-08-01,2024-07-01,Enterprise,12,2025-08-01,5,171339.3,5,179103.43
2024-08-01,2024-07-01,Enterprise,13,2025-09-01,5,171339.3,5,205274.96
2024-08-01,2024-07-01,Enterprise,14,2025-10-01,5,171339.3,5,182431.37
2024-08-01,2024-07-01,Enterprise,15,2025-11-01,5,171339.3,5,183967.85
2024-08-01,2024-07-01,Enterprise,16,2025-12-01,5,171339.3,4,149257.46
2024-08-01,2024-07-01,Enterprise,17,2026-01-01,5,171339.3,4,149257.46
2024-08-01,2024-07-01,Enterprise,18,2026-02-01,5,171339.3,4,149257.46
2024-08-01,2024-07-01,Enterprise,19,2026-03-01,5,171339.3,4,149257.46
2024-08-01,2024-07-01,Enterprise,20,2026-04-01,5,171339.3,4,149257.46
2024-08-01,2024-07-01,Enterprise,21,2026-05-01,5,171339.3,4,149257.46
2024-08-01,2024-07-01,Enterprise,22,2026-06-01,5,171339.3,4,152811.34
2024-08-01,2024-07-01,Enterprise,23,2026-07-01,5,171339.3,4,152811.34
2024-08-01,2024-07-01,Enterprise,24,2026-08-01,5,171339.3,4,163896.92
2024-08-01,2024-07-01,Mid-Market,0,2024-08-01,5,11710.18,5,11710.18
2024-08-01,2024-07-01,Mid-Market,1,2024-09-01,5,11710.18,3,2714.45
2024-08-01,2024-07-01,Mid-Market,2,2024-10-01,5,11710.18,2,1519.07
2024-08-01,2024-07-01,Mid-Market,3,2024-11-01,5,11710.18,2,1519.07
2024-08-01,2024-07-01,Mid-Market,4,2024-12-01,5,11710.18,2,1519.07
2024-08-01,2024-07-01,Mid-Market,5,2025-01-01,5,11710.18,2,1519.07
2024-08-01,2024-07-01,Mid-Market,6,2025-02-01,5,11710.18,2,1519.07
2024-08-01,2024-07-01,Mid-Market,7,2025-03-01,5,11710.18,2,1681.43
2024-08-01,2024-07-01,Mid-Market,8,2025-04-01,5,11710.18,2,1681.43
2024-08-01,2024-07-01,Mid-Market,9,2025-05-01,5,11710.18,2,1681.43
2024-08-01,2024-07-01,Mid-Market,10,2025-06-01,5,11710.18,2,1681.43
2024-08-01,2024-07-01,Mid-Market,11,2025-07-01,5,11710.18,2,1681.43
2024-08-01,2024-07-01,Mid-Market,12,2025-08-01,5,11710.18,2,1681.43
2024-08-01,2024-07-01,Mid-Market,13,2025-09-01,5,11710.18,2,1681.43
2024-08-01,2024-07-01,Mid-Market,14,2025-10-01,5,11710.18,2,1681.43
2024-08-01,2024-07-01,Mid-Market,15,2025-11-01,5,11710.18,2,1681.43
2024-08-01,2024-07-01,Mid-Market,16,2025-12-01,5,11710.18,2,1933.74
2024-08-01,2024-07-01,Mid-Market,17,2026-01-01,5,11710.18,2,1933.74
2024-08-01,2024-07-01,Mid-Market,18,2026-02-01,5,11710.18,2,1933.74
2024-08-01,2024-07-01,Mid-Market,19,2026-03-01,5,11710.18,2,1573.29
2024-08-01,2024-07-01,Mid-Market,20,2026-04-01,5,11710.18,2,1897.69
2024-08-01,2024-07-01,Mid-Market,21,2026-05-01,5,11710.18,2,1897.69
2024-08-01,2024-07-01,Mid-Market,22,2026-06-01,5,11710.18,2,1897.69
2024-08-01,2024-07-01,Mid-Market,23,2026-07-01,5,11710.18,2,1897.69
2024-08-01,2024-07-01,Mid-Market,24,2026-08-01,5,11710.18,2,1897.69
2024-08-01,2024-07-01,SMB,0,2024-08-01,12,8797.41,12,8797.41
2024-08-01,2024-07-01,SMB,1,2024-09-01,12,8797.41,11,7912.03
2024-08-01,2024-07-01,SMB,2,2024-10-01,12,8797.41,9,6041.69
2024-08-01,2024-07-01,SMB,3,2024-11-01,12,8797.41,9,6041.69
2024-08-01,2024-07-01,SMB,4,2024-12-01,12,8797.41,9,6041.69
2024-08-01,2024-07-01,SMB,5,2025-01-01,12,8797.41,9,6041.69
2024-08-01,2024-07-01,SMB,6,2025-02-01,12,8797.41,10,7055.07
2024-08-01,2024-07-01,SMB,7,2025-03-01,12,8797.41,9,6502.56
2024-08-01,2024-07-01,SMB,8,2025-04-01,12,8797.41,9,6502.56
2024-08-01,2024-07-01,SMB,9,2025-05-01,12,8797.41,9,6318.19
2024-08-01,2024-07-01,SMB,10,2025-06-01,12,8797.41,9,7203.19
2024-08-01,2024-07-01,SMB,11,2025-07-01,12,8797.41,8,6853.19
2024-08-01,2024-07-01,SMB,12,2025-08-01,12,8797.41,7,6372.85
2024-08-01,2024-07-01,SMB,13,2025-09-01,12,8797.41,6,3793.33
2024-08-01,2024-07-01,SMB,14,2025-10-01,12,8797.41,5,3501.1
2024-08-01,2024-07-01,SMB,15,2025-11-01,12,8797.41,4,3742.25
2024-08-01,2024-07-01,SMB,16,2025-12-01,12,8797.41,4,3742.25
2024-08-01,2024-07-01,SMB,17,2026-01-01,12,8797.41,4,4075.25
2024-08-01,2024-07-01,SMB,18,2026-02-01,12,8797.41,5,4145.0
2024-08-01,2024-07-01,SMB,19,2026-03-01,12,8797.41,5,4251.0
2024-08-01,2024-07-01,SMB,20,2026-04-01,12,8797.41,5,4251.0
2024-08-01,2024-07-01,SMB,21,2026-05-01,12,8797.41,5,4650.73
2024-08-01,2024-07-01,SMB,22,2026-06-01,12,8797.41,5,4650.73
2024-08-01,2024-07-01,SMB,23,2026-07-01,12,8797.41,4,4580.98
2024-08-01,2024-07-01,SMB,24,2026-08-01,12,8797.41,3,4536.63
2024-09-01,2024-07-01,Enterprise,0,2024-09-01,5,55549.26,5,55549.26
2024-09-01,2024-07-01,Enterprise,1,2024-10-01,5,55549.26,5,62879.67
2024-09-01,2024-07-01,Enterprise,2,2024-11-01,5,55549.26,5,62879.67
2024-09-01,2024-07-01,Enterprise,3,2024-12-01,5,55549.26,5,62879.67
2024-09-01,2024-07-01,Enterprise,4,2025-01-01,5,55549.26,5,62879.67
2024-09-01,2024-07-01,Enterprise,5,2025-02-01,5,55549.26,5,63954.27
2024-09-01,2024-07-01,Enterprise,6,2025-03-01,5,55549.26,5,63954.27
2024-09-01,2024-07-01,Enterprise,7,2025-04-01,5,55549.26,5,64861.47
2024-09-01,2024-07-01,Enterprise,8,2025-05-01,5,55549.26,5,64861.47
2024-09-01,2024-07-01,Enterprise,9,2025-06-01,5,55549.26,5,66891.27
2024-09-01,2024-07-01,Enterprise,10,2025-07-01,5,55549.26,5,66002.97
2024-09-01,2024-07-01,Enterprise,11,2025-08-01,5,55549.26,5,66424.17
2024-09-01,2024-07-01,Enterprise,12,2025-09-01,5,55549.26,5,66424.17
2024-09-01,2024-07-01,Enterprise,13,2025-10-01,5,55549.26,5,66424.17
2024-09-01,2024-07-01,Enterprise,14,2025-11-01,5,55549.26,5,68453.97
2024-09-01,2024-07-01,Enterprise,15,2025-12-01,5,55549.26,5,82815.9
2024-09-01,2024-07-01,Enterprise,16,2026-01-01,5,55549.26,5,82815.9
2024-09-01,2024-07-01,Enterprise,17,2026-02-01,5,55549.26,5,84290.1
2024-09-01,2024-07-01,Enterprise,18,2026-03-01,5,55549.26,5,84290.1
2024-09-01,2024-07-01,Enterprise,19,2026-04-01,5,55549.26,5,84290.1
2024-09-01,2024-07-01,Enterprise,20,2026-05-01,5,55549.26,5,83212.8
2024-09-01,2024-07-01,Enterprise,21,2026-06-01,5,55549.26,5,83212.8
2024-09-01,2024-07-01,Enterprise,22,2026-07-01,5,55549.26,5,84176.7
2024-09-01,2024-07-01,Enterprise,23,2026-08-01,5,55549.26,5,69486.81
2024-09-01,2024-07-01,Mid-Market,0,2024-09-01,9,23604.06,9,23604.06
2024-09-01,2024-07-01,Mid-Market,1,2024-10-01,9,23604.06,9,23751.3
2024-09-01,2024-07-01,Mid-Market,2,2024-11-01,9,23604.06,9,24106.35
2024-09-01,2024-07-01,Mid-Market,3,2024-12-01,9,23604.06,9,27073.71
2024-09-01,2024-07-01,Mid-Market,4,2025-01-01,9,23604.06,8,27150.47
2024-09-01,2024-07-01,Mid-Market,5,2025-02-01,9,23604.06,8,27150.47
2024-09-01,2024-07-01,Mid-Market,6,2025-03-01,9,23604.06,7,24207.69
2024-09-01,2024-07-01,Mid-Market,7,2025-04-01,9,23604.06,7,22286.43
2024-09-01,2024-07-01,Mid-Market,8,2025-05-01,9,23604.06,7,22070.21
2024-09-01,2024-07-01,Mid-Market,9,2025-06-01,9,23604.06,7,18287.81
2024-09-01,2024-07-01,Mid-Market,10,2025-07-01,9,23604.06,7,18287.81
2024-09-01,2024-07-01,Mid-Market,11,2025-08-01,9,23604.06,8,21742.24
2024-09-01,2024-07-01,Mid-Market,12,2025-09-01,9,23604.06,7,16471.89
2024-09-01,2024-07-01,Mid-Market,13,2025-10-01,9,23604.06,6,16547.27
2024-09-01,2024-07-01,Mid-Market,14,2025-11-01,9,23604.06,6,17224.15
2024-09-01,2024-07-01,Mid-Market,15,2025-12-01,9,23604.06,6,17224.15
2024-09-01,2024-07-01,Mid-Market,16,2026-01-01,9,23604.06,6,17720.8
2024-09-01,2024-07-01,Mid-Market,17,2026-02-01,9,23604.06,6,18078.93
2024-09-01,2024-07-01,Mid-Market,18,2026-03-01,9,23604.06,5,13873.6
2024-09-01,2024-07-01,Mid-Market,19,2026-04-01,9,23604.06,5,13873.6
2024-09-01,2024-07-01,Mid-Market,20,2026-05-01,9,23604.06,5,13873.6
2024-09-01,2024-07-01,Mid-Market,21,2026-06-01,9,23604.06,5,12942.14
2024-09-01,2024-07-01,Mid-Market,22,2026-07-01,9,23604.06,5,12942.14
2024-09-01,2024-07-01,Mid-Market,23,2026-08-01,9,23604.06,5,12942.14
2024-09-01,2024-07-01,SMB,0,2024-09-01,23,8958.97,23,8958.97
2024-09-01,2024-07-01,SMB,1,2024-10-01,23,8958.97,19,7114.9
2024-09-01,2024-07-01,SMB,2,2024-11-01,23,8958.97,17,6975.53
2024-09-01,2024-07-01,SMB,3,2024-12-01,23,8958.97,17,6975.53
2024-09-01,2024-07-01,SMB,4,2025-01-01,23,8958.97,16,7171.6
2024-09-01,2024-07-01,SMB,5,2025-02-01,23,8958.97,14,5238.04
2024-09-01,2024-07-01,SMB,6,2025-03-01,23,8958.97,13,4655.96
2024-09-01,2024-07-01,SMB,7,2025-04-01,23,8958.97,13,4655.96
2024-09-01,2024-07-01,SMB,8,2025-05-01,23,8958.97,13,4634.41
2024-09-01,2024-07-01,SMB,9,2025-06-01,23,8958.97,13,5007.41
2024-09-01,2024-07-01,SMB,10,2025-07-01,23,8958.97,13,5057.41
2024-09-01,2024-07-01,SMB,11,2025-08-01,23,8958.97,13,5009.51
2024-09-01,2024-07-01,SMB,12,2025-09-01,23,8958.97,13,5009.51
2024-09-01,2024-07-01,SMB,13,2025-10-01,23,8958.97,13,5009.51
2024-09-01,2024-07-01,SMB,14,2025-11-01,23,8958.97,13,4934.51
2024-09-01,2024-07-01,SMB,15,2025-12-01,23,8958.97,11,4007.24
2024-09-01,2024-07-01,SMB,16,2026-01-01,23,8958.97,10,3937.41
2024-09-01,2024-07-01,SMB,17,2026-02-01,23,8958.97,10,3635.06
2024-09-01,2024-07-01,SMB,18,2026-03-01,23,8958.97,9,2222.73
2024-09-01,2024-07-01,SMB,19,2026-04-01,23,8958.97,9,2222.73
2024-09-01,2024-07-01,SMB,20,2026-05-01,23,8958.97,9,2245.6
2024-09-01,2024-07-01,SMB,21,2026-06-01,23,8958.97,8,2126.98
2024-09-01,2024-07-01,SMB,22,2026-07-01,23,8958.97,8,2126.98
2024-09-01,2024-07-01,SMB,23,2026-08-01,23,8958.97,8,2396.36
2024-10-01,2024-10-01,Enterprise,0,2024-10-01,4,122446.74,4,122446.74
2024-10-01,2024-10-01,Enterprise,1,2024-11-01,4,122446.74,4,122693.94
2024-10-01,2024-10-01,Enterprise,2,2024-12-01,4,122446.74,4,122693.94
2024-10-01,2024-10-01,Enterprise,3,2025-01-01,4,122446.74,4,122693.94
2024-10-01,2024-10-01,Enterprise,4,2025-02-01,4,122446.74,4,122693.94
2024-10-01,2024-10-01,Enterprise,5,2025-03-01,4,122446.74,4,122693.94
2024-10-01,2024-10-01,Enterprise,6,2025-04-01,4,122446.74,4,122693.94
2024-10-01,2024-10-01,Enterprise,7,2025-05-01,4,122446.74,4,122693.94
2024-10-01,2024-10-01,Enterprise,8,2025-06-01,4,122446.74,4,122693.94
2024-10-01,2024-10-01,Enterprise,9,2025-07-01,4,122446.74,4,122693.94
2024-10-01,2024-10-01,Enterprise,10,2025-08-01,4,122446.74,4,102151.44
2024-10-01,2024-10-01,Enterprise,11,2025-09-01,4,122446.74,4,107737.9
2024-10-01,2024-10-01,Enterprise,12,2025-10-01,4,122446.74,4,107737.9
2024-10-01,2024-10-01,Enterprise,13,2025-11-01,4,122446.74,3,54966.5
2024-10-01,2024-10-01,Enterprise,14,2025-12-01,4,122446.74,3,54966.5
2024-10-01,2024-10-01,Enterprise,15,2026-01-01,4,122446.74,3,62220.56
2024-10-01,2024-10-01,Enterprise,16,2026-02-01,4,122446.74,3,73565.52
2024-10-01,2024-10-01,Enterprise,17,2026-03-01,4,122446.74,3,73565.52
2024-10-01,2024-10-01,Enterprise,18,2026-04-01,4,122446.74,3,73565.52
2024-10-01,2024-10-01,Enterprise,19,2026-05-01,4,122446.74,3,73565.52
2024-10-01,2024-10-01,Enterprise,20,2026-06-01,4,122446.74,3,73565.52
2024-10-01,2024-10-01,Enterprise,21,2026-07-01,4,122446.74,3,73565.52
2024-10-01,2024-10-01,Enterprise,22,2026-08-01,4,122446.74,3,73565.52
2024-10-01,2024-10-01,Mid-Market,0,2024-10-01,7,32763.61,7,32763.61
2024-10-01,2024-10-01,Mid-Market,1,2024-11-01,7,32763.61,7,33767.41
2024-10-01,2024-10-01,Mid-Market,2,2024-12-01,7,32763.61,5,23554.16
2024-10-01,2024-10-01,Mid-Market,3,2025-01-01,7,32763.61,5,23554.16
2024-10-01,2024-10-01,Mid-Market,4,2025-02-01,7,32763.61,5,23554.16
2024-10-01,2024-10-01,Mid-Market,5,2025-03-01,7,32763.61,5,23554.16
2024-10-01,2024-10-01,Mid-Market,6,2025-04-01,7,32763.61,5,23554.16
2024-10-01,2024-10-01,Mid-Market,7,2025-05-01,7,32763.61,5,23554.16
2024-10-01,2024-10-01,Mid-Market,8,2025-06-01,7,32763.61,5,23554.16
2024-10-01,2024-10-01,Mid-Market,9,2025-07-01,7,32763.61,5,25047.26
2024-10-01,2024-10-01,Mid-Market,10,2025-08-01,7,32763.61,5,26424.48
2024-10-01,2024-10-01,Mid-Market,11,2025-09-01,7,32763.61,5,26424.48
2024-10-01,2024-10-01,Mid-Market,12,2025-10-01,7,32763.61,5,26424.48
2024-10-01,2024-10-01,Mid-Market,13,2025-11-01,7,32763.61,5,26120.82
2024-10-01,2024-10-01,Mid-Market,14,2025-12-01,7,32763.61,4,26576.55
2024-10-01,2024-10-01,Mid-Market,15,2026-01-01,7,32763.61,4,26576.55
2024-10-01,2024-10-01,Mid-Market,16,2026-02-01,7,32763.61,4,26576.55
2024-10-01,2024-10-01,Mid-Market,17,2026-03-01,7,32763.61,4,26576.55
2024-10-01,2024-10-01,Mid-Market,18,2026-04-01,7,32763.61,3,16697.85
2024-10-01,2024-10-01,Mid-Market,19,2026-05-01,7,32763.61,3,20044.73
2024-10-01,2024-10-01,Mid-Market,20,2026-06-01,7,32763.61,3,20044.73
2024-10-01,2024-10-01,Mid-Market,21,2026-07-01,7,32763.61,3,20044.73
2024-10-01,2024-10-01,Mid-Market,22,2026-08-01,7,32763.61,3,20044.73
2024-10-01,2024-10-01,SMB,0,2024-10-01,18,7816.44,18,7816.44
2024-10-01,2024-10-01,SMB,1,2024-11-01,18,7816.44,17,7186.44
2024-10-01,2024-10-01,SMB,2,2024-12-01,18,7816.44,15,6575.5
2024-10-01,2024-10-01,SMB,3,2025-01-01,18,7816.44,13,5987.29
2024-10-01,2024-10-01,SMB,4,2025-02-01,18,7816.44,13,6048.49
2024-10-01,2024-10-01,SMB,5,2025-03-01,18,7816.44,12,6554.29
2024-10-01,2024-10-01,SMB,6,2025-04-01,18,7816.44,11,6507.49
2024-10-01,2024-10-01,SMB,7,2025-05-01,18,7816.44,10,3782.49
2024-10-01,2024-10-01,SMB,8,2025-06-01,18,7816.44,10,3782.49
2024-10-01,2024-10-01,SMB,9,2025-07-01,18,7816.44,10,3782.49
2024-10-01,2024-10-01,SMB,10,2025-08-01,18,7816.44,9,3684.59
2024-10-01,2024-10-01,SMB,11,2025-09-01,18,7816.44,7,4002.61
2024-10-01,2024-10-01,SMB,12,2025-10-01,18,7816.44,6,3756.36
2024-10-01,2024-10-01,SMB,13,2025-11-01,18,7816.44,6,3756.36
2024-10-01,2024-10-01,SMB,14,2025-12-01,18,7816.44,6,3756.36
2024-10-01,2024-10-01,SMB,15,2026-01-01,18,7816.44,6,3799.99
2024-10-01,2024-10-01,SMB,16,2026-02-01,18,7816.44,6,3979.99
2024-10-01,2024-10-01,SMB,17,2026-03-01,18,7816.44,6,4294.99
2024-10-01,2024-10-01,SMB,18,2026-04-01,18,7816.44,5,3259.99
2024-10-01,2024-10-01,SMB,19,2026-05-01,18,7816.44,5,3349.99
2024-10-01,2024-10-01,SMB,20,2026-06-01,18,7816.44,5,3349.99
2024-10-01,2024-10-01,SMB,21,2026-07-01,18,7816.44,4,3274.99
2024-10-01,2024-10-01,SMB,22,2026-08-01,18,7816.44,4,3935.82
2024-11-01,2024-10-01,Enterprise,0,2024-11-01,6,133310.03,6,133310.03
2024-11-01,2024-10-01,Enterprise,1,2024-12-01,6,133310.03,5,50681.88
2024-11-01,2024-10-01,Enterprise,2,2025-01-01,6,133310.03,5,50681.88
2024-11-01,2024-10-01,Enterprise,3,2025-02-01,6,133310.03,5,50681.88
2024-11-01,2024-10-01,Enterprise,4,2025-03-01,6,133310.03,5,50681.88
2024-11-01,2024-10-01,Enterprise,5,2025-04-01,6,133310.03,5,51161.22
2024-11-01,2024-10-01,Enterprise,6,2025-05-01,6,133310.03,5,57822.24
2024-11-01,2024-10-01,Enterprise,7,2025-06-01,6,133310.03,5,57822.24
2024-11-01,2024-10-01,Enterprise,8,2025-07-01,6,133310.03,5,64389.24
2024-11-01,2024-10-01,Enterprise,9,2025-08-01,6,133310.03,5,67545.09
2024-11-01,2024-10-01,Enterprise,10,2025-09-01,6,133310.03,5,67545.09
2024-11-01,2024-10-01,Enterprise,11,2025-10-01,6,133310.03,5,67545.09
2024-11-01,2024-10-01,Enterprise,12,2025-11-01,6,133310.03,5,67545.09
2024-11-01,2024-10-01,Enterprise,13,2025-12-01,6,133310.03,5,67545.09
2024-11-01,2024-10-01,Enterprise,14,2026-01-01,6,133310.03,5,68769.09
2024-11-01,2024-10-01,Enterprise,15,2026-02-01,6,133310.03,5,69936.09
2024-11-01,2024-10-01,Enterprise,16,2026-03-01,6,133310.03,5,69936.09
2024-11-01,2024-10-01,Enterprise,17,2026-04-01,6,133310.03,5,67426.89
2024-11-01,2024-10-01,Enterprise,18,2026-05-01,6,133310.03,5,66119.34
2024-11-01,2024-10-01,Enterprise,19,2026-06-01,6,133310.03,5,66119.34
2024-11-01,2024-10-01,Enterprise,20,2026-07-01,6,133310.03,5,66119.34
2024-11-01,2024-10-01,Enterprise,21,2026-08-01,6,133310.03,5,67894.14
2024-11-01,2024-10-01,Mid-Market,0,2024-11-01,6,24715.73,6,24715.73
2024-11-01,2024-10-01,Mid-Market,1,2024-12-01,6,24715.73,6,25319.09
2024-11-01,2024-10-01,Mid-Market,2,2025-01-01,6,24715.73,6,23796.59
2024-11-01,2024-10-01,Mid-Market,3,2025-02-01,6,24715.73,6,24710.09
2024-11-01,2024-10-01,Mid-Market,4,2025-03-01,6,24715.73,6,24710.09
2024-11-01,2024-10-01,Mid-Market,5,2025-04-01,6,24715.73,6,22635.14
2024-11-01,2024-10-01,Mid-Market,6,2025-05-01,6,24715.73,5,21628.08
2024-11-01,2024-10-01,Mid-Market,7,2025-06-01,6,24715.73,5,21838.23
2024-11-01,2024-10-01,Mid-Market,8,2025-07-01,6,24715.73,5,22667.85
2024-11-01,2024-10-01,Mid-Market,9,2025-08-01,6,24715.73,5,23669.55
2024-11-01,2024-10-01,Mid-Market,10,2025-09-01,6,24715.73,5,21737.7
2024-11-01,2024-10-01,Mid-Market,11,2025-10-01,6,24715.73,5,21737.7
2024-11-01,2024-10-01,Mid-Market,12,2025-11-01,6,24715.73,4,18645.48
2024-11-01,2024-10-01,Mid-Market,13,2025-12-01,6,24715.73,4,18645.48
2024-11-01,2024-10-01,Mid-Market,14,2026-01-01,6,24715.73,4,18645.48
2024-11-01,2024-10-01,Mid-Market,15,2026-02-01,6,24715.73,4,19149.48
2024-11-01,2024-10-01,Mid-Market,16,2026-03-01,6,24715.73,4,19149.48
2024-11-01,2024-10-01,Mid-Market,17,2026-04-01,6,24715.73,4,22452.18
2024-11-01,2024-10-01,Mid-Market,18,2026-05-01,6,24715.73,4,25801.68
2024-11-01,2024-10-01,Mid-Market,19,2026-06-01,6,24715.73,4,25801.68
2024-11-01,2024-10-01,Mid-Market,20,2026-07-01,6,24715.73,4,26836.98
2024-11-01,2024-10-01,Mid-Market,21,2026-08-01,6,24715.73,4,26836.98
2024-11-01,2024-10-01,SMB,0,2024-11-01,18,16073.56,18,16073.56
2024-11-01,2024-10-01,SMB,1,2024-12-01,18,16073.56,14,11148.29
2024-11-01,2024-10-01,SMB,2,2025-01-01,18,16073.56,14,11232.62
2024-11-01,2024-10-01,SMB,3,2025-02-01,18,16073.56,14,11232.62
2024-11-01,2024-10-01,SMB,4,2025-03-01,18,16073.56,11,7656.49
2024-11-01,2024-10-01,SMB,5,2025-04-01,18,16073.56,11,7568.74
2024-11-01,2024-10-01,SMB,6,2025-05-01,18,16073.56,11,7568.42
2024-11-01,2024-10-01,SMB,7,2025-06-01,18,16073.56,10,7041.92
2024-11-01,2024-10-01,SMB,8,2025-07-01,18,16073.56,9,6511.64
2024-11-01,2024-10-01,SMB,9,2025-08-01,18,16073.56,9,6511.64
2024-11-01,2024-10-01,SMB,10,2025-09-01,18,16073.56,9,6511.64
2024-11-01,2024-10-01,SMB,11,2025-10-01,18,16073.56,8,6605.09
2024-11-01,2024-10-01,SMB,12,2025-11-01,18,16073.56,7,6530.31
2024-11-01,2024-10-01,SMB,13,2025-12-01,18,16073.56,7,6479.46
2024-11-01,2024-10-01,SMB,14,2026-01-01,18,16073.56,7,6479.46
2024-11-01,2024-10-01,SMB,15,2026-02-01,18,16073.56,7,6479.46
2024-11-01,2024-10-01,SMB,16,2026-03-01,18,16073.56,7,6528.66
2024-11-01,2024-10-01,SMB,17,2026-04-01,18,16073.56,6,6428.66
2024-11-01,2024-10-01,SMB,18,2026-05-01,18,16073.56,5,6289.16
2024-11-01,2024-10-01,SMB,19,2026-06-01,18,16073.56,5,6775.65
2024-11-01,2024-10-01,SMB,20,2026-07-01,18,16073.56,5,7281.63
2024-11-01,2024-10-01,SMB,21,2026-08-01,18,16073.56,5,7281.63
2024-12-01,2024-10-01,Enterprise,0,2024-12-01,5,82250.37,5,82250.37
2024-12-01,2024-10-01,Enterprise,1,2025-01-01,5,82250.37,5,82626.35
2024-12-01,2024-10-01,Enterprise,2,2025-02-01,5,82250.37,5,82626.35
2024-12-01,2024-10-01,Enterprise,3,2025-03-01,5,82250.37,5,86369.21
2024-12-01,2024-10-01,Enterprise,4,2025-04-01,5,82250.37,5,86369.21
2024-12-01,2024-10-01,Enterprise,5,2025-05-01,5,82250.37,5,85248.71
2024-12-01,2024-10-01,Enterprise,6,2025-06-01,5,82250.37,5,86243.96
2024-12-01,2024-10-01,Enterprise,7,2025-07-01,5,82250.37,5,86243.96
2024-12-01,2024-10-01,Enterprise,8,2025-08-01,5,82250.37,5,86243.96
2024-12-01,2024-10-01,Enterprise,9,2025-09-01,5,82250.37,5,84058.98
2024-12-01,2024-10-01,Enterprise,10,2025-10-01,5,82250.37,5,97648.71
2024-12-01,2024-10-01,Enterprise,11,2025-11-01,5,82250.37,5,99448.2
2024-12-01,2024-10-01,Enterprise,12,2025-12-01,5,82250.37,5,99448.2
2024-12-01,2024-10-01,Enterprise,13,2026-01-01,5,82250.37,5,99448.2
2024-12-01,2024-10-01,Enterprise,14,2026-02-01,5,82250.37,5,101633.18
2024-12-01,2024-10-01,Enterprise,15,2026-03-01,5,82250.37,5,101633.18
2024-12-01,2024-10-01,Enterprise,16,2026-04-01,5,82250.37,5,93627.2
2024-12-01,2024-10-01,Enterprise,17,2026-05-01,5,82250.37,5,93627.2
2024-12-01,2024-10-01,Enterprise,18,2026-06-01,5,82250.37,5,90994.02
2024-12-01,2024-10-01,Enterprise,19,2026-07-01,5,82250.37,5,72361.56
2024-12-01,2024-10-01,Enterprise,20,2026-08-01,5,82250.37,5,72361.56
2024-12-01,2024-10-01,Mid-Market,0,2024-12-01,12,34688.81,12,34688.81
2024-12-01,2024-10-01,Mid-Market,1,2025-01-01,12,34688.81,12,36221.25
2024-12-01,2024-10-01,Mid-Market,2,2025-02-01,12,34688.81,12,35632.06
2024-12-01,2024-10-01,Mid-Market,3,2025-03-01,12,34688.81,12,37787.69
2024-12-01,2024-10-01,Mid-Market,4,2025-04-01,12,34688.81,12,37787.69
2024-12-01,2024-10-01,Mid-Market,5,2025-05-01,12,34688.81,11,36440.12
2024-12-01,2024-10-01,Mid-Market,6,2025-06-01,12,34688.81,10,34823.09
2024-12-01,2024-10-01,Mid-Market,7,2025-07-01,12,34688.81,10,35426.63
2024-12-01,2024-10-01,Mid-Market,8,2025-08-01,12,34688.81,10,34969.15
2024-12-01,2024-10-01,Mid-Market,9,2025-09-01,12,34688.81,10,34924.73
2024-12-01,2024-10-01,Mid-Market,10,2025-10-01,12,34688.81,9,29685.46
2024-12-01,2024-10-01,Mid-Market,11,2025-11-01,12,34688.81,9,29329.51
2024-12-01,2024-10-01,Mid-Market,12,2025-12-01,12,34688.81,9,30505.53
2024-12-01,2024-10-01,Mid-Market,13,2026-01-01,12,34688.81,9,30209.51
2024-12-01,2024-10-01,Mid-Market,14,2026-02-01,12,34688.81,9,31301.63
2024-12-01,2024-10-01,Mid-Market,15,2026-03-01,12,34688.81,9,33638.87
2024-12-01,2024-10-01,Mid-Market,16,2026-04-01,12,34688.81,9,36667.59
2024-12-01,2024-10-01,Mid-Market,17,2026-05-01,12,34688.81,9,36667.59
2024-12-01,2024-10-01,Mid-Market,18,2026-06-01,12,34688.81,9,39644.51
2024-12-01,2024-10-01,Mid-Market,19,2026-07-01,12,34688.81,9,43154.44
2024-12-01,2024-10-01,Mid-Market,20,2026-08-01,12,34688.81,9,43154.44
2024-12-01,2024-10-01,SMB,0,2024-12-01,25,11705.1,25,11705.1
2024-12-01,2024-10-01,SMB,1,2025-01-01,25,11705.1,23,10126.81
2024-12-01,2024-10-01,SMB,2,2025-02-01,25,11705.1,21,9873.51
2024-12-01,2024-10-01,SMB,3,2025-03-01,25,11705.1,17,8034.58
2024-12-01,2024-10-01,SMB,4,2025-04-01,25,11705.1,16,7800.83
2024-12-01,2024-10-01,SMB,5,2025-05-01,25,11705.1,16,7847.47
2024-12-01,2024-10-01,SMB,6,2025-06-01,25,11705.1,16,7847.47
2024-12-01,2024-10-01,SMB,7,2025-07-01,25,11705.1,15,5569.04
2024-12-01,2024-10-01,SMB,8,2025-08-01,25,11705.1,15,5569.04
2024-12-01,2024-10-01,SMB,9,2025-09-01,25,11705.1,16,5688.54
2024-12-01,2024-10-01,SMB,10,2025-10-01,25,11705.1,16,5649.09
2024-12-01,2024-10-01,SMB,11,2025-11-01,25,11705.1,16,6149.09
2024-12-01,2024-10-01,SMB,12,2025-12-01,25,11705.1,14,5726.54
2024-12-01,2024-10-01,SMB,13,2026-01-01,25,11705.1,14,6060.27
2024-12-01,2024-10-01,SMB,14,2026-02-01,25,11705.1,14,6103.17
2024-12-01,2024-10-01,SMB,15,2026-03-01,25,11705.1,12,5431.26
2024-12-01,2024-10-01,SMB,16,2026-04-01,25,11705.1,11,5359.93
2024-12-01,2024-10-01,SMB,17,2026-05-01,25,11705.1,11,5359.93
2024-12-01,2024-10-01,SMB,18,2026-06-01,25,11705.1,11,5359.93
2024-12-01,2024-10-01,SMB,19,2026-07-01,25,11705.1,11,5244.06
2024-12-01,2024-10-01,SMB,20,2026-08-01,25,11705.1,11,5181.44
2025-01-01,2025-01-01,Enterprise,0,2025-01-01,4,80883.89,4,80883.89
2025-01-01,2025-01-01,Enterprise,1,2025-02-01,4,80883.89,4,80883.89
2025-01-01,2025-01-01,Enterprise,2,2025-03-01,4,80883.89,4,80883.89
2025-01-01,2025-01-01,Enterprise,3,2025-04-01,4,80883.89,4,83030.39
2025-01-01,2025-01-01,Enterprise,4,2025-05-01,4,80883.89,4,83030.39
2025-01-01,2025-01-01,Enterprise,5,2025-06-01,4,80883.89,4,83030.39
2025-01-01,2025-01-01,Enterprise,6,2025-07-01,4,80883.89,4,83030.39
2025-01-01,2025-01-01,Enterprise,7,2025-08-01,4,80883.89,4,92105.39
2025-01-01,2025-01-01,Enterprise,8,2025-09-01,4,80883.89,4,102269.39
2025-01-01,2025-01-01,Enterprise,9,2025-10-01,4,80883.89,3,81604.13
2025-01-01,2025-01-01,Enterprise,10,2025-11-01,4,80883.89,3,81604.13
2025-01-01,2025-01-01,Enterprise,11,2025-12-01,4,80883.89,3,80924.63
2025-01-01,2025-01-01,Enterprise,12,2026-01-01,4,80883.89,3,93720.38
2025-01-01,2025-01-01,Enterprise,13,2026-02-01,4,80883.89,3,93720.38
2025-01-01,2025-01-01,Enterprise,14,2026-03-01,4,80883.89,3,92531.25
2025-01-01,2025-01-01,Enterprise,15,2026-04-01,4,80883.89,3,92531.25
2025-01-01,2025-01-01,Enterprise,16,2026-05-01,4,80883.89,3,93008.25
2025-01-01,2025-01-01,Enterprise,17,2026-06-01,4,80883.89,3,93008.25
2025-01-01,2025-01-01,Enterprise,18,2026-07-01,4,80883.89,3,93008.25
2025-01-01,2025-01-01,Enterprise,19,2026-08-01,4,80883.89,3,104877.0
2025-01-01,2025-01-01,Mid-Market,0,2025-01-01,12,40651.29,12,40651.29
2025-01-01,2025-01-01,Mid-Market,1,2025-02-01,12,40651.29,12,41532.69
2025-01-01,2025-01-01,Mid-Market,2,2025-03-01,12,40651.29,12,40662.39
2025-01-01,2025-01-01,Mid-Market,3,2025-04-01,12,40651.29,12,42528.94
2025-01-01,2025-01-01,Mid-Market,4,2025-05-01,12,40651.29,12,44701.9
2025-01-01,2025-01-01,Mid-Market,5,2025-06-01,12,40651.29,12,45029.14
2025-01-01,2025-01-01,Mid-Market,6,2025-07-01,12,40651.29,12,46510.84
2025-01-01,2025-01-01,Mid-Market,7,2025-08-01,12,40651.29,12,46510.84
2025-01-01,2025-01-01,Mid-Market,8,2025-09-01,12,40651.29,11,41178.34
2025-01-01,2025-01-01,Mid-Market,9,2025-10-01,12,40651.29,11,37009.6
2025-01-01,2025-01-01,Mid-Market,10,2025-11-01,12,40651.29,11,37009.6
2025-01-01,2025-01-01,Mid-Market,11,2025-12-01,12,40651.29,11,37009.6
2025-01-01,2025-01-01,Mid-Market,12,2026-01-01,12,40651.29,11,39011.35
2025-01-01,2025-01-01,Mid-Market,13,2026-02-01,12,40651.29,11,38604.55
2025-01-01,2025-01-01,Mid-Market,14,2026-03-01,12,40651.29,11,41548.27
2025-01-01,2025-01-01,Mid-Market,15,2026-04-01,12,40651.29,11,42806.73
2025-01-01,2025-01-01,Mid-Market,16,2026-05-01,12,40651.29,11,43333.41
2025-01-01,2025-01-01,Mid-Market,17,2026-06-01,12,40651.29,11,43333.41
2025-01-01,2025-01-01,Mid-Market,18,2026-07-01,12,40651.29,11,43333.41
2025-01-01,2025-01-01,Mid-Market,19,2026-08-01,12,40651.29,11,41462.26
2025-01-01,2025-01-01,SMB,0,2025-01-01,22,11199.56,22,11199.56
2025-01-01,2025-01-01,SMB,1,2025-02-01,22,11199.56,22,11246.96
2025-01-01,2025-01-01,SMB,2,2025-03-01,22,11199.56,20,9532.29
2025-01-01,2025-01-01,SMB,3,2025-04-01,22,11199.56,19,9283.55
2025-01-01,2025-01-01,SMB,4,2025-05-01,22,11199.56,17,8289.79
2025-01-01,2025-01-01,SMB,5,2025-06-01,22,11199.56,17,8241.79
2025-01-01,2025-01-01,SMB,6,2025-07-01,22,11199.56,17,8241.79
2025-01-01,2025-01-01,SMB,7,2025-08-01,22,11199.56,17,8485.31
2025-01-01,2025-01-01,SMB,8,2025-09-01,22,11199.56,16,8136.71
2025-01-01,2025-01-01,SMB,9,2025-10-01,22,11199.56,14,6519.36
2025-01-01,2025-01-01,SMB,10,2025-11-01,22,11199.56,14,6519.36
2025-01-01,2025-01-01,SMB,11,2025-12-01,22,11199.56,13,5160.94
2025-01-01,2025-01-01,SMB,12,2026-01-01,22,11199.56,12,4867.33
2025-01-01,2025-01-01,SMB,13,2026-02-01,22,11199.56,12,4867.33
2025-01-01,2025-01-01,SMB,14,2026-03-01,22,11199.56,11,3967.53
2025-01-01,2025-01-01,SMB,15,2026-04-01,22,11199.56,10,2300.28
2025-01-01,2025-01-01,SMB,16,2026-05-01,22,11199.56,9,2110.88
2025-01-01,2025-01-01,SMB,17,2026-06-01,22,11199.56,9,2110.88
2025-01-01,2025-01-01,SMB,18,2026-07-01,22,11199.56,8,1966.58
2025-01-01,2025-01-01,SMB,19,2026-08-01,22,11199.56,8,2064.78
2025-02-01,2025-01-01,Enterprise,0,2025-02-01,4,62238.48,4,62238.48
2025-02-01,2025-01-01,Enterprise,1,2025-03-01,4,62238.48,4,66398.81
2025-02-01,2025-01-01,Enterprise,2,2025-04-01,4,62238.48,4,69319.91
2025-02-01,2025-01-01,Enterprise,3,2025-05-01,4,62238.48,4,68140.23
2025-02-01,2025-01-01,Enterprise,4,2025-06-01,4,62238.48,4,68140.23
2025-02-01,2025-01-01,Enterprise,5,2025-07-01,4,62238.48,4,68140.23
2025-02-01,2025-01-01,Enterprise,6,2025-08-01,4,62238.48,4,55182.23
2025-02-01,2025-01-01,Enterprise,7,2025-09-01,4,62238.48,4,55182.23
2025-02-01,2025-01-01,Enterprise,8,2025-10-01,4,62238.48,4,53384.63
2025-02-01,2025-01-01,Enterprise,9,2025-11-01,4,62238.48,4,57012.98
2025-02-01,2025-01-01,Enterprise,10,2025-12-01,4,62238.48,4,57012.98
2025-02-01,2025-01-01,Enterprise,11,2026-01-01,4,62238.48,4,64954.98
2025-02-01,2025-01-01,Enterprise,12,2026-02-01,4,62238.48,4,66527.88
2025-02-01,2025-01-01,Enterprise,13,2026-03-01,4,62238.48,4,68230.9
2025-02-01,2025-01-01,Enterprise,14,2026-04-01,4,62238.48,4,68230.9
2025-02-01,2025-01-01,Enterprise,15,2026-05-01,4,62238.48,4,68230.9
2025-02-01,2025-01-01,Enterprise,16,2026-06-01,4,62238.48,4,68230.9
2025-02-01,2025-01-01,Enterprise,17,2026-07-01,4,62238.48,4,68230.9
2025-02-01,2025-01-01,Enterprise,18,2026-08-01,4,62238.48,4,68230.9
2025-02-01,2025-01-01,Mid-Market,0,2025-02-01,7,27159.33,7,27159.33
2025-02-01,2025-01-01,Mid-Market,1,2025-03-01,7,27159.33,7,24655.08
2025-02-01,2025-01-01,Mid-Market,2,2025-04-01,7,27159.33,7,24510.36
2025-02-01,2025-01-01,Mid-Market,3,2025-05-01,7,27159.33,7,24510.36
2025-02-01,2025-01-01,Mid-Market,4,2025-06-01,7,27159.33,7,27806.23
2025-02-01,2025-01-01,Mid-Market,5,2025-07-01,7,27159.33,7,27806.23
2025-02-01,2025-01-01,Mid-Market,6,2025-08-01,7,27159.33,7,27806.23
2025-02-01,2025-01-01,Mid-Market,7,2025-09-01,7,27159.33,7,27806.23
2025-02-01,2025-01-01,Mid-Market,8,2025-10-01,7,27159.33,7,28023.31
2025-02-01,2025-01-01,Mid-Market,9,2025-11-01,7,27159.33,7,28023.31
2025-02-01,2025-01-01,Mid-Market,10,2025-12-01,7,27159.33,7,28023.31
2025-02-01,2025-01-01,Mid-Market,11,2026-01-01,7,27159.33,7,28567.51
2025-02-01,2025-01-01,Mid-Market,12,2026-02-01,7,27159.33,7,29723.94
2025-02-01,2025-01-01,Mid-Market,13,2026-03-01,7,27159.33,7,27863.64
2025-02-01,2025-01-01,Mid-Market,14,2026-04-01,7,27159.33,7,27863.64
2025-02-01,2025-01-01,Mid-Market,15,2026-05-01,7,27159.33,7,27863.64
2025-02-01,2025-01-01,Mid-Market,16,2026-06-01,7,27159.33,7,28052.87
2025-02-01,2025-01-01,Mid-Market,17,2026-07-01,7,27159.33,7,28052.87
2025-02-01,2025-01-01,Mid-Market,18,2026-08-01,7,27159.33,7,27912.15
2025-02-01,2025-01-01,SMB,0,2025-02-01,20,9580.56,20,9580.56
2025-02-01,2025-01-01,SMB,1,2025-03-01,20,9580.56,18,9425.01
2025-02-01,2025-01-01,SMB,2,2025-04-01,20,9580.56,18,9597.81
2025-02-01,2025-01-01,SMB,3,2025-05-01,20,9580.56,15,6460.97
2025-02-01,2025-01-01,SMB,4,2025-06-01,20,9580.56,14,6363.61
2025-02-01,2025-01-01,SMB,5,2025-07-01,20,9580.56,12,5904.81
2025-02-01,2025-01-01,SMB,6,2025-08-01,20,9580.56,13,6023.81
2025-02-01,2025-01-01,SMB,7,2025-09-01,20,9580.56,13,5815.04
2025-02-01,2025-01-01,SMB,8,2025-10-01,20,9580.56,13,5615.84
2025-02-01,2025-01-01,SMB,9,2025-11-01,20,9580.56,13,5688.36
2025-02-01,2025-01-01,SMB,10,2025-12-01,20,9580.56,11,5373.03
2025-02-01,2025-01-01,SMB,11,2026-01-01,20,9580.56,11,5373.03
2025-02-01,2025-01-01,SMB,12,2026-02-01,20,9580.56,11,6093.79
2025-02-01,2025-01-01,SMB,13,2026-03-01,20,9580.56,10,6413.96
2025-02-01,2025-01-01,SMB,14,2026-04-01,20,9580.56,10,6413.96
2025-02-01,2025-01-01,SMB,15,2026-05-01,20,9580.56,10,6501.76
2025-02-01,2025-01-01,SMB,16,2026-06-01,20,9580.56,10,6501.76
2025-02-01,2025-01-01,SMB,17,2026-07-01,20,9580.56,10,6461.91
2025-02-01,2025-01-01,SMB,18,2026-08-01,20,9580.56,10,6461.91
2025-03-01,2025-01-01,Enterprise,0,2025-03-01,8,142609.84,8,142609.84
2025-03-01,2025-01-01,Enterprise,1,2025-04-01,8,142609.84,8,142609.84
2025-03-01,2025-01-01,Enterprise,2,2025-05-01,8,142609.84,8,144495.56
2025-03-01,2025-01-01,Enterprise,3,2025-06-01,8,142609.84,8,144495.56
2025-03-01,2025-01-01,Enterprise,4,2025-07-01,8,142609.84,8,146316.26
2025-03-01,2025-01-01,Enterprise,5,2025-08-01,8,142609.84,8,147962.06
2025-03-01,2025-01-01,Enterprise,6,2025-09-01,8,142609.84,8,172128.29
2025-03-01,2025-01-01,Enterprise,7,2025-10-01,8,142609.84,8,172128.29
2025-03-01,2025-01-01,Enterprise,8,2025-11-01,8,142609.84,8,172128.29
2025-03-01,2025-01-01,Enterprise,9,2025-12-01,8,142609.84,7,118717.79
2025-03-01,2025-01-01,Enterprise,10,2026-01-01,8,142609.84,7,111851.15
2025-03-01,2025-01-01,Enterprise,11,2026-02-01,8,142609.84,6,106538.75
2025-03-01,2025-01-01,Enterprise,12,2026-03-01,8,142609.84,5,117930.33
2025-03-01,2025-01-01,Enterprise,13,2026-04-01,8,142609.84,5,117930.33
2025-03-01,2025-01-01,Enterprise,14,2026-05-01,8,142609.84,5,123175.68
2025-03-01,2025-01-01,Enterprise,15,2026-06-01,8,142609.84,5,119804.12
2025-03-01,2025-01-01,Enterprise,16,2026-07-01,8,142609.84,5,138502.94
2025-03-01,2025-01-01,Enterprise,17,2026-08-01,8,142609.84,5,138502.94
2025-03-01,2025-01-01,Mid-Market,0,2025-03-01,9,48127.44,9,48127.44
2025-03-01,2025-01-01,Mid-Market,1,2025-04-01,9,48127.44,9,49872.27
2025-03-01,2025-01-01,Mid-Market,2,2025-05-01,9,48127.44,9,49990.66
2025-03-01,2025-01-01,Mid-Market,3,2025-06-01,9,48127.44,9,52772.26
2025-03-01,2025-01-01,Mid-Market,4,2025-07-01,9,48127.44,9,54487.97
2025-03-01,2025-01-01,Mid-Market,5,2025-08-01,9,48127.44,9,54487.97
2025-03-01,2025-01-01,Mid-Market,6,2025-09-01,9,48127.44,8,56233.83
2025-03-01,2025-01-01,Mid-Market,7,2025-10-01,9,48127.44,8,60591.18
2025-03-01,2025-01-01,Mid-Market,8,2025-11-01,9,48127.44,8,61066.74
2025-03-01,2025-01-01,Mid-Market,9,2025-12-01,9,48127.44,7,60390.48
2025-03-01,2025-01-01,Mid-Market,10,2026-01-01,9,48127.44,7,60390.48
2025-03-01,2025-01-01,Mid-Market,11,2026-02-01,9,48127.44,7,60877.56
2025-03-01,2025-01-01,Mid-Market,12,2026-03-01,9,48127.44,7,63309.96
2025-03-01,2025-01-01,Mid-Market,13,2026-04-01,9,48127.44,7,63965.01
2025-03-01,2025-01-01,Mid-Market,14,2026-05-01,9,48127.44,6,47421.81
2025-03-01,2025-01-01,Mid-Market,15,2026-06-01,9,48127.44,6,49372.23
2025-03-01,2025-01-01,Mid-Market,16,2026-07-01,9,48127.44,6,49372.23
2025-03-01,2025-01-01,Mid-Market,17,2026-08-01,9,48127.44,6,47920.23
2025-03-01,2025-01-01,SMB,0,2025-03-01,29,14439.23,29,14439.23
2025-03-01,2025-01-01,SMB,1,2025-04-01,29,14439.23,27,13706.89
2025-03-01,2025-01-01,SMB,2,2025-05-01,29,14439.23,26,13791.08
2025-03-01,2025-01-01,SMB,3,2025-06-01,29,14439.23,25,13199.63
2025-03-01,2025-01-01,SMB,4,2025-07-01,29,14439.23,22,11754.11
2025-03-01,2025-01-01,SMB,5,2025-08-01,29,14439.23,21,11234.01
2025-03-01,2025-01-01,SMB,6,2025-09-01,29,14439.23,21,11410.59
2025-03-01,2025-01-01,SMB,7,2025-10-01,29,14439.23,20,11110.59
2025-03-01,2025-01-01,SMB,8,2025-11-01,29,14439.23,18,8293.59
2025-03-01,2025-01-01,SMB,9,2025-12-01,29,14439.23,18,8118.59
2025-03-01,2025-01-01,SMB,10,2026-01-01,29,14439.23,16,7591.93
2025-03-01,2025-01-01,SMB,11,2026-02-01,29,14439.23,15,7186.58
2025-03-01,2025-01-01,SMB,12,2026-03-01,29,14439.23,13,6306.06
2025-03-01,2025-01-01,SMB,13,2026-04-01,29,14439.23,13,6361.38
2025-03-01,2025-01-01,SMB,14,2026-05-01,29,14439.23,13,6824.93
2025-03-01,2025-01-01,SMB,15,2026-06-01,29,14439.23,12,6728.33
2025-03-01,2025-01-01,SMB,16,2026-07-01,29,14439.23,12,6299.7
2025-03-01,2025-01-01,SMB,17,2026-08-01,29,14439.23,12,6800.88
2025-04-01,2025-04-01,Enterprise,0,2025-04-01,5,123637.1,5,123637.1
2025-04-01,2025-04-01,Enterprise,1,2025-05-01,5,123637.1,5,134244.62
2025-04-01,2025-04-01,Enterprise,2,2025-06-01,5,123637.1,5,135532.94
2025-04-01,2025-04-01,Enterprise,3,2025-07-01,5,123637.1,5,139800.5
2025-04-01,2025-04-01,Enterprise,4,2025-08-01,5,123637.1,5,139800.5
2025-04-01,2025-04-01,Enterprise,5,2025-09-01,5,123637.1,5,139800.5
2025-04-01,2025-04-01,Enterprise,6,2025-10-01,5,123637.1,5,139800.5
2025-04-01,2025-04-01,Enterprise,7,2025-11-01,5,123637.1,5,150073.92
2025-04-01,2025-04-01,Enterprise,8,2025-12-01,5,123637.1,5,150073.92
2025-04-01,2025-04-01,Enterprise,9,2026-01-01,5,123637.1,5,180191.7
2025-04-01,2025-04-01,Enterprise,10,2026-02-01,5,123637.1,5,180191.7
2025-04-01,2025-04-01,Enterprise,11,2026-03-01,5,123637.1,5,179760.15
2025-04-01,2025-04-01,Enterprise,12,2026-04-01,5,123637.1,5,180253.35
2025-04-01,2025-04-01,Enterprise,13,2026-05-01,5,123637.1,5,180253.35
2025-04-01,2025-04-01,Enterprise,14,2026-06-01,5,123637.1,5,180253.35
2025-04-01,2025-04-01,Enterprise,15,2026-07-01,5,123637.1,5,180253.35
2025-04-01,2025-04-01,Enterprise,16,2026-08-01,5,123637.1,5,181178.1
2025-04-01,2025-04-01,Mid-Market,0,2025-04-01,5,13680.64,5,13680.64
2025-04-01,2025-04-01,Mid-Market,1,2025-05-01,5,13680.64,4,13136.95
2025-04-01,2025-04-01,Mid-Market,2,2025-06-01,5,13680.64,4,13136.95
2025-04-01,2025-04-01,Mid-Market,3,2025-07-01,5,13680.64,4,13136.95
2025-04-01,2025-04-01,Mid-Market,4,2025-08-01,5,13680.64,4,13175.24
2025-04-01,2025-04-01,Mid-Market,5,2025-09-01,5,13680.64,4,13175.24
2025-04-01,2025-04-01,Mid-Market,6,2025-10-01,5,13680.64,4,13175.24
2025-04-01,2025-04-01,Mid-Market,7,2025-11-01,5,13680.64,4,13251.83
2025-04-01,2025-04-01,Mid-Market,8,2025-12-01,5,13680.64,4,13251.83
2025-04-01,2025-04-01,Mid-Market,9,2026-01-01,5,13680.64,4,13251.83
2025-04-01,2025-04-01,Mid-Market,10,2026-02-01,5,13680.64,4,13251.83
2025-04-01,2025-04-01,Mid-Market,11,2026-03-01,5,13680.64,4,11118.23
2025-04-01,2025-04-01,Mid-Market,12,2026-04-01,5,13680.64,4,11154.91
2025-04-01,2025-04-01,Mid-Market,13,2026-05-01,5,13680.64,4,10930.81
2025-04-01,2025-04-01,Mid-Market,14,2026-06-01,5,13680.64,4,10197.38
2025-04-01,2025-04-01,Mid-Market,15,2026-07-01,5,13680.64,4,10197.38
2025-04-01,2025-04-01,Mid-Market,16,2026-08-01,5,13680.64,4,10197.38
2025-04-01,2025-04-01,SMB,0,2025-04-01,27,19737.09,27,19737.09
2025-04-01,2025-04-01,SMB,1,2025-05-01,27,19737.09,26,17598.69
2025-04-01,2025-04-01,SMB,2,2025-06-01,27,19737.09,25,17809.95
2025-04-01,2025-04-01,SMB,3,2025-07-01,27,19737.09,24,16098.15
2025-04-01,2025-04-01,SMB,4,2025-08-01,27,19737.09,23,15968.86
2025-04-01,2025-04-01,SMB,5,2025-09-01,27,19737.09,22,16161.72
2025-04-01,2025-04-01,SMB,6,2025-10-01,27,19737.09,21,15802.55
2025-04-01,2025-04-01,SMB,7,2025-11-01,27,19737.09,21,15783.27
2025-04-01,2025-04-01,SMB,8,2025-12-01,27,19737.09,21,15827.91
2025-04-01,2025-04-01,SMB,9,2026-01-01,27,19737.09,21,15852.19
2025-04-01,2025-04-01,SMB,10,2026-02-01,27,19737.09,21,15876.06
2025-04-01,2025-04-01,SMB,11,2026-03-01,27,19737.09,22,16384.24
2025-04-01,2025-04-01,SMB,12,2026-04-01,27,19737.09,19,14193.56
2025-04-01,2025-04-01,SMB,13,2026-05-01,27,19737.09,18,14334.23
2025-04-01,2025-04-01,SMB,14,2026-06-01,27,19737.09,16,12175.19
2025-04-01,2025-04-01,SMB,15,2026-07-01,27,19737.09,16,12712.12
2025-04-01,2025-04-01,SMB,16,2026-08-01,27,19737.09,15,12068.99
2025-05-01,2025-04-01,Enterprise,0,2025-05-01,5,104027.82,5,104027.82
2025-05-01,2025-04-01,Enterprise,1,2025-06-01,5,104027.82,5,104027.82
2025-05-01,2025-04-01,Enterprise,2,2025-07-01,5,104027.82,5,104027.82
2025-05-01,2025-04-01,Enterprise,3,2025-08-01,5,104027.82,5,106892.82
2025-05-01,2025-04-01,Enterprise,4,2025-09-01,5,104027.82,5,106892.82
2025-05-01,2025-04-01,Enterprise,5,2025-10-01,5,104027.82,5,106892.82
2025-05-01,2025-04-01,Enterprise,6,2025-11-01,5,104027.82,5,106892.82
2025-05-01,2025-04-01,Enterprise,7,2025-12-01,5,104027.82,4,99665.07
2025-05-01,2025-04-01,Enterprise,8,2026-01-01,5,104027.82,4,99665.07
2025-05-01,2025-04-01,Enterprise,9,2026-02-01,5,104027.82,4,107167.95
2025-05-01,2025-04-01,Enterprise,10,2026-03-01,5,104027.82,4,111103.2
2025-05-01,2025-04-01,Enterprise,11,2026-04-01,5,104027.82,4,111103.2
2025-05-01,2025-04-01,Enterprise,12,2026-05-01,5,104027.82,4,116848.05
2025-05-01,2025-04-01,Enterprise,13,2026-06-01,5,104027.82,4,125929.87
2025-05-01,2025-04-01,Enterprise,14,2026-07-01,5,104027.82,4,125929.87
2025-05-01,2025-04-01,Enterprise,15,2026-08-01,5,104027.82,4,110492.91
2025-05-01,2025-04-01,Mid-Market,0,2025-05-01,10,43213.5,10,43213.5
2025-05-01,2025-04-01,Mid-Market,1,2025-06-01,10,43213.5,10,43213.5
2025-05-01,2025-04-01,Mid-Market,2,2025-07-01,10,43213.5,9,42798.15
2025-05-01,2025-04-01,Mid-Market,3,2025-08-01,10,43213.5,9,43821.9
2025-05-01,2025-04-01,Mid-Market,4,2025-09-01,10,43213.5,9,39549.75
2025-05-01,2025-04-01,Mid-Market,5,2025-10-01,10,43213.5,7,25918.12
2025-05-01,2025-04-01,Mid-Market,6,2025-11-01,10,43213.5,6,22921.43
2025-05-01,2025-04-01,Mid-Market,7,2025-12-01,10,43213.5,4,8398.05
2025-05-01,2025-04-01,Mid-Market,8,2026-01-01,10,43213.5,4,8996.78
2025-05-01,2025-04-01,Mid-Market,9,2026-02-01,10,43213.5,4,8996.78
2025-05-01,2025-04-01,Mid-Market,10,2026-03-01,10,43213.5,4,9528.98
2025-05-01,2025-04-01,Mid-Market,11,2026-04-01,10,43213.5,4,10974.23
2025-05-01,2025-04-01,Mid-Market,12,2026-05-01,10,43213.5,3,10798.43
2025-05-01,2025-04-01,Mid-Market,13,2026-06-01,10,43213.5,3,10798.43
2025-05-01,2025-04-01,Mid-Market,14,2026-07-01,10,43213.5,3,9688.43
2025-05-01,2025-04-01,Mid-Market,15,2026-08-01,10,43213.5,3,11284.06
2025-05-01,2025-04-01,SMB,0,2025-05-01,23,11327.05,23,11327.05
2025-05-01,2025-04-01,SMB,1,2025-06-01,23,11327.05,22,10955.79
2025-05-01,2025-04-01,SMB,2,2025-07-01,23,11327.05,20,10142.13
2025-05-01,2025-04-01,SMB,3,2025-08-01,23,11327.05,19,10042.43
2025-05-01,2025-04-01,SMB,4,2025-09-01,23,11327.05,18,8422.43
2025-05-01,2025-04-01,SMB,5,2025-10-01,23,11327.05,15,8195.59
2025-05-01,2025-04-01,SMB,6,2025-11-01,23,11327.05,13,6543.46
2025-05-01,2025-04-01,SMB,7,2025-12-01,23,11327.05,13,6566.63
2025-05-01,2025-04-01,SMB,8,2026-01-01,23,11327.05,13,6548.95
2025-05-01,2025-04-01,SMB,9,2026-02-01,23,11327.05,12,5899.33
2025-05-01,2025-04-01,SMB,10,2026-03-01,23,11327.05,11,5849.33
2025-05-01,2025-04-01,SMB,11,2026-04-01,23,11327.05,12,7019.33
2025-05-01,2025-04-01,SMB,12,2026-05-01,23,11327.05,11,5362.33
2025-05-01,2025-04-01,SMB,13,2026-06-01,23,11327.05,11,5362.33
2025-05-01,2025-04-01,SMB,14,2026-07-01,23,11327.05,11,5362.33
2025-05-01,2025-04-01,SMB,15,2026-08-01,23,11327.05,11,5362.33
2025-06-01,2025-04-01,Enterprise,0,2025-06-01,4,142655.73,4,142655.73
2025-06-01,2025-04-01,Enterprise,1,2025-07-01,4,142655.73,4,143842.76
2025-06-01,2025-04-01,Enterprise,2,2025-08-01,4,142655.73,4,143842.76
2025-06-01,2025-04-01,Enterprise,3,2025-09-01,4,142655.73,4,161320.22
2025-06-01,2025-04-01,Enterprise,4,2025-10-01,4,142655.73,4,161320.22
2025-06-01,2025-04-01,Enterprise,5,2025-11-01,4,142655.73,4,162475.89
2025-06-01,2025-04-01,Enterprise,6,2025-12-01,4,142655.73,4,162475.89
2025-06-01,2025-04-01,Enterprise,7,2026-01-01,4,142655.73,4,181626.56
2025-06-01,2025-04-01,Enterprise,8,2026-02-01,4,142655.73,4,181626.56
2025-06-01,2025-04-01,Enterprise,9,2026-03-01,4,142655.73,4,174387.79
2025-06-01,2025-04-01,Enterprise,10,2026-04-01,4,142655.73,4,175637.28
2025-06-01,2025-04-01,Enterprise,11,2026-05-01,4,142655.73,4,163006.1
2025-06-01,2025-04-01,Enterprise,12,2026-06-01,4,142655.73,4,164068.18
2025-06-01,2025-04-01,Enterprise,13,2026-07-01,4,142655.73,4,165130.25
2025-06-01,2025-04-01,Enterprise,14,2026-08-01,4,142655.73,4,165130.25
2025-06-01,2025-04-01,Mid-Market,0,2025-06-01,11,41408.12,11,41408.12
2025-06-01,2025-04-01,Mid-Market,1,2025-07-01,11,41408.12,11,36231.35
2025-06-01,2025-04-01,Mid-Market,2,2025-08-01,11,41408.12,10,31332.54
2025-06-01,2025-04-01,Mid-Market,3,2025-09-01,11,41408.12,9,21605.79
2025-06-01,2025-04-01,Mid-Market,4,2025-10-01,11,41408.12,9,23473.44
2025-06-01,2025-04-01,Mid-Market,5,2025-11-01,11,41408.12,8,16909.56
2025-06-01,2025-04-01,Mid-Market,6,2025-12-01,11,41408.12,7,10888.33
2025-06-01,2025-04-01,Mid-Market,7,2026-01-01,11,41408.12,7,10888.33
2025-06-01,2025-04-01,Mid-Market,8,2026-02-01,11,41408.12,7,10888.33
2025-06-01,2025-04-01,Mid-Market,9,2026-03-01,11,41408.12,6,10126.57
2025-06-01,2025-04-01,Mid-Market,10,2026-04-01,11,41408.12,6,10126.57
2025-06-01,2025-04-01,Mid-Market,11,2026-05-01,11,41408.12,6,10126.57
2025-06-01,2025-04-01,Mid-Market,12,2026-06-01,11,41408.12,6,10899.72
2025-06-01,2025-04-01,Mid-Market,13,2026-07-01,11,41408.12,6,10123.56
2025-06-01,2025-04-01,Mid-Market,14,2026-08-01,11,41408.12,6,9262.84
2025-06-01,2025-04-01,SMB,0,2025-06-01,25,11397.65,25,11397.65
2025-06-01,2025-04-01,SMB,1,2025-07-01,25,11397.65,22,9324.23
2025-06-01,2025-04-01,SMB,2,2025-08-01,25,11397.65,22,9324.23
2025-06-01,2025-04-01,SMB,3,2025-09-01,25,11397.65,22,9399.83
2025-06-01,2025-04-01,SMB,4,2025-10-01,25,11397.65,22,9399.83
2025-06-01,2025-04-01,SMB,5,2025-11-01,25,11397.65,20,9275.18
2025-06-01,2025-04-01,SMB,6,2025-12-01,25,11397.65,19,9223.03
2025-06-01,2025-04-01,SMB,7,2026-01-01,25,11397.65,17,9034.81
2025-06-01,2025-04-01,SMB,8,2026-02-01,25,11397.65,17,9016.75
2025-06-01,2025-04-01,SMB,9,2026-03-01,25,11397.65,15,8477.15
2025-06-01,2025-04-01,SMB,10,2026-04-01,25,11397.65,15,8072.15
2025-06-01,2025-04-01,SMB,11,2026-05-01,25,11397.65,14,7998.15
2025-06-01,2025-04-01,SMB,12,2026-06-01,25,11397.65,13,6416.85
2025-06-01,2025-04-01,SMB,13,2026-07-01,25,11397.65,11,6284.07
2025-06-01,2025-04-01,SMB,14,2026-08-01,25,11397.65,11,6259.07
2025-07-01,2025-07-01,Enterprise,0,2025-07-01,3,26533.13,3,26533.13
2025-07-01,2025-07-01,Enterprise,1,2025-08-01,3,26533.13,3,17349.38
2025-07-01,2025-07-01,Enterprise,2,2025-09-01,3,26533.13,3,17349.38
2025-07-01,2025-07-01,Enterprise,3,2025-10-01,3,26533.13,2,9320.85
2025-07-01,2025-07-01,Enterprise,4,2025-11-01,3,26533.13,2,9320.85
2025-07-01,2025-07-01,Enterprise,5,2025-12-01,3,26533.13,2,7345.8
2025-07-01,2025-07-01,Enterprise,6,2026-01-01,3,26533.13,2,8182.8
2025-07-01,2025-07-01,Enterprise,7,2026-02-01,3,26533.13,2,8182.8
2025-07-01,2025-07-01,Enterprise,8,2026-03-01,3,26533.13,2,10024.2
2025-07-01,2025-07-01,Enterprise,9,2026-04-01,3,26533.13,2,10024.2
2025-07-01,2025-07-01,Enterprise,10,2026-05-01,3,26533.13,2,10323.45
2025-07-01,2025-07-01,Enterprise,11,2026-06-01,3,26533.13,2,10323.45
2025-07-01,2025-07-01,Enterprise,12,2026-07-01,3,26533.13,2,11718.45
2025-07-01,2025-07-01,Enterprise,13,2026-08-01,3,26533.13,2,11718.45
2025-07-01,2025-07-01,Mid-Market,0,2025-07-01,13,63897.73,13,63897.73
2025-07-01,2025-07-01,Mid-Market,1,2025-08-01,13,63897.73,13,67518.28
2025-07-01,2025-07-01,Mid-Market,2,2025-09-01,13,63897.73,13,67518.28
2025-07-01,2025-07-01,Mid-Market,3,2025-10-01,13,63897.73,13,68466.81
2025-07-01,2025-07-01,Mid-Market,4,2025-11-01,13,63897.73,13,68466.81
2025-07-01,2025-07-01,Mid-Market,5,2025-12-01,13,63897.73,13,74717.61
2025-07-01,2025-07-01,Mid-Market,6,2026-01-01,13,63897.73,13,76126.29
2025-07-01,2025-07-01,Mid-Market,7,2026-02-01,13,63897.73,13,77083.89
2025-07-01,2025-07-01,Mid-Market,8,2026-03-01,13,63897.73,13,82694.04
2025-07-01,2025-07-01,Mid-Market,9,2026-04-01,13,63897.73,12,74606.42
2025-07-01,2025-07-01,Mid-Market,10,2026-05-01,13,63897.73,12,74794.29
2025-07-01,2025-07-01,Mid-Market,11,2026-06-01,13,63897.73,12,74685.21
2025-07-01,2025-07-01,Mid-Market,12,2026-07-01,13,63897.73,12,79937.61
2025-07-01,2025-07-01,Mid-Market,13,2026-08-01,13,63897.73,12,79937.61
2025-07-01,2025-07-01,SMB,0,2025-07-01,15,5518.36,15,5518.36
2025-07-01,2025-07-01,SMB,1,2025-08-01,15,5518.36,12,4364.41
2025-07-01,2025-07-01,SMB,2,2025-09-01,15,5518.36,9,2508.78
2025-07-01,2025-07-01,SMB,3,2025-10-01,15,5518.36,9,2414.78
2025-07-01,2025-07-01,SMB,4,2025-11-01,15,5518.36,9,2464.03
2025-07-01,2025-07-01,SMB,5,2025-12-01,15,5518.36,9,2443.08
2025-07-01,2025-07-01,SMB,6,2026-01-01,15,5518.36,9,2443.08
2025-07-01,2025-07-01,SMB,7,2026-02-01,15,5518.36,9,2443.08
2025-07-01,2025-07-01,SMB,8,2026-03-01,15,5518.36,8,2349.08
2025-07-01,2025-07-01,SMB,9,2026-04-01,15,5518.36,8,2349.08
2025-07-01,2025-07-01,SMB,10,2026-05-01,15,5518.36,7,2117.08
2025-07-01,2025-07-01,SMB,11,2026-06-01,15,5518.36,6,1940.68
2025-07-01,2025-07-01,SMB,12,2026-07-01,15,5518.36,5,1967.14
2025-07-01,2025-07-01,SMB,13,2026-08-01,15,5518.36,3,1474.86
2025-08-01,2025-07-01,Enterprise,0,2025-08-01,3,31215.68,3,31215.68
2025-08-01,2025-07-01,Enterprise,1,2025-09-01,3,31215.68,2,28664.18
2025-08-01,2025-07-01,Enterprise,2,2025-10-01,3,31215.68,2,28664.18
2025-08-01,2025-07-01,Enterprise,3,2025-11-01,3,31215.68,2,28664.18
2025-08-01,2025-07-01,Enterprise,4,2025-12-01,3,31215.68,2,28664.18
2025-08-01,2025-07-01,Enterprise,5,2026-01-01,3,31215.68,2,28664.18
2025-08-01,2025-07-01,Enterprise,6,2026-02-01,3,31215.68,2,30349.8
2025-08-01,2025-07-01,Enterprise,7,2026-03-01,3,31215.68,2,30349.8
2025-08-01,2025-07-01,Enterprise,8,2026-04-01,3,31215.68,2,29477.93
2025-08-01,2025-07-01,Enterprise,9,2026-05-01,3,31215.68,2,25533.11
2025-08-01,2025-07-01,Enterprise,10,2026-06-01,3,31215.68,2,25533.11
2025-08-01,2025-07-01,Enterprise,11,2026-07-01,3,31215.68,2,31863.17
2025-08-01,2025-07-01,Enterprise,12,2026-08-01,3,31215.68,2,31863.17
2025-08-01,2025-07-01,Mid-Market,0,2025-08-01,6,24845.91,6,24845.91
2025-08-01,2025-07-01,Mid-Market,1,2025-09-01,6,24845.91,5,15972.36
2025-08-01,2025-07-01,Mid-Market,2,2025-10-01,6,24845.91,5,15972.36
2025-08-01,2025-07-01,Mid-Market,3,2025-11-01,6,24845.91,5,15972.36
2025-08-01,2025-07-01,Mid-Market,4,2025-12-01,6,24845.91,5,15972.36
2025-08-01,2025-07-01,Mid-Market,5,2026-01-01,6,24845.91,5,15972.36
2025-08-01,2025-07-01,Mid-Market,6,2026-02-01,6,24845.91,4,14850.33
2025-08-01,2025-07-01,Mid-Market,7,2026-03-01,6,24845.91,4,16526.13
2025-08-01,2025-07-01,Mid-Market,8,2026-04-01,6,24845.91,2,12264.0
2025-08-01,2025-07-01,Mid-Market,9,2026-05-01,6,24845.91,2,12264.0
2025-08-01,2025-07-01,Mid-Market,10,2026-06-01,6,24845.91,2,12264.0
2025-08-01,2025-07-01,Mid-Market,11,2026-07-01,6,24845.91,2,12264.0
2025-08-01,2025-07-01,Mid-Market,12,2026-08-01,6,24845.91,2,12264.0
2025-08-01,2025-07-01,SMB,0,2025-08-01,22,10835.89,22,10835.89
2025-08-01,2025-07-01,SMB,1,2025-09-01,22,10835.89,21,10472.4
2025-08-01,2025-07-01,SMB,2,2025-10-01,22,10835.89,18,8425.53
2025-08-01,2025-07-01,SMB,3,2025-11-01,22,10835.89,16,7711.71
2025-08-01,2025-07-01,SMB,4,2025-12-01,22,10835.89,13,5474.72
2025-08-01,2025-07-01,SMB,5,2026-01-01,22,10835.89,12,4962.8
2025-08-01,2025-07-01,SMB,6,2026-02-01,22,10835.89,12,5011.0
2025-08-01,2025-07-01,SMB,7,2026-03-01,22,10835.89,11,4713.1
2025-08-01,2025-07-01,SMB,8,2026-04-01,22,10835.89,11,4713.1
2025-08-01,2025-07-01,SMB,9,2026-05-01,22,10835.89,11,5167.19
2025-08-01,2025-07-01,SMB,10,2026-06-01,22,10835.89,11,5167.19
2025-08-01,2025-07-01,SMB,11,2026-07-01,22,10835.89,9,4813.67
2025-08-01,2025-07-01,SMB,12,2026-08-01,22,10835.89,9,4837.12
2025-09-01,2025-07-01,Enterprise,0,2025-09-01,9,170676.06,9,170676.06
2025-09-01,2025-07-01,Enterprise,1,2025-10-01,9,170676.06,9,172045.56
2025-09-01,2025-07-01,Enterprise,2,2025-11-01,9,170676.06,9,169999.81
2025-09-01,2025-07-01,Enterprise,3,2025-12-01,9,170676.06,9,173400.24
2025-09-01,2025-07-01,Enterprise,4,2026-01-01,9,170676.06,9,173333.87
2025-09-01,2025-07-01,Enterprise,5,2026-02-01,9,170676.06,9,173333.87
2025-09-01,2025-07-01,Enterprise,6,2026-03-01,9,170676.06,9,190714.31
2025-09-01,2025-07-01,Enterprise,7,2026-04-01,9,170676.06,9,206835.56
2025-09-01,2025-07-01,Enterprise,8,2026-05-01,9,170676.06,9,205706.06
2025-09-01,2025-07-01,Enterprise,9,2026-06-01,9,170676.06,9,194540.62
2025-09-01,2025-07-01,Enterprise,10,2026-07-01,9,170676.06,9,188845.28
2025-09-01,2025-07-01,Enterprise,11,2026-08-01,9,170676.06,9,199900.28
2025-09-01,2025-07-01,Mid-Market,0,2025-09-01,13,34192.7,13,34192.7
2025-09-01,2025-07-01,Mid-Market,1,2025-10-01,13,34192.7,12,33643.34
2025-09-01,2025-07-01,Mid-Market,2,2025-11-01,13,34192.7,12,37938.66
2025-09-01,2025-07-01,Mid-Market,3,2025-12-01,13,34192.7,11,31033.86
2025-09-01,2025-07-01,Mid-Market,4,2026-01-01,13,34192.7,10,32090.84
2025-09-01,2025-07-01,Mid-Market,5,2026-02-01,13,34192.7,9,31878.17
2025-09-01,2025-07-01,Mid-Market,6,2026-03-01,13,34192.7,9,32177.42
2025-09-01,2025-07-01,Mid-Market,7,2026-04-01,13,34192.7,8,20161.52
2025-09-01,2025-07-01,Mid-Market,8,2026-05-01,13,34192.7,8,20161.52
2025-09-01,2025-07-01,Mid-Market,9,2026-06-01,13,34192.7,8,21102.02
2025-09-01,2025-07-01,Mid-Market,10,2026-07-01,13,34192.7,8,23492.17
2025-09-01,2025-07-01,Mid-Market,11,2026-08-01,13,34192.7,8,23492.17
2025-09-01,2025-07-01,SMB,0,2025-09-01,22,14262.79,22,14262.79
2025-09-01,2025-07-01,SMB,1,2025-10-01,22,14262.79,22,13947.79
2025-09-01,2025-07-01,SMB,2,2025-11-01,22,14262.79,20,13514.51
2025-09-01,2025-07-01,SMB,3,2025-12-01,22,14262.79,19,12120.9
2025-09-01,2025-07-01,SMB,4,2026-01-01,22,14262.79,19,12015.9
2025-09-01,2025-07-01,SMB,5,2026-02-01,22,14262.79,18,10716.3
2025-09-01,2025-07-01,SMB,6,2026-03-01,22,14262.79,17,10247.29
2025-09-01,2025-07-01,SMB,7,2026-04-01,22,14262.79,16,10245.09
2025-09-01,2025-07-01,SMB,8,2026-05-01,22,14262.79,16,11345.03
2025-09-01,2025-07-01,SMB,9,2026-06-01,22,14262.79,14,8729.81
2025-09-01,2025-07-01,SMB,10,2026-07-01,22,14262.79,15,9179.81
2025-09-01,2025-07-01,SMB,11,2026-08-01,22,14262.79,15,9245.21
2025-10-01,2025-10-01,Enterprise,0,2025-10-01,6,125765.59,6,125765.59
2025-10-01,2025-10-01,Enterprise,1,2025-11-01,6,125765.59,6,154767.75
2025-10-01,2025-10-01,Enterprise,2,2025-12-01,6,125765.59,6,154767.75
2025-10-01,2025-10-01,Enterprise,3,2026-01-01,6,125765.59,6,154767.75
2025-10-01,2025-10-01,Enterprise,4,2026-02-01,6,125765.59,6,154767.75
2025-10-01,2025-10-01,Enterprise,5,2026-03-01,6,125765.59,6,150472.25
2025-10-01,2025-10-01,Enterprise,6,2026-04-01,6,125765.59,6,157114.49
2025-10-01,2025-10-01,Enterprise,7,2026-05-01,6,125765.59,6,157114.49
2025-10-01,2025-10-01,Enterprise,8,2026-06-01,6,125765.59,6,165710.33
2025-10-01,2025-10-01,Enterprise,9,2026-07-01,6,125765.59,6,167310.53
2025-10-01,2025-10-01,Enterprise,10,2026-08-01,6,125765.59,6,175736.21
2025-10-01,2025-10-01,Mid-Market,0,2025-10-01,13,38213.74,13,38213.74
2025-10-01,2025-10-01,Mid-Market,1,2025-11-01,13,38213.74,11,35335.22
2025-10-01,2025-10-01,Mid-Market,2,2025-12-01,13,38213.74,9,29928.41
2025-10-01,2025-10-01,Mid-Market,3,2026-01-01,13,38213.74,9,29628.17
2025-10-01,2025-10-01,Mid-Market,4,2026-02-01,13,38213.74,9,31773.76
2025-10-01,2025-10-01,Mid-Market,5,2026-03-01,13,38213.74,9,31773.76
2025-10-01,2025-10-01,Mid-Market,6,2026-04-01,13,38213.74,9,32970.76
2025-10-01,2025-10-01,Mid-Market,7,2026-05-01,13,38213.74,9,33316.36
2025-10-01,2025-10-01,Mid-Market,8,2026-06-01,13,38213.74,8,30385.88
2025-10-01,2025-10-01,Mid-Market,9,2026-07-01,13,38213.74,8,29987.76
2025-10-01,2025-10-01,Mid-Market,10,2026-08-01,13,38213.74,8,30506.16
2025-10-01,2025-10-01,SMB,0,2025-10-01,25,14726.18,25,14726.18
2025-10-01,2025-10-01,SMB,1,2025-11-01,25,14726.18,25,14551.54
2025-10-01,2025-10-01,SMB,2,2025-12-01,25,14726.18,23,14606.01
2025-10-01,2025-10-01,SMB,3,2026-01-01,25,14726.18,22,14538.11
2025-10-01,2025-10-01,SMB,4,2026-02-01,25,14726.18,19,13113.65
2025-10-01,2025-10-01,SMB,5,2026-03-01,25,14726.18,17,12760.37
2025-10-01,2025-10-01,SMB,6,2026-04-01,25,14726.18,17,12760.37
2025-10-01,2025-10-01,SMB,7,2026-05-01,25,14726.18,17,13405.67
2025-10-01,2025-10-01,SMB,8,2026-06-01,25,14726.18,17,13725.39
2025-10-01,2025-10-01,SMB,9,2026-07-01,25,14726.18,16,13033.96
2025-10-01,2025-10-01,SMB,10,2026-08-01,25,14726.18,13,10612.64
2025-11-01,2025-10-01,Enterprise,0,2025-11-01,6,198295.47,6,198295.47
2025-11-01,2025-10-01,Enterprise,1,2025-12-01,6,198295.47,6,198295.47
2025-11-01,2025-10-01,Enterprise,2,2026-01-01,6,198295.47,6,224716.6
2025-11-01,2025-10-01,Enterprise,3,2026-02-01,6,198295.47,6,224716.6
2025-11-01,2025-10-01,Enterprise,4,2026-03-01,6,198295.47,5,221617.0
2025-11-01,2025-10-01,Enterprise,5,2026-04-01,6,198295.47,4,187671.88
2025-11-01,2025-10-01,Enterprise,6,2026-05-01,6,198295.47,4,227012.72
2025-11-01,2025-10-01,Enterprise,7,2026-06-01,6,198295.47,4,228842.24
2025-11-01,2025-10-01,Enterprise,8,2026-07-01,6,198295.47,4,228842.24
2025-11-01,2025-10-01,Enterprise,9,2026-08-01,6,198295.47,3,170168.24
2025-11-01,2025-10-01,Mid-Market,0,2025-11-01,16,52670.12,16,52670.12
2025-11-01,2025-10-01,Mid-Market,1,2025-12-01,16,52670.12,16,52438.19
2025-11-01,2025-10-01,Mid-Market,2,2026-01-01,16,52670.12,16,53797.65
2025-11-01,2025-10-01,Mid-Market,3,2026-02-01,16,52670.12,15,52527.39
2025-11-01,2025-10-01,Mid-Market,4,2026-03-01,16,52670.12,15,51867.92
2025-11-01,2025-10-01,Mid-Market,5,2026-04-01,16,52670.12,15,54411.77
2025-11-01,2025-10-01,Mid-Market,6,2026-05-01,16,52670.12,15,54411.77
2025-11-01,2025-10-01,Mid-Market,7,2026-06-01,16,52670.12,15,51639.64
2025-11-01,2025-10-01,Mid-Market,8,2026-07-01,16,52670.12,15,51677.08
2025-11-01,2025-10-01,Mid-Market,9,2026-08-01,16,52670.12,15,51097.25
2025-11-01,2025-10-01,SMB,0,2025-11-01,33,12840.87,33,12840.87
2025-11-01,2025-10-01,SMB,1,2025-12-01,33,12840.87,33,12865.87
2025-11-01,2025-10-01,SMB,2,2026-01-01,33,12840.87,31,12697.68
2025-11-01,2025-10-01,SMB,3,2026-02-01,33,12840.87,30,12572.68
2025-11-01,2025-10-01,SMB,4,2026-03-01,33,12840.87,29,12453.6
2025-11-01,2025-10-01,SMB,5,2026-04-01,33,12840.87,28,12199.84
2025-11-01,2025-10-01,SMB,6,2026-05-01,33,12840.87,25,11103.3
2025-11-01,2025-10-01,SMB,7,2026-06-01,33,12840.87,25,11103.3
2025-11-01,2025-10-01,SMB,8,2026-07-01,33,12840.87,24,10057.02
2025-11-01,2025-10-01,SMB,9,2026-08-01,33,12840.87,24,9941.12
2025-12-01,2025-10-01,Enterprise,0,2025-12-01,9,342451.09,9,342451.09
2025-12-01,2025-10-01,Enterprise,1,2026-01-01,9,342451.09,9,356825.78
2025-12-01,2025-10-01,Enterprise,2,2026-02-01,9,342451.09,9,338077.69
2025-12-01,2025-10-01,Enterprise,3,2026-03-01,9,342451.09,9,356518.09
2025-12-01,2025-10-01,Enterprise,4,2026-04-01,9,342451.09,9,377036.39
2025-12-01,2025-10-01,Enterprise,5,2026-05-01,9,342451.09,9,409558.55
2025-12-01,2025-10-01,Enterprise,6,2026-06-01,9,342451.09,9,397943.87
2025-12-01,2025-10-01,Enterprise,7,2026-07-01,9,342451.09,9,423251.41
2025-12-01,2025-10-01,Enterprise,8,2026-08-01,9,342451.09,9,423251.41
2025-12-01,2025-10-01,Mid-Market,0,2025-12-01,19,42394.68,19,42394.68
2025-12-01,2025-10-01,Mid-Market,1,2026-01-01,19,42394.68,17,41078.33
2025-12-01,2025-10-01,Mid-Market,2,2026-02-01,19,42394.68,17,41078.33
2025-12-01,2025-10-01,Mid-Market,3,2026-03-01,19,42394.68,17,41377.89
2025-12-01,2025-10-01,Mid-Market,4,2026-04-01,19,42394.68,17,41484.55
2025-12-01,2025-10-01,Mid-Market,5,2026-05-01,19,42394.68,17,42229.21
2025-12-01,2025-10-01,Mid-Market,6,2026-06-01,19,42394.68,17,42667.16
2025-12-01,2025-10-01,Mid-Market,7,2026-07-01,19,42394.68,17,42667.16
2025-12-01,2025-10-01,Mid-Market,8,2026-08-01,19,42394.68,17,42326.9
2025-12-01,2025-10-01,SMB,0,2025-12-01,33,16186.86,33,16186.86
2025-12-01,2025-10-01,SMB,1,2026-01-01,33,16186.86,30,14680.07
2025-12-01,2025-10-01,SMB,2,2026-02-01,33,16186.86,26,12450.43
2025-12-01,2025-10-01,SMB,3,2026-03-01,33,16186.86,26,12643.78
2025-12-01,2025-10-01,SMB,4,2026-04-01,33,16186.86,25,11546.42
2025-12-01,2025-10-01,SMB,5,2026-05-01,33,16186.86,21,10783.25
2025-12-01,2025-10-01,SMB,6,2026-06-01,33,16186.86,20,11073.5
2025-12-01,2025-10-01,SMB,7,2026-07-01,33,16186.86,20,10230.67
2025-12-01,2025-10-01,SMB,8,2026-08-01,33,16186.86,20,10387.57
2026-01-01,2026-01-01,Enterprise,0,2026-01-01,6,116017.09,6,116017.09
2026-01-01,2026-01-01,Enterprise,1,2026-02-01,6,116017.09,6,116017.09
2026-01-01,2026-01-01,Enterprise,2,2026-03-01,6,116017.09,6,125024.11
2026-01-01,2026-01-01,Enterprise,3,2026-04-01,6,116017.09,6,146787.17
2026-01-01,2026-01-01,Enterprise,4,2026-05-01,6,116017.09,6,146787.17
2026-01-01,2026-01-01,Enterprise,5,2026-06-01,6,116017.09,6,147887.49
2026-01-01,2026-01-01,Enterprise,6,2026-07-01,6,116017.09,6,145652.07
2026-01-01,2026-01-01,Enterprise,7,2026-08-01,6,116017.09,6,151574.78
2026-01-01,2026-01-01,Mid-Market,0,2026-01-01,15,53906.01,15,53906.01
2026-01-01,2026-01-01,Mid-Market,1,2026-02-01,15,53906.01,14,50646.35
2026-01-01,2026-01-01,Mid-Market,2,2026-03-01,15,53906.01,14,53345.09
2026-01-01,2026-01-01,Mid-Market,3,2026-04-01,15,53906.01,14,53756.93
2026-01-01,2026-01-01,Mid-Market,4,2026-05-01,15,53906.01,14,52244.93
2026-01-01,2026-01-01,Mid-Market,5,2026-06-01,15,53906.01,13,44473.52
2026-01-01,2026-01-01,Mid-Market,6,2026-07-01,15,53906.01,13,44473.52
2026-01-01,2026-01-01,Mid-Market,7,2026-08-01,15,53906.01,13,43868.34
2026-01-01,2026-01-01,SMB,0,2026-01-01,33,19739.55,33,19739.55
2026-01-01,2026-01-01,SMB,1,2026-02-01,33,19739.55,31,18735.64
2026-01-01,2026-01-01,SMB,2,2026-03-01,33,19739.55,29,17720.53
2026-01-01,2026-01-01,SMB,3,2026-04-01,33,19739.55,28,16302.13
2026-01-01,2026-01-01,SMB,4,2026-05-01,33,19739.55,26,14441.57
2026-01-01,2026-01-01,SMB,5,2026-06-01,33,19739.55,24,12500.58
2026-01-01,2026-01-01,SMB,6,2026-07-01,33,19739.55,24,12600.58
2026-01-01,2026-01-01,SMB,7,2026-08-01,33,19739.55,23,11415.78
2026-02-01,2026-01-01,Enterprise,0,2026-02-01,5,112475.51,5,112475.51
2026-02-01,2026-01-01,Enterprise,1,2026-03-01,5,112475.51,5,127965.88
2026-02-01,2026-01-01,Enterprise,2,2026-04-01,5,112475.51,5,127965.88
2026-02-01,2026-01-01,Enterprise,3,2026-05-01,5,112475.51,5,127965.88
2026-02-01,2026-01-01,Enterprise,4,2026-06-01,5,112475.51,5,129435.48
2026-02-01,2026-01-01,Enterprise,5,2026-07-01,5,112475.51,5,131425.38
2026-02-01,2026-01-01,Enterprise,6,2026-08-01,5,112475.51,5,131425.38
2026-02-01,2026-01-01,Mid-Market,0,2026-02-01,15,35144.99,15,35144.99
2026-02-01,2026-01-01,Mid-Market,1,2026-03-01,15,35144.99,15,37126.27
2026-02-01,2026-01-01,Mid-Market,2,2026-04-01,15,35144.99,15,37091.22
2026-02-01,2026-01-01,Mid-Market,3,2026-05-01,15,35144.99,15,37091.22
2026-02-01,2026-01-01,Mid-Market,4,2026-06-01,15,35144.99,14,31272.12
2026-02-01,2026-01-01,Mid-Market,5,2026-07-01,15,35144.99,14,28968.57
2026-02-01,2026-01-01,Mid-Market,6,2026-08-01,15,35144.99,14,28968.57
2026-02-01,2026-01-01,SMB,0,2026-02-01,38,14495.19,38,14495.19
2026-02-01,2026-01-01,SMB,1,2026-03-01,38,14495.19,37,14708.07
2026-02-01,2026-01-01,SMB,2,2026-04-01,38,14495.19,37,14605.47
2026-02-01,2026-01-01,SMB,3,2026-05-01,38,14495.19,36,13768.52
2026-02-01,2026-01-01,SMB,4,2026-06-01,38,14495.19,36,14030.75
2026-02-01,2026-01-01,SMB,5,2026-07-01,38,14495.19,31,14048.03
2026-02-01,2026-01-01,SMB,6,2026-08-01,38,14495.19,31,14023.66
2026-03-01,2026-01-01,Enterprise,0,2026-03-01,6,76880.07,6,76880.07
2026-03-01,2026-01-01,Enterprise,1,2026-04-01,6,76880.07,6,78928.02
2026-03-01,2026-01-01,Enterprise,2,2026-05-01,6,76880.07,6,78928.02
2026-03-01,2026-01-01,Enterprise,3,2026-06-01,6,76880.07,6,70176.42
2026-03-01,2026-01-01,Enterprise,4,2026-07-01,6,76880.07,6,73242.2
2026-03-01,2026-01-01,Enterprise,5,2026-08-01,6,76880.07,6,77325.95
2026-03-01,2026-01-01,Mid-Market,0,2026-03-01,22,67696.15,22,67696.15
2026-03-01,2026-01-01,Mid-Market,1,2026-04-01,22,67696.15,22,65599.97
2026-03-01,2026-01-01,Mid-Market,2,2026-05-01,22,67696.15,21,64208.52
2026-03-01,2026-01-01,Mid-Market,3,2026-06-01,22,67696.15,21,65297.76
2026-03-01,2026-01-01,Mid-Market,4,2026-07-01,22,67696.15,20,64077.72
2026-03-01,2026-01-01,Mid-Market,5,2026-08-01,22,67696.15,20,64121.64
2026-03-01,2026-01-01,SMB,0,2026-03-01,37,16138.27,37,16138.27
2026-03-01,2026-01-01,SMB,1,2026-04-01,37,16138.27,33,13258.21
2026-03-01,2026-01-01,SMB,2,2026-05-01,37,16138.27,30,12651.45
2026-03-01,2026-01-01,SMB,3,2026-06-01,37,16138.27,28,12216.35
2026-03-01,2026-01-01,SMB,4,2026-07-01,37,16138.27,27,11244.8
2026-03-01,2026-01-01,SMB,5,2026-08-01,37,16138.27,27,11084.01
2026-04-01,2026-04-01,Enterprise,0,2026-04-01,4,137365.18,4,137365.18
2026-04-01,2026-04-01,Enterprise,1,2026-05-01,4,137365.18,4,138490.18
2026-04-01,2026-04-01,Enterprise,2,2026-06-01,4,137365.18,4,138490.18
2026-04-01,2026-04-01,Enterprise,3,2026-07-01,4,137365.18,4,138490.18
2026-04-01,2026-04-01,Enterprise,4,2026-08-01,4,137365.18,4,138490.18
2026-04-01,2026-04-01,Mid-Market,0,2026-04-01,11,56317.24,11,56317.24
2026-04-01,2026-04-01,Mid-Market,1,2026-05-01,11,56317.24,11,61006.99
2026-04-01,2026-04-01,Mid-Market,2,2026-06-01,11,56317.24,10,50757.64
2026-04-01,2026-04-01,Mid-Market,3,2026-07-01,11,56317.24,10,50757.64
2026-04-01,2026-04-01,Mid-Market,4,2026-08-01,11,56317.24,10,50757.64
2026-04-01,2026-04-01,SMB,0,2026-04-01,35,16488.05,35,16488.05
2026-04-01,2026-04-01,SMB,1,2026-05-01,35,16488.05,32,15192.05
2026-04-01,2026-04-01,SMB,2,2026-06-01,35,16488.05,30,12173.49
2026-04-01,2026-04-01,SMB,3,2026-07-01,35,16488.05,29,12469.22
2026-04-01,2026-04-01,SMB,4,2026-08-01,35,16488.05,28,11217.83
2026-05-01,2026-04-01,Enterprise,0,2026-05-01,8,198430.5,8,198430.5
2026-05-01,2026-04-01,Enterprise,1,2026-06-01,8,198430.5,8,200931.46
2026-05-01,2026-04-01,Enterprise,2,2026-07-01,8,198430.5,8,209759.62
2026-05-01,2026-04-01,Enterprise,3,2026-08-01,8,198430.5,8,209759.62
2026-05-01,2026-04-01,Mid-Market,0,2026-05-01,14,64649.33,14,64649.33
2026-05-01,2026-04-01,Mid-Market,1,2026-06-01,14,64649.33,14,65033.18
2026-05-01,2026-04-01,Mid-Market,2,2026-07-01,14,64649.33,13,56780.55
2026-05-01,2026-04-01,Mid-Market,3,2026-08-01,14,64649.33,13,57973.66
2026-05-01,2026-04-01,SMB,0,2026-05-01,30,12895.24,30,12895.24
2026-05-01,2026-04-01,SMB,1,2026-06-01,30,12895.24,26,11013.87
2026-05-01,2026-04-01,SMB,2,2026-07-01,30,12895.24,25,10862.27
2026-05-01,2026-04-01,SMB,3,2026-08-01,30,12895.24,25,11465.35
2026-06-01,2026-04-01,Enterprise,0,2026-06-01,9,244908.32,9,244908.32
2026-06-01,2026-04-01,Enterprise,1,2026-07-01,9,244908.32,9,240924.08
2026-06-01,2026-04-01,Enterprise,2,2026-08-01,9,244908.32,9,240924.08
2026-06-01,2026-04-01,Mid-Market,0,2026-06-01,20,72674.13,20,72674.13
2026-06-01,2026-04-01,Mid-Market,1,2026-07-01,20,72674.13,19,72241.32
2026-06-01,2026-04-01,Mid-Market,2,2026-08-01,20,72674.13,18,72414.7
2026-06-01,2026-04-01,SMB,0,2026-06-01,30,11243.9,30,11243.9
2026-06-01,2026-04-01,SMB,1,2026-07-01,30,11243.9,28,11098.39
2026-06-01,2026-04-01,SMB,2,2026-08-01,30,11243.9,22,7916.44
2026-07-01,2026-07-01,Enterprise,0,2026-07-01,2,66535.7,2,66535.7
2026-07-01,2026-07-01,Enterprise,1,2026-08-01,2,66535.7,2,66535.7
2026-07-01,2026-07-01,Mid-Market,0,2026-07-01,21,81271.66,21,81271.66
2026-07-01,2026-07-01,Mid-Market,1,2026-08-01,21,81271.66,20,79902.39
2026-07-01,2026-07-01,SMB,0,2026-07-01,27,11488.08,27,11488.08
2026-07-01,2026-07-01,SMB,1,2026-08-01,27,11488.08,24,10359.43
2026-08-01,2026-07-01,Enterprise,0,2026-08-01,10,200057.05,10,200057.05
2026-08-01,2026-07-01,Mid-Market,0,2026-08-01,14,30637.74,14,30637.74
2026-08-01,2026-07-01,SMB,0,2026-08-01,27,12700.11,27,12700.11
