cohort_month,first_order_experience,activity_month,period_index,cohort_customers,active_customers,orders,net_revenue,contribution_margin,active_rate,cumulative_contribution_margin,cumulative_margin_per_customer
2024-02-01,Clean,2024-02-01,0,116,116,119,31616.00,9752.8,1.0,9752.8,84.08
2024-02-01,Clean,2024-03-01,1,116,19,19,4528.56,1323.73,0.1638,11076.53,95.49
2024-02-01,Clean,2024-04-01,2,116,20,20,4905.32,1457.97,0.1724,12534.5,108.06
2024-02-01,Clean,2024-05-01,3,116,11,11,1757.52,533.04,0.0948,13067.54,112.65
2024-02-01,Clean,2024-06-01,4,116,11,11,2899.54,746.83,0.0948,13814.37,119.09
2024-02-01,Clean,2024-07-01,5,116,11,11,3605.92,790.84,0.0948,14605.21,125.91
2024-02-01,Clean,2024-08-01,6,116,7,7,2139.54,459.37,0.0603,15064.58,129.87
2024-02-01,Clean,2024-09-01,7,116,8,8,2185.20,663.15,0.069,15727.73,135.58
2024-02-01,Clean,2024-10-01,8,116,4,4,1863.36,424.4,0.0345,16152.13,139.24
2024-02-01,Clean,2024-11-01,9,116,5,5,1057.11,361.51,0.0431,16513.64,142.36
2024-02-01,Clean,2024-12-01,10,116,2,2,388.24,-53.45,0.0172,16460.19,141.9
2024-02-01,Clean,2025-01-01,11,116,3,3,611.61,75.0,0.0259,16535.19,142.54
2024-02-01,Clean,2025-02-01,12,116,1,1,51.74,25.32,0.0086,16560.51,142.76
2024-02-01,Clean,2025-03-01,13,116,1,1,348.70,187.46,0.0086,16747.97,144.38
2024-02-01,Clean,2025-04-01,14,116,0,0,0.00,0.0,0.0,16747.97,144.38
2024-02-01,Clean,2025-05-01,15,116,1,1,185.70,55.53,0.0086,16803.5,144.86
2024-02-01,Clean,2025-06-01,16,116,1,1,164.08,52.78,0.0086,16856.28,145.31
2024-02-01,Clean,2025-07-01,17,116,0,0,0.00,0.0,0.0,16856.28,145.31
2024-02-01,Clean,2025-08-01,18,116,1,1,556.57,45.24,0.0086,16901.52,145.7
2024-02-01,Clean,2025-09-01,19,116,0,0,0.00,0.0,0.0,16901.52,145.7
2024-02-01,Clean,2025-10-01,20,116,1,1,1333.40,206.03,0.0086,17107.55,147.48
2024-02-01,Clean,2025-11-01,21,116,0,0,0.00,0.0,0.0,17107.55,147.48
2024-02-01,Clean,2025-12-01,22,116,1,1,864.42,178.83,0.0086,17286.38,149.02
2024-02-01,Clean,2026-01-01,23,116,0,0,0.00,0.0,0.0,17286.38,149.02
2024-02-01,Clean,2026-02-01,24,116,0,0,0.00,0.0,0.0,17286.38,149.02
2024-02-01,Clean,2026-03-01,25,116,0,0,0.00,0.0,0.0,17286.38,149.02
2024-02-01,Clean,2026-04-01,26,116,0,0,0.00,0.0,0.0,17286.38,149.02
2024-02-01,Clean,2026-05-01,27,116,0,0,0.00,0.0,0.0,17286.38,149.02
2024-02-01,Clean,2026-06-01,28,116,0,0,0.00,0.0,0.0,17286.38,149.02
2024-05-01,Returned,2024-05-01,0,58,58,58,22075.91,944.15,1.0,944.15,16.28
2024-05-01,Returned,2024-06-01,1,58,5,5,2632.90,524.71,0.0862,1468.86,25.33
2024-05-01,Returned,2024-07-01,2,58,7,7,2243.83,493.73,0.1207,1962.59,33.84
2024-05-01,Returned,2024-08-01,3,58,10,10,2577.01,794.12,0.1724,2756.71,47.53
2024-05-01,Returned,2024-09-01,4,58,6,6,754.83,74.32,0.1034,2831.03,48.81
2024-05-01,Returned,2024-10-01,5,58,2,2,325.25,116.78,0.0345,2947.81,50.82
2024-05-01,Returned,2024-11-01,6,58,2,2,844.98,10.4,0.0345,2958.21,51.0
2024-05-01,Returned,2024-12-01,7,58,3,3,358.56,145.36,0.0517,3103.57,53.51
2024-05-01,Returned,2025-01-01,8,58,0,0,0.00,0.0,0.0,3103.57,53.51
2024-05-01,Returned,2025-02-01,9,58,3,3,1195.80,335.78,0.0517,3439.35,59.3
2024-05-01,Returned,2025-03-01,10,58,2,2,713.72,117.91,0.0345,3557.26,61.33
2024-05-01,Returned,2025-04-01,11,58,2,2,377.70,144.77,0.0345,3702.03,63.83
2024-05-01,Returned,2025-05-01,12,58,0,0,0.00,0.0,0.0,3702.03,63.83
2024-05-01,Returned,2025-06-01,13,58,1,1,29.47,8.54,0.0172,3710.57,63.98
2024-05-01,Returned,2025-07-01,14,58,0,0,0.00,0.0,0.0,3710.57,63.98
2024-05-01,Returned,2025-08-01,15,58,0,0,0.00,0.0,0.0,3710.57,63.98
2024-05-01,Returned,2025-09-01,16,58,0,0,0.00,0.0,0.0,3710.57,63.98
2024-05-01,Returned,2025-10-01,17,58,0,0,0.00,0.0,0.0,3710.57,63.98
2024-05-01,Returned,2025-11-01,18,58,0,0,0.00,0.0,0.0,3710.57,63.98
2024-05-01,Returned,2025-12-01,19,58,0,0,0.00,0.0,0.0,3710.57,63.98
2024-05-01,Returned,2026-01-01,20,58,0,0,0.00,0.0,0.0,3710.57,63.98
2024-05-01,Returned,2026-02-01,21,58,0,0,0.00,0.0,0.0,3710.57,63.98
2024-05-01,Returned,2026-03-01,22,58,0,0,0.00,0.0,0.0,3710.57,63.98
2024-05-01,Returned,2026-04-01,23,58,0,0,0.00,0.0,0.0,3710.57,63.98
2024-05-01,Returned,2026-05-01,24,58,0,0,0.00,0.0,0.0,3710.57,63.98
2024-05-01,Returned,2026-06-01,25,58,0,0,0.00,0.0,0.0,3710.57,63.98
2024-09-01,Returned,2024-09-01,0,75,75,75,28623.21,2489.56,1.0,2489.56,33.19
2024-09-01,Returned,2024-10-01,1,75,7,7,2438.31,332.78,0.0933,2822.34,37.63
2024-09-01,Returned,2024-11-01,2,75,14,14,3131.09,576.49,0.1867,3398.83,45.32
2024-09-01,Returned,2024-12-01,3,75,8,9,1718.65,578.83,0.1067,3977.66,53.04
2024-09-01,Returned,2025-01-01,4,75,4,4,878.09,84.75,0.0533,4062.41,54.17
2024-09-01,Returned,2025-02-01,5,75,4,4,944.47,245.24,0.0533,4307.65,57.44
2024-09-01,Returned,2025-03-01,6,75,1,1,223.34,64.71,0.0133,4372.36,58.3
2024-09-01,Returned,2025-04-01,7,75,1,1,353.93,168.13,0.0133,4540.49,60.54
2024-09-01,Returned,2025-05-01,8,75,4,4,1033.68,198.59,0.0533,4739.08,63.19
2024-09-01,Returned,2025-06-01,9,75,0,0,0.00,0.0,0.0,4739.08,63.19
2024-09-01,Returned,2025-07-01,10,75,1,1,1149.64,-228.42,0.0133,4510.66,60.14
2024-09-01,Returned,2025-08-01,11,75,0,0,0.00,0.0,0.0,4510.66,60.14
2024-09-01,Returned,2025-09-01,12,75,1,1,410.42,162.48,0.0133,4673.14,62.31
2024-09-01,Returned,2025-10-01,13,75,0,0,0.00,0.0,0.0,4673.14,62.31
2024-09-01,Returned,2025-11-01,14,75,0,0,0.00,0.0,0.0,4673.14,62.31
2024-09-01,Returned,2025-12-01,15,75,0,0,0.00,0.0,0.0,4673.14,62.31
2024-09-01,Returned,2026-01-01,16,75,1,1,59.62,0.0,0.0133,4673.14,62.31
2024-09-01,Returned,2026-02-01,17,75,0,0,0.00,0.0,0.0,4673.14,62.31
2024-09-01,Returned,2026-03-01,18,75,0,0,0.00,0.0,0.0,4673.14,62.31
2024-09-01,Returned,2026-04-01,19,75,0,0,0.00,0.0,0.0,4673.14,62.31
2024-09-01,Returned,2026-05-01,20,75,0,0,0.00,0.0,0.0,4673.14,62.31
2024-09-01,Returned,2026-06-01,21,75,0,0,0.00,0.0,0.0,4673.14,62.31
2025-01-01,Late and returned,2025-01-01,0,11,11,11,2760.66,54.66,1.0,54.66,4.97
2025-01-01,Late and returned,2025-02-01,1,11,1,1,190.46,59.05,0.0909,113.71,10.34
2025-01-01,Late and returned,2025-03-01,2,11,1,1,398.75,72.08,0.0909,185.79,16.89
2025-01-01,Late and returned,2025-04-01,3,11,1,1,109.41,54.3,0.0909,240.09,21.83
2025-01-01,Late and returned,2025-05-01,4,11,0,0,0.00,0.0,0.0,240.09,21.83
2025-01-01,Late and returned,2025-06-01,5,11,1,1,153.89,12.27,0.0909,252.36,22.94
2025-01-01,Late and returned,2025-07-01,6,11,0,0,0.00,0.0,0.0,252.36,22.94
2025-01-01,Late and returned,2025-08-01,7,11,0,0,0.00,0.0,0.0,252.36,22.94
2025-01-01,Late and returned,2025-09-01,8,11,0,0,0.00,0.0,0.0,252.36,22.94
2025-01-01,Late and returned,2025-10-01,9,11,0,0,0.00,0.0,0.0,252.36,22.94
2025-01-01,Late and returned,2025-11-01,10,11,0,0,0.00,0.0,0.0,252.36,22.94
2025-01-01,Late and returned,2025-12-01,11,11,0,0,0.00,0.0,0.0,252.36,22.94
2025-01-01,Late and returned,2026-01-01,12,11,1,1,125.63,41.33,0.0909,293.69,26.7
2025-01-01,Late and returned,2026-02-01,13,11,1,1,59.96,11.76,0.0909,305.45,27.77
2025-01-01,Late and returned,2026-03-01,14,11,0,0,0.00,0.0,0.0,305.45,27.77
2025-01-01,Late and returned,2026-04-01,15,11,0,0,0.00,0.0,0.0,305.45,27.77
2025-01-01,Late and returned,2026-05-01,16,11,0,0,0.00,0.0,0.0,305.45,27.77
2025-01-01,Late and returned,2026-06-01,17,11,0,0,0.00,0.0,0.0,305.45,27.77
2025-03-01,Delivered late,2025-03-01,0,22,22,23,4288.17,1377.16,1.0,1377.16,62.6
2025-03-01,Delivered late,2025-04-01,1,22,1,1,247.52,74.5,0.0455,1451.66,65.98
2025-03-01,Delivered late,2025-05-01,2,22,2,2,734.63,366.48,0.0909,1818.14,82.64
2025-03-01,Delivered late,2025-06-01,3,22,1,1,19.51,4.05,0.0455,1822.19,82.83
2025-03-01,Delivered late,2025-07-01,4,22,3,3,1277.53,111.56,0.1364,1933.75,87.9
2025-03-01,Delivered late,2025-08-01,5,22,2,2,1625.07,350.25,0.0909,2284.0,103.82
2025-03-01,Delivered late,2025-09-01,6,22,0,0,0.00,0.0,0.0,2284.0,103.82
2025-03-01,Delivered late,2025-10-01,7,22,0,0,0.00,0.0,0.0,2284.0,103.82
2025-03-01,Delivered late,2025-11-01,8,22,0,0,0.00,0.0,0.0,2284.0,103.82
2025-03-01,Delivered late,2025-12-01,9,22,0,0,0.00,0.0,0.0,2284.0,103.82
2025-03-01,Delivered late,2026-01-01,10,22,0,0,0.00,0.0,0.0,2284.0,103.82
2025-03-01,Delivered late,2026-02-01,11,22,0,0,0.00,0.0,0.0,2284.0,103.82
2025-03-01,Delivered late,2026-03-01,12,22,0,0,0.00,0.0,0.0,2284.0,103.82
2025-03-01,Delivered late,2026-04-01,13,22,0,0,0.00,0.0,0.0,2284.0,103.82
2025-03-01,Delivered late,2026-05-01,14,22,0,0,0.00,0.0,0.0,2284.0,103.82
2025-03-01,Delivered late,2026-06-01,15,22,0,0,0.00,0.0,0.0,2284.0,103.82
2025-06-01,Delivered late,2025-06-01,0,23,23,23,8137.02,2294.95,1.0,2294.95,99.78
2025-06-01,Delivered late,2025-07-01,1,23,1,1,263.78,100.91,0.0435,2395.86,104.17
2025-06-01,Delivered late,2025-08-01,2,23,2,2,104.24,46.97,0.087,2442.83,106.21
2025-06-01,Delivered late,2025-09-01,3,23,1,1,221.49,59.93,0.0435,2502.76,108.82
2025-06-01,Delivered late,2025-10-01,4,23,1,1,449.91,-196.22,0.0435,2306.54,100.28
2025-06-01,Delivered late,2025-11-01,5,23,1,1,38.02,9.2,0.0435,2315.74,100.68
2025-06-01,Delivered late,2025-12-01,6,23,0,0,0.00,0.0,0.0,2315.74,100.68
2025-06-01,Delivered late,2026-01-01,7,23,0,0,0.00,0.0,0.0,2315.74,100.68
2025-06-01,Delivered late,2026-02-01,8,23,0,0,0.00,0.0,0.0,2315.74,100.68
2025-06-01,Delivered late,2026-03-01,9,23,0,0,0.00,0.0,0.0,2315.74,100.68
2025-06-01,Delivered late,2026-04-01,10,23,1,1,166.79,16.65,0.0435,2332.39,101.41
2025-06-01,Delivered late,2026-05-01,11,23,0,0,0.00,0.0,0.0,2332.39,101.41
2025-06-01,Delivered late,2026-06-01,12,23,0,0,0.00,0.0,0.0,2332.39,101.41
2025-07-01,Returned,2025-07-01,0,66,66,67,23665.87,3992.4,1.0,3992.4,60.49
2025-07-01,Returned,2025-08-01,1,66,8,9,4040.88,1053.24,0.1212,5045.64,76.45
2025-07-01,Returned,2025-09-01,2,66,9,9,3859.34,765.81,0.1364,5811.45,88.05
2025-07-01,Returned,2025-10-01,3,66,9,9,2032.84,517.91,0.1364,6329.36,95.9
2025-07-01,Returned,2025-11-01,4,66,7,7,1529.09,395.36,0.1061,6724.72,101.89
2025-07-01,Returned,2025-12-01,5,66,3,3,659.32,195.95,0.0455,6920.67,104.86
2025-07-01,Returned,2026-01-01,6,66,5,5,1026.80,393.32,0.0758,7313.99,110.82
2025-07-01,Returned,2026-02-01,7,66,3,3,455.60,89.34,0.0455,7403.33,112.17
2025-07-01,Returned,2026-03-01,8,66,1,1,216.91,127.38,0.0152,7530.71,114.1
2025-07-01,Returned,2026-04-01,9,66,0,0,0.00,0.0,0.0,7530.71,114.1
2025-07-01,Returned,2026-05-01,10,66,1,1,129.93,56.08,0.0152,7586.79,114.95
2025-07-01,Returned,2026-06-01,11,66,0,0,0.00,0.0,0.0,7586.79,114.95
2025-08-01,Late and returned,2025-08-01,0,21,21,21,6394.32,770.4,1.0,770.4,36.69
2025-08-01,Late and returned,2025-09-01,1,21,1,1,70.58,41.7,0.0476,812.1,38.67
2025-08-01,Late and returned,2025-10-01,2,21,1,1,195.36,87.05,0.0476,899.15,42.82
2025-08-01,Late and returned,2025-11-01,3,21,1,1,95.97,-2.81,0.0476,896.34,42.68
2025-08-01,Late and returned,2025-12-01,4,21,2,2,135.47,75.13,0.0952,971.47,46.26
2025-08-01,Late and returned,2026-01-01,5,21,1,1,133.75,45.62,0.0476,1017.09,48.43
2025-08-01,Late and returned,2026-02-01,6,21,0,0,0.00,0.0,0.0,1017.09,48.43
2025-08-01,Late and returned,2026-03-01,7,21,0,0,0.00,0.0,0.0,1017.09,48.43
2025-08-01,Late and returned,2026-04-01,8,21,1,1,177.44,62.92,0.0476,1080.01,51.43
2025-08-01,Late and returned,2026-05-01,9,21,0,0,0.00,0.0,0.0,1080.01,51.43
2025-08-01,Late and returned,2026-06-01,10,21,0,0,0.00,0.0,0.0,1080.01,51.43
2026-01-01,Clean,2026-01-01,0,169,169,171,43465.61,11339.31,1.0,11339.31,67.1
2026-01-01,Clean,2026-02-01,1,169,15,15,3059.38,1148.99,0.0888,12488.3,73.9
2026-01-01,Clean,2026-03-01,2,169,34,35,9488.17,2151.7,0.2012,14640.0,86.63
2026-01-01,Clean,2026-04-01,3,169,20,20,6077.96,1520.39,0.1183,16160.39,95.62
2026-01-01,Clean,2026-05-01,4,169,16,16,4846.27,1668.54,0.0947,17828.93,105.5
2026-01-01,Clean,2026-06-01,5,169,9,9,1549.36,451.75,0.0533,18280.68,108.17
2026-04-01,Returned,2026-04-01,0,71,71,74,25312.02,2179.34,1.0,2179.34,30.69
2026-04-01,Returned,2026-05-01,1,71,7,7,1410.82,237.96,0.0986,2417.3,34.05
2026-04-01,Returned,2026-06-01,2,71,9,9,2996.82,260.52,0.1268,2677.82,37.72
2024-03-01,Delivered late,2024-03-01,0,19,19,19,4565.77,1151.12,1.0,1151.12,60.59
2024-03-01,Delivered late,2024-04-01,1,19,1,1,327.09,30.31,0.0526,1181.43,62.18
2024-03-01,Delivered late,2024-05-01,2,19,1,1,171.16,21.13,0.0526,1202.56,63.29
2024-03-01,Delivered late,2024-06-01,3,19,2,2,65.80,21.04,0.1053,1223.6,64.4
2024-03-01,Delivered late,2024-07-01,4,19,1,1,134.64,8.7,0.0526,1232.3,64.86
2024-03-01,Delivered late,2024-08-01,5,19,0,0,0.00,0.0,0.0,1232.3,64.86
2024-03-01,Delivered late,2024-09-01,6,19,1,1,793.51,129.79,0.0526,1362.09,71.69
2024-03-01,Delivered late,2024-10-01,7,19,0,0,0.00,0.0,0.0,1362.09,71.69
2024-03-01,Delivered late,2024-11-01,8,19,0,0,0.00,0.0,0.0,1362.09,71.69
2024-03-01,Delivered late,2024-12-01,9,19,0,0,0.00,0.0,0.0,1362.09,71.69
2024-03-01,Delivered late,2025-01-01,10,19,0,0,0.00,0.0,0.0,1362.09,71.69
2024-03-01,Delivered late,2025-02-01,11,19,0,0,0.00,0.0,0.0,1362.09,71.69
2024-03-01,Delivered late,2025-03-01,12,19,0,0,0.00,0.0,0.0,1362.09,71.69
2024-03-01,Delivered late,2025-04-01,13,19,0,0,0.00,0.0,0.0,1362.09,71.69
2024-03-01,Delivered late,2025-05-01,14,19,0,0,0.00,0.0,0.0,1362.09,71.69
2024-03-01,Delivered late,2025-06-01,15,19,0,0,0.00,0.0,0.0,1362.09,71.69
2024-03-01,Delivered late,2025-07-01,16,19,0,0,0.00,0.0,0.0,1362.09,71.69
2024-03-01,Delivered late,2025-08-01,17,19,0,0,0.00,0.0,0.0,1362.09,71.69
2024-03-01,Delivered late,2025-09-01,18,19,0,0,0.00,0.0,0.0,1362.09,71.69
2024-03-01,Delivered late,2025-10-01,19,19,0,0,0.00,0.0,0.0,1362.09,71.69
2024-03-01,Delivered late,2025-11-01,20,19,0,0,0.00,0.0,0.0,1362.09,71.69
2024-03-01,Delivered late,2025-12-01,21,19,0,0,0.00,0.0,0.0,1362.09,71.69
2024-03-01,Delivered late,2026-01-01,22,19,0,0,0.00,0.0,0.0,1362.09,71.69
2024-03-01,Delivered late,2026-02-01,23,19,0,0,0.00,0.0,0.0,1362.09,71.69
2024-03-01,Delivered late,2026-03-01,24,19,0,0,0.00,0.0,0.0,1362.09,71.69
2024-03-01,Delivered late,2026-04-01,25,19,0,0,0.00,0.0,0.0,1362.09,71.69
2024-03-01,Delivered late,2026-05-01,26,19,0,0,0.00,0.0,0.0,1362.09,71.69
2024-03-01,Delivered late,2026-06-01,27,19,0,0,0.00,0.0,0.0,1362.09,71.69
2024-07-01,Delivered late,2024-07-01,0,15,15,15,3078.47,815.89,1.0,815.89,54.39
2024-07-01,Delivered late,2024-08-01,1,15,2,2,1110.86,239.76,0.1333,1055.65,70.38
2024-07-01,Delivered late,2024-09-01,2,15,3,3,730.56,185.88,0.2,1241.53,82.77
2024-07-01,Delivered late,2024-10-01,3,15,1,1,128.01,80.76,0.0667,1322.29,88.15
2024-07-01,Delivered late,2024-11-01,4,15,0,0,0.00,0.0,0.0,1322.29,88.15
2024-07-01,Delivered late,2024-12-01,5,15,1,1,95.89,46.62,0.0667,1368.91,91.26
2024-07-01,Delivered late,2025-01-01,6,15,1,1,243.15,100.54,0.0667,1469.45,97.96
2024-07-01,Delivered late,2025-02-01,7,15,0,0,0.00,0.0,0.0,1469.45,97.96
2024-07-01,Delivered late,2025-03-01,8,15,1,1,1550.37,279.41,0.0667,1748.86,116.59
2024-07-01,Delivered late,2025-04-01,9,15,1,1,523.62,158.73,0.0667,1907.59,127.17
2024-07-01,Delivered late,2025-05-01,10,15,0,0,0.00,0.0,0.0,1907.59,127.17
2024-07-01,Delivered late,2025-06-01,11,15,0,0,0.00,0.0,0.0,1907.59,127.17
2024-07-01,Delivered late,2025-07-01,12,15,0,0,0.00,0.0,0.0,1907.59,127.17
2024-07-01,Delivered late,2025-08-01,13,15,0,0,0.00,0.0,0.0,1907.59,127.17
2024-07-01,Delivered late,2025-09-01,14,15,0,0,0.00,0.0,0.0,1907.59,127.17
2024-07-01,Delivered late,2025-10-01,15,15,0,0,0.00,0.0,0.0,1907.59,127.17
2024-07-01,Delivered late,2025-11-01,16,15,0,0,0.00,0.0,0.0,1907.59,127.17
2024-07-01,Delivered late,2025-12-01,17,15,0,0,0.00,0.0,0.0,1907.59,127.17
2024-07-01,Delivered late,2026-01-01,18,15,0,0,0.00,0.0,0.0,1907.59,127.17
2024-07-01,Delivered late,2026-02-01,19,15,0,0,0.00,0.0,0.0,1907.59,127.17
2024-07-01,Delivered late,2026-03-01,20,15,0,0,0.00,0.0,0.0,1907.59,127.17
2024-07-01,Delivered late,2026-04-01,21,15,0,0,0.00,0.0,0.0,1907.59,127.17
2024-07-01,Delivered late,2026-05-01,22,15,0,0,0.00,0.0,0.0,1907.59,127.17
2024-07-01,Delivered late,2026-06-01,23,15,0,0,0.00,0.0,0.0,1907.59,127.17
2024-08-01,Delivered late,2024-08-01,0,22,22,23,5694.73,1582.9,1.0,1582.9,71.95
2024-08-01,Delivered late,2024-09-01,1,22,2,2,862.12,386.99,0.0909,1969.89,89.54
2024-08-01,Delivered late,2024-10-01,2,22,1,1,59.18,4.46,0.0455,1974.35,89.74
2024-08-01,Delivered late,2024-11-01,3,22,3,4,643.79,120.22,0.1364,2094.57,95.21
2024-08-01,Delivered late,2024-12-01,4,22,1,1,194.44,45.71,0.0455,2140.28,97.29
2024-08-01,Delivered late,2025-01-01,5,22,0,0,0.00,0.0,0.0,2140.28,97.29
2024-08-01,Delivered late,2025-02-01,6,22,0,0,0.00,0.0,0.0,2140.28,97.29
2024-08-01,Delivered late,2025-03-01,7,22,0,0,0.00,0.0,0.0,2140.28,97.29
2024-08-01,Delivered late,2025-04-01,8,22,0,0,0.00,0.0,0.0,2140.28,97.29
2024-08-01,Delivered late,2025-05-01,9,22,0,0,0.00,0.0,0.0,2140.28,97.29
2024-08-01,Delivered late,2025-06-01,10,22,0,0,0.00,0.0,0.0,2140.28,97.29
2024-08-01,Delivered late,2025-07-01,11,22,0,0,0.00,0.0,0.0,2140.28,97.29
2024-08-01,Delivered late,2025-08-01,12,22,0,0,0.00,0.0,0.0,2140.28,97.29
2024-08-01,Delivered late,2025-09-01,13,22,0,0,0.00,0.0,0.0,2140.28,97.29
2024-08-01,Delivered late,2025-10-01,14,22,0,0,0.00,0.0,0.0,2140.28,97.29
2024-08-01,Delivered late,2025-11-01,15,22,0,0,0.00,0.0,0.0,2140.28,97.29
2024-08-01,Delivered late,2025-12-01,16,22,0,0,0.00,0.0,0.0,2140.28,97.29
2024-08-01,Delivered late,2026-01-01,17,22,0,0,0.00,0.0,0.0,2140.28,97.29
2024-08-01,Delivered late,2026-02-01,18,22,0,0,0.00,0.0,0.0,2140.28,97.29
2024-08-01,Delivered late,2026-03-01,19,22,0,0,0.00,0.0,0.0,2140.28,97.29
2024-08-01,Delivered late,2026-04-01,20,22,0,0,0.00,0.0,0.0,2140.28,97.29
2024-08-01,Delivered late,2026-05-01,21,22,0,0,0.00,0.0,0.0,2140.28,97.29
2024-08-01,Delivered late,2026-06-01,22,22,0,0,0.00,0.0,0.0,2140.28,97.29
2024-12-01,Delivered late,2024-12-01,0,50,50,51,9137.81,2427.4,1.0,2427.4,48.55
2024-12-01,Delivered late,2025-01-01,1,50,8,8,2319.09,691.32,0.16,3118.72,62.37
2024-12-01,Delivered late,2025-02-01,2,50,2,2,1087.12,362.92,0.04,3481.64,69.63
2024-12-01,Delivered late,2025-03-01,3,50,3,3,742.35,137.03,0.06,3618.67,72.37
2024-12-01,Delivered late,2025-04-01,4,50,4,4,420.92,134.94,0.08,3753.61,75.07
2024-12-01,Delivered late,2025-05-01,5,50,1,1,125.23,65.8,0.02,3819.41,76.39
2024-12-01,Delivered late,2025-06-01,6,50,1,1,1051.03,175.94,0.02,3995.35,79.91
2024-12-01,Delivered late,2025-07-01,7,50,1,1,448.18,-2.99,0.02,3992.36,79.85
2024-12-01,Delivered late,2025-08-01,8,50,0,0,0.00,0.0,0.0,3992.36,79.85
2024-12-01,Delivered late,2025-09-01,9,50,0,0,0.00,0.0,0.0,3992.36,79.85
2024-12-01,Delivered late,2025-10-01,10,50,0,0,0.00,0.0,0.0,3992.36,79.85
2024-12-01,Delivered late,2025-11-01,11,50,0,0,0.00,0.0,0.0,3992.36,79.85
2024-12-01,Delivered late,2025-12-01,12,50,0,0,0.00,0.0,0.0,3992.36,79.85
2024-12-01,Delivered late,2026-01-01,13,50,0,0,0.00,0.0,0.0,3992.36,79.85
2024-12-01,Delivered late,2026-02-01,14,50,0,0,0.00,0.0,0.0,3992.36,79.85
2024-12-01,Delivered late,2026-03-01,15,50,0,0,0.00,0.0,0.0,3992.36,79.85
2024-12-01,Delivered late,2026-04-01,16,50,0,0,0.00,0.0,0.0,3992.36,79.85
2024-12-01,Delivered late,2026-05-01,17,50,0,0,0.00,0.0,0.0,3992.36,79.85
2024-12-01,Delivered late,2026-06-01,18,50,0,0,0.00,0.0,0.0,3992.36,79.85
2025-05-01,Clean,2025-05-01,0,212,212,215,56578.46,15526.9,1.0,15526.9,73.24
2025-05-01,Clean,2025-06-01,1,212,24,24,6702.63,1914.93,0.1132,17441.83,82.27
2025-05-01,Clean,2025-07-01,2,212,33,33,8801.43,2324.31,0.1557,19766.14,93.24
2025-05-01,Clean,2025-08-01,3,212,19,19,5116.25,886.4,0.0896,20652.54,97.42
2025-05-01,Clean,2025-09-01,4,212,21,21,6113.74,1522.78,0.0991,22175.32,104.6
2025-05-01,Clean,2025-10-01,5,212,16,16,3037.66,458.36,0.0755,22633.68,106.76
2025-05-01,Clean,2025-11-01,6,212,8,8,1484.19,100.43,0.0377,22734.11,107.24
2025-05-01,Clean,2025-12-01,7,212,6,6,1342.43,356.58,0.0283,23090.69,108.92
2025-05-01,Clean,2026-01-01,8,212,6,6,826.21,161.74,0.0283,23252.43,109.68
2025-05-01,Clean,2026-02-01,9,212,1,1,59.96,7.02,0.0047,23259.45,109.71
2025-05-01,Clean,2026-03-01,10,212,6,6,1966.33,544.14,0.0283,23803.59,112.28
2025-05-01,Clean,2026-04-01,11,212,6,6,2319.56,394.02,0.0283,24197.61,114.14
2025-05-01,Clean,2026-05-01,12,212,5,5,2430.89,521.4,0.0236,24719.01,116.6
2025-05-01,Clean,2026-06-01,13,212,2,2,341.59,174.88,0.0094,24893.89,117.42
2025-09-01,Delivered late,2025-09-01,0,18,18,18,3989.89,1292.96,1.0,1292.96,71.83
2025-09-01,Delivered late,2025-10-01,1,18,3,3,623.73,227.44,0.1667,1520.4,84.47
2025-09-01,Delivered late,2025-11-01,2,18,1,1,82.08,42.16,0.0556,1562.56,86.81
2025-09-01,Delivered late,2025-12-01,3,18,3,3,734.32,-124.28,0.1667,1438.28,79.9
2025-09-01,Delivered late,2026-01-01,4,18,0,0,0.00,0.0,0.0,1438.28,79.9
2025-09-01,Delivered late,2026-02-01,5,18,0,0,0.00,0.0,0.0,1438.28,79.9
2025-09-01,Delivered late,2026-03-01,6,18,0,0,0.00,0.0,0.0,1438.28,79.9
2025-09-01,Delivered late,2026-04-01,7,18,0,0,0.00,0.0,0.0,1438.28,79.9
2025-09-01,Delivered late,2026-05-01,8,18,0,0,0.00,0.0,0.0,1438.28,79.9
2025-09-01,Delivered late,2026-06-01,9,18,0,0,0.00,0.0,0.0,1438.28,79.9
2025-11-01,Delivered late,2025-11-01,0,63,63,65,18483.91,5026.03,1.0,5026.03,79.78
2025-11-01,Delivered late,2025-12-01,1,63,3,3,540.81,212.9,0.0476,5238.93,83.16
2025-11-01,Delivered late,2026-01-01,2,63,6,6,1418.81,212.74,0.0952,5451.67,86.53
2025-11-01,Delivered late,2026-02-01,3,63,6,6,1938.52,769.57,0.0952,6221.24,98.75
2025-11-01,Delivered late,2026-03-01,4,63,3,3,542.61,103.81,0.0476,6325.05,100.4
2025-11-01,Delivered late,2026-04-01,5,63,0,0,0.00,0.0,0.0,6325.05,100.4
2025-11-01,Delivered late,2026-05-01,6,63,1,1,260.56,34.8,0.0159,6359.85,100.95
2025-11-01,Delivered late,2026-06-01,7,63,1,1,116.69,-71.48,0.0159,6288.37,99.82
2024-05-01,Delivered late,2024-05-01,0,25,25,25,4772.61,1541.66,1.0,1541.66,61.67
2024-05-01,Delivered late,2024-06-01,1,25,1,1,52.72,-2.75,0.04,1538.91,61.56
2024-05-01,Delivered late,2024-07-01,2,25,4,4,992.81,280.1,0.16,1819.01,72.76
2024-05-01,Delivered late,2024-08-01,3,25,1,1,258.50,77.85,0.04,1896.86,75.87
2024-05-01,Delivered late,2024-09-01,4,25,3,3,1011.18,204.27,0.12,2101.13,84.05
2024-05-01,Delivered late,2024-10-01,5,25,1,1,44.92,31.3,0.04,2132.43,85.3
2024-05-01,Delivered late,2024-11-01,6,25,1,1,208.78,82.39,0.04,2214.82,88.59
2024-05-01,Delivered late,2024-12-01,7,25,1,1,197.88,74.48,0.04,2289.3,91.57
2024-05-01,Delivered late,2025-01-01,8,25,0,0,0.00,0.0,0.0,2289.3,91.57
2024-05-01,Delivered late,2025-02-01,9,25,0,0,0.00,0.0,0.0,2289.3,91.57
2024-05-01,Delivered late,2025-03-01,10,25,0,0,0.00,0.0,0.0,2289.3,91.57
2024-05-01,Delivered late,2025-04-01,11,25,0,0,0.00,0.0,0.0,2289.3,91.57
2024-05-01,Delivered late,2025-05-01,12,25,1,1,47.86,20.91,0.04,2310.21,92.41
2024-05-01,Delivered late,2025-06-01,13,25,0,0,0.00,0.0,0.0,2310.21,92.41
2024-05-01,Delivered late,2025-07-01,14,25,0,0,0.00,0.0,0.0,2310.21,92.41
2024-05-01,Delivered late,2025-08-01,15,25,0,0,0.00,0.0,0.0,2310.21,92.41
2024-05-01,Delivered late,2025-09-01,16,25,0,0,0.00,0.0,0.0,2310.21,92.41
2024-05-01,Delivered late,2025-10-01,17,25,0,0,0.00,0.0,0.0,2310.21,92.41
2024-05-01,Delivered late,2025-11-01,18,25,0,0,0.00,0.0,0.0,2310.21,92.41
2024-05-01,Delivered late,2025-12-01,19,25,0,0,0.00,0.0,0.0,2310.21,92.41
2024-05-01,Delivered late,2026-01-01,20,25,0,0,0.00,0.0,0.0,2310.21,92.41
2024-05-01,Delivered late,2026-02-01,21,25,0,0,0.00,0.0,0.0,2310.21,92.41
2024-05-01,Delivered late,2026-03-01,22,25,0,0,0.00,0.0,0.0,2310.21,92.41
2024-05-01,Delivered late,2026-04-01,23,25,0,0,0.00,0.0,0.0,2310.21,92.41
2024-05-01,Delivered late,2026-05-01,24,25,0,0,0.00,0.0,0.0,2310.21,92.41
2024-05-01,Delivered late,2026-06-01,25,25,0,0,0.00,0.0,0.0,2310.21,92.41
2024-09-01,Delivered late,2024-09-01,0,23,23,23,4020.42,1484.83,1.0,1484.83,64.56
2024-09-01,Delivered late,2024-10-01,1,23,1,1,299.99,135.06,0.0435,1619.89,70.43
2024-09-01,Delivered late,2024-11-01,2,23,3,3,888.88,160.91,0.1304,1780.8,77.43
2024-09-01,Delivered late,2024-12-01,3,23,2,3,731.41,199.42,0.087,1980.22,86.1
2024-09-01,Delivered late,2025-01-01,4,23,1,1,332.26,129.07,0.0435,2109.29,91.71
2024-09-01,Delivered late,2025-02-01,5,23,0,0,0.00,0.0,0.0,2109.29,91.71
2024-09-01,Delivered late,2025-03-01,6,23,0,0,0.00,0.0,0.0,2109.29,91.71
2024-09-01,Delivered late,2025-04-01,7,23,0,0,0.00,0.0,0.0,2109.29,91.71
2024-09-01,Delivered late,2025-05-01,8,23,0,0,0.00,0.0,0.0,2109.29,91.71
2024-09-01,Delivered late,2025-06-01,9,23,0,0,0.00,0.0,0.0,2109.29,91.71
2024-09-01,Delivered late,2025-07-01,10,23,0,0,0.00,0.0,0.0,2109.29,91.71
2024-09-01,Delivered late,2025-08-01,11,23,0,0,0.00,0.0,0.0,2109.29,91.71
2024-09-01,Delivered late,2025-09-01,12,23,0,0,0.00,0.0,0.0,2109.29,91.71
2024-09-01,Delivered late,2025-10-01,13,23,0,0,0.00,0.0,0.0,2109.29,91.71
2024-09-01,Delivered late,2025-11-01,14,23,0,0,0.00,0.0,0.0,2109.29,91.71
2024-09-01,Delivered late,2025-12-01,15,23,0,0,0.00,0.0,0.0,2109.29,91.71
2024-09-01,Delivered late,2026-01-01,16,23,0,0,0.00,0.0,0.0,2109.29,91.71
2024-09-01,Delivered late,2026-02-01,17,23,0,0,0.00,0.0,0.0,2109.29,91.71
2024-09-01,Delivered late,2026-03-01,18,23,0,0,0.00,0.0,0.0,2109.29,91.71
2024-09-01,Delivered late,2026-04-01,19,23,0,0,0.00,0.0,0.0,2109.29,91.71
2024-09-01,Delivered late,2026-05-01,20,23,0,0,0.00,0.0,0.0,2109.29,91.71
2024-09-01,Delivered late,2026-06-01,21,23,0,0,0.00,0.0,0.0,2109.29,91.71
2025-03-01,Returned,2025-03-01,0,64,64,65,21959.66,2601.84,1.0,2601.84,40.65
2025-03-01,Returned,2025-04-01,1,64,9,9,3868.38,1118.61,0.1406,3720.45,58.13
2025-03-01,Returned,2025-05-01,2,64,13,13,2881.75,734.31,0.2031,4454.76,69.61
2025-03-01,Returned,2025-06-01,3,64,6,6,2722.92,-435.0,0.0938,4019.76,62.81
2025-03-01,Returned,2025-07-01,4,64,6,6,1266.19,446.4,0.0938,4466.16,69.78
2025-03-01,Returned,2025-08-01,5,64,4,4,714.35,262.56,0.0625,4728.72,73.89
2025-03-01,Returned,2025-09-01,6,64,4,4,1787.56,500.79,0.0625,5229.51,81.71
2025-03-01,Returned,2025-10-01,7,64,4,4,778.91,273.22,0.0625,5502.73,85.98
2025-03-01,Returned,2025-11-01,8,64,3,3,1437.44,350.71,0.0469,5853.44,91.46
2025-03-01,Returned,2025-12-01,9,64,2,2,455.56,116.57,0.0313,5970.01,93.28
2025-03-01,Returned,2026-01-01,10,64,0,0,0.00,0.0,0.0,5970.01,93.28
2025-03-01,Returned,2026-02-01,11,64,1,1,200.57,118.98,0.0156,6088.99,95.14
2025-03-01,Returned,2026-03-01,12,64,1,1,105.15,-2.96,0.0156,6086.03,95.09
2025-03-01,Returned,2026-04-01,13,64,0,0,0.00,0.0,0.0,6086.03,95.09
2025-03-01,Returned,2026-05-01,14,64,0,0,0.00,0.0,0.0,6086.03,95.09
2025-03-01,Returned,2026-06-01,15,64,0,0,0.00,0.0,0.0,6086.03,95.09
2025-05-01,Late and returned,2025-05-01,0,14,14,14,3678.81,543.29,1.0,543.29,38.81
2025-05-01,Late and returned,2025-06-01,1,14,3,3,1013.74,200.21,0.2143,743.5,53.11
2025-05-01,Late and returned,2025-07-01,2,14,1,1,249.54,100.97,0.0714,844.47,60.32
2025-05-01,Late and returned,2025-08-01,3,14,2,2,235.82,37.25,0.1429,881.72,62.98
2025-05-01,Late and returned,2025-09-01,4,14,1,1,164.80,53.62,0.0714,935.34,66.81
2025-05-01,Late and returned,2025-10-01,5,14,0,0,0.00,0.0,0.0,935.34,66.81
2025-05-01,Late and returned,2025-11-01,6,14,0,0,0.00,0.0,0.0,935.34,66.81
2025-05-01,Late and returned,2025-12-01,7,14,0,0,0.00,0.0,0.0,935.34,66.81
2025-05-01,Late and returned,2026-01-01,8,14,0,0,0.00,0.0,0.0,935.34,66.81
2025-05-01,Late and returned,2026-02-01,9,14,0,0,0.00,0.0,0.0,935.34,66.81
2025-05-01,Late and returned,2026-03-01,10,14,0,0,0.00,0.0,0.0,935.34,66.81
2025-05-01,Late and returned,2026-04-01,11,14,0,0,0.00,0.0,0.0,935.34,66.81
2025-05-01,Late and returned,2026-05-01,12,14,0,0,0.00,0.0,0.0,935.34,66.81
2025-05-01,Late and returned,2026-06-01,13,14,0,0,0.00,0.0,0.0,935.34,66.81
2025-06-01,Returned,2025-06-01,0,76,76,77,22976.69,3003.06,1.0,3003.06,39.51
2025-06-01,Returned,2025-07-01,1,76,8,8,4276.80,405.36,0.1053,3408.42,44.85
2025-06-01,Returned,2025-08-01,2,76,7,8,3347.08,1114.4,0.0921,4522.82,59.51
2025-06-01,Returned,2025-09-01,3,76,7,7,1931.31,560.79,0.0921,5083.61,66.89
2025-06-01,Returned,2025-10-01,4,76,5,5,931.26,166.39,0.0658,5250.0,69.08
2025-06-01,Returned,2025-11-01,5,76,5,5,563.80,-33.25,0.0658,5216.75,68.64
2025-06-01,Returned,2025-12-01,6,76,4,4,710.57,185.28,0.0526,5402.03,71.08
2025-06-01,Returned,2026-01-01,7,76,4,4,952.31,240.91,0.0526,5642.94,74.25
2025-06-01,Returned,2026-02-01,8,76,1,1,454.67,171.89,0.0132,5814.83,76.51
2025-06-01,Returned,2026-03-01,9,76,1,1,257.96,112.78,0.0132,5927.61,77.99
2025-06-01,Returned,2026-04-01,10,76,0,0,0.00,0.0,0.0,5927.61,77.99
2025-06-01,Returned,2026-05-01,11,76,1,1,28.80,16.23,0.0132,5943.84,78.21
2025-06-01,Returned,2026-06-01,12,76,0,0,0.00,0.0,0.0,5943.84,78.21
2025-07-01,Delivered late,2025-07-01,0,29,29,29,8796.34,2157.92,1.0,2157.92,74.41
2025-07-01,Delivered late,2025-08-01,1,29,2,2,177.82,63.09,0.069,2221.01,76.59
2025-07-01,Delivered late,2025-09-01,2,29,0,0,0.00,0.0,0.0,2221.01,76.59
2025-07-01,Delivered late,2025-10-01,3,29,2,2,361.58,228.71,0.069,2449.72,84.47
2025-07-01,Delivered late,2025-11-01,4,29,0,0,0.00,0.0,0.0,2449.72,84.47
2025-07-01,Delivered late,2025-12-01,5,29,1,1,454.15,73.94,0.0345,2523.66,87.02
2025-07-01,Delivered late,2026-01-01,6,29,0,0,0.00,0.0,0.0,2523.66,87.02
2025-07-01,Delivered late,2026-02-01,7,29,1,1,207.42,128.67,0.0345,2652.33,91.46
2025-07-01,Delivered late,2026-03-01,8,29,0,0,0.00,0.0,0.0,2652.33,91.46
2025-07-01,Delivered late,2026-04-01,9,29,0,0,0.00,0.0,0.0,2652.33,91.46
2025-07-01,Delivered late,2026-05-01,10,29,0,0,0.00,0.0,0.0,2652.33,91.46
2025-07-01,Delivered late,2026-06-01,11,29,0,0,0.00,0.0,0.0,2652.33,91.46
2026-04-01,Delivered late,2026-04-01,0,28,28,28,5982.82,1615.8,1.0,1615.8,57.71
2026-04-01,Delivered late,2026-05-01,1,28,1,1,105.15,57.32,0.0357,1673.12,59.75
2026-04-01,Delivered late,2026-06-01,2,28,1,1,30.65,3.7,0.0357,1676.82,59.89
2025-01-01,Delivered late,2025-01-01,0,18,18,18,3943.13,926.09,1.0,926.09,51.45
2025-01-01,Delivered late,2025-02-01,1,18,1,1,220.98,71.68,0.0556,997.77,55.43
2025-01-01,Delivered late,2025-03-01,2,18,1,1,65.52,31.85,0.0556,1029.62,57.2
2025-01-01,Delivered late,2025-04-01,3,18,2,2,187.97,-6.87,0.1111,1022.75,56.82
2025-01-01,Delivered late,2025-05-01,4,18,1,1,65.53,0.84,0.0556,1023.59,56.87
2025-01-01,Delivered late,2025-06-01,5,18,0,0,0.00,0.0,0.0,1023.59,56.87
2025-01-01,Delivered late,2025-07-01,6,18,0,0,0.00,0.0,0.0,1023.59,56.87
2025-01-01,Delivered late,2025-08-01,7,18,0,0,0.00,0.0,0.0,1023.59,56.87
2025-01-01,Delivered late,2025-09-01,8,18,0,0,0.00,0.0,0.0,1023.59,56.87
2025-01-01,Delivered late,2025-10-01,9,18,0,0,0.00,0.0,0.0,1023.59,56.87
2025-01-01,Delivered late,2025-11-01,10,18,0,0,0.00,0.0,0.0,1023.59,56.87
2025-01-01,Delivered late,2025-12-01,11,18,0,0,0.00,0.0,0.0,1023.59,56.87
2025-01-01,Delivered late,2026-01-01,12,18,0,0,0.00,0.0,0.0,1023.59,56.87
2025-01-01,Delivered late,2026-02-01,13,18,0,0,0.00,0.0,0.0,1023.59,56.87
2025-01-01,Delivered late,2026-03-01,14,18,0,0,0.00,0.0,0.0,1023.59,56.87
2025-01-01,Delivered late,2026-04-01,15,18,0,0,0.00,0.0,0.0,1023.59,56.87
2025-01-01,Delivered late,2026-05-01,16,18,0,0,0.00,0.0,0.0,1023.59,56.87
2025-01-01,Delivered late,2026-06-01,17,18,0,0,0.00,0.0,0.0,1023.59,56.87
2025-03-01,Late and returned,2025-03-01,0,10,10,10,2535.38,344.82,1.0,344.82,34.48
2025-03-01,Late and returned,2025-04-01,1,10,0,0,0.00,0.0,0.0,344.82,34.48
2025-03-01,Late and returned,2025-05-01,2,10,2,2,715.69,142.67,0.2,487.49,48.75
2025-03-01,Late and returned,2025-06-01,3,10,0,0,0.00,0.0,0.0,487.49,48.75
2025-03-01,Late and returned,2025-07-01,4,10,1,1,106.54,42.1,0.1,529.59,52.96
2025-03-01,Late and returned,2025-08-01,5,10,0,0,0.00,0.0,0.0,529.59,52.96
2025-03-01,Late and returned,2025-09-01,6,10,0,0,0.00,0.0,0.0,529.59,52.96
2025-03-01,Late and returned,2025-10-01,7,10,0,0,0.00,0.0,0.0,529.59,52.96
2025-03-01,Late and returned,2025-11-01,8,10,0,0,0.00,0.0,0.0,529.59,52.96
2025-03-01,Late and returned,2025-12-01,9,10,0,0,0.00,0.0,0.0,529.59,52.96
2025-03-01,Late and returned,2026-01-01,10,10,0,0,0.00,0.0,0.0,529.59,52.96
2025-03-01,Late and returned,2026-02-01,11,10,0,0,0.00,0.0,0.0,529.59,52.96
2025-03-01,Late and returned,2026-03-01,12,10,0,0,0.00,0.0,0.0,529.59,52.96
2025-03-01,Late and returned,2026-04-01,13,10,0,0,0.00,0.0,0.0,529.59,52.96
2025-03-01,Late and returned,2026-05-01,14,10,0,0,0.00,0.0,0.0,529.59,52.96
2025-03-01,Late and returned,2026-06-01,15,10,0,0,0.00,0.0,0.0,529.59,52.96
2025-05-01,Returned,2025-05-01,0,74,74,74,24918.45,4214.6,1.0,4214.6,56.95
2025-05-01,Returned,2025-06-01,1,74,10,10,2327.43,481.82,0.1351,4696.42,63.47
2025-05-01,Returned,2025-07-01,2,74,15,15,4374.99,1093.58,0.2027,5790.0,78.24
2025-05-01,Returned,2025-08-01,3,74,4,4,2482.75,560.0,0.0541,6350.0,85.81
2025-05-01,Returned,2025-09-01,4,74,5,5,1013.93,106.27,0.0676,6456.27,87.25
2025-05-01,Returned,2025-10-01,5,74,5,5,1553.37,383.52,0.0676,6839.79,92.43
2025-05-01,Returned,2025-11-01,6,74,2,2,134.16,83.71,0.027,6923.5,93.56
2025-05-01,Returned,2025-12-01,7,74,1,1,322.01,-130.71,0.0135,6792.79,91.79
2025-05-01,Returned,2026-01-01,8,74,3,3,291.54,144.11,0.0405,6936.9,93.74
2025-05-01,Returned,2026-02-01,9,74,2,2,734.16,263.3,0.027,7200.2,97.3
2025-05-01,Returned,2026-03-01,10,74,2,2,678.15,-186.04,0.027,7014.16,94.79
2025-05-01,Returned,2026-04-01,11,74,2,2,279.04,119.94,0.027,7134.1,96.41
2025-05-01,Returned,2026-05-01,12,74,1,1,190.35,-33.23,0.0135,7100.87,95.96
2025-05-01,Returned,2026-06-01,13,74,0,0,0.00,0.0,0.0,7100.87,95.96
2025-06-01,Late and returned,2025-06-01,0,14,14,14,2992.24,638.1,1.0,638.1,45.58
2025-06-01,Late and returned,2025-07-01,1,14,1,1,277.82,41.05,0.0714,679.15,48.51
2025-06-01,Late and returned,2025-08-01,2,14,2,2,256.99,120.19,0.1429,799.34,57.1
2025-06-01,Late and returned,2025-09-01,3,14,1,1,487.10,77.9,0.0714,877.24,62.66
2025-06-01,Late and returned,2025-10-01,4,14,0,0,0.00,0.0,0.0,877.24,62.66
2025-06-01,Late and returned,2025-11-01,5,14,0,0,0.00,0.0,0.0,877.24,62.66
2025-06-01,Late and returned,2025-12-01,6,14,0,0,0.00,0.0,0.0,877.24,62.66
2025-06-01,Late and returned,2026-01-01,7,14,0,0,0.00,0.0,0.0,877.24,62.66
2025-06-01,Late and returned,2026-02-01,8,14,0,0,0.00,0.0,0.0,877.24,62.66
2025-06-01,Late and returned,2026-03-01,9,14,0,0,0.00,0.0,0.0,877.24,62.66
2025-06-01,Late and returned,2026-04-01,10,14,0,0,0.00,0.0,0.0,877.24,62.66
2025-06-01,Late and returned,2026-05-01,11,14,0,0,0.00,0.0,0.0,877.24,62.66
2025-06-01,Late and returned,2026-06-01,12,14,0,0,0.00,0.0,0.0,877.24,62.66
2025-08-01,Delivered late,2025-08-01,0,17,17,17,5723.06,1259.48,1.0,1259.48,74.09
2025-08-01,Delivered late,2025-09-01,1,17,1,1,213.44,46.6,0.0588,1306.08,76.83
2025-08-01,Delivered late,2025-10-01,2,17,1,1,73.72,-3.07,0.0588,1303.01,76.65
2025-08-01,Delivered late,2025-11-01,3,17,1,1,321.72,149.18,0.0588,1452.19,85.42
2025-08-01,Delivered late,2025-12-01,4,17,1,1,122.76,-2.67,0.0588,1449.52,85.27
2025-08-01,Delivered late,2026-01-01,5,17,2,2,712.55,221.81,0.1176,1671.33,98.31
2025-08-01,Delivered late,2026-02-01,6,17,0,0,0.00,0.0,0.0,1671.33,98.31
2025-08-01,Delivered late,2026-03-01,7,17,1,1,507.18,59.33,0.0588,1730.66,101.8
2025-08-01,Delivered late,2026-04-01,8,17,0,0,0.00,0.0,0.0,1730.66,101.8
2025-08-01,Delivered late,2026-05-01,9,17,0,0,0.00,0.0,0.0,1730.66,101.8
2025-08-01,Delivered late,2026-06-01,10,17,0,0,0.00,0.0,0.0,1730.66,101.8
2024-06-01,Returned,2024-06-01,0,59,59,59,19400.75,1935.44,1.0,1935.44,32.8
2024-06-01,Returned,2024-07-01,1,59,13,13,3738.53,669.79,0.2203,2605.23,44.16
2024-06-01,Returned,2024-08-01,2,59,8,8,2497.38,585.3,0.1356,3190.53,54.08
2024-06-01,Returned,2024-09-01,3,59,5,5,1805.33,204.94,0.0847,3395.47,57.55
2024-06-01,Returned,2024-10-01,4,59,4,5,2324.44,384.32,0.0678,3779.79,64.06
2024-06-01,Returned,2024-11-01,5,59,5,5,1921.83,234.34,0.0847,4014.13,68.04
2024-06-01,Returned,2024-12-01,6,59,4,4,858.75,-256.31,0.0678,3757.82,63.69
2024-06-01,Returned,2025-01-01,7,59,0,0,0.00,0.0,0.0,3757.82,63.69
2024-06-01,Returned,2025-02-01,8,59,2,2,107.68,49.25,0.0339,3807.07,64.53
2024-06-01,Returned,2025-03-01,9,59,1,1,83.25,38.01,0.0169,3845.08,65.17
2024-06-01,Returned,2025-04-01,10,59,0,0,0.00,0.0,0.0,3845.08,65.17
2024-06-01,Returned,2025-05-01,11,59,1,1,120.56,60.7,0.0169,3905.78,66.2
2024-06-01,Returned,2025-06-01,12,59,0,0,0.00,0.0,0.0,3905.78,66.2
2024-06-01,Returned,2025-07-01,13,59,0,0,0.00,0.0,0.0,3905.78,66.2
2024-06-01,Returned,2025-08-01,14,59,0,0,0.00,0.0,0.0,3905.78,66.2
2024-06-01,Returned,2025-09-01,15,59,0,0,0.00,0.0,0.0,3905.78,66.2
2024-06-01,Returned,2025-10-01,16,59,0,0,0.00,0.0,0.0,3905.78,66.2
2024-06-01,Returned,2025-11-01,17,59,0,0,0.00,0.0,0.0,3905.78,66.2
2024-06-01,Returned,2025-12-01,18,59,0,0,0.00,0.0,0.0,3905.78,66.2
2024-06-01,Returned,2026-01-01,19,59,0,0,0.00,0.0,0.0,3905.78,66.2
2024-06-01,Returned,2026-02-01,20,59,0,0,0.00,0.0,0.0,3905.78,66.2
2024-06-01,Returned,2026-03-01,21,59,0,0,0.00,0.0,0.0,3905.78,66.2
2024-06-01,Returned,2026-04-01,22,59,0,0,0.00,0.0,0.0,3905.78,66.2
2024-06-01,Returned,2026-05-01,23,59,0,0,0.00,0.0,0.0,3905.78,66.2
2024-06-01,Returned,2026-06-01,24,59,0,0,0.00,0.0,0.0,3905.78,66.2
2024-10-01,Delivered late,2024-10-01,0,27,27,28,6671.49,1880.17,1.0,1880.17,69.64
2024-10-01,Delivered late,2024-11-01,1,27,4,4,662.26,75.83,0.1481,1956.0,72.44
2024-10-01,Delivered late,2024-12-01,2,27,3,3,769.74,129.02,0.1111,2085.02,77.22
2024-10-01,Delivered late,2025-01-01,3,27,2,2,1078.75,213.09,0.0741,2298.11,85.12
2024-10-01,Delivered late,2025-02-01,4,27,1,1,348.45,82.13,0.037,2380.24,88.16
2024-10-01,Delivered late,2025-03-01,5,27,1,1,43.52,14.36,0.037,2394.6,88.69
2024-10-01,Delivered late,2025-04-01,6,27,1,1,370.46,-16.23,0.037,2378.37,88.09
2024-10-01,Delivered late,2025-05-01,7,27,2,2,281.83,92.19,0.0741,2470.56,91.5
2024-10-01,Delivered late,2025-06-01,8,27,0,0,0.00,0.0,0.0,2470.56,91.5
2024-10-01,Delivered late,2025-07-01,9,27,0,0,0.00,0.0,0.0,2470.56,91.5
2024-10-01,Delivered late,2025-08-01,10,27,0,0,0.00,0.0,0.0,2470.56,91.5
2024-10-01,Delivered late,2025-09-01,11,27,0,0,0.00,0.0,0.0,2470.56,91.5
2024-10-01,Delivered late,2025-10-01,12,27,0,0,0.00,0.0,0.0,2470.56,91.5
2024-10-01,Delivered late,2025-11-01,13,27,0,0,0.00,0.0,0.0,2470.56,91.5
2024-10-01,Delivered late,2025-12-01,14,27,0,0,0.00,0.0,0.0,2470.56,91.5
2024-10-01,Delivered late,2026-01-01,15,27,0,0,0.00,0.0,0.0,2470.56,91.5
2024-10-01,Delivered late,2026-02-01,16,27,0,0,0.00,0.0,0.0,2470.56,91.5
2024-10-01,Delivered late,2026-03-01,17,27,0,0,0.00,0.0,0.0,2470.56,91.5
2024-10-01,Delivered late,2026-04-01,18,27,0,0,0.00,0.0,0.0,2470.56,91.5
2024-10-01,Delivered late,2026-05-01,19,27,0,0,0.00,0.0,0.0,2470.56,91.5
2024-10-01,Delivered late,2026-06-01,20,27,0,0,0.00,0.0,0.0,2470.56,91.5
2025-02-01,Delivered late,2025-02-01,0,16,16,16,2918.89,1012.19,1.0,1012.19,63.26
2025-02-01,Delivered late,2025-03-01,1,16,3,3,1869.20,67.04,0.1875,1079.23,67.45
2025-02-01,Delivered late,2025-04-01,2,16,2,2,581.67,264.98,0.125,1344.21,84.01
2025-02-01,Delivered late,2025-05-01,3,16,3,3,1149.46,134.26,0.1875,1478.47,92.4
2025-02-01,Delivered late,2025-06-01,4,16,1,1,510.36,-41.53,0.0625,1436.94,89.81
2025-02-01,Delivered late,2025-07-01,5,16,1,1,164.71,-6.36,0.0625,1430.58,89.41
2025-02-01,Delivered late,2025-08-01,6,16,0,0,0.00,0.0,0.0,1430.58,89.41
2025-02-01,Delivered late,2025-09-01,7,16,1,1,621.05,88.5,0.0625,1519.08,94.94
2025-02-01,Delivered late,2025-10-01,8,16,0,0,0.00,0.0,0.0,1519.08,94.94
2025-02-01,Delivered late,2025-11-01,9,16,0,0,0.00,0.0,0.0,1519.08,94.94
2025-02-01,Delivered late,2025-12-01,10,16,0,0,0.00,0.0,0.0,1519.08,94.94
2025-02-01,Delivered late,2026-01-01,11,16,0,0,0.00,0.0,0.0,1519.08,94.94
2025-02-01,Delivered late,2026-02-01,12,16,0,0,0.00,0.0,0.0,1519.08,94.94
2025-02-01,Delivered late,2026-03-01,13,16,0,0,0.00,0.0,0.0,1519.08,94.94
2025-02-01,Delivered late,2026-04-01,14,16,0,0,0.00,0.0,0.0,1519.08,94.94
2025-02-01,Delivered late,2026-05-01,15,16,0,0,0.00,0.0,0.0,1519.08,94.94
2025-02-01,Delivered late,2026-06-01,16,16,0,0,0.00,0.0,0.0,1519.08,94.94
2025-04-01,Returned,2025-04-01,0,83,83,84,28784.11,3553.12,1.0,3553.12,42.81
2025-04-01,Returned,2025-05-01,1,83,12,12,3905.57,1117.75,0.1446,4670.87,56.28
2025-04-01,Returned,2025-06-01,2,83,13,13,3888.98,906.12,0.1566,5576.99,67.19
2025-04-01,Returned,2025-07-01,3,83,5,5,1972.13,334.35,0.0602,5911.34,71.22
2025-04-01,Returned,2025-08-01,4,83,7,9,2932.87,638.85,0.0843,6550.19,78.92
2025-04-01,Returned,2025-09-01,5,83,1,1,836.27,240.11,0.012,6790.3,81.81
2025-04-01,Returned,2025-10-01,6,83,5,5,1333.77,273.29,0.0602,7063.59,85.1
2025-04-01,Returned,2025-11-01,7,83,1,1,202.84,1.95,0.012,7065.54,85.13
2025-04-01,Returned,2025-12-01,8,83,2,2,219.69,52.41,0.0241,7117.95,85.76
2025-04-01,Returned,2026-01-01,9,83,0,0,0.00,0.0,0.0,7117.95,85.76
2025-04-01,Returned,2026-02-01,10,83,0,0,0.00,0.0,0.0,7117.95,85.76
2025-04-01,Returned,2026-03-01,11,83,0,0,0.00,0.0,0.0,7117.95,85.76
2025-04-01,Returned,2026-04-01,12,83,0,0,0.00,0.0,0.0,7117.95,85.76
2025-04-01,Returned,2026-05-01,13,83,0,0,0.00,0.0,0.0,7117.95,85.76
2025-04-01,Returned,2026-06-01,14,83,0,0,0.00,0.0,0.0,7117.95,85.76
2025-10-01,Clean,2025-10-01,0,263,263,267,68734.15,20243.05,1.0,20243.05,76.97
2025-10-01,Clean,2025-11-01,1,263,36,36,8938.15,2367.06,0.1369,22610.11,85.97
2025-10-01,Clean,2025-12-01,2,263,44,44,13351.34,2938.83,0.1673,25548.94,97.14
2025-10-01,Clean,2026-01-01,3,263,31,32,7577.49,1893.75,0.1179,27442.69,104.34
2025-10-01,Clean,2026-02-01,4,263,32,32,10371.78,2660.69,0.1217,30103.38,114.46
2025-10-01,Clean,2026-03-01,5,263,17,17,5245.72,1553.21,0.0646,31656.59,120.37
2025-10-01,Clean,2026-04-01,6,263,17,18,5344.45,698.71,0.0646,32355.3,123.02
2025-10-01,Clean,2026-05-01,7,263,8,8,1740.61,338.71,0.0304,32694.01,124.31
2025-10-01,Clean,2026-06-01,8,263,13,14,3335.00,771.73,0.0494,33465.74,127.25
2026-02-01,Late and returned,2026-02-01,0,6,6,6,1482.25,158.27,1.0,158.27,26.38
2026-02-01,Late and returned,2026-03-01,1,6,0,0,0.00,0.0,0.0,158.27,26.38
2026-02-01,Late and returned,2026-04-01,2,6,0,0,0.00,0.0,0.0,158.27,26.38
2026-02-01,Late and returned,2026-05-01,3,6,0,0,0.00,0.0,0.0,158.27,26.38
2026-02-01,Late and returned,2026-06-01,4,6,0,0,0.00,0.0,0.0,158.27,26.38
2024-01-01,Returned,2024-01-01,0,36,36,38,13285.91,1236.68,1.0,1236.68,34.35
2024-01-01,Returned,2024-02-01,1,36,3,3,958.40,264.79,0.0833,1501.47,41.71
2024-01-01,Returned,2024-03-01,2,36,8,8,2481.85,917.56,0.2222,2419.03,67.2
2024-01-01,Returned,2024-04-01,3,36,2,2,1071.49,164.78,0.0556,2583.81,71.77
2024-01-01,Returned,2024-05-01,4,36,4,4,1373.00,560.27,0.1111,3144.08,87.34
2024-01-01,Returned,2024-06-01,5,36,2,2,206.08,42.43,0.0556,3186.51,88.51
2024-01-01,Returned,2024-07-01,6,36,1,1,764.72,195.81,0.0278,3382.32,93.95
2024-01-01,Returned,2024-08-01,7,36,0,0,0.00,0.0,0.0,3382.32,93.95
2024-01-01,Returned,2024-09-01,8,36,1,1,187.64,111.18,0.0278,3493.5,97.04
2024-01-01,Returned,2024-10-01,9,36,2,2,1116.36,395.27,0.0556,3888.77,108.02
2024-01-01,Returned,2024-11-01,10,36,1,1,192.96,59.84,0.0278,3948.61,109.68
2024-01-01,Returned,2024-12-01,11,36,0,0,0.00,0.0,0.0,3948.61,109.68
2024-01-01,Returned,2025-01-01,12,36,0,0,0.00,0.0,0.0,3948.61,109.68
2024-01-01,Returned,2025-02-01,13,36,0,0,0.00,0.0,0.0,3948.61,109.68
2024-01-01,Returned,2025-03-01,14,36,0,0,0.00,0.0,0.0,3948.61,109.68
2024-01-01,Returned,2025-04-01,15,36,0,0,0.00,0.0,0.0,3948.61,109.68
2024-01-01,Returned,2025-05-01,16,36,0,0,0.00,0.0,0.0,3948.61,109.68
2024-01-01,Returned,2025-06-01,17,36,0,0,0.00,0.0,0.0,3948.61,109.68
2024-01-01,Returned,2025-07-01,18,36,0,0,0.00,0.0,0.0,3948.61,109.68
2024-01-01,Returned,2025-08-01,19,36,0,0,0.00,0.0,0.0,3948.61,109.68
2024-01-01,Returned,2025-09-01,20,36,0,0,0.00,0.0,0.0,3948.61,109.68
2024-01-01,Returned,2025-10-01,21,36,0,0,0.00,0.0,0.0,3948.61,109.68
2024-01-01,Returned,2025-11-01,22,36,0,0,0.00,0.0,0.0,3948.61,109.68
2024-01-01,Returned,2025-12-01,23,36,0,0,0.00,0.0,0.0,3948.61,109.68
2024-01-01,Returned,2026-01-01,24,36,0,0,0.00,0.0,0.0,3948.61,109.68
2024-01-01,Returned,2026-02-01,25,36,0,0,0.00,0.0,0.0,3948.61,109.68
2024-01-01,Returned,2026-03-01,26,36,0,0,0.00,0.0,0.0,3948.61,109.68
2024-01-01,Returned,2026-04-01,27,36,0,0,0.00,0.0,0.0,3948.61,109.68
2024-01-01,Returned,2026-05-01,28,36,0,0,0.00,0.0,0.0,3948.61,109.68
2024-01-01,Returned,2026-06-01,29,36,0,0,0.00,0.0,0.0,3948.61,109.68
2024-10-01,Late and returned,2024-10-01,0,16,16,16,3472.69,218.18,1.0,218.18,13.64
2024-10-01,Late and returned,2024-11-01,1,16,0,0,0.00,0.0,0.0,218.18,13.64
2024-10-01,Late and returned,2024-12-01,2,16,4,4,825.35,158.07,0.25,376.25,23.52
2024-10-01,Late and returned,2025-01-01,3,16,1,1,1499.61,71.64,0.0625,447.89,27.99
2024-10-01,Late and returned,2025-02-01,4,16,0,0,0.00,0.0,0.0,447.89,27.99
2024-10-01,Late and returned,2025-03-01,5,16,1,1,548.95,248.18,0.0625,696.07,43.5
2024-10-01,Late and returned,2025-04-01,6,16,0,0,0.00,0.0,0.0,696.07,43.5
2024-10-01,Late and returned,2025-05-01,7,16,0,0,0.00,0.0,0.0,696.07,43.5
2024-10-01,Late and returned,2025-06-01,8,16,0,0,0.00,0.0,0.0,696.07,43.5
2024-10-01,Late and returned,2025-07-01,9,16,0,0,0.00,0.0,0.0,696.07,43.5
2024-10-01,Late and returned,2025-08-01,10,16,0,0,0.00,0.0,0.0,696.07,43.5
2024-10-01,Late and returned,2025-09-01,11,16,0,0,0.00,0.0,0.0,696.07,43.5
2024-10-01,Late and returned,2025-10-01,12,16,0,0,0.00,0.0,0.0,696.07,43.5
2024-10-01,Late and returned,2025-11-01,13,16,0,0,0.00,0.0,0.0,696.07,43.5
2024-10-01,Late and returned,2025-12-01,14,16,0,0,0.00,0.0,0.0,696.07,43.5
2024-10-01,Late and returned,2026-01-01,15,16,0,0,0.00,0.0,0.0,696.07,43.5
2024-10-01,Late and returned,2026-02-01,16,16,0,0,0.00,0.0,0.0,696.07,43.5
2024-10-01,Late and returned,2026-03-01,17,16,0,0,0.00,0.0,0.0,696.07,43.5
2024-10-01,Late and returned,2026-04-01,18,16,0,0,0.00,0.0,0.0,696.07,43.5
2024-10-01,Late and returned,2026-05-01,19,16,0,0,0.00,0.0,0.0,696.07,43.5
2024-10-01,Late and returned,2026-06-01,20,16,0,0,0.00,0.0,0.0,696.07,43.5
2025-02-01,Late and returned,2025-02-01,0,11,11,11,3146.26,466.74,1.0,466.74,42.43
2025-02-01,Late and returned,2025-03-01,1,11,0,0,0.00,0.0,0.0,466.74,42.43
2025-02-01,Late and returned,2025-04-01,2,11,1,1,131.59,-69.04,0.0909,397.7,36.15
2025-02-01,Late and returned,2025-05-01,3,11,0,0,0.00,0.0,0.0,397.7,36.15
2025-02-01,Late and returned,2025-06-01,4,11,0,0,0.00,0.0,0.0,397.7,36.15
2025-02-01,Late and returned,2025-07-01,5,11,0,0,0.00,0.0,0.0,397.7,36.15
2025-02-01,Late and returned,2025-08-01,6,11,0,0,0.00,0.0,0.0,397.7,36.15
2025-02-01,Late and returned,2025-09-01,7,11,0,0,0.00,0.0,0.0,397.7,36.15
2025-02-01,Late and returned,2025-10-01,8,11,0,0,0.00,0.0,0.0,397.7,36.15
2025-02-01,Late and returned,2025-11-01,9,11,0,0,0.00,0.0,0.0,397.7,36.15
2025-02-01,Late and returned,2025-12-01,10,11,0,0,0.00,0.0,0.0,397.7,36.15
2025-02-01,Late and returned,2026-01-01,11,11,0,0,0.00,0.0,0.0,397.7,36.15
2025-02-01,Late and returned,2026-02-01,12,11,0,0,0.00,0.0,0.0,397.7,36.15
2025-02-01,Late and returned,2026-03-01,13,11,0,0,0.00,0.0,0.0,397.7,36.15
2025-02-01,Late and returned,2026-04-01,14,11,0,0,0.00,0.0,0.0,397.7,36.15
2025-02-01,Late and returned,2026-05-01,15,11,0,0,0.00,0.0,0.0,397.7,36.15
2025-02-01,Late and returned,2026-06-01,16,11,0,0,0.00,0.0,0.0,397.7,36.15
2026-02-01,Delivered late,2026-02-01,0,26,26,27,6347.67,1918.78,1.0,1918.78,73.8
2026-02-01,Delivered late,2026-03-01,1,26,1,1,946.63,-52.12,0.0385,1866.66,71.79
2026-02-01,Delivered late,2026-04-01,2,26,5,5,1200.84,274.75,0.1923,2141.41,82.36
2026-02-01,Delivered late,2026-05-01,3,26,2,2,310.78,141.38,0.0769,2282.79,87.8
2026-02-01,Delivered late,2026-06-01,4,26,5,6,2429.33,617.05,0.1923,2899.84,111.53
2026-05-01,Returned,2026-05-01,0,72,72,73,21421.52,2004.33,1.0,2004.33,27.84
2026-05-01,Returned,2026-06-01,1,72,10,11,3610.15,1170.02,0.1389,3174.35,44.09
2026-06-01,Delivered late,2026-06-01,0,2,2,2,291.07,100.19,1.0,100.19,50.1
2024-01-01,Late and returned,2024-01-01,0,10,10,10,3171.50,473.72,1.0,473.72,47.37
2024-01-01,Late and returned,2024-02-01,1,10,1,1,116.64,62.68,0.1,536.4,53.64
2024-01-01,Late and returned,2024-03-01,2,10,1,1,524.45,153.56,0.1,689.96,69.0
2024-01-01,Late and returned,2024-04-01,3,10,2,2,305.35,148.07,0.2,838.03,83.8
2024-01-01,Late and returned,2024-05-01,4,10,1,1,242.04,96.71,0.1,934.74,93.47
2024-01-01,Late and returned,2024-06-01,5,10,0,0,0.00,0.0,0.0,934.74,93.47
2024-01-01,Late and returned,2024-07-01,6,10,0,0,0.00,0.0,0.0,934.74,93.47
2024-01-01,Late and returned,2024-08-01,7,10,0,0,0.00,0.0,0.0,934.74,93.47
2024-01-01,Late and returned,2024-09-01,8,10,0,0,0.00,0.0,0.0,934.74,93.47
2024-01-01,Late and returned,2024-10-01,9,10,0,0,0.00,0.0,0.0,934.74,93.47
2024-01-01,Late and returned,2024-11-01,10,10,0,0,0.00,0.0,0.0,934.74,93.47
2024-01-01,Late and returned,2024-12-01,11,10,0,0,0.00,0.0,0.0,934.74,93.47
2024-01-01,Late and returned,2025-01-01,12,10,0,0,0.00,0.0,0.0,934.74,93.47
2024-01-01,Late and returned,2025-02-01,13,10,0,0,0.00,0.0,0.0,934.74,93.47
2024-01-01,Late and returned,2025-03-01,14,10,0,0,0.00,0.0,0.0,934.74,93.47
2024-01-01,Late and returned,2025-04-01,15,10,0,0,0.00,0.0,0.0,934.74,93.47
2024-01-01,Late and returned,2025-05-01,16,10,0,0,0.00,0.0,0.0,934.74,93.47
2024-01-01,Late and returned,2025-06-01,17,10,0,0,0.00,0.0,0.0,934.74,93.47
2024-01-01,Late and returned,2025-07-01,18,10,0,0,0.00,0.0,0.0,934.74,93.47
2024-01-01,Late and returned,2025-08-01,19,10,0,0,0.00,0.0,0.0,934.74,93.47
2024-01-01,Late and returned,2025-09-01,20,10,0,0,0.00,0.0,0.0,934.74,93.47
2024-01-01,Late and returned,2025-10-01,21,10,0,0,0.00,0.0,0.0,934.74,93.47
2024-01-01,Late and returned,2025-11-01,22,10,0,0,0.00,0.0,0.0,934.74,93.47
2024-01-01,Late and returned,2025-12-01,23,10,0,0,0.00,0.0,0.0,934.74,93.47
2024-01-01,Late and returned,2026-01-01,24,10,0,0,0.00,0.0,0.0,934.74,93.47
2024-01-01,Late and returned,2026-02-01,25,10,0,0,0.00,0.0,0.0,934.74,93.47
2024-01-01,Late and returned,2026-03-01,26,10,0,0,0.00,0.0,0.0,934.74,93.47
2024-01-01,Late and returned,2026-04-01,27,10,0,0,0.00,0.0,0.0,934.74,93.47
2024-01-01,Late and returned,2026-05-01,28,10,0,0,0.00,0.0,0.0,934.74,93.47
2024-01-01,Late and returned,2026-06-01,29,10,0,0,0.00,0.0,0.0,934.74,93.47
2024-04-01,Clean,2024-04-01,0,174,174,176,56464.97,14657.03,1.0,14657.03,84.24
2024-04-01,Clean,2024-05-01,1,174,25,25,6939.12,1783.26,0.1437,16440.29,94.48
2024-04-01,Clean,2024-06-01,2,174,29,29,7766.05,2023.26,0.1667,18463.55,106.11
2024-04-01,Clean,2024-07-01,3,174,23,24,7065.86,1645.18,0.1322,20108.73,115.57
2024-04-01,Clean,2024-08-01,4,174,12,12,5225.99,1497.92,0.069,21606.65,124.18
2024-04-01,Clean,2024-09-01,5,174,13,13,6839.94,1313.19,0.0747,22919.84,131.72
2024-04-01,Clean,2024-10-01,6,174,9,9,1842.85,619.37,0.0517,23539.21,135.28
2024-04-01,Clean,2024-11-01,7,174,7,7,1529.78,299.26,0.0402,23838.47,137.0
2024-04-01,Clean,2024-12-01,8,174,2,2,128.36,51.93,0.0115,23890.4,137.3
2024-04-01,Clean,2025-01-01,9,174,3,3,508.21,197.84,0.0172,24088.24,138.44
2024-04-01,Clean,2025-02-01,10,174,1,1,334.28,96.97,0.0057,24185.21,139.0
2024-04-01,Clean,2025-03-01,11,174,2,2,1034.10,293.61,0.0115,24478.82,140.68
2024-04-01,Clean,2025-04-01,12,174,1,1,30.80,16.1,0.0057,24494.92,140.78
2024-04-01,Clean,2025-05-01,13,174,3,3,352.15,162.51,0.0172,24657.43,141.71
2024-04-01,Clean,2025-06-01,14,174,0,0,0.00,0.0,0.0,24657.43,141.71
2024-04-01,Clean,2025-07-01,15,174,0,0,0.00,0.0,0.0,24657.43,141.71
2024-04-01,Clean,2025-08-01,16,174,1,1,677.75,217.67,0.0057,24875.1,142.96
2024-04-01,Clean,2025-09-01,17,174,2,2,238.25,118.92,0.0115,24994.02,143.64
2024-04-01,Clean,2025-10-01,18,174,0,0,0.00,0.0,0.0,24994.02,143.64
2024-04-01,Clean,2025-11-01,19,174,0,0,0.00,0.0,0.0,24994.02,143.64
2024-04-01,Clean,2025-12-01,20,174,0,0,0.00,0.0,0.0,24994.02,143.64
2024-04-01,Clean,2026-01-01,21,174,1,1,144.46,-46.76,0.0057,24947.26,143.38
2024-04-01,Clean,2026-02-01,22,174,0,0,0.00,0.0,0.0,24947.26,143.38
2024-04-01,Clean,2026-03-01,23,174,0,0,0.00,0.0,0.0,24947.26,143.38
2024-04-01,Clean,2026-04-01,24,174,0,0,0.00,0.0,0.0,24947.26,143.38
2024-04-01,Clean,2026-05-01,25,174,0,0,0.00,0.0,0.0,24947.26,143.38
2024-04-01,Clean,2026-06-01,26,174,0,0,0.00,0.0,0.0,24947.26,143.38
2024-06-01,Delivered late,2024-06-01,0,16,16,16,3430.65,881.09,1.0,881.09,55.07
2024-06-01,Delivered late,2024-07-01,1,16,2,2,102.35,40.99,0.125,922.08,57.63
2024-06-01,Delivered late,2024-08-01,2,16,1,1,385.26,153.11,0.0625,1075.19,67.2
2024-06-01,Delivered late,2024-09-01,3,16,1,1,126.60,16.01,0.0625,1091.2,68.2
2024-06-01,Delivered late,2024-10-01,4,16,0,0,0.00,0.0,0.0,1091.2,68.2
2024-06-01,Delivered late,2024-11-01,5,16,0,0,0.00,0.0,0.0,1091.2,68.2
2024-06-01,Delivered late,2024-12-01,6,16,0,0,0.00,0.0,0.0,1091.2,68.2
2024-06-01,Delivered late,2025-01-01,7,16,0,0,0.00,0.0,0.0,1091.2,68.2
2024-06-01,Delivered late,2025-02-01,8,16,1,1,59.37,29.25,0.0625,1120.45,70.03
2024-06-01,Delivered late,2025-03-01,9,16,0,0,0.00,0.0,0.0,1120.45,70.03
2024-06-01,Delivered late,2025-04-01,10,16,0,0,0.00,0.0,0.0,1120.45,70.03
2024-06-01,Delivered late,2025-05-01,11,16,0,0,0.00,0.0,0.0,1120.45,70.03
2024-06-01,Delivered late,2025-06-01,12,16,0,0,0.00,0.0,0.0,1120.45,70.03
2024-06-01,Delivered late,2025-07-01,13,16,0,0,0.00,0.0,0.0,1120.45,70.03
2024-06-01,Delivered late,2025-08-01,14,16,0,0,0.00,0.0,0.0,1120.45,70.03
2024-06-01,Delivered late,2025-09-01,15,16,0,0,0.00,0.0,0.0,1120.45,70.03
2024-06-01,Delivered late,2025-10-01,16,16,0,0,0.00,0.0,0.0,1120.45,70.03
2024-06-01,Delivered late,2025-11-01,17,16,0,0,0.00,0.0,0.0,1120.45,70.03
2024-06-01,Delivered late,2025-12-01,18,16,0,0,0.00,0.0,0.0,1120.45,70.03
2024-06-01,Delivered late,2026-01-01,19,16,0,0,0.00,0.0,0.0,1120.45,70.03
2024-06-01,Delivered late,2026-02-01,20,16,0,0,0.00,0.0,0.0,1120.45,70.03
2024-06-01,Delivered late,2026-03-01,21,16,0,0,0.00,0.0,0.0,1120.45,70.03
2024-06-01,Delivered late,2026-04-01,22,16,0,0,0.00,0.0,0.0,1120.45,70.03
2024-06-01,Delivered late,2026-05-01,23,16,0,0,0.00,0.0,0.0,1120.45,70.03
2024-06-01,Delivered late,2026-06-01,24,16,0,0,0.00,0.0,0.0,1120.45,70.03
2024-10-01,Returned,2024-10-01,0,61,61,62,22148.34,2362.23,1.0,2362.23,38.73
2024-10-01,Returned,2024-11-01,1,61,14,14,4084.03,1227.73,0.2295,3589.96,58.85
2024-10-01,Returned,2024-12-01,2,61,14,15,3493.94,1009.52,0.2295,4599.48,75.4
2024-10-01,Returned,2025-01-01,3,61,8,8,1500.29,175.87,0.1311,4775.35,78.28
2024-10-01,Returned,2025-02-01,4,61,2,2,355.48,127.71,0.0328,4903.06,80.38
2024-10-01,Returned,2025-03-01,5,61,5,5,1308.72,372.96,0.082,5276.02,86.49
2024-10-01,Returned,2025-04-01,6,61,4,5,1764.82,225.14,0.0656,5501.16,90.18
2024-10-01,Returned,2025-05-01,7,61,6,6,1304.71,450.68,0.0984,5951.84,97.57
2024-10-01,Returned,2025-06-01,8,61,2,3,764.22,384.96,0.0328,6336.8,103.88
2024-10-01,Returned,2025-07-01,9,61,1,1,503.58,123.24,0.0164,6460.04,105.9
2024-10-01,Returned,2025-08-01,10,61,0,0,0.00,0.0,0.0,6460.04,105.9
2024-10-01,Returned,2025-09-01,11,61,1,1,98.12,-3.94,0.0164,6456.1,105.84
2024-10-01,Returned,2025-10-01,12,61,1,1,223.33,98.16,0.0164,6554.26,107.45
2024-10-01,Returned,2025-11-01,13,61,0,0,0.00,0.0,0.0,6554.26,107.45
2024-10-01,Returned,2025-12-01,14,61,0,0,0.00,0.0,0.0,6554.26,107.45
2024-10-01,Returned,2026-01-01,15,61,0,0,0.00,0.0,0.0,6554.26,107.45
2024-10-01,Returned,2026-02-01,16,61,0,0,0.00,0.0,0.0,6554.26,107.45
2024-10-01,Returned,2026-03-01,17,61,0,0,0.00,0.0,0.0,6554.26,107.45
2024-10-01,Returned,2026-04-01,18,61,0,0,0.00,0.0,0.0,6554.26,107.45
2024-10-01,Returned,2026-05-01,19,61,0,0,0.00,0.0,0.0,6554.26,107.45
2024-10-01,Returned,2026-06-01,20,61,0,0,0.00,0.0,0.0,6554.26,107.45
2024-11-01,Clean,2024-11-01,0,212,212,213,52216.12,14219.3,1.0,14219.3,67.07
2024-11-01,Clean,2024-12-01,1,212,30,31,7901.62,1832.47,0.1415,16051.77,75.72
2024-11-01,Clean,2025-01-01,2,212,35,36,10282.37,2470.66,0.1651,18522.43,87.37
2024-11-01,Clean,2025-02-01,3,212,24,24,6243.65,1510.76,0.1132,20033.19,94.5
2024-11-01,Clean,2025-03-01,4,212,19,19,4802.78,1293.7,0.0896,21326.89,100.6
2024-11-01,Clean,2025-04-01,5,212,14,15,4523.73,1024.79,0.066,22351.68,105.43
2024-11-01,Clean,2025-05-01,6,212,6,6,2399.25,342.36,0.0283,22694.04,107.05
2024-11-01,Clean,2025-06-01,7,212,11,12,4029.99,705.25,0.0519,23399.29,110.37
2024-11-01,Clean,2025-07-01,8,212,7,7,1825.58,159.37,0.033,23558.66,111.13
2024-11-01,Clean,2025-08-01,9,212,4,4,680.50,222.1,0.0189,23780.76,112.17
2024-11-01,Clean,2025-09-01,10,212,7,7,1353.71,489.01,0.033,24269.77,114.48
2024-11-01,Clean,2025-10-01,11,212,3,3,1028.38,209.74,0.0142,24479.51,115.47
2024-11-01,Clean,2025-11-01,12,212,4,4,425.81,66.22,0.0189,24545.73,115.78
2024-11-01,Clean,2025-12-01,13,212,4,4,1667.58,342.3,0.0189,24888.03,117.4
2024-11-01,Clean,2026-01-01,14,212,3,3,221.24,103.26,0.0142,24991.29,117.88
2024-11-01,Clean,2026-02-01,15,212,1,1,196.04,64.11,0.0047,25055.4,118.19
2024-11-01,Clean,2026-03-01,16,212,2,2,217.87,62.32,0.0094,25117.72,118.48
2024-11-01,Clean,2026-04-01,17,212,0,0,0.00,0.0,0.0,25117.72,118.48
2024-11-01,Clean,2026-05-01,18,212,0,0,0.00,0.0,0.0,25117.72,118.48
2024-11-01,Clean,2026-06-01,19,212,0,0,0.00,0.0,0.0,25117.72,118.48
2025-02-01,Returned,2025-02-01,0,53,53,54,18617.85,2544.19,1.0,2544.19,48.0
2025-02-01,Returned,2025-03-01,1,53,5,5,1006.47,434.39,0.0943,2978.58,56.2
2025-02-01,Returned,2025-04-01,2,53,5,5,1031.21,289.01,0.0943,3267.59,61.65
2025-02-01,Returned,2025-05-01,3,53,4,4,916.62,-19.07,0.0755,3248.52,61.29
2025-02-01,Returned,2025-06-01,4,53,1,1,72.73,43.09,0.0189,3291.61,62.11
2025-02-01,Returned,2025-07-01,5,53,3,3,602.36,218.73,0.0566,3510.34,66.23
2025-02-01,Returned,2025-08-01,6,53,2,2,225.20,110.17,0.0377,3620.51,68.31
2025-02-01,Returned,2025-09-01,7,53,1,1,132.68,48.37,0.0189,3668.88,69.22
2025-02-01,Returned,2025-10-01,8,53,1,1,122.76,62.32,0.0189,3731.2,70.4
2025-02-01,Returned,2025-11-01,9,53,1,1,95.77,22.65,0.0189,3753.85,70.83
2025-02-01,Returned,2025-12-01,10,53,0,0,0.00,0.0,0.0,3753.85,70.83
2025-02-01,Returned,2026-01-01,11,53,0,0,0.00,0.0,0.0,3753.85,70.83
2025-02-01,Returned,2026-02-01,12,53,0,0,0.00,0.0,0.0,3753.85,70.83
2025-02-01,Returned,2026-03-01,13,53,0,0,0.00,0.0,0.0,3753.85,70.83
2025-02-01,Returned,2026-04-01,14,53,0,0,0.00,0.0,0.0,3753.85,70.83
2025-02-01,Returned,2026-05-01,15,53,0,0,0.00,0.0,0.0,3753.85,70.83
2025-02-01,Returned,2026-06-01,16,53,0,0,0.00,0.0,0.0,3753.85,70.83
2025-04-01,Delivered late,2025-04-01,0,20,20,20,5745.56,1809.53,1.0,1809.53,90.48
2025-04-01,Delivered late,2025-05-01,1,20,2,2,539.87,288.86,0.1,2098.39,104.92
2025-04-01,Delivered late,2025-06-01,2,20,1,1,465.53,43.18,0.05,2141.57,107.08
2025-04-01,Delivered late,2025-07-01,3,20,2,2,302.02,140.49,0.1,2282.06,114.1
2025-04-01,Delivered late,2025-08-01,4,20,1,1,79.76,36.12,0.05,2318.18,115.91
2025-04-01,Delivered late,2025-09-01,5,20,1,1,44.67,29.52,0.05,2347.7,117.38
2025-04-01,Delivered late,2025-10-01,6,20,0,0,0.00,0.0,0.0,2347.7,117.38
2025-04-01,Delivered late,2025-11-01,7,20,1,1,62.01,33.33,0.05,2381.03,119.05
2025-04-01,Delivered late,2025-12-01,8,20,0,0,0.00,0.0,0.0,2381.03,119.05
2025-04-01,Delivered late,2026-01-01,9,20,0,0,0.00,0.0,0.0,2381.03,119.05
2025-04-01,Delivered late,2026-02-01,10,20,0,0,0.00,0.0,0.0,2381.03,119.05
2025-04-01,Delivered late,2026-03-01,11,20,0,0,0.00,0.0,0.0,2381.03,119.05
2025-04-01,Delivered late,2026-04-01,12,20,0,0,0.00,0.0,0.0,2381.03,119.05
2025-04-01,Delivered late,2026-05-01,13,20,0,0,0.00,0.0,0.0,2381.03,119.05
2025-04-01,Delivered late,2026-06-01,14,20,0,0,0.00,0.0,0.0,2381.03,119.05
2026-03-01,Clean,2026-03-01,0,242,242,247,63769.65,18625.99,1.0,18625.99,76.97
2026-03-01,Clean,2026-04-01,1,242,30,30,8530.29,3099.82,0.124,21725.81,89.78
2026-03-01,Clean,2026-05-01,2,242,50,50,14750.91,3191.3,0.2066,24917.11,102.96
2026-03-01,Clean,2026-06-01,3,242,38,40,10641.53,1177.98,0.157,26095.09,107.83
2026-05-01,Late and returned,2026-05-01,0,12,12,13,4227.69,417.73,1.0,417.73,34.81
2026-05-01,Late and returned,2026-06-01,1,12,1,1,52.72,27.93,0.0833,445.66,37.14
2024-03-01,Clean,2024-03-01,0,134,134,134,33801.79,9617.59,1.0,9617.59,71.77
2024-03-01,Clean,2024-04-01,1,134,22,22,6207.24,1306.6,0.1642,10924.19,81.52
2024-03-01,Clean,2024-05-01,2,134,21,21,6260.06,1557.42,0.1567,12481.61,93.15
2024-03-01,Clean,2024-06-01,3,134,11,12,2908.26,1101.3,0.0821,13582.91,101.36
2024-03-01,Clean,2024-07-01,4,134,15,16,3816.99,1177.98,0.1119,14760.89,110.16
2024-03-01,Clean,2024-08-01,5,134,6,6,700.70,119.7,0.0448,14880.59,111.05
2024-03-01,Clean,2024-09-01,6,134,4,4,2088.63,367.97,0.0299,15248.56,113.8
2024-03-01,Clean,2024-10-01,7,134,8,8,1634.40,487.18,0.0597,15735.74,117.43
2024-03-01,Clean,2024-11-01,8,134,4,4,431.04,188.6,0.0299,15924.34,118.84
2024-03-01,Clean,2024-12-01,9,134,3,3,522.22,102.4,0.0224,16026.74,119.6
2024-03-01,Clean,2025-01-01,10,134,3,3,424.75,197.05,0.0224,16223.79,121.07
2024-03-01,Clean,2025-02-01,11,134,2,2,988.23,206.28,0.0149,16430.07,122.61
2024-03-01,Clean,2025-03-01,12,134,0,0,0.00,0.0,0.0,16430.07,122.61
2024-03-01,Clean,2025-04-01,13,134,2,2,59.50,10.36,0.0149,16440.43,122.69
2024-03-01,Clean,2025-05-01,14,134,1,1,133.03,-5.78,0.0075,16434.65,122.65
2024-03-01,Clean,2025-06-01,15,134,0,0,0.00,0.0,0.0,16434.65,122.65
2024-03-01,Clean,2025-07-01,16,134,1,1,189.90,-112.18,0.0075,16322.47,121.81
2024-03-01,Clean,2025-08-01,17,134,0,0,0.00,0.0,0.0,16322.47,121.81
2024-03-01,Clean,2025-09-01,18,134,0,0,0.00,0.0,0.0,16322.47,121.81
2024-03-01,Clean,2025-10-01,19,134,0,0,0.00,0.0,0.0,16322.47,121.81
2024-03-01,Clean,2025-11-01,20,134,0,0,0.00,0.0,0.0,16322.47,121.81
2024-03-01,Clean,2025-12-01,21,134,0,0,0.00,0.0,0.0,16322.47,121.81
2024-03-01,Clean,2026-01-01,22,134,0,0,0.00,0.0,0.0,16322.47,121.81
2024-03-01,Clean,2026-02-01,23,134,0,0,0.00,0.0,0.0,16322.47,121.81
2024-03-01,Clean,2026-03-01,24,134,0,0,0.00,0.0,0.0,16322.47,121.81
2024-03-01,Clean,2026-04-01,25,134,0,0,0.00,0.0,0.0,16322.47,121.81
2024-03-01,Clean,2026-05-01,26,134,0,0,0.00,0.0,0.0,16322.47,121.81
2024-03-01,Clean,2026-06-01,27,134,0,0,0.00,0.0,0.0,16322.47,121.81
2024-05-01,Late and returned,2024-05-01,0,7,7,7,1519.80,278.24,1.0,278.24,39.75
2024-05-01,Late and returned,2024-06-01,1,7,0,0,0.00,0.0,0.0,278.24,39.75
2024-05-01,Late and returned,2024-07-01,2,7,1,1,241.12,-119.01,0.1429,159.23,22.75
2024-05-01,Late and returned,2024-08-01,3,7,0,0,0.00,0.0,0.0,159.23,22.75
2024-05-01,Late and returned,2024-09-01,4,7,0,0,0.00,0.0,0.0,159.23,22.75
2024-05-01,Late and returned,2024-10-01,5,7,0,0,0.00,0.0,0.0,159.23,22.75
2024-05-01,Late and returned,2024-11-01,6,7,0,0,0.00,0.0,0.0,159.23,22.75
2024-05-01,Late and returned,2024-12-01,7,7,0,0,0.00,0.0,0.0,159.23,22.75
2024-05-01,Late and returned,2025-01-01,8,7,0,0,0.00,0.0,0.0,159.23,22.75
2024-05-01,Late and returned,2025-02-01,9,7,0,0,0.00,0.0,0.0,159.23,22.75
2024-05-01,Late and returned,2025-03-01,10,7,0,0,0.00,0.0,0.0,159.23,22.75
2024-05-01,Late and returned,2025-04-01,11,7,0,0,0.00,0.0,0.0,159.23,22.75
2024-05-01,Late and returned,2025-05-01,12,7,0,0,0.00,0.0,0.0,159.23,22.75
2024-05-01,Late and returned,2025-06-01,13,7,0,0,0.00,0.0,0.0,159.23,22.75
2024-05-01,Late and returned,2025-07-01,14,7,0,0,0.00,0.0,0.0,159.23,22.75
2024-05-01,Late and returned,2025-08-01,15,7,0,0,0.00,0.0,0.0,159.23,22.75
2024-05-01,Late and returned,2025-09-01,16,7,0,0,0.00,0.0,0.0,159.23,22.75
2024-05-01,Late and returned,2025-10-01,17,7,0,0,0.00,0.0,0.0,159.23,22.75
2024-05-01,Late and returned,2025-11-01,18,7,0,0,0.00,0.0,0.0,159.23,22.75
2024-05-01,Late and returned,2025-12-01,19,7,0,0,0.00,0.0,0.0,159.23,22.75
2024-05-01,Late and returned,2026-01-01,20,7,0,0,0.00,0.0,0.0,159.23,22.75
2024-05-01,Late and returned,2026-02-01,21,7,0,0,0.00,0.0,0.0,159.23,22.75
2024-05-01,Late and returned,2026-03-01,22,7,0,0,0.00,0.0,0.0,159.23,22.75
2024-05-01,Late and returned,2026-04-01,23,7,0,0,0.00,0.0,0.0,159.23,22.75
2024-05-01,Late and returned,2026-05-01,24,7,0,0,0.00,0.0,0.0,159.23,22.75
2024-05-01,Late and returned,2026-06-01,25,7,0,0,0.00,0.0,0.0,159.23,22.75
2024-07-01,Clean,2024-07-01,0,161,161,162,40938.69,11398.06,1.0,11398.06,70.8
2024-07-01,Clean,2024-08-01,1,161,22,22,5841.44,1531.13,0.1366,12929.19,80.31
2024-07-01,Clean,2024-09-01,2,161,31,31,9183.64,2067.36,0.1925,14996.55,93.15
2024-07-01,Clean,2024-10-01,3,161,22,24,10438.55,1670.31,0.1366,16666.86,103.52
2024-07-01,Clean,2024-11-01,4,161,19,20,6361.45,733.7,0.118,17400.56,108.08
2024-07-01,Clean,2024-12-01,5,161,16,16,4135.48,1074.06,0.0994,18474.62,114.75
2024-07-01,Clean,2025-01-01,6,161,9,9,2247.88,609.15,0.0559,19083.77,118.53
2024-07-01,Clean,2025-02-01,7,161,12,12,3839.15,777.31,0.0745,19861.08,123.36
2024-07-01,Clean,2025-03-01,8,161,11,11,3791.83,1236.07,0.0683,21097.15,131.04
2024-07-01,Clean,2025-04-01,9,161,8,8,3127.33,1148.6,0.0497,22245.75,138.17
2024-07-01,Clean,2025-05-01,10,161,1,1,89.06,25.63,0.0062,22271.38,138.33
2024-07-01,Clean,2025-06-01,11,161,2,2,744.04,128.96,0.0124,22400.34,139.13
2024-07-01,Clean,2025-07-01,12,161,4,4,1894.91,562.52,0.0248,22962.86,142.63
2024-07-01,Clean,2025-08-01,13,161,3,3,1179.64,286.31,0.0186,23249.17,144.4
2024-07-01,Clean,2025-09-01,14,161,1,1,111.90,15.24,0.0062,23264.41,144.5
2024-07-01,Clean,2025-10-01,15,161,2,2,1144.20,3.5,0.0124,23267.91,144.52
2024-07-01,Clean,2025-11-01,16,161,2,2,544.55,16.38,0.0124,23284.29,144.62
2024-07-01,Clean,2025-12-01,17,161,1,1,161.57,15.41,0.0062,23299.7,144.72
2024-07-01,Clean,2026-01-01,18,161,1,1,457.51,174.05,0.0062,23473.75,145.8
2024-07-01,Clean,2026-02-01,19,161,1,1,797.45,80.9,0.0062,23554.65,146.3
2024-07-01,Clean,2026-03-01,20,161,1,1,618.60,127.25,0.0062,23681.9,147.09
2024-07-01,Clean,2026-04-01,21,161,0,0,0.00,0.0,0.0,23681.9,147.09
2024-07-01,Clean,2026-05-01,22,161,0,0,0.00,0.0,0.0,23681.9,147.09
2024-07-01,Clean,2026-06-01,23,161,0,0,0.00,0.0,0.0,23681.9,147.09
2024-08-01,Clean,2024-08-01,0,165,165,167,43626.90,12178.96,1.0,12178.96,73.81
2024-08-01,Clean,2024-09-01,1,165,13,13,3039.88,840.42,0.0788,13019.38,78.91
2024-08-01,Clean,2024-10-01,2,165,40,40,12120.45,2465.64,0.2424,15485.02,93.85
2024-08-01,Clean,2024-11-01,3,165,19,20,3835.52,918.46,0.1152,16403.48,99.42
2024-08-01,Clean,2024-12-01,4,165,15,15,5834.57,1384.4,0.0909,17787.88,107.81
2024-08-01,Clean,2025-01-01,5,165,13,13,2699.80,852.35,0.0788,18640.23,112.97
2024-08-01,Clean,2025-02-01,6,165,7,7,1372.65,458.16,0.0424,19098.39,115.75
2024-08-01,Clean,2025-03-01,7,165,13,13,4033.53,1028.28,0.0788,20126.67,121.98
2024-08-01,Clean,2025-04-01,8,165,12,12,5177.28,1586.37,0.0727,21713.04,131.59
2024-08-01,Clean,2025-05-01,9,165,3,3,567.25,222.47,0.0182,21935.51,132.94
2024-08-01,Clean,2025-06-01,10,165,2,3,1046.69,388.11,0.0121,22323.62,135.29
2024-08-01,Clean,2025-07-01,11,165,2,2,177.11,65.18,0.0121,22388.8,135.69
2024-08-01,Clean,2025-08-01,12,165,2,2,363.39,130.91,0.0121,22519.71,136.48
2024-08-01,Clean,2025-09-01,13,165,2,2,670.07,146.22,0.0121,22665.93,137.37
2024-08-01,Clean,2025-10-01,14,165,2,2,1272.86,141.35,0.0121,22807.28,138.23
2024-08-01,Clean,2025-11-01,15,165,1,1,86.87,-15.59,0.0061,22791.69,138.13
2024-08-01,Clean,2025-12-01,16,165,2,2,395.50,124.22,0.0121,22915.91,138.88
2024-08-01,Clean,2026-01-01,17,165,1,1,211.86,55.24,0.0061,22971.15,139.22
2024-08-01,Clean,2026-02-01,18,165,0,0,0.00,0.0,0.0,22971.15,139.22
2024-08-01,Clean,2026-03-01,19,165,0,0,0.00,0.0,0.0,22971.15,139.22
2024-08-01,Clean,2026-04-01,20,165,1,2,902.95,-1.61,0.0061,22969.54,139.21
2024-08-01,Clean,2026-05-01,21,165,0,0,0.00,0.0,0.0,22969.54,139.21
2024-08-01,Clean,2026-06-01,22,165,0,0,0.00,0.0,0.0,22969.54,139.21
2024-09-01,Late and returned,2024-09-01,0,16,16,16,4296.04,713.41,1.0,713.41,44.59
2024-09-01,Late and returned,2024-10-01,1,16,1,1,643.93,152.47,0.0625,865.88,54.12
2024-09-01,Late and returned,2024-11-01,2,16,1,1,146.59,69.86,0.0625,935.74,58.48
2024-09-01,Late and returned,2024-12-01,3,16,0,0,0.00,0.0,0.0,935.74,58.48
2024-09-01,Late and returned,2025-01-01,4,16,0,0,0.00,0.0,0.0,935.74,58.48
2024-09-01,Late and returned,2025-02-01,5,16,0,0,0.00,0.0,0.0,935.74,58.48
2024-09-01,Late and returned,2025-03-01,6,16,1,1,94.33,26.2,0.0625,961.94,60.12
2024-09-01,Late and returned,2025-04-01,7,16,0,0,0.00,0.0,0.0,961.94,60.12
2024-09-01,Late and returned,2025-05-01,8,16,0,0,0.00,0.0,0.0,961.94,60.12
2024-09-01,Late and returned,2025-06-01,9,16,0,0,0.00,0.0,0.0,961.94,60.12
2024-09-01,Late and returned,2025-07-01,10,16,0,0,0.00,0.0,0.0,961.94,60.12
2024-09-01,Late and returned,2025-08-01,11,16,0,0,0.00,0.0,0.0,961.94,60.12
2024-09-01,Late and returned,2025-09-01,12,16,0,0,0.00,0.0,0.0,961.94,60.12
2024-09-01,Late and returned,2025-10-01,13,16,0,0,0.00,0.0,0.0,961.94,60.12
2024-09-01,Late and returned,2025-11-01,14,16,0,0,0.00,0.0,0.0,961.94,60.12
2024-09-01,Late and returned,2025-12-01,15,16,0,0,0.00,0.0,0.0,961.94,60.12
2024-09-01,Late and returned,2026-01-01,16,16,0,0,0.00,0.0,0.0,961.94,60.12
2024-09-01,Late and returned,2026-02-01,17,16,0,0,0.00,0.0,0.0,961.94,60.12
2024-09-01,Late and returned,2026-03-01,18,16,0,0,0.00,0.0,0.0,961.94,60.12
2024-09-01,Late and returned,2026-04-01,19,16,0,0,0.00,0.0,0.0,961.94,60.12
2024-09-01,Late and returned,2026-05-01,20,16,0,0,0.00,0.0,0.0,961.94,60.12
2024-09-01,Late and returned,2026-06-01,21,16,0,0,0.00,0.0,0.0,961.94,60.12
2024-12-01,Clean,2024-12-01,0,289,289,295,76173.52,20014.29,1.0,20014.29,69.25
2024-12-01,Clean,2025-01-01,1,289,41,42,9821.60,1882.04,0.1419,21896.33,75.77
2024-12-01,Clean,2025-02-01,2,289,54,55,20015.43,3822.27,0.1869,25718.6,88.99
2024-12-01,Clean,2025-03-01,3,289,37,38,12177.93,2189.16,0.128,27907.76,96.57
2024-12-01,Clean,2025-04-01,4,289,26,27,6648.45,1476.14,0.09,29383.9,101.67
2024-12-01,Clean,2025-05-01,5,289,25,27,7613.51,2218.09,0.0865,31601.99,109.35
2024-12-01,Clean,2025-06-01,6,289,14,15,4281.24,1387.11,0.0484,32989.1,114.15
2024-12-01,Clean,2025-07-01,7,289,18,19,7027.31,1190.37,0.0623,34179.47,118.27
2024-12-01,Clean,2025-08-01,8,289,12,12,1956.36,594.32,0.0415,34773.79,120.32
2024-12-01,Clean,2025-09-01,9,289,7,8,1627.05,414.58,0.0242,35188.37,121.76
2024-12-01,Clean,2025-10-01,10,289,6,6,3392.80,595.97,0.0208,35784.34,123.82
2024-12-01,Clean,2025-11-01,11,289,6,7,1179.29,423.92,0.0208,36208.26,125.29
2024-12-01,Clean,2025-12-01,12,289,5,5,2186.86,325.62,0.0173,36533.88,126.41
2024-12-01,Clean,2026-01-01,13,289,6,6,1146.53,338.07,0.0208,36871.95,127.58
2024-12-01,Clean,2026-02-01,14,289,3,3,602.86,174.31,0.0104,37046.26,128.19
2024-12-01,Clean,2026-03-01,15,289,3,3,779.45,184.55,0.0104,37230.81,128.83
2024-12-01,Clean,2026-04-01,16,289,1,1,50.69,26.92,0.0035,37257.73,128.92
2024-12-01,Clean,2026-05-01,17,289,3,4,604.91,164.57,0.0104,37422.3,129.49
2024-12-01,Clean,2026-06-01,18,289,0,0,0.00,0.0,0.0,37422.3,129.49
2025-01-01,Returned,2025-01-01,0,63,63,63,18994.22,1832.0,1.0,1832.0,29.08
2025-01-01,Returned,2025-02-01,1,63,8,8,3006.47,618.45,0.127,2450.45,38.9
2025-01-01,Returned,2025-03-01,2,63,11,12,2312.79,624.78,0.1746,3075.23,48.81
2025-01-01,Returned,2025-04-01,3,63,3,3,575.63,130.56,0.0476,3205.79,50.89
2025-01-01,Returned,2025-05-01,4,63,3,3,593.09,283.72,0.0476,3489.51,55.39
2025-01-01,Returned,2025-06-01,5,63,2,2,628.38,23.46,0.0317,3512.97,55.76
2025-01-01,Returned,2025-07-01,6,63,5,5,687.77,163.84,0.0794,3676.81,58.36
2025-01-01,Returned,2025-08-01,7,63,2,2,314.53,127.73,0.0317,3804.54,60.39
2025-01-01,Returned,2025-09-01,8,63,1,1,176.64,52.41,0.0159,3856.95,61.22
2025-01-01,Returned,2025-10-01,9,63,2,2,486.52,226.22,0.0317,4083.17,64.81
2025-01-01,Returned,2025-11-01,10,63,1,1,155.91,39.89,0.0159,4123.06,65.45
2025-01-01,Returned,2025-12-01,11,63,1,1,61.46,40.88,0.0159,4163.94,66.09
2025-01-01,Returned,2026-01-01,12,63,0,0,0.00,0.0,0.0,4163.94,66.09
2025-01-01,Returned,2026-02-01,13,63,0,0,0.00,0.0,0.0,4163.94,66.09
2025-01-01,Returned,2026-03-01,14,63,0,0,0.00,0.0,0.0,4163.94,66.09
2025-01-01,Returned,2026-04-01,15,63,0,0,0.00,0.0,0.0,4163.94,66.09
2025-01-01,Returned,2026-05-01,16,63,0,0,0.00,0.0,0.0,4163.94,66.09
2025-01-01,Returned,2026-06-01,17,63,0,0,0.00,0.0,0.0,4163.94,66.09
2025-05-01,Delivered late,2025-05-01,0,18,18,18,5311.86,1723.72,1.0,1723.72,95.76
2025-05-01,Delivered late,2025-06-01,1,18,3,3,406.19,81.25,0.1667,1804.97,100.28
2025-05-01,Delivered late,2025-07-01,2,18,0,0,0.00,0.0,0.0,1804.97,100.28
2025-05-01,Delivered late,2025-08-01,3,18,2,2,980.30,-170.11,0.1111,1634.86,90.83
2025-05-01,Delivered late,2025-09-01,4,18,0,0,0.00,0.0,0.0,1634.86,90.83
2025-05-01,Delivered late,2025-10-01,5,18,3,3,866.80,350.63,0.1667,1985.49,110.31
2025-05-01,Delivered late,2025-11-01,6,18,1,1,59.91,-35.22,0.0556,1950.27,108.35
2025-05-01,Delivered late,2025-12-01,7,18,1,1,43.36,23.26,0.0556,1973.53,109.64
2025-05-01,Delivered late,2026-01-01,8,18,1,1,209.80,48.54,0.0556,2022.07,112.34
2025-05-01,Delivered late,2026-02-01,9,18,1,1,246.30,85.04,0.0556,2107.11,117.06
2025-05-01,Delivered late,2026-03-01,10,18,1,1,161.57,17.14,0.0556,2124.25,118.01
2025-05-01,Delivered late,2026-04-01,11,18,0,0,0.00,0.0,0.0,2124.25,118.01
2025-05-01,Delivered late,2026-05-01,12,18,0,0,0.00,0.0,0.0,2124.25,118.01
2025-05-01,Delivered late,2026-06-01,13,18,0,0,0.00,0.0,0.0,2124.25,118.01
2025-07-01,Late and returned,2025-07-01,0,18,18,18,4895.72,154.22,1.0,154.22,8.57
2025-07-01,Late and returned,2025-08-01,1,18,1,1,289.41,172.35,0.0556,326.57,18.14
2025-07-01,Late and returned,2025-09-01,2,18,3,3,309.07,80.27,0.1667,406.84,22.6
2025-07-01,Late and returned,2025-10-01,3,18,1,1,577.73,109.69,0.0556,516.53,28.7
2025-07-01,Late and returned,2025-11-01,4,18,1,1,149.44,-3.55,0.0556,512.98,28.5
2025-07-01,Late and returned,2025-12-01,5,18,0,0,0.00,0.0,0.0,512.98,28.5
2025-07-01,Late and returned,2026-01-01,6,18,0,0,0.00,0.0,0.0,512.98,28.5
2025-07-01,Late and returned,2026-02-01,7,18,0,0,0.00,0.0,0.0,512.98,28.5
2025-07-01,Late and returned,2026-03-01,8,18,0,0,0.00,0.0,0.0,512.98,28.5
2025-07-01,Late and returned,2026-04-01,9,18,0,0,0.00,0.0,0.0,512.98,28.5
2025-07-01,Late and returned,2026-05-01,10,18,0,0,0.00,0.0,0.0,512.98,28.5
2025-07-01,Late and returned,2026-06-01,11,18,0,0,0.00,0.0,0.0,512.98,28.5
2025-08-01,Returned,2025-08-01,0,63,63,64,25572.23,4094.94,1.0,4094.94,65.0
2025-08-01,Returned,2025-09-01,1,63,10,10,1577.06,488.63,0.1587,4583.57,72.76
2025-08-01,Returned,2025-10-01,2,63,7,7,819.59,206.27,0.1111,4789.84,76.03
2025-08-01,Returned,2025-11-01,3,63,8,8,2350.80,627.51,0.127,5417.35,85.99
2025-08-01,Returned,2025-12-01,4,63,4,4,1707.86,412.11,0.0635,5829.46,92.53
2025-08-01,Returned,2026-01-01,5,63,2,2,505.19,-11.4,0.0317,5818.06,92.35
2025-08-01,Returned,2026-02-01,6,63,3,3,719.33,-7.83,0.0476,5810.23,92.23
2025-08-01,Returned,2026-03-01,7,63,2,2,494.08,47.66,0.0317,5857.89,92.98
2025-08-01,Returned,2026-04-01,8,63,1,1,20.90,2.03,0.0159,5859.92,93.01
2025-08-01,Returned,2026-05-01,9,63,0,0,0.00,0.0,0.0,5859.92,93.01
2025-08-01,Returned,2026-06-01,10,63,1,1,293.85,82.33,0.0159,5942.25,94.32
2025-09-01,Clean,2025-09-01,0,232,232,238,62340.95,18036.69,1.0,18036.69,77.74
2025-09-01,Clean,2025-10-01,1,232,28,28,7532.27,2036.11,0.1207,20072.8,86.52
2025-09-01,Clean,2025-11-01,2,232,48,48,13734.00,1994.62,0.2069,22067.42,95.12
2025-09-01,Clean,2025-12-01,3,232,30,31,7577.02,2161.02,0.1293,24228.44,104.43
2025-09-01,Clean,2026-01-01,4,232,20,20,5206.21,1177.35,0.0862,25405.79,109.51
2025-09-01,Clean,2026-02-01,5,232,17,17,4387.98,1260.69,0.0733,26666.48,114.94
2025-09-01,Clean,2026-03-01,6,232,11,12,3446.60,597.96,0.0474,27264.44,117.52
2025-09-01,Clean,2026-04-01,7,232,8,8,2441.68,507.78,0.0345,27772.22,119.71
2025-09-01,Clean,2026-05-01,8,232,6,6,1557.73,484.91,0.0259,28257.13,121.8
2025-09-01,Clean,2026-06-01,9,232,5,5,1427.09,444.58,0.0216,28701.71,123.71
2025-11-01,Clean,2025-11-01,0,290,290,294,69494.92,19381.1,1.0,19381.1,66.83
2025-11-01,Clean,2025-12-01,1,290,48,49,13653.51,2939.43,0.1655,22320.53,76.97
2025-11-01,Clean,2026-01-01,2,290,41,41,14806.06,2962.7,0.1414,25283.23,87.18
2025-11-01,Clean,2026-02-01,3,290,43,44,11147.12,2382.35,0.1483,27665.58,95.4
2025-11-01,Clean,2026-03-01,4,290,31,31,8375.26,2148.26,0.1069,29813.84,102.81
2025-11-01,Clean,2026-04-01,5,290,18,18,3826.36,873.62,0.0621,30687.46,105.82
2025-11-01,Clean,2026-05-01,6,290,27,27,9548.57,2397.77,0.0931,33085.23,114.09
2025-11-01,Clean,2026-06-01,7,290,19,20,4409.33,1631.7,0.0655,34716.93,119.71
2026-04-01,Late and returned,2026-04-01,0,15,15,15,3687.18,563.13,1.0,563.13,37.54
2026-04-01,Late and returned,2026-05-01,1,15,1,1,33.23,9.7,0.0667,572.83,38.19
2026-04-01,Late and returned,2026-06-01,2,15,1,1,113.06,58.1,0.0667,630.93,42.06
2024-02-01,Late and returned,2024-02-01,0,11,11,12,6846.97,1208.76,1.0,1208.76,109.89
2024-02-01,Late and returned,2024-03-01,1,11,1,1,341.32,112.0,0.0909,1320.76,120.07
2024-02-01,Late and returned,2024-04-01,2,11,0,0,0.00,0.0,0.0,1320.76,120.07
2024-02-01,Late and returned,2024-05-01,3,11,0,0,0.00,0.0,0.0,1320.76,120.07
2024-02-01,Late and returned,2024-06-01,4,11,1,1,117.17,62.17,0.0909,1382.93,125.72
2024-02-01,Late and returned,2024-07-01,5,11,0,0,0.00,0.0,0.0,1382.93,125.72
2024-02-01,Late and returned,2024-08-01,6,11,0,0,0.00,0.0,0.0,1382.93,125.72
2024-02-01,Late and returned,2024-09-01,7,11,0,0,0.00,0.0,0.0,1382.93,125.72
2024-02-01,Late and returned,2024-10-01,8,11,0,0,0.00,0.0,0.0,1382.93,125.72
2024-02-01,Late and returned,2024-11-01,9,11,0,0,0.00,0.0,0.0,1382.93,125.72
2024-02-01,Late and returned,2024-12-01,10,11,0,0,0.00,0.0,0.0,1382.93,125.72
2024-02-01,Late and returned,2025-01-01,11,11,0,0,0.00,0.0,0.0,1382.93,125.72
2024-02-01,Late and returned,2025-02-01,12,11,0,0,0.00,0.0,0.0,1382.93,125.72
2024-02-01,Late and returned,2025-03-01,13,11,0,0,0.00,0.0,0.0,1382.93,125.72
2024-02-01,Late and returned,2025-04-01,14,11,0,0,0.00,0.0,0.0,1382.93,125.72
2024-02-01,Late and returned,2025-05-01,15,11,0,0,0.00,0.0,0.0,1382.93,125.72
2024-02-01,Late and returned,2025-06-01,16,11,0,0,0.00,0.0,0.0,1382.93,125.72
2024-02-01,Late and returned,2025-07-01,17,11,0,0,0.00,0.0,0.0,1382.93,125.72
2024-02-01,Late and returned,2025-08-01,18,11,0,0,0.00,0.0,0.0,1382.93,125.72
2024-02-01,Late and returned,2025-09-01,19,11,0,0,0.00,0.0,0.0,1382.93,125.72
2024-02-01,Late and returned,2025-10-01,20,11,0,0,0.00,0.0,0.0,1382.93,125.72
2024-02-01,Late and returned,2025-11-01,21,11,0,0,0.00,0.0,0.0,1382.93,125.72
2024-02-01,Late and returned,2025-12-01,22,11,0,0,0.00,0.0,0.0,1382.93,125.72
2024-02-01,Late and returned,2026-01-01,23,11,0,0,0.00,0.0,0.0,1382.93,125.72
2024-02-01,Late and returned,2026-02-01,24,11,0,0,0.00,0.0,0.0,1382.93,125.72
2024-02-01,Late and returned,2026-03-01,25,11,0,0,0.00,0.0,0.0,1382.93,125.72
2024-02-01,Late and returned,2026-04-01,26,11,0,0,0.00,0.0,0.0,1382.93,125.72
2024-02-01,Late and returned,2026-05-01,27,11,0,0,0.00,0.0,0.0,1382.93,125.72
2024-02-01,Late and returned,2026-06-01,28,11,0,0,0.00,0.0,0.0,1382.93,125.72
2024-03-01,Returned,2024-03-01,0,45,45,46,13330.08,1293.99,1.0,1293.99,28.76
2024-03-01,Returned,2024-04-01,1,45,2,2,1150.14,259.43,0.0444,1553.42,34.52
2024-03-01,Returned,2024-05-01,2,45,8,8,2950.35,-316.23,0.1778,1237.19,27.49
2024-03-01,Returned,2024-06-01,3,45,4,4,720.00,97.82,0.0889,1335.01,29.67
2024-03-01,Returned,2024-07-01,4,45,2,2,745.12,244.35,0.0444,1579.36,35.1
2024-03-01,Returned,2024-08-01,5,45,2,2,435.66,40.88,0.0444,1620.24,36.01
2024-03-01,Returned,2024-09-01,6,45,1,1,392.62,92.71,0.0222,1712.95,38.07
2024-03-01,Returned,2024-10-01,7,45,0,0,0.00,0.0,0.0,1712.95,38.07
2024-03-01,Returned,2024-11-01,8,45,1,1,94.64,35.51,0.0222,1748.46,38.85
2024-03-01,Returned,2024-12-01,9,45,0,0,0.00,0.0,0.0,1748.46,38.85
2024-03-01,Returned,2025-01-01,10,45,0,0,0.00,0.0,0.0,1748.46,38.85
2024-03-01,Returned,2025-02-01,11,45,0,0,0.00,0.0,0.0,1748.46,38.85
2024-03-01,Returned,2025-03-01,12,45,1,1,62.01,33.33,0.0222,1781.79,39.6
2024-03-01,Returned,2025-04-01,13,45,0,0,0.00,0.0,0.0,1781.79,39.6
2024-03-01,Returned,2025-05-01,14,45,0,0,0.00,0.0,0.0,1781.79,39.6
2024-03-01,Returned,2025-06-01,15,45,0,0,0.00,0.0,0.0,1781.79,39.6
2024-03-01,Returned,2025-07-01,16,45,0,0,0.00,0.0,0.0,1781.79,39.6
2024-03-01,Returned,2025-08-01,17,45,0,0,0.00,0.0,0.0,1781.79,39.6
2024-03-01,Returned,2025-09-01,18,45,0,0,0.00,0.0,0.0,1781.79,39.6
2024-03-01,Returned,2025-10-01,19,45,0,0,0.00,0.0,0.0,1781.79,39.6
2024-03-01,Returned,2025-11-01,20,45,0,0,0.00,0.0,0.0,1781.79,39.6
2024-03-01,Returned,2025-12-01,21,45,0,0,0.00,0.0,0.0,1781.79,39.6
2024-03-01,Returned,2026-01-01,22,45,0,0,0.00,0.0,0.0,1781.79,39.6
2024-03-01,Returned,2026-02-01,23,45,0,0,0.00,0.0,0.0,1781.79,39.6
2024-03-01,Returned,2026-03-01,24,45,0,0,0.00,0.0,0.0,1781.79,39.6
2024-03-01,Returned,2026-04-01,25,45,0,0,0.00,0.0,0.0,1781.79,39.6
2024-03-01,Returned,2026-05-01,26,45,0,0,0.00,0.0,0.0,1781.79,39.6
2024-03-01,Returned,2026-06-01,27,45,0,0,0.00,0.0,0.0,1781.79,39.6
2024-07-01,Returned,2024-07-01,0,67,67,70,26109.60,3327.17,1.0,3327.17,49.66
2024-07-01,Returned,2024-08-01,1,67,10,11,4423.23,1646.67,0.1493,4973.84,74.24
2024-07-01,Returned,2024-09-01,2,67,6,6,1070.11,515.4,0.0896,5489.24,81.93
2024-07-01,Returned,2024-10-01,3,67,7,7,2233.38,357.75,0.1045,5846.99,87.27
2024-07-01,Returned,2024-11-01,4,67,7,8,1116.35,111.61,0.1045,5958.6,88.93
2024-07-01,Returned,2024-12-01,5,67,3,3,919.11,233.72,0.0448,6192.32,92.42
2024-07-01,Returned,2025-01-01,6,67,1,1,256.08,89.69,0.0149,6282.01,93.76
2024-07-01,Returned,2025-02-01,7,67,3,3,403.55,100.33,0.0448,6382.34,95.26
2024-07-01,Returned,2025-03-01,8,67,1,1,186.86,21.97,0.0149,6404.31,95.59
2024-07-01,Returned,2025-04-01,9,67,2,2,84.96,7.68,0.0299,6411.99,95.7
2024-07-01,Returned,2025-05-01,10,67,2,2,220.21,66.37,0.0299,6478.36,96.69
2024-07-01,Returned,2025-06-01,11,67,1,1,100.06,28.82,0.0149,6507.18,97.12
2024-07-01,Returned,2025-07-01,12,67,1,1,24.93,-0.29,0.0149,6506.89,97.12
2024-07-01,Returned,2025-08-01,13,67,0,0,0.00,0.0,0.0,6506.89,97.12
2024-07-01,Returned,2025-09-01,14,67,1,1,172.61,61.31,0.0149,6568.2,98.03
2024-07-01,Returned,2025-10-01,15,67,0,0,0.00,0.0,0.0,6568.2,98.03
2024-07-01,Returned,2025-11-01,16,67,0,0,0.00,0.0,0.0,6568.2,98.03
2024-07-01,Returned,2025-12-01,17,67,0,0,0.00,0.0,0.0,6568.2,98.03
2024-07-01,Returned,2026-01-01,18,67,0,0,0.00,0.0,0.0,6568.2,98.03
2024-07-01,Returned,2026-02-01,19,67,0,0,0.00,0.0,0.0,6568.2,98.03
2024-07-01,Returned,2026-03-01,20,67,0,0,0.00,0.0,0.0,6568.2,98.03
2024-07-01,Returned,2026-04-01,21,67,0,0,0.00,0.0,0.0,6568.2,98.03
2024-07-01,Returned,2026-05-01,22,67,0,0,0.00,0.0,0.0,6568.2,98.03
2024-07-01,Returned,2026-06-01,23,67,0,0,0.00,0.0,0.0,6568.2,98.03
2024-08-01,Returned,2024-08-01,0,63,63,63,22187.39,3259.9,1.0,3259.9,51.74
2024-08-01,Returned,2024-09-01,1,63,6,6,711.72,256.35,0.0952,3516.25,55.81
2024-08-01,Returned,2024-10-01,2,63,13,13,5445.44,991.32,0.2063,4507.57,71.55
2024-08-01,Returned,2024-11-01,3,63,9,9,2311.40,716.14,0.1429,5223.71,82.92
2024-08-01,Returned,2024-12-01,4,63,3,3,772.63,30.97,0.0476,5254.68,83.41
2024-08-01,Returned,2025-01-01,5,63,1,1,122.84,72.91,0.0159,5327.59,84.56
2024-08-01,Returned,2025-02-01,6,63,4,4,1117.82,363.91,0.0635,5691.5,90.34
2024-08-01,Returned,2025-03-01,7,63,0,0,0.00,0.0,0.0,5691.5,90.34
2024-08-01,Returned,2025-04-01,8,63,1,1,644.52,304.85,0.0159,5996.35,95.18
2024-08-01,Returned,2025-05-01,9,63,1,1,290.67,47.51,0.0159,6043.86,95.93
2024-08-01,Returned,2025-06-01,10,63,3,3,1075.97,62.9,0.0476,6106.76,96.93
2024-08-01,Returned,2025-07-01,11,63,0,0,0.00,0.0,0.0,6106.76,96.93
2024-08-01,Returned,2025-08-01,12,63,0,0,0.00,0.0,0.0,6106.76,96.93
2024-08-01,Returned,2025-09-01,13,63,0,0,0.00,0.0,0.0,6106.76,96.93
2024-08-01,Returned,2025-10-01,14,63,0,0,0.00,0.0,0.0,6106.76,96.93
2024-08-01,Returned,2025-11-01,15,63,0,0,0.00,0.0,0.0,6106.76,96.93
2024-08-01,Returned,2025-12-01,16,63,0,0,0.00,0.0,0.0,6106.76,96.93
2024-08-01,Returned,2026-01-01,17,63,0,0,0.00,0.0,0.0,6106.76,96.93
2024-08-01,Returned,2026-02-01,18,63,0,0,0.00,0.0,0.0,6106.76,96.93
2024-08-01,Returned,2026-03-01,19,63,0,0,0.00,0.0,0.0,6106.76,96.93
2024-08-01,Returned,2026-04-01,20,63,0,0,0.00,0.0,0.0,6106.76,96.93
2024-08-01,Returned,2026-05-01,21,63,0,0,0.00,0.0,0.0,6106.76,96.93
2024-08-01,Returned,2026-06-01,22,63,0,0,0.00,0.0,0.0,6106.76,96.93
2024-12-01,Returned,2024-12-01,0,91,91,96,33748.64,2338.03,1.0,2338.03,25.69
2024-12-01,Returned,2025-01-01,1,91,18,18,5081.80,1295.65,0.1978,3633.68,39.93
2024-12-01,Returned,2025-02-01,2,91,16,16,3255.76,893.58,0.1758,4527.26,49.75
2024-12-01,Returned,2025-03-01,3,91,11,11,2384.85,696.18,0.1209,5223.44,57.4
2024-12-01,Returned,2025-04-01,4,91,7,7,2436.49,688.23,0.0769,5911.67,64.96
2024-12-01,Returned,2025-05-01,5,91,8,8,2870.32,867.34,0.0879,6779.01,74.49
2024-12-01,Returned,2025-06-01,6,91,2,2,217.66,74.88,0.022,6853.89,75.32
2024-12-01,Returned,2025-07-01,7,91,5,5,1650.41,205.74,0.0549,7059.63,77.58
2024-12-01,Returned,2025-08-01,8,91,0,0,0.00,0.0,0.0,7059.63,77.58
2024-12-01,Returned,2025-09-01,9,91,1,1,335.97,93.96,0.011,7153.59,78.61
2024-12-01,Returned,2025-10-01,10,91,1,1,208.44,30.36,0.011,7183.95,78.94
2024-12-01,Returned,2025-11-01,11,91,1,1,169.90,83.48,0.011,7267.43,79.86
2024-12-01,Returned,2025-12-01,12,91,0,0,0.00,0.0,0.0,7267.43,79.86
2024-12-01,Returned,2026-01-01,13,91,1,1,87.99,49.96,0.011,7317.39,80.41
2024-12-01,Returned,2026-02-01,14,91,0,0,0.00,0.0,0.0,7317.39,80.41
2024-12-01,Returned,2026-03-01,15,91,1,1,322.04,129.19,0.011,7446.58,81.83
2024-12-01,Returned,2026-04-01,16,91,0,0,0.00,0.0,0.0,7446.58,81.83
2024-12-01,Returned,2026-05-01,17,91,0,0,0.00,0.0,0.0,7446.58,81.83
2024-12-01,Returned,2026-06-01,18,91,0,0,0.00,0.0,0.0,7446.58,81.83
2025-01-01,Clean,2025-01-01,0,151,151,154,39808.18,9519.59,1.0,9519.59,63.04
2025-01-01,Clean,2025-02-01,1,151,19,19,4756.75,1309.83,0.1258,10829.42,71.72
2025-01-01,Clean,2025-03-01,2,151,27,27,7794.82,2033.74,0.1788,12863.16,85.19
2025-01-01,Clean,2025-04-01,3,151,19,20,7874.79,1166.76,0.1258,14029.92,92.91
2025-01-01,Clean,2025-05-01,4,151,17,17,5359.71,75.71,0.1126,14105.63,93.41
2025-01-01,Clean,2025-06-01,5,151,17,17,3385.13,1034.59,0.1126,15140.22,100.27
2025-01-01,Clean,2025-07-01,6,151,6,6,1966.27,706.14,0.0397,15846.36,104.94
2025-01-01,Clean,2025-08-01,7,151,12,12,3677.54,1280.04,0.0795,17126.4,113.42
2025-01-01,Clean,2025-09-01,8,151,8,8,2383.92,453.4,0.053,17579.8,116.42
2025-01-01,Clean,2025-10-01,9,151,6,6,624.44,66.16,0.0397,17645.96,116.86
2025-01-01,Clean,2025-11-01,10,151,5,5,1761.51,449.93,0.0331,18095.89,119.84
2025-01-01,Clean,2025-12-01,11,151,3,3,898.18,32.17,0.0199,18128.06,120.05
2025-01-01,Clean,2026-01-01,12,151,4,4,1988.77,300.12,0.0265,18428.18,122.04
2025-01-01,Clean,2026-02-01,13,151,1,1,34.19,18.38,0.0066,18446.56,122.16
2025-01-01,Clean,2026-03-01,14,151,0,0,0.00,0.0,0.0,18446.56,122.16
2025-01-01,Clean,2026-04-01,15,151,2,2,154.25,74.14,0.0132,18520.7,122.65
2025-01-01,Clean,2026-05-01,16,151,2,2,578.20,86.9,0.0132,18607.6,123.23
2025-01-01,Clean,2026-06-01,17,151,1,1,53.52,19.84,0.0066,18627.44,123.36
2025-08-01,Clean,2025-08-01,0,222,222,226,64091.24,17570.74,1.0,17570.74,79.15
2025-08-01,Clean,2025-09-01,1,222,37,37,12024.27,3189.9,0.1667,20760.64,93.52
2025-08-01,Clean,2025-10-01,2,222,37,37,11254.49,2717.72,0.1667,23478.36,105.76
2025-08-01,Clean,2025-11-01,3,222,34,34,11912.24,3055.88,0.1532,26534.24,119.52
2025-08-01,Clean,2025-12-01,4,222,21,22,5534.13,1379.84,0.0946,27914.08,125.74
2025-08-01,Clean,2026-01-01,5,222,19,20,4689.73,1011.33,0.0856,28925.41,130.29
2025-08-01,Clean,2026-02-01,6,222,12,12,3374.78,1099.79,0.0541,30025.2,135.25
2025-08-01,Clean,2026-03-01,7,222,11,12,5243.83,1415.74,0.0495,31440.94,141.63
2025-08-01,Clean,2026-04-01,8,222,10,10,3050.72,668.08,0.045,32109.02,144.64
2025-08-01,Clean,2026-05-01,9,222,6,6,1054.16,125.5,0.027,32234.52,145.2
2025-08-01,Clean,2026-06-01,10,222,6,6,2555.32,431.03,0.027,32665.55,147.14
2025-09-01,Returned,2025-09-01,0,76,76,76,22937.67,2697.27,1.0,2697.27,35.49
2025-09-01,Returned,2025-10-01,1,76,6,7,2198.54,571.13,0.0789,3268.4,43.01
2025-09-01,Returned,2025-11-01,2,76,7,7,1970.58,371.2,0.0921,3639.6,47.89
2025-09-01,Returned,2025-12-01,3,76,6,6,1308.72,401.82,0.0789,4041.42,53.18
2025-09-01,Returned,2026-01-01,4,76,7,7,1162.44,121.77,0.0921,4163.19,54.78
2025-09-01,Returned,2026-02-01,5,76,5,5,1454.99,458.7,0.0658,4621.89,60.81
2025-09-01,Returned,2026-03-01,6,76,0,0,0.00,0.0,0.0,4621.89,60.81
2025-09-01,Returned,2026-04-01,7,76,2,2,349.26,55.08,0.0263,4676.97,61.54
2025-09-01,Returned,2026-05-01,8,76,2,2,330.59,30.6,0.0263,4707.57,61.94
2025-09-01,Returned,2026-06-01,9,76,3,3,190.67,65.62,0.0395,4773.19,62.81
2025-11-01,Returned,2025-11-01,0,88,88,88,27242.49,4073.02,1.0,4073.02,46.28
2025-11-01,Returned,2025-12-01,1,88,6,7,1905.40,515.29,0.0682,4588.31,52.14
2025-11-01,Returned,2026-01-01,2,88,8,8,2028.36,672.0,0.0909,5260.31,59.78
2025-11-01,Returned,2026-02-01,3,88,3,3,1422.52,277.14,0.0341,5537.45,62.93
2025-11-01,Returned,2026-03-01,4,88,4,4,677.12,287.27,0.0455,5824.72,66.19
2025-11-01,Returned,2026-04-01,5,88,2,2,2008.68,216.59,0.0227,6041.31,68.65
2025-11-01,Returned,2026-05-01,6,88,0,0,0.00,0.0,0.0,6041.31,68.65
2025-11-01,Returned,2026-06-01,7,88,0,0,0.00,0.0,0.0,6041.31,68.65
2026-01-01,Late and returned,2026-01-01,0,13,13,13,3827.41,433.84,1.0,433.84,33.37
2026-01-01,Late and returned,2026-02-01,1,13,0,0,0.00,0.0,0.0,433.84,33.37
2026-01-01,Late and returned,2026-03-01,2,13,0,0,0.00,0.0,0.0,433.84,33.37
2026-01-01,Late and returned,2026-04-01,3,13,2,2,573.83,135.07,0.1538,568.91,43.76
2026-01-01,Late and returned,2026-05-01,4,13,1,1,25.56,-9.7,0.0769,559.21,43.02
2026-01-01,Late and returned,2026-06-01,5,13,1,1,112.24,10.51,0.0769,569.72,43.82
2024-04-01,Returned,2024-04-01,0,56,56,56,20710.74,2273.55,1.0,2273.55,40.6
2024-04-01,Returned,2024-05-01,1,56,9,9,1964.50,708.37,0.1607,2981.92,53.25
2024-04-01,Returned,2024-06-01,2,56,7,7,1269.46,309.96,0.125,3291.88,58.78
2024-04-01,Returned,2024-07-01,3,56,5,5,1268.05,320.67,0.0893,3612.55,64.51
2024-04-01,Returned,2024-08-01,4,56,1,1,40.61,28.44,0.0179,3640.99,65.02
2024-04-01,Returned,2024-09-01,5,56,2,2,582.23,134.42,0.0357,3775.41,67.42
2024-04-01,Returned,2024-10-01,6,56,2,2,626.95,120.04,0.0357,3895.45,69.56
2024-04-01,Returned,2024-11-01,7,56,1,1,927.55,262.16,0.0179,4157.61,74.24
2024-04-01,Returned,2024-12-01,8,56,1,1,33.14,21.58,0.0179,4179.19,74.63
2024-04-01,Returned,2025-01-01,9,56,1,1,131.49,81.08,0.0179,4260.27,76.08
2024-04-01,Returned,2025-02-01,10,56,1,1,268.80,94.4,0.0179,4354.67,77.76
2024-04-01,Returned,2025-03-01,11,56,1,1,103.71,61.62,0.0179,4416.29,78.86
2024-04-01,Returned,2025-04-01,12,56,0,0,0.00,0.0,0.0,4416.29,78.86
2024-04-01,Returned,2025-05-01,13,56,0,0,0.00,0.0,0.0,4416.29,78.86
2024-04-01,Returned,2025-06-01,14,56,0,0,0.00,0.0,0.0,4416.29,78.86
2024-04-01,Returned,2025-07-01,15,56,0,0,0.00,0.0,0.0,4416.29,78.86
2024-04-01,Returned,2025-08-01,16,56,0,0,0.00,0.0,0.0,4416.29,78.86
2024-04-01,Returned,2025-09-01,17,56,0,0,0.00,0.0,0.0,4416.29,78.86
2024-04-01,Returned,2025-10-01,18,56,0,0,0.00,0.0,0.0,4416.29,78.86
2024-04-01,Returned,2025-11-01,19,56,0,0,0.00,0.0,0.0,4416.29,78.86
2024-04-01,Returned,2025-12-01,20,56,0,0,0.00,0.0,0.0,4416.29,78.86
2024-04-01,Returned,2026-01-01,21,56,0,0,0.00,0.0,0.0,4416.29,78.86
2024-04-01,Returned,2026-02-01,22,56,0,0,0.00,0.0,0.0,4416.29,78.86
2024-04-01,Returned,2026-03-01,23,56,0,0,0.00,0.0,0.0,4416.29,78.86
2024-04-01,Returned,2026-04-01,24,56,0,0,0.00,0.0,0.0,4416.29,78.86
2024-04-01,Returned,2026-05-01,25,56,0,0,0.00,0.0,0.0,4416.29,78.86
2024-04-01,Returned,2026-06-01,26,56,0,0,0.00,0.0,0.0,4416.29,78.86
2024-10-01,Clean,2024-10-01,0,218,218,223,63676.43,17259.74,1.0,17259.74,79.17
2024-10-01,Clean,2024-11-01,1,218,20,20,6625.28,1275.38,0.0917,18535.12,85.02
2024-10-01,Clean,2024-12-01,2,218,39,39,8755.43,1739.79,0.1789,20274.91,93.0
2024-10-01,Clean,2025-01-01,3,218,23,23,8181.50,1889.44,0.1055,22164.35,101.67
2024-10-01,Clean,2025-02-01,4,218,12,14,5297.46,1104.56,0.055,23268.91,106.74
2024-10-01,Clean,2025-03-01,5,218,23,26,7418.30,2352.17,0.1055,25621.08,117.53
2024-10-01,Clean,2025-04-01,6,218,17,17,4211.86,1337.35,0.078,26958.43,123.66
2024-10-01,Clean,2025-05-01,7,218,8,8,2463.67,504.23,0.0367,27462.66,125.98
2024-10-01,Clean,2025-06-01,8,218,13,13,2687.59,593.25,0.0596,28055.91,128.7
2024-10-01,Clean,2025-07-01,9,218,10,10,4205.63,766.36,0.0459,28822.27,132.21
2024-10-01,Clean,2025-08-01,10,218,6,6,1886.72,643.09,0.0275,29465.36,135.16
2024-10-01,Clean,2025-09-01,11,218,4,4,1662.00,-198.5,0.0183,29266.86,134.25
2024-10-01,Clean,2025-10-01,12,218,5,5,2158.69,211.02,0.0229,29477.88,135.22
2024-10-01,Clean,2025-11-01,13,218,2,2,957.81,244.17,0.0092,29722.05,136.34
2024-10-01,Clean,2025-12-01,14,218,3,3,2215.15,-575.97,0.0138,29146.08,133.7
2024-10-01,Clean,2026-01-01,15,218,2,2,182.20,80.68,0.0092,29226.76,134.07
2024-10-01,Clean,2026-02-01,16,218,3,3,1368.02,380.46,0.0138,29607.22,135.81
2024-10-01,Clean,2026-03-01,17,218,1,1,77.82,27.82,0.0046,29635.04,135.94
2024-10-01,Clean,2026-04-01,18,218,2,2,156.24,69.0,0.0092,29704.04,136.26
2024-10-01,Clean,2026-05-01,19,218,0,0,0.00,0.0,0.0,29704.04,136.26
2024-10-01,Clean,2026-06-01,20,218,0,0,0.00,0.0,0.0,29704.04,136.26
2024-11-01,Returned,2024-11-01,0,89,89,89,30268.89,3789.21,1.0,3789.21,42.58
2024-11-01,Returned,2024-12-01,1,89,15,15,4388.59,1287.81,0.1685,5077.02,57.05
2024-11-01,Returned,2025-01-01,2,89,10,10,2194.41,247.14,0.1124,5324.16,59.82
2024-11-01,Returned,2025-02-01,3,89,4,4,884.30,211.1,0.0449,5535.26,62.19
2024-11-01,Returned,2025-03-01,4,89,6,6,1735.65,527.14,0.0674,6062.4,68.12
2024-11-01,Returned,2025-04-01,5,89,2,2,663.33,239.63,0.0225,6302.03,70.81
2024-11-01,Returned,2025-05-01,6,89,1,1,150.26,85.88,0.0112,6387.91,71.77
2024-11-01,Returned,2025-06-01,7,89,3,3,656.35,117.82,0.0337,6505.73,73.1
2024-11-01,Returned,2025-07-01,8,89,2,2,69.96,-9.12,0.0225,6496.61,73.0
2024-11-01,Returned,2025-08-01,9,89,1,1,206.89,118.04,0.0112,6614.65,74.32
2024-11-01,Returned,2025-09-01,10,89,0,0,0.00,0.0,0.0,6614.65,74.32
2024-11-01,Returned,2025-10-01,11,89,0,0,0.00,0.0,0.0,6614.65,74.32
2024-11-01,Returned,2025-11-01,12,89,0,0,0.00,0.0,0.0,6614.65,74.32
2024-11-01,Returned,2025-12-01,13,89,0,0,0.00,0.0,0.0,6614.65,74.32
2024-11-01,Returned,2026-01-01,14,89,0,0,0.00,0.0,0.0,6614.65,74.32
2024-11-01,Returned,2026-02-01,15,89,0,0,0.00,0.0,0.0,6614.65,74.32
2024-11-01,Returned,2026-03-01,16,89,0,0,0.00,0.0,0.0,6614.65,74.32
2024-11-01,Returned,2026-04-01,17,89,0,0,0.00,0.0,0.0,6614.65,74.32
2024-11-01,Returned,2026-05-01,18,89,0,0,0.00,0.0,0.0,6614.65,74.32
2024-11-01,Returned,2026-06-01,19,89,0,0,0.00,0.0,0.0,6614.65,74.32
2025-02-01,Clean,2025-02-01,0,131,131,131,34043.44,10122.11,1.0,10122.11,77.27
2025-02-01,Clean,2025-03-01,1,131,23,24,6043.11,1626.73,0.1756,11748.84,89.69
2025-02-01,Clean,2025-04-01,2,131,15,15,4812.51,1368.83,0.1145,13117.67,100.13
2025-02-01,Clean,2025-05-01,3,131,18,18,5798.14,1344.73,0.1374,14462.4,110.4
2025-02-01,Clean,2025-06-01,4,131,11,11,3577.15,1122.98,0.084,15585.38,118.97
2025-02-01,Clean,2025-07-01,5,131,11,11,3158.23,813.65,0.084,16399.03,125.18
2025-02-01,Clean,2025-08-01,6,131,9,9,3658.93,826.15,0.0687,17225.18,131.49
2025-02-01,Clean,2025-09-01,7,131,8,8,1968.78,879.16,0.0611,18104.34,138.2
2025-02-01,Clean,2025-10-01,8,131,3,3,413.98,230.24,0.0229,18334.58,139.96
2025-02-01,Clean,2025-11-01,9,131,5,5,775.00,261.28,0.0382,18595.86,141.95
2025-02-01,Clean,2025-12-01,10,131,2,2,632.14,12.3,0.0153,18608.16,142.05
2025-02-01,Clean,2026-01-01,11,131,0,0,0.00,0.0,0.0,18608.16,142.05
2025-02-01,Clean,2026-02-01,12,131,2,2,250.24,92.44,0.0153,18700.6,142.75
2025-02-01,Clean,2026-03-01,13,131,1,1,43.39,24.47,0.0076,18725.07,142.94
2025-02-01,Clean,2026-04-01,14,131,1,1,128.93,63.39,0.0076,18788.46,143.42
2025-02-01,Clean,2026-05-01,15,131,0,0,0.00,0.0,0.0,18788.46,143.42
2025-02-01,Clean,2026-06-01,16,131,1,1,56.53,0.0,0.0076,18788.46,143.42
2025-10-01,Delivered late,2025-10-01,0,31,31,31,8500.20,2071.5,1.0,2071.5,66.82
2025-10-01,Delivered late,2025-11-01,1,31,2,2,388.45,56.13,0.0645,2127.63,68.63
2025-10-01,Delivered late,2025-12-01,2,31,3,3,342.63,128.02,0.0968,2255.65,72.76
2025-10-01,Delivered late,2026-01-01,3,31,3,3,655.53,-65.55,0.0968,2190.1,70.65
2025-10-01,Delivered late,2026-02-01,4,31,2,2,279.76,117.65,0.0645,2307.75,74.44
2025-10-01,Delivered late,2026-03-01,5,31,3,3,905.86,268.04,0.0968,2575.79,83.09
2025-10-01,Delivered late,2026-04-01,6,31,0,0,0.00,0.0,0.0,2575.79,83.09
2025-10-01,Delivered late,2026-05-01,7,31,0,0,0.00,0.0,0.0,2575.79,83.09
2025-10-01,Delivered late,2026-06-01,8,31,0,0,0.00,0.0,0.0,2575.79,83.09
2026-03-01,Returned,2026-03-01,0,101,101,105,35935.92,3510.84,1.0,3510.84,34.76
2026-03-01,Returned,2026-04-01,1,101,10,10,2820.74,742.2,0.099,4253.04,42.11
2026-03-01,Returned,2026-05-01,2,101,17,17,3894.18,732.03,0.1683,4985.07,49.36
2026-03-01,Returned,2026-06-01,3,101,10,10,2854.30,664.26,0.099,5649.33,55.93
2024-01-01,Delivered late,2024-01-01,0,9,9,9,2484.45,147.36,1.0,147.36,16.37
2024-01-01,Delivered late,2024-02-01,1,9,1,1,83.39,45.97,0.1111,193.33,21.48
2024-01-01,Delivered late,2024-03-01,2,9,1,1,126.60,-111.88,0.1111,81.45,9.05
2024-01-01,Delivered late,2024-04-01,3,9,0,0,0.00,0.0,0.0,81.45,9.05
2024-01-01,Delivered late,2024-05-01,4,9,0,0,0.00,0.0,0.0,81.45,9.05
2024-01-01,Delivered late,2024-06-01,5,9,0,0,0.00,0.0,0.0,81.45,9.05
2024-01-01,Delivered late,2024-07-01,6,9,0,0,0.00,0.0,0.0,81.45,9.05
2024-01-01,Delivered late,2024-08-01,7,9,0,0,0.00,0.0,0.0,81.45,9.05
2024-01-01,Delivered late,2024-09-01,8,9,0,0,0.00,0.0,0.0,81.45,9.05
2024-01-01,Delivered late,2024-10-01,9,9,0,0,0.00,0.0,0.0,81.45,9.05
2024-01-01,Delivered late,2024-11-01,10,9,0,0,0.00,0.0,0.0,81.45,9.05
2024-01-01,Delivered late,2024-12-01,11,9,0,0,0.00,0.0,0.0,81.45,9.05
2024-01-01,Delivered late,2025-01-01,12,9,0,0,0.00,0.0,0.0,81.45,9.05
2024-01-01,Delivered late,2025-02-01,13,9,0,0,0.00,0.0,0.0,81.45,9.05
2024-01-01,Delivered late,2025-03-01,14,9,0,0,0.00,0.0,0.0,81.45,9.05
2024-01-01,Delivered late,2025-04-01,15,9,0,0,0.00,0.0,0.0,81.45,9.05
2024-01-01,Delivered late,2025-05-01,16,9,0,0,0.00,0.0,0.0,81.45,9.05
2024-01-01,Delivered late,2025-06-01,17,9,0,0,0.00,0.0,0.0,81.45,9.05
2024-01-01,Delivered late,2025-07-01,18,9,0,0,0.00,0.0,0.0,81.45,9.05
2024-01-01,Delivered late,2025-08-01,19,9,0,0,0.00,0.0,0.0,81.45,9.05
2024-01-01,Delivered late,2025-09-01,20,9,0,0,0.00,0.0,0.0,81.45,9.05
2024-01-01,Delivered late,2025-10-01,21,9,0,0,0.00,0.0,0.0,81.45,9.05
2024-01-01,Delivered late,2025-11-01,22,9,0,0,0.00,0.0,0.0,81.45,9.05
2024-01-01,Delivered late,2025-12-01,23,9,0,0,0.00,0.0,0.0,81.45,9.05
2024-01-01,Delivered late,2026-01-01,24,9,0,0,0.00,0.0,0.0,81.45,9.05
2024-01-01,Delivered late,2026-02-01,25,9,0,0,0.00,0.0,0.0,81.45,9.05
2024-01-01,Delivered late,2026-03-01,26,9,0,0,0.00,0.0,0.0,81.45,9.05
2024-01-01,Delivered late,2026-04-01,27,9,0,0,0.00,0.0,0.0,81.45,9.05
2024-01-01,Delivered late,2026-05-01,28,9,0,0,0.00,0.0,0.0,81.45,9.05
2024-01-01,Delivered late,2026-06-01,29,9,0,0,0.00,0.0,0.0,81.45,9.05
2024-06-01,Late and returned,2024-06-01,0,8,8,8,1532.88,75.1,1.0,75.1,9.39
2024-06-01,Late and returned,2024-07-01,1,8,0,0,0.00,0.0,0.0,75.1,9.39
2024-06-01,Late and returned,2024-08-01,2,8,0,0,0.00,0.0,0.0,75.1,9.39
2024-06-01,Late and returned,2024-09-01,3,8,0,0,0.00,0.0,0.0,75.1,9.39
2024-06-01,Late and returned,2024-10-01,4,8,1,1,42.39,28.29,0.125,103.39,12.92
2024-06-01,Late and returned,2024-11-01,5,8,1,1,88.07,11.67,0.125,115.06,14.38
2024-06-01,Late and returned,2024-12-01,6,8,0,0,0.00,0.0,0.0,115.06,14.38
2024-06-01,Late and returned,2025-01-01,7,8,1,1,587.92,69.47,0.125,184.53,23.07
2024-06-01,Late and returned,2025-02-01,8,8,0,0,0.00,0.0,0.0,184.53,23.07
2024-06-01,Late and returned,2025-03-01,9,8,0,0,0.00,0.0,0.0,184.53,23.07
2024-06-01,Late and returned,2025-04-01,10,8,0,0,0.00,0.0,0.0,184.53,23.07
2024-06-01,Late and returned,2025-05-01,11,8,0,0,0.00,0.0,0.0,184.53,23.07
2024-06-01,Late and returned,2025-06-01,12,8,0,0,0.00,0.0,0.0,184.53,23.07
2024-06-01,Late and returned,2025-07-01,13,8,0,0,0.00,0.0,0.0,184.53,23.07
2024-06-01,Late and returned,2025-08-01,14,8,0,0,0.00,0.0,0.0,184.53,23.07
2024-06-01,Late and returned,2025-09-01,15,8,0,0,0.00,0.0,0.0,184.53,23.07
2024-06-01,Late and returned,2025-10-01,16,8,0,0,0.00,0.0,0.0,184.53,23.07
2024-06-01,Late and returned,2025-11-01,17,8,0,0,0.00,0.0,0.0,184.53,23.07
2024-06-01,Late and returned,2025-12-01,18,8,0,0,0.00,0.0,0.0,184.53,23.07
2024-06-01,Late and returned,2026-01-01,19,8,0,0,0.00,0.0,0.0,184.53,23.07
2024-06-01,Late and returned,2026-02-01,20,8,0,0,0.00,0.0,0.0,184.53,23.07
2024-06-01,Late and returned,2026-03-01,21,8,0,0,0.00,0.0,0.0,184.53,23.07
2024-06-01,Late and returned,2026-04-01,22,8,0,0,0.00,0.0,0.0,184.53,23.07
2024-06-01,Late and returned,2026-05-01,23,8,0,0,0.00,0.0,0.0,184.53,23.07
2024-06-01,Late and returned,2026-06-01,24,8,0,0,0.00,0.0,0.0,184.53,23.07
2025-04-01,Late and returned,2025-04-01,0,8,8,8,2710.56,369.26,1.0,369.26,46.16
2025-04-01,Late and returned,2025-05-01,1,8,1,1,49.48,-3.52,0.125,365.74,45.72
2025-04-01,Late and returned,2025-06-01,2,8,0,0,0.00,0.0,0.0,365.74,45.72
2025-04-01,Late and returned,2025-07-01,3,8,0,0,0.00,0.0,0.0,365.74,45.72
2025-04-01,Late and returned,2025-08-01,4,8,1,1,154.72,43.69,0.125,409.43,51.18
2025-04-01,Late and returned,2025-09-01,5,8,0,0,0.00,0.0,0.0,409.43,51.18
2025-04-01,Late and returned,2025-10-01,6,8,0,0,0.00,0.0,0.0,409.43,51.18
2025-04-01,Late and returned,2025-11-01,7,8,0,0,0.00,0.0,0.0,409.43,51.18
2025-04-01,Late and returned,2025-12-01,8,8,0,0,0.00,0.0,0.0,409.43,51.18
2025-04-01,Late and returned,2026-01-01,9,8,0,0,0.00,0.0,0.0,409.43,51.18
2025-04-01,Late and returned,2026-02-01,10,8,0,0,0.00,0.0,0.0,409.43,51.18
2025-04-01,Late and returned,2026-03-01,11,8,0,0,0.00,0.0,0.0,409.43,51.18
2025-04-01,Late and returned,2026-04-01,12,8,0,0,0.00,0.0,0.0,409.43,51.18
2025-04-01,Late and returned,2026-05-01,13,8,0,0,0.00,0.0,0.0,409.43,51.18
2025-04-01,Late and returned,2026-06-01,14,8,0,0,0.00,0.0,0.0,409.43,51.18
2025-12-01,Clean,2025-12-01,0,299,299,301,80353.98,20811.46,1.0,20811.46,69.6
2025-12-01,Clean,2026-01-01,1,299,44,45,17350.67,2874.76,0.1472,23686.22,79.22
2025-12-01,Clean,2026-02-01,2,299,50,50,16345.12,3759.82,0.1672,27446.04,91.79
2025-12-01,Clean,2026-03-01,3,299,38,38,13351.32,3346.18,0.1271,30792.22,102.98
2025-12-01,Clean,2026-04-01,4,299,32,32,8592.10,2568.7,0.107,33360.92,111.57
2025-12-01,Clean,2026-05-01,5,299,18,20,4105.73,1149.2,0.0602,34510.12,115.42
2025-12-01,Clean,2026-06-01,6,299,12,12,1256.82,359.99,0.0401,34870.11,116.62
2026-02-01,Returned,2026-02-01,0,72,72,73,25392.13,2791.95,1.0,2791.95,38.78
2026-02-01,Returned,2026-03-01,1,72,12,12,2025.86,698.96,0.1667,3490.91,48.48
2026-02-01,Returned,2026-04-01,2,72,10,10,2561.86,900.16,0.1389,4391.07,60.99
2026-02-01,Returned,2026-05-01,3,72,6,6,2745.21,409.28,0.0833,4800.35,66.67
2026-02-01,Returned,2026-06-01,4,72,4,4,2171.47,312.69,0.0556,5113.04,71.01
2026-05-01,Delivered late,2026-05-01,0,34,34,34,6845.75,1986.46,1.0,1986.46,58.43
2026-05-01,Delivered late,2026-06-01,1,34,3,3,263.93,68.23,0.0882,2054.69,60.43
2026-06-01,Returned,2026-06-01,0,5,5,5,1663.64,222.82,1.0,222.82,44.56
2025-10-01,Late and returned,2025-10-01,0,18,18,18,6463.75,327.43,1.0,327.43,18.19
2025-10-01,Late and returned,2025-11-01,1,18,1,1,124.42,-42.86,0.0556,284.57,15.81
2025-10-01,Late and returned,2025-12-01,2,18,2,2,968.65,152.15,0.1111,436.72,24.26
2025-10-01,Late and returned,2026-01-01,3,18,2,2,293.52,84.0,0.1111,520.72,28.93
2025-10-01,Late and returned,2026-02-01,4,18,1,1,78.29,-46.28,0.0556,474.44,26.36
2025-10-01,Late and returned,2026-03-01,5,18,0,0,0.00,0.0,0.0,474.44,26.36
2025-10-01,Late and returned,2026-04-01,6,18,2,2,473.72,57.95,0.1111,532.39,29.58
2025-10-01,Late and returned,2026-05-01,7,18,1,1,133.85,21.66,0.0556,554.05,30.78
2025-10-01,Late and returned,2026-06-01,8,18,0,0,0.00,0.0,0.0,554.05,30.78
2025-12-01,Returned,2025-12-01,0,108,108,111,32172.62,2843.72,1.0,2843.72,26.33
2025-12-01,Returned,2026-01-01,1,108,21,21,6932.67,1681.89,0.1944,4525.61,41.9
2025-12-01,Returned,2026-02-01,2,108,14,14,2691.31,585.37,0.1296,5110.98,47.32
2025-12-01,Returned,2026-03-01,3,108,9,9,3179.75,892.34,0.0833,6003.32,55.59
2025-12-01,Returned,2026-04-01,4,108,6,6,2641.93,165.16,0.0556,6168.48,57.12
2025-12-01,Returned,2026-05-01,5,108,0,0,0.00,0.0,0.0,6168.48,57.12
2025-12-01,Returned,2026-06-01,6,108,5,5,1124.35,125.78,0.0463,6294.26,58.28
2026-02-01,Clean,2026-02-01,0,199,199,203,47509.21,12074.1,1.0,12074.1,60.67
2026-02-01,Clean,2026-03-01,1,199,31,31,9293.91,1514.31,0.1558,13588.41,68.28
2026-02-01,Clean,2026-04-01,2,199,37,39,9578.71,1792.65,0.1859,15381.06,77.29
2026-02-01,Clean,2026-05-01,3,199,25,26,6838.31,1967.6,0.1256,17348.66,87.18
2026-02-01,Clean,2026-06-01,4,199,21,23,5679.85,941.73,0.1055,18290.39,91.91
2026-06-01,Clean,2026-06-01,0,14,14,15,2444.58,738.41,1.0,738.41,52.74
2024-01-01,Clean,2024-01-01,0,131,131,132,36207.95,9061.55,1.0,9061.55,69.17
2024-01-01,Clean,2024-02-01,1,131,13,13,3768.60,705.49,0.0992,9767.04,74.56
2024-01-01,Clean,2024-03-01,2,131,21,22,6500.41,1956.67,0.1603,11723.71,89.49
2024-01-01,Clean,2024-04-01,3,131,14,15,4662.64,1249.22,0.1069,12972.93,99.03
2024-01-01,Clean,2024-05-01,4,131,17,17,4222.88,1205.25,0.1298,14178.18,108.23
2024-01-01,Clean,2024-06-01,5,131,10,10,2513.99,877.02,0.0763,15055.2,114.93
2024-01-01,Clean,2024-07-01,6,131,8,8,2036.20,721.69,0.0611,15776.89,120.43
2024-01-01,Clean,2024-08-01,7,131,5,6,1554.32,329.44,0.0382,16106.33,122.95
2024-01-01,Clean,2024-09-01,8,131,4,4,2396.71,49.49,0.0305,16155.82,123.33
2024-01-01,Clean,2024-10-01,9,131,3,3,978.67,81.93,0.0229,16237.75,123.95
2024-01-01,Clean,2024-11-01,10,131,4,4,1329.11,345.47,0.0305,16583.22,126.59
2024-01-01,Clean,2024-12-01,11,131,3,3,857.12,228.2,0.0229,16811.42,128.33
2024-01-01,Clean,2025-01-01,12,131,1,1,1035.63,42.29,0.0076,16853.71,128.65
2024-01-01,Clean,2025-02-01,13,131,3,3,2190.35,839.68,0.0229,17693.39,135.06
2024-01-01,Clean,2025-03-01,14,131,0,0,0.00,0.0,0.0,17693.39,135.06
2024-01-01,Clean,2025-04-01,15,131,1,1,325.37,30.61,0.0076,17724.0,135.3
2024-01-01,Clean,2025-05-01,16,131,0,0,0.00,0.0,0.0,17724.0,135.3
2024-01-01,Clean,2025-06-01,17,131,0,0,0.00,0.0,0.0,17724.0,135.3
2024-01-01,Clean,2025-07-01,18,131,0,0,0.00,0.0,0.0,17724.0,135.3
2024-01-01,Clean,2025-08-01,19,131,0,0,0.00,0.0,0.0,17724.0,135.3
2024-01-01,Clean,2025-09-01,20,131,0,0,0.00,0.0,0.0,17724.0,135.3
2024-01-01,Clean,2025-10-01,21,131,0,0,0.00,0.0,0.0,17724.0,135.3
2024-01-01,Clean,2025-11-01,22,131,0,0,0.00,0.0,0.0,17724.0,135.3
2024-01-01,Clean,2025-12-01,23,131,0,0,0.00,0.0,0.0,17724.0,135.3
2024-01-01,Clean,2026-01-01,24,131,0,0,0.00,0.0,0.0,17724.0,135.3
2024-01-01,Clean,2026-02-01,25,131,0,0,0.00,0.0,0.0,17724.0,135.3
2024-01-01,Clean,2026-03-01,26,131,0,0,0.00,0.0,0.0,17724.0,135.3
2024-01-01,Clean,2026-04-01,27,131,0,0,0.00,0.0,0.0,17724.0,135.3
2024-01-01,Clean,2026-05-01,28,131,0,0,0.00,0.0,0.0,17724.0,135.3
2024-01-01,Clean,2026-06-01,29,131,0,0,0.00,0.0,0.0,17724.0,135.3
2024-04-01,Late and returned,2024-04-01,0,9,9,9,3116.85,617.33,1.0,617.33,68.59
2024-04-01,Late and returned,2024-05-01,1,9,0,0,0.00,0.0,0.0,617.33,68.59
2024-04-01,Late and returned,2024-06-01,2,9,1,1,26.09,17.95,0.1111,635.28,70.59
2024-04-01,Late and returned,2024-07-01,3,9,1,1,197.36,-52.23,0.1111,583.05,64.78
2024-04-01,Late and returned,2024-08-01,4,9,0,0,0.00,0.0,0.0,583.05,64.78
2024-04-01,Late and returned,2024-09-01,5,9,0,0,0.00,0.0,0.0,583.05,64.78
2024-04-01,Late and returned,2024-10-01,6,9,0,0,0.00,0.0,0.0,583.05,64.78
2024-04-01,Late and returned,2024-11-01,7,9,0,0,0.00,0.0,0.0,583.05,64.78
2024-04-01,Late and returned,2024-12-01,8,9,0,0,0.00,0.0,0.0,583.05,64.78
2024-04-01,Late and returned,2025-01-01,9,9,0,0,0.00,0.0,0.0,583.05,64.78
2024-04-01,Late and returned,2025-02-01,10,9,0,0,0.00,0.0,0.0,583.05,64.78
2024-04-01,Late and returned,2025-03-01,11,9,0,0,0.00,0.0,0.0,583.05,64.78
2024-04-01,Late and returned,2025-04-01,12,9,0,0,0.00,0.0,0.0,583.05,64.78
2024-04-01,Late and returned,2025-05-01,13,9,0,0,0.00,0.0,0.0,583.05,64.78
2024-04-01,Late and returned,2025-06-01,14,9,0,0,0.00,0.0,0.0,583.05,64.78
2024-04-01,Late and returned,2025-07-01,15,9,0,0,0.00,0.0,0.0,583.05,64.78
2024-04-01,Late and returned,2025-08-01,16,9,0,0,0.00,0.0,0.0,583.05,64.78
2024-04-01,Late and returned,2025-09-01,17,9,0,0,0.00,0.0,0.0,583.05,64.78
2024-04-01,Late and returned,2025-10-01,18,9,0,0,0.00,0.0,0.0,583.05,64.78
2024-04-01,Late and returned,2025-11-01,19,9,0,0,0.00,0.0,0.0,583.05,64.78
2024-04-01,Late and returned,2025-12-01,20,9,0,0,0.00,0.0,0.0,583.05,64.78
2024-04-01,Late and returned,2026-01-01,21,9,0,0,0.00,0.0,0.0,583.05,64.78
2024-04-01,Late and returned,2026-02-01,22,9,0,0,0.00,0.0,0.0,583.05,64.78
2024-04-01,Late and returned,2026-03-01,23,9,0,0,0.00,0.0,0.0,583.05,64.78
2024-04-01,Late and returned,2026-04-01,24,9,0,0,0.00,0.0,0.0,583.05,64.78
2024-04-01,Late and returned,2026-05-01,25,9,0,0,0.00,0.0,0.0,583.05,64.78
2024-04-01,Late and returned,2026-06-01,26,9,0,0,0.00,0.0,0.0,583.05,64.78
2024-11-01,Late and returned,2024-11-01,0,25,25,26,11472.27,1211.57,1.0,1211.57,48.46
2024-11-01,Late and returned,2024-12-01,1,25,2,2,999.85,109.16,0.08,1320.73,52.83
2024-11-01,Late and returned,2025-01-01,2,25,3,3,617.35,50.88,0.12,1371.61,54.86
2024-11-01,Late and returned,2025-02-01,3,25,2,2,1054.99,222.29,0.08,1593.9,63.76
2024-11-01,Late and returned,2025-03-01,4,25,1,1,576.93,91.11,0.04,1685.01,67.4
2024-11-01,Late and returned,2025-04-01,5,25,3,3,1119.96,171.99,0.12,1857.0,74.28
2024-11-01,Late and returned,2025-05-01,6,25,0,0,0.00,0.0,0.0,1857.0,74.28
2024-11-01,Late and returned,2025-06-01,7,25,0,0,0.00,0.0,0.0,1857.0,74.28
2024-11-01,Late and returned,2025-07-01,8,25,2,2,823.37,78.03,0.08,1935.03,77.4
2024-11-01,Late and returned,2025-08-01,9,25,0,0,0.00,0.0,0.0,1935.03,77.4
2024-11-01,Late and returned,2025-09-01,10,25,1,1,244.40,12.03,0.04,1947.06,77.88
2024-11-01,Late and returned,2025-10-01,11,25,0,0,0.00,0.0,0.0,1947.06,77.88
2024-11-01,Late and returned,2025-11-01,12,25,0,0,0.00,0.0,0.0,1947.06,77.88
2024-11-01,Late and returned,2025-12-01,13,25,0,0,0.00,0.0,0.0,1947.06,77.88
2024-11-01,Late and returned,2026-01-01,14,25,0,0,0.00,0.0,0.0,1947.06,77.88
2024-11-01,Late and returned,2026-02-01,15,25,0,0,0.00,0.0,0.0,1947.06,77.88
2024-11-01,Late and returned,2026-03-01,16,25,0,0,0.00,0.0,0.0,1947.06,77.88
2024-11-01,Late and returned,2026-04-01,17,25,0,0,0.00,0.0,0.0,1947.06,77.88
2024-11-01,Late and returned,2026-05-01,18,25,0,0,0.00,0.0,0.0,1947.06,77.88
2024-11-01,Late and returned,2026-06-01,19,25,0,0,0.00,0.0,0.0,1947.06,77.88
2025-12-01,Delivered late,2025-12-01,0,61,61,61,13205.04,3871.47,1.0,3871.47,63.47
2025-12-01,Delivered late,2026-01-01,1,61,9,9,2806.83,756.36,0.1475,4627.83,75.87
2025-12-01,Delivered late,2026-02-01,2,61,4,4,1470.06,49.33,0.0656,4677.16,76.67
2025-12-01,Delivered late,2026-03-01,3,61,5,5,2619.23,412.21,0.082,5089.37,83.43
2025-12-01,Delivered late,2026-04-01,4,61,5,5,1247.69,381.05,0.082,5470.42,89.68
2025-12-01,Delivered late,2026-05-01,5,61,2,2,246.61,130.58,0.0328,5601.0,91.82
2025-12-01,Delivered late,2026-06-01,6,61,1,1,65.94,35.06,0.0164,5636.06,92.39
2026-03-01,Late and returned,2026-03-01,0,14,14,14,4230.19,904.07,1.0,904.07,64.58
2026-03-01,Late and returned,2026-04-01,1,14,2,2,576.79,214.9,0.1429,1118.97,79.93
2026-03-01,Late and returned,2026-05-01,2,14,1,1,37.95,22.58,0.0714,1141.55,81.54
2026-03-01,Late and returned,2026-06-01,3,14,0,0,0.00,0.0,0.0,1141.55,81.54
2026-05-01,Clean,2026-05-01,0,226,226,229,66343.22,19736.35,1.0,19736.35,87.33
2026-05-01,Clean,2026-06-01,1,226,28,28,9901.06,2469.58,0.1239,22205.93,98.26
2024-02-01,Returned,2024-02-01,0,42,42,43,16456.34,1685.9,1.0,1685.9,40.14
2024-02-01,Returned,2024-03-01,1,42,7,7,3823.04,850.0,0.1667,2535.9,60.38
2024-02-01,Returned,2024-04-01,2,42,6,6,1815.57,340.94,0.1429,2876.84,68.5
2024-02-01,Returned,2024-05-01,3,42,4,4,1080.82,425.31,0.0952,3302.15,78.62
2024-02-01,Returned,2024-06-01,4,42,1,1,213.32,126.83,0.0238,3428.98,81.64
2024-02-01,Returned,2024-07-01,5,42,2,2,523.70,87.12,0.0476,3516.1,83.72
2024-02-01,Returned,2024-08-01,6,42,0,0,0.00,0.0,0.0,3516.1,83.72
2024-02-01,Returned,2024-09-01,7,42,0,0,0.00,0.0,0.0,3516.1,83.72
2024-02-01,Returned,2024-10-01,8,42,0,0,0.00,0.0,0.0,3516.1,83.72
2024-02-01,Returned,2024-11-01,9,42,1,1,744.80,92.27,0.0238,3608.37,85.91
2024-02-01,Returned,2024-12-01,10,42,0,0,0.00,0.0,0.0,3608.37,85.91
2024-02-01,Returned,2025-01-01,11,42,0,0,0.00,0.0,0.0,3608.37,85.91
2024-02-01,Returned,2025-02-01,12,42,0,0,0.00,0.0,0.0,3608.37,85.91
2024-02-01,Returned,2025-03-01,13,42,0,0,0.00,0.0,0.0,3608.37,85.91
2024-02-01,Returned,2025-04-01,14,42,0,0,0.00,0.0,0.0,3608.37,85.91
2024-02-01,Returned,2025-05-01,15,42,0,0,0.00,0.0,0.0,3608.37,85.91
2024-02-01,Returned,2025-06-01,16,42,0,0,0.00,0.0,0.0,3608.37,85.91
2024-02-01,Returned,2025-07-01,17,42,0,0,0.00,0.0,0.0,3608.37,85.91
2024-02-01,Returned,2025-08-01,18,42,0,0,0.00,0.0,0.0,3608.37,85.91
2024-02-01,Returned,2025-09-01,19,42,0,0,0.00,0.0,0.0,3608.37,85.91
2024-02-01,Returned,2025-10-01,20,42,0,0,0.00,0.0,0.0,3608.37,85.91
2024-02-01,Returned,2025-11-01,21,42,0,0,0.00,0.0,0.0,3608.37,85.91
2024-02-01,Returned,2025-12-01,22,42,0,0,0.00,0.0,0.0,3608.37,85.91
2024-02-01,Returned,2026-01-01,23,42,0,0,0.00,0.0,0.0,3608.37,85.91
2024-02-01,Returned,2026-02-01,24,42,0,0,0.00,0.0,0.0,3608.37,85.91
2024-02-01,Returned,2026-03-01,25,42,0,0,0.00,0.0,0.0,3608.37,85.91
2024-02-01,Returned,2026-04-01,26,42,0,0,0.00,0.0,0.0,3608.37,85.91
2024-02-01,Returned,2026-05-01,27,42,0,0,0.00,0.0,0.0,3608.37,85.91
2024-02-01,Returned,2026-06-01,28,42,0,0,0.00,0.0,0.0,3608.37,85.91
2024-03-01,Late and returned,2024-03-01,0,10,10,10,2224.20,140.61,1.0,140.61,14.06
2024-03-01,Late and returned,2024-04-01,1,10,2,2,343.16,119.84,0.2,260.45,26.05
2024-03-01,Late and returned,2024-05-01,2,10,1,1,105.81,36.72,0.1,297.17,29.72
2024-03-01,Late and returned,2024-06-01,3,10,1,1,360.83,167.82,0.1,464.99,46.5
2024-03-01,Late and returned,2024-07-01,4,10,0,0,0.00,0.0,0.0,464.99,46.5
2024-03-01,Late and returned,2024-08-01,5,10,0,0,0.00,0.0,0.0,464.99,46.5
2024-03-01,Late and returned,2024-09-01,6,10,2,2,578.87,133.32,0.2,598.31,59.83
2024-03-01,Late and returned,2024-10-01,7,10,1,1,222.99,88.2,0.1,686.51,68.65
2024-03-01,Late and returned,2024-11-01,8,10,0,0,0.00,0.0,0.0,686.51,68.65
2024-03-01,Late and returned,2024-12-01,9,10,0,0,0.00,0.0,0.0,686.51,68.65
2024-03-01,Late and returned,2025-01-01,10,10,0,0,0.00,0.0,0.0,686.51,68.65
2024-03-01,Late and returned,2025-02-01,11,10,0,0,0.00,0.0,0.0,686.51,68.65
2024-03-01,Late and returned,2025-03-01,12,10,0,0,0.00,0.0,0.0,686.51,68.65
2024-03-01,Late and returned,2025-04-01,13,10,0,0,0.00,0.0,0.0,686.51,68.65
2024-03-01,Late and returned,2025-05-01,14,10,0,0,0.00,0.0,0.0,686.51,68.65
2024-03-01,Late and returned,2025-06-01,15,10,0,0,0.00,0.0,0.0,686.51,68.65
2024-03-01,Late and returned,2025-07-01,16,10,0,0,0.00,0.0,0.0,686.51,68.65
2024-03-01,Late and returned,2025-08-01,17,10,0,0,0.00,0.0,0.0,686.51,68.65
2024-03-01,Late and returned,2025-09-01,18,10,0,0,0.00,0.0,0.0,686.51,68.65
2024-03-01,Late and returned,2025-10-01,19,10,0,0,0.00,0.0,0.0,686.51,68.65
2024-03-01,Late and returned,2025-11-01,20,10,0,0,0.00,0.0,0.0,686.51,68.65
2024-03-01,Late and returned,2025-12-01,21,10,0,0,0.00,0.0,0.0,686.51,68.65
2024-03-01,Late and returned,2026-01-01,22,10,0,0,0.00,0.0,0.0,686.51,68.65
2024-03-01,Late and returned,2026-02-01,23,10,0,0,0.00,0.0,0.0,686.51,68.65
2024-03-01,Late and returned,2026-03-01,24,10,0,0,0.00,0.0,0.0,686.51,68.65
2024-03-01,Late and returned,2026-04-01,25,10,0,0,0.00,0.0,0.0,686.51,68.65
2024-03-01,Late and returned,2026-05-01,26,10,0,0,0.00,0.0,0.0,686.51,68.65
2024-03-01,Late and returned,2026-06-01,27,10,0,0,0.00,0.0,0.0,686.51,68.65
2024-05-01,Clean,2024-05-01,0,162,162,165,48013.09,13653.87,1.0,13653.87,84.28
2024-05-01,Clean,2024-06-01,1,162,22,23,7499.06,1765.78,0.1358,15419.65,95.18
2024-05-01,Clean,2024-07-01,2,162,25,26,5393.33,1384.63,0.1543,16804.28,103.73
2024-05-01,Clean,2024-08-01,3,162,20,22,8869.59,2693.32,0.1235,19497.6,120.36
2024-05-01,Clean,2024-09-01,4,162,14,15,3920.21,1277.31,0.0864,20774.91,128.24
2024-05-01,Clean,2024-10-01,5,162,8,8,2576.18,596.55,0.0494,21371.46,131.92
2024-05-01,Clean,2024-11-01,6,162,7,7,2524.03,535.54,0.0432,21907.0,135.23
2024-05-01,Clean,2024-12-01,7,162,8,9,2435.81,711.99,0.0494,22618.99,139.62
2024-05-01,Clean,2025-01-01,8,162,3,3,626.48,225.98,0.0185,22844.97,141.02
2024-05-01,Clean,2025-02-01,9,162,1,2,975.87,213.8,0.0062,23058.77,142.34
2024-05-01,Clean,2025-03-01,10,162,3,3,1424.53,116.9,0.0185,23175.67,143.06
2024-05-01,Clean,2025-04-01,11,162,3,3,1241.73,153.7,0.0185,23329.37,144.01
2024-05-01,Clean,2025-05-01,12,162,2,2,780.29,185.53,0.0123,23514.9,145.15
2024-05-01,Clean,2025-06-01,13,162,2,2,459.48,28.34,0.0123,23543.24,145.33
2024-05-01,Clean,2025-07-01,14,162,1,1,175.54,10.65,0.0062,23553.89,145.39
2024-05-01,Clean,2025-08-01,15,162,0,0,0.00,0.0,0.0,23553.89,145.39
2024-05-01,Clean,2025-09-01,16,162,1,1,77.82,-10.31,0.0062,23543.58,145.33
2024-05-01,Clean,2025-10-01,17,162,0,0,0.00,0.0,0.0,23543.58,145.33
2024-05-01,Clean,2025-11-01,18,162,0,0,0.00,0.0,0.0,23543.58,145.33
2024-05-01,Clean,2025-12-01,19,162,0,0,0.00,0.0,0.0,23543.58,145.33
2024-05-01,Clean,2026-01-01,20,162,0,0,0.00,0.0,0.0,23543.58,145.33
2024-05-01,Clean,2026-02-01,21,162,0,0,0.00,0.0,0.0,23543.58,145.33
2024-05-01,Clean,2026-03-01,22,162,0,0,0.00,0.0,0.0,23543.58,145.33
2024-05-01,Clean,2026-04-01,23,162,0,0,0.00,0.0,0.0,23543.58,145.33
2024-05-01,Clean,2026-05-01,24,162,1,1,1139.49,60.0,0.0062,23603.58,145.7
2024-05-01,Clean,2026-06-01,25,162,0,0,0.00,0.0,0.0,23603.58,145.7
2024-07-01,Late and returned,2024-07-01,0,8,8,8,2592.15,718.07,1.0,718.07,89.76
2024-07-01,Late and returned,2024-08-01,1,8,1,1,288.63,64.05,0.125,782.12,97.77
2024-07-01,Late and returned,2024-09-01,2,8,3,3,592.16,136.79,0.375,918.91,114.86
2024-07-01,Late and returned,2024-10-01,3,8,0,0,0.00,0.0,0.0,918.91,114.86
2024-07-01,Late and returned,2024-11-01,4,8,0,0,0.00,0.0,0.0,918.91,114.86
2024-07-01,Late and returned,2024-12-01,5,8,0,0,0.00,0.0,0.0,918.91,114.86
2024-07-01,Late and returned,2025-01-01,6,8,0,0,0.00,0.0,0.0,918.91,114.86
2024-07-01,Late and returned,2025-02-01,7,8,0,0,0.00,0.0,0.0,918.91,114.86
2024-07-01,Late and returned,2025-03-01,8,8,0,0,0.00,0.0,0.0,918.91,114.86
2024-07-01,Late and returned,2025-04-01,9,8,0,0,0.00,0.0,0.0,918.91,114.86
2024-07-01,Late and returned,2025-05-01,10,8,0,0,0.00,0.0,0.0,918.91,114.86
2024-07-01,Late and returned,2025-06-01,11,8,0,0,0.00,0.0,0.0,918.91,114.86
2024-07-01,Late and returned,2025-07-01,12,8,0,0,0.00,0.0,0.0,918.91,114.86
2024-07-01,Late and returned,2025-08-01,13,8,0,0,0.00,0.0,0.0,918.91,114.86
2024-07-01,Late and returned,2025-09-01,14,8,0,0,0.00,0.0,0.0,918.91,114.86
2024-07-01,Late and returned,2025-10-01,15,8,0,0,0.00,0.0,0.0,918.91,114.86
2024-07-01,Late and returned,2025-11-01,16,8,0,0,0.00,0.0,0.0,918.91,114.86
2024-07-01,Late and returned,2025-12-01,17,8,0,0,0.00,0.0,0.0,918.91,114.86
2024-07-01,Late and returned,2026-01-01,18,8,0,0,0.00,0.0,0.0,918.91,114.86
2024-07-01,Late and returned,2026-02-01,19,8,0,0,0.00,0.0,0.0,918.91,114.86
2024-07-01,Late and returned,2026-03-01,20,8,0,0,0.00,0.0,0.0,918.91,114.86
2024-07-01,Late and returned,2026-04-01,21,8,0,0,0.00,0.0,0.0,918.91,114.86
2024-07-01,Late and returned,2026-05-01,22,8,0,0,0.00,0.0,0.0,918.91,114.86
2024-07-01,Late and returned,2026-06-01,23,8,0,0,0.00,0.0,0.0,918.91,114.86
2024-08-01,Late and returned,2024-08-01,0,12,12,13,6287.20,244.03,1.0,244.03,20.34
2024-08-01,Late and returned,2024-09-01,1,12,0,0,0.00,0.0,0.0,244.03,20.34
2024-08-01,Late and returned,2024-10-01,2,12,1,1,691.96,163.94,0.0833,407.97,34.0
2024-08-01,Late and returned,2024-11-01,3,12,0,0,0.00,0.0,0.0,407.97,34.0
2024-08-01,Late and returned,2024-12-01,4,12,1,1,182.47,99.85,0.0833,507.82,42.32
2024-08-01,Late and returned,2025-01-01,5,12,0,0,0.00,0.0,0.0,507.82,42.32
2024-08-01,Late and returned,2025-02-01,6,12,0,0,0.00,0.0,0.0,507.82,42.32
2024-08-01,Late and returned,2025-03-01,7,12,0,0,0.00,0.0,0.0,507.82,42.32
2024-08-01,Late and returned,2025-04-01,8,12,0,0,0.00,0.0,0.0,507.82,42.32
2024-08-01,Late and returned,2025-05-01,9,12,0,0,0.00,0.0,0.0,507.82,42.32
2024-08-01,Late and returned,2025-06-01,10,12,0,0,0.00,0.0,0.0,507.82,42.32
2024-08-01,Late and returned,2025-07-01,11,12,0,0,0.00,0.0,0.0,507.82,42.32
2024-08-01,Late and returned,2025-08-01,12,12,0,0,0.00,0.0,0.0,507.82,42.32
2024-08-01,Late and returned,2025-09-01,13,12,0,0,0.00,0.0,0.0,507.82,42.32
2024-08-01,Late and returned,2025-10-01,14,12,0,0,0.00,0.0,0.0,507.82,42.32
2024-08-01,Late and returned,2025-11-01,15,12,0,0,0.00,0.0,0.0,507.82,42.32
2024-08-01,Late and returned,2025-12-01,16,12,0,0,0.00,0.0,0.0,507.82,42.32
2024-08-01,Late and returned,2026-01-01,17,12,0,0,0.00,0.0,0.0,507.82,42.32
2024-08-01,Late and returned,2026-02-01,18,12,0,0,0.00,0.0,0.0,507.82,42.32
2024-08-01,Late and returned,2026-03-01,19,12,0,0,0.00,0.0,0.0,507.82,42.32
2024-08-01,Late and returned,2026-04-01,20,12,0,0,0.00,0.0,0.0,507.82,42.32
2024-08-01,Late and returned,2026-05-01,21,12,0,0,0.00,0.0,0.0,507.82,42.32
2024-08-01,Late and returned,2026-06-01,22,12,0,0,0.00,0.0,0.0,507.82,42.32
2024-09-01,Clean,2024-09-01,0,183,183,188,47505.45,16022.51,1.0,16022.51,87.55
2024-09-01,Clean,2024-10-01,1,183,27,27,7028.11,1966.8,0.1475,17989.31,98.3
2024-09-01,Clean,2024-11-01,2,183,38,38,9684.08,1949.05,0.2077,19938.36,108.95
2024-09-01,Clean,2024-12-01,3,183,27,27,7589.29,1588.08,0.1475,21526.44,117.63
2024-09-01,Clean,2025-01-01,4,183,19,19,3934.99,904.26,0.1038,22430.7,122.57
2024-09-01,Clean,2025-02-01,5,183,9,9,1785.58,780.3,0.0492,23211.0,126.84
2024-09-01,Clean,2025-03-01,6,183,16,16,3997.07,1205.05,0.0874,24416.05,133.42
2024-09-01,Clean,2025-04-01,7,183,8,9,1968.36,197.04,0.0437,24613.09,134.5
2024-09-01,Clean,2025-05-01,8,183,6,6,1146.78,437.27,0.0328,25050.36,136.89
2024-09-01,Clean,2025-06-01,9,183,4,5,1240.78,517.54,0.0219,25567.9,139.72
2024-09-01,Clean,2025-07-01,10,183,5,6,1039.99,417.37,0.0273,25985.27,142.0
2024-09-01,Clean,2025-08-01,11,183,4,5,1298.60,138.04,0.0219,26123.31,142.75
2024-09-01,Clean,2025-09-01,12,183,2,2,619.57,108.22,0.0109,26231.53,143.34
2024-09-01,Clean,2025-10-01,13,183,5,5,1361.07,449.46,0.0273,26680.99,145.8
2024-09-01,Clean,2025-11-01,14,183,1,2,607.60,-132.45,0.0055,26548.54,145.07
2024-09-01,Clean,2025-12-01,15,183,0,0,0.00,0.0,0.0,26548.54,145.07
2024-09-01,Clean,2026-01-01,16,183,1,1,38.78,25.33,0.0055,26573.87,145.21
2024-09-01,Clean,2026-02-01,17,183,1,1,352.23,-0.13,0.0055,26573.74,145.21
2024-09-01,Clean,2026-03-01,18,183,0,0,0.00,0.0,0.0,26573.74,145.21
2024-09-01,Clean,2026-04-01,19,183,0,0,0.00,0.0,0.0,26573.74,145.21
2024-09-01,Clean,2026-05-01,20,183,0,0,0.00,0.0,0.0,26573.74,145.21
2024-09-01,Clean,2026-06-01,21,183,0,0,0.00,0.0,0.0,26573.74,145.21
2024-12-01,Late and returned,2024-12-01,0,23,23,23,6004.68,-107.11,1.0,-107.11,-4.66
2024-12-01,Late and returned,2025-01-01,1,23,2,2,770.88,86.46,0.087,-20.65,-0.9
2024-12-01,Late and returned,2025-02-01,2,23,4,4,1420.09,306.37,0.1739,285.72,12.42
2024-12-01,Late and returned,2025-03-01,3,23,0,0,0.00,0.0,0.0,285.72,12.42
2024-12-01,Late and returned,2025-04-01,4,23,0,0,0.00,0.0,0.0,285.72,12.42
2024-12-01,Late and returned,2025-05-01,5,23,0,0,0.00,0.0,0.0,285.72,12.42
2024-12-01,Late and returned,2025-06-01,6,23,0,0,0.00,0.0,0.0,285.72,12.42
2024-12-01,Late and returned,2025-07-01,7,23,0,0,0.00,0.0,0.0,285.72,12.42
2024-12-01,Late and returned,2025-08-01,8,23,0,0,0.00,0.0,0.0,285.72,12.42
2024-12-01,Late and returned,2025-09-01,9,23,0,0,0.00,0.0,0.0,285.72,12.42
2024-12-01,Late and returned,2025-10-01,10,23,0,0,0.00,0.0,0.0,285.72,12.42
2024-12-01,Late and returned,2025-11-01,11,23,0,0,0.00,0.0,0.0,285.72,12.42
2024-12-01,Late and returned,2025-12-01,12,23,0,0,0.00,0.0,0.0,285.72,12.42
2024-12-01,Late and returned,2026-01-01,13,23,0,0,0.00,0.0,0.0,285.72,12.42
2024-12-01,Late and returned,2026-02-01,14,23,0,0,0.00,0.0,0.0,285.72,12.42
2024-12-01,Late and returned,2026-03-01,15,23,0,0,0.00,0.0,0.0,285.72,12.42
2024-12-01,Late and returned,2026-04-01,16,23,0,0,0.00,0.0,0.0,285.72,12.42
2024-12-01,Late and returned,2026-05-01,17,23,0,0,0.00,0.0,0.0,285.72,12.42
2024-12-01,Late and returned,2026-06-01,18,23,0,0,0.00,0.0,0.0,285.72,12.42
2025-07-01,Clean,2025-07-01,0,197,197,203,53032.13,15990.96,1.0,15990.96,81.17
2025-07-01,Clean,2025-08-01,1,197,38,38,10733.90,2672.89,0.1929,18663.85,94.74
2025-07-01,Clean,2025-09-01,2,197,36,36,7163.02,1904.67,0.1827,20568.52,104.41
2025-07-01,Clean,2025-10-01,3,197,30,30,10884.68,1552.24,0.1523,22120.76,112.29
2025-07-01,Clean,2025-11-01,4,197,22,22,5554.66,1041.76,0.1117,23162.52,117.58
2025-07-01,Clean,2025-12-01,5,197,11,11,2145.11,732.43,0.0558,23894.95,121.29
2025-07-01,Clean,2026-01-01,6,197,18,18,4473.15,1102.03,0.0914,24996.98,126.89
2025-07-01,Clean,2026-02-01,7,197,10,11,2333.47,749.58,0.0508,25746.56,130.69
2025-07-01,Clean,2026-03-01,8,197,7,7,2573.96,829.73,0.0355,26576.29,134.91
2025-07-01,Clean,2026-04-01,9,197,8,8,1239.65,298.18,0.0406,26874.47,136.42
2025-07-01,Clean,2026-05-01,10,197,2,2,282.32,90.4,0.0102,26964.87,136.88
2025-07-01,Clean,2026-06-01,11,197,5,6,1790.07,449.94,0.0254,27414.81,139.16
2025-09-01,Late and returned,2025-09-01,0,15,15,15,5182.85,267.72,1.0,267.72,17.85
2025-09-01,Late and returned,2025-10-01,1,15,2,2,295.38,89.89,0.1333,357.61,23.84
2025-09-01,Late and returned,2025-11-01,2,15,0,0,0.00,0.0,0.0,357.61,23.84
2025-09-01,Late and returned,2025-12-01,3,15,0,0,0.00,0.0,0.0,357.61,23.84
2025-09-01,Late and returned,2026-01-01,4,15,1,1,66.69,39.22,0.0667,396.83,26.46
2025-09-01,Late and returned,2026-02-01,5,15,0,0,0.00,0.0,0.0,396.83,26.46
2025-09-01,Late and returned,2026-03-01,6,15,0,0,0.00,0.0,0.0,396.83,26.46
2025-09-01,Late and returned,2026-04-01,7,15,0,0,0.00,0.0,0.0,396.83,26.46
2025-09-01,Late and returned,2026-05-01,8,15,1,1,639.39,136.25,0.0667,533.08,35.54
2025-09-01,Late and returned,2026-06-01,9,15,0,0,0.00,0.0,0.0,533.08,35.54
2025-11-01,Late and returned,2025-11-01,0,45,45,45,14877.89,834.91,1.0,834.91,18.55
2025-11-01,Late and returned,2025-12-01,1,45,4,4,750.66,216.22,0.0889,1051.13,23.36
2025-11-01,Late and returned,2026-01-01,2,45,2,2,1691.12,314.68,0.0444,1365.81,30.35
2025-11-01,Late and returned,2026-02-01,3,45,1,1,132.24,-3.0,0.0222,1362.81,30.28
2025-11-01,Late and returned,2026-03-01,4,45,2,2,246.35,146.02,0.0444,1508.83,33.53
2025-11-01,Late and returned,2026-04-01,5,45,2,2,1715.02,117.15,0.0444,1625.98,36.13
2025-11-01,Late and returned,2026-05-01,6,45,0,0,0.00,0.0,0.0,1625.98,36.13
2025-11-01,Late and returned,2026-06-01,7,45,0,0,0.00,0.0,0.0,1625.98,36.13
2026-01-01,Returned,2026-01-01,0,63,63,63,20879.60,2087.39,1.0,2087.39,33.13
2026-01-01,Returned,2026-02-01,1,63,6,6,1510.08,372.85,0.0952,2460.24,39.05
2026-01-01,Returned,2026-03-01,2,63,6,7,3247.64,552.48,0.0952,3012.72,47.82
2026-01-01,Returned,2026-04-01,3,63,6,7,1382.90,377.13,0.0952,3389.85,53.81
2026-01-01,Returned,2026-05-01,4,63,3,3,601.46,84.95,0.0476,3474.8,55.16
2026-01-01,Returned,2026-06-01,5,63,3,3,990.34,90.22,0.0476,3565.02,56.59
2026-04-01,Clean,2026-04-01,0,223,223,225,59673.79,16753.12,1.0,16753.12,75.13
2026-04-01,Clean,2026-05-01,1,223,30,30,8233.40,2019.47,0.1345,18772.59,84.18
2026-04-01,Clean,2026-06-01,2,223,35,36,13521.71,2432.92,0.157,21205.51,95.09
2024-04-01,Delivered late,2024-04-01,0,15,15,16,2700.50,1032.5,1.0,1032.5,68.83
2024-04-01,Delivered late,2024-05-01,1,15,2,2,292.59,143.99,0.1333,1176.49,78.43
2024-04-01,Delivered late,2024-06-01,2,15,1,1,137.04,57.28,0.0667,1233.77,82.25
2024-04-01,Delivered late,2024-07-01,3,15,1,1,391.16,67.25,0.0667,1301.02,86.73
2024-04-01,Delivered late,2024-08-01,4,15,0,0,0.00,0.0,0.0,1301.02,86.73
2024-04-01,Delivered late,2024-09-01,5,15,1,1,458.53,152.18,0.0667,1453.2,96.88
2024-04-01,Delivered late,2024-10-01,6,15,0,0,0.00,0.0,0.0,1453.2,96.88
2024-04-01,Delivered late,2024-11-01,7,15,0,0,0.00,0.0,0.0,1453.2,96.88
2024-04-01,Delivered late,2024-12-01,8,15,0,0,0.00,0.0,0.0,1453.2,96.88
2024-04-01,Delivered late,2025-01-01,9,15,1,1,210.30,78.04,0.0667,1531.24,102.08
2024-04-01,Delivered late,2025-02-01,10,15,0,0,0.00,0.0,0.0,1531.24,102.08
2024-04-01,Delivered late,2025-03-01,11,15,0,0,0.00,0.0,0.0,1531.24,102.08
2024-04-01,Delivered late,2025-04-01,12,15,0,0,0.00,0.0,0.0,1531.24,102.08
2024-04-01,Delivered late,2025-05-01,13,15,0,0,0.00,0.0,0.0,1531.24,102.08
2024-04-01,Delivered late,2025-06-01,14,15,0,0,0.00,0.0,0.0,1531.24,102.08
2024-04-01,Delivered late,2025-07-01,15,15,0,0,0.00,0.0,0.0,1531.24,102.08
2024-04-01,Delivered late,2025-08-01,16,15,0,0,0.00,0.0,0.0,1531.24,102.08
2024-04-01,Delivered late,2025-09-01,17,15,0,0,0.00,0.0,0.0,1531.24,102.08
2024-04-01,Delivered late,2025-10-01,18,15,0,0,0.00,0.0,0.0,1531.24,102.08
2024-04-01,Delivered late,2025-11-01,19,15,0,0,0.00,0.0,0.0,1531.24,102.08
2024-04-01,Delivered late,2025-12-01,20,15,0,0,0.00,0.0,0.0,1531.24,102.08
2024-04-01,Delivered late,2026-01-01,21,15,0,0,0.00,0.0,0.0,1531.24,102.08
2024-04-01,Delivered late,2026-02-01,22,15,0,0,0.00,0.0,0.0,1531.24,102.08
2024-04-01,Delivered late,2026-03-01,23,15,0,0,0.00,0.0,0.0,1531.24,102.08
2024-04-01,Delivered late,2026-04-01,24,15,0,0,0.00,0.0,0.0,1531.24,102.08
2024-04-01,Delivered late,2026-05-01,25,15,0,0,0.00,0.0,0.0,1531.24,102.08
2024-04-01,Delivered late,2026-06-01,26,15,0,0,0.00,0.0,0.0,1531.24,102.08
2024-06-01,Clean,2024-06-01,0,179,179,180,44851.33,12479.0,1.0,12479.0,69.72
2024-06-01,Clean,2024-07-01,1,179,24,25,7829.67,2141.4,0.1341,14620.4,81.68
2024-06-01,Clean,2024-08-01,2,179,27,27,8588.21,2232.3,0.1508,16852.7,94.15
2024-06-01,Clean,2024-09-01,3,179,22,22,4585.79,1524.9,0.1229,18377.6,102.67
2024-06-01,Clean,2024-10-01,4,179,23,24,6889.81,1457.44,0.1285,19835.04,110.81
2024-06-01,Clean,2024-11-01,5,179,11,11,2963.66,422.59,0.0615,20257.63,113.17
2024-06-01,Clean,2024-12-01,6,179,13,15,3322.02,894.01,0.0726,21151.64,118.17
2024-06-01,Clean,2025-01-01,7,179,9,9,1495.20,479.26,0.0503,21630.9,120.84
2024-06-01,Clean,2025-02-01,8,179,7,7,2228.35,808.55,0.0391,22439.45,125.36
2024-06-01,Clean,2025-03-01,9,179,6,6,2372.56,555.4,0.0335,22994.85,128.46
2024-06-01,Clean,2025-04-01,10,179,7,7,1792.53,453.86,0.0391,23448.71,131.0
2024-06-01,Clean,2025-05-01,11,179,3,3,629.13,238.27,0.0168,23686.98,132.33
2024-06-01,Clean,2025-06-01,12,179,3,3,661.21,231.86,0.0168,23918.84,133.62
2024-06-01,Clean,2025-07-01,13,179,5,5,955.20,10.35,0.0279,23929.19,133.68
2024-06-01,Clean,2025-08-01,14,179,3,3,1102.36,112.35,0.0168,24041.54,134.31
2024-06-01,Clean,2025-09-01,15,179,3,3,848.74,329.78,0.0168,24371.32,136.15
2024-06-01,Clean,2025-10-01,16,179,1,1,65.82,39.53,0.0056,24410.85,136.37
2024-06-01,Clean,2025-11-01,17,179,1,1,326.05,12.98,0.0056,24423.83,136.45
2024-06-01,Clean,2025-12-01,18,179,1,1,251.69,10.1,0.0056,24433.93,136.5
2024-06-01,Clean,2026-01-01,19,179,1,1,784.47,-154.23,0.0056,24279.7,135.64
2024-06-01,Clean,2026-02-01,20,179,0,0,0.00,0.0,0.0,24279.7,135.64
2024-06-01,Clean,2026-03-01,21,179,1,1,105.21,-44.48,0.0056,24235.22,135.39
2024-06-01,Clean,2026-04-01,22,179,1,1,106.13,-46.39,0.0056,24188.83,135.13
2024-06-01,Clean,2026-05-01,23,179,1,1,231.66,22.18,0.0056,24211.01,135.26
2024-06-01,Clean,2026-06-01,24,179,1,1,138.42,33.76,0.0056,24244.77,135.45
2024-11-01,Delivered late,2024-11-01,0,42,42,42,14868.91,3962.75,1.0,3962.75,94.35
2024-11-01,Delivered late,2024-12-01,1,42,3,3,659.57,127.8,0.0714,4090.55,97.39
2024-11-01,Delivered late,2025-01-01,2,42,3,3,460.20,195.54,0.0714,4286.09,102.05
2024-11-01,Delivered late,2025-02-01,3,42,2,2,414.34,219.99,0.0476,4506.08,107.29
2024-11-01,Delivered late,2025-03-01,4,42,2,2,406.93,32.82,0.0476,4538.9,108.07
2024-11-01,Delivered late,2025-04-01,5,42,0,0,0.00,0.0,0.0,4538.9,108.07
2024-11-01,Delivered late,2025-05-01,6,42,1,1,180.08,65.35,0.0238,4604.25,109.63
2024-11-01,Delivered late,2025-06-01,7,42,0,0,0.00,0.0,0.0,4604.25,109.63
2024-11-01,Delivered late,2025-07-01,8,42,0,0,0.00,0.0,0.0,4604.25,109.63
2024-11-01,Delivered late,2025-08-01,9,42,0,0,0.00,0.0,0.0,4604.25,109.63
2024-11-01,Delivered late,2025-09-01,10,42,0,0,0.00,0.0,0.0,4604.25,109.63
2024-11-01,Delivered late,2025-10-01,11,42,0,0,0.00,0.0,0.0,4604.25,109.63
2024-11-01,Delivered late,2025-11-01,12,42,0,0,0.00,0.0,0.0,4604.25,109.63
2024-11-01,Delivered late,2025-12-01,13,42,0,0,0.00,0.0,0.0,4604.25,109.63
2024-11-01,Delivered late,2026-01-01,14,42,0,0,0.00,0.0,0.0,4604.25,109.63
2024-11-01,Delivered late,2026-02-01,15,42,0,0,0.00,0.0,0.0,4604.25,109.63
2024-11-01,Delivered late,2026-03-01,16,42,0,0,0.00,0.0,0.0,4604.25,109.63
2024-11-01,Delivered late,2026-04-01,17,42,0,0,0.00,0.0,0.0,4604.25,109.63
2024-11-01,Delivered late,2026-05-01,18,42,0,0,0.00,0.0,0.0,4604.25,109.63
2024-11-01,Delivered late,2026-06-01,19,42,0,0,0.00,0.0,0.0,4604.25,109.63
2025-04-01,Clean,2025-04-01,0,193,193,199,58676.08,16009.98,1.0,16009.98,82.95
2025-04-01,Clean,2025-05-01,1,193,23,24,5611.91,951.61,0.1192,16961.59,87.88
2025-04-01,Clean,2025-06-01,2,193,36,37,12298.62,2248.21,0.1865,19209.8,99.53
2025-04-01,Clean,2025-07-01,3,193,34,34,9098.52,2092.1,0.1762,21301.9,110.37
2025-04-01,Clean,2025-08-01,4,193,19,19,5766.86,1752.06,0.0984,23053.96,119.45
2025-04-01,Clean,2025-09-01,5,193,15,15,7525.47,1480.68,0.0777,24534.64,127.12
2025-04-01,Clean,2025-10-01,6,193,7,7,1864.93,118.11,0.0363,24652.75,127.73
2025-04-01,Clean,2025-11-01,7,193,5,5,900.23,-241.28,0.0259,24411.47,126.48
2025-04-01,Clean,2025-12-01,8,193,3,3,844.51,274.68,0.0155,24686.15,127.91
2025-04-01,Clean,2026-01-01,9,193,5,6,1238.99,116.25,0.0259,24802.4,128.51
2025-04-01,Clean,2026-02-01,10,193,3,3,1637.27,356.32,0.0155,25158.72,130.36
2025-04-01,Clean,2026-03-01,11,193,1,2,172.04,74.61,0.0052,25233.33,130.74
2025-04-01,Clean,2026-04-01,12,193,0,0,0.00,0.0,0.0,25233.33,130.74
2025-04-01,Clean,2026-05-01,13,193,0,0,0.00,0.0,0.0,25233.33,130.74
2025-04-01,Clean,2026-06-01,14,193,0,0,0.00,0.0,0.0,25233.33,130.74
2025-10-01,Returned,2025-10-01,0,79,79,79,31300.81,2842.92,1.0,2842.92,35.99
2025-10-01,Returned,2025-11-01,1,79,8,8,3393.10,495.84,0.1013,3338.76,42.26
2025-10-01,Returned,2025-12-01,2,79,11,13,3768.16,1067.68,0.1392,4406.44,55.78
2025-10-01,Returned,2026-01-01,3,79,12,12,2479.73,477.92,0.1519,4884.36,61.83
2025-10-01,Returned,2026-02-01,4,79,9,9,2906.97,953.86,0.1139,5838.22,73.9
2025-10-01,Returned,2026-03-01,5,79,2,2,503.52,198.77,0.0253,6036.99,76.42
2025-10-01,Returned,2026-04-01,6,79,4,4,997.75,212.88,0.0506,6249.87,79.11
2025-10-01,Returned,2026-05-01,7,79,2,2,322.26,55.64,0.0253,6305.51,79.82
2025-10-01,Returned,2026-06-01,8,79,3,3,684.17,106.51,0.038,6412.02,81.16
2025-12-01,Late and returned,2025-12-01,0,28,28,28,6338.36,1098.19,1.0,1098.19,39.22
2025-12-01,Late and returned,2026-01-01,1,28,1,1,210.59,87.77,0.0357,1185.96,42.36
2025-12-01,Late and returned,2026-02-01,2,28,3,3,646.67,142.6,0.1071,1328.56,47.45
2025-12-01,Late and returned,2026-03-01,3,28,1,1,178.00,104.32,0.0357,1432.88,51.17
2025-12-01,Late and returned,2026-04-01,4,28,0,0,0.00,0.0,0.0,1432.88,51.17
2025-12-01,Late and returned,2026-05-01,5,28,0,0,0.00,0.0,0.0,1432.88,51.17
2025-12-01,Late and returned,2026-06-01,6,28,0,0,0.00,0.0,0.0,1432.88,51.17
2026-03-01,Delivered late,2026-03-01,0,23,23,23,7512.84,2511.49,1.0,2511.49,109.2
2026-03-01,Delivered late,2026-04-01,1,23,2,2,1025.69,231.61,0.087,2743.1,119.27
2026-03-01,Delivered late,2026-05-01,2,23,4,4,992.27,9.52,0.1739,2752.62,119.68
2026-03-01,Delivered late,2026-06-01,3,23,2,2,897.04,-227.39,0.087,2525.23,109.79
2024-02-01,Delivered late,2024-02-01,0,22,22,22,4124.34,1424.21,1.0,1424.21,64.74
2024-02-01,Delivered late,2024-03-01,1,22,2,2,807.70,267.27,0.0909,1691.48,76.89
2024-02-01,Delivered late,2024-04-01,2,22,3,3,1019.94,278.31,0.1364,1969.79,89.54
2024-02-01,Delivered late,2024-05-01,3,22,1,1,167.00,102.28,0.0455,2072.07,94.18
2024-02-01,Delivered late,2024-06-01,4,22,0,0,0.00,0.0,0.0,2072.07,94.18
2024-02-01,Delivered late,2024-07-01,5,22,0,0,0.00,0.0,0.0,2072.07,94.18
2024-02-01,Delivered late,2024-08-01,6,22,0,0,0.00,0.0,0.0,2072.07,94.18
2024-02-01,Delivered late,2024-09-01,7,22,0,0,0.00,0.0,0.0,2072.07,94.18
2024-02-01,Delivered late,2024-10-01,8,22,0,0,0.00,0.0,0.0,2072.07,94.18
2024-02-01,Delivered late,2024-11-01,9,22,0,0,0.00,0.0,0.0,2072.07,94.18
2024-02-01,Delivered late,2024-12-01,10,22,0,0,0.00,0.0,0.0,2072.07,94.18
2024-02-01,Delivered late,2025-01-01,11,22,0,0,0.00,0.0,0.0,2072.07,94.18
2024-02-01,Delivered late,2025-02-01,12,22,0,0,0.00,0.0,0.0,2072.07,94.18
2024-02-01,Delivered late,2025-03-01,13,22,0,0,0.00,0.0,0.0,2072.07,94.18
2024-02-01,Delivered late,2025-04-01,14,22,0,0,0.00,0.0,0.0,2072.07,94.18
2024-02-01,Delivered late,2025-05-01,15,22,0,0,0.00,0.0,0.0,2072.07,94.18
2024-02-01,Delivered late,2025-06-01,16,22,0,0,0.00,0.0,0.0,2072.07,94.18
2024-02-01,Delivered late,2025-07-01,17,22,0,0,0.00,0.0,0.0,2072.07,94.18
2024-02-01,Delivered late,2025-08-01,18,22,0,0,0.00,0.0,0.0,2072.07,94.18
2024-02-01,Delivered late,2025-09-01,19,22,0,0,0.00,0.0,0.0,2072.07,94.18
2024-02-01,Delivered late,2025-10-01,20,22,0,0,0.00,0.0,0.0,2072.07,94.18
2024-02-01,Delivered late,2025-11-01,21,22,0,0,0.00,0.0,0.0,2072.07,94.18
2024-02-01,Delivered late,2025-12-01,22,22,0,0,0.00,0.0,0.0,2072.07,94.18
2024-02-01,Delivered late,2026-01-01,23,22,0,0,0.00,0.0,0.0,2072.07,94.18
2024-02-01,Delivered late,2026-02-01,24,22,0,0,0.00,0.0,0.0,2072.07,94.18
2024-02-01,Delivered late,2026-03-01,25,22,0,0,0.00,0.0,0.0,2072.07,94.18
2024-02-01,Delivered late,2026-04-01,26,22,0,0,0.00,0.0,0.0,2072.07,94.18
2024-02-01,Delivered late,2026-05-01,27,22,0,0,0.00,0.0,0.0,2072.07,94.18
2024-02-01,Delivered late,2026-06-01,28,22,0,0,0.00,0.0,0.0,2072.07,94.18
2025-03-01,Clean,2025-03-01,0,197,197,199,52620.35,15709.39,1.0,15709.39,79.74
2025-03-01,Clean,2025-04-01,1,197,27,27,8037.59,2293.37,0.1371,18002.76,91.38
2025-03-01,Clean,2025-05-01,2,197,24,24,7250.44,1820.51,0.1218,19823.27,100.63
2025-03-01,Clean,2025-06-01,3,197,24,24,6229.69,1643.79,0.1218,21467.06,108.97
2025-03-01,Clean,2025-07-01,4,197,10,10,2055.26,322.28,0.0508,21789.34,110.61
2025-03-01,Clean,2025-08-01,5,197,10,10,2597.53,753.12,0.0508,22542.46,114.43
2025-03-01,Clean,2025-09-01,6,197,13,14,3479.15,918.19,0.066,23460.65,119.09
2025-03-01,Clean,2025-10-01,7,197,1,1,95.21,55.06,0.0051,23515.71,119.37
2025-03-01,Clean,2025-11-01,8,197,1,1,164.80,60.13,0.0051,23575.84,119.67
2025-03-01,Clean,2025-12-01,9,197,5,5,1346.92,213.79,0.0254,23789.63,120.76
2025-03-01,Clean,2026-01-01,10,197,1,1,140.95,83.12,0.0051,23872.75,121.18
2025-03-01,Clean,2026-02-01,11,197,2,2,124.87,27.2,0.0102,23899.95,121.32
2025-03-01,Clean,2026-03-01,12,197,1,1,304.51,19.55,0.0051,23919.5,121.42
2025-03-01,Clean,2026-04-01,13,197,1,1,21.76,-1.77,0.0051,23917.73,121.41
2025-03-01,Clean,2026-05-01,14,197,1,1,88.93,46.4,0.0051,23964.13,121.65
2025-03-01,Clean,2026-06-01,15,197,0,0,0.00,0.0,0.0,23964.13,121.65
2025-06-01,Clean,2025-06-01,0,222,222,224,60136.94,13476.96,1.0,13476.96,60.71
2025-06-01,Clean,2025-07-01,1,222,40,40,8775.36,2431.29,0.1802,15908.25,71.66
2025-06-01,Clean,2025-08-01,2,222,36,36,7557.58,1600.57,0.1622,17508.82,78.87
2025-06-01,Clean,2025-09-01,3,222,25,25,5889.43,1913.33,0.1126,19422.15,87.49
2025-06-01,Clean,2025-10-01,4,222,20,20,7658.02,1691.12,0.0901,21113.27,95.1
2025-06-01,Clean,2025-11-01,5,222,23,23,6488.02,570.5,0.1036,21683.77,97.67
2025-06-01,Clean,2025-12-01,6,222,16,16,4144.43,1146.2,0.0721,22829.97,102.84
2025-06-01,Clean,2026-01-01,7,222,15,15,3201.91,1186.78,0.0676,24016.75,108.18
2025-06-01,Clean,2026-02-01,8,222,7,7,2654.03,948.93,0.0315,24965.68,112.46
2025-06-01,Clean,2026-03-01,9,222,6,6,1304.82,487.9,0.027,25453.58,114.66
2025-06-01,Clean,2026-04-01,10,222,9,9,2548.23,713.25,0.0405,26166.83,117.87
2025-06-01,Clean,2026-05-01,11,222,4,4,1321.32,187.21,0.018,26354.04,118.71
2025-06-01,Clean,2026-06-01,12,222,5,5,1136.00,212.76,0.0225,26566.8,119.67
2026-01-01,Delivered late,2026-01-01,0,13,13,13,4357.47,1031.96,1.0,1031.96,79.38
2026-01-01,Delivered late,2026-02-01,1,13,1,1,1007.97,393.44,0.0769,1425.4,109.65
2026-01-01,Delivered late,2026-03-01,2,13,2,2,352.60,61.34,0.1538,1486.74,114.36
2026-01-01,Delivered late,2026-04-01,3,13,2,2,813.45,166.54,0.1538,1653.28,127.18
2026-01-01,Delivered late,2026-05-01,4,13,0,0,0.00,0.0,0.0,1653.28,127.18
2026-01-01,Delivered late,2026-06-01,5,13,0,0,0.00,0.0,0.0,1653.28,127.18
