customer_id,company_name,segment,industry,region,country,acquisition_channel,sales_rep,signup_date
CUS-00001,Basalt Peak Health,SMB,Logistics & Transport,North America,United States,Marketplace,B. Lindqvist,2023-01-01
CUS-00002,Vertex Point Retail,SMB,Software & Technology,EMEA,United Kingdom,Inbound,L. Duarte,2023-01-01
CUS-00003,Corvus Forge Group,SMB,Software & Technology,North America,United States,Partner,J. Petersen,2023-01-01
CUS-00004,Ridge Stone Networks,SMB,Professional Services,North America,United States,Inbound,K. Rahman,2023-01-01
CUS-00005,Lyra Watch Retail,SMB,Healthcare,North America,United States,Inbound,H. Kowalski,2023-01-01
CUS-00006,Nimbus Stone Financial,SMB,Software & Technology,EMEA,Sweden,Inbound,G. Almeida,2023-01-01
CUS-00007,Pioneer Stone Energy,Mid-Market,Healthcare,North America,United States,Inbound,E. Nakamura,2023-01-01
CUS-00008,Tidal Court Group,SMB,Healthcare,North America,United States,Marketplace,J. Petersen,2023-01-01
CUS-00009,Summit River Solutions,SMB,Software & Technology,North America,United States,Inbound,B. Lindqvist,2023-01-01
CUS-00010,Beacon Point Industries,SMB,Professional Services,APAC,Australia,Marketplace,A. Okafor,2023-01-01
CUS-00011,Halcyon Point Partners,SMB,Manufacturing,North America,United States,Inbound,F. Whitfield,2023-01-01
CUS-00012,Sable Cross Solutions,Mid-Market,Manufacturing,EMEA,United Kingdom,Marketplace,B. Lindqvist,2023-01-01
CUS-00013,Falcon Cove Energy,Enterprise,Software & Technology,North America,United States,Partner,L. Duarte,2023-01-01
CUS-00014,Bluefin Arbor Industries,SMB,Financial Services,EMEA,Germany,Self-Serve,,2023-01-01
CUS-00015,Cobalt River Systems,SMB,Logistics & Transport,EMEA,United Kingdom,Self-Serve,,2023-01-01
CUS-00016,Nimbus Forge Solutions,SMB,Healthcare,APAC,India,Inbound,H. Kowalski,2023-02-01
CUS-00017,Basalt Vale Systems,Mid-Market,Healthcare,LATAM,Mexico,Outbound,D. Ferreira,2023-02-01
CUS-00018,Zephyr Arbor Health,Enterprise,Manufacturing,North America,United States,Inbound,G. Almeida,2023-02-01
CUS-00019,Corvus Field Partners,Mid-Market,Education,North America,United States,Inbound,B. Lindqvist,2023-02-01
CUS-00020,Halcyon Harbour Media,Mid-Market,Manufacturing,EMEA,France,Inbound,K. Rahman,2023-02-01
CUS-00021,Orchid Stone Technologies,Mid-Market,Financial Services,North America,United States,Partner,H. Kowalski,2023-02-01
CUS-00022,Solstice Harbour Retail,Mid-Market,Professional Services,EMEA,Germany,Inbound,B. Lindqvist,2023-02-01
CUS-00023,Maple Bridge Logistics,Enterprise,Software & Technology,LATAM,Brazil,Outbound,L. Duarte,2023-02-01
CUS-00024,Orchid Cove Retail,SMB,Software & Technology,APAC,Japan,Inbound,I. Castellanos,2023-02-01
CUS-00025,Onyx Vale Technologies,SMB,Retail & E-commerce,APAC,Singapore,Inbound,H. Kowalski,2023-02-01
CUS-00026,Vertex Cross Labs,SMB,Logistics & Transport,EMEA,United Kingdom,Inbound,D. Ferreira,2023-02-01
CUS-00027,Ridge Court Media,SMB,Healthcare,EMEA,United Kingdom,Self-Serve,,2023-02-01
CUS-00028,Lumen Stone Partners,Mid-Market,Healthcare,North America,United States,Outbound,A. Okafor,2023-02-01
CUS-00029,Meridian Court Solutions,Mid-Market,Retail & E-commerce,EMEA,United Kingdom,Outbound,B. Lindqvist,2023-02-01
CUS-00030,Tidal Watch Group,SMB,Logistics & Transport,APAC,Singapore,Inbound,K. Rahman,2023-02-01
CUS-00031,Harbor Vale Technologies,SMB,Retail & E-commerce,APAC,India,Self-Serve,,2023-02-01
CUS-00032,Ridge Watch Systems,SMB,Software & Technology,North America,United States,Marketplace,E. Nakamura,2023-02-01
CUS-00033,Corvus Point Labs,SMB,Financial Services,APAC,India,Inbound,I. Castellanos,2023-02-01
CUS-00034,Zephyr Harbour Solutions,SMB,Software & Technology,North America,Canada,Inbound,H. Kowalski,2023-03-01
CUS-00035,Vertex Harbour Group,SMB,Healthcare,North America,United States,Inbound,F. Whitfield,2023-03-01
CUS-00036,Northwind Peak Solutions,SMB,Education,North America,United States,Inbound,C. Moreau,2023-03-01
CUS-00037,Orchid Peak Partners,Enterprise,Media & Entertainment,North America,United States,Partner,H. Kowalski,2023-03-01
CUS-00038,Basalt Point Technologies,Mid-Market,Software & Technology,APAC,Australia,Inbound,L. Duarte,2023-03-01
CUS-00039,Beacon Stone Health,SMB,Software & Technology,North America,Canada,Self-Serve,,2023-03-01
CUS-00040,Vertex Bridge Financial,SMB,Financial Services,North America,United States,Inbound,A. Okafor,2023-03-01
CUS-00041,Sable Harbour Logistics,Enterprise,Media & Entertainment,North America,United States,Outbound,E. Nakamura,2023-03-01
CUS-00042,Northwind Vale Financial,SMB,Education,North America,United States,Inbound,H. Kowalski,2023-03-01
CUS-00043,Halcyon Vale Partners,SMB,Software & Technology,North America,United States,Self-Serve,,2023-03-01
CUS-00044,Pioneer Field Technologies,Mid-Market,Education,North America,United States,Partner,A. Okafor,2023-03-01
CUS-00045,Granite Harbour Retail,Mid-Market,Financial Services,EMEA,Netherlands,Outbound,A. Okafor,2023-03-01
CUS-00046,Cobalt Field Health,SMB,Logistics & Transport,EMEA,Germany,Inbound,H. Kowalski,2023-03-01
CUS-00047,Juniper Field Retail,SMB,Education,North America,Canada,Self-Serve,,2023-03-01
CUS-00048,Basalt Court Labs,SMB,Healthcare,LATAM,Brazil,Marketplace,I. Castellanos,2023-03-01
CUS-00049,Lyra Vale Solutions,SMB,Healthcare,APAC,Australia,Marketplace,C. Moreau,2023-03-01
CUS-00050,Halcyon Watch Retail,Mid-Market,Healthcare,APAC,Japan,Inbound,K. Rahman,2023-03-01
CUS-00051,Zephyr Cove Retail,SMB,Retail & E-commerce,EMEA,United Kingdom,Inbound,J. Petersen,2023-03-01
CUS-00052,Bluefin Gate Media,SMB,Professional Services,North America,United States,Inbound,G. Almeida,2023-04-01
CUS-00053,Nimbus Gate Networks,SMB,Healthcare,APAC,Singapore,Inbound,B. Lindqvist,2023-04-01
CUS-00054,Basalt Watch Health,SMB,Healthcare,EMEA,Sweden,Partner,J. Petersen,2023-04-01
CUS-00055,Northwind Vale Solutions,SMB,Software & Technology,North America,United States,Self-Serve,,2023-04-01
CUS-00056,Cobalt Bridge Partners,Enterprise,Healthcare,North America,Canada,Outbound,H. Kowalski,2023-04-01
CUS-00057,Basalt Bridge Solutions,SMB,Professional Services,North America,United States,Marketplace,L. Duarte,2023-04-01
CUS-00058,Ridge Harbour Group,Enterprise,Financial Services,EMEA,Germany,Outbound,K. Rahman,2023-04-01
CUS-00059,Halcyon Point Analytics,SMB,Retail & E-commerce,North America,United States,Marketplace,A. Okafor,2023-04-01
CUS-00060,Juniper Harbour Analytics,SMB,Healthcare,EMEA,Netherlands,Partner,J. Petersen,2023-04-01
CUS-00061,Granite Bridge Logistics,SMB,Logistics & Transport,EMEA,Germany,Inbound,A. Okafor,2023-04-01
CUS-00062,Ironwood Forge Financial,Enterprise,Software & Technology,APAC,India,Outbound,F. Whitfield,2023-04-01
CUS-00063,Orchid River Logistics,Mid-Market,Healthcare,EMEA,Germany,Inbound,H. Kowalski,2023-04-01
CUS-00064,Meridian Cove Networks,SMB,Retail & E-commerce,North America,United States,Inbound,D. Ferreira,2023-04-01
CUS-00065,Meridian Gate Systems,SMB,Education,APAC,Australia,Self-Serve,,2023-04-01
CUS-00066,Lyra Cross Systems,SMB,Healthcare,APAC,Singapore,Self-Serve,,2023-04-01
CUS-00067,Pioneer Court Analytics,Mid-Market,Manufacturing,North America,United States,Inbound,C. Moreau,2023-04-01
CUS-00068,Orchid Watch Energy,Mid-Market,Financial Services,EMEA,France,Outbound,A. Okafor,2023-05-01
CUS-00069,Nimbus Harbour Industries,Enterprise,Retail & E-commerce,LATAM,Brazil,Partner,J. Petersen,2023-05-01
CUS-00070,Granite Bridge Labs,Enterprise,Manufacturing,EMEA,Germany,Outbound,D. Ferreira,2023-05-01
CUS-00071,Corvus Watch Media,Mid-Market,Healthcare,North America,Canada,Outbound,D. Ferreira,2023-05-01
CUS-00072,Basalt Vale Logistics,Mid-Market,Retail & E-commerce,North America,Canada,Partner,H. Kowalski,2023-05-01
CUS-00073,Summit Gate Analytics,Enterprise,Education,APAC,Australia,Outbound,L. Duarte,2023-05-01
CUS-00074,Aster Bridge Analytics,SMB,Manufacturing,North America,United States,Partner,E. Nakamura,2023-05-01
CUS-00075,Solstice Forge Logistics,Mid-Market,Professional Services,North America,United States,Marketplace,J. Petersen,2023-05-01
CUS-00076,Corvus Watch Technologies,SMB,Healthcare,North America,United States,Self-Serve,,2023-05-01
CUS-00077,Pioneer Court Health,Enterprise,Professional Services,APAC,Singapore,Outbound,J. Petersen,2023-05-01
CUS-00078,Bluefin Point Analytics,SMB,Manufacturing,EMEA,Sweden,Marketplace,D. Ferreira,2023-05-01
CUS-00079,Halcyon Cove Retail,SMB,Software & Technology,APAC,Singapore,Inbound,E. Nakamura,2023-05-01
CUS-00080,Nimbus Arbor Systems,Enterprise,Professional Services,North America,United States,Outbound,K. Rahman,2023-05-01
CUS-00081,Pioneer River Industries,SMB,Financial Services,North America,United States,Inbound,B. Lindqvist,2023-05-01
CUS-00082,Falcon Point Systems,Mid-Market,Manufacturing,EMEA,Sweden,Inbound,I. Castellanos,2023-05-01
CUS-00083,Ironwood Bridge Systems,SMB,Software & Technology,North America,United States,Inbound,C. Moreau,2023-05-01
CUS-00084,Corvus Watch Partners,Mid-Market,Professional Services,EMEA,United Kingdom,Partner,I. Castellanos,2023-05-01
CUS-00085,Solstice Bridge Energy,Mid-Market,Software & Technology,North America,Canada,Partner,D. Ferreira,2023-05-01
CUS-00086,Nimbus Forge Networks,SMB,Manufacturing,North America,Canada,Inbound,G. Almeida,2023-06-01
CUS-00087,Lyra Gate Financial,Mid-Market,Education,EMEA,Germany,Inbound,C. Moreau,2023-06-01
CUS-00088,Crestline Forge Labs,SMB,Healthcare,LATAM,Brazil,Self-Serve,,2023-06-01
CUS-00089,Tidal Field Group,SMB,Software & Technology,North America,United States,Marketplace,G. Almeida,2023-06-01
CUS-00090,Solstice Forge Media,SMB,Manufacturing,North America,United States,Self-Serve,,2023-06-01
CUS-00091,Granite Gate Labs,Mid-Market,Software & Technology,North America,United States,Inbound,L. Duarte,2023-06-01
CUS-00092,Solstice Forge Energy,SMB,Financial Services,EMEA,United Kingdom,Inbound,K. Rahman,2023-06-01
CUS-00093,Solstice River Networks,SMB,Manufacturing,EMEA,Germany,Self-Serve,,2023-06-01
CUS-00094,Bluefin Watch Logistics,SMB,Software & Technology,EMEA,United Kingdom,Marketplace,H. Kowalski,2023-06-01
CUS-00095,Beacon Point Solutions,SMB,Professional Services,North America,United States,Inbound,K. Rahman,2023-06-01
CUS-00096,Cobalt Court Technologies,Mid-Market,Software & Technology,EMEA,United Kingdom,Partner,H. Kowalski,2023-06-01
CUS-00097,Lyra Stone Retail,SMB,Logistics & Transport,APAC,Australia,Self-Serve,,2023-06-01
CUS-00098,Onyx Forge Energy,Mid-Market,Retail & E-commerce,EMEA,Netherlands,Inbound,F. Whitfield,2023-06-01
CUS-00099,Northwind Point Networks,SMB,Software & Technology,EMEA,Germany,Self-Serve,,2023-06-01
CUS-00100,Crestline Vale Retail,SMB,Media & Entertainment,North America,United States,Partner,K. Rahman,2023-06-01
CUS-00101,Lyra Field Retail,Mid-Market,Software & Technology,North America,United States,Partner,C. Moreau,2023-06-01
CUS-00102,Granite Peak Solutions,SMB,Financial Services,LATAM,Brazil,Self-Serve,,2023-06-01
CUS-00103,Beacon Vale Health,Enterprise,Professional Services,APAC,India,Outbound,H. Kowalski,2023-06-01
CUS-00104,Nimbus Harbour Group,SMB,Media & Entertainment,North America,United States,Self-Serve,,2023-06-01
CUS-00105,Orchid Bridge Networks,SMB,Retail & E-commerce,North America,United States,Self-Serve,,2023-06-01
CUS-00106,Orchid Cove Energy,Mid-Market,Software & Technology,North America,United States,Inbound,H. Kowalski,2023-06-01
CUS-00107,Northwind Forge Industries,SMB,Financial Services,North America,United States,Inbound,I. Castellanos,2023-06-01
CUS-00108,Falcon Gate Technologies,SMB,Retail & E-commerce,North America,United States,Partner,K. Rahman,2023-06-01
CUS-00109,Northwind Cove Labs,Mid-Market,Logistics & Transport,EMEA,Germany,Partner,A. Okafor,2023-07-01
CUS-00110,Zephyr Peak Logistics,Enterprise,Manufacturing,North America,United States,Outbound,C. Moreau,2023-07-01
CUS-00111,Beacon Arbor Labs,SMB,Media & Entertainment,North America,United States,Self-Serve,,2023-07-01
CUS-00112,Tidal Vale Group,Enterprise,Education,North America,United States,Partner,D. Ferreira,2023-07-01
CUS-00113,Zephyr Watch Energy,Mid-Market,Media & Entertainment,EMEA,United Kingdom,Inbound,A. Okafor,2023-07-01
CUS-00114,Quartz Bridge Technologies,Enterprise,Retail & E-commerce,EMEA,France,Outbound,A. Okafor,2023-07-01
CUS-00115,Solstice Gate Networks,SMB,Software & Technology,EMEA,United Kingdom,Self-Serve,,2023-07-01
CUS-00116,Lyra Peak Energy,SMB,Software & Technology,North America,United States,Self-Serve,,2023-07-01
CUS-00117,Summit Stone Energy,Mid-Market,Healthcare,North America,United States,Outbound,I. Castellanos,2023-07-01
CUS-00118,Pioneer Vale Partners,Enterprise,Manufacturing,North America,United States,Outbound,H. Kowalski,2023-07-01
CUS-00119,Zephyr Harbour Financial,Mid-Market,Financial Services,APAC,Australia,Marketplace,J. Petersen,2023-07-01
CUS-00120,Crestline Cross Solutions,SMB,Professional Services,North America,Canada,Marketplace,L. Duarte,2023-07-01
CUS-00121,Orchid Harbour Retail,Mid-Market,Retail & E-commerce,EMEA,United Kingdom,Outbound,G. Almeida,2023-07-01
CUS-00122,Juniper Watch Health,Mid-Market,Education,North America,United States,Inbound,J. Petersen,2023-07-01
CUS-00123,Corvus Court Logistics,Mid-Market,Media & Entertainment,APAC,Japan,Inbound,C. Moreau,2023-07-01
CUS-00124,Crestline Bridge Group,Mid-Market,Software & Technology,North America,United States,Outbound,H. Kowalski,2023-07-01
CUS-00125,Bluefin Field Financial,Enterprise,Manufacturing,APAC,Singapore,Outbound,D. Ferreira,2023-08-01
CUS-00126,Northwind Cross Analytics,SMB,Logistics & Transport,North America,United States,Self-Serve,,2023-08-01
CUS-00127,Cobalt River Industries,SMB,Education,North America,United States,Self-Serve,,2023-08-01
CUS-00128,Basalt Field Retail,SMB,Software & Technology,APAC,Australia,Self-Serve,,2023-08-01
CUS-00129,Tidal Harbour Technologies,Enterprise,Software & Technology,EMEA,Sweden,Outbound,C. Moreau,2023-08-01
CUS-00130,Lumen Field Solutions,Mid-Market,Healthcare,EMEA,Netherlands,Inbound,E. Nakamura,2023-08-01
CUS-00131,Lumen Peak Systems,Mid-Market,Software & Technology,North America,Canada,Outbound,D. Ferreira,2023-08-01
CUS-00132,Zephyr Cross Partners,Mid-Market,Healthcare,North America,United States,Partner,L. Duarte,2023-08-01
CUS-00133,Pioneer Arbor Networks,Mid-Market,Healthcare,North America,Canada,Inbound,L. Duarte,2023-08-01
CUS-00134,Ironwood Cove Energy,SMB,Media & Entertainment,EMEA,Netherlands,Partner,E. Nakamura,2023-08-01
CUS-00135,Ironwood Court Solutions,Mid-Market,Media & Entertainment,EMEA,United Kingdom,Inbound,J. Petersen,2023-08-01
CUS-00136,Lumen Watch Health,SMB,Logistics & Transport,North America,United States,Self-Serve,,2023-08-01
CUS-00137,Beacon Field Retail,SMB,Manufacturing,North America,United States,Inbound,L. Duarte,2023-08-01
CUS-00138,Sable Arbor Labs,SMB,Logistics & Transport,North America,United States,Inbound,H. Kowalski,2023-08-01
CUS-00139,Onyx Forge Technologies,SMB,Media & Entertainment,APAC,Singapore,Inbound,B. Lindqvist,2023-09-01
CUS-00140,Bluefin Cross Group,Enterprise,Financial Services,North America,United States,Partner,J. Petersen,2023-09-01
CUS-00141,Zephyr Field Logistics,SMB,Healthcare,APAC,Japan,Self-Serve,,2023-09-01
CUS-00142,Cobalt Watch Health,SMB,Software & Technology,EMEA,United Kingdom,Marketplace,B. Lindqvist,2023-09-01
CUS-00143,Granite Field Retail,SMB,Manufacturing,North America,United States,Partner,I. Castellanos,2023-09-01
CUS-00144,Halcyon Gate Media,SMB,Logistics & Transport,North America,United States,Inbound,H. Kowalski,2023-09-01
CUS-00145,Northwind Cross Energy,Mid-Market,Education,EMEA,United Kingdom,Outbound,D. Ferreira,2023-09-01
CUS-00146,Falcon Cove Logistics,SMB,Media & Entertainment,APAC,Japan,Inbound,G. Almeida,2023-09-01
CUS-00147,Juniper River Energy,SMB,Professional Services,North America,United States,Self-Serve,,2023-09-01
CUS-00148,Ironwood Point Industries,SMB,Retail & E-commerce,APAC,Japan,Inbound,I. Castellanos,2023-09-01
CUS-00149,Orchid Cove Group,Mid-Market,Professional Services,EMEA,France,Inbound,J. Petersen,2023-09-01
CUS-00150,Orchid Vale Networks,Mid-Market,Professional Services,APAC,India,Outbound,K. Rahman,2023-09-01
CUS-00151,Bluefin River Analytics,SMB,Education,North America,United States,Marketplace,D. Ferreira,2023-09-01
CUS-00152,Zephyr Cove Systems,Mid-Market,Software & Technology,North America,United States,Outbound,I. Castellanos,2023-09-01
CUS-00153,Summit Point Retail,SMB,Software & Technology,EMEA,United Kingdom,Partner,G. Almeida,2023-09-01
CUS-00154,Juniper Cross Analytics,SMB,Logistics & Transport,North America,Canada,Inbound,E. Nakamura,2023-09-01
CUS-00155,Northwind Field Partners,SMB,Professional Services,EMEA,Germany,Self-Serve,,2023-09-01
CUS-00156,Sable Court Financial,SMB,Software & Technology,EMEA,United Kingdom,Self-Serve,,2023-09-01
CUS-00157,Orchid Watch Retail,SMB,Retail & E-commerce,North America,United States,Self-Serve,,2023-09-01
CUS-00158,Juniper Stone Systems,Enterprise,Software & Technology,North America,United States,Inbound,H. Kowalski,2023-09-01
CUS-00159,Ridge River Networks,Enterprise,Retail & E-commerce,North America,United States,Outbound,I. Castellanos,2023-09-01
CUS-00160,Quartz Peak Analytics,Mid-Market,Media & Entertainment,North America,United States,Inbound,K. Rahman,2023-10-01
CUS-00161,Bluefin Harbour Health,Enterprise,Healthcare,EMEA,Germany,Partner,H. Kowalski,2023-10-01
CUS-00162,Lumen Arbor Analytics,Enterprise,Media & Entertainment,APAC,Singapore,Outbound,E. Nakamura,2023-10-01
CUS-00163,Juniper Peak Group,SMB,Retail & E-commerce,North America,United States,Partner,E. Nakamura,2023-10-01
CUS-00164,Orchid Bridge Energy,SMB,Professional Services,North America,United States,Inbound,J. Petersen,2023-10-01
CUS-00165,Sable Cove Industries,SMB,Professional Services,EMEA,France,Inbound,I. Castellanos,2023-10-01
CUS-00166,Lumen Vale Logistics,SMB,Software & Technology,LATAM,Brazil,Self-Serve,,2023-10-01
CUS-00167,Lumen Forge Systems,SMB,Education,North America,United States,Marketplace,J. Petersen,2023-10-01
CUS-00168,Pioneer Bridge Health,Mid-Market,Software & Technology,North America,United States,Partner,J. Petersen,2023-10-01
CUS-00169,Cobalt Vale Media,SMB,Manufacturing,North America,Canada,Self-Serve,,2023-10-01
CUS-00170,Harbor River Networks,SMB,Education,APAC,Australia,Self-Serve,,2023-10-01
CUS-00171,Nimbus Watch Technologies,Mid-Market,Media & Entertainment,APAC,Japan,Partner,F. Whitfield,2023-10-01
CUS-00172,Summit Court Solutions,Enterprise,Healthcare,North America,United States,Outbound,B. Lindqvist,2023-10-01
CUS-00173,Meridian Cove Health,SMB,Logistics & Transport,North America,United States,Inbound,G. Almeida,2023-10-01
CUS-00174,Zephyr Forge Financial,SMB,Education,EMEA,Germany,Self-Serve,,2023-10-01
CUS-00175,Aster Cross Systems,Mid-Market,Professional Services,North America,United States,Partner,D. Ferreira,2023-10-01
CUS-00176,Granite Point Logistics,Enterprise,Software & Technology,APAC,Japan,Outbound,D. Ferreira,2023-10-01
CUS-00177,Sable Forge Networks,Mid-Market,Manufacturing,North America,United States,Outbound,G. Almeida,2023-10-01
CUS-00178,Solstice Harbour Logistics,SMB,Manufacturing,EMEA,Netherlands,Marketplace,G. Almeida,2023-10-01
CUS-00179,Bluefin Cove Analytics,SMB,Financial Services,North America,United States,Partner,K. Rahman,2023-10-01
CUS-00180,Lumen Watch Partners,Mid-Market,Software & Technology,North America,Canada,Outbound,K. Rahman,2023-10-01
CUS-00181,Zephyr River Logistics,Mid-Market,Manufacturing,North America,United States,Outbound,C. Moreau,2023-10-01
CUS-00182,Basalt Stone Systems,SMB,Manufacturing,EMEA,France,Self-Serve,,2023-10-01
CUS-00183,Basalt Cross Retail,SMB,Retail & E-commerce,North America,United States,Marketplace,I. Castellanos,2023-10-01
CUS-00184,Sable Field Energy,SMB,Retail & E-commerce,North America,United States,Self-Serve,,2023-10-01
CUS-00185,Aster Cove Labs,Mid-Market,Financial Services,North America,United States,Inbound,D. Ferreira,2023-11-01
CUS-00186,Sable Harbour Group,Mid-Market,Software & Technology,North America,United States,Marketplace,F. Whitfield,2023-11-01
CUS-00187,Solstice Arbor Technologies,SMB,Manufacturing,North America,United States,Self-Serve,,2023-11-01
CUS-00188,Harbor Harbour Retail,Mid-Market,Software & Technology,APAC,India,Outbound,A. Okafor,2023-11-01
CUS-00189,Ironwood Stone Media,SMB,Logistics & Transport,North America,United States,Marketplace,A. Okafor,2023-11-01
CUS-00190,Ridge Harbour Labs,SMB,Financial Services,North America,United States,Self-Serve,,2023-11-01
CUS-00191,Crestline Arbor Industries,SMB,Financial Services,North America,United States,Inbound,L. Duarte,2023-11-01
CUS-00192,Zephyr Peak Partners,SMB,Retail & E-commerce,North America,United States,Self-Serve,,2023-11-01
CUS-00193,Nimbus Peak Group,SMB,Software & Technology,APAC,Australia,Self-Serve,,2023-11-01
CUS-00194,Harbor River Group,SMB,Healthcare,North America,United States,Self-Serve,,2023-11-01
CUS-00195,Tidal Cove Analytics,SMB,Healthcare,EMEA,United Kingdom,Inbound,H. Kowalski,2023-11-01
CUS-00196,Harbor Cove Media,Enterprise,Retail & E-commerce,APAC,Japan,Inbound,G. Almeida,2023-11-01
CUS-00197,Solstice Stone Energy,SMB,Healthcare,North America,Canada,Self-Serve,,2023-11-01
CUS-00198,Nimbus Point Analytics,SMB,Logistics & Transport,North America,United States,Inbound,L. Duarte,2023-11-01
CUS-00199,Vertex Court Systems,SMB,Software & Technology,North America,United States,Inbound,H. Kowalski,2023-11-01
CUS-00200,Solstice Watch Industries,SMB,Retail & E-commerce,North America,United States,Inbound,A. Okafor,2023-11-01
CUS-00201,Lyra Point Group,SMB,Education,EMEA,United Kingdom,Marketplace,H. Kowalski,2023-11-01
CUS-00202,Ironwood Cross Networks,SMB,Software & Technology,EMEA,France,Inbound,F. Whitfield,2023-11-01
CUS-00203,Pioneer Court Labs,Mid-Market,Professional Services,North America,United States,Inbound,E. Nakamura,2023-11-01
CUS-00204,Sable Cross Group,SMB,Education,North America,Canada,Self-Serve,,2023-11-01
CUS-00205,Tidal Harbour Health,SMB,Financial Services,North America,United States,Self-Serve,,2023-11-01
CUS-00206,Nimbus Point Solutions,SMB,Professional Services,EMEA,Germany,Self-Serve,,2023-11-01
CUS-00207,Lumen Bridge Analytics,Mid-Market,Professional Services,EMEA,United Kingdom,Inbound,C. Moreau,2023-11-01
CUS-00208,Meridian Peak Group,Enterprise,Retail & E-commerce,North America,United States,Outbound,A. Okafor,2023-11-01
CUS-00209,Juniper Cove Retail,SMB,Professional Services,North America,Canada,Self-Serve,,2023-12-01
CUS-00210,Falcon Vale Energy,SMB,Healthcare,LATAM,Mexico,Marketplace,E. Nakamura,2023-12-01
CUS-00211,Crestline Gate Partners,SMB,Manufacturing,EMEA,Germany,Self-Serve,,2023-12-01
CUS-00212,Meridian Harbour Technologies,Mid-Market,Retail & E-commerce,North America,United States,Marketplace,F. Whitfield,2023-12-01
CUS-00213,Pioneer Gate Energy,Mid-Market,Software & Technology,North America,Canada,Outbound,L. Duarte,2023-12-01
CUS-00214,Lyra Peak Systems,SMB,Retail & E-commerce,EMEA,Germany,Partner,I. Castellanos,2023-12-01
CUS-00215,Cobalt Bridge Health,SMB,Healthcare,EMEA,United Kingdom,Self-Serve,,2023-12-01
CUS-00216,Lumen Peak Analytics,Enterprise,Healthcare,APAC,Singapore,Partner,D. Ferreira,2023-12-01
CUS-00217,Maple Forge Energy,Mid-Market,Software & Technology,EMEA,Germany,Marketplace,F. Whitfield,2023-12-01
CUS-00218,Northwind Point Solutions,Mid-Market,Media & Entertainment,North America,United States,Inbound,C. Moreau,2023-12-01
CUS-00219,Zephyr Field Technologies,Mid-Market,Media & Entertainment,APAC,Japan,Outbound,F. Whitfield,2023-12-01
CUS-00220,Falcon Arbor Solutions,Mid-Market,Software & Technology,EMEA,United Kingdom,Outbound,D. Ferreira,2023-12-01
CUS-00221,Bluefin Arbor Partners,SMB,Retail & E-commerce,North America,United States,Inbound,L. Duarte,2023-12-01
CUS-00222,Basalt Gate Media,Mid-Market,Professional Services,North America,Canada,Marketplace,H. Kowalski,2023-12-01
CUS-00223,Vertex Harbour Labs,SMB,Healthcare,EMEA,Germany,Self-Serve,,2023-12-01
CUS-00224,Quartz Point Labs,Mid-Market,Media & Entertainment,APAC,Japan,Partner,D. Ferreira,2023-12-01
CUS-00225,Nimbus Point Networks,SMB,Retail & E-commerce,APAC,Australia,Self-Serve,,2023-12-01
CUS-00226,Crestline River Logistics,Mid-Market,Software & Technology,North America,United States,Partner,B. Lindqvist,2023-12-01
CUS-00227,Summit Watch Health,SMB,Financial Services,North America,Canada,Partner,H. Kowalski,2023-12-01
CUS-00228,Ironwood Court Financial,Mid-Market,Software & Technology,EMEA,Germany,Marketplace,J. Petersen,2023-12-01
CUS-00229,Summit Watch Energy,Mid-Market,Financial Services,North America,United States,Inbound,A. Okafor,2023-12-01
CUS-00230,Solstice Cross Health,Mid-Market,Manufacturing,EMEA,United Kingdom,Outbound,B. Lindqvist,2023-12-01
CUS-00231,Cobalt Field Systems,SMB,Education,North America,United States,Self-Serve,,2023-12-01
CUS-00232,Pioneer Cove Health,SMB,Financial Services,North America,United States,Inbound,L. Duarte,2023-12-01
CUS-00233,Quartz Bridge Analytics,SMB,Healthcare,North America,United States,Marketplace,I. Castellanos,2023-12-01
CUS-00234,Quartz Arbor Health,SMB,Retail & E-commerce,North America,United States,Marketplace,D. Ferreira,2023-12-01
CUS-00235,Lyra Bridge Energy,SMB,Education,North America,United States,Self-Serve,,2023-12-01
CUS-00236,Ironwood River Group,SMB,Software & Technology,North America,United States,Self-Serve,,2024-01-01
CUS-00237,Bluefin Watch Technologies,Mid-Market,Media & Entertainment,APAC,Japan,Partner,A. Okafor,2024-01-01
CUS-00238,Beacon Gate Labs,SMB,Logistics & Transport,EMEA,Netherlands,Inbound,E. Nakamura,2024-01-01
CUS-00239,Lyra Vale Energy,Mid-Market,Software & Technology,North America,United States,Inbound,J. Petersen,2024-01-01
CUS-00240,Pioneer Court Retail,Mid-Market,Retail & E-commerce,EMEA,Sweden,Partner,B. Lindqvist,2024-01-01
CUS-00241,Quartz Field Energy,SMB,Manufacturing,North America,United States,Marketplace,D. Ferreira,2024-01-01
CUS-00242,Tidal Stone Systems,Mid-Market,Professional Services,EMEA,Germany,Partner,C. Moreau,2024-01-01
CUS-00243,Lyra Stone Technologies,Mid-Market,Logistics & Transport,North America,United States,Inbound,H. Kowalski,2024-01-01
CUS-00244,Basalt Bridge Financial,SMB,Professional Services,North America,United States,Self-Serve,,2024-01-01
CUS-00245,Onyx Field Energy,SMB,Logistics & Transport,North America,United States,Inbound,J. Petersen,2024-01-01
CUS-00246,Beacon Field Health,SMB,Retail & E-commerce,LATAM,Mexico,Self-Serve,,2024-01-01
CUS-00247,Sable Harbour Analytics,Enterprise,Healthcare,North America,United States,Inbound,C. Moreau,2024-01-01
CUS-00248,Falcon Harbour Industries,SMB,Healthcare,North America,United States,Self-Serve,,2024-01-01
CUS-00249,Zephyr Harbour Health,Mid-Market,Software & Technology,North America,United States,Outbound,J. Petersen,2024-01-01
CUS-00250,Bluefin Peak Partners,SMB,Software & Technology,APAC,Japan,Marketplace,H. Kowalski,2024-01-01
CUS-00251,Orchid Stone Solutions,SMB,Media & Entertainment,EMEA,Germany,Marketplace,F. Whitfield,2024-01-01
CUS-00252,Northwind Stone Health,Mid-Market,Retail & E-commerce,North America,United States,Outbound,E. Nakamura,2024-01-01
CUS-00253,Maple Field Logistics,SMB,Retail & E-commerce,North America,United States,Self-Serve,,2024-01-01
CUS-00254,Nimbus Court Logistics,SMB,Retail & E-commerce,LATAM,Brazil,Inbound,F. Whitfield,2024-01-01
CUS-00255,Tidal Peak Group,SMB,Financial Services,North America,Canada,Inbound,L. Duarte,2024-01-01
CUS-00256,Quartz Cove Technologies,SMB,Retail & E-commerce,North America,United States,Partner,H. Kowalski,2024-01-01
CUS-00257,Tidal Court Energy,SMB,Software & Technology,North America,United States,Partner,A. Okafor,2024-01-01
CUS-00258,Ridge Vale Networks,SMB,Healthcare,North America,Canada,Self-Serve,,2024-01-01
CUS-00259,Pioneer Cove Financial,SMB,Logistics & Transport,North America,United States,Inbound,H. Kowalski,2024-01-01
CUS-00260,Solstice Bridge Solutions,Mid-Market,Software & Technology,North America,United States,Inbound,H. Kowalski,2024-01-01
CUS-00261,Ironwood Point Health,SMB,Software & Technology,North America,United States,Marketplace,K. Rahman,2024-01-01
CUS-00262,Falcon Stone Industries,SMB,Professional Services,APAC,Australia,Self-Serve,,2024-01-01
CUS-00263,Harbor Bridge Logistics,SMB,Education,North America,United States,Inbound,H. Kowalski,2024-02-01
CUS-00264,Granite Forge Logistics,SMB,Professional Services,North America,United States,Inbound,L. Duarte,2024-02-01
CUS-00265,Basalt Gate Solutions,SMB,Logistics & Transport,North America,United States,Self-Serve,,2024-02-01
CUS-00266,Quartz Cross Media,SMB,Professional Services,North America,United States,Inbound,I. Castellanos,2024-02-01
CUS-00267,Lyra Arbor Networks,Mid-Market,Software & Technology,EMEA,France,Outbound,J. Petersen,2024-02-01
CUS-00268,Cobalt Bridge Analytics,SMB,Retail & E-commerce,EMEA,Sweden,Inbound,F. Whitfield,2024-02-01
CUS-00269,Summit Harbour Solutions,SMB,Media & Entertainment,North America,United States,Self-Serve,,2024-02-01
CUS-00270,Onyx Harbour Retail,Mid-Market,Manufacturing,North America,United States,Outbound,I. Castellanos,2024-02-01
CUS-00271,Orchid Cove Systems,SMB,Professional Services,North America,Canada,Partner,C. Moreau,2024-02-01
CUS-00272,Falcon Bridge Logistics,SMB,Manufacturing,EMEA,France,Self-Serve,,2024-02-01
CUS-00273,Nimbus Stone Media,Mid-Market,Financial Services,North America,Canada,Partner,G. Almeida,2024-02-01
CUS-00274,Meridian Stone Energy,SMB,Software & Technology,EMEA,France,Self-Serve,,2024-02-01
CUS-00275,Vertex River Labs,SMB,Professional Services,North America,Canada,Marketplace,G. Almeida,2024-02-01
CUS-00276,Harbor Cross Industries,SMB,Logistics & Transport,EMEA,Netherlands,Self-Serve,,2024-02-01
CUS-00277,Falcon Cross Technologies,SMB,Media & Entertainment,APAC,Japan,Inbound,D. Ferreira,2024-02-01
CUS-00278,Quartz Gate Energy,SMB,Healthcare,EMEA,France,Self-Serve,,2024-02-01
CUS-00279,Juniper Court Media,SMB,Software & Technology,North America,United States,Self-Serve,,2024-02-01
CUS-00280,Crestline Cove Technologies,Mid-Market,Retail & E-commerce,EMEA,United Kingdom,Outbound,A. Okafor,2024-02-01
CUS-00281,Harbor Cross Retail,SMB,Logistics & Transport,LATAM,Brazil,Self-Serve,,2024-02-01
CUS-00282,Solstice Cove Labs,Mid-Market,Software & Technology,EMEA,Sweden,Marketplace,J. Petersen,2024-02-01
CUS-00283,Tidal Watch Industries,SMB,Manufacturing,North America,United States,Self-Serve,,2024-02-01
CUS-00284,Meridian Arbor Systems,SMB,Retail & E-commerce,North America,Canada,Self-Serve,,2024-02-01
CUS-00285,Meridian Court Networks,Enterprise,Media & Entertainment,North America,United States,Inbound,K. Rahman,2024-02-01
CUS-00286,Ridge Point Solutions,SMB,Healthcare,EMEA,Germany,Inbound,E. Nakamura,2024-03-01
CUS-00287,Bluefin Cross Solutions,Enterprise,Healthcare,North America,United States,Partner,F. Whitfield,2024-03-01
CUS-00288,Halcyon Field Solutions,Enterprise,Retail & E-commerce,LATAM,Mexico,Partner,C. Moreau,2024-03-01
CUS-00289,Quartz Court Solutions,Mid-Market,Manufacturing,LATAM,Mexico,Outbound,H. Kowalski,2024-03-01
CUS-00290,Ridge Watch Networks,Mid-Market,Financial Services,EMEA,Germany,Outbound,D. Ferreira,2024-03-01
CUS-00291,Ridge Vale Systems,SMB,Manufacturing,North America,United States,Partner,H. Kowalski,2024-03-01
CUS-00292,Summit Cross Group,SMB,Software & Technology,North America,United States,Self-Serve,,2024-03-01
CUS-00293,Falcon Court Systems,SMB,Media & Entertainment,North America,United States,Self-Serve,,2024-03-01
CUS-00294,Ironwood Gate Health,SMB,Software & Technology,North America,Canada,Self-Serve,,2024-03-01
CUS-00295,Falcon Point Technologies,Mid-Market,Education,APAC,India,Inbound,L. Duarte,2024-03-01
CUS-00296,Summit Stone Analytics,SMB,Professional Services,North America,United States,Self-Serve,,2024-03-01
CUS-00297,Falcon Arbor Media,SMB,Logistics & Transport,APAC,Japan,Self-Serve,,2024-03-01
CUS-00298,Bluefin River Solutions,Enterprise,Financial Services,EMEA,Netherlands,Outbound,F. Whitfield,2024-03-01
CUS-00299,Harbor Forge Group,SMB,Software & Technology,North America,United States,Inbound,I. Castellanos,2024-03-01
CUS-00300,Harbor Field Technologies,SMB,Retail & E-commerce,North America,United States,Self-Serve,,2024-03-01
CUS-00301,Ridge Field Retail,SMB,Healthcare,North America,United States,Inbound,K. Rahman,2024-03-01
CUS-00302,Northwind River Health,SMB,Financial Services,APAC,Japan,Inbound,E. Nakamura,2024-03-01
CUS-00303,Lyra Cove Retail,Enterprise,Education,North America,United States,Partner,I. Castellanos,2024-03-01
CUS-00304,Pioneer Court Solutions,Enterprise,Retail & E-commerce,North America,United States,Inbound,L. Duarte,2024-03-01
CUS-00305,Meridian Cross Analytics,Enterprise,Healthcare,North America,United States,Partner,B. Lindqvist,2024-03-01
CUS-00306,Basalt Arbor Media,Mid-Market,Manufacturing,North America,United States,Partner,B. Lindqvist,2024-03-01
CUS-00307,Cobalt Arbor Technologies,SMB,Software & Technology,North America,United States,Self-Serve,,2024-03-01
CUS-00308,Ridge Forge Labs,Mid-Market,Healthcare,EMEA,United Kingdom,Partner,C. Moreau,2024-03-01
CUS-00309,Orchid Cross Technologies,SMB,Financial Services,APAC,Singapore,Self-Serve,,2024-03-01
CUS-00310,Ridge Court Labs,Mid-Market,Financial Services,North America,United States,Inbound,B. Lindqvist,2024-03-01
CUS-00311,Summit River Analytics,SMB,Manufacturing,APAC,Japan,Partner,E. Nakamura,2024-03-01
CUS-00312,Halcyon Gate Analytics,SMB,Media & Entertainment,North America,United States,Marketplace,F. Whitfield,2024-03-01
CUS-00313,Summit Harbour Partners,Enterprise,Education,EMEA,France,Inbound,E. Nakamura,2024-04-01
CUS-00314,Sable Gate Group,SMB,Software & Technology,North America,United States,Self-Serve,,2024-04-01
CUS-00315,Nimbus Field Group,SMB,Healthcare,APAC,Singapore,Inbound,J. Petersen,2024-04-01
CUS-00316,Ridge Vale Media,Mid-Market,Financial Services,North America,United States,Inbound,E. Nakamura,2024-04-01
CUS-00317,Zephyr Arbor Industries,SMB,Software & Technology,North America,United States,Marketplace,L. Duarte,2024-04-01
CUS-00318,Juniper Harbour Health,SMB,Financial Services,APAC,Australia,Inbound,A. Okafor,2024-04-01
CUS-00319,Falcon Gate Industries,Mid-Market,Manufacturing,North America,Canada,Outbound,A. Okafor,2024-04-01
CUS-00320,Basalt Field Group,SMB,Media & Entertainment,EMEA,United Kingdom,Inbound,D. Ferreira,2024-04-01
CUS-00321,Aster Stone Group,SMB,Financial Services,EMEA,Netherlands,Self-Serve,,2024-04-01
CUS-00322,Corvus Peak Industries,Enterprise,Software & Technology,APAC,Japan,Partner,E. Nakamura,2024-04-01
CUS-00323,Ironwood Cove Technologies,SMB,Software & Technology,EMEA,Sweden,Inbound,K. Rahman,2024-04-01
CUS-00324,Ironwood Peak Financial,SMB,Software & Technology,North America,United States,Inbound,C. Moreau,2024-04-01
CUS-00325,Basalt Arbor Labs,SMB,Software & Technology,North America,United States,Inbound,G. Almeida,2024-04-01
CUS-00326,Ironwood Field Financial,Mid-Market,Education,EMEA,Germany,Inbound,D. Ferreira,2024-04-01
CUS-00327,Vertex Arbor Energy,SMB,Financial Services,EMEA,Germany,Self-Serve,,2024-04-01
CUS-00328,Quartz Peak Retail,SMB,Financial Services,North America,Canada,Self-Serve,,2024-04-01
CUS-00329,Tidal Forge Industries,Mid-Market,Healthcare,EMEA,France,Inbound,L. Duarte,2024-04-01
CUS-00330,Corvus Field Solutions,Mid-Market,Financial Services,APAC,Singapore,Inbound,G. Almeida,2024-04-01
CUS-00331,Crestline Cove Retail,SMB,Media & Entertainment,North America,United States,Inbound,K. Rahman,2024-04-01
CUS-00332,Nimbus Peak Logistics,SMB,Healthcare,LATAM,Mexico,Self-Serve,,2024-04-01
CUS-00333,Crestline Forge Logistics,Mid-Market,Software & Technology,EMEA,Netherlands,Inbound,C. Moreau,2024-04-01
CUS-00334,Aster Peak Media,Mid-Market,Logistics & Transport,APAC,Japan,Outbound,J. Petersen,2024-04-01
CUS-00335,Nimbus Gate Partners,Mid-Market,Software & Technology,EMEA,Netherlands,Inbound,G. Almeida,2024-04-01
CUS-00336,Harbor Peak Networks,SMB,Software & Technology,EMEA,France,Inbound,E. Nakamura,2024-04-01
CUS-00337,Bluefin Point Logistics,Enterprise,Software & Technology,EMEA,Netherlands,Partner,C. Moreau,2024-04-01
CUS-00338,Bluefin Cove Technologies,SMB,Media & Entertainment,North America,United States,Marketplace,E. Nakamura,2024-04-01
CUS-00339,Falcon Gate Analytics,SMB,Education,North America,United States,Self-Serve,,2024-04-01
CUS-00340,Ridge Cove Logistics,SMB,Software & Technology,APAC,Australia,Self-Serve,,2024-04-01
CUS-00341,Beacon River Solutions,Enterprise,Healthcare,North America,United States,Outbound,J. Petersen,2024-04-01
CUS-00342,Quartz Court Industries,Mid-Market,Software & Technology,EMEA,Germany,Partner,A. Okafor,2024-05-01
CUS-00343,Vertex Gate Labs,Mid-Market,Financial Services,North America,United States,Outbound,B. Lindqvist,2024-05-01
CUS-00344,Harbor Harbour Logistics,SMB,Financial Services,North America,United States,Self-Serve,,2024-05-01
CUS-00345,Vertex Vale Health,Mid-Market,Software & Technology,North America,Canada,Inbound,E. Nakamura,2024-05-01
CUS-00346,Falcon Gate Partners,SMB,Healthcare,North America,United States,Self-Serve,,2024-05-01
CUS-00347,Crestline Cross Industries,SMB,Software & Technology,North America,Canada,Self-Serve,,2024-05-01
CUS-00348,Basalt Arbor Energy,Mid-Market,Professional Services,APAC,Australia,Outbound,A. Okafor,2024-05-01
CUS-00349,Zephyr Court Energy,SMB,Logistics & Transport,LATAM,Brazil,Self-Serve,,2024-05-01
CUS-00350,Meridian Point Group,SMB,Media & Entertainment,North America,United States,Inbound,J. Petersen,2024-05-01
CUS-00351,Ridge Field Industries,Mid-Market,Media & Entertainment,North America,Canada,Partner,F. Whitfield,2024-05-01
CUS-00352,Crestline Bridge Systems,Mid-Market,Professional Services,APAC,Singapore,Partner,F. Whitfield,2024-05-01
CUS-00353,Sable Cross Analytics,SMB,Professional Services,North America,United States,Self-Serve,,2024-05-01
CUS-00354,Pioneer Watch Media,SMB,Professional Services,EMEA,Germany,Self-Serve,,2024-05-01
CUS-00355,Maple Field Health,Enterprise,Professional Services,EMEA,United Kingdom,Outbound,H. Kowalski,2024-05-01
CUS-00356,Aster Arbor Health,Mid-Market,Professional Services,APAC,Australia,Outbound,A. Okafor,2024-05-01
CUS-00357,Crestline Court Labs,SMB,Healthcare,EMEA,United Kingdom,Self-Serve,,2024-05-01
CUS-00358,Summit Stone Labs,SMB,Healthcare,North America,United States,Self-Serve,,2024-05-01
CUS-00359,Tidal Gate Group,Enterprise,Manufacturing,APAC,Japan,Partner,D. Ferreira,2024-05-01
CUS-00360,Meridian Arbor Partners,Enterprise,Healthcare,EMEA,United Kingdom,Outbound,J. Petersen,2024-05-01
CUS-00361,Tidal Watch Technologies,SMB,Retail & E-commerce,APAC,Japan,Marketplace,G. Almeida,2024-05-01
CUS-00362,Ironwood Gate Industries,Mid-Market,Healthcare,North America,United States,Inbound,I. Castellanos,2024-05-01
CUS-00363,Tidal Cove Energy,SMB,Financial Services,North America,United States,Self-Serve,,2024-05-01
CUS-00364,Falcon Harbour Technologies,SMB,Manufacturing,North America,Canada,Partner,F. Whitfield,2024-05-01
CUS-00365,Tidal Forge Logistics,SMB,Media & Entertainment,North America,United States,Self-Serve,,2024-05-01
CUS-00366,Vertex Watch Analytics,SMB,Media & Entertainment,North America,United States,Inbound,H. Kowalski,2024-05-01
CUS-00367,Falcon Gate Labs,SMB,Financial Services,EMEA,Sweden,Inbound,C. Moreau,2024-06-01
CUS-00368,Lumen Forge Media,Mid-Market,Financial Services,EMEA,Germany,Inbound,E. Nakamura,2024-06-01
CUS-00369,Meridian River Analytics,Mid-Market,Manufacturing,APAC,Singapore,Partner,A. Okafor,2024-06-01
CUS-00370,Sable Bridge Partners,Mid-Market,Manufacturing,LATAM,Brazil,Inbound,G. Almeida,2024-06-01
CUS-00371,Vertex Cove Partners,SMB,Software & Technology,North America,United States,Inbound,I. Castellanos,2024-06-01
CUS-00372,Quartz Bridge Labs,SMB,Healthcare,APAC,Japan,Marketplace,C. Moreau,2024-06-01
CUS-00373,Cobalt River Labs,SMB,Retail & E-commerce,EMEA,France,Inbound,L. Duarte,2024-06-01
CUS-00374,Ironwood Stone Networks,SMB,Education,North America,Canada,Partner,L. Duarte,2024-06-01
CUS-00375,Maple River Retail,SMB,Professional Services,EMEA,France,Partner,L. Duarte,2024-06-01
CUS-00376,Orchid Field Analytics,SMB,Software & Technology,APAC,Australia,Self-Serve,,2024-06-01
CUS-00377,Juniper Forge Analytics,SMB,Healthcare,North America,United States,Inbound,B. Lindqvist,2024-06-01
CUS-00378,Granite Harbour Group,SMB,Healthcare,APAC,Japan,Inbound,L. Duarte,2024-06-01
CUS-00379,Maple Forge Technologies,Mid-Market,Healthcare,EMEA,Germany,Inbound,D. Ferreira,2024-06-01
CUS-00380,Basalt Harbour Logistics,SMB,Retail & E-commerce,EMEA,United Kingdom,Inbound,L. Duarte,2024-06-01
CUS-00381,Meridian Harbour Networks,Mid-Market,Manufacturing,North America,United States,Inbound,E. Nakamura,2024-06-01
CUS-00382,Meridian Watch Financial,SMB,Financial Services,APAC,India,Self-Serve,,2024-06-01
CUS-00383,Bluefin Vale Retail,SMB,Media & Entertainment,EMEA,Germany,Partner,H. Kowalski,2024-06-01
CUS-00384,Granite Bridge Systems,Enterprise,Manufacturing,North America,United States,Outbound,B. Lindqvist,2024-06-01
CUS-00385,Quartz Watch Partners,SMB,Healthcare,EMEA,Germany,Inbound,D. Ferreira,2024-06-01
CUS-00386,Nimbus Field Technologies,Enterprise,Logistics & Transport,North America,United States,Outbound,I. Castellanos,2024-06-01
CUS-00387,Meridian Forge Systems,Enterprise,Software & Technology,North America,Canada,Partner,J. Petersen,2024-06-01
CUS-00388,Falcon Field Media,SMB,Financial Services,APAC,India,Inbound,B. Lindqvist,2024-06-01
CUS-00389,Basalt Point Retail,Enterprise,Retail & E-commerce,EMEA,Germany,Outbound,D. Ferreira,2024-06-01
CUS-00390,Onyx Cove Analytics,Mid-Market,Healthcare,APAC,Japan,Outbound,G. Almeida,2024-06-01
CUS-00391,Beacon Stone Logistics,SMB,Professional Services,EMEA,Netherlands,Self-Serve,,2024-06-01
CUS-00392,Solstice Field Logistics,SMB,Logistics & Transport,North America,United States,Inbound,F. Whitfield,2024-06-01
CUS-00393,Corvus Field Logistics,Enterprise,Logistics & Transport,APAC,Singapore,Partner,J. Petersen,2024-06-01
CUS-00394,Harbor Peak Systems,Mid-Market,Logistics & Transport,North America,United States,Inbound,G. Almeida,2024-06-01
CUS-00395,Juniper Bridge Energy,Mid-Market,Healthcare,APAC,Australia,Outbound,E. Nakamura,2024-06-01
CUS-00396,Nimbus Court Technologies,Mid-Market,Software & Technology,EMEA,France,Marketplace,E. Nakamura,2024-06-01
CUS-00397,Lumen Peak Labs,Mid-Market,Healthcare,North America,Canada,Partner,K. Rahman,2024-06-01
CUS-00398,Tidal Point Retail,SMB,Software & Technology,North America,United States,Inbound,G. Almeida,2024-07-01
CUS-00399,Pioneer Point Solutions,SMB,Media & Entertainment,North America,Canada,Self-Serve,,2024-07-01
CUS-00400,Nimbus Watch Logistics,SMB,Retail & E-commerce,APAC,India,Self-Serve,,2024-07-01
CUS-00401,Granite Stone Systems,SMB,Retail & E-commerce,North America,United States,Self-Serve,,2024-07-01
CUS-00402,Maple Vale Financial,SMB,Manufacturing,North America,United States,Self-Serve,,2024-07-01
CUS-00403,Ironwood Field Media,Mid-Market,Logistics & Transport,APAC,Australia,Partner,J. Petersen,2024-07-01
CUS-00404,Meridian Cross Group,SMB,Retail & E-commerce,APAC,Australia,Marketplace,L. Duarte,2024-07-01
CUS-00405,Cobalt Vale Group,SMB,Software & Technology,APAC,Australia,Inbound,D. Ferreira,2024-07-01
CUS-00406,Vertex Stone Systems,SMB,Software & Technology,EMEA,Sweden,Marketplace,D. Ferreira,2024-07-01
CUS-00407,Granite Point Energy,SMB,Software & Technology,North America,United States,Inbound,F. Whitfield,2024-07-01
CUS-00408,Falcon Vale Group,SMB,Software & Technology,North America,United States,Inbound,J. Petersen,2024-07-01
CUS-00409,Ridge Harbour Financial,Mid-Market,Financial Services,EMEA,Germany,Inbound,I. Castellanos,2024-07-01
CUS-00410,Northwind Watch Networks,Mid-Market,Software & Technology,EMEA,United Kingdom,Outbound,C. Moreau,2024-07-01
CUS-00411,Basalt Point Solutions,Mid-Market,Media & Entertainment,North America,United States,Partner,G. Almeida,2024-07-01
CUS-00412,Halcyon Point Systems,SMB,Manufacturing,APAC,India,Self-Serve,,2024-07-01
CUS-00413,Orchid River Solutions,SMB,Retail & E-commerce,EMEA,Netherlands,Self-Serve,,2024-07-01
CUS-00414,Maple Cross Partners,SMB,Manufacturing,LATAM,Brazil,Inbound,A. Okafor,2024-07-01
CUS-00415,Granite Harbour Partners,SMB,Logistics & Transport,North America,United States,Self-Serve,,2024-07-01
CUS-00416,Juniper Vale Systems,SMB,Software & Technology,North America,United States,Self-Serve,,2024-07-01
CUS-00417,Basalt Vale Industries,SMB,Professional Services,EMEA,Sweden,Inbound,I. Castellanos,2024-07-01
CUS-00418,Corvus River Logistics,SMB,Professional Services,North America,United States,Inbound,J. Petersen,2024-07-01
CUS-00419,Pioneer Forge Analytics,Enterprise,Education,North America,United States,Outbound,C. Moreau,2024-07-01
CUS-00420,Falcon Peak Logistics,Enterprise,Software & Technology,EMEA,Netherlands,Outbound,C. Moreau,2024-07-01
CUS-00421,Halcyon Arbor Health,SMB,Logistics & Transport,North America,United States,Marketplace,J. Petersen,2024-07-01
CUS-00422,Cobalt Peak Energy,SMB,Healthcare,EMEA,United Kingdom,Marketplace,D. Ferreira,2024-07-01
CUS-00423,Juniper Point Partners,Enterprise,Healthcare,APAC,India,Inbound,E. Nakamura,2024-07-01
CUS-00424,Harbor Point Industries,Enterprise,Financial Services,EMEA,Germany,Inbound,B. Lindqvist,2024-07-01
CUS-00425,Cobalt Arbor Health,SMB,Manufacturing,North America,United States,Marketplace,D. Ferreira,2024-08-01
CUS-00426,Lyra Cove Systems,Mid-Market,Retail & E-commerce,EMEA,Sweden,Marketplace,E. Nakamura,2024-08-01
CUS-00427,Vertex Harbour Solutions,Enterprise,Retail & E-commerce,North America,United States,Inbound,F. Whitfield,2024-08-01
CUS-00428,Vertex Forge Networks,SMB,Manufacturing,North America,United States,Self-Serve,,2024-08-01
CUS-00429,Corvus Cove Networks,Enterprise,Retail & E-commerce,North America,Canada,Partner,A. Okafor,2024-08-01
CUS-00430,Pioneer River Financial,Enterprise,Manufacturing,APAC,Australia,Partner,L. Duarte,2024-08-01
CUS-00431,Harbor River Technologies,SMB,Software & Technology,North America,United States,Inbound,D. Ferreira,2024-08-01
CUS-00432,Halcyon Forge Media,SMB,Healthcare,North America,United States,Self-Serve,,2024-08-01
CUS-00433,Halcyon Cross Labs,SMB,Professional Services,EMEA,United Kingdom,Inbound,B. Lindqvist,2024-08-01
CUS-00434,Juniper Watch Industries,SMB,Media & Entertainment,North America,United States,Self-Serve,,2024-08-01
CUS-00435,Lumen Bridge Logistics,Mid-Market,Software & Technology,EMEA,France,Inbound,F. Whitfield,2024-08-01
CUS-00436,Aster Court Health,SMB,Software & Technology,North America,Canada,Self-Serve,,2024-08-01
CUS-00437,Halcyon Field Labs,Enterprise,Retail & E-commerce,North America,United States,Partner,B. Lindqvist,2024-08-01
CUS-00438,Vertex Cove Energy,SMB,Software & Technology,North America,United States,Self-Serve,,2024-08-01
CUS-00439,Juniper Field Logistics,Enterprise,Media & Entertainment,North America,Canada,Outbound,A. Okafor,2024-08-01
CUS-00440,Granite Vale Technologies,Mid-Market,Retail & E-commerce,EMEA,Germany,Outbound,B. Lindqvist,2024-08-01
CUS-00441,Ironwood Court Health,Mid-Market,Education,North America,Canada,Partner,H. Kowalski,2024-08-01
CUS-00442,Meridian Cove Logistics,SMB,Retail & E-commerce,LATAM,Mexico,Self-Serve,,2024-08-01
CUS-00443,Aster Field Group,SMB,Healthcare,North America,United States,Partner,L. Duarte,2024-08-01
CUS-00444,Halcyon Vale Networks,Mid-Market,Healthcare,North America,United States,Inbound,I. Castellanos,2024-08-01
CUS-00445,Ironwood Forge Analytics,SMB,Professional Services,EMEA,United Kingdom,Inbound,B. Lindqvist,2024-08-01
CUS-00446,Northwind Cove Retail,SMB,Media & Entertainment,North America,United States,Partner,C. Moreau,2024-08-01
CUS-00447,Solstice River Labs,SMB,Professional Services,North America,United States,Self-Serve,,2024-09-01
CUS-00448,Onyx Gate Logistics,SMB,Financial Services,LATAM,Mexico,Marketplace,F. Whitfield,2024-09-01
CUS-00449,Orchid Point Health,Mid-Market,Software & Technology,North America,United States,Inbound,K. Rahman,2024-09-01
CUS-00450,Ridge Cove Energy,SMB,Software & Technology,North America,United States,Inbound,E. Nakamura,2024-09-01
CUS-00451,Pioneer Watch Systems,SMB,Media & Entertainment,North America,United States,Self-Serve,,2024-09-01
CUS-00452,Basalt Gate Logistics,SMB,Media & Entertainment,North America,United States,Inbound,B. Lindqvist,2024-09-01
CUS-00453,Basalt Gate Health,SMB,Manufacturing,EMEA,Germany,Inbound,J. Petersen,2024-09-01
CUS-00454,Crestline Point Technologies,SMB,Financial Services,North America,Canada,Self-Serve,,2024-09-01
CUS-00455,Orchid Point Media,Mid-Market,Software & Technology,North America,United States,Partner,K. Rahman,2024-09-01
CUS-00456,Juniper Court Systems,SMB,Software & Technology,North America,United States,Self-Serve,,2024-09-01
CUS-00457,Northwind Peak Industries,Mid-Market,Software & Technology,EMEA,Germany,Marketplace,D. Ferreira,2024-09-01
CUS-00458,Tidal Harbour Logistics,SMB,Professional Services,EMEA,United Kingdom,Self-Serve,,2024-09-01
CUS-00459,Granite Point Analytics,SMB,Software & Technology,North America,United States,Self-Serve,,2024-09-01
CUS-00460,Crestline Cross Systems,Mid-Market,Financial Services,APAC,Japan,Inbound,I. Castellanos,2024-09-01
CUS-00461,Ironwood Watch Partners,SMB,Retail & E-commerce,North America,United States,Self-Serve,,2024-09-01
CUS-00462,Halcyon Bridge Financial,Mid-Market,Logistics & Transport,North America,United States,Inbound,G. Almeida,2024-09-01
CUS-00463,Harbor Bridge Analytics,Mid-Market,Financial Services,EMEA,Sweden,Marketplace,J. Petersen,2024-09-01
CUS-00464,Juniper Gate Logistics,SMB,Manufacturing,EMEA,United Kingdom,Self-Serve,,2024-09-01
CUS-00465,Lyra Cove Financial,Mid-Market,Financial Services,APAC,India,Marketplace,E. Nakamura,2024-09-01
CUS-00466,Ironwood Gate Labs,SMB,Logistics & Transport,EMEA,United Kingdom,Inbound,C. Moreau,2024-09-01
CUS-00467,Lyra Vale Partners,SMB,Logistics & Transport,LATAM,Brazil,Self-Serve,,2024-09-01
CUS-00468,Bluefin Cross Partners,SMB,Professional Services,North America,United States,Marketplace,F. Whitfield,2024-09-01
CUS-00469,Nimbus Cross Labs,SMB,Media & Entertainment,North America,United States,Marketplace,J. Petersen,2024-09-01
CUS-00470,Beacon Harbour Labs,SMB,Retail & E-commerce,North America,United States,Self-Serve,,2024-09-01
CUS-00471,Halcyon Cross Energy,SMB,Education,EMEA,United Kingdom,Self-Serve,,2024-09-01
CUS-00472,Falcon River Retail,SMB,Professional Services,EMEA,Sweden,Self-Serve,,2024-09-01
CUS-00473,Quartz Watch Financial,Mid-Market,Software & Technology,APAC,Australia,Outbound,F. Whitfield,2024-09-01
CUS-00474,Lyra Peak Partners,Enterprise,Healthcare,EMEA,United Kingdom,Inbound,F. Whitfield,2024-09-01
CUS-00475,Sable Forge Group,SMB,Financial Services,EMEA,France,Marketplace,H. Kowalski,2024-09-01
CUS-00476,Summit Arbor Energy,SMB,Financial Services,APAC,Japan,Partner,F. Whitfield,2024-09-01
CUS-00477,Halcyon Court Financial,Enterprise,Software & Technology,APAC,Australia,Inbound,D. Ferreira,2024-09-01
CUS-00478,Quartz Gate Industries,SMB,Software & Technology,APAC,Australia,Self-Serve,,2024-09-01
CUS-00479,Aster Point Labs,Enterprise,Software & Technology,EMEA,United Kingdom,Outbound,L. Duarte,2024-09-01
CUS-00480,Quartz Cove Media,Enterprise,Logistics & Transport,EMEA,France,Inbound,C. Moreau,2024-09-01
CUS-00481,Cobalt Harbour Retail,SMB,Retail & E-commerce,LATAM,Brazil,Marketplace,D. Ferreira,2024-09-01
CUS-00482,Lyra Point Logistics,Mid-Market,Manufacturing,North America,United States,Partner,H. Kowalski,2024-09-01
CUS-00483,Beacon Cross Media,Enterprise,Media & Entertainment,North America,Canada,Partner,B. Lindqvist,2024-09-01
CUS-00484,Corvus Cross Health,SMB,Financial Services,APAC,Japan,Partner,A. Okafor,2024-10-01
CUS-00485,Orchid River Group,Mid-Market,Retail & E-commerce,APAC,Australia,Inbound,H. Kowalski,2024-10-01
CUS-00486,Basalt Bridge Industries,SMB,Media & Entertainment,North America,Canada,Self-Serve,,2024-10-01
CUS-00487,Orchid Point Energy,SMB,Education,North America,United States,Inbound,F. Whitfield,2024-10-01
CUS-00488,Summit Arbor Group,Enterprise,Logistics & Transport,North America,United States,Inbound,F. Whitfield,2024-10-01
CUS-00489,Summit Arbor Retail,SMB,Healthcare,APAC,India,Self-Serve,,2024-10-01
CUS-00490,Orchid Harbour Media,SMB,Media & Entertainment,EMEA,United Kingdom,Inbound,I. Castellanos,2024-10-01
CUS-00491,Zephyr Cove Analytics,Mid-Market,Logistics & Transport,North America,United States,Inbound,J. Petersen,2024-10-01
CUS-00492,Summit Vale Networks,SMB,Professional Services,North America,United States,Self-Serve,,2024-10-01
CUS-00493,Solstice Cove Partners,SMB,Retail & E-commerce,North America,United States,Self-Serve,,2024-10-01
CUS-00494,Lumen Harbour Industries,SMB,Financial Services,EMEA,Germany,Inbound,F. Whitfield,2024-10-01
CUS-00495,Harbor Bridge Technologies,SMB,Software & Technology,LATAM,Brazil,Self-Serve,,2024-10-01
CUS-00496,Bluefin River Media,SMB,Retail & E-commerce,North America,United States,Inbound,H. Kowalski,2024-10-01
CUS-00497,Tidal Arbor Energy,SMB,Media & Entertainment,LATAM,Mexico,Self-Serve,,2024-10-01
CUS-00498,Quartz Peak Solutions,SMB,Retail & E-commerce,EMEA,Germany,Self-Serve,,2024-10-01
CUS-00499,Basalt Harbour Health,SMB,Manufacturing,North America,United States,Marketplace,F. Whitfield,2024-10-01
CUS-00500,Aster Peak Technologies,Mid-Market,Logistics & Transport,North America,United States,Inbound,G. Almeida,2024-10-01
CUS-00501,Nimbus Arbor Technologies,Mid-Market,Manufacturing,EMEA,France,Marketplace,J. Petersen,2024-10-01
CUS-00502,Vertex Peak Health,Mid-Market,Software & Technology,North America,United States,Inbound,F. Whitfield,2024-10-01
CUS-00503,Northwind Court Retail,SMB,Education,North America,Canada,Marketplace,G. Almeida,2024-10-01
CUS-00504,Harbor Forge Media,SMB,Professional Services,APAC,Australia,Self-Serve,,2024-10-01
CUS-00505,Orchid Court Logistics,SMB,Retail & E-commerce,North America,United States,Inbound,A. Okafor,2024-10-01
CUS-00506,Solstice Vale Group,Mid-Market,Retail & E-commerce,APAC,India,Marketplace,E. Nakamura,2024-10-01
CUS-00507,Juniper Cross Systems,SMB,Software & Technology,North America,United States,Marketplace,F. Whitfield,2024-10-01
CUS-00508,Corvus Gate Partners,Enterprise,Retail & E-commerce,North America,Canada,Outbound,H. Kowalski,2024-10-01
CUS-00509,Orchid Point Group,SMB,Professional Services,North America,United States,Inbound,E. Nakamura,2024-10-01
CUS-00510,Granite River Media,Enterprise,Software & Technology,APAC,Australia,Outbound,D. Ferreira,2024-10-01
CUS-00511,Quartz Vale Financial,Enterprise,Financial Services,EMEA,United Kingdom,Outbound,C. Moreau,2024-10-01
CUS-00512,Aster Vale Media,Mid-Market,Manufacturing,North America,United States,Partner,L. Duarte,2024-10-01
CUS-00513,Summit Gate Financial,SMB,Manufacturing,APAC,Singapore,Self-Serve,,2024-11-01
CUS-00514,Northwind Bridge Retail,Enterprise,Retail & E-commerce,North America,United States,Inbound,L. Duarte,2024-11-01
CUS-00515,Harbor Watch Media,Enterprise,Manufacturing,North America,Canada,Outbound,I. Castellanos,2024-11-01
CUS-00516,Juniper River Labs,SMB,Retail & E-commerce,EMEA,Germany,Inbound,C. Moreau,2024-11-01
CUS-00517,Beacon Vale Financial,SMB,Education,North America,United States,Inbound,L. Duarte,2024-11-01
CUS-00518,Crestline Field Financial,Mid-Market,Software & Technology,North America,United States,Inbound,L. Duarte,2024-11-01
CUS-00519,Bluefin Field Media,Mid-Market,Software & Technology,EMEA,Germany,Inbound,I. Castellanos,2024-11-01
CUS-00520,Crestline Cross Retail,SMB,Software & Technology,North America,Canada,Inbound,B. Lindqvist,2024-11-01
CUS-00521,Quartz Watch Energy,SMB,Financial Services,EMEA,Sweden,Self-Serve,,2024-11-01
CUS-00522,Summit Field Health,SMB,Software & Technology,North America,United States,Inbound,I. Castellanos,2024-11-01
CUS-00523,Nimbus Bridge Retail,SMB,Logistics & Transport,EMEA,United Kingdom,Self-Serve,,2024-11-01
CUS-00524,Quartz Forge Labs,SMB,Retail & E-commerce,EMEA,France,Inbound,C. Moreau,2024-11-01
CUS-00525,Solstice Stone Logistics,Mid-Market,Software & Technology,EMEA,Sweden,Inbound,E. Nakamura,2024-11-01
CUS-00526,Lyra Point Industries,Enterprise,Software & Technology,EMEA,Netherlands,Partner,I. Castellanos,2024-11-01
CUS-00527,Vertex Arbor Partners,SMB,Software & Technology,EMEA,France,Partner,K. Rahman,2024-11-01
CUS-00528,Solstice Gate Systems,SMB,Software & Technology,North America,United States,Inbound,D. Ferreira,2024-11-01
CUS-00529,Cobalt Arbor Group,SMB,Financial Services,North America,United States,Partner,B. Lindqvist,2024-11-01
CUS-00530,Onyx Cove Financial,SMB,Software & Technology,North America,United States,Self-Serve,,2024-11-01
CUS-00531,Summit Field Partners,Mid-Market,Media & Entertainment,North America,United States,Outbound,B. Lindqvist,2024-11-01
CUS-00532,Granite Point Technologies,Enterprise,Financial Services,North America,United States,Outbound,H. Kowalski,2024-11-01
CUS-00533,Beacon Peak Energy,SMB,Software & Technology,North America,United States,Inbound,B. Lindqvist,2024-11-01
CUS-00534,Lumen Point Analytics,SMB,Software & Technology,EMEA,United Kingdom,Self-Serve,,2024-11-01
CUS-00535,Corvus Point Logistics,SMB,Retail & E-commerce,EMEA,United Kingdom,Marketplace,F. Whitfield,2024-11-01
CUS-00536,Solstice Vale Media,SMB,Logistics & Transport,EMEA,Germany,Marketplace,G. Almeida,2024-11-01
CUS-00537,Northwind Harbour Energy,Mid-Market,Professional Services,APAC,Singapore,Outbound,J. Petersen,2024-11-01
CUS-00538,Vertex Forge Partners,Enterprise,Professional Services,North America,United States,Inbound,H. Kowalski,2024-11-01
CUS-00539,Lyra Arbor Labs,Mid-Market,Healthcare,North America,United States,Inbound,D. Ferreira,2024-11-01
CUS-00540,Sable Forge Analytics,SMB,Software & Technology,LATAM,Brazil,Inbound,J. Petersen,2024-11-01
CUS-00541,Solstice Field Industries,SMB,Financial Services,North America,United States,Inbound,K. Rahman,2024-11-01
CUS-00542,Summit Field Media,Enterprise,Financial Services,EMEA,Germany,Partner,K. Rahman,2024-11-01
CUS-00543,Quartz Harbour Industries,Enterprise,Retail & E-commerce,EMEA,Germany,Outbound,H. Kowalski,2024-12-01
CUS-00544,Maple Vale Solutions,SMB,Software & Technology,North America,United States,Self-Serve,,2024-12-01
CUS-00545,Pioneer Bridge Technologies,SMB,Software & Technology,EMEA,France,Inbound,K. Rahman,2024-12-01
CUS-00546,Beacon Forge Media,Mid-Market,Healthcare,APAC,Singapore,Outbound,L. Duarte,2024-12-01
CUS-00547,Solstice Peak Logistics,SMB,Financial Services,North America,United States,Inbound,G. Almeida,2024-12-01
CUS-00548,Harbor Bridge Media,SMB,Professional Services,EMEA,United Kingdom,Inbound,E. Nakamura,2024-12-01
CUS-00549,Vertex Watch Group,Mid-Market,Financial Services,North America,United States,Inbound,A. Okafor,2024-12-01
CUS-00550,Summit Cove Energy,Mid-Market,Logistics & Transport,EMEA,United Kingdom,Outbound,K. Rahman,2024-12-01
CUS-00551,Pioneer Vale Technologies,SMB,Professional Services,APAC,Japan,Self-Serve,,2024-12-01
CUS-00552,Beacon Harbour Technologies,SMB,Software & Technology,North America,Canada,Self-Serve,,2024-12-01
CUS-00553,Lumen Court Financial,Mid-Market,Healthcare,North America,Canada,Inbound,A. Okafor,2024-12-01
CUS-00554,Harbor Arbor Media,SMB,Healthcare,North America,United States,Self-Serve,,2024-12-01
CUS-00555,Tidal Gate Energy,SMB,Financial Services,North America,United States,Self-Serve,,2024-12-01
CUS-00556,Pioneer Field Systems,SMB,Healthcare,North America,United States,Marketplace,E. Nakamura,2024-12-01
CUS-00557,Lyra Forge Logistics,SMB,Financial Services,North America,Canada,Inbound,A. Okafor,2024-12-01
CUS-00558,Summit Harbour Energy,SMB,Media & Entertainment,North America,United States,Self-Serve,,2024-12-01
CUS-00559,Zephyr Vale Analytics,Enterprise,Retail & E-commerce,North America,Canada,Inbound,H. Kowalski,2024-12-01
CUS-00560,Summit Cove Networks,SMB,Software & Technology,North America,United States,Marketplace,G. Almeida,2024-12-01
CUS-00561,Orchid Arbor Logistics,Mid-Market,Retail & E-commerce,EMEA,United Kingdom,Inbound,H. Kowalski,2024-12-01
CUS-00562,Aster Cross Analytics,Mid-Market,Software & Technology,North America,United States,Inbound,I. Castellanos,2024-12-01
CUS-00563,Nimbus Peak Labs,Enterprise,Logistics & Transport,North America,Canada,Inbound,H. Kowalski,2024-12-01
CUS-00564,Vertex Stone Logistics,Mid-Market,Financial Services,North America,United States,Inbound,G. Almeida,2024-12-01
CUS-00565,Sable Peak Technologies,Mid-Market,Retail & E-commerce,North America,United States,Marketplace,H. Kowalski,2024-12-01
CUS-00566,Sable Cross Networks,SMB,Healthcare,LATAM,Brazil,Inbound,L. Duarte,2024-12-01
CUS-00567,Solstice Bridge Labs,SMB,Financial Services,North America,United States,Marketplace,E. Nakamura,2024-12-01
CUS-00568,Ironwood Cove Networks,SMB,Retail & E-commerce,EMEA,Germany,Partner,D. Ferreira,2024-12-01
CUS-00569,Cobalt Point Health,Mid-Market,Education,North America,Canada,Marketplace,A. Okafor,2024-12-01
CUS-00570,Zephyr Arbor Partners,SMB,Financial Services,North America,United States,Inbound,D. Ferreira,2024-12-01
CUS-00571,Bluefin Court Partners,Enterprise,Software & Technology,North America,United States,Partner,L. Duarte,2024-12-01
CUS-00572,Bluefin Forge Analytics,SMB,Retail & E-commerce,EMEA,Sweden,Inbound,B. Lindqvist,2024-12-01
CUS-00573,Pioneer Forge Financial,Mid-Market,Professional Services,EMEA,France,Inbound,J. Petersen,2024-12-01
CUS-00574,Ridge Cross Systems,Mid-Market,Financial Services,APAC,Singapore,Outbound,H. Kowalski,2024-12-01
CUS-00575,Maple River Energy,Enterprise,Software & Technology,North America,United States,Outbound,G. Almeida,2024-12-01
CUS-00576,Basalt Harbour Technologies,SMB,Financial Services,North America,United States,Self-Serve,,2024-12-01
CUS-00577,Basalt Court Systems,SMB,Healthcare,APAC,Japan,Self-Serve,,2024-12-01
CUS-00578,Vertex Cove Group,SMB,Software & Technology,North America,Canada,Inbound,L. Duarte,2024-12-01
CUS-00579,Northwind Stone Media,SMB,Retail & E-commerce,APAC,Singapore,Self-Serve,,2024-12-01
CUS-00580,Northwind Peak Financial,SMB,Financial Services,EMEA,Germany,Self-Serve,,2024-12-01
CUS-00581,Ridge Forge Networks,SMB,Retail & E-commerce,APAC,Singapore,Self-Serve,,2024-12-01
CUS-00582,Falcon Stone Analytics,SMB,Retail & E-commerce,EMEA,Netherlands,Self-Serve,,2024-12-01
CUS-00583,Crestline Forge Energy,Mid-Market,Software & Technology,EMEA,France,Partner,A. Okafor,2024-12-01
CUS-00584,Basalt Point Industries,SMB,Financial Services,EMEA,Germany,Inbound,L. Duarte,2024-12-01
CUS-00585,Ironwood Field Labs,Enterprise,Retail & E-commerce,North America,United States,Outbound,E. Nakamura,2025-01-01
CUS-00586,Vertex Bridge Retail,SMB,Media & Entertainment,North America,United States,Marketplace,K. Rahman,2025-01-01
CUS-00587,Bluefin Vale Health,SMB,Retail & E-commerce,North America,United States,Self-Serve,,2025-01-01
CUS-00588,Corvus Field Technologies,SMB,Software & Technology,APAC,Australia,Inbound,G. Almeida,2025-01-01
CUS-00589,Juniper Harbour Technologies,SMB,Healthcare,North America,United States,Self-Serve,,2025-01-01
CUS-00590,Onyx Gate Energy,Mid-Market,Software & Technology,North America,United States,Inbound,G. Almeida,2025-01-01
CUS-00591,Pioneer Cove Analytics,SMB,Professional Services,EMEA,France,Inbound,G. Almeida,2025-01-01
CUS-00592,Quartz Court Financial,Mid-Market,Software & Technology,EMEA,Netherlands,Inbound,E. Nakamura,2025-01-01
CUS-00593,Tidal Cross Labs,SMB,Retail & E-commerce,APAC,Singapore,Self-Serve,,2025-01-01
CUS-00594,Halcyon Cross Media,Mid-Market,Healthcare,North America,United States,Outbound,L. Duarte,2025-01-01
CUS-00595,Solstice River Energy,SMB,Manufacturing,North America,United States,Self-Serve,,2025-01-01
CUS-00596,Quartz Point Financial,Mid-Market,Software & Technology,North America,United States,Outbound,L. Duarte,2025-01-01
CUS-00597,Ridge Bridge Logistics,SMB,Retail & E-commerce,APAC,India,Self-Serve,,2025-01-01
CUS-00598,Lyra Field Energy,Mid-Market,Education,EMEA,United Kingdom,Inbound,G. Almeida,2025-01-01
CUS-00599,Basalt Field Financial,Mid-Market,Software & Technology,North America,United States,Marketplace,I. Castellanos,2025-01-01
CUS-00600,Maple Cross Retail,SMB,Financial Services,North America,Canada,Partner,D. Ferreira,2025-01-01
CUS-00601,Juniper Stone Group,Enterprise,Retail & E-commerce,North America,United States,Outbound,J. Petersen,2025-01-01
CUS-00602,Meridian Peak Solutions,Mid-Market,Retail & E-commerce,North America,United States,Partner,B. Lindqvist,2025-01-01
CUS-00603,Aster Gate Financial,Mid-Market,Software & Technology,North America,United States,Outbound,B. Lindqvist,2025-01-01
CUS-00604,Pioneer Court Media,SMB,Software & Technology,North America,Canada,Inbound,A. Okafor,2025-01-01
CUS-00605,Basalt Cove Networks,Enterprise,Financial Services,North America,United States,Outbound,F. Whitfield,2025-01-01
CUS-00606,Lumen Bridge Systems,SMB,Education,EMEA,Germany,Self-Serve,,2025-01-01
CUS-00607,Lyra Court Retail,SMB,Media & Entertainment,EMEA,United Kingdom,Self-Serve,,2025-01-01
CUS-00608,Sable Harbour Retail,Mid-Market,Education,EMEA,Germany,Partner,F. Whitfield,2025-01-01
CUS-00609,Granite Bridge Industries,SMB,Financial Services,North America,United States,Inbound,H. Kowalski,2025-01-01
CUS-00610,Bluefin Cove Retail,Mid-Market,Financial Services,EMEA,Germany,Marketplace,B. Lindqvist,2025-01-01
CUS-00611,Lumen Arbor Partners,Mid-Market,Professional Services,APAC,Australia,Outbound,E. Nakamura,2025-01-01
CUS-00612,Onyx Cross Labs,SMB,Software & Technology,EMEA,France,Self-Serve,,2025-01-01
CUS-00613,Pioneer Bridge Financial,SMB,Media & Entertainment,North America,United States,Self-Serve,,2025-01-01
CUS-00614,Corvus Stone Technologies,SMB,Manufacturing,North America,United States,Self-Serve,,2025-01-01
CUS-00615,Onyx River Solutions,SMB,Software & Technology,EMEA,France,Self-Serve,,2025-01-01
CUS-00616,Quartz Arbor Industries,SMB,Education,North America,United States,Self-Serve,,2025-01-01
CUS-00617,Crestline Stone Industries,SMB,Software & Technology,North America,United States,Self-Serve,,2025-01-01
CUS-00618,Onyx Watch Solutions,SMB,Healthcare,APAC,India,Marketplace,L. Duarte,2025-01-01
CUS-00619,Beacon Field Energy,Enterprise,Healthcare,North America,United States,Outbound,K. Rahman,2025-01-01
CUS-00620,Harbor Cross Health,SMB,Software & Technology,EMEA,Germany,Self-Serve,,2025-01-01
CUS-00621,Meridian Stone Analytics,Mid-Market,Retail & E-commerce,North America,United States,Inbound,H. Kowalski,2025-01-01
CUS-00622,Sable Gate Systems,SMB,Healthcare,EMEA,Germany,Inbound,G. Almeida,2025-01-01
CUS-00623,Pioneer Point Industries,Enterprise,Manufacturing,EMEA,Netherlands,Inbound,L. Duarte,2025-02-01
CUS-00624,Corvus River Networks,SMB,Retail & E-commerce,APAC,Singapore,Self-Serve,,2025-02-01
CUS-00625,Maple Point Health,Enterprise,Education,North America,United States,Inbound,G. Almeida,2025-02-01
CUS-00626,Quartz Arbor Group,Enterprise,Manufacturing,North America,United States,Inbound,I. Castellanos,2025-02-01
CUS-00627,Meridian Gate Networks,SMB,Software & Technology,EMEA,United Kingdom,Inbound,C. Moreau,2025-02-01
CUS-00628,Quartz Stone Group,SMB,Healthcare,EMEA,Germany,Partner,J. Petersen,2025-02-01
CUS-00629,Ridge Forge Partners,SMB,Financial Services,North America,Canada,Self-Serve,,2025-02-01
CUS-00630,Corvus Court Partners,Mid-Market,Professional Services,APAC,Singapore,Inbound,J. Petersen,2025-02-01
CUS-00631,Sable Cove Health,SMB,Financial Services,LATAM,Mexico,Inbound,B. Lindqvist,2025-02-01
CUS-00632,Sable Cross Financial,SMB,Manufacturing,North America,United States,Self-Serve,,2025-02-01
CUS-00633,Ridge Vale Partners,Mid-Market,Healthcare,North America,Canada,Outbound,A. Okafor,2025-02-01
CUS-00634,Lyra Court Analytics,SMB,Manufacturing,APAC,Singapore,Inbound,I. Castellanos,2025-02-01
CUS-00635,Beacon Bridge Health,SMB,Retail & E-commerce,North America,United States,Self-Serve,,2025-02-01
CUS-00636,Maple Field Solutions,SMB,Logistics & Transport,EMEA,United Kingdom,Self-Serve,,2025-02-01
CUS-00637,Quartz Cove Logistics,SMB,Professional Services,EMEA,United Kingdom,Self-Serve,,2025-02-01
CUS-00638,Pioneer Vale Energy,Mid-Market,Software & Technology,EMEA,Germany,Inbound,D. Ferreira,2025-02-01
CUS-00639,Sable Stone Energy,Enterprise,Software & Technology,APAC,Australia,Outbound,F. Whitfield,2025-02-01
CUS-00640,Cobalt Bridge Logistics,Mid-Market,Retail & E-commerce,EMEA,France,Partner,L. Duarte,2025-02-01
CUS-00641,Bluefin Vale Solutions,SMB,Manufacturing,North America,United States,Inbound,K. Rahman,2025-02-01
CUS-00642,Granite Gate Logistics,SMB,Manufacturing,North America,United States,Inbound,I. Castellanos,2025-02-01
CUS-00643,Vertex Peak Labs,SMB,Healthcare,North America,United States,Self-Serve,,2025-02-01
CUS-00644,Crestline Field Health,SMB,Professional Services,North America,United States,Self-Serve,,2025-02-01
CUS-00645,Corvus Forge Media,Mid-Market,Logistics & Transport,North America,United States,Partner,J. Petersen,2025-02-01
CUS-00646,Bluefin Forge Technologies,SMB,Media & Entertainment,North America,Canada,Self-Serve,,2025-02-01
CUS-00647,Summit Stone Partners,SMB,Software & Technology,North America,United States,Self-Serve,,2025-02-01
CUS-00648,Zephyr River Partners,Mid-Market,Education,LATAM,Mexico,Inbound,J. Petersen,2025-02-01
CUS-00649,Granite Court Logistics,Mid-Market,Manufacturing,North America,United States,Inbound,C. Moreau,2025-02-01
CUS-00650,Onyx Arbor Financial,SMB,Healthcare,North America,United States,Inbound,A. Okafor,2025-02-01
CUS-00651,Granite Court Networks,SMB,Manufacturing,North America,United States,Self-Serve,,2025-02-01
CUS-00652,Falcon Point Group,SMB,Financial Services,APAC,Japan,Self-Serve,,2025-02-01
CUS-00653,Ridge Field Group,SMB,Manufacturing,North America,Canada,Self-Serve,,2025-02-01
CUS-00654,Lumen Vale Analytics,SMB,Manufacturing,EMEA,Sweden,Inbound,C. Moreau,2025-03-01
CUS-00655,Nimbus Point Labs,Mid-Market,Professional Services,EMEA,Sweden,Inbound,D. Ferreira,2025-03-01
CUS-00656,Nimbus Gate Media,SMB,Media & Entertainment,EMEA,Sweden,Self-Serve,,2025-03-01
CUS-00657,Vertex Vale Analytics,SMB,Retail & E-commerce,EMEA,United Kingdom,Inbound,J. Petersen,2025-03-01
CUS-00658,Onyx Peak Retail,SMB,Financial Services,EMEA,France,Inbound,I. Castellanos,2025-03-01
CUS-00659,Onyx Field Labs,Mid-Market,Software & Technology,North America,United States,Outbound,K. Rahman,2025-03-01
CUS-00660,Ironwood Peak Group,Mid-Market,Financial Services,North America,United States,Inbound,J. Petersen,2025-03-01
CUS-00661,Sable Harbour Industries,SMB,Software & Technology,APAC,Australia,Self-Serve,,2025-03-01
CUS-00662,Nimbus Arbor Health,Mid-Market,Retail & E-commerce,EMEA,Germany,Partner,F. Whitfield,2025-03-01
CUS-00663,Northwind Peak Labs,SMB,Financial Services,North America,Canada,Self-Serve,,2025-03-01
CUS-00664,Falcon Harbour Analytics,SMB,Software & Technology,LATAM,Mexico,Self-Serve,,2025-03-01
CUS-00665,Meridian Watch Networks,SMB,Software & Technology,APAC,India,Inbound,E. Nakamura,2025-03-01
CUS-00666,Onyx Stone Health,Enterprise,Logistics & Transport,North America,United States,Inbound,E. Nakamura,2025-03-01
CUS-00667,Aster Vale Retail,SMB,Financial Services,North America,United States,Self-Serve,,2025-03-01
CUS-00668,Lyra Vale Analytics,Enterprise,Healthcare,EMEA,United Kingdom,Outbound,E. Nakamura,2025-03-01
CUS-00669,Meridian Watch Media,SMB,Logistics & Transport,North America,Canada,Marketplace,B. Lindqvist,2025-03-01
CUS-00670,Orchid Forge Media,SMB,Retail & E-commerce,North America,United States,Inbound,A. Okafor,2025-03-01
CUS-00671,Ironwood Court Labs,SMB,Healthcare,EMEA,France,Self-Serve,,2025-03-01
CUS-00672,Ironwood Bridge Financial,SMB,Retail & E-commerce,North America,United States,Self-Serve,,2025-03-01
CUS-00673,Nimbus Point Partners,SMB,Retail & E-commerce,APAC,Australia,Inbound,E. Nakamura,2025-03-01
CUS-00674,Falcon Court Labs,SMB,Software & Technology,EMEA,France,Inbound,F. Whitfield,2025-03-01
CUS-00675,Maple Field Analytics,SMB,Media & Entertainment,APAC,Japan,Marketplace,F. Whitfield,2025-03-01
CUS-00676,Beacon River Logistics,SMB,Logistics & Transport,EMEA,Germany,Marketplace,G. Almeida,2025-03-01
CUS-00677,Beacon Harbour Industries,SMB,Retail & E-commerce,EMEA,Germany,Inbound,K. Rahman,2025-03-01
CUS-00678,Sable Stone Industries,SMB,Software & Technology,North America,United States,Marketplace,K. Rahman,2025-03-01
CUS-00679,Solstice Cove Analytics,SMB,Manufacturing,North America,United States,Inbound,K. Rahman,2025-03-01
CUS-00680,Vertex Vale Energy,Mid-Market,Healthcare,North America,United States,Outbound,K. Rahman,2025-03-01
CUS-00681,Northwind Gate Health,SMB,Software & Technology,North America,United States,Marketplace,L. Duarte,2025-03-01
CUS-00682,Lumen Court Labs,Enterprise,Retail & E-commerce,EMEA,United Kingdom,Partner,B. Lindqvist,2025-03-01
CUS-00683,Lyra Arbor Financial,Enterprise,Retail & E-commerce,EMEA,Germany,Partner,E. Nakamura,2025-03-01
CUS-00684,Meridian Peak Systems,Enterprise,Software & Technology,North America,United States,Outbound,I. Castellanos,2025-03-01
CUS-00685,Aster River Financial,Mid-Market,Software & Technology,EMEA,United Kingdom,Inbound,D. Ferreira,2025-03-01
CUS-00686,Quartz Point Systems,SMB,Education,APAC,Japan,Self-Serve,,2025-03-01
CUS-00687,Juniper Cross Energy,SMB,Financial Services,North America,United States,Self-Serve,,2025-03-01
CUS-00688,Vertex Arbor Systems,SMB,Retail & E-commerce,North America,United States,Marketplace,D. Ferreira,2025-03-01
CUS-00689,Basalt Cove Solutions,Mid-Market,Financial Services,EMEA,United Kingdom,Inbound,I. Castellanos,2025-03-01
CUS-00690,Maple Cross Logistics,Mid-Market,Professional Services,APAC,Australia,Inbound,C. Moreau,2025-03-01
CUS-00691,Ridge Watch Media,SMB,Healthcare,North America,Canada,Inbound,H. Kowalski,2025-03-01
CUS-00692,Meridian Court Logistics,SMB,Software & Technology,North America,United States,Inbound,F. Whitfield,2025-03-01
CUS-00693,Lumen Court Systems,Enterprise,Financial Services,North America,United States,Inbound,L. Duarte,2025-03-01
CUS-00694,Ironwood Cove Systems,Enterprise,Education,EMEA,United Kingdom,Outbound,F. Whitfield,2025-03-01
CUS-00695,Maple Forge Media,SMB,Healthcare,EMEA,United Kingdom,Self-Serve,,2025-03-01
CUS-00696,Ironwood Arbor Analytics,Mid-Market,Financial Services,North America,United States,Outbound,C. Moreau,2025-03-01
CUS-00697,Quartz River Industries,SMB,Healthcare,APAC,India,Self-Serve,,2025-03-01
CUS-00698,Meridian Arbor Energy,Enterprise,Software & Technology,North America,United States,Outbound,B. Lindqvist,2025-03-01
CUS-00699,Halcyon Peak Financial,SMB,Logistics & Transport,APAC,India,Inbound,H. Kowalski,2025-03-01
CUS-00700,Halcyon Gate Retail,SMB,Manufacturing,North America,Canada,Self-Serve,,2025-04-01
CUS-00701,Pioneer Cove Partners,Mid-Market,Software & Technology,APAC,India,Partner,F. Whitfield,2025-04-01
CUS-00702,Cobalt Harbour Energy,Enterprise,Professional Services,EMEA,United Kingdom,Inbound,C. Moreau,2025-04-01
CUS-00703,Tidal Court Networks,SMB,Retail & E-commerce,APAC,Australia,Self-Serve,,2025-04-01
CUS-00704,Onyx Harbour Logistics,SMB,Software & Technology,EMEA,United Kingdom,Inbound,E. Nakamura,2025-04-01
CUS-00705,Tidal Peak Networks,Mid-Market,Financial Services,APAC,India,Inbound,L. Duarte,2025-04-01
CUS-00706,Quartz Cross Partners,SMB,Retail & E-commerce,North America,Canada,Self-Serve,,2025-04-01
CUS-00707,Corvus Field Energy,SMB,Software & Technology,North America,United States,Inbound,F. Whitfield,2025-04-01
CUS-00708,Zephyr Gate Retail,SMB,Financial Services,EMEA,United Kingdom,Self-Serve,,2025-04-01
CUS-00709,Beacon Cove Retail,SMB,Logistics & Transport,EMEA,United Kingdom,Marketplace,D. Ferreira,2025-04-01
CUS-00710,Ridge Vale Industries,SMB,Healthcare,EMEA,United Kingdom,Marketplace,K. Rahman,2025-04-01
CUS-00711,Sable Bridge Financial,SMB,Education,LATAM,Mexico,Inbound,E. Nakamura,2025-04-01
CUS-00712,Northwind Forge Media,SMB,Software & Technology,North America,United States,Inbound,D. Ferreira,2025-04-01
CUS-00713,Beacon Court Media,SMB,Retail & E-commerce,EMEA,Sweden,Self-Serve,,2025-04-01
CUS-00714,Bluefin River Systems,Enterprise,Retail & E-commerce,North America,United States,Inbound,L. Duarte,2025-04-01
CUS-00715,Cobalt Arbor Industries,Mid-Market,Manufacturing,EMEA,Germany,Partner,L. Duarte,2025-04-01
CUS-00716,Onyx Field Analytics,SMB,Manufacturing,APAC,Australia,Inbound,G. Almeida,2025-04-01
CUS-00717,Crestline Harbour Networks,Mid-Market,Financial Services,North America,United States,Inbound,B. Lindqvist,2025-04-01
CUS-00718,Tidal Gate Financial,SMB,Retail & E-commerce,North America,United States,Inbound,E. Nakamura,2025-04-01
CUS-00719,Lumen Stone Group,SMB,Professional Services,North America,United States,Self-Serve,,2025-04-01
CUS-00720,Halcyon Cross Partners,SMB,Financial Services,North America,United States,Inbound,L. Duarte,2025-04-01
CUS-00721,Corvus Cove Media,SMB,Software & Technology,EMEA,United Kingdom,Self-Serve,,2025-04-01
CUS-00722,Falcon Forge Industries,Enterprise,Manufacturing,North America,United States,Partner,I. Castellanos,2025-04-01
CUS-00723,Zephyr Peak Financial,Enterprise,Manufacturing,North America,United States,Outbound,A. Okafor,2025-04-01
CUS-00724,Falcon Stone Solutions,SMB,Media & Entertainment,North America,United States,Self-Serve,,2025-04-01
CUS-00725,Vertex Peak Group,Enterprise,Financial Services,APAC,Australia,Inbound,E. Nakamura,2025-04-01
CUS-00726,Ridge Stone Analytics,SMB,Manufacturing,LATAM,Brazil,Self-Serve,,2025-04-01
CUS-00727,Granite Court Retail,SMB,Media & Entertainment,North America,United States,Self-Serve,,2025-04-01
CUS-00728,Granite Harbour Systems,SMB,Logistics & Transport,North America,United States,Self-Serve,,2025-04-01
CUS-00729,Ironwood Arbor Retail,SMB,Financial Services,EMEA,Germany,Inbound,A. Okafor,2025-04-01
CUS-00730,Aster Court Analytics,SMB,Retail & E-commerce,EMEA,United Kingdom,Self-Serve,,2025-04-01
CUS-00731,Granite Cross Analytics,SMB,Software & Technology,North America,United States,Self-Serve,,2025-04-01
CUS-00732,Bluefin Bridge Media,SMB,Manufacturing,North America,United States,Inbound,J. Petersen,2025-04-01
CUS-00733,Onyx Cove Networks,SMB,Retail & E-commerce,North America,United States,Inbound,B. Lindqvist,2025-04-01
CUS-00734,Halcyon Gate Financial,SMB,Education,North America,United States,Self-Serve,,2025-04-01
CUS-00735,Tidal Bridge Industries,Mid-Market,Healthcare,North America,United States,Marketplace,D. Ferreira,2025-04-01
CUS-00736,Harbor Vale Media,SMB,Education,EMEA,Germany,Self-Serve,,2025-04-01
CUS-00737,Onyx Harbour Technologies,Enterprise,Logistics & Transport,EMEA,France,Outbound,K. Rahman,2025-05-01
CUS-00738,Falcon Cove Solutions,SMB,Manufacturing,APAC,Australia,Self-Serve,,2025-05-01
CUS-00739,Harbor Field Financial,SMB,Healthcare,North America,United States,Marketplace,J. Petersen,2025-05-01
CUS-00740,Cobalt Cove Health,SMB,Logistics & Transport,North America,United States,Self-Serve,,2025-05-01
CUS-00741,Falcon Field Analytics,Mid-Market,Software & Technology,North America,Canada,Outbound,F. Whitfield,2025-05-01
CUS-00742,Granite Field Group,SMB,Retail & E-commerce,LATAM,Brazil,Partner,H. Kowalski,2025-05-01
CUS-00743,Nimbus Stone Labs,SMB,Healthcare,APAC,Australia,Inbound,H. Kowalski,2025-05-01
CUS-00744,Sable Court Labs,SMB,Healthcare,APAC,Singapore,Self-Serve,,2025-05-01
CUS-00745,Nimbus Gate Analytics,Mid-Market,Software & Technology,North America,United States,Inbound,J. Petersen,2025-05-01
CUS-00746,Summit Harbour Group,SMB,Software & Technology,APAC,Australia,Self-Serve,,2025-05-01
CUS-00747,Lumen River Retail,Mid-Market,Professional Services,North America,Canada,Inbound,C. Moreau,2025-05-01
CUS-00748,Beacon Arbor Health,SMB,Professional Services,EMEA,Sweden,Self-Serve,,2025-05-01
CUS-00749,Onyx Peak Partners,SMB,Professional Services,EMEA,France,Marketplace,D. Ferreira,2025-05-01
CUS-00750,Harbor Stone Systems,Mid-Market,Manufacturing,North America,United States,Outbound,G. Almeida,2025-05-01
CUS-00751,Lyra Cross Group,SMB,Financial Services,EMEA,Sweden,Self-Serve,,2025-05-01
CUS-00752,Aster River Technologies,Mid-Market,Software & Technology,APAC,Singapore,Outbound,G. Almeida,2025-05-01
CUS-00753,Bluefin Gate Technologies,Mid-Market,Retail & E-commerce,North America,United States,Marketplace,K. Rahman,2025-05-01
CUS-00754,Granite Vale Logistics,SMB,Software & Technology,APAC,Japan,Inbound,L. Duarte,2025-05-01
CUS-00755,Halcyon Field Analytics,SMB,Education,EMEA,Sweden,Self-Serve,,2025-05-01
CUS-00756,Corvus Arbor Analytics,Enterprise,Professional Services,EMEA,Netherlands,Partner,C. Moreau,2025-05-01
CUS-00757,Granite Point Group,SMB,Education,APAC,Japan,Inbound,A. Okafor,2025-05-01
CUS-00758,Lumen Harbour Health,SMB,Professional Services,EMEA,United Kingdom,Inbound,G. Almeida,2025-05-01
CUS-00759,Corvus River Group,SMB,Retail & E-commerce,APAC,Singapore,Inbound,L. Duarte,2025-05-01
CUS-00760,Tidal Stone Energy,SMB,Logistics & Transport,North America,United States,Marketplace,J. Petersen,2025-05-01
CUS-00761,Orchid Watch Analytics,SMB,Logistics & Transport,EMEA,United Kingdom,Self-Serve,,2025-05-01
CUS-00762,Lumen Cove Health,Mid-Market,Software & Technology,North America,United States,Partner,A. Okafor,2025-05-01
CUS-00763,Onyx Cross Solutions,SMB,Software & Technology,North America,United States,Marketplace,C. Moreau,2025-05-01
CUS-00764,Quartz Bridge Media,Enterprise,Financial Services,EMEA,Sweden,Partner,D. Ferreira,2025-05-01
CUS-00765,Basalt Peak Partners,Enterprise,Financial Services,North America,Canada,Partner,I. Castellanos,2025-05-01
CUS-00766,Solstice Court Industries,Mid-Market,Education,North America,Canada,Outbound,B. Lindqvist,2025-05-01
CUS-00767,Nimbus Forge Analytics,SMB,Professional Services,North America,United States,Inbound,G. Almeida,2025-05-01
CUS-00768,Cobalt Forge Financial,SMB,Financial Services,EMEA,Sweden,Marketplace,D. Ferreira,2025-05-01
CUS-00769,Nimbus Bridge Health,SMB,Manufacturing,North America,United States,Inbound,I. Castellanos,2025-05-01
CUS-00770,Juniper Cross Technologies,Mid-Market,Healthcare,LATAM,Brazil,Inbound,C. Moreau,2025-05-01
CUS-00771,Lyra Harbour Systems,SMB,Software & Technology,EMEA,Netherlands,Inbound,L. Duarte,2025-05-01
CUS-00772,Beacon Point Analytics,SMB,Software & Technology,APAC,India,Inbound,A. Okafor,2025-05-01
CUS-00773,Onyx Arbor Media,Mid-Market,Media & Entertainment,EMEA,France,Outbound,L. Duarte,2025-05-01
CUS-00774,Basalt Peak Group,Enterprise,Financial Services,APAC,Australia,Outbound,A. Okafor,2025-05-01
CUS-00775,Northwind Forge Networks,Enterprise,Manufacturing,EMEA,France,Partner,I. Castellanos,2025-06-01
CUS-00776,Sable Vale Energy,Mid-Market,Financial Services,EMEA,Germany,Outbound,K. Rahman,2025-06-01
CUS-00777,Quartz Arbor Analytics,Mid-Market,Professional Services,North America,United States,Partner,D. Ferreira,2025-06-01
CUS-00778,Ironwood Field Group,SMB,Professional Services,EMEA,United Kingdom,Self-Serve,,2025-06-01
CUS-00779,Bluefin Vale Analytics,SMB,Professional Services,North America,United States,Marketplace,C. Moreau,2025-06-01
CUS-00780,Corvus River Financial,SMB,Software & Technology,APAC,India,Inbound,C. Moreau,2025-06-01
CUS-00781,Halcyon Field Networks,Mid-Market,Professional Services,North America,United States,Inbound,H. Kowalski,2025-06-01
CUS-00782,Lumen Court Media,SMB,Logistics & Transport,North America,United States,Self-Serve,,2025-06-01
CUS-00783,Meridian River Labs,SMB,Logistics & Transport,EMEA,Germany,Inbound,G. Almeida,2025-06-01
CUS-00784,Northwind Arbor Networks,SMB,Retail & E-commerce,North America,United States,Marketplace,A. Okafor,2025-06-01
CUS-00785,Crestline River Energy,Mid-Market,Financial Services,North America,United States,Inbound,L. Duarte,2025-06-01
CUS-00786,Beacon Watch Partners,SMB,Logistics & Transport,North America,Canada,Marketplace,D. Ferreira,2025-06-01
CUS-00787,Cobalt Gate Energy,SMB,Financial Services,EMEA,France,Inbound,D. Ferreira,2025-06-01
CUS-00788,Sable Cove Group,SMB,Software & Technology,North America,United States,Inbound,D. Ferreira,2025-06-01
CUS-00789,Meridian Cove Systems,SMB,Healthcare,EMEA,United Kingdom,Inbound,F. Whitfield,2025-06-01
CUS-00790,Bluefin Cove Energy,SMB,Manufacturing,APAC,Singapore,Inbound,J. Petersen,2025-06-01
CUS-00791,Lyra Watch Health,SMB,Software & Technology,North America,United States,Inbound,B. Lindqvist,2025-06-01
CUS-00792,Northwind Arbor Solutions,SMB,Financial Services,North America,United States,Marketplace,L. Duarte,2025-06-01
CUS-00793,Beacon Cross Solutions,SMB,Software & Technology,EMEA,Germany,Partner,H. Kowalski,2025-06-01
CUS-00794,Sable Forge Industries,SMB,Healthcare,EMEA,France,Self-Serve,,2025-06-01
CUS-00795,Granite Court Health,SMB,Healthcare,North America,United States,Inbound,C. Moreau,2025-06-01
CUS-00796,Ironwood River Financial,SMB,Software & Technology,North America,United States,Inbound,A. Okafor,2025-06-01
CUS-00797,Orchid Gate Retail,Enterprise,Retail & E-commerce,North America,United States,Outbound,C. Moreau,2025-06-01
CUS-00798,Orchid River Labs,Mid-Market,Manufacturing,EMEA,France,Outbound,H. Kowalski,2025-06-01
CUS-00799,Beacon Court Labs,Enterprise,Financial Services,North America,United States,Outbound,L. Duarte,2025-06-01
CUS-00800,Nimbus Gate Health,Mid-Market,Healthcare,EMEA,Germany,Outbound,D. Ferreira,2025-06-01
CUS-00801,Summit Court Media,Mid-Market,Software & Technology,EMEA,United Kingdom,Marketplace,L. Duarte,2025-06-01
CUS-00802,Ironwood Vale Solutions,SMB,Software & Technology,LATAM,Brazil,Partner,D. Ferreira,2025-06-01
CUS-00803,Northwind Bridge Financial,SMB,Software & Technology,LATAM,Brazil,Self-Serve,,2025-06-01
CUS-00804,Falcon Gate Group,SMB,Financial Services,APAC,Singapore,Inbound,G. Almeida,2025-06-01
CUS-00805,Harbor Stone Partners,SMB,Professional Services,North America,United States,Self-Serve,,2025-06-01
CUS-00806,Harbor Gate Financial,SMB,Logistics & Transport,APAC,India,Inbound,E. Nakamura,2025-06-01
CUS-00807,Granite River Industries,Mid-Market,Healthcare,APAC,India,Partner,A. Okafor,2025-06-01
CUS-00808,Nimbus Cross Technologies,Enterprise,Financial Services,EMEA,France,Inbound,C. Moreau,2025-06-01
CUS-00809,Sable Bridge Systems,Mid-Market,Professional Services,North America,United States,Inbound,B. Lindqvist,2025-06-01
CUS-00810,Harbor Point Analytics,SMB,Software & Technology,APAC,Australia,Inbound,F. Whitfield,2025-06-01
CUS-00811,Harbor River Energy,SMB,Media & Entertainment,North America,United States,Inbound,K. Rahman,2025-06-01
CUS-00812,Vertex Field Media,Mid-Market,Software & Technology,North America,United States,Partner,C. Moreau,2025-06-01
CUS-00813,Vertex Arbor Labs,SMB,Software & Technology,LATAM,Mexico,Self-Serve,,2025-06-01
CUS-00814,Cobalt Forge Energy,Mid-Market,Logistics & Transport,North America,United States,Outbound,E. Nakamura,2025-06-01
CUS-00815,Nimbus Bridge Group,Mid-Market,Financial Services,EMEA,Germany,Partner,C. Moreau,2025-07-01
CUS-00816,Beacon Bridge Partners,SMB,Media & Entertainment,APAC,Japan,Self-Serve,,2025-07-01
CUS-00817,Sable Peak Industries,Mid-Market,Financial Services,EMEA,Sweden,Outbound,L. Duarte,2025-07-01
CUS-00818,Tidal Vale Logistics,SMB,Software & Technology,North America,United States,Self-Serve,,2025-07-01
CUS-00819,Pioneer Peak Industries,SMB,Media & Entertainment,EMEA,United Kingdom,Marketplace,I. Castellanos,2025-07-01
CUS-00820,Falcon Harbour Networks,Mid-Market,Software & Technology,North America,United States,Inbound,K. Rahman,2025-07-01
CUS-00821,Ridge Cross Retail,Mid-Market,Healthcare,North America,Canada,Inbound,G. Almeida,2025-07-01
CUS-00822,Sable Arbor Analytics,SMB,Logistics & Transport,North America,Canada,Self-Serve,,2025-07-01
CUS-00823,Pioneer Cove Logistics,SMB,Professional Services,North America,United States,Self-Serve,,2025-07-01
CUS-00824,Onyx Forge Financial,SMB,Software & Technology,APAC,India,Inbound,D. Ferreira,2025-07-01
CUS-00825,Beacon Harbour Energy,Mid-Market,Professional Services,EMEA,Sweden,Inbound,K. Rahman,2025-07-01
CUS-00826,Bluefin Vale Media,SMB,Logistics & Transport,EMEA,United Kingdom,Self-Serve,,2025-07-01
CUS-00827,Quartz Stone Labs,SMB,Healthcare,North America,United States,Marketplace,H. Kowalski,2025-07-01
CUS-00828,Bluefin Watch Financial,Mid-Market,Professional Services,North America,United States,Inbound,B. Lindqvist,2025-07-01
CUS-00829,Sable Harbour Energy,Enterprise,Media & Entertainment,North America,United States,Outbound,B. Lindqvist,2025-07-01
CUS-00830,Quartz Court Partners,SMB,Software & Technology,EMEA,Netherlands,Inbound,I. Castellanos,2025-07-01
CUS-00831,Maple Peak Partners,Mid-Market,Professional Services,EMEA,Germany,Outbound,C. Moreau,2025-07-01
CUS-00832,Basalt Stone Energy,Mid-Market,Professional Services,North America,United States,Inbound,C. Moreau,2025-07-01
CUS-00833,Meridian Bridge Technologies,Mid-Market,Healthcare,EMEA,United Kingdom,Partner,D. Ferreira,2025-07-01
CUS-00834,Bluefin River Retail,SMB,Software & Technology,APAC,Australia,Self-Serve,,2025-07-01
CUS-00835,Sable Bridge Analytics,Mid-Market,Healthcare,EMEA,France,Inbound,D. Ferreira,2025-07-01
CUS-00836,Sable Harbour Financial,SMB,Retail & E-commerce,APAC,Australia,Inbound,G. Almeida,2025-07-01
CUS-00837,Beacon Cross Systems,Mid-Market,Retail & E-commerce,North America,United States,Marketplace,C. Moreau,2025-07-01
CUS-00838,Halcyon Arbor Retail,SMB,Professional Services,EMEA,Netherlands,Inbound,G. Almeida,2025-07-01
CUS-00839,Solstice Harbour Energy,SMB,Healthcare,North America,United States,Self-Serve,,2025-07-01
CUS-00840,Northwind Field Media,Enterprise,Financial Services,North America,United States,Outbound,L. Duarte,2025-07-01
CUS-00841,Corvus Arbor Networks,Mid-Market,Software & Technology,APAC,Australia,Inbound,A. Okafor,2025-07-01
CUS-00842,Orchid Arbor Networks,SMB,Professional Services,APAC,Singapore,Self-Serve,,2025-07-01
CUS-00843,Ridge Arbor Analytics,SMB,Retail & E-commerce,EMEA,France,Marketplace,L. Duarte,2025-07-01
CUS-00844,Crestline Point Retail,Mid-Market,Retail & E-commerce,North America,Canada,Inbound,A. Okafor,2025-07-01
CUS-00845,Beacon Field Technologies,Enterprise,Software & Technology,APAC,Japan,Outbound,C. Moreau,2025-07-01
CUS-00846,Crestline River Networks,SMB,Software & Technology,North America,United States,Marketplace,J. Petersen,2025-08-01
CUS-00847,Lyra River Labs,SMB,Media & Entertainment,North America,United States,Partner,H. Kowalski,2025-08-01
CUS-00848,Lyra Harbour Networks,Mid-Market,Education,North America,United States,Marketplace,E. Nakamura,2025-08-01
CUS-00849,Aster Harbour Partners,SMB,Software & Technology,EMEA,Germany,Inbound,L. Duarte,2025-08-01
CUS-00850,Halcyon Peak Logistics,SMB,Media & Entertainment,APAC,India,Self-Serve,,2025-08-01
CUS-00851,Lumen Vale Health,SMB,Manufacturing,North America,United States,Marketplace,B. Lindqvist,2025-08-01
CUS-00852,Ironwood Cove Group,Mid-Market,Healthcare,North America,United States,Inbound,H. Kowalski,2025-08-01
CUS-00853,Quartz Bridge Industries,SMB,Software & Technology,North America,United States,Inbound,H. Kowalski,2025-08-01
CUS-00854,Granite Cross Group,Enterprise,Financial Services,EMEA,United Kingdom,Partner,H. Kowalski,2025-08-01
CUS-00855,Ironwood Forge Solutions,SMB,Logistics & Transport,North America,United States,Self-Serve,,2025-08-01
CUS-00856,Crestline Peak Media,Mid-Market,Financial Services,North America,United States,Partner,D. Ferreira,2025-08-01
CUS-00857,Halcyon Harbour Industries,SMB,Logistics & Transport,North America,United States,Partner,F. Whitfield,2025-08-01
CUS-00858,Harbor Bridge Partners,SMB,Manufacturing,APAC,India,Inbound,E. Nakamura,2025-08-01
CUS-00859,Cobalt Point Partners,SMB,Retail & E-commerce,North America,United States,Self-Serve,,2025-08-01
CUS-00860,Meridian Gate Health,SMB,Healthcare,EMEA,Germany,Inbound,D. Ferreira,2025-08-01
CUS-00861,Juniper River Media,Mid-Market,Healthcare,EMEA,Germany,Partner,H. Kowalski,2025-08-01
CUS-00862,Bluefin Gate Solutions,SMB,Logistics & Transport,North America,United States,Self-Serve,,2025-08-01
CUS-00863,Falcon Watch Analytics,SMB,Professional Services,APAC,Japan,Self-Serve,,2025-08-01
CUS-00864,Ironwood Cross Logistics,Enterprise,Retail & E-commerce,EMEA,United Kingdom,Partner,H. Kowalski,2025-08-01
CUS-00865,Bluefin Vale Financial,SMB,Manufacturing,North America,United States,Self-Serve,,2025-08-01
CUS-00866,Vertex Court Retail,Mid-Market,Financial Services,North America,United States,Inbound,D. Ferreira,2025-08-01
CUS-00867,Orchid Cove Industries,Mid-Market,Media & Entertainment,EMEA,France,Partner,D. Ferreira,2025-08-01
CUS-00868,Meridian Cove Retail,SMB,Manufacturing,APAC,Australia,Partner,G. Almeida,2025-08-01
CUS-00869,Cobalt Gate Systems,SMB,Logistics & Transport,LATAM,Mexico,Inbound,L. Duarte,2025-08-01
CUS-00870,Meridian Forge Media,SMB,Financial Services,EMEA,Netherlands,Self-Serve,,2025-08-01
CUS-00871,Cobalt Gate Networks,SMB,Education,APAC,Japan,Self-Serve,,2025-08-01
CUS-00872,Lyra Cove Labs,SMB,Manufacturing,North America,United States,Marketplace,G. Almeida,2025-08-01
CUS-00873,Harbor Cove Financial,SMB,Logistics & Transport,North America,United States,Inbound,H. Kowalski,2025-08-01
CUS-00874,Tidal Cross Group,SMB,Software & Technology,North America,United States,Self-Serve,,2025-08-01
CUS-00875,Summit Cross Health,SMB,Education,North America,United States,Partner,I. Castellanos,2025-08-01
CUS-00876,Granite Arbor Systems,Enterprise,Media & Entertainment,EMEA,United Kingdom,Inbound,J. Petersen,2025-08-01
CUS-00877,Halcyon Stone Systems,SMB,Retail & E-commerce,North America,United States,Inbound,H. Kowalski,2025-09-01
CUS-00878,Juniper Stone Health,Mid-Market,Software & Technology,North America,United States,Inbound,G. Almeida,2025-09-01
CUS-00879,Zephyr Cove Partners,SMB,Healthcare,North America,United States,Self-Serve,,2025-09-01
CUS-00880,Crestline Cove Systems,Mid-Market,Logistics & Transport,LATAM,Brazil,Inbound,J. Petersen,2025-09-01
CUS-00881,Beacon Cove Technologies,SMB,Software & Technology,APAC,Singapore,Self-Serve,,2025-09-01
CUS-00882,Summit Point Partners,SMB,Manufacturing,APAC,Singapore,Self-Serve,,2025-09-01
CUS-00883,Nimbus Peak Partners,Enterprise,Logistics & Transport,EMEA,United Kingdom,Partner,C. Moreau,2025-09-01
CUS-00884,Pioneer Bridge Labs,Mid-Market,Software & Technology,North America,Canada,Partner,E. Nakamura,2025-09-01
CUS-00885,Crestline Arbor Systems,SMB,Software & Technology,EMEA,Netherlands,Self-Serve,,2025-09-01
CUS-00886,Lyra Bridge Industries,Enterprise,Software & Technology,EMEA,Sweden,Inbound,A. Okafor,2025-09-01
CUS-00887,Sable Point Industries,SMB,Software & Technology,APAC,Japan,Self-Serve,,2025-09-01
CUS-00888,Bluefin Vale Energy,SMB,Software & Technology,North America,United States,Inbound,H. Kowalski,2025-09-01
CUS-00889,Northwind Court Media,Mid-Market,Healthcare,North America,United States,Inbound,A. Okafor,2025-09-01
CUS-00890,Meridian Stone Technologies,Mid-Market,Education,APAC,Japan,Outbound,D. Ferreira,2025-09-01
CUS-00891,Halcyon Arbor Media,Enterprise,Education,EMEA,United Kingdom,Partner,K. Rahman,2025-09-01
CUS-00892,Maple Vale Logistics,SMB,Software & Technology,North America,Canada,Marketplace,L. Duarte,2025-09-01
CUS-00893,Harbor River Health,Mid-Market,Retail & E-commerce,EMEA,United Kingdom,Inbound,I. Castellanos,2025-09-01
CUS-00894,Nimbus Bridge Logistics,Enterprise,Financial Services,EMEA,Netherlands,Outbound,G. Almeida,2025-09-01
CUS-00895,Nimbus Bridge Financial,SMB,Software & Technology,North America,United States,Partner,A. Okafor,2025-09-01
CUS-00896,Onyx Bridge Technologies,SMB,Manufacturing,North America,United States,Self-Serve,,2025-09-01
CUS-00897,Lumen Bridge Labs,SMB,Professional Services,North America,United States,Self-Serve,,2025-09-01
CUS-00898,Orchid Peak Group,SMB,Retail & E-commerce,APAC,Japan,Inbound,B. Lindqvist,2025-09-01
CUS-00899,Pioneer Harbour Industries,Mid-Market,Healthcare,North America,United States,Outbound,J. Petersen,2025-09-01
CUS-00900,Orchid Forge Industries,SMB,Manufacturing,APAC,Australia,Self-Serve,,2025-09-01
CUS-00901,Lyra Harbour Media,Mid-Market,Healthcare,EMEA,Germany,Outbound,I. Castellanos,2025-09-01
CUS-00902,Corvus Forge Labs,Enterprise,Financial Services,LATAM,Brazil,Outbound,F. Whitfield,2025-09-01
CUS-00903,Basalt Watch Labs,SMB,Software & Technology,North America,Canada,Partner,A. Okafor,2025-09-01
CUS-00904,Northwind Watch Analytics,SMB,Healthcare,North America,United States,Self-Serve,,2025-09-01
CUS-00905,Halcyon Point Energy,SMB,Education,APAC,Japan,Self-Serve,,2025-09-01
CUS-00906,Orchid Harbour Logistics,SMB,Professional Services,EMEA,France,Inbound,D. Ferreira,2025-09-01
CUS-00907,Aster Gate Industries,Enterprise,Retail & E-commerce,North America,United States,Outbound,J. Petersen,2025-09-01
CUS-00908,Harbor Watch Financial,SMB,Logistics & Transport,EMEA,France,Inbound,H. Kowalski,2025-09-01
CUS-00909,Tidal Field Health,SMB,Logistics & Transport,North America,United States,Inbound,L. Duarte,2025-09-01
CUS-00910,Nimbus Cross Group,Mid-Market,Software & Technology,APAC,India,Inbound,K. Rahman,2025-09-01
CUS-00911,Solstice River Retail,Enterprise,Media & Entertainment,EMEA,Netherlands,Outbound,L. Duarte,2025-09-01
CUS-00912,Falcon Bridge Analytics,Mid-Market,Retail & E-commerce,North America,United States,Outbound,K. Rahman,2025-09-01
CUS-00913,Harbor Cross Networks,Mid-Market,Software & Technology,North America,United States,Outbound,I. Castellanos,2025-09-01
CUS-00914,Lumen Gate Group,SMB,Media & Entertainment,North America,United States,Self-Serve,,2025-09-01
CUS-00915,Sable Harbour Solutions,Mid-Market,Financial Services,EMEA,United Kingdom,Marketplace,D. Ferreira,2025-09-01
CUS-00916,Falcon Watch Financial,SMB,Software & Technology,EMEA,Sweden,Self-Serve,,2025-09-01
CUS-00917,Crestline Cross Health,Mid-Market,Media & Entertainment,North America,United States,Partner,C. Moreau,2025-09-01
CUS-00918,Zephyr Arbor Retail,SMB,Professional Services,North America,Canada,Marketplace,J. Petersen,2025-09-01
CUS-00919,Juniper Peak Financial,Enterprise,Financial Services,EMEA,United Kingdom,Inbound,E. Nakamura,2025-09-01
CUS-00920,Pioneer Arbor Solutions,Enterprise,Retail & E-commerce,APAC,Japan,Outbound,I. Castellanos,2025-09-01
CUS-00921,Maple Point Media,SMB,Education,EMEA,United Kingdom,Inbound,E. Nakamura,2025-10-01
CUS-00922,Juniper Stone Industries,SMB,Manufacturing,North America,United States,Inbound,G. Almeida,2025-10-01
CUS-00923,Basalt Cove Logistics,Enterprise,Healthcare,APAC,Japan,Outbound,F. Whitfield,2025-10-01
CUS-00924,Crestline Vale Financial,SMB,Professional Services,North America,United States,Inbound,E. Nakamura,2025-10-01
CUS-00925,Ridge Peak Analytics,SMB,Logistics & Transport,EMEA,United Kingdom,Marketplace,D. Ferreira,2025-10-01
CUS-00926,Granite Forge Systems,SMB,Healthcare,North America,United States,Partner,L. Duarte,2025-10-01
CUS-00927,Sable Stone Systems,SMB,Software & Technology,APAC,Australia,Marketplace,B. Lindqvist,2025-10-01
CUS-00928,Basalt Cove Health,Mid-Market,Manufacturing,EMEA,Netherlands,Outbound,J. Petersen,2025-10-01
CUS-00929,Sable Bridge Group,Mid-Market,Healthcare,EMEA,France,Outbound,F. Whitfield,2025-10-01
CUS-00930,Onyx Peak Technologies,Mid-Market,Financial Services,EMEA,Sweden,Inbound,B. Lindqvist,2025-10-01
CUS-00931,Granite Vale Industries,Mid-Market,Logistics & Transport,EMEA,Germany,Inbound,B. Lindqvist,2025-10-01
CUS-00932,Halcyon Vale Logistics,SMB,Software & Technology,EMEA,Sweden,Self-Serve,,2025-10-01
CUS-00933,Onyx Cross Health,Mid-Market,Financial Services,EMEA,United Kingdom,Marketplace,A. Okafor,2025-10-01
CUS-00934,Ironwood Cross Health,SMB,Retail & E-commerce,North America,United States,Inbound,A. Okafor,2025-10-01
CUS-00935,Granite Cove Group,Mid-Market,Software & Technology,APAC,Australia,Inbound,F. Whitfield,2025-10-01
CUS-00936,Maple Cove Analytics,Mid-Market,Software & Technology,EMEA,France,Partner,F. Whitfield,2025-10-01
CUS-00937,Quartz Watch Technologies,SMB,Financial Services,North America,United States,Self-Serve,,2025-10-01
CUS-00938,Juniper Watch Solutions,SMB,Manufacturing,North America,United States,Self-Serve,,2025-10-01
CUS-00939,Meridian Gate Retail,SMB,Education,North America,United States,Inbound,E. Nakamura,2025-10-01
CUS-00940,Sable Watch Labs,SMB,Software & Technology,North America,Canada,Self-Serve,,2025-10-01
CUS-00941,Lumen Forge Retail,Mid-Market,Software & Technology,APAC,Singapore,Partner,G. Almeida,2025-10-01
CUS-00942,Quartz Harbour Networks,SMB,Healthcare,EMEA,France,Partner,C. Moreau,2025-10-01
CUS-00943,Ridge Point Partners,Mid-Market,Media & Entertainment,EMEA,Sweden,Outbound,A. Okafor,2025-10-01
CUS-00944,Solstice Point Technologies,SMB,Healthcare,North America,United States,Marketplace,J. Petersen,2025-10-01
CUS-00945,Orchid Forge Solutions,Enterprise,Media & Entertainment,APAC,Australia,Outbound,J. Petersen,2025-10-01
CUS-00946,Cobalt Arbor Partners,SMB,Software & Technology,EMEA,Sweden,Inbound,L. Duarte,2025-10-01
CUS-00947,Orchid Peak Networks,Mid-Market,Logistics & Transport,LATAM,Mexico,Partner,A. Okafor,2025-10-01
CUS-00948,Cobalt Point Technologies,Mid-Market,Media & Entertainment,EMEA,Germany,Inbound,L. Duarte,2025-10-01
CUS-00949,Zephyr Court Group,SMB,Retail & E-commerce,North America,Canada,Inbound,L. Duarte,2025-10-01
CUS-00950,Aster Forge Partners,SMB,Manufacturing,North America,United States,Inbound,C. Moreau,2025-10-01
CUS-00951,Cobalt Vale Logistics,SMB,Logistics & Transport,North America,United States,Self-Serve,,2025-10-01
CUS-00952,Bluefin Vale Industries,SMB,Retail & E-commerce,EMEA,Germany,Inbound,L. Duarte,2025-10-01
CUS-00953,Harbor Cove Partners,SMB,Software & Technology,North America,United States,Partner,C. Moreau,2025-10-01
CUS-00954,Northwind Cross Networks,SMB,Professional Services,North America,United States,Inbound,I. Castellanos,2025-10-01
CUS-00955,Maple Arbor Industries,SMB,Retail & E-commerce,North America,United States,Inbound,I. Castellanos,2025-10-01
CUS-00956,Vertex Stone Energy,SMB,Manufacturing,EMEA,Germany,Partner,C. Moreau,2025-10-01
CUS-00957,Onyx Stone Logistics,Mid-Market,Education,North America,United States,Outbound,K. Rahman,2025-10-01
CUS-00958,Juniper Vale Industries,Enterprise,Software & Technology,APAC,Australia,Outbound,L. Duarte,2025-10-01
CUS-00959,Juniper Court Labs,Mid-Market,Manufacturing,North America,United States,Inbound,A. Okafor,2025-10-01
CUS-00960,Aster Vale Systems,SMB,Financial Services,North America,United States,Marketplace,B. Lindqvist,2025-10-01
CUS-00961,Basalt Cross Solutions,SMB,Retail & E-commerce,EMEA,France,Self-Serve,,2025-10-01
CUS-00962,Aster Cove Technologies,Enterprise,Manufacturing,APAC,India,Outbound,B. Lindqvist,2025-10-01
CUS-00963,Sable Stone Solutions,Enterprise,Manufacturing,North America,Canada,Outbound,K. Rahman,2025-10-01
CUS-00964,Northwind Forge Partners,Enterprise,Healthcare,APAC,Japan,Outbound,C. Moreau,2025-10-01
CUS-00965,Lyra Court Logistics,SMB,Software & Technology,EMEA,Germany,Inbound,C. Moreau,2025-11-01
CUS-00966,Maple Peak Energy,SMB,Education,North America,United States,Self-Serve,,2025-11-01
CUS-00967,Summit Point Networks,SMB,Financial Services,North America,Canada,Inbound,H. Kowalski,2025-11-01
CUS-00968,Corvus Point Technologies,SMB,Healthcare,North America,United States,Self-Serve,,2025-11-01
CUS-00969,Northwind Point Technologies,Mid-Market,Financial Services,North America,Canada,Marketplace,I. Castellanos,2025-11-01
CUS-00970,Orchid River Media,Mid-Market,Healthcare,EMEA,Germany,Outbound,D. Ferreira,2025-11-01
CUS-00971,Crestline Cove Analytics,Enterprise,Manufacturing,LATAM,Mexico,Outbound,L. Duarte,2025-11-01
CUS-00972,Halcyon Cove Solutions,SMB,Media & Entertainment,EMEA,Germany,Inbound,K. Rahman,2025-11-01
CUS-00973,Harbor Arbor Retail,SMB,Software & Technology,APAC,Japan,Self-Serve,,2025-11-01
CUS-00974,Lumen Peak Health,Enterprise,Financial Services,LATAM,Brazil,Outbound,A. Okafor,2025-11-01
CUS-00975,Lumen Harbour Retail,SMB,Retail & E-commerce,EMEA,Germany,Partner,A. Okafor,2025-11-01
CUS-00976,Orchid Vale Labs,Mid-Market,Software & Technology,LATAM,Brazil,Inbound,J. Petersen,2025-11-01
CUS-00977,Juniper Cove Financial,Mid-Market,Professional Services,APAC,Singapore,Outbound,D. Ferreira,2025-11-01
CUS-00978,Corvus Forge Retail,Enterprise,Software & Technology,EMEA,Sweden,Inbound,D. Ferreira,2025-11-01
CUS-00979,Onyx River Group,SMB,Financial Services,APAC,Australia,Inbound,D. Ferreira,2025-11-01
CUS-00980,Juniper Field Group,SMB,Professional Services,APAC,Australia,Partner,I. Castellanos,2025-11-01
CUS-00981,Corvus Cove Labs,SMB,Logistics & Transport,North America,United States,Partner,K. Rahman,2025-11-01
CUS-00982,Aster Cross Technologies,SMB,Software & Technology,EMEA,United Kingdom,Self-Serve,,2025-11-01
CUS-00983,Zephyr Cove Group,SMB,Manufacturing,LATAM,Mexico,Marketplace,E. Nakamura,2025-11-01
CUS-00984,Ironwood Point Analytics,SMB,Logistics & Transport,North America,United States,Self-Serve,,2025-11-01
CUS-00985,Crestline Cross Analytics,SMB,Software & Technology,North America,United States,Marketplace,K. Rahman,2025-11-01
CUS-00986,Onyx Peak Industries,Mid-Market,Software & Technology,North America,United States,Inbound,E. Nakamura,2025-11-01
CUS-00987,Vertex Watch Systems,Mid-Market,Healthcare,APAC,Singapore,Partner,C. Moreau,2025-11-01
CUS-00988,Halcyon River Group,SMB,Retail & E-commerce,EMEA,Netherlands,Self-Serve,,2025-11-01
CUS-00989,Beacon Stone Technologies,SMB,Retail & E-commerce,North America,United States,Self-Serve,,2025-11-01
CUS-00990,Ridge Stone Group,SMB,Retail & E-commerce,EMEA,Germany,Partner,K. Rahman,2025-11-01
CUS-00991,Pioneer Point Analytics,SMB,Professional Services,North America,United States,Partner,G. Almeida,2025-11-01
CUS-00992,Falcon Arbor Technologies,Enterprise,Healthcare,North America,United States,Outbound,F. Whitfield,2025-11-01
CUS-00993,Ridge Field Logistics,SMB,Software & Technology,EMEA,Sweden,Self-Serve,,2025-11-01
CUS-00994,Crestline Field Labs,SMB,Manufacturing,EMEA,United Kingdom,Self-Serve,,2025-11-01
CUS-00995,Maple Arbor Energy,Mid-Market,Manufacturing,North America,United States,Partner,A. Okafor,2025-11-01
CUS-00996,Aster Vale Partners,SMB,Professional Services,North America,United States,Marketplace,A. Okafor,2025-11-01
CUS-00997,Juniper Bridge Partners,Mid-Market,Software & Technology,EMEA,Germany,Partner,J. Petersen,2025-11-01
CUS-00998,Lyra Point Energy,SMB,Manufacturing,North America,United States,Marketplace,C. Moreau,2025-11-01
CUS-00999,Granite Vale Networks,Enterprise,Retail & E-commerce,EMEA,France,Outbound,H. Kowalski,2025-11-01
CUS-01000,Meridian River Financial,Mid-Market,Healthcare,North America,Canada,Inbound,I. Castellanos,2025-11-01
CUS-01001,Cobalt Peak Analytics,SMB,Software & Technology,EMEA,Sweden,Marketplace,A. Okafor,2025-11-01
CUS-01002,Meridian Bridge Partners,Mid-Market,Manufacturing,APAC,Australia,Inbound,D. Ferreira,2025-11-01
CUS-01003,Summit Cross Logistics,SMB,Retail & E-commerce,North America,United States,Marketplace,E. Nakamura,2025-11-01
CUS-01004,Lyra Cross Solutions,SMB,Healthcare,EMEA,Germany,Self-Serve,,2025-11-01
CUS-01005,Harbor Harbour Group,Mid-Market,Software & Technology,North America,United States,Outbound,C. Moreau,2025-11-01
CUS-01006,Onyx Vale Retail,SMB,Software & Technology,North America,United States,Self-Serve,,2025-11-01
CUS-01007,Crestline Gate Systems,SMB,Professional Services,North America,Canada,Inbound,E. Nakamura,2025-11-01
CUS-01008,Quartz Field Health,Mid-Market,Financial Services,North America,United States,Inbound,H. Kowalski,2025-11-01
CUS-01009,Granite Bridge Media,SMB,Software & Technology,North America,United States,Inbound,A. Okafor,2025-11-01
CUS-01010,Cobalt Gate Health,SMB,Logistics & Transport,EMEA,France,Marketplace,I. Castellanos,2025-11-01
CUS-01011,Ironwood Watch Group,SMB,Logistics & Transport,EMEA,United Kingdom,Inbound,I. Castellanos,2025-11-01
CUS-01012,Summit Bridge Energy,Mid-Market,Manufacturing,North America,United States,Inbound,F. Whitfield,2025-11-01
CUS-01013,Nimbus Court Labs,Mid-Market,Media & Entertainment,North America,United States,Outbound,L. Duarte,2025-11-01
CUS-01014,Aster Harbour Financial,Mid-Market,Healthcare,North America,United States,Marketplace,L. Duarte,2025-11-01
CUS-01015,Basalt Cove Financial,Mid-Market,Manufacturing,North America,United States,Inbound,H. Kowalski,2025-11-01
CUS-01016,Ridge Gate Health,SMB,Software & Technology,APAC,Japan,Inbound,I. Castellanos,2025-11-01
CUS-01017,Maple Vale Health,Enterprise,Healthcare,North America,United States,Partner,F. Whitfield,2025-11-01
CUS-01018,Pioneer Stone Systems,SMB,Software & Technology,North America,United States,Inbound,B. Lindqvist,2025-11-01
CUS-01019,Solstice River Solutions,SMB,Education,EMEA,Sweden,Self-Serve,,2025-11-01
CUS-01020,Onyx Gate Technologies,SMB,Financial Services,EMEA,Netherlands,Marketplace,C. Moreau,2025-12-01
CUS-01021,Nimbus Gate Systems,Mid-Market,Healthcare,APAC,Japan,Marketplace,H. Kowalski,2025-12-01
CUS-01022,Summit Peak Retail,Mid-Market,Healthcare,EMEA,Germany,Inbound,J. Petersen,2025-12-01
CUS-01023,Zephyr Watch Labs,Enterprise,Financial Services,APAC,Singapore,Outbound,D. Ferreira,2025-12-01
CUS-01024,Halcyon Cross Health,SMB,Healthcare,APAC,Japan,Marketplace,K. Rahman,2025-12-01
CUS-01025,Quartz Cross Retail,SMB,Manufacturing,North America,United States,Inbound,L. Duarte,2025-12-01
CUS-01026,Sable Arbor Energy,SMB,Healthcare,APAC,Singapore,Self-Serve,,2025-12-01
CUS-01027,Nimbus Cross Industries,SMB,Professional Services,North America,United States,Self-Serve,,2025-12-01
CUS-01028,Cobalt Cross Systems,Mid-Market,Logistics & Transport,APAC,Australia,Outbound,C. Moreau,2025-12-01
CUS-01029,Solstice Court Analytics,SMB,Software & Technology,APAC,India,Self-Serve,,2025-12-01
CUS-01030,Sable Vale Labs,SMB,Logistics & Transport,EMEA,United Kingdom,Self-Serve,,2025-12-01
CUS-01031,Aster Cove Media,Mid-Market,Software & Technology,APAC,Australia,Inbound,J. Petersen,2025-12-01
CUS-01032,Solstice Field Networks,SMB,Healthcare,North America,United States,Self-Serve,,2025-12-01
CUS-01033,Corvus River Media,SMB,Logistics & Transport,North America,United States,Self-Serve,,2025-12-01
CUS-01034,Zephyr Watch Media,SMB,Logistics & Transport,North America,United States,Inbound,F. Whitfield,2025-12-01
CUS-01035,Ironwood Peak Industries,SMB,Professional Services,APAC,Japan,Inbound,I. Castellanos,2025-12-01
CUS-01036,Basalt Point Systems,Enterprise,Software & Technology,APAC,Australia,Outbound,B. Lindqvist,2025-12-01
CUS-01037,Lumen Arbor Media,Enterprise,Software & Technology,EMEA,United Kingdom,Outbound,B. Lindqvist,2025-12-01
CUS-01038,Solstice Peak Technologies,Enterprise,Financial Services,EMEA,France,Outbound,G. Almeida,2025-12-01
CUS-01039,Basalt River Labs,Mid-Market,Software & Technology,North America,United States,Outbound,G. Almeida,2025-12-01
CUS-01040,Harbor Forge Networks,SMB,Software & Technology,EMEA,Netherlands,Inbound,F. Whitfield,2025-12-01
CUS-01041,Meridian Gate Partners,SMB,Professional Services,EMEA,France,Self-Serve,,2025-12-01
CUS-01042,Granite Vale Media,Mid-Market,Software & Technology,North America,United States,Inbound,C. Moreau,2025-12-01
CUS-01043,Cobalt Bridge Technologies,SMB,Financial Services,North America,United States,Self-Serve,,2025-12-01
CUS-01044,Crestline Gate Technologies,Mid-Market,Financial Services,EMEA,Germany,Partner,J. Petersen,2025-12-01
CUS-01045,Nimbus Watch Solutions,SMB,Software & Technology,North America,United States,Marketplace,I. Castellanos,2025-12-01
CUS-01046,Lyra Cross Energy,SMB,Professional Services,North America,United States,Inbound,B. Lindqvist,2025-12-01
CUS-01047,Summit Watch Financial,Enterprise,Healthcare,North America,United States,Inbound,E. Nakamura,2025-12-01
CUS-01048,Pioneer Stone Analytics,SMB,Retail & E-commerce,North America,United States,Inbound,A. Okafor,2025-12-01
CUS-01049,Zephyr Stone Retail,Mid-Market,Financial Services,APAC,Japan,Outbound,B. Lindqvist,2025-12-01
CUS-01050,Meridian Gate Group,Mid-Market,Financial Services,EMEA,Germany,Inbound,L. Duarte,2025-12-01
CUS-01051,Zephyr Stone Media,Mid-Market,Financial Services,North America,United States,Marketplace,L. Duarte,2025-12-01
CUS-01052,Orchid Forge Networks,Mid-Market,Healthcare,EMEA,Germany,Marketplace,A. Okafor,2025-12-01
CUS-01053,Juniper Bridge Media,SMB,Software & Technology,APAC,Australia,Partner,H. Kowalski,2025-12-01
CUS-01054,Ridge Peak Technologies,SMB,Financial Services,APAC,Australia,Self-Serve,,2025-12-01
CUS-01055,Harbor Gate Logistics,SMB,Retail & E-commerce,APAC,India,Inbound,F. Whitfield,2025-12-01
CUS-01056,Granite Watch Financial,SMB,Financial Services,EMEA,France,Inbound,L. Duarte,2025-12-01
CUS-01057,Aster Field Media,SMB,Retail & E-commerce,North America,United States,Self-Serve,,2025-12-01
CUS-01058,Beacon River Financial,SMB,Retail & E-commerce,North America,United States,Self-Serve,,2025-12-01
CUS-01059,Juniper Peak Partners,SMB,Education,North America,United States,Self-Serve,,2025-12-01
CUS-01060,Corvus Watch Systems,Enterprise,Financial Services,North America,United States,Outbound,G. Almeida,2025-12-01
CUS-01061,Orchid Gate Solutions,Enterprise,Software & Technology,North America,United States,Outbound,G. Almeida,2025-12-01
CUS-01062,Quartz Cross Industries,Mid-Market,Professional Services,North America,Canada,Marketplace,F. Whitfield,2025-12-01
CUS-01063,Meridian Peak Financial,SMB,Financial Services,EMEA,United Kingdom,Self-Serve,,2025-12-01
CUS-01064,Tidal Harbour Analytics,Enterprise,Financial Services,EMEA,Germany,Outbound,C. Moreau,2025-12-01
CUS-01065,Quartz Vale Labs,Mid-Market,Software & Technology,APAC,India,Inbound,H. Kowalski,2025-12-01
CUS-01066,Corvus Stone Group,SMB,Healthcare,North America,United States,Self-Serve,,2025-12-01
CUS-01067,Halcyon Forge Analytics,Mid-Market,Professional Services,North America,United States,Partner,J. Petersen,2025-12-01
CUS-01068,Pioneer Vale Labs,SMB,Media & Entertainment,EMEA,United Kingdom,Inbound,K. Rahman,2025-12-01
CUS-01069,Crestline River Solutions,Mid-Market,Software & Technology,EMEA,France,Outbound,B. Lindqvist,2025-12-01
CUS-01070,Ridge Watch Technologies,Mid-Market,Financial Services,North America,United States,Partner,G. Almeida,2025-12-01
CUS-01071,Maple Vale Energy,SMB,Financial Services,EMEA,United Kingdom,Marketplace,F. Whitfield,2025-12-01
CUS-01072,Harbor Harbour Industries,SMB,Media & Entertainment,EMEA,United Kingdom,Self-Serve,,2025-12-01
CUS-01073,Harbor Field Industries,Mid-Market,Retail & E-commerce,North America,United States,Inbound,H. Kowalski,2025-12-01
CUS-01074,Lyra Cove Energy,Mid-Market,Software & Technology,North America,Canada,Inbound,E. Nakamura,2025-12-01
CUS-01075,Maple Harbour Analytics,SMB,Media & Entertainment,EMEA,Netherlands,Inbound,J. Petersen,2025-12-01
CUS-01076,Sable Forge Logistics,SMB,Logistics & Transport,North America,United States,Self-Serve,,2025-12-01
CUS-01077,Lumen Forge Partners,Mid-Market,Financial Services,North America,Canada,Inbound,A. Okafor,2025-12-01
CUS-01078,Granite Field Industries,Enterprise,Logistics & Transport,North America,United States,Outbound,E. Nakamura,2025-12-01
CUS-01079,Falcon Vale Systems,SMB,Software & Technology,North America,United States,Self-Serve,,2025-12-01
CUS-01080,Juniper Gate Retail,SMB,Retail & E-commerce,EMEA,France,Inbound,D. Ferreira,2025-12-01
CUS-01081,Vertex Vale Labs,SMB,Retail & E-commerce,APAC,India,Inbound,I. Castellanos,2026-01-01
CUS-01082,Meridian Vale Retail,Enterprise,Media & Entertainment,APAC,Singapore,Outbound,A. Okafor,2026-01-01
CUS-01083,Corvus Vale Media,Mid-Market,Financial Services,EMEA,Germany,Marketplace,I. Castellanos,2026-01-01
CUS-01084,Halcyon Cove Health,SMB,Professional Services,North America,United States,Marketplace,L. Duarte,2026-01-01
CUS-01085,Beacon Arbor Systems,SMB,Manufacturing,EMEA,Sweden,Self-Serve,,2026-01-01
CUS-01086,Falcon Forge Solutions,SMB,Software & Technology,North America,United States,Self-Serve,,2026-01-01
CUS-01087,Lumen Stone Systems,Mid-Market,Software & Technology,APAC,India,Outbound,J. Petersen,2026-01-01
CUS-01088,Cobalt Forge Networks,SMB,Software & Technology,North America,Canada,Inbound,L. Duarte,2026-01-01
CUS-01089,Harbor Cove Energy,SMB,Software & Technology,APAC,Australia,Self-Serve,,2026-01-01
CUS-01090,Lumen Gate Media,SMB,Financial Services,EMEA,United Kingdom,Self-Serve,,2026-01-01
CUS-01091,Harbor Court Solutions,SMB,Logistics & Transport,EMEA,Germany,Self-Serve,,2026-01-01
CUS-01092,Pioneer Forge Industries,SMB,Media & Entertainment,EMEA,Germany,Self-Serve,,2026-01-01
CUS-01093,Pioneer Bridge Energy,Mid-Market,Manufacturing,North America,United States,Inbound,E. Nakamura,2026-01-01
CUS-01094,Ridge Peak Labs,SMB,Retail & E-commerce,North America,Canada,Self-Serve,,2026-01-01
CUS-01095,Basalt Arbor Health,Enterprise,Financial Services,APAC,Singapore,Outbound,B. Lindqvist,2026-01-01
CUS-01096,Ridge Forge Logistics,SMB,Financial Services,North America,United States,Partner,B. Lindqvist,2026-01-01
CUS-01097,Nimbus Cove Technologies,SMB,Healthcare,North America,United States,Self-Serve,,2026-01-01
CUS-01098,Zephyr Cove Financial,SMB,Professional Services,EMEA,Germany,Inbound,L. Duarte,2026-01-01
CUS-01099,Basalt Stone Retail,SMB,Financial Services,LATAM,Brazil,Partner,F. Whitfield,2026-01-01
CUS-01100,Solstice Peak Health,SMB,Professional Services,North America,United States,Partner,E. Nakamura,2026-01-01
CUS-01101,Lumen Vale Retail,Enterprise,Education,EMEA,United Kingdom,Inbound,H. Kowalski,2026-01-01
CUS-01102,Quartz Cove Partners,SMB,Education,North America,United States,Self-Serve,,2026-01-01
CUS-01103,Cobalt Court Systems,SMB,Healthcare,EMEA,United Kingdom,Marketplace,A. Okafor,2026-01-01
CUS-01104,Quartz Cross Systems,Mid-Market,Software & Technology,North America,United States,Inbound,A. Okafor,2026-01-01
CUS-01105,Juniper Watch Networks,Enterprise,Retail & E-commerce,APAC,Japan,Outbound,G. Almeida,2026-01-01
CUS-01106,Bluefin Harbour Networks,SMB,Software & Technology,North America,United States,Self-Serve,,2026-01-01
CUS-01107,Onyx Stone Labs,Enterprise,Financial Services,North America,United States,Outbound,C. Moreau,2026-01-01
CUS-01108,Vertex Watch Financial,Mid-Market,Financial Services,North America,United States,Inbound,J. Petersen,2026-01-01
CUS-01109,Ridge Bridge Networks,Mid-Market,Software & Technology,North America,United States,Inbound,K. Rahman,2026-01-01
CUS-01110,Lumen Arbor Logistics,Mid-Market,Software & Technology,North America,United States,Partner,F. Whitfield,2026-01-01
CUS-01111,Northwind Vale Logistics,SMB,Media & Entertainment,EMEA,United Kingdom,Inbound,G. Almeida,2026-01-01
CUS-01112,Northwind Point Energy,Mid-Market,Software & Technology,EMEA,France,Outbound,I. Castellanos,2026-01-01
CUS-01113,Aster Watch Group,SMB,Professional Services,EMEA,United Kingdom,Marketplace,A. Okafor,2026-01-01
CUS-01114,Basalt Harbour Partners,SMB,Education,North America,United States,Self-Serve,,2026-01-01
CUS-01115,Crestline Vale Labs,SMB,Media & Entertainment,North America,United States,Inbound,G. Almeida,2026-01-01
CUS-01116,Ridge Point Technologies,Mid-Market,Logistics & Transport,EMEA,Germany,Inbound,G. Almeida,2026-01-01
CUS-01117,Falcon Field Technologies,Mid-Market,Software & Technology,North America,United States,Outbound,E. Nakamura,2026-01-01
CUS-01118,Meridian Point Analytics,SMB,Media & Entertainment,North America,United States,Self-Serve,,2026-01-01
CUS-01119,Maple Arbor Analytics,SMB,Logistics & Transport,LATAM,Brazil,Marketplace,B. Lindqvist,2026-01-01
CUS-01120,Cobalt Gate Retail,Mid-Market,Professional Services,EMEA,Germany,Partner,H. Kowalski,2026-01-01
CUS-01121,Crestline Peak Technologies,SMB,Software & Technology,APAC,Singapore,Self-Serve,,2026-01-01
CUS-01122,Ridge Cross Group,Mid-Market,Software & Technology,EMEA,United Kingdom,Inbound,I. Castellanos,2026-01-01
CUS-01123,Granite Watch Technologies,SMB,Software & Technology,APAC,India,Inbound,E. Nakamura,2026-01-01
CUS-01124,Cobalt Watch Group,Mid-Market,Retail & E-commerce,North America,United States,Inbound,E. Nakamura,2026-01-01
CUS-01125,Meridian Field Health,SMB,Healthcare,North America,United States,Self-Serve,,2026-01-01
CUS-01126,Juniper Court Energy,SMB,Healthcare,North America,United States,Marketplace,L. Duarte,2026-01-01
CUS-01127,Northwind Vale Group,Mid-Market,Retail & E-commerce,EMEA,Sweden,Inbound,I. Castellanos,2026-01-01
CUS-01128,Maple Field Networks,SMB,Software & Technology,North America,United States,Inbound,E. Nakamura,2026-01-01
CUS-01129,Bluefin Watch Energy,Mid-Market,Logistics & Transport,EMEA,United Kingdom,Partner,E. Nakamura,2026-01-01
CUS-01130,Onyx Bridge Solutions,SMB,Professional Services,North America,United States,Inbound,K. Rahman,2026-01-01
CUS-01131,Lyra Vale Media,SMB,Healthcare,North America,United States,Self-Serve,,2026-01-01
CUS-01132,Falcon Cove Health,Enterprise,Retail & E-commerce,EMEA,United Kingdom,Outbound,E. Nakamura,2026-01-01
CUS-01133,Pioneer Vale Industries,SMB,Education,APAC,India,Inbound,G. Almeida,2026-01-01
CUS-01134,Aster River Systems,SMB,Software & Technology,North America,Canada,Self-Serve,,2026-01-01
CUS-01135,Onyx Peak Analytics,SMB,Healthcare,APAC,Japan,Self-Serve,,2026-02-01
CUS-01136,Quartz Arbor Technologies,SMB,Software & Technology,EMEA,Netherlands,Inbound,A. Okafor,2026-02-01
CUS-01137,Harbor Stone Retail,Mid-Market,Logistics & Transport,APAC,Singapore,Outbound,J. Petersen,2026-02-01
CUS-01138,Bluefin Point Media,Enterprise,Manufacturing,North America,United States,Outbound,C. Moreau,2026-02-01
CUS-01139,Northwind Gate Industries,SMB,Retail & E-commerce,LATAM,Mexico,Marketplace,B. Lindqvist,2026-02-01
CUS-01140,Onyx Field Media,SMB,Healthcare,LATAM,Brazil,Marketplace,G. Almeida,2026-02-01
CUS-01141,Northwind River Solutions,SMB,Logistics & Transport,North America,Canada,Marketplace,L. Duarte,2026-02-01
CUS-01142,Basalt Arbor Logistics,SMB,Software & Technology,EMEA,France,Self-Serve,,2026-02-01
CUS-01143,Lumen Vale Industries,Mid-Market,Manufacturing,APAC,Japan,Partner,K. Rahman,2026-02-01
CUS-01144,Vertex Court Solutions,SMB,Software & Technology,EMEA,Germany,Inbound,C. Moreau,2026-02-01
CUS-01145,Aster Peak Industries,Enterprise,Retail & E-commerce,EMEA,Netherlands,Partner,G. Almeida,2026-02-01
CUS-01146,Nimbus Field Analytics,SMB,Software & Technology,APAC,Australia,Inbound,B. Lindqvist,2026-02-01
CUS-01147,Northwind River Industries,Mid-Market,Software & Technology,APAC,Singapore,Marketplace,J. Petersen,2026-02-01
CUS-01148,Maple Gate Energy,Mid-Market,Retail & E-commerce,North America,United States,Marketplace,A. Okafor,2026-02-01
CUS-01149,Zephyr Watch Analytics,SMB,Professional Services,EMEA,Germany,Self-Serve,,2026-02-01
CUS-01150,Northwind Peak Technologies,SMB,Media & Entertainment,LATAM,Brazil,Self-Serve,,2026-02-01
CUS-01151,Pioneer Arbor Media,SMB,Financial Services,North America,United States,Marketplace,D. Ferreira,2026-02-01
CUS-01152,Lyra Field Solutions,SMB,Financial Services,North America,United States,Marketplace,D. Ferreira,2026-02-01
CUS-01153,Orchid Cove Analytics,Mid-Market,Logistics & Transport,EMEA,France,Inbound,F. Whitfield,2026-02-01
CUS-01154,Summit Cove Financial,SMB,Professional Services,North America,United States,Self-Serve,,2026-02-01
CUS-01155,Orchid Bridge Health,SMB,Financial Services,North America,United States,Inbound,L. Duarte,2026-02-01
CUS-01156,Tidal Bridge Logistics,SMB,Education,North America,United States,Self-Serve,,2026-02-01
CUS-01157,Northwind Stone Networks,SMB,Manufacturing,APAC,India,Self-Serve,,2026-02-01
CUS-01158,Quartz Arbor Systems,SMB,Financial Services,North America,United States,Self-Serve,,2026-02-01
CUS-01159,Zephyr Cross Group,Mid-Market,Media & Entertainment,North America,United States,Inbound,H. Kowalski,2026-02-01
CUS-01160,Meridian Court Health,SMB,Retail & E-commerce,North America,Canada,Self-Serve,,2026-02-01
CUS-01161,Bluefin Harbour Media,Mid-Market,Manufacturing,EMEA,Sweden,Inbound,G. Almeida,2026-02-01
CUS-01162,Quartz Arbor Retail,SMB,Software & Technology,North America,United States,Self-Serve,,2026-02-01
CUS-01163,Aster Peak Labs,Mid-Market,Logistics & Transport,APAC,Singapore,Outbound,A. Okafor,2026-02-01
CUS-01164,Granite Field Media,Enterprise,Financial Services,EMEA,Netherlands,Inbound,B. Lindqvist,2026-02-01
CUS-01165,Granite River Labs,SMB,Professional Services,North America,United States,Self-Serve,,2026-02-01
CUS-01166,Northwind Bridge Group,SMB,Media & Entertainment,LATAM,Mexico,Self-Serve,,2026-02-01
CUS-01167,Ironwood Bridge Retail,Mid-Market,Software & Technology,EMEA,France,Inbound,I. Castellanos,2026-02-01
CUS-01168,Ridge River Media,Mid-Market,Logistics & Transport,North America,United States,Inbound,L. Duarte,2026-02-01
CUS-01169,Tidal Vale Media,SMB,Manufacturing,APAC,Japan,Self-Serve,,2026-02-01
CUS-01170,Onyx Field Solutions,SMB,Financial Services,North America,United States,Inbound,E. Nakamura,2026-02-01
CUS-01171,Solstice Gate Industries,SMB,Software & Technology,EMEA,United Kingdom,Marketplace,K. Rahman,2026-02-01
CUS-01172,Maple Bridge Media,SMB,Financial Services,North America,United States,Marketplace,K. Rahman,2026-02-01
CUS-01173,Tidal Vale Labs,Mid-Market,Healthcare,North America,Canada,Partner,A. Okafor,2026-02-01
CUS-01174,Cobalt Bridge Labs,SMB,Healthcare,EMEA,Sweden,Inbound,B. Lindqvist,2026-02-01
CUS-01175,Onyx Field Group,SMB,Software & Technology,North America,United States,Inbound,F. Whitfield,2026-02-01
CUS-01176,Vertex Watch Solutions,SMB,Retail & E-commerce,EMEA,United Kingdom,Inbound,D. Ferreira,2026-02-01
CUS-01177,Sable Court Media,SMB,Financial Services,EMEA,Germany,Self-Serve,,2026-02-01
CUS-01178,Lyra Point Partners,SMB,Healthcare,North America,United States,Inbound,K. Rahman,2026-02-01
CUS-01179,Nimbus Bridge Systems,SMB,Software & Technology,APAC,India,Marketplace,C. Moreau,2026-02-01
CUS-01180,Northwind Point Logistics,SMB,Financial Services,North America,United States,Marketplace,H. Kowalski,2026-02-01
CUS-01181,Onyx Harbour Financial,SMB,Financial Services,APAC,Japan,Self-Serve,,2026-02-01
CUS-01182,Tidal Peak Analytics,Mid-Market,Logistics & Transport,North America,United States,Outbound,K. Rahman,2026-02-01
CUS-01183,Juniper Cross Solutions,Mid-Market,Media & Entertainment,EMEA,France,Inbound,E. Nakamura,2026-02-01
CUS-01184,Tidal Peak Logistics,SMB,Retail & E-commerce,North America,Canada,Inbound,E. Nakamura,2026-02-01
CUS-01185,Halcyon Harbour Networks,Mid-Market,Retail & E-commerce,EMEA,Germany,Partner,H. Kowalski,2026-02-01
CUS-01186,Solstice Field Labs,SMB,Software & Technology,APAC,Australia,Self-Serve,,2026-02-01
CUS-01187,Ridge Cove Retail,Enterprise,Media & Entertainment,LATAM,Mexico,Outbound,C. Moreau,2026-02-01
CUS-01188,Cobalt Stone Group,Mid-Market,Retail & E-commerce,EMEA,Germany,Inbound,B. Lindqvist,2026-02-01
CUS-01189,Lyra Stone Networks,Enterprise,Media & Entertainment,APAC,Japan,Outbound,G. Almeida,2026-02-01
CUS-01190,Sable Stone Retail,SMB,Software & Technology,APAC,Singapore,Inbound,C. Moreau,2026-02-01
CUS-01191,Orchid Point Networks,SMB,Professional Services,APAC,Japan,Self-Serve,,2026-02-01
CUS-01192,Lyra Bridge Networks,SMB,Retail & E-commerce,North America,United States,Self-Serve,,2026-02-01
CUS-01193,Harbor Gate Labs,Enterprise,Logistics & Transport,EMEA,Germany,Partner,K. Rahman,2026-03-01
CUS-01194,Juniper Court Partners,SMB,Healthcare,North America,United States,Inbound,E. Nakamura,2026-03-01
CUS-01195,Orchid Gate Group,SMB,Logistics & Transport,EMEA,France,Self-Serve,,2026-03-01
CUS-01196,Lumen Cross Energy,SMB,Financial Services,APAC,Japan,Partner,B. Lindqvist,2026-03-01
CUS-01197,Vertex Point Labs,SMB,Healthcare,North America,United States,Marketplace,G. Almeida,2026-03-01
CUS-01198,Halcyon Field Retail,SMB,Professional Services,EMEA,United Kingdom,Self-Serve,,2026-03-01
CUS-01199,Bluefin Gate Partners,Mid-Market,Software & Technology,North America,United States,Inbound,G. Almeida,2026-03-01
CUS-01200,Beacon Gate Solutions,Mid-Market,Media & Entertainment,North America,Canada,Outbound,A. Okafor,2026-03-01
CUS-01201,Pioneer Gate Media,SMB,Retail & E-commerce,APAC,Japan,Marketplace,L. Duarte,2026-03-01
CUS-01202,Sable Watch Group,SMB,Software & Technology,North America,United States,Partner,G. Almeida,2026-03-01
CUS-01203,Ironwood Court Retail,SMB,Education,EMEA,United Kingdom,Inbound,A. Okafor,2026-03-01
CUS-01204,Lyra Harbour Technologies,SMB,Media & Entertainment,APAC,Singapore,Partner,D. Ferreira,2026-03-01
CUS-01205,Orchid River Networks,SMB,Software & Technology,EMEA,Germany,Marketplace,H. Kowalski,2026-03-01
CUS-01206,Basalt Cross Systems,SMB,Software & Technology,EMEA,Sweden,Inbound,H. Kowalski,2026-03-01
CUS-01207,Sable Cove Labs,SMB,Software & Technology,North America,United States,Self-Serve,,2026-03-01
CUS-01208,Maple Arbor Networks,Enterprise,Software & Technology,EMEA,France,Outbound,F. Whitfield,2026-03-01
CUS-01209,Halcyon Forge Solutions,Mid-Market,Software & Technology,LATAM,Brazil,Partner,K. Rahman,2026-03-01
CUS-01210,Solstice Bridge Networks,SMB,Retail & E-commerce,North America,United States,Self-Serve,,2026-03-01
CUS-01211,Granite Stone Health,Mid-Market,Financial Services,EMEA,Netherlands,Partner,A. Okafor,2026-03-01
CUS-01212,Ridge Cove Systems,Mid-Market,Professional Services,APAC,Singapore,Outbound,F. Whitfield,2026-03-01
CUS-01213,Beacon Cove Labs,SMB,Logistics & Transport,North America,United States,Inbound,D. Ferreira,2026-03-01
CUS-01214,Maple Watch Labs,Enterprise,Manufacturing,EMEA,United Kingdom,Outbound,J. Petersen,2026-03-01
CUS-01215,Bluefin Bridge Networks,SMB,Healthcare,LATAM,Mexico,Inbound,K. Rahman,2026-03-01
CUS-01216,Pioneer Peak Health,Enterprise,Professional Services,North America,United States,Partner,A. Okafor,2026-03-01
CUS-01217,Aster Forge Group,Mid-Market,Software & Technology,EMEA,United Kingdom,Outbound,E. Nakamura,2026-03-01
CUS-01218,Halcyon Vale Financial,SMB,Logistics & Transport,APAC,Japan,Inbound,J. Petersen,2026-03-01
CUS-01219,Nimbus Cove Networks,SMB,Healthcare,North America,United States,Partner,C. Moreau,2026-03-01
CUS-01220,Sable Peak Networks,Mid-Market,Manufacturing,APAC,India,Inbound,D. Ferreira,2026-03-01
CUS-01221,Tidal Cove Financial,SMB,Financial Services,North America,United States,Self-Serve,,2026-03-01
CUS-01222,Orchid Forge Technologies,SMB,Retail & E-commerce,EMEA,Sweden,Inbound,A. Okafor,2026-03-01
CUS-01223,Crestline Gate Energy,SMB,Logistics & Transport,North America,United States,Inbound,A. Okafor,2026-03-01
CUS-01224,Aster Harbour Group,SMB,Retail & E-commerce,APAC,Australia,Inbound,A. Okafor,2026-03-01
CUS-01225,Cobalt Harbour Analytics,Mid-Market,Healthcare,EMEA,France,Outbound,D. Ferreira,2026-03-01
CUS-01226,Beacon Cove Analytics,Mid-Market,Logistics & Transport,APAC,Australia,Partner,K. Rahman,2026-03-01
CUS-01227,Beacon Stone Energy,Mid-Market,Software & Technology,EMEA,United Kingdom,Outbound,E. Nakamura,2026-03-01
CUS-01228,Corvus Cross Partners,Mid-Market,Software & Technology,North America,United States,Inbound,B. Lindqvist,2026-03-01
CUS-01229,Ridge Cross Media,Mid-Market,Manufacturing,North America,Canada,Inbound,L. Duarte,2026-03-01
CUS-01230,Tidal Court Health,SMB,Professional Services,APAC,Japan,Self-Serve,,2026-03-01
CUS-01231,Quartz Field Solutions,Enterprise,Software & Technology,North America,United States,Inbound,F. Whitfield,2026-03-01
CUS-01232,Quartz Stone Retail,SMB,Software & Technology,EMEA,Germany,Self-Serve,,2026-03-01
CUS-01233,Solstice Vale Solutions,SMB,Manufacturing,North America,Canada,Self-Serve,,2026-03-01
CUS-01234,Corvus Field Networks,Mid-Market,Financial Services,EMEA,United Kingdom,Inbound,F. Whitfield,2026-03-01
CUS-01235,Summit Field Labs,SMB,Media & Entertainment,North America,United States,Inbound,E. Nakamura,2026-03-01
CUS-01236,Ridge Field Analytics,Mid-Market,Professional Services,North America,Canada,Outbound,F. Whitfield,2026-03-01
CUS-01237,Lumen Vale Systems,SMB,Education,EMEA,Germany,Self-Serve,,2026-03-01
CUS-01238,Lumen Cross Financial,Mid-Market,Professional Services,LATAM,Brazil,Inbound,F. Whitfield,2026-03-01
CUS-01239,Orchid Bridge Media,Mid-Market,Retail & E-commerce,North America,United States,Marketplace,D. Ferreira,2026-03-01
CUS-01240,Ridge Forge Analytics,Enterprise,Software & Technology,LATAM,Mexico,Outbound,H. Kowalski,2026-03-01
CUS-01241,Juniper Gate Financial,SMB,Retail & E-commerce,North America,United States,Self-Serve,,2026-03-01
CUS-01242,Juniper Cross Retail,SMB,Retail & E-commerce,EMEA,United Kingdom,Marketplace,L. Duarte,2026-03-01
CUS-01243,Quartz Stone Financial,SMB,Healthcare,North America,United States,Inbound,I. Castellanos,2026-03-01
CUS-01244,Orchid Watch Systems,SMB,Software & Technology,North America,United States,Inbound,L. Duarte,2026-03-01
CUS-01245,Lyra Watch Solutions,Mid-Market,Healthcare,North America,United States,Marketplace,E. Nakamura,2026-03-01
CUS-01246,Bluefin Bridge Health,Mid-Market,Software & Technology,North America,United States,Outbound,G. Almeida,2026-03-01
CUS-01247,Granite Forge Financial,SMB,Logistics & Transport,North America,United States,Self-Serve,,2026-03-01
CUS-01248,Beacon Harbour Media,SMB,Healthcare,EMEA,France,Inbound,B. Lindqvist,2026-03-01
CUS-01249,Basalt Gate Group,SMB,Retail & E-commerce,North America,United States,Self-Serve,,2026-03-01
CUS-01250,Falcon Cross Financial,Mid-Market,Financial Services,North America,United States,Inbound,G. Almeida,2026-03-01
CUS-01251,Ironwood Field Technologies,SMB,Manufacturing,APAC,Australia,Self-Serve,,2026-03-01
CUS-01252,Aster Peak Group,Mid-Market,Financial Services,North America,United States,Inbound,K. Rahman,2026-03-01
CUS-01253,Lumen Bridge Solutions,Mid-Market,Software & Technology,North America,United States,Inbound,A. Okafor,2026-03-01
CUS-01254,Lyra Point Labs,SMB,Software & Technology,APAC,Australia,Self-Serve,,2026-03-01
CUS-01255,Halcyon Field Health,Mid-Market,Financial Services,North America,United States,Outbound,F. Whitfield,2026-03-01
CUS-01256,Ironwood River Solutions,SMB,Media & Entertainment,APAC,Australia,Partner,A. Okafor,2026-03-01
CUS-01257,Granite Peak Media,SMB,Financial Services,APAC,Australia,Marketplace,L. Duarte,2026-03-01
CUS-01258,Ridge Forge Energy,SMB,Education,EMEA,Germany,Inbound,A. Okafor,2026-04-01
CUS-01259,Juniper Bridge Industries,SMB,Software & Technology,North America,Canada,Self-Serve,,2026-04-01
CUS-01260,Lumen Court Logistics,SMB,Software & Technology,EMEA,United Kingdom,Marketplace,B. Lindqvist,2026-04-01
CUS-01261,Ridge Forge Systems,SMB,Media & Entertainment,North America,United States,Inbound,A. Okafor,2026-04-01
CUS-01262,Vertex Point Industries,SMB,Education,EMEA,Netherlands,Self-Serve,,2026-04-01
CUS-01263,Ironwood Gate Networks,SMB,Software & Technology,EMEA,United Kingdom,Marketplace,L. Duarte,2026-04-01
CUS-01264,Halcyon Field Financial,Mid-Market,Logistics & Transport,LATAM,Mexico,Outbound,K. Rahman,2026-04-01
CUS-01265,Ironwood Bridge Analytics,SMB,Healthcare,EMEA,France,Self-Serve,,2026-04-01
CUS-01266,Onyx Harbour Group,Mid-Market,Software & Technology,APAC,Australia,Partner,J. Petersen,2026-04-01
CUS-01267,Falcon Vale Health,SMB,Logistics & Transport,North America,United States,Marketplace,F. Whitfield,2026-04-01
CUS-01268,Meridian River Partners,SMB,Software & Technology,APAC,Japan,Inbound,F. Whitfield,2026-04-01
CUS-01269,Solstice Cross Energy,SMB,Healthcare,North America,United States,Self-Serve,,2026-04-01
CUS-01270,Corvus Court Systems,SMB,Software & Technology,North America,Canada,Self-Serve,,2026-04-01
CUS-01271,Summit Arbor Solutions,Mid-Market,Retail & E-commerce,North America,United States,Partner,B. Lindqvist,2026-04-01
CUS-01272,Lumen Vale Labs,SMB,Professional Services,North America,Canada,Inbound,C. Moreau,2026-04-01
CUS-01273,Summit Cross Media,Mid-Market,Manufacturing,LATAM,Mexico,Outbound,J. Petersen,2026-04-01
CUS-01274,Northwind Gate Media,SMB,Healthcare,North America,United States,Self-Serve,,2026-04-01
CUS-01275,Nimbus Stone Logistics,SMB,Healthcare,North America,United States,Inbound,E. Nakamura,2026-04-01
CUS-01276,Solstice Harbour Labs,Mid-Market,Professional Services,APAC,Australia,Outbound,B. Lindqvist,2026-04-01
CUS-01277,Basalt Arbor Solutions,SMB,Financial Services,EMEA,United Kingdom,Inbound,L. Duarte,2026-04-01
CUS-01278,Northwind Gate Technologies,SMB,Software & Technology,EMEA,Sweden,Inbound,D. Ferreira,2026-04-01
CUS-01279,Northwind Arbor Logistics,Enterprise,Financial Services,APAC,Japan,Inbound,H. Kowalski,2026-04-01
CUS-01280,Aster Point Analytics,Mid-Market,Software & Technology,EMEA,United Kingdom,Marketplace,C. Moreau,2026-04-01
CUS-01281,Summit Watch Systems,SMB,Healthcare,EMEA,United Kingdom,Inbound,A. Okafor,2026-04-01
CUS-01282,Sable Stone Technologies,SMB,Retail & E-commerce,North America,United States,Marketplace,A. Okafor,2026-04-01
CUS-01283,Nimbus Vale Group,SMB,Financial Services,North America,United States,Self-Serve,,2026-04-01
CUS-01284,Nimbus Cross Networks,SMB,Professional Services,North America,Canada,Self-Serve,,2026-04-01
CUS-01285,Tidal Harbour Group,Enterprise,Software & Technology,North America,United States,Outbound,L. Duarte,2026-04-01
CUS-01286,Onyx Vale Media,Mid-Market,Software & Technology,North America,United States,Marketplace,H. Kowalski,2026-04-01
CUS-01287,Cobalt Bridge Solutions,Mid-Market,Retail & E-commerce,North America,United States,Outbound,K. Rahman,2026-04-01
CUS-01288,Harbor Field Logistics,SMB,Manufacturing,EMEA,Sweden,Self-Serve,,2026-04-01
CUS-01289,Bluefin Gate Retail,SMB,Media & Entertainment,EMEA,Netherlands,Self-Serve,,2026-04-01
CUS-01290,Summit Vale Financial,SMB,Professional Services,EMEA,Netherlands,Partner,G. Almeida,2026-04-01
CUS-01291,Cobalt Vale Solutions,Mid-Market,Software & Technology,EMEA,United Kingdom,Inbound,D. Ferreira,2026-04-01
CUS-01292,Lumen Bridge Technologies,Enterprise,Retail & E-commerce,EMEA,United Kingdom,Outbound,D. Ferreira,2026-04-01
CUS-01293,Cobalt Stone Energy,SMB,Education,North America,United States,Self-Serve,,2026-04-01
CUS-01294,Sable Stone Partners,SMB,Software & Technology,EMEA,United Kingdom,Self-Serve,,2026-04-01
CUS-01295,Lumen Gate Labs,SMB,Software & Technology,North America,United States,Self-Serve,,2026-04-01
CUS-01296,Nimbus Point Health,SMB,Professional Services,North America,United States,Self-Serve,,2026-04-01
CUS-01297,Basalt Forge Energy,Mid-Market,Manufacturing,North America,Canada,Inbound,D. Ferreira,2026-04-01
CUS-01298,Juniper Peak Industries,SMB,Financial Services,North America,United States,Inbound,I. Castellanos,2026-04-01
CUS-01299,Basalt Point Partners,Enterprise,Logistics & Transport,LATAM,Mexico,Outbound,D. Ferreira,2026-04-01
CUS-01300,Cobalt Vale Health,SMB,Healthcare,North America,United States,Marketplace,B. Lindqvist,2026-04-01
CUS-01301,Nimbus Court Group,SMB,Education,APAC,Australia,Self-Serve,,2026-04-01
CUS-01302,Harbor River Logistics,SMB,Logistics & Transport,North America,United States,Inbound,L. Duarte,2026-04-01
CUS-01303,Aster Stone Financial,Mid-Market,Software & Technology,North America,United States,Partner,L. Duarte,2026-04-01
CUS-01304,Beacon Vale Systems,SMB,Retail & E-commerce,North America,United States,Marketplace,C. Moreau,2026-04-01
CUS-01305,Maple Cove Retail,SMB,Manufacturing,APAC,India,Self-Serve,,2026-04-01
CUS-01306,Cobalt Court Logistics,SMB,Financial Services,North America,United States,Inbound,H. Kowalski,2026-04-01
CUS-01307,Nimbus Field Logistics,SMB,Manufacturing,EMEA,United Kingdom,Self-Serve,,2026-04-01
CUS-01308,Lumen Cove Systems,SMB,Healthcare,North America,United States,Self-Serve,,2026-05-01
CUS-01309,Tidal Harbour Partners,Mid-Market,Manufacturing,EMEA,France,Outbound,I. Castellanos,2026-05-01
CUS-01310,Vertex Bridge Group,SMB,Professional Services,EMEA,France,Inbound,A. Okafor,2026-05-01
CUS-01311,Northwind Stone Analytics,Mid-Market,Retail & E-commerce,EMEA,Netherlands,Inbound,G. Almeida,2026-05-01
CUS-01312,Northwind River Media,Enterprise,Software & Technology,North America,United States,Inbound,H. Kowalski,2026-05-01
CUS-01313,Harbor Gate Solutions,Enterprise,Manufacturing,North America,United States,Inbound,L. Duarte,2026-05-01
CUS-01314,Ridge Court Analytics,SMB,Software & Technology,North America,United States,Self-Serve,,2026-05-01
CUS-01315,Summit Stone Networks,Mid-Market,Education,North America,United States,Partner,D. Ferreira,2026-05-01
CUS-01316,Zephyr Cross Media,SMB,Financial Services,EMEA,Germany,Inbound,H. Kowalski,2026-05-01
CUS-01317,Sable Peak Energy,Enterprise,Retail & E-commerce,North America,Canada,Inbound,G. Almeida,2026-05-01
CUS-01318,Orchid Bridge Retail,SMB,Manufacturing,APAC,Japan,Inbound,A. Okafor,2026-05-01
CUS-01319,Granite Court Technologies,Mid-Market,Healthcare,EMEA,Netherlands,Partner,G. Almeida,2026-05-01
CUS-01320,Basalt Forge Logistics,SMB,Software & Technology,APAC,Australia,Partner,B. Lindqvist,2026-05-01
CUS-01321,Pioneer Harbour Energy,SMB,Retail & E-commerce,APAC,Japan,Partner,E. Nakamura,2026-05-01
CUS-01322,Northwind Harbour Retail,Enterprise,Software & Technology,North America,United States,Outbound,A. Okafor,2026-05-01
CUS-01323,Beacon Cross Energy,Mid-Market,Retail & E-commerce,APAC,Australia,Inbound,G. Almeida,2026-05-01
CUS-01324,Lumen Forge Industries,SMB,Healthcare,LATAM,Brazil,Partner,I. Castellanos,2026-05-01
CUS-01325,Tidal River Group,SMB,Media & Entertainment,EMEA,United Kingdom,Marketplace,E. Nakamura,2026-05-01
CUS-01326,Corvus Point Media,Mid-Market,Financial Services,LATAM,Mexico,Outbound,J. Petersen,2026-05-01
CUS-01327,Bluefin Arbor Energy,Mid-Market,Logistics & Transport,APAC,India,Outbound,J. Petersen,2026-05-01
CUS-01328,Harbor Forge Analytics,SMB,Software & Technology,APAC,Singapore,Self-Serve,,2026-05-01
CUS-01329,Harbor Peak Financial,SMB,Professional Services,EMEA,United Kingdom,Partner,I. Castellanos,2026-05-01
CUS-01330,Northwind Cross Health,SMB,Education,APAC,India,Self-Serve,,2026-05-01
CUS-01331,Ironwood Bridge Energy,Mid-Market,Manufacturing,North America,United States,Inbound,K. Rahman,2026-05-01
CUS-01332,Bluefin Harbour Labs,Mid-Market,Retail & E-commerce,North America,United States,Partner,E. Nakamura,2026-05-01
CUS-01333,Pioneer Watch Group,SMB,Retail & E-commerce,North America,United States,Self-Serve,,2026-05-01
CUS-01334,Beacon Point Media,SMB,Healthcare,North America,Canada,Self-Serve,,2026-05-01
CUS-01335,Juniper Watch Group,Mid-Market,Financial Services,EMEA,United Kingdom,Marketplace,I. Castellanos,2026-05-01
CUS-01336,Falcon Vale Industries,SMB,Media & Entertainment,EMEA,United Kingdom,Inbound,B. Lindqvist,2026-05-01
CUS-01337,Vertex Bridge Systems,SMB,Financial Services,EMEA,France,Inbound,E. Nakamura,2026-05-01
CUS-01338,Granite Harbour Analytics,SMB,Software & Technology,North America,United States,Partner,K. Rahman,2026-05-01
CUS-01339,Vertex Cove Media,Enterprise,Retail & E-commerce,North America,Canada,Partner,E. Nakamura,2026-05-01
CUS-01340,Juniper Peak Solutions,Mid-Market,Financial Services,North America,United States,Marketplace,F. Whitfield,2026-05-01
CUS-01341,Beacon Court Group,SMB,Manufacturing,EMEA,United Kingdom,Self-Serve,,2026-05-01
CUS-01342,Tidal Cross Health,Enterprise,Retail & E-commerce,EMEA,Germany,Inbound,K. Rahman,2026-05-01
CUS-01343,Orchid Bridge Financial,SMB,Financial Services,North America,United States,Self-Serve,,2026-05-01
CUS-01344,Halcyon River Media,SMB,Healthcare,EMEA,Netherlands,Self-Serve,,2026-05-01
CUS-01345,Ridge Stone Solutions,SMB,Software & Technology,LATAM,Brazil,Self-Serve,,2026-05-01
CUS-01346,Ironwood Peak Retail,SMB,Education,EMEA,United Kingdom,Self-Serve,,2026-05-01
CUS-01347,Aster Cross Energy,SMB,Financial Services,EMEA,France,Self-Serve,,2026-05-01
CUS-01348,Meridian Vale Group,SMB,Healthcare,APAC,Singapore,Self-Serve,,2026-05-01
CUS-01349,Corvus Watch Financial,Mid-Market,Financial Services,North America,United States,Partner,I. Castellanos,2026-05-01
CUS-01350,Cobalt Stone Systems,SMB,Retail & E-commerce,North America,United States,Inbound,D. Ferreira,2026-05-01
CUS-01351,Orchid Forge Health,Mid-Market,Healthcare,EMEA,France,Marketplace,G. Almeida,2026-05-01
CUS-01352,Maple Stone Solutions,SMB,Education,North America,United States,Self-Serve,,2026-05-01
CUS-01353,Ridge River Systems,SMB,Financial Services,North America,United States,Self-Serve,,2026-05-01
CUS-01354,Juniper Peak Networks,SMB,Manufacturing,North America,United States,Partner,K. Rahman,2026-05-01
CUS-01355,Pioneer Field Analytics,Mid-Market,Healthcare,LATAM,Mexico,Outbound,L. Duarte,2026-05-01
CUS-01356,Tidal Point Networks,Enterprise,Retail & E-commerce,EMEA,France,Outbound,D. Ferreira,2026-05-01
CUS-01357,Lyra Forge Solutions,Enterprise,Software & Technology,North America,United States,Outbound,B. Lindqvist,2026-05-01
CUS-01358,Beacon Bridge Networks,SMB,Software & Technology,EMEA,United Kingdom,Self-Serve,,2026-05-01
CUS-01359,Aster Watch Networks,SMB,Manufacturing,North America,United States,Self-Serve,,2026-05-01
CUS-01360,Meridian Arbor Industries,Enterprise,Software & Technology,North America,United States,Outbound,E. Nakamura,2026-06-01
CUS-01361,Halcyon Bridge Retail,Mid-Market,Manufacturing,EMEA,Germany,Marketplace,L. Duarte,2026-06-01
CUS-01362,Crestline Arbor Health,Mid-Market,Education,EMEA,Germany,Marketplace,L. Duarte,2026-06-01
CUS-01363,Nimbus Watch Networks,SMB,Media & Entertainment,North America,United States,Self-Serve,,2026-06-01
CUS-01364,Corvus Watch Retail,SMB,Logistics & Transport,APAC,Australia,Partner,J. Petersen,2026-06-01
CUS-01365,Vertex Cross Health,Enterprise,Media & Entertainment,North America,Canada,Outbound,E. Nakamura,2026-06-01
CUS-01366,Summit Court Financial,SMB,Logistics & Transport,EMEA,United Kingdom,Partner,H. Kowalski,2026-06-01
CUS-01367,Basalt Cove Media,Mid-Market,Manufacturing,North America,Canada,Marketplace,B. Lindqvist,2026-06-01
CUS-01368,Vertex Watch Networks,Mid-Market,Financial Services,EMEA,France,Outbound,J. Petersen,2026-06-01
CUS-01369,Nimbus Vale Energy,SMB,Financial Services,North America,United States,Inbound,B. Lindqvist,2026-06-01
CUS-01370,Crestline Court Systems,Mid-Market,Software & Technology,EMEA,United Kingdom,Inbound,E. Nakamura,2026-06-01
CUS-01371,Cobalt Stone Health,SMB,Logistics & Transport,APAC,Australia,Partner,J. Petersen,2026-06-01
CUS-01372,Summit Watch Technologies,SMB,Financial Services,EMEA,Germany,Self-Serve,,2026-06-01
CUS-01373,Juniper Harbour Media,Mid-Market,Healthcare,North America,United States,Outbound,G. Almeida,2026-06-01
CUS-01374,Beacon Point Group,Mid-Market,Media & Entertainment,EMEA,Germany,Inbound,H. Kowalski,2026-06-01
CUS-01375,Juniper Stone Media,Mid-Market,Manufacturing,LATAM,Mexico,Inbound,E. Nakamura,2026-06-01
CUS-01376,Ironwood Harbour Industries,SMB,Logistics & Transport,North America,Canada,Marketplace,J. Petersen,2026-06-01
CUS-01377,Ironwood Cross Partners,SMB,Professional Services,APAC,Japan,Inbound,L. Duarte,2026-06-01
CUS-01378,Corvus Bridge Solutions,Enterprise,Professional Services,APAC,India,Outbound,H. Kowalski,2026-06-01
CUS-01379,Basalt Cove Systems,SMB,Healthcare,North America,United States,Partner,H. Kowalski,2026-06-01
CUS-01380,Summit Gate Systems,SMB,Manufacturing,EMEA,Netherlands,Inbound,D. Ferreira,2026-06-01
CUS-01381,Summit Peak Solutions,SMB,Manufacturing,North America,Canada,Self-Serve,,2026-06-01
CUS-01382,Pioneer Arbor Financial,SMB,Financial Services,North America,United States,Self-Serve,,2026-06-01
CUS-01383,Corvus Stone Energy,Enterprise,Media & Entertainment,North America,United States,Outbound,D. Ferreira,2026-06-01
CUS-01384,Harbor Point Health,SMB,Software & Technology,EMEA,Germany,Partner,B. Lindqvist,2026-06-01
CUS-01385,Onyx Field Health,Enterprise,Professional Services,North America,United States,Inbound,J. Petersen,2026-06-01
CUS-01386,Vertex Watch Media,Enterprise,Education,APAC,India,Outbound,J. Petersen,2026-06-01
CUS-01387,Northwind Gate Analytics,SMB,Software & Technology,North America,United States,Inbound,L. Duarte,2026-06-01
CUS-01388,Aster Arbor Industries,SMB,Financial Services,North America,Canada,Inbound,B. Lindqvist,2026-06-01
CUS-01389,Tidal Forge Group,Enterprise,Manufacturing,North America,United States,Outbound,E. Nakamura,2026-06-01
CUS-01390,Onyx Cove Retail,SMB,Healthcare,North America,United States,Self-Serve,,2026-06-01
CUS-01391,Aster Arbor Logistics,SMB,Education,North America,United States,Self-Serve,,2026-06-01
CUS-01392,Summit Cross Energy,SMB,Financial Services,North America,United States,Self-Serve,,2026-06-01
CUS-01393,Meridian Cross Industries,SMB,Financial Services,APAC,Australia,Partner,C. Moreau,2026-06-01
CUS-01394,Meridian River Media,Enterprise,Retail & E-commerce,EMEA,United Kingdom,Outbound,F. Whitfield,2026-06-01
CUS-01395,Nimbus Vale Solutions,SMB,Financial Services,North America,United States,Inbound,J. Petersen,2026-06-01
CUS-01396,Basalt Stone Logistics,SMB,Retail & E-commerce,North America,United States,Marketplace,C. Moreau,2026-06-01
CUS-01397,Bluefin Watch Industries,SMB,Retail & E-commerce,North America,United States,Inbound,K. Rahman,2026-06-01
CUS-01398,Cobalt Arbor Labs,SMB,Software & Technology,EMEA,Sweden,Inbound,C. Moreau,2026-06-01
CUS-01399,Bluefin Peak Solutions,Enterprise,Financial Services,North America,United States,Partner,F. Whitfield,2026-06-01
CUS-01400,Lumen Vale Energy,Mid-Market,Manufacturing,EMEA,United Kingdom,Outbound,H. Kowalski,2026-06-01
CUS-01401,Pioneer Field Logistics,Mid-Market,Healthcare,North America,United States,Inbound,D. Ferreira,2026-06-01
CUS-01402,Vertex Field Partners,Mid-Market,Healthcare,EMEA,Germany,Inbound,L. Duarte,2026-06-01
CUS-01403,Zephyr Peak Analytics,SMB,Software & Technology,North America,Canada,Self-Serve,,2026-06-01
CUS-01404,Solstice Cross Partners,Mid-Market,Retail & E-commerce,North America,United States,Inbound,E. Nakamura,2026-06-01
CUS-01405,Bluefin Harbour Industries,Mid-Market,Healthcare,North America,United States,Marketplace,E. Nakamura,2026-06-01
CUS-01406,Beacon Cross Technologies,Mid-Market,Education,EMEA,Germany,Inbound,L. Duarte,2026-06-01
CUS-01407,Meridian Bridge Systems,SMB,Software & Technology,North America,Canada,Marketplace,E. Nakamura,2026-06-01
CUS-01408,Summit River Technologies,SMB,Media & Entertainment,EMEA,United Kingdom,Self-Serve,,2026-06-01
CUS-01409,Summit Forge Partners,SMB,Healthcare,North America,United States,Marketplace,K. Rahman,2026-06-01
CUS-01410,Nimbus Field Solutions,SMB,Software & Technology,EMEA,Sweden,Marketplace,A. Okafor,2026-06-01
CUS-01411,Vertex Harbour Technologies,Mid-Market,Manufacturing,EMEA,France,Inbound,E. Nakamura,2026-06-01
CUS-01412,Beacon Field Partners,Mid-Market,Retail & E-commerce,North America,United States,Inbound,J. Petersen,2026-06-01
CUS-01413,Northwind Harbour Group,SMB,Financial Services,North America,United States,Partner,L. Duarte,2026-06-01
CUS-01414,Beacon Cove Media,Mid-Market,Financial Services,LATAM,Brazil,Outbound,K. Rahman,2026-06-01
CUS-01415,Crestline Stone Networks,SMB,Software & Technology,North America,United States,Partner,L. Duarte,2026-06-01
CUS-01416,Corvus River Industries,Mid-Market,Healthcare,EMEA,Sweden,Outbound,I. Castellanos,2026-06-01
CUS-01417,Pioneer Cove Labs,Mid-Market,Logistics & Transport,EMEA,France,Inbound,A. Okafor,2026-06-01
CUS-01418,Crestline Gate Media,Mid-Market,Media & Entertainment,North America,United States,Marketplace,E. Nakamura,2026-06-01
CUS-01419,Beacon Bridge Systems,SMB,Financial Services,North America,United States,Partner,D. Ferreira,2026-07-01
CUS-01420,Granite Cove Media,SMB,Financial Services,North America,United States,Inbound,E. Nakamura,2026-07-01
CUS-01421,Falcon Court Partners,SMB,Software & Technology,EMEA,Germany,Self-Serve,,2026-07-01
CUS-01422,Crestline Point Health,SMB,Professional Services,North America,United States,Self-Serve,,2026-07-01
CUS-01423,Corvus Gate Systems,Mid-Market,Manufacturing,North America,Canada,Inbound,D. Ferreira,2026-07-01
CUS-01424,Halcyon Court Technologies,SMB,Manufacturing,North America,United States,Self-Serve,,2026-07-01
CUS-01425,Ridge Stone Financial,SMB,Financial Services,North America,United States,Self-Serve,,2026-07-01
CUS-01426,Solstice Cross Media,SMB,Financial Services,APAC,Australia,Self-Serve,,2026-07-01
CUS-01427,Harbor Arbor Technologies,Mid-Market,Healthcare,North America,United States,Outbound,L. Duarte,2026-07-01
CUS-01428,Pioneer Peak Energy,SMB,Retail & E-commerce,North America,United States,Inbound,F. Whitfield,2026-07-01
CUS-01429,Meridian Vale Media,Mid-Market,Professional Services,North America,United States,Outbound,E. Nakamura,2026-07-01
CUS-01430,Vertex River Systems,SMB,Healthcare,EMEA,Netherlands,Self-Serve,,2026-07-01
CUS-01431,Zephyr Point Health,Enterprise,Media & Entertainment,LATAM,Brazil,Inbound,I. Castellanos,2026-07-01
CUS-01432,Falcon Court Technologies,SMB,Software & Technology,North America,United States,Inbound,H. Kowalski,2026-07-01
CUS-01433,Sable River Analytics,Mid-Market,Software & Technology,EMEA,United Kingdom,Inbound,A. Okafor,2026-07-01
CUS-01434,Crestline Arbor Networks,SMB,Software & Technology,North America,United States,Inbound,E. Nakamura,2026-07-01
CUS-01435,Aster Bridge Logistics,SMB,Retail & E-commerce,North America,United States,Inbound,B. Lindqvist,2026-07-01
CUS-01436,Basalt Harbour Media,SMB,Financial Services,North America,United States,Self-Serve,,2026-07-01
CUS-01437,Onyx Forge Industries,Mid-Market,Professional Services,LATAM,Mexico,Outbound,D. Ferreira,2026-07-01
CUS-01438,Meridian Forge Logistics,Mid-Market,Healthcare,North America,United States,Marketplace,E. Nakamura,2026-07-01
CUS-01439,Maple Point Retail,SMB,Media & Entertainment,EMEA,United Kingdom,Inbound,H. Kowalski,2026-07-01
CUS-01440,Lumen Bridge Media,SMB,Media & Entertainment,EMEA,France,Self-Serve,,2026-07-01
CUS-01441,Tidal Watch Solutions,SMB,Financial Services,LATAM,Mexico,Self-Serve,,2026-07-01
CUS-01442,Bluefin Stone Media,SMB,Financial Services,North America,United States,Self-Serve,,2026-07-01
CUS-01443,Basalt Harbour Financial,Mid-Market,Software & Technology,EMEA,Germany,Outbound,K. Rahman,2026-07-01
CUS-01444,Lumen Forge Financial,Mid-Market,Software & Technology,EMEA,United Kingdom,Partner,E. Nakamura,2026-07-01
CUS-01445,Basalt Cove Industries,SMB,Professional Services,APAC,Japan,Self-Serve,,2026-07-01
CUS-01446,Harbor Forge Health,Enterprise,Logistics & Transport,North America,United States,Outbound,J. Petersen,2026-07-01
CUS-01447,Crestline Harbour Group,Mid-Market,Healthcare,APAC,Singapore,Partner,A. Okafor,2026-07-01
CUS-01448,Summit Stone Technologies,Mid-Market,Software & Technology,EMEA,United Kingdom,Inbound,F. Whitfield,2026-07-01
CUS-01449,Summit River Labs,Mid-Market,Software & Technology,North America,United States,Inbound,K. Rahman,2026-07-01
CUS-01450,Basalt Gate Analytics,Mid-Market,Software & Technology,EMEA,Germany,Partner,G. Almeida,2026-07-01
CUS-01451,Onyx Harbour Media,SMB,Financial Services,North America,United States,Self-Serve,,2026-07-01
CUS-01452,Nimbus Forge Labs,SMB,Professional Services,North America,Canada,Marketplace,K. Rahman,2026-07-01
CUS-01453,Pioneer Gate Industries,SMB,Media & Entertainment,EMEA,Germany,Self-Serve,,2026-07-01
CUS-01454,Ridge Point Health,Mid-Market,Manufacturing,EMEA,France,Inbound,B. Lindqvist,2026-07-01
CUS-01455,Zephyr Cross Health,SMB,Retail & E-commerce,North America,United States,Inbound,J. Petersen,2026-07-01
CUS-01456,Summit Vale Retail,SMB,Media & Entertainment,EMEA,Germany,Self-Serve,,2026-07-01
CUS-01457,Vertex Court Technologies,Mid-Market,Software & Technology,EMEA,United Kingdom,Partner,C. Moreau,2026-07-01
CUS-01458,Solstice Gate Logistics,SMB,Retail & E-commerce,North America,United States,Self-Serve,,2026-07-01
CUS-01459,Harbor Peak Labs,Mid-Market,Software & Technology,APAC,Australia,Inbound,A. Okafor,2026-07-01
CUS-01460,Granite Harbour Logistics,SMB,Manufacturing,EMEA,United Kingdom,Inbound,D. Ferreira,2026-07-01
CUS-01461,Falcon Bridge Systems,Mid-Market,Manufacturing,EMEA,Sweden,Inbound,F. Whitfield,2026-07-01
CUS-01462,Solstice Arbor Financial,Mid-Market,Education,North America,United States,Partner,K. Rahman,2026-07-01
CUS-01463,Aster Vale Labs,Mid-Market,Retail & E-commerce,North America,United States,Outbound,A. Okafor,2026-07-01
CUS-01464,Orchid Cove Health,SMB,Software & Technology,North America,United States,Self-Serve,,2026-07-01
CUS-01465,Cobalt Cove Solutions,SMB,Manufacturing,EMEA,France,Inbound,E. Nakamura,2026-07-01
CUS-01466,Onyx River Logistics,Mid-Market,Professional Services,North America,United States,Inbound,B. Lindqvist,2026-07-01
CUS-01467,Falcon Gate Networks,Mid-Market,Logistics & Transport,EMEA,United Kingdom,Inbound,L. Duarte,2026-07-01
CUS-01468,Juniper Field Media,Mid-Market,Media & Entertainment,EMEA,United Kingdom,Outbound,C. Moreau,2026-07-01
CUS-01469,Onyx Watch Logistics,Enterprise,Financial Services,North America,United States,Outbound,K. Rahman,2026-08-01
CUS-01470,Solstice Court Energy,Mid-Market,Logistics & Transport,LATAM,Brazil,Partner,B. Lindqvist,2026-08-01
CUS-01471,Ridge Arbor Health,SMB,Retail & E-commerce,North America,United States,Inbound,A. Okafor,2026-08-01
CUS-01472,Solstice Vale Analytics,Mid-Market,Logistics & Transport,EMEA,United Kingdom,Partner,A. Okafor,2026-08-01
CUS-01473,Beacon Forge Partners,SMB,Financial Services,LATAM,Brazil,Partner,B. Lindqvist,2026-08-01
CUS-01474,Sable Bridge Health,Mid-Market,Software & Technology,APAC,Singapore,Inbound,I. Castellanos,2026-08-01
CUS-01475,Zephyr River Media,SMB,Financial Services,EMEA,United Kingdom,Self-Serve,,2026-08-01
CUS-01476,Juniper Gate Technologies,SMB,Logistics & Transport,APAC,Japan,Self-Serve,,2026-08-01
CUS-01477,Halcyon Stone Financial,Enterprise,Healthcare,North America,United States,Inbound,D. Ferreira,2026-08-01
CUS-01478,Summit Peak Financial,Enterprise,Financial Services,EMEA,United Kingdom,Outbound,H. Kowalski,2026-08-01
CUS-01479,Tidal Court Solutions,Enterprise,Software & Technology,North America,United States,Inbound,F. Whitfield,2026-08-01
CUS-01480,Summit Cove Group,SMB,Manufacturing,EMEA,Germany,Inbound,J. Petersen,2026-08-01
CUS-01481,Corvus Peak Labs,Mid-Market,Professional Services,North America,United States,Marketplace,F. Whitfield,2026-08-01
CUS-01482,Vertex Arbor Technologies,Mid-Market,Healthcare,North America,United States,Outbound,K. Rahman,2026-08-01
CUS-01483,Aster River Logistics,SMB,Financial Services,North America,United States,Self-Serve,,2026-08-01
CUS-01484,Beacon Arbor Industries,SMB,Software & Technology,North America,United States,Marketplace,B. Lindqvist,2026-08-01
CUS-01485,Falcon Peak Networks,Mid-Market,Retail & E-commerce,EMEA,Germany,Outbound,C. Moreau,2026-08-01
CUS-01486,Orchid Vale Solutions,Mid-Market,Software & Technology,EMEA,Sweden,Outbound,J. Petersen,2026-08-01
CUS-01487,Pioneer Cove Systems,SMB,Software & Technology,North America,United States,Self-Serve,,2026-08-01
CUS-01488,Beacon Peak Financial,SMB,Education,APAC,Singapore,Self-Serve,,2026-08-01
CUS-01489,Corvus Stone Industries,SMB,Software & Technology,North America,United States,Self-Serve,,2026-08-01
CUS-01490,Orchid Peak Financial,Enterprise,Professional Services,North America,United States,Outbound,K. Rahman,2026-08-01
CUS-01491,Quartz Forge Logistics,SMB,Retail & E-commerce,APAC,Japan,Inbound,C. Moreau,2026-08-01
CUS-01492,Solstice Cross Retail,Enterprise,Media & Entertainment,North America,United States,Inbound,H. Kowalski,2026-08-01
CUS-01493,Granite Harbour Solutions,SMB,Software & Technology,North America,Canada,Inbound,F. Whitfield,2026-08-01
CUS-01494,Zephyr Field Energy,Enterprise,Professional Services,EMEA,Germany,Partner,A. Okafor,2026-08-01
CUS-01495,Aster River Energy,Mid-Market,Software & Technology,APAC,Australia,Outbound,G. Almeida,2026-08-01
CUS-01496,Quartz Field Financial,SMB,Healthcare,EMEA,Germany,Partner,F. Whitfield,2026-08-01
CUS-01497,Ridge Peak Group,Mid-Market,Education,North America,Canada,Inbound,L. Duarte,2026-08-01
CUS-01498,Nimbus Cross Financial,Mid-Market,Manufacturing,North America,United States,Inbound,K. Rahman,2026-08-01
CUS-01499,Cobalt Gate Partners,Mid-Market,Professional Services,EMEA,United Kingdom,Marketplace,E. Nakamura,2026-08-01
CUS-01500,Onyx Gate Health,SMB,Education,North America,United States,Marketplace,J. Petersen,2026-08-01
CUS-01501,Juniper Gate Systems,SMB,Software & Technology,APAC,Singapore,Marketplace,D. Ferreira,2026-08-01
CUS-01502,Solstice Bridge Health,SMB,Retail & E-commerce,North America,United States,Inbound,C. Moreau,2026-08-01
CUS-01503,Zephyr Stone Logistics,Mid-Market,Software & Technology,APAC,Singapore,Partner,K. Rahman,2026-08-01
CUS-01504,Crestline Peak Analytics,Mid-Market,Healthcare,APAC,Australia,Outbound,B. Lindqvist,2026-08-01
CUS-01505,Beacon Point Energy,SMB,Logistics & Transport,North America,Canada,Self-Serve,,2026-08-01
CUS-01506,Cobalt River Technologies,SMB,Education,North America,United States,Self-Serve,,2026-08-01
CUS-01507,Basalt Point Health,Enterprise,Retail & E-commerce,EMEA,France,Outbound,K. Rahman,2026-08-01
CUS-01508,Basalt Stone Media,Mid-Market,Professional Services,EMEA,Netherlands,Inbound,A. Okafor,2026-08-01
CUS-01509,Meridian Cross Partners,SMB,Healthcare,APAC,Japan,Self-Serve,,2026-08-01
CUS-01510,Solstice Cove Retail,SMB,Financial Services,North America,United States,Inbound,J. Petersen,2026-08-01
CUS-01511,Zephyr Point Financial,SMB,Manufacturing,North America,United States,Self-Serve,,2026-08-01
CUS-01512,Zephyr Watch Partners,SMB,Healthcare,North America,United States,Inbound,L. Duarte,2026-08-01
CUS-01513,Harbor Cove Retail,Enterprise,Healthcare,North America,United States,Inbound,E. Nakamura,2026-08-01
CUS-01514,Corvus Gate Media,SMB,Software & Technology,EMEA,Germany,Inbound,B. Lindqvist,2026-08-01
CUS-01515,Onyx Court Health,SMB,Software & Technology,North America,United States,Marketplace,A. Okafor,2026-08-01
CUS-01516,Pioneer Harbour Solutions,SMB,Software & Technology,EMEA,France,Marketplace,E. Nakamura,2026-08-01
CUS-01517,Corvus Cross Energy,SMB,Media & Entertainment,EMEA,Germany,Marketplace,J. Petersen,2026-08-01
CUS-01518,Vertex Vale Technologies,Enterprise,Software & Technology,EMEA,United Kingdom,Outbound,A. Okafor,2026-08-01
CUS-01519,Ridge Watch Financial,SMB,Professional Services,North America,Canada,Self-Serve,,2026-08-01
