spend_date,channel,campaign,spend,impressions,clicks
2024-01-01,Organic Search,Organic - SEO Content,4.65,2923,94
2024-01-02,Organic Search,Organic - SEO Content,4.65,3179,85
2024-01-03,Organic Search,Organic - SEO Content,4.65,4609,99
2024-01-04,Organic Search,Organic - SEO Content,4.65,4848,86
2024-01-05,Organic Search,Organic - SEO Content,4.65,5357,94
2024-01-06,Organic Search,Organic - SEO Content,3.35,2622,65
2024-01-07,Organic Search,Organic - SEO Content,3.35,2244,70
2024-01-08,Organic Search,Organic - SEO Content,4.65,4865,85
2024-01-09,Organic Search,Organic - SEO Content,4.65,3407,86
2024-01-10,Organic Search,Organic - SEO Content,4.65,5062,89
2024-01-11,Organic Search,Organic - SEO Content,4.65,2961,94
2024-01-12,Organic Search,Organic - SEO Content,4.65,3385,101
2024-01-13,Organic Search,Organic - SEO Content,3.35,2464,63
2024-01-14,Organic Search,Organic - SEO Content,3.35,2925,61
2024-01-15,Organic Search,Organic - SEO Content,4.65,5735,86
2024-01-16,Organic Search,Organic - SEO Content,4.65,5325,91
2024-01-17,Organic Search,Organic - SEO Content,4.65,3747,101
2024-01-18,Organic Search,Organic - SEO Content,4.65,3623,93
2024-01-19,Organic Search,Organic - SEO Content,4.65,4021,95
2024-01-20,Organic Search,Organic - SEO Content,3.35,2852,65
2024-01-21,Organic Search,Organic - SEO Content,3.35,1680,60
2024-01-22,Organic Search,Organic - SEO Content,4.65,6719,94
2024-01-23,Organic Search,Organic - SEO Content,4.65,4513,93
2024-01-24,Organic Search,Organic - SEO Content,4.65,3570,91
2024-01-25,Organic Search,Organic - SEO Content,4.65,3041,88
2024-01-26,Organic Search,Organic - SEO Content,4.65,5153,96
2024-01-27,Organic Search,Organic - SEO Content,3.35,4825,72
2024-01-28,Organic Search,Organic - SEO Content,3.35,2023,65
2024-01-29,Organic Search,Organic - SEO Content,4.65,6115,89
2024-01-30,Organic Search,Organic - SEO Content,4.65,4022,97
2024-01-31,Organic Search,Organic - SEO Content,4.65,4937,92
2024-01-01,Paid Search,Paid - Brand,17.21,521,17
2024-01-02,Paid Search,Paid - Brand,17.21,830,19
2024-01-03,Paid Search,Paid - Brand,17.21,1074,17
2024-01-04,Paid Search,Paid - Brand,17.21,1077,17
2024-01-05,Paid Search,Paid - Brand,17.21,499,16
2024-01-06,Paid Search,Paid - Brand,12.39,426,12
2024-01-07,Paid Search,Paid - Brand,12.39,785,13
2024-01-08,Paid Search,Paid - Brand,17.21,659,17
2024-01-09,Paid Search,Paid - Brand,17.21,636,18
2024-01-10,Paid Search,Paid - Brand,17.21,538,17
2024-01-11,Paid Search,Paid - Brand,17.21,627,19
2024-01-12,Paid Search,Paid - Brand,17.21,1156,17
2024-01-13,Paid Search,Paid - Brand,12.39,465,12
2024-01-14,Paid Search,Paid - Brand,12.39,689,13
2024-01-15,Paid Search,Paid - Brand,17.21,754,18
2024-01-16,Paid Search,Paid - Brand,17.21,664,16
2024-01-17,Paid Search,Paid - Brand,17.21,1051,19
2024-01-18,Paid Search,Paid - Brand,17.21,533,17
2024-01-19,Paid Search,Paid - Brand,17.21,1150,19
2024-01-20,Paid Search,Paid - Brand,12.39,411,13
2024-01-21,Paid Search,Paid - Brand,12.39,416,12
2024-01-22,Paid Search,Paid - Brand,17.21,1009,16
2024-01-23,Paid Search,Paid - Brand,17.21,967,17
2024-01-24,Paid Search,Paid - Brand,17.21,1070,17
2024-01-25,Paid Search,Paid - Brand,17.21,1194,19
2024-01-26,Paid Search,Paid - Brand,17.21,718,18
2024-01-27,Paid Search,Paid - Brand,12.39,435,12
2024-01-28,Paid Search,Paid - Brand,12.39,569,12
2024-01-29,Paid Search,Paid - Brand,17.21,917,18
2024-01-30,Paid Search,Paid - Brand,17.21,951,18
2024-01-31,Paid Search,Paid - Brand,17.21,974,16
2024-01-01,Paid Search,Paid - Generic,12.82,678,13
2024-01-02,Paid Search,Paid - Generic,12.82,636,14
2024-01-03,Paid Search,Paid - Generic,12.82,868,14
2024-01-04,Paid Search,Paid - Generic,12.82,383,13
2024-01-05,Paid Search,Paid - Generic,12.82,368,12
2024-01-06,Paid Search,Paid - Generic,9.23,483,9
2024-01-07,Paid Search,Paid - Generic,9.23,472,10
2024-01-08,Paid Search,Paid - Generic,12.82,936,13
2024-01-09,Paid Search,Paid - Generic,12.82,594,14
2024-01-10,Paid Search,Paid - Generic,12.82,833,13
2024-01-11,Paid Search,Paid - Generic,12.82,690,13
2024-01-12,Paid Search,Paid - Generic,12.82,809,13
2024-01-13,Paid Search,Paid - Generic,9.23,547,10
2024-01-14,Paid Search,Paid - Generic,9.23,319,8
2024-01-15,Paid Search,Paid - Generic,12.82,799,14
2024-01-16,Paid Search,Paid - Generic,12.82,1014,14
2024-01-17,Paid Search,Paid - Generic,12.82,643,12
2024-01-18,Paid Search,Paid - Generic,12.82,990,14
2024-01-19,Paid Search,Paid - Generic,12.82,973,14
2024-01-20,Paid Search,Paid - Generic,9.23,342,10
2024-01-21,Paid Search,Paid - Generic,9.23,560,10
2024-01-22,Paid Search,Paid - Generic,12.82,1008,14
2024-01-23,Paid Search,Paid - Generic,12.82,519,12
2024-01-24,Paid Search,Paid - Generic,12.82,786,13
2024-01-25,Paid Search,Paid - Generic,12.82,674,14
2024-01-26,Paid Search,Paid - Generic,12.82,522,12
2024-01-27,Paid Search,Paid - Generic,9.23,626,10
2024-01-28,Paid Search,Paid - Generic,9.23,327,8
2024-01-29,Paid Search,Paid - Generic,12.82,838,12
2024-01-30,Paid Search,Paid - Generic,12.82,443,12
2024-01-31,Paid Search,Paid - Generic,12.82,642,12
2024-01-01,Paid Search,Paid - Shopping,20.39,947,19
2024-01-02,Paid Search,Paid - Shopping,20.39,984,23
2024-01-03,Paid Search,Paid - Shopping,20.39,1111,21
2024-01-04,Paid Search,Paid - Shopping,20.39,1126,22
2024-01-05,Paid Search,Paid - Shopping,20.39,695,22
2024-01-06,Paid Search,Paid - Shopping,14.68,580,16
2024-01-07,Paid Search,Paid - Shopping,14.68,729,14
2024-01-08,Paid Search,Paid - Shopping,20.39,944,19
2024-01-09,Paid Search,Paid - Shopping,20.39,1317,20
2024-01-10,Paid Search,Paid - Shopping,20.39,1155,19
2024-01-11,Paid Search,Paid - Shopping,20.39,897,20
2024-01-12,Paid Search,Paid - Shopping,20.39,864,20
2024-01-13,Paid Search,Paid - Shopping,14.68,687,15
2024-01-14,Paid Search,Paid - Shopping,14.68,794,16
2024-01-15,Paid Search,Paid - Shopping,20.39,1579,22
2024-01-16,Paid Search,Paid - Shopping,20.39,1278,20
2024-01-17,Paid Search,Paid - Shopping,20.39,775,21
2024-01-18,Paid Search,Paid - Shopping,20.39,596,19
2024-01-19,Paid Search,Paid - Shopping,20.39,1086,21
2024-01-20,Paid Search,Paid - Shopping,14.68,973,16
2024-01-21,Paid Search,Paid - Shopping,14.68,646,14
2024-01-22,Paid Search,Paid - Shopping,20.39,1348,21
2024-01-23,Paid Search,Paid - Shopping,20.39,682,23
2024-01-24,Paid Search,Paid - Shopping,20.39,862,23
2024-01-25,Paid Search,Paid - Shopping,20.39,1146,21
2024-01-26,Paid Search,Paid - Shopping,20.39,709,22
2024-01-27,Paid Search,Paid - Shopping,14.68,1020,14
2024-01-28,Paid Search,Paid - Shopping,14.68,913,16
2024-01-29,Paid Search,Paid - Shopping,20.39,649,21
2024-01-30,Paid Search,Paid - Shopping,20.39,994,23
2024-01-31,Paid Search,Paid - Shopping,20.39,1143,20
2024-01-01,Paid Social,Paid - Prospecting,7.67,639,19
2024-01-02,Paid Social,Paid - Prospecting,7.67,757,18
2024-01-03,Paid Social,Paid - Prospecting,7.67,515,17
2024-01-04,Paid Social,Paid - Prospecting,7.67,769,17
2024-01-05,Paid Social,Paid - Prospecting,7.67,781,18
2024-01-06,Paid Social,Paid - Prospecting,5.53,609,13
2024-01-07,Paid Social,Paid - Prospecting,5.53,883,13
2024-01-08,Paid Social,Paid - Prospecting,7.67,1052,17
2024-01-09,Paid Social,Paid - Prospecting,7.67,1161,18
2024-01-10,Paid Social,Paid - Prospecting,7.67,732,19
2024-01-11,Paid Social,Paid - Prospecting,7.67,639,19
2024-01-12,Paid Social,Paid - Prospecting,7.67,1033,16
2024-01-13,Paid Social,Paid - Prospecting,5.53,849,12
2024-01-14,Paid Social,Paid - Prospecting,5.53,590,12
2024-01-15,Paid Social,Paid - Prospecting,7.67,857,18
2024-01-16,Paid Social,Paid - Prospecting,7.67,851,19
2024-01-17,Paid Social,Paid - Prospecting,7.67,632,19
2024-01-18,Paid Social,Paid - Prospecting,7.67,974,18
2024-01-19,Paid Social,Paid - Prospecting,7.67,761,16
2024-01-20,Paid Social,Paid - Prospecting,5.53,814,13
2024-01-21,Paid Social,Paid - Prospecting,5.53,803,11
2024-01-22,Paid Social,Paid - Prospecting,7.67,1037,16
2024-01-23,Paid Social,Paid - Prospecting,7.67,619,17
2024-01-24,Paid Social,Paid - Prospecting,7.67,1083,20
2024-01-25,Paid Social,Paid - Prospecting,7.67,1284,18
2024-01-26,Paid Social,Paid - Prospecting,7.67,921,17
2024-01-27,Paid Social,Paid - Prospecting,5.53,720,14
2024-01-28,Paid Social,Paid - Prospecting,5.53,793,13
2024-01-29,Paid Social,Paid - Prospecting,7.67,520,18
2024-01-30,Paid Social,Paid - Prospecting,7.67,1176,20
2024-01-31,Paid Social,Paid - Prospecting,7.67,836,16
2024-01-01,Paid Social,Paid - Retargeting,11.49,1454,25
2024-01-02,Paid Social,Paid - Retargeting,11.49,1770,27
2024-01-03,Paid Social,Paid - Retargeting,11.49,1775,26
2024-01-04,Paid Social,Paid - Retargeting,11.49,1635,27
2024-01-05,Paid Social,Paid - Retargeting,11.49,1323,28
2024-01-06,Paid Social,Paid - Retargeting,8.28,871,20
2024-01-07,Paid Social,Paid - Retargeting,8.28,623,19
2024-01-08,Paid Social,Paid - Retargeting,11.49,1196,25
2024-01-09,Paid Social,Paid - Retargeting,11.49,1019,26
2024-01-10,Paid Social,Paid - Retargeting,11.49,1422,25
2024-01-11,Paid Social,Paid - Retargeting,11.49,1002,28
2024-01-12,Paid Social,Paid - Retargeting,11.49,1375,26
2024-01-13,Paid Social,Paid - Retargeting,8.28,1139,19
2024-01-14,Paid Social,Paid - Retargeting,8.28,1265,20
2024-01-15,Paid Social,Paid - Retargeting,11.49,1679,25
2024-01-16,Paid Social,Paid - Retargeting,11.49,1509,27
2024-01-17,Paid Social,Paid - Retargeting,11.49,1079,26
2024-01-18,Paid Social,Paid - Retargeting,11.49,1027,24
2024-01-19,Paid Social,Paid - Retargeting,11.49,1256,25
2024-01-20,Paid Social,Paid - Retargeting,8.28,728,19
2024-01-21,Paid Social,Paid - Retargeting,8.28,850,18
2024-01-22,Paid Social,Paid - Retargeting,11.49,1339,26
2024-01-23,Paid Social,Paid - Retargeting,11.49,1073,27
2024-01-24,Paid Social,Paid - Retargeting,11.49,969,28
2024-01-25,Paid Social,Paid - Retargeting,11.49,780,26
2024-01-26,Paid Social,Paid - Retargeting,11.49,1430,27
2024-01-27,Paid Social,Paid - Retargeting,8.28,1120,20
2024-01-28,Paid Social,Paid - Retargeting,8.28,1216,20
2024-01-29,Paid Social,Paid - Retargeting,11.49,2073,29
2024-01-30,Paid Social,Paid - Retargeting,11.49,1586,29
2024-01-31,Paid Social,Paid - Retargeting,11.49,748,26
2024-01-01,Paid Social,Paid - Creator,17.14,2791,42
2024-01-02,Paid Social,Paid - Creator,17.14,1989,41
2024-01-03,Paid Social,Paid - Creator,17.14,2109,39
2024-01-04,Paid Social,Paid - Creator,17.14,1310,39
2024-01-05,Paid Social,Paid - Creator,17.14,2017,41
2024-01-06,Paid Social,Paid - Creator,12.34,1103,29
2024-01-07,Paid Social,Paid - Creator,12.34,996,30
2024-01-08,Paid Social,Paid - Creator,17.14,2217,44
2024-01-09,Paid Social,Paid - Creator,17.14,1283,39
2024-01-10,Paid Social,Paid - Creator,17.14,2056,40
2024-01-11,Paid Social,Paid - Creator,17.14,2125,38
2024-01-12,Paid Social,Paid - Creator,17.14,2872,44
2024-01-13,Paid Social,Paid - Creator,12.34,1887,27
2024-01-14,Paid Social,Paid - Creator,12.34,1668,28
2024-01-15,Paid Social,Paid - Creator,17.14,1611,42
2024-01-16,Paid Social,Paid - Creator,17.14,2104,38
2024-01-17,Paid Social,Paid - Creator,17.14,2398,38
2024-01-18,Paid Social,Paid - Creator,17.14,2216,40
2024-01-19,Paid Social,Paid - Creator,17.14,2747,39
2024-01-20,Paid Social,Paid - Creator,12.34,1302,27
2024-01-21,Paid Social,Paid - Creator,12.34,1270,31
2024-01-22,Paid Social,Paid - Creator,17.14,2501,44
2024-01-23,Paid Social,Paid - Creator,17.14,1432,39
2024-01-24,Paid Social,Paid - Creator,17.14,2421,41
2024-01-25,Paid Social,Paid - Creator,17.14,1516,38
2024-01-26,Paid Social,Paid - Creator,17.14,2191,40
2024-01-27,Paid Social,Paid - Creator,12.34,2135,31
2024-01-28,Paid Social,Paid - Creator,12.34,1266,30
2024-01-29,Paid Social,Paid - Creator,17.14,1801,43
2024-01-30,Paid Social,Paid - Creator,17.14,2883,40
2024-01-31,Paid Social,Paid - Creator,17.14,1746,44
2024-01-01,Affiliate,Affiliate - Cashback,14.36,1624,22
2024-01-02,Affiliate,Affiliate - Cashback,14.36,1639,23
2024-01-03,Affiliate,Affiliate - Cashback,14.36,1257,21
2024-01-04,Affiliate,Affiliate - Cashback,14.36,1396,21
2024-01-05,Affiliate,Affiliate - Cashback,14.36,1346,21
2024-01-06,Affiliate,Affiliate - Cashback,10.34,960,14
2024-01-07,Affiliate,Affiliate - Cashback,10.34,1127,16
2024-01-08,Affiliate,Affiliate - Cashback,14.36,861,19
2024-01-09,Affiliate,Affiliate - Cashback,14.36,1444,22
2024-01-10,Affiliate,Affiliate - Cashback,14.36,672,22
2024-01-11,Affiliate,Affiliate - Cashback,14.36,1234,21
2024-01-12,Affiliate,Affiliate - Cashback,14.36,642,20
2024-01-13,Affiliate,Affiliate - Cashback,10.34,563,16
2024-01-14,Affiliate,Affiliate - Cashback,10.34,519,14
2024-01-15,Affiliate,Affiliate - Cashback,14.36,1007,23
2024-01-16,Affiliate,Affiliate - Cashback,14.36,771,19
2024-01-17,Affiliate,Affiliate - Cashback,14.36,749,22
2024-01-18,Affiliate,Affiliate - Cashback,14.36,1249,22
2024-01-19,Affiliate,Affiliate - Cashback,14.36,1072,20
2024-01-20,Affiliate,Affiliate - Cashback,10.34,775,16
2024-01-21,Affiliate,Affiliate - Cashback,10.34,849,15
2024-01-22,Affiliate,Affiliate - Cashback,14.36,1557,22
2024-01-23,Affiliate,Affiliate - Cashback,14.36,574,19
2024-01-24,Affiliate,Affiliate - Cashback,14.36,1234,19
2024-01-25,Affiliate,Affiliate - Cashback,14.36,660,20
2024-01-26,Affiliate,Affiliate - Cashback,14.36,782,21
2024-01-27,Affiliate,Affiliate - Cashback,10.34,1046,16
2024-01-28,Affiliate,Affiliate - Cashback,10.34,899,15
2024-01-29,Affiliate,Affiliate - Cashback,14.36,1440,20
2024-01-30,Affiliate,Affiliate - Cashback,14.36,1112,22
2024-01-31,Affiliate,Affiliate - Cashback,14.36,673,19
2024-01-01,Affiliate,Affiliate - Content,21.26,1647,31
2024-01-02,Affiliate,Affiliate - Content,21.26,945,32
2024-01-03,Affiliate,Affiliate - Content,21.26,1894,32
2024-01-04,Affiliate,Affiliate - Content,21.26,1595,30
2024-01-05,Affiliate,Affiliate - Content,21.26,1857,32
2024-01-06,Affiliate,Affiliate - Content,15.31,1451,21
2024-01-07,Affiliate,Affiliate - Content,15.31,1480,24
2024-01-08,Affiliate,Affiliate - Content,21.26,1449,29
2024-01-09,Affiliate,Affiliate - Content,21.26,1806,33
2024-01-10,Affiliate,Affiliate - Content,21.26,1606,34
2024-01-11,Affiliate,Affiliate - Content,21.26,1971,29
2024-01-12,Affiliate,Affiliate - Content,21.26,2100,32
2024-01-13,Affiliate,Affiliate - Content,15.31,725,22
2024-01-14,Affiliate,Affiliate - Content,15.31,690,23
2024-01-15,Affiliate,Affiliate - Content,21.26,964,32
2024-01-16,Affiliate,Affiliate - Content,21.26,2302,32
2024-01-17,Affiliate,Affiliate - Content,21.26,944,33
2024-01-18,Affiliate,Affiliate - Content,21.26,948,30
2024-01-19,Affiliate,Affiliate - Content,21.26,1769,29
2024-01-20,Affiliate,Affiliate - Content,15.31,924,23
2024-01-21,Affiliate,Affiliate - Content,15.31,1066,21
2024-01-22,Affiliate,Affiliate - Content,21.26,1907,33
2024-01-23,Affiliate,Affiliate - Content,21.26,1814,32
2024-01-24,Affiliate,Affiliate - Content,21.26,2118,30
2024-01-25,Affiliate,Affiliate - Content,21.26,1752,28
2024-01-26,Affiliate,Affiliate - Content,21.26,1498,30
2024-01-27,Affiliate,Affiliate - Content,15.31,1037,21
2024-01-28,Affiliate,Affiliate - Content,15.31,1505,24
2024-01-29,Affiliate,Affiliate - Content,21.26,2245,32
2024-01-30,Affiliate,Affiliate - Content,21.26,962,30
2024-01-31,Affiliate,Affiliate - Content,21.26,1447,32
2024-01-01,Affiliate,Affiliate - Voucher,10.99,946,15
2024-01-02,Affiliate,Affiliate - Voucher,10.99,518,15
2024-01-03,Affiliate,Affiliate - Voucher,10.99,1062,17
2024-01-04,Affiliate,Affiliate - Voucher,10.99,617,15
2024-01-05,Affiliate,Affiliate - Voucher,10.99,667,15
2024-01-06,Affiliate,Affiliate - Voucher,7.91,685,11
2024-01-07,Affiliate,Affiliate - Voucher,7.91,512,11
2024-01-08,Affiliate,Affiliate - Voucher,10.99,668,14
2024-01-09,Affiliate,Affiliate - Voucher,10.99,1013,15
2024-01-10,Affiliate,Affiliate - Voucher,10.99,514,16
2024-01-11,Affiliate,Affiliate - Voucher,10.99,989,14
2024-01-12,Affiliate,Affiliate - Voucher,10.99,526,15
2024-01-13,Affiliate,Affiliate - Voucher,7.91,429,12
2024-01-14,Affiliate,Affiliate - Voucher,7.91,359,12
2024-01-15,Affiliate,Affiliate - Voucher,10.99,1002,15
2024-01-16,Affiliate,Affiliate - Voucher,10.99,541,15
2024-01-17,Affiliate,Affiliate - Voucher,10.99,937,17
2024-01-18,Affiliate,Affiliate - Voucher,10.99,537,16
2024-01-19,Affiliate,Affiliate - Voucher,10.99,463,14
2024-01-20,Affiliate,Affiliate - Voucher,7.91,760,12
2024-01-21,Affiliate,Affiliate - Voucher,7.91,768,11
2024-01-22,Affiliate,Affiliate - Voucher,10.99,666,16
2024-01-23,Affiliate,Affiliate - Voucher,10.99,1102,15
2024-01-24,Affiliate,Affiliate - Voucher,10.99,703,14
2024-01-25,Affiliate,Affiliate - Voucher,10.99,619,16
2024-01-26,Affiliate,Affiliate - Voucher,10.99,582,17
2024-01-27,Affiliate,Affiliate - Voucher,7.91,667,11
2024-01-28,Affiliate,Affiliate - Voucher,7.91,621,10
2024-01-29,Affiliate,Affiliate - Voucher,10.99,616,15
2024-01-30,Affiliate,Affiliate - Voucher,10.99,587,14
2024-01-31,Affiliate,Affiliate - Voucher,10.99,864,15
2024-01-01,Email & CRM,Email - Lifecycle,1.59,762,12
2024-01-02,Email & CRM,Email - Lifecycle,1.59,795,13
2024-01-03,Email & CRM,Email - Lifecycle,1.59,616,13
2024-01-04,Email & CRM,Email - Lifecycle,1.59,652,14
2024-01-05,Email & CRM,Email - Lifecycle,1.59,716,12
2024-01-06,Email & CRM,Email - Lifecycle,1.15,322,10
2024-01-07,Email & CRM,Email - Lifecycle,1.15,270,9
2024-01-08,Email & CRM,Email - Lifecycle,1.59,574,12
2024-01-09,Email & CRM,Email - Lifecycle,1.59,418,13
2024-01-10,Email & CRM,Email - Lifecycle,1.59,853,12
2024-01-11,Email & CRM,Email - Lifecycle,1.59,468,14
2024-01-12,Email & CRM,Email - Lifecycle,1.59,824,12
2024-01-13,Email & CRM,Email - Lifecycle,1.15,422,8
2024-01-14,Email & CRM,Email - Lifecycle,1.15,467,8
2024-01-15,Email & CRM,Email - Lifecycle,1.59,471,13
2024-01-16,Email & CRM,Email - Lifecycle,1.59,429,12
2024-01-17,Email & CRM,Email - Lifecycle,1.59,916,13
2024-01-18,Email & CRM,Email - Lifecycle,1.59,711,12
2024-01-19,Email & CRM,Email - Lifecycle,1.59,562,12
2024-01-20,Email & CRM,Email - Lifecycle,1.15,499,9
2024-01-21,Email & CRM,Email - Lifecycle,1.15,658,10
2024-01-22,Email & CRM,Email - Lifecycle,1.59,568,12
2024-01-23,Email & CRM,Email - Lifecycle,1.59,719,12
2024-01-24,Email & CRM,Email - Lifecycle,1.59,672,14
2024-01-25,Email & CRM,Email - Lifecycle,1.59,619,12
2024-01-26,Email & CRM,Email - Lifecycle,1.59,401,12
2024-01-27,Email & CRM,Email - Lifecycle,1.15,290,8
2024-01-28,Email & CRM,Email - Lifecycle,1.15,262,9
2024-01-29,Email & CRM,Email - Lifecycle,1.59,925,13
2024-01-30,Email & CRM,Email - Lifecycle,1.59,569,13
2024-01-31,Email & CRM,Email - Lifecycle,1.59,582,12
2024-01-01,Email & CRM,Email - Winback,1.38,328,10
2024-01-02,Email & CRM,Email - Winback,1.38,433,11
2024-01-03,Email & CRM,Email - Winback,1.38,538,10
2024-01-04,Email & CRM,Email - Winback,1.38,480,11
2024-01-05,Email & CRM,Email - Winback,1.38,548,11
2024-01-06,Email & CRM,Email - Winback,0.99,400,8
2024-01-07,Email & CRM,Email - Winback,0.99,478,8
2024-01-08,Email & CRM,Email - Winback,1.38,328,11
2024-01-09,Email & CRM,Email - Winback,1.38,702,10
2024-01-10,Email & CRM,Email - Winback,1.38,449,11
2024-01-11,Email & CRM,Email - Winback,1.38,516,11
2024-01-12,Email & CRM,Email - Winback,1.38,589,12
2024-01-13,Email & CRM,Email - Winback,0.99,519,8
2024-01-14,Email & CRM,Email - Winback,0.99,451,7
2024-01-15,Email & CRM,Email - Winback,1.38,592,10
2024-01-16,Email & CRM,Email - Winback,1.38,786,11
2024-01-17,Email & CRM,Email - Winback,1.38,347,12
2024-01-18,Email & CRM,Email - Winback,1.38,381,11
2024-01-19,Email & CRM,Email - Winback,1.38,393,11
2024-01-20,Email & CRM,Email - Winback,0.99,388,7
2024-01-21,Email & CRM,Email - Winback,0.99,275,7
2024-01-22,Email & CRM,Email - Winback,1.38,511,12
2024-01-23,Email & CRM,Email - Winback,1.38,396,11
2024-01-24,Email & CRM,Email - Winback,1.38,699,10
2024-01-25,Email & CRM,Email - Winback,1.38,511,10
2024-01-26,Email & CRM,Email - Winback,1.38,619,11
2024-01-27,Email & CRM,Email - Winback,0.99,507,8
2024-01-28,Email & CRM,Email - Winback,0.99,241,8
2024-01-29,Email & CRM,Email - Winback,1.38,615,10
2024-01-30,Email & CRM,Email - Winback,1.38,517,12
2024-01-31,Email & CRM,Email - Winback,1.38,362,10
2024-01-01,Marketplace,Marketplace - Sponsored Listings,26.53,2831,52
2024-01-02,Marketplace,Marketplace - Sponsored Listings,26.53,1310,44
2024-01-03,Marketplace,Marketplace - Sponsored Listings,26.53,3020,49
2024-01-04,Marketplace,Marketplace - Sponsored Listings,26.53,1786,51
2024-01-05,Marketplace,Marketplace - Sponsored Listings,26.53,2125,47
2024-01-06,Marketplace,Marketplace - Sponsored Listings,19.10,1992,36
2024-01-07,Marketplace,Marketplace - Sponsored Listings,19.10,1679,35
2024-01-08,Marketplace,Marketplace - Sponsored Listings,26.53,2271,53
2024-01-09,Marketplace,Marketplace - Sponsored Listings,26.53,2580,47
2024-01-10,Marketplace,Marketplace - Sponsored Listings,26.53,1443,45
2024-01-11,Marketplace,Marketplace - Sponsored Listings,26.53,1818,47
2024-01-12,Marketplace,Marketplace - Sponsored Listings,26.53,1915,49
2024-01-13,Marketplace,Marketplace - Sponsored Listings,19.10,1611,36
2024-01-14,Marketplace,Marketplace - Sponsored Listings,19.10,2079,37
2024-01-15,Marketplace,Marketplace - Sponsored Listings,26.53,3839,52
2024-01-16,Marketplace,Marketplace - Sponsored Listings,26.53,1820,46
2024-01-17,Marketplace,Marketplace - Sponsored Listings,26.53,1835,51
2024-01-18,Marketplace,Marketplace - Sponsored Listings,26.53,1636,45
2024-01-19,Marketplace,Marketplace - Sponsored Listings,26.53,1543,43
2024-01-20,Marketplace,Marketplace - Sponsored Listings,19.10,2250,36
2024-01-21,Marketplace,Marketplace - Sponsored Listings,19.10,1199,33
2024-01-22,Marketplace,Marketplace - Sponsored Listings,26.53,1441,50
2024-01-23,Marketplace,Marketplace - Sponsored Listings,26.53,1518,47
2024-01-24,Marketplace,Marketplace - Sponsored Listings,26.53,1723,43
2024-01-25,Marketplace,Marketplace - Sponsored Listings,26.53,2468,44
2024-01-26,Marketplace,Marketplace - Sponsored Listings,26.53,1348,47
2024-01-27,Marketplace,Marketplace - Sponsored Listings,19.10,2390,33
2024-01-28,Marketplace,Marketplace - Sponsored Listings,19.10,1828,35
2024-01-29,Marketplace,Marketplace - Sponsored Listings,26.53,3191,50
2024-01-30,Marketplace,Marketplace - Sponsored Listings,26.53,2690,47
2024-01-31,Marketplace,Marketplace - Sponsored Listings,26.53,2083,52
2024-02-01,Organic Search,Organic - SEO Content,7.03,7669,137
2024-02-02,Organic Search,Organic - SEO Content,7.03,4211,131
2024-02-03,Organic Search,Organic - SEO Content,5.06,4058,94
2024-02-04,Organic Search,Organic - SEO Content,5.06,5111,91
2024-02-05,Organic Search,Organic - SEO Content,7.03,5119,145
2024-02-06,Organic Search,Organic - SEO Content,7.03,7949,146
2024-02-07,Organic Search,Organic - SEO Content,7.03,10578,145
2024-02-08,Organic Search,Organic - SEO Content,7.03,6793,134
2024-02-09,Organic Search,Organic - SEO Content,7.03,7700,137
2024-02-10,Organic Search,Organic - SEO Content,5.06,6522,96
2024-02-11,Organic Search,Organic - SEO Content,5.06,7040,102
2024-02-12,Organic Search,Organic - SEO Content,7.03,5311,152
2024-02-13,Organic Search,Organic - SEO Content,7.03,5554,130
2024-02-14,Organic Search,Organic - SEO Content,7.03,4891,138
2024-02-15,Organic Search,Organic - SEO Content,7.03,6156,127
2024-02-16,Organic Search,Organic - SEO Content,7.03,7385,143
2024-02-17,Organic Search,Organic - SEO Content,5.06,6369,98
2024-02-18,Organic Search,Organic - SEO Content,5.06,2859,101
2024-02-19,Organic Search,Organic - SEO Content,7.03,7310,134
2024-02-20,Organic Search,Organic - SEO Content,7.03,4791,129
2024-02-21,Organic Search,Organic - SEO Content,7.03,4167,143
2024-02-22,Organic Search,Organic - SEO Content,7.03,8261,144
2024-02-23,Organic Search,Organic - SEO Content,7.03,7372,133
2024-02-24,Organic Search,Organic - SEO Content,5.06,4018,101
2024-02-25,Organic Search,Organic - SEO Content,5.06,4008,102
2024-02-26,Organic Search,Organic - SEO Content,7.03,4724,144
2024-02-27,Organic Search,Organic - SEO Content,7.03,5484,135
2024-02-28,Organic Search,Organic - SEO Content,7.03,4659,140
2024-02-29,Organic Search,Organic - SEO Content,7.03,9566,151
2024-02-01,Paid Search,Paid - Brand,18.99,586,20
2024-02-02,Paid Search,Paid - Brand,18.99,597,20
2024-02-03,Paid Search,Paid - Brand,13.67,708,14
2024-02-04,Paid Search,Paid - Brand,13.67,882,15
2024-02-05,Paid Search,Paid - Brand,18.99,980,21
2024-02-06,Paid Search,Paid - Brand,18.99,960,20
2024-02-07,Paid Search,Paid - Brand,18.99,1074,21
2024-02-08,Paid Search,Paid - Brand,18.99,1137,18
2024-02-09,Paid Search,Paid - Brand,18.99,1464,21
2024-02-10,Paid Search,Paid - Brand,13.67,997,15
2024-02-11,Paid Search,Paid - Brand,13.67,557,13
2024-02-12,Paid Search,Paid - Brand,18.99,1287,18
2024-02-13,Paid Search,Paid - Brand,18.99,1329,20
2024-02-14,Paid Search,Paid - Brand,18.99,996,21
2024-02-15,Paid Search,Paid - Brand,18.99,1116,21
2024-02-16,Paid Search,Paid - Brand,18.99,1195,19
2024-02-17,Paid Search,Paid - Brand,13.67,476,13
2024-02-18,Paid Search,Paid - Brand,13.67,391,13
2024-02-19,Paid Search,Paid - Brand,18.99,1422,21
2024-02-20,Paid Search,Paid - Brand,18.99,935,20
2024-02-21,Paid Search,Paid - Brand,18.99,1344,21
2024-02-22,Paid Search,Paid - Brand,18.99,1056,20
2024-02-23,Paid Search,Paid - Brand,18.99,1267,21
2024-02-24,Paid Search,Paid - Brand,13.67,819,14
2024-02-25,Paid Search,Paid - Brand,13.67,1030,15
2024-02-26,Paid Search,Paid - Brand,18.99,753,20
2024-02-27,Paid Search,Paid - Brand,18.99,1086,20
2024-02-28,Paid Search,Paid - Brand,18.99,1301,20
2024-02-29,Paid Search,Paid - Brand,18.99,1317,20
2024-02-01,Paid Search,Paid - Generic,15.26,582,14
2024-02-02,Paid Search,Paid - Generic,15.26,1129,16
2024-02-03,Paid Search,Paid - Generic,10.99,501,10
2024-02-04,Paid Search,Paid - Generic,10.99,338,11
2024-02-05,Paid Search,Paid - Generic,15.26,1057,16
2024-02-06,Paid Search,Paid - Generic,15.26,1132,16
2024-02-07,Paid Search,Paid - Generic,15.26,532,17
2024-02-08,Paid Search,Paid - Generic,15.26,1055,17
2024-02-09,Paid Search,Paid - Generic,15.26,490,17
2024-02-10,Paid Search,Paid - Generic,10.99,316,10
2024-02-11,Paid Search,Paid - Generic,10.99,476,11
2024-02-12,Paid Search,Paid - Generic,15.26,715,15
2024-02-13,Paid Search,Paid - Generic,15.26,1189,17
2024-02-14,Paid Search,Paid - Generic,15.26,972,14
2024-02-15,Paid Search,Paid - Generic,15.26,635,17
2024-02-16,Paid Search,Paid - Generic,15.26,860,14
2024-02-17,Paid Search,Paid - Generic,10.99,646,12
2024-02-18,Paid Search,Paid - Generic,10.99,586,10
2024-02-19,Paid Search,Paid - Generic,15.26,967,16
2024-02-20,Paid Search,Paid - Generic,15.26,689,16
2024-02-21,Paid Search,Paid - Generic,15.26,1075,17
2024-02-22,Paid Search,Paid - Generic,15.26,502,15
2024-02-23,Paid Search,Paid - Generic,15.26,602,16
2024-02-24,Paid Search,Paid - Generic,10.99,428,12
2024-02-25,Paid Search,Paid - Generic,10.99,353,12
2024-02-26,Paid Search,Paid - Generic,15.26,830,15
2024-02-27,Paid Search,Paid - Generic,15.26,775,17
2024-02-28,Paid Search,Paid - Generic,15.26,737,17
2024-02-29,Paid Search,Paid - Generic,15.26,1129,17
2024-02-01,Paid Search,Paid - Shopping,13.63,498,14
2024-02-02,Paid Search,Paid - Shopping,13.63,832,13
2024-02-03,Paid Search,Paid - Shopping,9.81,564,10
2024-02-04,Paid Search,Paid - Shopping,9.81,525,10
2024-02-05,Paid Search,Paid - Shopping,13.63,834,15
2024-02-06,Paid Search,Paid - Shopping,13.63,714,14
2024-02-07,Paid Search,Paid - Shopping,13.63,478,15
2024-02-08,Paid Search,Paid - Shopping,13.63,872,13
2024-02-09,Paid Search,Paid - Shopping,13.63,902,15
2024-02-10,Paid Search,Paid - Shopping,9.81,445,9
2024-02-11,Paid Search,Paid - Shopping,9.81,311,10
2024-02-12,Paid Search,Paid - Shopping,13.63,950,15
2024-02-13,Paid Search,Paid - Shopping,13.63,631,14
2024-02-14,Paid Search,Paid - Shopping,13.63,762,13
2024-02-15,Paid Search,Paid - Shopping,13.63,427,15
2024-02-16,Paid Search,Paid - Shopping,13.63,553,14
2024-02-17,Paid Search,Paid - Shopping,9.81,362,9
2024-02-18,Paid Search,Paid - Shopping,9.81,533,10
2024-02-19,Paid Search,Paid - Shopping,13.63,654,14
2024-02-20,Paid Search,Paid - Shopping,13.63,437,15
2024-02-21,Paid Search,Paid - Shopping,13.63,1072,15
2024-02-22,Paid Search,Paid - Shopping,13.63,624,13
2024-02-23,Paid Search,Paid - Shopping,13.63,679,15
2024-02-24,Paid Search,Paid - Shopping,9.81,431,9
2024-02-25,Paid Search,Paid - Shopping,9.81,635,10
2024-02-26,Paid Search,Paid - Shopping,13.63,852,13
2024-02-27,Paid Search,Paid - Shopping,13.63,636,15
2024-02-28,Paid Search,Paid - Shopping,13.63,781,13
2024-02-29,Paid Search,Paid - Shopping,13.63,1033,15
2024-02-01,Paid Social,Paid - Prospecting,10.42,1625,25
2024-02-02,Paid Social,Paid - Prospecting,10.42,1075,23
2024-02-03,Paid Social,Paid - Prospecting,7.50,750,18
2024-02-04,Paid Social,Paid - Prospecting,7.50,1019,18
2024-02-05,Paid Social,Paid - Prospecting,10.42,1419,22
2024-02-06,Paid Social,Paid - Prospecting,10.42,773,25
2024-02-07,Paid Social,Paid - Prospecting,10.42,1600,23
2024-02-08,Paid Social,Paid - Prospecting,10.42,1099,25
2024-02-09,Paid Social,Paid - Prospecting,10.42,930,26
2024-02-10,Paid Social,Paid - Prospecting,7.50,561,16
2024-02-11,Paid Social,Paid - Prospecting,7.50,730,16
2024-02-12,Paid Social,Paid - Prospecting,10.42,1482,25
2024-02-13,Paid Social,Paid - Prospecting,10.42,1232,22
2024-02-14,Paid Social,Paid - Prospecting,10.42,1045,22
2024-02-15,Paid Social,Paid - Prospecting,10.42,1055,24
2024-02-16,Paid Social,Paid - Prospecting,10.42,1646,23
2024-02-17,Paid Social,Paid - Prospecting,7.50,812,16
2024-02-18,Paid Social,Paid - Prospecting,7.50,642,19
2024-02-19,Paid Social,Paid - Prospecting,10.42,1020,24
2024-02-20,Paid Social,Paid - Prospecting,10.42,1287,23
2024-02-21,Paid Social,Paid - Prospecting,10.42,946,22
2024-02-22,Paid Social,Paid - Prospecting,10.42,1312,22
2024-02-23,Paid Social,Paid - Prospecting,10.42,1336,25
2024-02-24,Paid Social,Paid - Prospecting,7.50,1086,17
2024-02-25,Paid Social,Paid - Prospecting,7.50,750,18
2024-02-26,Paid Social,Paid - Prospecting,10.42,1586,25
2024-02-27,Paid Social,Paid - Prospecting,10.42,1510,26
2024-02-28,Paid Social,Paid - Prospecting,10.42,1263,23
2024-02-29,Paid Social,Paid - Prospecting,10.42,1180,27
2024-02-01,Paid Social,Paid - Retargeting,10.61,1030,23
2024-02-02,Paid Social,Paid - Retargeting,10.61,1733,26
2024-02-03,Paid Social,Paid - Retargeting,7.64,482,16
2024-02-04,Paid Social,Paid - Retargeting,7.64,1196,17
2024-02-05,Paid Social,Paid - Retargeting,10.61,1485,23
2024-02-06,Paid Social,Paid - Retargeting,10.61,1381,26
2024-02-07,Paid Social,Paid - Retargeting,10.61,1552,27
2024-02-08,Paid Social,Paid - Retargeting,10.61,1632,23
2024-02-09,Paid Social,Paid - Retargeting,10.61,1486,26
2024-02-10,Paid Social,Paid - Retargeting,7.64,548,16
2024-02-11,Paid Social,Paid - Retargeting,7.64,1192,18
2024-02-12,Paid Social,Paid - Retargeting,10.61,1270,24
2024-02-13,Paid Social,Paid - Retargeting,10.61,919,25
2024-02-14,Paid Social,Paid - Retargeting,10.61,1028,22
2024-02-15,Paid Social,Paid - Retargeting,10.61,967,24
2024-02-16,Paid Social,Paid - Retargeting,10.61,877,24
2024-02-17,Paid Social,Paid - Retargeting,7.64,632,17
2024-02-18,Paid Social,Paid - Retargeting,7.64,1399,19
2024-02-19,Paid Social,Paid - Retargeting,10.61,1424,24
2024-02-20,Paid Social,Paid - Retargeting,10.61,1641,27
2024-02-21,Paid Social,Paid - Retargeting,10.61,1215,23
2024-02-22,Paid Social,Paid - Retargeting,10.61,864,27
2024-02-23,Paid Social,Paid - Retargeting,10.61,1841,25
2024-02-24,Paid Social,Paid - Retargeting,7.64,975,17
2024-02-25,Paid Social,Paid - Retargeting,7.64,451,16
2024-02-26,Paid Social,Paid - Retargeting,10.61,1638,25
2024-02-27,Paid Social,Paid - Retargeting,10.61,1251,26
2024-02-28,Paid Social,Paid - Retargeting,10.61,1594,22
2024-02-29,Paid Social,Paid - Retargeting,10.61,1061,27
2024-02-01,Paid Social,Paid - Creator,12.00,1933,31
2024-02-02,Paid Social,Paid - Creator,12.00,1677,29
2024-02-03,Paid Social,Paid - Creator,8.64,1329,19
2024-02-04,Paid Social,Paid - Creator,8.64,997,18
2024-02-05,Paid Social,Paid - Creator,12.00,1619,27
2024-02-06,Paid Social,Paid - Creator,12.00,1694,27
2024-02-07,Paid Social,Paid - Creator,12.00,846,27
2024-02-08,Paid Social,Paid - Creator,12.00,1508,31
2024-02-09,Paid Social,Paid - Creator,12.00,1847,29
2024-02-10,Paid Social,Paid - Creator,8.64,784,19
2024-02-11,Paid Social,Paid - Creator,8.64,1336,19
2024-02-12,Paid Social,Paid - Creator,12.00,2011,29
2024-02-13,Paid Social,Paid - Creator,12.00,1233,26
2024-02-14,Paid Social,Paid - Creator,12.00,1302,26
2024-02-15,Paid Social,Paid - Creator,12.00,1473,30
2024-02-16,Paid Social,Paid - Creator,12.00,2035,29
2024-02-17,Paid Social,Paid - Creator,8.64,841,22
2024-02-18,Paid Social,Paid - Creator,8.64,972,22
2024-02-19,Paid Social,Paid - Creator,12.00,1280,26
2024-02-20,Paid Social,Paid - Creator,12.00,1363,26
2024-02-21,Paid Social,Paid - Creator,12.00,1905,28
2024-02-22,Paid Social,Paid - Creator,12.00,1051,29
2024-02-23,Paid Social,Paid - Creator,12.00,1419,29
2024-02-24,Paid Social,Paid - Creator,8.64,977,22
2024-02-25,Paid Social,Paid - Creator,8.64,1102,19
2024-02-26,Paid Social,Paid - Creator,12.00,1938,29
2024-02-27,Paid Social,Paid - Creator,12.00,947,29
2024-02-28,Paid Social,Paid - Creator,12.00,1283,26
2024-02-29,Paid Social,Paid - Creator,12.00,1522,29
2024-02-01,Affiliate,Affiliate - Cashback,21.59,1667,34
2024-02-02,Affiliate,Affiliate - Cashback,21.59,1532,33
2024-02-03,Affiliate,Affiliate - Cashback,15.55,1064,21
2024-02-04,Affiliate,Affiliate - Cashback,15.55,818,22
2024-02-05,Affiliate,Affiliate - Cashback,21.59,1737,34
2024-02-06,Affiliate,Affiliate - Cashback,21.59,959,29
2024-02-07,Affiliate,Affiliate - Cashback,21.59,971,34
2024-02-08,Affiliate,Affiliate - Cashback,21.59,1582,33
2024-02-09,Affiliate,Affiliate - Cashback,21.59,1074,30
2024-02-10,Affiliate,Affiliate - Cashback,15.55,854,22
2024-02-11,Affiliate,Affiliate - Cashback,15.55,906,22
2024-02-12,Affiliate,Affiliate - Cashback,21.59,2076,33
2024-02-13,Affiliate,Affiliate - Cashback,21.59,1829,29
2024-02-14,Affiliate,Affiliate - Cashback,21.59,1101,29
2024-02-15,Affiliate,Affiliate - Cashback,21.59,2451,34
2024-02-16,Affiliate,Affiliate - Cashback,21.59,2258,34
2024-02-17,Affiliate,Affiliate - Cashback,15.55,697,21
2024-02-18,Affiliate,Affiliate - Cashback,15.55,928,23
2024-02-19,Affiliate,Affiliate - Cashback,21.59,1104,29
2024-02-20,Affiliate,Affiliate - Cashback,21.59,2489,34
2024-02-21,Affiliate,Affiliate - Cashback,21.59,905,29
2024-02-22,Affiliate,Affiliate - Cashback,21.59,1276,28
2024-02-23,Affiliate,Affiliate - Cashback,21.59,1455,33
2024-02-24,Affiliate,Affiliate - Cashback,15.55,1511,21
2024-02-25,Affiliate,Affiliate - Cashback,15.55,689,20
2024-02-26,Affiliate,Affiliate - Cashback,21.59,1299,29
2024-02-27,Affiliate,Affiliate - Cashback,21.59,1158,34
2024-02-28,Affiliate,Affiliate - Cashback,21.59,974,30
2024-02-29,Affiliate,Affiliate - Cashback,21.59,2131,32
2024-02-01,Affiliate,Affiliate - Content,16.19,967,22
2024-02-02,Affiliate,Affiliate - Content,16.19,1478,24
2024-02-03,Affiliate,Affiliate - Content,11.66,803,17
2024-02-04,Affiliate,Affiliate - Content,11.66,721,18
2024-02-05,Affiliate,Affiliate - Content,16.19,954,26
2024-02-06,Affiliate,Affiliate - Content,16.19,740,23
2024-02-07,Affiliate,Affiliate - Content,16.19,1475,25
2024-02-08,Affiliate,Affiliate - Content,16.19,735,26
2024-02-09,Affiliate,Affiliate - Content,16.19,1554,26
2024-02-10,Affiliate,Affiliate - Content,11.66,980,16
2024-02-11,Affiliate,Affiliate - Content,11.66,1075,17
2024-02-12,Affiliate,Affiliate - Content,16.19,1030,25
2024-02-13,Affiliate,Affiliate - Content,16.19,1537,21
2024-02-14,Affiliate,Affiliate - Content,16.19,745,22
2024-02-15,Affiliate,Affiliate - Content,16.19,1086,23
2024-02-16,Affiliate,Affiliate - Content,16.19,799,21
2024-02-17,Affiliate,Affiliate - Content,11.66,1263,18
2024-02-18,Affiliate,Affiliate - Content,11.66,730,15
2024-02-19,Affiliate,Affiliate - Content,16.19,1573,25
2024-02-20,Affiliate,Affiliate - Content,16.19,1018,23
2024-02-21,Affiliate,Affiliate - Content,16.19,1730,26
2024-02-22,Affiliate,Affiliate - Content,16.19,833,25
2024-02-23,Affiliate,Affiliate - Content,16.19,1284,22
2024-02-24,Affiliate,Affiliate - Content,11.66,968,18
2024-02-25,Affiliate,Affiliate - Content,11.66,895,15
2024-02-26,Affiliate,Affiliate - Content,16.19,863,24
2024-02-27,Affiliate,Affiliate - Content,16.19,632,22
2024-02-28,Affiliate,Affiliate - Content,16.19,737,24
2024-02-29,Affiliate,Affiliate - Content,16.19,1630,24
2024-02-01,Affiliate,Affiliate - Voucher,18.83,1053,30
2024-02-02,Affiliate,Affiliate - Voucher,18.83,1591,26
2024-02-03,Affiliate,Affiliate - Voucher,13.56,1263,21
2024-02-04,Affiliate,Affiliate - Voucher,13.56,1026,18
2024-02-05,Affiliate,Affiliate - Voucher,18.83,1027,27
2024-02-06,Affiliate,Affiliate - Voucher,18.83,1151,26
2024-02-07,Affiliate,Affiliate - Voucher,18.83,1857,27
2024-02-08,Affiliate,Affiliate - Voucher,18.83,1706,26
2024-02-09,Affiliate,Affiliate - Voucher,18.83,1027,28
2024-02-10,Affiliate,Affiliate - Voucher,13.56,709,19
2024-02-11,Affiliate,Affiliate - Voucher,13.56,786,20
2024-02-12,Affiliate,Affiliate - Voucher,18.83,1812,30
2024-02-13,Affiliate,Affiliate - Voucher,18.83,1613,27
2024-02-14,Affiliate,Affiliate - Voucher,18.83,1346,29
2024-02-15,Affiliate,Affiliate - Voucher,18.83,1476,26
2024-02-16,Affiliate,Affiliate - Voucher,18.83,883,27
2024-02-17,Affiliate,Affiliate - Voucher,13.56,993,21
2024-02-18,Affiliate,Affiliate - Voucher,13.56,950,18
2024-02-19,Affiliate,Affiliate - Voucher,18.83,1758,25
2024-02-20,Affiliate,Affiliate - Voucher,18.83,937,25
2024-02-21,Affiliate,Affiliate - Voucher,18.83,1563,27
2024-02-22,Affiliate,Affiliate - Voucher,18.83,1251,26
2024-02-23,Affiliate,Affiliate - Voucher,18.83,1238,25
2024-02-24,Affiliate,Affiliate - Voucher,13.56,1328,21
2024-02-25,Affiliate,Affiliate - Voucher,13.56,756,21
2024-02-26,Affiliate,Affiliate - Voucher,18.83,1339,27
2024-02-27,Affiliate,Affiliate - Voucher,18.83,815,25
2024-02-28,Affiliate,Affiliate - Voucher,18.83,1059,26
2024-02-29,Affiliate,Affiliate - Voucher,18.83,1530,26
2024-02-01,Email & CRM,Email - Lifecycle,1.75,487,15
2024-02-02,Email & CRM,Email - Lifecycle,1.75,592,13
2024-02-03,Email & CRM,Email - Lifecycle,1.26,472,10
2024-02-04,Email & CRM,Email - Lifecycle,1.26,283,9
2024-02-05,Email & CRM,Email - Lifecycle,1.75,973,15
2024-02-06,Email & CRM,Email - Lifecycle,1.75,985,14
2024-02-07,Email & CRM,Email - Lifecycle,1.75,977,14
2024-02-08,Email & CRM,Email - Lifecycle,1.75,766,14
2024-02-09,Email & CRM,Email - Lifecycle,1.75,717,13
2024-02-10,Email & CRM,Email - Lifecycle,1.26,646,11
2024-02-11,Email & CRM,Email - Lifecycle,1.26,473,10
2024-02-12,Email & CRM,Email - Lifecycle,1.75,559,14
2024-02-13,Email & CRM,Email - Lifecycle,1.75,399,13
2024-02-14,Email & CRM,Email - Lifecycle,1.75,652,14
2024-02-15,Email & CRM,Email - Lifecycle,1.75,1070,15
2024-02-16,Email & CRM,Email - Lifecycle,1.75,496,15
2024-02-17,Email & CRM,Email - Lifecycle,1.26,304,9
2024-02-18,Email & CRM,Email - Lifecycle,1.26,324,10
2024-02-19,Email & CRM,Email - Lifecycle,1.75,530,14
2024-02-20,Email & CRM,Email - Lifecycle,1.75,769,15
2024-02-21,Email & CRM,Email - Lifecycle,1.75,939,13
2024-02-22,Email & CRM,Email - Lifecycle,1.75,1036,15
2024-02-23,Email & CRM,Email - Lifecycle,1.75,942,14
2024-02-24,Email & CRM,Email - Lifecycle,1.26,517,10
2024-02-25,Email & CRM,Email - Lifecycle,1.26,641,10
2024-02-26,Email & CRM,Email - Lifecycle,1.75,473,15
2024-02-27,Email & CRM,Email - Lifecycle,1.75,724,15
2024-02-28,Email & CRM,Email - Lifecycle,1.75,1047,15
2024-02-29,Email & CRM,Email - Lifecycle,1.75,500,15
2024-02-01,Email & CRM,Email - Winback,2.62,1695,23
2024-02-02,Email & CRM,Email - Winback,2.62,1124,21
2024-02-03,Email & CRM,Email - Winback,1.88,778,14
2024-02-04,Email & CRM,Email - Winback,1.88,429,14
2024-02-05,Email & CRM,Email - Winback,2.62,1309,22
2024-02-06,Email & CRM,Email - Winback,2.62,1055,20
2024-02-07,Email & CRM,Email - Winback,2.62,648,19
2024-02-08,Email & CRM,Email - Winback,2.62,1486,21
2024-02-09,Email & CRM,Email - Winback,2.62,947,22
2024-02-10,Email & CRM,Email - Winback,1.88,423,14
2024-02-11,Email & CRM,Email - Winback,1.88,616,16
2024-02-12,Email & CRM,Email - Winback,2.62,633,19
2024-02-13,Email & CRM,Email - Winback,2.62,907,20
2024-02-14,Email & CRM,Email - Winback,2.62,897,19
2024-02-15,Email & CRM,Email - Winback,2.62,1104,22
2024-02-16,Email & CRM,Email - Winback,2.62,781,21
2024-02-17,Email & CRM,Email - Winback,1.88,781,15
2024-02-18,Email & CRM,Email - Winback,1.88,660,14
2024-02-19,Email & CRM,Email - Winback,2.62,1306,20
2024-02-20,Email & CRM,Email - Winback,2.62,811,20
2024-02-21,Email & CRM,Email - Winback,2.62,1376,20
2024-02-22,Email & CRM,Email - Winback,2.62,868,23
2024-02-23,Email & CRM,Email - Winback,2.62,1104,22
2024-02-24,Email & CRM,Email - Winback,1.88,782,14
2024-02-25,Email & CRM,Email - Winback,1.88,713,15
2024-02-26,Email & CRM,Email - Winback,2.62,1165,20
2024-02-27,Email & CRM,Email - Winback,2.62,836,23
2024-02-28,Email & CRM,Email - Winback,2.62,899,23
2024-02-29,Email & CRM,Email - Winback,2.62,1382,21
2024-02-01,Marketplace,Marketplace - Sponsored Listings,23.67,2354,44
2024-02-02,Marketplace,Marketplace - Sponsored Listings,23.67,2105,46
2024-02-03,Marketplace,Marketplace - Sponsored Listings,17.04,1525,33
2024-02-04,Marketplace,Marketplace - Sponsored Listings,17.04,1654,29
2024-02-05,Marketplace,Marketplace - Sponsored Listings,23.67,1796,43
2024-02-06,Marketplace,Marketplace - Sponsored Listings,23.67,2585,42
2024-02-07,Marketplace,Marketplace - Sponsored Listings,23.67,2790,39
2024-02-08,Marketplace,Marketplace - Sponsored Listings,23.67,2694,42
2024-02-09,Marketplace,Marketplace - Sponsored Listings,23.67,1429,44
2024-02-10,Marketplace,Marketplace - Sponsored Listings,17.04,2356,33
2024-02-11,Marketplace,Marketplace - Sponsored Listings,17.04,2405,33
2024-02-12,Marketplace,Marketplace - Sponsored Listings,23.67,3009,46
2024-02-13,Marketplace,Marketplace - Sponsored Listings,23.67,1360,46
2024-02-14,Marketplace,Marketplace - Sponsored Listings,23.67,3170,45
2024-02-15,Marketplace,Marketplace - Sponsored Listings,23.67,2728,41
2024-02-16,Marketplace,Marketplace - Sponsored Listings,23.67,1651,47
2024-02-17,Marketplace,Marketplace - Sponsored Listings,17.04,1213,31
2024-02-18,Marketplace,Marketplace - Sponsored Listings,17.04,1601,29
2024-02-19,Marketplace,Marketplace - Sponsored Listings,23.67,2891,47
2024-02-20,Marketplace,Marketplace - Sponsored Listings,23.67,2939,45
2024-02-21,Marketplace,Marketplace - Sponsored Listings,23.67,1406,44
2024-02-22,Marketplace,Marketplace - Sponsored Listings,23.67,1763,39
2024-02-23,Marketplace,Marketplace - Sponsored Listings,23.67,3315,46
2024-02-24,Marketplace,Marketplace - Sponsored Listings,17.04,1370,28
2024-02-25,Marketplace,Marketplace - Sponsored Listings,17.04,1106,28
2024-02-26,Marketplace,Marketplace - Sponsored Listings,23.67,2134,46
2024-02-27,Marketplace,Marketplace - Sponsored Listings,23.67,2249,40
2024-02-28,Marketplace,Marketplace - Sponsored Listings,23.67,2254,43
2024-02-29,Marketplace,Marketplace - Sponsored Listings,23.67,1724,44
2024-03-01,Organic Search,Organic - SEO Content,6.51,7820,128
2024-03-02,Organic Search,Organic - SEO Content,4.69,5931,98
2024-03-03,Organic Search,Organic - SEO Content,4.69,6299,94
2024-03-04,Organic Search,Organic - SEO Content,6.51,6746,133
2024-03-05,Organic Search,Organic - SEO Content,6.51,7676,133
2024-03-06,Organic Search,Organic - SEO Content,6.51,7863,120
2024-03-07,Organic Search,Organic - SEO Content,6.51,8468,141
2024-03-08,Organic Search,Organic - SEO Content,6.51,5435,139
2024-03-09,Organic Search,Organic - SEO Content,4.69,4583,88
2024-03-10,Organic Search,Organic - SEO Content,4.69,4199,87
2024-03-11,Organic Search,Organic - SEO Content,6.51,8977,125
2024-03-12,Organic Search,Organic - SEO Content,6.51,5624,136
2024-03-13,Organic Search,Organic - SEO Content,6.51,5397,118
2024-03-14,Organic Search,Organic - SEO Content,6.51,6122,123
2024-03-15,Organic Search,Organic - SEO Content,6.51,4036,136
2024-03-16,Organic Search,Organic - SEO Content,4.69,7006,98
2024-03-17,Organic Search,Organic - SEO Content,4.69,3828,101
2024-03-18,Organic Search,Organic - SEO Content,6.51,5328,135
2024-03-19,Organic Search,Organic - SEO Content,6.51,5501,127
2024-03-20,Organic Search,Organic - SEO Content,6.51,4020,126
2024-03-21,Organic Search,Organic - SEO Content,6.51,5729,118
2024-03-22,Organic Search,Organic - SEO Content,6.51,4600,131
2024-03-23,Organic Search,Organic - SEO Content,4.69,3408,91
2024-03-24,Organic Search,Organic - SEO Content,4.69,4290,92
2024-03-25,Organic Search,Organic - SEO Content,6.51,8982,136
2024-03-26,Organic Search,Organic - SEO Content,6.51,8435,119
2024-03-27,Organic Search,Organic - SEO Content,6.51,9361,128
2024-03-28,Organic Search,Organic - SEO Content,6.51,7237,127
2024-03-29,Organic Search,Organic - SEO Content,6.51,7850,123
2024-03-30,Organic Search,Organic - SEO Content,4.69,6398,101
2024-03-31,Organic Search,Organic - SEO Content,4.69,5359,96
2024-03-01,Paid Search,Paid - Brand,25.88,1585,25
2024-03-02,Paid Search,Paid - Brand,18.64,819,19
2024-03-03,Paid Search,Paid - Brand,18.64,1147,18
2024-03-04,Paid Search,Paid - Brand,25.88,1193,29
2024-03-05,Paid Search,Paid - Brand,25.88,1803,28
2024-03-06,Paid Search,Paid - Brand,25.88,1347,26
2024-03-07,Paid Search,Paid - Brand,25.88,1639,26
2024-03-08,Paid Search,Paid - Brand,25.88,1314,28
2024-03-09,Paid Search,Paid - Brand,18.64,1472,20
2024-03-10,Paid Search,Paid - Brand,18.64,980,21
2024-03-11,Paid Search,Paid - Brand,25.88,1798,26
2024-03-12,Paid Search,Paid - Brand,25.88,2051,28
2024-03-13,Paid Search,Paid - Brand,25.88,1233,27
2024-03-14,Paid Search,Paid - Brand,25.88,1839,25
2024-03-15,Paid Search,Paid - Brand,25.88,1409,27
2024-03-16,Paid Search,Paid - Brand,18.64,1016,20
2024-03-17,Paid Search,Paid - Brand,18.64,1062,21
2024-03-18,Paid Search,Paid - Brand,25.88,857,26
2024-03-19,Paid Search,Paid - Brand,25.88,707,25
2024-03-20,Paid Search,Paid - Brand,25.88,1101,28
2024-03-21,Paid Search,Paid - Brand,25.88,1771,25
2024-03-22,Paid Search,Paid - Brand,25.88,1348,29
2024-03-23,Paid Search,Paid - Brand,18.64,691,21
2024-03-24,Paid Search,Paid - Brand,18.64,1085,18
2024-03-25,Paid Search,Paid - Brand,25.88,1025,29
2024-03-26,Paid Search,Paid - Brand,25.88,1381,29
2024-03-27,Paid Search,Paid - Brand,25.88,1453,27
2024-03-28,Paid Search,Paid - Brand,25.88,1355,28
2024-03-29,Paid Search,Paid - Brand,25.88,2003,29
2024-03-30,Paid Search,Paid - Brand,18.64,740,18
2024-03-31,Paid Search,Paid - Brand,18.64,1187,20
2024-03-01,Paid Search,Paid - Generic,14.28,624,15
2024-03-02,Paid Search,Paid - Generic,10.28,406,11
2024-03-03,Paid Search,Paid - Generic,10.28,649,10
2024-03-04,Paid Search,Paid - Generic,14.28,769,16
2024-03-05,Paid Search,Paid - Generic,14.28,1108,15
2024-03-06,Paid Search,Paid - Generic,14.28,728,14
2024-03-07,Paid Search,Paid - Generic,14.28,623,14
2024-03-08,Paid Search,Paid - Generic,14.28,480,15
2024-03-09,Paid Search,Paid - Generic,10.28,734,10
2024-03-10,Paid Search,Paid - Generic,10.28,381,11
2024-03-11,Paid Search,Paid - Generic,14.28,867,14
2024-03-12,Paid Search,Paid - Generic,14.28,982,14
2024-03-13,Paid Search,Paid - Generic,14.28,745,16
2024-03-14,Paid Search,Paid - Generic,14.28,943,14
2024-03-15,Paid Search,Paid - Generic,14.28,938,16
2024-03-16,Paid Search,Paid - Generic,10.28,497,10
2024-03-17,Paid Search,Paid - Generic,10.28,665,11
2024-03-18,Paid Search,Paid - Generic,14.28,790,14
2024-03-19,Paid Search,Paid - Generic,14.28,507,14
2024-03-20,Paid Search,Paid - Generic,14.28,549,15
2024-03-21,Paid Search,Paid - Generic,14.28,942,14
2024-03-22,Paid Search,Paid - Generic,14.28,977,14
2024-03-23,Paid Search,Paid - Generic,10.28,346,11
2024-03-24,Paid Search,Paid - Generic,10.28,671,10
2024-03-25,Paid Search,Paid - Generic,14.28,1099,15
2024-03-26,Paid Search,Paid - Generic,14.28,843,15
2024-03-27,Paid Search,Paid - Generic,14.28,1010,16
2024-03-28,Paid Search,Paid - Generic,14.28,407,13
2024-03-29,Paid Search,Paid - Generic,14.28,887,15
2024-03-30,Paid Search,Paid - Generic,10.28,589,10
2024-03-31,Paid Search,Paid - Generic,10.28,722,11
2024-03-01,Paid Search,Paid - Shopping,16.83,560,16
2024-03-02,Paid Search,Paid - Shopping,12.12,577,13
2024-03-03,Paid Search,Paid - Shopping,12.12,467,11
2024-03-04,Paid Search,Paid - Shopping,16.83,642,16
2024-03-05,Paid Search,Paid - Shopping,16.83,1180,16
2024-03-06,Paid Search,Paid - Shopping,16.83,760,17
2024-03-07,Paid Search,Paid - Shopping,16.83,1042,17
2024-03-08,Paid Search,Paid - Shopping,16.83,1030,18
2024-03-09,Paid Search,Paid - Shopping,12.12,462,12
2024-03-10,Paid Search,Paid - Shopping,12.12,823,13
2024-03-11,Paid Search,Paid - Shopping,16.83,825,17
2024-03-12,Paid Search,Paid - Shopping,16.83,737,19
2024-03-13,Paid Search,Paid - Shopping,16.83,795,18
2024-03-14,Paid Search,Paid - Shopping,16.83,589,18
2024-03-15,Paid Search,Paid - Shopping,16.83,813,17
2024-03-16,Paid Search,Paid - Shopping,12.12,757,11
2024-03-17,Paid Search,Paid - Shopping,12.12,816,12
2024-03-18,Paid Search,Paid - Shopping,16.83,736,18
2024-03-19,Paid Search,Paid - Shopping,16.83,1222,18
2024-03-20,Paid Search,Paid - Shopping,16.83,1002,18
2024-03-21,Paid Search,Paid - Shopping,16.83,681,16
2024-03-22,Paid Search,Paid - Shopping,16.83,689,18
2024-03-23,Paid Search,Paid - Shopping,12.12,501,12
2024-03-24,Paid Search,Paid - Shopping,12.12,687,11
2024-03-25,Paid Search,Paid - Shopping,16.83,1147,18
2024-03-26,Paid Search,Paid - Shopping,16.83,723,18
2024-03-27,Paid Search,Paid - Shopping,16.83,540,16
2024-03-28,Paid Search,Paid - Shopping,16.83,502,17
2024-03-29,Paid Search,Paid - Shopping,16.83,828,16
2024-03-30,Paid Search,Paid - Shopping,12.12,871,12
2024-03-31,Paid Search,Paid - Shopping,12.12,512,12
2024-03-01,Paid Social,Paid - Prospecting,8.19,645,19
2024-03-02,Paid Social,Paid - Prospecting,5.89,931,15
2024-03-03,Paid Social,Paid - Prospecting,5.89,863,14
2024-03-04,Paid Social,Paid - Prospecting,8.19,904,20
2024-03-05,Paid Social,Paid - Prospecting,8.19,599,19
2024-03-06,Paid Social,Paid - Prospecting,8.19,734,20
2024-03-07,Paid Social,Paid - Prospecting,8.19,841,18
2024-03-08,Paid Social,Paid - Prospecting,8.19,788,20
2024-03-09,Paid Social,Paid - Prospecting,5.89,398,13
2024-03-10,Paid Social,Paid - Prospecting,5.89,751,14
2024-03-11,Paid Social,Paid - Prospecting,8.19,1094,21
2024-03-12,Paid Social,Paid - Prospecting,8.19,1040,18
2024-03-13,Paid Social,Paid - Prospecting,8.19,1100,20
2024-03-14,Paid Social,Paid - Prospecting,8.19,788,20
2024-03-15,Paid Social,Paid - Prospecting,8.19,1129,21
2024-03-16,Paid Social,Paid - Prospecting,5.89,693,14
2024-03-17,Paid Social,Paid - Prospecting,5.89,406,13
2024-03-18,Paid Social,Paid - Prospecting,8.19,1253,18
2024-03-19,Paid Social,Paid - Prospecting,8.19,1191,20
2024-03-20,Paid Social,Paid - Prospecting,8.19,1059,19
2024-03-21,Paid Social,Paid - Prospecting,8.19,754,21
2024-03-22,Paid Social,Paid - Prospecting,8.19,1249,20
2024-03-23,Paid Social,Paid - Prospecting,5.89,494,13
2024-03-24,Paid Social,Paid - Prospecting,5.89,526,15
2024-03-25,Paid Social,Paid - Prospecting,8.19,1083,17
2024-03-26,Paid Social,Paid - Prospecting,8.19,479,17
2024-03-27,Paid Social,Paid - Prospecting,8.19,837,21
2024-03-28,Paid Social,Paid - Prospecting,8.19,1018,18
2024-03-29,Paid Social,Paid - Prospecting,8.19,764,19
2024-03-30,Paid Social,Paid - Prospecting,5.89,991,14
2024-03-31,Paid Social,Paid - Prospecting,5.89,794,15
2024-03-01,Paid Social,Paid - Retargeting,12.14,1539,30
2024-03-02,Paid Social,Paid - Retargeting,8.74,1208,21
2024-03-03,Paid Social,Paid - Retargeting,8.74,755,18
2024-03-04,Paid Social,Paid - Retargeting,12.14,824,27
2024-03-05,Paid Social,Paid - Retargeting,12.14,1880,26
2024-03-06,Paid Social,Paid - Retargeting,12.14,1208,27
2024-03-07,Paid Social,Paid - Retargeting,12.14,802,27
2024-03-08,Paid Social,Paid - Retargeting,12.14,1539,29
2024-03-09,Paid Social,Paid - Retargeting,8.74,554,19
2024-03-10,Paid Social,Paid - Retargeting,8.74,1455,20
2024-03-11,Paid Social,Paid - Retargeting,12.14,1190,28
2024-03-12,Paid Social,Paid - Retargeting,12.14,1335,31
2024-03-13,Paid Social,Paid - Retargeting,12.14,1264,28
2024-03-14,Paid Social,Paid - Retargeting,12.14,1771,30
2024-03-15,Paid Social,Paid - Retargeting,12.14,1855,31
2024-03-16,Paid Social,Paid - Retargeting,8.74,751,22
2024-03-17,Paid Social,Paid - Retargeting,8.74,672,18
2024-03-18,Paid Social,Paid - Retargeting,12.14,1335,30
2024-03-19,Paid Social,Paid - Retargeting,12.14,1913,26
2024-03-20,Paid Social,Paid - Retargeting,12.14,1640,31
2024-03-21,Paid Social,Paid - Retargeting,12.14,1112,27
2024-03-22,Paid Social,Paid - Retargeting,12.14,2209,30
2024-03-23,Paid Social,Paid - Retargeting,8.74,660,22
2024-03-24,Paid Social,Paid - Retargeting,8.74,1148,22
2024-03-25,Paid Social,Paid - Retargeting,12.14,983,27
2024-03-26,Paid Social,Paid - Retargeting,12.14,897,29
2024-03-27,Paid Social,Paid - Retargeting,12.14,893,29
2024-03-28,Paid Social,Paid - Retargeting,12.14,2107,31
2024-03-29,Paid Social,Paid - Retargeting,12.14,1975,31
2024-03-30,Paid Social,Paid - Retargeting,8.74,1360,19
2024-03-31,Paid Social,Paid - Retargeting,8.74,1553,21
2024-03-01,Paid Social,Paid - Creator,12.87,2180,31
2024-03-02,Paid Social,Paid - Creator,9.27,916,20
2024-03-03,Paid Social,Paid - Creator,9.27,1151,22
2024-03-04,Paid Social,Paid - Creator,12.87,1234,28
2024-03-05,Paid Social,Paid - Creator,12.87,1866,29
2024-03-06,Paid Social,Paid - Creator,12.87,1366,27
2024-03-07,Paid Social,Paid - Creator,12.87,2076,33
2024-03-08,Paid Social,Paid - Creator,12.87,919,30
2024-03-09,Paid Social,Paid - Creator,9.27,672,24
2024-03-10,Paid Social,Paid - Creator,9.27,1473,23
2024-03-11,Paid Social,Paid - Creator,12.87,1877,31
2024-03-12,Paid Social,Paid - Creator,12.87,2154,31
2024-03-13,Paid Social,Paid - Creator,12.87,1532,32
2024-03-14,Paid Social,Paid - Creator,12.87,1624,28
2024-03-15,Paid Social,Paid - Creator,12.87,2294,33
2024-03-16,Paid Social,Paid - Creator,9.27,873,22
2024-03-17,Paid Social,Paid - Creator,9.27,1069,20
2024-03-18,Paid Social,Paid - Creator,12.87,1818,28
2024-03-19,Paid Social,Paid - Creator,12.87,1116,30
2024-03-20,Paid Social,Paid - Creator,12.87,1480,29
2024-03-21,Paid Social,Paid - Creator,12.87,1430,33
2024-03-22,Paid Social,Paid - Creator,12.87,1178,29
2024-03-23,Paid Social,Paid - Creator,9.27,862,23
2024-03-24,Paid Social,Paid - Creator,9.27,1344,20
2024-03-25,Paid Social,Paid - Creator,12.87,2008,33
2024-03-26,Paid Social,Paid - Creator,12.87,1640,33
2024-03-27,Paid Social,Paid - Creator,12.87,1061,28
2024-03-28,Paid Social,Paid - Creator,12.87,1472,30
2024-03-29,Paid Social,Paid - Creator,12.87,1031,28
2024-03-30,Paid Social,Paid - Creator,9.27,1672,24
2024-03-31,Paid Social,Paid - Creator,9.27,1208,20
2024-03-01,Affiliate,Affiliate - Cashback,18.03,1823,28
2024-03-02,Affiliate,Affiliate - Cashback,12.98,1052,18
2024-03-03,Affiliate,Affiliate - Cashback,12.98,1117,19
2024-03-04,Affiliate,Affiliate - Cashback,18.03,1839,28
2024-03-05,Affiliate,Affiliate - Cashback,18.03,789,25
2024-03-06,Affiliate,Affiliate - Cashback,18.03,1637,27
2024-03-07,Affiliate,Affiliate - Cashback,18.03,937,26
2024-03-08,Affiliate,Affiliate - Cashback,18.03,1978,27
2024-03-09,Affiliate,Affiliate - Cashback,12.98,1208,20
2024-03-10,Affiliate,Affiliate - Cashback,12.98,1039,19
2024-03-11,Affiliate,Affiliate - Cashback,18.03,1063,24
2024-03-12,Affiliate,Affiliate - Cashback,18.03,1048,25
2024-03-13,Affiliate,Affiliate - Cashback,18.03,847,28
2024-03-14,Affiliate,Affiliate - Cashback,18.03,770,25
2024-03-15,Affiliate,Affiliate - Cashback,18.03,878,26
2024-03-16,Affiliate,Affiliate - Cashback,12.98,618,19
2024-03-17,Affiliate,Affiliate - Cashback,12.98,899,20
2024-03-18,Affiliate,Affiliate - Cashback,18.03,1835,27
2024-03-19,Affiliate,Affiliate - Cashback,18.03,818,28
2024-03-20,Affiliate,Affiliate - Cashback,18.03,1261,23
2024-03-21,Affiliate,Affiliate - Cashback,18.03,1471,28
2024-03-22,Affiliate,Affiliate - Cashback,18.03,1406,26
2024-03-23,Affiliate,Affiliate - Cashback,12.98,1148,17
2024-03-24,Affiliate,Affiliate - Cashback,12.98,1112,19
2024-03-25,Affiliate,Affiliate - Cashback,18.03,1224,26
2024-03-26,Affiliate,Affiliate - Cashback,18.03,1181,26
2024-03-27,Affiliate,Affiliate - Cashback,18.03,1139,24
2024-03-28,Affiliate,Affiliate - Cashback,18.03,813,27
2024-03-29,Affiliate,Affiliate - Cashback,18.03,916,27
2024-03-30,Affiliate,Affiliate - Cashback,12.98,1364,20
2024-03-31,Affiliate,Affiliate - Cashback,12.98,746,17
2024-03-01,Affiliate,Affiliate - Content,19.36,768,27
2024-03-02,Affiliate,Affiliate - Content,13.94,750,20
2024-03-03,Affiliate,Affiliate - Content,13.94,1200,20
2024-03-04,Affiliate,Affiliate - Content,19.36,1406,26
2024-03-05,Affiliate,Affiliate - Content,19.36,2149,30
2024-03-06,Affiliate,Affiliate - Content,19.36,1433,29
2024-03-07,Affiliate,Affiliate - Content,19.36,1206,29
2024-03-08,Affiliate,Affiliate - Content,19.36,1853,28
2024-03-09,Affiliate,Affiliate - Content,13.94,989,21
2024-03-10,Affiliate,Affiliate - Content,13.94,1553,22
2024-03-11,Affiliate,Affiliate - Content,19.36,1370,26
2024-03-12,Affiliate,Affiliate - Content,19.36,1857,28
2024-03-13,Affiliate,Affiliate - Content,19.36,1592,28
2024-03-14,Affiliate,Affiliate - Content,19.36,1942,28
2024-03-15,Affiliate,Affiliate - Content,19.36,1413,30
2024-03-16,Affiliate,Affiliate - Content,13.94,1404,19
2024-03-17,Affiliate,Affiliate - Content,13.94,991,21
2024-03-18,Affiliate,Affiliate - Content,19.36,1075,28
2024-03-19,Affiliate,Affiliate - Content,19.36,1994,31
2024-03-20,Affiliate,Affiliate - Content,19.36,1939,29
2024-03-21,Affiliate,Affiliate - Content,19.36,1054,29
2024-03-22,Affiliate,Affiliate - Content,19.36,1964,30
2024-03-23,Affiliate,Affiliate - Content,13.94,731,22
2024-03-24,Affiliate,Affiliate - Content,13.94,1154,20
2024-03-25,Affiliate,Affiliate - Content,19.36,1313,30
2024-03-26,Affiliate,Affiliate - Content,19.36,1722,29
2024-03-27,Affiliate,Affiliate - Content,19.36,1384,28
2024-03-28,Affiliate,Affiliate - Content,19.36,1803,26
2024-03-29,Affiliate,Affiliate - Content,19.36,1036,28
2024-03-30,Affiliate,Affiliate - Content,13.94,929,18
2024-03-31,Affiliate,Affiliate - Content,13.94,1105,18
2024-03-01,Affiliate,Affiliate - Voucher,17.68,1357,25
2024-03-02,Affiliate,Affiliate - Voucher,12.73,1354,19
2024-03-03,Affiliate,Affiliate - Voucher,12.73,1241,18
2024-03-04,Affiliate,Affiliate - Voucher,17.68,724,25
2024-03-05,Affiliate,Affiliate - Voucher,17.68,1252,25
2024-03-06,Affiliate,Affiliate - Voucher,17.68,1494,26
2024-03-07,Affiliate,Affiliate - Voucher,17.68,1569,27
2024-03-08,Affiliate,Affiliate - Voucher,17.68,1812,27
2024-03-09,Affiliate,Affiliate - Voucher,12.73,471,16
2024-03-10,Affiliate,Affiliate - Voucher,12.73,576,17
2024-03-11,Affiliate,Affiliate - Voucher,17.68,1015,24
2024-03-12,Affiliate,Affiliate - Voucher,17.68,1154,26
2024-03-13,Affiliate,Affiliate - Voucher,17.68,853,28
2024-03-14,Affiliate,Affiliate - Voucher,17.68,846,25
2024-03-15,Affiliate,Affiliate - Voucher,17.68,1574,28
2024-03-16,Affiliate,Affiliate - Voucher,12.73,1123,17
2024-03-17,Affiliate,Affiliate - Voucher,12.73,1344,19
2024-03-18,Affiliate,Affiliate - Voucher,17.68,906,27
2024-03-19,Affiliate,Affiliate - Voucher,17.68,1368,24
2024-03-20,Affiliate,Affiliate - Voucher,17.68,1055,25
2024-03-21,Affiliate,Affiliate - Voucher,17.68,1429,25
2024-03-22,Affiliate,Affiliate - Voucher,17.68,1494,25
2024-03-23,Affiliate,Affiliate - Voucher,12.73,773,18
2024-03-24,Affiliate,Affiliate - Voucher,12.73,796,20
2024-03-25,Affiliate,Affiliate - Voucher,17.68,1893,26
2024-03-26,Affiliate,Affiliate - Voucher,17.68,1021,27
2024-03-27,Affiliate,Affiliate - Voucher,17.68,1164,25
2024-03-28,Affiliate,Affiliate - Voucher,17.68,1344,24
2024-03-29,Affiliate,Affiliate - Voucher,17.68,1033,24
2024-03-30,Affiliate,Affiliate - Voucher,12.73,692,18
2024-03-31,Affiliate,Affiliate - Voucher,12.73,1378,19
2024-03-01,Email & CRM,Email - Lifecycle,1.59,512,13
2024-03-02,Email & CRM,Email - Lifecycle,1.14,426,8
2024-03-03,Email & CRM,Email - Lifecycle,1.14,389,9
2024-03-04,Email & CRM,Email - Lifecycle,1.59,368,13
2024-03-05,Email & CRM,Email - Lifecycle,1.59,663,12
2024-03-06,Email & CRM,Email - Lifecycle,1.59,822,14
2024-03-07,Email & CRM,Email - Lifecycle,1.59,845,13
2024-03-08,Email & CRM,Email - Lifecycle,1.59,795,13
2024-03-09,Email & CRM,Email - Lifecycle,1.14,619,9
2024-03-10,Email & CRM,Email - Lifecycle,1.14,414,9
2024-03-11,Email & CRM,Email - Lifecycle,1.59,514,14
2024-03-12,Email & CRM,Email - Lifecycle,1.59,848,12
2024-03-13,Email & CRM,Email - Lifecycle,1.59,711,12
2024-03-14,Email & CRM,Email - Lifecycle,1.59,941,13
2024-03-15,Email & CRM,Email - Lifecycle,1.59,431,14
2024-03-16,Email & CRM,Email - Lifecycle,1.14,571,10
2024-03-17,Email & CRM,Email - Lifecycle,1.14,530,9
2024-03-18,Email & CRM,Email - Lifecycle,1.59,752,12
2024-03-19,Email & CRM,Email - Lifecycle,1.59,546,13
2024-03-20,Email & CRM,Email - Lifecycle,1.59,512,12
2024-03-21,Email & CRM,Email - Lifecycle,1.59,490,14
2024-03-22,Email & CRM,Email - Lifecycle,1.59,514,13
2024-03-23,Email & CRM,Email - Lifecycle,1.14,524,8
2024-03-24,Email & CRM,Email - Lifecycle,1.14,274,9
2024-03-25,Email & CRM,Email - Lifecycle,1.59,836,13
2024-03-26,Email & CRM,Email - Lifecycle,1.59,655,13
2024-03-27,Email & CRM,Email - Lifecycle,1.59,402,13
2024-03-28,Email & CRM,Email - Lifecycle,1.59,470,13
2024-03-29,Email & CRM,Email - Lifecycle,1.59,866,12
2024-03-30,Email & CRM,Email - Lifecycle,1.14,601,9
2024-03-31,Email & CRM,Email - Lifecycle,1.14,403,9
2024-03-01,Email & CRM,Email - Winback,2.46,1121,18
2024-03-02,Email & CRM,Email - Winback,1.77,457,14
2024-03-03,Email & CRM,Email - Winback,1.77,493,16
2024-03-04,Email & CRM,Email - Winback,2.46,1457,21
2024-03-05,Email & CRM,Email - Winback,2.46,528,18
2024-03-06,Email & CRM,Email - Winback,2.46,769,20
2024-03-07,Email & CRM,Email - Winback,2.46,640,20
2024-03-08,Email & CRM,Email - Winback,2.46,759,20
2024-03-09,Email & CRM,Email - Winback,1.77,433,14
2024-03-10,Email & CRM,Email - Winback,1.77,640,15
2024-03-11,Email & CRM,Email - Winback,2.46,1108,19
2024-03-12,Email & CRM,Email - Winback,2.46,996,21
2024-03-13,Email & CRM,Email - Winback,2.46,1037,22
2024-03-14,Email & CRM,Email - Winback,2.46,943,20
2024-03-15,Email & CRM,Email - Winback,2.46,809,20
2024-03-16,Email & CRM,Email - Winback,1.77,912,14
2024-03-17,Email & CRM,Email - Winback,1.77,543,14
2024-03-18,Email & CRM,Email - Winback,2.46,735,20
2024-03-19,Email & CRM,Email - Winback,2.46,1251,20
2024-03-20,Email & CRM,Email - Winback,2.46,770,19
2024-03-21,Email & CRM,Email - Winback,2.46,764,20
2024-03-22,Email & CRM,Email - Winback,2.46,1138,18
2024-03-23,Email & CRM,Email - Winback,1.77,504,13
2024-03-24,Email & CRM,Email - Winback,1.77,1015,14
2024-03-25,Email & CRM,Email - Winback,2.46,1290,21
2024-03-26,Email & CRM,Email - Winback,2.46,898,22
2024-03-27,Email & CRM,Email - Winback,2.46,664,21
2024-03-28,Email & CRM,Email - Winback,2.46,1452,20
2024-03-29,Email & CRM,Email - Winback,2.46,1074,21
2024-03-30,Email & CRM,Email - Winback,1.77,584,15
2024-03-31,Email & CRM,Email - Winback,1.77,606,14
2024-03-01,Marketplace,Marketplace - Sponsored Listings,21.15,2678,37
2024-03-02,Marketplace,Marketplace - Sponsored Listings,15.23,1519,25
2024-03-03,Marketplace,Marketplace - Sponsored Listings,15.23,1804,25
2024-03-04,Marketplace,Marketplace - Sponsored Listings,21.15,1670,39
2024-03-05,Marketplace,Marketplace - Sponsored Listings,21.15,2154,41
2024-03-06,Marketplace,Marketplace - Sponsored Listings,21.15,1553,39
2024-03-07,Marketplace,Marketplace - Sponsored Listings,21.15,1259,35
2024-03-08,Marketplace,Marketplace - Sponsored Listings,21.15,2058,36
2024-03-09,Marketplace,Marketplace - Sponsored Listings,15.23,1992,29
2024-03-10,Marketplace,Marketplace - Sponsored Listings,15.23,1660,25
2024-03-11,Marketplace,Marketplace - Sponsored Listings,21.15,2482,37
2024-03-12,Marketplace,Marketplace - Sponsored Listings,21.15,1262,35
2024-03-13,Marketplace,Marketplace - Sponsored Listings,21.15,2615,37
2024-03-14,Marketplace,Marketplace - Sponsored Listings,21.15,2410,35
2024-03-15,Marketplace,Marketplace - Sponsored Listings,21.15,1870,39
2024-03-16,Marketplace,Marketplace - Sponsored Listings,15.23,1915,30
2024-03-17,Marketplace,Marketplace - Sponsored Listings,15.23,960,29
2024-03-18,Marketplace,Marketplace - Sponsored Listings,21.15,2587,36
2024-03-19,Marketplace,Marketplace - Sponsored Listings,21.15,2734,37
2024-03-20,Marketplace,Marketplace - Sponsored Listings,21.15,2497,40
2024-03-21,Marketplace,Marketplace - Sponsored Listings,21.15,2385,37
2024-03-22,Marketplace,Marketplace - Sponsored Listings,21.15,1347,36
2024-03-23,Marketplace,Marketplace - Sponsored Listings,15.23,1931,28
2024-03-24,Marketplace,Marketplace - Sponsored Listings,15.23,1759,27
2024-03-25,Marketplace,Marketplace - Sponsored Listings,21.15,1472,37
2024-03-26,Marketplace,Marketplace - Sponsored Listings,21.15,1064,36
2024-03-27,Marketplace,Marketplace - Sponsored Listings,21.15,2360,36
2024-03-28,Marketplace,Marketplace - Sponsored Listings,21.15,2649,41
2024-03-29,Marketplace,Marketplace - Sponsored Listings,21.15,1249,40
2024-03-30,Marketplace,Marketplace - Sponsored Listings,15.23,1343,30
2024-03-31,Marketplace,Marketplace - Sponsored Listings,15.23,1926,29
2024-04-01,Organic Search,Organic - SEO Content,7.58,5008,155
2024-04-02,Organic Search,Organic - SEO Content,7.58,11594,166
2024-04-03,Organic Search,Organic - SEO Content,7.58,8264,139
2024-04-04,Organic Search,Organic - SEO Content,7.58,4959,152
2024-04-05,Organic Search,Organic - SEO Content,7.58,4743,148
2024-04-06,Organic Search,Organic - SEO Content,5.46,3922,104
2024-04-07,Organic Search,Organic - SEO Content,5.46,7935,117
2024-04-08,Organic Search,Organic - SEO Content,7.58,9396,148
2024-04-09,Organic Search,Organic - SEO Content,7.58,11291,159
2024-04-10,Organic Search,Organic - SEO Content,7.58,9131,165
2024-04-11,Organic Search,Organic - SEO Content,7.58,9073,165
2024-04-12,Organic Search,Organic - SEO Content,7.58,9996,159
2024-04-13,Organic Search,Organic - SEO Content,5.46,5960,114
2024-04-14,Organic Search,Organic - SEO Content,5.46,4955,119
2024-04-15,Organic Search,Organic - SEO Content,7.58,10626,151
2024-04-16,Organic Search,Organic - SEO Content,7.58,8063,141
2024-04-17,Organic Search,Organic - SEO Content,7.58,10200,139
2024-04-18,Organic Search,Organic - SEO Content,7.58,11783,163
2024-04-19,Organic Search,Organic - SEO Content,7.58,6603,157
2024-04-20,Organic Search,Organic - SEO Content,5.46,6454,98
2024-04-21,Organic Search,Organic - SEO Content,5.46,5177,116
2024-04-22,Organic Search,Organic - SEO Content,7.58,8651,158
2024-04-23,Organic Search,Organic - SEO Content,7.58,5403,137
2024-04-24,Organic Search,Organic - SEO Content,7.58,6393,143
2024-04-25,Organic Search,Organic - SEO Content,7.58,9588,139
2024-04-26,Organic Search,Organic - SEO Content,7.58,9404,158
2024-04-27,Organic Search,Organic - SEO Content,5.46,3415,112
2024-04-28,Organic Search,Organic - SEO Content,5.46,4958,106
2024-04-29,Organic Search,Organic - SEO Content,7.58,8246,141
2024-04-30,Organic Search,Organic - SEO Content,7.58,7648,148
2024-04-01,Paid Search,Paid - Brand,18.02,677,17
2024-04-02,Paid Search,Paid - Brand,18.02,1009,17
2024-04-03,Paid Search,Paid - Brand,18.02,779,17
2024-04-04,Paid Search,Paid - Brand,18.02,1016,19
2024-04-05,Paid Search,Paid - Brand,18.02,902,20
2024-04-06,Paid Search,Paid - Brand,12.98,468,13
2024-04-07,Paid Search,Paid - Brand,12.98,806,14
2024-04-08,Paid Search,Paid - Brand,18.02,609,17
2024-04-09,Paid Search,Paid - Brand,18.02,949,18
2024-04-10,Paid Search,Paid - Brand,18.02,587,18
2024-04-11,Paid Search,Paid - Brand,18.02,590,18
2024-04-12,Paid Search,Paid - Brand,18.02,1354,19
2024-04-13,Paid Search,Paid - Brand,12.98,575,14
2024-04-14,Paid Search,Paid - Brand,12.98,338,12
2024-04-15,Paid Search,Paid - Brand,18.02,798,19
2024-04-16,Paid Search,Paid - Brand,18.02,1031,18
2024-04-17,Paid Search,Paid - Brand,18.02,740,20
2024-04-18,Paid Search,Paid - Brand,18.02,640,20
2024-04-19,Paid Search,Paid - Brand,18.02,994,17
2024-04-20,Paid Search,Paid - Brand,12.98,639,14
2024-04-21,Paid Search,Paid - Brand,12.98,534,12
2024-04-22,Paid Search,Paid - Brand,18.02,861,17
2024-04-23,Paid Search,Paid - Brand,18.02,667,20
2024-04-24,Paid Search,Paid - Brand,18.02,889,19
2024-04-25,Paid Search,Paid - Brand,18.02,789,19
2024-04-26,Paid Search,Paid - Brand,18.02,959,18
2024-04-27,Paid Search,Paid - Brand,12.98,861,14
2024-04-28,Paid Search,Paid - Brand,12.98,652,14
2024-04-29,Paid Search,Paid - Brand,18.02,817,18
2024-04-30,Paid Search,Paid - Brand,18.02,842,17
2024-04-01,Paid Search,Paid - Generic,29.04,1929,29
2024-04-02,Paid Search,Paid - Generic,29.04,1562,29
2024-04-03,Paid Search,Paid - Generic,29.04,1863,29
2024-04-04,Paid Search,Paid - Generic,29.04,1731,31
2024-04-05,Paid Search,Paid - Generic,29.04,1702,28
2024-04-06,Paid Search,Paid - Generic,20.91,858,21
2024-04-07,Paid Search,Paid - Generic,20.91,1109,24
2024-04-08,Paid Search,Paid - Generic,29.04,1370,32
2024-04-09,Paid Search,Paid - Generic,29.04,2184,32
2024-04-10,Paid Search,Paid - Generic,29.04,1387,30
2024-04-11,Paid Search,Paid - Generic,29.04,1865,30
2024-04-12,Paid Search,Paid - Generic,29.04,999,33
2024-04-13,Paid Search,Paid - Generic,20.91,941,21
2024-04-14,Paid Search,Paid - Generic,20.91,1274,21
2024-04-15,Paid Search,Paid - Generic,29.04,2122,32
2024-04-16,Paid Search,Paid - Generic,29.04,1902,30
2024-04-17,Paid Search,Paid - Generic,29.04,1908,29
2024-04-18,Paid Search,Paid - Generic,29.04,1553,31
2024-04-19,Paid Search,Paid - Generic,29.04,1552,29
2024-04-20,Paid Search,Paid - Generic,20.91,651,23
2024-04-21,Paid Search,Paid - Generic,20.91,1346,22
2024-04-22,Paid Search,Paid - Generic,29.04,1403,31
2024-04-23,Paid Search,Paid - Generic,29.04,1365,28
2024-04-24,Paid Search,Paid - Generic,29.04,1255,29
2024-04-25,Paid Search,Paid - Generic,29.04,984,28
2024-04-26,Paid Search,Paid - Generic,29.04,1266,30
2024-04-27,Paid Search,Paid - Generic,20.91,913,19
2024-04-28,Paid Search,Paid - Generic,20.91,687,21
2024-04-29,Paid Search,Paid - Generic,29.04,1549,33
2024-04-30,Paid Search,Paid - Generic,29.04,1512,29
2024-04-01,Paid Search,Paid - Shopping,13.63,563,12
2024-04-02,Paid Search,Paid - Shopping,13.63,437,13
2024-04-03,Paid Search,Paid - Shopping,13.63,707,15
2024-04-04,Paid Search,Paid - Shopping,13.63,813,15
2024-04-05,Paid Search,Paid - Shopping,13.63,985,14
2024-04-06,Paid Search,Paid - Shopping,9.82,612,9
2024-04-07,Paid Search,Paid - Shopping,9.82,697,10
2024-04-08,Paid Search,Paid - Shopping,13.63,648,13
2024-04-09,Paid Search,Paid - Shopping,13.63,605,13
2024-04-10,Paid Search,Paid - Shopping,13.63,954,15
2024-04-11,Paid Search,Paid - Shopping,13.63,542,14
2024-04-12,Paid Search,Paid - Shopping,13.63,1017,14
2024-04-13,Paid Search,Paid - Shopping,9.82,617,9
2024-04-14,Paid Search,Paid - Shopping,9.82,505,10
2024-04-15,Paid Search,Paid - Shopping,13.63,786,13
2024-04-16,Paid Search,Paid - Shopping,13.63,679,14
2024-04-17,Paid Search,Paid - Shopping,13.63,920,14
2024-04-18,Paid Search,Paid - Shopping,13.63,555,14
2024-04-19,Paid Search,Paid - Shopping,13.63,642,14
2024-04-20,Paid Search,Paid - Shopping,9.82,291,10
2024-04-21,Paid Search,Paid - Shopping,9.82,578,9
2024-04-22,Paid Search,Paid - Shopping,13.63,952,14
2024-04-23,Paid Search,Paid - Shopping,13.63,569,15
2024-04-24,Paid Search,Paid - Shopping,13.63,423,13
2024-04-25,Paid Search,Paid - Shopping,13.63,593,14
2024-04-26,Paid Search,Paid - Shopping,13.63,1062,15
2024-04-27,Paid Search,Paid - Shopping,9.82,483,9
2024-04-28,Paid Search,Paid - Shopping,9.82,675,10
2024-04-29,Paid Search,Paid - Shopping,13.63,902,15
2024-04-30,Paid Search,Paid - Shopping,13.63,588,15
2024-04-01,Paid Social,Paid - Prospecting,17.42,2608,41
2024-04-02,Paid Social,Paid - Prospecting,17.42,2595,43
2024-04-03,Paid Social,Paid - Prospecting,17.42,1839,38
2024-04-04,Paid Social,Paid - Prospecting,17.42,2825,42
2024-04-05,Paid Social,Paid - Prospecting,17.42,1934,38
2024-04-06,Paid Social,Paid - Prospecting,12.54,830,27
2024-04-07,Paid Social,Paid - Prospecting,12.54,1743,32
2024-04-08,Paid Social,Paid - Prospecting,17.42,2054,43
2024-04-09,Paid Social,Paid - Prospecting,17.42,2607,39
2024-04-10,Paid Social,Paid - Prospecting,17.42,1511,39
2024-04-11,Paid Social,Paid - Prospecting,17.42,1387,37
2024-04-12,Paid Social,Paid - Prospecting,17.42,2357,44
2024-04-13,Paid Social,Paid - Prospecting,12.54,1296,27
2024-04-14,Paid Social,Paid - Prospecting,12.54,1632,28
2024-04-15,Paid Social,Paid - Prospecting,17.42,2804,40
2024-04-16,Paid Social,Paid - Prospecting,17.42,1634,37
2024-04-17,Paid Social,Paid - Prospecting,17.42,1650,39
2024-04-18,Paid Social,Paid - Prospecting,17.42,1415,40
2024-04-19,Paid Social,Paid - Prospecting,17.42,2080,42
2024-04-20,Paid Social,Paid - Prospecting,12.54,825,27
2024-04-21,Paid Social,Paid - Prospecting,12.54,2227,31
2024-04-22,Paid Social,Paid - Prospecting,17.42,2527,37
2024-04-23,Paid Social,Paid - Prospecting,17.42,2717,41
2024-04-24,Paid Social,Paid - Prospecting,17.42,1728,37
2024-04-25,Paid Social,Paid - Prospecting,17.42,1176,39
2024-04-26,Paid Social,Paid - Prospecting,17.42,2017,45
2024-04-27,Paid Social,Paid - Prospecting,12.54,1925,29
2024-04-28,Paid Social,Paid - Prospecting,12.54,1848,30
2024-04-29,Paid Social,Paid - Prospecting,17.42,1196,39
2024-04-30,Paid Social,Paid - Prospecting,17.42,1587,44
2024-04-01,Paid Social,Paid - Retargeting,14.67,2208,34
2024-04-02,Paid Social,Paid - Retargeting,14.67,2507,35
2024-04-03,Paid Social,Paid - Retargeting,14.67,2281,34
2024-04-04,Paid Social,Paid - Retargeting,14.67,1773,33
2024-04-05,Paid Social,Paid - Retargeting,14.67,1240,35
2024-04-06,Paid Social,Paid - Retargeting,10.56,1684,23
2024-04-07,Paid Social,Paid - Retargeting,10.56,938,26
2024-04-08,Paid Social,Paid - Retargeting,14.67,1118,36
2024-04-09,Paid Social,Paid - Retargeting,14.67,2236,36
2024-04-10,Paid Social,Paid - Retargeting,14.67,1083,34
2024-04-11,Paid Social,Paid - Retargeting,14.67,1537,32
2024-04-12,Paid Social,Paid - Retargeting,14.67,1548,36
2024-04-13,Paid Social,Paid - Retargeting,10.56,883,23
2024-04-14,Paid Social,Paid - Retargeting,10.56,1134,22
2024-04-15,Paid Social,Paid - Retargeting,14.67,2467,37
2024-04-16,Paid Social,Paid - Retargeting,14.67,2124,31
2024-04-17,Paid Social,Paid - Retargeting,14.67,1503,33
2024-04-18,Paid Social,Paid - Retargeting,14.67,2711,38
2024-04-19,Paid Social,Paid - Retargeting,14.67,2406,38
2024-04-20,Paid Social,Paid - Retargeting,10.56,871,25
2024-04-21,Paid Social,Paid - Retargeting,10.56,1642,25
2024-04-22,Paid Social,Paid - Retargeting,14.67,1773,35
2024-04-23,Paid Social,Paid - Retargeting,14.67,1456,34
2024-04-24,Paid Social,Paid - Retargeting,14.67,1061,34
2024-04-25,Paid Social,Paid - Retargeting,14.67,2499,34
2024-04-26,Paid Social,Paid - Retargeting,14.67,1615,33
2024-04-27,Paid Social,Paid - Retargeting,10.56,933,25
2024-04-28,Paid Social,Paid - Retargeting,10.56,831,26
2024-04-29,Paid Social,Paid - Retargeting,14.67,1886,37
2024-04-30,Paid Social,Paid - Retargeting,14.67,1658,35
2024-04-01,Paid Social,Paid - Creator,18.79,1546,44
2024-04-02,Paid Social,Paid - Creator,18.79,2085,42
2024-04-03,Paid Social,Paid - Creator,18.79,1644,40
2024-04-04,Paid Social,Paid - Creator,18.79,3113,47
2024-04-05,Paid Social,Paid - Creator,18.79,1454,46
2024-04-06,Paid Social,Paid - Creator,13.53,1199,29
2024-04-07,Paid Social,Paid - Creator,13.53,2142,30
2024-04-08,Paid Social,Paid - Creator,18.79,2013,48
2024-04-09,Paid Social,Paid - Creator,18.79,2617,49
2024-04-10,Paid Social,Paid - Creator,18.79,2638,44
2024-04-11,Paid Social,Paid - Creator,18.79,2738,44
2024-04-12,Paid Social,Paid - Creator,18.79,1713,49
2024-04-13,Paid Social,Paid - Creator,13.53,1295,34
2024-04-14,Paid Social,Paid - Creator,13.53,2054,31
2024-04-15,Paid Social,Paid - Creator,18.79,2655,48
2024-04-16,Paid Social,Paid - Creator,18.79,2996,43
2024-04-17,Paid Social,Paid - Creator,18.79,2727,45
2024-04-18,Paid Social,Paid - Creator,18.79,2444,43
2024-04-19,Paid Social,Paid - Creator,18.79,1381,48
2024-04-20,Paid Social,Paid - Creator,13.53,1442,30
2024-04-21,Paid Social,Paid - Creator,13.53,1774,30
2024-04-22,Paid Social,Paid - Creator,18.79,2794,46
2024-04-23,Paid Social,Paid - Creator,18.79,2362,42
2024-04-24,Paid Social,Paid - Creator,18.79,2830,48
2024-04-25,Paid Social,Paid - Creator,18.79,2298,49
2024-04-26,Paid Social,Paid - Creator,18.79,2435,43
2024-04-27,Paid Social,Paid - Creator,13.53,1258,32
2024-04-28,Paid Social,Paid - Creator,13.53,2167,35
2024-04-29,Paid Social,Paid - Creator,18.79,2429,46
2024-04-30,Paid Social,Paid - Creator,18.79,1584,47
2024-04-01,Affiliate,Affiliate - Cashback,11.07,1131,16
2024-04-02,Affiliate,Affiliate - Cashback,11.07,540,17
2024-04-03,Affiliate,Affiliate - Cashback,11.07,1002,17
2024-04-04,Affiliate,Affiliate - Cashback,11.07,475,16
2024-04-05,Affiliate,Affiliate - Cashback,11.07,502,16
2024-04-06,Affiliate,Affiliate - Cashback,7.97,510,12
2024-04-07,Affiliate,Affiliate - Cashback,7.97,717,11
2024-04-08,Affiliate,Affiliate - Cashback,11.07,703,17
2024-04-09,Affiliate,Affiliate - Cashback,11.07,916,15
2024-04-10,Affiliate,Affiliate - Cashback,11.07,1079,17
2024-04-11,Affiliate,Affiliate - Cashback,11.07,692,17
2024-04-12,Affiliate,Affiliate - Cashback,11.07,1085,15
2024-04-13,Affiliate,Affiliate - Cashback,7.97,830,12
2024-04-14,Affiliate,Affiliate - Cashback,7.97,777,11
2024-04-15,Affiliate,Affiliate - Cashback,11.07,636,15
2024-04-16,Affiliate,Affiliate - Cashback,11.07,646,17
2024-04-17,Affiliate,Affiliate - Cashback,11.07,697,15
2024-04-18,Affiliate,Affiliate - Cashback,11.07,514,15
2024-04-19,Affiliate,Affiliate - Cashback,11.07,1032,15
2024-04-20,Affiliate,Affiliate - Cashback,7.97,514,11
2024-04-21,Affiliate,Affiliate - Cashback,7.97,540,12
2024-04-22,Affiliate,Affiliate - Cashback,11.07,665,16
2024-04-23,Affiliate,Affiliate - Cashback,11.07,475,16
2024-04-24,Affiliate,Affiliate - Cashback,11.07,476,15
2024-04-25,Affiliate,Affiliate - Cashback,11.07,853,15
2024-04-26,Affiliate,Affiliate - Cashback,11.07,1048,16
2024-04-27,Affiliate,Affiliate - Cashback,7.97,395,11
2024-04-28,Affiliate,Affiliate - Cashback,7.97,734,10
2024-04-29,Affiliate,Affiliate - Cashback,11.07,1157,16
2024-04-30,Affiliate,Affiliate - Cashback,11.07,776,17
2024-04-01,Affiliate,Affiliate - Content,13.76,513,18
2024-04-02,Affiliate,Affiliate - Content,13.76,799,20
2024-04-03,Affiliate,Affiliate - Content,13.76,812,18
2024-04-04,Affiliate,Affiliate - Content,13.76,1118,19
2024-04-05,Affiliate,Affiliate - Content,13.76,1147,18
2024-04-06,Affiliate,Affiliate - Content,9.91,736,13
2024-04-07,Affiliate,Affiliate - Content,9.91,923,14
2024-04-08,Affiliate,Affiliate - Content,13.76,848,19
2024-04-09,Affiliate,Affiliate - Content,13.76,1316,19
2024-04-10,Affiliate,Affiliate - Content,13.76,734,21
2024-04-11,Affiliate,Affiliate - Content,13.76,1114,19
2024-04-12,Affiliate,Affiliate - Content,13.76,592,18
2024-04-13,Affiliate,Affiliate - Content,9.91,565,13
2024-04-14,Affiliate,Affiliate - Content,9.91,704,14
2024-04-15,Affiliate,Affiliate - Content,13.76,1195,19
2024-04-16,Affiliate,Affiliate - Content,13.76,1244,18
2024-04-17,Affiliate,Affiliate - Content,13.76,1151,20
2024-04-18,Affiliate,Affiliate - Content,13.76,712,19
2024-04-19,Affiliate,Affiliate - Content,13.76,1077,19
2024-04-20,Affiliate,Affiliate - Content,9.91,883,15
2024-04-21,Affiliate,Affiliate - Content,9.91,606,15
2024-04-22,Affiliate,Affiliate - Content,13.76,839,18
2024-04-23,Affiliate,Affiliate - Content,13.76,1063,21
2024-04-24,Affiliate,Affiliate - Content,13.76,1109,21
2024-04-25,Affiliate,Affiliate - Content,13.76,1311,21
2024-04-26,Affiliate,Affiliate - Content,13.76,829,21
2024-04-27,Affiliate,Affiliate - Content,9.91,1002,14
2024-04-28,Affiliate,Affiliate - Content,9.91,489,15
2024-04-29,Affiliate,Affiliate - Content,13.76,816,21
2024-04-30,Affiliate,Affiliate - Content,13.76,982,19
2024-04-01,Affiliate,Affiliate - Voucher,23.43,1173,31
2024-04-02,Affiliate,Affiliate - Voucher,23.43,1132,31
2024-04-03,Affiliate,Affiliate - Voucher,23.43,2694,37
2024-04-04,Affiliate,Affiliate - Voucher,23.43,1767,37
2024-04-05,Affiliate,Affiliate - Voucher,23.43,1430,31
2024-04-06,Affiliate,Affiliate - Voucher,16.87,1154,26
2024-04-07,Affiliate,Affiliate - Voucher,16.87,952,26
2024-04-08,Affiliate,Affiliate - Voucher,23.43,2596,36
2024-04-09,Affiliate,Affiliate - Voucher,23.43,1772,35
2024-04-10,Affiliate,Affiliate - Voucher,23.43,1637,34
2024-04-11,Affiliate,Affiliate - Voucher,23.43,1475,31
2024-04-12,Affiliate,Affiliate - Voucher,23.43,1877,33
2024-04-13,Affiliate,Affiliate - Voucher,16.87,951,22
2024-04-14,Affiliate,Affiliate - Voucher,16.87,1295,24
2024-04-15,Affiliate,Affiliate - Voucher,23.43,2229,31
2024-04-16,Affiliate,Affiliate - Voucher,23.43,1198,31
2024-04-17,Affiliate,Affiliate - Voucher,23.43,1288,35
2024-04-18,Affiliate,Affiliate - Voucher,23.43,1340,32
2024-04-19,Affiliate,Affiliate - Voucher,23.43,1098,37
2024-04-20,Affiliate,Affiliate - Voucher,16.87,1615,22
2024-04-21,Affiliate,Affiliate - Voucher,16.87,890,22
2024-04-22,Affiliate,Affiliate - Voucher,23.43,1522,31
2024-04-23,Affiliate,Affiliate - Voucher,23.43,1737,33
2024-04-24,Affiliate,Affiliate - Voucher,23.43,1009,32
2024-04-25,Affiliate,Affiliate - Voucher,23.43,1939,35
2024-04-26,Affiliate,Affiliate - Voucher,23.43,1500,36
2024-04-27,Affiliate,Affiliate - Voucher,16.87,710,24
2024-04-28,Affiliate,Affiliate - Voucher,16.87,830,24
2024-04-29,Affiliate,Affiliate - Voucher,23.43,1668,35
2024-04-30,Affiliate,Affiliate - Voucher,23.43,1943,35
2024-04-01,Email & CRM,Email - Lifecycle,3.49,1152,27
2024-04-02,Email & CRM,Email - Lifecycle,3.49,1210,31
2024-04-03,Email & CRM,Email - Lifecycle,3.49,1008,29
2024-04-04,Email & CRM,Email - Lifecycle,3.49,1627,31
2024-04-05,Email & CRM,Email - Lifecycle,3.49,2130,31
2024-04-06,Email & CRM,Email - Lifecycle,2.51,1307,20
2024-04-07,Email & CRM,Email - Lifecycle,2.51,905,20
2024-04-08,Email & CRM,Email - Lifecycle,3.49,1367,26
2024-04-09,Email & CRM,Email - Lifecycle,3.49,1036,29
2024-04-10,Email & CRM,Email - Lifecycle,3.49,2083,30
2024-04-11,Email & CRM,Email - Lifecycle,3.49,1493,27
2024-04-12,Email & CRM,Email - Lifecycle,3.49,1211,28
2024-04-13,Email & CRM,Email - Lifecycle,2.51,1234,20
2024-04-14,Email & CRM,Email - Lifecycle,2.51,734,21
2024-04-15,Email & CRM,Email - Lifecycle,3.49,1327,27
2024-04-16,Email & CRM,Email - Lifecycle,3.49,1323,30
2024-04-17,Email & CRM,Email - Lifecycle,3.49,1056,26
2024-04-18,Email & CRM,Email - Lifecycle,3.49,1210,27
2024-04-19,Email & CRM,Email - Lifecycle,3.49,1658,30
2024-04-20,Email & CRM,Email - Lifecycle,2.51,611,19
2024-04-21,Email & CRM,Email - Lifecycle,2.51,714,19
2024-04-22,Email & CRM,Email - Lifecycle,3.49,1727,30
2024-04-23,Email & CRM,Email - Lifecycle,3.49,1711,29
2024-04-24,Email & CRM,Email - Lifecycle,3.49,1779,30
2024-04-25,Email & CRM,Email - Lifecycle,3.49,1171,31
2024-04-26,Email & CRM,Email - Lifecycle,3.49,1518,31
2024-04-27,Email & CRM,Email - Lifecycle,2.51,1054,21
2024-04-28,Email & CRM,Email - Lifecycle,2.51,1222,19
2024-04-29,Email & CRM,Email - Lifecycle,3.49,1808,27
2024-04-30,Email & CRM,Email - Lifecycle,3.49,2032,28
2024-04-01,Email & CRM,Email - Winback,3.87,1606,29
2024-04-02,Email & CRM,Email - Winback,3.87,1610,32
2024-04-03,Email & CRM,Email - Winback,3.87,1682,34
2024-04-04,Email & CRM,Email - Winback,3.87,2195,31
2024-04-05,Email & CRM,Email - Winback,3.87,1989,31
2024-04-06,Email & CRM,Email - Winback,2.78,1375,24
2024-04-07,Email & CRM,Email - Winback,2.78,861,22
2024-04-08,Email & CRM,Email - Winback,3.87,1898,34
2024-04-09,Email & CRM,Email - Winback,3.87,1555,30
2024-04-10,Email & CRM,Email - Winback,3.87,1071,35
2024-04-11,Email & CRM,Email - Winback,3.87,1269,30
2024-04-12,Email & CRM,Email - Winback,3.87,2445,34
2024-04-13,Email & CRM,Email - Winback,2.78,781,25
2024-04-14,Email & CRM,Email - Winback,2.78,1220,21
2024-04-15,Email & CRM,Email - Winback,3.87,1487,34
2024-04-16,Email & CRM,Email - Winback,3.87,1418,29
2024-04-17,Email & CRM,Email - Winback,3.87,1771,29
2024-04-18,Email & CRM,Email - Winback,3.87,1754,30
2024-04-19,Email & CRM,Email - Winback,3.87,1847,32
2024-04-20,Email & CRM,Email - Winback,2.78,1073,23
2024-04-21,Email & CRM,Email - Winback,2.78,983,25
2024-04-22,Email & CRM,Email - Winback,3.87,1986,34
2024-04-23,Email & CRM,Email - Winback,3.87,2425,34
2024-04-24,Email & CRM,Email - Winback,3.87,2186,32
2024-04-25,Email & CRM,Email - Winback,3.87,1728,31
2024-04-26,Email & CRM,Email - Winback,3.87,1236,31
2024-04-27,Email & CRM,Email - Winback,2.78,834,24
2024-04-28,Email & CRM,Email - Winback,2.78,966,22
2024-04-29,Email & CRM,Email - Winback,3.87,1852,31
2024-04-30,Email & CRM,Email - Winback,3.87,1396,33
2024-04-01,Marketplace,Marketplace - Sponsored Listings,34.15,4698,64
2024-04-02,Marketplace,Marketplace - Sponsored Listings,34.15,4230,62
2024-04-03,Marketplace,Marketplace - Sponsored Listings,34.15,3830,64
2024-04-04,Marketplace,Marketplace - Sponsored Listings,34.15,2067,62
2024-04-05,Marketplace,Marketplace - Sponsored Listings,34.15,2926,66
2024-04-06,Marketplace,Marketplace - Sponsored Listings,24.59,2979,48
2024-04-07,Marketplace,Marketplace - Sponsored Listings,24.59,2099,45
2024-04-08,Marketplace,Marketplace - Sponsored Listings,34.15,3192,67
2024-04-09,Marketplace,Marketplace - Sponsored Listings,34.15,3157,61
2024-04-10,Marketplace,Marketplace - Sponsored Listings,34.15,3831,62
2024-04-11,Marketplace,Marketplace - Sponsored Listings,34.15,3323,59
2024-04-12,Marketplace,Marketplace - Sponsored Listings,34.15,2684,66
2024-04-13,Marketplace,Marketplace - Sponsored Listings,24.59,2788,48
2024-04-14,Marketplace,Marketplace - Sponsored Listings,24.59,1552,49
2024-04-15,Marketplace,Marketplace - Sponsored Listings,34.15,3933,56
2024-04-16,Marketplace,Marketplace - Sponsored Listings,34.15,3390,66
2024-04-17,Marketplace,Marketplace - Sponsored Listings,34.15,3208,58
2024-04-18,Marketplace,Marketplace - Sponsored Listings,34.15,1957,66
2024-04-19,Marketplace,Marketplace - Sponsored Listings,34.15,3621,65
2024-04-20,Marketplace,Marketplace - Sponsored Listings,24.59,2530,43
2024-04-21,Marketplace,Marketplace - Sponsored Listings,24.59,2456,44
2024-04-22,Marketplace,Marketplace - Sponsored Listings,34.15,3254,65
2024-04-23,Marketplace,Marketplace - Sponsored Listings,34.15,2196,67
2024-04-24,Marketplace,Marketplace - Sponsored Listings,34.15,2422,65
2024-04-25,Marketplace,Marketplace - Sponsored Listings,34.15,1798,57
2024-04-26,Marketplace,Marketplace - Sponsored Listings,34.15,4692,66
2024-04-27,Marketplace,Marketplace - Sponsored Listings,24.59,2121,40
2024-04-28,Marketplace,Marketplace - Sponsored Listings,24.59,1559,40
2024-04-29,Marketplace,Marketplace - Sponsored Listings,34.15,2518,59
2024-04-30,Marketplace,Marketplace - Sponsored Listings,34.15,2228,58
2024-05-01,Organic Search,Organic - SEO Content,7.03,7808,137
2024-05-02,Organic Search,Organic - SEO Content,7.03,4502,142
2024-05-03,Organic Search,Organic - SEO Content,7.03,8129,133
2024-05-04,Organic Search,Organic - SEO Content,5.06,5258,102
2024-05-05,Organic Search,Organic - SEO Content,5.06,4991,108
2024-05-06,Organic Search,Organic - SEO Content,7.03,6890,152
2024-05-07,Organic Search,Organic - SEO Content,7.03,10284,149
2024-05-08,Organic Search,Organic - SEO Content,7.03,9987,137
2024-05-09,Organic Search,Organic - SEO Content,7.03,7455,153
2024-05-10,Organic Search,Organic - SEO Content,7.03,6854,150
2024-05-11,Organic Search,Organic - SEO Content,5.06,4421,100
2024-05-12,Organic Search,Organic - SEO Content,5.06,4076,103
2024-05-13,Organic Search,Organic - SEO Content,7.03,9683,154
2024-05-14,Organic Search,Organic - SEO Content,7.03,7556,136
2024-05-15,Organic Search,Organic - SEO Content,7.03,8850,142
2024-05-16,Organic Search,Organic - SEO Content,7.03,9853,154
2024-05-17,Organic Search,Organic - SEO Content,7.03,5940,128
2024-05-18,Organic Search,Organic - SEO Content,5.06,4510,107
2024-05-19,Organic Search,Organic - SEO Content,5.06,3181,101
2024-05-20,Organic Search,Organic - SEO Content,7.03,7816,144
2024-05-21,Organic Search,Organic - SEO Content,7.03,8909,147
2024-05-22,Organic Search,Organic - SEO Content,7.03,5400,135
2024-05-23,Organic Search,Organic - SEO Content,7.03,8875,146
2024-05-24,Organic Search,Organic - SEO Content,7.03,7749,126
2024-05-25,Organic Search,Organic - SEO Content,5.06,4576,97
2024-05-26,Organic Search,Organic - SEO Content,5.06,5366,103
2024-05-27,Organic Search,Organic - SEO Content,7.03,4673,143
2024-05-28,Organic Search,Organic - SEO Content,7.03,9978,137
2024-05-29,Organic Search,Organic - SEO Content,7.03,6274,137
2024-05-30,Organic Search,Organic - SEO Content,7.03,5663,142
2024-05-31,Organic Search,Organic - SEO Content,7.03,4020,142
2024-05-01,Paid Search,Paid - Brand,24.83,1647,26
2024-05-02,Paid Search,Paid - Brand,24.83,1403,25
2024-05-03,Paid Search,Paid - Brand,24.83,1547,24
2024-05-04,Paid Search,Paid - Brand,17.88,746,19
2024-05-05,Paid Search,Paid - Brand,17.88,914,17
2024-05-06,Paid Search,Paid - Brand,24.83,1605,25
2024-05-07,Paid Search,Paid - Brand,24.83,1108,27
2024-05-08,Paid Search,Paid - Brand,24.83,1966,27
2024-05-09,Paid Search,Paid - Brand,24.83,1421,25
2024-05-10,Paid Search,Paid - Brand,24.83,1507,26
2024-05-11,Paid Search,Paid - Brand,17.88,611,20
2024-05-12,Paid Search,Paid - Brand,17.88,624,17
2024-05-13,Paid Search,Paid - Brand,24.83,1638,24
2024-05-14,Paid Search,Paid - Brand,24.83,784,23
2024-05-15,Paid Search,Paid - Brand,24.83,830,27
2024-05-16,Paid Search,Paid - Brand,24.83,1179,25
2024-05-17,Paid Search,Paid - Brand,24.83,840,25
2024-05-18,Paid Search,Paid - Brand,17.88,1192,19
2024-05-19,Paid Search,Paid - Brand,17.88,1300,19
2024-05-20,Paid Search,Paid - Brand,24.83,989,26
2024-05-21,Paid Search,Paid - Brand,24.83,1587,25
2024-05-22,Paid Search,Paid - Brand,24.83,957,25
2024-05-23,Paid Search,Paid - Brand,24.83,909,27
2024-05-24,Paid Search,Paid - Brand,24.83,1148,25
2024-05-25,Paid Search,Paid - Brand,17.88,951,19
2024-05-26,Paid Search,Paid - Brand,17.88,772,18
2024-05-27,Paid Search,Paid - Brand,24.83,945,24
2024-05-28,Paid Search,Paid - Brand,24.83,1795,27
2024-05-29,Paid Search,Paid - Brand,24.83,2059,28
2024-05-30,Paid Search,Paid - Brand,24.83,846,27
2024-05-31,Paid Search,Paid - Brand,24.83,1630,26
2024-05-01,Paid Search,Paid - Generic,19.28,945,22
2024-05-02,Paid Search,Paid - Generic,19.28,671,19
2024-05-03,Paid Search,Paid - Generic,19.28,1057,18
2024-05-04,Paid Search,Paid - Generic,13.88,1035,14
2024-05-05,Paid Search,Paid - Generic,13.88,896,14
2024-05-06,Paid Search,Paid - Generic,19.28,1320,19
2024-05-07,Paid Search,Paid - Generic,19.28,1114,21
2024-05-08,Paid Search,Paid - Generic,19.28,1392,19
2024-05-09,Paid Search,Paid - Generic,19.28,1026,20
2024-05-10,Paid Search,Paid - Generic,19.28,980,18
2024-05-11,Paid Search,Paid - Generic,13.88,824,14
2024-05-12,Paid Search,Paid - Generic,13.88,509,15
2024-05-13,Paid Search,Paid - Generic,19.28,1143,19
2024-05-14,Paid Search,Paid - Generic,19.28,775,21
2024-05-15,Paid Search,Paid - Generic,19.28,575,18
2024-05-16,Paid Search,Paid - Generic,19.28,1067,22
2024-05-17,Paid Search,Paid - Generic,19.28,577,20
2024-05-18,Paid Search,Paid - Generic,13.88,526,14
2024-05-19,Paid Search,Paid - Generic,13.88,758,15
2024-05-20,Paid Search,Paid - Generic,19.28,634,19
2024-05-21,Paid Search,Paid - Generic,19.28,650,18
2024-05-22,Paid Search,Paid - Generic,19.28,1186,19
2024-05-23,Paid Search,Paid - Generic,19.28,805,20
2024-05-24,Paid Search,Paid - Generic,19.28,1335,19
2024-05-25,Paid Search,Paid - Generic,13.88,991,15
2024-05-26,Paid Search,Paid - Generic,13.88,933,13
2024-05-27,Paid Search,Paid - Generic,19.28,1043,20
2024-05-28,Paid Search,Paid - Generic,19.28,1536,22
2024-05-29,Paid Search,Paid - Generic,19.28,790,18
2024-05-30,Paid Search,Paid - Generic,19.28,889,21
2024-05-31,Paid Search,Paid - Generic,19.28,1051,20
2024-05-01,Paid Search,Paid - Shopping,25.26,1345,28
2024-05-02,Paid Search,Paid - Shopping,25.26,821,25
2024-05-03,Paid Search,Paid - Shopping,25.26,1464,24
2024-05-04,Paid Search,Paid - Shopping,18.19,657,19
2024-05-05,Paid Search,Paid - Shopping,18.19,580,17
2024-05-06,Paid Search,Paid - Shopping,25.26,1015,27
2024-05-07,Paid Search,Paid - Shopping,25.26,1150,24
2024-05-08,Paid Search,Paid - Shopping,25.26,949,24
2024-05-09,Paid Search,Paid - Shopping,25.26,1838,27
2024-05-10,Paid Search,Paid - Shopping,25.26,1783,25
2024-05-11,Paid Search,Paid - Shopping,18.19,1381,19
2024-05-12,Paid Search,Paid - Shopping,18.19,930,17
2024-05-13,Paid Search,Paid - Shopping,25.26,1784,27
2024-05-14,Paid Search,Paid - Shopping,25.26,1187,24
2024-05-15,Paid Search,Paid - Shopping,25.26,923,25
2024-05-16,Paid Search,Paid - Shopping,25.26,1807,26
2024-05-17,Paid Search,Paid - Shopping,25.26,2013,28
2024-05-18,Paid Search,Paid - Shopping,18.19,833,18
2024-05-19,Paid Search,Paid - Shopping,18.19,1079,20
2024-05-20,Paid Search,Paid - Shopping,25.26,1403,26
2024-05-21,Paid Search,Paid - Shopping,25.26,1621,27
2024-05-22,Paid Search,Paid - Shopping,25.26,940,28
2024-05-23,Paid Search,Paid - Shopping,25.26,820,26
2024-05-24,Paid Search,Paid - Shopping,25.26,816,24
2024-05-25,Paid Search,Paid - Shopping,18.19,712,20
2024-05-26,Paid Search,Paid - Shopping,18.19,1146,18
2024-05-27,Paid Search,Paid - Shopping,25.26,1187,24
2024-05-28,Paid Search,Paid - Shopping,25.26,1459,28
2024-05-29,Paid Search,Paid - Shopping,25.26,1286,24
2024-05-30,Paid Search,Paid - Shopping,25.26,759,25
2024-05-31,Paid Search,Paid - Shopping,25.26,1644,27
2024-05-01,Paid Social,Paid - Prospecting,10.32,993,26
2024-05-02,Paid Social,Paid - Prospecting,10.32,1206,22
2024-05-03,Paid Social,Paid - Prospecting,10.32,1317,25
2024-05-04,Paid Social,Paid - Prospecting,7.43,1016,18
2024-05-05,Paid Social,Paid - Prospecting,7.43,975,18
2024-05-06,Paid Social,Paid - Prospecting,10.32,1339,23
2024-05-07,Paid Social,Paid - Prospecting,10.32,1158,25
2024-05-08,Paid Social,Paid - Prospecting,10.32,761,25
2024-05-09,Paid Social,Paid - Prospecting,10.32,697,23
2024-05-10,Paid Social,Paid - Prospecting,10.32,1398,22
2024-05-11,Paid Social,Paid - Prospecting,7.43,868,17
2024-05-12,Paid Social,Paid - Prospecting,7.43,448,16
2024-05-13,Paid Social,Paid - Prospecting,10.32,1601,22
2024-05-14,Paid Social,Paid - Prospecting,10.32,1149,25
2024-05-15,Paid Social,Paid - Prospecting,10.32,790,26
2024-05-16,Paid Social,Paid - Prospecting,10.32,1392,25
2024-05-17,Paid Social,Paid - Prospecting,10.32,896,25
2024-05-18,Paid Social,Paid - Prospecting,7.43,1012,19
2024-05-19,Paid Social,Paid - Prospecting,7.43,517,16
2024-05-20,Paid Social,Paid - Prospecting,10.32,1269,23
2024-05-21,Paid Social,Paid - Prospecting,10.32,1751,26
2024-05-22,Paid Social,Paid - Prospecting,10.32,937,25
2024-05-23,Paid Social,Paid - Prospecting,10.32,849,25
2024-05-24,Paid Social,Paid - Prospecting,10.32,1442,24
2024-05-25,Paid Social,Paid - Prospecting,7.43,633,18
2024-05-26,Paid Social,Paid - Prospecting,7.43,1118,17
2024-05-27,Paid Social,Paid - Prospecting,10.32,1574,25
2024-05-28,Paid Social,Paid - Prospecting,10.32,1404,23
2024-05-29,Paid Social,Paid - Prospecting,10.32,864,25
2024-05-30,Paid Social,Paid - Prospecting,10.32,900,26
2024-05-31,Paid Social,Paid - Prospecting,10.32,842,24
2024-05-01,Paid Social,Paid - Retargeting,21.71,3994,55
2024-05-02,Paid Social,Paid - Retargeting,21.71,2313,47
2024-05-03,Paid Social,Paid - Retargeting,21.71,1474,48
2024-05-04,Paid Social,Paid - Retargeting,15.63,2535,40
2024-05-05,Paid Social,Paid - Retargeting,15.63,1214,35
2024-05-06,Paid Social,Paid - Retargeting,21.71,2654,56
2024-05-07,Paid Social,Paid - Retargeting,21.71,3676,51
2024-05-08,Paid Social,Paid - Retargeting,21.71,2528,49
2024-05-09,Paid Social,Paid - Retargeting,21.71,3416,54
2024-05-10,Paid Social,Paid - Retargeting,21.71,3149,53
2024-05-11,Paid Social,Paid - Retargeting,15.63,1897,37
2024-05-12,Paid Social,Paid - Retargeting,15.63,1958,35
2024-05-13,Paid Social,Paid - Retargeting,21.71,2020,46
2024-05-14,Paid Social,Paid - Retargeting,21.71,2881,55
2024-05-15,Paid Social,Paid - Retargeting,21.71,2799,54
2024-05-16,Paid Social,Paid - Retargeting,21.71,3340,55
2024-05-17,Paid Social,Paid - Retargeting,21.71,2748,53
2024-05-18,Paid Social,Paid - Retargeting,15.63,1790,38
2024-05-19,Paid Social,Paid - Retargeting,15.63,1848,37
2024-05-20,Paid Social,Paid - Retargeting,21.71,3231,56
2024-05-21,Paid Social,Paid - Retargeting,21.71,3227,51
2024-05-22,Paid Social,Paid - Retargeting,21.71,2438,55
2024-05-23,Paid Social,Paid - Retargeting,21.71,1470,51
2024-05-24,Paid Social,Paid - Retargeting,21.71,2391,56
2024-05-25,Paid Social,Paid - Retargeting,15.63,1309,35
2024-05-26,Paid Social,Paid - Retargeting,15.63,1392,36
2024-05-27,Paid Social,Paid - Retargeting,21.71,3570,55
2024-05-28,Paid Social,Paid - Retargeting,21.71,2672,46
2024-05-29,Paid Social,Paid - Retargeting,21.71,2668,55
2024-05-30,Paid Social,Paid - Retargeting,21.71,2372,55
2024-05-31,Paid Social,Paid - Retargeting,21.71,2351,47
2024-05-01,Paid Social,Paid - Creator,12.42,2265,32
2024-05-02,Paid Social,Paid - Creator,12.42,1570,31
2024-05-03,Paid Social,Paid - Creator,12.42,1341,30
2024-05-04,Paid Social,Paid - Creator,8.94,1473,23
2024-05-05,Paid Social,Paid - Creator,8.94,1405,22
2024-05-06,Paid Social,Paid - Creator,12.42,1103,28
2024-05-07,Paid Social,Paid - Creator,12.42,1681,29
2024-05-08,Paid Social,Paid - Creator,12.42,1510,27
2024-05-09,Paid Social,Paid - Creator,12.42,1304,30
2024-05-10,Paid Social,Paid - Creator,12.42,1760,27
2024-05-11,Paid Social,Paid - Creator,8.94,948,20
2024-05-12,Paid Social,Paid - Creator,8.94,1411,21
2024-05-13,Paid Social,Paid - Creator,12.42,960,27
2024-05-14,Paid Social,Paid - Creator,12.42,1401,32
2024-05-15,Paid Social,Paid - Creator,12.42,1712,27
2024-05-16,Paid Social,Paid - Creator,12.42,1198,28
2024-05-17,Paid Social,Paid - Creator,12.42,1822,30
2024-05-18,Paid Social,Paid - Creator,8.94,1283,23
2024-05-19,Paid Social,Paid - Creator,8.94,1263,21
2024-05-20,Paid Social,Paid - Creator,12.42,1836,30
2024-05-21,Paid Social,Paid - Creator,12.42,897,26
2024-05-22,Paid Social,Paid - Creator,12.42,1336,31
2024-05-23,Paid Social,Paid - Creator,12.42,1350,27
2024-05-24,Paid Social,Paid - Creator,12.42,1415,32
2024-05-25,Paid Social,Paid - Creator,8.94,831,20
2024-05-26,Paid Social,Paid - Creator,8.94,985,20
2024-05-27,Paid Social,Paid - Creator,12.42,1941,32
2024-05-28,Paid Social,Paid - Creator,12.42,1526,30
2024-05-29,Paid Social,Paid - Creator,12.42,1282,28
2024-05-30,Paid Social,Paid - Creator,12.42,1308,29
2024-05-31,Paid Social,Paid - Creator,12.42,1460,28
2024-05-01,Affiliate,Affiliate - Cashback,13.83,1071,19
2024-05-02,Affiliate,Affiliate - Cashback,13.83,1263,19
2024-05-03,Affiliate,Affiliate - Cashback,13.83,927,21
2024-05-04,Affiliate,Affiliate - Cashback,9.96,1056,15
2024-05-05,Affiliate,Affiliate - Cashback,9.96,661,15
2024-05-06,Affiliate,Affiliate - Cashback,13.83,1317,21
2024-05-07,Affiliate,Affiliate - Cashback,13.83,631,20
2024-05-08,Affiliate,Affiliate - Cashback,13.83,1101,19
2024-05-09,Affiliate,Affiliate - Cashback,13.83,885,20
2024-05-10,Affiliate,Affiliate - Cashback,13.83,981,20
2024-05-11,Affiliate,Affiliate - Cashback,9.96,464,15
2024-05-12,Affiliate,Affiliate - Cashback,9.96,791,15
2024-05-13,Affiliate,Affiliate - Cashback,13.83,671,20
2024-05-14,Affiliate,Affiliate - Cashback,13.83,530,18
2024-05-15,Affiliate,Affiliate - Cashback,13.83,950,19
2024-05-16,Affiliate,Affiliate - Cashback,13.83,805,19
2024-05-17,Affiliate,Affiliate - Cashback,13.83,882,19
2024-05-18,Affiliate,Affiliate - Cashback,9.96,992,14
2024-05-19,Affiliate,Affiliate - Cashback,9.96,683,14
2024-05-20,Affiliate,Affiliate - Cashback,13.83,1076,20
2024-05-21,Affiliate,Affiliate - Cashback,13.83,619,20
2024-05-22,Affiliate,Affiliate - Cashback,13.83,1398,20
2024-05-23,Affiliate,Affiliate - Cashback,13.83,1472,21
2024-05-24,Affiliate,Affiliate - Cashback,13.83,976,20
2024-05-25,Affiliate,Affiliate - Cashback,9.96,1009,14
2024-05-26,Affiliate,Affiliate - Cashback,9.96,935,16
2024-05-27,Affiliate,Affiliate - Cashback,13.83,1553,22
2024-05-28,Affiliate,Affiliate - Cashback,13.83,771,21
2024-05-29,Affiliate,Affiliate - Cashback,13.83,1116,21
2024-05-30,Affiliate,Affiliate - Cashback,13.83,839,21
2024-05-31,Affiliate,Affiliate - Cashback,13.83,601,20
2024-05-01,Affiliate,Affiliate - Content,15.47,1119,23
2024-05-02,Affiliate,Affiliate - Content,15.47,1334,24
2024-05-03,Affiliate,Affiliate - Content,15.47,1109,21
2024-05-04,Affiliate,Affiliate - Content,11.14,904,16
2024-05-05,Affiliate,Affiliate - Content,11.14,457,15
2024-05-06,Affiliate,Affiliate - Content,15.47,1254,24
2024-05-07,Affiliate,Affiliate - Content,15.47,861,20
2024-05-08,Affiliate,Affiliate - Content,15.47,1608,23
2024-05-09,Affiliate,Affiliate - Content,15.47,975,23
2024-05-10,Affiliate,Affiliate - Content,15.47,613,20
2024-05-11,Affiliate,Affiliate - Content,11.14,754,15
2024-05-12,Affiliate,Affiliate - Content,11.14,901,15
2024-05-13,Affiliate,Affiliate - Content,15.47,1246,21
2024-05-14,Affiliate,Affiliate - Content,15.47,1612,24
2024-05-15,Affiliate,Affiliate - Content,15.47,1166,23
2024-05-16,Affiliate,Affiliate - Content,15.47,1236,24
2024-05-17,Affiliate,Affiliate - Content,15.47,1400,22
2024-05-18,Affiliate,Affiliate - Content,11.14,1153,16
2024-05-19,Affiliate,Affiliate - Content,11.14,1111,16
2024-05-20,Affiliate,Affiliate - Content,15.47,1363,24
2024-05-21,Affiliate,Affiliate - Content,15.47,1450,21
2024-05-22,Affiliate,Affiliate - Content,15.47,1012,24
2024-05-23,Affiliate,Affiliate - Content,15.47,845,22
2024-05-24,Affiliate,Affiliate - Content,15.47,1001,25
2024-05-25,Affiliate,Affiliate - Content,11.14,596,17
2024-05-26,Affiliate,Affiliate - Content,11.14,513,15
2024-05-27,Affiliate,Affiliate - Content,15.47,1336,24
2024-05-28,Affiliate,Affiliate - Content,15.47,951,21
2024-05-29,Affiliate,Affiliate - Content,15.47,1150,23
2024-05-30,Affiliate,Affiliate - Content,15.47,1375,22
2024-05-31,Affiliate,Affiliate - Content,15.47,908,22
2024-05-01,Affiliate,Affiliate - Voucher,21.06,1824,28
2024-05-02,Affiliate,Affiliate - Voucher,21.06,1555,29
2024-05-03,Affiliate,Affiliate - Voucher,21.06,1417,33
2024-05-04,Affiliate,Affiliate - Voucher,15.16,1637,24
2024-05-05,Affiliate,Affiliate - Voucher,15.16,803,24
2024-05-06,Affiliate,Affiliate - Voucher,21.06,1947,33
2024-05-07,Affiliate,Affiliate - Voucher,21.06,2343,32
2024-05-08,Affiliate,Affiliate - Voucher,21.06,2050,33
2024-05-09,Affiliate,Affiliate - Voucher,21.06,2219,33
2024-05-10,Affiliate,Affiliate - Voucher,21.06,2258,32
2024-05-11,Affiliate,Affiliate - Voucher,15.16,987,20
2024-05-12,Affiliate,Affiliate - Voucher,15.16,1146,22
2024-05-13,Affiliate,Affiliate - Voucher,21.06,1356,29
2024-05-14,Affiliate,Affiliate - Voucher,21.06,1830,30
2024-05-15,Affiliate,Affiliate - Voucher,21.06,1043,31
2024-05-16,Affiliate,Affiliate - Voucher,21.06,1717,28
2024-05-17,Affiliate,Affiliate - Voucher,21.06,879,31
2024-05-18,Affiliate,Affiliate - Voucher,15.16,668,21
2024-05-19,Affiliate,Affiliate - Voucher,15.16,744,22
2024-05-20,Affiliate,Affiliate - Voucher,21.06,1083,29
2024-05-21,Affiliate,Affiliate - Voucher,21.06,1816,28
2024-05-22,Affiliate,Affiliate - Voucher,21.06,1404,32
2024-05-23,Affiliate,Affiliate - Voucher,21.06,1206,31
2024-05-24,Affiliate,Affiliate - Voucher,21.06,1131,30
2024-05-25,Affiliate,Affiliate - Voucher,15.16,1458,22
2024-05-26,Affiliate,Affiliate - Voucher,15.16,1325,21
2024-05-27,Affiliate,Affiliate - Voucher,21.06,1302,32
2024-05-28,Affiliate,Affiliate - Voucher,21.06,1312,33
2024-05-29,Affiliate,Affiliate - Voucher,21.06,1350,28
2024-05-30,Affiliate,Affiliate - Voucher,21.06,1441,29
2024-05-31,Affiliate,Affiliate - Voucher,21.06,1754,33
2024-05-01,Email & CRM,Email - Lifecycle,4.73,1689,42
2024-05-02,Email & CRM,Email - Lifecycle,4.73,2686,42
2024-05-03,Email & CRM,Email - Lifecycle,4.73,1197,35
2024-05-04,Email & CRM,Email - Lifecycle,3.40,1121,28
2024-05-05,Email & CRM,Email - Lifecycle,3.40,1094,26
2024-05-06,Email & CRM,Email - Lifecycle,4.73,1312,42
2024-05-07,Email & CRM,Email - Lifecycle,4.73,1712,42
2024-05-08,Email & CRM,Email - Lifecycle,4.73,2599,38
2024-05-09,Email & CRM,Email - Lifecycle,4.73,3007,41
2024-05-10,Email & CRM,Email - Lifecycle,4.73,2417,40
2024-05-11,Email & CRM,Email - Lifecycle,3.40,1899,28
2024-05-12,Email & CRM,Email - Lifecycle,3.40,1042,26
2024-05-13,Email & CRM,Email - Lifecycle,4.73,1432,42
2024-05-14,Email & CRM,Email - Lifecycle,4.73,1826,41
2024-05-15,Email & CRM,Email - Lifecycle,4.73,1188,39
2024-05-16,Email & CRM,Email - Lifecycle,4.73,2324,39
2024-05-17,Email & CRM,Email - Lifecycle,4.73,2354,38
2024-05-18,Email & CRM,Email - Lifecycle,3.40,1733,28
2024-05-19,Email & CRM,Email - Lifecycle,3.40,1658,29
2024-05-20,Email & CRM,Email - Lifecycle,4.73,2281,38
2024-05-21,Email & CRM,Email - Lifecycle,4.73,2278,41
2024-05-22,Email & CRM,Email - Lifecycle,4.73,2364,38
2024-05-23,Email & CRM,Email - Lifecycle,4.73,993,35
2024-05-24,Email & CRM,Email - Lifecycle,4.73,1986,42
2024-05-25,Email & CRM,Email - Lifecycle,3.40,1463,28
2024-05-26,Email & CRM,Email - Lifecycle,3.40,2019,29
2024-05-27,Email & CRM,Email - Lifecycle,4.73,1832,41
2024-05-28,Email & CRM,Email - Lifecycle,4.73,2354,37
2024-05-29,Email & CRM,Email - Lifecycle,4.73,2203,37
2024-05-30,Email & CRM,Email - Lifecycle,4.73,1708,42
2024-05-31,Email & CRM,Email - Lifecycle,4.73,2878,40
2024-05-01,Email & CRM,Email - Winback,2.25,1246,20
2024-05-02,Email & CRM,Email - Winback,2.25,1308,19
2024-05-03,Email & CRM,Email - Winback,2.25,1119,17
2024-05-04,Email & CRM,Email - Winback,1.62,662,14
2024-05-05,Email & CRM,Email - Winback,1.62,763,13
2024-05-06,Email & CRM,Email - Winback,2.25,939,18
2024-05-07,Email & CRM,Email - Winback,2.25,819,19
2024-05-08,Email & CRM,Email - Winback,2.25,855,16
2024-05-09,Email & CRM,Email - Winback,2.25,715,16
2024-05-10,Email & CRM,Email - Winback,2.25,818,17
2024-05-11,Email & CRM,Email - Winback,1.62,1019,14
2024-05-12,Email & CRM,Email - Winback,1.62,562,12
2024-05-13,Email & CRM,Email - Winback,2.25,1031,20
2024-05-14,Email & CRM,Email - Winback,2.25,829,17
2024-05-15,Email & CRM,Email - Winback,2.25,863,17
2024-05-16,Email & CRM,Email - Winback,2.25,1209,18
2024-05-17,Email & CRM,Email - Winback,2.25,480,17
2024-05-18,Email & CRM,Email - Winback,1.62,438,13
2024-05-19,Email & CRM,Email - Winback,1.62,811,14
2024-05-20,Email & CRM,Email - Winback,2.25,790,20
2024-05-21,Email & CRM,Email - Winback,2.25,1391,19
2024-05-22,Email & CRM,Email - Winback,2.25,668,19
2024-05-23,Email & CRM,Email - Winback,2.25,1071,20
2024-05-24,Email & CRM,Email - Winback,2.25,1083,20
2024-05-25,Email & CRM,Email - Winback,1.62,854,12
2024-05-26,Email & CRM,Email - Winback,1.62,1005,14
2024-05-27,Email & CRM,Email - Winback,2.25,1171,17
2024-05-28,Email & CRM,Email - Winback,2.25,913,18
2024-05-29,Email & CRM,Email - Winback,2.25,1285,19
2024-05-30,Email & CRM,Email - Winback,2.25,882,17
2024-05-31,Email & CRM,Email - Winback,2.25,933,17
2024-05-01,Marketplace,Marketplace - Sponsored Listings,35.40,3200,60
2024-05-02,Marketplace,Marketplace - Sponsored Listings,35.40,3596,66
2024-05-03,Marketplace,Marketplace - Sponsored Listings,35.40,2477,59
2024-05-04,Marketplace,Marketplace - Sponsored Listings,25.49,1376,44
2024-05-05,Marketplace,Marketplace - Sponsored Listings,25.49,2560,43
2024-05-06,Marketplace,Marketplace - Sponsored Listings,35.40,4548,68
2024-05-07,Marketplace,Marketplace - Sponsored Listings,35.40,2555,66
2024-05-08,Marketplace,Marketplace - Sponsored Listings,35.40,3980,67
2024-05-09,Marketplace,Marketplace - Sponsored Listings,35.40,3913,68
2024-05-10,Marketplace,Marketplace - Sponsored Listings,35.40,3671,67
2024-05-11,Marketplace,Marketplace - Sponsored Listings,25.49,3322,49
2024-05-12,Marketplace,Marketplace - Sponsored Listings,25.49,2204,47
2024-05-13,Marketplace,Marketplace - Sponsored Listings,35.40,4397,67
2024-05-14,Marketplace,Marketplace - Sponsored Listings,35.40,3892,62
2024-05-15,Marketplace,Marketplace - Sponsored Listings,35.40,2935,66
2024-05-16,Marketplace,Marketplace - Sponsored Listings,35.40,1859,60
2024-05-17,Marketplace,Marketplace - Sponsored Listings,35.40,3589,60
2024-05-18,Marketplace,Marketplace - Sponsored Listings,25.49,1550,48
2024-05-19,Marketplace,Marketplace - Sponsored Listings,25.49,2378,49
2024-05-20,Marketplace,Marketplace - Sponsored Listings,35.40,3450,63
2024-05-21,Marketplace,Marketplace - Sponsored Listings,35.40,2449,65
2024-05-22,Marketplace,Marketplace - Sponsored Listings,35.40,1816,62
2024-05-23,Marketplace,Marketplace - Sponsored Listings,35.40,3945,62
2024-05-24,Marketplace,Marketplace - Sponsored Listings,35.40,2457,65
2024-05-25,Marketplace,Marketplace - Sponsored Listings,25.49,1990,46
2024-05-26,Marketplace,Marketplace - Sponsored Listings,25.49,2325,42
2024-05-27,Marketplace,Marketplace - Sponsored Listings,35.40,2230,63
2024-05-28,Marketplace,Marketplace - Sponsored Listings,35.40,4154,67
2024-05-29,Marketplace,Marketplace - Sponsored Listings,35.40,1954,61
2024-05-30,Marketplace,Marketplace - Sponsored Listings,35.40,2116,69
2024-05-31,Marketplace,Marketplace - Sponsored Listings,35.40,3421,65
2024-06-01,Organic Search,Organic - SEO Content,4.81,6040,98
2024-06-02,Organic Search,Organic - SEO Content,4.81,5257,90
2024-06-03,Organic Search,Organic - SEO Content,6.68,6549,130
2024-06-04,Organic Search,Organic - SEO Content,6.68,3856,125
2024-06-05,Organic Search,Organic - SEO Content,6.68,6185,133
2024-06-06,Organic Search,Organic - SEO Content,6.68,8522,126
2024-06-07,Organic Search,Organic - SEO Content,6.68,9276,135
2024-06-08,Organic Search,Organic - SEO Content,4.81,6132,91
2024-06-09,Organic Search,Organic - SEO Content,4.81,5893,93
2024-06-10,Organic Search,Organic - SEO Content,6.68,4363,140
2024-06-11,Organic Search,Organic - SEO Content,6.68,4338,146
2024-06-12,Organic Search,Organic - SEO Content,6.68,4095,123
2024-06-13,Organic Search,Organic - SEO Content,6.68,5281,129
2024-06-14,Organic Search,Organic - SEO Content,6.68,6778,126
2024-06-15,Organic Search,Organic - SEO Content,4.81,5397,87
2024-06-16,Organic Search,Organic - SEO Content,4.81,3323,98
2024-06-17,Organic Search,Organic - SEO Content,6.68,5876,130
2024-06-18,Organic Search,Organic - SEO Content,6.68,3961,138
2024-06-19,Organic Search,Organic - SEO Content,6.68,6720,121
2024-06-20,Organic Search,Organic - SEO Content,6.68,8989,146
2024-06-21,Organic Search,Organic - SEO Content,6.68,5683,141
2024-06-22,Organic Search,Organic - SEO Content,4.81,3425,100
2024-06-23,Organic Search,Organic - SEO Content,4.81,3873,91
2024-06-24,Organic Search,Organic - SEO Content,6.68,10389,144
2024-06-25,Organic Search,Organic - SEO Content,6.68,8041,122
2024-06-26,Organic Search,Organic - SEO Content,6.68,4249,145
2024-06-27,Organic Search,Organic - SEO Content,6.68,8721,120
2024-06-28,Organic Search,Organic - SEO Content,6.68,8900,140
2024-06-29,Organic Search,Organic - SEO Content,4.81,4473,99
2024-06-30,Organic Search,Organic - SEO Content,4.81,5612,102
2024-06-01,Paid Search,Paid - Brand,13.28,573,14
2024-06-02,Paid Search,Paid - Brand,13.28,929,13
2024-06-03,Paid Search,Paid - Brand,18.45,673,20
2024-06-04,Paid Search,Paid - Brand,18.45,1296,19
2024-06-05,Paid Search,Paid - Brand,18.45,939,18
2024-06-06,Paid Search,Paid - Brand,18.45,1124,19
2024-06-07,Paid Search,Paid - Brand,18.45,1156,20
2024-06-08,Paid Search,Paid - Brand,13.28,588,12
2024-06-09,Paid Search,Paid - Brand,13.28,762,15
2024-06-10,Paid Search,Paid - Brand,18.45,1296,21
2024-06-11,Paid Search,Paid - Brand,18.45,1089,20
2024-06-12,Paid Search,Paid - Brand,18.45,872,19
2024-06-13,Paid Search,Paid - Brand,18.45,987,20
2024-06-14,Paid Search,Paid - Brand,18.45,1168,19
2024-06-15,Paid Search,Paid - Brand,13.28,848,15
2024-06-16,Paid Search,Paid - Brand,13.28,869,15
2024-06-17,Paid Search,Paid - Brand,18.45,562,18
2024-06-18,Paid Search,Paid - Brand,18.45,593,18
2024-06-19,Paid Search,Paid - Brand,18.45,884,17
2024-06-20,Paid Search,Paid - Brand,18.45,560,19
2024-06-21,Paid Search,Paid - Brand,18.45,996,18
2024-06-22,Paid Search,Paid - Brand,13.28,534,13
2024-06-23,Paid Search,Paid - Brand,13.28,339,12
2024-06-24,Paid Search,Paid - Brand,18.45,595,18
2024-06-25,Paid Search,Paid - Brand,18.45,1346,19
2024-06-26,Paid Search,Paid - Brand,18.45,926,19
2024-06-27,Paid Search,Paid - Brand,18.45,730,18
2024-06-28,Paid Search,Paid - Brand,18.45,1214,17
2024-06-29,Paid Search,Paid - Brand,13.28,408,12
2024-06-30,Paid Search,Paid - Brand,13.28,777,14
2024-06-01,Paid Search,Paid - Generic,24.03,1071,25
2024-06-02,Paid Search,Paid - Generic,24.03,1449,24
2024-06-03,Paid Search,Paid - Generic,33.38,1320,33
2024-06-04,Paid Search,Paid - Generic,33.38,928,33
2024-06-05,Paid Search,Paid - Generic,33.38,1912,32
2024-06-06,Paid Search,Paid - Generic,33.38,1115,36
2024-06-07,Paid Search,Paid - Generic,33.38,2135,36
2024-06-08,Paid Search,Paid - Generic,24.03,1362,26
2024-06-09,Paid Search,Paid - Generic,24.03,1477,24
2024-06-10,Paid Search,Paid - Generic,33.38,1086,37
2024-06-11,Paid Search,Paid - Generic,33.38,2117,37
2024-06-12,Paid Search,Paid - Generic,33.38,2640,37
2024-06-13,Paid Search,Paid - Generic,33.38,1752,38
2024-06-14,Paid Search,Paid - Generic,33.38,1759,33
2024-06-15,Paid Search,Paid - Generic,24.03,1191,24
2024-06-16,Paid Search,Paid - Generic,24.03,835,24
2024-06-17,Paid Search,Paid - Generic,33.38,2150,35
2024-06-18,Paid Search,Paid - Generic,33.38,898,32
2024-06-19,Paid Search,Paid - Generic,33.38,2010,37
2024-06-20,Paid Search,Paid - Generic,33.38,2182,33
2024-06-21,Paid Search,Paid - Generic,33.38,993,32
2024-06-22,Paid Search,Paid - Generic,24.03,761,22
2024-06-23,Paid Search,Paid - Generic,24.03,1559,24
2024-06-24,Paid Search,Paid - Generic,33.38,1538,36
2024-06-25,Paid Search,Paid - Generic,33.38,1908,36
2024-06-26,Paid Search,Paid - Generic,33.38,1409,37
2024-06-27,Paid Search,Paid - Generic,33.38,2139,38
2024-06-28,Paid Search,Paid - Generic,33.38,2403,37
2024-06-29,Paid Search,Paid - Generic,24.03,1130,22
2024-06-30,Paid Search,Paid - Generic,24.03,1129,23
2024-06-01,Paid Search,Paid - Shopping,18.23,941,19
2024-06-02,Paid Search,Paid - Shopping,18.23,1286,20
2024-06-03,Paid Search,Paid - Shopping,25.32,1073,24
2024-06-04,Paid Search,Paid - Shopping,25.32,1873,27
2024-06-05,Paid Search,Paid - Shopping,25.32,1741,27
2024-06-06,Paid Search,Paid - Shopping,25.32,1468,28
2024-06-07,Paid Search,Paid - Shopping,25.32,1096,25
2024-06-08,Paid Search,Paid - Shopping,18.23,969,20
2024-06-09,Paid Search,Paid - Shopping,18.23,961,20
2024-06-10,Paid Search,Paid - Shopping,25.32,1299,26
2024-06-11,Paid Search,Paid - Shopping,25.32,1321,24
2024-06-12,Paid Search,Paid - Shopping,25.32,732,24
2024-06-13,Paid Search,Paid - Shopping,25.32,1159,24
2024-06-14,Paid Search,Paid - Shopping,25.32,1296,27
2024-06-15,Paid Search,Paid - Shopping,18.23,843,18
2024-06-16,Paid Search,Paid - Shopping,18.23,537,17
2024-06-17,Paid Search,Paid - Shopping,25.32,1273,28
2024-06-18,Paid Search,Paid - Shopping,25.32,812,28
2024-06-19,Paid Search,Paid - Shopping,25.32,1425,24
2024-06-20,Paid Search,Paid - Shopping,25.32,858,24
2024-06-21,Paid Search,Paid - Shopping,25.32,1427,26
2024-06-22,Paid Search,Paid - Shopping,18.23,617,20
2024-06-23,Paid Search,Paid - Shopping,18.23,861,19
2024-06-24,Paid Search,Paid - Shopping,25.32,1664,25
2024-06-25,Paid Search,Paid - Shopping,25.32,886,25
2024-06-26,Paid Search,Paid - Shopping,25.32,1014,25
2024-06-27,Paid Search,Paid - Shopping,25.32,1119,25
2024-06-28,Paid Search,Paid - Shopping,25.32,1641,26
2024-06-29,Paid Search,Paid - Shopping,18.23,883,18
2024-06-30,Paid Search,Paid - Shopping,18.23,932,18
2024-06-01,Paid Social,Paid - Prospecting,15.87,1741,36
2024-06-02,Paid Social,Paid - Prospecting,15.87,1119,37
2024-06-03,Paid Social,Paid - Prospecting,22.04,2773,55
2024-06-04,Paid Social,Paid - Prospecting,22.04,2794,49
2024-06-05,Paid Social,Paid - Prospecting,22.04,2238,51
2024-06-06,Paid Social,Paid - Prospecting,22.04,2857,50
2024-06-07,Paid Social,Paid - Prospecting,22.04,2947,52
2024-06-08,Paid Social,Paid - Prospecting,15.87,1416,37
2024-06-09,Paid Social,Paid - Prospecting,15.87,1762,35
2024-06-10,Paid Social,Paid - Prospecting,22.04,3019,50
2024-06-11,Paid Social,Paid - Prospecting,22.04,3623,55
2024-06-12,Paid Social,Paid - Prospecting,22.04,2835,54
2024-06-13,Paid Social,Paid - Prospecting,22.04,3036,51
2024-06-14,Paid Social,Paid - Prospecting,22.04,3964,56
2024-06-15,Paid Social,Paid - Prospecting,15.87,1183,35
2024-06-16,Paid Social,Paid - Prospecting,15.87,1039,35
2024-06-17,Paid Social,Paid - Prospecting,22.04,2471,47
2024-06-18,Paid Social,Paid - Prospecting,22.04,3152,50
2024-06-19,Paid Social,Paid - Prospecting,22.04,2880,53
2024-06-20,Paid Social,Paid - Prospecting,22.04,3187,47
2024-06-21,Paid Social,Paid - Prospecting,22.04,2164,51
2024-06-22,Paid Social,Paid - Prospecting,15.87,1131,40
2024-06-23,Paid Social,Paid - Prospecting,15.87,1481,36
2024-06-24,Paid Social,Paid - Prospecting,22.04,3550,54
2024-06-25,Paid Social,Paid - Prospecting,22.04,2657,51
2024-06-26,Paid Social,Paid - Prospecting,22.04,4051,56
2024-06-27,Paid Social,Paid - Prospecting,22.04,1470,50
2024-06-28,Paid Social,Paid - Prospecting,22.04,1494,53
2024-06-29,Paid Social,Paid - Prospecting,15.87,1720,39
2024-06-30,Paid Social,Paid - Prospecting,15.87,1778,34
2024-06-01,Paid Social,Paid - Retargeting,15.08,1404,32
2024-06-02,Paid Social,Paid - Retargeting,15.08,1125,36
2024-06-03,Paid Social,Paid - Retargeting,20.94,2999,47
2024-06-04,Paid Social,Paid - Retargeting,20.94,3914,53
2024-06-05,Paid Social,Paid - Retargeting,20.94,3894,54
2024-06-06,Paid Social,Paid - Retargeting,20.94,2506,53
2024-06-07,Paid Social,Paid - Retargeting,20.94,3240,47
2024-06-08,Paid Social,Paid - Retargeting,15.08,1719,32
2024-06-09,Paid Social,Paid - Retargeting,15.08,1611,33
2024-06-10,Paid Social,Paid - Retargeting,20.94,2696,54
2024-06-11,Paid Social,Paid - Retargeting,20.94,2617,48
2024-06-12,Paid Social,Paid - Retargeting,20.94,3373,52
2024-06-13,Paid Social,Paid - Retargeting,20.94,2092,53
2024-06-14,Paid Social,Paid - Retargeting,20.94,2362,53
2024-06-15,Paid Social,Paid - Retargeting,15.08,1126,32
2024-06-16,Paid Social,Paid - Retargeting,15.08,2199,35
2024-06-17,Paid Social,Paid - Retargeting,20.94,2816,51
2024-06-18,Paid Social,Paid - Retargeting,20.94,3268,51
2024-06-19,Paid Social,Paid - Retargeting,20.94,3040,47
2024-06-20,Paid Social,Paid - Retargeting,20.94,3452,47
2024-06-21,Paid Social,Paid - Retargeting,20.94,2883,46
2024-06-22,Paid Social,Paid - Retargeting,15.08,1069,35
2024-06-23,Paid Social,Paid - Retargeting,15.08,1302,39
2024-06-24,Paid Social,Paid - Retargeting,20.94,2587,49
2024-06-25,Paid Social,Paid - Retargeting,20.94,1584,52
2024-06-26,Paid Social,Paid - Retargeting,20.94,2415,47
2024-06-27,Paid Social,Paid - Retargeting,20.94,1577,51
2024-06-28,Paid Social,Paid - Retargeting,20.94,3357,48
2024-06-29,Paid Social,Paid - Retargeting,15.08,1053,32
2024-06-30,Paid Social,Paid - Retargeting,15.08,1792,37
2024-06-01,Paid Social,Paid - Creator,9.72,1199,23
2024-06-02,Paid Social,Paid - Creator,9.72,1483,22
2024-06-03,Paid Social,Paid - Creator,13.50,1297,32
2024-06-04,Paid Social,Paid - Creator,13.50,1199,31
2024-06-05,Paid Social,Paid - Creator,13.50,1423,32
2024-06-06,Paid Social,Paid - Creator,13.50,1363,31
2024-06-07,Paid Social,Paid - Creator,13.50,1870,33
2024-06-08,Paid Social,Paid - Creator,9.72,1517,23
2024-06-09,Paid Social,Paid - Creator,9.72,938,23
2024-06-10,Paid Social,Paid - Creator,13.50,1604,30
2024-06-11,Paid Social,Paid - Creator,13.50,1323,32
2024-06-12,Paid Social,Paid - Creator,13.50,1282,34
2024-06-13,Paid Social,Paid - Creator,13.50,2048,29
2024-06-14,Paid Social,Paid - Creator,13.50,1144,32
2024-06-15,Paid Social,Paid - Creator,9.72,1479,22
2024-06-16,Paid Social,Paid - Creator,9.72,1057,24
2024-06-17,Paid Social,Paid - Creator,13.50,1870,30
2024-06-18,Paid Social,Paid - Creator,13.50,1848,30
2024-06-19,Paid Social,Paid - Creator,13.50,1656,32
2024-06-20,Paid Social,Paid - Creator,13.50,1895,29
2024-06-21,Paid Social,Paid - Creator,13.50,2266,33
2024-06-22,Paid Social,Paid - Creator,9.72,1086,20
2024-06-23,Paid Social,Paid - Creator,9.72,1699,25
2024-06-24,Paid Social,Paid - Creator,13.50,1548,32
2024-06-25,Paid Social,Paid - Creator,13.50,1973,32
2024-06-26,Paid Social,Paid - Creator,13.50,1080,33
2024-06-27,Paid Social,Paid - Creator,13.50,1473,33
2024-06-28,Paid Social,Paid - Creator,13.50,1457,31
2024-06-29,Paid Social,Paid - Creator,9.72,829,25
2024-06-30,Paid Social,Paid - Creator,9.72,695,22
2024-06-01,Affiliate,Affiliate - Cashback,6.12,310,9
2024-06-02,Affiliate,Affiliate - Cashback,6.12,361,9
2024-06-03,Affiliate,Affiliate - Cashback,8.51,496,12
2024-06-04,Affiliate,Affiliate - Cashback,8.51,573,12
2024-06-05,Affiliate,Affiliate - Cashback,8.51,787,12
2024-06-06,Affiliate,Affiliate - Cashback,8.51,367,11
2024-06-07,Affiliate,Affiliate - Cashback,8.51,404,12
2024-06-08,Affiliate,Affiliate - Cashback,6.12,369,9
2024-06-09,Affiliate,Affiliate - Cashback,6.12,499,8
2024-06-10,Affiliate,Affiliate - Cashback,8.51,439,11
2024-06-11,Affiliate,Affiliate - Cashback,8.51,393,13
2024-06-12,Affiliate,Affiliate - Cashback,8.51,488,12
2024-06-13,Affiliate,Affiliate - Cashback,8.51,860,12
2024-06-14,Affiliate,Affiliate - Cashback,8.51,469,13
2024-06-15,Affiliate,Affiliate - Cashback,6.12,502,9
2024-06-16,Affiliate,Affiliate - Cashback,6.12,556,9
2024-06-17,Affiliate,Affiliate - Cashback,8.51,737,11
2024-06-18,Affiliate,Affiliate - Cashback,8.51,613,13
2024-06-19,Affiliate,Affiliate - Cashback,8.51,506,13
2024-06-20,Affiliate,Affiliate - Cashback,8.51,314,11
2024-06-21,Affiliate,Affiliate - Cashback,8.51,753,12
2024-06-22,Affiliate,Affiliate - Cashback,6.12,248,8
2024-06-23,Affiliate,Affiliate - Cashback,6.12,572,9
2024-06-24,Affiliate,Affiliate - Cashback,8.51,677,13
2024-06-25,Affiliate,Affiliate - Cashback,8.51,815,12
2024-06-26,Affiliate,Affiliate - Cashback,8.51,454,12
2024-06-27,Affiliate,Affiliate - Cashback,8.51,649,12
2024-06-28,Affiliate,Affiliate - Cashback,8.51,664,11
2024-06-29,Affiliate,Affiliate - Cashback,6.12,504,9
2024-06-30,Affiliate,Affiliate - Cashback,6.12,400,9
2024-06-01,Affiliate,Affiliate - Content,6.78,392,9
2024-06-02,Affiliate,Affiliate - Content,6.78,556,10
2024-06-03,Affiliate,Affiliate - Content,9.41,832,14
2024-06-04,Affiliate,Affiliate - Content,9.41,648,13
2024-06-05,Affiliate,Affiliate - Content,9.41,827,14
2024-06-06,Affiliate,Affiliate - Content,9.41,513,12
2024-06-07,Affiliate,Affiliate - Content,9.41,841,13
2024-06-08,Affiliate,Affiliate - Content,6.78,390,10
2024-06-09,Affiliate,Affiliate - Content,6.78,545,10
2024-06-10,Affiliate,Affiliate - Content,9.41,739,14
2024-06-11,Affiliate,Affiliate - Content,9.41,1045,15
2024-06-12,Affiliate,Affiliate - Content,9.41,411,12
2024-06-13,Affiliate,Affiliate - Content,9.41,808,13
2024-06-14,Affiliate,Affiliate - Content,9.41,859,13
2024-06-15,Affiliate,Affiliate - Content,6.78,417,9
2024-06-16,Affiliate,Affiliate - Content,6.78,408,10
2024-06-17,Affiliate,Affiliate - Content,9.41,483,12
2024-06-18,Affiliate,Affiliate - Content,9.41,769,13
2024-06-19,Affiliate,Affiliate - Content,9.41,940,15
2024-06-20,Affiliate,Affiliate - Content,9.41,891,15
2024-06-21,Affiliate,Affiliate - Content,9.41,654,12
2024-06-22,Affiliate,Affiliate - Content,6.78,690,10
2024-06-23,Affiliate,Affiliate - Content,6.78,421,9
2024-06-24,Affiliate,Affiliate - Content,9.41,951,13
2024-06-25,Affiliate,Affiliate - Content,9.41,542,12
2024-06-26,Affiliate,Affiliate - Content,9.41,1091,15
2024-06-27,Affiliate,Affiliate - Content,9.41,458,13
2024-06-28,Affiliate,Affiliate - Content,9.41,708,14
2024-06-29,Affiliate,Affiliate - Content,6.78,321,9
2024-06-30,Affiliate,Affiliate - Content,6.78,560,10
2024-06-01,Affiliate,Affiliate - Voucher,7.13,701,10
2024-06-02,Affiliate,Affiliate - Voucher,7.13,346,10
2024-06-03,Affiliate,Affiliate - Voucher,9.91,721,14
2024-06-04,Affiliate,Affiliate - Voucher,9.91,956,14
2024-06-05,Affiliate,Affiliate - Voucher,9.91,1039,15
2024-06-06,Affiliate,Affiliate - Voucher,9.91,1032,14
2024-06-07,Affiliate,Affiliate - Voucher,9.91,502,15
2024-06-08,Affiliate,Affiliate - Voucher,7.13,378,11
2024-06-09,Affiliate,Affiliate - Voucher,7.13,732,11
2024-06-10,Affiliate,Affiliate - Voucher,9.91,955,13
2024-06-11,Affiliate,Affiliate - Voucher,9.91,783,13
2024-06-12,Affiliate,Affiliate - Voucher,9.91,1101,15
2024-06-13,Affiliate,Affiliate - Voucher,9.91,921,15
2024-06-14,Affiliate,Affiliate - Voucher,9.91,671,15
2024-06-15,Affiliate,Affiliate - Voucher,7.13,367,9
2024-06-16,Affiliate,Affiliate - Voucher,7.13,705,11
2024-06-17,Affiliate,Affiliate - Voucher,9.91,392,13
2024-06-18,Affiliate,Affiliate - Voucher,9.91,824,15
2024-06-19,Affiliate,Affiliate - Voucher,9.91,525,13
2024-06-20,Affiliate,Affiliate - Voucher,9.91,914,14
2024-06-21,Affiliate,Affiliate - Voucher,9.91,938,13
2024-06-22,Affiliate,Affiliate - Voucher,7.13,630,9
2024-06-23,Affiliate,Affiliate - Voucher,7.13,703,10
2024-06-24,Affiliate,Affiliate - Voucher,9.91,988,15
2024-06-25,Affiliate,Affiliate - Voucher,9.91,899,15
2024-06-26,Affiliate,Affiliate - Voucher,9.91,1040,15
2024-06-27,Affiliate,Affiliate - Voucher,9.91,707,13
2024-06-28,Affiliate,Affiliate - Voucher,9.91,394,14
2024-06-29,Affiliate,Affiliate - Voucher,7.13,358,9
2024-06-30,Affiliate,Affiliate - Voucher,7.13,458,9
2024-06-01,Email & CRM,Email - Lifecycle,2.68,1166,22
2024-06-02,Email & CRM,Email - Lifecycle,2.68,1656,23
2024-06-03,Email & CRM,Email - Lifecycle,3.72,1116,32
2024-06-04,Email & CRM,Email - Lifecycle,3.72,2036,28
2024-06-05,Email & CRM,Email - Lifecycle,3.72,1329,29
2024-06-06,Email & CRM,Email - Lifecycle,3.72,1869,33
2024-06-07,Email & CRM,Email - Lifecycle,3.72,1921,28
2024-06-08,Email & CRM,Email - Lifecycle,2.68,1238,20
2024-06-09,Email & CRM,Email - Lifecycle,2.68,740,24
2024-06-10,Email & CRM,Email - Lifecycle,3.72,2239,33
2024-06-11,Email & CRM,Email - Lifecycle,3.72,1016,31
2024-06-12,Email & CRM,Email - Lifecycle,3.72,2114,31
2024-06-13,Email & CRM,Email - Lifecycle,3.72,1260,28
2024-06-14,Email & CRM,Email - Lifecycle,3.72,2065,30
2024-06-15,Email & CRM,Email - Lifecycle,2.68,838,22
2024-06-16,Email & CRM,Email - Lifecycle,2.68,929,23
2024-06-17,Email & CRM,Email - Lifecycle,3.72,1317,28
2024-06-18,Email & CRM,Email - Lifecycle,3.72,1391,31
2024-06-19,Email & CRM,Email - Lifecycle,3.72,2060,32
2024-06-20,Email & CRM,Email - Lifecycle,3.72,1275,28
2024-06-21,Email & CRM,Email - Lifecycle,3.72,1523,30
2024-06-22,Email & CRM,Email - Lifecycle,2.68,731,22
2024-06-23,Email & CRM,Email - Lifecycle,2.68,1566,22
2024-06-24,Email & CRM,Email - Lifecycle,3.72,1303,28
2024-06-25,Email & CRM,Email - Lifecycle,3.72,1192,32
2024-06-26,Email & CRM,Email - Lifecycle,3.72,960,28
2024-06-27,Email & CRM,Email - Lifecycle,3.72,1891,33
2024-06-28,Email & CRM,Email - Lifecycle,3.72,1577,32
2024-06-29,Email & CRM,Email - Lifecycle,2.68,1462,24
2024-06-30,Email & CRM,Email - Lifecycle,2.68,1302,20
2024-06-01,Email & CRM,Email - Winback,4.42,1330,39
2024-06-02,Email & CRM,Email - Winback,4.42,2530,36
2024-06-03,Email & CRM,Email - Winback,6.14,3124,54
2024-06-04,Email & CRM,Email - Winback,6.14,1524,50
2024-06-05,Email & CRM,Email - Winback,6.14,1815,47
2024-06-06,Email & CRM,Email - Winback,6.14,1998,47
2024-06-07,Email & CRM,Email - Winback,6.14,3332,47
2024-06-08,Email & CRM,Email - Winback,4.42,2658,36
2024-06-09,Email & CRM,Email - Winback,4.42,1515,34
2024-06-10,Email & CRM,Email - Winback,6.14,3529,48
2024-06-11,Email & CRM,Email - Winback,6.14,2936,47
2024-06-12,Email & CRM,Email - Winback,6.14,2651,50
2024-06-13,Email & CRM,Email - Winback,6.14,3353,52
2024-06-14,Email & CRM,Email - Winback,6.14,1847,52
2024-06-15,Email & CRM,Email - Winback,4.42,1320,38
2024-06-16,Email & CRM,Email - Winback,4.42,2868,39
2024-06-17,Email & CRM,Email - Winback,6.14,1978,52
2024-06-18,Email & CRM,Email - Winback,6.14,3554,54
2024-06-19,Email & CRM,Email - Winback,6.14,2056,55
2024-06-20,Email & CRM,Email - Winback,6.14,2369,46
2024-06-21,Email & CRM,Email - Winback,6.14,2167,54
2024-06-22,Email & CRM,Email - Winback,4.42,1006,34
2024-06-23,Email & CRM,Email - Winback,4.42,2573,35
2024-06-24,Email & CRM,Email - Winback,6.14,2607,46
2024-06-25,Email & CRM,Email - Winback,6.14,2834,50
2024-06-26,Email & CRM,Email - Winback,6.14,1568,46
2024-06-27,Email & CRM,Email - Winback,6.14,2673,50
2024-06-28,Email & CRM,Email - Winback,6.14,1884,53
2024-06-29,Email & CRM,Email - Winback,4.42,1040,33
2024-06-30,Email & CRM,Email - Winback,4.42,1238,38
2024-06-01,Marketplace,Marketplace - Sponsored Listings,28.16,1619,50
2024-06-02,Marketplace,Marketplace - Sponsored Listings,28.16,2340,53
2024-06-03,Marketplace,Marketplace - Sponsored Listings,39.12,3643,75
2024-06-04,Marketplace,Marketplace - Sponsored Listings,39.12,1964,65
2024-06-05,Marketplace,Marketplace - Sponsored Listings,39.12,4487,70
2024-06-06,Marketplace,Marketplace - Sponsored Listings,39.12,2476,69
2024-06-07,Marketplace,Marketplace - Sponsored Listings,39.12,2068,68
2024-06-08,Marketplace,Marketplace - Sponsored Listings,28.16,1752,46
2024-06-09,Marketplace,Marketplace - Sponsored Listings,28.16,3558,55
2024-06-10,Marketplace,Marketplace - Sponsored Listings,39.12,4617,72
2024-06-11,Marketplace,Marketplace - Sponsored Listings,39.12,5098,74
2024-06-12,Marketplace,Marketplace - Sponsored Listings,39.12,3007,69
2024-06-13,Marketplace,Marketplace - Sponsored Listings,39.12,2480,74
2024-06-14,Marketplace,Marketplace - Sponsored Listings,39.12,5240,72
2024-06-15,Marketplace,Marketplace - Sponsored Listings,28.16,1596,48
2024-06-16,Marketplace,Marketplace - Sponsored Listings,28.16,2466,47
2024-06-17,Marketplace,Marketplace - Sponsored Listings,39.12,4224,64
2024-06-18,Marketplace,Marketplace - Sponsored Listings,39.12,2625,70
2024-06-19,Marketplace,Marketplace - Sponsored Listings,39.12,4557,76
2024-06-20,Marketplace,Marketplace - Sponsored Listings,39.12,4857,66
2024-06-21,Marketplace,Marketplace - Sponsored Listings,39.12,3033,71
2024-06-22,Marketplace,Marketplace - Sponsored Listings,28.16,3034,52
2024-06-23,Marketplace,Marketplace - Sponsored Listings,28.16,2815,52
2024-06-24,Marketplace,Marketplace - Sponsored Listings,39.12,2897,66
2024-06-25,Marketplace,Marketplace - Sponsored Listings,39.12,3048,66
2024-06-26,Marketplace,Marketplace - Sponsored Listings,39.12,4138,73
2024-06-27,Marketplace,Marketplace - Sponsored Listings,39.12,4226,69
2024-06-28,Marketplace,Marketplace - Sponsored Listings,39.12,4311,70
2024-06-29,Marketplace,Marketplace - Sponsored Listings,28.16,3371,48
2024-06-30,Marketplace,Marketplace - Sponsored Listings,28.16,3412,47
2024-07-01,Organic Search,Organic - SEO Content,6.78,4482,128
2024-07-02,Organic Search,Organic - SEO Content,6.78,6810,146
2024-07-03,Organic Search,Organic - SEO Content,6.78,8057,140
2024-07-04,Organic Search,Organic - SEO Content,6.78,4282,130
2024-07-05,Organic Search,Organic - SEO Content,6.78,6873,124
2024-07-06,Organic Search,Organic - SEO Content,4.88,3986,91
2024-07-07,Organic Search,Organic - SEO Content,4.88,6992,106
2024-07-08,Organic Search,Organic - SEO Content,6.78,5484,134
2024-07-09,Organic Search,Organic - SEO Content,6.78,5788,126
2024-07-10,Organic Search,Organic - SEO Content,6.78,7680,129
2024-07-11,Organic Search,Organic - SEO Content,6.78,8044,149
2024-07-12,Organic Search,Organic - SEO Content,6.78,6128,143
2024-07-13,Organic Search,Organic - SEO Content,4.88,3859,106
2024-07-14,Organic Search,Organic - SEO Content,4.88,2815,91
2024-07-15,Organic Search,Organic - SEO Content,6.78,6823,125
2024-07-16,Organic Search,Organic - SEO Content,6.78,7448,126
2024-07-17,Organic Search,Organic - SEO Content,6.78,8698,135
2024-07-18,Organic Search,Organic - SEO Content,6.78,9268,132
2024-07-19,Organic Search,Organic - SEO Content,6.78,7676,130
2024-07-20,Organic Search,Organic - SEO Content,4.88,7087,103
2024-07-21,Organic Search,Organic - SEO Content,4.88,5020,103
2024-07-22,Organic Search,Organic - SEO Content,6.78,9122,130
2024-07-23,Organic Search,Organic - SEO Content,6.78,8504,124
2024-07-24,Organic Search,Organic - SEO Content,6.78,3853,128
2024-07-25,Organic Search,Organic - SEO Content,6.78,5606,128
2024-07-26,Organic Search,Organic - SEO Content,6.78,7983,126
2024-07-27,Organic Search,Organic - SEO Content,4.88,4599,107
2024-07-28,Organic Search,Organic - SEO Content,4.88,6040,92
2024-07-29,Organic Search,Organic - SEO Content,6.78,6892,134
2024-07-30,Organic Search,Organic - SEO Content,6.78,7246,129
2024-07-31,Organic Search,Organic - SEO Content,6.78,7331,148
2024-07-01,Paid Search,Paid - Brand,17.16,1326,18
2024-07-02,Paid Search,Paid - Brand,17.16,783,19
2024-07-03,Paid Search,Paid - Brand,17.16,657,18
2024-07-04,Paid Search,Paid - Brand,17.16,972,17
2024-07-05,Paid Search,Paid - Brand,17.16,897,18
2024-07-06,Paid Search,Paid - Brand,12.35,807,11
2024-07-07,Paid Search,Paid - Brand,12.35,584,13
2024-07-08,Paid Search,Paid - Brand,17.16,576,18
2024-07-09,Paid Search,Paid - Brand,17.16,889,18
2024-07-10,Paid Search,Paid - Brand,17.16,1105,18
2024-07-11,Paid Search,Paid - Brand,17.16,607,16
2024-07-12,Paid Search,Paid - Brand,17.16,880,19
2024-07-13,Paid Search,Paid - Brand,12.35,653,14
2024-07-14,Paid Search,Paid - Brand,12.35,910,13
2024-07-15,Paid Search,Paid - Brand,17.16,1185,19
2024-07-16,Paid Search,Paid - Brand,17.16,535,18
2024-07-17,Paid Search,Paid - Brand,17.16,1119,18
2024-07-18,Paid Search,Paid - Brand,17.16,478,16
2024-07-19,Paid Search,Paid - Brand,17.16,591,16
2024-07-20,Paid Search,Paid - Brand,12.35,407,13
2024-07-21,Paid Search,Paid - Brand,12.35,713,13
2024-07-22,Paid Search,Paid - Brand,17.16,631,19
2024-07-23,Paid Search,Paid - Brand,17.16,763,19
2024-07-24,Paid Search,Paid - Brand,17.16,1275,19
2024-07-25,Paid Search,Paid - Brand,17.16,813,18
2024-07-26,Paid Search,Paid - Brand,17.16,1049,17
2024-07-27,Paid Search,Paid - Brand,12.35,813,12
2024-07-28,Paid Search,Paid - Brand,12.35,479,13
2024-07-29,Paid Search,Paid - Brand,17.16,1122,19
2024-07-30,Paid Search,Paid - Brand,17.16,890,17
2024-07-31,Paid Search,Paid - Brand,17.16,874,18
2024-07-01,Paid Search,Paid - Generic,27.94,1063,26
2024-07-02,Paid Search,Paid - Generic,27.94,1783,30
2024-07-03,Paid Search,Paid - Generic,27.94,1429,26
2024-07-04,Paid Search,Paid - Generic,27.94,801,26
2024-07-05,Paid Search,Paid - Generic,27.94,1296,30
2024-07-06,Paid Search,Paid - Generic,20.12,668,19
2024-07-07,Paid Search,Paid - Generic,20.12,1125,20
2024-07-08,Paid Search,Paid - Generic,27.94,1823,27
2024-07-09,Paid Search,Paid - Generic,27.94,757,27
2024-07-10,Paid Search,Paid - Generic,27.94,1649,30
2024-07-11,Paid Search,Paid - Generic,27.94,817,29
2024-07-12,Paid Search,Paid - Generic,27.94,1470,32
2024-07-13,Paid Search,Paid - Generic,20.12,1598,23
2024-07-14,Paid Search,Paid - Generic,20.12,1473,22
2024-07-15,Paid Search,Paid - Generic,27.94,892,28
2024-07-16,Paid Search,Paid - Generic,27.94,1901,27
2024-07-17,Paid Search,Paid - Generic,27.94,1782,26
2024-07-18,Paid Search,Paid - Generic,27.94,2138,32
2024-07-19,Paid Search,Paid - Generic,27.94,940,28
2024-07-20,Paid Search,Paid - Generic,20.12,1176,20
2024-07-21,Paid Search,Paid - Generic,20.12,1611,22
2024-07-22,Paid Search,Paid - Generic,27.94,1469,26
2024-07-23,Paid Search,Paid - Generic,27.94,1364,31
2024-07-24,Paid Search,Paid - Generic,27.94,1345,28
2024-07-25,Paid Search,Paid - Generic,27.94,1208,28
2024-07-26,Paid Search,Paid - Generic,27.94,961,27
2024-07-27,Paid Search,Paid - Generic,20.12,1260,19
2024-07-28,Paid Search,Paid - Generic,20.12,947,22
2024-07-29,Paid Search,Paid - Generic,27.94,1303,30
2024-07-30,Paid Search,Paid - Generic,27.94,1356,31
2024-07-31,Paid Search,Paid - Generic,27.94,2026,31
2024-07-01,Paid Search,Paid - Shopping,27.08,1256,29
2024-07-02,Paid Search,Paid - Shopping,27.08,827,25
2024-07-03,Paid Search,Paid - Shopping,27.08,1953,28
2024-07-04,Paid Search,Paid - Shopping,27.08,1880,28
2024-07-05,Paid Search,Paid - Shopping,27.08,1562,27
2024-07-06,Paid Search,Paid - Shopping,19.50,1101,21
2024-07-07,Paid Search,Paid - Shopping,19.50,1138,22
2024-07-08,Paid Search,Paid - Shopping,27.08,1964,29
2024-07-09,Paid Search,Paid - Shopping,27.08,1842,29
2024-07-10,Paid Search,Paid - Shopping,27.08,910,27
2024-07-11,Paid Search,Paid - Shopping,27.08,1882,28
2024-07-12,Paid Search,Paid - Shopping,27.08,1580,30
2024-07-13,Paid Search,Paid - Shopping,19.50,1035,19
2024-07-14,Paid Search,Paid - Shopping,19.50,1511,22
2024-07-15,Paid Search,Paid - Shopping,27.08,894,29
2024-07-16,Paid Search,Paid - Shopping,27.08,1721,27
2024-07-17,Paid Search,Paid - Shopping,27.08,1195,26
2024-07-18,Paid Search,Paid - Shopping,27.08,1859,26
2024-07-19,Paid Search,Paid - Shopping,27.08,963,30
2024-07-20,Paid Search,Paid - Shopping,19.50,633,19
2024-07-21,Paid Search,Paid - Shopping,19.50,1122,21
2024-07-22,Paid Search,Paid - Shopping,27.08,1177,27
2024-07-23,Paid Search,Paid - Shopping,27.08,1769,28
2024-07-24,Paid Search,Paid - Shopping,27.08,1275,26
2024-07-25,Paid Search,Paid - Shopping,27.08,1546,27
2024-07-26,Paid Search,Paid - Shopping,27.08,1299,31
2024-07-27,Paid Search,Paid - Shopping,19.50,791,20
2024-07-28,Paid Search,Paid - Shopping,19.50,1476,21
2024-07-29,Paid Search,Paid - Shopping,27.08,812,29
2024-07-30,Paid Search,Paid - Shopping,27.08,1272,30
2024-07-31,Paid Search,Paid - Shopping,27.08,960,28
2024-07-01,Paid Social,Paid - Prospecting,21.37,2265,54
2024-07-02,Paid Social,Paid - Prospecting,21.37,2086,49
2024-07-03,Paid Social,Paid - Prospecting,21.37,2293,50
2024-07-04,Paid Social,Paid - Prospecting,21.37,2781,48
2024-07-05,Paid Social,Paid - Prospecting,21.37,1569,45
2024-07-06,Paid Social,Paid - Prospecting,15.39,2021,40
2024-07-07,Paid Social,Paid - Prospecting,15.39,2357,36
2024-07-08,Paid Social,Paid - Prospecting,21.37,2318,49
2024-07-09,Paid Social,Paid - Prospecting,21.37,3428,51
2024-07-10,Paid Social,Paid - Prospecting,21.37,2007,52
2024-07-11,Paid Social,Paid - Prospecting,21.37,2834,49
2024-07-12,Paid Social,Paid - Prospecting,21.37,2684,50
2024-07-13,Paid Social,Paid - Prospecting,15.39,2000,40
2024-07-14,Paid Social,Paid - Prospecting,15.39,1873,36
2024-07-15,Paid Social,Paid - Prospecting,21.37,3692,53
2024-07-16,Paid Social,Paid - Prospecting,21.37,2612,51
2024-07-17,Paid Social,Paid - Prospecting,21.37,3296,51
2024-07-18,Paid Social,Paid - Prospecting,21.37,3487,49
2024-07-19,Paid Social,Paid - Prospecting,21.37,3211,48
2024-07-20,Paid Social,Paid - Prospecting,15.39,2449,38
2024-07-21,Paid Social,Paid - Prospecting,15.39,2493,38
2024-07-22,Paid Social,Paid - Prospecting,21.37,2186,51
2024-07-23,Paid Social,Paid - Prospecting,21.37,2158,47
2024-07-24,Paid Social,Paid - Prospecting,21.37,3071,52
2024-07-25,Paid Social,Paid - Prospecting,21.37,1486,53
2024-07-26,Paid Social,Paid - Prospecting,21.37,1314,46
2024-07-27,Paid Social,Paid - Prospecting,15.39,2525,38
2024-07-28,Paid Social,Paid - Prospecting,15.39,1986,35
2024-07-29,Paid Social,Paid - Prospecting,21.37,3137,55
2024-07-30,Paid Social,Paid - Prospecting,21.37,1569,51
2024-07-31,Paid Social,Paid - Prospecting,21.37,2031,55
2024-07-01,Paid Social,Paid - Retargeting,22.96,3287,55
2024-07-02,Paid Social,Paid - Retargeting,22.96,3929,56
2024-07-03,Paid Social,Paid - Retargeting,22.96,2107,56
2024-07-04,Paid Social,Paid - Retargeting,22.96,2188,58
2024-07-05,Paid Social,Paid - Retargeting,22.96,3205,49
2024-07-06,Paid Social,Paid - Retargeting,16.53,2003,42
2024-07-07,Paid Social,Paid - Retargeting,16.53,1135,40
2024-07-08,Paid Social,Paid - Retargeting,22.96,2655,53
2024-07-09,Paid Social,Paid - Retargeting,22.96,2005,56
2024-07-10,Paid Social,Paid - Retargeting,22.96,3327,58
2024-07-11,Paid Social,Paid - Retargeting,22.96,2917,58
2024-07-12,Paid Social,Paid - Retargeting,22.96,3220,52
2024-07-13,Paid Social,Paid - Retargeting,16.53,1275,35
2024-07-14,Paid Social,Paid - Retargeting,16.53,1223,43
2024-07-15,Paid Social,Paid - Retargeting,22.96,2351,49
2024-07-16,Paid Social,Paid - Retargeting,22.96,1996,57
2024-07-17,Paid Social,Paid - Retargeting,22.96,3225,51
2024-07-18,Paid Social,Paid - Retargeting,22.96,3432,50
2024-07-19,Paid Social,Paid - Retargeting,22.96,2248,55
2024-07-20,Paid Social,Paid - Retargeting,16.53,1066,37
2024-07-21,Paid Social,Paid - Retargeting,16.53,2735,42
2024-07-22,Paid Social,Paid - Retargeting,22.96,3787,53
2024-07-23,Paid Social,Paid - Retargeting,22.96,2854,57
2024-07-24,Paid Social,Paid - Retargeting,22.96,1541,51
2024-07-25,Paid Social,Paid - Retargeting,22.96,2657,57
2024-07-26,Paid Social,Paid - Retargeting,22.96,3660,51
2024-07-27,Paid Social,Paid - Retargeting,16.53,1849,37
2024-07-28,Paid Social,Paid - Retargeting,16.53,2875,39
2024-07-29,Paid Social,Paid - Retargeting,22.96,2152,55
2024-07-30,Paid Social,Paid - Retargeting,22.96,2867,51
2024-07-31,Paid Social,Paid - Retargeting,22.96,2794,52
2024-07-01,Paid Social,Paid - Creator,20.00,2964,42
2024-07-02,Paid Social,Paid - Creator,20.00,2211,51
2024-07-03,Paid Social,Paid - Creator,20.00,2198,46
2024-07-04,Paid Social,Paid - Creator,20.00,3064,52
2024-07-05,Paid Social,Paid - Creator,20.00,2581,51
2024-07-06,Paid Social,Paid - Creator,14.40,1218,32
2024-07-07,Paid Social,Paid - Creator,14.40,1374,33
2024-07-08,Paid Social,Paid - Creator,20.00,2021,48
2024-07-09,Paid Social,Paid - Creator,20.00,1953,49
2024-07-10,Paid Social,Paid - Creator,20.00,2891,43
2024-07-11,Paid Social,Paid - Creator,20.00,2243,45
2024-07-12,Paid Social,Paid - Creator,20.00,2587,44
2024-07-13,Paid Social,Paid - Creator,14.40,1206,30
2024-07-14,Paid Social,Paid - Creator,14.40,1779,35
2024-07-15,Paid Social,Paid - Creator,20.00,2610,45
2024-07-16,Paid Social,Paid - Creator,20.00,2839,46
2024-07-17,Paid Social,Paid - Creator,20.00,3371,46
2024-07-18,Paid Social,Paid - Creator,20.00,1395,46
2024-07-19,Paid Social,Paid - Creator,20.00,2414,46
2024-07-20,Paid Social,Paid - Creator,14.40,1413,34
2024-07-21,Paid Social,Paid - Creator,14.40,2277,31
2024-07-22,Paid Social,Paid - Creator,20.00,2002,43
2024-07-23,Paid Social,Paid - Creator,20.00,2994,44
2024-07-24,Paid Social,Paid - Creator,20.00,3221,45
2024-07-25,Paid Social,Paid - Creator,20.00,2240,48
2024-07-26,Paid Social,Paid - Creator,20.00,2884,47
2024-07-27,Paid Social,Paid - Creator,14.40,1337,34
2024-07-28,Paid Social,Paid - Creator,14.40,2270,33
2024-07-29,Paid Social,Paid - Creator,20.00,1940,49
2024-07-30,Paid Social,Paid - Creator,20.00,2883,48
2024-07-31,Paid Social,Paid - Creator,20.00,3106,46
2024-07-01,Affiliate,Affiliate - Cashback,14.36,1260,20
2024-07-02,Affiliate,Affiliate - Cashback,14.36,1312,20
2024-07-03,Affiliate,Affiliate - Cashback,14.36,803,20
2024-07-04,Affiliate,Affiliate - Cashback,14.36,676,22
2024-07-05,Affiliate,Affiliate - Cashback,14.36,564,19
2024-07-06,Affiliate,Affiliate - Cashback,10.34,566,14
2024-07-07,Affiliate,Affiliate - Cashback,10.34,697,15
2024-07-08,Affiliate,Affiliate - Cashback,14.36,788,20
2024-07-09,Affiliate,Affiliate - Cashback,14.36,1013,20
2024-07-10,Affiliate,Affiliate - Cashback,14.36,1072,19
2024-07-11,Affiliate,Affiliate - Cashback,14.36,835,20
2024-07-12,Affiliate,Affiliate - Cashback,14.36,1015,20
2024-07-13,Affiliate,Affiliate - Cashback,10.34,779,15
2024-07-14,Affiliate,Affiliate - Cashback,10.34,713,14
2024-07-15,Affiliate,Affiliate - Cashback,14.36,861,21
2024-07-16,Affiliate,Affiliate - Cashback,14.36,1209,20
2024-07-17,Affiliate,Affiliate - Cashback,14.36,617,20
2024-07-18,Affiliate,Affiliate - Cashback,14.36,819,23
2024-07-19,Affiliate,Affiliate - Cashback,14.36,986,21
2024-07-20,Affiliate,Affiliate - Cashback,10.34,804,13
2024-07-21,Affiliate,Affiliate - Cashback,10.34,648,14
2024-07-22,Affiliate,Affiliate - Cashback,14.36,1471,21
2024-07-23,Affiliate,Affiliate - Cashback,14.36,1148,20
2024-07-24,Affiliate,Affiliate - Cashback,14.36,1033,21
2024-07-25,Affiliate,Affiliate - Cashback,14.36,1145,21
2024-07-26,Affiliate,Affiliate - Cashback,14.36,935,19
2024-07-27,Affiliate,Affiliate - Cashback,10.34,990,14
2024-07-28,Affiliate,Affiliate - Cashback,10.34,549,14
2024-07-29,Affiliate,Affiliate - Cashback,14.36,1179,21
2024-07-30,Affiliate,Affiliate - Cashback,14.36,841,22
2024-07-31,Affiliate,Affiliate - Cashback,14.36,985,23
2024-07-01,Affiliate,Affiliate - Content,9.08,418,14
2024-07-02,Affiliate,Affiliate - Content,9.08,438,14
2024-07-03,Affiliate,Affiliate - Content,9.08,633,13
2024-07-04,Affiliate,Affiliate - Content,9.08,426,13
2024-07-05,Affiliate,Affiliate - Content,9.08,491,13
2024-07-06,Affiliate,Affiliate - Content,6.53,550,10
2024-07-07,Affiliate,Affiliate - Content,6.53,538,9
2024-07-08,Affiliate,Affiliate - Content,9.08,434,12
2024-07-09,Affiliate,Affiliate - Content,9.08,525,12
2024-07-10,Affiliate,Affiliate - Content,9.08,823,12
2024-07-11,Affiliate,Affiliate - Content,9.08,1018,14
2024-07-12,Affiliate,Affiliate - Content,9.08,460,13
2024-07-13,Affiliate,Affiliate - Content,6.53,578,10
2024-07-14,Affiliate,Affiliate - Content,6.53,549,10
2024-07-15,Affiliate,Affiliate - Content,9.08,592,13
2024-07-16,Affiliate,Affiliate - Content,9.08,842,12
2024-07-17,Affiliate,Affiliate - Content,9.08,396,13
2024-07-18,Affiliate,Affiliate - Content,9.08,731,13
2024-07-19,Affiliate,Affiliate - Content,9.08,399,13
2024-07-20,Affiliate,Affiliate - Content,6.53,705,10
2024-07-21,Affiliate,Affiliate - Content,6.53,483,9
2024-07-22,Affiliate,Affiliate - Content,9.08,475,13
2024-07-23,Affiliate,Affiliate - Content,9.08,945,13
2024-07-24,Affiliate,Affiliate - Content,9.08,675,13
2024-07-25,Affiliate,Affiliate - Content,9.08,570,12
2024-07-26,Affiliate,Affiliate - Content,9.08,384,12
2024-07-27,Affiliate,Affiliate - Content,6.53,373,9
2024-07-28,Affiliate,Affiliate - Content,6.53,319,9
2024-07-29,Affiliate,Affiliate - Content,9.08,682,14
2024-07-30,Affiliate,Affiliate - Content,9.08,780,13
2024-07-31,Affiliate,Affiliate - Content,9.08,936,14
2024-07-01,Affiliate,Affiliate - Voucher,12.23,787,16
2024-07-02,Affiliate,Affiliate - Voucher,12.23,1063,18
2024-07-03,Affiliate,Affiliate - Voucher,12.23,575,17
2024-07-04,Affiliate,Affiliate - Voucher,12.23,606,17
2024-07-05,Affiliate,Affiliate - Voucher,12.23,1016,17
2024-07-06,Affiliate,Affiliate - Voucher,8.81,746,13
2024-07-07,Affiliate,Affiliate - Voucher,8.81,711,12
2024-07-08,Affiliate,Affiliate - Voucher,12.23,659,16
2024-07-09,Affiliate,Affiliate - Voucher,12.23,797,16
2024-07-10,Affiliate,Affiliate - Voucher,12.23,1304,19
2024-07-11,Affiliate,Affiliate - Voucher,12.23,1260,19
2024-07-12,Affiliate,Affiliate - Voucher,12.23,532,17
2024-07-13,Affiliate,Affiliate - Voucher,8.81,525,13
2024-07-14,Affiliate,Affiliate - Voucher,8.81,788,12
2024-07-15,Affiliate,Affiliate - Voucher,12.23,1288,19
2024-07-16,Affiliate,Affiliate - Voucher,12.23,1286,18
2024-07-17,Affiliate,Affiliate - Voucher,12.23,756,17
2024-07-18,Affiliate,Affiliate - Voucher,12.23,900,17
2024-07-19,Affiliate,Affiliate - Voucher,12.23,1016,17
2024-07-20,Affiliate,Affiliate - Voucher,8.81,556,12
2024-07-21,Affiliate,Affiliate - Voucher,8.81,652,13
2024-07-22,Affiliate,Affiliate - Voucher,12.23,1183,17
2024-07-23,Affiliate,Affiliate - Voucher,12.23,681,16
2024-07-24,Affiliate,Affiliate - Voucher,12.23,1012,18
2024-07-25,Affiliate,Affiliate - Voucher,12.23,671,18
2024-07-26,Affiliate,Affiliate - Voucher,12.23,490,17
2024-07-27,Affiliate,Affiliate - Voucher,8.81,933,13
2024-07-28,Affiliate,Affiliate - Voucher,8.81,873,13
2024-07-29,Affiliate,Affiliate - Voucher,12.23,1239,17
2024-07-30,Affiliate,Affiliate - Voucher,12.23,1262,18
2024-07-31,Affiliate,Affiliate - Voucher,12.23,889,19
2024-07-01,Email & CRM,Email - Lifecycle,2.72,780,21
2024-07-02,Email & CRM,Email - Lifecycle,2.72,1296,24
2024-07-03,Email & CRM,Email - Lifecycle,2.72,907,24
2024-07-04,Email & CRM,Email - Lifecycle,2.72,1509,24
2024-07-05,Email & CRM,Email - Lifecycle,2.72,1496,22
2024-07-06,Email & CRM,Email - Lifecycle,1.96,1008,15
2024-07-07,Email & CRM,Email - Lifecycle,1.96,1010,15
2024-07-08,Email & CRM,Email - Lifecycle,2.72,591,20
2024-07-09,Email & CRM,Email - Lifecycle,2.72,941,24
2024-07-10,Email & CRM,Email - Lifecycle,2.72,1544,21
2024-07-11,Email & CRM,Email - Lifecycle,2.72,1447,24
2024-07-12,Email & CRM,Email - Lifecycle,2.72,873,20
2024-07-13,Email & CRM,Email - Lifecycle,1.96,524,14
2024-07-14,Email & CRM,Email - Lifecycle,1.96,684,15
2024-07-15,Email & CRM,Email - Lifecycle,2.72,1376,22
2024-07-16,Email & CRM,Email - Lifecycle,2.72,1472,22
2024-07-17,Email & CRM,Email - Lifecycle,2.72,1481,24
2024-07-18,Email & CRM,Email - Lifecycle,2.72,809,21
2024-07-19,Email & CRM,Email - Lifecycle,2.72,1035,23
2024-07-20,Email & CRM,Email - Lifecycle,1.96,828,17
2024-07-21,Email & CRM,Email - Lifecycle,1.96,543,15
2024-07-22,Email & CRM,Email - Lifecycle,2.72,1522,21
2024-07-23,Email & CRM,Email - Lifecycle,2.72,1199,23
2024-07-24,Email & CRM,Email - Lifecycle,2.72,1281,23
2024-07-25,Email & CRM,Email - Lifecycle,2.72,1581,24
2024-07-26,Email & CRM,Email - Lifecycle,2.72,1063,24
2024-07-27,Email & CRM,Email - Lifecycle,1.96,549,17
2024-07-28,Email & CRM,Email - Lifecycle,1.96,1131,17
2024-07-29,Email & CRM,Email - Lifecycle,2.72,746,20
2024-07-30,Email & CRM,Email - Lifecycle,2.72,1391,23
2024-07-31,Email & CRM,Email - Lifecycle,2.72,1208,24
2024-07-01,Email & CRM,Email - Winback,2.14,1338,19
2024-07-02,Email & CRM,Email - Winback,2.14,947,16
2024-07-03,Email & CRM,Email - Winback,2.14,816,17
2024-07-04,Email & CRM,Email - Winback,2.14,1201,17
2024-07-05,Email & CRM,Email - Winback,2.14,1293,19
2024-07-06,Email & CRM,Email - Winback,1.54,687,13
2024-07-07,Email & CRM,Email - Winback,1.54,533,12
2024-07-08,Email & CRM,Email - Winback,2.14,1025,17
2024-07-09,Email & CRM,Email - Winback,2.14,1062,17
2024-07-10,Email & CRM,Email - Winback,2.14,602,19
2024-07-11,Email & CRM,Email - Winback,2.14,705,16
2024-07-12,Email & CRM,Email - Winback,2.14,1053,16
2024-07-13,Email & CRM,Email - Winback,1.54,379,11
2024-07-14,Email & CRM,Email - Winback,1.54,519,13
2024-07-15,Email & CRM,Email - Winback,2.14,1306,18
2024-07-16,Email & CRM,Email - Winback,2.14,1170,18
2024-07-17,Email & CRM,Email - Winback,2.14,919,18
2024-07-18,Email & CRM,Email - Winback,2.14,1392,19
2024-07-19,Email & CRM,Email - Winback,2.14,639,18
2024-07-20,Email & CRM,Email - Winback,1.54,781,11
2024-07-21,Email & CRM,Email - Winback,1.54,765,11
2024-07-22,Email & CRM,Email - Winback,2.14,685,18
2024-07-23,Email & CRM,Email - Winback,2.14,1222,17
2024-07-24,Email & CRM,Email - Winback,2.14,655,17
2024-07-25,Email & CRM,Email - Winback,2.14,785,18
2024-07-26,Email & CRM,Email - Winback,2.14,742,19
2024-07-27,Email & CRM,Email - Winback,1.54,394,12
2024-07-28,Email & CRM,Email - Winback,1.54,423,12
2024-07-29,Email & CRM,Email - Winback,2.14,883,17
2024-07-30,Email & CRM,Email - Winback,2.14,830,19
2024-07-31,Email & CRM,Email - Winback,2.14,1252,17
2024-07-01,Marketplace,Marketplace - Sponsored Listings,27.91,2409,48
2024-07-02,Marketplace,Marketplace - Sponsored Listings,27.91,2878,46
2024-07-03,Marketplace,Marketplace - Sponsored Listings,27.91,2321,51
2024-07-04,Marketplace,Marketplace - Sponsored Listings,27.91,3793,54
2024-07-05,Marketplace,Marketplace - Sponsored Listings,27.91,2964,54
2024-07-06,Marketplace,Marketplace - Sponsored Listings,20.09,1174,34
2024-07-07,Marketplace,Marketplace - Sponsored Listings,20.09,1946,34
2024-07-08,Marketplace,Marketplace - Sponsored Listings,27.91,1449,51
2024-07-09,Marketplace,Marketplace - Sponsored Listings,27.91,2740,49
2024-07-10,Marketplace,Marketplace - Sponsored Listings,27.91,1864,47
2024-07-11,Marketplace,Marketplace - Sponsored Listings,27.91,3920,53
2024-07-12,Marketplace,Marketplace - Sponsored Listings,27.91,1851,52
2024-07-13,Marketplace,Marketplace - Sponsored Listings,20.09,2046,39
2024-07-14,Marketplace,Marketplace - Sponsored Listings,20.09,1228,34
2024-07-15,Marketplace,Marketplace - Sponsored Listings,27.91,2234,46
2024-07-16,Marketplace,Marketplace - Sponsored Listings,27.91,2769,51
2024-07-17,Marketplace,Marketplace - Sponsored Listings,27.91,2323,54
2024-07-18,Marketplace,Marketplace - Sponsored Listings,27.91,2683,55
2024-07-19,Marketplace,Marketplace - Sponsored Listings,27.91,2661,47
2024-07-20,Marketplace,Marketplace - Sponsored Listings,20.09,2116,40
2024-07-21,Marketplace,Marketplace - Sponsored Listings,20.09,1295,39
2024-07-22,Marketplace,Marketplace - Sponsored Listings,27.91,1868,52
2024-07-23,Marketplace,Marketplace - Sponsored Listings,27.91,2106,46
2024-07-24,Marketplace,Marketplace - Sponsored Listings,27.91,2905,46
2024-07-25,Marketplace,Marketplace - Sponsored Listings,27.91,2024,55
2024-07-26,Marketplace,Marketplace - Sponsored Listings,27.91,1449,51
2024-07-27,Marketplace,Marketplace - Sponsored Listings,20.09,1749,33
2024-07-28,Marketplace,Marketplace - Sponsored Listings,20.09,1050,33
2024-07-29,Marketplace,Marketplace - Sponsored Listings,27.91,2787,53
2024-07-30,Marketplace,Marketplace - Sponsored Listings,27.91,1980,49
2024-07-31,Marketplace,Marketplace - Sponsored Listings,27.91,2641,50
2024-08-01,Organic Search,Organic - SEO Content,8.24,11309,175
2024-08-02,Organic Search,Organic - SEO Content,8.24,10171,150
2024-08-03,Organic Search,Organic - SEO Content,5.93,8105,120
2024-08-04,Organic Search,Organic - SEO Content,5.93,6995,121
2024-08-05,Organic Search,Organic - SEO Content,8.24,9410,152
2024-08-06,Organic Search,Organic - SEO Content,8.24,7903,165
2024-08-07,Organic Search,Organic - SEO Content,8.24,12051,180
2024-08-08,Organic Search,Organic - SEO Content,8.24,6294,156
2024-08-09,Organic Search,Organic - SEO Content,8.24,11231,157
2024-08-10,Organic Search,Organic - SEO Content,5.93,4260,117
2024-08-11,Organic Search,Organic - SEO Content,5.93,3897,111
2024-08-12,Organic Search,Organic - SEO Content,8.24,5527,180
2024-08-13,Organic Search,Organic - SEO Content,8.24,7484,170
2024-08-14,Organic Search,Organic - SEO Content,8.24,9216,151
2024-08-15,Organic Search,Organic - SEO Content,8.24,5766,154
2024-08-16,Organic Search,Organic - SEO Content,8.24,5670,180
2024-08-17,Organic Search,Organic - SEO Content,5.93,4615,124
2024-08-18,Organic Search,Organic - SEO Content,5.93,5161,111
2024-08-19,Organic Search,Organic - SEO Content,8.24,4932,153
2024-08-20,Organic Search,Organic - SEO Content,8.24,10107,164
2024-08-21,Organic Search,Organic - SEO Content,8.24,5983,148
2024-08-22,Organic Search,Organic - SEO Content,8.24,5789,176
2024-08-23,Organic Search,Organic - SEO Content,8.24,10702,152
2024-08-24,Organic Search,Organic - SEO Content,5.93,6227,111
2024-08-25,Organic Search,Organic - SEO Content,5.93,5035,130
2024-08-26,Organic Search,Organic - SEO Content,8.24,6383,174
2024-08-27,Organic Search,Organic - SEO Content,8.24,9975,159
2024-08-28,Organic Search,Organic - SEO Content,8.24,8364,178
2024-08-29,Organic Search,Organic - SEO Content,8.24,9731,152
2024-08-30,Organic Search,Organic - SEO Content,8.24,8589,161
2024-08-31,Organic Search,Organic - SEO Content,5.93,5931,118
2024-08-01,Paid Search,Paid - Brand,32.32,2137,33
2024-08-02,Paid Search,Paid - Brand,32.32,1515,36
2024-08-03,Paid Search,Paid - Brand,23.27,719,22
2024-08-04,Paid Search,Paid - Brand,23.27,1890,26
2024-08-05,Paid Search,Paid - Brand,32.32,1604,34
2024-08-06,Paid Search,Paid - Brand,32.32,2109,30
2024-08-07,Paid Search,Paid - Brand,32.32,2216,36
2024-08-08,Paid Search,Paid - Brand,32.32,1176,33
2024-08-09,Paid Search,Paid - Brand,32.32,1012,33
2024-08-10,Paid Search,Paid - Brand,23.27,1520,23
2024-08-11,Paid Search,Paid - Brand,23.27,828,23
2024-08-12,Paid Search,Paid - Brand,32.32,1246,36
2024-08-13,Paid Search,Paid - Brand,32.32,2069,33
2024-08-14,Paid Search,Paid - Brand,32.32,2366,36
2024-08-15,Paid Search,Paid - Brand,32.32,1543,31
2024-08-16,Paid Search,Paid - Brand,32.32,1866,36
2024-08-17,Paid Search,Paid - Brand,23.27,1267,24
2024-08-18,Paid Search,Paid - Brand,23.27,1668,26
2024-08-19,Paid Search,Paid - Brand,32.32,1131,37
2024-08-20,Paid Search,Paid - Brand,32.32,1765,32
2024-08-21,Paid Search,Paid - Brand,32.32,2497,35
2024-08-22,Paid Search,Paid - Brand,32.32,1272,36
2024-08-23,Paid Search,Paid - Brand,32.32,960,30
2024-08-24,Paid Search,Paid - Brand,23.27,1638,24
2024-08-25,Paid Search,Paid - Brand,23.27,1349,23
2024-08-26,Paid Search,Paid - Brand,32.32,1176,34
2024-08-27,Paid Search,Paid - Brand,32.32,1389,37
2024-08-28,Paid Search,Paid - Brand,32.32,1878,35
2024-08-29,Paid Search,Paid - Brand,32.32,993,33
2024-08-30,Paid Search,Paid - Brand,32.32,1096,37
2024-08-31,Paid Search,Paid - Brand,23.27,843,23
2024-08-01,Paid Search,Paid - Generic,22.86,1592,23
2024-08-02,Paid Search,Paid - Generic,22.86,1244,22
2024-08-03,Paid Search,Paid - Generic,16.46,791,16
2024-08-04,Paid Search,Paid - Generic,16.46,1041,17
2024-08-05,Paid Search,Paid - Generic,22.86,1511,25
2024-08-06,Paid Search,Paid - Generic,22.86,1617,23
2024-08-07,Paid Search,Paid - Generic,22.86,703,25
2024-08-08,Paid Search,Paid - Generic,22.86,1825,25
2024-08-09,Paid Search,Paid - Generic,22.86,895,25
2024-08-10,Paid Search,Paid - Generic,16.46,868,18
2024-08-11,Paid Search,Paid - Generic,16.46,737,17
2024-08-12,Paid Search,Paid - Generic,22.86,1400,24
2024-08-13,Paid Search,Paid - Generic,22.86,763,22
2024-08-14,Paid Search,Paid - Generic,22.86,1494,23
2024-08-15,Paid Search,Paid - Generic,22.86,1483,23
2024-08-16,Paid Search,Paid - Generic,22.86,1736,25
2024-08-17,Paid Search,Paid - Generic,16.46,1200,18
2024-08-18,Paid Search,Paid - Generic,16.46,603,17
2024-08-19,Paid Search,Paid - Generic,22.86,729,25
2024-08-20,Paid Search,Paid - Generic,22.86,1281,25
2024-08-21,Paid Search,Paid - Generic,22.86,1597,26
2024-08-22,Paid Search,Paid - Generic,22.86,1620,22
2024-08-23,Paid Search,Paid - Generic,22.86,1256,25
2024-08-24,Paid Search,Paid - Generic,16.46,1169,16
2024-08-25,Paid Search,Paid - Generic,16.46,731,17
2024-08-26,Paid Search,Paid - Generic,22.86,1645,23
2024-08-27,Paid Search,Paid - Generic,22.86,994,25
2024-08-28,Paid Search,Paid - Generic,22.86,1209,22
2024-08-29,Paid Search,Paid - Generic,22.86,1133,25
2024-08-30,Paid Search,Paid - Generic,22.86,1087,22
2024-08-31,Paid Search,Paid - Generic,16.46,460,16
2024-08-01,Paid Search,Paid - Shopping,20.85,1448,20
2024-08-02,Paid Search,Paid - Shopping,20.85,1500,24
2024-08-03,Paid Search,Paid - Shopping,15.01,478,16
2024-08-04,Paid Search,Paid - Shopping,15.01,796,17
2024-08-05,Paid Search,Paid - Shopping,20.85,1007,22
2024-08-06,Paid Search,Paid - Shopping,20.85,847,20
2024-08-07,Paid Search,Paid - Shopping,20.85,794,21
2024-08-08,Paid Search,Paid - Shopping,20.85,1035,21
2024-08-09,Paid Search,Paid - Shopping,20.85,1463,23
2024-08-10,Paid Search,Paid - Shopping,15.01,681,15
2024-08-11,Paid Search,Paid - Shopping,15.01,617,15
2024-08-12,Paid Search,Paid - Shopping,20.85,1399,19
2024-08-13,Paid Search,Paid - Shopping,20.85,784,20
2024-08-14,Paid Search,Paid - Shopping,20.85,1028,20
2024-08-15,Paid Search,Paid - Shopping,20.85,1214,19
2024-08-16,Paid Search,Paid - Shopping,20.85,883,20
2024-08-17,Paid Search,Paid - Shopping,15.01,953,16
2024-08-18,Paid Search,Paid - Shopping,15.01,606,14
2024-08-19,Paid Search,Paid - Shopping,20.85,1652,23
2024-08-20,Paid Search,Paid - Shopping,20.85,1199,21
2024-08-21,Paid Search,Paid - Shopping,20.85,960,20
2024-08-22,Paid Search,Paid - Shopping,20.85,750,22
2024-08-23,Paid Search,Paid - Shopping,20.85,1330,22
2024-08-24,Paid Search,Paid - Shopping,15.01,1184,17
2024-08-25,Paid Search,Paid - Shopping,15.01,813,17
2024-08-26,Paid Search,Paid - Shopping,20.85,825,23
2024-08-27,Paid Search,Paid - Shopping,20.85,1692,24
2024-08-28,Paid Search,Paid - Shopping,20.85,1612,22
2024-08-29,Paid Search,Paid - Shopping,20.85,970,21
2024-08-30,Paid Search,Paid - Shopping,20.85,848,20
2024-08-31,Paid Search,Paid - Shopping,15.01,1180,16
2024-08-01,Paid Social,Paid - Prospecting,27.19,4386,64
2024-08-02,Paid Social,Paid - Prospecting,27.19,4372,69
2024-08-03,Paid Social,Paid - Prospecting,19.58,2904,46
2024-08-04,Paid Social,Paid - Prospecting,19.58,1449,49
2024-08-05,Paid Social,Paid - Prospecting,27.19,3574,65
2024-08-06,Paid Social,Paid - Prospecting,27.19,4326,64
2024-08-07,Paid Social,Paid - Prospecting,27.19,4568,63
2024-08-08,Paid Social,Paid - Prospecting,27.19,2099,61
2024-08-09,Paid Social,Paid - Prospecting,27.19,3848,60
2024-08-10,Paid Social,Paid - Prospecting,19.58,2446,47
2024-08-11,Paid Social,Paid - Prospecting,19.58,1615,49
2024-08-12,Paid Social,Paid - Prospecting,27.19,1749,60
2024-08-13,Paid Social,Paid - Prospecting,27.19,2769,63
2024-08-14,Paid Social,Paid - Prospecting,27.19,2767,61
2024-08-15,Paid Social,Paid - Prospecting,27.19,3585,66
2024-08-16,Paid Social,Paid - Prospecting,27.19,3629,69
2024-08-17,Paid Social,Paid - Prospecting,19.58,2972,43
2024-08-18,Paid Social,Paid - Prospecting,19.58,1541,42
2024-08-19,Paid Social,Paid - Prospecting,27.19,4575,69
2024-08-20,Paid Social,Paid - Prospecting,27.19,4589,63
2024-08-21,Paid Social,Paid - Prospecting,27.19,3599,62
2024-08-22,Paid Social,Paid - Prospecting,27.19,3397,71
2024-08-23,Paid Social,Paid - Prospecting,27.19,2658,68
2024-08-24,Paid Social,Paid - Prospecting,19.58,2087,45
2024-08-25,Paid Social,Paid - Prospecting,19.58,1785,43
2024-08-26,Paid Social,Paid - Prospecting,27.19,1992,61
2024-08-27,Paid Social,Paid - Prospecting,27.19,3013,58
2024-08-28,Paid Social,Paid - Prospecting,27.19,4711,66
2024-08-29,Paid Social,Paid - Prospecting,27.19,2636,60
2024-08-30,Paid Social,Paid - Prospecting,27.19,4113,59
2024-08-31,Paid Social,Paid - Prospecting,19.58,1520,42
2024-08-01,Paid Social,Paid - Retargeting,21.62,1873,55
2024-08-02,Paid Social,Paid - Retargeting,21.62,3850,54
2024-08-03,Paid Social,Paid - Retargeting,15.57,1441,34
2024-08-04,Paid Social,Paid - Retargeting,15.57,2250,40
2024-08-05,Paid Social,Paid - Retargeting,21.62,2078,48
2024-08-06,Paid Social,Paid - Retargeting,21.62,2468,49
2024-08-07,Paid Social,Paid - Retargeting,21.62,1738,46
2024-08-08,Paid Social,Paid - Retargeting,21.62,3759,51
2024-08-09,Paid Social,Paid - Retargeting,21.62,3464,48
2024-08-10,Paid Social,Paid - Retargeting,15.57,2504,39
2024-08-11,Paid Social,Paid - Retargeting,15.57,1193,36
2024-08-12,Paid Social,Paid - Retargeting,21.62,1897,47
2024-08-13,Paid Social,Paid - Retargeting,21.62,3113,47
2024-08-14,Paid Social,Paid - Retargeting,21.62,1580,54
2024-08-15,Paid Social,Paid - Retargeting,21.62,3156,47
2024-08-16,Paid Social,Paid - Retargeting,21.62,2340,47
2024-08-17,Paid Social,Paid - Retargeting,15.57,2542,36
2024-08-18,Paid Social,Paid - Retargeting,15.57,1848,37
2024-08-19,Paid Social,Paid - Retargeting,21.62,3258,50
2024-08-20,Paid Social,Paid - Retargeting,21.62,2374,52
2024-08-21,Paid Social,Paid - Retargeting,21.62,2366,52
2024-08-22,Paid Social,Paid - Retargeting,21.62,1836,47
2024-08-23,Paid Social,Paid - Retargeting,21.62,3393,49
2024-08-24,Paid Social,Paid - Retargeting,15.57,1705,35
2024-08-25,Paid Social,Paid - Retargeting,15.57,1067,35
2024-08-26,Paid Social,Paid - Retargeting,21.62,3507,51
2024-08-27,Paid Social,Paid - Retargeting,21.62,3699,51
2024-08-28,Paid Social,Paid - Retargeting,21.62,2095,52
2024-08-29,Paid Social,Paid - Retargeting,21.62,1850,56
2024-08-30,Paid Social,Paid - Retargeting,21.62,2976,50
2024-08-31,Paid Social,Paid - Retargeting,15.57,2252,38
2024-08-01,Paid Social,Paid - Creator,23.60,4099,58
2024-08-02,Paid Social,Paid - Creator,23.60,3030,52
2024-08-03,Paid Social,Paid - Creator,16.99,2492,42
2024-08-04,Paid Social,Paid - Creator,16.99,2104,39
2024-08-05,Paid Social,Paid - Creator,23.60,3723,58
2024-08-06,Paid Social,Paid - Creator,23.60,3663,50
2024-08-07,Paid Social,Paid - Creator,23.60,2107,57
2024-08-08,Paid Social,Paid - Creator,23.60,2368,55
2024-08-09,Paid Social,Paid - Creator,23.60,3901,57
2024-08-10,Paid Social,Paid - Creator,16.99,2686,42
2024-08-11,Paid Social,Paid - Creator,16.99,2654,36
2024-08-12,Paid Social,Paid - Creator,23.60,3974,54
2024-08-13,Paid Social,Paid - Creator,23.60,1934,59
2024-08-14,Paid Social,Paid - Creator,23.60,3808,60
2024-08-15,Paid Social,Paid - Creator,23.60,2055,56
2024-08-16,Paid Social,Paid - Creator,23.60,4123,58
2024-08-17,Paid Social,Paid - Creator,16.99,2272,38
2024-08-18,Paid Social,Paid - Creator,16.99,1984,39
2024-08-19,Paid Social,Paid - Creator,23.60,2169,59
2024-08-20,Paid Social,Paid - Creator,23.60,2560,55
2024-08-21,Paid Social,Paid - Creator,23.60,2378,54
2024-08-22,Paid Social,Paid - Creator,23.60,1923,61
2024-08-23,Paid Social,Paid - Creator,23.60,1904,56
2024-08-24,Paid Social,Paid - Creator,16.99,1572,37
2024-08-25,Paid Social,Paid - Creator,16.99,1969,43
2024-08-26,Paid Social,Paid - Creator,23.60,2958,59
2024-08-27,Paid Social,Paid - Creator,23.60,2950,56
2024-08-28,Paid Social,Paid - Creator,23.60,3446,54
2024-08-29,Paid Social,Paid - Creator,23.60,3310,54
2024-08-30,Paid Social,Paid - Creator,23.60,4258,59
2024-08-31,Paid Social,Paid - Creator,16.99,2112,39
2024-08-01,Affiliate,Affiliate - Cashback,11.67,536,18
2024-08-02,Affiliate,Affiliate - Cashback,11.67,1132,18
2024-08-03,Affiliate,Affiliate - Cashback,8.41,506,12
2024-08-04,Affiliate,Affiliate - Cashback,8.41,871,12
2024-08-05,Affiliate,Affiliate - Cashback,11.67,656,16
2024-08-06,Affiliate,Affiliate - Cashback,11.67,1113,18
2024-08-07,Affiliate,Affiliate - Cashback,11.67,877,17
2024-08-08,Affiliate,Affiliate - Cashback,11.67,742,18
2024-08-09,Affiliate,Affiliate - Cashback,11.67,1089,16
2024-08-10,Affiliate,Affiliate - Cashback,8.41,695,11
2024-08-11,Affiliate,Affiliate - Cashback,8.41,541,12
2024-08-12,Affiliate,Affiliate - Cashback,11.67,483,17
2024-08-13,Affiliate,Affiliate - Cashback,11.67,485,16
2024-08-14,Affiliate,Affiliate - Cashback,11.67,1035,18
2024-08-15,Affiliate,Affiliate - Cashback,11.67,531,18
2024-08-16,Affiliate,Affiliate - Cashback,11.67,582,18
2024-08-17,Affiliate,Affiliate - Cashback,8.41,318,11
2024-08-18,Affiliate,Affiliate - Cashback,8.41,361,12
2024-08-19,Affiliate,Affiliate - Cashback,11.67,1223,18
2024-08-20,Affiliate,Affiliate - Cashback,11.67,482,16
2024-08-21,Affiliate,Affiliate - Cashback,11.67,479,17
2024-08-22,Affiliate,Affiliate - Cashback,11.67,800,16
2024-08-23,Affiliate,Affiliate - Cashback,11.67,649,15
2024-08-24,Affiliate,Affiliate - Cashback,8.41,517,12
2024-08-25,Affiliate,Affiliate - Cashback,8.41,784,12
2024-08-26,Affiliate,Affiliate - Cashback,11.67,1139,17
2024-08-27,Affiliate,Affiliate - Cashback,11.67,824,17
2024-08-28,Affiliate,Affiliate - Cashback,11.67,1096,15
2024-08-29,Affiliate,Affiliate - Cashback,11.67,922,17
2024-08-30,Affiliate,Affiliate - Cashback,11.67,1108,18
2024-08-31,Affiliate,Affiliate - Cashback,8.41,883,12
2024-08-01,Affiliate,Affiliate - Content,12.57,1246,18
2024-08-02,Affiliate,Affiliate - Content,12.57,1196,17
2024-08-03,Affiliate,Affiliate - Content,9.05,410,13
2024-08-04,Affiliate,Affiliate - Content,9.05,942,13
2024-08-05,Affiliate,Affiliate - Content,12.57,664,19
2024-08-06,Affiliate,Affiliate - Content,12.57,1030,20
2024-08-07,Affiliate,Affiliate - Content,12.57,884,18
2024-08-08,Affiliate,Affiliate - Content,12.57,590,20
2024-08-09,Affiliate,Affiliate - Content,12.57,1274,20
2024-08-10,Affiliate,Affiliate - Content,9.05,741,14
2024-08-11,Affiliate,Affiliate - Content,9.05,866,12
2024-08-12,Affiliate,Affiliate - Content,12.57,771,19
2024-08-13,Affiliate,Affiliate - Content,12.57,929,17
2024-08-14,Affiliate,Affiliate - Content,12.57,1222,18
2024-08-15,Affiliate,Affiliate - Content,12.57,1109,16
2024-08-16,Affiliate,Affiliate - Content,12.57,1055,19
2024-08-17,Affiliate,Affiliate - Content,9.05,425,14
2024-08-18,Affiliate,Affiliate - Content,9.05,652,13
2024-08-19,Affiliate,Affiliate - Content,12.57,1087,18
2024-08-20,Affiliate,Affiliate - Content,12.57,693,17
2024-08-21,Affiliate,Affiliate - Content,12.57,1215,17
2024-08-22,Affiliate,Affiliate - Content,12.57,1312,18
2024-08-23,Affiliate,Affiliate - Content,12.57,667,16
2024-08-24,Affiliate,Affiliate - Content,9.05,849,14
2024-08-25,Affiliate,Affiliate - Content,9.05,654,12
2024-08-26,Affiliate,Affiliate - Content,12.57,962,20
2024-08-27,Affiliate,Affiliate - Content,12.57,795,19
2024-08-28,Affiliate,Affiliate - Content,12.57,522,16
2024-08-29,Affiliate,Affiliate - Content,12.57,751,16
2024-08-30,Affiliate,Affiliate - Content,12.57,805,19
2024-08-31,Affiliate,Affiliate - Content,9.05,438,13
2024-08-01,Affiliate,Affiliate - Voucher,7.15,444,11
2024-08-02,Affiliate,Affiliate - Voucher,7.15,566,10
2024-08-03,Affiliate,Affiliate - Voucher,5.15,256,8
2024-08-04,Affiliate,Affiliate - Voucher,5.15,360,7
2024-08-05,Affiliate,Affiliate - Voucher,7.15,655,10
2024-08-06,Affiliate,Affiliate - Voucher,7.15,465,11
2024-08-07,Affiliate,Affiliate - Voucher,7.15,378,11
2024-08-08,Affiliate,Affiliate - Voucher,7.15,679,11
2024-08-09,Affiliate,Affiliate - Voucher,7.15,644,10
2024-08-10,Affiliate,Affiliate - Voucher,5.15,250,8
2024-08-11,Affiliate,Affiliate - Voucher,5.15,439,7
2024-08-12,Affiliate,Affiliate - Voucher,7.15,607,11
2024-08-13,Affiliate,Affiliate - Voucher,7.15,677,10
2024-08-14,Affiliate,Affiliate - Voucher,7.15,570,10
2024-08-15,Affiliate,Affiliate - Voucher,7.15,552,10
2024-08-16,Affiliate,Affiliate - Voucher,7.15,807,11
2024-08-17,Affiliate,Affiliate - Voucher,5.15,312,8
2024-08-18,Affiliate,Affiliate - Voucher,5.15,216,6
2024-08-19,Affiliate,Affiliate - Voucher,7.15,545,9
2024-08-20,Affiliate,Affiliate - Voucher,7.15,397,10
2024-08-21,Affiliate,Affiliate - Voucher,7.15,492,9
2024-08-22,Affiliate,Affiliate - Voucher,7.15,624,10
2024-08-23,Affiliate,Affiliate - Voucher,7.15,559,9
2024-08-24,Affiliate,Affiliate - Voucher,5.15,345,7
2024-08-25,Affiliate,Affiliate - Voucher,5.15,303,7
2024-08-26,Affiliate,Affiliate - Voucher,7.15,292,10
2024-08-27,Affiliate,Affiliate - Voucher,7.15,702,10
2024-08-28,Affiliate,Affiliate - Voucher,7.15,375,10
2024-08-29,Affiliate,Affiliate - Voucher,7.15,458,9
2024-08-30,Affiliate,Affiliate - Voucher,7.15,545,10
2024-08-31,Affiliate,Affiliate - Voucher,5.15,352,7
2024-08-01,Email & CRM,Email - Lifecycle,2.94,1082,26
2024-08-02,Email & CRM,Email - Lifecycle,2.94,1707,24
2024-08-03,Email & CRM,Email - Lifecycle,2.11,725,15
2024-08-04,Email & CRM,Email - Lifecycle,2.11,661,18
2024-08-05,Email & CRM,Email - Lifecycle,2.94,1461,24
2024-08-06,Email & CRM,Email - Lifecycle,2.94,949,25
2024-08-07,Email & CRM,Email - Lifecycle,2.94,1290,24
2024-08-08,Email & CRM,Email - Lifecycle,2.94,1626,22
2024-08-09,Email & CRM,Email - Lifecycle,2.94,900,22
2024-08-10,Email & CRM,Email - Lifecycle,2.11,648,18
2024-08-11,Email & CRM,Email - Lifecycle,2.11,816,17
2024-08-12,Email & CRM,Email - Lifecycle,2.94,1006,22
2024-08-13,Email & CRM,Email - Lifecycle,2.94,1235,23
2024-08-14,Email & CRM,Email - Lifecycle,2.94,728,22
2024-08-15,Email & CRM,Email - Lifecycle,2.94,1249,24
2024-08-16,Email & CRM,Email - Lifecycle,2.94,1487,25
2024-08-17,Email & CRM,Email - Lifecycle,2.11,747,19
2024-08-18,Email & CRM,Email - Lifecycle,2.11,1056,17
2024-08-19,Email & CRM,Email - Lifecycle,2.94,1602,23
2024-08-20,Email & CRM,Email - Lifecycle,2.94,1295,23
2024-08-21,Email & CRM,Email - Lifecycle,2.94,1854,26
2024-08-22,Email & CRM,Email - Lifecycle,2.94,1504,26
2024-08-23,Email & CRM,Email - Lifecycle,2.94,1867,26
2024-08-24,Email & CRM,Email - Lifecycle,2.11,1179,17
2024-08-25,Email & CRM,Email - Lifecycle,2.11,1108,17
2024-08-26,Email & CRM,Email - Lifecycle,2.94,1541,22
2024-08-27,Email & CRM,Email - Lifecycle,2.94,864,24
2024-08-28,Email & CRM,Email - Lifecycle,2.94,1173,23
2024-08-29,Email & CRM,Email - Lifecycle,2.94,765,25
2024-08-30,Email & CRM,Email - Lifecycle,2.94,1491,22
2024-08-31,Email & CRM,Email - Lifecycle,2.11,946,15
2024-08-01,Email & CRM,Email - Winback,1.94,1099,17
2024-08-02,Email & CRM,Email - Winback,1.94,695,16
2024-08-03,Email & CRM,Email - Winback,1.40,858,12
2024-08-04,Email & CRM,Email - Winback,1.40,400,11
2024-08-05,Email & CRM,Email - Winback,1.94,1014,15
2024-08-06,Email & CRM,Email - Winback,1.94,805,14
2024-08-07,Email & CRM,Email - Winback,1.94,763,17
2024-08-08,Email & CRM,Email - Winback,1.94,508,16
2024-08-09,Email & CRM,Email - Winback,1.94,1011,16
2024-08-10,Email & CRM,Email - Winback,1.40,515,11
2024-08-11,Email & CRM,Email - Winback,1.40,706,11
2024-08-12,Email & CRM,Email - Winback,1.94,652,15
2024-08-13,Email & CRM,Email - Winback,1.94,577,16
2024-08-14,Email & CRM,Email - Winback,1.94,476,15
2024-08-15,Email & CRM,Email - Winback,1.94,561,15
2024-08-16,Email & CRM,Email - Winback,1.94,518,17
2024-08-17,Email & CRM,Email - Winback,1.40,674,10
2024-08-18,Email & CRM,Email - Winback,1.40,433,10
2024-08-19,Email & CRM,Email - Winback,1.94,824,15
2024-08-20,Email & CRM,Email - Winback,1.94,518,16
2024-08-21,Email & CRM,Email - Winback,1.94,651,17
2024-08-22,Email & CRM,Email - Winback,1.94,909,15
2024-08-23,Email & CRM,Email - Winback,1.94,810,17
2024-08-24,Email & CRM,Email - Winback,1.40,459,11
2024-08-25,Email & CRM,Email - Winback,1.40,373,12
2024-08-26,Email & CRM,Email - Winback,1.94,1128,17
2024-08-27,Email & CRM,Email - Winback,1.94,753,15
2024-08-28,Email & CRM,Email - Winback,1.94,783,15
2024-08-29,Email & CRM,Email - Winback,1.94,653,16
2024-08-30,Email & CRM,Email - Winback,1.94,513,15
2024-08-31,Email & CRM,Email - Winback,1.40,375,11
2024-08-01,Marketplace,Marketplace - Sponsored Listings,24.82,2504,45
2024-08-02,Marketplace,Marketplace - Sponsored Listings,24.82,1245,40
2024-08-03,Marketplace,Marketplace - Sponsored Listings,17.87,1239,33
2024-08-04,Marketplace,Marketplace - Sponsored Listings,17.87,1598,29
2024-08-05,Marketplace,Marketplace - Sponsored Listings,24.82,2248,42
2024-08-06,Marketplace,Marketplace - Sponsored Listings,24.82,2643,41
2024-08-07,Marketplace,Marketplace - Sponsored Listings,24.82,1545,44
2024-08-08,Marketplace,Marketplace - Sponsored Listings,24.82,2558,47
2024-08-09,Marketplace,Marketplace - Sponsored Listings,24.82,2232,42
2024-08-10,Marketplace,Marketplace - Sponsored Listings,17.87,1556,31
2024-08-11,Marketplace,Marketplace - Sponsored Listings,17.87,1500,32
2024-08-12,Marketplace,Marketplace - Sponsored Listings,24.82,3149,48
2024-08-13,Marketplace,Marketplace - Sponsored Listings,24.82,1343,47
2024-08-14,Marketplace,Marketplace - Sponsored Listings,24.82,1449,43
2024-08-15,Marketplace,Marketplace - Sponsored Listings,24.82,1652,41
2024-08-16,Marketplace,Marketplace - Sponsored Listings,24.82,2277,46
2024-08-17,Marketplace,Marketplace - Sponsored Listings,17.87,1575,31
2024-08-18,Marketplace,Marketplace - Sponsored Listings,17.87,1144,35
2024-08-19,Marketplace,Marketplace - Sponsored Listings,24.82,3071,46
2024-08-20,Marketplace,Marketplace - Sponsored Listings,24.82,2786,45
2024-08-21,Marketplace,Marketplace - Sponsored Listings,24.82,2365,47
2024-08-22,Marketplace,Marketplace - Sponsored Listings,24.82,2926,49
2024-08-23,Marketplace,Marketplace - Sponsored Listings,24.82,1493,47
2024-08-24,Marketplace,Marketplace - Sponsored Listings,17.87,1484,34
2024-08-25,Marketplace,Marketplace - Sponsored Listings,17.87,1459,32
2024-08-26,Marketplace,Marketplace - Sponsored Listings,24.82,1318,46
2024-08-27,Marketplace,Marketplace - Sponsored Listings,24.82,3381,49
2024-08-28,Marketplace,Marketplace - Sponsored Listings,24.82,3030,41
2024-08-29,Marketplace,Marketplace - Sponsored Listings,24.82,1857,41
2024-08-30,Marketplace,Marketplace - Sponsored Listings,24.82,2401,41
2024-08-31,Marketplace,Marketplace - Sponsored Listings,17.87,1364,30
2024-09-01,Organic Search,Organic - SEO Content,6.80,5659,136
2024-09-02,Organic Search,Organic - SEO Content,9.44,11498,178
2024-09-03,Organic Search,Organic - SEO Content,9.44,12775,203
2024-09-04,Organic Search,Organic - SEO Content,9.44,8691,173
2024-09-05,Organic Search,Organic - SEO Content,9.44,11822,175
2024-09-06,Organic Search,Organic - SEO Content,9.44,7366,180
2024-09-07,Organic Search,Organic - SEO Content,6.80,8354,129
2024-09-08,Organic Search,Organic - SEO Content,6.80,5595,133
2024-09-09,Organic Search,Organic - SEO Content,9.44,6602,188
2024-09-10,Organic Search,Organic - SEO Content,9.44,5397,174
2024-09-11,Organic Search,Organic - SEO Content,9.44,6534,202
2024-09-12,Organic Search,Organic - SEO Content,9.44,7768,180
2024-09-13,Organic Search,Organic - SEO Content,9.44,7763,197
2024-09-14,Organic Search,Organic - SEO Content,6.80,8356,126
2024-09-15,Organic Search,Organic - SEO Content,6.80,8271,129
2024-09-16,Organic Search,Organic - SEO Content,9.44,5586,181
2024-09-17,Organic Search,Organic - SEO Content,9.44,12656,207
2024-09-18,Organic Search,Organic - SEO Content,9.44,9107,194
2024-09-19,Organic Search,Organic - SEO Content,9.44,12477,181
2024-09-20,Organic Search,Organic - SEO Content,9.44,11354,172
2024-09-21,Organic Search,Organic - SEO Content,6.80,5469,141
2024-09-22,Organic Search,Organic - SEO Content,6.80,5264,133
2024-09-23,Organic Search,Organic - SEO Content,9.44,10508,182
2024-09-24,Organic Search,Organic - SEO Content,9.44,12420,201
2024-09-25,Organic Search,Organic - SEO Content,9.44,9842,186
2024-09-26,Organic Search,Organic - SEO Content,9.44,11525,178
2024-09-27,Organic Search,Organic - SEO Content,9.44,6036,204
2024-09-28,Organic Search,Organic - SEO Content,6.80,4076,141
2024-09-29,Organic Search,Organic - SEO Content,6.80,9032,128
2024-09-30,Organic Search,Organic - SEO Content,9.44,9839,180
2024-09-01,Paid Search,Paid - Brand,23.93,702,25
2024-09-02,Paid Search,Paid - Brand,33.23,1043,35
2024-09-03,Paid Search,Paid - Brand,33.23,1312,35
2024-09-04,Paid Search,Paid - Brand,33.23,2159,35
2024-09-05,Paid Search,Paid - Brand,33.23,1171,35
2024-09-06,Paid Search,Paid - Brand,33.23,1689,37
2024-09-07,Paid Search,Paid - Brand,23.93,845,27
2024-09-08,Paid Search,Paid - Brand,23.93,771,27
2024-09-09,Paid Search,Paid - Brand,33.23,2376,38
2024-09-10,Paid Search,Paid - Brand,33.23,1157,32
2024-09-11,Paid Search,Paid - Brand,33.23,1342,32
2024-09-12,Paid Search,Paid - Brand,33.23,1601,35
2024-09-13,Paid Search,Paid - Brand,33.23,1913,31
2024-09-14,Paid Search,Paid - Brand,23.93,1248,22
2024-09-15,Paid Search,Paid - Brand,23.93,1690,25
2024-09-16,Paid Search,Paid - Brand,33.23,1207,33
2024-09-17,Paid Search,Paid - Brand,33.23,2080,37
2024-09-18,Paid Search,Paid - Brand,33.23,1919,31
2024-09-19,Paid Search,Paid - Brand,33.23,1260,35
2024-09-20,Paid Search,Paid - Brand,33.23,2211,38
2024-09-21,Paid Search,Paid - Brand,23.93,828,24
2024-09-22,Paid Search,Paid - Brand,23.93,1485,24
2024-09-23,Paid Search,Paid - Brand,33.23,1320,34
2024-09-24,Paid Search,Paid - Brand,33.23,2349,32
2024-09-25,Paid Search,Paid - Brand,33.23,2298,33
2024-09-26,Paid Search,Paid - Brand,33.23,978,32
2024-09-27,Paid Search,Paid - Brand,33.23,2242,34
2024-09-28,Paid Search,Paid - Brand,23.93,1107,22
2024-09-29,Paid Search,Paid - Brand,23.93,848,24
2024-09-30,Paid Search,Paid - Brand,33.23,1676,35
2024-09-01,Paid Search,Paid - Generic,16.18,646,15
2024-09-02,Paid Search,Paid - Generic,22.47,1488,25
2024-09-03,Paid Search,Paid - Generic,22.47,1432,24
2024-09-04,Paid Search,Paid - Generic,22.47,1126,21
2024-09-05,Paid Search,Paid - Generic,22.47,743,25
2024-09-06,Paid Search,Paid - Generic,22.47,1431,23
2024-09-07,Paid Search,Paid - Generic,16.18,928,18
2024-09-08,Paid Search,Paid - Generic,16.18,496,17
2024-09-09,Paid Search,Paid - Generic,22.47,903,23
2024-09-10,Paid Search,Paid - Generic,22.47,1323,25
2024-09-11,Paid Search,Paid - Generic,22.47,1325,22
2024-09-12,Paid Search,Paid - Generic,22.47,1386,25
2024-09-13,Paid Search,Paid - Generic,22.47,1421,22
2024-09-14,Paid Search,Paid - Generic,16.18,591,17
2024-09-15,Paid Search,Paid - Generic,16.18,1009,15
2024-09-16,Paid Search,Paid - Generic,22.47,1587,23
2024-09-17,Paid Search,Paid - Generic,22.47,904,24
2024-09-18,Paid Search,Paid - Generic,22.47,871,22
2024-09-19,Paid Search,Paid - Generic,22.47,1449,24
2024-09-20,Paid Search,Paid - Generic,22.47,751,24
2024-09-21,Paid Search,Paid - Generic,16.18,887,17
2024-09-22,Paid Search,Paid - Generic,16.18,997,15
2024-09-23,Paid Search,Paid - Generic,22.47,841,24
2024-09-24,Paid Search,Paid - Generic,22.47,1624,23
2024-09-25,Paid Search,Paid - Generic,22.47,1697,25
2024-09-26,Paid Search,Paid - Generic,22.47,617,22
2024-09-27,Paid Search,Paid - Generic,22.47,1123,25
2024-09-28,Paid Search,Paid - Generic,16.18,600,18
2024-09-29,Paid Search,Paid - Generic,16.18,480,15
2024-09-30,Paid Search,Paid - Generic,22.47,688,23
2024-09-01,Paid Search,Paid - Shopping,16.27,1118,16
2024-09-02,Paid Search,Paid - Shopping,22.60,1512,23
2024-09-03,Paid Search,Paid - Shopping,22.60,1397,24
2024-09-04,Paid Search,Paid - Shopping,22.60,1553,23
2024-09-05,Paid Search,Paid - Shopping,22.60,1474,24
2024-09-06,Paid Search,Paid - Shopping,22.60,682,24
2024-09-07,Paid Search,Paid - Shopping,16.27,806,16
2024-09-08,Paid Search,Paid - Shopping,16.27,797,15
2024-09-09,Paid Search,Paid - Shopping,22.60,1458,25
2024-09-10,Paid Search,Paid - Shopping,22.60,914,21
2024-09-11,Paid Search,Paid - Shopping,22.60,1233,24
2024-09-12,Paid Search,Paid - Shopping,22.60,968,24
2024-09-13,Paid Search,Paid - Shopping,22.60,1422,24
2024-09-14,Paid Search,Paid - Shopping,16.27,951,15
2024-09-15,Paid Search,Paid - Shopping,16.27,534,18
2024-09-16,Paid Search,Paid - Shopping,22.60,1605,24
2024-09-17,Paid Search,Paid - Shopping,22.60,1440,23
2024-09-18,Paid Search,Paid - Shopping,22.60,1000,22
2024-09-19,Paid Search,Paid - Shopping,22.60,1265,24
2024-09-20,Paid Search,Paid - Shopping,22.60,1208,22
2024-09-21,Paid Search,Paid - Shopping,16.27,771,16
2024-09-22,Paid Search,Paid - Shopping,16.27,1251,18
2024-09-23,Paid Search,Paid - Shopping,22.60,1214,22
2024-09-24,Paid Search,Paid - Shopping,22.60,930,21
2024-09-25,Paid Search,Paid - Shopping,22.60,1324,24
2024-09-26,Paid Search,Paid - Shopping,22.60,1240,24
2024-09-27,Paid Search,Paid - Shopping,22.60,1485,25
2024-09-28,Paid Search,Paid - Shopping,16.27,808,18
2024-09-29,Paid Search,Paid - Shopping,16.27,630,16
2024-09-30,Paid Search,Paid - Shopping,22.60,1206,22
2024-09-01,Paid Social,Paid - Prospecting,19.37,2685,43
2024-09-02,Paid Social,Paid - Prospecting,26.90,2980,69
2024-09-03,Paid Social,Paid - Prospecting,26.90,2992,68
2024-09-04,Paid Social,Paid - Prospecting,26.90,4124,68
2024-09-05,Paid Social,Paid - Prospecting,26.90,4573,69
2024-09-06,Paid Social,Paid - Prospecting,26.90,2249,67
2024-09-07,Paid Social,Paid - Prospecting,19.37,2054,44
2024-09-08,Paid Social,Paid - Prospecting,19.37,2511,49
2024-09-09,Paid Social,Paid - Prospecting,26.90,3095,67
2024-09-10,Paid Social,Paid - Prospecting,26.90,4070,61
2024-09-11,Paid Social,Paid - Prospecting,26.90,3081,66
2024-09-12,Paid Social,Paid - Prospecting,26.90,2631,63
2024-09-13,Paid Social,Paid - Prospecting,26.90,4426,70
2024-09-14,Paid Social,Paid - Prospecting,19.37,2518,41
2024-09-15,Paid Social,Paid - Prospecting,19.37,2057,43
2024-09-16,Paid Social,Paid - Prospecting,26.90,2159,61
2024-09-17,Paid Social,Paid - Prospecting,26.90,2513,61
2024-09-18,Paid Social,Paid - Prospecting,26.90,3181,63
2024-09-19,Paid Social,Paid - Prospecting,26.90,1733,60
2024-09-20,Paid Social,Paid - Prospecting,26.90,2021,60
2024-09-21,Paid Social,Paid - Prospecting,19.37,1766,47
2024-09-22,Paid Social,Paid - Prospecting,19.37,2524,43
2024-09-23,Paid Social,Paid - Prospecting,26.90,2276,65
2024-09-24,Paid Social,Paid - Prospecting,26.90,1935,61
2024-09-25,Paid Social,Paid - Prospecting,26.90,2756,63
2024-09-26,Paid Social,Paid - Prospecting,26.90,2543,68
2024-09-27,Paid Social,Paid - Prospecting,26.90,2453,62
2024-09-28,Paid Social,Paid - Prospecting,19.37,3494,48
2024-09-29,Paid Social,Paid - Prospecting,19.37,2449,43
2024-09-30,Paid Social,Paid - Prospecting,26.90,2810,60
2024-09-01,Paid Social,Paid - Retargeting,21.84,3056,47
2024-09-02,Paid Social,Paid - Retargeting,30.33,3599,79
2024-09-03,Paid Social,Paid - Retargeting,30.33,4629,68
2024-09-04,Paid Social,Paid - Retargeting,30.33,4324,73
2024-09-05,Paid Social,Paid - Retargeting,30.33,3683,75
2024-09-06,Paid Social,Paid - Retargeting,30.33,4050,67
2024-09-07,Paid Social,Paid - Retargeting,21.84,1624,50
2024-09-08,Paid Social,Paid - Retargeting,21.84,3517,54
2024-09-09,Paid Social,Paid - Retargeting,30.33,4142,75
2024-09-10,Paid Social,Paid - Retargeting,30.33,3297,78
2024-09-11,Paid Social,Paid - Retargeting,30.33,4775,65
2024-09-12,Paid Social,Paid - Retargeting,30.33,3005,78
2024-09-13,Paid Social,Paid - Retargeting,30.33,4361,69
2024-09-14,Paid Social,Paid - Retargeting,21.84,2869,54
2024-09-15,Paid Social,Paid - Retargeting,21.84,2255,54
2024-09-16,Paid Social,Paid - Retargeting,30.33,3270,65
2024-09-17,Paid Social,Paid - Retargeting,30.33,4420,71
2024-09-18,Paid Social,Paid - Retargeting,30.33,4400,69
2024-09-19,Paid Social,Paid - Retargeting,30.33,2409,77
2024-09-20,Paid Social,Paid - Retargeting,30.33,4677,73
2024-09-21,Paid Social,Paid - Retargeting,21.84,3668,55
2024-09-22,Paid Social,Paid - Retargeting,21.84,2979,56
2024-09-23,Paid Social,Paid - Retargeting,30.33,2718,66
2024-09-24,Paid Social,Paid - Retargeting,30.33,5077,69
2024-09-25,Paid Social,Paid - Retargeting,30.33,3341,73
2024-09-26,Paid Social,Paid - Retargeting,30.33,2456,73
2024-09-27,Paid Social,Paid - Retargeting,30.33,4666,73
2024-09-28,Paid Social,Paid - Retargeting,21.84,2880,49
2024-09-29,Paid Social,Paid - Retargeting,21.84,4030,57
2024-09-30,Paid Social,Paid - Retargeting,30.33,1897,67
2024-09-01,Paid Social,Paid - Creator,23.39,3598,57
2024-09-02,Paid Social,Paid - Creator,32.49,5313,73
2024-09-03,Paid Social,Paid - Creator,32.49,2824,80
2024-09-04,Paid Social,Paid - Creator,32.49,3157,84
2024-09-05,Paid Social,Paid - Creator,32.49,2769,71
2024-09-06,Paid Social,Paid - Creator,32.49,3574,71
2024-09-07,Paid Social,Paid - Creator,23.39,2503,52
2024-09-08,Paid Social,Paid - Creator,23.39,1717,53
2024-09-09,Paid Social,Paid - Creator,32.49,6025,83
2024-09-10,Paid Social,Paid - Creator,32.49,5170,74
2024-09-11,Paid Social,Paid - Creator,32.49,4999,79
2024-09-12,Paid Social,Paid - Creator,32.49,3280,83
2024-09-13,Paid Social,Paid - Creator,32.49,3027,73
2024-09-14,Paid Social,Paid - Creator,23.39,3739,51
2024-09-15,Paid Social,Paid - Creator,23.39,1803,55
2024-09-16,Paid Social,Paid - Creator,32.49,3534,73
2024-09-17,Paid Social,Paid - Creator,32.49,4541,84
2024-09-18,Paid Social,Paid - Creator,32.49,3711,72
2024-09-19,Paid Social,Paid - Creator,32.49,4120,77
2024-09-20,Paid Social,Paid - Creator,32.49,2748,75
2024-09-21,Paid Social,Paid - Creator,23.39,4026,60
2024-09-22,Paid Social,Paid - Creator,23.39,3741,53
2024-09-23,Paid Social,Paid - Creator,32.49,3748,71
2024-09-24,Paid Social,Paid - Creator,32.49,5345,78
2024-09-25,Paid Social,Paid - Creator,32.49,2836,73
2024-09-26,Paid Social,Paid - Creator,32.49,5682,79
2024-09-27,Paid Social,Paid - Creator,32.49,2579,72
2024-09-28,Paid Social,Paid - Creator,23.39,3000,60
2024-09-29,Paid Social,Paid - Creator,23.39,2957,51
2024-09-30,Paid Social,Paid - Creator,32.49,2804,83
2024-09-01,Affiliate,Affiliate - Cashback,10.78,539,15
2024-09-02,Affiliate,Affiliate - Cashback,14.97,1281,23
2024-09-03,Affiliate,Affiliate - Cashback,14.97,1513,24
2024-09-04,Affiliate,Affiliate - Cashback,14.97,1216,22
2024-09-05,Affiliate,Affiliate - Cashback,14.97,708,21
2024-09-06,Affiliate,Affiliate - Cashback,14.97,835,19
2024-09-07,Affiliate,Affiliate - Cashback,10.78,524,17
2024-09-08,Affiliate,Affiliate - Cashback,10.78,795,14
2024-09-09,Affiliate,Affiliate - Cashback,14.97,1259,23
2024-09-10,Affiliate,Affiliate - Cashback,14.97,1616,23
2024-09-11,Affiliate,Affiliate - Cashback,14.97,929,23
2024-09-12,Affiliate,Affiliate - Cashback,14.97,1465,21
2024-09-13,Affiliate,Affiliate - Cashback,14.97,1310,21
2024-09-14,Affiliate,Affiliate - Cashback,10.78,915,14
2024-09-15,Affiliate,Affiliate - Cashback,10.78,881,17
2024-09-16,Affiliate,Affiliate - Cashback,14.97,1048,22
2024-09-17,Affiliate,Affiliate - Cashback,14.97,1140,20
2024-09-18,Affiliate,Affiliate - Cashback,14.97,1624,22
2024-09-19,Affiliate,Affiliate - Cashback,14.97,720,20
2024-09-20,Affiliate,Affiliate - Cashback,14.97,1334,20
2024-09-21,Affiliate,Affiliate - Cashback,10.78,396,14
2024-09-22,Affiliate,Affiliate - Cashback,10.78,570,16
2024-09-23,Affiliate,Affiliate - Cashback,14.97,1276,21
2024-09-24,Affiliate,Affiliate - Cashback,14.97,618,21
2024-09-25,Affiliate,Affiliate - Cashback,14.97,740,23
2024-09-26,Affiliate,Affiliate - Cashback,14.97,1285,20
2024-09-27,Affiliate,Affiliate - Cashback,14.97,1477,20
2024-09-28,Affiliate,Affiliate - Cashback,10.78,463,16
2024-09-29,Affiliate,Affiliate - Cashback,10.78,503,15
2024-09-30,Affiliate,Affiliate - Cashback,14.97,1620,22
2024-09-01,Affiliate,Affiliate - Content,7.92,416,11
2024-09-02,Affiliate,Affiliate - Content,11.01,1103,16
2024-09-03,Affiliate,Affiliate - Content,11.01,657,15
2024-09-04,Affiliate,Affiliate - Content,11.01,1090,15
2024-09-05,Affiliate,Affiliate - Content,11.01,625,16
2024-09-06,Affiliate,Affiliate - Content,11.01,536,16
2024-09-07,Affiliate,Affiliate - Content,7.92,577,12
2024-09-08,Affiliate,Affiliate - Content,7.92,465,11
2024-09-09,Affiliate,Affiliate - Content,11.01,640,15
2024-09-10,Affiliate,Affiliate - Content,11.01,761,15
2024-09-11,Affiliate,Affiliate - Content,11.01,459,15
2024-09-12,Affiliate,Affiliate - Content,11.01,1142,17
2024-09-13,Affiliate,Affiliate - Content,11.01,930,15
2024-09-14,Affiliate,Affiliate - Content,7.92,486,12
2024-09-15,Affiliate,Affiliate - Content,7.92,543,11
2024-09-16,Affiliate,Affiliate - Content,11.01,708,14
2024-09-17,Affiliate,Affiliate - Content,11.01,711,17
2024-09-18,Affiliate,Affiliate - Content,11.01,862,16
2024-09-19,Affiliate,Affiliate - Content,11.01,579,17
2024-09-20,Affiliate,Affiliate - Content,11.01,979,15
2024-09-21,Affiliate,Affiliate - Content,7.92,541,12
2024-09-22,Affiliate,Affiliate - Content,7.92,435,10
2024-09-23,Affiliate,Affiliate - Content,11.01,438,14
2024-09-24,Affiliate,Affiliate - Content,11.01,1117,17
2024-09-25,Affiliate,Affiliate - Content,11.01,970,16
2024-09-26,Affiliate,Affiliate - Content,11.01,669,15
2024-09-27,Affiliate,Affiliate - Content,11.01,524,14
2024-09-28,Affiliate,Affiliate - Content,7.92,764,12
2024-09-29,Affiliate,Affiliate - Content,7.92,682,12
2024-09-30,Affiliate,Affiliate - Content,11.01,806,16
2024-09-01,Affiliate,Affiliate - Voucher,9.40,889,14
2024-09-02,Affiliate,Affiliate - Voucher,13.06,1102,19
2024-09-03,Affiliate,Affiliate - Voucher,13.06,1379,21
2024-09-04,Affiliate,Affiliate - Voucher,13.06,659,18
2024-09-05,Affiliate,Affiliate - Voucher,13.06,810,20
2024-09-06,Affiliate,Affiliate - Voucher,13.06,1300,18
2024-09-07,Affiliate,Affiliate - Voucher,9.40,695,13
2024-09-08,Affiliate,Affiliate - Voucher,9.40,686,15
2024-09-09,Affiliate,Affiliate - Voucher,13.06,678,20
2024-09-10,Affiliate,Affiliate - Voucher,13.06,876,20
2024-09-11,Affiliate,Affiliate - Voucher,13.06,1479,20
2024-09-12,Affiliate,Affiliate - Voucher,13.06,866,20
2024-09-13,Affiliate,Affiliate - Voucher,13.06,1216,19
2024-09-14,Affiliate,Affiliate - Voucher,9.40,779,12
2024-09-15,Affiliate,Affiliate - Voucher,9.40,623,13
2024-09-16,Affiliate,Affiliate - Voucher,13.06,696,18
2024-09-17,Affiliate,Affiliate - Voucher,13.06,730,19
2024-09-18,Affiliate,Affiliate - Voucher,13.06,617,19
2024-09-19,Affiliate,Affiliate - Voucher,13.06,600,20
2024-09-20,Affiliate,Affiliate - Voucher,13.06,818,17
2024-09-21,Affiliate,Affiliate - Voucher,9.40,692,13
2024-09-22,Affiliate,Affiliate - Voucher,9.40,455,14
2024-09-23,Affiliate,Affiliate - Voucher,13.06,1133,20
2024-09-24,Affiliate,Affiliate - Voucher,13.06,612,18
2024-09-25,Affiliate,Affiliate - Voucher,13.06,857,18
2024-09-26,Affiliate,Affiliate - Voucher,13.06,1315,18
2024-09-27,Affiliate,Affiliate - Voucher,13.06,1131,18
2024-09-28,Affiliate,Affiliate - Voucher,9.40,829,13
2024-09-29,Affiliate,Affiliate - Voucher,9.40,524,14
2024-09-30,Affiliate,Affiliate - Voucher,13.06,648,18
2024-09-01,Email & CRM,Email - Lifecycle,1.57,674,11
2024-09-02,Email & CRM,Email - Lifecycle,2.19,1150,17
2024-09-03,Email & CRM,Email - Lifecycle,2.19,1025,16
2024-09-04,Email & CRM,Email - Lifecycle,2.19,754,17
2024-09-05,Email & CRM,Email - Lifecycle,2.19,806,16
2024-09-06,Email & CRM,Email - Lifecycle,2.19,1178,16
2024-09-07,Email & CRM,Email - Lifecycle,1.57,1023,14
2024-09-08,Email & CRM,Email - Lifecycle,1.57,537,14
2024-09-09,Email & CRM,Email - Lifecycle,2.19,1272,18
2024-09-10,Email & CRM,Email - Lifecycle,2.19,503,17
2024-09-11,Email & CRM,Email - Lifecycle,2.19,1009,19
2024-09-12,Email & CRM,Email - Lifecycle,2.19,1025,16
2024-09-13,Email & CRM,Email - Lifecycle,2.19,611,16
2024-09-14,Email & CRM,Email - Lifecycle,1.57,579,12
2024-09-15,Email & CRM,Email - Lifecycle,1.57,500,13
2024-09-16,Email & CRM,Email - Lifecycle,2.19,996,18
2024-09-17,Email & CRM,Email - Lifecycle,2.19,531,18
2024-09-18,Email & CRM,Email - Lifecycle,2.19,626,16
2024-09-19,Email & CRM,Email - Lifecycle,2.19,727,16
2024-09-20,Email & CRM,Email - Lifecycle,2.19,1069,16
2024-09-21,Email & CRM,Email - Lifecycle,1.57,865,13
2024-09-22,Email & CRM,Email - Lifecycle,1.57,872,12
2024-09-23,Email & CRM,Email - Lifecycle,2.19,889,18
2024-09-24,Email & CRM,Email - Lifecycle,2.19,991,16
2024-09-25,Email & CRM,Email - Lifecycle,2.19,1379,19
2024-09-26,Email & CRM,Email - Lifecycle,2.19,738,16
2024-09-27,Email & CRM,Email - Lifecycle,2.19,1023,19
2024-09-28,Email & CRM,Email - Lifecycle,1.57,477,14
2024-09-29,Email & CRM,Email - Lifecycle,1.57,588,12
2024-09-30,Email & CRM,Email - Lifecycle,2.19,973,16
2024-09-01,Email & CRM,Email - Winback,2.80,1517,23
2024-09-02,Email & CRM,Email - Winback,3.90,2289,31
2024-09-03,Email & CRM,Email - Winback,3.90,2106,31
2024-09-04,Email & CRM,Email - Winback,3.90,2233,33
2024-09-05,Email & CRM,Email - Winback,3.90,1553,30
2024-09-06,Email & CRM,Email - Winback,3.90,2121,34
2024-09-07,Email & CRM,Email - Winback,2.80,685,22
2024-09-08,Email & CRM,Email - Winback,2.80,943,21
2024-09-09,Email & CRM,Email - Winback,3.90,1600,31
2024-09-10,Email & CRM,Email - Winback,3.90,947,30
2024-09-11,Email & CRM,Email - Winback,3.90,1346,33
2024-09-12,Email & CRM,Email - Winback,3.90,1394,35
2024-09-13,Email & CRM,Email - Winback,3.90,1998,32
2024-09-14,Email & CRM,Email - Winback,2.80,633,22
2024-09-15,Email & CRM,Email - Winback,2.80,1181,21
2024-09-16,Email & CRM,Email - Winback,3.90,1669,34
2024-09-17,Email & CRM,Email - Winback,3.90,1093,32
2024-09-18,Email & CRM,Email - Winback,3.90,1835,32
2024-09-19,Email & CRM,Email - Winback,3.90,1716,29
2024-09-20,Email & CRM,Email - Winback,3.90,977,33
2024-09-21,Email & CRM,Email - Winback,2.80,974,24
2024-09-22,Email & CRM,Email - Winback,2.80,1286,21
2024-09-23,Email & CRM,Email - Winback,3.90,2390,33
2024-09-24,Email & CRM,Email - Winback,3.90,1586,35
2024-09-25,Email & CRM,Email - Winback,3.90,1870,30
2024-09-26,Email & CRM,Email - Winback,3.90,2302,34
2024-09-27,Email & CRM,Email - Winback,3.90,2100,31
2024-09-28,Email & CRM,Email - Winback,2.80,1015,23
2024-09-29,Email & CRM,Email - Winback,2.80,1549,24
2024-09-30,Email & CRM,Email - Winback,3.90,1008,33
2024-09-01,Marketplace,Marketplace - Sponsored Listings,18.62,2084,35
2024-09-02,Marketplace,Marketplace - Sponsored Listings,25.86,2541,47
2024-09-03,Marketplace,Marketplace - Sponsored Listings,25.86,1427,48
2024-09-04,Marketplace,Marketplace - Sponsored Listings,25.86,3277,45
2024-09-05,Marketplace,Marketplace - Sponsored Listings,25.86,1635,44
2024-09-06,Marketplace,Marketplace - Sponsored Listings,25.86,1382,47
2024-09-07,Marketplace,Marketplace - Sponsored Listings,18.62,2036,30
2024-09-08,Marketplace,Marketplace - Sponsored Listings,18.62,1710,36
2024-09-09,Marketplace,Marketplace - Sponsored Listings,25.86,1949,42
2024-09-10,Marketplace,Marketplace - Sponsored Listings,25.86,2114,47
2024-09-11,Marketplace,Marketplace - Sponsored Listings,25.86,2752,50
2024-09-12,Marketplace,Marketplace - Sponsored Listings,25.86,2525,49
2024-09-13,Marketplace,Marketplace - Sponsored Listings,25.86,2401,49
2024-09-14,Marketplace,Marketplace - Sponsored Listings,18.62,1519,36
2024-09-15,Marketplace,Marketplace - Sponsored Listings,18.62,1526,35
2024-09-16,Marketplace,Marketplace - Sponsored Listings,25.86,3189,51
2024-09-17,Marketplace,Marketplace - Sponsored Listings,25.86,1594,42
2024-09-18,Marketplace,Marketplace - Sponsored Listings,25.86,2549,45
2024-09-19,Marketplace,Marketplace - Sponsored Listings,25.86,2503,51
2024-09-20,Marketplace,Marketplace - Sponsored Listings,25.86,1475,49
2024-09-21,Marketplace,Marketplace - Sponsored Listings,18.62,1249,34
2024-09-22,Marketplace,Marketplace - Sponsored Listings,18.62,2059,30
2024-09-23,Marketplace,Marketplace - Sponsored Listings,25.86,2689,49
2024-09-24,Marketplace,Marketplace - Sponsored Listings,25.86,2232,43
2024-09-25,Marketplace,Marketplace - Sponsored Listings,25.86,2813,42
2024-09-26,Marketplace,Marketplace - Sponsored Listings,25.86,2991,47
2024-09-27,Marketplace,Marketplace - Sponsored Listings,25.86,1743,48
2024-09-28,Marketplace,Marketplace - Sponsored Listings,18.62,1665,31
2024-09-29,Marketplace,Marketplace - Sponsored Listings,18.62,2024,33
2024-09-30,Marketplace,Marketplace - Sponsored Listings,25.86,2952,42
2024-10-01,Organic Search,Organic - SEO Content,7.86,6717,147
2024-10-02,Organic Search,Organic - SEO Content,7.86,9996,164
2024-10-03,Organic Search,Organic - SEO Content,7.86,6531,166
2024-10-04,Organic Search,Organic - SEO Content,7.86,5309,165
2024-10-05,Organic Search,Organic - SEO Content,5.66,8211,119
2024-10-06,Organic Search,Organic - SEO Content,5.66,8687,121
2024-10-07,Organic Search,Organic - SEO Content,7.86,11296,170
2024-10-08,Organic Search,Organic - SEO Content,7.86,7089,159
2024-10-09,Organic Search,Organic - SEO Content,7.86,10725,150
2024-10-10,Organic Search,Organic - SEO Content,7.86,5271,147
2024-10-11,Organic Search,Organic - SEO Content,7.86,6627,144
2024-10-12,Organic Search,Organic - SEO Content,5.66,4275,106
2024-10-13,Organic Search,Organic - SEO Content,5.66,3444,115
2024-10-14,Organic Search,Organic - SEO Content,7.86,5016,150
2024-10-15,Organic Search,Organic - SEO Content,7.86,5051,158
2024-10-16,Organic Search,Organic - SEO Content,7.86,8702,144
2024-10-17,Organic Search,Organic - SEO Content,7.86,7004,156
2024-10-18,Organic Search,Organic - SEO Content,7.86,8448,156
2024-10-19,Organic Search,Organic - SEO Content,5.66,5493,117
2024-10-20,Organic Search,Organic - SEO Content,5.66,7408,123
2024-10-21,Organic Search,Organic - SEO Content,7.86,5108,144
2024-10-22,Organic Search,Organic - SEO Content,7.86,8423,151
2024-10-23,Organic Search,Organic - SEO Content,7.86,9593,156
2024-10-24,Organic Search,Organic - SEO Content,7.86,8390,160
2024-10-25,Organic Search,Organic - SEO Content,7.86,5522,170
2024-10-26,Organic Search,Organic - SEO Content,5.66,3988,104
2024-10-27,Organic Search,Organic - SEO Content,5.66,5725,107
2024-10-28,Organic Search,Organic - SEO Content,7.86,11299,163
2024-10-29,Organic Search,Organic - SEO Content,7.86,8910,146
2024-10-30,Organic Search,Organic - SEO Content,7.86,8828,159
2024-10-31,Organic Search,Organic - SEO Content,7.86,6307,172
2024-10-01,Paid Search,Paid - Brand,29.12,1853,32
2024-10-02,Paid Search,Paid - Brand,29.12,1101,32
2024-10-03,Paid Search,Paid - Brand,29.12,1309,32
2024-10-04,Paid Search,Paid - Brand,29.12,1925,29
2024-10-05,Paid Search,Paid - Brand,20.97,1678,23
2024-10-06,Paid Search,Paid - Brand,20.97,602,20
2024-10-07,Paid Search,Paid - Brand,29.12,1433,32
2024-10-08,Paid Search,Paid - Brand,29.12,1755,32
2024-10-09,Paid Search,Paid - Brand,29.12,2002,32
2024-10-10,Paid Search,Paid - Brand,29.12,1848,33
2024-10-11,Paid Search,Paid - Brand,29.12,2222,32
2024-10-12,Paid Search,Paid - Brand,20.97,963,20
2024-10-13,Paid Search,Paid - Brand,20.97,1248,22
2024-10-14,Paid Search,Paid - Brand,29.12,1660,30
2024-10-15,Paid Search,Paid - Brand,29.12,1559,28
2024-10-16,Paid Search,Paid - Brand,29.12,1581,30
2024-10-17,Paid Search,Paid - Brand,29.12,1164,28
2024-10-18,Paid Search,Paid - Brand,29.12,1951,32
2024-10-19,Paid Search,Paid - Brand,20.97,1463,21
2024-10-20,Paid Search,Paid - Brand,20.97,866,22
2024-10-21,Paid Search,Paid - Brand,29.12,1281,30
2024-10-22,Paid Search,Paid - Brand,29.12,2104,32
2024-10-23,Paid Search,Paid - Brand,29.12,1652,32
2024-10-24,Paid Search,Paid - Brand,29.12,1499,30
2024-10-25,Paid Search,Paid - Brand,29.12,1609,32
2024-10-26,Paid Search,Paid - Brand,20.97,776,21
2024-10-27,Paid Search,Paid - Brand,20.97,1364,21
2024-10-28,Paid Search,Paid - Brand,29.12,1864,32
2024-10-29,Paid Search,Paid - Brand,29.12,887,31
2024-10-30,Paid Search,Paid - Brand,29.12,1499,32
2024-10-31,Paid Search,Paid - Brand,29.12,1310,33
2024-10-01,Paid Search,Paid - Generic,15.33,900,17
2024-10-02,Paid Search,Paid - Generic,15.33,435,14
2024-10-03,Paid Search,Paid - Generic,15.33,513,14
2024-10-04,Paid Search,Paid - Generic,15.33,979,16
2024-10-05,Paid Search,Paid - Generic,11.04,538,10
2024-10-06,Paid Search,Paid - Generic,11.04,591,12
2024-10-07,Paid Search,Paid - Generic,15.33,521,14
2024-10-08,Paid Search,Paid - Generic,15.33,879,17
2024-10-09,Paid Search,Paid - Generic,15.33,909,17
2024-10-10,Paid Search,Paid - Generic,15.33,814,15
2024-10-11,Paid Search,Paid - Generic,15.33,478,16
2024-10-12,Paid Search,Paid - Generic,11.04,882,12
2024-10-13,Paid Search,Paid - Generic,11.04,769,11
2024-10-14,Paid Search,Paid - Generic,15.33,690,17
2024-10-15,Paid Search,Paid - Generic,15.33,876,15
2024-10-16,Paid Search,Paid - Generic,15.33,557,14
2024-10-17,Paid Search,Paid - Generic,15.33,691,17
2024-10-18,Paid Search,Paid - Generic,15.33,882,17
2024-10-19,Paid Search,Paid - Generic,11.04,573,12
2024-10-20,Paid Search,Paid - Generic,11.04,554,12
2024-10-21,Paid Search,Paid - Generic,15.33,847,15
2024-10-22,Paid Search,Paid - Generic,15.33,1222,17
2024-10-23,Paid Search,Paid - Generic,15.33,585,15
2024-10-24,Paid Search,Paid - Generic,15.33,574,14
2024-10-25,Paid Search,Paid - Generic,15.33,432,15
2024-10-26,Paid Search,Paid - Generic,11.04,616,12
2024-10-27,Paid Search,Paid - Generic,11.04,552,10
2024-10-28,Paid Search,Paid - Generic,15.33,707,17
2024-10-29,Paid Search,Paid - Generic,15.33,474,16
2024-10-30,Paid Search,Paid - Generic,15.33,676,14
2024-10-31,Paid Search,Paid - Generic,15.33,845,16
2024-10-01,Paid Search,Paid - Shopping,21.47,978,23
2024-10-02,Paid Search,Paid - Shopping,21.47,742,22
2024-10-03,Paid Search,Paid - Shopping,21.47,908,20
2024-10-04,Paid Search,Paid - Shopping,21.47,701,22
2024-10-05,Paid Search,Paid - Shopping,15.46,774,16
2024-10-06,Paid Search,Paid - Shopping,15.46,728,15
2024-10-07,Paid Search,Paid - Shopping,21.47,642,20
2024-10-08,Paid Search,Paid - Shopping,21.47,882,24
2024-10-09,Paid Search,Paid - Shopping,21.47,824,24
2024-10-10,Paid Search,Paid - Shopping,21.47,691,22
2024-10-11,Paid Search,Paid - Shopping,21.47,900,20
2024-10-12,Paid Search,Paid - Shopping,15.46,429,15
2024-10-13,Paid Search,Paid - Shopping,15.46,666,14
2024-10-14,Paid Search,Paid - Shopping,21.47,830,21
2024-10-15,Paid Search,Paid - Shopping,21.47,1040,21
2024-10-16,Paid Search,Paid - Shopping,21.47,867,24
2024-10-17,Paid Search,Paid - Shopping,21.47,1378,20
2024-10-18,Paid Search,Paid - Shopping,21.47,655,21
2024-10-19,Paid Search,Paid - Shopping,15.46,595,16
2024-10-20,Paid Search,Paid - Shopping,15.46,809,16
2024-10-21,Paid Search,Paid - Shopping,21.47,984,23
2024-10-22,Paid Search,Paid - Shopping,21.47,1351,22
2024-10-23,Paid Search,Paid - Shopping,21.47,1245,21
2024-10-24,Paid Search,Paid - Shopping,21.47,1172,21
2024-10-25,Paid Search,Paid - Shopping,21.47,1456,22
2024-10-26,Paid Search,Paid - Shopping,15.46,879,15
2024-10-27,Paid Search,Paid - Shopping,15.46,1028,17
2024-10-28,Paid Search,Paid - Shopping,21.47,778,22
2024-10-29,Paid Search,Paid - Shopping,21.47,933,24
2024-10-30,Paid Search,Paid - Shopping,21.47,1202,24
2024-10-31,Paid Search,Paid - Shopping,21.47,762,23
2024-10-01,Paid Social,Paid - Prospecting,25.28,4020,63
2024-10-02,Paid Social,Paid - Prospecting,25.28,3917,61
2024-10-03,Paid Social,Paid - Prospecting,25.28,2622,61
2024-10-04,Paid Social,Paid - Prospecting,25.28,3491,57
2024-10-05,Paid Social,Paid - Prospecting,18.20,3227,46
2024-10-06,Paid Social,Paid - Prospecting,18.20,2683,45
2024-10-07,Paid Social,Paid - Prospecting,25.28,2542,64
2024-10-08,Paid Social,Paid - Prospecting,25.28,1773,55
2024-10-09,Paid Social,Paid - Prospecting,25.28,2984,56
2024-10-10,Paid Social,Paid - Prospecting,25.28,1819,60
2024-10-11,Paid Social,Paid - Prospecting,25.28,3700,55
2024-10-12,Paid Social,Paid - Prospecting,18.20,2535,41
2024-10-13,Paid Social,Paid - Prospecting,18.20,1441,40
2024-10-14,Paid Social,Paid - Prospecting,25.28,4055,65
2024-10-15,Paid Social,Paid - Prospecting,25.28,3315,54
2024-10-16,Paid Social,Paid - Prospecting,25.28,3645,54
2024-10-17,Paid Social,Paid - Prospecting,25.28,2137,57
2024-10-18,Paid Social,Paid - Prospecting,25.28,1915,62
2024-10-19,Paid Social,Paid - Prospecting,18.20,2264,42
2024-10-20,Paid Social,Paid - Prospecting,18.20,1360,41
2024-10-21,Paid Social,Paid - Prospecting,25.28,2538,63
2024-10-22,Paid Social,Paid - Prospecting,25.28,4329,61
2024-10-23,Paid Social,Paid - Prospecting,25.28,2868,56
2024-10-24,Paid Social,Paid - Prospecting,25.28,3773,61
2024-10-25,Paid Social,Paid - Prospecting,25.28,2547,56
2024-10-26,Paid Social,Paid - Prospecting,18.20,1545,39
2024-10-27,Paid Social,Paid - Prospecting,18.20,2589,39
2024-10-28,Paid Social,Paid - Prospecting,25.28,1836,59
2024-10-29,Paid Social,Paid - Prospecting,25.28,2215,55
2024-10-30,Paid Social,Paid - Prospecting,25.28,3516,64
2024-10-31,Paid Social,Paid - Prospecting,25.28,2718,58
2024-10-01,Paid Social,Paid - Retargeting,31.55,4512,71
2024-10-02,Paid Social,Paid - Retargeting,31.55,5659,77
2024-10-03,Paid Social,Paid - Retargeting,31.55,4078,68
2024-10-04,Paid Social,Paid - Retargeting,31.55,3047,68
2024-10-05,Paid Social,Paid - Retargeting,22.72,4019,56
2024-10-06,Paid Social,Paid - Retargeting,22.72,3967,54
2024-10-07,Paid Social,Paid - Retargeting,31.55,2267,75
2024-10-08,Paid Social,Paid - Retargeting,31.55,5073,81
2024-10-09,Paid Social,Paid - Retargeting,31.55,5125,70
2024-10-10,Paid Social,Paid - Retargeting,31.55,2986,73
2024-10-11,Paid Social,Paid - Retargeting,31.55,2453,68
2024-10-12,Paid Social,Paid - Retargeting,22.72,2777,59
2024-10-13,Paid Social,Paid - Retargeting,22.72,2788,51
2024-10-14,Paid Social,Paid - Retargeting,31.55,3379,79
2024-10-15,Paid Social,Paid - Retargeting,31.55,2840,76
2024-10-16,Paid Social,Paid - Retargeting,31.55,4093,75
2024-10-17,Paid Social,Paid - Retargeting,31.55,2416,79
2024-10-18,Paid Social,Paid - Retargeting,31.55,5044,72
2024-10-19,Paid Social,Paid - Retargeting,22.72,1830,49
2024-10-20,Paid Social,Paid - Retargeting,22.72,3314,58
2024-10-21,Paid Social,Paid - Retargeting,31.55,3528,80
2024-10-22,Paid Social,Paid - Retargeting,31.55,4526,76
2024-10-23,Paid Social,Paid - Retargeting,31.55,4222,69
2024-10-24,Paid Social,Paid - Retargeting,31.55,4444,77
2024-10-25,Paid Social,Paid - Retargeting,31.55,4873,75
2024-10-26,Paid Social,Paid - Retargeting,22.72,2904,49
2024-10-27,Paid Social,Paid - Retargeting,22.72,3214,56
2024-10-28,Paid Social,Paid - Retargeting,31.55,3581,70
2024-10-29,Paid Social,Paid - Retargeting,31.55,4405,69
2024-10-30,Paid Social,Paid - Retargeting,31.55,2685,72
2024-10-31,Paid Social,Paid - Retargeting,31.55,2293,80
2024-10-01,Paid Social,Paid - Creator,31.55,3652,73
2024-10-02,Paid Social,Paid - Creator,31.55,3334,71
2024-10-03,Paid Social,Paid - Creator,31.55,2721,77
2024-10-04,Paid Social,Paid - Creator,31.55,2852,71
2024-10-05,Paid Social,Paid - Creator,22.71,1451,50
2024-10-06,Paid Social,Paid - Creator,22.71,3331,52
2024-10-07,Paid Social,Paid - Creator,31.55,3125,77
2024-10-08,Paid Social,Paid - Creator,31.55,5665,78
2024-10-09,Paid Social,Paid - Creator,31.55,2848,68
2024-10-10,Paid Social,Paid - Creator,31.55,3832,75
2024-10-11,Paid Social,Paid - Creator,31.55,3343,71
2024-10-12,Paid Social,Paid - Creator,22.71,2330,55
2024-10-13,Paid Social,Paid - Creator,22.71,3301,55
2024-10-14,Paid Social,Paid - Creator,31.55,4261,68
2024-10-15,Paid Social,Paid - Creator,31.55,5210,74
2024-10-16,Paid Social,Paid - Creator,31.55,5978,81
2024-10-17,Paid Social,Paid - Creator,31.55,5561,79
2024-10-18,Paid Social,Paid - Creator,31.55,4630,78
2024-10-19,Paid Social,Paid - Creator,22.71,3078,52
2024-10-20,Paid Social,Paid - Creator,22.71,2146,49
2024-10-21,Paid Social,Paid - Creator,31.55,3160,79
2024-10-22,Paid Social,Paid - Creator,31.55,2299,77
2024-10-23,Paid Social,Paid - Creator,31.55,2796,79
2024-10-24,Paid Social,Paid - Creator,31.55,2586,67
2024-10-25,Paid Social,Paid - Creator,31.55,2643,71
2024-10-26,Paid Social,Paid - Creator,22.71,2618,56
2024-10-27,Paid Social,Paid - Creator,22.71,2880,53
2024-10-28,Paid Social,Paid - Creator,31.55,5039,77
2024-10-29,Paid Social,Paid - Creator,31.55,3356,75
2024-10-30,Paid Social,Paid - Creator,31.55,3035,68
2024-10-31,Paid Social,Paid - Creator,31.55,3994,75
2024-10-01,Affiliate,Affiliate - Cashback,13.69,678,20
2024-10-02,Affiliate,Affiliate - Cashback,13.69,646,20
2024-10-03,Affiliate,Affiliate - Cashback,13.69,1033,19
2024-10-04,Affiliate,Affiliate - Cashback,13.69,643,20
2024-10-05,Affiliate,Affiliate - Cashback,9.86,548,14
2024-10-06,Affiliate,Affiliate - Cashback,9.86,930,13
2024-10-07,Affiliate,Affiliate - Cashback,13.69,1212,18
2024-10-08,Affiliate,Affiliate - Cashback,13.69,707,21
2024-10-09,Affiliate,Affiliate - Cashback,13.69,1460,21
2024-10-10,Affiliate,Affiliate - Cashback,13.69,974,21
2024-10-11,Affiliate,Affiliate - Cashback,13.69,629,21
2024-10-12,Affiliate,Affiliate - Cashback,9.86,493,15
2024-10-13,Affiliate,Affiliate - Cashback,9.86,789,13
2024-10-14,Affiliate,Affiliate - Cashback,13.69,1110,21
2024-10-15,Affiliate,Affiliate - Cashback,13.69,846,18
2024-10-16,Affiliate,Affiliate - Cashback,13.69,748,21
2024-10-17,Affiliate,Affiliate - Cashback,13.69,589,19
2024-10-18,Affiliate,Affiliate - Cashback,13.69,791,20
2024-10-19,Affiliate,Affiliate - Cashback,9.86,492,13
2024-10-20,Affiliate,Affiliate - Cashback,9.86,1087,15
2024-10-21,Affiliate,Affiliate - Cashback,13.69,1281,20
2024-10-22,Affiliate,Affiliate - Cashback,13.69,987,18
2024-10-23,Affiliate,Affiliate - Cashback,13.69,847,19
2024-10-24,Affiliate,Affiliate - Cashback,13.69,778,18
2024-10-25,Affiliate,Affiliate - Cashback,13.69,687,18
2024-10-26,Affiliate,Affiliate - Cashback,9.86,638,15
2024-10-27,Affiliate,Affiliate - Cashback,9.86,723,15
2024-10-28,Affiliate,Affiliate - Cashback,13.69,696,20
2024-10-29,Affiliate,Affiliate - Cashback,13.69,868,19
2024-10-30,Affiliate,Affiliate - Cashback,13.69,1072,21
2024-10-31,Affiliate,Affiliate - Cashback,13.69,1226,20
2024-10-01,Affiliate,Affiliate - Content,18.82,1800,27
2024-10-02,Affiliate,Affiliate - Content,18.82,1876,29
2024-10-03,Affiliate,Affiliate - Content,18.82,1074,25
2024-10-04,Affiliate,Affiliate - Content,18.82,1793,25
2024-10-05,Affiliate,Affiliate - Content,13.55,641,19
2024-10-06,Affiliate,Affiliate - Content,13.55,1300,21
2024-10-07,Affiliate,Affiliate - Content,18.82,1454,28
2024-10-08,Affiliate,Affiliate - Content,18.82,1749,27
2024-10-09,Affiliate,Affiliate - Content,18.82,1615,26
2024-10-10,Affiliate,Affiliate - Content,18.82,1158,29
2024-10-11,Affiliate,Affiliate - Content,18.82,1658,25
2024-10-12,Affiliate,Affiliate - Content,13.55,1290,21
2024-10-13,Affiliate,Affiliate - Content,13.55,1219,19
2024-10-14,Affiliate,Affiliate - Content,18.82,1388,27
2024-10-15,Affiliate,Affiliate - Content,18.82,1832,26
2024-10-16,Affiliate,Affiliate - Content,18.82,1014,27
2024-10-17,Affiliate,Affiliate - Content,18.82,1651,30
2024-10-18,Affiliate,Affiliate - Content,18.82,1037,25
2024-10-19,Affiliate,Affiliate - Content,13.55,654,18
2024-10-20,Affiliate,Affiliate - Content,13.55,1127,21
2024-10-21,Affiliate,Affiliate - Content,18.82,829,29
2024-10-22,Affiliate,Affiliate - Content,18.82,927,25
2024-10-23,Affiliate,Affiliate - Content,18.82,1616,26
2024-10-24,Affiliate,Affiliate - Content,18.82,1475,27
2024-10-25,Affiliate,Affiliate - Content,18.82,972,29
2024-10-26,Affiliate,Affiliate - Content,13.55,1091,20
2024-10-27,Affiliate,Affiliate - Content,13.55,651,21
2024-10-28,Affiliate,Affiliate - Content,18.82,1831,26
2024-10-29,Affiliate,Affiliate - Content,18.82,1473,30
2024-10-30,Affiliate,Affiliate - Content,18.82,1176,29
2024-10-31,Affiliate,Affiliate - Content,18.82,1279,26
2024-10-01,Affiliate,Affiliate - Voucher,27.34,2568,42
2024-10-02,Affiliate,Affiliate - Voucher,27.34,2246,36
2024-10-03,Affiliate,Affiliate - Voucher,27.34,1895,39
2024-10-04,Affiliate,Affiliate - Voucher,27.34,1641,38
2024-10-05,Affiliate,Affiliate - Voucher,19.69,1933,30
2024-10-06,Affiliate,Affiliate - Voucher,19.69,1660,30
2024-10-07,Affiliate,Affiliate - Voucher,27.34,1643,41
2024-10-08,Affiliate,Affiliate - Voucher,27.34,1114,37
2024-10-09,Affiliate,Affiliate - Voucher,27.34,2321,37
2024-10-10,Affiliate,Affiliate - Voucher,27.34,2434,42
2024-10-11,Affiliate,Affiliate - Voucher,27.34,2265,42
2024-10-12,Affiliate,Affiliate - Voucher,19.69,1744,31
2024-10-13,Affiliate,Affiliate - Voucher,19.69,2137,29
2024-10-14,Affiliate,Affiliate - Voucher,27.34,2297,42
2024-10-15,Affiliate,Affiliate - Voucher,27.34,2756,43
2024-10-16,Affiliate,Affiliate - Voucher,27.34,1926,41
2024-10-17,Affiliate,Affiliate - Voucher,27.34,2115,38
2024-10-18,Affiliate,Affiliate - Voucher,27.34,2191,41
2024-10-19,Affiliate,Affiliate - Voucher,19.69,2109,31
2024-10-20,Affiliate,Affiliate - Voucher,19.69,1613,29
2024-10-21,Affiliate,Affiliate - Voucher,27.34,1234,39
2024-10-22,Affiliate,Affiliate - Voucher,27.34,1447,43
2024-10-23,Affiliate,Affiliate - Voucher,27.34,1180,39
2024-10-24,Affiliate,Affiliate - Voucher,27.34,2509,41
2024-10-25,Affiliate,Affiliate - Voucher,27.34,2568,40
2024-10-26,Affiliate,Affiliate - Voucher,19.69,1890,26
2024-10-27,Affiliate,Affiliate - Voucher,19.69,1130,29
2024-10-28,Affiliate,Affiliate - Voucher,27.34,2340,44
2024-10-29,Affiliate,Affiliate - Voucher,27.34,1981,41
2024-10-30,Affiliate,Affiliate - Voucher,27.34,1823,38
2024-10-31,Affiliate,Affiliate - Voucher,27.34,1271,41
2024-10-01,Email & CRM,Email - Lifecycle,4.54,2328,34
2024-10-02,Email & CRM,Email - Lifecycle,4.54,1172,36
2024-10-03,Email & CRM,Email - Lifecycle,4.54,1193,40
2024-10-04,Email & CRM,Email - Lifecycle,4.54,2151,36
2024-10-05,Email & CRM,Email - Lifecycle,3.27,850,29
2024-10-06,Email & CRM,Email - Lifecycle,3.27,1629,29
2024-10-07,Email & CRM,Email - Lifecycle,4.54,1727,35
2024-10-08,Email & CRM,Email - Lifecycle,4.54,2042,36
2024-10-09,Email & CRM,Email - Lifecycle,4.54,2341,39
2024-10-10,Email & CRM,Email - Lifecycle,4.54,2056,35
2024-10-11,Email & CRM,Email - Lifecycle,4.54,1699,36
2024-10-12,Email & CRM,Email - Lifecycle,3.27,929,29
2024-10-13,Email & CRM,Email - Lifecycle,3.27,1154,24
2024-10-14,Email & CRM,Email - Lifecycle,4.54,1051,34
2024-10-15,Email & CRM,Email - Lifecycle,4.54,2557,37
2024-10-16,Email & CRM,Email - Lifecycle,4.54,2789,40
2024-10-17,Email & CRM,Email - Lifecycle,4.54,2643,39
2024-10-18,Email & CRM,Email - Lifecycle,4.54,1549,34
2024-10-19,Email & CRM,Email - Lifecycle,3.27,1309,26
2024-10-20,Email & CRM,Email - Lifecycle,3.27,1025,26
2024-10-21,Email & CRM,Email - Lifecycle,4.54,1427,35
2024-10-22,Email & CRM,Email - Lifecycle,4.54,1355,36
2024-10-23,Email & CRM,Email - Lifecycle,4.54,1918,37
2024-10-24,Email & CRM,Email - Lifecycle,4.54,2769,41
2024-10-25,Email & CRM,Email - Lifecycle,4.54,1466,38
2024-10-26,Email & CRM,Email - Lifecycle,3.27,696,24
2024-10-27,Email & CRM,Email - Lifecycle,3.27,1115,28
2024-10-28,Email & CRM,Email - Lifecycle,4.54,1921,37
2024-10-29,Email & CRM,Email - Lifecycle,4.54,2078,35
2024-10-30,Email & CRM,Email - Lifecycle,4.54,1992,38
2024-10-31,Email & CRM,Email - Lifecycle,4.54,2140,40
2024-10-01,Email & CRM,Email - Winback,5.80,2367,44
2024-10-02,Email & CRM,Email - Winback,5.80,1834,45
2024-10-03,Email & CRM,Email - Winback,5.80,2182,45
2024-10-04,Email & CRM,Email - Winback,5.80,1697,47
2024-10-05,Email & CRM,Email - Winback,4.18,2051,35
2024-10-06,Email & CRM,Email - Winback,4.18,1646,33
2024-10-07,Email & CRM,Email - Winback,5.80,1391,44
2024-10-08,Email & CRM,Email - Winback,5.80,2259,45
2024-10-09,Email & CRM,Email - Winback,5.80,1698,50
2024-10-10,Email & CRM,Email - Winback,5.80,2984,47
2024-10-11,Email & CRM,Email - Winback,5.80,1581,43
2024-10-12,Email & CRM,Email - Winback,4.18,1993,32
2024-10-13,Email & CRM,Email - Winback,4.18,1944,32
2024-10-14,Email & CRM,Email - Winback,5.80,1841,50
2024-10-15,Email & CRM,Email - Winback,5.80,1752,50
2024-10-16,Email & CRM,Email - Winback,5.80,2849,45
2024-10-17,Email & CRM,Email - Winback,5.80,2611,45
2024-10-18,Email & CRM,Email - Winback,5.80,2267,47
2024-10-19,Email & CRM,Email - Winback,4.18,2058,36
2024-10-20,Email & CRM,Email - Winback,4.18,1646,37
2024-10-21,Email & CRM,Email - Winback,5.80,2357,48
2024-10-22,Email & CRM,Email - Winback,5.80,3809,52
2024-10-23,Email & CRM,Email - Winback,5.80,2840,46
2024-10-24,Email & CRM,Email - Winback,5.80,3052,45
2024-10-25,Email & CRM,Email - Winback,5.80,1749,46
2024-10-26,Email & CRM,Email - Winback,4.18,1721,36
2024-10-27,Email & CRM,Email - Winback,4.18,2297,36
2024-10-28,Email & CRM,Email - Winback,5.80,1787,51
2024-10-29,Email & CRM,Email - Winback,5.80,2138,48
2024-10-30,Email & CRM,Email - Winback,5.80,3147,44
2024-10-31,Email & CRM,Email - Winback,5.80,1695,52
2024-10-01,Marketplace,Marketplace - Sponsored Listings,40.75,4301,71
2024-10-02,Marketplace,Marketplace - Sponsored Listings,40.75,2025,70
2024-10-03,Marketplace,Marketplace - Sponsored Listings,40.75,3923,81
2024-10-04,Marketplace,Marketplace - Sponsored Listings,40.75,3702,80
2024-10-05,Marketplace,Marketplace - Sponsored Listings,29.34,4018,55
2024-10-06,Marketplace,Marketplace - Sponsored Listings,29.34,3623,57
2024-10-07,Marketplace,Marketplace - Sponsored Listings,40.75,4419,69
2024-10-08,Marketplace,Marketplace - Sponsored Listings,40.75,5541,79
2024-10-09,Marketplace,Marketplace - Sponsored Listings,40.75,2231,68
2024-10-10,Marketplace,Marketplace - Sponsored Listings,40.75,3432,72
2024-10-11,Marketplace,Marketplace - Sponsored Listings,40.75,4955,72
2024-10-12,Marketplace,Marketplace - Sponsored Listings,29.34,1952,52
2024-10-13,Marketplace,Marketplace - Sponsored Listings,29.34,2875,51
2024-10-14,Marketplace,Marketplace - Sponsored Listings,40.75,5204,79
2024-10-15,Marketplace,Marketplace - Sponsored Listings,40.75,4117,72
2024-10-16,Marketplace,Marketplace - Sponsored Listings,40.75,2945,70
2024-10-17,Marketplace,Marketplace - Sponsored Listings,40.75,5434,79
2024-10-18,Marketplace,Marketplace - Sponsored Listings,40.75,2309,77
2024-10-19,Marketplace,Marketplace - Sponsored Listings,29.34,2925,54
2024-10-20,Marketplace,Marketplace - Sponsored Listings,29.34,3358,52
2024-10-21,Marketplace,Marketplace - Sponsored Listings,40.75,5174,73
2024-10-22,Marketplace,Marketplace - Sponsored Listings,40.75,4994,71
2024-10-23,Marketplace,Marketplace - Sponsored Listings,40.75,4973,68
2024-10-24,Marketplace,Marketplace - Sponsored Listings,40.75,3451,77
2024-10-25,Marketplace,Marketplace - Sponsored Listings,40.75,4508,76
2024-10-26,Marketplace,Marketplace - Sponsored Listings,29.34,3211,57
2024-10-27,Marketplace,Marketplace - Sponsored Listings,29.34,2123,55
2024-10-28,Marketplace,Marketplace - Sponsored Listings,40.75,2908,68
2024-10-29,Marketplace,Marketplace - Sponsored Listings,40.75,5123,71
2024-10-30,Marketplace,Marketplace - Sponsored Listings,40.75,4158,80
2024-10-31,Marketplace,Marketplace - Sponsored Listings,40.75,2497,69
2024-11-01,Organic Search,Organic - SEO Content,11.21,7006,242
2024-11-02,Organic Search,Organic - SEO Content,8.07,6334,158
2024-11-03,Organic Search,Organic - SEO Content,8.07,6198,169
2024-11-04,Organic Search,Organic - SEO Content,11.21,13369,230
2024-11-05,Organic Search,Organic - SEO Content,11.21,14949,206
2024-11-06,Organic Search,Organic - SEO Content,11.21,7667,241
2024-11-07,Organic Search,Organic - SEO Content,11.21,14111,220
2024-11-08,Organic Search,Organic - SEO Content,11.21,14790,207
2024-11-09,Organic Search,Organic - SEO Content,8.07,6813,155
2024-11-10,Organic Search,Organic - SEO Content,8.07,8578,161
2024-11-11,Organic Search,Organic - SEO Content,11.21,15705,225
2024-11-12,Organic Search,Organic - SEO Content,11.21,11506,222
2024-11-13,Organic Search,Organic - SEO Content,11.21,7650,203
2024-11-14,Organic Search,Organic - SEO Content,11.21,14929,231
2024-11-15,Organic Search,Organic - SEO Content,11.21,15017,231
2024-11-16,Organic Search,Organic - SEO Content,8.07,7901,170
2024-11-17,Organic Search,Organic - SEO Content,8.07,6877,159
2024-11-18,Organic Search,Organic - SEO Content,11.21,8470,227
2024-11-19,Organic Search,Organic - SEO Content,11.21,11098,240
2024-11-20,Organic Search,Organic - SEO Content,11.21,11344,242
2024-11-21,Organic Search,Organic - SEO Content,11.21,10164,235
2024-11-22,Organic Search,Organic - SEO Content,11.21,10508,205
2024-11-23,Organic Search,Organic - SEO Content,8.07,11130,162
2024-11-24,Organic Search,Organic - SEO Content,8.07,5613,175
2024-11-25,Organic Search,Organic - SEO Content,11.21,13270,210
2024-11-26,Organic Search,Organic - SEO Content,11.21,12765,241
2024-11-27,Organic Search,Organic - SEO Content,11.21,13960,221
2024-11-28,Organic Search,Organic - SEO Content,11.21,13396,211
2024-11-29,Organic Search,Organic - SEO Content,11.21,11822,215
2024-11-30,Organic Search,Organic - SEO Content,8.07,8621,158
2024-11-01,Paid Search,Paid - Brand,29.72,1243,28
2024-11-02,Paid Search,Paid - Brand,21.40,755,20
2024-11-03,Paid Search,Paid - Brand,21.40,567,20
2024-11-04,Paid Search,Paid - Brand,29.72,994,33
2024-11-05,Paid Search,Paid - Brand,29.72,1607,30
2024-11-06,Paid Search,Paid - Brand,29.72,1636,28
2024-11-07,Paid Search,Paid - Brand,29.72,1197,30
2024-11-08,Paid Search,Paid - Brand,29.72,1833,28
2024-11-09,Paid Search,Paid - Brand,21.40,1615,24
2024-11-10,Paid Search,Paid - Brand,21.40,958,24
2024-11-11,Paid Search,Paid - Brand,29.72,1169,32
2024-11-12,Paid Search,Paid - Brand,29.72,986,28
2024-11-13,Paid Search,Paid - Brand,29.72,1403,32
2024-11-14,Paid Search,Paid - Brand,29.72,1475,29
2024-11-15,Paid Search,Paid - Brand,29.72,1038,29
2024-11-16,Paid Search,Paid - Brand,21.40,1293,20
2024-11-17,Paid Search,Paid - Brand,21.40,1535,23
2024-11-18,Paid Search,Paid - Brand,29.72,2039,28
2024-11-19,Paid Search,Paid - Brand,29.72,1494,28
2024-11-20,Paid Search,Paid - Brand,29.72,2259,31
2024-11-21,Paid Search,Paid - Brand,29.72,2278,32
2024-11-22,Paid Search,Paid - Brand,29.72,1615,29
2024-11-23,Paid Search,Paid - Brand,21.40,850,20
2024-11-24,Paid Search,Paid - Brand,21.40,1395,23
2024-11-25,Paid Search,Paid - Brand,29.72,2121,31
2024-11-26,Paid Search,Paid - Brand,29.72,1106,28
2024-11-27,Paid Search,Paid - Brand,29.72,1005,33
2024-11-28,Paid Search,Paid - Brand,29.72,1428,32
2024-11-29,Paid Search,Paid - Brand,29.72,1670,29
2024-11-30,Paid Search,Paid - Brand,21.40,1733,24
2024-11-01,Paid Search,Paid - Generic,28.93,1543,29
2024-11-02,Paid Search,Paid - Generic,20.83,1147,21
2024-11-03,Paid Search,Paid - Generic,20.83,1598,22
2024-11-04,Paid Search,Paid - Generic,28.93,1037,28
2024-11-05,Paid Search,Paid - Generic,28.93,1714,31
2024-11-06,Paid Search,Paid - Generic,28.93,1726,30
2024-11-07,Paid Search,Paid - Generic,28.93,882,29
2024-11-08,Paid Search,Paid - Generic,28.93,1220,29
2024-11-09,Paid Search,Paid - Generic,20.83,799,21
2024-11-10,Paid Search,Paid - Generic,20.83,800,21
2024-11-11,Paid Search,Paid - Generic,28.93,1771,29
2024-11-12,Paid Search,Paid - Generic,28.93,1717,32
2024-11-13,Paid Search,Paid - Generic,28.93,1278,28
2024-11-14,Paid Search,Paid - Generic,28.93,1589,29
2024-11-15,Paid Search,Paid - Generic,28.93,2169,32
2024-11-16,Paid Search,Paid - Generic,20.83,839,20
2024-11-17,Paid Search,Paid - Generic,20.83,1354,22
2024-11-18,Paid Search,Paid - Generic,28.93,1894,27
2024-11-19,Paid Search,Paid - Generic,28.93,1524,27
2024-11-20,Paid Search,Paid - Generic,28.93,2383,33
2024-11-21,Paid Search,Paid - Generic,28.93,1331,32
2024-11-22,Paid Search,Paid - Generic,28.93,884,30
2024-11-23,Paid Search,Paid - Generic,20.83,1070,22
2024-11-24,Paid Search,Paid - Generic,20.83,1237,20
2024-11-25,Paid Search,Paid - Generic,28.93,1289,28
2024-11-26,Paid Search,Paid - Generic,28.93,1620,28
2024-11-27,Paid Search,Paid - Generic,28.93,1283,28
2024-11-28,Paid Search,Paid - Generic,28.93,1768,29
2024-11-29,Paid Search,Paid - Generic,28.93,1854,31
2024-11-30,Paid Search,Paid - Generic,20.83,630,20
2024-11-01,Paid Search,Paid - Shopping,35.31,1851,34
2024-11-02,Paid Search,Paid - Shopping,25.42,1501,25
2024-11-03,Paid Search,Paid - Shopping,25.42,795,27
2024-11-04,Paid Search,Paid - Shopping,35.31,2338,35
2024-11-05,Paid Search,Paid - Shopping,35.31,2227,36
2024-11-06,Paid Search,Paid - Shopping,35.31,1758,33
2024-11-07,Paid Search,Paid - Shopping,35.31,1726,40
2024-11-08,Paid Search,Paid - Shopping,35.31,1685,34
2024-11-09,Paid Search,Paid - Shopping,25.42,1238,25
2024-11-10,Paid Search,Paid - Shopping,25.42,1189,26
2024-11-11,Paid Search,Paid - Shopping,35.31,2313,34
2024-11-12,Paid Search,Paid - Shopping,35.31,1419,37
2024-11-13,Paid Search,Paid - Shopping,35.31,2037,34
2024-11-14,Paid Search,Paid - Shopping,35.31,1167,36
2024-11-15,Paid Search,Paid - Shopping,35.31,1567,37
2024-11-16,Paid Search,Paid - Shopping,25.42,1465,28
2024-11-17,Paid Search,Paid - Shopping,25.42,1057,29
2024-11-18,Paid Search,Paid - Shopping,35.31,2923,40
2024-11-19,Paid Search,Paid - Shopping,35.31,2816,40
2024-11-20,Paid Search,Paid - Shopping,35.31,1298,36
2024-11-21,Paid Search,Paid - Shopping,35.31,2386,34
2024-11-22,Paid Search,Paid - Shopping,35.31,1782,40
2024-11-23,Paid Search,Paid - Shopping,25.42,1248,24
2024-11-24,Paid Search,Paid - Shopping,25.42,1385,24
2024-11-25,Paid Search,Paid - Shopping,35.31,1017,36
2024-11-26,Paid Search,Paid - Shopping,35.31,1520,34
2024-11-27,Paid Search,Paid - Shopping,35.31,1282,36
2024-11-28,Paid Search,Paid - Shopping,35.31,1181,36
2024-11-29,Paid Search,Paid - Shopping,35.31,2624,38
2024-11-30,Paid Search,Paid - Shopping,25.42,1583,26
2024-11-01,Paid Social,Paid - Prospecting,24.80,1609,54
2024-11-02,Paid Social,Paid - Prospecting,17.85,1427,38
2024-11-03,Paid Social,Paid - Prospecting,17.85,1774,42
2024-11-04,Paid Social,Paid - Prospecting,24.80,4021,59
2024-11-05,Paid Social,Paid - Prospecting,24.80,3234,59
2024-11-06,Paid Social,Paid - Prospecting,24.80,3850,53
2024-11-07,Paid Social,Paid - Prospecting,24.80,3723,57
2024-11-08,Paid Social,Paid - Prospecting,24.80,4161,60
2024-11-09,Paid Social,Paid - Prospecting,17.85,1963,42
2024-11-10,Paid Social,Paid - Prospecting,17.85,2127,39
2024-11-11,Paid Social,Paid - Prospecting,24.80,2375,57
2024-11-12,Paid Social,Paid - Prospecting,24.80,2263,55
2024-11-13,Paid Social,Paid - Prospecting,24.80,2319,55
2024-11-14,Paid Social,Paid - Prospecting,24.80,4485,62
2024-11-15,Paid Social,Paid - Prospecting,24.80,3778,61
2024-11-16,Paid Social,Paid - Prospecting,17.85,2309,42
2024-11-17,Paid Social,Paid - Prospecting,17.85,1395,39
2024-11-18,Paid Social,Paid - Prospecting,24.80,4139,64
2024-11-19,Paid Social,Paid - Prospecting,24.80,2773,54
2024-11-20,Paid Social,Paid - Prospecting,24.80,3134,53
2024-11-21,Paid Social,Paid - Prospecting,24.80,3681,60
2024-11-22,Paid Social,Paid - Prospecting,24.80,3718,62
2024-11-23,Paid Social,Paid - Prospecting,17.85,1375,42
2024-11-24,Paid Social,Paid - Prospecting,17.85,3296,46
2024-11-25,Paid Social,Paid - Prospecting,24.80,2172,60
2024-11-26,Paid Social,Paid - Prospecting,24.80,2013,61
2024-11-27,Paid Social,Paid - Prospecting,24.80,4418,64
2024-11-28,Paid Social,Paid - Prospecting,24.80,4309,60
2024-11-29,Paid Social,Paid - Prospecting,24.80,3815,56
2024-11-30,Paid Social,Paid - Prospecting,17.85,2571,45
2024-11-01,Paid Social,Paid - Retargeting,35.02,3456,85
2024-11-02,Paid Social,Paid - Retargeting,25.21,2027,60
2024-11-03,Paid Social,Paid - Retargeting,25.21,3601,64
2024-11-04,Paid Social,Paid - Retargeting,35.02,2906,77
2024-11-05,Paid Social,Paid - Retargeting,35.02,4480,84
2024-11-06,Paid Social,Paid - Retargeting,35.02,5668,87
2024-11-07,Paid Social,Paid - Retargeting,35.02,5544,82
2024-11-08,Paid Social,Paid - Retargeting,35.02,2414,82
2024-11-09,Paid Social,Paid - Retargeting,25.21,2289,55
2024-11-10,Paid Social,Paid - Retargeting,25.21,1753,62
2024-11-11,Paid Social,Paid - Retargeting,35.02,3349,85
2024-11-12,Paid Social,Paid - Retargeting,35.02,4976,76
2024-11-13,Paid Social,Paid - Retargeting,35.02,2707,84
2024-11-14,Paid Social,Paid - Retargeting,35.02,4324,87
2024-11-15,Paid Social,Paid - Retargeting,35.02,5002,87
2024-11-16,Paid Social,Paid - Retargeting,25.21,3788,58
2024-11-17,Paid Social,Paid - Retargeting,25.21,3166,59
2024-11-18,Paid Social,Paid - Retargeting,35.02,3791,79
2024-11-19,Paid Social,Paid - Retargeting,35.02,3870,78
2024-11-20,Paid Social,Paid - Retargeting,35.02,5985,84
2024-11-21,Paid Social,Paid - Retargeting,35.02,2805,76
2024-11-22,Paid Social,Paid - Retargeting,35.02,4330,79
2024-11-23,Paid Social,Paid - Retargeting,25.21,2184,57
2024-11-24,Paid Social,Paid - Retargeting,25.21,2499,60
2024-11-25,Paid Social,Paid - Retargeting,35.02,4883,78
2024-11-26,Paid Social,Paid - Retargeting,35.02,2931,90
2024-11-27,Paid Social,Paid - Retargeting,35.02,5538,87
2024-11-28,Paid Social,Paid - Retargeting,35.02,3963,88
2024-11-29,Paid Social,Paid - Retargeting,35.02,6343,89
2024-11-30,Paid Social,Paid - Retargeting,25.21,2950,63
2024-11-01,Paid Social,Paid - Creator,31.64,3208,67
2024-11-02,Paid Social,Paid - Creator,22.78,2081,51
2024-11-03,Paid Social,Paid - Creator,22.78,1971,52
2024-11-04,Paid Social,Paid - Creator,31.64,3823,76
2024-11-05,Paid Social,Paid - Creator,31.64,3388,74
2024-11-06,Paid Social,Paid - Creator,31.64,3224,78
2024-11-07,Paid Social,Paid - Creator,31.64,2569,80
2024-11-08,Paid Social,Paid - Creator,31.64,4418,70
2024-11-09,Paid Social,Paid - Creator,22.78,1658,57
2024-11-10,Paid Social,Paid - Creator,22.78,1600,54
2024-11-11,Paid Social,Paid - Creator,31.64,2047,71
2024-11-12,Paid Social,Paid - Creator,31.64,2465,81
2024-11-13,Paid Social,Paid - Creator,31.64,2493,72
2024-11-14,Paid Social,Paid - Creator,31.64,5439,80
2024-11-15,Paid Social,Paid - Creator,31.64,4840,80
2024-11-16,Paid Social,Paid - Creator,22.78,3985,56
2024-11-17,Paid Social,Paid - Creator,22.78,2419,56
2024-11-18,Paid Social,Paid - Creator,31.64,2166,71
2024-11-19,Paid Social,Paid - Creator,31.64,4659,79
2024-11-20,Paid Social,Paid - Creator,31.64,4213,68
2024-11-21,Paid Social,Paid - Creator,31.64,4146,73
2024-11-22,Paid Social,Paid - Creator,31.64,3708,69
2024-11-23,Paid Social,Paid - Creator,22.78,1616,50
2024-11-24,Paid Social,Paid - Creator,22.78,3592,54
2024-11-25,Paid Social,Paid - Creator,31.64,5622,78
2024-11-26,Paid Social,Paid - Creator,31.64,5866,81
2024-11-27,Paid Social,Paid - Creator,31.64,4280,68
2024-11-28,Paid Social,Paid - Creator,31.64,4772,79
2024-11-29,Paid Social,Paid - Creator,31.64,4356,69
2024-11-30,Paid Social,Paid - Creator,22.78,1737,55
2024-11-01,Affiliate,Affiliate - Cashback,18.19,986,29
2024-11-02,Affiliate,Affiliate - Cashback,13.09,670,17
2024-11-03,Affiliate,Affiliate - Cashback,13.09,1476,20
2024-11-04,Affiliate,Affiliate - Cashback,18.19,1859,26
2024-11-05,Affiliate,Affiliate - Cashback,18.19,723,24
2024-11-06,Affiliate,Affiliate - Cashback,18.19,1336,25
2024-11-07,Affiliate,Affiliate - Cashback,18.19,1293,24
2024-11-08,Affiliate,Affiliate - Cashback,18.19,1396,27
2024-11-09,Affiliate,Affiliate - Cashback,13.09,725,20
2024-11-10,Affiliate,Affiliate - Cashback,13.09,577,17
2024-11-11,Affiliate,Affiliate - Cashback,18.19,1289,25
2024-11-12,Affiliate,Affiliate - Cashback,18.19,1191,24
2024-11-13,Affiliate,Affiliate - Cashback,18.19,1573,28
2024-11-14,Affiliate,Affiliate - Cashback,18.19,732,24
2024-11-15,Affiliate,Affiliate - Cashback,18.19,873,26
2024-11-16,Affiliate,Affiliate - Cashback,13.09,756,18
2024-11-17,Affiliate,Affiliate - Cashback,13.09,752,19
2024-11-18,Affiliate,Affiliate - Cashback,18.19,1494,28
2024-11-19,Affiliate,Affiliate - Cashback,18.19,1197,25
2024-11-20,Affiliate,Affiliate - Cashback,18.19,719,24
2024-11-21,Affiliate,Affiliate - Cashback,18.19,1073,25
2024-11-22,Affiliate,Affiliate - Cashback,18.19,1680,26
2024-11-23,Affiliate,Affiliate - Cashback,13.09,989,20
2024-11-24,Affiliate,Affiliate - Cashback,13.09,681,19
2024-11-25,Affiliate,Affiliate - Cashback,18.19,995,25
2024-11-26,Affiliate,Affiliate - Cashback,18.19,888,24
2024-11-27,Affiliate,Affiliate - Cashback,18.19,1394,28
2024-11-28,Affiliate,Affiliate - Cashback,18.19,1903,27
2024-11-29,Affiliate,Affiliate - Cashback,18.19,1285,25
2024-11-30,Affiliate,Affiliate - Cashback,13.09,794,18
2024-11-01,Affiliate,Affiliate - Content,10.83,933,16
2024-11-02,Affiliate,Affiliate - Content,7.80,698,10
2024-11-03,Affiliate,Affiliate - Content,7.80,364,11
2024-11-04,Affiliate,Affiliate - Content,10.83,622,14
2024-11-05,Affiliate,Affiliate - Content,10.83,1078,16
2024-11-06,Affiliate,Affiliate - Content,10.83,800,14
2024-11-07,Affiliate,Affiliate - Content,10.83,732,14
2024-11-08,Affiliate,Affiliate - Content,10.83,1067,15
2024-11-09,Affiliate,Affiliate - Content,7.80,787,11
2024-11-10,Affiliate,Affiliate - Content,7.80,646,12
2024-11-11,Affiliate,Affiliate - Content,10.83,703,16
2024-11-12,Affiliate,Affiliate - Content,10.83,994,15
2024-11-13,Affiliate,Affiliate - Content,10.83,782,16
2024-11-14,Affiliate,Affiliate - Content,10.83,698,14
2024-11-15,Affiliate,Affiliate - Content,10.83,971,15
2024-11-16,Affiliate,Affiliate - Content,7.80,626,10
2024-11-17,Affiliate,Affiliate - Content,7.80,489,11
2024-11-18,Affiliate,Affiliate - Content,10.83,828,16
2024-11-19,Affiliate,Affiliate - Content,10.83,412,14
2024-11-20,Affiliate,Affiliate - Content,10.83,976,15
2024-11-21,Affiliate,Affiliate - Content,10.83,629,14
2024-11-22,Affiliate,Affiliate - Content,10.83,556,15
2024-11-23,Affiliate,Affiliate - Content,7.80,584,12
2024-11-24,Affiliate,Affiliate - Content,7.80,661,10
2024-11-25,Affiliate,Affiliate - Content,10.83,783,16
2024-11-26,Affiliate,Affiliate - Content,10.83,667,15
2024-11-27,Affiliate,Affiliate - Content,10.83,736,16
2024-11-28,Affiliate,Affiliate - Content,10.83,861,16
2024-11-29,Affiliate,Affiliate - Content,10.83,999,16
2024-11-30,Affiliate,Affiliate - Content,7.80,652,10
2024-11-01,Affiliate,Affiliate - Voucher,15.51,678,24
2024-11-02,Affiliate,Affiliate - Voucher,11.17,1226,17
2024-11-03,Affiliate,Affiliate - Voucher,11.17,813,15
2024-11-04,Affiliate,Affiliate - Voucher,15.51,1570,23
2024-11-05,Affiliate,Affiliate - Voucher,15.51,1430,25
2024-11-06,Affiliate,Affiliate - Voucher,15.51,1134,24
2024-11-07,Affiliate,Affiliate - Voucher,15.51,1510,24
2024-11-08,Affiliate,Affiliate - Voucher,15.51,1299,22
2024-11-09,Affiliate,Affiliate - Voucher,11.17,833,15
2024-11-10,Affiliate,Affiliate - Voucher,11.17,750,15
2024-11-11,Affiliate,Affiliate - Voucher,15.51,1189,21
2024-11-12,Affiliate,Affiliate - Voucher,15.51,1556,23
2024-11-13,Affiliate,Affiliate - Voucher,15.51,904,23
2024-11-14,Affiliate,Affiliate - Voucher,15.51,623,20
2024-11-15,Affiliate,Affiliate - Voucher,15.51,809,22
2024-11-16,Affiliate,Affiliate - Voucher,11.17,892,16
2024-11-17,Affiliate,Affiliate - Voucher,11.17,632,15
2024-11-18,Affiliate,Affiliate - Voucher,15.51,1428,22
2024-11-19,Affiliate,Affiliate - Voucher,15.51,1700,23
2024-11-20,Affiliate,Affiliate - Voucher,15.51,890,24
2024-11-21,Affiliate,Affiliate - Voucher,15.51,1199,21
2024-11-22,Affiliate,Affiliate - Voucher,15.51,756,23
2024-11-23,Affiliate,Affiliate - Voucher,11.17,858,16
2024-11-24,Affiliate,Affiliate - Voucher,11.17,839,16
2024-11-25,Affiliate,Affiliate - Voucher,15.51,802,23
2024-11-26,Affiliate,Affiliate - Voucher,15.51,1244,21
2024-11-27,Affiliate,Affiliate - Voucher,15.51,1569,22
2024-11-28,Affiliate,Affiliate - Voucher,15.51,774,21
2024-11-29,Affiliate,Affiliate - Voucher,15.51,1678,24
2024-11-30,Affiliate,Affiliate - Voucher,11.17,632,15
2024-11-01,Email & CRM,Email - Lifecycle,3.13,925,26
2024-11-02,Email & CRM,Email - Lifecycle,2.25,666,17
2024-11-03,Email & CRM,Email - Lifecycle,2.25,1049,17
2024-11-04,Email & CRM,Email - Lifecycle,3.13,1836,25
2024-11-05,Email & CRM,Email - Lifecycle,3.13,1696,28
2024-11-06,Email & CRM,Email - Lifecycle,3.13,770,27
2024-11-07,Email & CRM,Email - Lifecycle,3.13,1943,27
2024-11-08,Email & CRM,Email - Lifecycle,3.13,1084,28
2024-11-09,Email & CRM,Email - Lifecycle,2.25,516,18
2024-11-10,Email & CRM,Email - Lifecycle,2.25,564,18
2024-11-11,Email & CRM,Email - Lifecycle,3.13,1140,25
2024-11-12,Email & CRM,Email - Lifecycle,3.13,1562,27
2024-11-13,Email & CRM,Email - Lifecycle,3.13,767,24
2024-11-14,Email & CRM,Email - Lifecycle,3.13,1285,25
2024-11-15,Email & CRM,Email - Lifecycle,3.13,1764,24
2024-11-16,Email & CRM,Email - Lifecycle,2.25,743,17
2024-11-17,Email & CRM,Email - Lifecycle,2.25,894,18
2024-11-18,Email & CRM,Email - Lifecycle,3.13,1524,24
2024-11-19,Email & CRM,Email - Lifecycle,3.13,1304,25
2024-11-20,Email & CRM,Email - Lifecycle,3.13,1361,26
2024-11-21,Email & CRM,Email - Lifecycle,3.13,1834,25
2024-11-22,Email & CRM,Email - Lifecycle,3.13,1543,26
2024-11-23,Email & CRM,Email - Lifecycle,2.25,511,17
2024-11-24,Email & CRM,Email - Lifecycle,2.25,1032,18
2024-11-25,Email & CRM,Email - Lifecycle,3.13,917,27
2024-11-26,Email & CRM,Email - Lifecycle,3.13,1740,25
2024-11-27,Email & CRM,Email - Lifecycle,3.13,1365,24
2024-11-28,Email & CRM,Email - Lifecycle,3.13,704,25
2024-11-29,Email & CRM,Email - Lifecycle,3.13,1033,24
2024-11-30,Email & CRM,Email - Lifecycle,2.25,1138,17
2024-11-01,Email & CRM,Email - Winback,4.43,2168,35
2024-11-02,Email & CRM,Email - Winback,3.19,1302,27
2024-11-03,Email & CRM,Email - Winback,3.19,940,26
2024-11-04,Email & CRM,Email - Winback,4.43,1870,35
2024-11-05,Email & CRM,Email - Winback,4.43,2097,37
2024-11-06,Email & CRM,Email - Winback,4.43,1741,39
2024-11-07,Email & CRM,Email - Winback,4.43,1362,38
2024-11-08,Email & CRM,Email - Winback,4.43,2004,35
2024-11-09,Email & CRM,Email - Winback,3.19,958,28
2024-11-10,Email & CRM,Email - Winback,3.19,1741,24
2024-11-11,Email & CRM,Email - Winback,4.43,1020,34
2024-11-12,Email & CRM,Email - Winback,4.43,2755,40
2024-11-13,Email & CRM,Email - Winback,4.43,1883,38
2024-11-14,Email & CRM,Email - Winback,4.43,1160,35
2024-11-15,Email & CRM,Email - Winback,4.43,2140,34
2024-11-16,Email & CRM,Email - Winback,3.19,1598,23
2024-11-17,Email & CRM,Email - Winback,3.19,1222,26
2024-11-18,Email & CRM,Email - Winback,4.43,1661,35
2024-11-19,Email & CRM,Email - Winback,4.43,1495,39
2024-11-20,Email & CRM,Email - Winback,4.43,1397,35
2024-11-21,Email & CRM,Email - Winback,4.43,2870,39
2024-11-22,Email & CRM,Email - Winback,4.43,1349,38
2024-11-23,Email & CRM,Email - Winback,3.19,1988,28
2024-11-24,Email & CRM,Email - Winback,3.19,1444,24
2024-11-25,Email & CRM,Email - Winback,4.43,2200,34
2024-11-26,Email & CRM,Email - Winback,4.43,1820,33
2024-11-27,Email & CRM,Email - Winback,4.43,1375,37
2024-11-28,Email & CRM,Email - Winback,4.43,1033,36
2024-11-29,Email & CRM,Email - Winback,4.43,2281,34
2024-11-30,Email & CRM,Email - Winback,3.19,1906,27
2024-11-01,Marketplace,Marketplace - Sponsored Listings,66.49,5423,112
2024-11-02,Marketplace,Marketplace - Sponsored Listings,47.87,5705,83
2024-11-03,Marketplace,Marketplace - Sponsored Listings,47.87,3513,90
2024-11-04,Marketplace,Marketplace - Sponsored Listings,66.49,7057,117
2024-11-05,Marketplace,Marketplace - Sponsored Listings,66.49,4792,122
2024-11-06,Marketplace,Marketplace - Sponsored Listings,66.49,6586,130
2024-11-07,Marketplace,Marketplace - Sponsored Listings,66.49,8935,131
2024-11-08,Marketplace,Marketplace - Sponsored Listings,66.49,7562,121
2024-11-09,Marketplace,Marketplace - Sponsored Listings,47.87,3683,80
2024-11-10,Marketplace,Marketplace - Sponsored Listings,47.87,3897,87
2024-11-11,Marketplace,Marketplace - Sponsored Listings,66.49,3572,115
2024-11-12,Marketplace,Marketplace - Sponsored Listings,66.49,6803,117
2024-11-13,Marketplace,Marketplace - Sponsored Listings,66.49,4962,125
2024-11-14,Marketplace,Marketplace - Sponsored Listings,66.49,4023,119
2024-11-15,Marketplace,Marketplace - Sponsored Listings,66.49,4472,112
2024-11-16,Marketplace,Marketplace - Sponsored Listings,47.87,5376,85
2024-11-17,Marketplace,Marketplace - Sponsored Listings,47.87,5278,87
2024-11-18,Marketplace,Marketplace - Sponsored Listings,66.49,5640,113
2024-11-19,Marketplace,Marketplace - Sponsored Listings,66.49,7119,114
2024-11-20,Marketplace,Marketplace - Sponsored Listings,66.49,5619,123
2024-11-21,Marketplace,Marketplace - Sponsored Listings,66.49,7223,128
2024-11-22,Marketplace,Marketplace - Sponsored Listings,66.49,6467,109
2024-11-23,Marketplace,Marketplace - Sponsored Listings,47.87,3618,81
2024-11-24,Marketplace,Marketplace - Sponsored Listings,47.87,6484,93
2024-11-25,Marketplace,Marketplace - Sponsored Listings,66.49,4211,132
2024-11-26,Marketplace,Marketplace - Sponsored Listings,66.49,6136,113
2024-11-27,Marketplace,Marketplace - Sponsored Listings,66.49,7189,126
2024-11-28,Marketplace,Marketplace - Sponsored Listings,66.49,8258,118
2024-11-29,Marketplace,Marketplace - Sponsored Listings,66.49,6702,128
2024-11-30,Marketplace,Marketplace - Sponsored Listings,47.87,6409,94
2024-12-01,Organic Search,Organic - SEO Content,10.46,9186,203
2024-12-02,Organic Search,Organic - SEO Content,14.52,13648,265
2024-12-03,Organic Search,Organic - SEO Content,14.52,16651,270
2024-12-04,Organic Search,Organic - SEO Content,14.52,9757,272
2024-12-05,Organic Search,Organic - SEO Content,14.52,16292,267
2024-12-06,Organic Search,Organic - SEO Content,14.52,16688,264
2024-12-07,Organic Search,Organic - SEO Content,10.46,9591,195
2024-12-08,Organic Search,Organic - SEO Content,10.46,10587,225
2024-12-09,Organic Search,Organic - SEO Content,14.52,9520,271
2024-12-10,Organic Search,Organic - SEO Content,14.52,15377,265
2024-12-11,Organic Search,Organic - SEO Content,14.52,12802,319
2024-12-12,Organic Search,Organic - SEO Content,14.52,18962,284
2024-12-13,Organic Search,Organic - SEO Content,14.52,10631,271
2024-12-14,Organic Search,Organic - SEO Content,10.46,8434,208
2024-12-15,Organic Search,Organic - SEO Content,10.46,9162,194
2024-12-16,Organic Search,Organic - SEO Content,14.52,7968,281
2024-12-17,Organic Search,Organic - SEO Content,14.52,18813,283
2024-12-18,Organic Search,Organic - SEO Content,14.52,13053,282
2024-12-19,Organic Search,Organic - SEO Content,14.52,22679,317
2024-12-20,Organic Search,Organic - SEO Content,14.52,16784,309
2024-12-21,Organic Search,Organic - SEO Content,10.46,6265,217
2024-12-22,Organic Search,Organic - SEO Content,10.46,13904,228
2024-12-23,Organic Search,Organic - SEO Content,14.52,11430,279
2024-12-24,Organic Search,Organic - SEO Content,14.52,11527,307
2024-12-25,Organic Search,Organic - SEO Content,14.52,11257,282
2024-12-26,Organic Search,Organic - SEO Content,14.52,18429,309
2024-12-27,Organic Search,Organic - SEO Content,14.52,16435,314
2024-12-28,Organic Search,Organic - SEO Content,10.46,11824,192
2024-12-29,Organic Search,Organic - SEO Content,10.46,12595,202
2024-12-30,Organic Search,Organic - SEO Content,14.52,19781,309
2024-12-31,Organic Search,Organic - SEO Content,14.52,18946,283
2024-12-01,Paid Search,Paid - Brand,28.12,881,29
2024-12-02,Paid Search,Paid - Brand,39.05,1277,42
2024-12-03,Paid Search,Paid - Brand,39.05,3020,41
2024-12-04,Paid Search,Paid - Brand,39.05,2267,38
2024-12-05,Paid Search,Paid - Brand,39.05,2321,40
2024-12-06,Paid Search,Paid - Brand,39.05,1383,38
2024-12-07,Paid Search,Paid - Brand,28.12,1568,27
2024-12-08,Paid Search,Paid - Brand,28.12,1935,29
2024-12-09,Paid Search,Paid - Brand,39.05,2399,39
2024-12-10,Paid Search,Paid - Brand,39.05,1440,42
2024-12-11,Paid Search,Paid - Brand,39.05,1973,37
2024-12-12,Paid Search,Paid - Brand,39.05,2231,37
2024-12-13,Paid Search,Paid - Brand,39.05,2002,37
2024-12-14,Paid Search,Paid - Brand,28.12,1300,27
2024-12-15,Paid Search,Paid - Brand,28.12,1372,27
2024-12-16,Paid Search,Paid - Brand,39.05,1716,38
2024-12-17,Paid Search,Paid - Brand,39.05,1916,42
2024-12-18,Paid Search,Paid - Brand,39.05,1686,38
2024-12-19,Paid Search,Paid - Brand,39.05,2167,40
2024-12-20,Paid Search,Paid - Brand,39.05,3247,44
2024-12-21,Paid Search,Paid - Brand,28.12,1400,28
2024-12-22,Paid Search,Paid - Brand,28.12,1147,29
2024-12-23,Paid Search,Paid - Brand,39.05,1612,39
2024-12-24,Paid Search,Paid - Brand,39.05,1289,43
2024-12-25,Paid Search,Paid - Brand,39.05,1210,41
2024-12-26,Paid Search,Paid - Brand,39.05,2638,38
2024-12-27,Paid Search,Paid - Brand,39.05,1641,41
2024-12-28,Paid Search,Paid - Brand,28.12,1853,27
2024-12-29,Paid Search,Paid - Brand,28.12,815,27
2024-12-30,Paid Search,Paid - Brand,39.05,2481,37
2024-12-31,Paid Search,Paid - Brand,39.05,1649,37
2024-12-01,Paid Search,Paid - Generic,19.13,723,19
2024-12-02,Paid Search,Paid - Generic,26.57,1561,26
2024-12-03,Paid Search,Paid - Generic,26.57,863,28
2024-12-04,Paid Search,Paid - Generic,26.57,1285,29
2024-12-05,Paid Search,Paid - Generic,26.57,1727,27
2024-12-06,Paid Search,Paid - Generic,26.57,980,26
2024-12-07,Paid Search,Paid - Generic,19.13,1418,21
2024-12-08,Paid Search,Paid - Generic,19.13,777,18
2024-12-09,Paid Search,Paid - Generic,26.57,1530,27
2024-12-10,Paid Search,Paid - Generic,26.57,1294,29
2024-12-11,Paid Search,Paid - Generic,26.57,1155,30
2024-12-12,Paid Search,Paid - Generic,26.57,759,25
2024-12-13,Paid Search,Paid - Generic,26.57,2033,30
2024-12-14,Paid Search,Paid - Generic,19.13,933,19
2024-12-15,Paid Search,Paid - Generic,19.13,755,18
2024-12-16,Paid Search,Paid - Generic,26.57,1367,28
2024-12-17,Paid Search,Paid - Generic,26.57,1555,26
2024-12-18,Paid Search,Paid - Generic,26.57,1042,25
2024-12-19,Paid Search,Paid - Generic,26.57,1427,26
2024-12-20,Paid Search,Paid - Generic,26.57,856,26
2024-12-21,Paid Search,Paid - Generic,19.13,1014,21
2024-12-22,Paid Search,Paid - Generic,19.13,872,20
2024-12-23,Paid Search,Paid - Generic,26.57,961,26
2024-12-24,Paid Search,Paid - Generic,26.57,1438,29
2024-12-25,Paid Search,Paid - Generic,26.57,1558,25
2024-12-26,Paid Search,Paid - Generic,26.57,1988,29
2024-12-27,Paid Search,Paid - Generic,26.57,1249,28
2024-12-28,Paid Search,Paid - Generic,19.13,1069,18
2024-12-29,Paid Search,Paid - Generic,19.13,1180,18
2024-12-30,Paid Search,Paid - Generic,26.57,1795,27
2024-12-31,Paid Search,Paid - Generic,26.57,1604,25
2024-12-01,Paid Search,Paid - Shopping,32.97,1533,33
2024-12-02,Paid Search,Paid - Shopping,45.79,3266,51
2024-12-03,Paid Search,Paid - Shopping,45.79,3010,44
2024-12-04,Paid Search,Paid - Shopping,45.79,1705,45
2024-12-05,Paid Search,Paid - Shopping,45.79,1528,44
2024-12-06,Paid Search,Paid - Shopping,45.79,2073,49
2024-12-07,Paid Search,Paid - Shopping,32.97,2409,33
2024-12-08,Paid Search,Paid - Shopping,32.97,1699,34
2024-12-09,Paid Search,Paid - Shopping,45.79,2034,52
2024-12-10,Paid Search,Paid - Shopping,45.79,1755,51
2024-12-11,Paid Search,Paid - Shopping,45.79,2054,50
2024-12-12,Paid Search,Paid - Shopping,45.79,1414,49
2024-12-13,Paid Search,Paid - Shopping,45.79,2307,43
2024-12-14,Paid Search,Paid - Shopping,32.97,1358,35
2024-12-15,Paid Search,Paid - Shopping,32.97,1426,36
2024-12-16,Paid Search,Paid - Shopping,45.79,1629,52
2024-12-17,Paid Search,Paid - Shopping,45.79,2463,44
2024-12-18,Paid Search,Paid - Shopping,45.79,1961,43
2024-12-19,Paid Search,Paid - Shopping,45.79,2555,52
2024-12-20,Paid Search,Paid - Shopping,45.79,2565,50
2024-12-21,Paid Search,Paid - Shopping,32.97,2402,33
2024-12-22,Paid Search,Paid - Shopping,32.97,1189,32
2024-12-23,Paid Search,Paid - Shopping,45.79,2654,45
2024-12-24,Paid Search,Paid - Shopping,45.79,1768,45
2024-12-25,Paid Search,Paid - Shopping,45.79,2016,46
2024-12-26,Paid Search,Paid - Shopping,45.79,2594,46
2024-12-27,Paid Search,Paid - Shopping,45.79,3129,47
2024-12-28,Paid Search,Paid - Shopping,32.97,1864,36
2024-12-29,Paid Search,Paid - Shopping,32.97,2250,35
2024-12-30,Paid Search,Paid - Shopping,45.79,2222,45
2024-12-31,Paid Search,Paid - Shopping,45.79,3344,49
2024-12-01,Paid Social,Paid - Prospecting,26.07,2603,63
2024-12-02,Paid Social,Paid - Prospecting,36.20,2662,79
2024-12-03,Paid Social,Paid - Prospecting,36.20,4630,89
2024-12-04,Paid Social,Paid - Prospecting,36.20,4976,93
2024-12-05,Paid Social,Paid - Prospecting,36.20,2705,84
2024-12-06,Paid Social,Paid - Prospecting,36.20,4142,80
2024-12-07,Paid Social,Paid - Prospecting,26.07,2341,60
2024-12-08,Paid Social,Paid - Prospecting,26.07,2968,63
2024-12-09,Paid Social,Paid - Prospecting,36.20,3059,84
2024-12-10,Paid Social,Paid - Prospecting,36.20,2419,78
2024-12-11,Paid Social,Paid - Prospecting,36.20,5046,86
2024-12-12,Paid Social,Paid - Prospecting,36.20,3093,83
2024-12-13,Paid Social,Paid - Prospecting,36.20,3548,79
2024-12-14,Paid Social,Paid - Prospecting,26.07,4161,68
2024-12-15,Paid Social,Paid - Prospecting,26.07,3235,58
2024-12-16,Paid Social,Paid - Prospecting,36.20,4804,79
2024-12-17,Paid Social,Paid - Prospecting,36.20,5020,81
2024-12-18,Paid Social,Paid - Prospecting,36.20,4245,83
2024-12-19,Paid Social,Paid - Prospecting,36.20,3876,85
2024-12-20,Paid Social,Paid - Prospecting,36.20,5263,86
2024-12-21,Paid Social,Paid - Prospecting,26.07,2322,64
2024-12-22,Paid Social,Paid - Prospecting,26.07,3125,55
2024-12-23,Paid Social,Paid - Prospecting,36.20,4439,83
2024-12-24,Paid Social,Paid - Prospecting,36.20,5413,82
2024-12-25,Paid Social,Paid - Prospecting,36.20,3792,78
2024-12-26,Paid Social,Paid - Prospecting,36.20,5048,89
2024-12-27,Paid Social,Paid - Prospecting,36.20,2668,89
2024-12-28,Paid Social,Paid - Prospecting,26.07,4862,66
2024-12-29,Paid Social,Paid - Prospecting,26.07,3981,60
2024-12-30,Paid Social,Paid - Prospecting,36.20,5278,90
2024-12-31,Paid Social,Paid - Prospecting,36.20,2626,85
2024-12-01,Paid Social,Paid - Retargeting,26.73,2552,57
2024-12-02,Paid Social,Paid - Retargeting,37.12,3597,84
2024-12-03,Paid Social,Paid - Retargeting,37.12,5066,87
2024-12-04,Paid Social,Paid - Retargeting,37.12,5227,82
2024-12-05,Paid Social,Paid - Retargeting,37.12,4015,79
2024-12-06,Paid Social,Paid - Retargeting,37.12,3257,94
2024-12-07,Paid Social,Paid - Retargeting,26.73,3391,61
2024-12-08,Paid Social,Paid - Retargeting,26.73,2919,69
2024-12-09,Paid Social,Paid - Retargeting,37.12,3730,87
2024-12-10,Paid Social,Paid - Retargeting,37.12,3247,83
2024-12-11,Paid Social,Paid - Retargeting,37.12,4389,93
2024-12-12,Paid Social,Paid - Retargeting,37.12,4617,83
2024-12-13,Paid Social,Paid - Retargeting,37.12,5893,82
2024-12-14,Paid Social,Paid - Retargeting,26.73,3458,59
2024-12-15,Paid Social,Paid - Retargeting,26.73,4479,65
2024-12-16,Paid Social,Paid - Retargeting,37.12,5089,87
2024-12-17,Paid Social,Paid - Retargeting,37.12,3805,89
2024-12-18,Paid Social,Paid - Retargeting,37.12,6153,85
2024-12-19,Paid Social,Paid - Retargeting,37.12,3217,79
2024-12-20,Paid Social,Paid - Retargeting,37.12,5311,83
2024-12-21,Paid Social,Paid - Retargeting,26.73,2331,69
2024-12-22,Paid Social,Paid - Retargeting,26.73,2146,68
2024-12-23,Paid Social,Paid - Retargeting,37.12,2645,82
2024-12-24,Paid Social,Paid - Retargeting,37.12,5067,84
2024-12-25,Paid Social,Paid - Retargeting,37.12,6303,90
2024-12-26,Paid Social,Paid - Retargeting,37.12,4837,83
2024-12-27,Paid Social,Paid - Retargeting,37.12,3050,82
2024-12-28,Paid Social,Paid - Retargeting,26.73,2137,61
2024-12-29,Paid Social,Paid - Retargeting,26.73,4890,67
2024-12-30,Paid Social,Paid - Retargeting,37.12,6804,97
2024-12-31,Paid Social,Paid - Retargeting,37.12,3945,89
2024-12-01,Paid Social,Paid - Creator,17.63,1697,41
2024-12-02,Paid Social,Paid - Creator,24.48,3107,59
2024-12-03,Paid Social,Paid - Creator,24.48,2346,54
2024-12-04,Paid Social,Paid - Creator,24.48,3817,63
2024-12-05,Paid Social,Paid - Creator,24.48,3064,58
2024-12-06,Paid Social,Paid - Creator,24.48,1861,52
2024-12-07,Paid Social,Paid - Creator,17.63,1560,42
2024-12-08,Paid Social,Paid - Creator,17.63,1804,45
2024-12-09,Paid Social,Paid - Creator,24.48,4338,59
2024-12-10,Paid Social,Paid - Creator,24.48,2372,59
2024-12-11,Paid Social,Paid - Creator,24.48,4428,62
2024-12-12,Paid Social,Paid - Creator,24.48,1674,59
2024-12-13,Paid Social,Paid - Creator,24.48,3075,55
2024-12-14,Paid Social,Paid - Creator,17.63,1609,46
2024-12-15,Paid Social,Paid - Creator,17.63,1516,44
2024-12-16,Paid Social,Paid - Creator,24.48,3488,54
2024-12-17,Paid Social,Paid - Creator,24.48,2591,53
2024-12-18,Paid Social,Paid - Creator,24.48,2068,58
2024-12-19,Paid Social,Paid - Creator,24.48,2304,54
2024-12-20,Paid Social,Paid - Creator,24.48,3165,59
2024-12-21,Paid Social,Paid - Creator,17.63,1847,41
2024-12-22,Paid Social,Paid - Creator,17.63,1491,39
2024-12-23,Paid Social,Paid - Creator,24.48,3573,62
2024-12-24,Paid Social,Paid - Creator,24.48,2193,55
2024-12-25,Paid Social,Paid - Creator,24.48,2061,63
2024-12-26,Paid Social,Paid - Creator,24.48,3865,59
2024-12-27,Paid Social,Paid - Creator,24.48,2027,56
2024-12-28,Paid Social,Paid - Creator,17.63,1498,45
2024-12-29,Paid Social,Paid - Creator,17.63,1290,40
2024-12-30,Paid Social,Paid - Creator,24.48,2619,55
2024-12-31,Paid Social,Paid - Creator,24.48,2296,53
2024-12-01,Affiliate,Affiliate - Cashback,12.96,1022,19
2024-12-02,Affiliate,Affiliate - Cashback,18.00,1351,28
2024-12-03,Affiliate,Affiliate - Cashback,18.00,896,25
2024-12-04,Affiliate,Affiliate - Cashback,18.00,1684,27
2024-12-05,Affiliate,Affiliate - Cashback,18.00,1119,28
2024-12-06,Affiliate,Affiliate - Cashback,18.00,730,26
2024-12-07,Affiliate,Affiliate - Cashback,12.96,1454,20
2024-12-08,Affiliate,Affiliate - Cashback,12.96,805,20
2024-12-09,Affiliate,Affiliate - Cashback,18.00,802,24
2024-12-10,Affiliate,Affiliate - Cashback,18.00,1656,25
2024-12-11,Affiliate,Affiliate - Cashback,18.00,1861,28
2024-12-12,Affiliate,Affiliate - Cashback,18.00,1264,27
2024-12-13,Affiliate,Affiliate - Cashback,18.00,1588,26
2024-12-14,Affiliate,Affiliate - Cashback,12.96,650,20
2024-12-15,Affiliate,Affiliate - Cashback,12.96,672,19
2024-12-16,Affiliate,Affiliate - Cashback,18.00,983,28
2024-12-17,Affiliate,Affiliate - Cashback,18.00,1732,26
2024-12-18,Affiliate,Affiliate - Cashback,18.00,1761,24
2024-12-19,Affiliate,Affiliate - Cashback,18.00,1546,28
2024-12-20,Affiliate,Affiliate - Cashback,18.00,1327,26
2024-12-21,Affiliate,Affiliate - Cashback,12.96,1229,17
2024-12-22,Affiliate,Affiliate - Cashback,12.96,850,17
2024-12-23,Affiliate,Affiliate - Cashback,18.00,1388,24
2024-12-24,Affiliate,Affiliate - Cashback,18.00,1520,25
2024-12-25,Affiliate,Affiliate - Cashback,18.00,1715,27
2024-12-26,Affiliate,Affiliate - Cashback,18.00,911,28
2024-12-27,Affiliate,Affiliate - Cashback,18.00,1491,25
2024-12-28,Affiliate,Affiliate - Cashback,12.96,1055,17
2024-12-29,Affiliate,Affiliate - Cashback,12.96,945,18
2024-12-30,Affiliate,Affiliate - Cashback,18.00,1500,24
2024-12-31,Affiliate,Affiliate - Cashback,18.00,1742,27
2024-12-01,Affiliate,Affiliate - Content,20.02,1413,30
2024-12-02,Affiliate,Affiliate - Content,27.81,2191,41
2024-12-03,Affiliate,Affiliate - Content,27.81,2620,38
2024-12-04,Affiliate,Affiliate - Content,27.81,2953,43
2024-12-05,Affiliate,Affiliate - Content,27.81,1933,42
2024-12-06,Affiliate,Affiliate - Content,27.81,1762,40
2024-12-07,Affiliate,Affiliate - Content,20.02,1093,28
2024-12-08,Affiliate,Affiliate - Content,20.02,1241,26
2024-12-09,Affiliate,Affiliate - Content,27.81,2267,37
2024-12-10,Affiliate,Affiliate - Content,27.81,3171,43
2024-12-11,Affiliate,Affiliate - Content,27.81,1935,37
2024-12-12,Affiliate,Affiliate - Content,27.81,2438,43
2024-12-13,Affiliate,Affiliate - Content,27.81,1690,43
2024-12-14,Affiliate,Affiliate - Content,20.02,1033,32
2024-12-15,Affiliate,Affiliate - Content,20.02,907,27
2024-12-16,Affiliate,Affiliate - Content,27.81,1893,42
2024-12-17,Affiliate,Affiliate - Content,27.81,1374,37
2024-12-18,Affiliate,Affiliate - Content,27.81,2498,38
2024-12-19,Affiliate,Affiliate - Content,27.81,2556,42
2024-12-20,Affiliate,Affiliate - Content,27.81,2480,44
2024-12-21,Affiliate,Affiliate - Content,20.02,1711,27
2024-12-22,Affiliate,Affiliate - Content,20.02,1847,27
2024-12-23,Affiliate,Affiliate - Content,27.81,1673,40
2024-12-24,Affiliate,Affiliate - Content,27.81,2133,36
2024-12-25,Affiliate,Affiliate - Content,27.81,3056,44
2024-12-26,Affiliate,Affiliate - Content,27.81,2069,44
2024-12-27,Affiliate,Affiliate - Content,27.81,2034,41
2024-12-28,Affiliate,Affiliate - Content,20.02,1913,28
2024-12-29,Affiliate,Affiliate - Content,20.02,1919,31
2024-12-30,Affiliate,Affiliate - Content,27.81,1143,40
2024-12-31,Affiliate,Affiliate - Content,27.81,2899,42
2024-12-01,Affiliate,Affiliate - Voucher,17.48,938,26
2024-12-02,Affiliate,Affiliate - Voucher,24.28,1564,33
2024-12-03,Affiliate,Affiliate - Voucher,24.28,2514,35
2024-12-04,Affiliate,Affiliate - Voucher,24.28,2150,35
2024-12-05,Affiliate,Affiliate - Voucher,24.28,2146,38
2024-12-06,Affiliate,Affiliate - Voucher,24.28,1380,34
2024-12-07,Affiliate,Affiliate - Voucher,17.48,778,24
2024-12-08,Affiliate,Affiliate - Voucher,17.48,1267,23
2024-12-09,Affiliate,Affiliate - Voucher,24.28,1154,34
2024-12-10,Affiliate,Affiliate - Voucher,24.28,975,32
2024-12-11,Affiliate,Affiliate - Voucher,24.28,1223,35
2024-12-12,Affiliate,Affiliate - Voucher,24.28,2582,37
2024-12-13,Affiliate,Affiliate - Voucher,24.28,2347,37
2024-12-14,Affiliate,Affiliate - Voucher,17.48,1657,25
2024-12-15,Affiliate,Affiliate - Voucher,17.48,1741,26
2024-12-16,Affiliate,Affiliate - Voucher,24.28,1098,32
2024-12-17,Affiliate,Affiliate - Voucher,24.28,1337,37
2024-12-18,Affiliate,Affiliate - Voucher,24.28,1423,37
2024-12-19,Affiliate,Affiliate - Voucher,24.28,1751,35
2024-12-20,Affiliate,Affiliate - Voucher,24.28,2452,36
2024-12-21,Affiliate,Affiliate - Voucher,17.48,782,24
2024-12-22,Affiliate,Affiliate - Voucher,17.48,890,27
2024-12-23,Affiliate,Affiliate - Voucher,24.28,1841,34
2024-12-24,Affiliate,Affiliate - Voucher,24.28,1738,35
2024-12-25,Affiliate,Affiliate - Voucher,24.28,1404,36
2024-12-26,Affiliate,Affiliate - Voucher,24.28,1851,37
2024-12-27,Affiliate,Affiliate - Voucher,24.28,1478,35
2024-12-28,Affiliate,Affiliate - Voucher,17.48,950,25
2024-12-29,Affiliate,Affiliate - Voucher,17.48,810,24
2024-12-30,Affiliate,Affiliate - Voucher,24.28,2286,39
2024-12-31,Affiliate,Affiliate - Voucher,24.28,1579,39
2024-12-01,Email & CRM,Email - Lifecycle,4.61,1756,36
2024-12-02,Email & CRM,Email - Lifecycle,6.41,3893,55
2024-12-03,Email & CRM,Email - Lifecycle,6.41,1907,55
2024-12-04,Email & CRM,Email - Lifecycle,6.41,3046,53
2024-12-05,Email & CRM,Email - Lifecycle,6.41,3149,54
2024-12-06,Email & CRM,Email - Lifecycle,6.41,1944,48
2024-12-07,Email & CRM,Email - Lifecycle,4.61,2556,37
2024-12-08,Email & CRM,Email - Lifecycle,4.61,2430,42
2024-12-09,Email & CRM,Email - Lifecycle,6.41,2010,49
2024-12-10,Email & CRM,Email - Lifecycle,6.41,1680,53
2024-12-11,Email & CRM,Email - Lifecycle,6.41,3986,56
2024-12-12,Email & CRM,Email - Lifecycle,6.41,3106,48
2024-12-13,Email & CRM,Email - Lifecycle,6.41,1654,56
2024-12-14,Email & CRM,Email - Lifecycle,4.61,1223,36
2024-12-15,Email & CRM,Email - Lifecycle,4.61,2090,41
2024-12-16,Email & CRM,Email - Lifecycle,6.41,3349,48
2024-12-17,Email & CRM,Email - Lifecycle,6.41,3425,54
2024-12-18,Email & CRM,Email - Lifecycle,6.41,2235,55
2024-12-19,Email & CRM,Email - Lifecycle,6.41,1983,56
2024-12-20,Email & CRM,Email - Lifecycle,6.41,1627,50
2024-12-21,Email & CRM,Email - Lifecycle,4.61,2202,38
2024-12-22,Email & CRM,Email - Lifecycle,4.61,2254,42
2024-12-23,Email & CRM,Email - Lifecycle,6.41,3433,58
2024-12-24,Email & CRM,Email - Lifecycle,6.41,2188,49
2024-12-25,Email & CRM,Email - Lifecycle,6.41,2755,53
2024-12-26,Email & CRM,Email - Lifecycle,6.41,2732,48
2024-12-27,Email & CRM,Email - Lifecycle,6.41,2077,53
2024-12-28,Email & CRM,Email - Lifecycle,4.61,2099,38
2024-12-29,Email & CRM,Email - Lifecycle,4.61,2491,37
2024-12-30,Email & CRM,Email - Lifecycle,6.41,2781,57
2024-12-31,Email & CRM,Email - Lifecycle,6.41,1935,50
2024-12-01,Email & CRM,Email - Winback,2.60,750,19
2024-12-02,Email & CRM,Email - Winback,3.61,1489,32
2024-12-03,Email & CRM,Email - Winback,3.61,1672,30
2024-12-04,Email & CRM,Email - Winback,3.61,1096,30
2024-12-05,Email & CRM,Email - Winback,3.61,830,28
2024-12-06,Email & CRM,Email - Winback,3.61,1225,27
2024-12-07,Email & CRM,Email - Winback,2.60,665,21
2024-12-08,Email & CRM,Email - Winback,2.60,1242,23
2024-12-09,Email & CRM,Email - Winback,3.61,1180,27
2024-12-10,Email & CRM,Email - Winback,3.61,1757,28
2024-12-11,Email & CRM,Email - Winback,3.61,1601,28
2024-12-12,Email & CRM,Email - Winback,3.61,1368,29
2024-12-13,Email & CRM,Email - Winback,3.61,1762,28
2024-12-14,Email & CRM,Email - Winback,2.60,664,19
2024-12-15,Email & CRM,Email - Winback,2.60,674,22
2024-12-16,Email & CRM,Email - Winback,3.61,2094,32
2024-12-17,Email & CRM,Email - Winback,3.61,880,27
2024-12-18,Email & CRM,Email - Winback,3.61,1707,27
2024-12-19,Email & CRM,Email - Winback,3.61,1562,31
2024-12-20,Email & CRM,Email - Winback,3.61,853,29
2024-12-21,Email & CRM,Email - Winback,2.60,1284,22
2024-12-22,Email & CRM,Email - Winback,2.60,919,20
2024-12-23,Email & CRM,Email - Winback,3.61,989,30
2024-12-24,Email & CRM,Email - Winback,3.61,1561,27
2024-12-25,Email & CRM,Email - Winback,3.61,1894,29
2024-12-26,Email & CRM,Email - Winback,3.61,1034,27
2024-12-27,Email & CRM,Email - Winback,3.61,1995,30
2024-12-28,Email & CRM,Email - Winback,2.60,1156,20
2024-12-29,Email & CRM,Email - Winback,2.60,1181,23
2024-12-30,Email & CRM,Email - Winback,3.61,1299,28
2024-12-31,Email & CRM,Email - Winback,3.61,2154,30
2024-12-01,Marketplace,Marketplace - Sponsored Listings,35.22,1914,68
2024-12-02,Marketplace,Marketplace - Sponsored Listings,48.92,6186,84
2024-12-03,Marketplace,Marketplace - Sponsored Listings,48.92,4186,90
2024-12-04,Marketplace,Marketplace - Sponsored Listings,48.92,5497,81
2024-12-05,Marketplace,Marketplace - Sponsored Listings,48.92,4179,96
2024-12-06,Marketplace,Marketplace - Sponsored Listings,48.92,6033,90
2024-12-07,Marketplace,Marketplace - Sponsored Listings,35.22,2225,61
2024-12-08,Marketplace,Marketplace - Sponsored Listings,35.22,2114,70
2024-12-09,Marketplace,Marketplace - Sponsored Listings,48.92,5723,88
2024-12-10,Marketplace,Marketplace - Sponsored Listings,48.92,5464,97
2024-12-11,Marketplace,Marketplace - Sponsored Listings,48.92,4915,93
2024-12-12,Marketplace,Marketplace - Sponsored Listings,48.92,5385,90
2024-12-13,Marketplace,Marketplace - Sponsored Listings,48.92,5676,96
2024-12-14,Marketplace,Marketplace - Sponsored Listings,35.22,4104,66
2024-12-15,Marketplace,Marketplace - Sponsored Listings,35.22,2878,63
2024-12-16,Marketplace,Marketplace - Sponsored Listings,48.92,5458,86
2024-12-17,Marketplace,Marketplace - Sponsored Listings,48.92,6538,92
2024-12-18,Marketplace,Marketplace - Sponsored Listings,48.92,5852,87
2024-12-19,Marketplace,Marketplace - Sponsored Listings,48.92,4617,89
2024-12-20,Marketplace,Marketplace - Sponsored Listings,48.92,3382,83
2024-12-21,Marketplace,Marketplace - Sponsored Listings,35.22,2181,69
2024-12-22,Marketplace,Marketplace - Sponsored Listings,35.22,4530,67
2024-12-23,Marketplace,Marketplace - Sponsored Listings,48.92,6252,88
2024-12-24,Marketplace,Marketplace - Sponsored Listings,48.92,4399,88
2024-12-25,Marketplace,Marketplace - Sponsored Listings,48.92,6161,91
2024-12-26,Marketplace,Marketplace - Sponsored Listings,48.92,4639,87
2024-12-27,Marketplace,Marketplace - Sponsored Listings,48.92,2471,81
2024-12-28,Marketplace,Marketplace - Sponsored Listings,35.22,1966,67
2024-12-29,Marketplace,Marketplace - Sponsored Listings,35.22,4242,67
2024-12-30,Marketplace,Marketplace - Sponsored Listings,48.92,2586,91
2024-12-31,Marketplace,Marketplace - Sponsored Listings,48.92,3280,85
2025-01-01,Organic Search,Organic - SEO Content,6.46,6841,120
2025-01-02,Organic Search,Organic - SEO Content,6.46,5663,134
2025-01-03,Organic Search,Organic - SEO Content,6.46,6296,126
2025-01-04,Organic Search,Organic - SEO Content,4.65,3563,86
2025-01-05,Organic Search,Organic - SEO Content,4.65,5850,94
2025-01-06,Organic Search,Organic - SEO Content,6.46,6680,139
2025-01-07,Organic Search,Organic - SEO Content,6.46,7426,117
2025-01-08,Organic Search,Organic - SEO Content,6.46,7730,119
2025-01-09,Organic Search,Organic - SEO Content,6.46,3439,122
2025-01-10,Organic Search,Organic - SEO Content,6.46,6513,127
2025-01-11,Organic Search,Organic - SEO Content,4.65,5439,90
2025-01-12,Organic Search,Organic - SEO Content,4.65,5745,95
2025-01-13,Organic Search,Organic - SEO Content,6.46,7510,127
2025-01-14,Organic Search,Organic - SEO Content,6.46,5333,123
2025-01-15,Organic Search,Organic - SEO Content,6.46,4955,140
2025-01-16,Organic Search,Organic - SEO Content,6.46,5014,127
2025-01-17,Organic Search,Organic - SEO Content,6.46,5047,139
2025-01-18,Organic Search,Organic - SEO Content,4.65,6454,93
2025-01-19,Organic Search,Organic - SEO Content,4.65,4591,100
2025-01-20,Organic Search,Organic - SEO Content,6.46,9214,130
2025-01-21,Organic Search,Organic - SEO Content,6.46,3314,118
2025-01-22,Organic Search,Organic - SEO Content,6.46,4566,125
2025-01-23,Organic Search,Organic - SEO Content,6.46,6849,140
2025-01-24,Organic Search,Organic - SEO Content,6.46,5261,122
2025-01-25,Organic Search,Organic - SEO Content,4.65,4155,93
2025-01-26,Organic Search,Organic - SEO Content,4.65,4920,98
2025-01-27,Organic Search,Organic - SEO Content,6.46,7795,119
2025-01-28,Organic Search,Organic - SEO Content,6.46,8091,122
2025-01-29,Organic Search,Organic - SEO Content,6.46,7976,120
2025-01-30,Organic Search,Organic - SEO Content,6.46,4045,128
2025-01-31,Organic Search,Organic - SEO Content,6.46,9469,132
2025-01-01,Paid Search,Paid - Brand,23.87,729,26
2025-01-02,Paid Search,Paid - Brand,23.87,1427,26
2025-01-03,Paid Search,Paid - Brand,23.87,1287,25
2025-01-04,Paid Search,Paid - Brand,17.19,595,16
2025-01-05,Paid Search,Paid - Brand,17.19,658,19
2025-01-06,Paid Search,Paid - Brand,23.87,1738,24
2025-01-07,Paid Search,Paid - Brand,23.87,1046,26
2025-01-08,Paid Search,Paid - Brand,23.87,1908,26
2025-01-09,Paid Search,Paid - Brand,23.87,1679,23
2025-01-10,Paid Search,Paid - Brand,23.87,1589,23
2025-01-11,Paid Search,Paid - Brand,17.19,1172,17
2025-01-12,Paid Search,Paid - Brand,17.19,806,18
2025-01-13,Paid Search,Paid - Brand,23.87,1073,24
2025-01-14,Paid Search,Paid - Brand,23.87,1614,25
2025-01-15,Paid Search,Paid - Brand,23.87,1063,23
2025-01-16,Paid Search,Paid - Brand,23.87,1103,26
2025-01-17,Paid Search,Paid - Brand,23.87,1212,26
2025-01-18,Paid Search,Paid - Brand,17.19,965,16
2025-01-19,Paid Search,Paid - Brand,17.19,1149,19
2025-01-20,Paid Search,Paid - Brand,23.87,1069,27
2025-01-21,Paid Search,Paid - Brand,23.87,1675,26
2025-01-22,Paid Search,Paid - Brand,23.87,921,23
2025-01-23,Paid Search,Paid - Brand,23.87,1273,24
2025-01-24,Paid Search,Paid - Brand,23.87,1795,26
2025-01-25,Paid Search,Paid - Brand,17.19,895,18
2025-01-26,Paid Search,Paid - Brand,17.19,505,17
2025-01-27,Paid Search,Paid - Brand,23.87,820,23
2025-01-28,Paid Search,Paid - Brand,23.87,1532,23
2025-01-29,Paid Search,Paid - Brand,23.87,749,24
2025-01-30,Paid Search,Paid - Brand,23.87,1269,23
2025-01-31,Paid Search,Paid - Brand,23.87,963,24
2025-01-01,Paid Search,Paid - Generic,18.90,815,19
2025-01-02,Paid Search,Paid - Generic,18.90,1248,19
2025-01-03,Paid Search,Paid - Generic,18.90,1367,21
2025-01-04,Paid Search,Paid - Generic,13.61,798,14
2025-01-05,Paid Search,Paid - Generic,13.61,492,15
2025-01-06,Paid Search,Paid - Generic,18.90,1202,20
2025-01-07,Paid Search,Paid - Generic,18.90,667,18
2025-01-08,Paid Search,Paid - Generic,18.90,666,19
2025-01-09,Paid Search,Paid - Generic,18.90,890,19
2025-01-10,Paid Search,Paid - Generic,18.90,1014,20
2025-01-11,Paid Search,Paid - Generic,13.61,844,14
2025-01-12,Paid Search,Paid - Generic,13.61,870,13
2025-01-13,Paid Search,Paid - Generic,18.90,910,20
2025-01-14,Paid Search,Paid - Generic,18.90,880,18
2025-01-15,Paid Search,Paid - Generic,18.90,959,18
2025-01-16,Paid Search,Paid - Generic,18.90,1533,21
2025-01-17,Paid Search,Paid - Generic,18.90,1473,21
2025-01-18,Paid Search,Paid - Generic,13.61,745,14
2025-01-19,Paid Search,Paid - Generic,13.61,375,13
2025-01-20,Paid Search,Paid - Generic,18.90,812,20
2025-01-21,Paid Search,Paid - Generic,18.90,1324,18
2025-01-22,Paid Search,Paid - Generic,18.90,1279,21
2025-01-23,Paid Search,Paid - Generic,18.90,757,18
2025-01-24,Paid Search,Paid - Generic,18.90,937,20
2025-01-25,Paid Search,Paid - Generic,13.61,1039,15
2025-01-26,Paid Search,Paid - Generic,13.61,900,13
2025-01-27,Paid Search,Paid - Generic,18.90,823,18
2025-01-28,Paid Search,Paid - Generic,18.90,1194,21
2025-01-29,Paid Search,Paid - Generic,18.90,695,18
2025-01-30,Paid Search,Paid - Generic,18.90,731,20
2025-01-31,Paid Search,Paid - Generic,18.90,983,18
2025-01-01,Paid Search,Paid - Shopping,18.50,934,17
2025-01-02,Paid Search,Paid - Shopping,18.50,1253,19
2025-01-03,Paid Search,Paid - Shopping,18.50,977,19
2025-01-04,Paid Search,Paid - Shopping,13.32,670,13
2025-01-05,Paid Search,Paid - Shopping,13.32,473,14
2025-01-06,Paid Search,Paid - Shopping,18.50,1067,18
2025-01-07,Paid Search,Paid - Shopping,18.50,844,19
2025-01-08,Paid Search,Paid - Shopping,18.50,868,18
2025-01-09,Paid Search,Paid - Shopping,18.50,1036,19
2025-01-10,Paid Search,Paid - Shopping,18.50,937,19
2025-01-11,Paid Search,Paid - Shopping,13.32,726,12
2025-01-12,Paid Search,Paid - Shopping,13.32,739,14
2025-01-13,Paid Search,Paid - Shopping,18.50,1129,20
2025-01-14,Paid Search,Paid - Shopping,18.50,760,19
2025-01-15,Paid Search,Paid - Shopping,18.50,959,20
2025-01-16,Paid Search,Paid - Shopping,18.50,1473,20
2025-01-17,Paid Search,Paid - Shopping,18.50,1020,21
2025-01-18,Paid Search,Paid - Shopping,13.32,1002,14
2025-01-19,Paid Search,Paid - Shopping,13.32,1092,15
2025-01-20,Paid Search,Paid - Shopping,18.50,942,18
2025-01-21,Paid Search,Paid - Shopping,18.50,563,18
2025-01-22,Paid Search,Paid - Shopping,18.50,1076,17
2025-01-23,Paid Search,Paid - Shopping,18.50,824,20
2025-01-24,Paid Search,Paid - Shopping,18.50,1433,20
2025-01-25,Paid Search,Paid - Shopping,13.32,597,12
2025-01-26,Paid Search,Paid - Shopping,13.32,409,13
2025-01-27,Paid Search,Paid - Shopping,18.50,626,20
2025-01-28,Paid Search,Paid - Shopping,18.50,897,18
2025-01-29,Paid Search,Paid - Shopping,18.50,856,18
2025-01-30,Paid Search,Paid - Shopping,18.50,658,21
2025-01-31,Paid Search,Paid - Shopping,18.50,567,20
2025-01-01,Paid Social,Paid - Prospecting,24.14,3061,52
2025-01-02,Paid Social,Paid - Prospecting,24.14,3721,62
2025-01-03,Paid Social,Paid - Prospecting,24.14,4056,62
2025-01-04,Paid Social,Paid - Prospecting,17.38,2536,42
2025-01-05,Paid Social,Paid - Prospecting,17.38,1410,45
2025-01-06,Paid Social,Paid - Prospecting,24.14,2733,56
2025-01-07,Paid Social,Paid - Prospecting,24.14,4296,62
2025-01-08,Paid Social,Paid - Prospecting,24.14,2276,59
2025-01-09,Paid Social,Paid - Prospecting,24.14,2384,54
2025-01-10,Paid Social,Paid - Prospecting,24.14,1617,52
2025-01-11,Paid Social,Paid - Prospecting,17.38,2765,45
2025-01-12,Paid Social,Paid - Prospecting,17.38,2439,38
2025-01-13,Paid Social,Paid - Prospecting,24.14,3021,53
2025-01-14,Paid Social,Paid - Prospecting,24.14,3409,51
2025-01-15,Paid Social,Paid - Prospecting,24.14,1878,56
2025-01-16,Paid Social,Paid - Prospecting,24.14,2328,53
2025-01-17,Paid Social,Paid - Prospecting,24.14,3623,56
2025-01-18,Paid Social,Paid - Prospecting,17.38,1864,41
2025-01-19,Paid Social,Paid - Prospecting,17.38,1705,37
2025-01-20,Paid Social,Paid - Prospecting,24.14,3740,54
2025-01-21,Paid Social,Paid - Prospecting,24.14,2745,60
2025-01-22,Paid Social,Paid - Prospecting,24.14,3620,58
2025-01-23,Paid Social,Paid - Prospecting,24.14,2138,52
2025-01-24,Paid Social,Paid - Prospecting,24.14,3079,56
2025-01-25,Paid Social,Paid - Prospecting,17.38,2191,41
2025-01-26,Paid Social,Paid - Prospecting,17.38,2304,38
2025-01-27,Paid Social,Paid - Prospecting,24.14,3336,61
2025-01-28,Paid Social,Paid - Prospecting,24.14,1884,58
2025-01-29,Paid Social,Paid - Prospecting,24.14,1771,56
2025-01-30,Paid Social,Paid - Prospecting,24.14,2378,60
2025-01-31,Paid Social,Paid - Prospecting,24.14,2435,53
2025-01-01,Paid Social,Paid - Retargeting,24.31,2641,58
2025-01-02,Paid Social,Paid - Retargeting,24.31,3553,52
2025-01-03,Paid Social,Paid - Retargeting,24.31,1706,54
2025-01-04,Paid Social,Paid - Retargeting,17.50,2789,45
2025-01-05,Paid Social,Paid - Retargeting,17.50,1968,40
2025-01-06,Paid Social,Paid - Retargeting,24.31,3233,56
2025-01-07,Paid Social,Paid - Retargeting,24.31,2427,61
2025-01-08,Paid Social,Paid - Retargeting,24.31,2575,56
2025-01-09,Paid Social,Paid - Retargeting,24.31,3561,63
2025-01-10,Paid Social,Paid - Retargeting,24.31,2052,56
2025-01-11,Paid Social,Paid - Retargeting,17.50,1201,42
2025-01-12,Paid Social,Paid - Retargeting,17.50,1610,39
2025-01-13,Paid Social,Paid - Retargeting,24.31,1979,53
2025-01-14,Paid Social,Paid - Retargeting,24.31,2192,53
2025-01-15,Paid Social,Paid - Retargeting,24.31,2855,59
2025-01-16,Paid Social,Paid - Retargeting,24.31,2268,57
2025-01-17,Paid Social,Paid - Retargeting,24.31,1879,63
2025-01-18,Paid Social,Paid - Retargeting,17.50,1273,42
2025-01-19,Paid Social,Paid - Retargeting,17.50,1576,39
2025-01-20,Paid Social,Paid - Retargeting,24.31,2669,56
2025-01-21,Paid Social,Paid - Retargeting,24.31,2740,52
2025-01-22,Paid Social,Paid - Retargeting,24.31,2300,59
2025-01-23,Paid Social,Paid - Retargeting,24.31,3332,53
2025-01-24,Paid Social,Paid - Retargeting,24.31,3416,62
2025-01-25,Paid Social,Paid - Retargeting,17.50,2197,38
2025-01-26,Paid Social,Paid - Retargeting,17.50,1992,40
2025-01-27,Paid Social,Paid - Retargeting,24.31,4150,61
2025-01-28,Paid Social,Paid - Retargeting,24.31,2472,58
2025-01-29,Paid Social,Paid - Retargeting,24.31,3973,54
2025-01-30,Paid Social,Paid - Retargeting,24.31,3253,57
2025-01-31,Paid Social,Paid - Retargeting,24.31,3811,55
2025-01-01,Paid Social,Paid - Creator,23.19,3140,53
2025-01-02,Paid Social,Paid - Creator,23.19,2934,59
2025-01-03,Paid Social,Paid - Creator,23.19,2066,54
2025-01-04,Paid Social,Paid - Creator,16.70,2277,41
2025-01-05,Paid Social,Paid - Creator,16.70,2359,36
2025-01-06,Paid Social,Paid - Creator,23.19,2452,52
2025-01-07,Paid Social,Paid - Creator,23.19,3361,50
2025-01-08,Paid Social,Paid - Creator,23.19,3472,52
2025-01-09,Paid Social,Paid - Creator,23.19,3995,57
2025-01-10,Paid Social,Paid - Creator,23.19,3553,50
2025-01-11,Paid Social,Paid - Creator,16.70,2933,42
2025-01-12,Paid Social,Paid - Creator,16.70,2811,38
2025-01-13,Paid Social,Paid - Creator,23.19,2925,58
2025-01-14,Paid Social,Paid - Creator,23.19,2756,51
2025-01-15,Paid Social,Paid - Creator,23.19,2648,59
2025-01-16,Paid Social,Paid - Creator,23.19,3235,57
2025-01-17,Paid Social,Paid - Creator,23.19,2564,60
2025-01-18,Paid Social,Paid - Creator,16.70,1896,36
2025-01-19,Paid Social,Paid - Creator,16.70,1441,36
2025-01-20,Paid Social,Paid - Creator,23.19,2077,59
2025-01-21,Paid Social,Paid - Creator,23.19,2508,52
2025-01-22,Paid Social,Paid - Creator,23.19,3606,57
2025-01-23,Paid Social,Paid - Creator,23.19,1496,52
2025-01-24,Paid Social,Paid - Creator,23.19,3422,49
2025-01-25,Paid Social,Paid - Creator,16.70,2301,37
2025-01-26,Paid Social,Paid - Creator,16.70,1240,37
2025-01-27,Paid Social,Paid - Creator,23.19,3566,60
2025-01-28,Paid Social,Paid - Creator,23.19,2591,57
2025-01-29,Paid Social,Paid - Creator,23.19,1842,57
2025-01-30,Paid Social,Paid - Creator,23.19,2943,49
2025-01-31,Paid Social,Paid - Creator,23.19,3272,54
2025-01-01,Affiliate,Affiliate - Cashback,7.36,766,11
2025-01-02,Affiliate,Affiliate - Cashback,7.36,382,10
2025-01-03,Affiliate,Affiliate - Cashback,7.36,299,10
2025-01-04,Affiliate,Affiliate - Cashback,5.30,246,7
2025-01-05,Affiliate,Affiliate - Cashback,5.30,264,7
2025-01-06,Affiliate,Affiliate - Cashback,7.36,290,10
2025-01-07,Affiliate,Affiliate - Cashback,7.36,706,11
2025-01-08,Affiliate,Affiliate - Cashback,7.36,551,11
2025-01-09,Affiliate,Affiliate - Cashback,7.36,706,10
2025-01-10,Affiliate,Affiliate - Cashback,7.36,775,11
2025-01-11,Affiliate,Affiliate - Cashback,5.30,422,8
2025-01-12,Affiliate,Affiliate - Cashback,5.30,484,8
2025-01-13,Affiliate,Affiliate - Cashback,7.36,396,10
2025-01-14,Affiliate,Affiliate - Cashback,7.36,733,10
2025-01-15,Affiliate,Affiliate - Cashback,7.36,565,10
2025-01-16,Affiliate,Affiliate - Cashback,7.36,489,11
2025-01-17,Affiliate,Affiliate - Cashback,7.36,587,9
2025-01-18,Affiliate,Affiliate - Cashback,5.30,316,7
2025-01-19,Affiliate,Affiliate - Cashback,5.30,274,7
2025-01-20,Affiliate,Affiliate - Cashback,7.36,517,10
2025-01-21,Affiliate,Affiliate - Cashback,7.36,378,10
2025-01-22,Affiliate,Affiliate - Cashback,7.36,676,11
2025-01-23,Affiliate,Affiliate - Cashback,7.36,282,10
2025-01-24,Affiliate,Affiliate - Cashback,7.36,296,10
2025-01-25,Affiliate,Affiliate - Cashback,5.30,470,7
2025-01-26,Affiliate,Affiliate - Cashback,5.30,434,8
2025-01-27,Affiliate,Affiliate - Cashback,7.36,702,11
2025-01-28,Affiliate,Affiliate - Cashback,7.36,399,11
2025-01-29,Affiliate,Affiliate - Cashback,7.36,356,11
2025-01-30,Affiliate,Affiliate - Cashback,7.36,480,11
2025-01-31,Affiliate,Affiliate - Cashback,7.36,479,11
2025-01-01,Affiliate,Affiliate - Content,8.71,675,13
2025-01-02,Affiliate,Affiliate - Content,8.71,460,12
2025-01-03,Affiliate,Affiliate - Content,8.71,710,12
2025-01-04,Affiliate,Affiliate - Content,6.27,521,9
2025-01-05,Affiliate,Affiliate - Content,6.27,313,8
2025-01-06,Affiliate,Affiliate - Content,8.71,473,12
2025-01-07,Affiliate,Affiliate - Content,8.71,689,12
2025-01-08,Affiliate,Affiliate - Content,8.71,876,12
2025-01-09,Affiliate,Affiliate - Content,8.71,929,13
2025-01-10,Affiliate,Affiliate - Content,8.71,437,11
2025-01-11,Affiliate,Affiliate - Content,6.27,588,8
2025-01-12,Affiliate,Affiliate - Content,6.27,549,8
2025-01-13,Affiliate,Affiliate - Content,8.71,484,13
2025-01-14,Affiliate,Affiliate - Content,8.71,454,12
2025-01-15,Affiliate,Affiliate - Content,8.71,378,12
2025-01-16,Affiliate,Affiliate - Content,8.71,527,11
2025-01-17,Affiliate,Affiliate - Content,8.71,607,12
2025-01-18,Affiliate,Affiliate - Content,6.27,528,9
2025-01-19,Affiliate,Affiliate - Content,6.27,545,10
2025-01-20,Affiliate,Affiliate - Content,8.71,921,13
2025-01-21,Affiliate,Affiliate - Content,8.71,365,11
2025-01-22,Affiliate,Affiliate - Content,8.71,579,14
2025-01-23,Affiliate,Affiliate - Content,8.71,635,13
2025-01-24,Affiliate,Affiliate - Content,8.71,462,11
2025-01-25,Affiliate,Affiliate - Content,6.27,391,9
2025-01-26,Affiliate,Affiliate - Content,6.27,429,8
2025-01-27,Affiliate,Affiliate - Content,8.71,418,12
2025-01-28,Affiliate,Affiliate - Content,8.71,345,11
2025-01-29,Affiliate,Affiliate - Content,8.71,697,13
2025-01-30,Affiliate,Affiliate - Content,8.71,453,13
2025-01-31,Affiliate,Affiliate - Content,8.71,864,12
2025-01-01,Affiliate,Affiliate - Voucher,8.38,366,12
2025-01-02,Affiliate,Affiliate - Voucher,8.38,473,12
2025-01-03,Affiliate,Affiliate - Voucher,8.38,508,11
2025-01-04,Affiliate,Affiliate - Voucher,6.03,344,9
2025-01-05,Affiliate,Affiliate - Voucher,6.03,414,9
2025-01-06,Affiliate,Affiliate - Voucher,8.38,940,13
2025-01-07,Affiliate,Affiliate - Voucher,8.38,369,12
2025-01-08,Affiliate,Affiliate - Voucher,8.38,691,12
2025-01-09,Affiliate,Affiliate - Voucher,8.38,685,13
2025-01-10,Affiliate,Affiliate - Voucher,8.38,404,13
2025-01-11,Affiliate,Affiliate - Voucher,6.03,340,8
2025-01-12,Affiliate,Affiliate - Voucher,6.03,265,9
2025-01-13,Affiliate,Affiliate - Voucher,8.38,685,12
2025-01-14,Affiliate,Affiliate - Voucher,8.38,348,12
2025-01-15,Affiliate,Affiliate - Voucher,8.38,726,11
2025-01-16,Affiliate,Affiliate - Voucher,8.38,504,13
2025-01-17,Affiliate,Affiliate - Voucher,8.38,593,13
2025-01-18,Affiliate,Affiliate - Voucher,6.03,269,8
2025-01-19,Affiliate,Affiliate - Voucher,6.03,528,8
2025-01-20,Affiliate,Affiliate - Voucher,8.38,536,11
2025-01-21,Affiliate,Affiliate - Voucher,8.38,543,12
2025-01-22,Affiliate,Affiliate - Voucher,8.38,388,11
2025-01-23,Affiliate,Affiliate - Voucher,8.38,759,11
2025-01-24,Affiliate,Affiliate - Voucher,8.38,410,13
2025-01-25,Affiliate,Affiliate - Voucher,6.03,432,9
2025-01-26,Affiliate,Affiliate - Voucher,6.03,578,9
2025-01-27,Affiliate,Affiliate - Voucher,8.38,839,12
2025-01-28,Affiliate,Affiliate - Voucher,8.38,353,11
2025-01-29,Affiliate,Affiliate - Voucher,8.38,370,11
2025-01-30,Affiliate,Affiliate - Voucher,8.38,602,13
2025-01-31,Affiliate,Affiliate - Voucher,8.38,348,12
2025-01-01,Email & CRM,Email - Lifecycle,1.54,691,12
2025-01-02,Email & CRM,Email - Lifecycle,1.54,563,11
2025-01-03,Email & CRM,Email - Lifecycle,1.54,354,12
2025-01-04,Email & CRM,Email - Lifecycle,1.11,445,9
2025-01-05,Email & CRM,Email - Lifecycle,1.11,426,8
2025-01-06,Email & CRM,Email - Lifecycle,1.54,369,12
2025-01-07,Email & CRM,Email - Lifecycle,1.54,797,11
2025-01-08,Email & CRM,Email - Lifecycle,1.54,548,13
2025-01-09,Email & CRM,Email - Lifecycle,1.54,719,12
2025-01-10,Email & CRM,Email - Lifecycle,1.54,691,12
2025-01-11,Email & CRM,Email - Lifecycle,1.11,370,9
2025-01-12,Email & CRM,Email - Lifecycle,1.11,464,9
2025-01-13,Email & CRM,Email - Lifecycle,1.54,920,13
2025-01-14,Email & CRM,Email - Lifecycle,1.54,421,13
2025-01-15,Email & CRM,Email - Lifecycle,1.54,391,12
2025-01-16,Email & CRM,Email - Lifecycle,1.54,679,13
2025-01-17,Email & CRM,Email - Lifecycle,1.54,533,12
2025-01-18,Email & CRM,Email - Lifecycle,1.11,433,8
2025-01-19,Email & CRM,Email - Lifecycle,1.11,347,9
2025-01-20,Email & CRM,Email - Lifecycle,1.54,819,13
2025-01-21,Email & CRM,Email - Lifecycle,1.54,749,13
2025-01-22,Email & CRM,Email - Lifecycle,1.54,646,13
2025-01-23,Email & CRM,Email - Lifecycle,1.54,818,12
2025-01-24,Email & CRM,Email - Lifecycle,1.54,346,11
2025-01-25,Email & CRM,Email - Lifecycle,1.11,531,9
2025-01-26,Email & CRM,Email - Lifecycle,1.11,345,8
2025-01-27,Email & CRM,Email - Lifecycle,1.54,481,14
2025-01-28,Email & CRM,Email - Lifecycle,1.54,733,13
2025-01-29,Email & CRM,Email - Lifecycle,1.54,903,13
2025-01-30,Email & CRM,Email - Lifecycle,1.54,498,13
2025-01-31,Email & CRM,Email - Lifecycle,1.54,846,13
2025-01-01,Email & CRM,Email - Winback,2.24,1164,19
2025-01-02,Email & CRM,Email - Winback,2.24,1228,19
2025-01-03,Email & CRM,Email - Winback,2.24,1044,18
2025-01-04,Email & CRM,Email - Winback,1.61,712,13
2025-01-05,Email & CRM,Email - Winback,1.61,559,12
2025-01-06,Email & CRM,Email - Winback,2.24,762,19
2025-01-07,Email & CRM,Email - Winback,2.24,1009,19
2025-01-08,Email & CRM,Email - Winback,2.24,696,17
2025-01-09,Email & CRM,Email - Winback,2.24,1232,18
2025-01-10,Email & CRM,Email - Winback,2.24,623,17
2025-01-11,Email & CRM,Email - Winback,1.61,682,13
2025-01-12,Email & CRM,Email - Winback,1.61,714,14
2025-01-13,Email & CRM,Email - Winback,2.24,1061,18
2025-01-14,Email & CRM,Email - Winback,2.24,1280,19
2025-01-15,Email & CRM,Email - Winback,2.24,665,18
2025-01-16,Email & CRM,Email - Winback,2.24,863,19
2025-01-17,Email & CRM,Email - Winback,2.24,996,17
2025-01-18,Email & CRM,Email - Winback,1.61,1007,14
2025-01-19,Email & CRM,Email - Winback,1.61,343,12
2025-01-20,Email & CRM,Email - Winback,2.24,864,19
2025-01-21,Email & CRM,Email - Winback,2.24,606,19
2025-01-22,Email & CRM,Email - Winback,2.24,661,17
2025-01-23,Email & CRM,Email - Winback,2.24,476,17
2025-01-24,Email & CRM,Email - Winback,2.24,976,18
2025-01-25,Email & CRM,Email - Winback,1.61,625,12
2025-01-26,Email & CRM,Email - Winback,1.61,580,13
2025-01-27,Email & CRM,Email - Winback,2.24,1148,17
2025-01-28,Email & CRM,Email - Winback,2.24,522,18
2025-01-29,Email & CRM,Email - Winback,2.24,1300,19
2025-01-30,Email & CRM,Email - Winback,2.24,1056,20
2025-01-31,Email & CRM,Email - Winback,2.24,737,17
2025-01-01,Marketplace,Marketplace - Sponsored Listings,27.14,1476,46
2025-01-02,Marketplace,Marketplace - Sponsored Listings,27.14,2155,53
2025-01-03,Marketplace,Marketplace - Sponsored Listings,27.14,2964,52
2025-01-04,Marketplace,Marketplace - Sponsored Listings,19.54,2254,32
2025-01-05,Marketplace,Marketplace - Sponsored Listings,19.54,1187,38
2025-01-06,Marketplace,Marketplace - Sponsored Listings,27.14,1949,47
2025-01-07,Marketplace,Marketplace - Sponsored Listings,27.14,2709,45
2025-01-08,Marketplace,Marketplace - Sponsored Listings,27.14,1633,46
2025-01-09,Marketplace,Marketplace - Sponsored Listings,27.14,2769,53
2025-01-10,Marketplace,Marketplace - Sponsored Listings,27.14,1522,46
2025-01-11,Marketplace,Marketplace - Sponsored Listings,19.54,1408,34
2025-01-12,Marketplace,Marketplace - Sponsored Listings,19.54,1223,37
2025-01-13,Marketplace,Marketplace - Sponsored Listings,27.14,2603,47
2025-01-14,Marketplace,Marketplace - Sponsored Listings,27.14,3037,47
2025-01-15,Marketplace,Marketplace - Sponsored Listings,27.14,3142,53
2025-01-16,Marketplace,Marketplace - Sponsored Listings,27.14,2762,47
2025-01-17,Marketplace,Marketplace - Sponsored Listings,27.14,3285,53
2025-01-18,Marketplace,Marketplace - Sponsored Listings,19.54,1309,38
2025-01-19,Marketplace,Marketplace - Sponsored Listings,19.54,1930,33
2025-01-20,Marketplace,Marketplace - Sponsored Listings,27.14,2353,53
2025-01-21,Marketplace,Marketplace - Sponsored Listings,27.14,2430,53
2025-01-22,Marketplace,Marketplace - Sponsored Listings,27.14,2254,54
2025-01-23,Marketplace,Marketplace - Sponsored Listings,27.14,2368,46
2025-01-24,Marketplace,Marketplace - Sponsored Listings,27.14,2925,54
2025-01-25,Marketplace,Marketplace - Sponsored Listings,19.54,1878,37
2025-01-26,Marketplace,Marketplace - Sponsored Listings,19.54,970,34
2025-01-27,Marketplace,Marketplace - Sponsored Listings,27.14,3824,52
2025-01-28,Marketplace,Marketplace - Sponsored Listings,27.14,2551,44
2025-01-29,Marketplace,Marketplace - Sponsored Listings,27.14,1470,49
2025-01-30,Marketplace,Marketplace - Sponsored Listings,27.14,2396,53
2025-01-31,Marketplace,Marketplace - Sponsored Listings,27.14,2708,47
2025-02-01,Organic Search,Organic - SEO Content,3.50,2398,67
2025-02-02,Organic Search,Organic - SEO Content,3.50,4937,74
2025-02-03,Organic Search,Organic - SEO Content,4.87,2883,88
2025-02-04,Organic Search,Organic - SEO Content,4.87,4751,91
2025-02-05,Organic Search,Organic - SEO Content,4.87,4571,89
2025-02-06,Organic Search,Organic - SEO Content,4.87,7273,99
2025-02-07,Organic Search,Organic - SEO Content,4.87,5125,88
2025-02-08,Organic Search,Organic - SEO Content,3.50,3675,70
2025-02-09,Organic Search,Organic - SEO Content,3.50,3925,67
2025-02-10,Organic Search,Organic - SEO Content,4.87,3420,96
2025-02-11,Organic Search,Organic - SEO Content,4.87,5796,89
2025-02-12,Organic Search,Organic - SEO Content,4.87,4920,95
2025-02-13,Organic Search,Organic - SEO Content,4.87,6241,94
2025-02-14,Organic Search,Organic - SEO Content,4.87,5268,99
2025-02-15,Organic Search,Organic - SEO Content,3.50,2263,74
2025-02-16,Organic Search,Organic - SEO Content,3.50,4062,72
2025-02-17,Organic Search,Organic - SEO Content,4.87,6684,94
2025-02-18,Organic Search,Organic - SEO Content,4.87,2998,102
2025-02-19,Organic Search,Organic - SEO Content,4.87,6780,104
2025-02-20,Organic Search,Organic - SEO Content,4.87,5898,103
2025-02-21,Organic Search,Organic - SEO Content,4.87,6253,90
2025-02-22,Organic Search,Organic - SEO Content,3.50,4767,75
2025-02-23,Organic Search,Organic - SEO Content,3.50,2293,72
2025-02-24,Organic Search,Organic - SEO Content,4.87,5419,98
2025-02-25,Organic Search,Organic - SEO Content,4.87,6491,95
2025-02-26,Organic Search,Organic - SEO Content,4.87,6127,89
2025-02-27,Organic Search,Organic - SEO Content,4.87,5113,106
2025-02-28,Organic Search,Organic - SEO Content,4.87,5075,90
2025-02-01,Paid Search,Paid - Brand,11.53,540,12
2025-02-02,Paid Search,Paid - Brand,11.53,408,11
2025-02-03,Paid Search,Paid - Brand,16.02,1249,18
2025-02-04,Paid Search,Paid - Brand,16.02,526,18
2025-02-05,Paid Search,Paid - Brand,16.02,619,17
2025-02-06,Paid Search,Paid - Brand,16.02,711,15
2025-02-07,Paid Search,Paid - Brand,16.02,909,17
2025-02-08,Paid Search,Paid - Brand,11.53,779,11
2025-02-09,Paid Search,Paid - Brand,11.53,675,12
2025-02-10,Paid Search,Paid - Brand,16.02,498,17
2025-02-11,Paid Search,Paid - Brand,16.02,795,15
2025-02-12,Paid Search,Paid - Brand,16.02,738,15
2025-02-13,Paid Search,Paid - Brand,16.02,994,16
2025-02-14,Paid Search,Paid - Brand,16.02,758,15
2025-02-15,Paid Search,Paid - Brand,11.53,381,12
2025-02-16,Paid Search,Paid - Brand,11.53,592,11
2025-02-17,Paid Search,Paid - Brand,16.02,572,16
2025-02-18,Paid Search,Paid - Brand,16.02,514,17
2025-02-19,Paid Search,Paid - Brand,16.02,882,18
2025-02-20,Paid Search,Paid - Brand,16.02,495,17
2025-02-21,Paid Search,Paid - Brand,16.02,1125,16
2025-02-22,Paid Search,Paid - Brand,11.53,384,11
2025-02-23,Paid Search,Paid - Brand,11.53,445,13
2025-02-24,Paid Search,Paid - Brand,16.02,1177,17
2025-02-25,Paid Search,Paid - Brand,16.02,523,16
2025-02-26,Paid Search,Paid - Brand,16.02,965,16
2025-02-27,Paid Search,Paid - Brand,16.02,549,18
2025-02-28,Paid Search,Paid - Brand,16.02,530,16
2025-02-01,Paid Search,Paid - Generic,16.22,809,15
2025-02-02,Paid Search,Paid - Generic,16.22,989,17
2025-02-03,Paid Search,Paid - Generic,22.52,711,24
2025-02-04,Paid Search,Paid - Generic,22.52,1358,26
2025-02-05,Paid Search,Paid - Generic,22.52,1406,22
2025-02-06,Paid Search,Paid - Generic,22.52,872,23
2025-02-07,Paid Search,Paid - Generic,22.52,619,22
2025-02-08,Paid Search,Paid - Generic,16.22,711,18
2025-02-09,Paid Search,Paid - Generic,16.22,1192,17
2025-02-10,Paid Search,Paid - Generic,22.52,1364,25
2025-02-11,Paid Search,Paid - Generic,22.52,1295,25
2025-02-12,Paid Search,Paid - Generic,22.52,784,22
2025-02-13,Paid Search,Paid - Generic,22.52,1615,25
2025-02-14,Paid Search,Paid - Generic,22.52,1517,21
2025-02-15,Paid Search,Paid - Generic,16.22,718,17
2025-02-16,Paid Search,Paid - Generic,16.22,807,16
2025-02-17,Paid Search,Paid - Generic,22.52,614,21
2025-02-18,Paid Search,Paid - Generic,22.52,1240,24
2025-02-19,Paid Search,Paid - Generic,22.52,735,21
2025-02-20,Paid Search,Paid - Generic,22.52,1177,21
2025-02-21,Paid Search,Paid - Generic,22.52,969,23
2025-02-22,Paid Search,Paid - Generic,16.22,841,16
2025-02-23,Paid Search,Paid - Generic,16.22,655,16
2025-02-24,Paid Search,Paid - Generic,22.52,1261,24
2025-02-25,Paid Search,Paid - Generic,22.52,1644,23
2025-02-26,Paid Search,Paid - Generic,22.52,1821,25
2025-02-27,Paid Search,Paid - Generic,22.52,1366,21
2025-02-28,Paid Search,Paid - Generic,22.52,1577,23
2025-02-01,Paid Search,Paid - Shopping,16.51,942,18
2025-02-02,Paid Search,Paid - Shopping,16.51,765,17
2025-02-03,Paid Search,Paid - Shopping,22.94,1304,25
2025-02-04,Paid Search,Paid - Shopping,22.94,1415,24
2025-02-05,Paid Search,Paid - Shopping,22.94,1090,22
2025-02-06,Paid Search,Paid - Shopping,22.94,674,23
2025-02-07,Paid Search,Paid - Shopping,22.94,1110,23
2025-02-08,Paid Search,Paid - Shopping,16.51,996,15
2025-02-09,Paid Search,Paid - Shopping,16.51,1075,17
2025-02-10,Paid Search,Paid - Shopping,22.94,1078,24
2025-02-11,Paid Search,Paid - Shopping,22.94,1481,26
2025-02-12,Paid Search,Paid - Shopping,22.94,1689,25
2025-02-13,Paid Search,Paid - Shopping,22.94,1758,24
2025-02-14,Paid Search,Paid - Shopping,22.94,1018,25
2025-02-15,Paid Search,Paid - Shopping,16.51,1204,17
2025-02-16,Paid Search,Paid - Shopping,16.51,1103,18
2025-02-17,Paid Search,Paid - Shopping,22.94,971,25
2025-02-18,Paid Search,Paid - Shopping,22.94,1412,21
2025-02-19,Paid Search,Paid - Shopping,22.94,699,24
2025-02-20,Paid Search,Paid - Shopping,22.94,1598,22
2025-02-21,Paid Search,Paid - Shopping,22.94,1559,25
2025-02-22,Paid Search,Paid - Shopping,16.51,975,18
2025-02-23,Paid Search,Paid - Shopping,16.51,1010,18
2025-02-24,Paid Search,Paid - Shopping,22.94,1476,24
2025-02-25,Paid Search,Paid - Shopping,22.94,1491,24
2025-02-26,Paid Search,Paid - Shopping,22.94,1549,23
2025-02-27,Paid Search,Paid - Shopping,22.94,893,25
2025-02-28,Paid Search,Paid - Shopping,22.94,1525,24
2025-02-01,Paid Social,Paid - Prospecting,22.69,3408,48
2025-02-02,Paid Social,Paid - Prospecting,22.69,2941,52
2025-02-03,Paid Social,Paid - Prospecting,31.51,3543,80
2025-02-04,Paid Social,Paid - Prospecting,31.51,4375,77
2025-02-05,Paid Social,Paid - Prospecting,31.51,2825,74
2025-02-06,Paid Social,Paid - Prospecting,31.51,2664,81
2025-02-07,Paid Social,Paid - Prospecting,31.51,2714,70
2025-02-08,Paid Social,Paid - Prospecting,22.69,2001,56
2025-02-09,Paid Social,Paid - Prospecting,22.69,2346,50
2025-02-10,Paid Social,Paid - Prospecting,31.51,5492,78
2025-02-11,Paid Social,Paid - Prospecting,31.51,2497,71
2025-02-12,Paid Social,Paid - Prospecting,31.51,2332,70
2025-02-13,Paid Social,Paid - Prospecting,31.51,2845,76
2025-02-14,Paid Social,Paid - Prospecting,31.51,3283,82
2025-02-15,Paid Social,Paid - Prospecting,22.69,2984,54
2025-02-16,Paid Social,Paid - Prospecting,22.69,3822,55
2025-02-17,Paid Social,Paid - Prospecting,31.51,3183,71
2025-02-18,Paid Social,Paid - Prospecting,31.51,2514,69
2025-02-19,Paid Social,Paid - Prospecting,31.51,3155,80
2025-02-20,Paid Social,Paid - Prospecting,31.51,2007,71
2025-02-21,Paid Social,Paid - Prospecting,31.51,3472,69
2025-02-22,Paid Social,Paid - Prospecting,22.69,2751,55
2025-02-23,Paid Social,Paid - Prospecting,22.69,2189,54
2025-02-24,Paid Social,Paid - Prospecting,31.51,5347,77
2025-02-25,Paid Social,Paid - Prospecting,31.51,4177,77
2025-02-26,Paid Social,Paid - Prospecting,31.51,4635,82
2025-02-27,Paid Social,Paid - Prospecting,31.51,4228,69
2025-02-28,Paid Social,Paid - Prospecting,31.51,4892,68
2025-02-01,Paid Social,Paid - Retargeting,18.20,3051,43
2025-02-02,Paid Social,Paid - Retargeting,18.20,1803,39
2025-02-03,Paid Social,Paid - Retargeting,25.27,2531,59
2025-02-04,Paid Social,Paid - Retargeting,25.27,3198,62
2025-02-05,Paid Social,Paid - Retargeting,25.27,2885,63
2025-02-06,Paid Social,Paid - Retargeting,25.27,3734,55
2025-02-07,Paid Social,Paid - Retargeting,25.27,4012,59
2025-02-08,Paid Social,Paid - Retargeting,18.20,2094,41
2025-02-09,Paid Social,Paid - Retargeting,18.20,3043,47
2025-02-10,Paid Social,Paid - Retargeting,25.27,1779,63
2025-02-11,Paid Social,Paid - Retargeting,25.27,4494,63
2025-02-12,Paid Social,Paid - Retargeting,25.27,1663,56
2025-02-13,Paid Social,Paid - Retargeting,25.27,3281,64
2025-02-14,Paid Social,Paid - Retargeting,25.27,3489,59
2025-02-15,Paid Social,Paid - Retargeting,18.20,1370,43
2025-02-16,Paid Social,Paid - Retargeting,18.20,2584,44
2025-02-17,Paid Social,Paid - Retargeting,25.27,3482,56
2025-02-18,Paid Social,Paid - Retargeting,25.27,3130,56
2025-02-19,Paid Social,Paid - Retargeting,25.27,2061,64
2025-02-20,Paid Social,Paid - Retargeting,25.27,2986,55
2025-02-21,Paid Social,Paid - Retargeting,25.27,4476,64
2025-02-22,Paid Social,Paid - Retargeting,18.20,3437,47
2025-02-23,Paid Social,Paid - Retargeting,18.20,1356,42
2025-02-24,Paid Social,Paid - Retargeting,25.27,2409,58
2025-02-25,Paid Social,Paid - Retargeting,25.27,2982,55
2025-02-26,Paid Social,Paid - Retargeting,25.27,3491,59
2025-02-27,Paid Social,Paid - Retargeting,25.27,3678,60
2025-02-28,Paid Social,Paid - Retargeting,25.27,2105,59
2025-02-01,Paid Social,Paid - Creator,13.88,1412,35
2025-02-02,Paid Social,Paid - Creator,13.88,1315,35
2025-02-03,Paid Social,Paid - Creator,19.27,2289,50
2025-02-04,Paid Social,Paid - Creator,19.27,2759,49
2025-02-05,Paid Social,Paid - Creator,19.27,2607,44
2025-02-06,Paid Social,Paid - Creator,19.27,2051,42
2025-02-07,Paid Social,Paid - Creator,19.27,2069,50
2025-02-08,Paid Social,Paid - Creator,13.88,1867,34
2025-02-09,Paid Social,Paid - Creator,13.88,1897,33
2025-02-10,Paid Social,Paid - Creator,19.27,1877,44
2025-02-11,Paid Social,Paid - Creator,19.27,2978,49
2025-02-12,Paid Social,Paid - Creator,19.27,3126,46
2025-02-13,Paid Social,Paid - Creator,19.27,2416,49
2025-02-14,Paid Social,Paid - Creator,19.27,1974,41
2025-02-15,Paid Social,Paid - Creator,13.88,1829,36
2025-02-16,Paid Social,Paid - Creator,13.88,1136,32
2025-02-17,Paid Social,Paid - Creator,19.27,2442,49
2025-02-18,Paid Social,Paid - Creator,19.27,2522,47
2025-02-19,Paid Social,Paid - Creator,19.27,1266,41
2025-02-20,Paid Social,Paid - Creator,19.27,1773,43
2025-02-21,Paid Social,Paid - Creator,19.27,1313,42
2025-02-22,Paid Social,Paid - Creator,13.88,1294,35
2025-02-23,Paid Social,Paid - Creator,13.88,2217,30
2025-02-24,Paid Social,Paid - Creator,19.27,1534,50
2025-02-25,Paid Social,Paid - Creator,19.27,2094,41
2025-02-26,Paid Social,Paid - Creator,19.27,1698,45
2025-02-27,Paid Social,Paid - Creator,19.27,2948,46
2025-02-28,Paid Social,Paid - Creator,19.27,3118,43
2025-02-01,Affiliate,Affiliate - Cashback,7.33,490,9
2025-02-02,Affiliate,Affiliate - Cashback,7.33,576,10
2025-02-03,Affiliate,Affiliate - Cashback,10.18,729,15
2025-02-04,Affiliate,Affiliate - Cashback,10.18,504,14
2025-02-05,Affiliate,Affiliate - Cashback,10.18,1074,15
2025-02-06,Affiliate,Affiliate - Cashback,10.18,664,13
2025-02-07,Affiliate,Affiliate - Cashback,10.18,717,16
2025-02-08,Affiliate,Affiliate - Cashback,7.33,548,10
2025-02-09,Affiliate,Affiliate - Cashback,7.33,328,10
2025-02-10,Affiliate,Affiliate - Cashback,10.18,650,13
2025-02-11,Affiliate,Affiliate - Cashback,10.18,398,13
2025-02-12,Affiliate,Affiliate - Cashback,10.18,1019,15
2025-02-13,Affiliate,Affiliate - Cashback,10.18,933,13
2025-02-14,Affiliate,Affiliate - Cashback,10.18,697,13
2025-02-15,Affiliate,Affiliate - Cashback,7.33,671,10
2025-02-16,Affiliate,Affiliate - Cashback,7.33,347,9
2025-02-17,Affiliate,Affiliate - Cashback,10.18,662,15
2025-02-18,Affiliate,Affiliate - Cashback,10.18,1069,16
2025-02-19,Affiliate,Affiliate - Cashback,10.18,398,13
2025-02-20,Affiliate,Affiliate - Cashback,10.18,987,15
2025-02-21,Affiliate,Affiliate - Cashback,10.18,948,15
2025-02-22,Affiliate,Affiliate - Cashback,7.33,525,9
2025-02-23,Affiliate,Affiliate - Cashback,7.33,364,11
2025-02-24,Affiliate,Affiliate - Cashback,10.18,395,14
2025-02-25,Affiliate,Affiliate - Cashback,10.18,1006,15
2025-02-26,Affiliate,Affiliate - Cashback,10.18,801,15
2025-02-27,Affiliate,Affiliate - Cashback,10.18,799,14
2025-02-28,Affiliate,Affiliate - Cashback,10.18,1046,15
2025-02-01,Affiliate,Affiliate - Content,10.93,501,16
2025-02-02,Affiliate,Affiliate - Content,10.93,589,17
2025-02-03,Affiliate,Affiliate - Content,15.17,1670,24
2025-02-04,Affiliate,Affiliate - Content,15.17,1074,22
2025-02-05,Affiliate,Affiliate - Content,15.17,637,20
2025-02-06,Affiliate,Affiliate - Content,15.17,860,24
2025-02-07,Affiliate,Affiliate - Content,15.17,1668,24
2025-02-08,Affiliate,Affiliate - Content,10.93,717,15
2025-02-09,Affiliate,Affiliate - Content,10.93,770,17
2025-02-10,Affiliate,Affiliate - Content,15.17,1110,21
2025-02-11,Affiliate,Affiliate - Content,15.17,697,23
2025-02-12,Affiliate,Affiliate - Content,15.17,1428,23
2025-02-13,Affiliate,Affiliate - Content,15.17,630,21
2025-02-14,Affiliate,Affiliate - Content,15.17,1612,23
2025-02-15,Affiliate,Affiliate - Content,10.93,948,15
2025-02-16,Affiliate,Affiliate - Content,10.93,1125,16
2025-02-17,Affiliate,Affiliate - Content,15.17,643,21
2025-02-18,Affiliate,Affiliate - Content,15.17,1394,20
2025-02-19,Affiliate,Affiliate - Content,15.17,796,24
2025-02-20,Affiliate,Affiliate - Content,15.17,1349,22
2025-02-21,Affiliate,Affiliate - Content,15.17,1615,23
2025-02-22,Affiliate,Affiliate - Content,10.93,652,17
2025-02-23,Affiliate,Affiliate - Content,10.93,988,16
2025-02-24,Affiliate,Affiliate - Content,15.17,1403,22
2025-02-25,Affiliate,Affiliate - Content,15.17,1456,21
2025-02-26,Affiliate,Affiliate - Content,15.17,894,23
2025-02-27,Affiliate,Affiliate - Content,15.17,1270,23
2025-02-28,Affiliate,Affiliate - Content,15.17,1171,23
2025-02-01,Affiliate,Affiliate - Voucher,5.87,499,9
2025-02-02,Affiliate,Affiliate - Voucher,5.87,307,8
2025-02-03,Affiliate,Affiliate - Voucher,8.15,484,11
2025-02-04,Affiliate,Affiliate - Voucher,8.15,662,12
2025-02-05,Affiliate,Affiliate - Voucher,8.15,651,12
2025-02-06,Affiliate,Affiliate - Voucher,8.15,445,11
2025-02-07,Affiliate,Affiliate - Voucher,8.15,429,12
2025-02-08,Affiliate,Affiliate - Voucher,5.87,553,9
2025-02-09,Affiliate,Affiliate - Voucher,5.87,591,8
2025-02-10,Affiliate,Affiliate - Voucher,8.15,645,11
2025-02-11,Affiliate,Affiliate - Voucher,8.15,638,11
2025-02-12,Affiliate,Affiliate - Voucher,8.15,750,12
2025-02-13,Affiliate,Affiliate - Voucher,8.15,668,11
2025-02-14,Affiliate,Affiliate - Voucher,8.15,364,11
2025-02-15,Affiliate,Affiliate - Voucher,5.87,467,7
2025-02-16,Affiliate,Affiliate - Voucher,5.87,495,7
2025-02-17,Affiliate,Affiliate - Voucher,8.15,577,10
2025-02-18,Affiliate,Affiliate - Voucher,8.15,686,13
2025-02-19,Affiliate,Affiliate - Voucher,8.15,463,12
2025-02-20,Affiliate,Affiliate - Voucher,8.15,573,12
2025-02-21,Affiliate,Affiliate - Voucher,8.15,700,10
2025-02-22,Affiliate,Affiliate - Voucher,5.87,397,9
2025-02-23,Affiliate,Affiliate - Voucher,5.87,412,7
2025-02-24,Affiliate,Affiliate - Voucher,8.15,690,12
2025-02-25,Affiliate,Affiliate - Voucher,8.15,772,11
2025-02-26,Affiliate,Affiliate - Voucher,8.15,530,12
2025-02-27,Affiliate,Affiliate - Voucher,8.15,518,11
2025-02-28,Affiliate,Affiliate - Voucher,8.15,694,13
2025-02-01,Email & CRM,Email - Lifecycle,1.51,657,11
2025-02-02,Email & CRM,Email - Lifecycle,1.51,421,12
2025-02-03,Email & CRM,Email - Lifecycle,2.10,1201,18
2025-02-04,Email & CRM,Email - Lifecycle,2.10,624,18
2025-02-05,Email & CRM,Email - Lifecycle,2.10,840,18
2025-02-06,Email & CRM,Email - Lifecycle,2.10,1133,16
2025-02-07,Email & CRM,Email - Lifecycle,2.10,534,16
2025-02-08,Email & CRM,Email - Lifecycle,1.51,592,13
2025-02-09,Email & CRM,Email - Lifecycle,1.51,845,12
2025-02-10,Email & CRM,Email - Lifecycle,2.10,733,16
2025-02-11,Email & CRM,Email - Lifecycle,2.10,1272,18
2025-02-12,Email & CRM,Email - Lifecycle,2.10,1093,18
2025-02-13,Email & CRM,Email - Lifecycle,2.10,477,17
2025-02-14,Email & CRM,Email - Lifecycle,2.10,747,18
2025-02-15,Email & CRM,Email - Lifecycle,1.51,497,12
2025-02-16,Email & CRM,Email - Lifecycle,1.51,590,12
2025-02-17,Email & CRM,Email - Lifecycle,2.10,1099,16
2025-02-18,Email & CRM,Email - Lifecycle,2.10,653,16
2025-02-19,Email & CRM,Email - Lifecycle,2.10,1003,16
2025-02-20,Email & CRM,Email - Lifecycle,2.10,1020,17
2025-02-21,Email & CRM,Email - Lifecycle,2.10,903,16
2025-02-22,Email & CRM,Email - Lifecycle,1.51,676,13
2025-02-23,Email & CRM,Email - Lifecycle,1.51,560,12
2025-02-24,Email & CRM,Email - Lifecycle,2.10,843,16
2025-02-25,Email & CRM,Email - Lifecycle,2.10,816,17
2025-02-26,Email & CRM,Email - Lifecycle,2.10,715,17
2025-02-27,Email & CRM,Email - Lifecycle,2.10,682,17
2025-02-28,Email & CRM,Email - Lifecycle,2.10,694,18
2025-02-01,Email & CRM,Email - Winback,2.19,1127,16
2025-02-02,Email & CRM,Email - Winback,2.19,704,19
2025-02-03,Email & CRM,Email - Winback,3.04,1125,26
2025-02-04,Email & CRM,Email - Winback,3.04,1582,25
2025-02-05,Email & CRM,Email - Winback,3.04,1553,23
2025-02-06,Email & CRM,Email - Winback,3.04,907,27
2025-02-07,Email & CRM,Email - Winback,3.04,1651,24
2025-02-08,Email & CRM,Email - Winback,2.19,576,16
2025-02-09,Email & CRM,Email - Winback,2.19,1043,17
2025-02-10,Email & CRM,Email - Winback,3.04,1642,26
2025-02-11,Email & CRM,Email - Winback,3.04,1307,27
2025-02-12,Email & CRM,Email - Winback,3.04,746,24
2025-02-13,Email & CRM,Email - Winback,3.04,1151,27
2025-02-14,Email & CRM,Email - Winback,3.04,1536,26
2025-02-15,Email & CRM,Email - Winback,2.19,755,17
2025-02-16,Email & CRM,Email - Winback,2.19,533,19
2025-02-17,Email & CRM,Email - Winback,3.04,1360,23
2025-02-18,Email & CRM,Email - Winback,3.04,963,27
2025-02-19,Email & CRM,Email - Winback,3.04,999,24
2025-02-20,Email & CRM,Email - Winback,3.04,944,25
2025-02-21,Email & CRM,Email - Winback,3.04,791,26
2025-02-22,Email & CRM,Email - Winback,2.19,537,17
2025-02-23,Email & CRM,Email - Winback,2.19,1154,18
2025-02-24,Email & CRM,Email - Winback,3.04,717,23
2025-02-25,Email & CRM,Email - Winback,3.04,1648,24
2025-02-26,Email & CRM,Email - Winback,3.04,1676,23
2025-02-27,Email & CRM,Email - Winback,3.04,1504,25
2025-02-28,Email & CRM,Email - Winback,3.04,1544,27
2025-02-01,Marketplace,Marketplace - Sponsored Listings,16.33,1384,30
2025-02-02,Marketplace,Marketplace - Sponsored Listings,16.33,1173,28
2025-02-03,Marketplace,Marketplace - Sponsored Listings,22.68,3081,44
2025-02-04,Marketplace,Marketplace - Sponsored Listings,22.68,1285,38
2025-02-05,Marketplace,Marketplace - Sponsored Listings,22.68,2819,41
2025-02-06,Marketplace,Marketplace - Sponsored Listings,22.68,1827,43
2025-02-07,Marketplace,Marketplace - Sponsored Listings,22.68,1601,44
2025-02-08,Marketplace,Marketplace - Sponsored Listings,16.33,1745,30
2025-02-09,Marketplace,Marketplace - Sponsored Listings,16.33,1903,29
2025-02-10,Marketplace,Marketplace - Sponsored Listings,22.68,2568,42
2025-02-11,Marketplace,Marketplace - Sponsored Listings,22.68,1490,43
2025-02-12,Marketplace,Marketplace - Sponsored Listings,22.68,2795,43
2025-02-13,Marketplace,Marketplace - Sponsored Listings,22.68,2589,43
2025-02-14,Marketplace,Marketplace - Sponsored Listings,22.68,1937,37
2025-02-15,Marketplace,Marketplace - Sponsored Listings,16.33,1754,28
2025-02-16,Marketplace,Marketplace - Sponsored Listings,16.33,1420,26
2025-02-17,Marketplace,Marketplace - Sponsored Listings,22.68,1290,41
2025-02-18,Marketplace,Marketplace - Sponsored Listings,22.68,1993,38
2025-02-19,Marketplace,Marketplace - Sponsored Listings,22.68,2335,38
2025-02-20,Marketplace,Marketplace - Sponsored Listings,22.68,2458,38
2025-02-21,Marketplace,Marketplace - Sponsored Listings,22.68,3028,43
2025-02-22,Marketplace,Marketplace - Sponsored Listings,16.33,1781,28
2025-02-23,Marketplace,Marketplace - Sponsored Listings,16.33,1744,32
2025-02-24,Marketplace,Marketplace - Sponsored Listings,22.68,1633,39
2025-02-25,Marketplace,Marketplace - Sponsored Listings,22.68,1889,43
2025-02-26,Marketplace,Marketplace - Sponsored Listings,22.68,2916,40
2025-02-27,Marketplace,Marketplace - Sponsored Listings,22.68,1710,41
2025-02-28,Marketplace,Marketplace - Sponsored Listings,22.68,1896,45
2025-03-01,Organic Search,Organic - SEO Content,6.09,9739,132
2025-03-02,Organic Search,Organic - SEO Content,6.09,7915,112
2025-03-03,Organic Search,Organic - SEO Content,8.46,6309,179
2025-03-04,Organic Search,Organic - SEO Content,8.46,6426,155
2025-03-05,Organic Search,Organic - SEO Content,8.46,6967,177
2025-03-06,Organic Search,Organic - SEO Content,8.46,9107,181
2025-03-07,Organic Search,Organic - SEO Content,8.46,12651,175
2025-03-08,Organic Search,Organic - SEO Content,6.09,8107,130
2025-03-09,Organic Search,Organic - SEO Content,6.09,4295,121
2025-03-10,Organic Search,Organic - SEO Content,8.46,11713,169
2025-03-11,Organic Search,Organic - SEO Content,8.46,12511,181
2025-03-12,Organic Search,Organic - SEO Content,8.46,10221,172
2025-03-13,Organic Search,Organic - SEO Content,8.46,11719,177
2025-03-14,Organic Search,Organic - SEO Content,8.46,11766,173
2025-03-15,Organic Search,Organic - SEO Content,6.09,6941,122
2025-03-16,Organic Search,Organic - SEO Content,6.09,5475,111
2025-03-17,Organic Search,Organic - SEO Content,8.46,10017,153
2025-03-18,Organic Search,Organic - SEO Content,8.46,10659,178
2025-03-19,Organic Search,Organic - SEO Content,8.46,4988,170
2025-03-20,Organic Search,Organic - SEO Content,8.46,8479,161
2025-03-21,Organic Search,Organic - SEO Content,8.46,8372,167
2025-03-22,Organic Search,Organic - SEO Content,6.09,8789,122
2025-03-23,Organic Search,Organic - SEO Content,6.09,7095,125
2025-03-24,Organic Search,Organic - SEO Content,8.46,7293,159
2025-03-25,Organic Search,Organic - SEO Content,8.46,7975,169
2025-03-26,Organic Search,Organic - SEO Content,8.46,11474,177
2025-03-27,Organic Search,Organic - SEO Content,8.46,6582,156
2025-03-28,Organic Search,Organic - SEO Content,8.46,8213,174
2025-03-29,Organic Search,Organic - SEO Content,6.09,4081,109
2025-03-30,Organic Search,Organic - SEO Content,6.09,5220,112
2025-03-31,Organic Search,Organic - SEO Content,8.46,6758,157
2025-03-01,Paid Search,Paid - Brand,19.12,1181,22
2025-03-02,Paid Search,Paid - Brand,19.12,1016,18
2025-03-03,Paid Search,Paid - Brand,26.55,1591,26
2025-03-04,Paid Search,Paid - Brand,26.55,1685,27
2025-03-05,Paid Search,Paid - Brand,26.55,1278,26
2025-03-06,Paid Search,Paid - Brand,26.55,837,25
2025-03-07,Paid Search,Paid - Brand,26.55,769,27
2025-03-08,Paid Search,Paid - Brand,19.12,627,19
2025-03-09,Paid Search,Paid - Brand,19.12,940,18
2025-03-10,Paid Search,Paid - Brand,26.55,1167,30
2025-03-11,Paid Search,Paid - Brand,26.55,1651,30
2025-03-12,Paid Search,Paid - Brand,26.55,1518,29
2025-03-13,Paid Search,Paid - Brand,26.55,796,27
2025-03-14,Paid Search,Paid - Brand,26.55,1213,28
2025-03-15,Paid Search,Paid - Brand,19.12,1177,18
2025-03-16,Paid Search,Paid - Brand,19.12,1385,19
2025-03-17,Paid Search,Paid - Brand,26.55,1802,25
2025-03-18,Paid Search,Paid - Brand,26.55,1258,25
2025-03-19,Paid Search,Paid - Brand,26.55,2014,29
2025-03-20,Paid Search,Paid - Brand,26.55,805,25
2025-03-21,Paid Search,Paid - Brand,26.55,1240,27
2025-03-22,Paid Search,Paid - Brand,19.12,1055,18
2025-03-23,Paid Search,Paid - Brand,19.12,1101,20
2025-03-24,Paid Search,Paid - Brand,26.55,1129,25
2025-03-25,Paid Search,Paid - Brand,26.55,1875,28
2025-03-26,Paid Search,Paid - Brand,26.55,1582,26
2025-03-27,Paid Search,Paid - Brand,26.55,1661,29
2025-03-28,Paid Search,Paid - Brand,26.55,1841,27
2025-03-29,Paid Search,Paid - Brand,19.12,1094,20
2025-03-30,Paid Search,Paid - Brand,19.12,1034,20
2025-03-31,Paid Search,Paid - Brand,26.55,1377,27
2025-03-01,Paid Search,Paid - Generic,17.31,725,17
2025-03-02,Paid Search,Paid - Generic,17.31,512,17
2025-03-03,Paid Search,Paid - Generic,24.04,1143,24
2025-03-04,Paid Search,Paid - Generic,24.04,985,26
2025-03-05,Paid Search,Paid - Generic,24.04,677,24
2025-03-06,Paid Search,Paid - Generic,24.04,1091,23
2025-03-07,Paid Search,Paid - Generic,24.04,1552,23
2025-03-08,Paid Search,Paid - Generic,17.31,563,16
2025-03-09,Paid Search,Paid - Generic,17.31,1354,19
2025-03-10,Paid Search,Paid - Generic,24.04,1091,24
2025-03-11,Paid Search,Paid - Generic,24.04,673,24
2025-03-12,Paid Search,Paid - Generic,24.04,1098,25
2025-03-13,Paid Search,Paid - Generic,24.04,770,23
2025-03-14,Paid Search,Paid - Generic,24.04,740,26
2025-03-15,Paid Search,Paid - Generic,17.31,934,16
2025-03-16,Paid Search,Paid - Generic,17.31,945,19
2025-03-17,Paid Search,Paid - Generic,24.04,1244,23
2025-03-18,Paid Search,Paid - Generic,24.04,771,23
2025-03-19,Paid Search,Paid - Generic,24.04,933,26
2025-03-20,Paid Search,Paid - Generic,24.04,1110,26
2025-03-21,Paid Search,Paid - Generic,24.04,1121,24
2025-03-22,Paid Search,Paid - Generic,17.31,656,18
2025-03-23,Paid Search,Paid - Generic,17.31,1018,17
2025-03-24,Paid Search,Paid - Generic,24.04,1065,26
2025-03-25,Paid Search,Paid - Generic,24.04,1077,26
2025-03-26,Paid Search,Paid - Generic,24.04,1670,25
2025-03-27,Paid Search,Paid - Generic,24.04,1691,27
2025-03-28,Paid Search,Paid - Generic,24.04,1789,27
2025-03-29,Paid Search,Paid - Generic,17.31,823,18
2025-03-30,Paid Search,Paid - Generic,17.31,589,18
2025-03-31,Paid Search,Paid - Generic,24.04,741,25
2025-03-01,Paid Search,Paid - Shopping,17.16,1032,19
2025-03-02,Paid Search,Paid - Shopping,17.16,1080,18
2025-03-03,Paid Search,Paid - Shopping,23.84,1215,25
2025-03-04,Paid Search,Paid - Shopping,23.84,1222,23
2025-03-05,Paid Search,Paid - Shopping,23.84,1819,25
2025-03-06,Paid Search,Paid - Shopping,23.84,1577,24
2025-03-07,Paid Search,Paid - Shopping,23.84,755,25
2025-03-08,Paid Search,Paid - Shopping,17.16,597,19
2025-03-09,Paid Search,Paid - Shopping,17.16,1091,18
2025-03-10,Paid Search,Paid - Shopping,23.84,1661,27
2025-03-11,Paid Search,Paid - Shopping,23.84,1070,26
2025-03-12,Paid Search,Paid - Shopping,23.84,1061,25
2025-03-13,Paid Search,Paid - Shopping,23.84,1672,26
2025-03-14,Paid Search,Paid - Shopping,23.84,979,23
2025-03-15,Paid Search,Paid - Shopping,17.16,832,17
2025-03-16,Paid Search,Paid - Shopping,17.16,654,18
2025-03-17,Paid Search,Paid - Shopping,23.84,1811,25
2025-03-18,Paid Search,Paid - Shopping,23.84,1519,23
2025-03-19,Paid Search,Paid - Shopping,23.84,903,23
2025-03-20,Paid Search,Paid - Shopping,23.84,967,26
2025-03-21,Paid Search,Paid - Shopping,23.84,819,22
2025-03-22,Paid Search,Paid - Shopping,17.16,908,16
2025-03-23,Paid Search,Paid - Shopping,17.16,511,17
2025-03-24,Paid Search,Paid - Shopping,23.84,950,23
2025-03-25,Paid Search,Paid - Shopping,23.84,1668,24
2025-03-26,Paid Search,Paid - Shopping,23.84,1689,26
2025-03-27,Paid Search,Paid - Shopping,23.84,1323,23
2025-03-28,Paid Search,Paid - Shopping,23.84,915,22
2025-03-29,Paid Search,Paid - Shopping,17.16,1238,18
2025-03-30,Paid Search,Paid - Shopping,17.16,757,16
2025-03-31,Paid Search,Paid - Shopping,23.84,851,22
2025-03-01,Paid Social,Paid - Prospecting,24.85,1818,57
2025-03-02,Paid Social,Paid - Prospecting,24.85,3653,55
2025-03-03,Paid Social,Paid - Prospecting,34.52,5750,79
2025-03-04,Paid Social,Paid - Prospecting,34.52,2935,79
2025-03-05,Paid Social,Paid - Prospecting,34.52,2902,82
2025-03-06,Paid Social,Paid - Prospecting,34.52,5867,83
2025-03-07,Paid Social,Paid - Prospecting,34.52,2773,83
2025-03-08,Paid Social,Paid - Prospecting,24.85,2209,64
2025-03-09,Paid Social,Paid - Prospecting,24.85,2833,61
2025-03-10,Paid Social,Paid - Prospecting,34.52,5744,85
2025-03-11,Paid Social,Paid - Prospecting,34.52,2884,86
2025-03-12,Paid Social,Paid - Prospecting,34.52,2352,82
2025-03-13,Paid Social,Paid - Prospecting,34.52,5070,80
2025-03-14,Paid Social,Paid - Prospecting,34.52,4605,82
2025-03-15,Paid Social,Paid - Prospecting,24.85,4390,63
2025-03-16,Paid Social,Paid - Prospecting,24.85,3719,56
2025-03-17,Paid Social,Paid - Prospecting,34.52,3635,82
2025-03-18,Paid Social,Paid - Prospecting,34.52,4936,87
2025-03-19,Paid Social,Paid - Prospecting,34.52,3344,74
2025-03-20,Paid Social,Paid - Prospecting,34.52,4832,85
2025-03-21,Paid Social,Paid - Prospecting,34.52,2892,80
2025-03-22,Paid Social,Paid - Prospecting,24.85,1716,57
2025-03-23,Paid Social,Paid - Prospecting,24.85,1925,55
2025-03-24,Paid Social,Paid - Prospecting,34.52,3756,76
2025-03-25,Paid Social,Paid - Prospecting,34.52,4891,86
2025-03-26,Paid Social,Paid - Prospecting,34.52,4561,89
2025-03-27,Paid Social,Paid - Prospecting,34.52,5238,82
2025-03-28,Paid Social,Paid - Prospecting,34.52,5724,87
2025-03-29,Paid Social,Paid - Prospecting,24.85,3578,57
2025-03-30,Paid Social,Paid - Prospecting,24.85,3399,64
2025-03-31,Paid Social,Paid - Prospecting,34.52,4787,82
2025-03-01,Paid Social,Paid - Retargeting,22.16,3877,53
2025-03-02,Paid Social,Paid - Retargeting,22.16,1773,50
2025-03-03,Paid Social,Paid - Retargeting,30.77,4099,66
2025-03-04,Paid Social,Paid - Retargeting,30.77,4151,72
2025-03-05,Paid Social,Paid - Retargeting,30.77,4388,79
2025-03-06,Paid Social,Paid - Retargeting,30.77,3681,67
2025-03-07,Paid Social,Paid - Retargeting,30.77,4031,68
2025-03-08,Paid Social,Paid - Retargeting,22.16,1806,53
2025-03-09,Paid Social,Paid - Retargeting,22.16,2796,57
2025-03-10,Paid Social,Paid - Retargeting,30.77,2900,70
2025-03-11,Paid Social,Paid - Retargeting,30.77,4574,71
2025-03-12,Paid Social,Paid - Retargeting,30.77,3124,73
2025-03-13,Paid Social,Paid - Retargeting,30.77,2753,70
2025-03-14,Paid Social,Paid - Retargeting,30.77,1868,66
2025-03-15,Paid Social,Paid - Retargeting,22.16,2767,54
2025-03-16,Paid Social,Paid - Retargeting,22.16,1875,52
2025-03-17,Paid Social,Paid - Retargeting,30.77,3919,79
2025-03-18,Paid Social,Paid - Retargeting,30.77,3575,66
2025-03-19,Paid Social,Paid - Retargeting,30.77,4281,71
2025-03-20,Paid Social,Paid - Retargeting,30.77,5071,71
2025-03-21,Paid Social,Paid - Retargeting,30.77,4173,75
2025-03-22,Paid Social,Paid - Retargeting,22.16,2714,55
2025-03-23,Paid Social,Paid - Retargeting,22.16,3930,54
2025-03-24,Paid Social,Paid - Retargeting,30.77,4781,67
2025-03-25,Paid Social,Paid - Retargeting,30.77,4256,66
2025-03-26,Paid Social,Paid - Retargeting,30.77,3460,68
2025-03-27,Paid Social,Paid - Retargeting,30.77,3458,74
2025-03-28,Paid Social,Paid - Retargeting,30.77,2047,68
2025-03-29,Paid Social,Paid - Retargeting,22.16,1455,51
2025-03-30,Paid Social,Paid - Retargeting,22.16,3202,54
2025-03-31,Paid Social,Paid - Retargeting,30.77,2946,69
2025-03-01,Paid Social,Paid - Creator,24.97,4137,59
2025-03-02,Paid Social,Paid - Creator,24.97,2293,61
2025-03-03,Paid Social,Paid - Creator,34.69,2685,77
2025-03-04,Paid Social,Paid - Creator,34.69,2381,85
2025-03-05,Paid Social,Paid - Creator,34.69,4651,85
2025-03-06,Paid Social,Paid - Creator,34.69,2429,80
2025-03-07,Paid Social,Paid - Creator,34.69,4365,75
2025-03-08,Paid Social,Paid - Creator,24.97,4172,62
2025-03-09,Paid Social,Paid - Creator,24.97,4075,57
2025-03-10,Paid Social,Paid - Creator,34.69,2629,88
2025-03-11,Paid Social,Paid - Creator,34.69,3129,76
2025-03-12,Paid Social,Paid - Creator,34.69,3468,83
2025-03-13,Paid Social,Paid - Creator,34.69,4397,80
2025-03-14,Paid Social,Paid - Creator,34.69,4678,76
2025-03-15,Paid Social,Paid - Creator,24.97,1994,59
2025-03-16,Paid Social,Paid - Creator,24.97,2255,60
2025-03-17,Paid Social,Paid - Creator,34.69,6418,89
2025-03-18,Paid Social,Paid - Creator,34.69,5765,85
2025-03-19,Paid Social,Paid - Creator,34.69,6016,83
2025-03-20,Paid Social,Paid - Creator,34.69,3458,88
2025-03-21,Paid Social,Paid - Creator,34.69,2658,83
2025-03-22,Paid Social,Paid - Creator,24.97,2050,57
2025-03-23,Paid Social,Paid - Creator,24.97,2350,54
2025-03-24,Paid Social,Paid - Creator,34.69,5196,79
2025-03-25,Paid Social,Paid - Creator,34.69,2910,75
2025-03-26,Paid Social,Paid - Creator,34.69,3220,81
2025-03-27,Paid Social,Paid - Creator,34.69,2787,79
2025-03-28,Paid Social,Paid - Creator,34.69,4531,74
2025-03-29,Paid Social,Paid - Creator,24.97,2058,54
2025-03-30,Paid Social,Paid - Creator,24.97,3132,55
2025-03-31,Paid Social,Paid - Creator,34.69,3659,84
2025-03-01,Affiliate,Affiliate - Cashback,8.28,730,12
2025-03-02,Affiliate,Affiliate - Cashback,8.28,493,12
2025-03-03,Affiliate,Affiliate - Cashback,11.50,956,18
2025-03-04,Affiliate,Affiliate - Cashback,11.50,509,15
2025-03-05,Affiliate,Affiliate - Cashback,11.50,1112,18
2025-03-06,Affiliate,Affiliate - Cashback,11.50,605,16
2025-03-07,Affiliate,Affiliate - Cashback,11.50,1077,15
2025-03-08,Affiliate,Affiliate - Cashback,8.28,442,12
2025-03-09,Affiliate,Affiliate - Cashback,8.28,708,12
2025-03-10,Affiliate,Affiliate - Cashback,11.50,527,16
2025-03-11,Affiliate,Affiliate - Cashback,11.50,1082,16
2025-03-12,Affiliate,Affiliate - Cashback,11.50,660,16
2025-03-13,Affiliate,Affiliate - Cashback,11.50,813,17
2025-03-14,Affiliate,Affiliate - Cashback,11.50,1100,17
2025-03-15,Affiliate,Affiliate - Cashback,8.28,751,13
2025-03-16,Affiliate,Affiliate - Cashback,8.28,784,12
2025-03-17,Affiliate,Affiliate - Cashback,11.50,833,15
2025-03-18,Affiliate,Affiliate - Cashback,11.50,869,17
2025-03-19,Affiliate,Affiliate - Cashback,11.50,970,17
2025-03-20,Affiliate,Affiliate - Cashback,11.50,488,16
2025-03-21,Affiliate,Affiliate - Cashback,11.50,1148,17
2025-03-22,Affiliate,Affiliate - Cashback,8.28,839,12
2025-03-23,Affiliate,Affiliate - Cashback,8.28,801,13
2025-03-24,Affiliate,Affiliate - Cashback,11.50,442,15
2025-03-25,Affiliate,Affiliate - Cashback,11.50,1238,17
2025-03-26,Affiliate,Affiliate - Cashback,11.50,428,15
2025-03-27,Affiliate,Affiliate - Cashback,11.50,482,17
2025-03-28,Affiliate,Affiliate - Cashback,11.50,1026,17
2025-03-29,Affiliate,Affiliate - Cashback,8.28,478,12
2025-03-30,Affiliate,Affiliate - Cashback,8.28,863,12
2025-03-31,Affiliate,Affiliate - Cashback,11.50,1029,17
2025-03-01,Affiliate,Affiliate - Content,8.27,791,11
2025-03-02,Affiliate,Affiliate - Content,8.27,692,11
2025-03-03,Affiliate,Affiliate - Content,11.49,838,18
2025-03-04,Affiliate,Affiliate - Content,11.49,851,15
2025-03-05,Affiliate,Affiliate - Content,11.49,637,16
2025-03-06,Affiliate,Affiliate - Content,11.49,561,15
2025-03-07,Affiliate,Affiliate - Content,11.49,935,16
2025-03-08,Affiliate,Affiliate - Content,8.27,440,11
2025-03-09,Affiliate,Affiliate - Content,8.27,892,13
2025-03-10,Affiliate,Affiliate - Content,11.49,744,15
2025-03-11,Affiliate,Affiliate - Content,11.49,699,18
2025-03-12,Affiliate,Affiliate - Content,11.49,579,15
2025-03-13,Affiliate,Affiliate - Content,11.49,1171,17
2025-03-14,Affiliate,Affiliate - Content,11.49,961,16
2025-03-15,Affiliate,Affiliate - Content,8.27,533,13
2025-03-16,Affiliate,Affiliate - Content,8.27,386,11
2025-03-17,Affiliate,Affiliate - Content,11.49,1322,18
2025-03-18,Affiliate,Affiliate - Content,11.49,719,16
2025-03-19,Affiliate,Affiliate - Content,11.49,823,16
2025-03-20,Affiliate,Affiliate - Content,11.49,875,18
2025-03-21,Affiliate,Affiliate - Content,11.49,1022,17
2025-03-22,Affiliate,Affiliate - Content,8.27,444,12
2025-03-23,Affiliate,Affiliate - Content,8.27,581,12
2025-03-24,Affiliate,Affiliate - Content,11.49,1029,18
2025-03-25,Affiliate,Affiliate - Content,11.49,698,18
2025-03-26,Affiliate,Affiliate - Content,11.49,1142,17
2025-03-27,Affiliate,Affiliate - Content,11.49,825,18
2025-03-28,Affiliate,Affiliate - Content,11.49,500,17
2025-03-29,Affiliate,Affiliate - Content,8.27,856,13
2025-03-30,Affiliate,Affiliate - Content,8.27,366,11
2025-03-31,Affiliate,Affiliate - Content,11.49,492,16
2025-03-01,Affiliate,Affiliate - Voucher,6.90,430,10
2025-03-02,Affiliate,Affiliate - Voucher,6.90,706,10
2025-03-03,Affiliate,Affiliate - Voucher,9.58,491,13
2025-03-04,Affiliate,Affiliate - Voucher,9.58,847,14
2025-03-05,Affiliate,Affiliate - Voucher,9.58,763,12
2025-03-06,Affiliate,Affiliate - Voucher,9.58,641,15
2025-03-07,Affiliate,Affiliate - Voucher,9.58,747,13
2025-03-08,Affiliate,Affiliate - Voucher,6.90,383,10
2025-03-09,Affiliate,Affiliate - Voucher,6.90,372,9
2025-03-10,Affiliate,Affiliate - Voucher,9.58,378,13
2025-03-11,Affiliate,Affiliate - Voucher,9.58,826,14
2025-03-12,Affiliate,Affiliate - Voucher,9.58,519,14
2025-03-13,Affiliate,Affiliate - Voucher,9.58,495,13
2025-03-14,Affiliate,Affiliate - Voucher,9.58,766,14
2025-03-15,Affiliate,Affiliate - Voucher,6.90,631,10
2025-03-16,Affiliate,Affiliate - Voucher,6.90,538,10
2025-03-17,Affiliate,Affiliate - Voucher,9.58,452,14
2025-03-18,Affiliate,Affiliate - Voucher,9.58,820,13
2025-03-19,Affiliate,Affiliate - Voucher,9.58,652,12
2025-03-20,Affiliate,Affiliate - Voucher,9.58,762,14
2025-03-21,Affiliate,Affiliate - Voucher,9.58,653,14
2025-03-22,Affiliate,Affiliate - Voucher,6.90,385,10
2025-03-23,Affiliate,Affiliate - Voucher,6.90,431,9
2025-03-24,Affiliate,Affiliate - Voucher,9.58,990,14
2025-03-25,Affiliate,Affiliate - Voucher,9.58,501,12
2025-03-26,Affiliate,Affiliate - Voucher,9.58,1084,15
2025-03-27,Affiliate,Affiliate - Voucher,9.58,409,14
2025-03-28,Affiliate,Affiliate - Voucher,9.58,646,13
2025-03-29,Affiliate,Affiliate - Voucher,6.90,631,10
2025-03-30,Affiliate,Affiliate - Voucher,6.90,596,10
2025-03-31,Affiliate,Affiliate - Voucher,9.58,858,13
2025-03-01,Email & CRM,Email - Lifecycle,1.62,483,13
2025-03-02,Email & CRM,Email - Lifecycle,1.62,897,14
2025-03-03,Email & CRM,Email - Lifecycle,2.25,600,20
2025-03-04,Email & CRM,Email - Lifecycle,2.25,547,19
2025-03-05,Email & CRM,Email - Lifecycle,2.25,1254,17
2025-03-06,Email & CRM,Email - Lifecycle,2.25,930,19
2025-03-07,Email & CRM,Email - Lifecycle,2.25,1102,20
2025-03-08,Email & CRM,Email - Lifecycle,1.62,424,13
2025-03-09,Email & CRM,Email - Lifecycle,1.62,1032,14
2025-03-10,Email & CRM,Email - Lifecycle,2.25,1151,18
2025-03-11,Email & CRM,Email - Lifecycle,2.25,904,18
2025-03-12,Email & CRM,Email - Lifecycle,2.25,866,20
2025-03-13,Email & CRM,Email - Lifecycle,2.25,588,20
2025-03-14,Email & CRM,Email - Lifecycle,2.25,1080,20
2025-03-15,Email & CRM,Email - Lifecycle,1.62,448,14
2025-03-16,Email & CRM,Email - Lifecycle,1.62,839,12
2025-03-17,Email & CRM,Email - Lifecycle,2.25,709,20
2025-03-18,Email & CRM,Email - Lifecycle,2.25,1171,17
2025-03-19,Email & CRM,Email - Lifecycle,2.25,815,17
2025-03-20,Email & CRM,Email - Lifecycle,2.25,1189,20
2025-03-21,Email & CRM,Email - Lifecycle,2.25,721,18
2025-03-22,Email & CRM,Email - Lifecycle,1.62,703,12
2025-03-23,Email & CRM,Email - Lifecycle,1.62,817,12
2025-03-24,Email & CRM,Email - Lifecycle,2.25,1238,19
2025-03-25,Email & CRM,Email - Lifecycle,2.25,934,19
2025-03-26,Email & CRM,Email - Lifecycle,2.25,631,18
2025-03-27,Email & CRM,Email - Lifecycle,2.25,1056,20
2025-03-28,Email & CRM,Email - Lifecycle,2.25,764,19
2025-03-29,Email & CRM,Email - Lifecycle,1.62,590,13
2025-03-30,Email & CRM,Email - Lifecycle,1.62,611,14
2025-03-31,Email & CRM,Email - Lifecycle,2.25,1211,19
2025-03-01,Email & CRM,Email - Winback,2.24,644,19
2025-03-02,Email & CRM,Email - Winback,2.24,1354,20
2025-03-03,Email & CRM,Email - Winback,3.11,793,27
2025-03-04,Email & CRM,Email - Winback,3.11,847,24
2025-03-05,Email & CRM,Email - Winback,3.11,1199,26
2025-03-06,Email & CRM,Email - Winback,3.11,1694,25
2025-03-07,Email & CRM,Email - Winback,3.11,948,24
2025-03-08,Email & CRM,Email - Winback,2.24,557,18
2025-03-09,Email & CRM,Email - Winback,2.24,560,19
2025-03-10,Email & CRM,Email - Winback,3.11,1098,23
2025-03-11,Email & CRM,Email - Winback,3.11,1405,24
2025-03-12,Email & CRM,Email - Winback,3.11,1300,27
2025-03-13,Email & CRM,Email - Winback,3.11,1894,26
2025-03-14,Email & CRM,Email - Winback,3.11,1549,26
2025-03-15,Email & CRM,Email - Winback,2.24,1214,17
2025-03-16,Email & CRM,Email - Winback,2.24,666,17
2025-03-17,Email & CRM,Email - Winback,3.11,777,27
2025-03-18,Email & CRM,Email - Winback,3.11,1936,28
2025-03-19,Email & CRM,Email - Winback,3.11,1791,25
2025-03-20,Email & CRM,Email - Winback,3.11,811,24
2025-03-21,Email & CRM,Email - Winback,3.11,873,27
2025-03-22,Email & CRM,Email - Winback,2.24,866,17
2025-03-23,Email & CRM,Email - Winback,2.24,600,18
2025-03-24,Email & CRM,Email - Winback,3.11,966,27
2025-03-25,Email & CRM,Email - Winback,3.11,1015,26
2025-03-26,Email & CRM,Email - Winback,3.11,1387,26
2025-03-27,Email & CRM,Email - Winback,3.11,1238,23
2025-03-28,Email & CRM,Email - Winback,3.11,979,27
2025-03-29,Email & CRM,Email - Winback,2.24,640,19
2025-03-30,Email & CRM,Email - Winback,2.24,1354,19
2025-03-31,Email & CRM,Email - Winback,3.11,946,23
2025-03-01,Marketplace,Marketplace - Sponsored Listings,24.03,2142,41
2025-03-02,Marketplace,Marketplace - Sponsored Listings,24.03,1574,39
2025-03-03,Marketplace,Marketplace - Sponsored Listings,33.37,2875,60
2025-03-04,Marketplace,Marketplace - Sponsored Listings,33.37,3636,55
2025-03-05,Marketplace,Marketplace - Sponsored Listings,33.37,4238,64
2025-03-06,Marketplace,Marketplace - Sponsored Listings,33.37,3746,55
2025-03-07,Marketplace,Marketplace - Sponsored Listings,33.37,3677,58
2025-03-08,Marketplace,Marketplace - Sponsored Listings,24.03,1713,43
2025-03-09,Marketplace,Marketplace - Sponsored Listings,24.03,1539,41
2025-03-10,Marketplace,Marketplace - Sponsored Listings,33.37,4599,65
2025-03-11,Marketplace,Marketplace - Sponsored Listings,33.37,2272,57
2025-03-12,Marketplace,Marketplace - Sponsored Listings,33.37,3379,59
2025-03-13,Marketplace,Marketplace - Sponsored Listings,33.37,3786,66
2025-03-14,Marketplace,Marketplace - Sponsored Listings,33.37,2077,66
2025-03-15,Marketplace,Marketplace - Sponsored Listings,24.03,1527,39
2025-03-16,Marketplace,Marketplace - Sponsored Listings,24.03,2932,40
2025-03-17,Marketplace,Marketplace - Sponsored Listings,33.37,3838,65
2025-03-18,Marketplace,Marketplace - Sponsored Listings,33.37,3721,60
2025-03-19,Marketplace,Marketplace - Sponsored Listings,33.37,2800,64
2025-03-20,Marketplace,Marketplace - Sponsored Listings,33.37,3427,58
2025-03-21,Marketplace,Marketplace - Sponsored Listings,33.37,2054,63
2025-03-22,Marketplace,Marketplace - Sponsored Listings,24.03,2386,40
2025-03-23,Marketplace,Marketplace - Sponsored Listings,24.03,1629,46
2025-03-24,Marketplace,Marketplace - Sponsored Listings,33.37,2891,60
2025-03-25,Marketplace,Marketplace - Sponsored Listings,33.37,2749,55
2025-03-26,Marketplace,Marketplace - Sponsored Listings,33.37,2716,57
2025-03-27,Marketplace,Marketplace - Sponsored Listings,33.37,2496,58
2025-03-28,Marketplace,Marketplace - Sponsored Listings,33.37,2395,58
2025-03-29,Marketplace,Marketplace - Sponsored Listings,24.03,2995,41
2025-03-30,Marketplace,Marketplace - Sponsored Listings,24.03,2846,40
2025-03-31,Marketplace,Marketplace - Sponsored Listings,33.37,3109,59
2025-04-01,Organic Search,Organic - SEO Content,7.15,6340,152
2025-04-02,Organic Search,Organic - SEO Content,7.15,7646,142
2025-04-03,Organic Search,Organic - SEO Content,7.15,9624,143
2025-04-04,Organic Search,Organic - SEO Content,7.15,9530,147
2025-04-05,Organic Search,Organic - SEO Content,5.15,3458,109
2025-04-06,Organic Search,Organic - SEO Content,5.15,4570,107
2025-04-07,Organic Search,Organic - SEO Content,7.15,10748,154
2025-04-08,Organic Search,Organic - SEO Content,7.15,6201,134
2025-04-09,Organic Search,Organic - SEO Content,7.15,10246,147
2025-04-10,Organic Search,Organic - SEO Content,7.15,7339,147
2025-04-11,Organic Search,Organic - SEO Content,7.15,7767,146
2025-04-12,Organic Search,Organic - SEO Content,5.15,3612,107
2025-04-13,Organic Search,Organic - SEO Content,5.15,3883,101
2025-04-14,Organic Search,Organic - SEO Content,7.15,4787,132
2025-04-15,Organic Search,Organic - SEO Content,7.15,9722,142
2025-04-16,Organic Search,Organic - SEO Content,7.15,6797,150
2025-04-17,Organic Search,Organic - SEO Content,7.15,4560,149
2025-04-18,Organic Search,Organic - SEO Content,7.15,4574,149
2025-04-19,Organic Search,Organic - SEO Content,5.15,5711,95
2025-04-20,Organic Search,Organic - SEO Content,5.15,3341,99
2025-04-21,Organic Search,Organic - SEO Content,7.15,8960,136
2025-04-22,Organic Search,Organic - SEO Content,7.15,8787,138
2025-04-23,Organic Search,Organic - SEO Content,7.15,8845,133
2025-04-24,Organic Search,Organic - SEO Content,7.15,7712,135
2025-04-25,Organic Search,Organic - SEO Content,7.15,5793,150
2025-04-26,Organic Search,Organic - SEO Content,5.15,4722,93
2025-04-27,Organic Search,Organic - SEO Content,5.15,6252,100
2025-04-28,Organic Search,Organic - SEO Content,7.15,7762,151
2025-04-29,Organic Search,Organic - SEO Content,7.15,7574,145
2025-04-30,Organic Search,Organic - SEO Content,7.15,5013,147
2025-04-01,Paid Search,Paid - Brand,22.66,747,23
2025-04-02,Paid Search,Paid - Brand,22.66,1347,22
2025-04-03,Paid Search,Paid - Brand,22.66,1670,25
2025-04-04,Paid Search,Paid - Brand,22.66,1347,23
2025-04-05,Paid Search,Paid - Brand,16.32,1058,15
2025-04-06,Paid Search,Paid - Brand,16.32,804,18
2025-04-07,Paid Search,Paid - Brand,22.66,1766,24
2025-04-08,Paid Search,Paid - Brand,22.66,1409,23
2025-04-09,Paid Search,Paid - Brand,22.66,1131,24
2025-04-10,Paid Search,Paid - Brand,22.66,1530,24
2025-04-11,Paid Search,Paid - Brand,22.66,1495,24
2025-04-12,Paid Search,Paid - Brand,16.32,567,18
2025-04-13,Paid Search,Paid - Brand,16.32,816,17
2025-04-14,Paid Search,Paid - Brand,22.66,698,21
2025-04-15,Paid Search,Paid - Brand,22.66,1436,24
2025-04-16,Paid Search,Paid - Brand,22.66,712,21
2025-04-17,Paid Search,Paid - Brand,22.66,1070,25
2025-04-18,Paid Search,Paid - Brand,22.66,888,23
2025-04-19,Paid Search,Paid - Brand,16.32,728,15
2025-04-20,Paid Search,Paid - Brand,16.32,656,16
2025-04-21,Paid Search,Paid - Brand,22.66,1152,24
2025-04-22,Paid Search,Paid - Brand,22.66,1290,23
2025-04-23,Paid Search,Paid - Brand,22.66,1415,24
2025-04-24,Paid Search,Paid - Brand,22.66,1596,25
2025-04-25,Paid Search,Paid - Brand,22.66,1258,22
2025-04-26,Paid Search,Paid - Brand,16.32,1069,15
2025-04-27,Paid Search,Paid - Brand,16.32,860,17
2025-04-28,Paid Search,Paid - Brand,22.66,1014,22
2025-04-29,Paid Search,Paid - Brand,22.66,1460,21
2025-04-30,Paid Search,Paid - Brand,22.66,840,24
2025-04-01,Paid Search,Paid - Generic,22.59,1438,24
2025-04-02,Paid Search,Paid - Generic,22.59,1105,22
2025-04-03,Paid Search,Paid - Generic,22.59,983,21
2025-04-04,Paid Search,Paid - Generic,22.59,703,23
2025-04-05,Paid Search,Paid - Generic,16.27,598,16
2025-04-06,Paid Search,Paid - Generic,16.27,1101,16
2025-04-07,Paid Search,Paid - Generic,22.59,1497,24
2025-04-08,Paid Search,Paid - Generic,22.59,1451,23
2025-04-09,Paid Search,Paid - Generic,22.59,1224,22
2025-04-10,Paid Search,Paid - Generic,22.59,1441,23
2025-04-11,Paid Search,Paid - Generic,22.59,1665,24
2025-04-12,Paid Search,Paid - Generic,16.27,533,17
2025-04-13,Paid Search,Paid - Generic,16.27,1117,17
2025-04-14,Paid Search,Paid - Generic,22.59,915,22
2025-04-15,Paid Search,Paid - Generic,22.59,1596,22
2025-04-16,Paid Search,Paid - Generic,22.59,890,25
2025-04-17,Paid Search,Paid - Generic,22.59,1362,24
2025-04-18,Paid Search,Paid - Generic,22.59,1247,22
2025-04-19,Paid Search,Paid - Generic,16.27,816,15
2025-04-20,Paid Search,Paid - Generic,16.27,1127,17
2025-04-21,Paid Search,Paid - Generic,22.59,1384,23
2025-04-22,Paid Search,Paid - Generic,22.59,931,21
2025-04-23,Paid Search,Paid - Generic,22.59,783,21
2025-04-24,Paid Search,Paid - Generic,22.59,629,21
2025-04-25,Paid Search,Paid - Generic,22.59,1217,23
2025-04-26,Paid Search,Paid - Generic,16.27,1073,16
2025-04-27,Paid Search,Paid - Generic,16.27,1317,18
2025-04-28,Paid Search,Paid - Generic,22.59,1562,23
2025-04-29,Paid Search,Paid - Generic,22.59,839,22
2025-04-30,Paid Search,Paid - Generic,22.59,1412,22
2025-04-01,Paid Search,Paid - Shopping,24.96,1121,27
2025-04-02,Paid Search,Paid - Shopping,24.96,1377,27
2025-04-03,Paid Search,Paid - Shopping,24.96,1533,23
2025-04-04,Paid Search,Paid - Shopping,24.96,1377,28
2025-04-05,Paid Search,Paid - Shopping,17.97,1093,20
2025-04-06,Paid Search,Paid - Shopping,17.97,757,18
2025-04-07,Paid Search,Paid - Shopping,24.96,1290,27
2025-04-08,Paid Search,Paid - Shopping,24.96,1679,25
2025-04-09,Paid Search,Paid - Shopping,24.96,1519,25
2025-04-10,Paid Search,Paid - Shopping,24.96,1463,27
2025-04-11,Paid Search,Paid - Shopping,24.96,1794,25
2025-04-12,Paid Search,Paid - Shopping,17.97,1232,19
2025-04-13,Paid Search,Paid - Shopping,17.97,1017,18
2025-04-14,Paid Search,Paid - Shopping,24.96,1378,25
2025-04-15,Paid Search,Paid - Shopping,24.96,1469,26
2025-04-16,Paid Search,Paid - Shopping,24.96,840,27
2025-04-17,Paid Search,Paid - Shopping,24.96,1067,25
2025-04-18,Paid Search,Paid - Shopping,24.96,1561,27
2025-04-19,Paid Search,Paid - Shopping,17.97,804,18
2025-04-20,Paid Search,Paid - Shopping,17.97,1192,18
2025-04-21,Paid Search,Paid - Shopping,24.96,1167,23
2025-04-22,Paid Search,Paid - Shopping,24.96,1776,25
2025-04-23,Paid Search,Paid - Shopping,24.96,1022,24
2025-04-24,Paid Search,Paid - Shopping,24.96,675,24
2025-04-25,Paid Search,Paid - Shopping,24.96,1847,27
2025-04-26,Paid Search,Paid - Shopping,17.97,1200,17
2025-04-27,Paid Search,Paid - Shopping,17.97,602,17
2025-04-28,Paid Search,Paid - Shopping,24.96,1788,25
2025-04-29,Paid Search,Paid - Shopping,24.96,816,26
2025-04-30,Paid Search,Paid - Shopping,24.96,1336,25
2025-04-01,Paid Social,Paid - Prospecting,34.33,5231,80
2025-04-02,Paid Social,Paid - Prospecting,34.33,3718,83
2025-04-03,Paid Social,Paid - Prospecting,34.33,4711,83
2025-04-04,Paid Social,Paid - Prospecting,34.33,3057,74
2025-04-05,Paid Social,Paid - Prospecting,24.72,3942,55
2025-04-06,Paid Social,Paid - Prospecting,24.72,3962,61
2025-04-07,Paid Social,Paid - Prospecting,34.33,5238,81
2025-04-08,Paid Social,Paid - Prospecting,34.33,4732,87
2025-04-09,Paid Social,Paid - Prospecting,34.33,2109,75
2025-04-10,Paid Social,Paid - Prospecting,34.33,3736,73
2025-04-11,Paid Social,Paid - Prospecting,34.33,2395,75
2025-04-12,Paid Social,Paid - Prospecting,24.72,2035,61
2025-04-13,Paid Social,Paid - Prospecting,24.72,2353,62
2025-04-14,Paid Social,Paid - Prospecting,34.33,4332,82
2025-04-15,Paid Social,Paid - Prospecting,34.33,4042,80
2025-04-16,Paid Social,Paid - Prospecting,34.33,3560,77
2025-04-17,Paid Social,Paid - Prospecting,34.33,4585,79
2025-04-18,Paid Social,Paid - Prospecting,34.33,4556,81
2025-04-19,Paid Social,Paid - Prospecting,24.72,2472,54
2025-04-20,Paid Social,Paid - Prospecting,24.72,3627,54
2025-04-21,Paid Social,Paid - Prospecting,34.33,4902,82
2025-04-22,Paid Social,Paid - Prospecting,34.33,2388,78
2025-04-23,Paid Social,Paid - Prospecting,34.33,3607,88
2025-04-24,Paid Social,Paid - Prospecting,34.33,5257,76
2025-04-25,Paid Social,Paid - Prospecting,34.33,2743,83
2025-04-26,Paid Social,Paid - Prospecting,24.72,3612,60
2025-04-27,Paid Social,Paid - Prospecting,24.72,2917,54
2025-04-28,Paid Social,Paid - Prospecting,34.33,3507,73
2025-04-29,Paid Social,Paid - Prospecting,34.33,6076,84
2025-04-30,Paid Social,Paid - Prospecting,34.33,2394,76
2025-04-01,Paid Social,Paid - Retargeting,33.40,4876,76
2025-04-02,Paid Social,Paid - Retargeting,33.40,5153,82
2025-04-03,Paid Social,Paid - Retargeting,33.40,4926,72
2025-04-04,Paid Social,Paid - Retargeting,33.40,2457,86
2025-04-05,Paid Social,Paid - Retargeting,24.05,3679,55
2025-04-06,Paid Social,Paid - Retargeting,24.05,2761,51
2025-04-07,Paid Social,Paid - Retargeting,33.40,5332,78
2025-04-08,Paid Social,Paid - Retargeting,33.40,4023,81
2025-04-09,Paid Social,Paid - Retargeting,33.40,5057,86
2025-04-10,Paid Social,Paid - Retargeting,33.40,4994,75
2025-04-11,Paid Social,Paid - Retargeting,33.40,5411,84
2025-04-12,Paid Social,Paid - Retargeting,24.05,1598,52
2025-04-13,Paid Social,Paid - Retargeting,24.05,2180,52
2025-04-14,Paid Social,Paid - Retargeting,33.40,2982,80
2025-04-15,Paid Social,Paid - Retargeting,33.40,4561,84
2025-04-16,Paid Social,Paid - Retargeting,33.40,2359,84
2025-04-17,Paid Social,Paid - Retargeting,33.40,4683,83
2025-04-18,Paid Social,Paid - Retargeting,33.40,5683,82
2025-04-19,Paid Social,Paid - Retargeting,24.05,4202,62
2025-04-20,Paid Social,Paid - Retargeting,24.05,2073,61
2025-04-21,Paid Social,Paid - Retargeting,33.40,3785,76
2025-04-22,Paid Social,Paid - Retargeting,33.40,5063,81
2025-04-23,Paid Social,Paid - Retargeting,33.40,2456,73
2025-04-24,Paid Social,Paid - Retargeting,33.40,2798,87
2025-04-25,Paid Social,Paid - Retargeting,33.40,2466,85
2025-04-26,Paid Social,Paid - Retargeting,24.05,2078,52
2025-04-27,Paid Social,Paid - Retargeting,24.05,3615,57
2025-04-28,Paid Social,Paid - Retargeting,33.40,4618,81
2025-04-29,Paid Social,Paid - Retargeting,33.40,4331,71
2025-04-30,Paid Social,Paid - Retargeting,33.40,3998,79
2025-04-01,Paid Social,Paid - Creator,33.64,3668,74
2025-04-02,Paid Social,Paid - Creator,33.64,5601,83
2025-04-03,Paid Social,Paid - Creator,33.64,3709,77
2025-04-04,Paid Social,Paid - Creator,33.64,5982,82
2025-04-05,Paid Social,Paid - Creator,24.22,3475,51
2025-04-06,Paid Social,Paid - Creator,24.22,3548,55
2025-04-07,Paid Social,Paid - Creator,33.64,5405,78
2025-04-08,Paid Social,Paid - Creator,33.64,3524,78
2025-04-09,Paid Social,Paid - Creator,33.64,4282,82
2025-04-10,Paid Social,Paid - Creator,33.64,4924,82
2025-04-11,Paid Social,Paid - Creator,33.64,3083,82
2025-04-12,Paid Social,Paid - Creator,24.22,3598,54
2025-04-13,Paid Social,Paid - Creator,24.22,4282,58
2025-04-14,Paid Social,Paid - Creator,33.64,4152,76
2025-04-15,Paid Social,Paid - Creator,33.64,3672,86
2025-04-16,Paid Social,Paid - Creator,33.64,5257,74
2025-04-17,Paid Social,Paid - Creator,33.64,5996,85
2025-04-18,Paid Social,Paid - Creator,33.64,2500,85
2025-04-19,Paid Social,Paid - Creator,24.22,3277,58
2025-04-20,Paid Social,Paid - Creator,24.22,2063,62
2025-04-21,Paid Social,Paid - Creator,33.64,3453,82
2025-04-22,Paid Social,Paid - Creator,33.64,3888,76
2025-04-23,Paid Social,Paid - Creator,33.64,5269,72
2025-04-24,Paid Social,Paid - Creator,33.64,3036,72
2025-04-25,Paid Social,Paid - Creator,33.64,2362,75
2025-04-26,Paid Social,Paid - Creator,24.22,1607,53
2025-04-27,Paid Social,Paid - Creator,24.22,4040,61
2025-04-28,Paid Social,Paid - Creator,33.64,2034,72
2025-04-29,Paid Social,Paid - Creator,33.64,5361,85
2025-04-30,Paid Social,Paid - Creator,33.64,3427,77
2025-04-01,Affiliate,Affiliate - Cashback,16.56,1433,22
2025-04-02,Affiliate,Affiliate - Cashback,16.56,802,23
2025-04-03,Affiliate,Affiliate - Cashback,16.56,952,25
2025-04-04,Affiliate,Affiliate - Cashback,16.56,1589,26
2025-04-05,Affiliate,Affiliate - Cashback,11.93,725,15
2025-04-06,Affiliate,Affiliate - Cashback,11.93,552,17
2025-04-07,Affiliate,Affiliate - Cashback,16.56,1376,22
2025-04-08,Affiliate,Affiliate - Cashback,16.56,1048,25
2025-04-09,Affiliate,Affiliate - Cashback,16.56,1888,26
2025-04-10,Affiliate,Affiliate - Cashback,16.56,1007,25
2025-04-11,Affiliate,Affiliate - Cashback,16.56,1660,23
2025-04-12,Affiliate,Affiliate - Cashback,11.93,1087,18
2025-04-13,Affiliate,Affiliate - Cashback,11.93,930,15
2025-04-14,Affiliate,Affiliate - Cashback,16.56,706,22
2025-04-15,Affiliate,Affiliate - Cashback,16.56,906,22
2025-04-16,Affiliate,Affiliate - Cashback,16.56,1256,22
2025-04-17,Affiliate,Affiliate - Cashback,16.56,896,26
2025-04-18,Affiliate,Affiliate - Cashback,16.56,1681,23
2025-04-19,Affiliate,Affiliate - Cashback,11.93,1025,19
2025-04-20,Affiliate,Affiliate - Cashback,11.93,1170,16
2025-04-21,Affiliate,Affiliate - Cashback,16.56,947,22
2025-04-22,Affiliate,Affiliate - Cashback,16.56,1293,23
2025-04-23,Affiliate,Affiliate - Cashback,16.56,1397,23
2025-04-24,Affiliate,Affiliate - Cashback,16.56,1423,24
2025-04-25,Affiliate,Affiliate - Cashback,16.56,1499,23
2025-04-26,Affiliate,Affiliate - Cashback,11.93,1046,17
2025-04-27,Affiliate,Affiliate - Cashback,11.93,870,16
2025-04-28,Affiliate,Affiliate - Cashback,16.56,1545,24
2025-04-29,Affiliate,Affiliate - Cashback,16.56,1036,26
2025-04-30,Affiliate,Affiliate - Cashback,16.56,1276,23
2025-04-01,Affiliate,Affiliate - Content,9.04,768,13
2025-04-02,Affiliate,Affiliate - Content,9.04,487,12
2025-04-03,Affiliate,Affiliate - Content,9.04,737,13
2025-04-04,Affiliate,Affiliate - Content,9.04,792,14
2025-04-05,Affiliate,Affiliate - Content,6.51,553,10
2025-04-06,Affiliate,Affiliate - Content,6.51,462,10
2025-04-07,Affiliate,Affiliate - Content,9.04,1022,14
2025-04-08,Affiliate,Affiliate - Content,9.04,931,13
2025-04-09,Affiliate,Affiliate - Content,9.04,706,13
2025-04-10,Affiliate,Affiliate - Content,9.04,355,12
2025-04-11,Affiliate,Affiliate - Content,9.04,709,13
2025-04-12,Affiliate,Affiliate - Content,6.51,535,8
2025-04-13,Affiliate,Affiliate - Content,6.51,415,10
2025-04-14,Affiliate,Affiliate - Content,9.04,499,14
2025-04-15,Affiliate,Affiliate - Content,9.04,677,14
2025-04-16,Affiliate,Affiliate - Content,9.04,543,12
2025-04-17,Affiliate,Affiliate - Content,9.04,410,13
2025-04-18,Affiliate,Affiliate - Content,9.04,859,13
2025-04-19,Affiliate,Affiliate - Content,6.51,307,8
2025-04-20,Affiliate,Affiliate - Content,6.51,303,10
2025-04-21,Affiliate,Affiliate - Content,9.04,532,14
2025-04-22,Affiliate,Affiliate - Content,9.04,585,12
2025-04-23,Affiliate,Affiliate - Content,9.04,357,12
2025-04-24,Affiliate,Affiliate - Content,9.04,797,13
2025-04-25,Affiliate,Affiliate - Content,9.04,452,13
2025-04-26,Affiliate,Affiliate - Content,6.51,724,10
2025-04-27,Affiliate,Affiliate - Content,6.51,335,9
2025-04-28,Affiliate,Affiliate - Content,9.04,634,14
2025-04-29,Affiliate,Affiliate - Content,9.04,385,13
2025-04-30,Affiliate,Affiliate - Content,9.04,1031,14
2025-04-01,Affiliate,Affiliate - Voucher,16.54,1004,25
2025-04-02,Affiliate,Affiliate - Voucher,16.54,820,25
2025-04-03,Affiliate,Affiliate - Voucher,16.54,682,22
2025-04-04,Affiliate,Affiliate - Voucher,16.54,1764,24
2025-04-05,Affiliate,Affiliate - Voucher,11.91,864,16
2025-04-06,Affiliate,Affiliate - Voucher,11.91,1310,18
2025-04-07,Affiliate,Affiliate - Voucher,16.54,1322,24
2025-04-08,Affiliate,Affiliate - Voucher,16.54,624,22
2025-04-09,Affiliate,Affiliate - Voucher,16.54,1331,24
2025-04-10,Affiliate,Affiliate - Voucher,16.54,1268,24
2025-04-11,Affiliate,Affiliate - Voucher,16.54,1199,24
2025-04-12,Affiliate,Affiliate - Voucher,11.91,579,17
2025-04-13,Affiliate,Affiliate - Voucher,11.91,671,18
2025-04-14,Affiliate,Affiliate - Voucher,16.54,1099,23
2025-04-15,Affiliate,Affiliate - Voucher,16.54,697,23
2025-04-16,Affiliate,Affiliate - Voucher,16.54,987,23
2025-04-17,Affiliate,Affiliate - Voucher,16.54,1169,23
2025-04-18,Affiliate,Affiliate - Voucher,16.54,1729,26
2025-04-19,Affiliate,Affiliate - Voucher,11.91,517,17
2025-04-20,Affiliate,Affiliate - Voucher,11.91,1014,17
2025-04-21,Affiliate,Affiliate - Voucher,16.54,930,22
2025-04-22,Affiliate,Affiliate - Voucher,16.54,1810,26
2025-04-23,Affiliate,Affiliate - Voucher,16.54,917,24
2025-04-24,Affiliate,Affiliate - Voucher,16.54,1193,22
2025-04-25,Affiliate,Affiliate - Voucher,16.54,1575,25
2025-04-26,Affiliate,Affiliate - Voucher,11.91,1062,18
2025-04-27,Affiliate,Affiliate - Voucher,11.91,815,17
2025-04-28,Affiliate,Affiliate - Voucher,16.54,1409,26
2025-04-29,Affiliate,Affiliate - Voucher,16.54,957,24
2025-04-30,Affiliate,Affiliate - Voucher,16.54,1059,25
2025-04-01,Email & CRM,Email - Lifecycle,4.55,2797,40
2025-04-02,Email & CRM,Email - Lifecycle,4.55,1514,35
2025-04-03,Email & CRM,Email - Lifecycle,4.55,2366,34
2025-04-04,Email & CRM,Email - Lifecycle,4.55,2019,39
2025-04-05,Email & CRM,Email - Lifecycle,3.27,982,26
2025-04-06,Email & CRM,Email - Lifecycle,3.27,1472,26
2025-04-07,Email & CRM,Email - Lifecycle,4.55,1225,34
2025-04-08,Email & CRM,Email - Lifecycle,4.55,2519,38
2025-04-09,Email & CRM,Email - Lifecycle,4.55,1568,36
2025-04-10,Email & CRM,Email - Lifecycle,4.55,1816,34
2025-04-11,Email & CRM,Email - Lifecycle,4.55,1263,41
2025-04-12,Email & CRM,Email - Lifecycle,3.27,883,29
2025-04-13,Email & CRM,Email - Lifecycle,3.27,1644,27
2025-04-14,Email & CRM,Email - Lifecycle,4.55,2532,37
2025-04-15,Email & CRM,Email - Lifecycle,4.55,2391,35
2025-04-16,Email & CRM,Email - Lifecycle,4.55,2280,37
2025-04-17,Email & CRM,Email - Lifecycle,4.55,1204,40
2025-04-18,Email & CRM,Email - Lifecycle,4.55,1164,34
2025-04-19,Email & CRM,Email - Lifecycle,3.27,1354,27
2025-04-20,Email & CRM,Email - Lifecycle,3.27,1625,24
2025-04-21,Email & CRM,Email - Lifecycle,4.55,2099,37
2025-04-22,Email & CRM,Email - Lifecycle,4.55,2072,41
2025-04-23,Email & CRM,Email - Lifecycle,4.55,1813,37
2025-04-24,Email & CRM,Email - Lifecycle,4.55,1302,34
2025-04-25,Email & CRM,Email - Lifecycle,4.55,2594,38
2025-04-26,Email & CRM,Email - Lifecycle,3.27,1103,26
2025-04-27,Email & CRM,Email - Lifecycle,3.27,1288,25
2025-04-28,Email & CRM,Email - Lifecycle,4.55,2216,35
2025-04-29,Email & CRM,Email - Lifecycle,4.55,1396,35
2025-04-30,Email & CRM,Email - Lifecycle,4.55,1368,35
2025-04-01,Email & CRM,Email - Winback,3.45,2141,31
2025-04-02,Email & CRM,Email - Winback,3.45,1198,29
2025-04-03,Email & CRM,Email - Winback,3.45,1009,28
2025-04-04,Email & CRM,Email - Winback,3.45,2221,31
2025-04-05,Email & CRM,Email - Winback,2.48,1139,20
2025-04-06,Email & CRM,Email - Winback,2.48,687,21
2025-04-07,Email & CRM,Email - Winback,3.45,2046,28
2025-04-08,Email & CRM,Email - Winback,3.45,1039,26
2025-04-09,Email & CRM,Email - Winback,3.45,1437,29
2025-04-10,Email & CRM,Email - Winback,3.45,1118,26
2025-04-11,Email & CRM,Email - Winback,3.45,1936,27
2025-04-12,Email & CRM,Email - Winback,2.48,1326,21
2025-04-13,Email & CRM,Email - Winback,2.48,1473,21
2025-04-14,Email & CRM,Email - Winback,3.45,1497,30
2025-04-15,Email & CRM,Email - Winback,3.45,1480,27
2025-04-16,Email & CRM,Email - Winback,3.45,1877,30
2025-04-17,Email & CRM,Email - Winback,3.45,1364,29
2025-04-18,Email & CRM,Email - Winback,3.45,1684,28
2025-04-19,Email & CRM,Email - Winback,2.48,871,18
2025-04-20,Email & CRM,Email - Winback,2.48,923,20
2025-04-21,Email & CRM,Email - Winback,3.45,1406,29
2025-04-22,Email & CRM,Email - Winback,3.45,1376,27
2025-04-23,Email & CRM,Email - Winback,3.45,2042,30
2025-04-24,Email & CRM,Email - Winback,3.45,1031,29
2025-04-25,Email & CRM,Email - Winback,3.45,1126,30
2025-04-26,Email & CRM,Email - Winback,2.48,1177,21
2025-04-27,Email & CRM,Email - Winback,2.48,1272,22
2025-04-28,Email & CRM,Email - Winback,3.45,1561,26
2025-04-29,Email & CRM,Email - Winback,3.45,1156,30
2025-04-30,Email & CRM,Email - Winback,3.45,1804,28
2025-04-01,Marketplace,Marketplace - Sponsored Listings,36.65,3501,64
2025-04-02,Marketplace,Marketplace - Sponsored Listings,36.65,2288,65
2025-04-03,Marketplace,Marketplace - Sponsored Listings,36.65,1803,63
2025-04-04,Marketplace,Marketplace - Sponsored Listings,36.65,4417,60
2025-04-05,Marketplace,Marketplace - Sponsored Listings,26.39,1779,49
2025-04-06,Marketplace,Marketplace - Sponsored Listings,26.39,2070,43
2025-04-07,Marketplace,Marketplace - Sponsored Listings,36.65,2137,70
2025-04-08,Marketplace,Marketplace - Sponsored Listings,36.65,3389,67
2025-04-09,Marketplace,Marketplace - Sponsored Listings,36.65,4223,62
2025-04-10,Marketplace,Marketplace - Sponsored Listings,36.65,4911,71
2025-04-11,Marketplace,Marketplace - Sponsored Listings,36.65,2948,68
2025-04-12,Marketplace,Marketplace - Sponsored Listings,26.39,1241,43
2025-04-13,Marketplace,Marketplace - Sponsored Listings,26.39,1923,51
2025-04-14,Marketplace,Marketplace - Sponsored Listings,36.65,2679,62
2025-04-15,Marketplace,Marketplace - Sponsored Listings,36.65,3284,62
2025-04-16,Marketplace,Marketplace - Sponsored Listings,36.65,2454,63
2025-04-17,Marketplace,Marketplace - Sponsored Listings,36.65,3584,68
2025-04-18,Marketplace,Marketplace - Sponsored Listings,36.65,3147,63
2025-04-19,Marketplace,Marketplace - Sponsored Listings,26.39,1536,45
2025-04-20,Marketplace,Marketplace - Sponsored Listings,26.39,1510,52
2025-04-21,Marketplace,Marketplace - Sponsored Listings,36.65,2507,61
2025-04-22,Marketplace,Marketplace - Sponsored Listings,36.65,4123,62
2025-04-23,Marketplace,Marketplace - Sponsored Listings,36.65,3239,66
2025-04-24,Marketplace,Marketplace - Sponsored Listings,36.65,2324,71
2025-04-25,Marketplace,Marketplace - Sponsored Listings,36.65,4695,68
2025-04-26,Marketplace,Marketplace - Sponsored Listings,26.39,1775,48
2025-04-27,Marketplace,Marketplace - Sponsored Listings,26.39,3695,50
2025-04-28,Marketplace,Marketplace - Sponsored Listings,36.65,3155,65
2025-04-29,Marketplace,Marketplace - Sponsored Listings,36.65,4037,62
2025-04-30,Marketplace,Marketplace - Sponsored Listings,36.65,3799,73
2025-05-01,Organic Search,Organic - SEO Content,8.11,6167,164
2025-05-02,Organic Search,Organic - SEO Content,8.11,11260,163
2025-05-03,Organic Search,Organic - SEO Content,5.84,8103,119
2025-05-04,Organic Search,Organic - SEO Content,5.84,8009,118
2025-05-05,Organic Search,Organic - SEO Content,8.11,10196,173
2025-05-06,Organic Search,Organic - SEO Content,8.11,5053,152
2025-05-07,Organic Search,Organic - SEO Content,8.11,8395,162
2025-05-08,Organic Search,Organic - SEO Content,8.11,9968,172
2025-05-09,Organic Search,Organic - SEO Content,8.11,11099,165
2025-05-10,Organic Search,Organic - SEO Content,5.84,4533,116
2025-05-11,Organic Search,Organic - SEO Content,5.84,5422,116
2025-05-12,Organic Search,Organic - SEO Content,8.11,9863,171
2025-05-13,Organic Search,Organic - SEO Content,8.11,6765,147
2025-05-14,Organic Search,Organic - SEO Content,8.11,4971,161
2025-05-15,Organic Search,Organic - SEO Content,8.11,10587,173
2025-05-16,Organic Search,Organic - SEO Content,8.11,6323,168
2025-05-17,Organic Search,Organic - SEO Content,5.84,7788,123
2025-05-18,Organic Search,Organic - SEO Content,5.84,4850,119
2025-05-19,Organic Search,Organic - SEO Content,8.11,8188,167
2025-05-20,Organic Search,Organic - SEO Content,8.11,10734,156
2025-05-21,Organic Search,Organic - SEO Content,8.11,10900,166
2025-05-22,Organic Search,Organic - SEO Content,8.11,8768,161
2025-05-23,Organic Search,Organic - SEO Content,8.11,11100,176
2025-05-24,Organic Search,Organic - SEO Content,5.84,6231,116
2025-05-25,Organic Search,Organic - SEO Content,5.84,3714,117
2025-05-26,Organic Search,Organic - SEO Content,8.11,10612,177
2025-05-27,Organic Search,Organic - SEO Content,8.11,4584,155
2025-05-28,Organic Search,Organic - SEO Content,8.11,9559,166
2025-05-29,Organic Search,Organic - SEO Content,8.11,6706,160
2025-05-30,Organic Search,Organic - SEO Content,8.11,9308,167
2025-05-31,Organic Search,Organic - SEO Content,5.84,6609,127
2025-05-01,Paid Search,Paid - Brand,29.58,1316,31
2025-05-02,Paid Search,Paid - Brand,29.58,1987,28
2025-05-03,Paid Search,Paid - Brand,21.29,1326,21
2025-05-04,Paid Search,Paid - Brand,21.29,972,21
2025-05-05,Paid Search,Paid - Brand,29.58,2003,29
2025-05-06,Paid Search,Paid - Brand,29.58,1543,29
2025-05-07,Paid Search,Paid - Brand,29.58,1191,32
2025-05-08,Paid Search,Paid - Brand,29.58,1315,29
2025-05-09,Paid Search,Paid - Brand,29.58,932,29
2025-05-10,Paid Search,Paid - Brand,21.29,1088,20
2025-05-11,Paid Search,Paid - Brand,21.29,919,23
2025-05-12,Paid Search,Paid - Brand,29.58,1322,30
2025-05-13,Paid Search,Paid - Brand,29.58,1959,28
2025-05-14,Paid Search,Paid - Brand,29.58,1108,30
2025-05-15,Paid Search,Paid - Brand,29.58,1305,29
2025-05-16,Paid Search,Paid - Brand,29.58,1321,31
2025-05-17,Paid Search,Paid - Brand,21.29,1674,23
2025-05-18,Paid Search,Paid - Brand,21.29,1626,22
2025-05-19,Paid Search,Paid - Brand,29.58,1822,28
2025-05-20,Paid Search,Paid - Brand,29.58,2014,29
2025-05-21,Paid Search,Paid - Brand,29.58,1363,28
2025-05-22,Paid Search,Paid - Brand,29.58,2121,31
2025-05-23,Paid Search,Paid - Brand,29.58,2097,30
2025-05-24,Paid Search,Paid - Brand,21.29,1076,21
2025-05-25,Paid Search,Paid - Brand,21.29,1424,21
2025-05-26,Paid Search,Paid - Brand,29.58,2141,33
2025-05-27,Paid Search,Paid - Brand,29.58,1199,29
2025-05-28,Paid Search,Paid - Brand,29.58,938,28
2025-05-29,Paid Search,Paid - Brand,29.58,954,29
2025-05-30,Paid Search,Paid - Brand,29.58,872,28
2025-05-31,Paid Search,Paid - Brand,21.29,1177,23
2025-05-01,Paid Search,Paid - Generic,26.25,1505,29
2025-05-02,Paid Search,Paid - Generic,26.25,923,28
2025-05-03,Paid Search,Paid - Generic,18.90,921,19
2025-05-04,Paid Search,Paid - Generic,18.90,1378,20
2025-05-05,Paid Search,Paid - Generic,26.25,1744,25
2025-05-06,Paid Search,Paid - Generic,26.25,1459,28
2025-05-07,Paid Search,Paid - Generic,26.25,1347,29
2025-05-08,Paid Search,Paid - Generic,26.25,1029,27
2025-05-09,Paid Search,Paid - Generic,26.25,1641,27
2025-05-10,Paid Search,Paid - Generic,18.90,679,20
2025-05-11,Paid Search,Paid - Generic,18.90,1245,21
2025-05-12,Paid Search,Paid - Generic,26.25,1850,26
2025-05-13,Paid Search,Paid - Generic,26.25,1887,29
2025-05-14,Paid Search,Paid - Generic,26.25,1024,28
2025-05-15,Paid Search,Paid - Generic,26.25,1677,27
2025-05-16,Paid Search,Paid - Generic,26.25,1595,26
2025-05-17,Paid Search,Paid - Generic,18.90,1194,21
2025-05-18,Paid Search,Paid - Generic,18.90,1055,17
2025-05-19,Paid Search,Paid - Generic,26.25,886,24
2025-05-20,Paid Search,Paid - Generic,26.25,1469,25
2025-05-21,Paid Search,Paid - Generic,26.25,979,27
2025-05-22,Paid Search,Paid - Generic,26.25,1199,28
2025-05-23,Paid Search,Paid - Generic,26.25,1289,24
2025-05-24,Paid Search,Paid - Generic,18.90,582,20
2025-05-25,Paid Search,Paid - Generic,18.90,609,19
2025-05-26,Paid Search,Paid - Generic,26.25,1407,26
2025-05-27,Paid Search,Paid - Generic,26.25,1110,29
2025-05-28,Paid Search,Paid - Generic,26.25,1370,30
2025-05-29,Paid Search,Paid - Generic,26.25,1017,30
2025-05-30,Paid Search,Paid - Generic,26.25,944,30
2025-05-31,Paid Search,Paid - Generic,18.90,1234,18
2025-05-01,Paid Search,Paid - Shopping,39.70,2885,42
2025-05-02,Paid Search,Paid - Shopping,39.70,2816,39
2025-05-03,Paid Search,Paid - Shopping,28.58,1542,28
2025-05-04,Paid Search,Paid - Shopping,28.58,1970,30
2025-05-05,Paid Search,Paid - Shopping,39.70,1956,37
2025-05-06,Paid Search,Paid - Shopping,39.70,2085,39
2025-05-07,Paid Search,Paid - Shopping,39.70,1333,39
2025-05-08,Paid Search,Paid - Shopping,39.70,1781,38
2025-05-09,Paid Search,Paid - Shopping,39.70,2679,43
2025-05-10,Paid Search,Paid - Shopping,28.58,1644,28
2025-05-11,Paid Search,Paid - Shopping,28.58,1434,28
2025-05-12,Paid Search,Paid - Shopping,39.70,2544,40
2025-05-13,Paid Search,Paid - Shopping,39.70,1839,45
2025-05-14,Paid Search,Paid - Shopping,39.70,1865,38
2025-05-15,Paid Search,Paid - Shopping,39.70,1946,40
2025-05-16,Paid Search,Paid - Shopping,39.70,2119,42
2025-05-17,Paid Search,Paid - Shopping,28.58,1055,30
2025-05-18,Paid Search,Paid - Shopping,28.58,2357,32
2025-05-19,Paid Search,Paid - Shopping,39.70,3245,44
2025-05-20,Paid Search,Paid - Shopping,39.70,2373,39
2025-05-21,Paid Search,Paid - Shopping,39.70,2349,40
2025-05-22,Paid Search,Paid - Shopping,39.70,1800,41
2025-05-23,Paid Search,Paid - Shopping,39.70,2518,40
2025-05-24,Paid Search,Paid - Shopping,28.58,1346,27
2025-05-25,Paid Search,Paid - Shopping,28.58,1063,30
2025-05-26,Paid Search,Paid - Shopping,39.70,1858,41
2025-05-27,Paid Search,Paid - Shopping,39.70,3316,45
2025-05-28,Paid Search,Paid - Shopping,39.70,2771,43
2025-05-29,Paid Search,Paid - Shopping,39.70,3269,45
2025-05-30,Paid Search,Paid - Shopping,39.70,2242,42
2025-05-31,Paid Search,Paid - Shopping,28.58,994,29
2025-05-01,Paid Social,Paid - Prospecting,34.36,4190,88
2025-05-02,Paid Social,Paid - Prospecting,34.36,5450,84
2025-05-03,Paid Social,Paid - Prospecting,24.74,3383,61
2025-05-04,Paid Social,Paid - Prospecting,24.74,2600,53
2025-05-05,Paid Social,Paid - Prospecting,34.36,4391,75
2025-05-06,Paid Social,Paid - Prospecting,34.36,5180,87
2025-05-07,Paid Social,Paid - Prospecting,34.36,5512,85
2025-05-08,Paid Social,Paid - Prospecting,34.36,4547,77
2025-05-09,Paid Social,Paid - Prospecting,34.36,3505,82
2025-05-10,Paid Social,Paid - Prospecting,24.74,4436,64
2025-05-11,Paid Social,Paid - Prospecting,24.74,2725,53
2025-05-12,Paid Social,Paid - Prospecting,34.36,3026,79
2025-05-13,Paid Social,Paid - Prospecting,34.36,5387,76
2025-05-14,Paid Social,Paid - Prospecting,34.36,2582,84
2025-05-15,Paid Social,Paid - Prospecting,34.36,4235,85
2025-05-16,Paid Social,Paid - Prospecting,34.36,3170,73
2025-05-17,Paid Social,Paid - Prospecting,24.74,3214,63
2025-05-18,Paid Social,Paid - Prospecting,24.74,3762,60
2025-05-19,Paid Social,Paid - Prospecting,34.36,5464,79
2025-05-20,Paid Social,Paid - Prospecting,34.36,4621,75
2025-05-21,Paid Social,Paid - Prospecting,34.36,4996,87
2025-05-22,Paid Social,Paid - Prospecting,34.36,3468,85
2025-05-23,Paid Social,Paid - Prospecting,34.36,6101,84
2025-05-24,Paid Social,Paid - Prospecting,24.74,3547,62
2025-05-25,Paid Social,Paid - Prospecting,24.74,3113,61
2025-05-26,Paid Social,Paid - Prospecting,34.36,4020,76
2025-05-27,Paid Social,Paid - Prospecting,34.36,2481,74
2025-05-28,Paid Social,Paid - Prospecting,34.36,3451,82
2025-05-29,Paid Social,Paid - Prospecting,34.36,2646,76
2025-05-30,Paid Social,Paid - Prospecting,34.36,4022,74
2025-05-31,Paid Social,Paid - Prospecting,24.74,2580,64
2025-05-01,Paid Social,Paid - Retargeting,38.60,3037,83
2025-05-02,Paid Social,Paid - Retargeting,38.60,4103,90
2025-05-03,Paid Social,Paid - Retargeting,27.79,3198,67
2025-05-04,Paid Social,Paid - Retargeting,27.79,2886,72
2025-05-05,Paid Social,Paid - Retargeting,38.60,5234,94
2025-05-06,Paid Social,Paid - Retargeting,38.60,5438,92
2025-05-07,Paid Social,Paid - Retargeting,38.60,5178,100
2025-05-08,Paid Social,Paid - Retargeting,38.60,4651,89
2025-05-09,Paid Social,Paid - Retargeting,38.60,2884,100
2025-05-10,Paid Social,Paid - Retargeting,27.79,4137,72
2025-05-11,Paid Social,Paid - Retargeting,27.79,3925,72
2025-05-12,Paid Social,Paid - Retargeting,38.60,2972,99
2025-05-13,Paid Social,Paid - Retargeting,38.60,3750,83
2025-05-14,Paid Social,Paid - Retargeting,38.60,4352,90
2025-05-15,Paid Social,Paid - Retargeting,38.60,3830,92
2025-05-16,Paid Social,Paid - Retargeting,38.60,5870,83
2025-05-17,Paid Social,Paid - Retargeting,27.79,3391,64
2025-05-18,Paid Social,Paid - Retargeting,27.79,4059,66
2025-05-19,Paid Social,Paid - Retargeting,38.60,6446,89
2025-05-20,Paid Social,Paid - Retargeting,38.60,5459,95
2025-05-21,Paid Social,Paid - Retargeting,38.60,5029,88
2025-05-22,Paid Social,Paid - Retargeting,38.60,3134,95
2025-05-23,Paid Social,Paid - Retargeting,38.60,6482,93
2025-05-24,Paid Social,Paid - Retargeting,27.79,4489,68
2025-05-25,Paid Social,Paid - Retargeting,27.79,3749,61
2025-05-26,Paid Social,Paid - Retargeting,38.60,6401,89
2025-05-27,Paid Social,Paid - Retargeting,38.60,3364,95
2025-05-28,Paid Social,Paid - Retargeting,38.60,5491,93
2025-05-29,Paid Social,Paid - Retargeting,38.60,4009,92
2025-05-30,Paid Social,Paid - Retargeting,38.60,3162,85
2025-05-31,Paid Social,Paid - Retargeting,27.79,3735,66
2025-05-01,Paid Social,Paid - Creator,25.89,2165,66
2025-05-02,Paid Social,Paid - Creator,25.89,4190,57
2025-05-03,Paid Social,Paid - Creator,18.64,3042,44
2025-05-04,Paid Social,Paid - Creator,18.64,2708,44
2025-05-05,Paid Social,Paid - Creator,25.89,3247,65
2025-05-06,Paid Social,Paid - Creator,25.89,2370,64
2025-05-07,Paid Social,Paid - Creator,25.89,2214,64
2025-05-08,Paid Social,Paid - Creator,25.89,2421,64
2025-05-09,Paid Social,Paid - Creator,25.89,3032,58
2025-05-10,Paid Social,Paid - Creator,18.64,2366,44
2025-05-11,Paid Social,Paid - Creator,18.64,1252,41
2025-05-12,Paid Social,Paid - Creator,25.89,3698,57
2025-05-13,Paid Social,Paid - Creator,25.89,2500,56
2025-05-14,Paid Social,Paid - Creator,25.89,2118,62
2025-05-15,Paid Social,Paid - Creator,25.89,4106,58
2025-05-16,Paid Social,Paid - Creator,25.89,2007,59
2025-05-17,Paid Social,Paid - Creator,18.64,2784,43
2025-05-18,Paid Social,Paid - Creator,18.64,1346,42
2025-05-19,Paid Social,Paid - Creator,25.89,2404,64
2025-05-20,Paid Social,Paid - Creator,25.89,2376,57
2025-05-21,Paid Social,Paid - Creator,25.89,4136,66
2025-05-22,Paid Social,Paid - Creator,25.89,1721,56
2025-05-23,Paid Social,Paid - Creator,25.89,3339,56
2025-05-24,Paid Social,Paid - Creator,18.64,1726,46
2025-05-25,Paid Social,Paid - Creator,18.64,1878,41
2025-05-26,Paid Social,Paid - Creator,25.89,2237,56
2025-05-27,Paid Social,Paid - Creator,25.89,2819,57
2025-05-28,Paid Social,Paid - Creator,25.89,2434,60
2025-05-29,Paid Social,Paid - Creator,25.89,3315,64
2025-05-30,Paid Social,Paid - Creator,25.89,1619,55
2025-05-31,Paid Social,Paid - Creator,18.64,2649,42
2025-05-01,Affiliate,Affiliate - Cashback,11.96,705,16
2025-05-02,Affiliate,Affiliate - Cashback,11.96,960,16
2025-05-03,Affiliate,Affiliate - Cashback,8.61,804,11
2025-05-04,Affiliate,Affiliate - Cashback,8.61,782,12
2025-05-05,Affiliate,Affiliate - Cashback,11.96,1150,17
2025-05-06,Affiliate,Affiliate - Cashback,11.96,470,16
2025-05-07,Affiliate,Affiliate - Cashback,11.96,971,19
2025-05-08,Affiliate,Affiliate - Cashback,11.96,572,17
2025-05-09,Affiliate,Affiliate - Cashback,11.96,1110,18
2025-05-10,Affiliate,Affiliate - Cashback,8.61,954,13
2025-05-11,Affiliate,Affiliate - Cashback,8.61,525,11
2025-05-12,Affiliate,Affiliate - Cashback,11.96,621,17
2025-05-13,Affiliate,Affiliate - Cashback,11.96,1113,16
2025-05-14,Affiliate,Affiliate - Cashback,11.96,619,16
2025-05-15,Affiliate,Affiliate - Cashback,11.96,723,19
2025-05-16,Affiliate,Affiliate - Cashback,11.96,575,18
2025-05-17,Affiliate,Affiliate - Cashback,8.61,720,13
2025-05-18,Affiliate,Affiliate - Cashback,8.61,940,13
2025-05-19,Affiliate,Affiliate - Cashback,11.96,566,18
2025-05-20,Affiliate,Affiliate - Cashback,11.96,847,16
2025-05-21,Affiliate,Affiliate - Cashback,11.96,914,18
2025-05-22,Affiliate,Affiliate - Cashback,11.96,594,16
2025-05-23,Affiliate,Affiliate - Cashback,11.96,506,16
2025-05-24,Affiliate,Affiliate - Cashback,8.61,860,13
2025-05-25,Affiliate,Affiliate - Cashback,8.61,622,13
2025-05-26,Affiliate,Affiliate - Cashback,11.96,1168,17
2025-05-27,Affiliate,Affiliate - Cashback,11.96,586,16
2025-05-28,Affiliate,Affiliate - Cashback,11.96,545,17
2025-05-29,Affiliate,Affiliate - Cashback,11.96,886,18
2025-05-30,Affiliate,Affiliate - Cashback,11.96,631,16
2025-05-31,Affiliate,Affiliate - Cashback,8.61,648,13
2025-05-01,Affiliate,Affiliate - Content,18.46,1511,25
2025-05-02,Affiliate,Affiliate - Content,18.46,1794,27
2025-05-03,Affiliate,Affiliate - Content,13.29,839,20
2025-05-04,Affiliate,Affiliate - Content,13.29,1000,17
2025-05-05,Affiliate,Affiliate - Content,18.46,1405,25
2025-05-06,Affiliate,Affiliate - Content,18.46,1830,27
2025-05-07,Affiliate,Affiliate - Content,18.46,1578,26
2025-05-08,Affiliate,Affiliate - Content,18.46,948,27
2025-05-09,Affiliate,Affiliate - Content,18.46,1251,29
2025-05-10,Affiliate,Affiliate - Content,13.29,1083,20
2025-05-11,Affiliate,Affiliate - Content,13.29,1145,18
2025-05-12,Affiliate,Affiliate - Content,18.46,1190,28
2025-05-13,Affiliate,Affiliate - Content,18.46,1158,29
2025-05-14,Affiliate,Affiliate - Content,18.46,1004,26
2025-05-15,Affiliate,Affiliate - Content,18.46,1724,25
2025-05-16,Affiliate,Affiliate - Content,18.46,1432,27
2025-05-17,Affiliate,Affiliate - Content,13.29,687,21
2025-05-18,Affiliate,Affiliate - Content,13.29,893,20
2025-05-19,Affiliate,Affiliate - Content,18.46,1426,26
2025-05-20,Affiliate,Affiliate - Content,18.46,1001,26
2025-05-21,Affiliate,Affiliate - Content,18.46,731,24
2025-05-22,Affiliate,Affiliate - Content,18.46,1787,27
2025-05-23,Affiliate,Affiliate - Content,18.46,929,29
2025-05-24,Affiliate,Affiliate - Content,13.29,788,20
2025-05-25,Affiliate,Affiliate - Content,13.29,753,20
2025-05-26,Affiliate,Affiliate - Content,18.46,1058,29
2025-05-27,Affiliate,Affiliate - Content,18.46,1698,28
2025-05-28,Affiliate,Affiliate - Content,18.46,1151,25
2025-05-29,Affiliate,Affiliate - Content,18.46,1923,28
2025-05-30,Affiliate,Affiliate - Content,18.46,1434,24
2025-05-31,Affiliate,Affiliate - Content,13.29,881,19
2025-05-01,Affiliate,Affiliate - Voucher,12.87,1086,17
2025-05-02,Affiliate,Affiliate - Voucher,12.87,1255,18
2025-05-03,Affiliate,Affiliate - Voucher,9.26,373,13
2025-05-04,Affiliate,Affiliate - Voucher,9.26,959,13
2025-05-05,Affiliate,Affiliate - Voucher,12.87,653,18
2025-05-06,Affiliate,Affiliate - Voucher,12.87,606,18
2025-05-07,Affiliate,Affiliate - Voucher,12.87,1108,18
2025-05-08,Affiliate,Affiliate - Voucher,12.87,518,17
2025-05-09,Affiliate,Affiliate - Voucher,12.87,779,19
2025-05-10,Affiliate,Affiliate - Voucher,9.26,718,14
2025-05-11,Affiliate,Affiliate - Voucher,9.26,507,12
2025-05-12,Affiliate,Affiliate - Voucher,12.87,1002,18
2025-05-13,Affiliate,Affiliate - Voucher,12.87,1163,18
2025-05-14,Affiliate,Affiliate - Voucher,12.87,793,20
2025-05-15,Affiliate,Affiliate - Voucher,12.87,854,20
2025-05-16,Affiliate,Affiliate - Voucher,12.87,1177,18
2025-05-17,Affiliate,Affiliate - Voucher,9.26,431,14
2025-05-18,Affiliate,Affiliate - Voucher,9.26,665,12
2025-05-19,Affiliate,Affiliate - Voucher,12.87,990,18
2025-05-20,Affiliate,Affiliate - Voucher,12.87,1124,19
2025-05-21,Affiliate,Affiliate - Voucher,12.87,661,18
2025-05-22,Affiliate,Affiliate - Voucher,12.87,1003,17
2025-05-23,Affiliate,Affiliate - Voucher,12.87,1379,20
2025-05-24,Affiliate,Affiliate - Voucher,9.26,584,13
2025-05-25,Affiliate,Affiliate - Voucher,9.26,528,14
2025-05-26,Affiliate,Affiliate - Voucher,12.87,1191,17
2025-05-27,Affiliate,Affiliate - Voucher,12.87,1350,19
2025-05-28,Affiliate,Affiliate - Voucher,12.87,584,17
2025-05-29,Affiliate,Affiliate - Voucher,12.87,1033,19
2025-05-30,Affiliate,Affiliate - Voucher,12.87,629,17
2025-05-31,Affiliate,Affiliate - Voucher,9.26,950,13
2025-05-01,Email & CRM,Email - Lifecycle,2.07,1327,18
2025-05-02,Email & CRM,Email - Lifecycle,2.07,854,16
2025-05-03,Email & CRM,Email - Lifecycle,1.49,533,12
2025-05-04,Email & CRM,Email - Lifecycle,1.49,553,12
2025-05-05,Email & CRM,Email - Lifecycle,2.07,979,16
2025-05-06,Email & CRM,Email - Lifecycle,2.07,668,18
2025-05-07,Email & CRM,Email - Lifecycle,2.07,919,18
2025-05-08,Email & CRM,Email - Lifecycle,2.07,671,16
2025-05-09,Email & CRM,Email - Lifecycle,2.07,1165,17
2025-05-10,Email & CRM,Email - Lifecycle,1.49,811,12
2025-05-11,Email & CRM,Email - Lifecycle,1.49,712,12
2025-05-12,Email & CRM,Email - Lifecycle,2.07,788,17
2025-05-13,Email & CRM,Email - Lifecycle,2.07,931,16
2025-05-14,Email & CRM,Email - Lifecycle,2.07,738,18
2025-05-15,Email & CRM,Email - Lifecycle,2.07,450,15
2025-05-16,Email & CRM,Email - Lifecycle,2.07,1115,17
2025-05-17,Email & CRM,Email - Lifecycle,1.49,638,12
2025-05-18,Email & CRM,Email - Lifecycle,1.49,373,12
2025-05-19,Email & CRM,Email - Lifecycle,2.07,901,15
2025-05-20,Email & CRM,Email - Lifecycle,2.07,776,16
2025-05-21,Email & CRM,Email - Lifecycle,2.07,1199,17
2025-05-22,Email & CRM,Email - Lifecycle,2.07,1206,18
2025-05-23,Email & CRM,Email - Lifecycle,2.07,532,18
2025-05-24,Email & CRM,Email - Lifecycle,1.49,808,13
2025-05-25,Email & CRM,Email - Lifecycle,1.49,512,13
2025-05-26,Email & CRM,Email - Lifecycle,2.07,957,18
2025-05-27,Email & CRM,Email - Lifecycle,2.07,449,15
2025-05-28,Email & CRM,Email - Lifecycle,2.07,1092,16
2025-05-29,Email & CRM,Email - Lifecycle,2.07,1086,18
2025-05-30,Email & CRM,Email - Lifecycle,2.07,761,18
2025-05-31,Email & CRM,Email - Lifecycle,1.49,771,12
2025-05-01,Email & CRM,Email - Winback,3.31,1541,28
2025-05-02,Email & CRM,Email - Winback,3.31,770,25
2025-05-03,Email & CRM,Email - Winback,2.39,545,18
2025-05-04,Email & CRM,Email - Winback,2.39,641,20
2025-05-05,Email & CRM,Email - Winback,3.31,1390,25
2025-05-06,Email & CRM,Email - Winback,3.31,1155,25
2025-05-07,Email & CRM,Email - Winback,3.31,1630,29
2025-05-08,Email & CRM,Email - Winback,3.31,1495,25
2025-05-09,Email & CRM,Email - Winback,3.31,2002,29
2025-05-10,Email & CRM,Email - Winback,2.39,1320,19
2025-05-11,Email & CRM,Email - Winback,2.39,1011,18
2025-05-12,Email & CRM,Email - Winback,3.31,1713,29
2025-05-13,Email & CRM,Email - Winback,3.31,1481,25
2025-05-14,Email & CRM,Email - Winback,3.31,1697,26
2025-05-15,Email & CRM,Email - Winback,3.31,1760,26
2025-05-16,Email & CRM,Email - Winback,3.31,882,27
2025-05-17,Email & CRM,Email - Winback,2.39,1178,17
2025-05-18,Email & CRM,Email - Winback,2.39,795,19
2025-05-19,Email & CRM,Email - Winback,3.31,882,29
2025-05-20,Email & CRM,Email - Winback,3.31,1173,25
2025-05-21,Email & CRM,Email - Winback,3.31,1558,30
2025-05-22,Email & CRM,Email - Winback,3.31,808,26
2025-05-23,Email & CRM,Email - Winback,3.31,856,27
2025-05-24,Email & CRM,Email - Winback,2.39,1474,21
2025-05-25,Email & CRM,Email - Winback,2.39,1310,19
2025-05-26,Email & CRM,Email - Winback,3.31,822,25
2025-05-27,Email & CRM,Email - Winback,3.31,1394,25
2025-05-28,Email & CRM,Email - Winback,3.31,1185,24
2025-05-29,Email & CRM,Email - Winback,3.31,977,26
2025-05-30,Email & CRM,Email - Winback,3.31,1760,25
2025-05-31,Email & CRM,Email - Winback,2.39,1156,18
2025-05-01,Marketplace,Marketplace - Sponsored Listings,41.87,3933,74
2025-05-02,Marketplace,Marketplace - Sponsored Listings,41.87,2615,77
2025-05-03,Marketplace,Marketplace - Sponsored Listings,30.15,3149,51
2025-05-04,Marketplace,Marketplace - Sponsored Listings,30.15,2914,54
2025-05-05,Marketplace,Marketplace - Sponsored Listings,41.87,2606,80
2025-05-06,Marketplace,Marketplace - Sponsored Listings,41.87,2561,74
2025-05-07,Marketplace,Marketplace - Sponsored Listings,41.87,3277,71
2025-05-08,Marketplace,Marketplace - Sponsored Listings,41.87,4007,71
2025-05-09,Marketplace,Marketplace - Sponsored Listings,41.87,5567,83
2025-05-10,Marketplace,Marketplace - Sponsored Listings,30.15,1945,56
2025-05-11,Marketplace,Marketplace - Sponsored Listings,30.15,2009,57
2025-05-12,Marketplace,Marketplace - Sponsored Listings,41.87,3984,69
2025-05-13,Marketplace,Marketplace - Sponsored Listings,41.87,3093,73
2025-05-14,Marketplace,Marketplace - Sponsored Listings,41.87,5239,72
2025-05-15,Marketplace,Marketplace - Sponsored Listings,41.87,4589,77
2025-05-16,Marketplace,Marketplace - Sponsored Listings,41.87,5472,76
2025-05-17,Marketplace,Marketplace - Sponsored Listings,30.15,4192,59
2025-05-18,Marketplace,Marketplace - Sponsored Listings,30.15,3802,57
2025-05-19,Marketplace,Marketplace - Sponsored Listings,41.87,3827,71
2025-05-20,Marketplace,Marketplace - Sponsored Listings,41.87,3817,78
2025-05-21,Marketplace,Marketplace - Sponsored Listings,41.87,5493,77
2025-05-22,Marketplace,Marketplace - Sponsored Listings,41.87,3771,72
2025-05-23,Marketplace,Marketplace - Sponsored Listings,41.87,4444,74
2025-05-24,Marketplace,Marketplace - Sponsored Listings,30.15,4129,58
2025-05-25,Marketplace,Marketplace - Sponsored Listings,30.15,2810,58
2025-05-26,Marketplace,Marketplace - Sponsored Listings,41.87,2426,72
2025-05-27,Marketplace,Marketplace - Sponsored Listings,41.87,4556,73
2025-05-28,Marketplace,Marketplace - Sponsored Listings,41.87,4130,78
2025-05-29,Marketplace,Marketplace - Sponsored Listings,41.87,2835,77
2025-05-30,Marketplace,Marketplace - Sponsored Listings,41.87,4540,79
2025-05-31,Marketplace,Marketplace - Sponsored Listings,30.15,4180,58
2025-06-01,Organic Search,Organic - SEO Content,6.75,4746,143
2025-06-02,Organic Search,Organic - SEO Content,9.38,9300,181
2025-06-03,Organic Search,Organic - SEO Content,9.38,8408,176
2025-06-04,Organic Search,Organic - SEO Content,9.38,12180,169
2025-06-05,Organic Search,Organic - SEO Content,9.38,7415,205
2025-06-06,Organic Search,Organic - SEO Content,9.38,12677,199
2025-06-07,Organic Search,Organic - SEO Content,6.75,6090,127
2025-06-08,Organic Search,Organic - SEO Content,6.75,5483,145
2025-06-09,Organic Search,Organic - SEO Content,9.38,6605,178
2025-06-10,Organic Search,Organic - SEO Content,9.38,12962,202
2025-06-11,Organic Search,Organic - SEO Content,9.38,8398,194
2025-06-12,Organic Search,Organic - SEO Content,9.38,5667,200
2025-06-13,Organic Search,Organic - SEO Content,9.38,11570,192
2025-06-14,Organic Search,Organic - SEO Content,6.75,4133,133
2025-06-15,Organic Search,Organic - SEO Content,6.75,6470,143
2025-06-16,Organic Search,Organic - SEO Content,9.38,6382,204
2025-06-17,Organic Search,Organic - SEO Content,9.38,13431,196
2025-06-18,Organic Search,Organic - SEO Content,9.38,5538,182
2025-06-19,Organic Search,Organic - SEO Content,9.38,9401,183
2025-06-20,Organic Search,Organic - SEO Content,9.38,7339,170
2025-06-21,Organic Search,Organic - SEO Content,6.75,7466,129
2025-06-22,Organic Search,Organic - SEO Content,6.75,4463,139
2025-06-23,Organic Search,Organic - SEO Content,9.38,12722,200
2025-06-24,Organic Search,Organic - SEO Content,9.38,9665,191
2025-06-25,Organic Search,Organic - SEO Content,9.38,10032,186
2025-06-26,Organic Search,Organic - SEO Content,9.38,4733,169
2025-06-27,Organic Search,Organic - SEO Content,9.38,6376,180
2025-06-28,Organic Search,Organic - SEO Content,6.75,8367,121
2025-06-29,Organic Search,Organic - SEO Content,6.75,6498,129
2025-06-30,Organic Search,Organic - SEO Content,9.38,13123,191
2025-06-01,Paid Search,Paid - Brand,20.54,1402,22
2025-06-02,Paid Search,Paid - Brand,28.53,1461,27
2025-06-03,Paid Search,Paid - Brand,28.53,1715,31
2025-06-04,Paid Search,Paid - Brand,28.53,1236,29
2025-06-05,Paid Search,Paid - Brand,28.53,878,28
2025-06-06,Paid Search,Paid - Brand,28.53,1228,30
2025-06-07,Paid Search,Paid - Brand,20.54,670,19
2025-06-08,Paid Search,Paid - Brand,20.54,1255,21
2025-06-09,Paid Search,Paid - Brand,28.53,2161,30
2025-06-10,Paid Search,Paid - Brand,28.53,1431,27
2025-06-11,Paid Search,Paid - Brand,28.53,1915,30
2025-06-12,Paid Search,Paid - Brand,28.53,1085,29
2025-06-13,Paid Search,Paid - Brand,28.53,1372,27
2025-06-14,Paid Search,Paid - Brand,20.54,869,23
2025-06-15,Paid Search,Paid - Brand,20.54,1347,21
2025-06-16,Paid Search,Paid - Brand,28.53,1959,30
2025-06-17,Paid Search,Paid - Brand,28.53,868,29
2025-06-18,Paid Search,Paid - Brand,28.53,1319,28
2025-06-19,Paid Search,Paid - Brand,28.53,1783,27
2025-06-20,Paid Search,Paid - Brand,28.53,1675,30
2025-06-21,Paid Search,Paid - Brand,20.54,1356,20
2025-06-22,Paid Search,Paid - Brand,20.54,1205,21
2025-06-23,Paid Search,Paid - Brand,28.53,2233,31
2025-06-24,Paid Search,Paid - Brand,28.53,1868,27
2025-06-25,Paid Search,Paid - Brand,28.53,1787,31
2025-06-26,Paid Search,Paid - Brand,28.53,1986,28
2025-06-27,Paid Search,Paid - Brand,28.53,1264,29
2025-06-28,Paid Search,Paid - Brand,20.54,935,22
2025-06-29,Paid Search,Paid - Brand,20.54,1509,22
2025-06-30,Paid Search,Paid - Brand,28.53,1298,31
2025-06-01,Paid Search,Paid - Generic,20.89,1567,22
2025-06-02,Paid Search,Paid - Generic,29.01,971,30
2025-06-03,Paid Search,Paid - Generic,29.01,1186,28
2025-06-04,Paid Search,Paid - Generic,29.01,2064,29
2025-06-05,Paid Search,Paid - Generic,29.01,2090,31
2025-06-06,Paid Search,Paid - Generic,29.01,934,31
2025-06-07,Paid Search,Paid - Generic,20.89,1599,22
2025-06-08,Paid Search,Paid - Generic,20.89,1475,22
2025-06-09,Paid Search,Paid - Generic,29.01,1066,27
2025-06-10,Paid Search,Paid - Generic,29.01,1064,33
2025-06-11,Paid Search,Paid - Generic,29.01,1220,28
2025-06-12,Paid Search,Paid - Generic,29.01,1377,28
2025-06-13,Paid Search,Paid - Generic,29.01,1238,32
2025-06-14,Paid Search,Paid - Generic,20.89,1170,21
2025-06-15,Paid Search,Paid - Generic,20.89,703,23
2025-06-16,Paid Search,Paid - Generic,29.01,1803,27
2025-06-17,Paid Search,Paid - Generic,29.01,843,30
2025-06-18,Paid Search,Paid - Generic,29.01,1383,30
2025-06-19,Paid Search,Paid - Generic,29.01,2093,30
2025-06-20,Paid Search,Paid - Generic,29.01,2153,31
2025-06-21,Paid Search,Paid - Generic,20.89,1526,21
2025-06-22,Paid Search,Paid - Generic,20.89,1470,23
2025-06-23,Paid Search,Paid - Generic,29.01,1070,32
2025-06-24,Paid Search,Paid - Generic,29.01,1617,28
2025-06-25,Paid Search,Paid - Generic,29.01,1587,28
2025-06-26,Paid Search,Paid - Generic,29.01,1730,28
2025-06-27,Paid Search,Paid - Generic,29.01,1683,30
2025-06-28,Paid Search,Paid - Generic,20.89,1280,21
2025-06-29,Paid Search,Paid - Generic,20.89,1502,21
2025-06-30,Paid Search,Paid - Generic,29.01,1998,32
2025-06-01,Paid Search,Paid - Shopping,18.50,610,19
2025-06-02,Paid Search,Paid - Shopping,25.69,2034,28
2025-06-03,Paid Search,Paid - Shopping,25.69,1366,27
2025-06-04,Paid Search,Paid - Shopping,25.69,1536,28
2025-06-05,Paid Search,Paid - Shopping,25.69,1826,25
2025-06-06,Paid Search,Paid - Shopping,25.69,953,28
2025-06-07,Paid Search,Paid - Shopping,18.50,855,17
2025-06-08,Paid Search,Paid - Shopping,18.50,1185,20
2025-06-09,Paid Search,Paid - Shopping,25.69,1705,25
2025-06-10,Paid Search,Paid - Shopping,25.69,1630,29
2025-06-11,Paid Search,Paid - Shopping,25.69,1960,28
2025-06-12,Paid Search,Paid - Shopping,25.69,1969,27
2025-06-13,Paid Search,Paid - Shopping,25.69,1199,27
2025-06-14,Paid Search,Paid - Shopping,18.50,1204,18
2025-06-15,Paid Search,Paid - Shopping,18.50,1310,19
2025-06-16,Paid Search,Paid - Shopping,25.69,1080,27
2025-06-17,Paid Search,Paid - Shopping,25.69,2058,28
2025-06-18,Paid Search,Paid - Shopping,25.69,1064,25
2025-06-19,Paid Search,Paid - Shopping,25.69,1745,29
2025-06-20,Paid Search,Paid - Shopping,25.69,1280,24
2025-06-21,Paid Search,Paid - Shopping,18.50,1078,17
2025-06-22,Paid Search,Paid - Shopping,18.50,840,18
2025-06-23,Paid Search,Paid - Shopping,25.69,816,27
2025-06-24,Paid Search,Paid - Shopping,25.69,1374,29
2025-06-25,Paid Search,Paid - Shopping,25.69,1955,29
2025-06-26,Paid Search,Paid - Shopping,25.69,1268,26
2025-06-27,Paid Search,Paid - Shopping,25.69,1750,26
2025-06-28,Paid Search,Paid - Shopping,18.50,1182,20
2025-06-29,Paid Search,Paid - Shopping,18.50,1381,20
2025-06-30,Paid Search,Paid - Shopping,25.69,1755,25
2025-06-01,Paid Social,Paid - Prospecting,20.01,3470,51
2025-06-02,Paid Social,Paid - Prospecting,27.79,3201,62
2025-06-03,Paid Social,Paid - Prospecting,27.79,4545,62
2025-06-04,Paid Social,Paid - Prospecting,27.79,5190,71
2025-06-05,Paid Social,Paid - Prospecting,27.79,2830,60
2025-06-06,Paid Social,Paid - Prospecting,27.79,3392,69
2025-06-07,Paid Social,Paid - Prospecting,20.01,2507,46
2025-06-08,Paid Social,Paid - Prospecting,20.01,2951,48
2025-06-09,Paid Social,Paid - Prospecting,27.79,3955,65
2025-06-10,Paid Social,Paid - Prospecting,27.79,3209,67
2025-06-11,Paid Social,Paid - Prospecting,27.79,2407,60
2025-06-12,Paid Social,Paid - Prospecting,27.79,3497,64
2025-06-13,Paid Social,Paid - Prospecting,27.79,4198,72
2025-06-14,Paid Social,Paid - Prospecting,20.01,1354,42
2025-06-15,Paid Social,Paid - Prospecting,20.01,1791,43
2025-06-16,Paid Social,Paid - Prospecting,27.79,3077,63
2025-06-17,Paid Social,Paid - Prospecting,27.79,3050,69
2025-06-18,Paid Social,Paid - Prospecting,27.79,4746,71
2025-06-19,Paid Social,Paid - Prospecting,27.79,2524,67
2025-06-20,Paid Social,Paid - Prospecting,27.79,4568,70
2025-06-21,Paid Social,Paid - Prospecting,20.01,2851,43
2025-06-22,Paid Social,Paid - Prospecting,20.01,2425,44
2025-06-23,Paid Social,Paid - Prospecting,27.79,3550,64
2025-06-24,Paid Social,Paid - Prospecting,27.79,2029,63
2025-06-25,Paid Social,Paid - Prospecting,27.79,4530,69
2025-06-26,Paid Social,Paid - Prospecting,27.79,3510,67
2025-06-27,Paid Social,Paid - Prospecting,27.79,3524,64
2025-06-28,Paid Social,Paid - Prospecting,20.01,1857,46
2025-06-29,Paid Social,Paid - Prospecting,20.01,3549,49
2025-06-30,Paid Social,Paid - Prospecting,27.79,3505,61
2025-06-01,Paid Social,Paid - Retargeting,35.64,3509,77
2025-06-02,Paid Social,Paid - Retargeting,49.50,4948,112
2025-06-03,Paid Social,Paid - Retargeting,49.50,4425,123
2025-06-04,Paid Social,Paid - Retargeting,49.50,6124,116
2025-06-05,Paid Social,Paid - Retargeting,49.50,5102,119
2025-06-06,Paid Social,Paid - Retargeting,49.50,5181,127
2025-06-07,Paid Social,Paid - Retargeting,35.64,3712,89
2025-06-08,Paid Social,Paid - Retargeting,35.64,4928,83
2025-06-09,Paid Social,Paid - Retargeting,49.50,8232,112
2025-06-10,Paid Social,Paid - Retargeting,49.50,7873,109
2025-06-11,Paid Social,Paid - Retargeting,49.50,5542,121
2025-06-12,Paid Social,Paid - Retargeting,49.50,4609,110
2025-06-13,Paid Social,Paid - Retargeting,49.50,4232,126
2025-06-14,Paid Social,Paid - Retargeting,35.64,2427,79
2025-06-15,Paid Social,Paid - Retargeting,35.64,5742,92
2025-06-16,Paid Social,Paid - Retargeting,49.50,6752,128
2025-06-17,Paid Social,Paid - Retargeting,49.50,5722,118
2025-06-18,Paid Social,Paid - Retargeting,49.50,7300,115
2025-06-19,Paid Social,Paid - Retargeting,49.50,9181,129
2025-06-20,Paid Social,Paid - Retargeting,49.50,7001,115
2025-06-21,Paid Social,Paid - Retargeting,35.64,4583,86
2025-06-22,Paid Social,Paid - Retargeting,35.64,2792,86
2025-06-23,Paid Social,Paid - Retargeting,49.50,4946,128
2025-06-24,Paid Social,Paid - Retargeting,49.50,5454,121
2025-06-25,Paid Social,Paid - Retargeting,49.50,4743,115
2025-06-26,Paid Social,Paid - Retargeting,49.50,8003,115
2025-06-27,Paid Social,Paid - Retargeting,49.50,6577,125
2025-06-28,Paid Social,Paid - Retargeting,35.64,3638,79
2025-06-29,Paid Social,Paid - Retargeting,35.64,5206,93
2025-06-30,Paid Social,Paid - Retargeting,49.50,4472,123
2025-06-01,Paid Social,Paid - Creator,31.51,2689,80
2025-06-02,Paid Social,Paid - Creator,43.77,3967,110
2025-06-03,Paid Social,Paid - Creator,43.77,5718,98
2025-06-04,Paid Social,Paid - Creator,43.77,6790,100
2025-06-05,Paid Social,Paid - Creator,43.77,7310,106
2025-06-06,Paid Social,Paid - Creator,43.77,5647,97
2025-06-07,Paid Social,Paid - Creator,31.51,5794,81
2025-06-08,Paid Social,Paid - Creator,31.51,3548,71
2025-06-09,Paid Social,Paid - Creator,43.77,7298,99
2025-06-10,Paid Social,Paid - Creator,43.77,3675,107
2025-06-11,Paid Social,Paid - Creator,43.77,5974,96
2025-06-12,Paid Social,Paid - Creator,43.77,6174,97
2025-06-13,Paid Social,Paid - Creator,43.77,6108,96
2025-06-14,Paid Social,Paid - Creator,31.51,3633,72
2025-06-15,Paid Social,Paid - Creator,31.51,3927,73
2025-06-16,Paid Social,Paid - Creator,43.77,4697,112
2025-06-17,Paid Social,Paid - Creator,43.77,5163,102
2025-06-18,Paid Social,Paid - Creator,43.77,6084,109
2025-06-19,Paid Social,Paid - Creator,43.77,4289,94
2025-06-20,Paid Social,Paid - Creator,43.77,6146,101
2025-06-21,Paid Social,Paid - Creator,31.51,3448,79
2025-06-22,Paid Social,Paid - Creator,31.51,4539,68
2025-06-23,Paid Social,Paid - Creator,43.77,3078,103
2025-06-24,Paid Social,Paid - Creator,43.77,6715,112
2025-06-25,Paid Social,Paid - Creator,43.77,6823,99
2025-06-26,Paid Social,Paid - Creator,43.77,4063,110
2025-06-27,Paid Social,Paid - Creator,43.77,3661,102
2025-06-28,Paid Social,Paid - Creator,31.51,2690,73
2025-06-29,Paid Social,Paid - Creator,31.51,3102,77
2025-06-30,Paid Social,Paid - Creator,43.77,4911,97
2025-06-01,Affiliate,Affiliate - Cashback,5.04,373,7
2025-06-02,Affiliate,Affiliate - Cashback,7.00,361,10
2025-06-03,Affiliate,Affiliate - Cashback,7.00,311,10
2025-06-04,Affiliate,Affiliate - Cashback,7.00,562,10
2025-06-05,Affiliate,Affiliate - Cashback,7.00,314,11
2025-06-06,Affiliate,Affiliate - Cashback,7.00,261,9
2025-06-07,Affiliate,Affiliate - Cashback,5.04,379,7
2025-06-08,Affiliate,Affiliate - Cashback,5.04,329,6
2025-06-09,Affiliate,Affiliate - Cashback,7.00,715,10
2025-06-10,Affiliate,Affiliate - Cashback,7.00,610,10
2025-06-11,Affiliate,Affiliate - Cashback,7.00,498,11
2025-06-12,Affiliate,Affiliate - Cashback,7.00,600,10
2025-06-13,Affiliate,Affiliate - Cashback,7.00,520,10
2025-06-14,Affiliate,Affiliate - Cashback,5.04,437,7
2025-06-15,Affiliate,Affiliate - Cashback,5.04,517,7
2025-06-16,Affiliate,Affiliate - Cashback,7.00,575,9
2025-06-17,Affiliate,Affiliate - Cashback,7.00,404,10
2025-06-18,Affiliate,Affiliate - Cashback,7.00,409,10
2025-06-19,Affiliate,Affiliate - Cashback,7.00,330,10
2025-06-20,Affiliate,Affiliate - Cashback,7.00,689,10
2025-06-21,Affiliate,Affiliate - Cashback,5.04,566,8
2025-06-22,Affiliate,Affiliate - Cashback,5.04,302,8
2025-06-23,Affiliate,Affiliate - Cashback,7.00,663,10
2025-06-24,Affiliate,Affiliate - Cashback,7.00,731,10
2025-06-25,Affiliate,Affiliate - Cashback,7.00,513,11
2025-06-26,Affiliate,Affiliate - Cashback,7.00,593,9
2025-06-27,Affiliate,Affiliate - Cashback,7.00,521,10
2025-06-28,Affiliate,Affiliate - Cashback,5.04,261,6
2025-06-29,Affiliate,Affiliate - Cashback,5.04,281,7
2025-06-30,Affiliate,Affiliate - Cashback,7.00,341,11
2025-06-01,Affiliate,Affiliate - Content,6.33,264,8
2025-06-02,Affiliate,Affiliate - Content,8.79,393,12
2025-06-03,Affiliate,Affiliate - Content,8.79,784,12
2025-06-04,Affiliate,Affiliate - Content,8.79,844,13
2025-06-05,Affiliate,Affiliate - Content,8.79,420,13
2025-06-06,Affiliate,Affiliate - Content,8.79,900,13
2025-06-07,Affiliate,Affiliate - Content,6.33,272,9
2025-06-08,Affiliate,Affiliate - Content,6.33,302,8
2025-06-09,Affiliate,Affiliate - Content,8.79,824,12
2025-06-10,Affiliate,Affiliate - Content,8.79,672,12
2025-06-11,Affiliate,Affiliate - Content,8.79,633,12
2025-06-12,Affiliate,Affiliate - Content,8.79,435,12
2025-06-13,Affiliate,Affiliate - Content,8.79,623,12
2025-06-14,Affiliate,Affiliate - Content,6.33,316,8
2025-06-15,Affiliate,Affiliate - Content,6.33,300,9
2025-06-16,Affiliate,Affiliate - Content,8.79,842,12
2025-06-17,Affiliate,Affiliate - Content,8.79,596,13
2025-06-18,Affiliate,Affiliate - Content,8.79,549,13
2025-06-19,Affiliate,Affiliate - Content,8.79,440,11
2025-06-20,Affiliate,Affiliate - Content,8.79,803,12
2025-06-21,Affiliate,Affiliate - Content,6.33,542,8
2025-06-22,Affiliate,Affiliate - Content,6.33,384,9
2025-06-23,Affiliate,Affiliate - Content,8.79,767,13
2025-06-24,Affiliate,Affiliate - Content,8.79,563,12
2025-06-25,Affiliate,Affiliate - Content,8.79,397,12
2025-06-26,Affiliate,Affiliate - Content,8.79,802,13
2025-06-27,Affiliate,Affiliate - Content,8.79,409,13
2025-06-28,Affiliate,Affiliate - Content,6.33,653,10
2025-06-29,Affiliate,Affiliate - Content,6.33,514,8
2025-06-30,Affiliate,Affiliate - Content,8.79,730,12
2025-06-01,Affiliate,Affiliate - Voucher,7.25,508,9
2025-06-02,Affiliate,Affiliate - Voucher,10.08,804,13
2025-06-03,Affiliate,Affiliate - Voucher,10.08,635,14
2025-06-04,Affiliate,Affiliate - Voucher,10.08,662,15
2025-06-05,Affiliate,Affiliate - Voucher,10.08,990,14
2025-06-06,Affiliate,Affiliate - Voucher,10.08,793,13
2025-06-07,Affiliate,Affiliate - Voucher,7.25,613,10
2025-06-08,Affiliate,Affiliate - Voucher,7.25,511,11
2025-06-09,Affiliate,Affiliate - Voucher,10.08,685,14
2025-06-10,Affiliate,Affiliate - Voucher,10.08,688,15
2025-06-11,Affiliate,Affiliate - Voucher,10.08,419,13
2025-06-12,Affiliate,Affiliate - Voucher,10.08,806,14
2025-06-13,Affiliate,Affiliate - Voucher,10.08,741,14
2025-06-14,Affiliate,Affiliate - Voucher,7.25,510,10
2025-06-15,Affiliate,Affiliate - Voucher,7.25,790,11
2025-06-16,Affiliate,Affiliate - Voucher,10.08,887,15
2025-06-17,Affiliate,Affiliate - Voucher,10.08,404,14
2025-06-18,Affiliate,Affiliate - Voucher,10.08,942,15
2025-06-19,Affiliate,Affiliate - Voucher,10.08,444,14
2025-06-20,Affiliate,Affiliate - Voucher,10.08,777,15
2025-06-21,Affiliate,Affiliate - Voucher,7.25,430,10
2025-06-22,Affiliate,Affiliate - Voucher,7.25,563,10
2025-06-23,Affiliate,Affiliate - Voucher,10.08,1020,15
2025-06-24,Affiliate,Affiliate - Voucher,10.08,703,15
2025-06-25,Affiliate,Affiliate - Voucher,10.08,1067,15
2025-06-26,Affiliate,Affiliate - Voucher,10.08,806,13
2025-06-27,Affiliate,Affiliate - Voucher,10.08,535,13
2025-06-28,Affiliate,Affiliate - Voucher,7.25,682,11
2025-06-29,Affiliate,Affiliate - Voucher,7.25,607,11
2025-06-30,Affiliate,Affiliate - Voucher,10.08,611,13
2025-06-01,Email & CRM,Email - Lifecycle,2.06,901,17
2025-06-02,Email & CRM,Email - Lifecycle,2.86,1014,23
2025-06-03,Email & CRM,Email - Lifecycle,2.86,702,24
2025-06-04,Email & CRM,Email - Lifecycle,2.86,1159,22
2025-06-05,Email & CRM,Email - Lifecycle,2.86,1316,25
2025-06-06,Email & CRM,Email - Lifecycle,2.86,905,25
2025-06-07,Email & CRM,Email - Lifecycle,2.06,970,17
2025-06-08,Email & CRM,Email - Lifecycle,2.06,1094,15
2025-06-09,Email & CRM,Email - Lifecycle,2.86,1014,22
2025-06-10,Email & CRM,Email - Lifecycle,2.86,975,22
2025-06-11,Email & CRM,Email - Lifecycle,2.86,1463,21
2025-06-12,Email & CRM,Email - Lifecycle,2.86,1649,23
2025-06-13,Email & CRM,Email - Lifecycle,2.86,927,23
2025-06-14,Email & CRM,Email - Lifecycle,2.06,668,16
2025-06-15,Email & CRM,Email - Lifecycle,2.06,1280,18
2025-06-16,Email & CRM,Email - Lifecycle,2.86,1272,22
2025-06-17,Email & CRM,Email - Lifecycle,2.86,1204,22
2025-06-18,Email & CRM,Email - Lifecycle,2.86,1392,21
2025-06-19,Email & CRM,Email - Lifecycle,2.86,756,23
2025-06-20,Email & CRM,Email - Lifecycle,2.86,1048,22
2025-06-21,Email & CRM,Email - Lifecycle,2.06,1213,17
2025-06-22,Email & CRM,Email - Lifecycle,2.06,1090,17
2025-06-23,Email & CRM,Email - Lifecycle,2.86,1230,21
2025-06-24,Email & CRM,Email - Lifecycle,2.86,1640,25
2025-06-25,Email & CRM,Email - Lifecycle,2.86,799,24
2025-06-26,Email & CRM,Email - Lifecycle,2.86,1596,23
2025-06-27,Email & CRM,Email - Lifecycle,2.86,1061,25
2025-06-28,Email & CRM,Email - Lifecycle,2.06,762,18
2025-06-29,Email & CRM,Email - Lifecycle,2.06,1247,18
2025-06-30,Email & CRM,Email - Lifecycle,2.86,696,22
2025-06-01,Email & CRM,Email - Winback,2.74,1761,24
2025-06-02,Email & CRM,Email - Winback,3.80,965,30
2025-06-03,Email & CRM,Email - Winback,3.80,1271,30
2025-06-04,Email & CRM,Email - Winback,3.80,2240,33
2025-06-05,Email & CRM,Email - Winback,3.80,1582,32
2025-06-06,Email & CRM,Email - Winback,3.80,1365,31
2025-06-07,Email & CRM,Email - Winback,2.74,928,20
2025-06-08,Email & CRM,Email - Winback,2.74,1502,24
2025-06-09,Email & CRM,Email - Winback,3.80,1823,29
2025-06-10,Email & CRM,Email - Winback,3.80,2240,32
2025-06-11,Email & CRM,Email - Winback,3.80,1428,28
2025-06-12,Email & CRM,Email - Winback,3.80,1324,33
2025-06-13,Email & CRM,Email - Winback,3.80,1345,28
2025-06-14,Email & CRM,Email - Winback,2.74,1351,20
2025-06-15,Email & CRM,Email - Winback,2.74,1015,21
2025-06-16,Email & CRM,Email - Winback,3.80,1522,32
2025-06-17,Email & CRM,Email - Winback,3.80,816,29
2025-06-18,Email & CRM,Email - Winback,3.80,1065,32
2025-06-19,Email & CRM,Email - Winback,3.80,1507,30
2025-06-20,Email & CRM,Email - Winback,3.80,1188,31
2025-06-21,Email & CRM,Email - Winback,2.74,1181,22
2025-06-22,Email & CRM,Email - Winback,2.74,939,24
2025-06-23,Email & CRM,Email - Winback,3.80,2124,29
2025-06-24,Email & CRM,Email - Winback,3.80,2141,29
2025-06-25,Email & CRM,Email - Winback,3.80,1279,34
2025-06-26,Email & CRM,Email - Winback,3.80,2122,30
2025-06-27,Email & CRM,Email - Winback,3.80,2334,34
2025-06-28,Email & CRM,Email - Winback,2.74,906,21
2025-06-29,Email & CRM,Email - Winback,2.74,1528,24
2025-06-30,Email & CRM,Email - Winback,3.80,1465,29
2025-06-01,Marketplace,Marketplace - Sponsored Listings,30.43,3120,56
2025-06-02,Marketplace,Marketplace - Sponsored Listings,42.27,3805,76
2025-06-03,Marketplace,Marketplace - Sponsored Listings,42.27,4064,76
2025-06-04,Marketplace,Marketplace - Sponsored Listings,42.27,4467,76
2025-06-05,Marketplace,Marketplace - Sponsored Listings,42.27,3104,77
2025-06-06,Marketplace,Marketplace - Sponsored Listings,42.27,2691,73
2025-06-07,Marketplace,Marketplace - Sponsored Listings,30.43,3279,50
2025-06-08,Marketplace,Marketplace - Sponsored Listings,30.43,2474,59
2025-06-09,Marketplace,Marketplace - Sponsored Listings,42.27,4047,71
2025-06-10,Marketplace,Marketplace - Sponsored Listings,42.27,3929,78
2025-06-11,Marketplace,Marketplace - Sponsored Listings,42.27,4437,72
2025-06-12,Marketplace,Marketplace - Sponsored Listings,42.27,5634,80
2025-06-13,Marketplace,Marketplace - Sponsored Listings,42.27,4720,72
2025-06-14,Marketplace,Marketplace - Sponsored Listings,30.43,3104,55
2025-06-15,Marketplace,Marketplace - Sponsored Listings,30.43,1762,50
2025-06-16,Marketplace,Marketplace - Sponsored Listings,42.27,5016,75
2025-06-17,Marketplace,Marketplace - Sponsored Listings,42.27,3305,70
2025-06-18,Marketplace,Marketplace - Sponsored Listings,42.27,3863,74
2025-06-19,Marketplace,Marketplace - Sponsored Listings,42.27,3309,76
2025-06-20,Marketplace,Marketplace - Sponsored Listings,42.27,4499,72
2025-06-21,Marketplace,Marketplace - Sponsored Listings,30.43,2784,55
2025-06-22,Marketplace,Marketplace - Sponsored Listings,30.43,1761,53
2025-06-23,Marketplace,Marketplace - Sponsored Listings,42.27,2808,72
2025-06-24,Marketplace,Marketplace - Sponsored Listings,42.27,3115,82
2025-06-25,Marketplace,Marketplace - Sponsored Listings,42.27,3009,69
2025-06-26,Marketplace,Marketplace - Sponsored Listings,42.27,2913,79
2025-06-27,Marketplace,Marketplace - Sponsored Listings,42.27,4317,76
2025-06-28,Marketplace,Marketplace - Sponsored Listings,30.43,2765,57
2025-06-29,Marketplace,Marketplace - Sponsored Listings,30.43,3560,55
2025-06-30,Marketplace,Marketplace - Sponsored Listings,42.27,4738,77
2025-07-01,Organic Search,Organic - SEO Content,8.35,5466,167
2025-07-02,Organic Search,Organic - SEO Content,8.35,6273,157
2025-07-03,Organic Search,Organic - SEO Content,8.35,9834,182
2025-07-04,Organic Search,Organic - SEO Content,8.35,9049,171
2025-07-05,Organic Search,Organic - SEO Content,6.01,7391,108
2025-07-06,Organic Search,Organic - SEO Content,6.01,8357,116
2025-07-07,Organic Search,Organic - SEO Content,8.35,8213,153
2025-07-08,Organic Search,Organic - SEO Content,8.35,8318,170
2025-07-09,Organic Search,Organic - SEO Content,8.35,10833,173
2025-07-10,Organic Search,Organic - SEO Content,8.35,4896,174
2025-07-11,Organic Search,Organic - SEO Content,8.35,10622,183
2025-07-12,Organic Search,Organic - SEO Content,6.01,7969,119
2025-07-13,Organic Search,Organic - SEO Content,6.01,7867,130
2025-07-14,Organic Search,Organic - SEO Content,8.35,8742,180
2025-07-15,Organic Search,Organic - SEO Content,8.35,10511,159
2025-07-16,Organic Search,Organic - SEO Content,8.35,7508,177
2025-07-17,Organic Search,Organic - SEO Content,8.35,9496,154
2025-07-18,Organic Search,Organic - SEO Content,8.35,12587,176
2025-07-19,Organic Search,Organic - SEO Content,6.01,3608,113
2025-07-20,Organic Search,Organic - SEO Content,6.01,5062,124
2025-07-21,Organic Search,Organic - SEO Content,8.35,5659,157
2025-07-22,Organic Search,Organic - SEO Content,8.35,10738,180
2025-07-23,Organic Search,Organic - SEO Content,8.35,9711,177
2025-07-24,Organic Search,Organic - SEO Content,8.35,12048,173
2025-07-25,Organic Search,Organic - SEO Content,8.35,9522,168
2025-07-26,Organic Search,Organic - SEO Content,6.01,7973,115
2025-07-27,Organic Search,Organic - SEO Content,6.01,7626,108
2025-07-28,Organic Search,Organic - SEO Content,8.35,11644,163
2025-07-29,Organic Search,Organic - SEO Content,8.35,6691,157
2025-07-30,Organic Search,Organic - SEO Content,8.35,7997,151
2025-07-31,Organic Search,Organic - SEO Content,8.35,10966,153
2025-07-01,Paid Search,Paid - Brand,24.78,962,27
2025-07-02,Paid Search,Paid - Brand,24.78,1674,25
2025-07-03,Paid Search,Paid - Brand,24.78,931,27
2025-07-04,Paid Search,Paid - Brand,24.78,1315,24
2025-07-05,Paid Search,Paid - Brand,17.84,1170,19
2025-07-06,Paid Search,Paid - Brand,17.84,1185,20
2025-07-07,Paid Search,Paid - Brand,24.78,2035,28
2025-07-08,Paid Search,Paid - Brand,24.78,1302,27
2025-07-09,Paid Search,Paid - Brand,24.78,894,28
2025-07-10,Paid Search,Paid - Brand,24.78,1477,26
2025-07-11,Paid Search,Paid - Brand,24.78,748,26
2025-07-12,Paid Search,Paid - Brand,17.84,1324,18
2025-07-13,Paid Search,Paid - Brand,17.84,1294,19
2025-07-14,Paid Search,Paid - Brand,24.78,1641,25
2025-07-15,Paid Search,Paid - Brand,24.78,1026,28
2025-07-16,Paid Search,Paid - Brand,24.78,1464,26
2025-07-17,Paid Search,Paid - Brand,24.78,1041,23
2025-07-18,Paid Search,Paid - Brand,24.78,1043,25
2025-07-19,Paid Search,Paid - Brand,17.84,476,17
2025-07-20,Paid Search,Paid - Brand,17.84,978,17
2025-07-21,Paid Search,Paid - Brand,24.78,644,23
2025-07-22,Paid Search,Paid - Brand,24.78,1917,27
2025-07-23,Paid Search,Paid - Brand,24.78,721,24
2025-07-24,Paid Search,Paid - Brand,24.78,961,24
2025-07-25,Paid Search,Paid - Brand,24.78,1562,27
2025-07-26,Paid Search,Paid - Brand,17.84,1329,18
2025-07-27,Paid Search,Paid - Brand,17.84,707,20
2025-07-28,Paid Search,Paid - Brand,24.78,1501,25
2025-07-29,Paid Search,Paid - Brand,24.78,1469,25
2025-07-30,Paid Search,Paid - Brand,24.78,1613,28
2025-07-31,Paid Search,Paid - Brand,24.78,1366,24
2025-07-01,Paid Search,Paid - Generic,30.29,1025,30
2025-07-02,Paid Search,Paid - Generic,30.29,1767,30
2025-07-03,Paid Search,Paid - Generic,30.29,2130,30
2025-07-04,Paid Search,Paid - Generic,30.29,1776,29
2025-07-05,Paid Search,Paid - Generic,21.81,1620,22
2025-07-06,Paid Search,Paid - Generic,21.81,959,24
2025-07-07,Paid Search,Paid - Generic,30.29,1140,34
2025-07-08,Paid Search,Paid - Generic,30.29,1877,32
2025-07-09,Paid Search,Paid - Generic,30.29,1029,35
2025-07-10,Paid Search,Paid - Generic,30.29,1157,29
2025-07-11,Paid Search,Paid - Generic,30.29,1730,33
2025-07-12,Paid Search,Paid - Generic,21.81,1057,21
2025-07-13,Paid Search,Paid - Generic,21.81,909,24
2025-07-14,Paid Search,Paid - Generic,30.29,1249,33
2025-07-15,Paid Search,Paid - Generic,30.29,2046,30
2025-07-16,Paid Search,Paid - Generic,30.29,1723,32
2025-07-17,Paid Search,Paid - Generic,30.29,1042,30
2025-07-18,Paid Search,Paid - Generic,30.29,1242,34
2025-07-19,Paid Search,Paid - Generic,21.81,779,24
2025-07-20,Paid Search,Paid - Generic,21.81,730,21
2025-07-21,Paid Search,Paid - Generic,30.29,2429,33
2025-07-22,Paid Search,Paid - Generic,30.29,2068,33
2025-07-23,Paid Search,Paid - Generic,30.29,2506,34
2025-07-24,Paid Search,Paid - Generic,30.29,2362,32
2025-07-25,Paid Search,Paid - Generic,30.29,2396,34
2025-07-26,Paid Search,Paid - Generic,21.81,1403,22
2025-07-27,Paid Search,Paid - Generic,21.81,710,24
2025-07-28,Paid Search,Paid - Generic,30.29,1882,30
2025-07-29,Paid Search,Paid - Generic,30.29,1796,32
2025-07-30,Paid Search,Paid - Generic,30.29,1531,32
2025-07-31,Paid Search,Paid - Generic,30.29,2120,31
2025-07-01,Paid Search,Paid - Shopping,30.18,2043,30
2025-07-02,Paid Search,Paid - Shopping,30.18,948,30
2025-07-03,Paid Search,Paid - Shopping,30.18,1079,34
2025-07-04,Paid Search,Paid - Shopping,30.18,1947,29
2025-07-05,Paid Search,Paid - Shopping,21.73,638,21
2025-07-06,Paid Search,Paid - Shopping,21.73,1401,22
2025-07-07,Paid Search,Paid - Shopping,30.18,1392,31
2025-07-08,Paid Search,Paid - Shopping,30.18,2482,34
2025-07-09,Paid Search,Paid - Shopping,30.18,922,30
2025-07-10,Paid Search,Paid - Shopping,30.18,2380,34
2025-07-11,Paid Search,Paid - Shopping,30.18,1331,29
2025-07-12,Paid Search,Paid - Shopping,21.73,1491,25
2025-07-13,Paid Search,Paid - Shopping,21.73,895,21
2025-07-14,Paid Search,Paid - Shopping,30.18,1560,33
2025-07-15,Paid Search,Paid - Shopping,30.18,2368,34
2025-07-16,Paid Search,Paid - Shopping,30.18,2403,34
2025-07-17,Paid Search,Paid - Shopping,30.18,1331,33
2025-07-18,Paid Search,Paid - Shopping,30.18,2350,32
2025-07-19,Paid Search,Paid - Shopping,21.73,910,24
2025-07-20,Paid Search,Paid - Shopping,21.73,1358,23
2025-07-21,Paid Search,Paid - Shopping,30.18,865,30
2025-07-22,Paid Search,Paid - Shopping,30.18,1707,34
2025-07-23,Paid Search,Paid - Shopping,30.18,1852,31
2025-07-24,Paid Search,Paid - Shopping,30.18,1889,34
2025-07-25,Paid Search,Paid - Shopping,30.18,1969,34
2025-07-26,Paid Search,Paid - Shopping,21.73,1188,23
2025-07-27,Paid Search,Paid - Shopping,21.73,1112,25
2025-07-28,Paid Search,Paid - Shopping,30.18,2272,31
2025-07-29,Paid Search,Paid - Shopping,30.18,1321,31
2025-07-30,Paid Search,Paid - Shopping,30.18,1262,31
2025-07-31,Paid Search,Paid - Shopping,30.18,1504,32
2025-07-01,Paid Social,Paid - Prospecting,51.19,4670,122
2025-07-02,Paid Social,Paid - Prospecting,51.19,5520,131
2025-07-03,Paid Social,Paid - Prospecting,51.19,8205,115
2025-07-04,Paid Social,Paid - Prospecting,51.19,3765,117
2025-07-05,Paid Social,Paid - Prospecting,36.86,3360,90
2025-07-06,Paid Social,Paid - Prospecting,36.86,6375,93
2025-07-07,Paid Social,Paid - Prospecting,51.19,5833,125
2025-07-08,Paid Social,Paid - Prospecting,51.19,8486,127
2025-07-09,Paid Social,Paid - Prospecting,51.19,5562,125
2025-07-10,Paid Social,Paid - Prospecting,51.19,5437,114
2025-07-11,Paid Social,Paid - Prospecting,51.19,4622,110
2025-07-12,Paid Social,Paid - Prospecting,36.86,5307,82
2025-07-13,Paid Social,Paid - Prospecting,36.86,3680,92
2025-07-14,Paid Social,Paid - Prospecting,51.19,7038,120
2025-07-15,Paid Social,Paid - Prospecting,51.19,4604,119
2025-07-16,Paid Social,Paid - Prospecting,51.19,8468,130
2025-07-17,Paid Social,Paid - Prospecting,51.19,9119,132
2025-07-18,Paid Social,Paid - Prospecting,51.19,9430,130
2025-07-19,Paid Social,Paid - Prospecting,36.86,3569,86
2025-07-20,Paid Social,Paid - Prospecting,36.86,5920,93
2025-07-21,Paid Social,Paid - Prospecting,51.19,4536,112
2025-07-22,Paid Social,Paid - Prospecting,51.19,6699,119
2025-07-23,Paid Social,Paid - Prospecting,51.19,7818,113
2025-07-24,Paid Social,Paid - Prospecting,51.19,3545,112
2025-07-25,Paid Social,Paid - Prospecting,51.19,3463,113
2025-07-26,Paid Social,Paid - Prospecting,36.86,4700,84
2025-07-27,Paid Social,Paid - Prospecting,36.86,6801,92
2025-07-28,Paid Social,Paid - Prospecting,51.19,8130,111
2025-07-29,Paid Social,Paid - Prospecting,51.19,6775,128
2025-07-30,Paid Social,Paid - Prospecting,51.19,5274,132
2025-07-31,Paid Social,Paid - Prospecting,51.19,3793,130
2025-07-01,Paid Social,Paid - Retargeting,30.47,3286,73
2025-07-02,Paid Social,Paid - Retargeting,30.47,2254,77
2025-07-03,Paid Social,Paid - Retargeting,30.47,2442,79
2025-07-04,Paid Social,Paid - Retargeting,30.47,3900,67
2025-07-05,Paid Social,Paid - Retargeting,21.94,3020,53
2025-07-06,Paid Social,Paid - Retargeting,21.94,1896,48
2025-07-07,Paid Social,Paid - Retargeting,30.47,5165,75
2025-07-08,Paid Social,Paid - Retargeting,30.47,5163,76
2025-07-09,Paid Social,Paid - Retargeting,30.47,4060,70
2025-07-10,Paid Social,Paid - Retargeting,30.47,2353,66
2025-07-11,Paid Social,Paid - Retargeting,30.47,5014,74
2025-07-12,Paid Social,Paid - Retargeting,21.94,3902,55
2025-07-13,Paid Social,Paid - Retargeting,21.94,3373,47
2025-07-14,Paid Social,Paid - Retargeting,30.47,3136,68
2025-07-15,Paid Social,Paid - Retargeting,30.47,1949,67
2025-07-16,Paid Social,Paid - Retargeting,30.47,2320,71
2025-07-17,Paid Social,Paid - Retargeting,30.47,4591,74
2025-07-18,Paid Social,Paid - Retargeting,30.47,2664,79
2025-07-19,Paid Social,Paid - Retargeting,21.94,2903,54
2025-07-20,Paid Social,Paid - Retargeting,21.94,3394,47
2025-07-21,Paid Social,Paid - Retargeting,30.47,4323,74
2025-07-22,Paid Social,Paid - Retargeting,30.47,4712,70
2025-07-23,Paid Social,Paid - Retargeting,30.47,2869,67
2025-07-24,Paid Social,Paid - Retargeting,30.47,4626,69
2025-07-25,Paid Social,Paid - Retargeting,30.47,3574,72
2025-07-26,Paid Social,Paid - Retargeting,21.94,2915,54
2025-07-27,Paid Social,Paid - Retargeting,21.94,3340,52
2025-07-28,Paid Social,Paid - Retargeting,30.47,3087,79
2025-07-29,Paid Social,Paid - Retargeting,30.47,2546,68
2025-07-30,Paid Social,Paid - Retargeting,30.47,4903,70
2025-07-31,Paid Social,Paid - Retargeting,30.47,5148,72
2025-07-01,Paid Social,Paid - Creator,42.82,5314,97
2025-07-02,Paid Social,Paid - Creator,42.82,3195,98
2025-07-03,Paid Social,Paid - Creator,42.82,7822,106
2025-07-04,Paid Social,Paid - Creator,42.82,6753,110
2025-07-05,Paid Social,Paid - Creator,30.83,2169,72
2025-07-06,Paid Social,Paid - Creator,30.83,5367,75
2025-07-07,Paid Social,Paid - Creator,42.82,5679,96
2025-07-08,Paid Social,Paid - Creator,42.82,2961,104
2025-07-09,Paid Social,Paid - Creator,42.82,6975,95
2025-07-10,Paid Social,Paid - Creator,42.82,5531,108
2025-07-11,Paid Social,Paid - Creator,42.82,4439,93
2025-07-12,Paid Social,Paid - Creator,30.83,2512,66
2025-07-13,Paid Social,Paid - Creator,30.83,3875,69
2025-07-14,Paid Social,Paid - Creator,42.82,7792,110
2025-07-15,Paid Social,Paid - Creator,42.82,4754,106
2025-07-16,Paid Social,Paid - Creator,42.82,5740,98
2025-07-17,Paid Social,Paid - Creator,42.82,7197,112
2025-07-18,Paid Social,Paid - Creator,42.82,5705,104
2025-07-19,Paid Social,Paid - Creator,30.83,4358,70
2025-07-20,Paid Social,Paid - Creator,30.83,4856,76
2025-07-21,Paid Social,Paid - Creator,42.82,4974,110
2025-07-22,Paid Social,Paid - Creator,42.82,6041,99
2025-07-23,Paid Social,Paid - Creator,42.82,5888,108
2025-07-24,Paid Social,Paid - Creator,42.82,6323,105
2025-07-25,Paid Social,Paid - Creator,42.82,4287,97
2025-07-26,Paid Social,Paid - Creator,30.83,5127,73
2025-07-27,Paid Social,Paid - Creator,30.83,2594,71
2025-07-28,Paid Social,Paid - Creator,42.82,7017,111
2025-07-29,Paid Social,Paid - Creator,42.82,4216,95
2025-07-30,Paid Social,Paid - Creator,42.82,2701,95
2025-07-31,Paid Social,Paid - Creator,42.82,6112,94
2025-07-01,Affiliate,Affiliate - Cashback,8.33,493,11
2025-07-02,Affiliate,Affiliate - Cashback,8.33,403,12
2025-07-03,Affiliate,Affiliate - Cashback,8.33,921,13
2025-07-04,Affiliate,Affiliate - Cashback,8.33,473,13
2025-07-05,Affiliate,Affiliate - Cashback,6.00,351,8
2025-07-06,Affiliate,Affiliate - Cashback,6.00,290,9
2025-07-07,Affiliate,Affiliate - Cashback,8.33,790,12
2025-07-08,Affiliate,Affiliate - Cashback,8.33,486,11
2025-07-09,Affiliate,Affiliate - Cashback,8.33,861,12
2025-07-10,Affiliate,Affiliate - Cashback,8.33,415,12
2025-07-11,Affiliate,Affiliate - Cashback,8.33,511,11
2025-07-12,Affiliate,Affiliate - Cashback,6.00,520,9
2025-07-13,Affiliate,Affiliate - Cashback,6.00,463,8
2025-07-14,Affiliate,Affiliate - Cashback,8.33,387,13
2025-07-15,Affiliate,Affiliate - Cashback,8.33,469,11
2025-07-16,Affiliate,Affiliate - Cashback,8.33,578,11
2025-07-17,Affiliate,Affiliate - Cashback,8.33,596,11
2025-07-18,Affiliate,Affiliate - Cashback,8.33,576,12
2025-07-19,Affiliate,Affiliate - Cashback,6.00,271,8
2025-07-20,Affiliate,Affiliate - Cashback,6.00,330,8
2025-07-21,Affiliate,Affiliate - Cashback,8.33,400,12
2025-07-22,Affiliate,Affiliate - Cashback,8.33,402,12
2025-07-23,Affiliate,Affiliate - Cashback,8.33,363,11
2025-07-24,Affiliate,Affiliate - Cashback,8.33,842,12
2025-07-25,Affiliate,Affiliate - Cashback,8.33,382,12
2025-07-26,Affiliate,Affiliate - Cashback,6.00,408,8
2025-07-27,Affiliate,Affiliate - Cashback,6.00,375,9
2025-07-28,Affiliate,Affiliate - Cashback,8.33,345,11
2025-07-29,Affiliate,Affiliate - Cashback,8.33,769,11
2025-07-30,Affiliate,Affiliate - Cashback,8.33,483,11
2025-07-31,Affiliate,Affiliate - Cashback,8.33,793,11
2025-07-01,Affiliate,Affiliate - Content,7.97,610,11
2025-07-02,Affiliate,Affiliate - Content,7.97,374,11
2025-07-03,Affiliate,Affiliate - Content,7.97,433,11
2025-07-04,Affiliate,Affiliate - Content,7.97,737,10
2025-07-05,Affiliate,Affiliate - Content,5.74,547,8
2025-07-06,Affiliate,Affiliate - Content,5.74,537,9
2025-07-07,Affiliate,Affiliate - Content,7.97,464,10
2025-07-08,Affiliate,Affiliate - Content,7.97,609,12
2025-07-09,Affiliate,Affiliate - Content,7.97,654,11
2025-07-10,Affiliate,Affiliate - Content,7.97,858,12
2025-07-11,Affiliate,Affiliate - Content,7.97,560,11
2025-07-12,Affiliate,Affiliate - Content,5.74,347,8
2025-07-13,Affiliate,Affiliate - Content,5.74,265,9
2025-07-14,Affiliate,Affiliate - Content,7.97,319,11
2025-07-15,Affiliate,Affiliate - Content,7.97,669,12
2025-07-16,Affiliate,Affiliate - Content,7.97,716,11
2025-07-17,Affiliate,Affiliate - Content,7.97,659,10
2025-07-18,Affiliate,Affiliate - Content,7.97,789,12
2025-07-19,Affiliate,Affiliate - Content,5.74,231,8
2025-07-20,Affiliate,Affiliate - Content,5.74,333,8
2025-07-21,Affiliate,Affiliate - Content,7.97,490,12
2025-07-22,Affiliate,Affiliate - Content,7.97,628,11
2025-07-23,Affiliate,Affiliate - Content,7.97,773,12
2025-07-24,Affiliate,Affiliate - Content,7.97,699,11
2025-07-25,Affiliate,Affiliate - Content,7.97,652,10
2025-07-26,Affiliate,Affiliate - Content,5.74,405,8
2025-07-27,Affiliate,Affiliate - Content,5.74,569,9
2025-07-28,Affiliate,Affiliate - Content,7.97,551,12
2025-07-29,Affiliate,Affiliate - Content,7.97,394,10
2025-07-30,Affiliate,Affiliate - Content,7.97,559,11
2025-07-31,Affiliate,Affiliate - Content,7.97,527,10
2025-07-01,Affiliate,Affiliate - Voucher,6.34,331,8
2025-07-02,Affiliate,Affiliate - Voucher,6.34,355,8
2025-07-03,Affiliate,Affiliate - Voucher,6.34,287,9
2025-07-04,Affiliate,Affiliate - Voucher,6.34,566,8
2025-07-05,Affiliate,Affiliate - Voucher,4.57,380,7
2025-07-06,Affiliate,Affiliate - Voucher,4.57,303,6
2025-07-07,Affiliate,Affiliate - Voucher,6.34,475,8
2025-07-08,Affiliate,Affiliate - Voucher,6.34,492,9
2025-07-09,Affiliate,Affiliate - Voucher,6.34,303,10
2025-07-10,Affiliate,Affiliate - Voucher,6.34,285,9
2025-07-11,Affiliate,Affiliate - Voucher,6.34,479,8
2025-07-12,Affiliate,Affiliate - Voucher,4.57,344,6
2025-07-13,Affiliate,Affiliate - Voucher,4.57,395,6
2025-07-14,Affiliate,Affiliate - Voucher,6.34,596,10
2025-07-15,Affiliate,Affiliate - Voucher,6.34,578,9
2025-07-16,Affiliate,Affiliate - Voucher,6.34,662,10
2025-07-17,Affiliate,Affiliate - Voucher,6.34,365,10
2025-07-18,Affiliate,Affiliate - Voucher,6.34,266,8
2025-07-19,Affiliate,Affiliate - Voucher,4.57,413,6
2025-07-20,Affiliate,Affiliate - Voucher,4.57,273,7
2025-07-21,Affiliate,Affiliate - Voucher,6.34,457,8
2025-07-22,Affiliate,Affiliate - Voucher,6.34,621,9
2025-07-23,Affiliate,Affiliate - Voucher,6.34,417,9
2025-07-24,Affiliate,Affiliate - Voucher,6.34,333,8
2025-07-25,Affiliate,Affiliate - Voucher,6.34,332,9
2025-07-26,Affiliate,Affiliate - Voucher,4.57,207,7
2025-07-27,Affiliate,Affiliate - Voucher,4.57,198,7
2025-07-28,Affiliate,Affiliate - Voucher,6.34,618,9
2025-07-29,Affiliate,Affiliate - Voucher,6.34,479,8
2025-07-30,Affiliate,Affiliate - Voucher,6.34,276,9
2025-07-31,Affiliate,Affiliate - Voucher,6.34,399,9
2025-07-01,Email & CRM,Email - Lifecycle,2.21,688,20
2025-07-02,Email & CRM,Email - Lifecycle,2.21,1237,17
2025-07-03,Email & CRM,Email - Lifecycle,2.21,800,19
2025-07-04,Email & CRM,Email - Lifecycle,2.21,863,17
2025-07-05,Email & CRM,Email - Lifecycle,1.59,778,13
2025-07-06,Email & CRM,Email - Lifecycle,1.59,674,13
2025-07-07,Email & CRM,Email - Lifecycle,2.21,1023,18
2025-07-08,Email & CRM,Email - Lifecycle,2.21,1196,20
2025-07-09,Email & CRM,Email - Lifecycle,2.21,1103,17
2025-07-10,Email & CRM,Email - Lifecycle,2.21,546,17
2025-07-11,Email & CRM,Email - Lifecycle,2.21,995,17
2025-07-12,Email & CRM,Email - Lifecycle,1.59,832,13
2025-07-13,Email & CRM,Email - Lifecycle,1.59,679,12
2025-07-14,Email & CRM,Email - Lifecycle,2.21,1060,17
2025-07-15,Email & CRM,Email - Lifecycle,2.21,520,17
2025-07-16,Email & CRM,Email - Lifecycle,2.21,642,19
2025-07-17,Email & CRM,Email - Lifecycle,2.21,569,19
2025-07-18,Email & CRM,Email - Lifecycle,2.21,1068,17
2025-07-19,Email & CRM,Email - Lifecycle,1.59,442,14
2025-07-20,Email & CRM,Email - Lifecycle,1.59,806,12
2025-07-21,Email & CRM,Email - Lifecycle,2.21,518,16
2025-07-22,Email & CRM,Email - Lifecycle,2.21,625,17
2025-07-23,Email & CRM,Email - Lifecycle,2.21,1463,20
2025-07-24,Email & CRM,Email - Lifecycle,2.21,713,19
2025-07-25,Email & CRM,Email - Lifecycle,2.21,713,18
2025-07-26,Email & CRM,Email - Lifecycle,1.59,590,13
2025-07-27,Email & CRM,Email - Lifecycle,1.59,515,14
2025-07-28,Email & CRM,Email - Lifecycle,2.21,1383,19
2025-07-29,Email & CRM,Email - Lifecycle,2.21,973,16
2025-07-30,Email & CRM,Email - Lifecycle,2.21,823,16
2025-07-31,Email & CRM,Email - Lifecycle,2.21,604,19
2025-07-01,Email & CRM,Email - Winback,3.09,1632,26
2025-07-02,Email & CRM,Email - Winback,3.09,766,23
2025-07-03,Email & CRM,Email - Winback,3.09,1129,27
2025-07-04,Email & CRM,Email - Winback,3.09,1193,24
2025-07-05,Email & CRM,Email - Winback,2.23,1394,19
2025-07-06,Email & CRM,Email - Winback,2.23,790,16
2025-07-07,Email & CRM,Email - Winback,3.09,1213,25
2025-07-08,Email & CRM,Email - Winback,3.09,1840,27
2025-07-09,Email & CRM,Email - Winback,3.09,1395,27
2025-07-10,Email & CRM,Email - Winback,3.09,1343,24
2025-07-11,Email & CRM,Email - Winback,3.09,828,27
2025-07-12,Email & CRM,Email - Winback,2.23,1211,17
2025-07-13,Email & CRM,Email - Winback,2.23,1146,19
2025-07-14,Email & CRM,Email - Winback,3.09,1839,26
2025-07-15,Email & CRM,Email - Winback,3.09,1223,27
2025-07-16,Email & CRM,Email - Winback,3.09,1070,24
2025-07-17,Email & CRM,Email - Winback,3.09,1506,27
2025-07-18,Email & CRM,Email - Winback,3.09,800,26
2025-07-19,Email & CRM,Email - Winback,2.23,1256,18
2025-07-20,Email & CRM,Email - Winback,2.23,1160,20
2025-07-21,Email & CRM,Email - Winback,3.09,1300,24
2025-07-22,Email & CRM,Email - Winback,3.09,790,28
2025-07-23,Email & CRM,Email - Winback,3.09,1076,27
2025-07-24,Email & CRM,Email - Winback,3.09,812,25
2025-07-25,Email & CRM,Email - Winback,3.09,1603,27
2025-07-26,Email & CRM,Email - Winback,2.23,1103,16
2025-07-27,Email & CRM,Email - Winback,2.23,865,18
2025-07-28,Email & CRM,Email - Winback,3.09,909,25
2025-07-29,Email & CRM,Email - Winback,3.09,1174,27
2025-07-30,Email & CRM,Email - Winback,3.09,1246,24
2025-07-31,Email & CRM,Email - Winback,3.09,1063,24
2025-07-01,Marketplace,Marketplace - Sponsored Listings,40.57,4872,72
2025-07-02,Marketplace,Marketplace - Sponsored Listings,40.57,3989,68
2025-07-03,Marketplace,Marketplace - Sponsored Listings,40.57,3408,76
2025-07-04,Marketplace,Marketplace - Sponsored Listings,40.57,3462,74
2025-07-05,Marketplace,Marketplace - Sponsored Listings,29.21,3599,51
2025-07-06,Marketplace,Marketplace - Sponsored Listings,29.21,3216,51
2025-07-07,Marketplace,Marketplace - Sponsored Listings,40.57,2494,70
2025-07-08,Marketplace,Marketplace - Sponsored Listings,40.57,2984,71
2025-07-09,Marketplace,Marketplace - Sponsored Listings,40.57,4585,81
2025-07-10,Marketplace,Marketplace - Sponsored Listings,40.57,4816,77
2025-07-11,Marketplace,Marketplace - Sponsored Listings,40.57,2901,70
2025-07-12,Marketplace,Marketplace - Sponsored Listings,29.21,4031,58
2025-07-13,Marketplace,Marketplace - Sponsored Listings,29.21,3681,54
2025-07-14,Marketplace,Marketplace - Sponsored Listings,40.57,4810,74
2025-07-15,Marketplace,Marketplace - Sponsored Listings,40.57,5066,77
2025-07-16,Marketplace,Marketplace - Sponsored Listings,40.57,2483,69
2025-07-17,Marketplace,Marketplace - Sponsored Listings,40.57,4679,74
2025-07-18,Marketplace,Marketplace - Sponsored Listings,40.57,3436,74
2025-07-19,Marketplace,Marketplace - Sponsored Listings,29.21,2913,48
2025-07-20,Marketplace,Marketplace - Sponsored Listings,29.21,1936,47
2025-07-21,Marketplace,Marketplace - Sponsored Listings,40.57,3752,67
2025-07-22,Marketplace,Marketplace - Sponsored Listings,40.57,3213,80
2025-07-23,Marketplace,Marketplace - Sponsored Listings,40.57,2591,67
2025-07-24,Marketplace,Marketplace - Sponsored Listings,40.57,3854,78
2025-07-25,Marketplace,Marketplace - Sponsored Listings,40.57,3049,78
2025-07-26,Marketplace,Marketplace - Sponsored Listings,29.21,3072,55
2025-07-27,Marketplace,Marketplace - Sponsored Listings,29.21,1931,53
2025-07-28,Marketplace,Marketplace - Sponsored Listings,40.57,3520,69
2025-07-29,Marketplace,Marketplace - Sponsored Listings,40.57,4112,71
2025-07-30,Marketplace,Marketplace - Sponsored Listings,40.57,4512,71
2025-07-31,Marketplace,Marketplace - Sponsored Listings,40.57,4137,76
2025-08-01,Organic Search,Organic - SEO Content,10.86,6885,196
2025-08-02,Organic Search,Organic - SEO Content,7.82,4730,150
2025-08-03,Organic Search,Organic - SEO Content,7.82,9223,142
2025-08-04,Organic Search,Organic - SEO Content,10.86,10515,196
2025-08-05,Organic Search,Organic - SEO Content,10.86,10452,222
2025-08-06,Organic Search,Organic - SEO Content,10.86,12506,226
2025-08-07,Organic Search,Organic - SEO Content,10.86,13496,230
2025-08-08,Organic Search,Organic - SEO Content,10.86,13741,211
2025-08-09,Organic Search,Organic - SEO Content,7.82,8630,141
2025-08-10,Organic Search,Organic - SEO Content,7.82,8252,162
2025-08-11,Organic Search,Organic - SEO Content,10.86,9778,233
2025-08-12,Organic Search,Organic - SEO Content,10.86,9519,217
2025-08-13,Organic Search,Organic - SEO Content,10.86,6699,236
2025-08-14,Organic Search,Organic - SEO Content,10.86,12023,231
2025-08-15,Organic Search,Organic - SEO Content,10.86,9370,212
2025-08-16,Organic Search,Organic - SEO Content,7.82,6091,171
2025-08-17,Organic Search,Organic - SEO Content,7.82,9650,141
2025-08-18,Organic Search,Organic - SEO Content,10.86,7268,206
2025-08-19,Organic Search,Organic - SEO Content,10.86,7191,233
2025-08-20,Organic Search,Organic - SEO Content,10.86,11111,232
2025-08-21,Organic Search,Organic - SEO Content,10.86,11387,223
2025-08-22,Organic Search,Organic - SEO Content,10.86,13033,227
2025-08-23,Organic Search,Organic - SEO Content,7.82,11592,167
2025-08-24,Organic Search,Organic - SEO Content,7.82,11579,167
2025-08-25,Organic Search,Organic - SEO Content,10.86,15550,229
2025-08-26,Organic Search,Organic - SEO Content,10.86,14633,213
2025-08-27,Organic Search,Organic - SEO Content,10.86,6730,220
2025-08-28,Organic Search,Organic - SEO Content,10.86,11451,220
2025-08-29,Organic Search,Organic - SEO Content,10.86,14307,205
2025-08-30,Organic Search,Organic - SEO Content,7.82,12124,165
2025-08-31,Organic Search,Organic - SEO Content,7.82,6299,166
2025-08-01,Paid Search,Paid - Brand,27.99,766,27
2025-08-02,Paid Search,Paid - Brand,20.16,1359,19
2025-08-03,Paid Search,Paid - Brand,20.16,1425,20
2025-08-04,Paid Search,Paid - Brand,27.99,2009,32
2025-08-05,Paid Search,Paid - Brand,27.99,941,31
2025-08-06,Paid Search,Paid - Brand,27.99,1473,27
2025-08-07,Paid Search,Paid - Brand,27.99,955,32
2025-08-08,Paid Search,Paid - Brand,27.99,1165,31
2025-08-09,Paid Search,Paid - Brand,20.16,1375,22
2025-08-10,Paid Search,Paid - Brand,20.16,1227,20
2025-08-11,Paid Search,Paid - Brand,27.99,1164,26
2025-08-12,Paid Search,Paid - Brand,27.99,958,27
2025-08-13,Paid Search,Paid - Brand,27.99,1590,29
2025-08-14,Paid Search,Paid - Brand,27.99,1389,29
2025-08-15,Paid Search,Paid - Brand,27.99,1668,27
2025-08-16,Paid Search,Paid - Brand,20.16,616,20
2025-08-17,Paid Search,Paid - Brand,20.16,581,19
2025-08-18,Paid Search,Paid - Brand,27.99,1410,29
2025-08-19,Paid Search,Paid - Brand,27.99,1310,30
2025-08-20,Paid Search,Paid - Brand,27.99,1031,29
2025-08-21,Paid Search,Paid - Brand,27.99,1111,28
2025-08-22,Paid Search,Paid - Brand,27.99,1208,29
2025-08-23,Paid Search,Paid - Brand,20.16,755,21
2025-08-24,Paid Search,Paid - Brand,20.16,911,21
2025-08-25,Paid Search,Paid - Brand,27.99,1061,27
2025-08-26,Paid Search,Paid - Brand,27.99,1300,29
2025-08-27,Paid Search,Paid - Brand,27.99,1715,32
2025-08-28,Paid Search,Paid - Brand,27.99,1146,29
2025-08-29,Paid Search,Paid - Brand,27.99,1286,28
2025-08-30,Paid Search,Paid - Brand,20.16,881,22
2025-08-31,Paid Search,Paid - Brand,20.16,975,19
2025-08-01,Paid Search,Paid - Generic,29.15,1931,32
2025-08-02,Paid Search,Paid - Generic,20.99,1249,21
2025-08-03,Paid Search,Paid - Generic,20.99,1476,20
2025-08-04,Paid Search,Paid - Generic,29.15,1338,31
2025-08-05,Paid Search,Paid - Generic,29.15,1825,32
2025-08-06,Paid Search,Paid - Generic,29.15,1755,27
2025-08-07,Paid Search,Paid - Generic,29.15,1514,29
2025-08-08,Paid Search,Paid - Generic,29.15,2196,32
2025-08-09,Paid Search,Paid - Generic,20.99,797,23
2025-08-10,Paid Search,Paid - Generic,20.99,902,20
2025-08-11,Paid Search,Paid - Generic,29.15,1480,31
2025-08-12,Paid Search,Paid - Generic,29.15,1444,29
2025-08-13,Paid Search,Paid - Generic,29.15,2281,33
2025-08-14,Paid Search,Paid - Generic,29.15,2124,29
2025-08-15,Paid Search,Paid - Generic,29.15,1539,27
2025-08-16,Paid Search,Paid - Generic,20.99,969,23
2025-08-17,Paid Search,Paid - Generic,20.99,1464,22
2025-08-18,Paid Search,Paid - Generic,29.15,1760,33
2025-08-19,Paid Search,Paid - Generic,29.15,1676,28
2025-08-20,Paid Search,Paid - Generic,29.15,1273,31
2025-08-21,Paid Search,Paid - Generic,29.15,2077,31
2025-08-22,Paid Search,Paid - Generic,29.15,1574,29
2025-08-23,Paid Search,Paid - Generic,20.99,1229,23
2025-08-24,Paid Search,Paid - Generic,20.99,1534,22
2025-08-25,Paid Search,Paid - Generic,29.15,914,30
2025-08-26,Paid Search,Paid - Generic,29.15,1585,33
2025-08-27,Paid Search,Paid - Generic,29.15,2027,32
2025-08-28,Paid Search,Paid - Generic,29.15,2306,32
2025-08-29,Paid Search,Paid - Generic,29.15,2195,31
2025-08-30,Paid Search,Paid - Generic,20.99,1333,23
2025-08-31,Paid Search,Paid - Generic,20.99,1585,23
2025-08-01,Paid Search,Paid - Shopping,27.00,1797,25
2025-08-02,Paid Search,Paid - Shopping,19.44,1185,21
2025-08-03,Paid Search,Paid - Shopping,19.44,1354,21
2025-08-04,Paid Search,Paid - Shopping,27.00,1499,27
2025-08-05,Paid Search,Paid - Shopping,27.00,1958,27
2025-08-06,Paid Search,Paid - Shopping,27.00,1094,28
2025-08-07,Paid Search,Paid - Shopping,27.00,1968,27
2025-08-08,Paid Search,Paid - Shopping,27.00,1515,31
2025-08-09,Paid Search,Paid - Shopping,19.44,1308,20
2025-08-10,Paid Search,Paid - Shopping,19.44,1056,21
2025-08-11,Paid Search,Paid - Shopping,27.00,1870,27
2025-08-12,Paid Search,Paid - Shopping,27.00,1073,31
2025-08-13,Paid Search,Paid - Shopping,27.00,1995,28
2025-08-14,Paid Search,Paid - Shopping,27.00,1532,27
2025-08-15,Paid Search,Paid - Shopping,27.00,1701,30
2025-08-16,Paid Search,Paid - Shopping,19.44,1085,18
2025-08-17,Paid Search,Paid - Shopping,19.44,1201,18
2025-08-18,Paid Search,Paid - Shopping,27.00,1729,26
2025-08-19,Paid Search,Paid - Shopping,27.00,2040,28
2025-08-20,Paid Search,Paid - Shopping,27.00,1119,25
2025-08-21,Paid Search,Paid - Shopping,27.00,1525,30
2025-08-22,Paid Search,Paid - Shopping,27.00,837,28
2025-08-23,Paid Search,Paid - Shopping,19.44,1045,19
2025-08-24,Paid Search,Paid - Shopping,19.44,819,22
2025-08-25,Paid Search,Paid - Shopping,27.00,2114,29
2025-08-26,Paid Search,Paid - Shopping,27.00,953,25
2025-08-27,Paid Search,Paid - Shopping,27.00,1217,26
2025-08-28,Paid Search,Paid - Shopping,27.00,930,29
2025-08-29,Paid Search,Paid - Shopping,27.00,1479,30
2025-08-30,Paid Search,Paid - Shopping,19.44,847,22
2025-08-31,Paid Search,Paid - Shopping,19.44,801,18
2025-08-01,Paid Social,Paid - Prospecting,35.59,3810,90
2025-08-02,Paid Social,Paid - Prospecting,25.62,2607,57
2025-08-03,Paid Social,Paid - Prospecting,25.62,2655,59
2025-08-04,Paid Social,Paid - Prospecting,35.59,3023,92
2025-08-05,Paid Social,Paid - Prospecting,35.59,5536,76
2025-08-06,Paid Social,Paid - Prospecting,35.59,4107,84
2025-08-07,Paid Social,Paid - Prospecting,35.59,3116,78
2025-08-08,Paid Social,Paid - Prospecting,35.59,4779,81
2025-08-09,Paid Social,Paid - Prospecting,25.62,3661,59
2025-08-10,Paid Social,Paid - Prospecting,25.62,2976,59
2025-08-11,Paid Social,Paid - Prospecting,35.59,4076,78
2025-08-12,Paid Social,Paid - Prospecting,35.59,4882,85
2025-08-13,Paid Social,Paid - Prospecting,35.59,6163,85
2025-08-14,Paid Social,Paid - Prospecting,35.59,3263,81
2025-08-15,Paid Social,Paid - Prospecting,35.59,6281,85
2025-08-16,Paid Social,Paid - Prospecting,25.62,1724,58
2025-08-17,Paid Social,Paid - Prospecting,25.62,3824,56
2025-08-18,Paid Social,Paid - Prospecting,35.59,4739,88
2025-08-19,Paid Social,Paid - Prospecting,35.59,3603,90
2025-08-20,Paid Social,Paid - Prospecting,35.59,4231,85
2025-08-21,Paid Social,Paid - Prospecting,35.59,4871,77
2025-08-22,Paid Social,Paid - Prospecting,35.59,5535,79
2025-08-23,Paid Social,Paid - Prospecting,25.62,1993,63
2025-08-24,Paid Social,Paid - Prospecting,25.62,3189,56
2025-08-25,Paid Social,Paid - Prospecting,35.59,3729,85
2025-08-26,Paid Social,Paid - Prospecting,35.59,4576,78
2025-08-27,Paid Social,Paid - Prospecting,35.59,3603,79
2025-08-28,Paid Social,Paid - Prospecting,35.59,3711,82
2025-08-29,Paid Social,Paid - Prospecting,35.59,5807,81
2025-08-30,Paid Social,Paid - Prospecting,25.62,2733,63
2025-08-31,Paid Social,Paid - Prospecting,25.62,1863,56
2025-08-01,Paid Social,Paid - Retargeting,40.88,6160,104
2025-08-02,Paid Social,Paid - Retargeting,29.43,3462,75
2025-08-03,Paid Social,Paid - Retargeting,29.43,2292,68
2025-08-04,Paid Social,Paid - Retargeting,40.88,4632,87
2025-08-05,Paid Social,Paid - Retargeting,40.88,6460,94
2025-08-06,Paid Social,Paid - Retargeting,40.88,3678,105
2025-08-07,Paid Social,Paid - Retargeting,40.88,3775,91
2025-08-08,Paid Social,Paid - Retargeting,40.88,5928,96
2025-08-09,Paid Social,Paid - Retargeting,29.43,4002,73
2025-08-10,Paid Social,Paid - Retargeting,29.43,4699,76
2025-08-11,Paid Social,Paid - Retargeting,40.88,6198,94
2025-08-12,Paid Social,Paid - Retargeting,40.88,4348,104
2025-08-13,Paid Social,Paid - Retargeting,40.88,2920,104
2025-08-14,Paid Social,Paid - Retargeting,40.88,4346,89
2025-08-15,Paid Social,Paid - Retargeting,40.88,6001,88
2025-08-16,Paid Social,Paid - Retargeting,29.43,3539,76
2025-08-17,Paid Social,Paid - Retargeting,29.43,4011,68
2025-08-18,Paid Social,Paid - Retargeting,40.88,6780,99
2025-08-19,Paid Social,Paid - Retargeting,40.88,6971,98
2025-08-20,Paid Social,Paid - Retargeting,40.88,6017,93
2025-08-21,Paid Social,Paid - Retargeting,40.88,4531,102
2025-08-22,Paid Social,Paid - Retargeting,40.88,3510,94
2025-08-23,Paid Social,Paid - Retargeting,29.43,2799,67
2025-08-24,Paid Social,Paid - Retargeting,29.43,5066,71
2025-08-25,Paid Social,Paid - Retargeting,40.88,4677,98
2025-08-26,Paid Social,Paid - Retargeting,40.88,5845,97
2025-08-27,Paid Social,Paid - Retargeting,40.88,6461,92
2025-08-28,Paid Social,Paid - Retargeting,40.88,6494,106
2025-08-29,Paid Social,Paid - Retargeting,40.88,4038,93
2025-08-30,Paid Social,Paid - Retargeting,29.43,3058,68
2025-08-31,Paid Social,Paid - Retargeting,29.43,3872,74
2025-08-01,Paid Social,Paid - Creator,28.62,2874,68
2025-08-02,Paid Social,Paid - Creator,20.61,2356,47
2025-08-03,Paid Social,Paid - Creator,20.61,3836,52
2025-08-04,Paid Social,Paid - Creator,28.62,2426,64
2025-08-05,Paid Social,Paid - Creator,28.62,2561,61
2025-08-06,Paid Social,Paid - Creator,28.62,5092,72
2025-08-07,Paid Social,Paid - Creator,28.62,2291,66
2025-08-08,Paid Social,Paid - Creator,28.62,3582,72
2025-08-09,Paid Social,Paid - Creator,20.61,2917,46
2025-08-10,Paid Social,Paid - Creator,20.61,2859,52
2025-08-11,Paid Social,Paid - Creator,28.62,2156,67
2025-08-12,Paid Social,Paid - Creator,28.62,4194,64
2025-08-13,Paid Social,Paid - Creator,28.62,4125,64
2025-08-14,Paid Social,Paid - Creator,28.62,3107,71
2025-08-15,Paid Social,Paid - Creator,28.62,4544,71
2025-08-16,Paid Social,Paid - Creator,20.61,3205,49
2025-08-17,Paid Social,Paid - Creator,20.61,1707,49
2025-08-18,Paid Social,Paid - Creator,28.62,2763,63
2025-08-19,Paid Social,Paid - Creator,28.62,2729,67
2025-08-20,Paid Social,Paid - Creator,28.62,3173,74
2025-08-21,Paid Social,Paid - Creator,28.62,4369,61
2025-08-22,Paid Social,Paid - Creator,28.62,4717,65
2025-08-23,Paid Social,Paid - Creator,20.61,3121,50
2025-08-24,Paid Social,Paid - Creator,20.61,3017,46
2025-08-25,Paid Social,Paid - Creator,28.62,2934,72
2025-08-26,Paid Social,Paid - Creator,28.62,3395,64
2025-08-27,Paid Social,Paid - Creator,28.62,3044,68
2025-08-28,Paid Social,Paid - Creator,28.62,3359,65
2025-08-29,Paid Social,Paid - Creator,28.62,2821,61
2025-08-30,Paid Social,Paid - Creator,20.61,1826,45
2025-08-31,Paid Social,Paid - Creator,20.61,1975,47
2025-08-01,Affiliate,Affiliate - Cashback,9.57,835,14
2025-08-02,Affiliate,Affiliate - Cashback,6.89,537,10
2025-08-03,Affiliate,Affiliate - Cashback,6.89,257,9
2025-08-04,Affiliate,Affiliate - Cashback,9.57,563,14
2025-08-05,Affiliate,Affiliate - Cashback,9.57,1071,15
2025-08-06,Affiliate,Affiliate - Cashback,9.57,445,13
2025-08-07,Affiliate,Affiliate - Cashback,9.57,584,15
2025-08-08,Affiliate,Affiliate - Cashback,9.57,651,15
2025-08-09,Affiliate,Affiliate - Cashback,6.89,505,9
2025-08-10,Affiliate,Affiliate - Cashback,6.89,680,10
2025-08-11,Affiliate,Affiliate - Cashback,9.57,898,14
2025-08-12,Affiliate,Affiliate - Cashback,9.57,688,13
2025-08-13,Affiliate,Affiliate - Cashback,9.57,959,15
2025-08-14,Affiliate,Affiliate - Cashback,9.57,764,14
2025-08-15,Affiliate,Affiliate - Cashback,9.57,957,13
2025-08-16,Affiliate,Affiliate - Cashback,6.89,281,10
2025-08-17,Affiliate,Affiliate - Cashback,6.89,531,9
2025-08-18,Affiliate,Affiliate - Cashback,9.57,401,14
2025-08-19,Affiliate,Affiliate - Cashback,9.57,813,14
2025-08-20,Affiliate,Affiliate - Cashback,9.57,689,14
2025-08-21,Affiliate,Affiliate - Cashback,9.57,914,15
2025-08-22,Affiliate,Affiliate - Cashback,9.57,756,13
2025-08-23,Affiliate,Affiliate - Cashback,6.89,625,11
2025-08-24,Affiliate,Affiliate - Cashback,6.89,580,9
2025-08-25,Affiliate,Affiliate - Cashback,9.57,937,15
2025-08-26,Affiliate,Affiliate - Cashback,9.57,849,13
2025-08-27,Affiliate,Affiliate - Cashback,9.57,506,13
2025-08-28,Affiliate,Affiliate - Cashback,9.57,574,14
2025-08-29,Affiliate,Affiliate - Cashback,9.57,578,15
2025-08-30,Affiliate,Affiliate - Cashback,6.89,520,9
2025-08-31,Affiliate,Affiliate - Cashback,6.89,494,10
2025-08-01,Affiliate,Affiliate - Content,9.19,436,12
2025-08-02,Affiliate,Affiliate - Content,6.61,378,10
2025-08-03,Affiliate,Affiliate - Content,6.61,546,10
2025-08-04,Affiliate,Affiliate - Content,9.19,592,13
2025-08-05,Affiliate,Affiliate - Content,9.19,793,12
2025-08-06,Affiliate,Affiliate - Content,9.19,713,12
2025-08-07,Affiliate,Affiliate - Content,9.19,876,13
2025-08-08,Affiliate,Affiliate - Content,9.19,864,12
2025-08-09,Affiliate,Affiliate - Content,6.61,701,10
2025-08-10,Affiliate,Affiliate - Content,6.61,360,9
2025-08-11,Affiliate,Affiliate - Content,9.19,867,13
2025-08-12,Affiliate,Affiliate - Content,9.19,372,12
2025-08-13,Affiliate,Affiliate - Content,9.19,471,12
2025-08-14,Affiliate,Affiliate - Content,9.19,404,14
2025-08-15,Affiliate,Affiliate - Content,9.19,889,13
2025-08-16,Affiliate,Affiliate - Content,6.61,485,9
2025-08-17,Affiliate,Affiliate - Content,6.61,599,9
2025-08-18,Affiliate,Affiliate - Content,9.19,424,13
2025-08-19,Affiliate,Affiliate - Content,9.19,544,14
2025-08-20,Affiliate,Affiliate - Content,9.19,648,12
2025-08-21,Affiliate,Affiliate - Content,9.19,736,13
2025-08-22,Affiliate,Affiliate - Content,9.19,572,12
2025-08-23,Affiliate,Affiliate - Content,6.61,309,9
2025-08-24,Affiliate,Affiliate - Content,6.61,306,9
2025-08-25,Affiliate,Affiliate - Content,9.19,543,14
2025-08-26,Affiliate,Affiliate - Content,9.19,347,12
2025-08-27,Affiliate,Affiliate - Content,9.19,717,13
2025-08-28,Affiliate,Affiliate - Content,9.19,567,13
2025-08-29,Affiliate,Affiliate - Content,9.19,624,13
2025-08-30,Affiliate,Affiliate - Content,6.61,603,10
2025-08-31,Affiliate,Affiliate - Content,6.61,444,9
2025-08-01,Affiliate,Affiliate - Voucher,4.35,257,7
2025-08-02,Affiliate,Affiliate - Voucher,3.13,201,4
2025-08-03,Affiliate,Affiliate - Voucher,3.13,128,4
2025-08-04,Affiliate,Affiliate - Voucher,4.35,370,6
2025-08-05,Affiliate,Affiliate - Voucher,4.35,206,6
2025-08-06,Affiliate,Affiliate - Voucher,4.35,240,6
2025-08-07,Affiliate,Affiliate - Voucher,4.35,438,6
2025-08-08,Affiliate,Affiliate - Voucher,4.35,279,6
2025-08-09,Affiliate,Affiliate - Voucher,3.13,177,4
2025-08-10,Affiliate,Affiliate - Voucher,3.13,112,4
2025-08-11,Affiliate,Affiliate - Voucher,4.35,362,6
2025-08-12,Affiliate,Affiliate - Voucher,4.35,380,6
2025-08-13,Affiliate,Affiliate - Voucher,4.35,375,6
2025-08-14,Affiliate,Affiliate - Voucher,4.35,293,6
2025-08-15,Affiliate,Affiliate - Voucher,4.35,283,6
2025-08-16,Affiliate,Affiliate - Voucher,3.13,288,4
2025-08-17,Affiliate,Affiliate - Voucher,3.13,221,4
2025-08-18,Affiliate,Affiliate - Voucher,4.35,228,6
2025-08-19,Affiliate,Affiliate - Voucher,4.35,301,6
2025-08-20,Affiliate,Affiliate - Voucher,4.35,214,6
2025-08-21,Affiliate,Affiliate - Voucher,4.35,159,5
2025-08-22,Affiliate,Affiliate - Voucher,4.35,224,6
2025-08-23,Affiliate,Affiliate - Voucher,3.13,215,4
2025-08-24,Affiliate,Affiliate - Voucher,3.13,204,5
2025-08-25,Affiliate,Affiliate - Voucher,4.35,322,6
2025-08-26,Affiliate,Affiliate - Voucher,4.35,252,6
2025-08-27,Affiliate,Affiliate - Voucher,4.35,273,6
2025-08-28,Affiliate,Affiliate - Voucher,4.35,234,6
2025-08-29,Affiliate,Affiliate - Voucher,4.35,303,6
2025-08-30,Affiliate,Affiliate - Voucher,3.13,275,4
2025-08-31,Affiliate,Affiliate - Voucher,3.13,120,4
2025-08-01,Email & CRM,Email - Lifecycle,2.56,631,21
2025-08-02,Email & CRM,Email - Lifecycle,1.84,928,14
2025-08-03,Email & CRM,Email - Lifecycle,1.84,572,16
2025-08-04,Email & CRM,Email - Lifecycle,2.56,1170,21
2025-08-05,Email & CRM,Email - Lifecycle,2.56,902,23
2025-08-06,Email & CRM,Email - Lifecycle,2.56,1074,22
2025-08-07,Email & CRM,Email - Lifecycle,2.56,770,21
2025-08-08,Email & CRM,Email - Lifecycle,2.56,743,20
2025-08-09,Email & CRM,Email - Lifecycle,1.84,995,14
2025-08-10,Email & CRM,Email - Lifecycle,1.84,1000,14
2025-08-11,Email & CRM,Email - Lifecycle,2.56,616,20
2025-08-12,Email & CRM,Email - Lifecycle,2.56,795,19
2025-08-13,Email & CRM,Email - Lifecycle,2.56,946,22
2025-08-14,Email & CRM,Email - Lifecycle,2.56,572,19
2025-08-15,Email & CRM,Email - Lifecycle,2.56,1052,20
2025-08-16,Email & CRM,Email - Lifecycle,1.84,539,14
2025-08-17,Email & CRM,Email - Lifecycle,1.84,739,16
2025-08-18,Email & CRM,Email - Lifecycle,2.56,611,20
2025-08-19,Email & CRM,Email - Lifecycle,2.56,1294,19
2025-08-20,Email & CRM,Email - Lifecycle,2.56,1415,20
2025-08-21,Email & CRM,Email - Lifecycle,2.56,803,21
2025-08-22,Email & CRM,Email - Lifecycle,2.56,1162,20
2025-08-23,Email & CRM,Email - Lifecycle,1.84,698,14
2025-08-24,Email & CRM,Email - Lifecycle,1.84,892,13
2025-08-25,Email & CRM,Email - Lifecycle,2.56,1221,20
2025-08-26,Email & CRM,Email - Lifecycle,2.56,1287,19
2025-08-27,Email & CRM,Email - Lifecycle,2.56,1359,21
2025-08-28,Email & CRM,Email - Lifecycle,2.56,1184,19
2025-08-29,Email & CRM,Email - Lifecycle,2.56,1253,22
2025-08-30,Email & CRM,Email - Lifecycle,1.84,796,14
2025-08-31,Email & CRM,Email - Lifecycle,1.84,991,16
2025-08-01,Email & CRM,Email - Winback,2.47,783,21
2025-08-02,Email & CRM,Email - Winback,1.78,610,15
2025-08-03,Email & CRM,Email - Winback,1.78,611,15
2025-08-04,Email & CRM,Email - Winback,2.47,1324,22
2025-08-05,Email & CRM,Email - Winback,2.47,849,19
2025-08-06,Email & CRM,Email - Winback,2.47,807,21
2025-08-07,Email & CRM,Email - Winback,2.47,1268,21
2025-08-08,Email & CRM,Email - Winback,2.47,1211,19
2025-08-09,Email & CRM,Email - Winback,1.78,846,16
2025-08-10,Email & CRM,Email - Winback,1.78,551,13
2025-08-11,Email & CRM,Email - Winback,2.47,907,21
2025-08-12,Email & CRM,Email - Winback,2.47,1094,18
2025-08-13,Email & CRM,Email - Winback,2.47,968,20
2025-08-14,Email & CRM,Email - Winback,2.47,991,22
2025-08-15,Email & CRM,Email - Winback,2.47,568,19
2025-08-16,Email & CRM,Email - Winback,1.78,642,13
2025-08-17,Email & CRM,Email - Winback,1.78,768,14
2025-08-18,Email & CRM,Email - Winback,2.47,898,19
2025-08-19,Email & CRM,Email - Winback,2.47,1381,19
2025-08-20,Email & CRM,Email - Winback,2.47,1483,21
2025-08-21,Email & CRM,Email - Winback,2.47,1453,20
2025-08-22,Email & CRM,Email - Winback,2.47,825,19
2025-08-23,Email & CRM,Email - Winback,1.78,843,13
2025-08-24,Email & CRM,Email - Winback,1.78,456,14
2025-08-25,Email & CRM,Email - Winback,2.47,657,21
2025-08-26,Email & CRM,Email - Winback,2.47,1033,19
2025-08-27,Email & CRM,Email - Winback,2.47,1046,19
2025-08-28,Email & CRM,Email - Winback,2.47,1118,19
2025-08-29,Email & CRM,Email - Winback,2.47,590,20
2025-08-30,Email & CRM,Email - Winback,1.78,676,15
2025-08-31,Email & CRM,Email - Winback,1.78,440,13
2025-08-01,Marketplace,Marketplace - Sponsored Listings,44.95,5080,88
2025-08-02,Marketplace,Marketplace - Sponsored Listings,32.36,4205,57
2025-08-03,Marketplace,Marketplace - Sponsored Listings,32.36,3461,53
2025-08-04,Marketplace,Marketplace - Sponsored Listings,44.95,3919,89
2025-08-05,Marketplace,Marketplace - Sponsored Listings,44.95,2304,77
2025-08-06,Marketplace,Marketplace - Sponsored Listings,44.95,5688,85
2025-08-07,Marketplace,Marketplace - Sponsored Listings,44.95,6247,86
2025-08-08,Marketplace,Marketplace - Sponsored Listings,44.95,2904,84
2025-08-09,Marketplace,Marketplace - Sponsored Listings,32.36,3527,53
2025-08-10,Marketplace,Marketplace - Sponsored Listings,32.36,1656,54
2025-08-11,Marketplace,Marketplace - Sponsored Listings,44.95,2846,80
2025-08-12,Marketplace,Marketplace - Sponsored Listings,44.95,2538,89
2025-08-13,Marketplace,Marketplace - Sponsored Listings,44.95,5159,87
2025-08-14,Marketplace,Marketplace - Sponsored Listings,44.95,5926,83
2025-08-15,Marketplace,Marketplace - Sponsored Listings,44.95,5230,78
2025-08-16,Marketplace,Marketplace - Sponsored Listings,32.36,2113,55
2025-08-17,Marketplace,Marketplace - Sponsored Listings,32.36,3564,55
2025-08-18,Marketplace,Marketplace - Sponsored Listings,44.95,4394,79
2025-08-19,Marketplace,Marketplace - Sponsored Listings,44.95,2645,77
2025-08-20,Marketplace,Marketplace - Sponsored Listings,44.95,5578,84
2025-08-21,Marketplace,Marketplace - Sponsored Listings,44.95,5284,81
2025-08-22,Marketplace,Marketplace - Sponsored Listings,44.95,4292,74
2025-08-23,Marketplace,Marketplace - Sponsored Listings,32.36,2247,64
2025-08-24,Marketplace,Marketplace - Sponsored Listings,32.36,1823,54
2025-08-25,Marketplace,Marketplace - Sponsored Listings,44.95,2501,89
2025-08-26,Marketplace,Marketplace - Sponsored Listings,44.95,3597,76
2025-08-27,Marketplace,Marketplace - Sponsored Listings,44.95,2423,83
2025-08-28,Marketplace,Marketplace - Sponsored Listings,44.95,4983,73
2025-08-29,Marketplace,Marketplace - Sponsored Listings,44.95,3726,85
2025-08-30,Marketplace,Marketplace - Sponsored Listings,32.36,2057,54
2025-08-31,Marketplace,Marketplace - Sponsored Listings,32.36,3668,53
2025-09-01,Organic Search,Organic - SEO Content,9.45,9323,204
2025-09-02,Organic Search,Organic - SEO Content,9.45,5505,192
2025-09-03,Organic Search,Organic - SEO Content,9.45,9920,178
2025-09-04,Organic Search,Organic - SEO Content,9.45,10731,199
2025-09-05,Organic Search,Organic - SEO Content,9.45,7333,190
2025-09-06,Organic Search,Organic - SEO Content,6.80,8463,141
2025-09-07,Organic Search,Organic - SEO Content,6.80,5208,124
2025-09-08,Organic Search,Organic - SEO Content,9.45,7043,203
2025-09-09,Organic Search,Organic - SEO Content,9.45,9694,177
2025-09-10,Organic Search,Organic - SEO Content,9.45,7694,180
2025-09-11,Organic Search,Organic - SEO Content,9.45,8861,173
2025-09-12,Organic Search,Organic - SEO Content,9.45,7086,170
2025-09-13,Organic Search,Organic - SEO Content,6.80,6057,146
2025-09-14,Organic Search,Organic - SEO Content,6.80,8774,128
2025-09-15,Organic Search,Organic - SEO Content,9.45,10722,181
2025-09-16,Organic Search,Organic - SEO Content,9.45,9604,203
2025-09-17,Organic Search,Organic - SEO Content,9.45,14897,207
2025-09-18,Organic Search,Organic - SEO Content,9.45,12111,179
2025-09-19,Organic Search,Organic - SEO Content,9.45,6242,188
2025-09-20,Organic Search,Organic - SEO Content,6.80,3738,125
2025-09-21,Organic Search,Organic - SEO Content,6.80,9371,149
2025-09-22,Organic Search,Organic - SEO Content,9.45,8719,193
2025-09-23,Organic Search,Organic - SEO Content,9.45,9854,183
2025-09-24,Organic Search,Organic - SEO Content,9.45,7567,191
2025-09-25,Organic Search,Organic - SEO Content,9.45,10442,176
2025-09-26,Organic Search,Organic - SEO Content,9.45,6320,181
2025-09-27,Organic Search,Organic - SEO Content,6.80,10653,147
2025-09-28,Organic Search,Organic - SEO Content,6.80,6290,135
2025-09-29,Organic Search,Organic - SEO Content,9.45,8060,202
2025-09-30,Organic Search,Organic - SEO Content,9.45,13209,201
2025-09-01,Paid Search,Paid - Brand,36.57,2482,36
2025-09-02,Paid Search,Paid - Brand,36.57,1103,34
2025-09-03,Paid Search,Paid - Brand,36.57,1928,35
2025-09-04,Paid Search,Paid - Brand,36.57,2813,39
2025-09-05,Paid Search,Paid - Brand,36.57,2144,39
2025-09-06,Paid Search,Paid - Brand,26.33,1848,26
2025-09-07,Paid Search,Paid - Brand,26.33,1419,28
2025-09-08,Paid Search,Paid - Brand,36.57,1155,35
2025-09-09,Paid Search,Paid - Brand,36.57,2218,34
2025-09-10,Paid Search,Paid - Brand,36.57,2990,41
2025-09-11,Paid Search,Paid - Brand,36.57,1221,40
2025-09-12,Paid Search,Paid - Brand,36.57,1473,39
2025-09-13,Paid Search,Paid - Brand,26.33,869,25
2025-09-14,Paid Search,Paid - Brand,26.33,1385,27
2025-09-15,Paid Search,Paid - Brand,36.57,2386,39
2025-09-16,Paid Search,Paid - Brand,36.57,1678,41
2025-09-17,Paid Search,Paid - Brand,36.57,1998,40
2025-09-18,Paid Search,Paid - Brand,36.57,1592,36
2025-09-19,Paid Search,Paid - Brand,36.57,2268,40
2025-09-20,Paid Search,Paid - Brand,26.33,1302,25
2025-09-21,Paid Search,Paid - Brand,26.33,1343,26
2025-09-22,Paid Search,Paid - Brand,36.57,2682,38
2025-09-23,Paid Search,Paid - Brand,36.57,1893,37
2025-09-24,Paid Search,Paid - Brand,36.57,2045,35
2025-09-25,Paid Search,Paid - Brand,36.57,2037,38
2025-09-26,Paid Search,Paid - Brand,36.57,2658,39
2025-09-27,Paid Search,Paid - Brand,26.33,1185,29
2025-09-28,Paid Search,Paid - Brand,26.33,1214,27
2025-09-29,Paid Search,Paid - Brand,36.57,2535,40
2025-09-30,Paid Search,Paid - Brand,36.57,1465,34
2025-09-01,Paid Search,Paid - Generic,29.98,1400,30
2025-09-02,Paid Search,Paid - Generic,29.98,1125,32
2025-09-03,Paid Search,Paid - Generic,29.98,1376,28
2025-09-04,Paid Search,Paid - Generic,29.98,2154,32
2025-09-05,Paid Search,Paid - Generic,29.98,1338,28
2025-09-06,Paid Search,Paid - Generic,21.59,807,23
2025-09-07,Paid Search,Paid - Generic,21.59,1313,21
2025-09-08,Paid Search,Paid - Generic,29.98,1744,34
2025-09-09,Paid Search,Paid - Generic,29.98,2428,34
2025-09-10,Paid Search,Paid - Generic,29.98,1780,33
2025-09-11,Paid Search,Paid - Generic,29.98,1445,30
2025-09-12,Paid Search,Paid - Generic,29.98,934,30
2025-09-13,Paid Search,Paid - Generic,21.59,1432,20
2025-09-14,Paid Search,Paid - Generic,21.59,1420,24
2025-09-15,Paid Search,Paid - Generic,29.98,1406,34
2025-09-16,Paid Search,Paid - Generic,29.98,2393,33
2025-09-17,Paid Search,Paid - Generic,29.98,869,29
2025-09-18,Paid Search,Paid - Generic,29.98,855,28
2025-09-19,Paid Search,Paid - Generic,29.98,2273,34
2025-09-20,Paid Search,Paid - Generic,21.59,708,22
2025-09-21,Paid Search,Paid - Generic,21.59,998,23
2025-09-22,Paid Search,Paid - Generic,29.98,1174,31
2025-09-23,Paid Search,Paid - Generic,29.98,1330,28
2025-09-24,Paid Search,Paid - Generic,29.98,956,31
2025-09-25,Paid Search,Paid - Generic,29.98,965,30
2025-09-26,Paid Search,Paid - Generic,29.98,1971,33
2025-09-27,Paid Search,Paid - Generic,21.59,1310,21
2025-09-28,Paid Search,Paid - Generic,21.59,725,22
2025-09-29,Paid Search,Paid - Generic,29.98,908,31
2025-09-30,Paid Search,Paid - Generic,29.98,1256,29
2025-09-01,Paid Search,Paid - Shopping,23.26,1641,23
2025-09-02,Paid Search,Paid - Shopping,23.26,967,26
2025-09-03,Paid Search,Paid - Shopping,23.26,1838,26
2025-09-04,Paid Search,Paid - Shopping,23.26,1467,25
2025-09-05,Paid Search,Paid - Shopping,23.26,977,24
2025-09-06,Paid Search,Paid - Shopping,16.75,638,19
2025-09-07,Paid Search,Paid - Shopping,16.75,1381,19
2025-09-08,Paid Search,Paid - Shopping,23.26,935,23
2025-09-09,Paid Search,Paid - Shopping,23.26,1280,22
2025-09-10,Paid Search,Paid - Shopping,23.26,1601,25
2025-09-11,Paid Search,Paid - Shopping,23.26,657,23
2025-09-12,Paid Search,Paid - Shopping,23.26,1761,24
2025-09-13,Paid Search,Paid - Shopping,16.75,1169,18
2025-09-14,Paid Search,Paid - Shopping,16.75,894,19
2025-09-15,Paid Search,Paid - Shopping,23.26,1503,22
2025-09-16,Paid Search,Paid - Shopping,23.26,1724,25
2025-09-17,Paid Search,Paid - Shopping,23.26,860,24
2025-09-18,Paid Search,Paid - Shopping,23.26,1524,24
2025-09-19,Paid Search,Paid - Shopping,23.26,1534,25
2025-09-20,Paid Search,Paid - Shopping,16.75,1040,17
2025-09-21,Paid Search,Paid - Shopping,16.75,957,16
2025-09-22,Paid Search,Paid - Shopping,23.26,1560,23
2025-09-23,Paid Search,Paid - Shopping,23.26,1153,25
2025-09-24,Paid Search,Paid - Shopping,23.26,1619,22
2025-09-25,Paid Search,Paid - Shopping,23.26,875,22
2025-09-26,Paid Search,Paid - Shopping,23.26,759,24
2025-09-27,Paid Search,Paid - Shopping,16.75,484,17
2025-09-28,Paid Search,Paid - Shopping,16.75,878,18
2025-09-29,Paid Search,Paid - Shopping,23.26,1107,22
2025-09-30,Paid Search,Paid - Shopping,23.26,1016,25
2025-09-01,Paid Social,Paid - Prospecting,47.55,6069,109
2025-09-02,Paid Social,Paid - Prospecting,47.55,8640,118
2025-09-03,Paid Social,Paid - Prospecting,47.55,3936,107
2025-09-04,Paid Social,Paid - Prospecting,47.55,3886,117
2025-09-05,Paid Social,Paid - Prospecting,47.55,6608,110
2025-09-06,Paid Social,Paid - Prospecting,34.23,4775,82
2025-09-07,Paid Social,Paid - Prospecting,34.23,2893,75
2025-09-08,Paid Social,Paid - Prospecting,47.55,5307,102
2025-09-09,Paid Social,Paid - Prospecting,47.55,6494,102
2025-09-10,Paid Social,Paid - Prospecting,47.55,8582,116
2025-09-11,Paid Social,Paid - Prospecting,47.55,8473,119
2025-09-12,Paid Social,Paid - Prospecting,47.55,3556,124
2025-09-13,Paid Social,Paid - Prospecting,34.23,4137,85
2025-09-14,Paid Social,Paid - Prospecting,34.23,5395,86
2025-09-15,Paid Social,Paid - Prospecting,47.55,7662,109
2025-09-16,Paid Social,Paid - Prospecting,47.55,3734,122
2025-09-17,Paid Social,Paid - Prospecting,47.55,6226,110
2025-09-18,Paid Social,Paid - Prospecting,47.55,3991,118
2025-09-19,Paid Social,Paid - Prospecting,47.55,6254,114
2025-09-20,Paid Social,Paid - Prospecting,34.23,4578,85
2025-09-21,Paid Social,Paid - Prospecting,34.23,3965,87
2025-09-22,Paid Social,Paid - Prospecting,47.55,3243,104
2025-09-23,Paid Social,Paid - Prospecting,47.55,5725,119
2025-09-24,Paid Social,Paid - Prospecting,47.55,3241,114
2025-09-25,Paid Social,Paid - Prospecting,47.55,4733,122
2025-09-26,Paid Social,Paid - Prospecting,47.55,7590,117
2025-09-27,Paid Social,Paid - Prospecting,34.23,3760,79
2025-09-28,Paid Social,Paid - Prospecting,34.23,4938,89
2025-09-29,Paid Social,Paid - Prospecting,47.55,5396,117
2025-09-30,Paid Social,Paid - Prospecting,47.55,5601,101
2025-09-01,Paid Social,Paid - Retargeting,57.69,4624,145
2025-09-02,Paid Social,Paid - Retargeting,57.69,10420,149
2025-09-03,Paid Social,Paid - Retargeting,57.69,4866,128
2025-09-04,Paid Social,Paid - Retargeting,57.69,5555,126
2025-09-05,Paid Social,Paid - Retargeting,57.69,7159,141
2025-09-06,Paid Social,Paid - Retargeting,41.54,4784,97
2025-09-07,Paid Social,Paid - Retargeting,41.54,5186,98
2025-09-08,Paid Social,Paid - Retargeting,57.69,6954,142
2025-09-09,Paid Social,Paid - Retargeting,57.69,5907,144
2025-09-10,Paid Social,Paid - Retargeting,57.69,8334,124
2025-09-11,Paid Social,Paid - Retargeting,57.69,8510,139
2025-09-12,Paid Social,Paid - Retargeting,57.69,5550,149
2025-09-13,Paid Social,Paid - Retargeting,41.54,4770,108
2025-09-14,Paid Social,Paid - Retargeting,41.54,5845,89
2025-09-15,Paid Social,Paid - Retargeting,57.69,8601,145
2025-09-16,Paid Social,Paid - Retargeting,57.69,10224,145
2025-09-17,Paid Social,Paid - Retargeting,57.69,9383,132
2025-09-18,Paid Social,Paid - Retargeting,57.69,9750,137
2025-09-19,Paid Social,Paid - Retargeting,57.69,8974,131
2025-09-20,Paid Social,Paid - Retargeting,41.54,6445,108
2025-09-21,Paid Social,Paid - Retargeting,41.54,5380,91
2025-09-22,Paid Social,Paid - Retargeting,57.69,5756,149
2025-09-23,Paid Social,Paid - Retargeting,57.69,8013,132
2025-09-24,Paid Social,Paid - Retargeting,57.69,7755,139
2025-09-25,Paid Social,Paid - Retargeting,57.69,4533,123
2025-09-26,Paid Social,Paid - Retargeting,57.69,9190,125
2025-09-27,Paid Social,Paid - Retargeting,41.54,4767,106
2025-09-28,Paid Social,Paid - Retargeting,41.54,5112,104
2025-09-29,Paid Social,Paid - Retargeting,57.69,4395,141
2025-09-30,Paid Social,Paid - Retargeting,57.69,5158,129
2025-09-01,Paid Social,Paid - Creator,34.64,5269,84
2025-09-02,Paid Social,Paid - Creator,34.64,3068,78
2025-09-03,Paid Social,Paid - Creator,34.64,5199,81
2025-09-04,Paid Social,Paid - Creator,34.64,6532,89
2025-09-05,Paid Social,Paid - Creator,34.64,5933,83
2025-09-06,Paid Social,Paid - Creator,24.94,3613,58
2025-09-07,Paid Social,Paid - Creator,24.94,1842,64
2025-09-08,Paid Social,Paid - Creator,34.64,3786,76
2025-09-09,Paid Social,Paid - Creator,34.64,5630,86
2025-09-10,Paid Social,Paid - Creator,34.64,4556,79
2025-09-11,Paid Social,Paid - Creator,34.64,4753,76
2025-09-12,Paid Social,Paid - Creator,34.64,5428,75
2025-09-13,Paid Social,Paid - Creator,24.94,3954,60
2025-09-14,Paid Social,Paid - Creator,24.94,3643,57
2025-09-15,Paid Social,Paid - Creator,34.64,5747,80
2025-09-16,Paid Social,Paid - Creator,34.64,5517,87
2025-09-17,Paid Social,Paid - Creator,34.64,2938,83
2025-09-18,Paid Social,Paid - Creator,34.64,3693,75
2025-09-19,Paid Social,Paid - Creator,34.64,2350,74
2025-09-20,Paid Social,Paid - Creator,24.94,2573,56
2025-09-21,Paid Social,Paid - Creator,24.94,3957,56
2025-09-22,Paid Social,Paid - Creator,34.64,5945,82
2025-09-23,Paid Social,Paid - Creator,34.64,3742,82
2025-09-24,Paid Social,Paid - Creator,34.64,2322,76
2025-09-25,Paid Social,Paid - Creator,34.64,5476,75
2025-09-26,Paid Social,Paid - Creator,34.64,5461,84
2025-09-27,Paid Social,Paid - Creator,24.94,3692,54
2025-09-28,Paid Social,Paid - Creator,24.94,2862,60
2025-09-29,Paid Social,Paid - Creator,34.64,3414,79
2025-09-30,Paid Social,Paid - Creator,34.64,4818,79
2025-09-01,Affiliate,Affiliate - Cashback,8.88,404,12
2025-09-02,Affiliate,Affiliate - Cashback,8.88,711,11
2025-09-03,Affiliate,Affiliate - Cashback,8.88,634,13
2025-09-04,Affiliate,Affiliate - Cashback,8.88,709,13
2025-09-05,Affiliate,Affiliate - Cashback,8.88,479,12
2025-09-06,Affiliate,Affiliate - Cashback,6.40,521,8
2025-09-07,Affiliate,Affiliate - Cashback,6.40,647,9
2025-09-08,Affiliate,Affiliate - Cashback,8.88,456,12
2025-09-09,Affiliate,Affiliate - Cashback,8.88,456,12
2025-09-10,Affiliate,Affiliate - Cashback,8.88,817,12
2025-09-11,Affiliate,Affiliate - Cashback,8.88,613,12
2025-09-12,Affiliate,Affiliate - Cashback,8.88,452,14
2025-09-13,Affiliate,Affiliate - Cashback,6.40,246,8
2025-09-14,Affiliate,Affiliate - Cashback,6.40,435,8
2025-09-15,Affiliate,Affiliate - Cashback,8.88,472,12
2025-09-16,Affiliate,Affiliate - Cashback,8.88,821,13
2025-09-17,Affiliate,Affiliate - Cashback,8.88,489,12
2025-09-18,Affiliate,Affiliate - Cashback,8.88,427,13
2025-09-19,Affiliate,Affiliate - Cashback,8.88,437,12
2025-09-20,Affiliate,Affiliate - Cashback,6.40,592,9
2025-09-21,Affiliate,Affiliate - Cashback,6.40,368,8
2025-09-22,Affiliate,Affiliate - Cashback,8.88,908,13
2025-09-23,Affiliate,Affiliate - Cashback,8.88,520,12
2025-09-24,Affiliate,Affiliate - Cashback,8.88,821,12
2025-09-25,Affiliate,Affiliate - Cashback,8.88,470,13
2025-09-26,Affiliate,Affiliate - Cashback,8.88,642,12
2025-09-27,Affiliate,Affiliate - Cashback,6.40,320,10
2025-09-28,Affiliate,Affiliate - Cashback,6.40,422,8
2025-09-29,Affiliate,Affiliate - Cashback,8.88,705,12
2025-09-30,Affiliate,Affiliate - Cashback,8.88,475,12
2025-09-01,Affiliate,Affiliate - Content,5.92,542,8
2025-09-02,Affiliate,Affiliate - Content,5.92,444,9
2025-09-03,Affiliate,Affiliate - Content,5.92,495,7
2025-09-04,Affiliate,Affiliate - Content,5.92,633,9
2025-09-05,Affiliate,Affiliate - Content,5.92,600,9
2025-09-06,Affiliate,Affiliate - Content,4.27,334,5
2025-09-07,Affiliate,Affiliate - Content,4.27,226,5
2025-09-08,Affiliate,Affiliate - Content,5.92,621,9
2025-09-09,Affiliate,Affiliate - Content,5.92,579,8
2025-09-10,Affiliate,Affiliate - Content,5.92,311,8
2025-09-11,Affiliate,Affiliate - Content,5.92,394,8
2025-09-12,Affiliate,Affiliate - Content,5.92,412,8
2025-09-13,Affiliate,Affiliate - Content,4.27,168,6
2025-09-14,Affiliate,Affiliate - Content,4.27,259,5
2025-09-15,Affiliate,Affiliate - Content,5.92,415,8
2025-09-16,Affiliate,Affiliate - Content,5.92,584,9
2025-09-17,Affiliate,Affiliate - Content,5.92,327,8
2025-09-18,Affiliate,Affiliate - Content,5.92,457,8
2025-09-19,Affiliate,Affiliate - Content,5.92,621,9
2025-09-20,Affiliate,Affiliate - Content,4.27,345,6
2025-09-21,Affiliate,Affiliate - Content,4.27,396,6
2025-09-22,Affiliate,Affiliate - Content,5.92,542,9
2025-09-23,Affiliate,Affiliate - Content,5.92,569,8
2025-09-24,Affiliate,Affiliate - Content,5.92,207,7
2025-09-25,Affiliate,Affiliate - Content,5.92,230,8
2025-09-26,Affiliate,Affiliate - Content,5.92,461,7
2025-09-27,Affiliate,Affiliate - Content,4.27,281,6
2025-09-28,Affiliate,Affiliate - Content,4.27,296,6
2025-09-29,Affiliate,Affiliate - Content,5.92,362,8
2025-09-30,Affiliate,Affiliate - Content,5.92,483,9
2025-09-01,Affiliate,Affiliate - Voucher,6.33,572,9
2025-09-02,Affiliate,Affiliate - Voucher,6.33,424,9
2025-09-03,Affiliate,Affiliate - Voucher,6.33,569,9
2025-09-04,Affiliate,Affiliate - Voucher,6.33,533,10
2025-09-05,Affiliate,Affiliate - Voucher,6.33,468,9
2025-09-06,Affiliate,Affiliate - Voucher,4.56,399,6
2025-09-07,Affiliate,Affiliate - Voucher,4.56,409,6
2025-09-08,Affiliate,Affiliate - Voucher,6.33,408,9
2025-09-09,Affiliate,Affiliate - Voucher,6.33,724,10
2025-09-10,Affiliate,Affiliate - Voucher,6.33,254,9
2025-09-11,Affiliate,Affiliate - Voucher,6.33,359,9
2025-09-12,Affiliate,Affiliate - Voucher,6.33,593,9
2025-09-13,Affiliate,Affiliate - Voucher,4.56,396,6
2025-09-14,Affiliate,Affiliate - Voucher,4.56,385,6
2025-09-15,Affiliate,Affiliate - Voucher,6.33,356,8
2025-09-16,Affiliate,Affiliate - Voucher,6.33,377,9
2025-09-17,Affiliate,Affiliate - Voucher,6.33,518,9
2025-09-18,Affiliate,Affiliate - Voucher,6.33,504,9
2025-09-19,Affiliate,Affiliate - Voucher,6.33,636,9
2025-09-20,Affiliate,Affiliate - Voucher,4.56,328,6
2025-09-21,Affiliate,Affiliate - Voucher,4.56,318,6
2025-09-22,Affiliate,Affiliate - Voucher,6.33,359,9
2025-09-23,Affiliate,Affiliate - Voucher,6.33,459,9
2025-09-24,Affiliate,Affiliate - Voucher,6.33,566,9
2025-09-25,Affiliate,Affiliate - Voucher,6.33,534,9
2025-09-26,Affiliate,Affiliate - Voucher,6.33,502,8
2025-09-27,Affiliate,Affiliate - Voucher,4.56,397,6
2025-09-28,Affiliate,Affiliate - Voucher,4.56,239,6
2025-09-29,Affiliate,Affiliate - Voucher,6.33,444,9
2025-09-30,Affiliate,Affiliate - Voucher,6.33,665,10
2025-09-01,Email & CRM,Email - Lifecycle,4.16,1058,31
2025-09-02,Email & CRM,Email - Lifecycle,4.16,1883,35
2025-09-03,Email & CRM,Email - Lifecycle,4.16,1590,35
2025-09-04,Email & CRM,Email - Lifecycle,4.16,1635,36
2025-09-05,Email & CRM,Email - Lifecycle,4.16,2002,35
2025-09-06,Email & CRM,Email - Lifecycle,3.00,1553,27
2025-09-07,Email & CRM,Email - Lifecycle,3.00,1146,26
2025-09-08,Email & CRM,Email - Lifecycle,4.16,1644,32
2025-09-09,Email & CRM,Email - Lifecycle,4.16,1907,35
2025-09-10,Email & CRM,Email - Lifecycle,4.16,2350,38
2025-09-11,Email & CRM,Email - Lifecycle,4.16,1078,36
2025-09-12,Email & CRM,Email - Lifecycle,4.16,1236,31
2025-09-13,Email & CRM,Email - Lifecycle,3.00,1209,22
2025-09-14,Email & CRM,Email - Lifecycle,3.00,1389,25
2025-09-15,Email & CRM,Email - Lifecycle,4.16,1842,31
2025-09-16,Email & CRM,Email - Lifecycle,4.16,1604,35
2025-09-17,Email & CRM,Email - Lifecycle,4.16,1355,32
2025-09-18,Email & CRM,Email - Lifecycle,4.16,1456,35
2025-09-19,Email & CRM,Email - Lifecycle,4.16,2135,37
2025-09-20,Email & CRM,Email - Lifecycle,3.00,1574,23
2025-09-21,Email & CRM,Email - Lifecycle,3.00,1132,24
2025-09-22,Email & CRM,Email - Lifecycle,4.16,1358,32
2025-09-23,Email & CRM,Email - Lifecycle,4.16,2698,37
2025-09-24,Email & CRM,Email - Lifecycle,4.16,1880,37
2025-09-25,Email & CRM,Email - Lifecycle,4.16,1862,34
2025-09-26,Email & CRM,Email - Lifecycle,4.16,2513,35
2025-09-27,Email & CRM,Email - Lifecycle,3.00,1983,27
2025-09-28,Email & CRM,Email - Lifecycle,3.00,918,26
2025-09-29,Email & CRM,Email - Lifecycle,4.16,1360,33
2025-09-30,Email & CRM,Email - Lifecycle,4.16,2038,32
2025-09-01,Email & CRM,Email - Winback,4.48,1552,33
2025-09-02,Email & CRM,Email - Winback,4.48,1183,39
2025-09-03,Email & CRM,Email - Winback,4.48,1023,33
2025-09-04,Email & CRM,Email - Winback,4.48,1571,38
2025-09-05,Email & CRM,Email - Winback,4.48,1989,39
2025-09-06,Email & CRM,Email - Winback,3.23,1663,24
2025-09-07,Email & CRM,Email - Winback,3.23,715,25
2025-09-08,Email & CRM,Email - Winback,4.48,1252,37
2025-09-09,Email & CRM,Email - Winback,4.48,2777,38
2025-09-10,Email & CRM,Email - Winback,4.48,1271,37
2025-09-11,Email & CRM,Email - Winback,4.48,2439,33
2025-09-12,Email & CRM,Email - Winback,4.48,1518,34
2025-09-13,Email & CRM,Email - Winback,3.23,1979,28
2025-09-14,Email & CRM,Email - Winback,3.23,1703,27
2025-09-15,Email & CRM,Email - Winback,4.48,1454,34
2025-09-16,Email & CRM,Email - Winback,4.48,1616,40
2025-09-17,Email & CRM,Email - Winback,4.48,2380,37
2025-09-18,Email & CRM,Email - Winback,4.48,2550,37
2025-09-19,Email & CRM,Email - Winback,4.48,1210,40
2025-09-20,Email & CRM,Email - Winback,3.23,890,26
2025-09-21,Email & CRM,Email - Winback,3.23,721,25
2025-09-22,Email & CRM,Email - Winback,4.48,2801,38
2025-09-23,Email & CRM,Email - Winback,4.48,2228,39
2025-09-24,Email & CRM,Email - Winback,4.48,1419,37
2025-09-25,Email & CRM,Email - Winback,4.48,2393,36
2025-09-26,Email & CRM,Email - Winback,4.48,2664,40
2025-09-27,Email & CRM,Email - Winback,3.23,1260,27
2025-09-28,Email & CRM,Email - Winback,3.23,1441,26
2025-09-29,Email & CRM,Email - Winback,4.48,1046,35
2025-09-30,Email & CRM,Email - Winback,4.48,1192,34
2025-09-01,Marketplace,Marketplace - Sponsored Listings,40.35,5465,78
2025-09-02,Marketplace,Marketplace - Sponsored Listings,40.35,5009,78
2025-09-03,Marketplace,Marketplace - Sponsored Listings,40.35,2381,78
2025-09-04,Marketplace,Marketplace - Sponsored Listings,40.35,3059,75
2025-09-05,Marketplace,Marketplace - Sponsored Listings,40.35,4932,74
2025-09-06,Marketplace,Marketplace - Sponsored Listings,29.05,2829,49
2025-09-07,Marketplace,Marketplace - Sponsored Listings,29.05,3371,49
2025-09-08,Marketplace,Marketplace - Sponsored Listings,40.35,2559,78
2025-09-09,Marketplace,Marketplace - Sponsored Listings,40.35,3139,67
2025-09-10,Marketplace,Marketplace - Sponsored Listings,40.35,3973,78
2025-09-11,Marketplace,Marketplace - Sponsored Listings,40.35,4603,79
2025-09-12,Marketplace,Marketplace - Sponsored Listings,40.35,2789,72
2025-09-13,Marketplace,Marketplace - Sponsored Listings,29.05,3119,52
2025-09-14,Marketplace,Marketplace - Sponsored Listings,29.05,4050,56
2025-09-15,Marketplace,Marketplace - Sponsored Listings,40.35,3109,66
2025-09-16,Marketplace,Marketplace - Sponsored Listings,40.35,3803,78
2025-09-17,Marketplace,Marketplace - Sponsored Listings,40.35,2412,73
2025-09-18,Marketplace,Marketplace - Sponsored Listings,40.35,3804,72
2025-09-19,Marketplace,Marketplace - Sponsored Listings,40.35,3397,68
2025-09-20,Marketplace,Marketplace - Sponsored Listings,29.05,3033,57
2025-09-21,Marketplace,Marketplace - Sponsored Listings,29.05,1948,54
2025-09-22,Marketplace,Marketplace - Sponsored Listings,40.35,3348,66
2025-09-23,Marketplace,Marketplace - Sponsored Listings,40.35,3440,75
2025-09-24,Marketplace,Marketplace - Sponsored Listings,40.35,2251,79
2025-09-25,Marketplace,Marketplace - Sponsored Listings,40.35,3651,66
2025-09-26,Marketplace,Marketplace - Sponsored Listings,40.35,3288,79
2025-09-27,Marketplace,Marketplace - Sponsored Listings,29.05,3320,48
2025-09-28,Marketplace,Marketplace - Sponsored Listings,29.05,3419,50
2025-09-29,Marketplace,Marketplace - Sponsored Listings,40.35,3274,68
2025-09-30,Marketplace,Marketplace - Sponsored Listings,40.35,5027,68
2025-10-01,Organic Search,Organic - SEO Content,9.37,12353,201
2025-10-02,Organic Search,Organic - SEO Content,9.37,6752,179
2025-10-03,Organic Search,Organic - SEO Content,9.37,11346,174
2025-10-04,Organic Search,Organic - SEO Content,6.75,6991,135
2025-10-05,Organic Search,Organic - SEO Content,6.75,8810,143
2025-10-06,Organic Search,Organic - SEO Content,9.37,12215,174
2025-10-07,Organic Search,Organic - SEO Content,9.37,7462,190
2025-10-08,Organic Search,Organic - SEO Content,9.37,10092,179
2025-10-09,Organic Search,Organic - SEO Content,9.37,10787,174
2025-10-10,Organic Search,Organic - SEO Content,9.37,8499,195
2025-10-11,Organic Search,Organic - SEO Content,6.75,6396,122
2025-10-12,Organic Search,Organic - SEO Content,6.75,10696,146
2025-10-13,Organic Search,Organic - SEO Content,9.37,8824,194
2025-10-14,Organic Search,Organic - SEO Content,9.37,8586,170
2025-10-15,Organic Search,Organic - SEO Content,9.37,11643,182
2025-10-16,Organic Search,Organic - SEO Content,9.37,9946,194
2025-10-17,Organic Search,Organic - SEO Content,9.37,10013,205
2025-10-18,Organic Search,Organic - SEO Content,6.75,7462,132
2025-10-19,Organic Search,Organic - SEO Content,6.75,3661,128
2025-10-20,Organic Search,Organic - SEO Content,9.37,13260,195
2025-10-21,Organic Search,Organic - SEO Content,9.37,9507,198
2025-10-22,Organic Search,Organic - SEO Content,9.37,12468,181
2025-10-23,Organic Search,Organic - SEO Content,9.37,11240,175
2025-10-24,Organic Search,Organic - SEO Content,9.37,5447,188
2025-10-25,Organic Search,Organic - SEO Content,6.75,4142,129
2025-10-26,Organic Search,Organic - SEO Content,6.75,7628,140
2025-10-27,Organic Search,Organic - SEO Content,9.37,6099,197
2025-10-28,Organic Search,Organic - SEO Content,9.37,6664,189
2025-10-29,Organic Search,Organic - SEO Content,9.37,11784,194
2025-10-30,Organic Search,Organic - SEO Content,9.37,9297,170
2025-10-31,Organic Search,Organic - SEO Content,9.37,11122,178
2025-10-01,Paid Search,Paid - Brand,28.23,1208,28
2025-10-02,Paid Search,Paid - Brand,28.23,1875,28
2025-10-03,Paid Search,Paid - Brand,28.23,1111,27
2025-10-04,Paid Search,Paid - Brand,20.33,1059,21
2025-10-05,Paid Search,Paid - Brand,20.33,764,20
2025-10-06,Paid Search,Paid - Brand,28.23,1430,32
2025-10-07,Paid Search,Paid - Brand,28.23,1583,30
2025-10-08,Paid Search,Paid - Brand,28.23,1761,27
2025-10-09,Paid Search,Paid - Brand,28.23,1072,30
2025-10-10,Paid Search,Paid - Brand,28.23,1913,31
2025-10-11,Paid Search,Paid - Brand,20.33,1352,23
2025-10-12,Paid Search,Paid - Brand,20.33,1346,20
2025-10-13,Paid Search,Paid - Brand,28.23,1658,31
2025-10-14,Paid Search,Paid - Brand,28.23,2010,31
2025-10-15,Paid Search,Paid - Brand,28.23,968,29
2025-10-16,Paid Search,Paid - Brand,28.23,2015,28
2025-10-17,Paid Search,Paid - Brand,28.23,1297,31
2025-10-18,Paid Search,Paid - Brand,20.33,830,19
2025-10-19,Paid Search,Paid - Brand,20.33,1303,22
2025-10-20,Paid Search,Paid - Brand,28.23,894,29
2025-10-21,Paid Search,Paid - Brand,28.23,1954,31
2025-10-22,Paid Search,Paid - Brand,28.23,2177,30
2025-10-23,Paid Search,Paid - Brand,28.23,1612,28
2025-10-24,Paid Search,Paid - Brand,28.23,2048,29
2025-10-25,Paid Search,Paid - Brand,20.33,977,19
2025-10-26,Paid Search,Paid - Brand,20.33,882,21
2025-10-27,Paid Search,Paid - Brand,28.23,1795,28
2025-10-28,Paid Search,Paid - Brand,28.23,2023,28
2025-10-29,Paid Search,Paid - Brand,28.23,1244,32
2025-10-30,Paid Search,Paid - Brand,28.23,1027,27
2025-10-31,Paid Search,Paid - Brand,28.23,1934,29
2025-10-01,Paid Search,Paid - Generic,24.99,1791,28
2025-10-02,Paid Search,Paid - Generic,24.99,1356,26
2025-10-03,Paid Search,Paid - Generic,24.99,1086,28
2025-10-04,Paid Search,Paid - Generic,18.00,1329,19
2025-10-05,Paid Search,Paid - Generic,18.00,818,17
2025-10-06,Paid Search,Paid - Generic,24.99,894,25
2025-10-07,Paid Search,Paid - Generic,24.99,1262,27
2025-10-08,Paid Search,Paid - Generic,24.99,860,24
2025-10-09,Paid Search,Paid - Generic,24.99,722,24
2025-10-10,Paid Search,Paid - Generic,24.99,1994,28
2025-10-11,Paid Search,Paid - Generic,18.00,607,17
2025-10-12,Paid Search,Paid - Generic,18.00,1233,18
2025-10-13,Paid Search,Paid - Generic,24.99,1231,27
2025-10-14,Paid Search,Paid - Generic,24.99,1730,24
2025-10-15,Paid Search,Paid - Generic,24.99,1814,27
2025-10-16,Paid Search,Paid - Generic,24.99,757,27
2025-10-17,Paid Search,Paid - Generic,24.99,1785,26
2025-10-18,Paid Search,Paid - Generic,18.00,600,20
2025-10-19,Paid Search,Paid - Generic,18.00,985,17
2025-10-20,Paid Search,Paid - Generic,24.99,681,24
2025-10-21,Paid Search,Paid - Generic,24.99,1049,25
2025-10-22,Paid Search,Paid - Generic,24.99,1620,24
2025-10-23,Paid Search,Paid - Generic,24.99,1600,25
2025-10-24,Paid Search,Paid - Generic,24.99,1440,27
2025-10-25,Paid Search,Paid - Generic,18.00,762,17
2025-10-26,Paid Search,Paid - Generic,18.00,857,20
2025-10-27,Paid Search,Paid - Generic,24.99,1874,27
2025-10-28,Paid Search,Paid - Generic,24.99,1237,27
2025-10-29,Paid Search,Paid - Generic,24.99,1848,27
2025-10-30,Paid Search,Paid - Generic,24.99,1280,25
2025-10-31,Paid Search,Paid - Generic,24.99,1919,26
2025-10-01,Paid Search,Paid - Shopping,37.68,2596,41
2025-10-02,Paid Search,Paid - Shopping,37.68,1274,38
2025-10-03,Paid Search,Paid - Shopping,37.68,2637,39
2025-10-04,Paid Search,Paid - Shopping,27.13,2164,30
2025-10-05,Paid Search,Paid - Shopping,27.13,1146,28
2025-10-06,Paid Search,Paid - Shopping,37.68,1946,38
2025-10-07,Paid Search,Paid - Shopping,37.68,1962,41
2025-10-08,Paid Search,Paid - Shopping,37.68,2642,43
2025-10-09,Paid Search,Paid - Shopping,37.68,2571,39
2025-10-10,Paid Search,Paid - Shopping,37.68,2818,39
2025-10-11,Paid Search,Paid - Shopping,27.13,827,26
2025-10-12,Paid Search,Paid - Shopping,27.13,896,30
2025-10-13,Paid Search,Paid - Shopping,37.68,2429,38
2025-10-14,Paid Search,Paid - Shopping,37.68,2959,42
2025-10-15,Paid Search,Paid - Shopping,37.68,1386,35
2025-10-16,Paid Search,Paid - Shopping,37.68,2384,43
2025-10-17,Paid Search,Paid - Shopping,37.68,1062,37
2025-10-18,Paid Search,Paid - Shopping,27.13,880,26
2025-10-19,Paid Search,Paid - Shopping,27.13,1713,28
2025-10-20,Paid Search,Paid - Shopping,37.68,1492,36
2025-10-21,Paid Search,Paid - Shopping,37.68,2556,40
2025-10-22,Paid Search,Paid - Shopping,37.68,1701,38
2025-10-23,Paid Search,Paid - Shopping,37.68,1174,39
2025-10-24,Paid Search,Paid - Shopping,37.68,1627,38
2025-10-25,Paid Search,Paid - Shopping,27.13,1262,27
2025-10-26,Paid Search,Paid - Shopping,27.13,1750,27
2025-10-27,Paid Search,Paid - Shopping,37.68,1825,43
2025-10-28,Paid Search,Paid - Shopping,37.68,2568,42
2025-10-29,Paid Search,Paid - Shopping,37.68,2583,41
2025-10-30,Paid Search,Paid - Shopping,37.68,1312,38
2025-10-31,Paid Search,Paid - Shopping,37.68,2776,41
2025-10-01,Paid Social,Paid - Prospecting,31.18,2533,70
2025-10-02,Paid Social,Paid - Prospecting,31.18,3232,80
2025-10-03,Paid Social,Paid - Prospecting,31.18,5012,80
2025-10-04,Paid Social,Paid - Prospecting,22.45,3258,58
2025-10-05,Paid Social,Paid - Prospecting,22.45,3597,57
2025-10-06,Paid Social,Paid - Prospecting,31.18,2705,72
2025-10-07,Paid Social,Paid - Prospecting,31.18,2153,67
2025-10-08,Paid Social,Paid - Prospecting,31.18,3223,78
2025-10-09,Paid Social,Paid - Prospecting,31.18,3453,74
2025-10-10,Paid Social,Paid - Prospecting,31.18,3556,68
2025-10-11,Paid Social,Paid - Prospecting,22.45,2205,49
2025-10-12,Paid Social,Paid - Prospecting,22.45,2095,50
2025-10-13,Paid Social,Paid - Prospecting,31.18,5068,79
2025-10-14,Paid Social,Paid - Prospecting,31.18,3730,67
2025-10-15,Paid Social,Paid - Prospecting,31.18,3808,68
2025-10-16,Paid Social,Paid - Prospecting,31.18,3636,68
2025-10-17,Paid Social,Paid - Prospecting,31.18,2465,70
2025-10-18,Paid Social,Paid - Prospecting,22.45,2953,49
2025-10-19,Paid Social,Paid - Prospecting,22.45,2736,57
2025-10-20,Paid Social,Paid - Prospecting,31.18,3493,72
2025-10-21,Paid Social,Paid - Prospecting,31.18,4560,73
2025-10-22,Paid Social,Paid - Prospecting,31.18,2531,74
2025-10-23,Paid Social,Paid - Prospecting,31.18,4405,72
2025-10-24,Paid Social,Paid - Prospecting,31.18,3574,70
2025-10-25,Paid Social,Paid - Prospecting,22.45,3785,54
2025-10-26,Paid Social,Paid - Prospecting,22.45,1626,55
2025-10-27,Paid Social,Paid - Prospecting,31.18,2371,67
2025-10-28,Paid Social,Paid - Prospecting,31.18,5049,75
2025-10-29,Paid Social,Paid - Prospecting,31.18,3741,74
2025-10-30,Paid Social,Paid - Prospecting,31.18,2013,70
2025-10-31,Paid Social,Paid - Prospecting,31.18,3973,70
2025-10-01,Paid Social,Paid - Retargeting,54.04,7051,132
2025-10-02,Paid Social,Paid - Retargeting,54.04,5546,117
2025-10-03,Paid Social,Paid - Retargeting,54.04,8953,133
2025-10-04,Paid Social,Paid - Retargeting,38.91,5930,87
2025-10-05,Paid Social,Paid - Retargeting,38.91,4483,86
2025-10-06,Paid Social,Paid - Retargeting,54.04,3313,116
2025-10-07,Paid Social,Paid - Retargeting,54.04,6504,118
2025-10-08,Paid Social,Paid - Retargeting,54.04,6748,128
2025-10-09,Paid Social,Paid - Retargeting,54.04,4543,133
2025-10-10,Paid Social,Paid - Retargeting,54.04,8817,120
2025-10-11,Paid Social,Paid - Retargeting,38.91,3453,89
2025-10-12,Paid Social,Paid - Retargeting,38.91,4063,99
2025-10-13,Paid Social,Paid - Retargeting,54.04,6745,119
2025-10-14,Paid Social,Paid - Retargeting,54.04,7501,129
2025-10-15,Paid Social,Paid - Retargeting,54.04,6164,133
2025-10-16,Paid Social,Paid - Retargeting,54.04,8943,129
2025-10-17,Paid Social,Paid - Retargeting,54.04,7878,138
2025-10-18,Paid Social,Paid - Retargeting,38.91,4985,100
2025-10-19,Paid Social,Paid - Retargeting,38.91,3447,88
2025-10-20,Paid Social,Paid - Retargeting,54.04,3551,119
2025-10-21,Paid Social,Paid - Retargeting,54.04,8007,135
2025-10-22,Paid Social,Paid - Retargeting,54.04,3902,130
2025-10-23,Paid Social,Paid - Retargeting,54.04,3864,121
2025-10-24,Paid Social,Paid - Retargeting,54.04,6214,140
2025-10-25,Paid Social,Paid - Retargeting,38.91,4016,87
2025-10-26,Paid Social,Paid - Retargeting,38.91,4602,101
2025-10-27,Paid Social,Paid - Retargeting,54.04,5676,141
2025-10-28,Paid Social,Paid - Retargeting,54.04,4563,130
2025-10-29,Paid Social,Paid - Retargeting,54.04,7861,129
2025-10-30,Paid Social,Paid - Retargeting,54.04,7489,120
2025-10-31,Paid Social,Paid - Retargeting,54.04,8945,139
2025-10-01,Paid Social,Paid - Creator,53.06,6595,132
2025-10-02,Paid Social,Paid - Creator,53.06,5200,119
2025-10-03,Paid Social,Paid - Creator,53.06,4743,136
2025-10-04,Paid Social,Paid - Creator,38.20,4953,97
2025-10-05,Paid Social,Paid - Creator,38.20,5909,92
2025-10-06,Paid Social,Paid - Creator,53.06,3245,114
2025-10-07,Paid Social,Paid - Creator,53.06,7394,125
2025-10-08,Paid Social,Paid - Creator,53.06,8256,136
2025-10-09,Paid Social,Paid - Creator,53.06,7913,136
2025-10-10,Paid Social,Paid - Creator,53.06,3880,124
2025-10-11,Paid Social,Paid - Creator,38.20,2835,82
2025-10-12,Paid Social,Paid - Creator,38.20,4381,85
2025-10-13,Paid Social,Paid - Creator,53.06,3836,137
2025-10-14,Paid Social,Paid - Creator,53.06,6771,128
2025-10-15,Paid Social,Paid - Creator,53.06,6794,124
2025-10-16,Paid Social,Paid - Creator,53.06,5106,121
2025-10-17,Paid Social,Paid - Creator,53.06,6728,116
2025-10-18,Paid Social,Paid - Creator,38.20,3078,91
2025-10-19,Paid Social,Paid - Creator,38.20,4229,96
2025-10-20,Paid Social,Paid - Creator,53.06,5541,120
2025-10-21,Paid Social,Paid - Creator,53.06,3252,116
2025-10-22,Paid Social,Paid - Creator,53.06,6420,114
2025-10-23,Paid Social,Paid - Creator,53.06,8924,129
2025-10-24,Paid Social,Paid - Creator,53.06,7022,133
2025-10-25,Paid Social,Paid - Creator,38.20,6088,96
2025-10-26,Paid Social,Paid - Creator,38.20,4926,92
2025-10-27,Paid Social,Paid - Creator,53.06,8556,118
2025-10-28,Paid Social,Paid - Creator,53.06,6734,129
2025-10-29,Paid Social,Paid - Creator,53.06,5800,121
2025-10-30,Paid Social,Paid - Creator,53.06,5603,125
2025-10-31,Paid Social,Paid - Creator,53.06,9352,133
2025-10-01,Affiliate,Affiliate - Cashback,8.98,496,12
2025-10-02,Affiliate,Affiliate - Cashback,8.98,668,13
2025-10-03,Affiliate,Affiliate - Cashback,8.98,484,14
2025-10-04,Affiliate,Affiliate - Cashback,6.46,627,9
2025-10-05,Affiliate,Affiliate - Cashback,6.46,707,10
2025-10-06,Affiliate,Affiliate - Cashback,8.98,837,14
2025-10-07,Affiliate,Affiliate - Cashback,8.98,561,13
2025-10-08,Affiliate,Affiliate - Cashback,8.98,579,14
2025-10-09,Affiliate,Affiliate - Cashback,8.98,410,13
2025-10-10,Affiliate,Affiliate - Cashback,8.98,748,14
2025-10-11,Affiliate,Affiliate - Cashback,6.46,436,10
2025-10-12,Affiliate,Affiliate - Cashback,6.46,376,8
2025-10-13,Affiliate,Affiliate - Cashback,8.98,452,13
2025-10-14,Affiliate,Affiliate - Cashback,8.98,321,11
2025-10-15,Affiliate,Affiliate - Cashback,8.98,845,12
2025-10-16,Affiliate,Affiliate - Cashback,8.98,504,13
2025-10-17,Affiliate,Affiliate - Cashback,8.98,530,12
2025-10-18,Affiliate,Affiliate - Cashback,6.46,354,8
2025-10-19,Affiliate,Affiliate - Cashback,6.46,608,9
2025-10-20,Affiliate,Affiliate - Cashback,8.98,595,12
2025-10-21,Affiliate,Affiliate - Cashback,8.98,370,12
2025-10-22,Affiliate,Affiliate - Cashback,8.98,995,14
2025-10-23,Affiliate,Affiliate - Cashback,8.98,797,14
2025-10-24,Affiliate,Affiliate - Cashback,8.98,871,14
2025-10-25,Affiliate,Affiliate - Cashback,6.46,450,8
2025-10-26,Affiliate,Affiliate - Cashback,6.46,580,10
2025-10-27,Affiliate,Affiliate - Cashback,8.98,586,13
2025-10-28,Affiliate,Affiliate - Cashback,8.98,624,12
2025-10-29,Affiliate,Affiliate - Cashback,8.98,598,13
2025-10-30,Affiliate,Affiliate - Cashback,8.98,377,13
2025-10-31,Affiliate,Affiliate - Cashback,8.98,392,12
2025-10-01,Affiliate,Affiliate - Content,6.56,548,9
2025-10-02,Affiliate,Affiliate - Content,6.56,608,9
2025-10-03,Affiliate,Affiliate - Content,6.56,439,9
2025-10-04,Affiliate,Affiliate - Content,4.72,260,7
2025-10-05,Affiliate,Affiliate - Content,4.72,511,7
2025-10-06,Affiliate,Affiliate - Content,6.56,490,9
2025-10-07,Affiliate,Affiliate - Content,6.56,654,9
2025-10-08,Affiliate,Affiliate - Content,6.56,298,9
2025-10-09,Affiliate,Affiliate - Content,6.56,592,9
2025-10-10,Affiliate,Affiliate - Content,6.56,657,10
2025-10-11,Affiliate,Affiliate - Content,4.72,456,7
2025-10-12,Affiliate,Affiliate - Content,4.72,242,7
2025-10-13,Affiliate,Affiliate - Content,6.56,399,10
2025-10-14,Affiliate,Affiliate - Content,6.56,478,9
2025-10-15,Affiliate,Affiliate - Content,6.56,563,9
2025-10-16,Affiliate,Affiliate - Content,6.56,734,10
2025-10-17,Affiliate,Affiliate - Content,6.56,234,8
2025-10-18,Affiliate,Affiliate - Content,4.72,347,7
2025-10-19,Affiliate,Affiliate - Content,4.72,332,7
2025-10-20,Affiliate,Affiliate - Content,6.56,570,8
2025-10-21,Affiliate,Affiliate - Content,6.56,643,9
2025-10-22,Affiliate,Affiliate - Content,6.56,730,10
2025-10-23,Affiliate,Affiliate - Content,6.56,303,9
2025-10-24,Affiliate,Affiliate - Content,6.56,520,9
2025-10-25,Affiliate,Affiliate - Content,4.72,502,7
2025-10-26,Affiliate,Affiliate - Content,4.72,349,6
2025-10-27,Affiliate,Affiliate - Content,6.56,295,8
2025-10-28,Affiliate,Affiliate - Content,6.56,536,10
2025-10-29,Affiliate,Affiliate - Content,6.56,336,10
2025-10-30,Affiliate,Affiliate - Content,6.56,497,9
2025-10-31,Affiliate,Affiliate - Content,6.56,373,9
2025-10-01,Affiliate,Affiliate - Voucher,11.31,645,18
2025-10-02,Affiliate,Affiliate - Voucher,11.31,1237,17
2025-10-03,Affiliate,Affiliate - Voucher,11.31,1167,16
2025-10-04,Affiliate,Affiliate - Voucher,8.15,629,12
2025-10-05,Affiliate,Affiliate - Voucher,8.15,813,12
2025-10-06,Affiliate,Affiliate - Voucher,11.31,1124,17
2025-10-07,Affiliate,Affiliate - Voucher,11.31,508,17
2025-10-08,Affiliate,Affiliate - Voucher,11.31,745,16
2025-10-09,Affiliate,Affiliate - Voucher,11.31,963,18
2025-10-10,Affiliate,Affiliate - Voucher,11.31,1087,17
2025-10-11,Affiliate,Affiliate - Voucher,8.15,375,10
2025-10-12,Affiliate,Affiliate - Voucher,8.15,367,12
2025-10-13,Affiliate,Affiliate - Voucher,11.31,1013,15
2025-10-14,Affiliate,Affiliate - Voucher,11.31,449,16
2025-10-15,Affiliate,Affiliate - Voucher,11.31,970,16
2025-10-16,Affiliate,Affiliate - Voucher,11.31,1126,17
2025-10-17,Affiliate,Affiliate - Voucher,11.31,832,16
2025-10-18,Affiliate,Affiliate - Voucher,8.15,340,11
2025-10-19,Affiliate,Affiliate - Voucher,8.15,523,10
2025-10-20,Affiliate,Affiliate - Voucher,11.31,815,16
2025-10-21,Affiliate,Affiliate - Voucher,11.31,717,17
2025-10-22,Affiliate,Affiliate - Voucher,11.31,566,16
2025-10-23,Affiliate,Affiliate - Voucher,11.31,814,16
2025-10-24,Affiliate,Affiliate - Voucher,11.31,1032,18
2025-10-25,Affiliate,Affiliate - Voucher,8.15,640,11
2025-10-26,Affiliate,Affiliate - Voucher,8.15,835,12
2025-10-27,Affiliate,Affiliate - Voucher,11.31,801,17
2025-10-28,Affiliate,Affiliate - Voucher,11.31,845,17
2025-10-29,Affiliate,Affiliate - Voucher,11.31,789,16
2025-10-30,Affiliate,Affiliate - Voucher,11.31,625,16
2025-10-31,Affiliate,Affiliate - Voucher,11.31,621,17
2025-10-01,Email & CRM,Email - Lifecycle,5.87,2809,47
2025-10-02,Email & CRM,Email - Lifecycle,5.87,2356,52
2025-10-03,Email & CRM,Email - Lifecycle,5.87,3488,51
2025-10-04,Email & CRM,Email - Lifecycle,4.23,1132,31
2025-10-05,Email & CRM,Email - Lifecycle,4.23,2075,34
2025-10-06,Email & CRM,Email - Lifecycle,5.87,3172,47
2025-10-07,Email & CRM,Email - Lifecycle,5.87,1722,47
2025-10-08,Email & CRM,Email - Lifecycle,5.87,2948,46
2025-10-09,Email & CRM,Email - Lifecycle,5.87,3160,53
2025-10-10,Email & CRM,Email - Lifecycle,5.87,1792,51
2025-10-11,Email & CRM,Email - Lifecycle,4.23,1574,35
2025-10-12,Email & CRM,Email - Lifecycle,4.23,1665,34
2025-10-13,Email & CRM,Email - Lifecycle,5.87,2382,47
2025-10-14,Email & CRM,Email - Lifecycle,5.87,1878,51
2025-10-15,Email & CRM,Email - Lifecycle,5.87,2664,48
2025-10-16,Email & CRM,Email - Lifecycle,5.87,1969,49
2025-10-17,Email & CRM,Email - Lifecycle,5.87,2529,51
2025-10-18,Email & CRM,Email - Lifecycle,4.23,2599,36
2025-10-19,Email & CRM,Email - Lifecycle,4.23,1646,32
2025-10-20,Email & CRM,Email - Lifecycle,5.87,2073,46
2025-10-21,Email & CRM,Email - Lifecycle,5.87,2877,51
2025-10-22,Email & CRM,Email - Lifecycle,5.87,2905,48
2025-10-23,Email & CRM,Email - Lifecycle,5.87,2338,44
2025-10-24,Email & CRM,Email - Lifecycle,5.87,2494,49
2025-10-25,Email & CRM,Email - Lifecycle,4.23,2748,38
2025-10-26,Email & CRM,Email - Lifecycle,4.23,1029,34
2025-10-27,Email & CRM,Email - Lifecycle,5.87,1844,49
2025-10-28,Email & CRM,Email - Lifecycle,5.87,2391,53
2025-10-29,Email & CRM,Email - Lifecycle,5.87,2848,44
2025-10-30,Email & CRM,Email - Lifecycle,5.87,1639,46
2025-10-31,Email & CRM,Email - Lifecycle,5.87,2323,49
2025-10-01,Email & CRM,Email - Winback,2.97,1243,23
2025-10-02,Email & CRM,Email - Winback,2.97,1580,25
2025-10-03,Email & CRM,Email - Winback,2.97,865,25
2025-10-04,Email & CRM,Email - Winback,2.14,976,17
2025-10-05,Email & CRM,Email - Winback,2.14,944,17
2025-10-06,Email & CRM,Email - Winback,2.97,750,26
2025-10-07,Email & CRM,Email - Winback,2.97,1475,22
2025-10-08,Email & CRM,Email - Winback,2.97,1591,26
2025-10-09,Email & CRM,Email - Winback,2.97,1281,25
2025-10-10,Email & CRM,Email - Winback,2.97,1538,26
2025-10-11,Email & CRM,Email - Winback,2.14,771,19
2025-10-12,Email & CRM,Email - Winback,2.14,1045,16
2025-10-13,Email & CRM,Email - Winback,2.97,1232,24
2025-10-14,Email & CRM,Email - Winback,2.97,1321,22
2025-10-15,Email & CRM,Email - Winback,2.97,1101,26
2025-10-16,Email & CRM,Email - Winback,2.97,1164,26
2025-10-17,Email & CRM,Email - Winback,2.97,680,23
2025-10-18,Email & CRM,Email - Winback,2.14,1031,19
2025-10-19,Email & CRM,Email - Winback,2.14,744,16
2025-10-20,Email & CRM,Email - Winback,2.97,1745,24
2025-10-21,Email & CRM,Email - Winback,2.97,1580,23
2025-10-22,Email & CRM,Email - Winback,2.97,1162,24
2025-10-23,Email & CRM,Email - Winback,2.97,1527,26
2025-10-24,Email & CRM,Email - Winback,2.97,1488,24
2025-10-25,Email & CRM,Email - Winback,2.14,806,16
2025-10-26,Email & CRM,Email - Winback,2.14,1262,18
2025-10-27,Email & CRM,Email - Winback,2.97,1162,24
2025-10-28,Email & CRM,Email - Winback,2.97,1755,26
2025-10-29,Email & CRM,Email - Winback,2.97,1849,25
2025-10-30,Email & CRM,Email - Winback,2.97,1067,22
2025-10-31,Email & CRM,Email - Winback,2.97,1443,23
2025-10-01,Marketplace,Marketplace - Sponsored Listings,42.69,3052,80
2025-10-02,Marketplace,Marketplace - Sponsored Listings,42.69,2759,76
2025-10-03,Marketplace,Marketplace - Sponsored Listings,42.69,5241,77
2025-10-04,Marketplace,Marketplace - Sponsored Listings,30.74,3987,60
2025-10-05,Marketplace,Marketplace - Sponsored Listings,30.74,1832,57
2025-10-06,Marketplace,Marketplace - Sponsored Listings,42.69,4737,83
2025-10-07,Marketplace,Marketplace - Sponsored Listings,42.69,5866,83
2025-10-08,Marketplace,Marketplace - Sponsored Listings,42.69,5131,80
2025-10-09,Marketplace,Marketplace - Sponsored Listings,42.69,5108,70
2025-10-10,Marketplace,Marketplace - Sponsored Listings,42.69,2649,81
2025-10-11,Marketplace,Marketplace - Sponsored Listings,30.74,2281,55
2025-10-12,Marketplace,Marketplace - Sponsored Listings,30.74,2437,50
2025-10-13,Marketplace,Marketplace - Sponsored Listings,42.69,2316,80
2025-10-14,Marketplace,Marketplace - Sponsored Listings,42.69,5775,80
2025-10-15,Marketplace,Marketplace - Sponsored Listings,42.69,5219,80
2025-10-16,Marketplace,Marketplace - Sponsored Listings,42.69,5978,82
2025-10-17,Marketplace,Marketplace - Sponsored Listings,42.69,2593,74
2025-10-18,Marketplace,Marketplace - Sponsored Listings,30.74,3953,55
2025-10-19,Marketplace,Marketplace - Sponsored Listings,30.74,2683,54
2025-10-20,Marketplace,Marketplace - Sponsored Listings,42.69,4781,79
2025-10-21,Marketplace,Marketplace - Sponsored Listings,42.69,3139,75
2025-10-22,Marketplace,Marketplace - Sponsored Listings,42.69,3885,75
2025-10-23,Marketplace,Marketplace - Sponsored Listings,42.69,3086,81
2025-10-24,Marketplace,Marketplace - Sponsored Listings,42.69,2485,74
2025-10-25,Marketplace,Marketplace - Sponsored Listings,30.74,3116,51
2025-10-26,Marketplace,Marketplace - Sponsored Listings,30.74,3439,55
2025-10-27,Marketplace,Marketplace - Sponsored Listings,42.69,4566,80
2025-10-28,Marketplace,Marketplace - Sponsored Listings,42.69,2509,75
2025-10-29,Marketplace,Marketplace - Sponsored Listings,42.69,3263,81
2025-10-30,Marketplace,Marketplace - Sponsored Listings,42.69,5146,75
2025-10-31,Marketplace,Marketplace - Sponsored Listings,42.69,3287,78
2025-11-01,Organic Search,Organic - SEO Content,10.44,7320,218
2025-11-02,Organic Search,Organic - SEO Content,10.44,8928,217
2025-11-03,Organic Search,Organic - SEO Content,14.50,11078,275
2025-11-04,Organic Search,Organic - SEO Content,14.50,11785,280
2025-11-05,Organic Search,Organic - SEO Content,14.50,12914,286
2025-11-06,Organic Search,Organic - SEO Content,14.50,18199,292
2025-11-07,Organic Search,Organic - SEO Content,14.50,15975,303
2025-11-08,Organic Search,Organic - SEO Content,10.44,10342,203
2025-11-09,Organic Search,Organic - SEO Content,10.44,6654,224
2025-11-10,Organic Search,Organic - SEO Content,14.50,15722,292
2025-11-11,Organic Search,Organic - SEO Content,14.50,12871,308
2025-11-12,Organic Search,Organic - SEO Content,14.50,7728,262
2025-11-13,Organic Search,Organic - SEO Content,14.50,9559,268
2025-11-14,Organic Search,Organic - SEO Content,14.50,11791,308
2025-11-15,Organic Search,Organic - SEO Content,10.44,15596,217
2025-11-16,Organic Search,Organic - SEO Content,10.44,13873,217
2025-11-17,Organic Search,Organic - SEO Content,14.50,18942,307
2025-11-18,Organic Search,Organic - SEO Content,14.50,16896,289
2025-11-19,Organic Search,Organic - SEO Content,14.50,16416,271
2025-11-20,Organic Search,Organic - SEO Content,14.50,19274,305
2025-11-21,Organic Search,Organic - SEO Content,14.50,12195,267
2025-11-22,Organic Search,Organic - SEO Content,10.44,9949,217
2025-11-23,Organic Search,Organic - SEO Content,10.44,13125,195
2025-11-24,Organic Search,Organic - SEO Content,14.50,14179,281
2025-11-25,Organic Search,Organic - SEO Content,14.50,14697,270
2025-11-26,Organic Search,Organic - SEO Content,14.50,9860,276
2025-11-27,Organic Search,Organic - SEO Content,14.50,10808,278
2025-11-28,Organic Search,Organic - SEO Content,14.50,17991,301
2025-11-29,Organic Search,Organic - SEO Content,10.44,13884,214
2025-11-30,Organic Search,Organic - SEO Content,10.44,8084,220
2025-11-01,Paid Search,Paid - Brand,33.15,1213,37
2025-11-02,Paid Search,Paid - Brand,33.15,1177,32
2025-11-03,Paid Search,Paid - Brand,46.04,2623,48
2025-11-04,Paid Search,Paid - Brand,46.04,3253,50
2025-11-05,Paid Search,Paid - Brand,46.04,2915,47
2025-11-06,Paid Search,Paid - Brand,46.04,3425,47
2025-11-07,Paid Search,Paid - Brand,46.04,2561,52
2025-11-08,Paid Search,Paid - Brand,33.15,2133,31
2025-11-09,Paid Search,Paid - Brand,33.15,2602,37
2025-11-10,Paid Search,Paid - Brand,46.04,1374,43
2025-11-11,Paid Search,Paid - Brand,46.04,3137,52
2025-11-12,Paid Search,Paid - Brand,46.04,3499,50
2025-11-13,Paid Search,Paid - Brand,46.04,3050,51
2025-11-14,Paid Search,Paid - Brand,46.04,1996,52
2025-11-15,Paid Search,Paid - Brand,33.15,2407,34
2025-11-16,Paid Search,Paid - Brand,33.15,1347,32
2025-11-17,Paid Search,Paid - Brand,46.04,3341,48
2025-11-18,Paid Search,Paid - Brand,46.04,3230,51
2025-11-19,Paid Search,Paid - Brand,46.04,2220,49
2025-11-20,Paid Search,Paid - Brand,46.04,1651,45
2025-11-21,Paid Search,Paid - Brand,46.04,1820,49
2025-11-22,Paid Search,Paid - Brand,33.15,1425,32
2025-11-23,Paid Search,Paid - Brand,33.15,1682,33
2025-11-24,Paid Search,Paid - Brand,46.04,2993,45
2025-11-25,Paid Search,Paid - Brand,46.04,3033,49
2025-11-26,Paid Search,Paid - Brand,46.04,2293,45
2025-11-27,Paid Search,Paid - Brand,46.04,2044,44
2025-11-28,Paid Search,Paid - Brand,46.04,1667,45
2025-11-29,Paid Search,Paid - Brand,33.15,2504,36
2025-11-30,Paid Search,Paid - Brand,33.15,1832,37
2025-11-01,Paid Search,Paid - Generic,19.33,1123,20
2025-11-02,Paid Search,Paid - Generic,19.33,1351,21
2025-11-03,Paid Search,Paid - Generic,26.84,1015,27
2025-11-04,Paid Search,Paid - Generic,26.84,760,27
2025-11-05,Paid Search,Paid - Generic,26.84,1409,29
2025-11-06,Paid Search,Paid - Generic,26.84,1867,27
2025-11-07,Paid Search,Paid - Generic,26.84,1997,28
2025-11-08,Paid Search,Paid - Generic,19.33,913,19
2025-11-09,Paid Search,Paid - Generic,19.33,1171,19
2025-11-10,Paid Search,Paid - Generic,26.84,1505,28
2025-11-11,Paid Search,Paid - Generic,26.84,1971,27
2025-11-12,Paid Search,Paid - Generic,26.84,1322,27
2025-11-13,Paid Search,Paid - Generic,26.84,1021,26
2025-11-14,Paid Search,Paid - Generic,26.84,1423,27
2025-11-15,Paid Search,Paid - Generic,19.33,1250,20
2025-11-16,Paid Search,Paid - Generic,19.33,863,20
2025-11-17,Paid Search,Paid - Generic,26.84,1786,29
2025-11-18,Paid Search,Paid - Generic,26.84,1466,31
2025-11-19,Paid Search,Paid - Generic,26.84,1574,27
2025-11-20,Paid Search,Paid - Generic,26.84,923,29
2025-11-21,Paid Search,Paid - Generic,26.84,1916,26
2025-11-22,Paid Search,Paid - Generic,19.33,893,18
2025-11-23,Paid Search,Paid - Generic,19.33,1144,18
2025-11-24,Paid Search,Paid - Generic,26.84,1272,30
2025-11-25,Paid Search,Paid - Generic,26.84,1658,29
2025-11-26,Paid Search,Paid - Generic,26.84,1220,25
2025-11-27,Paid Search,Paid - Generic,26.84,1108,27
2025-11-28,Paid Search,Paid - Generic,26.84,807,26
2025-11-29,Paid Search,Paid - Generic,19.33,672,19
2025-11-30,Paid Search,Paid - Generic,19.33,1282,20
2025-11-01,Paid Search,Paid - Shopping,28.90,1976,30
2025-11-02,Paid Search,Paid - Shopping,28.90,1921,28
2025-11-03,Paid Search,Paid - Shopping,40.13,2466,43
2025-11-04,Paid Search,Paid - Shopping,40.13,1275,45
2025-11-05,Paid Search,Paid - Shopping,40.13,2368,39
2025-11-06,Paid Search,Paid - Shopping,40.13,2030,46
2025-11-07,Paid Search,Paid - Shopping,40.13,3155,43
2025-11-08,Paid Search,Paid - Shopping,28.90,2023,28
2025-11-09,Paid Search,Paid - Shopping,28.90,857,27
2025-11-10,Paid Search,Paid - Shopping,40.13,1205,38
2025-11-11,Paid Search,Paid - Shopping,40.13,2402,38
2025-11-12,Paid Search,Paid - Shopping,40.13,2578,40
2025-11-13,Paid Search,Paid - Shopping,40.13,1812,42
2025-11-14,Paid Search,Paid - Shopping,40.13,2546,40
2025-11-15,Paid Search,Paid - Shopping,28.90,2348,32
2025-11-16,Paid Search,Paid - Shopping,28.90,881,30
2025-11-17,Paid Search,Paid - Shopping,40.13,2362,39
2025-11-18,Paid Search,Paid - Shopping,40.13,1496,43
2025-11-19,Paid Search,Paid - Shopping,40.13,2930,45
2025-11-20,Paid Search,Paid - Shopping,40.13,1962,45
2025-11-21,Paid Search,Paid - Shopping,40.13,2766,44
2025-11-22,Paid Search,Paid - Shopping,28.90,1881,29
2025-11-23,Paid Search,Paid - Shopping,28.90,1337,33
2025-11-24,Paid Search,Paid - Shopping,40.13,1666,40
2025-11-25,Paid Search,Paid - Shopping,40.13,1971,44
2025-11-26,Paid Search,Paid - Shopping,40.13,2256,42
2025-11-27,Paid Search,Paid - Shopping,40.13,1285,40
2025-11-28,Paid Search,Paid - Shopping,40.13,2847,42
2025-11-29,Paid Search,Paid - Shopping,28.90,1281,32
2025-11-30,Paid Search,Paid - Shopping,28.90,1230,29
2025-11-01,Paid Social,Paid - Prospecting,39.10,2797,90
2025-11-02,Paid Social,Paid - Prospecting,39.10,6009,93
2025-11-03,Paid Social,Paid - Prospecting,54.30,4233,121
2025-11-04,Paid Social,Paid - Prospecting,54.30,4366,118
2025-11-05,Paid Social,Paid - Prospecting,54.30,5036,118
2025-11-06,Paid Social,Paid - Prospecting,54.30,5737,123
2025-11-07,Paid Social,Paid - Prospecting,54.30,7842,135
2025-11-08,Paid Social,Paid - Prospecting,39.10,4523,92
2025-11-09,Paid Social,Paid - Prospecting,39.10,3847,95
2025-11-10,Paid Social,Paid - Prospecting,54.30,5769,121
2025-11-11,Paid Social,Paid - Prospecting,54.30,4823,132
2025-11-12,Paid Social,Paid - Prospecting,54.30,5031,127
2025-11-13,Paid Social,Paid - Prospecting,54.30,7645,138
2025-11-14,Paid Social,Paid - Prospecting,54.30,4863,127
2025-11-15,Paid Social,Paid - Prospecting,39.10,6474,98
2025-11-16,Paid Social,Paid - Prospecting,39.10,4869,91
2025-11-17,Paid Social,Paid - Prospecting,54.30,4428,124
2025-11-18,Paid Social,Paid - Prospecting,54.30,5794,126
2025-11-19,Paid Social,Paid - Prospecting,54.30,6097,139
2025-11-20,Paid Social,Paid - Prospecting,54.30,9416,129
2025-11-21,Paid Social,Paid - Prospecting,54.30,8344,138
2025-11-22,Paid Social,Paid - Prospecting,39.10,3157,88
2025-11-23,Paid Social,Paid - Prospecting,39.10,3637,95
2025-11-24,Paid Social,Paid - Prospecting,54.30,3853,136
2025-11-25,Paid Social,Paid - Prospecting,54.30,7815,127
2025-11-26,Paid Social,Paid - Prospecting,54.30,8474,137
2025-11-27,Paid Social,Paid - Prospecting,54.30,9017,123
2025-11-28,Paid Social,Paid - Prospecting,54.30,7346,126
2025-11-29,Paid Social,Paid - Prospecting,39.10,4878,85
2025-11-30,Paid Social,Paid - Prospecting,39.10,2764,94
2025-11-01,Paid Social,Paid - Retargeting,55.61,9228,130
2025-11-02,Paid Social,Paid - Retargeting,55.61,7139,130
2025-11-03,Paid Social,Paid - Retargeting,77.23,6064,177
2025-11-04,Paid Social,Paid - Retargeting,77.23,10472,171
2025-11-05,Paid Social,Paid - Retargeting,77.23,11043,183
2025-11-06,Paid Social,Paid - Retargeting,77.23,12244,197
2025-11-07,Paid Social,Paid - Retargeting,77.23,6159,186
2025-11-08,Paid Social,Paid - Retargeting,55.61,5194,122
2025-11-09,Paid Social,Paid - Retargeting,55.61,8815,132
2025-11-10,Paid Social,Paid - Retargeting,77.23,8549,178
2025-11-11,Paid Social,Paid - Retargeting,77.23,11760,189
2025-11-12,Paid Social,Paid - Retargeting,77.23,6070,174
2025-11-13,Paid Social,Paid - Retargeting,77.23,10462,196
2025-11-14,Paid Social,Paid - Retargeting,77.23,10626,181
2025-11-15,Paid Social,Paid - Retargeting,55.61,5342,127
2025-11-16,Paid Social,Paid - Retargeting,55.61,6565,125
2025-11-17,Paid Social,Paid - Retargeting,77.23,7476,171
2025-11-18,Paid Social,Paid - Retargeting,77.23,6581,191
2025-11-19,Paid Social,Paid - Retargeting,77.23,12509,185
2025-11-20,Paid Social,Paid - Retargeting,77.23,11700,199
2025-11-21,Paid Social,Paid - Retargeting,77.23,12280,175
2025-11-22,Paid Social,Paid - Retargeting,55.61,4732,126
2025-11-23,Paid Social,Paid - Retargeting,55.61,10168,139
2025-11-24,Paid Social,Paid - Retargeting,77.23,7013,168
2025-11-25,Paid Social,Paid - Retargeting,77.23,7369,181
2025-11-26,Paid Social,Paid - Retargeting,77.23,11489,169
2025-11-27,Paid Social,Paid - Retargeting,77.23,5383,183
2025-11-28,Paid Social,Paid - Retargeting,77.23,10296,181
2025-11-29,Paid Social,Paid - Retargeting,55.61,8017,127
2025-11-30,Paid Social,Paid - Retargeting,55.61,7315,140
2025-11-01,Paid Social,Paid - Creator,42.55,6432,108
2025-11-02,Paid Social,Paid - Creator,42.55,6668,105
2025-11-03,Paid Social,Paid - Creator,59.09,9793,140
2025-11-04,Paid Social,Paid - Creator,59.09,7459,143
2025-11-05,Paid Social,Paid - Creator,59.09,8246,129
2025-11-06,Paid Social,Paid - Creator,59.09,8905,143
2025-11-07,Paid Social,Paid - Creator,59.09,9793,136
2025-11-08,Paid Social,Paid - Creator,42.55,6758,100
2025-11-09,Paid Social,Paid - Creator,42.55,6328,91
2025-11-10,Paid Social,Paid - Creator,59.09,4852,141
2025-11-11,Paid Social,Paid - Creator,59.09,8873,149
2025-11-12,Paid Social,Paid - Creator,59.09,5350,130
2025-11-13,Paid Social,Paid - Creator,59.09,7294,137
2025-11-14,Paid Social,Paid - Creator,59.09,7834,129
2025-11-15,Paid Social,Paid - Creator,42.55,7306,106
2025-11-16,Paid Social,Paid - Creator,42.55,3952,94
2025-11-17,Paid Social,Paid - Creator,59.09,8181,128
2025-11-18,Paid Social,Paid - Creator,59.09,8842,130
2025-11-19,Paid Social,Paid - Creator,59.09,5120,137
2025-11-20,Paid Social,Paid - Creator,59.09,4416,131
2025-11-21,Paid Social,Paid - Creator,59.09,6222,135
2025-11-22,Paid Social,Paid - Creator,42.55,6935,108
2025-11-23,Paid Social,Paid - Creator,42.55,7959,109
2025-11-24,Paid Social,Paid - Creator,59.09,9777,153
2025-11-25,Paid Social,Paid - Creator,59.09,9976,136
2025-11-26,Paid Social,Paid - Creator,59.09,9438,147
2025-11-27,Paid Social,Paid - Creator,59.09,9701,144
2025-11-28,Paid Social,Paid - Creator,59.09,4432,130
2025-11-29,Paid Social,Paid - Creator,42.55,2818,92
2025-11-30,Paid Social,Paid - Creator,42.55,5349,96
2025-11-01,Affiliate,Affiliate - Cashback,15.80,818,24
2025-11-02,Affiliate,Affiliate - Cashback,15.80,1611,22
2025-11-03,Affiliate,Affiliate - Cashback,21.95,1962,32
2025-11-04,Affiliate,Affiliate - Cashback,21.95,1984,34
2025-11-05,Affiliate,Affiliate - Cashback,21.95,1435,31
2025-11-06,Affiliate,Affiliate - Cashback,21.95,1948,32
2025-11-07,Affiliate,Affiliate - Cashback,21.95,1906,34
2025-11-08,Affiliate,Affiliate - Cashback,15.80,1117,21
2025-11-09,Affiliate,Affiliate - Cashback,15.80,660,21
2025-11-10,Affiliate,Affiliate - Cashback,21.95,2348,35
2025-11-11,Affiliate,Affiliate - Cashback,21.95,1589,35
2025-11-12,Affiliate,Affiliate - Cashback,21.95,970,29
2025-11-13,Affiliate,Affiliate - Cashback,21.95,1827,31
2025-11-14,Affiliate,Affiliate - Cashback,21.95,1751,30
2025-11-15,Affiliate,Affiliate - Cashback,15.80,668,23
2025-11-16,Affiliate,Affiliate - Cashback,15.80,1252,22
2025-11-17,Affiliate,Affiliate - Cashback,21.95,2412,33
2025-11-18,Affiliate,Affiliate - Cashback,21.95,1299,34
2025-11-19,Affiliate,Affiliate - Cashback,21.95,1170,30
2025-11-20,Affiliate,Affiliate - Cashback,21.95,1033,29
2025-11-21,Affiliate,Affiliate - Cashback,21.95,2125,32
2025-11-22,Affiliate,Affiliate - Cashback,15.80,754,21
2025-11-23,Affiliate,Affiliate - Cashback,15.80,1301,22
2025-11-24,Affiliate,Affiliate - Cashback,21.95,816,29
2025-11-25,Affiliate,Affiliate - Cashback,21.95,1400,31
2025-11-26,Affiliate,Affiliate - Cashback,21.95,1648,31
2025-11-27,Affiliate,Affiliate - Cashback,21.95,1840,32
2025-11-28,Affiliate,Affiliate - Cashback,21.95,1706,33
2025-11-29,Affiliate,Affiliate - Cashback,15.80,1219,21
2025-11-30,Affiliate,Affiliate - Cashback,15.80,1304,21
2025-11-01,Affiliate,Affiliate - Content,11.23,1020,17
2025-11-02,Affiliate,Affiliate - Content,11.23,736,18
2025-11-03,Affiliate,Affiliate - Content,15.60,711,20
2025-11-04,Affiliate,Affiliate - Content,15.60,1538,21
2025-11-05,Affiliate,Affiliate - Content,15.60,834,23
2025-11-06,Affiliate,Affiliate - Content,15.60,1191,23
2025-11-07,Affiliate,Affiliate - Content,15.60,1081,24
2025-11-08,Affiliate,Affiliate - Content,11.23,1044,15
2025-11-09,Affiliate,Affiliate - Content,11.23,579,17
2025-11-10,Affiliate,Affiliate - Content,15.60,749,21
2025-11-11,Affiliate,Affiliate - Content,15.60,924,22
2025-11-12,Affiliate,Affiliate - Content,15.60,985,22
2025-11-13,Affiliate,Affiliate - Content,15.60,1367,22
2025-11-14,Affiliate,Affiliate - Content,15.60,1369,23
2025-11-15,Affiliate,Affiliate - Content,11.23,857,16
2025-11-16,Affiliate,Affiliate - Content,11.23,766,16
2025-11-17,Affiliate,Affiliate - Content,15.60,1325,25
2025-11-18,Affiliate,Affiliate - Content,15.60,1600,24
2025-11-19,Affiliate,Affiliate - Content,15.60,1421,23
2025-11-20,Affiliate,Affiliate - Content,15.60,794,24
2025-11-21,Affiliate,Affiliate - Content,15.60,1682,24
2025-11-22,Affiliate,Affiliate - Content,11.23,812,16
2025-11-23,Affiliate,Affiliate - Content,11.23,699,15
2025-11-24,Affiliate,Affiliate - Content,15.60,1426,21
2025-11-25,Affiliate,Affiliate - Content,15.60,626,22
2025-11-26,Affiliate,Affiliate - Content,15.60,1333,24
2025-11-27,Affiliate,Affiliate - Content,15.60,1036,21
2025-11-28,Affiliate,Affiliate - Content,15.60,666,21
2025-11-29,Affiliate,Affiliate - Content,11.23,651,17
2025-11-30,Affiliate,Affiliate - Content,11.23,1017,15
2025-11-01,Affiliate,Affiliate - Voucher,12.85,500,17
2025-11-02,Affiliate,Affiliate - Voucher,12.85,861,18
2025-11-03,Affiliate,Affiliate - Voucher,17.85,719,25
2025-11-04,Affiliate,Affiliate - Voucher,17.85,1464,26
2025-11-05,Affiliate,Affiliate - Voucher,17.85,1551,26
2025-11-06,Affiliate,Affiliate - Voucher,17.85,1421,27
2025-11-07,Affiliate,Affiliate - Voucher,17.85,787,27
2025-11-08,Affiliate,Affiliate - Voucher,12.85,1425,20
2025-11-09,Affiliate,Affiliate - Voucher,12.85,939,17
2025-11-10,Affiliate,Affiliate - Voucher,17.85,1796,25
2025-11-11,Affiliate,Affiliate - Voucher,17.85,831,24
2025-11-12,Affiliate,Affiliate - Voucher,17.85,1639,28
2025-11-13,Affiliate,Affiliate - Voucher,17.85,1308,26
2025-11-14,Affiliate,Affiliate - Voucher,17.85,996,28
2025-11-15,Affiliate,Affiliate - Voucher,12.85,1447,20
2025-11-16,Affiliate,Affiliate - Voucher,12.85,981,17
2025-11-17,Affiliate,Affiliate - Voucher,17.85,1106,26
2025-11-18,Affiliate,Affiliate - Voucher,17.85,1637,24
2025-11-19,Affiliate,Affiliate - Voucher,17.85,1270,25
2025-11-20,Affiliate,Affiliate - Voucher,17.85,1687,23
2025-11-21,Affiliate,Affiliate - Voucher,17.85,1287,26
2025-11-22,Affiliate,Affiliate - Voucher,12.85,1262,18
2025-11-23,Affiliate,Affiliate - Voucher,12.85,736,20
2025-11-24,Affiliate,Affiliate - Voucher,17.85,1707,26
2025-11-25,Affiliate,Affiliate - Voucher,17.85,698,24
2025-11-26,Affiliate,Affiliate - Voucher,17.85,1991,28
2025-11-27,Affiliate,Affiliate - Voucher,17.85,1874,28
2025-11-28,Affiliate,Affiliate - Voucher,17.85,971,27
2025-11-29,Affiliate,Affiliate - Voucher,12.85,733,17
2025-11-30,Affiliate,Affiliate - Voucher,12.85,768,18
2025-11-01,Email & CRM,Email - Lifecycle,4.24,2434,34
2025-11-02,Email & CRM,Email - Lifecycle,4.24,930,32
2025-11-03,Email & CRM,Email - Lifecycle,5.89,3268,53
2025-11-04,Email & CRM,Email - Lifecycle,5.89,1850,50
2025-11-05,Email & CRM,Email - Lifecycle,5.89,3547,51
2025-11-06,Email & CRM,Email - Lifecycle,5.89,2211,47
2025-11-07,Email & CRM,Email - Lifecycle,5.89,2652,50
2025-11-08,Email & CRM,Email - Lifecycle,4.24,1766,34
2025-11-09,Email & CRM,Email - Lifecycle,4.24,1001,32
2025-11-10,Email & CRM,Email - Lifecycle,5.89,2725,50
2025-11-11,Email & CRM,Email - Lifecycle,5.89,3003,52
2025-11-12,Email & CRM,Email - Lifecycle,5.89,3638,53
2025-11-13,Email & CRM,Email - Lifecycle,5.89,2873,46
2025-11-14,Email & CRM,Email - Lifecycle,5.89,2040,47
2025-11-15,Email & CRM,Email - Lifecycle,4.24,1965,38
2025-11-16,Email & CRM,Email - Lifecycle,4.24,2055,37
2025-11-17,Email & CRM,Email - Lifecycle,5.89,1731,45
2025-11-18,Email & CRM,Email - Lifecycle,5.89,2140,48
2025-11-19,Email & CRM,Email - Lifecycle,5.89,3153,48
2025-11-20,Email & CRM,Email - Lifecycle,5.89,1837,47
2025-11-21,Email & CRM,Email - Lifecycle,5.89,3388,53
2025-11-22,Email & CRM,Email - Lifecycle,4.24,1087,34
2025-11-23,Email & CRM,Email - Lifecycle,4.24,1843,32
2025-11-24,Email & CRM,Email - Lifecycle,5.89,2955,45
2025-11-25,Email & CRM,Email - Lifecycle,5.89,1508,45
2025-11-26,Email & CRM,Email - Lifecycle,5.89,1694,45
2025-11-27,Email & CRM,Email - Lifecycle,5.89,1965,45
2025-11-28,Email & CRM,Email - Lifecycle,5.89,2742,48
2025-11-29,Email & CRM,Email - Lifecycle,4.24,1022,36
2025-11-30,Email & CRM,Email - Lifecycle,4.24,1086,32
2025-11-01,Email & CRM,Email - Winback,4.82,2217,43
2025-11-02,Email & CRM,Email - Winback,4.82,2632,37
2025-11-03,Email & CRM,Email - Winback,6.69,4153,58
2025-11-04,Email & CRM,Email - Winback,6.69,3707,57
2025-11-05,Email & CRM,Email - Winback,6.69,1996,52
2025-11-06,Email & CRM,Email - Winback,6.69,2258,53
2025-11-07,Email & CRM,Email - Winback,6.69,1869,54
2025-11-08,Email & CRM,Email - Winback,4.82,1409,41
2025-11-09,Email & CRM,Email - Winback,4.82,2288,40
2025-11-10,Email & CRM,Email - Winback,6.69,3505,55
2025-11-11,Email & CRM,Email - Winback,6.69,3471,53
2025-11-12,Email & CRM,Email - Winback,6.69,3250,61
2025-11-13,Email & CRM,Email - Winback,6.69,1800,56
2025-11-14,Email & CRM,Email - Winback,6.69,3134,53
2025-11-15,Email & CRM,Email - Winback,4.82,1950,42
2025-11-16,Email & CRM,Email - Winback,4.82,1641,38
2025-11-17,Email & CRM,Email - Winback,6.69,2787,60
2025-11-18,Email & CRM,Email - Winback,6.69,2515,60
2025-11-19,Email & CRM,Email - Winback,6.69,1652,56
2025-11-20,Email & CRM,Email - Winback,6.69,2173,59
2025-11-21,Email & CRM,Email - Winback,6.69,4000,55
2025-11-22,Email & CRM,Email - Winback,4.82,1791,43
2025-11-23,Email & CRM,Email - Winback,4.82,2923,43
2025-11-24,Email & CRM,Email - Winback,6.69,2186,59
2025-11-25,Email & CRM,Email - Winback,6.69,3559,50
2025-11-26,Email & CRM,Email - Winback,6.69,2831,57
2025-11-27,Email & CRM,Email - Winback,6.69,3112,61
2025-11-28,Email & CRM,Email - Winback,6.69,4197,58
2025-11-29,Email & CRM,Email - Winback,4.82,2144,40
2025-11-30,Email & CRM,Email - Winback,4.82,2948,42
2025-11-01,Marketplace,Marketplace - Sponsored Listings,47.51,5442,88
2025-11-02,Marketplace,Marketplace - Sponsored Listings,47.51,4990,92
2025-11-03,Marketplace,Marketplace - Sponsored Listings,65.99,6386,127
2025-11-04,Marketplace,Marketplace - Sponsored Listings,65.99,6100,121
2025-11-05,Marketplace,Marketplace - Sponsored Listings,65.99,8647,121
2025-11-06,Marketplace,Marketplace - Sponsored Listings,65.99,7729,128
2025-11-07,Marketplace,Marketplace - Sponsored Listings,65.99,4144,128
2025-11-08,Marketplace,Marketplace - Sponsored Listings,47.51,5476,86
2025-11-09,Marketplace,Marketplace - Sponsored Listings,47.51,4068,83
2025-11-10,Marketplace,Marketplace - Sponsored Listings,65.99,3710,118
2025-11-11,Marketplace,Marketplace - Sponsored Listings,65.99,5775,131
2025-11-12,Marketplace,Marketplace - Sponsored Listings,65.99,8024,125
2025-11-13,Marketplace,Marketplace - Sponsored Listings,65.99,4744,131
2025-11-14,Marketplace,Marketplace - Sponsored Listings,65.99,6811,118
2025-11-15,Marketplace,Marketplace - Sponsored Listings,47.51,4052,89
2025-11-16,Marketplace,Marketplace - Sponsored Listings,47.51,4801,78
2025-11-17,Marketplace,Marketplace - Sponsored Listings,65.99,7777,108
2025-11-18,Marketplace,Marketplace - Sponsored Listings,65.99,4854,118
2025-11-19,Marketplace,Marketplace - Sponsored Listings,65.99,3783,119
2025-11-20,Marketplace,Marketplace - Sponsored Listings,65.99,3233,115
2025-11-21,Marketplace,Marketplace - Sponsored Listings,65.99,7107,118
2025-11-22,Marketplace,Marketplace - Sponsored Listings,47.51,3584,85
2025-11-23,Marketplace,Marketplace - Sponsored Listings,47.51,3433,89
2025-11-24,Marketplace,Marketplace - Sponsored Listings,65.99,3337,115
2025-11-25,Marketplace,Marketplace - Sponsored Listings,65.99,4328,125
2025-11-26,Marketplace,Marketplace - Sponsored Listings,65.99,3413,110
2025-11-27,Marketplace,Marketplace - Sponsored Listings,65.99,5179,111
2025-11-28,Marketplace,Marketplace - Sponsored Listings,65.99,7596,127
2025-11-29,Marketplace,Marketplace - Sponsored Listings,47.51,3352,78
2025-11-30,Marketplace,Marketplace - Sponsored Listings,47.51,6533,91
2025-12-01,Organic Search,Organic - SEO Content,15.11,16186,293
2025-12-02,Organic Search,Organic - SEO Content,15.11,9174,308
2025-12-03,Organic Search,Organic - SEO Content,15.11,15969,318
2025-12-04,Organic Search,Organic - SEO Content,15.11,11961,318
2025-12-05,Organic Search,Organic - SEO Content,15.11,18156,332
2025-12-06,Organic Search,Organic - SEO Content,10.88,6248,208
2025-12-07,Organic Search,Organic - SEO Content,10.88,11047,202
2025-12-08,Organic Search,Organic - SEO Content,15.11,21250,321
2025-12-09,Organic Search,Organic - SEO Content,15.11,8385,284
2025-12-10,Organic Search,Organic - SEO Content,15.11,18414,293
2025-12-11,Organic Search,Organic - SEO Content,15.11,10314,303
2025-12-12,Organic Search,Organic - SEO Content,15.11,11009,320
2025-12-13,Organic Search,Organic - SEO Content,10.88,13089,196
2025-12-14,Organic Search,Organic - SEO Content,10.88,9395,211
2025-12-15,Organic Search,Organic - SEO Content,15.11,14102,308
2025-12-16,Organic Search,Organic - SEO Content,15.11,17132,332
2025-12-17,Organic Search,Organic - SEO Content,15.11,10634,284
2025-12-18,Organic Search,Organic - SEO Content,15.11,15598,317
2025-12-19,Organic Search,Organic - SEO Content,15.11,12681,296
2025-12-20,Organic Search,Organic - SEO Content,10.88,15951,227
2025-12-21,Organic Search,Organic - SEO Content,10.88,8194,210
2025-12-22,Organic Search,Organic - SEO Content,15.11,11536,274
2025-12-23,Organic Search,Organic - SEO Content,15.11,15785,325
2025-12-24,Organic Search,Organic - SEO Content,15.11,13859,323
2025-12-25,Organic Search,Organic - SEO Content,15.11,17587,323
2025-12-26,Organic Search,Organic - SEO Content,15.11,13453,282
2025-12-27,Organic Search,Organic - SEO Content,10.88,14650,206
2025-12-28,Organic Search,Organic - SEO Content,10.88,10709,201
2025-12-29,Organic Search,Organic - SEO Content,15.11,13848,328
2025-12-30,Organic Search,Organic - SEO Content,15.11,13548,308
2025-12-31,Organic Search,Organic - SEO Content,15.11,13275,328
2025-12-01,Paid Search,Paid - Brand,53.19,3946,59
2025-12-02,Paid Search,Paid - Brand,53.19,3605,61
2025-12-03,Paid Search,Paid - Brand,53.19,1726,56
2025-12-04,Paid Search,Paid - Brand,53.19,4092,60
2025-12-05,Paid Search,Paid - Brand,53.19,1632,58
2025-12-06,Paid Search,Paid - Brand,38.29,1612,38
2025-12-07,Paid Search,Paid - Brand,38.29,1275,41
2025-12-08,Paid Search,Paid - Brand,53.19,2570,55
2025-12-09,Paid Search,Paid - Brand,53.19,2984,54
2025-12-10,Paid Search,Paid - Brand,53.19,2845,52
2025-12-11,Paid Search,Paid - Brand,53.19,3519,61
2025-12-12,Paid Search,Paid - Brand,53.19,1758,54
2025-12-13,Paid Search,Paid - Brand,38.29,1668,38
2025-12-14,Paid Search,Paid - Brand,38.29,1280,41
2025-12-15,Paid Search,Paid - Brand,53.19,2866,56
2025-12-16,Paid Search,Paid - Brand,53.19,3433,58
2025-12-17,Paid Search,Paid - Brand,53.19,3159,54
2025-12-18,Paid Search,Paid - Brand,53.19,1642,52
2025-12-19,Paid Search,Paid - Brand,53.19,2134,52
2025-12-20,Paid Search,Paid - Brand,38.29,1456,40
2025-12-21,Paid Search,Paid - Brand,38.29,2052,41
2025-12-22,Paid Search,Paid - Brand,53.19,2909,55
2025-12-23,Paid Search,Paid - Brand,53.19,2357,55
2025-12-24,Paid Search,Paid - Brand,53.19,3654,50
2025-12-25,Paid Search,Paid - Brand,53.19,3638,60
2025-12-26,Paid Search,Paid - Brand,53.19,3850,54
2025-12-27,Paid Search,Paid - Brand,38.29,2154,43
2025-12-28,Paid Search,Paid - Brand,38.29,1512,44
2025-12-29,Paid Search,Paid - Brand,53.19,3284,60
2025-12-30,Paid Search,Paid - Brand,53.19,1842,58
2025-12-31,Paid Search,Paid - Brand,53.19,2265,55
2025-12-01,Paid Search,Paid - Generic,33.13,2022,35
2025-12-02,Paid Search,Paid - Generic,33.13,2404,35
2025-12-03,Paid Search,Paid - Generic,33.13,2213,34
2025-12-04,Paid Search,Paid - Generic,33.13,2727,37
2025-12-05,Paid Search,Paid - Generic,33.13,1343,33
2025-12-06,Paid Search,Paid - Generic,23.86,1053,26
2025-12-07,Paid Search,Paid - Generic,23.86,1340,22
2025-12-08,Paid Search,Paid - Generic,33.13,2715,37
2025-12-09,Paid Search,Paid - Generic,33.13,989,32
2025-12-10,Paid Search,Paid - Generic,33.13,1189,36
2025-12-11,Paid Search,Paid - Generic,33.13,1651,33
2025-12-12,Paid Search,Paid - Generic,33.13,957,31
2025-12-13,Paid Search,Paid - Generic,23.86,974,25
2025-12-14,Paid Search,Paid - Generic,23.86,1004,24
2025-12-15,Paid Search,Paid - Generic,33.13,1510,34
2025-12-16,Paid Search,Paid - Generic,33.13,2285,32
2025-12-17,Paid Search,Paid - Generic,33.13,1467,38
2025-12-18,Paid Search,Paid - Generic,33.13,1662,31
2025-12-19,Paid Search,Paid - Generic,33.13,1080,34
2025-12-20,Paid Search,Paid - Generic,23.86,700,25
2025-12-21,Paid Search,Paid - Generic,23.86,1244,23
2025-12-22,Paid Search,Paid - Generic,33.13,2064,31
2025-12-23,Paid Search,Paid - Generic,33.13,1801,35
2025-12-24,Paid Search,Paid - Generic,33.13,1585,33
2025-12-25,Paid Search,Paid - Generic,33.13,1302,34
2025-12-26,Paid Search,Paid - Generic,33.13,2460,36
2025-12-27,Paid Search,Paid - Generic,23.86,864,27
2025-12-28,Paid Search,Paid - Generic,23.86,1233,24
2025-12-29,Paid Search,Paid - Generic,33.13,2358,35
2025-12-30,Paid Search,Paid - Generic,33.13,1808,36
2025-12-31,Paid Search,Paid - Generic,33.13,1307,33
2025-12-01,Paid Search,Paid - Shopping,32.44,1592,32
2025-12-02,Paid Search,Paid - Shopping,32.44,2216,34
2025-12-03,Paid Search,Paid - Shopping,32.44,1214,33
2025-12-04,Paid Search,Paid - Shopping,32.44,1231,35
2025-12-05,Paid Search,Paid - Shopping,32.44,2065,31
2025-12-06,Paid Search,Paid - Shopping,23.36,808,23
2025-12-07,Paid Search,Paid - Shopping,23.36,1356,25
2025-12-08,Paid Search,Paid - Shopping,32.44,1835,32
2025-12-09,Paid Search,Paid - Shopping,32.44,2095,34
2025-12-10,Paid Search,Paid - Shopping,32.44,1397,34
2025-12-11,Paid Search,Paid - Shopping,32.44,1925,33
2025-12-12,Paid Search,Paid - Shopping,32.44,1139,30
2025-12-13,Paid Search,Paid - Shopping,23.36,981,25
2025-12-14,Paid Search,Paid - Shopping,23.36,1230,26
2025-12-15,Paid Search,Paid - Shopping,32.44,1810,36
2025-12-16,Paid Search,Paid - Shopping,32.44,2008,32
2025-12-17,Paid Search,Paid - Shopping,32.44,1249,31
2025-12-18,Paid Search,Paid - Shopping,32.44,1994,37
2025-12-19,Paid Search,Paid - Shopping,32.44,1723,32
2025-12-20,Paid Search,Paid - Shopping,23.36,916,26
2025-12-21,Paid Search,Paid - Shopping,23.36,1080,22
2025-12-22,Paid Search,Paid - Shopping,32.44,1112,34
2025-12-23,Paid Search,Paid - Shopping,32.44,1498,34
2025-12-24,Paid Search,Paid - Shopping,32.44,1655,34
2025-12-25,Paid Search,Paid - Shopping,32.44,1618,33
2025-12-26,Paid Search,Paid - Shopping,32.44,1250,37
2025-12-27,Paid Search,Paid - Shopping,23.36,1846,26
2025-12-28,Paid Search,Paid - Shopping,23.36,1098,24
2025-12-29,Paid Search,Paid - Shopping,32.44,2320,34
2025-12-30,Paid Search,Paid - Shopping,32.44,2544,37
2025-12-31,Paid Search,Paid - Shopping,32.44,2226,37
2025-12-01,Paid Social,Paid - Prospecting,47.93,6535,113
2025-12-02,Paid Social,Paid - Prospecting,47.93,6876,116
2025-12-03,Paid Social,Paid - Prospecting,47.93,5801,122
2025-12-04,Paid Social,Paid - Prospecting,47.93,6110,114
2025-12-05,Paid Social,Paid - Prospecting,47.93,3875,121
2025-12-06,Paid Social,Paid - Prospecting,34.51,3787,77
2025-12-07,Paid Social,Paid - Prospecting,34.51,4452,86
2025-12-08,Paid Social,Paid - Prospecting,47.93,3513,111
2025-12-09,Paid Social,Paid - Prospecting,47.93,4064,113
2025-12-10,Paid Social,Paid - Prospecting,47.93,3283,109
2025-12-11,Paid Social,Paid - Prospecting,47.93,7335,108
2025-12-12,Paid Social,Paid - Prospecting,47.93,6191,104
2025-12-13,Paid Social,Paid - Prospecting,34.51,3664,79
2025-12-14,Paid Social,Paid - Prospecting,34.51,2126,75
2025-12-15,Paid Social,Paid - Prospecting,47.93,6676,120
2025-12-16,Paid Social,Paid - Prospecting,47.93,4928,108
2025-12-17,Paid Social,Paid - Prospecting,47.93,5476,109
2025-12-18,Paid Social,Paid - Prospecting,47.93,8062,112
2025-12-19,Paid Social,Paid - Prospecting,47.93,6823,123
2025-12-20,Paid Social,Paid - Prospecting,34.51,2725,86
2025-12-21,Paid Social,Paid - Prospecting,34.51,3549,75
2025-12-22,Paid Social,Paid - Prospecting,47.93,8009,109
2025-12-23,Paid Social,Paid - Prospecting,47.93,3405,118
2025-12-24,Paid Social,Paid - Prospecting,47.93,8512,122
2025-12-25,Paid Social,Paid - Prospecting,47.93,5876,117
2025-12-26,Paid Social,Paid - Prospecting,47.93,6628,111
2025-12-27,Paid Social,Paid - Prospecting,34.51,5098,76
2025-12-28,Paid Social,Paid - Prospecting,34.51,2679,86
2025-12-29,Paid Social,Paid - Prospecting,47.93,2910,103
2025-12-30,Paid Social,Paid - Prospecting,47.93,4926,114
2025-12-31,Paid Social,Paid - Prospecting,47.93,6772,112
2025-12-01,Paid Social,Paid - Retargeting,78.72,5381,181
2025-12-02,Paid Social,Paid - Retargeting,78.72,9046,183
2025-12-03,Paid Social,Paid - Retargeting,78.72,11808,189
2025-12-04,Paid Social,Paid - Retargeting,78.72,6535,199
2025-12-05,Paid Social,Paid - Retargeting,78.72,13707,193
2025-12-06,Paid Social,Paid - Retargeting,56.68,7260,144
2025-12-07,Paid Social,Paid - Retargeting,56.68,4936,128
2025-12-08,Paid Social,Paid - Retargeting,78.72,6498,188
2025-12-09,Paid Social,Paid - Retargeting,78.72,12057,184
2025-12-10,Paid Social,Paid - Retargeting,78.72,9034,190
2025-12-11,Paid Social,Paid - Retargeting,78.72,6329,185
2025-12-12,Paid Social,Paid - Retargeting,78.72,7370,189
2025-12-13,Paid Social,Paid - Retargeting,56.68,4986,122
2025-12-14,Paid Social,Paid - Retargeting,56.68,5061,130
2025-12-15,Paid Social,Paid - Retargeting,78.72,7224,183
2025-12-16,Paid Social,Paid - Retargeting,78.72,11910,202
2025-12-17,Paid Social,Paid - Retargeting,78.72,13048,179
2025-12-18,Paid Social,Paid - Retargeting,78.72,13248,204
2025-12-19,Paid Social,Paid - Retargeting,78.72,11474,170
2025-12-20,Paid Social,Paid - Retargeting,56.68,9335,130
2025-12-21,Paid Social,Paid - Retargeting,56.68,5169,134
2025-12-22,Paid Social,Paid - Retargeting,78.72,6548,182
2025-12-23,Paid Social,Paid - Retargeting,78.72,13790,201
2025-12-24,Paid Social,Paid - Retargeting,78.72,6974,195
2025-12-25,Paid Social,Paid - Retargeting,78.72,5609,188
2025-12-26,Paid Social,Paid - Retargeting,78.72,11540,178
2025-12-27,Paid Social,Paid - Retargeting,56.68,4767,145
2025-12-28,Paid Social,Paid - Retargeting,56.68,6894,126
2025-12-29,Paid Social,Paid - Retargeting,78.72,12191,184
2025-12-30,Paid Social,Paid - Retargeting,78.72,7865,198
2025-12-31,Paid Social,Paid - Retargeting,78.72,7727,204
2025-12-01,Paid Social,Paid - Creator,73.56,10921,166
2025-12-02,Paid Social,Paid - Creator,73.56,9354,171
2025-12-03,Paid Social,Paid - Creator,73.56,6375,188
2025-12-04,Paid Social,Paid - Creator,73.56,8727,173
2025-12-05,Paid Social,Paid - Creator,73.56,9990,179
2025-12-06,Paid Social,Paid - Creator,52.96,8684,132
2025-12-07,Paid Social,Paid - Creator,52.96,4160,123
2025-12-08,Paid Social,Paid - Creator,73.56,12894,181
2025-12-09,Paid Social,Paid - Creator,73.56,11449,187
2025-12-10,Paid Social,Paid - Creator,73.56,11265,162
2025-12-11,Paid Social,Paid - Creator,73.56,5982,161
2025-12-12,Paid Social,Paid - Creator,73.56,9554,186
2025-12-13,Paid Social,Paid - Creator,52.96,6669,115
2025-12-14,Paid Social,Paid - Creator,52.96,3786,115
2025-12-15,Paid Social,Paid - Creator,73.56,5729,181
2025-12-16,Paid Social,Paid - Creator,73.56,7975,174
2025-12-17,Paid Social,Paid - Creator,73.56,7349,173
2025-12-18,Paid Social,Paid - Creator,73.56,7946,171
2025-12-19,Paid Social,Paid - Creator,73.56,9024,172
2025-12-20,Paid Social,Paid - Creator,52.96,8077,120
2025-12-21,Paid Social,Paid - Creator,52.96,9340,137
2025-12-22,Paid Social,Paid - Creator,73.56,5151,159
2025-12-23,Paid Social,Paid - Creator,73.56,10226,183
2025-12-24,Paid Social,Paid - Creator,73.56,11184,176
2025-12-25,Paid Social,Paid - Creator,73.56,6654,183
2025-12-26,Paid Social,Paid - Creator,73.56,11200,166
2025-12-27,Paid Social,Paid - Creator,52.96,7177,125
2025-12-28,Paid Social,Paid - Creator,52.96,5678,137
2025-12-29,Paid Social,Paid - Creator,73.56,7565,168
2025-12-30,Paid Social,Paid - Creator,73.56,10341,186
2025-12-31,Paid Social,Paid - Creator,73.56,7171,161
2025-12-01,Affiliate,Affiliate - Cashback,6.99,372,9
2025-12-02,Affiliate,Affiliate - Cashback,6.99,564,10
2025-12-03,Affiliate,Affiliate - Cashback,6.99,377,11
2025-12-04,Affiliate,Affiliate - Cashback,6.99,635,9
2025-12-05,Affiliate,Affiliate - Cashback,6.99,407,9
2025-12-06,Affiliate,Affiliate - Cashback,5.03,456,7
2025-12-07,Affiliate,Affiliate - Cashback,5.03,264,7
2025-12-08,Affiliate,Affiliate - Cashback,6.99,281,10
2025-12-09,Affiliate,Affiliate - Cashback,6.99,738,10
2025-12-10,Affiliate,Affiliate - Cashback,6.99,694,10
2025-12-11,Affiliate,Affiliate - Cashback,6.99,322,9
2025-12-12,Affiliate,Affiliate - Cashback,6.99,444,10
2025-12-13,Affiliate,Affiliate - Cashback,5.03,540,8
2025-12-14,Affiliate,Affiliate - Cashback,5.03,232,6
2025-12-15,Affiliate,Affiliate - Cashback,6.99,316,11
2025-12-16,Affiliate,Affiliate - Cashback,6.99,638,10
2025-12-17,Affiliate,Affiliate - Cashback,6.99,593,10
2025-12-18,Affiliate,Affiliate - Cashback,6.99,513,9
2025-12-19,Affiliate,Affiliate - Cashback,6.99,425,10
2025-12-20,Affiliate,Affiliate - Cashback,5.03,355,7
2025-12-21,Affiliate,Affiliate - Cashback,5.03,409,7
2025-12-22,Affiliate,Affiliate - Cashback,6.99,527,10
2025-12-23,Affiliate,Affiliate - Cashback,6.99,705,10
2025-12-24,Affiliate,Affiliate - Cashback,6.99,329,11
2025-12-25,Affiliate,Affiliate - Cashback,6.99,645,11
2025-12-26,Affiliate,Affiliate - Cashback,6.99,390,10
2025-12-27,Affiliate,Affiliate - Cashback,5.03,427,7
2025-12-28,Affiliate,Affiliate - Cashback,5.03,347,6
2025-12-29,Affiliate,Affiliate - Cashback,6.99,374,10
2025-12-30,Affiliate,Affiliate - Cashback,6.99,722,10
2025-12-31,Affiliate,Affiliate - Cashback,6.99,330,9
2025-12-01,Affiliate,Affiliate - Content,10.60,1075,15
2025-12-02,Affiliate,Affiliate - Content,10.60,458,15
2025-12-03,Affiliate,Affiliate - Content,10.60,586,15
2025-12-04,Affiliate,Affiliate - Content,10.60,1023,14
2025-12-05,Affiliate,Affiliate - Content,10.60,485,16
2025-12-06,Affiliate,Affiliate - Content,7.63,502,10
2025-12-07,Affiliate,Affiliate - Content,7.63,401,11
2025-12-08,Affiliate,Affiliate - Content,10.60,1210,17
2025-12-09,Affiliate,Affiliate - Content,10.60,720,16
2025-12-10,Affiliate,Affiliate - Content,10.60,781,16
2025-12-11,Affiliate,Affiliate - Content,10.60,1064,15
2025-12-12,Affiliate,Affiliate - Content,10.60,842,16
2025-12-13,Affiliate,Affiliate - Content,7.63,504,10
2025-12-14,Affiliate,Affiliate - Content,7.63,414,12
2025-12-15,Affiliate,Affiliate - Content,10.60,544,16
2025-12-16,Affiliate,Affiliate - Content,10.60,891,15
2025-12-17,Affiliate,Affiliate - Content,10.60,1110,16
2025-12-18,Affiliate,Affiliate - Content,10.60,973,14
2025-12-19,Affiliate,Affiliate - Content,10.60,818,14
2025-12-20,Affiliate,Affiliate - Content,7.63,289,10
2025-12-21,Affiliate,Affiliate - Content,7.63,711,10
2025-12-22,Affiliate,Affiliate - Content,10.60,447,15
2025-12-23,Affiliate,Affiliate - Content,10.60,1079,16
2025-12-24,Affiliate,Affiliate - Content,10.60,940,16
2025-12-25,Affiliate,Affiliate - Content,10.60,789,14
2025-12-26,Affiliate,Affiliate - Content,10.60,928,14
2025-12-27,Affiliate,Affiliate - Content,7.63,721,11
2025-12-28,Affiliate,Affiliate - Content,7.63,463,10
2025-12-29,Affiliate,Affiliate - Content,10.60,997,14
2025-12-30,Affiliate,Affiliate - Content,10.60,815,14
2025-12-31,Affiliate,Affiliate - Content,10.60,614,15
2025-12-01,Affiliate,Affiliate - Voucher,6.66,342,9
2025-12-02,Affiliate,Affiliate - Voucher,6.66,534,9
2025-12-03,Affiliate,Affiliate - Voucher,6.66,468,10
2025-12-04,Affiliate,Affiliate - Voucher,6.66,700,10
2025-12-05,Affiliate,Affiliate - Voucher,6.66,582,9
2025-12-06,Affiliate,Affiliate - Voucher,4.79,331,7
2025-12-07,Affiliate,Affiliate - Voucher,4.79,289,7
2025-12-08,Affiliate,Affiliate - Voucher,6.66,303,9
2025-12-09,Affiliate,Affiliate - Voucher,6.66,379,8
2025-12-10,Affiliate,Affiliate - Voucher,6.66,723,10
2025-12-11,Affiliate,Affiliate - Voucher,6.66,373,9
2025-12-12,Affiliate,Affiliate - Voucher,6.66,499,9
2025-12-13,Affiliate,Affiliate - Voucher,4.79,257,6
2025-12-14,Affiliate,Affiliate - Voucher,4.79,391,6
2025-12-15,Affiliate,Affiliate - Voucher,6.66,662,9
2025-12-16,Affiliate,Affiliate - Voucher,6.66,407,9
2025-12-17,Affiliate,Affiliate - Voucher,6.66,362,9
2025-12-18,Affiliate,Affiliate - Voucher,6.66,470,9
2025-12-19,Affiliate,Affiliate - Voucher,6.66,596,9
2025-12-20,Affiliate,Affiliate - Voucher,4.79,363,6
2025-12-21,Affiliate,Affiliate - Voucher,4.79,313,7
2025-12-22,Affiliate,Affiliate - Voucher,6.66,257,8
2025-12-23,Affiliate,Affiliate - Voucher,6.66,638,9
2025-12-24,Affiliate,Affiliate - Voucher,6.66,439,9
2025-12-25,Affiliate,Affiliate - Voucher,6.66,479,10
2025-12-26,Affiliate,Affiliate - Voucher,6.66,732,10
2025-12-27,Affiliate,Affiliate - Voucher,4.79,268,6
2025-12-28,Affiliate,Affiliate - Voucher,4.79,473,7
2025-12-29,Affiliate,Affiliate - Voucher,6.66,274,8
2025-12-30,Affiliate,Affiliate - Voucher,6.66,651,9
2025-12-31,Affiliate,Affiliate - Voucher,6.66,353,9
2025-12-01,Email & CRM,Email - Lifecycle,4.41,2125,36
2025-12-02,Email & CRM,Email - Lifecycle,4.41,1750,34
2025-12-03,Email & CRM,Email - Lifecycle,4.41,1584,34
2025-12-04,Email & CRM,Email - Lifecycle,4.41,2279,35
2025-12-05,Email & CRM,Email - Lifecycle,4.41,1219,39
2025-12-06,Email & CRM,Email - Lifecycle,3.17,1708,26
2025-12-07,Email & CRM,Email - Lifecycle,3.17,1327,26
2025-12-08,Email & CRM,Email - Lifecycle,4.41,2605,36
2025-12-09,Email & CRM,Email - Lifecycle,4.41,2631,37
2025-12-10,Email & CRM,Email - Lifecycle,4.41,1279,38
2025-12-11,Email & CRM,Email - Lifecycle,4.41,2783,40
2025-12-12,Email & CRM,Email - Lifecycle,4.41,1186,34
2025-12-13,Email & CRM,Email - Lifecycle,3.17,1759,25
2025-12-14,Email & CRM,Email - Lifecycle,3.17,1095,25
2025-12-15,Email & CRM,Email - Lifecycle,4.41,2229,34
2025-12-16,Email & CRM,Email - Lifecycle,4.41,1548,33
2025-12-17,Email & CRM,Email - Lifecycle,4.41,1258,33
2025-12-18,Email & CRM,Email - Lifecycle,4.41,2085,35
2025-12-19,Email & CRM,Email - Lifecycle,4.41,1658,37
2025-12-20,Email & CRM,Email - Lifecycle,3.17,1056,24
2025-12-21,Email & CRM,Email - Lifecycle,3.17,915,26
2025-12-22,Email & CRM,Email - Lifecycle,4.41,2482,37
2025-12-23,Email & CRM,Email - Lifecycle,4.41,2394,35
2025-12-24,Email & CRM,Email - Lifecycle,4.41,1165,34
2025-12-25,Email & CRM,Email - Lifecycle,4.41,1998,39
2025-12-26,Email & CRM,Email - Lifecycle,4.41,1480,37
2025-12-27,Email & CRM,Email - Lifecycle,3.17,1450,27
2025-12-28,Email & CRM,Email - Lifecycle,3.17,1421,24
2025-12-29,Email & CRM,Email - Lifecycle,4.41,2116,37
2025-12-30,Email & CRM,Email - Lifecycle,4.41,1582,39
2025-12-31,Email & CRM,Email - Lifecycle,4.41,1515,37
2025-12-01,Email & CRM,Email - Winback,3.35,1061,30
2025-12-02,Email & CRM,Email - Winback,3.35,1246,27
2025-12-03,Email & CRM,Email - Winback,3.35,951,28
2025-12-04,Email & CRM,Email - Winback,3.35,1141,26
2025-12-05,Email & CRM,Email - Winback,3.35,1681,30
2025-12-06,Email & CRM,Email - Winback,2.41,1421,21
2025-12-07,Email & CRM,Email - Winback,2.41,1124,21
2025-12-08,Email & CRM,Email - Winback,3.35,1762,27
2025-12-09,Email & CRM,Email - Winback,3.35,1976,28
2025-12-10,Email & CRM,Email - Winback,3.35,1778,26
2025-12-11,Email & CRM,Email - Winback,3.35,1264,30
2025-12-12,Email & CRM,Email - Winback,3.35,1902,28
2025-12-13,Email & CRM,Email - Winback,2.41,670,18
2025-12-14,Email & CRM,Email - Winback,2.41,1081,18
2025-12-15,Email & CRM,Email - Winback,3.35,1624,30
2025-12-16,Email & CRM,Email - Winback,3.35,1920,28
2025-12-17,Email & CRM,Email - Winback,3.35,1454,29
2025-12-18,Email & CRM,Email - Winback,3.35,1787,26
2025-12-19,Email & CRM,Email - Winback,3.35,1638,26
2025-12-20,Email & CRM,Email - Winback,2.41,1532,21
2025-12-21,Email & CRM,Email - Winback,2.41,666,21
2025-12-22,Email & CRM,Email - Winback,3.35,1221,27
2025-12-23,Email & CRM,Email - Winback,3.35,1482,28
2025-12-24,Email & CRM,Email - Winback,3.35,921,26
2025-12-25,Email & CRM,Email - Winback,3.35,2013,30
2025-12-26,Email & CRM,Email - Winback,3.35,1135,28
2025-12-27,Email & CRM,Email - Winback,2.41,834,18
2025-12-28,Email & CRM,Email - Winback,2.41,1232,21
2025-12-29,Email & CRM,Email - Winback,3.35,2001,28
2025-12-30,Email & CRM,Email - Winback,3.35,874,26
2025-12-31,Email & CRM,Email - Winback,3.35,1102,30
2025-12-01,Marketplace,Marketplace - Sponsored Listings,59.08,5407,117
2025-12-02,Marketplace,Marketplace - Sponsored Listings,59.08,5623,106
2025-12-03,Marketplace,Marketplace - Sponsored Listings,59.08,4276,98
2025-12-04,Marketplace,Marketplace - Sponsored Listings,59.08,3008,97
2025-12-05,Marketplace,Marketplace - Sponsored Listings,59.08,4769,115
2025-12-06,Marketplace,Marketplace - Sponsored Listings,42.53,5029,80
2025-12-07,Marketplace,Marketplace - Sponsored Listings,42.53,4062,83
2025-12-08,Marketplace,Marketplace - Sponsored Listings,59.08,6944,115
2025-12-09,Marketplace,Marketplace - Sponsored Listings,59.08,2868,97
2025-12-10,Marketplace,Marketplace - Sponsored Listings,59.08,4855,115
2025-12-11,Marketplace,Marketplace - Sponsored Listings,59.08,5960,106
2025-12-12,Marketplace,Marketplace - Sponsored Listings,59.08,7608,106
2025-12-13,Marketplace,Marketplace - Sponsored Listings,42.53,4508,81
2025-12-14,Marketplace,Marketplace - Sponsored Listings,42.53,4212,82
2025-12-15,Marketplace,Marketplace - Sponsored Listings,59.08,8265,114
2025-12-16,Marketplace,Marketplace - Sponsored Listings,59.08,4639,97
2025-12-17,Marketplace,Marketplace - Sponsored Listings,59.08,7856,117
2025-12-18,Marketplace,Marketplace - Sponsored Listings,59.08,5628,99
2025-12-19,Marketplace,Marketplace - Sponsored Listings,59.08,6819,107
2025-12-20,Marketplace,Marketplace - Sponsored Listings,42.53,4080,77
2025-12-21,Marketplace,Marketplace - Sponsored Listings,42.53,5264,76
2025-12-22,Marketplace,Marketplace - Sponsored Listings,59.08,4365,102
2025-12-23,Marketplace,Marketplace - Sponsored Listings,59.08,4429,115
2025-12-24,Marketplace,Marketplace - Sponsored Listings,59.08,5953,98
2025-12-25,Marketplace,Marketplace - Sponsored Listings,59.08,6071,98
2025-12-26,Marketplace,Marketplace - Sponsored Listings,59.08,4815,116
2025-12-27,Marketplace,Marketplace - Sponsored Listings,42.53,5295,83
2025-12-28,Marketplace,Marketplace - Sponsored Listings,42.53,2231,72
2025-12-29,Marketplace,Marketplace - Sponsored Listings,59.08,4311,101
2025-12-30,Marketplace,Marketplace - Sponsored Listings,59.08,6126,113
2025-12-31,Marketplace,Marketplace - Sponsored Listings,59.08,5558,110
2026-01-01,Organic Search,Organic - SEO Content,8.23,7205,173
2026-01-02,Organic Search,Organic - SEO Content,8.23,7115,165
2026-01-03,Organic Search,Organic - SEO Content,5.93,8178,126
2026-01-04,Organic Search,Organic - SEO Content,5.93,5027,108
2026-01-05,Organic Search,Organic - SEO Content,8.23,7078,174
2026-01-06,Organic Search,Organic - SEO Content,8.23,5963,158
2026-01-07,Organic Search,Organic - SEO Content,8.23,9174,178
2026-01-08,Organic Search,Organic - SEO Content,8.23,10766,159
2026-01-09,Organic Search,Organic - SEO Content,8.23,4456,151
2026-01-10,Organic Search,Organic - SEO Content,5.93,7651,118
2026-01-11,Organic Search,Organic - SEO Content,5.93,5349,115
2026-01-12,Organic Search,Organic - SEO Content,8.23,9665,158
2026-01-13,Organic Search,Organic - SEO Content,8.23,6445,180
2026-01-14,Organic Search,Organic - SEO Content,8.23,11193,165
2026-01-15,Organic Search,Organic - SEO Content,8.23,6681,171
2026-01-16,Organic Search,Organic - SEO Content,8.23,10483,155
2026-01-17,Organic Search,Organic - SEO Content,5.93,5659,109
2026-01-18,Organic Search,Organic - SEO Content,5.93,3738,127
2026-01-19,Organic Search,Organic - SEO Content,8.23,9699,180
2026-01-20,Organic Search,Organic - SEO Content,8.23,6169,178
2026-01-21,Organic Search,Organic - SEO Content,8.23,6086,178
2026-01-22,Organic Search,Organic - SEO Content,8.23,9863,163
2026-01-23,Organic Search,Organic - SEO Content,8.23,5221,180
2026-01-24,Organic Search,Organic - SEO Content,5.93,4671,112
2026-01-25,Organic Search,Organic - SEO Content,5.93,7303,108
2026-01-26,Organic Search,Organic - SEO Content,8.23,9117,163
2026-01-27,Organic Search,Organic - SEO Content,8.23,12527,177
2026-01-28,Organic Search,Organic - SEO Content,8.23,8336,149
2026-01-29,Organic Search,Organic - SEO Content,8.23,5463,153
2026-01-30,Organic Search,Organic - SEO Content,8.23,8817,170
2026-01-31,Organic Search,Organic - SEO Content,5.93,3949,117
2026-01-01,Paid Search,Paid - Brand,16.81,596,16
2026-01-02,Paid Search,Paid - Brand,16.81,1191,17
2026-01-03,Paid Search,Paid - Brand,12.10,584,13
2026-01-04,Paid Search,Paid - Brand,12.10,553,13
2026-01-05,Paid Search,Paid - Brand,16.81,574,18
2026-01-06,Paid Search,Paid - Brand,16.81,461,16
2026-01-07,Paid Search,Paid - Brand,16.81,626,19
2026-01-08,Paid Search,Paid - Brand,16.81,794,17
2026-01-09,Paid Search,Paid - Brand,16.81,1040,16
2026-01-10,Paid Search,Paid - Brand,12.10,532,11
2026-01-11,Paid Search,Paid - Brand,12.10,582,12
2026-01-12,Paid Search,Paid - Brand,16.81,1085,16
2026-01-13,Paid Search,Paid - Brand,16.81,1030,16
2026-01-14,Paid Search,Paid - Brand,16.81,986,16
2026-01-15,Paid Search,Paid - Brand,16.81,922,17
2026-01-16,Paid Search,Paid - Brand,16.81,650,17
2026-01-17,Paid Search,Paid - Brand,12.10,546,13
2026-01-18,Paid Search,Paid - Brand,12.10,771,12
2026-01-19,Paid Search,Paid - Brand,16.81,1375,19
2026-01-20,Paid Search,Paid - Brand,16.81,560,18
2026-01-21,Paid Search,Paid - Brand,16.81,748,17
2026-01-22,Paid Search,Paid - Brand,16.81,512,17
2026-01-23,Paid Search,Paid - Brand,16.81,627,18
2026-01-24,Paid Search,Paid - Brand,12.10,736,12
2026-01-25,Paid Search,Paid - Brand,12.10,803,13
2026-01-26,Paid Search,Paid - Brand,16.81,1035,16
2026-01-27,Paid Search,Paid - Brand,16.81,517,17
2026-01-28,Paid Search,Paid - Brand,16.81,815,16
2026-01-29,Paid Search,Paid - Brand,16.81,584,16
2026-01-30,Paid Search,Paid - Brand,16.81,573,16
2026-01-31,Paid Search,Paid - Brand,12.10,380,12
2026-01-01,Paid Search,Paid - Generic,18.76,1221,20
2026-01-02,Paid Search,Paid - Generic,18.76,771,21
2026-01-03,Paid Search,Paid - Generic,13.50,548,15
2026-01-04,Paid Search,Paid - Generic,13.50,941,13
2026-01-05,Paid Search,Paid - Generic,18.76,1317,20
2026-01-06,Paid Search,Paid - Generic,18.76,1243,17
2026-01-07,Paid Search,Paid - Generic,18.76,646,19
2026-01-08,Paid Search,Paid - Generic,18.76,1236,19
2026-01-09,Paid Search,Paid - Generic,18.76,683,19
2026-01-10,Paid Search,Paid - Generic,13.50,616,14
2026-01-11,Paid Search,Paid - Generic,13.50,807,13
2026-01-12,Paid Search,Paid - Generic,18.76,1341,21
2026-01-13,Paid Search,Paid - Generic,18.76,1282,20
2026-01-14,Paid Search,Paid - Generic,18.76,1268,19
2026-01-15,Paid Search,Paid - Generic,18.76,804,18
2026-01-16,Paid Search,Paid - Generic,18.76,725,18
2026-01-17,Paid Search,Paid - Generic,13.50,740,13
2026-01-18,Paid Search,Paid - Generic,13.50,532,13
2026-01-19,Paid Search,Paid - Generic,18.76,897,20
2026-01-20,Paid Search,Paid - Generic,18.76,1131,20
2026-01-21,Paid Search,Paid - Generic,18.76,847,20
2026-01-22,Paid Search,Paid - Generic,18.76,692,19
2026-01-23,Paid Search,Paid - Generic,18.76,1441,21
2026-01-24,Paid Search,Paid - Generic,13.50,612,15
2026-01-25,Paid Search,Paid - Generic,13.50,943,13
2026-01-26,Paid Search,Paid - Generic,18.76,587,18
2026-01-27,Paid Search,Paid - Generic,18.76,910,20
2026-01-28,Paid Search,Paid - Generic,18.76,729,18
2026-01-29,Paid Search,Paid - Generic,18.76,1054,18
2026-01-30,Paid Search,Paid - Generic,18.76,616,20
2026-01-31,Paid Search,Paid - Generic,13.50,475,13
2026-01-01,Paid Search,Paid - Shopping,26.66,1732,29
2026-01-02,Paid Search,Paid - Shopping,26.66,1116,30
2026-01-03,Paid Search,Paid - Shopping,19.20,1164,21
2026-01-04,Paid Search,Paid - Shopping,19.20,1358,20
2026-01-05,Paid Search,Paid - Shopping,26.66,1912,26
2026-01-06,Paid Search,Paid - Shopping,26.66,940,27
2026-01-07,Paid Search,Paid - Shopping,26.66,1175,27
2026-01-08,Paid Search,Paid - Shopping,26.66,979,29
2026-01-09,Paid Search,Paid - Shopping,26.66,1325,26
2026-01-10,Paid Search,Paid - Shopping,19.20,810,22
2026-01-11,Paid Search,Paid - Shopping,19.20,618,21
2026-01-12,Paid Search,Paid - Shopping,26.66,1722,25
2026-01-13,Paid Search,Paid - Shopping,26.66,1323,28
2026-01-14,Paid Search,Paid - Shopping,26.66,952,26
2026-01-15,Paid Search,Paid - Shopping,26.66,1651,30
2026-01-16,Paid Search,Paid - Shopping,26.66,1220,30
2026-01-17,Paid Search,Paid - Shopping,19.20,923,20
2026-01-18,Paid Search,Paid - Shopping,19.20,821,19
2026-01-19,Paid Search,Paid - Shopping,26.66,995,27
2026-01-20,Paid Search,Paid - Shopping,26.66,1888,27
2026-01-21,Paid Search,Paid - Shopping,26.66,1434,27
2026-01-22,Paid Search,Paid - Shopping,26.66,1734,28
2026-01-23,Paid Search,Paid - Shopping,26.66,1770,30
2026-01-24,Paid Search,Paid - Shopping,19.20,703,18
2026-01-25,Paid Search,Paid - Shopping,19.20,1013,21
2026-01-26,Paid Search,Paid - Shopping,26.66,774,26
2026-01-27,Paid Search,Paid - Shopping,26.66,997,30
2026-01-28,Paid Search,Paid - Shopping,26.66,1422,27
2026-01-29,Paid Search,Paid - Shopping,26.66,1654,28
2026-01-30,Paid Search,Paid - Shopping,26.66,1167,27
2026-01-31,Paid Search,Paid - Shopping,19.20,1183,20
2026-01-01,Paid Social,Paid - Prospecting,33.63,2973,78
2026-01-02,Paid Social,Paid - Prospecting,33.63,3530,78
2026-01-03,Paid Social,Paid - Prospecting,24.21,2359,59
2026-01-04,Paid Social,Paid - Prospecting,24.21,1827,53
2026-01-05,Paid Social,Paid - Prospecting,33.63,3589,83
2026-01-06,Paid Social,Paid - Prospecting,33.63,3929,75
2026-01-07,Paid Social,Paid - Prospecting,33.63,5696,83
2026-01-08,Paid Social,Paid - Prospecting,33.63,4553,85
2026-01-09,Paid Social,Paid - Prospecting,33.63,2398,73
2026-01-10,Paid Social,Paid - Prospecting,24.21,2495,53
2026-01-11,Paid Social,Paid - Prospecting,24.21,3507,58
2026-01-12,Paid Social,Paid - Prospecting,33.63,3321,85
2026-01-13,Paid Social,Paid - Prospecting,33.63,4544,84
2026-01-14,Paid Social,Paid - Prospecting,33.63,4777,87
2026-01-15,Paid Social,Paid - Prospecting,33.63,2484,75
2026-01-16,Paid Social,Paid - Prospecting,33.63,3726,80
2026-01-17,Paid Social,Paid - Prospecting,24.21,4188,60
2026-01-18,Paid Social,Paid - Prospecting,24.21,2335,62
2026-01-19,Paid Social,Paid - Prospecting,33.63,3313,75
2026-01-20,Paid Social,Paid - Prospecting,33.63,3666,85
2026-01-21,Paid Social,Paid - Prospecting,33.63,5739,85
2026-01-22,Paid Social,Paid - Prospecting,33.63,2817,74
2026-01-23,Paid Social,Paid - Prospecting,33.63,3127,84
2026-01-24,Paid Social,Paid - Prospecting,24.21,1698,59
2026-01-25,Paid Social,Paid - Prospecting,24.21,3232,54
2026-01-26,Paid Social,Paid - Prospecting,33.63,3139,72
2026-01-27,Paid Social,Paid - Prospecting,33.63,3016,76
2026-01-28,Paid Social,Paid - Prospecting,33.63,5048,82
2026-01-29,Paid Social,Paid - Prospecting,33.63,2360,81
2026-01-30,Paid Social,Paid - Prospecting,33.63,3943,80
2026-01-31,Paid Social,Paid - Prospecting,24.21,2492,61
2026-01-01,Paid Social,Paid - Retargeting,35.36,5706,87
2026-01-02,Paid Social,Paid - Retargeting,35.36,3933,92
2026-01-03,Paid Social,Paid - Retargeting,25.46,2192,61
2026-01-04,Paid Social,Paid - Retargeting,25.46,1970,57
2026-01-05,Paid Social,Paid - Retargeting,35.36,4317,80
2026-01-06,Paid Social,Paid - Retargeting,35.36,5719,88
2026-01-07,Paid Social,Paid - Retargeting,35.36,2835,78
2026-01-08,Paid Social,Paid - Retargeting,35.36,4738,77
2026-01-09,Paid Social,Paid - Retargeting,35.36,4242,85
2026-01-10,Paid Social,Paid - Retargeting,25.46,2137,60
2026-01-11,Paid Social,Paid - Retargeting,25.46,3814,57
2026-01-12,Paid Social,Paid - Retargeting,35.36,6170,88
2026-01-13,Paid Social,Paid - Retargeting,35.36,3076,83
2026-01-14,Paid Social,Paid - Retargeting,35.36,2848,80
2026-01-15,Paid Social,Paid - Retargeting,35.36,4534,88
2026-01-16,Paid Social,Paid - Retargeting,35.36,3080,76
2026-01-17,Paid Social,Paid - Retargeting,25.46,2505,65
2026-01-18,Paid Social,Paid - Retargeting,25.46,2089,62
2026-01-19,Paid Social,Paid - Retargeting,35.36,3550,76
2026-01-20,Paid Social,Paid - Retargeting,35.36,2567,85
2026-01-21,Paid Social,Paid - Retargeting,35.36,3133,88
2026-01-22,Paid Social,Paid - Retargeting,35.36,2447,84
2026-01-23,Paid Social,Paid - Retargeting,35.36,3324,78
2026-01-24,Paid Social,Paid - Retargeting,25.46,3948,60
2026-01-25,Paid Social,Paid - Retargeting,25.46,2650,60
2026-01-26,Paid Social,Paid - Retargeting,35.36,3290,83
2026-01-27,Paid Social,Paid - Retargeting,35.36,3073,77
2026-01-28,Paid Social,Paid - Retargeting,35.36,2927,81
2026-01-29,Paid Social,Paid - Retargeting,35.36,3405,78
2026-01-30,Paid Social,Paid - Retargeting,35.36,3093,82
2026-01-31,Paid Social,Paid - Retargeting,25.46,4432,60
2026-01-01,Paid Social,Paid - Creator,38.67,3646,94
2026-01-02,Paid Social,Paid - Creator,38.67,3958,94
2026-01-03,Paid Social,Paid - Creator,27.84,4110,62
2026-01-04,Paid Social,Paid - Creator,27.84,4121,70
2026-01-05,Paid Social,Paid - Creator,38.67,4038,91
2026-01-06,Paid Social,Paid - Creator,38.67,3151,100
2026-01-07,Paid Social,Paid - Creator,38.67,2983,88
2026-01-08,Paid Social,Paid - Creator,38.67,6564,100
2026-01-09,Paid Social,Paid - Creator,38.67,5032,101
2026-01-10,Paid Social,Paid - Creator,27.84,3924,62
2026-01-11,Paid Social,Paid - Creator,27.84,4131,62
2026-01-12,Paid Social,Paid - Creator,38.67,5782,93
2026-01-13,Paid Social,Paid - Creator,38.67,4705,89
2026-01-14,Paid Social,Paid - Creator,38.67,5632,96
2026-01-15,Paid Social,Paid - Creator,38.67,4336,93
2026-01-16,Paid Social,Paid - Creator,38.67,3106,95
2026-01-17,Paid Social,Paid - Creator,27.84,2939,60
2026-01-18,Paid Social,Paid - Creator,27.84,3806,66
2026-01-19,Paid Social,Paid - Creator,38.67,5840,84
2026-01-20,Paid Social,Paid - Creator,38.67,4135,101
2026-01-21,Paid Social,Paid - Creator,38.67,6595,97
2026-01-22,Paid Social,Paid - Creator,38.67,3978,83
2026-01-23,Paid Social,Paid - Creator,38.67,3252,91
2026-01-24,Paid Social,Paid - Creator,27.84,3049,70
2026-01-25,Paid Social,Paid - Creator,27.84,3374,64
2026-01-26,Paid Social,Paid - Creator,38.67,6500,99
2026-01-27,Paid Social,Paid - Creator,38.67,3369,82
2026-01-28,Paid Social,Paid - Creator,38.67,4839,98
2026-01-29,Paid Social,Paid - Creator,38.67,2806,89
2026-01-30,Paid Social,Paid - Creator,38.67,3578,96
2026-01-31,Paid Social,Paid - Creator,27.84,2891,71
2026-01-01,Affiliate,Affiliate - Cashback,2.45,150,3
2026-01-02,Affiliate,Affiliate - Cashback,2.45,108,3
2026-01-03,Affiliate,Affiliate - Cashback,1.77,141,2
2026-01-04,Affiliate,Affiliate - Cashback,1.77,59,2
2026-01-05,Affiliate,Affiliate - Cashback,2.45,184,3
2026-01-06,Affiliate,Affiliate - Cashback,2.45,187,3
2026-01-07,Affiliate,Affiliate - Cashback,2.45,191,3
2026-01-08,Affiliate,Affiliate - Cashback,2.45,215,3
2026-01-09,Affiliate,Affiliate - Cashback,2.45,158,3
2026-01-10,Affiliate,Affiliate - Cashback,1.77,108,2
2026-01-11,Affiliate,Affiliate - Cashback,1.77,136,2
2026-01-12,Affiliate,Affiliate - Cashback,2.45,124,3
2026-01-13,Affiliate,Affiliate - Cashback,2.45,114,3
2026-01-14,Affiliate,Affiliate - Cashback,2.45,211,3
2026-01-15,Affiliate,Affiliate - Cashback,2.45,150,3
2026-01-16,Affiliate,Affiliate - Cashback,2.45,153,3
2026-01-17,Affiliate,Affiliate - Cashback,1.77,59,2
2026-01-18,Affiliate,Affiliate - Cashback,1.77,124,2
2026-01-19,Affiliate,Affiliate - Cashback,2.45,152,3
2026-01-20,Affiliate,Affiliate - Cashback,2.45,136,3
2026-01-21,Affiliate,Affiliate - Cashback,2.45,191,3
2026-01-22,Affiliate,Affiliate - Cashback,2.45,99,3
2026-01-23,Affiliate,Affiliate - Cashback,2.45,199,3
2026-01-24,Affiliate,Affiliate - Cashback,1.77,105,2
2026-01-25,Affiliate,Affiliate - Cashback,1.77,134,2
2026-01-26,Affiliate,Affiliate - Cashback,2.45,120,3
2026-01-27,Affiliate,Affiliate - Cashback,2.45,97,3
2026-01-28,Affiliate,Affiliate - Cashback,2.45,144,3
2026-01-29,Affiliate,Affiliate - Cashback,2.45,103,3
2026-01-30,Affiliate,Affiliate - Cashback,2.45,120,3
2026-01-31,Affiliate,Affiliate - Cashback,1.77,71,2
2026-01-01,Affiliate,Affiliate - Content,4.21,143,5
2026-01-02,Affiliate,Affiliate - Content,4.21,215,6
2026-01-03,Affiliate,Affiliate - Content,3.03,288,4
2026-01-04,Affiliate,Affiliate - Content,3.03,150,4
2026-01-05,Affiliate,Affiliate - Content,4.21,140,5
2026-01-06,Affiliate,Affiliate - Content,4.21,210,6
2026-01-07,Affiliate,Affiliate - Content,4.21,287,6
2026-01-08,Affiliate,Affiliate - Content,4.21,310,6
2026-01-09,Affiliate,Affiliate - Content,4.21,333,5
2026-01-10,Affiliate,Affiliate - Content,3.03,194,4
2026-01-11,Affiliate,Affiliate - Content,3.03,181,4
2026-01-12,Affiliate,Affiliate - Content,4.21,228,6
2026-01-13,Affiliate,Affiliate - Content,4.21,317,6
2026-01-14,Affiliate,Affiliate - Content,4.21,337,6
2026-01-15,Affiliate,Affiliate - Content,4.21,389,6
2026-01-16,Affiliate,Affiliate - Content,4.21,369,6
2026-01-17,Affiliate,Affiliate - Content,3.03,247,4
2026-01-18,Affiliate,Affiliate - Content,3.03,271,4
2026-01-19,Affiliate,Affiliate - Content,4.21,382,6
2026-01-20,Affiliate,Affiliate - Content,4.21,233,6
2026-01-21,Affiliate,Affiliate - Content,4.21,407,6
2026-01-22,Affiliate,Affiliate - Content,4.21,218,5
2026-01-23,Affiliate,Affiliate - Content,4.21,277,6
2026-01-24,Affiliate,Affiliate - Content,3.03,155,4
2026-01-25,Affiliate,Affiliate - Content,3.03,195,4
2026-01-26,Affiliate,Affiliate - Content,4.21,256,6
2026-01-27,Affiliate,Affiliate - Content,4.21,406,6
2026-01-28,Affiliate,Affiliate - Content,4.21,441,6
2026-01-29,Affiliate,Affiliate - Content,4.21,394,6
2026-01-30,Affiliate,Affiliate - Content,4.21,298,6
2026-01-31,Affiliate,Affiliate - Content,3.03,250,4
2026-01-01,Affiliate,Affiliate - Voucher,4.00,285,5
2026-01-02,Affiliate,Affiliate - Voucher,4.00,295,6
2026-01-03,Affiliate,Affiliate - Voucher,2.88,164,4
2026-01-04,Affiliate,Affiliate - Voucher,2.88,209,3
2026-01-05,Affiliate,Affiliate - Voucher,4.00,318,6
2026-01-06,Affiliate,Affiliate - Voucher,4.00,186,5
2026-01-07,Affiliate,Affiliate - Voucher,4.00,282,5
2026-01-08,Affiliate,Affiliate - Voucher,4.00,282,6
2026-01-09,Affiliate,Affiliate - Voucher,4.00,267,6
2026-01-10,Affiliate,Affiliate - Voucher,2.88,128,3
2026-01-11,Affiliate,Affiliate - Voucher,2.88,250,4
2026-01-12,Affiliate,Affiliate - Voucher,4.00,332,5
2026-01-13,Affiliate,Affiliate - Voucher,4.00,378,6
2026-01-14,Affiliate,Affiliate - Voucher,4.00,326,5
2026-01-15,Affiliate,Affiliate - Voucher,4.00,162,5
2026-01-16,Affiliate,Affiliate - Voucher,4.00,194,6
2026-01-17,Affiliate,Affiliate - Voucher,2.88,248,4
2026-01-18,Affiliate,Affiliate - Voucher,2.88,217,4
2026-01-19,Affiliate,Affiliate - Voucher,4.00,269,6
2026-01-20,Affiliate,Affiliate - Voucher,4.00,336,6
2026-01-21,Affiliate,Affiliate - Voucher,4.00,394,6
2026-01-22,Affiliate,Affiliate - Voucher,4.00,174,5
2026-01-23,Affiliate,Affiliate - Voucher,4.00,176,5
2026-01-24,Affiliate,Affiliate - Voucher,2.88,248,4
2026-01-25,Affiliate,Affiliate - Voucher,2.88,236,4
2026-01-26,Affiliate,Affiliate - Voucher,4.00,392,6
2026-01-27,Affiliate,Affiliate - Voucher,4.00,215,5
2026-01-28,Affiliate,Affiliate - Voucher,4.00,252,6
2026-01-29,Affiliate,Affiliate - Voucher,4.00,286,6
2026-01-30,Affiliate,Affiliate - Voucher,4.00,208,5
2026-01-31,Affiliate,Affiliate - Voucher,2.88,286,4
2026-01-01,Email & CRM,Email - Lifecycle,1.82,846,14
2026-01-02,Email & CRM,Email - Lifecycle,1.82,484,15
2026-01-03,Email & CRM,Email - Lifecycle,1.31,396,9
2026-01-04,Email & CRM,Email - Lifecycle,1.31,414,11
2026-01-05,Email & CRM,Email - Lifecycle,1.82,430,14
2026-01-06,Email & CRM,Email - Lifecycle,1.82,562,15
2026-01-07,Email & CRM,Email - Lifecycle,1.82,656,16
2026-01-08,Email & CRM,Email - Lifecycle,1.82,633,14
2026-01-09,Email & CRM,Email - Lifecycle,1.82,1011,16
2026-01-10,Email & CRM,Email - Lifecycle,1.31,499,11
2026-01-11,Email & CRM,Email - Lifecycle,1.31,577,10
2026-01-12,Email & CRM,Email - Lifecycle,1.82,452,14
2026-01-13,Email & CRM,Email - Lifecycle,1.82,790,14
2026-01-14,Email & CRM,Email - Lifecycle,1.82,479,14
2026-01-15,Email & CRM,Email - Lifecycle,1.82,833,14
2026-01-16,Email & CRM,Email - Lifecycle,1.82,499,15
2026-01-17,Email & CRM,Email - Lifecycle,1.31,406,10
2026-01-18,Email & CRM,Email - Lifecycle,1.31,339,10
2026-01-19,Email & CRM,Email - Lifecycle,1.82,461,14
2026-01-20,Email & CRM,Email - Lifecycle,1.82,688,15
2026-01-21,Email & CRM,Email - Lifecycle,1.82,576,16
2026-01-22,Email & CRM,Email - Lifecycle,1.82,666,15
2026-01-23,Email & CRM,Email - Lifecycle,1.82,834,16
2026-01-24,Email & CRM,Email - Lifecycle,1.31,361,10
2026-01-25,Email & CRM,Email - Lifecycle,1.31,624,11
2026-01-26,Email & CRM,Email - Lifecycle,1.82,1102,16
2026-01-27,Email & CRM,Email - Lifecycle,1.82,863,15
2026-01-28,Email & CRM,Email - Lifecycle,1.82,796,15
2026-01-29,Email & CRM,Email - Lifecycle,1.82,403,13
2026-01-30,Email & CRM,Email - Lifecycle,1.82,918,14
2026-01-31,Email & CRM,Email - Lifecycle,1.31,774,11
2026-01-01,Email & CRM,Email - Winback,3.39,1288,25
2026-01-02,Email & CRM,Email - Winback,3.39,817,26
2026-01-03,Email & CRM,Email - Winback,2.44,1036,21
2026-01-04,Email & CRM,Email - Winback,2.44,975,19
2026-01-05,Email & CRM,Email - Winback,3.39,2033,28
2026-01-06,Email & CRM,Email - Winback,3.39,1844,27
2026-01-07,Email & CRM,Email - Winback,3.39,1525,29
2026-01-08,Email & CRM,Email - Winback,3.39,1885,29
2026-01-09,Email & CRM,Email - Winback,3.39,1274,28
2026-01-10,Email & CRM,Email - Winback,2.44,1211,20
2026-01-11,Email & CRM,Email - Winback,2.44,891,19
2026-01-12,Email & CRM,Email - Winback,3.39,1971,29
2026-01-13,Email & CRM,Email - Winback,3.39,923,26
2026-01-14,Email & CRM,Email - Winback,3.39,883,28
2026-01-15,Email & CRM,Email - Winback,3.39,1610,27
2026-01-16,Email & CRM,Email - Winback,3.39,911,27
2026-01-17,Email & CRM,Email - Winback,2.44,1349,21
2026-01-18,Email & CRM,Email - Winback,2.44,1072,20
2026-01-19,Email & CRM,Email - Winback,3.39,1626,30
2026-01-20,Email & CRM,Email - Winback,3.39,1666,26
2026-01-21,Email & CRM,Email - Winback,3.39,922,26
2026-01-22,Email & CRM,Email - Winback,3.39,2112,30
2026-01-23,Email & CRM,Email - Winback,3.39,1160,29
2026-01-24,Email & CRM,Email - Winback,2.44,994,18
2026-01-25,Email & CRM,Email - Winback,2.44,1105,19
2026-01-26,Email & CRM,Email - Winback,3.39,1735,25
2026-01-27,Email & CRM,Email - Winback,3.39,928,26
2026-01-28,Email & CRM,Email - Winback,3.39,1013,28
2026-01-29,Email & CRM,Email - Winback,3.39,1254,30
2026-01-30,Email & CRM,Email - Winback,3.39,1713,26
2026-01-31,Email & CRM,Email - Winback,2.44,1005,20
2026-01-01,Marketplace,Marketplace - Sponsored Listings,32.29,2401,59
2026-01-02,Marketplace,Marketplace - Sponsored Listings,32.29,1928,59
2026-01-03,Marketplace,Marketplace - Sponsored Listings,23.25,2169,43
2026-01-04,Marketplace,Marketplace - Sponsored Listings,23.25,3011,44
2026-01-05,Marketplace,Marketplace - Sponsored Listings,32.29,1647,54
2026-01-06,Marketplace,Marketplace - Sponsored Listings,32.29,2306,56
2026-01-07,Marketplace,Marketplace - Sponsored Listings,32.29,2799,57
2026-01-08,Marketplace,Marketplace - Sponsored Listings,32.29,1600,57
2026-01-09,Marketplace,Marketplace - Sponsored Listings,32.29,2503,54
2026-01-10,Marketplace,Marketplace - Sponsored Listings,23.25,2940,42
2026-01-11,Marketplace,Marketplace - Sponsored Listings,23.25,2411,41
2026-01-12,Marketplace,Marketplace - Sponsored Listings,32.29,2135,55
2026-01-13,Marketplace,Marketplace - Sponsored Listings,32.29,4260,62
2026-01-14,Marketplace,Marketplace - Sponsored Listings,32.29,2064,57
2026-01-15,Marketplace,Marketplace - Sponsored Listings,32.29,3758,62
2026-01-16,Marketplace,Marketplace - Sponsored Listings,32.29,2485,63
2026-01-17,Marketplace,Marketplace - Sponsored Listings,23.25,2101,42
2026-01-18,Marketplace,Marketplace - Sponsored Listings,23.25,1833,38
2026-01-19,Marketplace,Marketplace - Sponsored Listings,32.29,4033,61
2026-01-20,Marketplace,Marketplace - Sponsored Listings,32.29,4073,58
2026-01-21,Marketplace,Marketplace - Sponsored Listings,32.29,3526,63
2026-01-22,Marketplace,Marketplace - Sponsored Listings,32.29,1706,54
2026-01-23,Marketplace,Marketplace - Sponsored Listings,32.29,1639,53
2026-01-24,Marketplace,Marketplace - Sponsored Listings,23.25,2669,39
2026-01-25,Marketplace,Marketplace - Sponsored Listings,23.25,1995,43
2026-01-26,Marketplace,Marketplace - Sponsored Listings,32.29,3588,62
2026-01-27,Marketplace,Marketplace - Sponsored Listings,32.29,3619,61
2026-01-28,Marketplace,Marketplace - Sponsored Listings,32.29,2438,63
2026-01-29,Marketplace,Marketplace - Sponsored Listings,32.29,3288,56
2026-01-30,Marketplace,Marketplace - Sponsored Listings,32.29,3259,58
2026-01-31,Marketplace,Marketplace - Sponsored Listings,23.25,1370,43
2026-02-01,Organic Search,Organic - SEO Content,5.33,5294,115
2026-02-02,Organic Search,Organic - SEO Content,7.40,10677,145
2026-02-03,Organic Search,Organic - SEO Content,7.40,7157,136
2026-02-04,Organic Search,Organic - SEO Content,7.40,4582,160
2026-02-05,Organic Search,Organic - SEO Content,7.40,11395,162
2026-02-06,Organic Search,Organic - SEO Content,7.40,4281,138
2026-02-07,Organic Search,Organic - SEO Content,5.33,3970,101
2026-02-08,Organic Search,Organic - SEO Content,5.33,5656,110
2026-02-09,Organic Search,Organic - SEO Content,7.40,7146,154
2026-02-10,Organic Search,Organic - SEO Content,7.40,7831,154
2026-02-11,Organic Search,Organic - SEO Content,7.40,7586,149
2026-02-12,Organic Search,Organic - SEO Content,7.40,9138,141
2026-02-13,Organic Search,Organic - SEO Content,7.40,4337,133
2026-02-14,Organic Search,Organic - SEO Content,5.33,7110,112
2026-02-15,Organic Search,Organic - SEO Content,5.33,5181,113
2026-02-16,Organic Search,Organic - SEO Content,7.40,6138,144
2026-02-17,Organic Search,Organic - SEO Content,7.40,10037,160
2026-02-18,Organic Search,Organic - SEO Content,7.40,9336,144
2026-02-19,Organic Search,Organic - SEO Content,7.40,10430,145
2026-02-20,Organic Search,Organic - SEO Content,7.40,6388,158
2026-02-21,Organic Search,Organic - SEO Content,5.33,4718,106
2026-02-22,Organic Search,Organic - SEO Content,5.33,3146,98
2026-02-23,Organic Search,Organic - SEO Content,7.40,5270,137
2026-02-24,Organic Search,Organic - SEO Content,7.40,9357,146
2026-02-25,Organic Search,Organic - SEO Content,7.40,5323,154
2026-02-26,Organic Search,Organic - SEO Content,7.40,9502,150
2026-02-27,Organic Search,Organic - SEO Content,7.40,7888,139
2026-02-28,Organic Search,Organic - SEO Content,5.33,4362,115
2026-02-01,Paid Search,Paid - Brand,17.98,1095,19
2026-02-02,Paid Search,Paid - Brand,24.98,1843,26
2026-02-03,Paid Search,Paid - Brand,24.98,1534,26
2026-02-04,Paid Search,Paid - Brand,24.98,1399,26
2026-02-05,Paid Search,Paid - Brand,24.98,1136,24
2026-02-06,Paid Search,Paid - Brand,24.98,1518,27
2026-02-07,Paid Search,Paid - Brand,17.98,865,18
2026-02-08,Paid Search,Paid - Brand,17.98,555,19
2026-02-09,Paid Search,Paid - Brand,24.98,944,26
2026-02-10,Paid Search,Paid - Brand,24.98,962,26
2026-02-11,Paid Search,Paid - Brand,24.98,1282,26
2026-02-12,Paid Search,Paid - Brand,24.98,1337,27
2026-02-13,Paid Search,Paid - Brand,24.98,1004,27
2026-02-14,Paid Search,Paid - Brand,17.98,1118,20
2026-02-15,Paid Search,Paid - Brand,17.98,986,19
2026-02-16,Paid Search,Paid - Brand,24.98,1624,26
2026-02-17,Paid Search,Paid - Brand,24.98,1807,27
2026-02-18,Paid Search,Paid - Brand,24.98,1225,24
2026-02-19,Paid Search,Paid - Brand,24.98,1364,26
2026-02-20,Paid Search,Paid - Brand,24.98,1386,24
2026-02-21,Paid Search,Paid - Brand,17.98,1074,17
2026-02-22,Paid Search,Paid - Brand,17.98,906,17
2026-02-23,Paid Search,Paid - Brand,24.98,1897,26
2026-02-24,Paid Search,Paid - Brand,24.98,1091,26
2026-02-25,Paid Search,Paid - Brand,24.98,1272,25
2026-02-26,Paid Search,Paid - Brand,24.98,928,25
2026-02-27,Paid Search,Paid - Brand,24.98,771,23
2026-02-28,Paid Search,Paid - Brand,17.98,561,19
2026-02-01,Paid Search,Paid - Generic,21.83,1117,22
2026-02-02,Paid Search,Paid - Generic,30.32,1288,32
2026-02-03,Paid Search,Paid - Generic,30.32,1353,29
2026-02-04,Paid Search,Paid - Generic,30.32,1726,33
2026-02-05,Paid Search,Paid - Generic,30.32,1372,31
2026-02-06,Paid Search,Paid - Generic,30.32,1088,34
2026-02-07,Paid Search,Paid - Generic,21.83,686,21
2026-02-08,Paid Search,Paid - Generic,21.83,905,24
2026-02-09,Paid Search,Paid - Generic,30.32,1253,30
2026-02-10,Paid Search,Paid - Generic,30.32,1351,30
2026-02-11,Paid Search,Paid - Generic,30.32,988,30
2026-02-12,Paid Search,Paid - Generic,30.32,1560,31
2026-02-13,Paid Search,Paid - Generic,30.32,1968,29
2026-02-14,Paid Search,Paid - Generic,21.83,1367,23
2026-02-15,Paid Search,Paid - Generic,21.83,600,21
2026-02-16,Paid Search,Paid - Generic,30.32,1260,29
2026-02-17,Paid Search,Paid - Generic,30.32,2062,33
2026-02-18,Paid Search,Paid - Generic,30.32,1991,30
2026-02-19,Paid Search,Paid - Generic,30.32,2145,30
2026-02-20,Paid Search,Paid - Generic,30.32,1173,32
2026-02-21,Paid Search,Paid - Generic,21.83,1336,22
2026-02-22,Paid Search,Paid - Generic,21.83,973,21
2026-02-23,Paid Search,Paid - Generic,30.32,1795,32
2026-02-24,Paid Search,Paid - Generic,30.32,2107,32
2026-02-25,Paid Search,Paid - Generic,30.32,1020,30
2026-02-26,Paid Search,Paid - Generic,30.32,2098,32
2026-02-27,Paid Search,Paid - Generic,30.32,1405,29
2026-02-28,Paid Search,Paid - Generic,21.83,707,21
2026-02-01,Paid Search,Paid - Shopping,16.83,702,16
2026-02-02,Paid Search,Paid - Shopping,23.38,1495,26
2026-02-03,Paid Search,Paid - Shopping,23.38,1272,25
2026-02-04,Paid Search,Paid - Shopping,23.38,1568,22
2026-02-05,Paid Search,Paid - Shopping,23.38,939,26
2026-02-06,Paid Search,Paid - Shopping,23.38,1700,25
2026-02-07,Paid Search,Paid - Shopping,16.83,1268,18
2026-02-08,Paid Search,Paid - Shopping,16.83,554,18
2026-02-09,Paid Search,Paid - Shopping,23.38,1411,24
2026-02-10,Paid Search,Paid - Shopping,23.38,1426,26
2026-02-11,Paid Search,Paid - Shopping,23.38,1410,24
2026-02-12,Paid Search,Paid - Shopping,23.38,1438,25
2026-02-13,Paid Search,Paid - Shopping,23.38,1182,22
2026-02-14,Paid Search,Paid - Shopping,16.83,908,18
2026-02-15,Paid Search,Paid - Shopping,16.83,1069,19
2026-02-16,Paid Search,Paid - Shopping,23.38,1519,25
2026-02-17,Paid Search,Paid - Shopping,23.38,1394,23
2026-02-18,Paid Search,Paid - Shopping,23.38,1250,23
2026-02-19,Paid Search,Paid - Shopping,23.38,1318,22
2026-02-20,Paid Search,Paid - Shopping,23.38,792,23
2026-02-21,Paid Search,Paid - Shopping,16.83,1297,19
2026-02-22,Paid Search,Paid - Shopping,16.83,665,18
2026-02-23,Paid Search,Paid - Shopping,23.38,1790,26
2026-02-24,Paid Search,Paid - Shopping,23.38,739,26
2026-02-25,Paid Search,Paid - Shopping,23.38,1486,22
2026-02-26,Paid Search,Paid - Shopping,23.38,1563,24
2026-02-27,Paid Search,Paid - Shopping,23.38,1806,25
2026-02-28,Paid Search,Paid - Shopping,16.83,793,16
2026-02-01,Paid Social,Paid - Prospecting,30.19,5026,71
2026-02-02,Paid Social,Paid - Prospecting,41.93,3769,103
2026-02-03,Paid Social,Paid - Prospecting,41.93,6307,90
2026-02-04,Paid Social,Paid - Prospecting,41.93,6218,91
2026-02-05,Paid Social,Paid - Prospecting,41.93,7224,99
2026-02-06,Paid Social,Paid - Prospecting,41.93,6958,109
2026-02-07,Paid Social,Paid - Prospecting,30.19,4232,77
2026-02-08,Paid Social,Paid - Prospecting,30.19,3462,72
2026-02-09,Paid Social,Paid - Prospecting,41.93,7636,106
2026-02-10,Paid Social,Paid - Prospecting,41.93,4801,109
2026-02-11,Paid Social,Paid - Prospecting,41.93,6272,94
2026-02-12,Paid Social,Paid - Prospecting,41.93,4212,95
2026-02-13,Paid Social,Paid - Prospecting,41.93,5331,105
2026-02-14,Paid Social,Paid - Prospecting,30.19,2947,75
2026-02-15,Paid Social,Paid - Prospecting,30.19,3990,65
2026-02-16,Paid Social,Paid - Prospecting,41.93,4172,109
2026-02-17,Paid Social,Paid - Prospecting,41.93,4596,97
2026-02-18,Paid Social,Paid - Prospecting,41.93,5832,107
2026-02-19,Paid Social,Paid - Prospecting,41.93,6814,107
2026-02-20,Paid Social,Paid - Prospecting,41.93,6470,96
2026-02-21,Paid Social,Paid - Prospecting,30.19,5488,76
2026-02-22,Paid Social,Paid - Prospecting,30.19,5023,71
2026-02-23,Paid Social,Paid - Prospecting,41.93,3075,96
2026-02-24,Paid Social,Paid - Prospecting,41.93,5111,93
2026-02-25,Paid Social,Paid - Prospecting,41.93,7343,101
2026-02-26,Paid Social,Paid - Prospecting,41.93,2899,90
2026-02-27,Paid Social,Paid - Prospecting,41.93,4387,107
2026-02-28,Paid Social,Paid - Prospecting,30.19,4391,75
2026-02-01,Paid Social,Paid - Retargeting,36.46,3107,81
2026-02-02,Paid Social,Paid - Retargeting,50.63,7259,126
2026-02-03,Paid Social,Paid - Retargeting,50.63,6148,123
2026-02-04,Paid Social,Paid - Retargeting,50.63,5894,130
2026-02-05,Paid Social,Paid - Retargeting,50.63,8390,124
2026-02-06,Paid Social,Paid - Retargeting,50.63,5156,112
2026-02-07,Paid Social,Paid - Retargeting,36.46,4156,88
2026-02-08,Paid Social,Paid - Retargeting,36.46,4756,81
2026-02-09,Paid Social,Paid - Retargeting,50.63,8178,112
2026-02-10,Paid Social,Paid - Retargeting,50.63,7585,129
2026-02-11,Paid Social,Paid - Retargeting,50.63,7089,122
2026-02-12,Paid Social,Paid - Retargeting,50.63,5008,111
2026-02-13,Paid Social,Paid - Retargeting,50.63,5163,109
2026-02-14,Paid Social,Paid - Retargeting,36.46,6716,92
2026-02-15,Paid Social,Paid - Retargeting,36.46,5029,85
2026-02-16,Paid Social,Paid - Retargeting,50.63,7215,124
2026-02-17,Paid Social,Paid - Retargeting,50.63,7794,113
2026-02-18,Paid Social,Paid - Retargeting,50.63,4112,120
2026-02-19,Paid Social,Paid - Retargeting,50.63,6482,128
2026-02-20,Paid Social,Paid - Retargeting,50.63,6249,114
2026-02-21,Paid Social,Paid - Retargeting,36.46,2682,85
2026-02-22,Paid Social,Paid - Retargeting,36.46,5573,88
2026-02-23,Paid Social,Paid - Retargeting,50.63,5660,114
2026-02-24,Paid Social,Paid - Retargeting,50.63,6884,111
2026-02-25,Paid Social,Paid - Retargeting,50.63,4053,117
2026-02-26,Paid Social,Paid - Retargeting,50.63,7478,120
2026-02-27,Paid Social,Paid - Retargeting,50.63,8079,123
2026-02-28,Paid Social,Paid - Retargeting,36.46,2530,88
2026-02-01,Paid Social,Paid - Creator,51.91,8904,128
2026-02-02,Paid Social,Paid - Creator,72.09,6544,161
2026-02-03,Paid Social,Paid - Creator,72.09,7848,185
2026-02-04,Paid Social,Paid - Creator,72.09,5205,167
2026-02-05,Paid Social,Paid - Creator,72.09,9354,160
2026-02-06,Paid Social,Paid - Creator,72.09,8450,160
2026-02-07,Paid Social,Paid - Creator,51.91,7590,111
2026-02-08,Paid Social,Paid - Creator,51.91,3621,115
2026-02-09,Paid Social,Paid - Creator,72.09,5151,174
2026-02-10,Paid Social,Paid - Creator,72.09,7475,160
2026-02-11,Paid Social,Paid - Creator,72.09,4923,156
2026-02-12,Paid Social,Paid - Creator,72.09,10118,159
2026-02-13,Paid Social,Paid - Creator,72.09,6886,158
2026-02-14,Paid Social,Paid - Creator,51.91,8104,125
2026-02-15,Paid Social,Paid - Creator,51.91,8451,116
2026-02-16,Paid Social,Paid - Creator,72.09,7334,166
2026-02-17,Paid Social,Paid - Creator,72.09,6738,158
2026-02-18,Paid Social,Paid - Creator,72.09,5426,179
2026-02-19,Paid Social,Paid - Creator,72.09,9386,164
2026-02-20,Paid Social,Paid - Creator,72.09,4735,154
2026-02-21,Paid Social,Paid - Creator,51.91,8685,134
2026-02-22,Paid Social,Paid - Creator,51.91,4038,127
2026-02-23,Paid Social,Paid - Creator,72.09,5375,162
2026-02-24,Paid Social,Paid - Creator,72.09,9442,158
2026-02-25,Paid Social,Paid - Creator,72.09,8629,165
2026-02-26,Paid Social,Paid - Creator,72.09,13480,186
2026-02-27,Paid Social,Paid - Creator,72.09,10117,180
2026-02-28,Paid Social,Paid - Creator,51.91,5588,114
2026-02-01,Affiliate,Affiliate - Cashback,7.38,632,9
2026-02-02,Affiliate,Affiliate - Cashback,10.26,601,13
2026-02-03,Affiliate,Affiliate - Cashback,10.26,501,15
2026-02-04,Affiliate,Affiliate - Cashback,10.26,437,14
2026-02-05,Affiliate,Affiliate - Cashback,10.26,860,14
2026-02-06,Affiliate,Affiliate - Cashback,10.26,1100,15
2026-02-07,Affiliate,Affiliate - Cashback,7.38,341,9
2026-02-08,Affiliate,Affiliate - Cashback,7.38,398,10
2026-02-09,Affiliate,Affiliate - Cashback,10.26,980,14
2026-02-10,Affiliate,Affiliate - Cashback,10.26,772,16
2026-02-11,Affiliate,Affiliate - Cashback,10.26,1119,16
2026-02-12,Affiliate,Affiliate - Cashback,10.26,976,15
2026-02-13,Affiliate,Affiliate - Cashback,10.26,405,14
2026-02-14,Affiliate,Affiliate - Cashback,7.38,483,11
2026-02-15,Affiliate,Affiliate - Cashback,7.38,638,10
2026-02-16,Affiliate,Affiliate - Cashback,10.26,768,15
2026-02-17,Affiliate,Affiliate - Cashback,10.26,1002,16
2026-02-18,Affiliate,Affiliate - Cashback,10.26,748,14
2026-02-19,Affiliate,Affiliate - Cashback,10.26,806,15
2026-02-20,Affiliate,Affiliate - Cashback,10.26,962,15
2026-02-21,Affiliate,Affiliate - Cashback,7.38,580,11
2026-02-22,Affiliate,Affiliate - Cashback,7.38,489,10
2026-02-23,Affiliate,Affiliate - Cashback,10.26,402,13
2026-02-24,Affiliate,Affiliate - Cashback,10.26,655,14
2026-02-25,Affiliate,Affiliate - Cashback,10.26,503,16
2026-02-26,Affiliate,Affiliate - Cashback,10.26,937,13
2026-02-27,Affiliate,Affiliate - Cashback,10.26,874,14
2026-02-28,Affiliate,Affiliate - Cashback,7.38,786,11
2026-02-01,Affiliate,Affiliate - Content,4.71,276,7
2026-02-02,Affiliate,Affiliate - Content,6.54,511,9
2026-02-03,Affiliate,Affiliate - Content,6.54,276,9
2026-02-04,Affiliate,Affiliate - Content,6.54,650,9
2026-02-05,Affiliate,Affiliate - Content,6.54,413,10
2026-02-06,Affiliate,Affiliate - Content,6.54,295,10
2026-02-07,Affiliate,Affiliate - Content,4.71,387,6
2026-02-08,Affiliate,Affiliate - Content,4.71,414,6
2026-02-09,Affiliate,Affiliate - Content,6.54,612,9
2026-02-10,Affiliate,Affiliate - Content,6.54,484,9
2026-02-11,Affiliate,Affiliate - Content,6.54,395,8
2026-02-12,Affiliate,Affiliate - Content,6.54,364,9
2026-02-13,Affiliate,Affiliate - Content,6.54,386,9
2026-02-14,Affiliate,Affiliate - Content,4.71,190,6
2026-02-15,Affiliate,Affiliate - Content,4.71,416,6
2026-02-16,Affiliate,Affiliate - Content,6.54,357,9
2026-02-17,Affiliate,Affiliate - Content,6.54,565,9
2026-02-18,Affiliate,Affiliate - Content,6.54,311,9
2026-02-19,Affiliate,Affiliate - Content,6.54,650,10
2026-02-20,Affiliate,Affiliate - Content,6.54,288,8
2026-02-21,Affiliate,Affiliate - Content,4.71,430,6
2026-02-22,Affiliate,Affiliate - Content,4.71,431,7
2026-02-23,Affiliate,Affiliate - Content,6.54,450,10
2026-02-24,Affiliate,Affiliate - Content,6.54,545,9
2026-02-25,Affiliate,Affiliate - Content,6.54,311,9
2026-02-26,Affiliate,Affiliate - Content,6.54,308,8
2026-02-27,Affiliate,Affiliate - Content,6.54,290,8
2026-02-28,Affiliate,Affiliate - Content,4.71,168,6
2026-02-01,Affiliate,Affiliate - Voucher,3.69,330,5
2026-02-02,Affiliate,Affiliate - Voucher,5.13,430,7
2026-02-03,Affiliate,Affiliate - Voucher,5.13,404,7
2026-02-04,Affiliate,Affiliate - Voucher,5.13,225,8
2026-02-05,Affiliate,Affiliate - Voucher,5.13,276,7
2026-02-06,Affiliate,Affiliate - Voucher,5.13,298,7
2026-02-07,Affiliate,Affiliate - Voucher,3.69,275,5
2026-02-08,Affiliate,Affiliate - Voucher,3.69,234,5
2026-02-09,Affiliate,Affiliate - Voucher,5.13,476,7
2026-02-10,Affiliate,Affiliate - Voucher,5.13,245,7
2026-02-11,Affiliate,Affiliate - Voucher,5.13,442,7
2026-02-12,Affiliate,Affiliate - Voucher,5.13,379,7
2026-02-13,Affiliate,Affiliate - Voucher,5.13,448,7
2026-02-14,Affiliate,Affiliate - Voucher,3.69,209,4
2026-02-15,Affiliate,Affiliate - Voucher,3.69,216,5
2026-02-16,Affiliate,Affiliate - Voucher,5.13,326,7
2026-02-17,Affiliate,Affiliate - Voucher,5.13,322,7
2026-02-18,Affiliate,Affiliate - Voucher,5.13,243,7
2026-02-19,Affiliate,Affiliate - Voucher,5.13,308,6
2026-02-20,Affiliate,Affiliate - Voucher,5.13,323,7
2026-02-21,Affiliate,Affiliate - Voucher,3.69,269,5
2026-02-22,Affiliate,Affiliate - Voucher,3.69,183,5
2026-02-23,Affiliate,Affiliate - Voucher,5.13,260,8
2026-02-24,Affiliate,Affiliate - Voucher,5.13,515,8
2026-02-25,Affiliate,Affiliate - Voucher,5.13,474,7
2026-02-26,Affiliate,Affiliate - Voucher,5.13,479,7
2026-02-27,Affiliate,Affiliate - Voucher,5.13,370,7
2026-02-28,Affiliate,Affiliate - Voucher,3.69,183,5
2026-02-01,Email & CRM,Email - Lifecycle,2.20,1358,19
2026-02-02,Email & CRM,Email - Lifecycle,3.06,958,24
2026-02-03,Email & CRM,Email - Lifecycle,3.06,880,23
2026-02-04,Email & CRM,Email - Lifecycle,3.06,1369,27
2026-02-05,Email & CRM,Email - Lifecycle,3.06,1047,25
2026-02-06,Email & CRM,Email - Lifecycle,3.06,920,23
2026-02-07,Email & CRM,Email - Lifecycle,2.20,1025,18
2026-02-08,Email & CRM,Email - Lifecycle,2.20,1109,18
2026-02-09,Email & CRM,Email - Lifecycle,3.06,1228,27
2026-02-10,Email & CRM,Email - Lifecycle,3.06,1097,26
2026-02-11,Email & CRM,Email - Lifecycle,3.06,734,24
2026-02-12,Email & CRM,Email - Lifecycle,3.06,1001,23
2026-02-13,Email & CRM,Email - Lifecycle,3.06,1237,27
2026-02-14,Email & CRM,Email - Lifecycle,2.20,735,17
2026-02-15,Email & CRM,Email - Lifecycle,2.20,1005,18
2026-02-16,Email & CRM,Email - Lifecycle,3.06,1002,25
2026-02-17,Email & CRM,Email - Lifecycle,3.06,875,23
2026-02-18,Email & CRM,Email - Lifecycle,3.06,1744,26
2026-02-19,Email & CRM,Email - Lifecycle,3.06,826,26
2026-02-20,Email & CRM,Email - Lifecycle,3.06,1219,25
2026-02-21,Email & CRM,Email - Lifecycle,2.20,726,17
2026-02-22,Email & CRM,Email - Lifecycle,2.20,764,16
2026-02-23,Email & CRM,Email - Lifecycle,3.06,860,23
2026-02-24,Email & CRM,Email - Lifecycle,3.06,1683,27
2026-02-25,Email & CRM,Email - Lifecycle,3.06,829,24
2026-02-26,Email & CRM,Email - Lifecycle,3.06,971,25
2026-02-27,Email & CRM,Email - Lifecycle,3.06,1230,27
2026-02-28,Email & CRM,Email - Lifecycle,2.20,704,17
2026-02-01,Email & CRM,Email - Winback,2.84,1034,24
2026-02-02,Email & CRM,Email - Winback,3.95,2003,31
2026-02-03,Email & CRM,Email - Winback,3.95,1630,33
2026-02-04,Email & CRM,Email - Winback,3.95,1952,32
2026-02-05,Email & CRM,Email - Winback,3.95,1032,33
2026-02-06,Email & CRM,Email - Winback,3.95,1688,32
2026-02-07,Email & CRM,Email - Winback,2.84,851,25
2026-02-08,Email & CRM,Email - Winback,2.84,692,22
2026-02-09,Email & CRM,Email - Winback,3.95,2154,32
2026-02-10,Email & CRM,Email - Winback,3.95,1559,30
2026-02-11,Email & CRM,Email - Winback,3.95,1399,30
2026-02-12,Email & CRM,Email - Winback,3.95,1592,30
2026-02-13,Email & CRM,Email - Winback,3.95,1535,32
2026-02-14,Email & CRM,Email - Winback,2.84,1699,23
2026-02-15,Email & CRM,Email - Winback,2.84,1350,24
2026-02-16,Email & CRM,Email - Winback,3.95,1209,31
2026-02-17,Email & CRM,Email - Winback,3.95,1647,32
2026-02-18,Email & CRM,Email - Winback,3.95,1925,32
2026-02-19,Email & CRM,Email - Winback,3.95,1347,35
2026-02-20,Email & CRM,Email - Winback,3.95,1743,31
2026-02-21,Email & CRM,Email - Winback,2.84,712,25
2026-02-22,Email & CRM,Email - Winback,2.84,707,23
2026-02-23,Email & CRM,Email - Winback,3.95,1842,31
2026-02-24,Email & CRM,Email - Winback,3.95,874,30
2026-02-25,Email & CRM,Email - Winback,3.95,1034,32
2026-02-26,Email & CRM,Email - Winback,3.95,2110,33
2026-02-27,Email & CRM,Email - Winback,3.95,1250,33
2026-02-28,Email & CRM,Email - Winback,2.84,1201,23
2026-02-01,Marketplace,Marketplace - Sponsored Listings,18.72,1642,30
2026-02-02,Marketplace,Marketplace - Sponsored Listings,26.00,2036,49
2026-02-03,Marketplace,Marketplace - Sponsored Listings,26.00,2585,47
2026-02-04,Marketplace,Marketplace - Sponsored Listings,26.00,2225,51
2026-02-05,Marketplace,Marketplace - Sponsored Listings,26.00,2443,49
2026-02-06,Marketplace,Marketplace - Sponsored Listings,26.00,2577,49
2026-02-07,Marketplace,Marketplace - Sponsored Listings,18.72,1058,33
2026-02-08,Marketplace,Marketplace - Sponsored Listings,18.72,1782,32
2026-02-09,Marketplace,Marketplace - Sponsored Listings,26.00,2560,49
2026-02-10,Marketplace,Marketplace - Sponsored Listings,26.00,2236,51
2026-02-11,Marketplace,Marketplace - Sponsored Listings,26.00,2536,42
2026-02-12,Marketplace,Marketplace - Sponsored Listings,26.00,2975,44
2026-02-13,Marketplace,Marketplace - Sponsored Listings,26.00,1742,42
2026-02-14,Marketplace,Marketplace - Sponsored Listings,18.72,1031,35
2026-02-15,Marketplace,Marketplace - Sponsored Listings,18.72,1061,33
2026-02-16,Marketplace,Marketplace - Sponsored Listings,26.00,3285,50
2026-02-17,Marketplace,Marketplace - Sponsored Listings,26.00,3083,47
2026-02-18,Marketplace,Marketplace - Sponsored Listings,26.00,3237,47
2026-02-19,Marketplace,Marketplace - Sponsored Listings,26.00,2597,45
2026-02-20,Marketplace,Marketplace - Sponsored Listings,26.00,1733,51
2026-02-21,Marketplace,Marketplace - Sponsored Listings,18.72,1539,35
2026-02-22,Marketplace,Marketplace - Sponsored Listings,18.72,1621,33
2026-02-23,Marketplace,Marketplace - Sponsored Listings,26.00,3007,45
2026-02-24,Marketplace,Marketplace - Sponsored Listings,26.00,3424,48
2026-02-25,Marketplace,Marketplace - Sponsored Listings,26.00,2779,46
2026-02-26,Marketplace,Marketplace - Sponsored Listings,26.00,1353,42
2026-02-27,Marketplace,Marketplace - Sponsored Listings,26.00,1822,47
2026-02-28,Marketplace,Marketplace - Sponsored Listings,18.72,1184,34
2026-03-01,Organic Search,Organic - SEO Content,5.66,4040,112
2026-03-02,Organic Search,Organic - SEO Content,7.86,5420,166
2026-03-03,Organic Search,Organic - SEO Content,7.86,11857,172
2026-03-04,Organic Search,Organic - SEO Content,7.86,10904,157
2026-03-05,Organic Search,Organic - SEO Content,7.86,6167,143
2026-03-06,Organic Search,Organic - SEO Content,7.86,6800,151
2026-03-07,Organic Search,Organic - SEO Content,5.66,6282,120
2026-03-08,Organic Search,Organic - SEO Content,5.66,5632,112
2026-03-09,Organic Search,Organic - SEO Content,7.86,7414,153
2026-03-10,Organic Search,Organic - SEO Content,7.86,7397,168
2026-03-11,Organic Search,Organic - SEO Content,7.86,8035,171
2026-03-12,Organic Search,Organic - SEO Content,7.86,5722,150
2026-03-13,Organic Search,Organic - SEO Content,7.86,8365,147
2026-03-14,Organic Search,Organic - SEO Content,5.66,3262,104
2026-03-15,Organic Search,Organic - SEO Content,5.66,6788,101
2026-03-16,Organic Search,Organic - SEO Content,7.86,10545,154
2026-03-17,Organic Search,Organic - SEO Content,7.86,5748,152
2026-03-18,Organic Search,Organic - SEO Content,7.86,6260,169
2026-03-19,Organic Search,Organic - SEO Content,7.86,4088,146
2026-03-20,Organic Search,Organic - SEO Content,7.86,9954,144
2026-03-21,Organic Search,Organic - SEO Content,5.66,3225,109
2026-03-22,Organic Search,Organic - SEO Content,5.66,5830,121
2026-03-23,Organic Search,Organic - SEO Content,7.86,8270,163
2026-03-24,Organic Search,Organic - SEO Content,7.86,8859,166
2026-03-25,Organic Search,Organic - SEO Content,7.86,8845,167
2026-03-26,Organic Search,Organic - SEO Content,7.86,6787,165
2026-03-27,Organic Search,Organic - SEO Content,7.86,10338,156
2026-03-28,Organic Search,Organic - SEO Content,5.66,5332,115
2026-03-29,Organic Search,Organic - SEO Content,5.66,7734,105
2026-03-30,Organic Search,Organic - SEO Content,7.86,12050,168
2026-03-31,Organic Search,Organic - SEO Content,7.86,8753,141
2026-03-01,Paid Search,Paid - Brand,23.40,873,23
2026-03-02,Paid Search,Paid - Brand,32.50,1101,31
2026-03-03,Paid Search,Paid - Brand,32.50,2108,34
2026-03-04,Paid Search,Paid - Brand,32.50,1885,33
2026-03-05,Paid Search,Paid - Brand,32.50,1180,36
2026-03-06,Paid Search,Paid - Brand,32.50,1811,35
2026-03-07,Paid Search,Paid - Brand,23.40,1400,24
2026-03-08,Paid Search,Paid - Brand,23.40,1762,26
2026-03-09,Paid Search,Paid - Brand,32.50,2324,35
2026-03-10,Paid Search,Paid - Brand,32.50,1491,30
2026-03-11,Paid Search,Paid - Brand,32.50,2426,36
2026-03-12,Paid Search,Paid - Brand,32.50,1690,33
2026-03-13,Paid Search,Paid - Brand,32.50,2455,35
2026-03-14,Paid Search,Paid - Brand,23.40,643,22
2026-03-15,Paid Search,Paid - Brand,23.40,735,25
2026-03-16,Paid Search,Paid - Brand,32.50,1693,30
2026-03-17,Paid Search,Paid - Brand,32.50,1701,35
2026-03-18,Paid Search,Paid - Brand,32.50,1231,31
2026-03-19,Paid Search,Paid - Brand,32.50,1875,32
2026-03-20,Paid Search,Paid - Brand,32.50,1807,37
2026-03-21,Paid Search,Paid - Brand,23.40,1677,24
2026-03-22,Paid Search,Paid - Brand,23.40,1258,22
2026-03-23,Paid Search,Paid - Brand,32.50,1001,32
2026-03-24,Paid Search,Paid - Brand,32.50,1872,34
2026-03-25,Paid Search,Paid - Brand,32.50,1301,32
2026-03-26,Paid Search,Paid - Brand,32.50,2389,36
2026-03-27,Paid Search,Paid - Brand,32.50,1916,35
2026-03-28,Paid Search,Paid - Brand,23.40,1059,24
2026-03-29,Paid Search,Paid - Brand,23.40,1788,26
2026-03-30,Paid Search,Paid - Brand,32.50,1758,35
2026-03-31,Paid Search,Paid - Brand,32.50,2100,36
2026-03-01,Paid Search,Paid - Generic,28.63,837,29
2026-03-02,Paid Search,Paid - Generic,39.76,1755,42
2026-03-03,Paid Search,Paid - Generic,39.76,2815,39
2026-03-04,Paid Search,Paid - Generic,39.76,2265,43
2026-03-05,Paid Search,Paid - Generic,39.76,1370,41
2026-03-06,Paid Search,Paid - Generic,39.76,1710,40
2026-03-07,Paid Search,Paid - Generic,28.63,1930,29
2026-03-08,Paid Search,Paid - Generic,28.63,1248,30
2026-03-09,Paid Search,Paid - Generic,39.76,2001,40
2026-03-10,Paid Search,Paid - Generic,39.76,2340,45
2026-03-11,Paid Search,Paid - Generic,39.76,1362,41
2026-03-12,Paid Search,Paid - Generic,39.76,3030,42
2026-03-13,Paid Search,Paid - Generic,39.76,1127,40
2026-03-14,Paid Search,Paid - Generic,28.63,1941,29
2026-03-15,Paid Search,Paid - Generic,28.63,1870,29
2026-03-16,Paid Search,Paid - Generic,39.76,1701,45
2026-03-17,Paid Search,Paid - Generic,39.76,2748,42
2026-03-18,Paid Search,Paid - Generic,39.76,1547,39
2026-03-19,Paid Search,Paid - Generic,39.76,1360,40
2026-03-20,Paid Search,Paid - Generic,39.76,3072,42
2026-03-21,Paid Search,Paid - Generic,28.63,1282,27
2026-03-22,Paid Search,Paid - Generic,28.63,1223,29
2026-03-23,Paid Search,Paid - Generic,39.76,2817,44
2026-03-24,Paid Search,Paid - Generic,39.76,2759,45
2026-03-25,Paid Search,Paid - Generic,39.76,2903,42
2026-03-26,Paid Search,Paid - Generic,39.76,2689,44
2026-03-27,Paid Search,Paid - Generic,39.76,2612,44
2026-03-28,Paid Search,Paid - Generic,28.63,1893,30
2026-03-29,Paid Search,Paid - Generic,28.63,1154,30
2026-03-30,Paid Search,Paid - Generic,39.76,3012,42
2026-03-31,Paid Search,Paid - Generic,39.76,1698,43
2026-03-01,Paid Search,Paid - Shopping,20.72,815,22
2026-03-02,Paid Search,Paid - Shopping,28.78,1784,32
2026-03-03,Paid Search,Paid - Shopping,28.78,1115,31
2026-03-04,Paid Search,Paid - Shopping,28.78,2066,28
2026-03-05,Paid Search,Paid - Shopping,28.78,1469,30
2026-03-06,Paid Search,Paid - Shopping,28.78,1981,32
2026-03-07,Paid Search,Paid - Shopping,20.72,1130,20
2026-03-08,Paid Search,Paid - Shopping,20.72,1698,23
2026-03-09,Paid Search,Paid - Shopping,28.78,1327,28
2026-03-10,Paid Search,Paid - Shopping,28.78,2172,30
2026-03-11,Paid Search,Paid - Shopping,28.78,1492,32
2026-03-12,Paid Search,Paid - Shopping,28.78,1617,31
2026-03-13,Paid Search,Paid - Shopping,28.78,1272,30
2026-03-14,Paid Search,Paid - Shopping,20.72,1534,23
2026-03-15,Paid Search,Paid - Shopping,20.72,994,23
2026-03-16,Paid Search,Paid - Shopping,28.78,1075,29
2026-03-17,Paid Search,Paid - Shopping,28.78,2070,33
2026-03-18,Paid Search,Paid - Shopping,28.78,1404,31
2026-03-19,Paid Search,Paid - Shopping,28.78,1305,31
2026-03-20,Paid Search,Paid - Shopping,28.78,2241,32
2026-03-21,Paid Search,Paid - Shopping,20.72,1178,20
2026-03-22,Paid Search,Paid - Shopping,20.72,1076,22
2026-03-23,Paid Search,Paid - Shopping,28.78,1334,27
2026-03-24,Paid Search,Paid - Shopping,28.78,1231,29
2026-03-25,Paid Search,Paid - Shopping,28.78,1958,28
2026-03-26,Paid Search,Paid - Shopping,28.78,1880,30
2026-03-27,Paid Search,Paid - Shopping,28.78,1071,30
2026-03-28,Paid Search,Paid - Shopping,20.72,1135,21
2026-03-29,Paid Search,Paid - Shopping,20.72,1546,23
2026-03-30,Paid Search,Paid - Shopping,28.78,1672,32
2026-03-31,Paid Search,Paid - Shopping,28.78,1221,28
2026-03-01,Paid Social,Paid - Prospecting,45.86,4198,105
2026-03-02,Paid Social,Paid - Prospecting,63.70,5949,160
2026-03-03,Paid Social,Paid - Prospecting,63.70,4711,159
2026-03-04,Paid Social,Paid - Prospecting,63.70,7223,153
2026-03-05,Paid Social,Paid - Prospecting,63.70,10846,151
2026-03-06,Paid Social,Paid - Prospecting,63.70,9419,144
2026-03-07,Paid Social,Paid - Prospecting,45.86,5385,102
2026-03-08,Paid Social,Paid - Prospecting,45.86,5105,103
2026-03-09,Paid Social,Paid - Prospecting,63.70,4157,140
2026-03-10,Paid Social,Paid - Prospecting,63.70,4667,142
2026-03-11,Paid Social,Paid - Prospecting,63.70,7454,164
2026-03-12,Paid Social,Paid - Prospecting,63.70,6786,138
2026-03-13,Paid Social,Paid - Prospecting,63.70,6045,142
2026-03-14,Paid Social,Paid - Prospecting,45.86,3873,107
2026-03-15,Paid Social,Paid - Prospecting,45.86,7473,118
2026-03-16,Paid Social,Paid - Prospecting,63.70,5116,137
2026-03-17,Paid Social,Paid - Prospecting,63.70,6235,153
2026-03-18,Paid Social,Paid - Prospecting,63.70,4410,153
2026-03-19,Paid Social,Paid - Prospecting,63.70,4555,152
2026-03-20,Paid Social,Paid - Prospecting,63.70,5397,162
2026-03-21,Paid Social,Paid - Prospecting,45.86,3282,107
2026-03-22,Paid Social,Paid - Prospecting,45.86,8247,114
2026-03-23,Paid Social,Paid - Prospecting,63.70,8460,161
2026-03-24,Paid Social,Paid - Prospecting,63.70,4324,152
2026-03-25,Paid Social,Paid - Prospecting,63.70,10086,165
2026-03-26,Paid Social,Paid - Prospecting,63.70,5652,159
2026-03-27,Paid Social,Paid - Prospecting,63.70,5732,163
2026-03-28,Paid Social,Paid - Prospecting,45.86,5223,106
2026-03-29,Paid Social,Paid - Prospecting,45.86,7945,112
2026-03-30,Paid Social,Paid - Prospecting,63.70,9496,141
2026-03-31,Paid Social,Paid - Prospecting,63.70,7420,164
2026-03-01,Paid Social,Paid - Retargeting,39.80,2422,86
2026-03-02,Paid Social,Paid - Retargeting,55.28,5252,144
2026-03-03,Paid Social,Paid - Retargeting,55.28,4665,133
2026-03-04,Paid Social,Paid - Retargeting,55.28,7778,127
2026-03-05,Paid Social,Paid - Retargeting,55.28,9992,137
2026-03-06,Paid Social,Paid - Retargeting,55.28,6701,125
2026-03-07,Paid Social,Paid - Retargeting,39.80,5141,94
2026-03-08,Paid Social,Paid - Retargeting,39.80,2915,101
2026-03-09,Paid Social,Paid - Retargeting,55.28,8061,136
2026-03-10,Paid Social,Paid - Retargeting,55.28,6596,128
2026-03-11,Paid Social,Paid - Retargeting,55.28,5257,143
2026-03-12,Paid Social,Paid - Retargeting,55.28,9080,129
2026-03-13,Paid Social,Paid - Retargeting,55.28,8086,137
2026-03-14,Paid Social,Paid - Retargeting,39.80,4916,103
2026-03-15,Paid Social,Paid - Retargeting,39.80,6423,89
2026-03-16,Paid Social,Paid - Retargeting,55.28,7026,120
2026-03-17,Paid Social,Paid - Retargeting,55.28,8505,137
2026-03-18,Paid Social,Paid - Retargeting,55.28,7882,127
2026-03-19,Paid Social,Paid - Retargeting,55.28,6104,128
2026-03-20,Paid Social,Paid - Retargeting,55.28,6346,127
2026-03-21,Paid Social,Paid - Retargeting,39.80,5970,98
2026-03-22,Paid Social,Paid - Retargeting,39.80,5518,101
2026-03-23,Paid Social,Paid - Retargeting,55.28,7088,141
2026-03-24,Paid Social,Paid - Retargeting,55.28,7108,137
2026-03-25,Paid Social,Paid - Retargeting,55.28,7289,133
2026-03-26,Paid Social,Paid - Retargeting,55.28,6855,143
2026-03-27,Paid Social,Paid - Retargeting,55.28,8789,144
2026-03-28,Paid Social,Paid - Retargeting,39.80,3349,100
2026-03-29,Paid Social,Paid - Retargeting,39.80,4047,104
2026-03-30,Paid Social,Paid - Retargeting,55.28,9059,137
2026-03-31,Paid Social,Paid - Retargeting,55.28,5017,143
2026-03-01,Paid Social,Paid - Creator,32.80,5208,72
2026-03-02,Paid Social,Paid - Creator,45.55,5323,117
2026-03-03,Paid Social,Paid - Creator,45.55,7576,119
2026-03-04,Paid Social,Paid - Creator,45.55,5991,114
2026-03-05,Paid Social,Paid - Creator,45.55,5614,106
2026-03-06,Paid Social,Paid - Creator,45.55,6232,119
2026-03-07,Paid Social,Paid - Creator,32.80,6058,85
2026-03-08,Paid Social,Paid - Creator,32.80,2557,76
2026-03-09,Paid Social,Paid - Creator,45.55,7227,118
2026-03-10,Paid Social,Paid - Creator,45.55,3158,99
2026-03-11,Paid Social,Paid - Creator,45.55,7216,103
2026-03-12,Paid Social,Paid - Creator,45.55,6649,102
2026-03-13,Paid Social,Paid - Creator,45.55,4308,101
2026-03-14,Paid Social,Paid - Creator,32.80,2868,81
2026-03-15,Paid Social,Paid - Creator,32.80,5297,74
2026-03-16,Paid Social,Paid - Creator,45.55,5432,116
2026-03-17,Paid Social,Paid - Creator,45.55,6571,104
2026-03-18,Paid Social,Paid - Creator,45.55,4911,98
2026-03-19,Paid Social,Paid - Creator,45.55,5100,100
2026-03-20,Paid Social,Paid - Creator,45.55,6981,106
2026-03-21,Paid Social,Paid - Creator,32.80,3248,73
2026-03-22,Paid Social,Paid - Creator,32.80,3556,78
2026-03-23,Paid Social,Paid - Creator,45.55,4144,106
2026-03-24,Paid Social,Paid - Creator,45.55,7151,102
2026-03-25,Paid Social,Paid - Creator,45.55,7566,104
2026-03-26,Paid Social,Paid - Creator,45.55,5306,104
2026-03-27,Paid Social,Paid - Creator,45.55,7414,113
2026-03-28,Paid Social,Paid - Creator,32.80,2469,71
2026-03-29,Paid Social,Paid - Creator,32.80,5683,79
2026-03-30,Paid Social,Paid - Creator,45.55,7140,109
2026-03-31,Paid Social,Paid - Creator,45.55,4694,113
2026-03-01,Affiliate,Affiliate - Cashback,8.09,336,12
2026-03-02,Affiliate,Affiliate - Cashback,11.24,876,17
2026-03-03,Affiliate,Affiliate - Cashback,11.24,1087,16
2026-03-04,Affiliate,Affiliate - Cashback,11.24,840,17
2026-03-05,Affiliate,Affiliate - Cashback,11.24,1206,17
2026-03-06,Affiliate,Affiliate - Cashback,11.24,669,15
2026-03-07,Affiliate,Affiliate - Cashback,8.09,663,12
2026-03-08,Affiliate,Affiliate - Cashback,8.09,800,11
2026-03-09,Affiliate,Affiliate - Cashback,11.24,1175,17
2026-03-10,Affiliate,Affiliate - Cashback,11.24,1076,17
2026-03-11,Affiliate,Affiliate - Cashback,11.24,1193,17
2026-03-12,Affiliate,Affiliate - Cashback,11.24,1167,16
2026-03-13,Affiliate,Affiliate - Cashback,11.24,491,15
2026-03-14,Affiliate,Affiliate - Cashback,8.09,745,11
2026-03-15,Affiliate,Affiliate - Cashback,8.09,353,10
2026-03-16,Affiliate,Affiliate - Cashback,11.24,482,15
2026-03-17,Affiliate,Affiliate - Cashback,11.24,534,18
2026-03-18,Affiliate,Affiliate - Cashback,11.24,1119,17
2026-03-19,Affiliate,Affiliate - Cashback,11.24,1050,17
2026-03-20,Affiliate,Affiliate - Cashback,11.24,462,14
2026-03-21,Affiliate,Affiliate - Cashback,8.09,792,12
2026-03-22,Affiliate,Affiliate - Cashback,8.09,342,12
2026-03-23,Affiliate,Affiliate - Cashback,11.24,483,16
2026-03-24,Affiliate,Affiliate - Cashback,11.24,927,15
2026-03-25,Affiliate,Affiliate - Cashback,11.24,1159,16
2026-03-26,Affiliate,Affiliate - Cashback,11.24,586,17
2026-03-27,Affiliate,Affiliate - Cashback,11.24,642,18
2026-03-28,Affiliate,Affiliate - Cashback,8.09,508,12
2026-03-29,Affiliate,Affiliate - Cashback,8.09,648,12
2026-03-30,Affiliate,Affiliate - Cashback,11.24,502,16
2026-03-31,Affiliate,Affiliate - Cashback,11.24,991,17
2026-03-01,Affiliate,Affiliate - Content,5.38,211,7
2026-03-02,Affiliate,Affiliate - Content,7.48,445,11
2026-03-03,Affiliate,Affiliate - Content,7.48,414,10
2026-03-04,Affiliate,Affiliate - Content,7.48,584,11
2026-03-05,Affiliate,Affiliate - Content,7.48,497,10
2026-03-06,Affiliate,Affiliate - Content,7.48,586,10
2026-03-07,Affiliate,Affiliate - Content,5.38,356,8
2026-03-08,Affiliate,Affiliate - Content,5.38,263,8
2026-03-09,Affiliate,Affiliate - Content,7.48,680,10
2026-03-10,Affiliate,Affiliate - Content,7.48,641,11
2026-03-11,Affiliate,Affiliate - Content,7.48,513,10
2026-03-12,Affiliate,Affiliate - Content,7.48,574,10
2026-03-13,Affiliate,Affiliate - Content,7.48,463,11
2026-03-14,Affiliate,Affiliate - Content,5.38,476,7
2026-03-15,Affiliate,Affiliate - Content,5.38,281,8
2026-03-16,Affiliate,Affiliate - Content,7.48,447,10
2026-03-17,Affiliate,Affiliate - Content,7.48,647,11
2026-03-18,Affiliate,Affiliate - Content,7.48,622,11
2026-03-19,Affiliate,Affiliate - Content,7.48,600,9
2026-03-20,Affiliate,Affiliate - Content,7.48,347,11
2026-03-21,Affiliate,Affiliate - Content,5.38,388,7
2026-03-22,Affiliate,Affiliate - Content,5.38,262,7
2026-03-23,Affiliate,Affiliate - Content,7.48,547,11
2026-03-24,Affiliate,Affiliate - Content,7.48,280,10
2026-03-25,Affiliate,Affiliate - Content,7.48,600,10
2026-03-26,Affiliate,Affiliate - Content,7.48,434,12
2026-03-27,Affiliate,Affiliate - Content,7.48,513,11
2026-03-28,Affiliate,Affiliate - Content,5.38,302,7
2026-03-29,Affiliate,Affiliate - Content,5.38,366,8
2026-03-30,Affiliate,Affiliate - Content,7.48,503,10
2026-03-31,Affiliate,Affiliate - Content,7.48,487,11
2026-03-01,Affiliate,Affiliate - Voucher,5.08,318,7
2026-03-02,Affiliate,Affiliate - Voucher,7.06,692,10
2026-03-03,Affiliate,Affiliate - Voucher,7.06,690,10
2026-03-04,Affiliate,Affiliate - Voucher,7.06,307,10
2026-03-05,Affiliate,Affiliate - Voucher,7.06,527,9
2026-03-06,Affiliate,Affiliate - Voucher,7.06,347,10
2026-03-07,Affiliate,Affiliate - Voucher,5.08,335,7
2026-03-08,Affiliate,Affiliate - Voucher,5.08,292,7
2026-03-09,Affiliate,Affiliate - Voucher,7.06,340,9
2026-03-10,Affiliate,Affiliate - Voucher,7.06,539,11
2026-03-11,Affiliate,Affiliate - Voucher,7.06,365,9
2026-03-12,Affiliate,Affiliate - Voucher,7.06,659,11
2026-03-13,Affiliate,Affiliate - Voucher,7.06,269,9
2026-03-14,Affiliate,Affiliate - Voucher,5.08,365,6
2026-03-15,Affiliate,Affiliate - Voucher,5.08,415,7
2026-03-16,Affiliate,Affiliate - Voucher,7.06,548,9
2026-03-17,Affiliate,Affiliate - Voucher,7.06,470,10
2026-03-18,Affiliate,Affiliate - Voucher,7.06,360,10
2026-03-19,Affiliate,Affiliate - Voucher,7.06,358,10
2026-03-20,Affiliate,Affiliate - Voucher,7.06,696,10
2026-03-21,Affiliate,Affiliate - Voucher,5.08,390,7
2026-03-22,Affiliate,Affiliate - Voucher,5.08,290,7
2026-03-23,Affiliate,Affiliate - Voucher,7.06,418,9
2026-03-24,Affiliate,Affiliate - Voucher,7.06,291,10
2026-03-25,Affiliate,Affiliate - Voucher,7.06,574,10
2026-03-26,Affiliate,Affiliate - Voucher,7.06,692,10
2026-03-27,Affiliate,Affiliate - Voucher,7.06,261,9
2026-03-28,Affiliate,Affiliate - Voucher,5.08,298,6
2026-03-29,Affiliate,Affiliate - Voucher,5.08,498,7
2026-03-30,Affiliate,Affiliate - Voucher,7.06,692,10
2026-03-31,Affiliate,Affiliate - Voucher,7.06,369,11
2026-03-01,Email & CRM,Email - Lifecycle,3.79,1585,32
2026-03-02,Email & CRM,Email - Lifecycle,5.26,2217,40
2026-03-03,Email & CRM,Email - Lifecycle,5.26,1826,46
2026-03-04,Email & CRM,Email - Lifecycle,5.26,2869,39
2026-03-05,Email & CRM,Email - Lifecycle,5.26,3278,46
2026-03-06,Email & CRM,Email - Lifecycle,5.26,1728,40
2026-03-07,Email & CRM,Email - Lifecycle,3.79,2080,34
2026-03-08,Email & CRM,Email - Lifecycle,3.79,1117,29
2026-03-09,Email & CRM,Email - Lifecycle,5.26,2103,42
2026-03-10,Email & CRM,Email - Lifecycle,5.26,1898,40
2026-03-11,Email & CRM,Email - Lifecycle,5.26,3021,41
2026-03-12,Email & CRM,Email - Lifecycle,5.26,1836,48
2026-03-13,Email & CRM,Email - Lifecycle,5.26,1917,43
2026-03-14,Email & CRM,Email - Lifecycle,3.79,1467,31
2026-03-15,Email & CRM,Email - Lifecycle,3.79,1265,33
2026-03-16,Email & CRM,Email - Lifecycle,5.26,3328,47
2026-03-17,Email & CRM,Email - Lifecycle,5.26,2236,46
2026-03-18,Email & CRM,Email - Lifecycle,5.26,3038,43
2026-03-19,Email & CRM,Email - Lifecycle,5.26,2633,43
2026-03-20,Email & CRM,Email - Lifecycle,5.26,2117,40
2026-03-21,Email & CRM,Email - Lifecycle,3.79,1753,31
2026-03-22,Email & CRM,Email - Lifecycle,3.79,1148,28
2026-03-23,Email & CRM,Email - Lifecycle,5.26,3342,47
2026-03-24,Email & CRM,Email - Lifecycle,5.26,2160,43
2026-03-25,Email & CRM,Email - Lifecycle,5.26,1439,44
2026-03-26,Email & CRM,Email - Lifecycle,5.26,2811,43
2026-03-27,Email & CRM,Email - Lifecycle,5.26,1995,47
2026-03-28,Email & CRM,Email - Lifecycle,3.79,1073,30
2026-03-29,Email & CRM,Email - Lifecycle,3.79,2105,30
2026-03-30,Email & CRM,Email - Lifecycle,5.26,2367,39
2026-03-31,Email & CRM,Email - Lifecycle,5.26,2289,47
2026-03-01,Email & CRM,Email - Winback,4.47,2561,35
2026-03-02,Email & CRM,Email - Winback,6.20,1933,47
2026-03-03,Email & CRM,Email - Winback,6.20,1784,51
2026-03-04,Email & CRM,Email - Winback,6.20,2338,48
2026-03-05,Email & CRM,Email - Winback,6.20,2785,50
2026-03-06,Email & CRM,Email - Winback,6.20,2764,52
2026-03-07,Email & CRM,Email - Winback,4.47,2677,40
2026-03-08,Email & CRM,Email - Winback,4.47,2674,38
2026-03-09,Email & CRM,Email - Winback,6.20,1537,54
2026-03-10,Email & CRM,Email - Winback,6.20,3701,53
2026-03-11,Email & CRM,Email - Winback,6.20,1380,49
2026-03-12,Email & CRM,Email - Winback,6.20,1940,48
2026-03-13,Email & CRM,Email - Winback,6.20,3320,53
2026-03-14,Email & CRM,Email - Winback,4.47,2600,39
2026-03-15,Email & CRM,Email - Winback,4.47,1474,33
2026-03-16,Email & CRM,Email - Winback,6.20,2788,49
2026-03-17,Email & CRM,Email - Winback,6.20,2086,47
2026-03-18,Email & CRM,Email - Winback,6.20,2751,48
2026-03-19,Email & CRM,Email - Winback,6.20,3243,47
2026-03-20,Email & CRM,Email - Winback,6.20,3010,48
2026-03-21,Email & CRM,Email - Winback,4.47,1671,35
2026-03-22,Email & CRM,Email - Winback,4.47,2148,35
2026-03-23,Email & CRM,Email - Winback,6.20,2047,54
2026-03-24,Email & CRM,Email - Winback,6.20,2745,50
2026-03-25,Email & CRM,Email - Winback,6.20,2600,54
2026-03-26,Email & CRM,Email - Winback,6.20,1683,47
2026-03-27,Email & CRM,Email - Winback,6.20,3151,51
2026-03-28,Email & CRM,Email - Winback,4.47,2341,37
2026-03-29,Email & CRM,Email - Winback,4.47,1856,34
2026-03-30,Email & CRM,Email - Winback,6.20,1810,55
2026-03-31,Email & CRM,Email - Winback,6.20,2483,48
2026-03-01,Marketplace,Marketplace - Sponsored Listings,28.87,1992,47
2026-03-02,Marketplace,Marketplace - Sponsored Listings,40.10,4435,73
2026-03-03,Marketplace,Marketplace - Sponsored Listings,40.10,3860,75
2026-03-04,Marketplace,Marketplace - Sponsored Listings,40.10,2869,75
2026-03-05,Marketplace,Marketplace - Sponsored Listings,40.10,4163,73
2026-03-06,Marketplace,Marketplace - Sponsored Listings,40.10,2493,75
2026-03-07,Marketplace,Marketplace - Sponsored Listings,28.87,3251,51
2026-03-08,Marketplace,Marketplace - Sponsored Listings,28.87,2704,52
2026-03-09,Marketplace,Marketplace - Sponsored Listings,40.10,4963,80
2026-03-10,Marketplace,Marketplace - Sponsored Listings,40.10,2802,65
2026-03-11,Marketplace,Marketplace - Sponsored Listings,40.10,5254,72
2026-03-12,Marketplace,Marketplace - Sponsored Listings,40.10,2371,71
2026-03-13,Marketplace,Marketplace - Sponsored Listings,40.10,3959,67
2026-03-14,Marketplace,Marketplace - Sponsored Listings,28.87,3484,56
2026-03-15,Marketplace,Marketplace - Sponsored Listings,28.87,2127,51
2026-03-16,Marketplace,Marketplace - Sponsored Listings,40.10,4876,71
2026-03-17,Marketplace,Marketplace - Sponsored Listings,40.10,5219,76
2026-03-18,Marketplace,Marketplace - Sponsored Listings,40.10,5144,76
2026-03-19,Marketplace,Marketplace - Sponsored Listings,40.10,3652,68
2026-03-20,Marketplace,Marketplace - Sponsored Listings,40.10,4513,73
2026-03-21,Marketplace,Marketplace - Sponsored Listings,28.87,3181,49
2026-03-22,Marketplace,Marketplace - Sponsored Listings,28.87,2197,53
2026-03-23,Marketplace,Marketplace - Sponsored Listings,40.10,2031,72
2026-03-24,Marketplace,Marketplace - Sponsored Listings,40.10,2113,66
2026-03-25,Marketplace,Marketplace - Sponsored Listings,40.10,2266,67
2026-03-26,Marketplace,Marketplace - Sponsored Listings,40.10,5293,75
2026-03-27,Marketplace,Marketplace - Sponsored Listings,40.10,4575,72
2026-03-28,Marketplace,Marketplace - Sponsored Listings,28.87,2367,50
2026-03-29,Marketplace,Marketplace - Sponsored Listings,28.87,3134,47
2026-03-30,Marketplace,Marketplace - Sponsored Listings,40.10,4483,77
2026-03-31,Marketplace,Marketplace - Sponsored Listings,40.10,4606,67
2026-04-01,Organic Search,Organic - SEO Content,6.67,8479,135
2026-04-02,Organic Search,Organic - SEO Content,6.67,5770,122
2026-04-03,Organic Search,Organic - SEO Content,6.67,4568,133
2026-04-04,Organic Search,Organic - SEO Content,4.80,5572,92
2026-04-05,Organic Search,Organic - SEO Content,4.80,3318,102
2026-04-06,Organic Search,Organic - SEO Content,6.67,9166,125
2026-04-07,Organic Search,Organic - SEO Content,6.67,6691,125
2026-04-08,Organic Search,Organic - SEO Content,6.67,7314,132
2026-04-09,Organic Search,Organic - SEO Content,6.67,5100,130
2026-04-10,Organic Search,Organic - SEO Content,6.67,7067,139
2026-04-11,Organic Search,Organic - SEO Content,4.80,4694,94
2026-04-12,Organic Search,Organic - SEO Content,4.80,5147,98
2026-04-13,Organic Search,Organic - SEO Content,6.67,4081,138
2026-04-14,Organic Search,Organic - SEO Content,6.67,3840,128
2026-04-15,Organic Search,Organic - SEO Content,6.67,9280,126
2026-04-16,Organic Search,Organic - SEO Content,6.67,7405,146
2026-04-17,Organic Search,Organic - SEO Content,6.67,8711,137
2026-04-18,Organic Search,Organic - SEO Content,4.80,6404,92
2026-04-19,Organic Search,Organic - SEO Content,4.80,3767,102
2026-04-20,Organic Search,Organic - SEO Content,6.67,7788,122
2026-04-21,Organic Search,Organic - SEO Content,6.67,7902,120
2026-04-22,Organic Search,Organic - SEO Content,6.67,7129,120
2026-04-23,Organic Search,Organic - SEO Content,6.67,5693,140
2026-04-24,Organic Search,Organic - SEO Content,6.67,7207,141
2026-04-25,Organic Search,Organic - SEO Content,4.80,3970,87
2026-04-26,Organic Search,Organic - SEO Content,4.80,6988,99
2026-04-27,Organic Search,Organic - SEO Content,6.67,4106,126
2026-04-28,Organic Search,Organic - SEO Content,6.67,10374,144
2026-04-29,Organic Search,Organic - SEO Content,6.67,5319,129
2026-04-30,Organic Search,Organic - SEO Content,6.67,4064,131
2026-04-01,Paid Search,Paid - Brand,30.04,1823,34
2026-04-02,Paid Search,Paid - Brand,30.04,1150,29
2026-04-03,Paid Search,Paid - Brand,30.04,1102,33
2026-04-04,Paid Search,Paid - Brand,21.63,853,21
2026-04-05,Paid Search,Paid - Brand,21.63,1473,22
2026-04-06,Paid Search,Paid - Brand,30.04,951,32
2026-04-07,Paid Search,Paid - Brand,30.04,1929,34
2026-04-08,Paid Search,Paid - Brand,30.04,1711,32
2026-04-09,Paid Search,Paid - Brand,30.04,1740,29
2026-04-10,Paid Search,Paid - Brand,30.04,1532,32
2026-04-11,Paid Search,Paid - Brand,21.63,1220,24
2026-04-12,Paid Search,Paid - Brand,21.63,1314,20
2026-04-13,Paid Search,Paid - Brand,30.04,2259,33
2026-04-14,Paid Search,Paid - Brand,30.04,1713,29
2026-04-15,Paid Search,Paid - Brand,30.04,1404,31
2026-04-16,Paid Search,Paid - Brand,30.04,2111,31
2026-04-17,Paid Search,Paid - Brand,30.04,943,28
2026-04-18,Paid Search,Paid - Brand,21.63,1193,20
2026-04-19,Paid Search,Paid - Brand,21.63,1044,21
2026-04-20,Paid Search,Paid - Brand,30.04,2099,33
2026-04-21,Paid Search,Paid - Brand,30.04,1037,32
2026-04-22,Paid Search,Paid - Brand,30.04,1478,32
2026-04-23,Paid Search,Paid - Brand,30.04,1354,30
2026-04-24,Paid Search,Paid - Brand,30.04,1061,29
2026-04-25,Paid Search,Paid - Brand,21.63,1261,22
2026-04-26,Paid Search,Paid - Brand,21.63,874,23
2026-04-27,Paid Search,Paid - Brand,30.04,2289,33
2026-04-28,Paid Search,Paid - Brand,30.04,1335,32
2026-04-29,Paid Search,Paid - Brand,30.04,1708,29
2026-04-30,Paid Search,Paid - Brand,30.04,1966,34
2026-04-01,Paid Search,Paid - Generic,25.84,902,25
2026-04-02,Paid Search,Paid - Generic,25.84,1326,28
2026-04-03,Paid Search,Paid - Generic,25.84,1689,28
2026-04-04,Paid Search,Paid - Generic,18.61,1018,18
2026-04-05,Paid Search,Paid - Generic,18.61,1502,21
2026-04-06,Paid Search,Paid - Generic,25.84,1181,25
2026-04-07,Paid Search,Paid - Generic,25.84,1668,26
2026-04-08,Paid Search,Paid - Generic,25.84,1867,29
2026-04-09,Paid Search,Paid - Generic,25.84,1849,26
2026-04-10,Paid Search,Paid - Generic,25.84,1783,26
2026-04-11,Paid Search,Paid - Generic,18.61,1136,18
2026-04-12,Paid Search,Paid - Generic,18.61,1486,21
2026-04-13,Paid Search,Paid - Generic,25.84,1815,26
2026-04-14,Paid Search,Paid - Generic,25.84,1584,26
2026-04-15,Paid Search,Paid - Generic,25.84,1750,25
2026-04-16,Paid Search,Paid - Generic,25.84,1410,28
2026-04-17,Paid Search,Paid - Generic,25.84,1111,26
2026-04-18,Paid Search,Paid - Generic,18.61,554,17
2026-04-19,Paid Search,Paid - Generic,18.61,980,18
2026-04-20,Paid Search,Paid - Generic,25.84,1829,25
2026-04-21,Paid Search,Paid - Generic,25.84,1801,28
2026-04-22,Paid Search,Paid - Generic,25.84,1311,27
2026-04-23,Paid Search,Paid - Generic,25.84,975,28
2026-04-24,Paid Search,Paid - Generic,25.84,1598,25
2026-04-25,Paid Search,Paid - Generic,18.61,845,18
2026-04-26,Paid Search,Paid - Generic,18.61,1349,21
2026-04-27,Paid Search,Paid - Generic,25.84,1413,27
2026-04-28,Paid Search,Paid - Generic,25.84,996,25
2026-04-29,Paid Search,Paid - Generic,25.84,1093,26
2026-04-30,Paid Search,Paid - Generic,25.84,912,24
2026-04-01,Paid Search,Paid - Shopping,30.39,1019,34
2026-04-02,Paid Search,Paid - Shopping,30.39,1236,33
2026-04-03,Paid Search,Paid - Shopping,30.39,2032,30
2026-04-04,Paid Search,Paid - Shopping,21.88,792,22
2026-04-05,Paid Search,Paid - Shopping,21.88,855,24
2026-04-06,Paid Search,Paid - Shopping,30.39,1793,29
2026-04-07,Paid Search,Paid - Shopping,30.39,899,29
2026-04-08,Paid Search,Paid - Shopping,30.39,1362,31
2026-04-09,Paid Search,Paid - Shopping,30.39,1278,30
2026-04-10,Paid Search,Paid - Shopping,30.39,1742,35
2026-04-11,Paid Search,Paid - Shopping,21.88,963,21
2026-04-12,Paid Search,Paid - Shopping,21.88,1515,21
2026-04-13,Paid Search,Paid - Shopping,30.39,1955,30
2026-04-14,Paid Search,Paid - Shopping,30.39,2147,34
2026-04-15,Paid Search,Paid - Shopping,30.39,812,29
2026-04-16,Paid Search,Paid - Shopping,30.39,1689,32
2026-04-17,Paid Search,Paid - Shopping,30.39,1412,31
2026-04-18,Paid Search,Paid - Shopping,21.88,1575,22
2026-04-19,Paid Search,Paid - Shopping,21.88,788,21
2026-04-20,Paid Search,Paid - Shopping,30.39,2002,31
2026-04-21,Paid Search,Paid - Shopping,30.39,1682,31
2026-04-22,Paid Search,Paid - Shopping,30.39,2002,35
2026-04-23,Paid Search,Paid - Shopping,30.39,1539,31
2026-04-24,Paid Search,Paid - Shopping,30.39,1210,31
2026-04-25,Paid Search,Paid - Shopping,21.88,1713,24
2026-04-26,Paid Search,Paid - Shopping,21.88,1073,24
2026-04-27,Paid Search,Paid - Shopping,30.39,1355,31
2026-04-28,Paid Search,Paid - Shopping,30.39,2151,32
2026-04-29,Paid Search,Paid - Shopping,30.39,1233,33
2026-04-30,Paid Search,Paid - Shopping,30.39,1202,34
2026-04-01,Paid Social,Paid - Prospecting,55.69,3641,121
2026-04-02,Paid Social,Paid - Prospecting,55.69,10126,139
2026-04-03,Paid Social,Paid - Prospecting,55.69,5128,131
2026-04-04,Paid Social,Paid - Prospecting,40.09,6017,88
2026-04-05,Paid Social,Paid - Prospecting,40.09,4729,88
2026-04-06,Paid Social,Paid - Prospecting,55.69,6513,132
2026-04-07,Paid Social,Paid - Prospecting,55.69,7372,120
2026-04-08,Paid Social,Paid - Prospecting,55.69,6851,140
2026-04-09,Paid Social,Paid - Prospecting,55.69,4344,140
2026-04-10,Paid Social,Paid - Prospecting,55.69,9918,136
2026-04-11,Paid Social,Paid - Prospecting,40.09,3155,98
2026-04-12,Paid Social,Paid - Prospecting,40.09,6769,100
2026-04-13,Paid Social,Paid - Prospecting,55.69,4745,143
2026-04-14,Paid Social,Paid - Prospecting,55.69,4763,144
2026-04-15,Paid Social,Paid - Prospecting,55.69,9365,129
2026-04-16,Paid Social,Paid - Prospecting,55.69,10062,139
2026-04-17,Paid Social,Paid - Prospecting,55.69,5513,127
2026-04-18,Paid Social,Paid - Prospecting,40.09,7447,103
2026-04-19,Paid Social,Paid - Prospecting,40.09,5088,103
2026-04-20,Paid Social,Paid - Prospecting,55.69,9054,140
2026-04-21,Paid Social,Paid - Prospecting,55.69,5040,143
2026-04-22,Paid Social,Paid - Prospecting,55.69,4685,123
2026-04-23,Paid Social,Paid - Prospecting,55.69,8498,132
2026-04-24,Paid Social,Paid - Prospecting,55.69,8903,134
2026-04-25,Paid Social,Paid - Prospecting,40.09,6187,103
2026-04-26,Paid Social,Paid - Prospecting,40.09,4251,96
2026-04-27,Paid Social,Paid - Prospecting,55.69,9404,131
2026-04-28,Paid Social,Paid - Prospecting,55.69,7978,133
2026-04-29,Paid Social,Paid - Prospecting,55.69,6873,141
2026-04-30,Paid Social,Paid - Prospecting,55.69,6508,133
2026-04-01,Paid Social,Paid - Retargeting,46.15,5241,100
2026-04-02,Paid Social,Paid - Retargeting,46.15,5938,108
2026-04-03,Paid Social,Paid - Retargeting,46.15,7278,107
2026-04-04,Paid Social,Paid - Retargeting,33.22,3714,83
2026-04-05,Paid Social,Paid - Retargeting,33.22,2223,76
2026-04-06,Paid Social,Paid - Retargeting,46.15,4719,119
2026-04-07,Paid Social,Paid - Retargeting,46.15,4356,110
2026-04-08,Paid Social,Paid - Retargeting,46.15,8641,119
2026-04-09,Paid Social,Paid - Retargeting,46.15,7301,119
2026-04-10,Paid Social,Paid - Retargeting,46.15,5389,109
2026-04-11,Paid Social,Paid - Retargeting,33.22,2728,71
2026-04-12,Paid Social,Paid - Retargeting,33.22,5787,80
2026-04-13,Paid Social,Paid - Retargeting,46.15,5514,104
2026-04-14,Paid Social,Paid - Retargeting,46.15,5475,119
2026-04-15,Paid Social,Paid - Retargeting,46.15,6701,117
2026-04-16,Paid Social,Paid - Retargeting,46.15,2914,103
2026-04-17,Paid Social,Paid - Retargeting,46.15,6772,116
2026-04-18,Paid Social,Paid - Retargeting,33.22,5159,82
2026-04-19,Paid Social,Paid - Retargeting,33.22,5606,81
2026-04-20,Paid Social,Paid - Retargeting,46.15,6098,111
2026-04-21,Paid Social,Paid - Retargeting,46.15,6444,115
2026-04-22,Paid Social,Paid - Retargeting,46.15,3328,105
2026-04-23,Paid Social,Paid - Retargeting,46.15,5432,111
2026-04-24,Paid Social,Paid - Retargeting,46.15,4356,105
2026-04-25,Paid Social,Paid - Retargeting,33.22,5823,86
2026-04-26,Paid Social,Paid - Retargeting,33.22,3366,79
2026-04-27,Paid Social,Paid - Retargeting,46.15,3449,118
2026-04-28,Paid Social,Paid - Retargeting,46.15,6352,111
2026-04-29,Paid Social,Paid - Retargeting,46.15,4366,103
2026-04-30,Paid Social,Paid - Retargeting,46.15,4844,111
2026-04-01,Paid Social,Paid - Creator,75.56,7805,169
2026-04-02,Paid Social,Paid - Creator,75.56,12078,178
2026-04-03,Paid Social,Paid - Creator,75.56,7975,163
2026-04-04,Paid Social,Paid - Creator,54.41,9117,128
2026-04-05,Paid Social,Paid - Creator,54.41,6478,120
2026-04-06,Paid Social,Paid - Creator,75.56,7807,193
2026-04-07,Paid Social,Paid - Creator,75.56,10871,175
2026-04-08,Paid Social,Paid - Creator,75.56,13062,182
2026-04-09,Paid Social,Paid - Creator,75.56,6263,191
2026-04-10,Paid Social,Paid - Creator,75.56,9053,178
2026-04-11,Paid Social,Paid - Creator,54.41,4348,125
2026-04-12,Paid Social,Paid - Creator,54.41,5919,123
2026-04-13,Paid Social,Paid - Creator,75.56,11458,166
2026-04-14,Paid Social,Paid - Creator,75.56,5621,184
2026-04-15,Paid Social,Paid - Creator,75.56,9091,187
2026-04-16,Paid Social,Paid - Creator,75.56,6224,170
2026-04-17,Paid Social,Paid - Creator,75.56,5900,174
2026-04-18,Paid Social,Paid - Creator,54.41,4048,137
2026-04-19,Paid Social,Paid - Creator,54.41,9057,129
2026-04-20,Paid Social,Paid - Creator,75.56,7694,172
2026-04-21,Paid Social,Paid - Creator,75.56,6684,184
2026-04-22,Paid Social,Paid - Creator,75.56,11917,167
2026-04-23,Paid Social,Paid - Creator,75.56,13162,182
2026-04-24,Paid Social,Paid - Creator,75.56,9622,170
2026-04-25,Paid Social,Paid - Creator,54.41,8519,134
2026-04-26,Paid Social,Paid - Creator,54.41,5324,135
2026-04-27,Paid Social,Paid - Creator,75.56,8386,179
2026-04-28,Paid Social,Paid - Creator,75.56,10589,176
2026-04-29,Paid Social,Paid - Creator,75.56,7124,162
2026-04-30,Paid Social,Paid - Creator,75.56,9060,168
2026-04-01,Affiliate,Affiliate - Cashback,4.13,243,6
2026-04-02,Affiliate,Affiliate - Cashback,4.13,275,6
2026-04-03,Affiliate,Affiliate - Cashback,4.13,258,5
2026-04-04,Affiliate,Affiliate - Cashback,2.97,279,4
2026-04-05,Affiliate,Affiliate - Cashback,2.97,177,4
2026-04-06,Affiliate,Affiliate - Cashback,4.13,359,6
2026-04-07,Affiliate,Affiliate - Cashback,4.13,164,5
2026-04-08,Affiliate,Affiliate - Cashback,4.13,254,5
2026-04-09,Affiliate,Affiliate - Cashback,4.13,211,5
2026-04-10,Affiliate,Affiliate - Cashback,4.13,293,5
2026-04-11,Affiliate,Affiliate - Cashback,2.97,269,4
2026-04-12,Affiliate,Affiliate - Cashback,2.97,289,4
2026-04-13,Affiliate,Affiliate - Cashback,4.13,269,6
2026-04-14,Affiliate,Affiliate - Cashback,4.13,242,5
2026-04-15,Affiliate,Affiliate - Cashback,4.13,247,6
2026-04-16,Affiliate,Affiliate - Cashback,4.13,208,6
2026-04-17,Affiliate,Affiliate - Cashback,4.13,251,6
2026-04-18,Affiliate,Affiliate - Cashback,2.97,255,4
2026-04-19,Affiliate,Affiliate - Cashback,2.97,287,4
2026-04-20,Affiliate,Affiliate - Cashback,4.13,308,5
2026-04-21,Affiliate,Affiliate - Cashback,4.13,267,6
2026-04-22,Affiliate,Affiliate - Cashback,4.13,187,5
2026-04-23,Affiliate,Affiliate - Cashback,4.13,343,5
2026-04-24,Affiliate,Affiliate - Cashback,4.13,339,6
2026-04-25,Affiliate,Affiliate - Cashback,2.97,168,4
2026-04-26,Affiliate,Affiliate - Cashback,2.97,267,4
2026-04-27,Affiliate,Affiliate - Cashback,4.13,427,6
2026-04-28,Affiliate,Affiliate - Cashback,4.13,201,5
2026-04-29,Affiliate,Affiliate - Cashback,4.13,187,5
2026-04-30,Affiliate,Affiliate - Cashback,4.13,160,5
2026-04-01,Affiliate,Affiliate - Content,3.70,194,5
2026-04-02,Affiliate,Affiliate - Content,3.70,248,5
2026-04-03,Affiliate,Affiliate - Content,3.70,232,5
2026-04-04,Affiliate,Affiliate - Content,2.66,129,4
2026-04-05,Affiliate,Affiliate - Content,2.66,157,4
2026-04-06,Affiliate,Affiliate - Content,3.70,287,5
2026-04-07,Affiliate,Affiliate - Content,3.70,324,5
2026-04-08,Affiliate,Affiliate - Content,3.70,247,5
2026-04-09,Affiliate,Affiliate - Content,3.70,341,5
2026-04-10,Affiliate,Affiliate - Content,3.70,253,4
2026-04-11,Affiliate,Affiliate - Content,2.66,216,3
2026-04-12,Affiliate,Affiliate - Content,2.66,151,3
2026-04-13,Affiliate,Affiliate - Content,3.70,304,5
2026-04-14,Affiliate,Affiliate - Content,3.70,195,5
2026-04-15,Affiliate,Affiliate - Content,3.70,301,5
2026-04-16,Affiliate,Affiliate - Content,3.70,227,4
2026-04-17,Affiliate,Affiliate - Content,3.70,200,5
2026-04-18,Affiliate,Affiliate - Content,2.66,164,3
2026-04-19,Affiliate,Affiliate - Content,2.66,161,4
2026-04-20,Affiliate,Affiliate - Content,3.70,344,5
2026-04-21,Affiliate,Affiliate - Content,3.70,232,4
2026-04-22,Affiliate,Affiliate - Content,3.70,302,5
2026-04-23,Affiliate,Affiliate - Content,3.70,308,5
2026-04-24,Affiliate,Affiliate - Content,3.70,295,5
2026-04-25,Affiliate,Affiliate - Content,2.66,126,3
2026-04-26,Affiliate,Affiliate - Content,2.66,199,3
2026-04-27,Affiliate,Affiliate - Content,3.70,335,5
2026-04-28,Affiliate,Affiliate - Content,3.70,250,4
2026-04-29,Affiliate,Affiliate - Content,3.70,161,4
2026-04-30,Affiliate,Affiliate - Content,3.70,157,5
2026-04-01,Affiliate,Affiliate - Voucher,4.81,470,7
2026-04-02,Affiliate,Affiliate - Voucher,4.81,217,6
2026-04-03,Affiliate,Affiliate - Voucher,4.81,222,7
2026-04-04,Affiliate,Affiliate - Voucher,3.46,243,5
2026-04-05,Affiliate,Affiliate - Voucher,3.46,142,5
2026-04-06,Affiliate,Affiliate - Voucher,4.81,486,7
2026-04-07,Affiliate,Affiliate - Voucher,4.81,216,6
2026-04-08,Affiliate,Affiliate - Voucher,4.81,254,6
2026-04-09,Affiliate,Affiliate - Voucher,4.81,341,6
2026-04-10,Affiliate,Affiliate - Voucher,4.81,300,6
2026-04-11,Affiliate,Affiliate - Voucher,3.46,112,4
2026-04-12,Affiliate,Affiliate - Voucher,3.46,167,4
2026-04-13,Affiliate,Affiliate - Voucher,4.81,296,7
2026-04-14,Affiliate,Affiliate - Voucher,4.81,324,7
2026-04-15,Affiliate,Affiliate - Voucher,4.81,273,6
2026-04-16,Affiliate,Affiliate - Voucher,4.81,230,6
2026-04-17,Affiliate,Affiliate - Voucher,4.81,322,7
2026-04-18,Affiliate,Affiliate - Voucher,3.46,212,5
2026-04-19,Affiliate,Affiliate - Voucher,3.46,174,5
2026-04-20,Affiliate,Affiliate - Voucher,4.81,323,6
2026-04-21,Affiliate,Affiliate - Voucher,4.81,506,7
2026-04-22,Affiliate,Affiliate - Voucher,4.81,433,6
2026-04-23,Affiliate,Affiliate - Voucher,4.81,357,7
2026-04-24,Affiliate,Affiliate - Voucher,4.81,198,6
2026-04-25,Affiliate,Affiliate - Voucher,3.46,189,5
2026-04-26,Affiliate,Affiliate - Voucher,3.46,252,5
2026-04-27,Affiliate,Affiliate - Voucher,4.81,367,7
2026-04-28,Affiliate,Affiliate - Voucher,4.81,229,7
2026-04-29,Affiliate,Affiliate - Voucher,4.81,354,6
2026-04-30,Affiliate,Affiliate - Voucher,4.81,411,7
2026-04-01,Email & CRM,Email - Lifecycle,4.04,1934,33
2026-04-02,Email & CRM,Email - Lifecycle,4.04,1495,32
2026-04-03,Email & CRM,Email - Lifecycle,4.04,2279,31
2026-04-04,Email & CRM,Email - Lifecycle,2.91,1060,23
2026-04-05,Email & CRM,Email - Lifecycle,2.91,1465,26
2026-04-06,Email & CRM,Email - Lifecycle,4.04,2252,34
2026-04-07,Email & CRM,Email - Lifecycle,4.04,1788,32
2026-04-08,Email & CRM,Email - Lifecycle,4.04,2187,33
2026-04-09,Email & CRM,Email - Lifecycle,4.04,2022,35
2026-04-10,Email & CRM,Email - Lifecycle,4.04,2322,32
2026-04-11,Email & CRM,Email - Lifecycle,2.91,644,23
2026-04-12,Email & CRM,Email - Lifecycle,2.91,1170,23
2026-04-13,Email & CRM,Email - Lifecycle,4.04,2158,31
2026-04-14,Email & CRM,Email - Lifecycle,4.04,1893,31
2026-04-15,Email & CRM,Email - Lifecycle,4.04,2610,36
2026-04-16,Email & CRM,Email - Lifecycle,4.04,1608,34
2026-04-17,Email & CRM,Email - Lifecycle,4.04,2050,35
2026-04-18,Email & CRM,Email - Lifecycle,2.91,778,21
2026-04-19,Email & CRM,Email - Lifecycle,2.91,802,22
2026-04-20,Email & CRM,Email - Lifecycle,4.04,2072,33
2026-04-21,Email & CRM,Email - Lifecycle,4.04,1362,36
2026-04-22,Email & CRM,Email - Lifecycle,4.04,1789,30
2026-04-23,Email & CRM,Email - Lifecycle,4.04,1304,32
2026-04-24,Email & CRM,Email - Lifecycle,4.04,1048,35
2026-04-25,Email & CRM,Email - Lifecycle,2.91,883,22
2026-04-26,Email & CRM,Email - Lifecycle,2.91,891,24
2026-04-27,Email & CRM,Email - Lifecycle,4.04,1608,31
2026-04-28,Email & CRM,Email - Lifecycle,4.04,1702,32
2026-04-29,Email & CRM,Email - Lifecycle,4.04,1445,36
2026-04-30,Email & CRM,Email - Lifecycle,4.04,1954,33
2026-04-01,Email & CRM,Email - Winback,3.82,1941,30
2026-04-02,Email & CRM,Email - Winback,3.82,1560,32
2026-04-03,Email & CRM,Email - Winback,3.82,2267,33
2026-04-04,Email & CRM,Email - Winback,2.75,1438,22
2026-04-05,Email & CRM,Email - Winback,2.75,807,22
2026-04-06,Email & CRM,Email - Winback,3.82,931,31
2026-04-07,Email & CRM,Email - Winback,3.82,1655,34
2026-04-08,Email & CRM,Email - Winback,3.82,1220,33
2026-04-09,Email & CRM,Email - Winback,3.82,1563,34
2026-04-10,Email & CRM,Email - Winback,3.82,1082,32
2026-04-11,Email & CRM,Email - Winback,2.75,1507,21
2026-04-12,Email & CRM,Email - Winback,2.75,1131,22
2026-04-13,Email & CRM,Email - Winback,3.82,1770,28
2026-04-14,Email & CRM,Email - Winback,3.82,2230,32
2026-04-15,Email & CRM,Email - Winback,3.82,2265,33
2026-04-16,Email & CRM,Email - Winback,3.82,2013,30
2026-04-17,Email & CRM,Email - Winback,3.82,1085,32
2026-04-18,Email & CRM,Email - Winback,2.75,862,21
2026-04-19,Email & CRM,Email - Winback,2.75,935,24
2026-04-20,Email & CRM,Email - Winback,3.82,1923,32
2026-04-21,Email & CRM,Email - Winback,3.82,1752,33
2026-04-22,Email & CRM,Email - Winback,3.82,1573,31
2026-04-23,Email & CRM,Email - Winback,3.82,897,28
2026-04-24,Email & CRM,Email - Winback,3.82,958,34
2026-04-25,Email & CRM,Email - Winback,2.75,1588,23
2026-04-26,Email & CRM,Email - Winback,2.75,777,22
2026-04-27,Email & CRM,Email - Winback,3.82,1132,33
2026-04-28,Email & CRM,Email - Winback,3.82,1735,29
2026-04-29,Email & CRM,Email - Winback,3.82,1541,33
2026-04-30,Email & CRM,Email - Winback,3.82,1250,33
2026-04-01,Marketplace,Marketplace - Sponsored Listings,38.71,4332,72
2026-04-02,Marketplace,Marketplace - Sponsored Listings,38.71,4965,71
2026-04-03,Marketplace,Marketplace - Sponsored Listings,38.71,3545,64
2026-04-04,Marketplace,Marketplace - Sponsored Listings,27.87,1508,49
2026-04-05,Marketplace,Marketplace - Sponsored Listings,27.87,1764,47
2026-04-06,Marketplace,Marketplace - Sponsored Listings,38.71,4965,69
2026-04-07,Marketplace,Marketplace - Sponsored Listings,38.71,1794,64
2026-04-08,Marketplace,Marketplace - Sponsored Listings,38.71,3862,70
2026-04-09,Marketplace,Marketplace - Sponsored Listings,38.71,4329,65
2026-04-10,Marketplace,Marketplace - Sponsored Listings,38.71,4660,71
2026-04-11,Marketplace,Marketplace - Sponsored Listings,27.87,2158,49
2026-04-12,Marketplace,Marketplace - Sponsored Listings,27.87,3586,53
2026-04-13,Marketplace,Marketplace - Sponsored Listings,38.71,4852,76
2026-04-14,Marketplace,Marketplace - Sponsored Listings,38.71,3191,74
2026-04-15,Marketplace,Marketplace - Sponsored Listings,38.71,2254,69
2026-04-16,Marketplace,Marketplace - Sponsored Listings,38.71,3378,64
2026-04-17,Marketplace,Marketplace - Sponsored Listings,38.71,4100,73
2026-04-18,Marketplace,Marketplace - Sponsored Listings,27.87,2903,55
2026-04-19,Marketplace,Marketplace - Sponsored Listings,27.87,2016,48
2026-04-20,Marketplace,Marketplace - Sponsored Listings,38.71,4431,67
2026-04-21,Marketplace,Marketplace - Sponsored Listings,38.71,2544,76
2026-04-22,Marketplace,Marketplace - Sponsored Listings,38.71,4611,69
2026-04-23,Marketplace,Marketplace - Sponsored Listings,38.71,2695,65
2026-04-24,Marketplace,Marketplace - Sponsored Listings,38.71,3753,63
2026-04-25,Marketplace,Marketplace - Sponsored Listings,27.87,2553,52
2026-04-26,Marketplace,Marketplace - Sponsored Listings,27.87,2608,54
2026-04-27,Marketplace,Marketplace - Sponsored Listings,38.71,4281,76
2026-04-28,Marketplace,Marketplace - Sponsored Listings,38.71,3530,74
2026-04-29,Marketplace,Marketplace - Sponsored Listings,38.71,4129,67
2026-04-30,Marketplace,Marketplace - Sponsored Listings,38.71,2061,70
2026-05-01,Organic Search,Organic - SEO Content,10.04,6068,215
2026-05-02,Organic Search,Organic - SEO Content,7.23,4985,136
2026-05-03,Organic Search,Organic - SEO Content,7.23,5057,135
2026-05-04,Organic Search,Organic - SEO Content,10.04,8258,181
2026-05-05,Organic Search,Organic - SEO Content,10.04,15922,218
2026-05-06,Organic Search,Organic - SEO Content,10.04,7205,204
2026-05-07,Organic Search,Organic - SEO Content,10.04,9739,193
2026-05-08,Organic Search,Organic - SEO Content,10.04,8594,187
2026-05-09,Organic Search,Organic - SEO Content,7.23,9632,154
2026-05-10,Organic Search,Organic - SEO Content,7.23,4392,141
2026-05-11,Organic Search,Organic - SEO Content,10.04,15439,220
2026-05-12,Organic Search,Organic - SEO Content,10.04,14509,211
2026-05-13,Organic Search,Organic - SEO Content,10.04,10315,182
2026-05-14,Organic Search,Organic - SEO Content,10.04,7927,204
2026-05-15,Organic Search,Organic - SEO Content,10.04,8472,200
2026-05-16,Organic Search,Organic - SEO Content,7.23,4307,136
2026-05-17,Organic Search,Organic - SEO Content,7.23,11271,153
2026-05-18,Organic Search,Organic - SEO Content,10.04,11468,193
2026-05-19,Organic Search,Organic - SEO Content,10.04,8883,212
2026-05-20,Organic Search,Organic - SEO Content,10.04,11857,215
2026-05-21,Organic Search,Organic - SEO Content,10.04,12637,202
2026-05-22,Organic Search,Organic - SEO Content,10.04,12488,218
2026-05-23,Organic Search,Organic - SEO Content,7.23,8399,143
2026-05-24,Organic Search,Organic - SEO Content,7.23,5190,151
2026-05-25,Organic Search,Organic - SEO Content,10.04,10139,198
2026-05-26,Organic Search,Organic - SEO Content,10.04,7447,202
2026-05-27,Organic Search,Organic - SEO Content,10.04,9739,186
2026-05-28,Organic Search,Organic - SEO Content,10.04,15224,219
2026-05-29,Organic Search,Organic - SEO Content,10.04,13015,197
2026-05-30,Organic Search,Organic - SEO Content,7.23,9243,143
2026-05-31,Organic Search,Organic - SEO Content,7.23,7658,138
2026-05-01,Paid Search,Paid - Brand,33.82,1146,33
2026-05-02,Paid Search,Paid - Brand,24.35,1420,23
2026-05-03,Paid Search,Paid - Brand,24.35,849,24
2026-05-04,Paid Search,Paid - Brand,33.82,1943,33
2026-05-05,Paid Search,Paid - Brand,33.82,2270,35
2026-05-06,Paid Search,Paid - Brand,33.82,2230,37
2026-05-07,Paid Search,Paid - Brand,33.82,1323,37
2026-05-08,Paid Search,Paid - Brand,33.82,1182,32
2026-05-09,Paid Search,Paid - Brand,24.35,1592,23
2026-05-10,Paid Search,Paid - Brand,24.35,867,28
2026-05-11,Paid Search,Paid - Brand,33.82,1592,34
2026-05-12,Paid Search,Paid - Brand,33.82,1982,37
2026-05-13,Paid Search,Paid - Brand,33.82,1955,37
2026-05-14,Paid Search,Paid - Brand,33.82,1545,38
2026-05-15,Paid Search,Paid - Brand,33.82,1179,33
2026-05-16,Paid Search,Paid - Brand,24.35,1143,23
2026-05-17,Paid Search,Paid - Brand,24.35,1429,24
2026-05-18,Paid Search,Paid - Brand,33.82,2410,36
2026-05-19,Paid Search,Paid - Brand,33.82,1319,32
2026-05-20,Paid Search,Paid - Brand,33.82,1097,34
2026-05-21,Paid Search,Paid - Brand,33.82,2182,38
2026-05-22,Paid Search,Paid - Brand,33.82,1724,37
2026-05-23,Paid Search,Paid - Brand,24.35,1330,24
2026-05-24,Paid Search,Paid - Brand,24.35,831,27
2026-05-25,Paid Search,Paid - Brand,33.82,1129,38
2026-05-26,Paid Search,Paid - Brand,33.82,2137,36
2026-05-27,Paid Search,Paid - Brand,33.82,2213,36
2026-05-28,Paid Search,Paid - Brand,33.82,2720,38
2026-05-29,Paid Search,Paid - Brand,33.82,1891,37
2026-05-30,Paid Search,Paid - Brand,24.35,1234,25
2026-05-31,Paid Search,Paid - Brand,24.35,812,25
2026-05-01,Paid Search,Paid - Generic,27.86,1857,28
2026-05-02,Paid Search,Paid - Generic,20.06,676,22
2026-05-03,Paid Search,Paid - Generic,20.06,1044,19
2026-05-04,Paid Search,Paid - Generic,27.86,1796,27
2026-05-05,Paid Search,Paid - Generic,27.86,910,32
2026-05-06,Paid Search,Paid - Generic,27.86,904,27
2026-05-07,Paid Search,Paid - Generic,27.86,1382,28
2026-05-08,Paid Search,Paid - Generic,27.86,987,26
2026-05-09,Paid Search,Paid - Generic,20.06,1330,20
2026-05-10,Paid Search,Paid - Generic,20.06,1211,22
2026-05-11,Paid Search,Paid - Generic,27.86,1774,31
2026-05-12,Paid Search,Paid - Generic,27.86,839,29
2026-05-13,Paid Search,Paid - Generic,27.86,1914,27
2026-05-14,Paid Search,Paid - Generic,27.86,1063,26
2026-05-15,Paid Search,Paid - Generic,27.86,1270,28
2026-05-16,Paid Search,Paid - Generic,20.06,989,22
2026-05-17,Paid Search,Paid - Generic,20.06,772,19
2026-05-18,Paid Search,Paid - Generic,27.86,1667,30
2026-05-19,Paid Search,Paid - Generic,27.86,1849,26
2026-05-20,Paid Search,Paid - Generic,27.86,1965,30
2026-05-21,Paid Search,Paid - Generic,27.86,1121,26
2026-05-22,Paid Search,Paid - Generic,27.86,2021,31
2026-05-23,Paid Search,Paid - Generic,20.06,1324,19
2026-05-24,Paid Search,Paid - Generic,20.06,1288,20
2026-05-25,Paid Search,Paid - Generic,27.86,1614,27
2026-05-26,Paid Search,Paid - Generic,27.86,1858,27
2026-05-27,Paid Search,Paid - Generic,27.86,1249,27
2026-05-28,Paid Search,Paid - Generic,27.86,1248,28
2026-05-29,Paid Search,Paid - Generic,27.86,2187,30
2026-05-30,Paid Search,Paid - Generic,20.06,685,23
2026-05-31,Paid Search,Paid - Generic,20.06,693,22
2026-05-01,Paid Search,Paid - Shopping,38.08,2620,43
2026-05-02,Paid Search,Paid - Shopping,27.41,1236,31
2026-05-03,Paid Search,Paid - Shopping,27.41,1629,27
2026-05-04,Paid Search,Paid - Shopping,38.08,2750,39
2026-05-05,Paid Search,Paid - Shopping,38.08,1180,36
2026-05-06,Paid Search,Paid - Shopping,38.08,2215,40
2026-05-07,Paid Search,Paid - Shopping,38.08,1937,42
2026-05-08,Paid Search,Paid - Shopping,38.08,1650,37
2026-05-09,Paid Search,Paid - Shopping,27.41,1998,29
2026-05-10,Paid Search,Paid - Shopping,27.41,1952,31
2026-05-11,Paid Search,Paid - Shopping,38.08,2642,38
2026-05-12,Paid Search,Paid - Shopping,38.08,2100,40
2026-05-13,Paid Search,Paid - Shopping,38.08,2698,38
2026-05-14,Paid Search,Paid - Shopping,38.08,1356,42
2026-05-15,Paid Search,Paid - Shopping,38.08,1102,38
2026-05-16,Paid Search,Paid - Shopping,27.41,923,29
2026-05-17,Paid Search,Paid - Shopping,27.41,1880,27
2026-05-18,Paid Search,Paid - Shopping,38.08,2287,39
2026-05-19,Paid Search,Paid - Shopping,38.08,1799,36
2026-05-20,Paid Search,Paid - Shopping,38.08,2608,40
2026-05-21,Paid Search,Paid - Shopping,38.08,2587,36
2026-05-22,Paid Search,Paid - Shopping,38.08,2494,37
2026-05-23,Paid Search,Paid - Shopping,27.41,1199,27
2026-05-24,Paid Search,Paid - Shopping,27.41,1631,29
2026-05-25,Paid Search,Paid - Shopping,38.08,2108,41
2026-05-26,Paid Search,Paid - Shopping,38.08,1282,37
2026-05-27,Paid Search,Paid - Shopping,38.08,2038,36
2026-05-28,Paid Search,Paid - Shopping,38.08,1267,41
2026-05-29,Paid Search,Paid - Shopping,38.08,1824,43
2026-05-30,Paid Search,Paid - Shopping,27.41,1605,26
2026-05-31,Paid Search,Paid - Shopping,27.41,1843,28
2026-05-01,Paid Social,Paid - Prospecting,47.72,7212,124
2026-05-02,Paid Social,Paid - Prospecting,34.36,4153,80
2026-05-03,Paid Social,Paid - Prospecting,34.36,2815,79
2026-05-04,Paid Social,Paid - Prospecting,47.72,7538,110
2026-05-05,Paid Social,Paid - Prospecting,47.72,5124,103
2026-05-06,Paid Social,Paid - Prospecting,47.72,6471,118
2026-05-07,Paid Social,Paid - Prospecting,47.72,5406,109
2026-05-08,Paid Social,Paid - Prospecting,47.72,6222,118
2026-05-09,Paid Social,Paid - Prospecting,34.36,4125,77
2026-05-10,Paid Social,Paid - Prospecting,34.36,5405,80
2026-05-11,Paid Social,Paid - Prospecting,47.72,6179,115
2026-05-12,Paid Social,Paid - Prospecting,47.72,3844,119
2026-05-13,Paid Social,Paid - Prospecting,47.72,7494,114
2026-05-14,Paid Social,Paid - Prospecting,47.72,3561,108
2026-05-15,Paid Social,Paid - Prospecting,47.72,4486,118
2026-05-16,Paid Social,Paid - Prospecting,34.36,5705,86
2026-05-17,Paid Social,Paid - Prospecting,34.36,4040,83
2026-05-18,Paid Social,Paid - Prospecting,47.72,3707,108
2026-05-19,Paid Social,Paid - Prospecting,47.72,6506,105
2026-05-20,Paid Social,Paid - Prospecting,47.72,8505,122
2026-05-21,Paid Social,Paid - Prospecting,47.72,4750,118
2026-05-22,Paid Social,Paid - Prospecting,47.72,6847,103
2026-05-23,Paid Social,Paid - Prospecting,34.36,3398,76
2026-05-24,Paid Social,Paid - Prospecting,34.36,5017,85
2026-05-25,Paid Social,Paid - Prospecting,47.72,6949,104
2026-05-26,Paid Social,Paid - Prospecting,47.72,4166,111
2026-05-27,Paid Social,Paid - Prospecting,47.72,7361,103
2026-05-28,Paid Social,Paid - Prospecting,47.72,5731,111
2026-05-29,Paid Social,Paid - Prospecting,47.72,6652,109
2026-05-30,Paid Social,Paid - Prospecting,34.36,2613,83
2026-05-31,Paid Social,Paid - Prospecting,34.36,2866,84
2026-05-01,Paid Social,Paid - Retargeting,51.18,6886,133
2026-05-02,Paid Social,Paid - Retargeting,36.85,2812,86
2026-05-03,Paid Social,Paid - Retargeting,36.85,5153,80
2026-05-04,Paid Social,Paid - Retargeting,51.18,6062,128
2026-05-05,Paid Social,Paid - Retargeting,51.18,7638,118
2026-05-06,Paid Social,Paid - Retargeting,51.18,5814,115
2026-05-07,Paid Social,Paid - Retargeting,51.18,4731,109
2026-05-08,Paid Social,Paid - Retargeting,51.18,4693,123
2026-05-09,Paid Social,Paid - Retargeting,36.85,2888,91
2026-05-10,Paid Social,Paid - Retargeting,36.85,4693,92
2026-05-11,Paid Social,Paid - Retargeting,51.18,7579,118
2026-05-12,Paid Social,Paid - Retargeting,51.18,4026,123
2026-05-13,Paid Social,Paid - Retargeting,51.18,7335,132
2026-05-14,Paid Social,Paid - Retargeting,51.18,8294,130
2026-05-15,Paid Social,Paid - Retargeting,51.18,8948,122
2026-05-16,Paid Social,Paid - Retargeting,36.85,6281,87
2026-05-17,Paid Social,Paid - Retargeting,36.85,5192,87
2026-05-18,Paid Social,Paid - Retargeting,51.18,6945,120
2026-05-19,Paid Social,Paid - Retargeting,51.18,7261,118
2026-05-20,Paid Social,Paid - Retargeting,51.18,3761,118
2026-05-21,Paid Social,Paid - Retargeting,51.18,8259,113
2026-05-22,Paid Social,Paid - Retargeting,51.18,7559,121
2026-05-23,Paid Social,Paid - Retargeting,36.85,5117,92
2026-05-24,Paid Social,Paid - Retargeting,36.85,2926,87
2026-05-25,Paid Social,Paid - Retargeting,51.18,5827,121
2026-05-26,Paid Social,Paid - Retargeting,51.18,3458,114
2026-05-27,Paid Social,Paid - Retargeting,51.18,4357,122
2026-05-28,Paid Social,Paid - Retargeting,51.18,3775,127
2026-05-29,Paid Social,Paid - Retargeting,51.18,3732,112
2026-05-30,Paid Social,Paid - Retargeting,36.85,4619,87
2026-05-31,Paid Social,Paid - Retargeting,36.85,4523,89
2026-05-01,Paid Social,Paid - Creator,37.30,3922,85
2026-05-02,Paid Social,Paid - Creator,26.86,3535,63
2026-05-03,Paid Social,Paid - Creator,26.86,3680,59
2026-05-04,Paid Social,Paid - Creator,37.30,6569,91
2026-05-05,Paid Social,Paid - Creator,37.30,4969,95
2026-05-06,Paid Social,Paid - Creator,37.30,3490,87
2026-05-07,Paid Social,Paid - Creator,37.30,5677,84
2026-05-08,Paid Social,Paid - Creator,37.30,4347,92
2026-05-09,Paid Social,Paid - Creator,26.86,2096,59
2026-05-10,Paid Social,Paid - Creator,26.86,2770,66
2026-05-11,Paid Social,Paid - Creator,37.30,4572,93
2026-05-12,Paid Social,Paid - Creator,37.30,2673,94
2026-05-13,Paid Social,Paid - Creator,37.30,3842,82
2026-05-14,Paid Social,Paid - Creator,37.30,3531,93
2026-05-15,Paid Social,Paid - Creator,37.30,5330,86
2026-05-16,Paid Social,Paid - Creator,26.86,2380,58
2026-05-17,Paid Social,Paid - Creator,26.86,3651,57
2026-05-18,Paid Social,Paid - Creator,37.30,4493,95
2026-05-19,Paid Social,Paid - Creator,37.30,3575,81
2026-05-20,Paid Social,Paid - Creator,37.30,6693,94
2026-05-21,Paid Social,Paid - Creator,37.30,5429,90
2026-05-22,Paid Social,Paid - Creator,37.30,3951,89
2026-05-23,Paid Social,Paid - Creator,26.86,4263,60
2026-05-24,Paid Social,Paid - Creator,26.86,3268,59
2026-05-25,Paid Social,Paid - Creator,37.30,2765,96
2026-05-26,Paid Social,Paid - Creator,37.30,3616,86
2026-05-27,Paid Social,Paid - Creator,37.30,4145,81
2026-05-28,Paid Social,Paid - Creator,37.30,5064,94
2026-05-29,Paid Social,Paid - Creator,37.30,2868,91
2026-05-30,Paid Social,Paid - Creator,26.86,2703,57
2026-05-31,Paid Social,Paid - Creator,26.86,4857,68
2026-05-01,Affiliate,Affiliate - Cashback,6.17,289,8
2026-05-02,Affiliate,Affiliate - Cashback,4.44,436,7
2026-05-03,Affiliate,Affiliate - Cashback,4.44,416,6
2026-05-04,Affiliate,Affiliate - Cashback,6.17,514,8
2026-05-05,Affiliate,Affiliate - Cashback,6.17,519,9
2026-05-06,Affiliate,Affiliate - Cashback,6.17,639,9
2026-05-07,Affiliate,Affiliate - Cashback,6.17,361,9
2026-05-08,Affiliate,Affiliate - Cashback,6.17,410,8
2026-05-09,Affiliate,Affiliate - Cashback,4.44,226,6
2026-05-10,Affiliate,Affiliate - Cashback,4.44,339,6
2026-05-11,Affiliate,Affiliate - Cashback,6.17,289,9
2026-05-12,Affiliate,Affiliate - Cashback,6.17,541,9
2026-05-13,Affiliate,Affiliate - Cashback,6.17,569,9
2026-05-14,Affiliate,Affiliate - Cashback,6.17,383,9
2026-05-15,Affiliate,Affiliate - Cashback,6.17,256,9
2026-05-16,Affiliate,Affiliate - Cashback,4.44,407,6
2026-05-17,Affiliate,Affiliate - Cashback,4.44,487,7
2026-05-18,Affiliate,Affiliate - Cashback,6.17,575,9
2026-05-19,Affiliate,Affiliate - Cashback,6.17,312,9
2026-05-20,Affiliate,Affiliate - Cashback,6.17,260,8
2026-05-21,Affiliate,Affiliate - Cashback,6.17,651,9
2026-05-22,Affiliate,Affiliate - Cashback,6.17,540,9
2026-05-23,Affiliate,Affiliate - Cashback,4.44,227,5
2026-05-24,Affiliate,Affiliate - Cashback,4.44,323,5
2026-05-25,Affiliate,Affiliate - Cashback,6.17,437,9
2026-05-26,Affiliate,Affiliate - Cashback,6.17,334,9
2026-05-27,Affiliate,Affiliate - Cashback,6.17,476,9
2026-05-28,Affiliate,Affiliate - Cashback,6.17,562,9
2026-05-29,Affiliate,Affiliate - Cashback,6.17,656,9
2026-05-30,Affiliate,Affiliate - Cashback,4.44,465,7
2026-05-31,Affiliate,Affiliate - Cashback,4.44,244,6
2026-05-01,Affiliate,Affiliate - Content,5.43,314,8
2026-05-02,Affiliate,Affiliate - Content,3.91,191,5
2026-05-03,Affiliate,Affiliate - Content,3.91,171,6
2026-05-04,Affiliate,Affiliate - Content,5.43,451,7
2026-05-05,Affiliate,Affiliate - Content,5.43,350,7
2026-05-06,Affiliate,Affiliate - Content,5.43,448,7
2026-05-07,Affiliate,Affiliate - Content,5.43,215,7
2026-05-08,Affiliate,Affiliate - Content,5.43,435,7
2026-05-09,Affiliate,Affiliate - Content,3.91,247,5
2026-05-10,Affiliate,Affiliate - Content,3.91,359,5
2026-05-11,Affiliate,Affiliate - Content,5.43,251,8
2026-05-12,Affiliate,Affiliate - Content,5.43,479,8
2026-05-13,Affiliate,Affiliate - Content,5.43,524,8
2026-05-14,Affiliate,Affiliate - Content,5.43,386,8
2026-05-15,Affiliate,Affiliate - Content,5.43,441,7
2026-05-16,Affiliate,Affiliate - Content,3.91,278,5
2026-05-17,Affiliate,Affiliate - Content,3.91,285,5
2026-05-18,Affiliate,Affiliate - Content,5.43,389,7
2026-05-19,Affiliate,Affiliate - Content,5.43,443,8
2026-05-20,Affiliate,Affiliate - Content,5.43,235,8
2026-05-21,Affiliate,Affiliate - Content,5.43,372,7
2026-05-22,Affiliate,Affiliate - Content,5.43,306,8
2026-05-23,Affiliate,Affiliate - Content,3.91,218,6
2026-05-24,Affiliate,Affiliate - Content,3.91,186,6
2026-05-25,Affiliate,Affiliate - Content,5.43,370,8
2026-05-26,Affiliate,Affiliate - Content,5.43,278,8
2026-05-27,Affiliate,Affiliate - Content,5.43,461,8
2026-05-28,Affiliate,Affiliate - Content,5.43,388,7
2026-05-29,Affiliate,Affiliate - Content,5.43,272,8
2026-05-30,Affiliate,Affiliate - Content,3.91,223,5
2026-05-31,Affiliate,Affiliate - Content,3.91,300,5
2026-05-01,Affiliate,Affiliate - Voucher,6.00,411,8
2026-05-02,Affiliate,Affiliate - Voucher,4.32,186,6
2026-05-03,Affiliate,Affiliate - Voucher,4.32,170,5
2026-05-04,Affiliate,Affiliate - Voucher,6.00,298,9
2026-05-05,Affiliate,Affiliate - Voucher,6.00,384,9
2026-05-06,Affiliate,Affiliate - Voucher,6.00,585,8
2026-05-07,Affiliate,Affiliate - Voucher,6.00,583,9
2026-05-08,Affiliate,Affiliate - Voucher,6.00,399,9
2026-05-09,Affiliate,Affiliate - Voucher,4.32,244,6
2026-05-10,Affiliate,Affiliate - Voucher,4.32,314,6
2026-05-11,Affiliate,Affiliate - Voucher,6.00,344,9
2026-05-12,Affiliate,Affiliate - Voucher,6.00,303,9
2026-05-13,Affiliate,Affiliate - Voucher,6.00,485,8
2026-05-14,Affiliate,Affiliate - Voucher,6.00,233,8
2026-05-15,Affiliate,Affiliate - Voucher,6.00,397,9
2026-05-16,Affiliate,Affiliate - Voucher,4.32,354,5
2026-05-17,Affiliate,Affiliate - Voucher,4.32,192,6
2026-05-18,Affiliate,Affiliate - Voucher,6.00,447,9
2026-05-19,Affiliate,Affiliate - Voucher,6.00,504,9
2026-05-20,Affiliate,Affiliate - Voucher,6.00,251,7
2026-05-21,Affiliate,Affiliate - Voucher,6.00,581,9
2026-05-22,Affiliate,Affiliate - Voucher,6.00,569,8
2026-05-23,Affiliate,Affiliate - Voucher,4.32,343,5
2026-05-24,Affiliate,Affiliate - Voucher,4.32,238,6
2026-05-25,Affiliate,Affiliate - Voucher,6.00,377,8
2026-05-26,Affiliate,Affiliate - Voucher,6.00,442,9
2026-05-27,Affiliate,Affiliate - Voucher,6.00,504,8
2026-05-28,Affiliate,Affiliate - Voucher,6.00,523,8
2026-05-29,Affiliate,Affiliate - Voucher,6.00,481,9
2026-05-30,Affiliate,Affiliate - Voucher,4.32,242,5
2026-05-31,Affiliate,Affiliate - Voucher,4.32,351,6
2026-05-01,Email & CRM,Email - Lifecycle,4.02,1817,35
2026-05-02,Email & CRM,Email - Lifecycle,2.89,1744,25
2026-05-03,Email & CRM,Email - Lifecycle,2.89,1196,24
2026-05-04,Email & CRM,Email - Lifecycle,4.02,2006,36
2026-05-05,Email & CRM,Email - Lifecycle,4.02,2536,35
2026-05-06,Email & CRM,Email - Lifecycle,4.02,2262,31
2026-05-07,Email & CRM,Email - Lifecycle,4.02,976,33
2026-05-08,Email & CRM,Email - Lifecycle,4.02,1988,31
2026-05-09,Email & CRM,Email - Lifecycle,2.89,735,24
2026-05-10,Email & CRM,Email - Lifecycle,2.89,1107,22
2026-05-11,Email & CRM,Email - Lifecycle,4.02,2106,31
2026-05-12,Email & CRM,Email - Lifecycle,4.02,2413,35
2026-05-13,Email & CRM,Email - Lifecycle,4.02,955,32
2026-05-14,Email & CRM,Email - Lifecycle,4.02,1868,35
2026-05-15,Email & CRM,Email - Lifecycle,4.02,1858,32
2026-05-16,Email & CRM,Email - Lifecycle,2.89,1547,23
2026-05-17,Email & CRM,Email - Lifecycle,2.89,1533,24
2026-05-18,Email & CRM,Email - Lifecycle,4.02,1880,36
2026-05-19,Email & CRM,Email - Lifecycle,4.02,1988,36
2026-05-20,Email & CRM,Email - Lifecycle,4.02,1490,31
2026-05-21,Email & CRM,Email - Lifecycle,4.02,975,31
2026-05-22,Email & CRM,Email - Lifecycle,4.02,2183,32
2026-05-23,Email & CRM,Email - Lifecycle,2.89,1091,23
2026-05-24,Email & CRM,Email - Lifecycle,2.89,871,23
2026-05-25,Email & CRM,Email - Lifecycle,4.02,2142,34
2026-05-26,Email & CRM,Email - Lifecycle,4.02,1662,35
2026-05-27,Email & CRM,Email - Lifecycle,4.02,2200,30
2026-05-28,Email & CRM,Email - Lifecycle,4.02,1443,32
2026-05-29,Email & CRM,Email - Lifecycle,4.02,2249,34
2026-05-30,Email & CRM,Email - Lifecycle,2.89,831,24
2026-05-31,Email & CRM,Email - Lifecycle,2.89,1345,26
2026-05-01,Email & CRM,Email - Winback,4.10,1118,33
2026-05-02,Email & CRM,Email - Winback,2.95,1353,25
2026-05-03,Email & CRM,Email - Winback,2.95,743,23
2026-05-04,Email & CRM,Email - Winback,4.10,2269,37
2026-05-05,Email & CRM,Email - Winback,4.10,1509,36
2026-05-06,Email & CRM,Email - Winback,4.10,1727,37
2026-05-07,Email & CRM,Email - Winback,4.10,1629,35
2026-05-08,Email & CRM,Email - Winback,4.10,1970,34
2026-05-09,Email & CRM,Email - Winback,2.95,1251,25
2026-05-10,Email & CRM,Email - Winback,2.95,702,22
2026-05-11,Email & CRM,Email - Winback,4.10,1204,33
2026-05-12,Email & CRM,Email - Winback,4.10,2169,30
2026-05-13,Email & CRM,Email - Winback,4.10,1243,36
2026-05-14,Email & CRM,Email - Winback,4.10,2108,37
2026-05-15,Email & CRM,Email - Winback,4.10,2512,35
2026-05-16,Email & CRM,Email - Winback,2.95,863,25
2026-05-17,Email & CRM,Email - Winback,2.95,840,22
2026-05-18,Email & CRM,Email - Winback,4.10,899,32
2026-05-19,Email & CRM,Email - Winback,4.10,1836,31
2026-05-20,Email & CRM,Email - Winback,4.10,1712,35
2026-05-21,Email & CRM,Email - Winback,4.10,1582,32
2026-05-22,Email & CRM,Email - Winback,4.10,1813,37
2026-05-23,Email & CRM,Email - Winback,2.95,1753,26
2026-05-24,Email & CRM,Email - Winback,2.95,1717,26
2026-05-25,Email & CRM,Email - Winback,4.10,2038,36
2026-05-26,Email & CRM,Email - Winback,4.10,2131,33
2026-05-27,Email & CRM,Email - Winback,4.10,1870,33
2026-05-28,Email & CRM,Email - Winback,4.10,2125,34
2026-05-29,Email & CRM,Email - Winback,4.10,1006,34
2026-05-30,Email & CRM,Email - Winback,2.95,1593,25
2026-05-31,Email & CRM,Email - Winback,2.95,762,22
2026-05-01,Marketplace,Marketplace - Sponsored Listings,36.24,4361,64
2026-05-02,Marketplace,Marketplace - Sponsored Listings,26.09,2132,45
2026-05-03,Marketplace,Marketplace - Sponsored Listings,26.09,3364,49
2026-05-04,Marketplace,Marketplace - Sponsored Listings,36.24,2156,67
2026-05-05,Marketplace,Marketplace - Sponsored Listings,36.24,3156,62
2026-05-06,Marketplace,Marketplace - Sponsored Listings,36.24,5002,71
2026-05-07,Marketplace,Marketplace - Sponsored Listings,36.24,2429,59
2026-05-08,Marketplace,Marketplace - Sponsored Listings,36.24,2727,59
2026-05-09,Marketplace,Marketplace - Sponsored Listings,26.09,2182,48
2026-05-10,Marketplace,Marketplace - Sponsored Listings,26.09,3257,47
2026-05-11,Marketplace,Marketplace - Sponsored Listings,36.24,1886,63
2026-05-12,Marketplace,Marketplace - Sponsored Listings,36.24,2277,71
2026-05-13,Marketplace,Marketplace - Sponsored Listings,36.24,2310,66
2026-05-14,Marketplace,Marketplace - Sponsored Listings,36.24,2914,60
2026-05-15,Marketplace,Marketplace - Sponsored Listings,36.24,2326,62
2026-05-16,Marketplace,Marketplace - Sponsored Listings,26.09,2540,45
2026-05-17,Marketplace,Marketplace - Sponsored Listings,26.09,1801,43
2026-05-18,Marketplace,Marketplace - Sponsored Listings,36.24,2328,66
2026-05-19,Marketplace,Marketplace - Sponsored Listings,36.24,2556,70
2026-05-20,Marketplace,Marketplace - Sponsored Listings,36.24,4520,67
2026-05-21,Marketplace,Marketplace - Sponsored Listings,36.24,3870,62
2026-05-22,Marketplace,Marketplace - Sponsored Listings,36.24,2792,64
2026-05-23,Marketplace,Marketplace - Sponsored Listings,26.09,2241,51
2026-05-24,Marketplace,Marketplace - Sponsored Listings,26.09,3307,46
2026-05-25,Marketplace,Marketplace - Sponsored Listings,36.24,3220,69
2026-05-26,Marketplace,Marketplace - Sponsored Listings,36.24,2594,70
2026-05-27,Marketplace,Marketplace - Sponsored Listings,36.24,3281,72
2026-05-28,Marketplace,Marketplace - Sponsored Listings,36.24,2083,59
2026-05-29,Marketplace,Marketplace - Sponsored Listings,36.24,3985,65
2026-05-30,Marketplace,Marketplace - Sponsored Listings,26.09,2636,43
2026-05-31,Marketplace,Marketplace - Sponsored Listings,26.09,1855,51
