return_id,order_item_id,return_date,quantity_returned,return_reason,restocked,refund_amount
R000001,OI0000003,2024-04-27,1,Changed mind,1,81.65
R000002,OI0000004,2024-05-05,1,Changed mind,1,148.15
R000003,OI0000005,2024-04-30,1,Changed mind,1,145.78
R000004,OI0000006,2024-04-28,1,Not as described,1,33.75
R000005,OI0000012,2024-01-13,2,Damaged in transit,0,161.29
R000006,OI0000015,2024-04-11,1,Damaged in transit,0,81.25
R000007,OI0000026,2024-01-14,4,Changed mind,1,274.08
R000008,OI0000030,2024-02-02,1,Not as described,1,180.08
R000009,OI0000033,2024-02-01,1,Wrong size,1,87.12
R000010,OI0000046,2024-02-06,1,Changed mind,1,35.34
R000011,OI0000071,2024-05-15,1,Changed mind,1,32.59
R000012,OI0000083,2024-02-05,1,Wrong size,1,26.40
R000013,OI0000086,2024-01-29,2,Not as described,1,453.32
R000014,OI0000091,2024-01-29,3,Damaged in transit,0,250.17
R000015,OI0000096,2024-01-12,1,Damaged in transit,0,113.30
R000016,OI0000104,2024-02-02,1,Not as described,1,34.46
R000017,OI0000108,2024-05-08,1,Wrong size,1,139.31
R000018,OI0000115,2024-03-24,1,Wrong size,1,66.55
R000019,OI0000116,2024-04-08,1,Wrong size,1,79.76
R000020,OI0000118,2024-05-20,1,Not as described,1,105.15
R000021,OI0000120,2024-02-28,1,Wrong size,1,195.32
R000022,OI0000122,2024-03-09,1,Changed mind,1,241.41
R000023,OI0000132,2024-05-14,1,Changed mind,1,120.05
R000024,OI0000157,2024-01-19,1,Not as described,1,95.77
R000025,OI0000162,2024-01-31,1,Wrong size,1,116.07
R000026,OI0000170,2024-02-04,1,Wrong size,1,117.17
R000027,OI0000177,2024-07-16,1,Changed mind,1,86.78
R000028,OI0000178,2024-07-02,1,Not as described,1,42.15
R000029,OI0000181,2024-02-11,1,Arrived too late,1,141.18
R000030,OI0000182,2024-01-28,1,Wrong size,1,59.52
R000031,OI0000188,2024-04-07,1,Damaged in transit,0,63.36
R000032,OI0000203,2024-02-07,1,Not as described,1,17.19
R000033,OI0000211,2024-01-24,1,Wrong size,1,49.45
R000034,OI0000212,2024-02-10,1,Arrived too late,1,30.36
R000035,OI0000213,2024-02-12,1,Wrong size,1,38.97
R000036,OI0000215,2024-05-11,1,Changed mind,1,107.28
R000037,OI0000223,2024-10-02,1,Damaged in transit,0,425.20
R000038,OI0000229,2024-02-06,1,Changed mind,1,133.12
R000039,OI0000235,2024-01-28,1,Wrong size,1,83.50
R000040,OI0000272,2024-09-15,1,Damaged in transit,0,174.86
R000041,OI0000289,2025-02-13,1,Faulty,0,31.44
R000042,OI0000293,2024-01-23,1,Not as described,1,66.55
R000043,OI0000304,2024-02-08,4,Wrong size,1,296.16
R000044,OI0000313,2024-04-20,1,Changed mind,1,40.68
R000045,OI0000323,2024-09-08,2,Changed mind,1,169.22
R000046,OI0000334,2024-03-14,1,Damaged in transit,0,126.60
R000047,OI0000336,2024-01-28,2,Damaged in transit,0,59.35
R000048,OI0000353,2025-01-20,1,Changed mind,1,111.95
R000049,OI0000361,2024-01-28,1,Not as described,1,52.72
R000050,OI0000365,2024-01-31,1,Damaged in transit,0,30.72
R000051,OI0000367,2024-04-23,1,Not as described,1,40.92
R000052,OI0000376,2024-02-05,1,Faulty,0,77.82
R000053,OI0000378,2024-03-19,1,Changed mind,1,45.89
R000054,OI0000379,2024-03-25,1,Damaged in transit,0,128.93
R000055,OI0000382,2024-02-04,1,Faulty,0,116.54
R000056,OI0000387,2024-01-30,1,Not as described,1,24.52
R000057,OI0000390,2024-01-22,1,Wrong size,1,83.31
R000058,OI0000402,2024-02-27,1,Wrong size,1,34.92
R000059,OI0000414,2024-01-30,1,Faulty,0,57.11
R000060,OI0000417,2024-03-29,1,Changed mind,1,78.15
R000061,OI0000424,2024-02-14,1,Arrived too late,1,22.16
R000062,OI0000442,2024-02-23,1,Arrived too late,1,83.39
R000063,OI0000443,2024-02-26,1,Changed mind,1,122.76
R000064,OI0000445,2024-02-21,1,Changed mind,1,14.15
R000065,OI0000450,2024-02-10,1,Changed mind,1,49.48
R000066,OI0000458,2024-07-16,1,Wrong size,1,37.21
R000067,OI0000475,2024-06-11,1,Arrived too late,1,50.12
R000068,OI0000477,2024-01-25,1,Changed mind,1,112.24
R000069,OI0000483,2024-03-11,1,Faulty,0,94.68
R000070,OI0000502,2024-04-26,1,Damaged in transit,0,122.76
R000071,OI0000504,2024-02-06,1,Wrong size,1,57.35
R000072,OI0000513,2024-02-18,1,Changed mind,1,240.18
R000073,OI0000521,2024-04-07,1,Wrong size,1,45.89
R000074,OI0000526,2024-02-06,2,Changed mind,1,61.37
R000075,OI0000539,2024-03-28,1,Changed mind,1,333.79
R000076,OI0000547,2024-02-19,1,Wrong size,1,100.06
R000077,OI0000553,2024-02-07,1,Changed mind,1,21.21
R000078,OI0000574,2024-06-06,1,Not as described,1,51.99
R000079,OI0000583,2024-06-08,1,Not as described,1,65.52
R000080,OI0000586,2024-10-18,1,Damaged in transit,0,52.23
R000081,OI0000587,2024-10-25,1,Wrong size,1,26.40
R000082,OI0000588,2024-02-14,1,Changed mind,1,148.15
R000083,OI0000593,2024-05-03,1,Wrong size,1,31.13
R000084,OI0000594,2024-06-10,1,Not as described,1,86.14
R000085,OI0000609,2024-02-05,1,Wrong size,1,97.95
R000086,OI0000623,2025-05-02,2,Not as described,1,266.24
R000087,OI0000647,2025-03-15,1,Changed mind,1,38.00
R000088,OI0000655,2024-03-01,1,Changed mind,1,28.95
R000089,OI0000663,2024-03-27,1,Faulty,0,52.72
R000090,OI0000668,2024-11-27,1,Wrong size,1,27.43
R000091,OI0000669,2024-12-06,1,Changed mind,1,109.03
R000092,OI0000673,2024-02-05,1,Wrong size,1,25.82
R000093,OI0000674,2024-02-11,1,Changed mind,1,76.00
R000094,OI0000676,2024-02-05,1,Wrong size,1,189.90
R000095,OI0000697,2024-02-26,1,Wrong size,1,71.30
R000096,OI0000707,2024-04-10,1,Damaged in transit,0,28.97
R000097,OI0000717,2024-03-21,1,Faulty,0,35.49
R000098,OI0000718,2024-03-27,1,Wrong size,1,77.82
R000099,OI0000722,2024-02-23,1,Arrived too late,1,90.94
R000100,OI0000730,2024-02-11,1,Not as described,1,103.97
R000101,OI0000732,2024-03-08,1,Faulty,0,77.82
R000102,OI0000742,2024-02-16,1,Changed mind,1,105.15
R000103,OI0000745,2024-06-16,1,Wrong size,1,70.92
R000104,OI0000748,2024-12-08,2,Not as described,1,114.84
R000105,OI0000752,2024-03-03,1,Wrong size,1,226.66
R000106,OI0000757,2024-02-25,1,Damaged in transit,0,27.18
R000107,OI0000758,2024-03-04,1,Wrong size,1,77.13
R000108,OI0000763,2024-02-24,1,Not as described,1,19.04
R000109,OI0000764,2024-03-01,1,Wrong size,1,29.53
R000110,OI0000767,2024-05-14,1,Arrived too late,1,73.72
R000111,OI0000774,2024-05-05,1,Changed mind,1,105.21
R000112,OI0000783,2024-02-18,1,Not as described,1,73.72
R000113,OI0000785,2024-03-02,1,Damaged in transit,0,125.23
R000114,OI0000800,2024-02-10,2,Wrong size,1,332.26
R000115,OI0000803,2024-02-21,1,Wrong size,1,99.97
R000116,OI0000807,2024-07-07,1,Wrong size,1,44.28
R000117,OI0000809,2024-03-08,1,Damaged in transit,0,78.64
R000118,OI0000813,2024-03-23,1,Changed mind,1,243.13
R000119,OI0000823,2024-02-23,3,Changed mind,1,132.84
R000120,OI0000839,2024-02-24,1,Not as described,1,139.31
R000121,OI0000847,2024-07-17,1,Faulty,0,156.81
R000122,OI0000853,2024-05-06,1,Not as described,1,31.44
R000123,OI0000861,2024-02-14,1,Not as described,1,86.85
R000124,OI0000865,2024-03-08,1,Wrong size,1,22.45
R000125,OI0000886,2024-03-02,2,Changed mind,1,118.44
R000126,OI0000889,2024-02-19,2,Not as described,1,118.40
R000127,OI0000895,2024-03-05,1,Arrived too late,1,184.72
R000128,OI0000908,2024-05-08,1,Wrong size,1,26.49
R000129,OI0000940,2024-06-07,1,Faulty,0,94.68
R000130,OI0000941,2024-08-08,1,Wrong size,1,51.99
R000131,OI0000951,2024-03-07,1,Wrong size,1,53.02
R000132,OI0000964,2024-02-21,1,Changed mind,1,93.30
R000133,OI0000969,2024-03-11,1,Arrived too late,1,65.52
R000134,OI0000972,2024-03-06,1,Arrived too late,1,23.05
R000135,OI0000974,2024-04-11,1,Not as described,1,52.72
R000136,OI0000978,2024-03-12,1,Not as described,1,113.30
R000137,OI0000986,2024-02-24,1,Not as described,1,49.48
R000138,OI0000987,2024-03-09,1,Not as described,1,260.61
R000139,OI0000994,2024-02-18,1,Wrong size,1,126.60
R000140,OI0001008,2024-02-29,4,Changed mind,1,334.00
R000141,OI0001037,2024-03-05,1,Arrived too late,1,472.93
R000142,OI0001048,2024-03-18,2,Not as described,1,103.98
R000143,OI0001050,2024-04-29,1,Wrong size,1,95.77
R000144,OI0001062,2024-07-24,1,Wrong size,1,66.51
R000145,OI0001069,2024-12-04,1,Arrived too late,1,39.94
R000146,OI0001084,2024-03-11,1,Not as described,1,66.51
R000147,OI0001085,2024-03-06,1,Wrong size,1,38.97
R000148,OI0001094,2024-03-15,1,Wrong size,1,200.86
R000149,OI0001109,2024-02-24,1,Wrong size,1,24.97
R000150,OI0001115,2024-02-29,1,Changed mind,1,95.89
R000151,OI0001117,2024-03-17,1,Wrong size,1,68.19
R000152,OI0001129,2024-02-28,1,Damaged in transit,0,118.22
R000153,OI0001132,2024-03-04,1,Not as described,1,53.02
R000154,OI0001136,2024-03-11,1,Arrived too late,1,87.92
R000155,OI0001142,2024-02-29,1,Changed mind,1,93.30
R000156,OI0001154,2024-03-11,1,Arrived too late,1,88.93
R000157,OI0001161,2024-03-12,1,Faulty,0,211.86
R000158,OI0001163,2024-03-14,1,Not as described,1,107.20
R000159,OI0001170,2024-03-14,1,Not as described,1,122.54
R000160,OI0001171,2024-03-08,1,Changed mind,1,33.23
R000161,OI0001179,2024-03-27,1,Wrong size,1,31.99
R000162,OI0001198,2024-10-19,1,Not as described,1,19.99
R000163,OI0001204,2024-03-07,1,Changed mind,1,38.43
R000164,OI0001205,2024-03-25,1,Wrong size,1,59.52
R000165,OI0001217,2024-03-06,1,Not as described,1,119.88
R000166,OI0001227,2024-09-21,1,Not as described,1,31.44
R000167,OI0001231,2025-01-02,1,Changed mind,1,113.30
R000168,OI0001232,2025-01-27,1,Not as described,1,27.43
R000169,OI0001236,2024-03-25,1,Damaged in transit,0,83.70
R000170,OI0001241,2024-03-29,2,Changed mind,1,199.94
R000171,OI0001242,2024-03-24,1,Faulty,0,32.59
R000172,OI0001246,2024-04-18,1,Damaged in transit,0,33.23
R000173,OI0001248,2024-03-04,2,Damaged in transit,0,64.47
R000174,OI0001250,2024-03-28,2,Arrived too late,1,149.34
R000175,OI0001273,2024-03-21,1,Faulty,0,81.65
R000176,OI0001287,2024-08-28,1,Wrong size,1,67.23
R000177,OI0001292,2025-02-03,1,Wrong size,1,122.76
R000178,OI0001295,2024-03-22,2,Not as described,1,48.66
R000179,OI0001300,2024-04-27,1,Changed mind,1,38.97
R000180,OI0001301,2024-05-09,1,Not as described,1,88.93
R000181,OI0001302,2024-05-02,1,Wrong size,1,29.86
R000182,OI0001308,2024-03-28,1,Not as described,1,19.53
R000183,OI0001330,2024-03-17,1,Faulty,0,82.23
R000184,OI0001333,2024-04-08,1,Changed mind,1,38.97
R000185,OI0001351,2024-03-01,1,Changed mind,1,337.99
R000186,OI0001359,2024-04-01,1,Damaged in transit,0,139.31
R000187,OI0001365,2024-03-22,1,Wrong size,1,94.37
R000188,OI0001374,2024-09-04,1,Wrong size,1,37.60
R000189,OI0001384,2025-10-29,2,Changed mind,1,129.84
R000190,OI0001388,2025-12-22,1,Wrong size,1,23.22
R000191,OI0001389,2024-03-10,1,Faulty,0,113.30
R000192,OI0001398,2024-03-16,1,Faulty,0,53.02
R000193,OI0001399,2024-03-12,1,Not as described,1,109.53
R000194,OI0001400,2024-03-06,2,Faulty,0,85.82
R000195,OI0001402,2024-03-30,1,Changed mind,1,65.94
R000196,OI0001405,2024-03-08,1,Damaged in transit,0,68.67
R000197,OI0001411,2024-03-20,1,Wrong size,1,41.36
R000198,OI0001419,2024-05-13,1,Damaged in transit,0,26.40
R000199,OI0001420,2024-04-28,1,Wrong size,1,39.36
R000200,OI0001431,2025-08-04,1,Faulty,0,189.90
R000201,OI0001436,2024-03-23,1,Damaged in transit,0,111.95
R000202,OI0001441,2024-05-19,1,Not as described,1,156.81
R000203,OI0001444,2024-05-18,1,Changed mind,1,33.68
R000204,OI0001454,2024-03-25,1,Damaged in transit,0,117.17
R000205,OI0001457,2024-07-15,1,Wrong size,1,425.20
R000206,OI0001462,2024-03-25,1,Faulty,0,32.85
R000207,OI0001469,2024-03-24,2,Wrong size,1,66.60
R000208,OI0001475,2024-03-27,1,Changed mind,1,22.60
R000209,OI0001479,2024-06-20,2,Changed mind,1,62.88
R000210,OI0001488,2024-03-15,2,Not as described,1,189.36
R000211,OI0001489,2024-04-19,2,Changed mind,1,156.30
R000212,OI0001492,2024-03-14,1,Faulty,0,120.05
R000213,OI0001499,2024-03-19,1,Changed mind,1,94.68
R000214,OI0001506,2024-03-31,1,Changed mind,1,131.59
R000215,OI0001509,2024-03-25,1,Faulty,0,83.39
R000216,OI0001510,2024-06-16,1,Changed mind,1,79.76
R000217,OI0001516,2024-03-15,1,Wrong size,1,131.59
R000218,OI0001517,2024-03-29,1,Arrived too late,1,20.90
R000219,OI0001523,2024-04-24,1,Changed mind,1,97.95
R000220,OI0001528,2024-03-14,1,Arrived too late,1,97.95
R000221,OI0001542,2024-07-30,1,Not as described,1,67.74
R000222,OI0001547,2024-03-30,1,Wrong size,1,105.15
R000223,OI0001548,2024-03-19,1,Faulty,0,99.28
R000224,OI0001549,2024-03-18,1,Changed mind,1,67.74
R000225,OI0001552,2024-03-27,1,Wrong size,1,65.52
R000226,OI0001553,2024-03-24,3,Damaged in transit,0,238.25
R000227,OI0001559,2024-05-02,3,Changed mind,1,158.16
R000228,OI0001560,2024-05-01,1,Not as described,1,38.00
R000229,OI0001568,2024-03-12,1,Not as described,1,93.79
R000230,OI0001569,2024-03-14,1,Wrong size,1,90.94
R000231,OI0001577,2025-05-12,1,Arrived too late,1,33.10
R000232,OI0001581,2024-05-09,1,Changed mind,1,126.14
R000233,OI0001584,2024-04-11,2,Arrived too late,1,70.98
R000234,OI0001585,2024-04-07,1,Not as described,1,272.93
R000235,OI0001588,2024-03-17,1,Wrong size,1,59.96
R000236,OI0001609,2024-03-26,1,Wrong size,1,31.33
R000237,OI0001610,2024-03-30,1,Changed mind,1,105.15
R000238,OI0001639,2024-04-12,2,Changed mind,1,150.12
R000239,OI0001651,2024-03-23,1,Changed mind,1,34.06
R000240,OI0001671,2024-04-11,1,Wrong size,1,74.03
R000241,OI0001680,2024-08-17,1,Damaged in transit,0,113.30
R000242,OI0001689,2024-05-14,1,Not as described,1,22.27
R000243,OI0001691,2024-08-06,1,Wrong size,1,82.01
R000244,OI0001693,2024-07-27,1,Wrong size,1,208.78
R000245,OI0001698,2024-05-26,1,Wrong size,1,45.89
R000246,OI0001707,2025-02-26,1,Changed mind,1,290.67
R000247,OI0001711,2024-03-27,1,Wrong size,1,114.97
R000248,OI0001713,2024-04-07,1,Wrong size,1,44.67
R000249,OI0001731,2024-03-28,1,Changed mind,1,148.15
R000250,OI0001732,2024-04-09,1,Damaged in transit,0,21.37
R000251,OI0001737,2024-06-28,1,Changed mind,1,101.10
R000252,OI0001746,2024-12-19,1,Not as described,1,62.01
R000253,OI0001752,2024-06-08,1,Damaged in transit,0,95.89
R000254,OI0001771,2024-03-27,1,Wrong size,1,89.75
R000255,OI0001773,2024-05-02,1,Changed mind,1,120.05
R000256,OI0001777,2024-04-11,1,Wrong size,1,41.79
R000257,OI0001784,2024-05-25,1,Wrong size,1,17.47
R000258,OI0001785,2024-08-05,1,Wrong size,1,122.50
R000259,OI0001789,2024-03-26,1,Faulty,0,99.97
R000260,OI0001794,2024-03-25,1,Damaged in transit,0,122.50
R000261,OI0001798,2024-06-10,1,Wrong size,1,53.47
R000262,OI0001806,2025-01-07,2,Changed mind,1,263.06
R000263,OI0001814,2024-05-20,1,Damaged in transit,0,91.19
R000264,OI0001817,2024-10-09,1,Changed mind,1,22.27
R000265,OI0001819,2024-09-20,1,Wrong size,1,97.32
R000266,OI0001821,2024-04-01,2,Wrong size,1,134.46
R000267,OI0001823,2024-04-07,1,Arrived too late,1,116.07
R000268,OI0001824,2024-04-13,1,Wrong size,1,53.40
R000269,OI0001825,2024-04-19,2,Not as described,1,207.42
R000270,OI0001829,2024-03-24,1,Damaged in transit,0,96.08
R000271,OI0001840,2024-04-14,2,Not as described,1,131.88
R000272,OI0001844,2024-04-02,1,Damaged in transit,0,211.86
R000273,OI0001846,2024-04-17,1,Changed mind,1,43.18
R000274,OI0001849,2024-05-04,1,Changed mind,1,18.64
R000275,OI0001854,2024-06-18,2,Not as described,1,96.00
R000276,OI0001855,2024-05-23,3,Damaged in transit,0,154.72
R000277,OI0001856,2024-05-28,1,Arrived too late,1,87.16
R000278,OI0001861,2024-05-05,1,Damaged in transit,0,72.73
R000279,OI0001866,2024-07-09,1,Damaged in transit,0,30.81
R000280,OI0001876,2024-04-22,2,Arrived too late,1,271.68
R000281,OI0001882,2024-07-30,1,Faulty,0,125.23
R000282,OI0001888,2024-06-01,1,Faulty,0,169.49
R000283,OI0001889,2024-05-28,1,Not as described,1,91.05
R000284,OI0001891,2024-04-17,1,Wrong size,1,272.93
R000285,OI0001907,2024-04-11,1,Arrived too late,1,41.79
R000286,OI0001916,2024-10-11,3,Changed mind,1,121.83
R000287,OI0001918,2024-04-12,2,Not as described,1,180.33
R000288,OI0001919,2024-06-02,1,Not as described,1,131.59
R000289,OI0001929,2024-04-11,1,Wrong size,1,386.68
R000290,OI0001932,2024-04-11,1,Faulty,0,113.43
R000291,OI0001941,2024-06-12,1,Arrived too late,1,130.98
R000292,OI0001943,2024-04-20,2,Faulty,0,81.22
R000293,OI0001945,2024-06-21,1,Not as described,1,73.72
R000294,OI0001947,2024-09-12,1,Damaged in transit,0,113.30
R000295,OI0001963,2024-04-05,2,Changed mind,1,51.01
R000296,OI0001966,2024-04-05,1,Wrong size,1,27.30
R000297,OI0001967,2024-04-15,1,Not as described,1,113.30
R000298,OI0001983,2024-04-05,1,Faulty,0,79.75
R000299,OI0001993,2024-06-29,1,Not as described,1,111.95
R000300,OI0002000,2024-04-23,1,Arrived too late,1,57.53
R000301,OI0002001,2024-04-23,1,Changed mind,1,42.83
R000302,OI0002012,2024-10-19,1,Wrong size,1,27.55
R000303,OI0002016,2024-10-11,1,Faulty,0,105.15
R000304,OI0002017,2025-06-05,1,Wrong size,1,133.03
R000305,OI0002018,2024-04-06,1,Not as described,1,122.76
R000306,OI0002040,2024-04-12,1,Arrived too late,1,83.39
R000307,OI0002042,2024-04-21,1,Changed mind,1,134.40
R000308,OI0002059,2024-05-26,1,Wrong size,1,131.59
R000309,OI0002061,2024-04-29,1,Arrived too late,1,44.28
R000310,OI0002065,2024-05-03,1,Changed mind,1,184.72
R000311,OI0002067,2024-04-07,1,Changed mind,1,109.03
R000312,OI0002069,2024-04-09,1,Wrong size,1,107.20
R000313,OI0002075,2024-11-19,1,Arrived too late,1,31.44
R000314,OI0002088,2024-07-22,1,Changed mind,1,68.19
R000315,OI0002092,2024-04-09,1,Changed mind,1,396.85
R000316,OI0002100,2024-04-20,1,Changed mind,1,68.19
R000317,OI0002102,2024-04-28,1,Damaged in transit,0,29.34
R000318,OI0002104,2024-06-11,1,Changed mind,1,116.54
R000319,OI0002107,2024-04-13,1,Changed mind,1,81.54
R000320,OI0002108,2024-04-12,1,Wrong size,1,77.02
R000321,OI0002115,2024-05-26,1,Changed mind,1,76.35
R000322,OI0002118,2024-04-30,1,Changed mind,1,34.46
R000323,OI0002133,2024-06-10,1,Damaged in transit,0,67.23
R000324,OI0002151,2024-04-08,1,Changed mind,1,87.51
R000325,OI0002167,2024-11-21,1,Wrong size,1,117.17
R000326,OI0002185,2024-07-08,1,Faulty,0,111.53
R000327,OI0002187,2024-07-12,1,Arrived too late,1,21.76
R000328,OI0002197,2024-04-25,1,Changed mind,1,68.40
R000329,OI0002208,2024-07-26,1,Faulty,0,77.82
R000330,OI0002224,2024-08-19,1,Changed mind,1,128.93
R000331,OI0002227,2024-04-12,1,Wrong size,1,49.85
R000332,OI0002234,2024-06-06,1,Not as described,1,208.78
R000333,OI0002236,2024-05-21,1,Changed mind,1,237.54
R000334,OI0002256,2024-11-14,1,Wrong size,1,89.67
R000335,OI0002262,2024-05-04,2,Not as described,1,896.36
R000336,OI0002265,2024-06-06,1,Changed mind,1,131.59
R000337,OI0002266,2024-04-21,3,Not as described,1,203.22
R000338,OI0002268,2024-06-06,1,Wrong size,1,54.64
R000339,OI0002269,2024-06-16,1,Faulty,0,23.49
R000340,OI0002270,2024-05-09,1,Changed mind,1,68.67
R000341,OI0002277,2024-04-13,1,Changed mind,1,107.04
R000342,OI0002283,2024-07-05,1,Changed mind,1,169.23
R000343,OI0002286,2024-09-12,1,Arrived too late,1,100.06
R000344,OI0002288,2024-05-02,1,Wrong size,1,17.21
R000345,OI0002305,2024-04-22,1,Changed mind,1,30.18
R000346,OI0002312,2024-05-10,1,Changed mind,1,52.35
R000347,OI0002320,2024-04-24,1,Not as described,1,164.80
R000348,OI0002324,2025-02-13,1,Changed mind,1,50.47
R000349,OI0002336,2024-10-12,1,Arrived too late,1,369.16
R000350,OI0002341,2024-04-21,1,Damaged in transit,0,83.39
R000351,OI0002349,2024-04-25,1,Not as described,1,124.59
R000352,OI0002362,2024-04-15,2,Faulty,0,223.80
R000353,OI0002363,2024-05-13,1,Not as described,1,437.76
R000354,OI0002364,2024-04-21,3,Faulty,0,131.25
R000355,OI0002370,2024-12-05,1,Changed mind,1,43.44
R000356,OI0002374,2024-04-29,1,Damaged in transit,0,33.94
R000357,OI0002381,2024-10-31,1,Damaged in transit,0,107.20
R000358,OI0002383,2024-11-04,1,Damaged in transit,0,112.24
R000359,OI0002392,2024-07-31,1,Faulty,0,112.57
R000360,OI0002394,2024-04-19,1,Changed mind,1,87.12
R000361,OI0002399,2024-05-02,1,Changed mind,1,31.13
R000362,OI0002413,2024-05-09,2,Damaged in transit,0,41.80
R000363,OI0002419,2024-05-05,1,Not as described,1,20.90
R000364,OI0002422,2024-06-20,1,Changed mind,1,148.15
R000365,OI0002423,2024-06-24,1,Changed mind,1,83.95
R000366,OI0002432,2024-04-26,1,Arrived too late,1,58.95
R000367,OI0002440,2024-06-23,1,Arrived too late,1,133.69
R000368,OI0002443,2024-04-25,1,Changed mind,1,135.84
R000369,OI0002447,2024-06-25,1,Not as described,1,169.49
R000370,OI0002458,2024-04-21,1,Changed mind,1,65.52
R000371,OI0002461,2024-04-28,1,Arrived too late,1,87.12
R000372,OI0002474,2024-07-20,1,Changed mind,1,44.78
R000373,OI0002494,2024-05-13,1,Damaged in transit,0,263.09
R000374,OI0002514,2024-05-13,1,Wrong size,1,67.23
R000375,OI0002516,2024-04-26,1,Arrived too late,1,44.67
R000376,OI0002518,2024-04-18,1,Faulty,0,83.39
R000377,OI0002520,2024-04-28,1,Wrong size,1,50.05
R000378,OI0002521,2024-05-04,1,Faulty,0,107.23
R000379,OI0002523,2024-05-07,1,Changed mind,1,243.13
R000380,OI0002529,2024-05-18,1,Faulty,0,131.49
R000381,OI0002535,2024-05-13,1,Changed mind,1,260.61
R000382,OI0002537,2024-08-18,1,Arrived too late,1,75.45
R000383,OI0002551,2024-04-29,1,Not as described,1,62.01
R000384,OI0002561,2024-05-13,1,Wrong size,1,122.76
R000385,OI0002563,2024-04-22,1,Changed mind,1,68.67
R000386,OI0002564,2024-04-30,1,Arrived too late,1,219.47
R000387,OI0002583,2024-05-11,1,Wrong size,1,477.87
R000388,OI0002597,2024-06-03,1,Not as described,1,38.93
R000389,OI0002600,2024-08-04,1,Arrived too late,1,38.97
R000390,OI0002605,2024-05-25,1,Changed mind,1,89.34
R000391,OI0002609,2024-07-05,1,Not as described,1,75.04
R000392,OI0002627,2024-08-21,1,Wrong size,1,166.85
R000393,OI0002633,2024-08-17,1,Arrived too late,1,58.95
R000394,OI0002652,2025-05-13,1,Changed mind,1,59.63
R000395,OI0002658,2026-02-19,1,Faulty,0,111.95
R000396,OI0002669,2024-05-21,1,Arrived too late,1,70.92
R000397,OI0002673,2024-05-05,2,Changed mind,1,145.23
R000398,OI0002682,2024-05-08,1,Arrived too late,1,28.00
R000399,OI0002704,2024-04-27,1,Changed mind,1,70.92
R000400,OI0002712,2024-04-27,1,Damaged in transit,0,425.20
R000401,OI0002716,2024-05-28,1,Arrived too late,1,35.49
R000402,OI0002719,2024-07-15,1,Damaged in transit,0,111.90
R000403,OI0002730,2024-06-28,1,Not as described,1,93.30
R000404,OI0002744,2024-05-18,1,Faulty,0,105.21
R000405,OI0002756,2024-05-07,1,Not as described,1,34.19
R000406,OI0002772,2024-04-29,1,Damaged in transit,0,156.81
R000407,OI0002776,2024-05-25,1,Faulty,0,25.56
R000408,OI0002798,2024-05-10,1,Arrived too late,1,107.23
R000409,OI0002799,2024-05-24,1,Arrived too late,1,106.47
R000410,OI0002809,2024-05-07,1,Arrived too late,1,62.01
R000411,OI0002844,2024-05-13,2,Changed mind,1,280.70
R000412,OI0002850,2024-09-19,1,Wrong size,1,83.76
R000413,OI0002852,2024-09-29,1,Arrived too late,1,28.00
R000414,OI0002855,2024-05-02,1,Changed mind,1,70.02
R000415,OI0002859,2024-07-15,1,Wrong size,1,125.94
R000416,OI0002871,2024-05-13,1,Arrived too late,1,54.64
R000417,OI0002873,2024-05-28,1,Arrived too late,1,52.72
R000418,OI0002878,2024-05-14,1,Not as described,1,42.48
R000419,OI0002889,2024-08-31,1,Damaged in transit,0,39.16
R000420,OI0002894,2024-06-14,2,Not as described,1,31.30
R000421,OI0002898,2024-05-09,1,Changed mind,1,93.30
R000422,OI0002909,2024-07-13,1,Wrong size,1,59.96
R000423,OI0002920,2024-05-08,2,Changed mind,1,211.75
R000424,OI0002921,2024-05-09,3,Changed mind,1,170.25
R000425,OI0002941,2024-05-19,1,Not as described,1,41.79
R000426,OI0002950,2024-05-15,1,Wrong size,1,125.23
R000427,OI0002954,2024-11-28,1,Arrived too late,1,89.17
R000428,OI0002958,2024-05-05,1,Not as described,1,448.18
R000429,OI0002977,2024-05-21,1,Wrong size,1,106.52
R000430,OI0002979,2024-05-10,1,Damaged in transit,0,77.72
R000431,OI0002986,2025-10-01,1,Arrived too late,1,77.82
R000432,OI0002987,2026-06-12,1,Changed mind,1,448.18
R000433,OI0002994,2024-07-25,1,Arrived too late,1,189.90
R000434,OI0003003,2024-06-06,1,Faulty,0,95.89
R000435,OI0003017,2024-06-30,1,Arrived too late,1,57.07
R000436,OI0003019,2024-07-19,1,Wrong size,1,81.65
R000437,OI0003021,2024-08-15,2,Changed mind,1,75.79
R000438,OI0003027,2024-10-01,1,Changed mind,1,58.95
R000439,OI0003029,2024-10-17,1,Faulty,0,77.86
R000440,OI0003031,2024-12-29,1,Arrived too late,1,86.31
R000441,OI0003032,2025-01-02,1,Changed mind,1,215.42
R000442,OI0003037,2024-06-04,1,Changed mind,1,216.26
R000443,OI0003038,2024-05-24,1,Faulty,0,156.81
R000444,OI0003053,2025-02-16,1,Changed mind,1,107.20
R000445,OI0003064,2024-05-14,2,Changed mind,1,68.92
R000446,OI0003067,2024-05-26,1,Arrived too late,1,83.39
R000447,OI0003078,2024-08-11,1,Wrong size,1,79.97
R000448,OI0003082,2024-06-23,1,Not as described,1,16.34
R000449,OI0003086,2024-08-19,2,Wrong size,1,31.32
R000450,OI0003087,2024-08-06,1,Not as described,1,35.49
R000451,OI0003088,2024-08-17,4,Not as described,1,97.61
R000452,OI0003089,2024-08-26,1,Faulty,0,179.17
R000453,OI0003091,2024-11-16,1,Changed mind,1,31.13
R000454,OI0003105,2024-05-08,1,Not as described,1,95.77
R000455,OI0003106,2024-05-13,2,Changed mind,1,126.72
R000456,OI0003108,2024-10-09,1,Not as described,1,26.47
R000457,OI0003112,2024-07-10,1,Not as described,1,41.79
R000458,OI0003132,2024-05-18,1,Wrong size,1,50.01
R000459,OI0003141,2024-06-18,1,Changed mind,1,38.41
R000460,OI0003143,2024-06-23,2,Arrived too late,1,432.52
R000461,OI0003144,2024-09-05,1,Damaged in transit,0,90.94
R000462,OI0003151,2024-06-15,1,Damaged in transit,0,65.82
R000463,OI0003160,2024-06-06,1,Faulty,0,27.40
R000464,OI0003170,2024-08-27,2,Arrived too late,1,137.04
R000465,OI0003182,2024-05-28,2,Faulty,0,117.90
R000466,OI0003194,2024-06-10,1,Changed mind,1,448.18
R000467,OI0003195,2024-06-02,1,Not as described,1,53.42
R000468,OI0003197,2024-06-03,1,Not as described,1,105.66
R000469,OI0003199,2024-05-22,1,Changed mind,1,86.70
R000470,OI0003206,2024-05-26,3,Wrong size,1,223.02
R000471,OI0003207,2024-05-14,1,Faulty,0,38.32
R000472,OI0003228,2024-10-12,1,Changed mind,1,129.93
R000473,OI0003238,2024-12-11,1,Damaged in transit,0,74.12
R000474,OI0003244,2024-06-16,1,Not as described,1,66.55
R000475,OI0003251,2024-06-04,1,Faulty,0,44.92
R000476,OI0003264,2024-06-08,1,Changed mind,1,89.30
R000477,OI0003267,2024-05-16,1,Not as described,1,35.79
R000478,OI0003270,2024-07-27,1,Changed mind,1,73.72
R000479,OI0003281,2025-07-02,1,Damaged in transit,0,49.77
R000480,OI0003292,2024-06-27,1,Not as described,1,132.64
R000481,OI0003300,2024-06-13,1,Arrived too late,1,33.81
R000482,OI0003312,2024-05-27,2,Changed mind,1,184.53
R000483,OI0003321,2024-06-08,1,Damaged in transit,0,152.65
R000484,OI0003322,2024-06-08,1,Damaged in transit,0,235.91
R000485,OI0003339,2024-06-01,1,Damaged in transit,0,94.68
R000486,OI0003342,2024-06-05,1,Damaged in transit,0,186.86
R000487,OI0003344,2024-05-20,1,Wrong size,1,53.02
R000488,OI0003345,2024-06-01,2,Not as described,1,323.14
R000489,OI0003352,2024-06-12,1,Wrong size,1,105.15
R000490,OI0003364,2024-05-23,1,Changed mind,1,17.16
R000491,OI0003373,2024-06-15,1,Wrong size,1,169.90
R000492,OI0003375,2024-06-05,1,Arrived too late,1,98.30
R000493,OI0003376,2024-07-16,1,Changed mind,1,62.82
R000494,OI0003378,2024-07-26,3,Not as described,1,407.05
R000495,OI0003383,2024-06-12,1,Not as described,1,52.72
R000496,OI0003389,2024-05-31,1,Wrong size,1,120.05
R000497,OI0003396,2024-05-25,1,Damaged in transit,0,72.63
R000498,OI0003406,2024-07-31,1,Not as described,1,67.74
R000499,OI0003407,2024-06-15,2,Changed mind,1,103.48
R000500,OI0003409,2024-06-08,1,Wrong size,1,93.79
R000501,OI0003418,2024-05-26,1,Damaged in transit,0,58.95
R000502,OI0003420,2024-06-03,2,Changed mind,1,134.46
R000503,OI0003423,2024-06-14,3,Damaged in transit,0,315.63
R000504,OI0003436,2024-07-01,1,Not as described,1,185.21
R000505,OI0003458,2024-06-02,1,Changed mind,1,67.07
R000506,OI0003472,2024-07-26,1,Arrived too late,1,131.49
R000507,OI0003478,2024-07-05,1,Wrong size,1,219.59
R000508,OI0003480,2024-06-27,2,Not as described,1,21.49
R000509,OI0003491,2024-06-07,1,Arrived too late,1,83.70
R000510,OI0003504,2025-04-13,2,Changed mind,1,43.52
R000511,OI0003508,2024-06-02,1,Damaged in transit,0,356.77
R000512,OI0003523,2024-06-11,1,Changed mind,1,123.57
R000513,OI0003524,2024-06-03,1,Wrong size,1,27.83
R000514,OI0003540,2025-01-12,1,Changed mind,1,91.57
R000515,OI0003541,2024-06-18,1,Faulty,0,108.64
R000516,OI0003548,2025-04-19,1,Not as described,1,135.80
R000517,OI0003549,2025-05-01,1,Wrong size,1,49.77
R000518,OI0003550,2025-04-30,1,Damaged in transit,0,81.68
R000519,OI0003557,2024-11-12,1,Not as described,1,65.82
R000520,OI0003573,2024-10-31,1,Changed mind,1,225.30
R000521,OI0003578,2024-05-26,1,Changed mind,1,472.93
R000522,OI0003598,2025-04-17,1,Wrong size,1,337.55
R000523,OI0003610,2024-09-10,1,Changed mind,1,49.72
R000524,OI0003613,2024-10-14,1,Damaged in transit,0,180.08
R000525,OI0003620,2024-06-30,3,Damaged in transit,0,203.22
R000526,OI0003633,2024-06-15,1,Arrived too late,1,41.02
R000527,OI0003641,2024-08-29,1,Arrived too late,1,19.98
R000528,OI0003660,2024-08-17,1,Faulty,0,67.74
R000529,OI0003662,2024-09-25,1,Not as described,1,67.32
R000530,OI0003674,2024-07-21,1,Wrong size,1,225.20
R000531,OI0003683,2025-04-20,3,Not as described,1,249.42
R000532,OI0003685,2025-05-31,1,Wrong size,1,126.60
R000533,OI0003690,2024-07-02,1,Faulty,0,26.68
R000534,OI0003692,2024-05-31,1,Not as described,1,32.59
R000535,OI0003697,2024-06-08,1,Damaged in transit,0,174.00
R000536,OI0003704,2024-06-05,1,Wrong size,1,93.79
R000537,OI0003707,2024-06-10,1,Not as described,1,69.25
R000538,OI0003710,2024-09-28,1,Damaged in transit,0,124.34
R000539,OI0003716,2024-10-11,1,Wrong size,1,64.55
R000540,OI0003731,2024-06-01,3,Wrong size,1,92.79
R000541,OI0003739,2025-03-03,1,Changed mind,1,318.78
R000542,OI0003742,2025-04-15,2,Wrong size,1,196.60
R000543,OI0003745,2024-06-02,1,Wrong size,1,81.68
R000544,OI0003749,2024-09-23,1,Wrong size,1,241.41
R000545,OI0003754,2024-06-26,1,Not as described,1,37.50
R000546,OI0003776,2024-06-09,1,Not as described,1,66.55
R000547,OI0003778,2024-08-17,1,Damaged in transit,0,24.97
R000548,OI0003780,2024-08-11,1,Changed mind,1,33.94
R000549,OI0003786,2024-06-04,1,Wrong size,1,135.84
R000550,OI0003794,2024-06-12,1,Damaged in transit,0,67.74
R000551,OI0003803,2024-06-11,1,Damaged in transit,0,314.09
R000552,OI0003805,2024-06-12,1,Not as described,1,64.55
R000553,OI0003811,2024-06-12,1,Changed mind,1,43.44
R000554,OI0003816,2025-05-14,1,Arrived too late,1,103.71
R000555,OI0003819,2024-06-12,2,Arrived too late,1,192.97
R000556,OI0003822,2024-08-01,1,Damaged in transit,0,181.51
R000557,OI0003824,2024-06-22,1,Not as described,1,128.17
R000558,OI0003825,2024-06-04,1,Arrived too late,1,70.92
R000559,OI0003831,2024-06-25,1,Arrived too late,1,19.26
R000560,OI0003834,2024-06-16,1,Changed mind,1,59.11
R000561,OI0003840,2024-08-03,1,Changed mind,1,70.92
R000562,OI0003855,2024-09-18,1,Arrived too late,1,100.06
R000563,OI0003866,2024-06-16,2,Faulty,0,540.66
R000564,OI0003876,2024-06-20,1,Changed mind,1,99.63
R000565,OI0003884,2024-06-06,2,Wrong size,1,257.86
R000566,OI0003886,2024-06-16,1,Changed mind,1,43.94
R000567,OI0003889,2024-10-04,2,Wrong size,1,200.39
R000568,OI0003894,2024-06-30,3,Wrong size,1,227.64
R000569,OI0003896,2024-06-11,1,Changed mind,1,128.17
R000570,OI0003897,2024-06-27,1,Wrong size,1,108.92
R000571,OI0003898,2024-07-24,1,Changed mind,1,81.65
R000572,OI0003904,2024-08-27,1,Not as described,1,54.98
R000573,OI0003916,2024-06-10,1,Faulty,0,276.02
R000574,OI0003923,2024-06-14,1,Changed mind,1,56.09
R000575,OI0003930,2024-06-25,1,Arrived too late,1,116.07
R000576,OI0003932,2024-06-17,1,Changed mind,1,116.52
R000577,OI0003946,2024-06-07,1,Wrong size,1,122.50
R000578,OI0003957,2024-07-25,1,Wrong size,1,54.16
R000579,OI0003970,2024-06-20,1,Not as described,1,31.44
R000580,OI0003977,2024-07-01,1,Faulty,0,99.93
R000581,OI0003986,2024-06-21,1,Arrived too late,1,226.66
R000582,OI0003993,2024-06-16,1,Arrived too late,1,125.94
R000583,OI0003996,2024-11-29,1,Wrong size,1,44.03
R000584,OI0003997,2025-02-03,1,Not as described,1,36.44
R000585,OI0004004,2024-06-21,1,Changed mind,1,27.15
R000586,OI0004007,2024-06-23,1,Not as described,1,128.17
R000587,OI0004008,2024-06-11,1,Not as described,1,105.21
R000588,OI0004013,2024-09-17,1,Changed mind,1,15.86
R000589,OI0004032,2024-08-28,1,Arrived too late,1,58.95
R000590,OI0004048,2024-06-21,1,Wrong size,1,107.47
R000591,OI0004056,2024-08-04,1,Changed mind,1,36.53
R000592,OI0004058,2024-06-25,1,Damaged in transit,0,38.32
R000593,OI0004069,2024-06-17,1,Changed mind,1,40.49
R000594,OI0004072,2024-09-19,2,Faulty,0,109.28
R000595,OI0004075,2024-08-03,1,Faulty,0,51.99
R000596,OI0004091,2024-06-13,1,Changed mind,1,59.52
R000597,OI0004092,2024-07-06,1,Changed mind,1,39.32
R000598,OI0004096,2024-06-21,1,Wrong size,1,111.90
R000599,OI0004105,2024-06-16,1,Changed mind,1,103.48
R000600,OI0004116,2024-09-20,1,Wrong size,1,106.66
R000601,OI0004129,2024-06-20,1,Changed mind,1,121.70
R000602,OI0004133,2024-07-02,1,Changed mind,1,59.82
R000603,OI0004137,2024-07-05,1,Wrong size,1,75.06
R000604,OI0004139,2024-06-30,1,Not as described,1,105.15
R000605,OI0004146,2024-07-09,2,Not as described,1,68.92
R000606,OI0004165,2024-06-28,2,Damaged in transit,0,195.90
R000607,OI0004172,2024-06-25,1,Changed mind,1,24.90
R000608,OI0004177,2024-10-12,1,Not as described,1,128.93
R000609,OI0004178,2025-09-16,1,Changed mind,1,104.67
R000610,OI0004204,2024-06-25,1,Wrong size,1,30.00
R000611,OI0004205,2024-06-18,4,Wrong size,1,943.64
R000612,OI0004231,2024-06-22,1,Damaged in transit,0,125.23
R000613,OI0004237,2024-07-09,1,Not as described,1,142.01
R000614,OI0004241,2024-07-04,1,Faulty,0,83.50
R000615,OI0004272,2024-12-02,1,Faulty,0,174.00
R000616,OI0004273,2024-11-27,1,Not as described,1,73.72
R000617,OI0004283,2024-07-07,1,Wrong size,1,74.17
R000618,OI0004293,2024-07-02,1,Not as described,1,53.24
R000619,OI0004300,2024-12-01,1,Changed mind,1,120.53
R000620,OI0004304,2025-03-15,1,Changed mind,1,100.15
R000621,OI0004308,2024-07-16,1,Wrong size,1,97.59
R000622,OI0004314,2024-06-21,1,Changed mind,1,42.32
R000623,OI0004322,2024-07-11,1,Changed mind,1,274.44
R000624,OI0004325,2024-10-29,1,Damaged in transit,0,128.17
R000625,OI0004327,2024-07-04,1,Damaged in transit,0,477.87
R000626,OI0004337,2024-06-27,1,Arrived too late,1,129.33
R000627,OI0004339,2024-10-08,2,Arrived too late,1,405.08
R000628,OI0004343,2024-07-15,1,Changed mind,1,125.94
R000629,OI0004347,2024-11-03,1,Faulty,0,95.89
R000630,OI0004356,2024-11-20,1,Wrong size,1,59.79
R000631,OI0004360,2025-06-01,1,Not as described,1,59.87
R000632,OI0004365,2024-07-11,1,Wrong size,1,34.46
R000633,OI0004379,2024-09-03,1,Faulty,0,31.99
R000634,OI0004385,2024-07-04,1,Faulty,0,49.48
R000635,OI0004403,2024-07-12,1,Damaged in transit,0,180.08
R000636,OI0004407,2024-11-05,1,Damaged in transit,0,131.49
R000637,OI0004408,2024-11-11,4,Wrong size,1,399.88
R000638,OI0004419,2024-08-10,1,Changed mind,1,34.19
R000639,OI0004427,2024-07-09,1,Damaged in transit,0,57.87
R000640,OI0004428,2024-08-31,1,Arrived too late,1,116.64
R000641,OI0004430,2024-07-19,1,Arrived too late,1,51.99
R000642,OI0004432,2024-07-04,1,Not as described,1,76.12
R000643,OI0004434,2024-06-30,1,Wrong size,1,40.61
R000644,OI0004436,2024-08-09,1,Wrong size,1,37.78
R000645,OI0004438,2024-07-02,1,Changed mind,1,203.71
R000646,OI0004439,2024-07-03,1,Changed mind,1,117.17
R000647,OI0004469,2024-06-25,1,Wrong size,1,117.17
R000648,OI0004476,2024-07-08,1,Damaged in transit,0,49.85
R000649,OI0004477,2024-07-23,1,Not as described,1,126.60
R000650,OI0004479,2024-07-14,1,Not as described,1,106.66
R000651,OI0004480,2024-07-03,1,Changed mind,1,85.35
R000652,OI0004502,2024-07-13,2,Wrong size,1,99.54
R000653,OI0004514,2025-06-27,1,Wrong size,1,53.41
R000654,OI0004520,2024-11-23,1,Changed mind,1,66.51
R000655,OI0004529,2026-01-05,1,Wrong size,1,189.90
R000656,OI0004531,2026-04-15,1,Faulty,0,105.21
R000657,OI0004534,2024-07-07,1,Faulty,0,95.89
R000658,OI0004540,2024-07-07,1,Wrong size,1,184.72
R000659,OI0004545,2024-09-27,1,Changed mind,1,70.92
R000660,OI0004554,2024-07-09,1,Wrong size,1,21.07
R000661,OI0004566,2024-06-28,2,Changed mind,1,240.10
R000662,OI0004569,2024-07-27,1,Arrived too late,1,44.28
R000663,OI0004571,2024-09-06,1,Changed mind,1,105.15
R000664,OI0004572,2025-02-12,1,Arrived too late,1,128.93
R000665,OI0004576,2024-07-02,1,Not as described,1,100.59
R000666,OI0004579,2024-11-24,2,Damaged in transit,0,194.82
R000667,OI0004593,2024-08-17,1,Damaged in transit,0,25.45
R000668,OI0004594,2024-11-10,1,Arrived too late,1,122.50
R000669,OI0004607,2025-09-23,1,Damaged in transit,0,206.19
R000670,OI0004614,2024-07-19,1,Faulty,0,81.65
R000671,OI0004615,2024-08-01,1,Wrong size,1,36.53
R000672,OI0004617,2024-08-05,1,Wrong size,1,29.59
R000673,OI0004619,2024-07-08,1,Changed mind,1,87.12
R000674,OI0004620,2024-07-13,1,Wrong size,1,53.00
R000675,OI0004628,2024-08-22,1,Arrived too late,1,112.01
R000676,OI0004631,2024-12-13,1,Changed mind,1,74.17
R000677,OI0004668,2025-08-12,1,Damaged in transit,0,55.35
R000678,OI0004689,2024-07-02,1,Not as described,1,90.44
R000679,OI0004708,2024-11-03,1,Faulty,0,180.08
R000680,OI0004714,2024-07-02,1,Changed mind,1,83.50
R000681,OI0004720,2024-11-05,1,Damaged in transit,0,75.33
R000682,OI0004729,2025-05-08,1,Not as described,1,33.84
R000683,OI0004733,2024-07-13,1,Wrong size,1,81.65
R000684,OI0004734,2024-06-30,2,Wrong size,1,56.98
R000685,OI0004749,2024-07-12,1,Arrived too late,1,16.57
R000686,OI0004752,2024-08-30,1,Damaged in transit,0,87.12
R000687,OI0004757,2024-08-22,1,Wrong size,1,34.46
R000688,OI0004758,2024-08-27,1,Changed mind,1,39.23
R000689,OI0004759,2024-10-03,1,Changed mind,1,14.66
R000690,OI0004774,2024-09-08,1,Changed mind,1,17.32
R000691,OI0004781,2024-09-12,1,Changed mind,1,60.85
R000692,OI0004782,2024-07-18,1,Damaged in transit,0,64.55
R000693,OI0004789,2024-07-26,1,Wrong size,1,34.03
R000694,OI0004792,2024-09-30,1,Arrived too late,1,128.17
R000695,OI0004795,2024-07-15,1,Changed mind,1,133.12
R000696,OI0004798,2024-11-01,1,Arrived too late,1,113.30
R000697,OI0004811,2024-08-28,1,Changed mind,1,62.01
R000698,OI0004818,2024-07-24,1,Changed mind,1,34.46
R000699,OI0004819,2024-10-16,1,Wrong size,1,98.93
R000700,OI0004830,2024-07-22,1,Wrong size,1,31.26
R000701,OI0004836,2024-07-25,1,Wrong size,1,35.49
R000702,OI0004837,2024-07-08,2,Changed mind,1,99.70
R000703,OI0004844,2024-07-31,1,Wrong size,1,45.89
R000704,OI0004845,2024-07-11,3,Damaged in transit,0,218.91
R000705,OI0004849,2024-07-15,1,Wrong size,1,272.93
R000706,OI0004854,2024-11-25,1,Arrived too late,1,65.52
R000707,OI0004867,2024-07-16,1,Wrong size,1,31.98
R000708,OI0004871,2024-08-10,1,Changed mind,1,105.21
R000709,OI0004873,2024-10-13,1,Faulty,0,103.71
R000710,OI0004877,2025-04-21,1,Changed mind,1,45.89
R000711,OI0004883,2024-07-13,1,Changed mind,1,175.32
R000712,OI0004890,2024-07-09,1,Not as described,1,26.42
R000713,OI0004891,2024-07-27,2,Arrived too late,1,51.12
R000714,OI0004892,2024-07-24,1,Changed mind,1,126.60
R000715,OI0004895,2024-07-30,1,Not as described,1,477.87
R000716,OI0004898,2024-10-23,1,Wrong size,1,81.65
R000717,OI0004902,2024-07-31,1,Changed mind,1,148.15
R000718,OI0004926,2024-07-21,2,Damaged in transit,0,171.52
R000719,OI0004928,2024-07-29,1,Arrived too late,1,88.93
R000720,OI0004941,2024-08-30,1,Faulty,0,105.21
R000721,OI0004951,2024-07-31,1,Damaged in transit,0,63.16
R000722,OI0004960,2024-11-28,3,Changed mind,1,394.47
R000723,OI0004961,2024-12-14,2,Changed mind,1,412.38
R000724,OI0004963,2025-03-06,1,Arrived too late,1,25.56
R000725,OI0004968,2025-05-31,1,Wrong size,1,125.94
R000726,OI0004970,2024-07-31,1,Arrived too late,1,64.55
R000727,OI0004974,2024-07-16,1,Changed mind,1,52.72
R000728,OI0004977,2024-07-13,2,Wrong size,1,76.73
R000729,OI0005016,2024-07-28,1,Not as described,1,116.52
R000730,OI0005017,2024-08-01,1,Faulty,0,62.92
R000731,OI0005033,2025-01-15,1,Faulty,0,38.00
R000732,OI0005041,2024-07-07,1,Changed mind,1,158.64
R000733,OI0005044,2024-07-09,1,Changed mind,1,437.76
R000734,OI0005051,2024-10-24,1,Damaged in transit,0,386.68
R000735,OI0005052,2024-07-16,1,Changed mind,1,40.68
R000736,OI0005053,2024-08-01,1,Changed mind,1,101.19
R000737,OI0005056,2024-07-21,1,Wrong size,1,33.94
R000738,OI0005059,2024-07-10,1,Not as described,1,81.65
R000739,OI0005082,2024-07-18,1,Arrived too late,1,83.39
R000740,OI0005083,2024-09-13,1,Changed mind,1,89.69
R000741,OI0005086,2024-07-30,1,Not as described,1,116.52
R000742,OI0005090,2024-07-26,1,Changed mind,1,245.75
R000743,OI0005093,2024-07-17,1,Not as described,1,168.71
R000744,OI0005101,2025-05-09,1,Wrong size,1,79.76
R000745,OI0005109,2024-07-25,1,Wrong size,1,94.58
R000746,OI0005114,2024-07-14,1,Faulty,0,120.05
R000747,OI0005115,2024-07-23,1,Faulty,0,128.17
R000748,OI0005124,2024-08-28,1,Changed mind,1,44.28
R000749,OI0005131,2024-11-18,2,Wrong size,1,57.46
R000750,OI0005135,2024-07-14,3,Damaged in transit,0,150.36
R000751,OI0005136,2024-08-05,1,Not as described,1,128.17
R000752,OI0005143,2024-07-22,1,Damaged in transit,0,74.33
R000753,OI0005149,2024-07-13,2,Not as described,1,181.88
R000754,OI0005150,2025-03-20,1,Changed mind,1,31.60
R000755,OI0005154,2024-07-21,1,Changed mind,1,65.52
R000756,OI0005157,2024-10-04,1,Changed mind,1,93.30
R000757,OI0005159,2024-09-24,1,Changed mind,1,70.92
R000758,OI0005164,2024-09-06,1,Wrong size,1,49.85
R000759,OI0005165,2024-09-11,1,Damaged in transit,0,83.19
R000760,OI0005167,2024-09-15,1,Wrong size,1,34.19
R000761,OI0005177,2024-10-27,3,Changed mind,1,69.95
R000762,OI0005179,2024-07-16,1,Wrong size,1,27.43
R000763,OI0005180,2024-07-22,1,Not as described,1,33.94
R000764,OI0005183,2024-12-13,1,Faulty,0,20.90
R000765,OI0005194,2024-07-24,1,Not as described,1,47.86
R000766,OI0005199,2024-08-01,1,Changed mind,1,206.19
R000767,OI0005200,2024-07-28,1,Changed mind,1,96.89
R000768,OI0005208,2025-01-19,1,Changed mind,1,19.98
R000769,OI0005212,2025-05-24,1,Arrived too late,1,42.85
R000770,OI0005216,2024-07-29,1,Wrong size,1,241.41
R000771,OI0005224,2024-07-30,1,Changed mind,1,116.54
R000772,OI0005227,2024-11-09,1,Wrong size,1,59.52
R000773,OI0005234,2024-07-22,1,Damaged in transit,0,66.51
R000774,OI0005259,2025-12-02,1,Wrong size,1,128.17
R000775,OI0005266,2025-01-11,1,Changed mind,1,85.98
R000776,OI0005273,2024-11-18,1,Changed mind,1,131.44
R000777,OI0005277,2024-08-08,1,Changed mind,1,107.20
R000778,OI0005278,2024-07-31,1,Faulty,0,51.99
R000779,OI0005294,2024-08-01,1,Wrong size,1,83.70
R000780,OI0005303,2024-10-01,1,Wrong size,1,52.72
R000781,OI0005317,2024-07-24,1,Arrived too late,1,26.90
R000782,OI0005321,2024-08-02,1,Not as described,1,166.13
R000783,OI0005322,2024-08-20,1,Not as described,1,98.30
R000784,OI0005345,2024-07-24,1,Wrong size,1,31.44
R000785,OI0005350,2024-07-23,1,Not as described,1,33.23
R000786,OI0005360,2024-07-21,1,Damaged in transit,0,81.68
R000787,OI0005363,2024-07-31,1,Changed mind,1,93.30
R000788,OI0005371,2024-07-18,1,Damaged in transit,0,62.01
R000789,OI0005376,2025-03-14,1,Faulty,0,56.57
R000790,OI0005377,2025-02-16,1,Changed mind,1,34.85
R000791,OI0005388,2024-07-29,1,Changed mind,1,53.02
R000792,OI0005406,2024-12-02,1,Not as described,1,81.65
R000793,OI0005411,2024-07-21,1,Not as described,1,29.89
R000794,OI0005421,2024-09-26,1,Wrong size,1,126.72
R000795,OI0005427,2024-09-30,1,Damaged in transit,0,73.86
R000796,OI0005428,2025-02-20,1,Faulty,0,81.65
R000797,OI0005434,2024-09-12,1,Faulty,0,120.05
R000798,OI0005443,2024-10-23,1,Wrong size,1,110.04
R000799,OI0005445,2024-08-17,1,Wrong size,1,61.05
R000800,OI0005451,2024-11-04,1,Not as described,1,64.55
R000801,OI0005452,2024-08-04,1,Changed mind,1,83.39
R000802,OI0005455,2024-08-10,1,Changed mind,1,93.30
R000803,OI0005457,2024-08-11,1,Wrong size,1,75.22
R000804,OI0005461,2024-08-13,1,Changed mind,1,33.23
R000805,OI0005476,2024-10-03,1,Arrived too late,1,95.89
R000806,OI0005478,2024-10-06,1,Damaged in transit,0,33.94
R000807,OI0005481,2024-07-20,1,Faulty,0,63.82
R000808,OI0005483,2024-08-12,1,Wrong size,1,51.42
R000809,OI0005493,2024-08-04,1,Damaged in transit,0,101.64
R000810,OI0005505,2024-08-07,1,Wrong size,1,131.59
R000811,OI0005507,2024-07-30,1,Changed mind,1,32.59
R000812,OI0005510,2024-12-24,1,Changed mind,1,49.77
R000813,OI0005524,2025-02-28,2,Changed mind,1,223.90
R000814,OI0005525,2025-03-29,1,Not as described,1,109.60
R000815,OI0005528,2024-07-31,1,Changed mind,1,50.25
R000816,OI0005533,2024-08-16,1,Faulty,0,44.92
R000817,OI0005546,2024-10-18,2,Wrong size,1,418.64
R000818,OI0005549,2024-11-13,1,Arrived too late,1,425.20
R000819,OI0005552,2024-08-12,2,Arrived too late,1,121.14
R000820,OI0005575,2024-08-14,2,Changed mind,1,323.14
R000821,OI0005583,2025-03-05,1,Wrong size,1,174.00
R000822,OI0005606,2024-09-23,1,Wrong size,1,106.66
R000823,OI0005610,2024-07-27,1,Faulty,0,68.89
R000824,OI0005630,2024-08-04,1,Damaged in transit,0,74.96
R000825,OI0005632,2024-08-20,1,Wrong size,1,21.47
R000826,OI0005639,2025-05-04,1,Arrived too late,1,54.16
R000827,OI0005640,2025-05-21,1,Not as described,1,35.49
R000828,OI0005645,2024-12-22,1,Wrong size,1,19.97
R000829,OI0005657,2025-01-04,2,Changed mind,1,58.84
R000830,OI0005662,2025-03-19,1,Wrong size,1,94.68
R000831,OI0005665,2024-10-13,1,Damaged in transit,0,83.39
R000832,OI0005667,2024-10-19,1,Changed mind,1,98.30
R000833,OI0005688,2024-11-03,2,Changed mind,1,98.96
R000834,OI0005692,2024-11-17,1,Changed mind,1,93.30
R000835,OI0005700,2024-08-18,1,Damaged in transit,0,139.31
R000836,OI0005701,2024-08-12,1,Not as described,1,64.55
R000837,OI0005708,2024-09-18,1,Not as described,1,384.95
R000838,OI0005710,2024-10-04,1,Wrong size,1,134.40
R000839,OI0005714,2025-01-15,1,Wrong size,1,20.90
R000840,OI0005718,2024-08-06,1,Changed mind,1,63.31
R000841,OI0005735,2025-09-15,1,Damaged in transit,0,49.77
R000842,OI0005737,2025-12-22,1,Faulty,0,41.79
R000843,OI0005745,2026-04-03,1,Faulty,0,97.95
R000844,OI0005751,2024-08-13,1,Wrong size,1,75.06
R000845,OI0005758,2025-02-10,1,Damaged in transit,0,40.68
R000846,OI0005774,2024-09-07,1,Faulty,0,245.75
R000847,OI0005780,2024-09-27,1,Not as described,1,99.37
R000848,OI0005787,2024-08-06,1,Wrong size,1,77.82
R000849,OI0005792,2024-09-29,1,Changed mind,1,33.94
R000850,OI0005793,2024-09-18,1,Wrong size,1,59.52
R000851,OI0005795,2024-10-30,2,Changed mind,1,166.78
R000852,OI0005796,2024-11-05,1,Damaged in transit,0,245.75
R000853,OI0005811,2024-08-02,1,Wrong size,1,98.02
R000854,OI0005812,2024-08-12,1,Arrived too late,1,156.81
R000855,OI0005815,2024-09-06,1,Changed mind,1,122.50
R000856,OI0005817,2024-08-13,1,Changed mind,1,66.55
R000857,OI0005827,2024-11-28,2,Faulty,0,308.57
R000858,OI0005834,2024-09-26,1,Not as described,1,44.28
R000859,OI0005837,2024-08-27,3,Wrong size,1,368.28
R000860,OI0005857,2024-08-24,1,Not as described,1,112.24
R000861,OI0005871,2024-08-08,4,Changed mind,1,83.60
R000862,OI0005874,2025-01-15,1,Damaged in transit,0,105.21
R000863,OI0005875,2025-01-03,1,Changed mind,1,95.93
R000864,OI0005876,2024-08-19,1,Changed mind,1,97.57
R000865,OI0005881,2024-08-14,1,Not as described,1,94.68
R000866,OI0005886,2024-09-22,1,Changed mind,1,106.66
R000867,OI0005887,2024-12-13,1,Wrong size,1,108.54
R000868,OI0005899,2024-10-19,1,Wrong size,1,31.99
R000869,OI0005900,2024-10-07,4,Changed mind,1,266.76
R000870,OI0005901,2024-12-24,1,Changed mind,1,64.55
R000871,OI0005912,2024-08-27,1,Faulty,0,98.19
R000872,OI0005932,2024-08-25,1,Changed mind,1,186.86
R000873,OI0005933,2024-08-27,1,Arrived too late,1,116.64
R000874,OI0005934,2024-08-28,1,Arrived too late,1,447.58
R000875,OI0005935,2024-08-11,1,Damaged in transit,0,226.66
R000876,OI0005938,2024-08-26,1,Wrong size,1,337.55
R000877,OI0005951,2024-08-15,1,Wrong size,1,66.69
R000878,OI0005953,2024-11-08,1,Changed mind,1,50.69
R000879,OI0005960,2024-08-26,1,Changed mind,1,95.89
R000880,OI0005968,2024-08-28,1,Changed mind,1,58.97
R000881,OI0005973,2024-11-03,1,Wrong size,1,208.78
R000882,OI0005974,2024-11-24,1,Damaged in transit,0,103.71
R000883,OI0005981,2024-08-15,1,Faulty,0,48.76
R000884,OI0005992,2024-08-10,1,Faulty,0,114.52
R000885,OI0005995,2024-08-07,1,Damaged in transit,0,437.76
R000886,OI0005998,2024-09-03,2,Damaged in transit,0,345.22
R000887,OI0006008,2024-12-28,1,Wrong size,1,32.41
R000888,OI0006012,2024-09-02,1,Changed mind,1,49.85
R000889,OI0006022,2024-08-19,1,Arrived too late,1,50.47
R000890,OI0006023,2024-08-27,1,Changed mind,1,116.54
R000891,OI0006038,2025-05-28,1,Not as described,1,21.76
R000892,OI0006043,2024-12-02,1,Changed mind,1,68.20
R000893,OI0006047,2025-04-05,1,Not as described,1,437.19
R000894,OI0006056,2025-01-26,1,Not as described,1,244.40
R000895,OI0006060,2024-08-21,1,Wrong size,1,34.46
R000896,OI0006068,2024-09-06,1,Not as described,1,98.30
R000897,OI0006070,2024-08-13,1,Arrived too late,1,46.74
R000898,OI0006086,2024-10-13,1,Changed mind,1,105.15
R000899,OI0006100,2024-09-02,1,Not as described,1,35.84
R000900,OI0006104,2024-08-26,2,Not as described,1,250.05
R000901,OI0006108,2024-09-06,1,Not as described,1,61.78
R000902,OI0006109,2024-08-11,2,Changed mind,1,251.18
R000903,OI0006114,2024-10-29,1,Damaged in transit,0,216.26
R000904,OI0006122,2024-11-15,1,Faulty,0,184.72
R000905,OI0006134,2024-11-26,1,Arrived too late,1,27.28
R000906,OI0006135,2024-12-16,1,Damaged in transit,0,28.75
R000907,OI0006140,2026-04-12,1,Wrong size,1,71.55
R000908,OI0006141,2026-04-10,1,Not as described,1,49.85
R000909,OI0006154,2024-08-22,1,Not as described,1,79.94
R000910,OI0006158,2024-08-13,1,Changed mind,1,105.21
R000911,OI0006159,2024-08-31,1,Changed mind,1,94.68
R000912,OI0006174,2024-11-13,1,Not as described,1,139.31
R000913,OI0006175,2024-10-30,1,Changed mind,1,28.84
R000914,OI0006179,2024-09-06,1,Arrived too late,1,94.68
R000915,OI0006180,2024-11-05,1,Not as described,1,49.85
R000916,OI0006191,2024-08-31,1,Arrived too late,1,33.23
R000917,OI0006225,2024-09-02,1,Changed mind,1,122.50
R000918,OI0006230,2024-10-20,1,Not as described,1,107.20
R000919,OI0006233,2025-10-24,1,Damaged in transit,0,61.46
R000920,OI0006236,2025-11-10,1,Arrived too late,1,122.49
R000921,OI0006237,2025-12-23,1,Damaged in transit,0,19.26
R000922,OI0006245,2024-08-22,1,Changed mind,1,135.84
R000923,OI0006249,2025-01-27,1,Changed mind,1,46.98
R000924,OI0006259,2024-08-26,1,Wrong size,1,40.68
R000925,OI0006265,2024-08-28,1,Not as described,1,142.32
R000926,OI0006266,2024-09-09,1,Changed mind,1,227.69
R000927,OI0006270,2024-09-25,1,Faulty,0,54.64
R000928,OI0006271,2024-11-24,1,Not as described,1,93.79
R000929,OI0006277,2024-09-02,1,Changed mind,1,67.23
R000930,OI0006279,2024-11-25,1,Changed mind,1,73.72
R000931,OI0006282,2024-11-07,1,Not as described,1,43.18
R000932,OI0006298,2024-09-03,1,Faulty,0,47.86
R000933,OI0006307,2024-08-13,1,Changed mind,1,66.51
R000934,OI0006318,2024-11-10,1,Not as described,1,116.64
R000935,OI0006319,2024-10-27,1,Damaged in transit,0,93.79
R000936,OI0006329,2024-09-02,1,Wrong size,1,32.59
R000937,OI0006331,2024-08-29,1,Faulty,0,41.79
R000938,OI0006333,2024-10-23,4,Faulty,0,200.48
R000939,OI0006341,2024-08-16,1,Wrong size,1,472.93
R000940,OI0006358,2024-09-13,1,Not as described,1,314.29
R000941,OI0006360,2024-09-03,1,Faulty,0,116.94
R000942,OI0006369,2024-09-10,1,Wrong size,1,276.02
R000943,OI0006378,2024-08-24,1,Wrong size,1,70.92
R000944,OI0006385,2024-08-24,1,Not as described,1,65.60
R000945,OI0006390,2024-09-13,4,Damaged in transit,0,263.76
R000946,OI0006404,2024-10-28,1,Not as described,1,51.74
R000947,OI0006406,2024-08-25,1,Wrong size,1,175.41
R000948,OI0006412,2025-07-03,4,Wrong size,1,440.16
R000949,OI0006415,2024-09-16,1,Changed mind,1,161.57
R000950,OI0006423,2025-01-12,1,Wrong size,1,125.94
R000951,OI0006425,2024-09-04,1,Faulty,0,128.17
R000952,OI0006426,2024-08-28,1,Not as described,1,91.17
R000953,OI0006436,2024-11-09,1,Wrong size,1,51.99
R000954,OI0006452,2024-09-06,1,Wrong size,1,139.31
R000955,OI0006462,2024-11-10,1,Not as described,1,202.65
R000956,OI0006475,2025-05-12,1,Changed mind,1,39.12
R000957,OI0006483,2025-01-03,1,Not as described,1,35.49
R000958,OI0006488,2024-09-16,1,Wrong size,1,161.57
R000959,OI0006489,2024-09-19,1,Not as described,1,189.90
R000960,OI0006492,2024-09-11,1,Wrong size,1,106.66
R000961,OI0006499,2024-10-08,1,Arrived too late,1,128.93
R000962,OI0006501,2024-09-22,1,Arrived too late,1,25.56
R000963,OI0006528,2024-10-26,1,Wrong size,1,70.36
R000964,OI0006530,2024-11-22,1,Damaged in transit,0,40.70
R000965,OI0006536,2025-03-16,1,Faulty,0,112.50
R000966,OI0006538,2025-05-02,1,Arrived too late,1,122.76
R000967,OI0006539,2025-05-10,2,Faulty,0,251.88
R000968,OI0006543,2025-10-23,2,Wrong size,1,345.22
R000969,OI0006555,2025-04-17,1,Damaged in transit,0,28.00
R000970,OI0006558,2024-09-07,1,Arrived too late,1,194.09
R000971,OI0006562,2024-09-12,1,Changed mind,1,35.49
R000972,OI0006566,2024-09-22,1,Changed mind,1,117.79
R000973,OI0006567,2024-11-10,1,Wrong size,1,60.54
R000974,OI0006569,2024-11-08,1,Damaged in transit,0,45.89
R000975,OI0006570,2024-08-29,2,Arrived too late,1,48.94
R000976,OI0006571,2024-08-23,1,Changed mind,1,35.49
R000977,OI0006579,2024-09-13,1,Damaged in transit,0,62.02
R000978,OI0006599,2024-10-11,2,Not as described,1,58.73
R000979,OI0006603,2024-09-11,1,Faulty,0,106.96
R000980,OI0006612,2024-09-08,1,Wrong size,1,64.55
R000981,OI0006614,2024-12-01,1,Changed mind,1,116.64
R000982,OI0006616,2024-11-23,1,Changed mind,1,90.50
R000983,OI0006617,2024-12-15,1,Faulty,0,131.59
R000984,OI0006621,2024-12-22,1,Changed mind,1,40.61
R000985,OI0006628,2025-02-24,2,Not as described,1,76.05
R000986,OI0006631,2024-10-24,1,Damaged in transit,0,276.02
R000987,OI0006643,2024-11-16,1,Changed mind,1,226.66
R000988,OI0006661,2024-08-29,1,Wrong size,1,56.34
R000989,OI0006663,2024-08-26,1,Wrong size,1,63.29
R000990,OI0006668,2025-01-06,1,Damaged in transit,0,103.71
R000991,OI0006681,2024-10-28,1,Wrong size,1,59.52
R000992,OI0006694,2024-09-02,1,Not as described,1,211.86
R000993,OI0006695,2024-09-21,1,Wrong size,1,107.20
R000994,OI0006697,2024-09-07,1,Not as described,1,39.96
R000995,OI0006699,2025-02-02,2,Changed mind,1,40.15
R000996,OI0006702,2025-01-12,1,Wrong size,1,143.31
R000997,OI0006720,2025-04-29,1,Changed mind,1,31.33
R000998,OI0006729,2024-08-29,1,Arrived too late,1,78.15
R000999,OI0006731,2024-09-10,1,Damaged in transit,0,55.06
R001000,OI0006744,2024-09-02,1,Changed mind,1,128.93
R001001,OI0006745,2024-09-23,1,Not as described,1,33.62
R001002,OI0006752,2024-10-31,1,Wrong size,1,186.86
R001003,OI0006757,2024-11-15,1,Wrong size,1,49.77
R001004,OI0006758,2024-11-15,1,Wrong size,1,74.24
R001005,OI0006759,2024-10-24,1,Damaged in transit,0,105.21
R001006,OI0006761,2024-09-16,1,Changed mind,1,79.76
R001007,OI0006766,2024-08-28,2,Wrong size,1,417.56
R001008,OI0006772,2024-09-09,1,Changed mind,1,116.64
R001009,OI0006774,2024-09-06,1,Wrong size,1,54.16
R001010,OI0006781,2024-09-05,1,Changed mind,1,110.35
R001011,OI0006783,2024-09-12,1,Wrong size,1,93.35
R001012,OI0006785,2024-09-16,1,Not as described,1,59.52
R001013,OI0006787,2024-12-09,1,Arrived too late,1,74.55
R001014,OI0006788,2024-12-02,1,Arrived too late,1,83.39
R001015,OI0006789,2024-12-13,1,Wrong size,1,207.08
R001016,OI0006794,2024-08-29,1,Not as described,1,106.66
R001017,OI0006801,2024-09-21,1,Changed mind,1,172.61
R001018,OI0006803,2024-09-14,1,Wrong size,1,31.13
R001019,OI0006806,2024-09-20,1,Damaged in transit,0,411.22
R001020,OI0006819,2024-12-14,3,Wrong size,1,73.13
R001021,OI0006821,2024-12-28,1,Changed mind,1,34.19
R001022,OI0006835,2024-11-28,2,Changed mind,1,25.02
R001023,OI0006838,2024-09-06,2,Changed mind,1,198.62
R001024,OI0006841,2024-09-23,1,Not as described,1,17.37
R001025,OI0006843,2024-09-24,1,Not as described,1,93.79
R001026,OI0006847,2024-12-09,1,Not as described,1,70.92
R001027,OI0006853,2024-10-31,1,Faulty,0,27.43
R001028,OI0006866,2024-09-05,1,Changed mind,1,42.70
R001029,OI0006876,2024-09-20,1,Changed mind,1,128.17
R001030,OI0006888,2024-09-15,1,Changed mind,1,129.93
R001031,OI0006892,2024-10-01,1,Changed mind,1,48.61
R001032,OI0006896,2024-11-01,1,Not as described,1,105.15
R001033,OI0006900,2024-12-23,1,Not as described,1,34.46
R001034,OI0006901,2024-12-25,1,Arrived too late,1,51.99
R001035,OI0006903,2024-09-10,1,Wrong size,1,23.53
R001036,OI0006905,2024-11-22,1,Wrong size,1,129.93
R001037,OI0006913,2024-09-20,2,Not as described,1,233.28
R001038,OI0006915,2024-09-19,1,Not as described,1,31.44
R001039,OI0006924,2024-09-23,1,Not as described,1,35.49
R001040,OI0006929,2024-10-07,1,Wrong size,1,94.79
R001041,OI0006942,2024-09-23,1,Wrong size,1,33.23
R001042,OI0006944,2024-11-27,1,Damaged in transit,0,52.72
R001043,OI0006949,2025-02-12,1,Arrived too late,1,39.20
R001044,OI0006970,2024-09-22,1,Faulty,0,104.67
R001045,OI0006978,2024-09-26,1,Not as described,1,140.35
R001046,OI0006991,2024-12-02,1,Wrong size,1,69.31
R001047,OI0006998,2024-09-15,1,Wrong size,1,67.74
R001048,OI0007003,2024-10-06,1,Faulty,0,122.76
R001049,OI0007012,2024-10-14,3,Wrong size,1,348.21
R001050,OI0007013,2024-09-17,1,Wrong size,1,117.17
R001051,OI0007014,2024-11-03,1,Wrong size,1,94.68
R001052,OI0007015,2024-09-16,1,Changed mind,1,68.25
R001053,OI0007020,2025-01-22,1,Arrived too late,1,36.62
R001054,OI0007035,2024-11-20,1,Damaged in transit,0,44.28
R001055,OI0007036,2025-03-08,1,Wrong size,1,78.15
R001056,OI0007040,2024-09-12,1,Wrong size,1,25.56
R001057,OI0007044,2024-12-22,1,Wrong size,1,81.68
R001058,OI0007045,2024-11-28,1,Not as described,1,33.94
R001059,OI0007067,2024-12-29,1,Wrong size,1,384.95
R001060,OI0007075,2024-10-02,1,Changed mind,1,55.17
R001061,OI0007099,2024-09-22,1,Changed mind,1,117.17
R001062,OI0007101,2024-09-16,1,Changed mind,1,310.02
R001063,OI0007102,2024-09-22,1,Wrong size,1,180.08
R001064,OI0007109,2024-12-02,1,Arrived too late,1,101.91
R001065,OI0007112,2024-10-08,1,Faulty,0,148.15
R001066,OI0007114,2024-09-29,1,Changed mind,1,122.40
R001067,OI0007115,2024-09-24,1,Changed mind,1,70.92
R001068,OI0007120,2024-09-14,1,Faulty,0,116.64
R001069,OI0007125,2025-01-19,1,Wrong size,1,68.67
R001070,OI0007138,2024-12-21,1,Changed mind,1,94.68
R001071,OI0007143,2024-09-22,1,Damaged in transit,0,33.94
R001072,OI0007154,2024-10-03,1,Wrong size,1,51.74
R001073,OI0007163,2024-09-14,1,Not as described,1,33.12
R001074,OI0007173,2024-10-04,1,Wrong size,1,65.52
R001075,OI0007178,2024-09-21,1,Wrong size,1,28.94
R001076,OI0007198,2025-08-04,1,Wrong size,1,83.50
R001077,OI0007206,2025-02-25,1,Changed mind,1,19.98
R001078,OI0007210,2024-09-13,1,Changed mind,1,88.93
R001079,OI0007214,2024-11-22,1,Changed mind,1,46.22
R001080,OI0007215,2024-09-30,1,Not as described,1,126.60
R001081,OI0007225,2024-11-12,1,Changed mind,1,448.18
R001082,OI0007237,2024-09-18,1,Changed mind,1,33.78
R001083,OI0007238,2024-09-25,1,Faulty,0,116.07
R001084,OI0007244,2024-10-12,4,Wrong size,1,1575.56
R001085,OI0007248,2024-10-02,1,Wrong size,1,156.81
R001086,OI0007252,2024-09-16,1,Wrong size,1,66.51
R001087,OI0007257,2024-10-01,1,Faulty,0,83.39
R001088,OI0007259,2024-12-02,1,Wrong size,1,93.98
R001089,OI0007261,2024-10-03,1,Changed mind,1,109.03
R001090,OI0007272,2024-12-03,1,Not as described,1,128.17
R001091,OI0007274,2024-12-03,1,Arrived too late,1,31.44
R001092,OI0007277,2024-09-26,1,Arrived too late,1,88.93
R001093,OI0007280,2024-10-07,1,Wrong size,1,26.72
R001094,OI0007282,2024-10-14,1,Changed mind,1,64.55
R001095,OI0007285,2025-01-21,3,Changed mind,1,149.55
R001096,OI0007287,2025-06-10,1,Wrong size,1,83.39
R001097,OI0007290,2026-01-29,1,Wrong size,1,59.62
R001098,OI0007302,2025-02-18,1,Wrong size,1,105.46
R001099,OI0007310,2024-10-10,1,Damaged in transit,0,62.37
R001100,OI0007313,2024-09-30,1,Wrong size,1,169.90
R001101,OI0007320,2024-12-04,1,Changed mind,1,86.78
R001102,OI0007321,2024-12-24,1,Not as described,1,67.15
R001103,OI0007327,2024-11-15,1,Wrong size,1,43.24
R001104,OI0007330,2024-09-26,1,Damaged in transit,0,81.65
R001105,OI0007333,2024-10-12,3,Changed mind,1,1313.28
R001106,OI0007337,2024-10-06,1,Changed mind,1,62.92
R001107,OI0007338,2024-11-21,1,Arrived too late,1,73.72
R001108,OI0007346,2024-10-20,1,Changed mind,1,83.39
R001109,OI0007348,2024-10-08,1,Not as described,1,17.16
R001110,OI0007349,2024-10-10,1,Arrived too late,1,139.31
R001111,OI0007354,2024-10-11,1,Arrived too late,1,67.23
R001112,OI0007355,2024-10-15,1,Wrong size,1,76.21
R001113,OI0007356,2024-10-04,1,Changed mind,1,131.49
R001114,OI0007360,2024-11-15,2,Damaged in transit,0,107.76
R001115,OI0007369,2024-09-26,2,Changed mind,1,186.60
R001116,OI0007373,2024-12-08,1,Wrong size,1,30.80
R001117,OI0007381,2025-01-16,1,Damaged in transit,0,128.17
R001118,OI0007382,2025-01-12,1,Arrived too late,1,98.30
R001119,OI0007387,2024-09-23,2,Damaged in transit,0,791.26
R001120,OI0007388,2024-10-03,1,Damaged in transit,0,49.85
R001121,OI0007390,2024-10-10,1,Changed mind,1,54.64
R001122,OI0007396,2024-10-05,3,Damaged in transit,0,155.97
R001123,OI0007400,2024-09-28,2,Damaged in transit,0,62.05
R001124,OI0007413,2025-02-20,1,Faulty,0,50.08
R001125,OI0007421,2025-07-11,1,Wrong size,1,34.19
R001126,OI0007425,2025-10-15,1,Damaged in transit,0,50.88
R001127,OI0007460,2024-12-26,1,Damaged in transit,0,50.12
R001128,OI0007462,2025-10-02,1,Changed mind,1,237.10
R001129,OI0007463,2025-12-04,1,Wrong size,1,28.00
R001130,OI0007473,2024-09-30,2,Wrong size,1,106.67
R001131,OI0007485,2024-10-17,1,Wrong size,1,116.07
R001132,OI0007490,2024-09-30,1,Arrived too late,1,93.96
R001133,OI0007494,2024-12-10,1,Not as described,1,66.55
R001134,OI0007497,2024-12-27,1,Arrived too late,1,340.53
R001135,OI0007510,2024-10-19,1,Arrived too late,1,112.87
R001136,OI0007525,2024-12-29,4,Not as described,1,230.19
R001137,OI0007526,2025-02-27,1,Arrived too late,1,93.30
R001138,OI0007528,2025-03-21,1,Wrong size,1,139.31
R001139,OI0007541,2024-12-23,1,Changed mind,1,83.50
R001140,OI0007551,2025-01-13,1,Faulty,0,112.24
R001141,OI0007555,2024-09-25,1,Damaged in transit,0,47.86
R001142,OI0007558,2024-10-05,1,Wrong size,1,156.81
R001143,OI0007559,2024-09-30,3,Arrived too late,1,258.15
R001144,OI0007584,2024-10-04,1,Arrived too late,1,83.70
R001145,OI0007586,2025-01-29,3,Damaged in transit,0,250.17
R001146,OI0007598,2024-09-30,1,Damaged in transit,0,63.36
R001147,OI0007601,2024-10-31,1,Arrived too late,1,158.79
R001148,OI0007602,2024-10-26,1,Changed mind,1,83.70
R001149,OI0007603,2024-10-28,1,Arrived too late,1,50.12
R001150,OI0007609,2024-10-08,1,Arrived too late,1,169.49
R001151,OI0007624,2024-10-02,1,Arrived too late,1,241.41
R001152,OI0007627,2024-10-02,1,Wrong size,1,22.27
R001153,OI0007631,2025-02-01,1,Wrong size,1,51.99
R001154,OI0007640,2025-09-08,1,Not as described,1,49.77
R001155,OI0007645,2024-10-07,1,Wrong size,1,73.72
R001156,OI0007653,2024-11-04,2,Arrived too late,1,196.60
R001157,OI0007660,2024-10-16,1,Changed mind,1,301.01
R001158,OI0007662,2024-10-16,1,Not as described,1,116.94
R001159,OI0007668,2024-09-29,1,Changed mind,1,111.95
R001160,OI0007691,2024-10-07,1,Wrong size,1,290.67
R001161,OI0007697,2024-10-20,1,Wrong size,1,164.50
R001162,OI0007699,2024-10-20,1,Not as described,1,147.58
R001163,OI0007705,2024-10-11,1,Wrong size,1,131.59
R001164,OI0007708,2024-12-07,1,Wrong size,1,98.82
R001165,OI0007718,2024-12-25,1,Faulty,0,67.15
R001166,OI0007720,2024-10-25,2,Arrived too late,1,98.91
R001167,OI0007725,2025-07-28,1,Damaged in transit,0,153.20
R001168,OI0007726,2025-08-04,3,Wrong size,1,132.84
R001169,OI0007732,2024-12-09,1,Arrived too late,1,17.41
R001170,OI0007736,2025-07-12,1,Wrong size,1,88.93
R001171,OI0007738,2025-08-18,1,Faulty,0,103.51
R001172,OI0007746,2025-01-18,1,Wrong size,1,27.43
R001173,OI0007755,2024-10-22,1,Damaged in transit,0,27.76
R001174,OI0007758,2025-04-22,2,Wrong size,1,39.96
R001175,OI0007761,2024-11-05,1,Wrong size,1,36.78
R001176,OI0007769,2024-12-21,1,Not as described,1,83.70
R001177,OI0007771,2025-01-20,1,Not as described,1,116.07
R001178,OI0007772,2024-10-08,4,Wrong size,1,297.28
R001179,OI0007773,2024-10-08,1,Changed mind,1,65.52
R001180,OI0007775,2024-10-01,1,Not as described,1,60.37
R001181,OI0007780,2024-10-27,1,Wrong size,1,114.67
R001182,OI0007784,2024-10-14,1,Changed mind,1,59.63
R001183,OI0007788,2024-10-04,1,Faulty,0,67.74
R001184,OI0007794,2024-10-01,1,Changed mind,1,64.55
R001185,OI0007804,2024-10-09,3,Wrong size,1,375.69
R001186,OI0007806,2024-12-14,1,Changed mind,1,33.89
R001187,OI0007809,2024-10-17,1,Faulty,0,276.02
R001188,OI0007812,2024-10-11,1,Wrong size,1,32.92
R001189,OI0007823,2024-10-27,3,Wrong size,1,311.13
R001190,OI0007824,2024-12-13,2,Changed mind,1,190.16
R001191,OI0007826,2025-06-18,2,Not as described,1,223.80
R001192,OI0007830,2024-12-07,2,Not as described,1,185.91
R001193,OI0007832,2025-01-17,1,Faulty,0,93.81
R001194,OI0007838,2024-10-27,1,Damaged in transit,0,27.43
R001195,OI0007841,2024-11-20,1,Wrong size,1,65.94
R001196,OI0007846,2024-11-15,1,Not as described,1,59.96
R001197,OI0007860,2024-11-05,1,Changed mind,1,85.73
R001198,OI0007862,2024-11-01,1,Not as described,1,57.46
R001199,OI0007864,2025-01-03,1,Not as described,1,81.68
R001200,OI0007865,2025-01-26,1,Wrong size,1,52.23
R001201,OI0007872,2024-12-17,1,Not as described,1,38.83
R001202,OI0007873,2024-12-17,1,Faulty,0,85.34
R001203,OI0007879,2024-12-07,1,Changed mind,1,33.93
R001204,OI0007883,2024-10-10,1,Faulty,0,110.04
R001205,OI0007889,2024-10-13,1,Wrong size,1,66.99
R001206,OI0007890,2024-10-22,1,Damaged in transit,0,73.72
R001207,OI0007916,2025-04-26,1,Damaged in transit,0,183.96
R001208,OI0007928,2024-10-29,1,Not as described,1,88.19
R001209,OI0007930,2024-10-12,1,Faulty,0,384.95
R001210,OI0007931,2024-10-07,1,Wrong size,1,53.02
R001211,OI0007937,2024-10-24,1,Arrived too late,1,61.46
R001212,OI0007938,2024-10-13,1,Not as described,1,129.71
R001213,OI0007942,2024-10-11,1,Not as described,1,64.55
R001214,OI0007947,2025-01-10,2,Changed mind,1,72.85
R001215,OI0007964,2024-12-10,1,Arrived too late,1,65.52
R001216,OI0007974,2025-03-26,1,Changed mind,1,128.93
R001217,OI0007977,2024-10-10,1,Not as described,1,66.51
R001218,OI0007981,2024-10-06,1,Arrived too late,1,116.38
R001219,OI0007982,2024-10-06,1,Faulty,0,55.65
R001220,OI0007994,2024-10-17,1,Changed mind,1,41.79
R001221,OI0007995,2024-10-08,1,Arrived too late,1,125.94
R001222,OI0007997,2024-10-23,1,Wrong size,1,116.94
R001223,OI0008000,2025-01-02,1,Wrong size,1,26.15
R001224,OI0008006,2025-10-30,1,Changed mind,1,52.72
R001225,OI0008008,2024-10-22,1,Changed mind,1,53.94
R001226,OI0008016,2024-10-25,1,Changed mind,1,76.21
R001227,OI0008019,2024-10-19,1,Changed mind,1,90.78
R001228,OI0008021,2024-10-26,2,Changed mind,1,117.90
R001229,OI0008022,2024-11-01,1,Damaged in transit,0,79.48
R001230,OI0008024,2024-10-10,2,Wrong size,1,76.93
R001231,OI0008025,2024-10-20,1,Arrived too late,1,88.93
R001232,OI0008029,2024-11-01,2,Wrong size,1,84.27
R001233,OI0008031,2024-10-17,3,Wrong size,1,125.37
R001234,OI0008036,2025-06-08,2,Wrong size,1,186.60
R001235,OI0008041,2024-11-08,1,Wrong size,1,44.92
R001236,OI0008050,2025-07-12,1,Changed mind,1,49.85
R001237,OI0008053,2025-07-30,1,Faulty,0,66.51
R001238,OI0008059,2024-10-18,1,Not as described,1,18.69
R001239,OI0008062,2024-10-20,2,Damaged in transit,0,121.00
R001240,OI0008079,2024-10-13,1,Changed mind,1,28.00
R001241,OI0008081,2024-12-16,1,Not as described,1,80.36
R001242,OI0008113,2024-10-21,1,Changed mind,1,139.31
R001243,OI0008117,2024-10-18,1,Arrived too late,1,122.76
R001244,OI0008119,2025-01-31,1,Damaged in transit,0,86.81
R001245,OI0008123,2024-10-28,2,Changed mind,1,453.32
R001246,OI0008126,2024-10-30,1,Changed mind,1,61.46
R001247,OI0008127,2024-12-03,1,Wrong size,1,106.66
R001248,OI0008141,2024-10-13,1,Wrong size,1,86.78
R001249,OI0008145,2024-10-24,1,Damaged in transit,0,65.52
R001250,OI0008155,2024-10-19,1,Wrong size,1,189.90
R001251,OI0008159,2025-03-29,1,Changed mind,1,90.94
R001252,OI0008170,2025-12-05,2,Arrived too late,1,245.52
R001253,OI0008171,2025-11-15,1,Changed mind,1,103.71
R001254,OI0008180,2024-12-08,2,Wrong size,1,955.74
R001255,OI0008182,2025-04-22,2,Not as described,1,129.10
R001256,OI0008205,2024-10-26,1,Changed mind,1,28.21
R001257,OI0008211,2024-10-23,1,Wrong size,1,104.69
R001258,OI0008212,2024-10-27,1,Changed mind,1,31.99
R001259,OI0008213,2024-10-22,1,Changed mind,1,65.52
R001260,OI0008214,2024-11-05,1,Changed mind,1,103.71
R001261,OI0008227,2024-10-10,3,Wrong size,1,155.97
R001262,OI0008228,2024-11-27,3,Arrived too late,1,389.79
R001263,OI0008243,2025-04-06,1,Arrived too late,1,20.53
R001264,OI0008248,2025-01-22,1,Wrong size,1,39.25
R001265,OI0008251,2025-04-22,1,Not as described,1,125.94
R001266,OI0008260,2024-10-16,1,Wrong size,1,27.43
R001267,OI0008261,2024-11-01,1,Damaged in transit,0,88.93
R001268,OI0008271,2024-10-25,1,Wrong size,1,241.41
R001269,OI0008303,2024-12-06,1,Not as described,1,60.69
R001270,OI0008333,2024-10-17,1,Wrong size,1,120.05
R001271,OI0008342,2026-05-23,1,Not as described,1,39.30
R001272,OI0008343,2024-10-18,1,Not as described,1,106.66
R001273,OI0008345,2024-10-24,1,Not as described,1,425.20
R001274,OI0008348,2024-10-25,1,Not as described,1,70.12
R001275,OI0008351,2025-05-15,1,Changed mind,1,38.78
R001276,OI0008358,2025-05-20,1,Wrong size,1,26.40
R001277,OI0008361,2024-10-29,1,Damaged in transit,0,139.31
R001278,OI0008362,2024-12-22,1,Changed mind,1,63.53
R001279,OI0008369,2025-01-21,1,Not as described,1,65.52
R001280,OI0008376,2025-01-26,2,Changed mind,1,167.00
R001281,OI0008385,2025-02-23,1,Not as described,1,76.20
R001282,OI0008391,2024-10-21,4,Not as described,1,146.12
R001283,OI0008393,2025-01-11,1,Changed mind,1,49.85
R001284,OI0008398,2024-10-21,2,Not as described,1,97.82
R001285,OI0008401,2024-11-01,1,Changed mind,1,67.23
R001286,OI0008403,2024-10-29,1,Wrong size,1,140.35
R001287,OI0008409,2024-10-20,1,Wrong size,1,83.50
R001288,OI0008414,2024-11-07,1,Changed mind,1,31.99
R001289,OI0008419,2024-11-12,1,Damaged in transit,0,131.59
R001290,OI0008427,2025-04-07,1,Not as described,1,125.94
R001291,OI0008435,2025-11-05,1,Changed mind,1,83.70
R001292,OI0008436,2025-11-07,1,Damaged in transit,0,235.91
R001293,OI0008437,2024-10-18,1,Changed mind,1,66.51
R001294,OI0008441,2024-11-30,1,Damaged in transit,0,31.44
R001295,OI0008449,2024-10-20,1,Changed mind,1,68.67
R001296,OI0008455,2024-10-24,1,Changed mind,1,34.98
R001297,OI0008459,2024-10-29,1,Arrived too late,1,34.88
R001298,OI0008477,2024-12-10,1,Wrong size,1,47.86
R001299,OI0008486,2025-04-04,1,Arrived too late,1,90.26
R001300,OI0008488,2025-03-29,1,Faulty,0,126.60
R001301,OI0008493,2025-04-24,1,Changed mind,1,105.21
R001302,OI0008494,2025-06-22,1,Changed mind,1,106.66
R001303,OI0008495,2025-06-30,1,Damaged in transit,0,79.76
R001304,OI0008507,2024-11-06,1,Wrong size,1,51.11
R001305,OI0008513,2024-10-26,1,Arrived too late,1,107.60
R001306,OI0008524,2024-10-27,1,Changed mind,1,48.55
R001307,OI0008548,2024-10-22,4,Faulty,0,122.32
R001308,OI0008551,2025-02-08,1,Arrived too late,1,73.72
R001309,OI0008552,2025-03-24,1,Wrong size,1,122.50
R001310,OI0008553,2025-04-13,1,Faulty,0,95.74
R001311,OI0008554,2025-03-24,1,Changed mind,1,131.49
R001312,OI0008567,2024-11-14,1,Wrong size,1,54.64
R001313,OI0008572,2025-05-11,2,Wrong size,1,225.24
R001314,OI0008594,2024-10-30,1,Wrong size,1,66.55
R001315,OI0008606,2025-09-30,1,Not as described,1,98.12
R001316,OI0008607,2024-11-02,1,Changed mind,1,139.31
R001317,OI0008610,2025-03-20,1,Damaged in transit,0,27.12
R001318,OI0008634,2025-01-01,1,Changed mind,1,58.30
R001319,OI0008638,2024-11-15,1,Damaged in transit,0,272.93
R001320,OI0008643,2024-11-01,1,Wrong size,1,37.34
R001321,OI0008667,2025-05-29,1,Changed mind,1,273.10
R001322,OI0008673,2024-11-12,1,Wrong size,1,81.68
R001323,OI0008675,2024-11-15,1,Faulty,0,362.65
R001324,OI0008696,2025-07-01,1,Changed mind,1,25.37
R001325,OI0008706,2024-12-27,1,Wrong size,1,170.21
R001326,OI0008716,2025-10-15,1,Damaged in transit,0,63.51
R001327,OI0008727,2024-10-28,3,Wrong size,1,96.24
R001328,OI0008729,2025-01-08,1,Wrong size,1,44.40
R001329,OI0008735,2024-10-28,1,Changed mind,1,83.39
R001330,OI0008736,2024-11-15,1,Damaged in transit,0,94.68
R001331,OI0008740,2024-10-26,1,Wrong size,1,216.26
R001332,OI0008745,2025-03-26,1,Faulty,0,135.84
R001333,OI0008763,2024-11-08,1,Not as described,1,38.97
R001334,OI0008776,2025-03-27,2,Not as described,1,166.78
R001335,OI0008780,2024-11-03,1,Arrived too late,1,122.50
R001336,OI0008789,2024-11-11,1,Damaged in transit,0,65.52
R001337,OI0008795,2024-10-26,1,Wrong size,1,61.82
R001338,OI0008796,2024-10-28,1,Changed mind,1,56.10
R001339,OI0008798,2024-11-11,2,Changed mind,1,100.78
R001340,OI0008799,2024-11-03,1,Changed mind,1,477.87
R001341,OI0008805,2024-11-18,1,Not as described,1,93.79
R001342,OI0008810,2024-11-13,1,Changed mind,1,67.74
R001343,OI0008816,2025-01-01,1,Wrong size,1,68.67
R001344,OI0008825,2024-10-26,1,Not as described,1,94.68
R001345,OI0008826,2024-12-09,1,Not as described,1,34.46
R001346,OI0008833,2024-10-27,1,Faulty,0,93.30
R001347,OI0008838,2024-11-07,1,Changed mind,1,60.56
R001348,OI0008844,2024-12-29,1,Changed mind,1,71.96
R001349,OI0008845,2024-12-30,1,Changed mind,1,87.12
R001350,OI0008851,2025-06-16,2,Faulty,0,250.46
R001351,OI0008853,2025-06-04,1,Wrong size,1,128.87
R001352,OI0008854,2025-08-06,1,Faulty,0,153.69
R001353,OI0008866,2025-04-13,1,Not as described,1,53.69
R001354,OI0008867,2025-06-15,1,Damaged in transit,0,94.68
R001355,OI0008873,2024-10-27,1,Changed mind,1,35.49
R001356,OI0008890,2024-12-28,1,Not as described,1,22.27
R001357,OI0008892,2024-11-14,2,Wrong size,1,552.04
R001358,OI0008902,2025-02-07,1,Not as described,1,138.70
R001359,OI0008912,2024-11-08,1,Arrived too late,1,34.60
R001360,OI0008913,2024-11-16,1,Faulty,0,156.81
R001361,OI0008915,2025-05-15,1,Changed mind,1,30.80
R001362,OI0008917,2024-11-16,1,Not as described,1,13.33
R001363,OI0008918,2024-11-05,1,Changed mind,1,50.39
R001364,OI0008920,2024-12-17,1,Changed mind,1,125.45
R001365,OI0008921,2025-01-01,1,Not as described,1,59.52
R001366,OI0008937,2024-12-24,1,Changed mind,1,59.82
R001367,OI0008973,2024-11-08,1,Arrived too late,1,90.94
R001368,OI0008975,2024-11-25,1,Arrived too late,1,121.35
R001369,OI0008976,2024-11-11,2,Changed mind,1,145.37
R001370,OI0008982,2024-11-02,1,Not as described,1,35.85
R001371,OI0008991,2025-12-14,2,Damaged in transit,0,874.38
R001372,OI0009009,2024-11-14,1,Wrong size,1,39.90
R001373,OI0009010,2024-11-23,1,Wrong size,1,32.59
R001374,OI0009013,2024-11-19,2,Wrong size,1,344.42
R001375,OI0009017,2024-11-04,1,Wrong size,1,172.61
R001376,OI0009037,2025-03-10,1,Changed mind,1,107.84
R001377,OI0009039,2025-04-30,1,Not as described,1,79.27
R001378,OI0009047,2024-11-07,1,Changed mind,1,93.30
R001379,OI0009050,2025-01-04,2,Changed mind,1,124.02
R001380,OI0009064,2024-11-28,3,Faulty,0,315.45
R001381,OI0009076,2024-11-25,2,Changed mind,1,471.82
R001382,OI0009094,2024-11-23,1,Wrong size,1,161.57
R001383,OI0009102,2024-11-08,1,Changed mind,1,111.95
R001384,OI0009103,2024-11-17,1,Not as described,1,276.02
R001385,OI0009112,2024-11-02,1,Changed mind,1,122.50
R001386,OI0009117,2025-02-24,1,Faulty,0,101.93
R001387,OI0009124,2025-01-26,2,Damaged in transit,0,89.84
R001388,OI0009145,2025-02-04,1,Wrong size,1,120.05
R001389,OI0009146,2025-02-09,1,Wrong size,1,85.48
R001390,OI0009152,2025-07-13,1,Changed mind,1,91.81
R001391,OI0009159,2024-11-29,1,Arrived too late,1,49.40
R001392,OI0009164,2024-11-12,1,Arrived too late,1,135.84
R001393,OI0009169,2025-04-15,1,Changed mind,1,88.93
R001394,OI0009225,2024-11-21,1,Wrong size,1,91.14
R001395,OI0009226,2024-11-24,1,Changed mind,1,44.54
R001396,OI0009230,2024-11-29,1,Not as described,1,28.17
R001397,OI0009237,2025-01-01,1,Arrived too late,1,67.23
R001398,OI0009238,2025-01-01,1,Changed mind,1,107.20
R001399,OI0009239,2025-02-21,1,Faulty,0,30.45
R001400,OI0009240,2025-02-16,1,Wrong size,1,46.39
R001401,OI0009241,2025-02-15,1,Wrong size,1,164.80
R001402,OI0009247,2024-12-11,1,Not as described,1,148.15
R001403,OI0009249,2025-01-29,1,Wrong size,1,79.76
R001404,OI0009250,2025-02-08,1,Changed mind,1,105.21
R001405,OI0009253,2025-03-19,1,Changed mind,1,128.93
R001406,OI0009254,2025-05-09,1,Damaged in transit,0,105.15
R001407,OI0009259,2025-06-21,1,Not as described,1,79.21
R001408,OI0009274,2024-11-12,1,Damaged in transit,0,49.29
R001409,OI0009277,2025-02-15,1,Changed mind,1,57.14
R001410,OI0009278,2025-07-01,1,Not as described,1,66.51
R001411,OI0009282,2025-02-17,1,Changed mind,1,164.80
R001412,OI0009284,2025-03-27,1,Wrong size,1,69.52
R001413,OI0009288,2026-02-22,1,Not as described,1,75.99
R001414,OI0009297,2025-02-20,1,Damaged in transit,0,105.21
R001415,OI0009304,2024-11-27,1,Faulty,0,30.25
R001416,OI0009311,2024-11-16,1,Not as described,1,219.47
R001417,OI0009316,2024-11-27,1,Changed mind,1,384.21
R001418,OI0009318,2025-02-21,1,Wrong size,1,169.49
R001419,OI0009326,2024-11-27,1,Damaged in transit,0,90.59
R001420,OI0009329,2024-11-14,1,Wrong size,1,22.27
R001421,OI0009332,2024-11-08,1,Changed mind,1,116.07
R001422,OI0009335,2024-12-10,1,Damaged in transit,0,40.68
R001423,OI0009343,2025-04-16,1,Damaged in transit,0,38.75
R001424,OI0009345,2024-11-28,3,Faulty,0,143.89
R001425,OI0009363,2024-11-22,1,Damaged in transit,0,172.90
R001426,OI0009364,2024-11-17,4,Arrived too late,1,209.30
R001427,OI0009370,2024-12-21,1,Not as described,1,85.37
R001428,OI0009376,2024-11-30,2,Wrong size,1,80.66
R001429,OI0009378,2024-11-29,2,Faulty,0,59.18
R001430,OI0009394,2024-11-15,1,Wrong size,1,43.18
R001431,OI0009399,2024-11-20,1,Wrong size,1,139.31
R001432,OI0009400,2024-11-14,1,Not as described,1,33.94
R001433,OI0009403,2025-02-28,1,Arrived too late,1,116.64
R001434,OI0009404,2025-03-18,1,Arrived too late,1,24.81
R001435,OI0009411,2024-12-04,1,Damaged in transit,0,26.40
R001436,OI0009425,2024-12-05,1,Wrong size,1,53.09
R001437,OI0009428,2024-11-30,1,Wrong size,1,126.60
R001438,OI0009440,2025-04-27,1,Wrong size,1,100.28
R001439,OI0009450,2024-11-17,1,Arrived too late,1,40.61
R001440,OI0009452,2024-12-05,4,Changed mind,1,875.86
R001441,OI0009457,2024-11-21,1,Not as described,1,144.35
R001442,OI0009476,2025-01-30,2,Wrong size,1,182.67
R001443,OI0009479,2025-06-10,1,Faulty,0,52.72
R001444,OI0009494,2024-11-26,1,Not as described,1,85.26
R001445,OI0009499,2024-12-01,1,Changed mind,1,122.76
R001446,OI0009503,2024-12-05,1,Wrong size,1,22.37
R001447,OI0009505,2024-11-14,1,Changed mind,1,50.78
R001448,OI0009529,2025-01-09,1,Wrong size,1,122.50
R001449,OI0009531,2024-12-16,1,Changed mind,1,272.93
R001450,OI0009544,2025-03-26,1,Faulty,0,116.07
R001451,OI0009546,2025-08-30,1,Not as described,1,31.54
R001452,OI0009550,2024-12-27,1,Not as described,1,38.98
R001453,OI0009556,2025-05-18,1,Wrong size,1,41.52
R001454,OI0009558,2025-07-30,1,Faulty,0,169.90
R001455,OI0009560,2025-07-23,1,Arrived too late,1,226.66
R001456,OI0009561,2024-11-22,1,Changed mind,1,52.72
R001457,OI0009570,2025-01-30,1,Arrived too late,1,59.52
R001458,OI0009573,2024-12-03,1,Changed mind,1,68.19
R001459,OI0009579,2025-01-28,1,Wrong size,1,122.50
R001460,OI0009581,2024-12-07,1,Changed mind,1,448.18
R001461,OI0009586,2024-12-10,1,Wrong size,1,107.20
R001462,OI0009587,2024-11-22,1,Wrong size,1,194.09
R001463,OI0009590,2025-01-12,3,Wrong size,1,1118.74
R001464,OI0009593,2025-02-20,1,Wrong size,1,82.88
R001465,OI0009594,2025-03-08,1,Arrived too late,1,65.52
R001466,OI0009600,2024-11-28,1,Changed mind,1,49.85
R001467,OI0009609,2025-08-17,1,Changed mind,1,23.01
R001468,OI0009617,2024-12-06,1,Wrong size,1,117.17
R001469,OI0009631,2024-12-01,3,Wrong size,1,76.68
R001470,OI0009632,2024-11-29,1,Damaged in transit,0,53.48
R001471,OI0009640,2025-01-07,2,Faulty,0,68.92
R001472,OI0009642,2025-01-13,1,Faulty,0,34.46
R001473,OI0009658,2025-01-14,2,Wrong size,1,63.42
R001474,OI0009659,2024-12-29,2,Damaged in transit,0,73.06
R001475,OI0009660,2024-12-09,1,Wrong size,1,111.53
R001476,OI0009675,2024-12-16,1,Wrong size,1,87.12
R001477,OI0009680,2024-11-26,1,Arrived too late,1,99.40
R001478,OI0009692,2024-12-01,1,Wrong size,1,68.19
R001479,OI0009693,2024-11-29,2,Not as described,1,280.70
R001480,OI0009697,2024-11-20,1,Wrong size,1,62.97
R001481,OI0009718,2024-12-11,2,Arrived too late,1,62.88
R001482,OI0009736,2024-12-16,2,Changed mind,1,133.02
R001483,OI0009739,2024-11-21,1,Changed mind,1,90.76
R001484,OI0009747,2025-10-27,1,Not as described,1,125.88
R001485,OI0009750,2025-10-11,1,Arrived too late,1,72.27
R001486,OI0009752,2024-12-11,1,Not as described,1,87.12
R001487,OI0009761,2025-01-30,1,Changed mind,1,65.65
R001488,OI0009762,2025-01-20,1,Wrong size,1,116.07
R001489,OI0009766,2025-06-02,1,Arrived too late,1,36.61
R001490,OI0009767,2024-11-27,1,Arrived too late,1,54.16
R001491,OI0009769,2024-12-03,1,Faulty,0,133.12
R001492,OI0009773,2025-01-19,1,Damaged in transit,0,40.61
R001493,OI0009784,2025-07-26,1,Damaged in transit,0,194.09
R001494,OI0009787,2024-12-07,1,Wrong size,1,70.05
R001495,OI0009798,2024-12-03,1,Not as described,1,70.92
R001496,OI0009802,2025-03-30,1,Changed mind,1,34.19
R001497,OI0009806,2024-11-23,1,Wrong size,1,93.79
R001498,OI0009807,2024-11-23,1,Arrived too late,1,93.30
R001499,OI0009816,2024-11-26,1,Faulty,0,28.00
R001500,OI0009817,2024-12-07,1,Damaged in transit,0,88.93
R001501,OI0009819,2025-02-08,1,Changed mind,1,52.99
R001502,OI0009824,2024-11-29,2,Wrong size,1,70.13
R001503,OI0009848,2025-12-29,1,Arrived too late,1,90.94
R001504,OI0009849,2025-12-24,1,Damaged in transit,0,117.17
R001505,OI0009851,2024-11-22,1,Changed mind,1,29.05
R001506,OI0009853,2024-11-20,1,Faulty,0,125.94
R001507,OI0009866,2024-11-25,1,Faulty,0,156.81
R001508,OI0009870,2024-11-18,1,Wrong size,1,43.31
R001509,OI0009875,2024-11-24,1,Wrong size,1,134.40
R001510,OI0009879,2025-04-08,1,Faulty,0,116.07
R001511,OI0009899,2025-01-02,1,Wrong size,1,37.53
R001512,OI0009907,2024-12-04,1,Arrived too late,1,78.15
R001513,OI0009911,2024-12-11,1,Wrong size,1,165.96
R001514,OI0009928,2024-12-03,2,Changed mind,1,53.43
R001515,OI0009931,2025-02-07,1,Wrong size,1,117.17
R001516,OI0009936,2024-12-01,1,Changed mind,1,128.93
R001517,OI0009947,2024-12-09,2,Changed mind,1,412.38
R001518,OI0009961,2025-01-19,1,Faulty,0,104.67
R001519,OI0009964,2024-11-28,1,Damaged in transit,0,52.23
R001520,OI0009968,2024-12-12,1,Damaged in transit,0,78.52
R001521,OI0009971,2024-11-20,1,Damaged in transit,0,97.95
R001522,OI0009972,2024-12-10,1,Faulty,0,58.47
R001523,OI0009978,2025-04-11,1,Changed mind,1,35.23
R001524,OI0009984,2024-12-30,1,Wrong size,1,161.38
R001525,OI0009987,2024-12-18,1,Wrong size,1,76.21
R001526,OI0009998,2024-12-15,1,Changed mind,1,110.78
R001527,OI0010008,2024-11-24,1,Arrived too late,1,25.91
R001528,OI0010022,2024-12-17,3,Not as described,1,149.31
R001529,OI0010025,2024-12-11,1,Changed mind,1,31.13
R001530,OI0010026,2025-01-11,1,Changed mind,1,133.12
R001531,OI0010028,2024-12-21,1,Faulty,0,117.17
R001532,OI0010033,2025-09-24,1,Damaged in transit,0,70.58
R001533,OI0010034,2024-12-14,1,Wrong size,1,36.12
R001534,OI0010049,2024-11-22,1,Changed mind,1,113.30
R001535,OI0010061,2025-01-09,1,Changed mind,1,116.64
R001536,OI0010062,2025-04-16,1,Damaged in transit,0,67.23
R001537,OI0010064,2024-12-02,1,Arrived too late,1,103.02
R001538,OI0010080,2025-01-14,3,Arrived too late,1,266.79
R001539,OI0010081,2024-12-01,1,Not as described,1,72.68
R001540,OI0010083,2024-12-17,1,Damaged in transit,0,134.40
R001541,OI0010087,2024-12-13,1,Wrong size,1,167.56
R001542,OI0010091,2024-12-15,2,Changed mind,1,87.06
R001543,OI0010103,2024-12-20,1,Wrong size,1,219.47
R001544,OI0010108,2024-12-01,1,Wrong size,1,116.53
R001545,OI0010109,2024-11-26,1,Wrong size,1,27.21
R001546,OI0010112,2024-12-04,1,Not as described,1,211.86
R001547,OI0010129,2025-08-24,1,Changed mind,1,45.86
R001548,OI0010133,2024-12-03,1,Changed mind,1,81.68
R001549,OI0010137,2024-12-21,1,Arrived too late,1,18.80
R001550,OI0010143,2024-12-03,1,Damaged in transit,0,116.94
R001551,OI0010145,2024-11-30,1,Faulty,0,107.12
R001552,OI0010146,2024-12-12,1,Not as described,1,97.86
R001553,OI0010163,2024-12-08,1,Changed mind,1,127.25
R001554,OI0010164,2024-11-30,1,Wrong size,1,263.09
R001555,OI0010165,2025-05-15,1,Not as described,1,105.15
R001556,OI0010169,2025-08-13,1,Not as described,1,24.62
R001557,OI0010176,2025-02-09,1,Damaged in transit,0,97.95
R001558,OI0010183,2024-12-18,1,Not as described,1,139.31
R001559,OI0010188,2025-02-05,1,Damaged in transit,0,50.68
R001560,OI0010189,2025-02-21,1,Not as described,1,28.00
R001561,OI0010193,2025-04-29,1,Wrong size,1,116.64
R001562,OI0010195,2025-04-06,1,Changed mind,1,107.20
R001563,OI0010206,2024-12-20,1,Arrived too late,1,69.92
R001564,OI0010212,2024-12-17,1,Not as described,1,32.59
R001565,OI0010219,2025-02-26,1,Damaged in transit,0,75.08
R001566,OI0010229,2025-05-11,1,Changed mind,1,73.72
R001567,OI0010230,2025-07-26,1,Changed mind,1,384.95
R001568,OI0010240,2025-11-28,1,Arrived too late,1,95.89
R001569,OI0010243,2024-12-07,1,Damaged in transit,0,58.95
R001570,OI0010251,2025-11-28,1,Arrived too late,1,90.94
R001571,OI0010254,2024-12-06,1,Wrong size,1,85.34
R001572,OI0010259,2024-12-13,1,Damaged in transit,0,64.55
R001573,OI0010261,2024-12-10,1,Wrong size,1,203.12
R001574,OI0010275,2025-06-03,2,Changed mind,1,262.98
R001575,OI0010276,2025-05-26,2,Arrived too late,1,202.86
R001576,OI0010283,2024-12-09,1,Damaged in transit,0,37.94
R001577,OI0010294,2025-01-03,1,Not as described,1,30.85
R001578,OI0010300,2024-12-20,1,Wrong size,1,33.94
R001579,OI0010304,2024-12-21,1,Changed mind,1,129.93
R001580,OI0010305,2024-12-05,1,Damaged in transit,0,128.17
R001581,OI0010306,2024-12-06,1,Arrived too late,1,81.46
R001582,OI0010315,2024-12-19,1,Wrong size,1,66.51
R001583,OI0010318,2025-04-11,2,Wrong size,1,345.22
R001584,OI0010320,2024-12-07,1,Not as described,1,58.49
R001585,OI0010336,2025-02-14,2,Changed mind,1,23.00
R001586,OI0010343,2024-12-04,1,Arrived too late,1,116.54
R001587,OI0010367,2024-12-23,1,Wrong size,1,21.76
R001588,OI0010371,2024-12-16,1,Faulty,0,111.95
R001589,OI0010386,2024-12-22,1,Not as described,1,70.58
R001590,OI0010398,2024-12-17,2,Damaged in transit,0,228.13
R001591,OI0010405,2024-12-27,1,Arrived too late,1,67.74
R001592,OI0010410,2024-12-22,1,Not as described,1,180.08
R001593,OI0010411,2025-03-28,1,Changed mind,1,33.38
R001594,OI0010417,2024-12-14,1,Not as described,1,78.15
R001595,OI0010419,2025-02-13,1,Not as described,1,156.81
R001596,OI0010425,2024-12-22,1,Changed mind,1,126.56
R001597,OI0010426,2024-12-10,1,Faulty,0,206.19
R001598,OI0010429,2025-03-16,1,Wrong size,1,184.72
R001599,OI0010431,2025-09-27,2,Wrong size,1,200.12
R001600,OI0010434,2024-12-25,1,Changed mind,1,31.99
R001601,OI0010438,2025-01-29,1,Wrong size,1,41.53
R001602,OI0010443,2024-12-08,1,Wrong size,1,27.90
R001603,OI0010445,2024-12-14,1,Changed mind,1,122.76
R001604,OI0010446,2024-12-12,1,Changed mind,1,51.74
R001605,OI0010447,2024-12-13,1,Damaged in transit,0,128.17
R001606,OI0010450,2024-12-09,1,Not as described,1,54.64
R001607,OI0010455,2024-12-09,1,Arrived too late,1,8.34
R001608,OI0010463,2024-12-09,2,Arrived too late,1,251.88
R001609,OI0010465,2024-12-11,1,Faulty,0,148.15
R001610,OI0010466,2024-12-11,1,Changed mind,1,29.99
R001611,OI0010473,2025-05-22,1,Arrived too late,1,103.49
R001612,OI0010485,2025-01-20,1,Wrong size,1,31.33
R001613,OI0010497,2024-12-16,1,Changed mind,1,95.89
R001614,OI0010502,2024-12-31,1,Changed mind,1,83.50
R001615,OI0010509,2024-12-22,1,Not as described,1,66.55
R001616,OI0010510,2024-12-19,1,Not as described,1,54.64
R001617,OI0010511,2024-12-08,1,Damaged in transit,0,125.23
R001618,OI0010515,2025-03-09,1,Changed mind,1,28.00
R001619,OI0010516,2025-03-18,1,Changed mind,1,28.00
R001620,OI0010532,2025-03-10,1,Wrong size,1,28.00
R001621,OI0010556,2024-12-30,1,Changed mind,1,25.75
R001622,OI0010557,2024-12-22,1,Changed mind,1,150.46
R001623,OI0010565,2025-03-18,1,Faulty,0,76.21
R001624,OI0010589,2025-02-28,1,Not as described,1,97.95
R001625,OI0010600,2025-03-26,1,Changed mind,1,95.89
R001626,OI0010605,2025-02-24,1,Changed mind,1,131.59
R001627,OI0010606,2025-04-30,1,Not as described,1,127.69
R001628,OI0010617,2025-02-15,1,Wrong size,1,27.43
R001629,OI0010623,2024-12-17,1,Wrong size,1,61.87
R001630,OI0010625,2025-03-17,1,Changed mind,1,116.64
R001631,OI0010631,2024-12-26,4,Changed mind,1,125.36
R001632,OI0010637,2024-12-22,3,Changed mind,1,648.78
R001633,OI0010653,2025-03-16,1,Wrong size,1,102.46
R001634,OI0010656,2024-12-12,1,Wrong size,1,216.26
R001635,OI0010666,2024-12-12,1,Damaged in transit,0,178.19
R001636,OI0010677,2024-12-09,1,Not as described,1,384.21
R001637,OI0010693,2025-05-02,3,Damaged in transit,0,193.65
R001638,OI0010694,2025-08-02,1,Not as described,1,437.76
R001639,OI0010701,2026-01-04,1,Not as described,1,109.03
R001640,OI0010704,2024-12-28,1,Wrong size,1,209.32
R001641,OI0010715,2025-03-03,1,Wrong size,1,105.21
R001642,OI0010719,2025-05-28,1,Arrived too late,1,52.72
R001643,OI0010722,2024-12-24,1,Not as described,1,57.14
R001644,OI0010723,2025-02-25,1,Wrong size,1,36.53
R001645,OI0010730,2025-08-12,1,Damaged in transit,0,131.59
R001646,OI0010734,2025-01-06,1,Not as described,1,85.53
R001647,OI0010750,2025-04-14,1,Arrived too late,1,128.17
R001648,OI0010756,2024-12-11,1,Wrong size,1,64.10
R001649,OI0010759,2025-01-03,1,Damaged in transit,0,96.55
R001650,OI0010765,2025-04-28,1,Wrong size,1,14.01
R001651,OI0010766,2024-12-27,1,Changed mind,1,54.64
R001652,OI0010767,2025-01-05,1,Arrived too late,1,164.80
R001653,OI0010768,2025-03-09,1,Changed mind,1,93.79
R001654,OI0010771,2025-01-02,1,Arrived too late,1,19.98
R001655,OI0010782,2025-04-14,1,Wrong size,1,94.68
R001656,OI0010785,2025-12-01,1,Wrong size,1,40.68
R001657,OI0010787,2025-01-03,1,Changed mind,1,59.15
R001658,OI0010791,2025-01-22,1,Changed mind,1,102.43
R001659,OI0010793,2025-03-02,1,Changed mind,1,33.94
R001660,OI0010794,2025-03-16,1,Changed mind,1,32.59
R001661,OI0010803,2025-01-03,1,Changed mind,1,48.26
R001662,OI0010807,2025-10-27,1,Arrived too late,1,116.64
R001663,OI0010810,2025-10-17,1,Arrived too late,1,31.44
R001664,OI0010820,2025-01-06,1,Changed mind,1,57.68
R001665,OI0010821,2025-01-16,3,Damaged in transit,0,256.36
R001666,OI0010822,2025-03-06,1,Changed mind,1,66.55
R001667,OI0010830,2025-02-24,1,Changed mind,1,114.68
R001668,OI0010832,2025-04-01,1,Arrived too late,1,77.82
R001669,OI0010833,2024-12-09,1,Wrong size,1,46.14
R001670,OI0010843,2024-12-16,1,Faulty,0,59.52
R001671,OI0010844,2024-12-21,1,Faulty,0,27.36
R001672,OI0010846,2024-12-15,2,Damaged in transit,0,296.30
R001673,OI0010880,2025-03-10,1,Faulty,0,356.75
R001674,OI0010894,2025-08-17,1,Wrong size,1,448.18
R001675,OI0010896,2025-01-05,1,Wrong size,1,41.00
R001676,OI0010901,2025-01-20,1,Damaged in transit,0,45.15
R001677,OI0010907,2025-05-25,1,Wrong size,1,180.08
R001678,OI0010909,2025-07-23,1,Damaged in transit,0,189.90
R001679,OI0010912,2025-01-11,1,Arrived too late,1,34.71
R001680,OI0010913,2025-01-06,1,Wrong size,1,131.59
R001681,OI0010918,2025-04-07,1,Arrived too late,1,65.90
R001682,OI0010922,2024-12-18,1,Changed mind,1,51.99
R001683,OI0010923,2024-12-23,1,Wrong size,1,90.94
R001684,OI0010933,2024-12-16,1,Damaged in transit,0,31.13
R001685,OI0010937,2025-02-06,1,Wrong size,1,116.81
R001686,OI0010946,2024-12-28,2,Wrong size,1,168.57
R001687,OI0010954,2025-02-26,1,Wrong size,1,238.02
R001688,OI0010957,2025-05-18,1,Wrong size,1,116.64
R001689,OI0010962,2024-12-28,3,Wrong size,1,125.95
R001690,OI0010990,2025-03-12,1,Faulty,0,55.63
R001691,OI0010991,2025-03-05,1,Changed mind,1,120.05
R001692,OI0010999,2024-12-20,1,Not as described,1,50.03
R001693,OI0011001,2024-12-15,1,Damaged in transit,0,128.17
R001694,OI0011002,2025-02-13,1,Not as described,1,117.78
R001695,OI0011003,2025-01-22,1,Wrong size,1,105.21
R001696,OI0011004,2025-03-20,1,Not as described,1,98.30
R001697,OI0011028,2024-12-23,1,Wrong size,1,49.77
R001698,OI0011034,2025-02-28,1,Faulty,0,76.70
R001699,OI0011039,2025-03-01,1,Wrong size,1,139.31
R001700,OI0011041,2025-02-22,1,Damaged in transit,0,83.39
R001701,OI0011048,2024-12-21,1,Changed mind,1,90.94
R001702,OI0011057,2024-12-25,1,Wrong size,1,83.50
R001703,OI0011058,2025-01-03,1,Changed mind,1,76.12
R001704,OI0011067,2025-05-26,1,Wrong size,1,219.47
R001705,OI0011080,2025-01-07,1,Changed mind,1,24.13
R001706,OI0011085,2024-12-19,1,Not as described,1,31.99
R001707,OI0011087,2024-12-25,3,Wrong size,1,284.04
R001708,OI0011095,2024-12-19,2,Damaged in transit,0,103.98
R001709,OI0011110,2024-12-27,1,Not as described,1,95.53
R001710,OI0011111,2024-12-16,1,Changed mind,1,68.52
R001711,OI0011130,2024-12-29,1,Damaged in transit,0,149.47
R001712,OI0011160,2025-01-08,1,Changed mind,1,124.02
R001713,OI0011162,2025-05-20,1,Changed mind,1,33.12
R001714,OI0011166,2025-07-13,1,Wrong size,1,166.85
R001715,OI0011169,2025-01-05,1,Changed mind,1,95.88
R001716,OI0011174,2025-01-05,1,Changed mind,1,20.60
R001717,OI0011192,2025-04-24,2,Changed mind,1,111.78
R001718,OI0011198,2025-06-14,1,Arrived too late,1,66.51
R001719,OI0011205,2025-02-15,1,Not as described,1,44.76
R001720,OI0011209,2025-09-03,1,Changed mind,1,66.55
R001721,OI0011210,2025-12-05,1,Not as described,1,17.40
R001722,OI0011228,2025-02-19,2,Changed mind,1,874.38
R001723,OI0011230,2025-03-13,1,Wrong size,1,58.95
R001724,OI0011232,2025-01-12,1,Changed mind,1,65.52
R001725,OI0011240,2024-12-21,2,Wrong size,1,81.22
R001726,OI0011247,2025-03-29,1,Faulty,0,67.23
R001727,OI0011248,2025-03-22,4,Wrong size,1,747.44
R001728,OI0011258,2025-03-05,1,Wrong size,1,113.30
R001729,OI0011263,2025-01-13,1,Not as described,1,45.10
R001730,OI0011266,2024-12-24,3,Not as described,1,91.97
R001731,OI0011268,2024-12-23,1,Damaged in transit,0,49.77
R001732,OI0011269,2025-02-16,1,Not as described,1,40.61
R001733,OI0011272,2025-01-08,1,Damaged in transit,0,45.89
R001734,OI0011274,2025-01-09,1,Changed mind,1,24.78
R001735,OI0011285,2025-01-07,1,Changed mind,1,93.77
R001736,OI0011287,2024-12-24,1,Changed mind,1,73.75
R001737,OI0011291,2025-01-06,3,Wrong size,1,233.46
R001738,OI0011294,2025-01-04,1,Damaged in transit,0,156.81
R001739,OI0011296,2025-01-10,1,Damaged in transit,0,159.13
R001740,OI0011298,2025-02-10,4,Wrong size,1,277.85
R001741,OI0011299,2025-02-15,1,Damaged in transit,0,66.69
R001742,OI0011304,2025-01-05,1,Changed mind,1,58.95
R001743,OI0011318,2024-12-21,3,Damaged in transit,0,1233.66
R001744,OI0011322,2025-01-12,1,Damaged in transit,0,49.05
R001745,OI0011341,2025-04-13,1,Damaged in transit,0,58.26
R001746,OI0011360,2025-05-06,1,Wrong size,1,18.93
R001747,OI0011365,2025-08-18,1,Not as described,1,26.41
R001748,OI0011366,2025-01-06,1,Changed mind,1,98.30
R001749,OI0011369,2025-02-03,2,Not as described,1,172.66
R001750,OI0011372,2025-01-10,1,Changed mind,1,126.27
R001751,OI0011374,2025-03-15,1,Damaged in transit,0,119.52
R001752,OI0011375,2025-05-20,1,Faulty,0,52.46
R001753,OI0011383,2025-01-13,1,Wrong size,1,38.97
R001754,OI0011388,2025-01-07,1,Wrong size,1,95.48
R001755,OI0011391,2024-12-28,1,Faulty,0,58.95
R001756,OI0011399,2025-05-13,1,Arrived too late,1,111.95
R001757,OI0011400,2025-05-23,1,Arrived too late,1,31.99
R001758,OI0011406,2025-11-16,1,Changed mind,1,131.49
R001759,OI0011413,2026-06-11,1,Damaged in transit,0,34.19
R001760,OI0011425,2025-03-23,1,Changed mind,1,129.93
R001761,OI0011432,2025-01-19,1,Wrong size,1,116.54
R001762,OI0011454,2025-01-09,1,Changed mind,1,32.05
R001763,OI0011458,2025-03-05,1,Changed mind,1,133.12
R001764,OI0011463,2024-12-25,2,Faulty,0,526.18
R001765,OI0011469,2025-03-29,1,Wrong size,1,111.95
R001766,OI0011476,2025-01-11,3,Changed mind,1,132.84
R001767,OI0011480,2025-02-07,3,Faulty,0,233.46
R001768,OI0011487,2025-01-04,1,Wrong size,1,79.76
R001769,OI0011506,2024-12-28,2,Not as described,1,134.46
R001770,OI0011514,2025-01-01,3,Damaged in transit,0,134.87
R001771,OI0011523,2024-12-26,1,Wrong size,1,70.92
R001772,OI0011526,2025-02-23,1,Faulty,0,100.06
R001773,OI0011534,2025-08-15,1,Wrong size,1,304.86
R001774,OI0011538,2025-01-17,1,Faulty,0,156.81
R001775,OI0011542,2025-03-10,2,Wrong size,1,385.03
R001776,OI0011543,2025-01-02,1,Wrong size,1,274.44
R001777,OI0011573,2025-05-18,1,Faulty,0,75.51
R001778,OI0011576,2025-10-29,1,Changed mind,1,139.31
R001779,OI0011579,2025-04-13,1,Changed mind,1,45.85
R001780,OI0011580,2025-05-17,1,Arrived too late,1,129.93
R001781,OI0011598,2025-01-08,1,Changed mind,1,116.94
R001782,OI0011601,2024-12-27,1,Wrong size,1,74.85
R001783,OI0011606,2025-01-07,1,Not as described,1,61.31
R001784,OI0011609,2025-01-21,1,Faulty,0,219.47
R001785,OI0011611,2025-01-19,1,Wrong size,1,27.43
R001786,OI0011614,2024-12-29,2,Wrong size,1,262.98
R001787,OI0011630,2025-02-23,1,Damaged in transit,0,40.61
R001788,OI0011632,2025-02-11,1,Changed mind,1,83.70
R001789,OI0011634,2025-03-22,2,Wrong size,1,769.90
R001790,OI0011637,2026-02-16,1,Not as described,1,136.76
R001791,OI0011638,2026-02-23,1,Damaged in transit,0,35.32
R001792,OI0011646,2025-02-13,1,Not as described,1,31.44
R001793,OI0011648,2025-01-23,1,Changed mind,1,107.20
R001794,OI0011657,2025-01-06,1,Damaged in transit,0,131.69
R001795,OI0011661,2025-01-05,1,Wrong size,1,58.95
R001796,OI0011688,2024-12-27,1,Changed mind,1,76.21
R001797,OI0011690,2025-01-08,1,Changed mind,1,134.16
R001798,OI0011694,2025-03-18,1,Changed mind,1,33.23
R001799,OI0011699,2024-12-31,1,Arrived too late,1,156.81
R001800,OI0011718,2025-09-03,1,Damaged in transit,0,122.76
R001801,OI0011724,2026-02-02,1,Wrong size,1,39.36
R001802,OI0011728,2026-05-16,1,Changed mind,1,128.17
R001803,OI0011738,2024-12-30,1,Changed mind,1,41.79
R001804,OI0011786,2025-01-15,3,Changed mind,1,384.51
R001805,OI0011789,2025-01-01,1,Arrived too late,1,78.82
R001806,OI0011790,2025-01-05,1,Faulty,0,59.52
R001807,OI0011791,2025-01-12,1,Changed mind,1,48.14
R001808,OI0011806,2025-03-06,1,Wrong size,1,134.40
R001809,OI0011809,2024-12-27,1,Damaged in transit,0,50.12
R001810,OI0011811,2025-01-22,1,Damaged in transit,0,54.64
R001811,OI0011817,2024-12-31,1,Wrong size,1,77.82
R001812,OI0011820,2025-01-05,1,Changed mind,1,45.89
R001813,OI0011836,2025-03-10,2,Arrived too late,1,121.35
R001814,OI0011866,2025-01-28,1,Changed mind,1,120.05
R001815,OI0011867,2025-01-25,1,Changed mind,1,116.64
R001816,OI0011868,2025-01-23,1,Arrived too late,1,49.23
R001817,OI0011872,2025-03-24,3,Not as described,1,283.83
R001818,OI0011879,2025-01-08,1,Wrong size,1,79.76
R001819,OI0011880,2025-05-01,1,Wrong size,1,105.21
R001820,OI0011883,2025-01-07,1,Changed mind,1,384.21
R001821,OI0011886,2025-01-04,4,Wrong size,1,272.76
R001822,OI0011892,2025-06-08,1,Changed mind,1,38.87
R001823,OI0011899,2025-01-16,1,Wrong size,1,107.61
R001824,OI0011901,2025-01-24,1,Damaged in transit,0,36.53
R001825,OI0011905,2025-02-05,1,Damaged in transit,0,90.23
R001826,OI0011907,2025-04-05,1,Changed mind,1,74.32
R001827,OI0011912,2025-10-31,1,Damaged in transit,0,99.97
R001828,OI0011915,2025-03-17,1,Damaged in transit,0,93.79
R001829,OI0011927,2025-10-21,1,Damaged in transit,0,78.15
R001830,OI0011931,2026-02-06,1,Arrived too late,1,184.66
R001831,OI0011937,2025-01-13,1,Wrong size,1,51.99
R001832,OI0011949,2025-01-11,1,Wrong size,1,49.16
R001833,OI0011954,2025-01-19,1,Damaged in transit,0,219.47
R001834,OI0011955,2025-01-11,1,Not as described,1,35.49
R001835,OI0011967,2025-05-10,1,Wrong size,1,32.69
R001836,OI0011970,2025-05-23,1,Not as described,1,108.84
R001837,OI0011978,2025-01-11,2,Arrived too late,1,280.70
R001838,OI0011983,2025-01-04,1,Faulty,0,125.23
R001839,OI0011989,2025-01-29,1,Arrived too late,1,219.47
R001840,OI0012011,2025-04-19,1,Changed mind,1,139.31
R001841,OI0012018,2025-04-04,1,Changed mind,1,50.12
R001842,OI0012020,2025-04-28,1,Changed mind,1,109.03
R001843,OI0012026,2025-07-29,1,Not as described,1,19.52
R001844,OI0012028,2025-07-27,1,Changed mind,1,51.74
R001845,OI0012031,2025-09-14,1,Wrong size,1,208.78
R001846,OI0012036,2025-01-25,1,Not as described,1,35.89
R001847,OI0012041,2025-01-31,1,Damaged in transit,0,58.95
R001848,OI0012047,2025-01-29,2,Not as described,1,135.48
R001849,OI0012048,2025-01-30,1,Wrong size,1,86.78
R001850,OI0012063,2025-01-25,1,Wrong size,1,66.69
R001851,OI0012067,2025-01-16,1,Damaged in transit,0,93.79
R001852,OI0012072,2025-01-26,1,Wrong size,1,125.94
R001853,OI0012075,2025-01-09,1,Not as described,1,48.95
R001854,OI0012085,2025-01-04,1,Wrong size,1,26.67
R001855,OI0012099,2025-06-21,1,Not as described,1,94.68
R001856,OI0012100,2025-06-14,1,Changed mind,1,81.68
R001857,OI0012103,2025-09-16,2,Damaged in transit,0,91.78
R001858,OI0012104,2025-09-20,1,Changed mind,1,44.67
R001859,OI0012125,2025-04-09,1,Not as described,1,96.37
R001860,OI0012126,2025-04-04,1,Not as described,1,166.79
R001861,OI0012130,2025-01-18,1,Arrived too late,1,253.68
R001862,OI0012131,2025-01-28,1,Faulty,0,448.18
R001863,OI0012134,2025-03-09,1,Wrong size,1,122.76
R001864,OI0012136,2025-01-25,1,Wrong size,1,63.86
R001865,OI0012143,2025-01-16,1,Arrived too late,1,30.72
R001866,OI0012151,2025-05-07,1,Not as described,1,264.31
R001867,OI0012153,2025-01-08,1,Changed mind,1,126.60
R001868,OI0012156,2025-03-15,1,Not as described,1,260.61
R001869,OI0012161,2025-02-02,1,Damaged in transit,0,109.03
R001870,OI0012168,2025-02-27,1,Wrong size,1,116.64
R001871,OI0012170,2025-03-08,1,Faulty,0,78.15
R001872,OI0012177,2025-01-28,1,Wrong size,1,206.33
R001873,OI0012182,2025-01-09,1,Wrong size,1,30.80
R001874,OI0012204,2025-01-26,1,Not as described,1,68.41
R001875,OI0012225,2025-01-23,1,Changed mind,1,22.27
R001876,OI0012228,2025-06-10,1,Not as described,1,29.59
R001877,OI0012229,2025-05-25,1,Changed mind,1,65.95
R001878,OI0012230,2025-05-20,1,Wrong size,1,50.12
R001879,OI0012234,2025-07-31,1,Changed mind,1,107.23
R001880,OI0012240,2025-03-27,1,Damaged in transit,0,111.90
R001881,OI0012241,2025-01-08,1,Changed mind,1,64.55
R001882,OI0012243,2025-01-13,1,Changed mind,1,27.43
R001883,OI0012244,2025-01-13,1,Not as described,1,103.71
R001884,OI0012252,2025-01-15,1,Changed mind,1,49.77
R001885,OI0012255,2025-01-20,1,Not as described,1,128.93
R001886,OI0012262,2025-04-09,1,Not as described,1,45.85
R001887,OI0012265,2025-04-10,1,Faulty,0,216.26
R001888,OI0012269,2025-01-21,1,Arrived too late,1,61.42
R001889,OI0012272,2025-02-26,1,Changed mind,1,384.21
R001890,OI0012280,2025-02-01,1,Changed mind,1,51.99
R001891,OI0012281,2025-01-17,1,Not as described,1,50.58
R001892,OI0012282,2025-01-06,1,Damaged in transit,0,99.97
R001893,OI0012288,2025-01-08,1,Wrong size,1,34.19
R001894,OI0012297,2025-02-20,1,Arrived too late,1,227.04
R001895,OI0012306,2025-05-03,1,Faulty,0,437.76
R001896,OI0012307,2025-04-24,1,Changed mind,1,260.61
R001897,OI0012313,2025-05-15,2,Damaged in transit,0,77.87
R001898,OI0012324,2025-02-28,1,Changed mind,1,35.64
R001899,OI0012331,2025-06-10,1,Changed mind,1,48.42
R001900,OI0012340,2025-02-04,1,Changed mind,1,133.12
R001901,OI0012353,2025-01-17,1,Wrong size,1,128.93
R001902,OI0012359,2025-03-01,1,Wrong size,1,184.72
R001903,OI0012361,2025-06-19,1,Changed mind,1,65.94
R001904,OI0012363,2025-06-09,1,Wrong size,1,105.15
R001905,OI0012368,2025-07-08,1,Not as described,1,26.40
R001906,OI0012370,2025-08-29,1,Changed mind,1,116.94
R001907,OI0012371,2025-12-01,1,Arrived too late,1,60.49
R001908,OI0012376,2025-01-31,1,Changed mind,1,57.88
R001909,OI0012380,2025-02-03,1,Not as described,1,175.32
R001910,OI0012384,2025-01-16,1,Wrong size,1,35.49
R001911,OI0012385,2025-02-02,1,Arrived too late,1,131.49
R001912,OI0012387,2025-08-03,1,Faulty,0,64.55
R001913,OI0012389,2025-05-20,1,Faulty,0,360.35
R001914,OI0012400,2025-01-13,1,Arrived too late,1,55.17
R001915,OI0012401,2025-02-04,4,Damaged in transit,0,155.12
R001916,OI0012405,2025-05-08,1,Damaged in transit,0,437.19
R001917,OI0012406,2025-07-31,1,Not as described,1,34.46
R001918,OI0012407,2025-07-15,1,Changed mind,1,122.63
R001919,OI0012409,2025-01-27,1,Faulty,0,241.41
R001920,OI0012423,2025-05-14,1,Wrong size,1,105.15
R001921,OI0012426,2025-01-15,1,Changed mind,1,122.50
R001922,OI0012427,2025-01-27,1,Arrived too late,1,196.62
R001923,OI0012431,2025-01-19,1,Changed mind,1,85.02
R001924,OI0012433,2025-01-20,1,Changed mind,1,36.83
R001925,OI0012441,2025-04-04,1,Changed mind,1,131.59
R001926,OI0012442,2025-03-28,1,Changed mind,1,87.12
R001927,OI0012453,2025-03-06,1,Faulty,0,56.62
R001928,OI0012454,2025-03-03,1,Wrong size,1,28.00
R001929,OI0012459,2025-01-25,2,Arrived too late,1,210.30
R001930,OI0012464,2025-01-20,1,Changed mind,1,72.88
R001931,OI0012466,2025-02-12,1,Wrong size,1,18.50
R001932,OI0012472,2025-01-13,2,Changed mind,1,195.90
R001933,OI0012476,2025-01-29,1,Damaged in transit,0,87.04
R001934,OI0012481,2025-04-05,1,Damaged in transit,0,125.94
R001935,OI0012484,2025-01-28,1,Arrived too late,1,243.13
R001936,OI0012493,2025-01-16,1,Faulty,0,25.56
R001937,OI0012494,2025-01-17,1,Not as described,1,50.12
R001938,OI0012495,2025-01-22,2,Damaged in transit,0,48.42
R001939,OI0012498,2025-02-02,1,Changed mind,1,47.15
R001940,OI0012508,2025-02-08,1,Wrong size,1,67.74
R001941,OI0012512,2025-01-20,1,Changed mind,1,154.08
R001942,OI0012515,2025-02-05,1,Arrived too late,1,33.94
R001943,OI0012535,2025-01-31,1,Changed mind,1,87.12
R001944,OI0012540,2025-04-29,1,Wrong size,1,65.52
R001945,OI0012544,2025-11-20,1,Changed mind,1,35.49
R001946,OI0012546,2025-02-07,1,Damaged in transit,0,27.43
R001947,OI0012553,2025-04-03,1,Wrong size,1,116.64
R001948,OI0012569,2025-02-09,1,Not as described,1,70.25
R001949,OI0012579,2025-08-19,1,Not as described,1,20.90
R001950,OI0012584,2025-01-24,1,Not as described,1,78.15
R001951,OI0012593,2025-02-20,1,Wrong size,1,93.79
R001952,OI0012600,2025-10-20,1,Faulty,0,166.85
R001953,OI0012602,2025-10-21,1,Arrived too late,1,83.50
R001954,OI0012606,2026-01-03,1,Arrived too late,1,169.90
R001955,OI0012619,2025-02-08,2,Not as described,1,245.52
R001956,OI0012621,2025-01-19,1,Wrong size,1,156.81
R001957,OI0012631,2025-01-17,1,Changed mind,1,20.96
R001958,OI0012648,2025-01-28,1,Changed mind,1,65.94
R001959,OI0012655,2025-01-24,1,Arrived too late,1,194.09
R001960,OI0012656,2025-02-08,1,Changed mind,1,41.79
R001961,OI0012661,2025-01-24,1,Not as described,1,29.19
R001962,OI0012665,2025-04-13,1,Changed mind,1,61.46
R001963,OI0012670,2025-05-06,1,Wrong size,1,81.65
R001964,OI0012675,2025-07-18,1,Wrong size,1,37.20
R001965,OI0012680,2025-12-25,1,Faulty,0,93.47
R001966,OI0012696,2025-02-10,1,Damaged in transit,0,65.94
R001967,OI0012700,2025-02-20,1,Changed mind,1,105.15
R001968,OI0012711,2025-02-10,1,Changed mind,1,78.93
R001969,OI0012723,2025-03-21,1,Arrived too late,1,68.12
R001970,OI0012732,2025-08-06,2,Not as described,1,173.73
R001971,OI0012733,2025-09-22,2,Wrong size,1,329.60
R001972,OI0012734,2025-09-26,1,Arrived too late,1,42.55
R001973,OI0012735,2025-12-19,1,Arrived too late,1,51.74
R001974,OI0012750,2025-01-29,1,Changed mind,1,38.97
R001975,OI0012751,2025-05-04,1,Damaged in transit,0,133.12
R001976,OI0012754,2025-01-21,1,Wrong size,1,138.34
R001977,OI0012757,2025-05-16,1,Arrived too late,1,71.20
R001978,OI0012758,2025-08-07,1,Not as described,1,103.71
R001979,OI0012768,2025-02-18,1,Not as described,1,123.99
R001980,OI0012772,2025-03-19,1,Changed mind,1,57.77
R001981,OI0012776,2025-01-26,1,Changed mind,1,87.12
R001982,OI0012778,2025-01-24,2,Changed mind,1,68.38
R001983,OI0012782,2025-02-06,1,Wrong size,1,38.97
R001984,OI0012784,2025-02-04,1,Changed mind,1,31.44
R001985,OI0012795,2025-04-28,1,Not as described,1,41.97
R001986,OI0012799,2025-02-18,1,Damaged in transit,0,98.30
R001987,OI0012805,2025-01-31,1,Changed mind,1,83.50
R001988,OI0012808,2025-02-09,1,Not as described,1,164.80
R001989,OI0012809,2025-01-31,2,Changed mind,1,109.22
R001990,OI0012816,2025-02-13,1,Changed mind,1,142.17
R001991,OI0012827,2025-10-28,1,Damaged in transit,0,116.54
R001992,OI0012832,2025-02-20,1,Not as described,1,393.89
R001993,OI0012842,2025-02-07,1,Wrong size,1,220.95
R001994,OI0012848,2025-02-08,1,Changed mind,1,43.56
R001995,OI0012855,2025-04-24,1,Wrong size,1,95.89
R001996,OI0012856,2025-04-21,1,Changed mind,1,100.19
R001997,OI0012857,2025-04-24,1,Wrong size,1,29.84
R001998,OI0012860,2025-02-02,4,Arrived too late,1,378.72
R001999,OI0012861,2025-02-20,1,Faulty,0,79.76
R002000,OI0012870,2025-03-01,1,Arrived too late,1,94.68
R002001,OI0012875,2025-02-10,1,Wrong size,1,82.99
R002002,OI0012877,2025-03-12,2,Damaged in transit,0,329.60
R002003,OI0012878,2025-03-18,1,Changed mind,1,43.18
R002004,OI0012879,2025-07-13,1,Changed mind,1,40.34
R002005,OI0012882,2025-07-12,1,Damaged in transit,0,129.93
R002006,OI0012899,2025-02-16,1,Damaged in transit,0,95.49
R002007,OI0012911,2025-06-15,1,Faulty,0,31.13
R002008,OI0012921,2025-02-24,1,Changed mind,1,38.62
R002009,OI0012931,2025-06-30,1,Changed mind,1,219.47
R002010,OI0012938,2025-09-17,1,Damaged in transit,0,181.20
R002011,OI0012942,2025-04-23,1,Changed mind,1,52.31
R002012,OI0012945,2025-02-01,1,Not as described,1,189.90
R002013,OI0012959,2025-02-19,1,Faulty,0,80.55
R002014,OI0012962,2025-02-28,1,Changed mind,1,81.68
R002015,OI0012964,2025-02-25,4,Changed mind,1,123.20
R002016,OI0012965,2025-02-21,1,Changed mind,1,110.04
R002017,OI0012966,2025-04-04,1,Changed mind,1,21.76
R002018,OI0012982,2025-02-27,1,Wrong size,1,40.61
R002019,OI0012992,2025-07-02,1,Changed mind,1,156.81
R002020,OI0012995,2025-02-11,1,Not as described,1,43.69
R002021,OI0013000,2025-03-13,2,Not as described,1,78.72
R002022,OI0013005,2025-02-21,1,Wrong size,1,16.42
R002023,OI0013008,2025-02-22,1,Not as described,1,72.49
R002024,OI0013009,2025-02-02,1,Arrived too late,1,125.94
R002025,OI0013013,2025-09-21,1,Damaged in transit,0,40.61
R002026,OI0013018,2025-12-20,1,Not as described,1,31.44
R002027,OI0013022,2025-02-26,2,Faulty,0,167.00
R002028,OI0013030,2025-12-04,1,Changed mind,1,125.94
R002029,OI0013032,2025-02-13,1,Wrong size,1,226.66
R002030,OI0013039,2025-05-07,1,Damaged in transit,0,31.13
R002031,OI0013043,2025-04-18,3,Changed mind,1,344.40
R002032,OI0013050,2025-02-16,2,Not as described,1,223.90
R002033,OI0013051,2025-02-26,1,Not as described,1,104.67
R002034,OI0013056,2025-02-28,1,Faulty,0,77.22
R002035,OI0013068,2025-10-14,1,Damaged in transit,0,227.21
R002036,OI0013072,2026-01-22,2,Wrong size,1,896.36
R002037,OI0013077,2025-02-08,1,Not as described,1,122.76
R002038,OI0013080,2025-07-10,1,Faulty,0,35.30
R002039,OI0013086,2025-02-01,1,Changed mind,1,104.67
R002040,OI0013091,2025-05-13,1,Damaged in transit,0,166.79
R002041,OI0013095,2025-06-19,1,Changed mind,1,33.58
R002042,OI0013096,2025-06-19,1,Arrived too late,1,20.90
R002043,OI0013097,2025-07-09,1,Wrong size,1,25.48
R002044,OI0013111,2025-05-16,1,Changed mind,1,272.93
R002045,OI0013117,2025-04-15,1,Wrong size,1,67.23
R002046,OI0013125,2025-09-02,1,Faulty,0,47.66
R002047,OI0013130,2025-02-14,1,Changed mind,1,63.94
R002048,OI0013137,2025-02-19,1,Wrong size,1,156.81
R002049,OI0013146,2025-02-04,1,Faulty,0,162.39
R002050,OI0013150,2025-04-26,1,Changed mind,1,25.47
R002051,OI0013178,2025-03-01,1,Arrived too late,1,83.50
R002052,OI0013190,2025-05-19,2,Wrong size,1,313.62
R002053,OI0013191,2025-07-18,1,Wrong size,1,164.71
R002054,OI0013193,2025-02-21,1,Changed mind,1,189.90
R002055,OI0013200,2025-07-30,1,Not as described,1,83.39
R002056,OI0013201,2025-07-23,1,Arrived too late,1,58.95
R002057,OI0013206,2025-02-15,1,Not as described,1,97.95
R002058,OI0013207,2025-02-16,1,Arrived too late,1,35.49
R002059,OI0013209,2025-03-06,1,Changed mind,1,44.51
R002060,OI0013222,2025-06-04,1,Changed mind,1,112.33
R002061,OI0013228,2025-03-05,1,Arrived too late,1,103.71
R002062,OI0013237,2025-02-19,1,Arrived too late,1,59.17
R002063,OI0013251,2025-03-05,1,Arrived too late,1,122.50
R002064,OI0013262,2025-02-19,1,Not as described,1,129.93
R002065,OI0013269,2025-02-18,1,Wrong size,1,397.97
R002066,OI0013272,2025-03-05,1,Not as described,1,75.06
R002067,OI0013281,2025-02-26,1,Changed mind,1,103.49
R002068,OI0013282,2025-03-08,1,Damaged in transit,0,45.69
R002069,OI0013287,2025-03-31,1,Changed mind,1,31.13
R002070,OI0013292,2025-03-08,3,Wrong size,1,79.01
R002071,OI0013308,2026-03-17,1,Changed mind,1,49.77
R002072,OI0013311,2026-06-29,1,Changed mind,1,56.53
R002073,OI0013312,2025-02-24,1,Wrong size,1,19.48
R002074,OI0013313,2025-03-10,1,Not as described,1,45.89
R002075,OI0013321,2025-02-21,1,Changed mind,1,99.97
R002076,OI0013329,2025-03-12,1,Damaged in transit,0,103.71
R002077,OI0013337,2025-02-27,1,Changed mind,1,70.58
R002078,OI0013344,2025-03-01,1,Changed mind,1,100.06
R002079,OI0013348,2025-07-18,1,Changed mind,1,245.75
R002080,OI0013352,2025-03-02,1,Not as described,1,103.71
R002081,OI0013354,2025-02-19,1,Arrived too late,1,98.30
R002082,OI0013356,2025-02-23,1,Faulty,0,189.90
R002083,OI0013367,2025-05-23,1,Arrived too late,1,53.36
R002084,OI0013368,2025-07-17,1,Wrong size,1,26.79
R002085,OI0013372,2025-02-22,1,Changed mind,1,42.40
R002086,OI0013374,2025-03-04,1,Changed mind,1,40.61
R002087,OI0013383,2025-06-14,1,Damaged in transit,0,189.90
R002088,OI0013388,2025-04-30,1,Changed mind,1,20.90
R002089,OI0013389,2025-04-21,1,Changed mind,1,19.94
R002090,OI0013393,2025-10-10,2,Wrong size,1,128.73
R002091,OI0013397,2025-03-04,1,Wrong size,1,72.73
R002092,OI0013402,2025-02-27,1,Wrong size,1,109.27
R002093,OI0013403,2025-03-11,1,Not as described,1,131.49
R002094,OI0013433,2025-12-14,1,Damaged in transit,0,40.68
R002095,OI0013444,2025-03-11,1,Wrong size,1,67.35
R002096,OI0013450,2025-07-25,3,Wrong size,1,82.29
R002097,OI0013451,2025-09-25,1,Changed mind,1,78.15
R002098,OI0013454,2025-12-13,1,Not as described,1,144.02
R002099,OI0013456,2025-03-04,1,Wrong size,1,119.88
R002100,OI0013459,2025-03-01,1,Damaged in transit,0,103.71
R002101,OI0013462,2025-03-10,1,Arrived too late,1,67.23
R002102,OI0013475,2025-03-06,1,Not as described,1,32.59
R002103,OI0013476,2025-02-27,3,Wrong size,1,233.46
R002104,OI0013480,2025-03-16,1,Changed mind,1,68.67
R002105,OI0013482,2025-08-17,1,Arrived too late,1,81.68
R002106,OI0013486,2025-02-23,1,Changed mind,1,125.23
R002107,OI0013489,2025-03-05,1,Changed mind,1,83.50
R002108,OI0013491,2025-03-14,1,Damaged in transit,0,35.49
R002109,OI0013494,2025-03-03,1,Faulty,0,280.70
R002110,OI0013504,2025-02-18,1,Faulty,0,49.77
R002111,OI0013543,2025-02-25,1,Changed mind,1,29.78
R002112,OI0013550,2025-07-03,1,Changed mind,1,41.99
R002113,OI0013553,2025-10-08,2,Arrived too late,1,98.37
R002114,OI0013556,2025-02-25,1,Changed mind,1,138.70
R002115,OI0013559,2025-03-12,1,Changed mind,1,135.18
R002116,OI0013565,2025-03-12,1,Wrong size,1,66.55
R002117,OI0013570,2025-02-22,1,Changed mind,1,28.00
R002118,OI0013580,2025-04-20,1,Not as described,1,64.55
R002119,OI0013588,2025-07-08,1,Wrong size,1,113.30
R002120,OI0013590,2025-08-29,2,Faulty,0,266.24
R002121,OI0013602,2025-03-13,1,Changed mind,1,125.94
R002122,OI0013603,2025-03-15,1,Faulty,0,129.93
R002123,OI0013608,2025-03-09,1,Arrived too late,1,17.17
R002124,OI0013610,2025-02-27,3,Damaged in transit,0,315.63
R002125,OI0013614,2025-05-02,1,Wrong size,1,333.98
R002126,OI0013629,2025-03-11,1,Changed mind,1,50.39
R002127,OI0013630,2025-03-20,1,Faulty,0,77.77
R002128,OI0013631,2025-03-15,1,Wrong size,1,34.19
R002129,OI0013638,2025-03-15,1,Arrived too late,1,54.64
R002130,OI0013642,2025-03-13,1,Damaged in transit,0,296.58
R002131,OI0013643,2025-03-03,1,Wrong size,1,219.47
R002132,OI0013659,2025-03-27,1,Changed mind,1,211.86
R002133,OI0013671,2025-03-18,1,Faulty,0,146.17
R002134,OI0013675,2025-03-04,1,Faulty,0,95.77
R002135,OI0013678,2025-04-29,1,Damaged in transit,0,131.59
R002136,OI0013688,2025-03-17,1,Changed mind,1,51.99
R002137,OI0013693,2025-03-09,2,Changed mind,1,259.86
R002138,OI0013710,2025-03-03,1,Not as described,1,64.55
R002139,OI0013714,2025-03-12,1,Changed mind,1,31.13
R002140,OI0013721,2025-07-16,3,Arrived too late,1,284.04
R002141,OI0013747,2025-03-27,1,Changed mind,1,116.07
R002142,OI0013754,2025-03-14,1,Not as described,1,79.76
R002143,OI0013768,2025-08-31,1,Not as described,1,128.17
R002144,OI0013770,2025-07-31,1,Changed mind,1,208.78
R002145,OI0013773,2025-03-23,2,Damaged in transit,0,92.81
R002146,OI0013775,2025-03-11,1,Wrong size,1,90.26
R002147,OI0013781,2025-03-22,1,Damaged in transit,0,131.59
R002148,OI0013789,2025-04-28,1,Not as described,1,29.99
R002149,OI0013797,2025-03-13,1,Wrong size,1,111.88
R002150,OI0013821,2025-08-02,1,Changed mind,1,10.60
R002151,OI0013826,2025-03-09,1,Wrong size,1,49.77
R002152,OI0013827,2025-04-01,1,Changed mind,1,39.71
R002153,OI0013844,2025-05-14,1,Changed mind,1,81.20
R002154,OI0013854,2025-12-15,1,Faulty,0,99.97
R002155,OI0013858,2025-03-30,1,Wrong size,1,116.54
R002156,OI0013866,2025-03-12,1,Changed mind,1,109.07
R002157,OI0013889,2025-03-08,1,Changed mind,1,120.05
R002158,OI0013893,2025-04-24,1,Changed mind,1,179.14
R002159,OI0013899,2025-03-28,2,Faulty,0,245.52
R002160,OI0013926,2025-05-31,2,Faulty,0,179.50
R002161,OI0013929,2025-03-25,1,Arrived too late,1,111.53
R002162,OI0013940,2025-03-14,2,Not as described,1,133.10
R002163,OI0013942,2025-03-17,1,Wrong size,1,57.97
R002164,OI0013946,2025-05-16,1,Wrong size,1,58.00
R002165,OI0013948,2025-04-03,2,Not as described,1,148.74
R002166,OI0013956,2025-06-04,1,Changed mind,1,32.59
R002167,OI0013960,2025-12-09,1,Not as described,1,31.38
R002168,OI0013962,2025-04-01,1,Wrong size,1,70.92
R002169,OI0013963,2025-05-31,1,Damaged in transit,0,19.57
R002170,OI0013969,2025-06-23,1,Changed mind,1,181.76
R002171,OI0013970,2026-01-10,1,Changed mind,1,189.06
R002172,OI0013972,2025-03-16,2,Wrong size,1,675.10
R002173,OI0013985,2025-05-31,1,Faulty,0,17.16
R002174,OI0013987,2025-03-29,1,Wrong size,1,34.03
R002175,OI0013989,2025-03-20,1,Wrong size,1,121.69
R002176,OI0013998,2025-04-03,1,Not as described,1,58.95
R002177,OI0014010,2025-06-30,1,Changed mind,1,90.94
R002178,OI0014017,2025-04-20,1,Wrong size,1,20.90
R002179,OI0014018,2025-08-02,1,Damaged in transit,0,128.93
R002180,OI0014021,2025-04-06,1,Wrong size,1,34.19
R002181,OI0014028,2025-05-23,1,Not as described,1,90.94
R002182,OI0014029,2025-03-19,1,Changed mind,1,83.57
R002183,OI0014031,2025-03-15,1,Changed mind,1,38.92
R002184,OI0014047,2025-03-22,1,Not as described,1,169.90
R002185,OI0014048,2025-03-30,1,Changed mind,1,258.96
R002186,OI0014061,2025-03-15,1,Faulty,0,211.86
R002187,OI0014065,2025-12-28,1,Not as described,1,125.23
R002188,OI0014067,2025-12-22,1,Not as described,1,29.52
R002189,OI0014069,2025-03-13,1,Wrong size,1,49.77
R002190,OI0014070,2025-03-28,1,Wrong size,1,66.80
R002191,OI0014092,2025-10-21,1,Arrived too late,1,37.61
R002192,OI0014093,2025-10-15,1,Arrived too late,1,75.81
R002193,OI0014097,2025-05-16,1,Faulty,0,38.78
R002194,OI0014102,2025-03-30,1,Changed mind,1,169.49
R002195,OI0014104,2025-03-29,1,Changed mind,1,23.12
R002196,OI0014105,2025-04-04,1,Wrong size,1,104.85
R002197,OI0014122,2025-03-31,1,Changed mind,1,472.93
R002198,OI0014150,2025-05-04,1,Not as described,1,29.75
R002199,OI0014161,2025-05-12,1,Changed mind,1,101.77
R002200,OI0014177,2025-04-17,1,Not as described,1,43.71
R002201,OI0014182,2025-03-29,1,Changed mind,1,73.72
R002202,OI0014184,2025-03-30,1,Wrong size,1,83.70
R002203,OI0014186,2025-03-22,1,Arrived too late,1,60.15
R002204,OI0014189,2025-03-30,1,Changed mind,1,20.31
R002205,OI0014191,2025-05-23,1,Wrong size,1,113.07
R002206,OI0014195,2025-03-19,1,Changed mind,1,94.68
R002207,OI0014209,2025-06-27,1,Not as described,1,166.13
R002208,OI0014213,2026-04-24,1,Not as described,1,21.76
R002209,OI0014218,2025-10-05,4,Wrong size,1,283.68
R002210,OI0014252,2025-03-20,4,Wrong size,1,426.64
R002211,OI0014259,2025-12-31,1,Arrived too late,1,35.49
R002212,OI0014275,2025-03-27,1,Arrived too late,1,33.94
R002213,OI0014281,2025-04-07,1,Wrong size,1,66.22
R002214,OI0014285,2025-03-21,1,Wrong size,1,437.19
R002215,OI0014292,2025-03-28,1,Changed mind,1,122.76
R002216,OI0014313,2025-03-30,1,Changed mind,1,87.12
R002217,OI0014316,2025-03-31,1,Damaged in transit,0,34.78
R002218,OI0014330,2025-04-04,1,Not as described,1,98.30
R002219,OI0014341,2025-09-04,1,Wrong size,1,44.67
R002220,OI0014346,2025-04-05,1,Damaged in transit,0,100.06
R002221,OI0014360,2025-04-05,2,Wrong size,1,68.92
R002222,OI0014366,2025-04-03,1,Arrived too late,1,68.19
R002223,OI0014371,2025-04-01,2,Wrong size,1,49.17
R002224,OI0014375,2025-06-30,1,Wrong size,1,95.54
R002225,OI0014379,2025-04-11,1,Not as described,1,44.28
R002226,OI0014389,2025-04-27,1,Wrong size,1,43.18
R002227,OI0014423,2025-05-10,1,Changed mind,1,141.54
R002228,OI0014444,2025-04-08,1,Damaged in transit,0,19.98
R002229,OI0014445,2025-03-27,1,Wrong size,1,33.23
R002230,OI0014462,2025-07-01,1,Wrong size,1,51.95
R002231,OI0014464,2025-03-30,1,Wrong size,1,35.49
R002232,OI0014475,2025-09-21,1,Wrong size,1,276.02
R002233,OI0014487,2025-04-08,1,Wrong size,1,101.93
R002234,OI0014489,2025-04-11,1,Not as described,1,41.79
R002235,OI0014496,2025-04-06,1,Arrived too late,1,33.23
R002236,OI0014500,2025-03-29,2,Changed mind,1,213.32
R002237,OI0014502,2025-05-29,3,Faulty,0,284.04
R002238,OI0014512,2025-04-09,1,Changed mind,1,90.94
R002239,OI0014520,2025-04-17,1,Not as described,1,100.06
R002240,OI0014521,2025-04-01,4,Wrong size,1,355.72
R002241,OI0014534,2026-02-11,1,Changed mind,1,62.01
R002242,OI0014539,2025-04-27,1,Damaged in transit,0,125.23
R002243,OI0014547,2025-10-07,1,Wrong size,1,27.71
R002244,OI0014566,2025-04-04,1,Damaged in transit,0,99.97
R002245,OI0014571,2025-05-20,4,Wrong size,1,137.84
R002246,OI0014576,2025-04-08,1,Not as described,1,51.74
R002247,OI0014593,2025-06-27,1,Wrong size,1,26.74
R002248,OI0014594,2025-04-03,1,Changed mind,1,31.44
R002249,OI0014595,2025-04-12,1,Not as described,1,129.93
R002250,OI0014605,2025-09-16,1,Changed mind,1,50.12
R002251,OI0014608,2025-04-09,1,Changed mind,1,143.47
R002252,OI0014621,2025-04-17,1,Changed mind,1,33.94
R002253,OI0014622,2025-04-02,1,Arrived too late,1,94.68
R002254,OI0014629,2025-04-12,1,Not as described,1,133.12
R002255,OI0014632,2025-04-18,1,Faulty,0,106.66
R002256,OI0014635,2025-04-17,1,Wrong size,1,131.59
R002257,OI0014640,2025-07-07,1,Not as described,1,24.20
R002258,OI0014642,2025-06-27,1,Not as described,1,93.79
R002259,OI0014643,2025-04-01,1,Not as described,1,93.30
R002260,OI0014649,2025-04-20,1,Damaged in transit,0,99.54
R002261,OI0014650,2025-04-07,1,Not as described,1,126.60
R002262,OI0014655,2025-08-03,1,Faulty,0,25.70
R002263,OI0014671,2025-04-20,1,Changed mind,1,206.19
R002264,OI0014673,2025-04-13,1,Wrong size,1,76.21
R002265,OI0014679,2025-04-17,1,Changed mind,1,94.68
R002266,OI0014682,2025-05-08,1,Wrong size,1,472.93
R002267,OI0014683,2025-04-28,1,Arrived too late,1,62.01
R002268,OI0014685,2025-05-30,1,Wrong size,1,396.85
R002269,OI0014686,2025-07-11,1,Wrong size,1,60.16
R002270,OI0014687,2025-04-29,2,Damaged in transit,0,207.42
R002271,OI0014694,2025-07-21,4,Damaged in transit,0,759.60
R002272,OI0014697,2025-08-17,1,Wrong size,1,122.50
R002273,OI0014705,2025-07-17,1,Changed mind,1,116.94
R002274,OI0014716,2025-04-09,1,Wrong size,1,82.55
R002275,OI0014726,2025-04-29,1,Damaged in transit,0,111.95
R002276,OI0014728,2025-04-08,1,Not as described,1,83.70
R002277,OI0014741,2025-06-06,1,Faulty,0,85.00
R002278,OI0014744,2025-04-07,1,Changed mind,1,26.73
R002279,OI0014746,2025-04-22,1,Not as described,1,87.12
R002280,OI0014747,2025-04-29,1,Faulty,0,98.30
R002281,OI0014759,2025-04-07,1,Damaged in transit,0,129.93
R002282,OI0014764,2025-08-07,1,Damaged in transit,0,41.53
R002283,OI0014776,2025-05-14,1,Changed mind,1,139.31
R002284,OI0014778,2025-07-25,2,Damaged in transit,0,251.88
R002285,OI0014783,2025-07-06,1,Wrong size,1,108.03
R002286,OI0014784,2025-10-05,1,Arrived too late,1,44.28
R002287,OI0014787,2025-04-20,1,Not as described,1,69.94
R002288,OI0014799,2025-04-03,1,Changed mind,1,138.70
R002289,OI0014806,2026-04-16,1,Arrived too late,1,105.15
R002290,OI0014814,2025-04-25,1,Damaged in transit,0,122.76
R002291,OI0014821,2025-04-08,1,Damaged in transit,0,88.93
R002292,OI0014827,2025-06-19,1,Changed mind,1,116.07
R002293,OI0014839,2025-04-09,2,Changed mind,1,117.90
R002294,OI0014841,2025-04-24,1,Changed mind,1,24.21
R002295,OI0014851,2025-08-19,1,Faulty,0,41.79
R002296,OI0014856,2025-04-24,1,Not as described,1,79.24
R002297,OI0014858,2025-04-20,2,Wrong size,1,131.88
R002298,OI0014873,2025-04-12,2,Wrong size,1,213.32
R002299,OI0014881,2025-06-25,1,Changed mind,1,67.23
R002300,OI0014883,2025-05-01,1,Wrong size,1,106.66
R002301,OI0014885,2025-05-06,1,Damaged in transit,0,12.34
R002302,OI0014888,2025-04-20,2,Damaged in transit,0,163.36
R002303,OI0014901,2025-04-24,1,Damaged in transit,0,38.51
R002304,OI0014917,2025-04-23,1,Not as described,1,26.93
R002305,OI0014921,2025-05-05,1,Arrived too late,1,64.75
R002306,OI0014949,2025-04-20,1,Changed mind,1,125.94
R002307,OI0014952,2025-04-22,1,Changed mind,1,64.55
R002308,OI0014959,2025-04-19,3,Damaged in transit,0,311.13
R002309,OI0014972,2025-08-18,1,Wrong size,1,51.74
R002310,OI0014974,2025-04-21,1,Wrong size,1,107.99
R002311,OI0014987,2025-06-12,1,Wrong size,1,41.79
R002312,OI0014988,2025-06-04,1,Not as described,1,116.64
R002313,OI0014989,2025-06-06,1,Wrong size,1,20.90
R002314,OI0014994,2026-01-13,3,Not as described,1,198.34
R002315,OI0014998,2026-02-05,1,Not as described,1,44.28
R002316,OI0014999,2026-03-11,1,Not as described,1,107.23
R002317,OI0015005,2025-04-26,1,Changed mind,1,23.67
R002318,OI0015007,2025-07-08,2,Faulty,0,57.02
R002319,OI0015010,2025-04-17,2,Not as described,1,159.52
R002320,OI0015014,2025-04-14,1,Changed mind,1,133.12
R002321,OI0015018,2025-07-09,1,Arrived too late,1,66.45
R002322,OI0015025,2025-04-17,1,Changed mind,1,337.55
R002323,OI0015031,2025-07-13,1,Faulty,0,26.13
R002324,OI0015033,2025-07-16,1,Faulty,0,70.92
R002325,OI0015035,2026-01-28,3,Changed mind,1,79.20
R002326,OI0015036,2026-02-01,1,Wrong size,1,131.49
R002327,OI0015038,2026-02-13,1,Wrong size,1,166.85
R002328,OI0015054,2025-04-22,1,Not as described,1,31.99
R002329,OI0015056,2025-04-29,1,Damaged in transit,0,107.20
R002330,OI0015057,2025-04-19,1,Not as described,1,243.13
R002331,OI0015088,2025-04-23,2,Wrong size,1,278.62
R002332,OI0015089,2025-07-04,1,Wrong size,1,194.56
R002333,OI0015092,2025-08-07,1,Wrong size,1,105.21
R002334,OI0015097,2025-07-12,1,Changed mind,1,126.60
R002335,OI0015098,2025-07-29,1,Damaged in transit,0,106.66
R002336,OI0015105,2025-04-25,2,Wrong size,1,73.06
R002337,OI0015116,2025-09-27,1,Arrived too late,1,51.20
R002338,OI0015117,2025-11-10,1,Wrong size,1,87.12
R002339,OI0015120,2025-04-24,2,Changed mind,1,41.80
R002340,OI0015131,2025-09-07,1,Changed mind,1,128.93
R002341,OI0015136,2025-09-20,1,Wrong size,1,65.82
R002342,OI0015139,2025-04-30,1,Arrived too late,1,26.36
R002343,OI0015140,2025-04-29,1,Changed mind,1,26.28
R002344,OI0015141,2025-04-30,1,Not as described,1,28.00
R002345,OI0015142,2025-05-05,1,Wrong size,1,44.28
R002346,OI0015143,2025-04-29,1,Wrong size,1,139.31
R002347,OI0015145,2025-04-24,1,Not as described,1,57.48
R002348,OI0015147,2025-04-23,1,Damaged in transit,0,58.95
R002349,OI0015148,2025-04-21,1,Wrong size,1,104.94
R002350,OI0015153,2025-05-06,1,Not as described,1,42.33
R002351,OI0015156,2025-04-18,1,Wrong size,1,79.90
R002352,OI0015163,2025-06-25,1,Wrong size,1,66.55
R002353,OI0015166,2025-06-22,1,Wrong size,1,53.02
R002354,OI0015173,2025-05-09,1,Wrong size,1,128.17
R002355,OI0015181,2025-04-15,1,Damaged in transit,0,33.94
R002356,OI0015195,2025-04-26,1,Wrong size,1,60.48
R002357,OI0015202,2025-04-28,1,Not as described,1,98.30
R002358,OI0015203,2025-05-02,1,Faulty,0,77.82
R002359,OI0015220,2025-04-18,1,Wrong size,1,68.67
R002360,OI0015223,2025-04-25,1,Damaged in transit,0,81.68
R002361,OI0015228,2025-05-14,1,Wrong size,1,70.55
R002362,OI0015233,2025-08-17,1,Arrived too late,1,34.46
R002363,OI0015235,2025-05-02,1,Arrived too late,1,122.76
R002364,OI0015236,2025-05-15,1,Wrong size,1,64.55
R002365,OI0015244,2025-04-23,1,Changed mind,1,32.59
R002366,OI0015248,2025-07-18,1,Not as described,1,58.26
R002367,OI0015252,2025-04-24,1,Wrong size,1,39.46
R002368,OI0015254,2025-04-26,4,Wrong size,1,383.56
R002369,OI0015257,2025-09-24,2,Wrong size,1,50.60
R002370,OI0015263,2025-05-08,1,Damaged in transit,0,51.74
R002371,OI0015264,2025-05-11,1,Faulty,0,103.71
R002372,OI0015276,2025-04-23,1,Wrong size,1,151.43
R002373,OI0015278,2025-05-15,1,Faulty,0,83.70
R002374,OI0015286,2025-04-25,2,Faulty,0,234.29
R002375,OI0015289,2025-05-02,1,Wrong size,1,301.38
R002376,OI0015300,2025-06-03,1,Wrong size,1,33.23
R002377,OI0015302,2025-08-16,1,Arrived too late,1,81.22
R002378,OI0015308,2025-04-29,1,Changed mind,1,25.65
R002379,OI0015310,2025-05-07,1,Not as described,1,384.21
R002380,OI0015311,2025-04-25,1,Arrived too late,1,73.72
R002381,OI0015319,2025-04-28,1,Damaged in transit,0,42.10
R002382,OI0015326,2025-08-29,1,Wrong size,1,24.62
R002383,OI0015328,2026-01-18,1,Changed mind,1,38.97
R002384,OI0015331,2025-05-04,2,Changed mind,1,348.38
R002385,OI0015332,2025-06-02,1,Arrived too late,1,49.48
R002386,OI0015345,2025-05-14,1,Changed mind,1,106.66
R002387,OI0015349,2025-04-27,1,Faulty,0,31.26
R002388,OI0015356,2025-04-22,1,Not as described,1,81.65
R002389,OI0015361,2025-04-19,1,Wrong size,1,33.94
R002390,OI0015362,2025-05-10,3,Not as described,1,93.39
R002391,OI0015366,2026-01-15,1,Wrong size,1,89.76
R002392,OI0015368,2025-05-11,2,Not as described,1,487.05
R002393,OI0015369,2025-04-21,1,Wrong size,1,21.76
R002394,OI0015376,2025-05-11,1,Changed mind,1,216.26
R002395,OI0015379,2025-04-20,1,Changed mind,1,166.13
R002396,OI0015394,2025-05-01,3,Wrong size,1,350.30
R002397,OI0015399,2025-07-22,1,Wrong size,1,61.98
R002398,OI0015402,2025-05-02,1,Wrong size,1,19.24
R002399,OI0015410,2025-09-27,1,Changed mind,1,106.66
R002400,OI0015412,2025-11-13,1,Wrong size,1,18.37
R002401,OI0015413,2025-11-14,1,Damaged in transit,0,67.74
R002402,OI0015415,2025-05-04,1,Changed mind,1,20.26
R002403,OI0015431,2025-08-29,1,Wrong size,1,112.17
R002404,OI0015434,2025-11-01,1,Arrived too late,1,349.54
R002405,OI0015435,2025-04-24,1,Wrong size,1,59.63
R002406,OI0015443,2025-10-05,1,Not as described,1,245.75
R002407,OI0015444,2025-11-11,1,Faulty,0,472.93
R002408,OI0015458,2025-04-24,1,Wrong size,1,129.93
R002409,OI0015461,2025-08-24,1,Changed mind,1,88.93
R002410,OI0015463,2025-05-06,1,Changed mind,1,95.77
R002411,OI0015464,2025-05-15,1,Changed mind,1,66.55
R002412,OI0015476,2025-08-11,1,Wrong size,1,39.70
R002413,OI0015479,2025-04-29,1,Faulty,0,99.97
R002414,OI0015485,2025-05-14,1,Damaged in transit,0,109.12
R002415,OI0015502,2025-07-15,1,Wrong size,1,25.56
R002416,OI0015503,2025-06-29,1,Wrong size,1,34.19
R002417,OI0015504,2025-05-22,1,Changed mind,1,116.54
R002418,OI0015509,2025-05-01,1,Changed mind,1,83.70
R002419,OI0015513,2025-04-30,1,Changed mind,1,177.43
R002420,OI0015518,2025-10-26,1,Damaged in transit,0,144.48
R002421,OI0015519,2025-11-05,2,Faulty,0,155.64
R002422,OI0015530,2025-05-08,1,Changed mind,1,56.27
R002423,OI0015543,2025-05-19,3,Damaged in transit,0,205.56
R002424,OI0015547,2025-05-15,1,Wrong size,1,192.22
R002425,OI0015551,2025-08-02,1,Not as described,1,68.15
R002426,OI0015563,2025-05-02,1,Changed mind,1,79.76
R002427,OI0015566,2025-07-13,2,Damaged in transit,0,259.86
R002428,OI0015568,2025-10-30,3,Not as described,1,138.64
R002429,OI0015582,2025-06-26,1,Damaged in transit,0,70.58
R002430,OI0015590,2025-05-21,1,Wrong size,1,105.15
R002431,OI0015593,2025-06-25,1,Not as described,1,83.51
R002432,OI0015604,2025-04-23,1,Changed mind,1,122.50
R002433,OI0015609,2025-09-18,1,Wrong size,1,477.87
R002434,OI0015611,2025-05-13,2,Wrong size,1,199.94
R002435,OI0015618,2025-08-20,1,Changed mind,1,28.36
R002436,OI0015621,2025-05-23,1,Wrong size,1,68.67
R002437,OI0015622,2025-05-06,1,Changed mind,1,58.95
R002438,OI0015632,2025-06-04,1,Faulty,0,384.21
R002439,OI0015637,2025-05-12,1,Wrong size,1,386.68
R002440,OI0015640,2025-06-10,1,Damaged in transit,0,129.93
R002441,OI0015643,2025-07-04,1,Faulty,0,81.68
R002442,OI0015649,2025-07-31,1,Wrong size,1,40.61
R002443,OI0015657,2025-07-11,1,Arrived too late,1,139.28
R002444,OI0015664,2025-06-11,1,Damaged in transit,0,31.77
R002445,OI0015666,2025-07-25,1,Wrong size,1,131.49
R002446,OI0015673,2025-05-13,1,Not as described,1,106.66
R002447,OI0015678,2025-08-27,1,Arrived too late,1,93.30
R002448,OI0015687,2025-08-11,1,Damaged in transit,0,130.02
R002449,OI0015701,2025-05-28,2,Not as described,1,129.10
R002450,OI0015714,2025-05-02,1,Changed mind,1,55.56
R002451,OI0015726,2025-05-10,1,Arrived too late,1,116.64
R002452,OI0015747,2025-08-23,1,Wrong size,1,156.11
R002453,OI0015749,2025-08-09,1,Changed mind,1,50.29
R002454,OI0015756,2025-07-21,1,Changed mind,1,28.36
R002455,OI0015757,2025-10-10,1,Changed mind,1,125.23
R002456,OI0015760,2025-05-06,1,Changed mind,1,425.20
R002457,OI0015773,2025-08-28,1,Changed mind,1,67.74
R002458,OI0015787,2025-05-11,1,Not as described,1,32.69
R002459,OI0015789,2025-05-23,1,Not as described,1,140.35
R002460,OI0015809,2025-05-11,1,Faulty,0,98.19
R002461,OI0015813,2025-08-27,1,Not as described,1,25.56
R002462,OI0015826,2025-05-24,2,Damaged in transit,0,54.86
R002463,OI0015834,2025-05-27,1,Wrong size,1,125.94
R002464,OI0015839,2025-05-13,1,Changed mind,1,19.98
R002465,OI0015847,2025-05-28,1,Wrong size,1,42.70
R002466,OI0015863,2025-10-30,1,Wrong size,1,206.19
R002467,OI0015869,2025-05-21,1,Changed mind,1,26.28
R002468,OI0015879,2025-05-11,1,Changed mind,1,164.80
R002469,OI0015892,2025-05-20,1,Changed mind,1,90.94
R002470,OI0015901,2025-12-07,1,Not as described,1,93.79
R002471,OI0015903,2025-12-23,1,Not as described,1,86.78
R002472,OI0015912,2025-07-23,1,Changed mind,1,38.97
R002473,OI0015915,2025-12-03,1,Changed mind,1,26.40
R002474,OI0015918,2025-11-27,1,Damaged in transit,0,62.01
R002475,OI0015928,2025-05-26,1,Changed mind,1,68.67
R002476,OI0015935,2025-08-26,1,Faulty,0,86.78
R002477,OI0015952,2025-10-19,1,Arrived too late,1,77.82
R002478,OI0015965,2025-09-13,1,Changed mind,1,254.21
R002479,OI0015986,2025-05-27,1,Changed mind,1,87.83
R002480,OI0015989,2025-05-15,1,Changed mind,1,148.15
R002481,OI0015997,2025-05-31,1,Arrived too late,1,164.80
R002482,OI0016007,2025-11-21,1,Wrong size,1,41.79
R002483,OI0016012,2025-10-30,1,Arrived too late,1,180.08
R002484,OI0016017,2025-05-22,1,Changed mind,1,180.08
R002485,OI0016024,2025-07-31,1,Changed mind,1,83.39
R002486,OI0016025,2025-09-19,4,Wrong size,1,605.51
R002487,OI0016032,2025-05-11,1,Changed mind,1,27.51
R002488,OI0016034,2025-05-12,1,Changed mind,1,66.12
R002489,OI0016045,2026-05-10,1,Changed mind,1,24.01
R002490,OI0016047,2026-05-08,1,Not as described,1,64.33
R002491,OI0016052,2025-05-16,1,Changed mind,1,44.28
R002492,OI0016056,2025-06-07,3,Not as described,1,205.56
R002493,OI0016059,2025-08-29,1,Faulty,0,111.95
R002494,OI0016061,2025-05-28,1,Arrived too late,1,54.64
R002495,OI0016068,2025-05-08,1,Faulty,0,216.26
R002496,OI0016077,2025-05-18,1,Changed mind,1,44.28
R002497,OI0016079,2025-06-02,1,Not as described,1,26.78
R002498,OI0016080,2025-05-15,1,Faulty,0,88.93
R002499,OI0016084,2025-05-13,1,Arrived too late,1,44.67
R002500,OI0016085,2025-05-24,2,Arrived too late,1,155.64
R002501,OI0016088,2025-05-16,1,Not as described,1,105.15
R002502,OI0016089,2025-05-13,1,Wrong size,1,83.39
R002503,OI0016092,2025-06-30,1,Not as described,1,86.50
R002504,OI0016093,2025-07-09,1,Wrong size,1,83.28
R002505,OI0016100,2025-07-15,2,Changed mind,1,45.90
R002506,OI0016104,2025-10-04,1,Damaged in transit,0,34.46
R002507,OI0016106,2025-06-14,1,Wrong size,1,106.52
R002508,OI0016114,2025-05-21,1,Faulty,0,28.19
R002509,OI0016115,2025-10-15,1,Wrong size,1,66.25
R002510,OI0016128,2025-06-01,1,Not as described,1,57.72
R002511,OI0016142,2025-06-09,1,Wrong size,1,95.89
R002512,OI0016143,2025-05-31,1,Not as described,1,58.95
R002513,OI0016145,2025-06-06,1,Changed mind,1,113.30
R002514,OI0016148,2025-08-02,1,Wrong size,1,65.82
R002515,OI0016149,2025-06-01,1,Changed mind,1,83.39
R002516,OI0016150,2025-06-06,2,Arrived too late,1,73.06
R002517,OI0016152,2025-06-13,1,Arrived too late,1,62.01
R002518,OI0016176,2025-06-03,1,Faulty,0,101.41
R002519,OI0016190,2025-07-07,2,Changed mind,1,207.68
R002520,OI0016195,2025-05-25,1,Not as described,1,162.45
R002521,OI0016203,2025-05-31,1,Changed mind,1,117.17
R002522,OI0016210,2026-01-29,1,Changed mind,1,33.23
R002523,OI0016215,2025-05-18,1,Wrong size,1,172.61
R002524,OI0016222,2025-05-23,2,Changed mind,1,141.84
R002525,OI0016227,2025-05-19,1,Not as described,1,75.64
R002526,OI0016239,2025-05-19,1,Not as described,1,65.61
R002527,OI0016245,2025-05-27,1,Changed mind,1,68.19
R002528,OI0016251,2025-06-01,1,Wrong size,1,86.78
R002529,OI0016267,2025-06-06,1,Arrived too late,1,66.34
R002530,OI0016268,2025-05-25,1,Arrived too late,1,73.82
R002531,OI0016273,2025-06-08,1,Wrong size,1,33.90
R002532,OI0016275,2025-06-03,1,Arrived too late,1,116.07
R002533,OI0016279,2025-05-27,2,Changed mind,1,191.78
R002534,OI0016282,2025-05-27,1,Not as described,1,49.85
R002535,OI0016304,2025-05-25,1,Damaged in transit,0,111.95
R002536,OI0016306,2025-08-01,1,Changed mind,1,77.82
R002537,OI0016308,2025-08-01,1,Damaged in transit,0,83.39
R002538,OI0016311,2026-04-17,2,Faulty,0,482.82
R002539,OI0016315,2025-05-29,1,Not as described,1,62.01
R002540,OI0016316,2025-05-24,1,Wrong size,1,87.63
R002541,OI0016321,2025-06-07,1,Changed mind,1,68.27
R002542,OI0016324,2025-07-08,4,Not as described,1,377.72
R002543,OI0016327,2025-06-11,1,Wrong size,1,32.03
R002544,OI0016328,2025-05-27,1,Not as described,1,41.79
R002545,OI0016334,2025-08-28,1,Faulty,0,41.42
R002546,OI0016340,2025-07-10,1,Changed mind,1,81.65
R002547,OI0016346,2025-07-16,2,Arrived too late,1,129.10
R002548,OI0016362,2025-06-11,2,Arrived too late,1,174.24
R002549,OI0016373,2025-05-25,1,Arrived too late,1,63.36
R002550,OI0016379,2025-08-19,1,Wrong size,1,73.72
R002551,OI0016386,2025-08-30,1,Wrong size,1,91.97
R002552,OI0016394,2025-05-30,1,Not as described,1,129.93
R002553,OI0016396,2025-08-13,3,Arrived too late,1,269.47
R002554,OI0016398,2025-10-12,1,Damaged in transit,0,49.77
R002555,OI0016399,2025-10-10,1,Damaged in transit,0,156.81
R002556,OI0016402,2025-05-26,1,Wrong size,1,30.80
R002557,OI0016405,2025-05-29,1,Changed mind,1,51.99
R002558,OI0016409,2025-09-15,2,Arrived too late,1,176.61
R002559,OI0016423,2025-06-12,1,Wrong size,1,70.92
R002560,OI0016453,2025-09-22,1,Changed mind,1,54.16
R002561,OI0016458,2025-06-07,1,Arrived too late,1,118.49
R002562,OI0016465,2025-07-09,1,Wrong size,1,29.59
R002563,OI0016467,2025-06-02,1,Wrong size,1,36.53
R002564,OI0016469,2025-06-19,1,Changed mind,1,43.18
R002565,OI0016471,2025-06-15,1,Wrong size,1,116.64
R002566,OI0016476,2025-06-22,1,Not as described,1,43.26
R002567,OI0016486,2025-10-13,2,Arrived too late,1,163.40
R002568,OI0016491,2026-01-14,1,Arrived too late,1,96.95
R002569,OI0016492,2026-04-12,1,Arrived too late,1,25.56
R002570,OI0016517,2025-09-07,1,Faulty,0,59.96
R002571,OI0016518,2025-09-24,4,Changed mind,1,333.56
R002572,OI0016520,2025-05-27,1,Not as described,1,180.08
R002573,OI0016522,2025-06-03,1,Arrived too late,1,94.68
R002574,OI0016526,2025-08-10,1,Faulty,0,112.24
R002575,OI0016532,2025-05-29,1,Changed mind,1,59.52
R002576,OI0016534,2025-06-06,3,Changed mind,1,99.69
R002577,OI0016551,2025-06-09,1,Faulty,0,103.71
R002578,OI0016553,2025-06-08,1,Wrong size,1,21.45
R002579,OI0016554,2025-06-17,1,Damaged in transit,0,66.01
R002580,OI0016561,2025-09-20,1,Damaged in transit,0,116.94
R002581,OI0016564,2025-05-30,2,Changed mind,1,768.42
R002582,OI0016572,2025-06-04,1,Not as described,1,60.17
R002583,OI0016579,2025-06-15,1,Changed mind,1,18.79
R002584,OI0016583,2025-06-13,2,Damaged in transit,0,113.65
R002585,OI0016589,2025-11-06,1,Damaged in transit,0,97.95
R002586,OI0016591,2025-06-12,1,Not as described,1,29.59
R002587,OI0016602,2025-07-21,1,Arrived too late,1,95.89
R002588,OI0016604,2025-06-11,1,Damaged in transit,0,27.24
R002589,OI0016609,2025-07-27,1,Damaged in transit,0,35.11
R002590,OI0016611,2025-11-05,1,Changed mind,1,104.67
R002591,OI0016640,2025-06-11,1,Changed mind,1,78.15
R002592,OI0016646,2025-07-14,1,Changed mind,1,126.60
R002593,OI0016653,2025-06-15,1,Arrived too late,1,64.55
R002594,OI0016665,2025-06-04,1,Arrived too late,1,54.30
R002595,OI0016670,2025-06-16,1,Wrong size,1,25.51
R002596,OI0016688,2025-06-04,1,Arrived too late,1,209.32
R002597,OI0016690,2025-06-22,1,Changed mind,1,103.71
R002598,OI0016691,2025-06-10,1,Changed mind,1,48.60
R002599,OI0016696,2025-07-08,1,Damaged in transit,0,31.44
R002600,OI0016703,2025-08-05,1,Changed mind,1,54.52
R002601,OI0016707,2025-09-02,1,Changed mind,1,49.77
R002602,OI0016711,2026-03-28,1,Changed mind,1,57.14
R002603,OI0016712,2026-04-02,1,Not as described,1,72.73
R002604,OI0016724,2025-09-14,1,Changed mind,1,93.30
R002605,OI0016728,2025-06-17,1,Wrong size,1,62.01
R002606,OI0016731,2025-08-02,1,Changed mind,1,95.89
R002607,OI0016736,2025-06-19,1,Arrived too late,1,46.92
R002608,OI0016737,2025-06-19,1,Changed mind,1,128.93
R002609,OI0016739,2025-06-19,1,Wrong size,1,71.93
R002610,OI0016744,2025-06-07,2,Wrong size,1,99.70
R002611,OI0016746,2025-06-16,1,Changed mind,1,46.28
R002612,OI0016747,2025-07-12,1,Wrong size,1,67.74
R002613,OI0016750,2025-10-27,1,Wrong size,1,67.74
R002614,OI0016755,2025-10-24,2,Changed mind,1,34.71
R002615,OI0016762,2025-06-18,1,Not as described,1,50.06
R002616,OI0016765,2025-06-27,1,Not as described,1,122.76
R002617,OI0016778,2025-06-07,1,Wrong size,1,16.52
R002618,OI0016792,2025-06-09,1,Wrong size,1,43.43
R002619,OI0016809,2025-08-14,1,Changed mind,1,71.92
R002620,OI0016811,2025-08-22,1,Damaged in transit,0,106.66
R002621,OI0016812,2025-06-04,1,Wrong size,1,64.64
R002622,OI0016815,2025-06-29,1,Changed mind,1,96.35
R002623,OI0016816,2025-06-10,1,Damaged in transit,0,125.23
R002624,OI0016822,2025-06-27,1,Damaged in transit,0,30.80
R002625,OI0016824,2025-06-23,1,Damaged in transit,0,274.44
R002626,OI0016835,2025-08-08,1,Faulty,0,34.19
R002627,OI0016836,2025-09-11,1,Faulty,0,52.72
R002628,OI0016837,2025-10-13,1,Wrong size,1,49.77
R002629,OI0016839,2025-12-29,1,Wrong size,1,125.94
R002630,OI0016849,2025-06-27,1,Arrived too late,1,88.93
R002631,OI0016852,2025-08-03,1,Changed mind,1,94.68
R002632,OI0016859,2025-06-11,1,Changed mind,1,95.34
R002633,OI0016862,2025-06-30,2,Arrived too late,1,226.60
R002634,OI0016863,2025-06-18,1,Changed mind,1,28.00
R002635,OI0016874,2025-06-14,1,Faulty,0,67.74
R002636,OI0016875,2025-10-08,1,Faulty,0,128.93
R002637,OI0016885,2026-02-16,2,Wrong size,1,240.10
R002638,OI0016886,2026-02-26,1,Arrived too late,1,70.92
R002639,OI0016897,2025-06-26,1,Wrong size,1,98.65
R002640,OI0016919,2025-06-29,1,Changed mind,1,164.80
R002641,OI0016923,2025-08-18,1,Faulty,0,386.68
R002642,OI0016936,2025-10-03,1,Changed mind,1,49.77
R002643,OI0016954,2026-04-01,1,Changed mind,1,116.64
R002644,OI0016955,2026-04-07,2,Damaged in transit,0,207.42
R002645,OI0016967,2025-06-22,1,Changed mind,1,83.50
R002646,OI0016977,2025-06-18,1,Not as described,1,56.88
R002647,OI0016989,2025-06-11,1,Changed mind,1,36.53
R002648,OI0016992,2025-06-12,1,Changed mind,1,21.76
R002649,OI0016997,2025-06-14,2,Changed mind,1,141.84
R002650,OI0017005,2025-06-04,1,Not as described,1,437.19
R002651,OI0017027,2025-10-17,1,Wrong size,1,122.76
R002652,OI0017029,2026-01-07,1,Not as described,1,38.70
R002653,OI0017032,2026-02-04,1,Wrong size,1,71.64
R002654,OI0017048,2025-06-12,1,Faulty,0,137.35
R002655,OI0017053,2025-06-05,1,Faulty,0,72.73
R002656,OI0017060,2025-06-07,3,Damaged in transit,0,168.16
R002657,OI0017064,2025-06-20,1,Changed mind,1,23.81
R002658,OI0017076,2025-06-10,1,Changed mind,1,66.51
R002659,OI0017088,2025-09-20,1,Arrived too late,1,117.17
R002660,OI0017095,2025-08-12,1,Changed mind,1,78.15
R002661,OI0017107,2025-07-01,1,Not as described,1,164.80
R002662,OI0017114,2025-11-03,1,Changed mind,1,94.68
R002663,OI0017117,2026-01-14,1,Arrived too late,1,55.30
R002664,OI0017123,2025-06-10,1,Damaged in transit,0,117.31
R002665,OI0017154,2025-06-19,1,Faulty,0,206.19
R002666,OI0017156,2025-06-27,2,Wrong size,1,70.07
R002667,OI0017170,2025-06-17,2,Faulty,0,850.40
R002668,OI0017174,2025-08-02,4,Wrong size,1,1162.68
R002669,OI0017187,2025-06-16,1,Wrong size,1,40.68
R002670,OI0017191,2025-08-13,1,Wrong size,1,31.62
R002671,OI0017198,2025-07-05,1,Changed mind,1,43.18
R002672,OI0017200,2025-07-15,1,Damaged in transit,0,65.52
R002673,OI0017214,2025-06-15,1,Wrong size,1,174.00
R002674,OI0017216,2025-07-09,1,Wrong size,1,93.30
R002675,OI0017217,2025-11-11,1,Not as described,1,29.58
R002676,OI0017229,2025-06-16,2,Wrong size,1,218.19
R002677,OI0017256,2025-12-07,3,Wrong size,1,92.40
R002678,OI0017260,2026-03-05,1,Changed mind,1,180.08
R002679,OI0017272,2025-07-09,1,Changed mind,1,24.96
R002680,OI0017273,2025-06-13,1,Wrong size,1,33.04
R002681,OI0017278,2025-06-26,1,Arrived too late,1,56.36
R002682,OI0017279,2025-06-18,1,Not as described,1,50.12
R002683,OI0017286,2025-06-26,1,Changed mind,1,116.64
R002684,OI0017291,2025-06-30,2,Changed mind,1,124.83
R002685,OI0017295,2026-01-29,1,Changed mind,1,26.40
R002686,OI0017300,2025-09-17,1,Not as described,1,116.07
R002687,OI0017307,2026-01-31,1,Wrong size,1,40.68
R002688,OI0017308,2025-07-03,1,Changed mind,1,46.22
R002689,OI0017326,2026-04-25,1,Damaged in transit,0,100.06
R002690,OI0017328,2026-05-18,1,Not as described,1,189.90
R002691,OI0017332,2025-07-04,1,Wrong size,1,18.89
R002692,OI0017338,2025-07-12,1,Wrong size,1,46.86
R002693,OI0017350,2025-07-05,1,Wrong size,1,35.49
R002694,OI0017353,2025-09-24,2,Changed mind,1,399.48
R002695,OI0017359,2025-11-14,1,Wrong size,1,35.31
R002696,OI0017371,2025-06-27,1,Not as described,1,38.97
R002697,OI0017383,2025-07-28,1,Not as described,1,52.72
R002698,OI0017386,2025-06-26,1,Faulty,0,35.49
R002699,OI0017398,2025-09-16,1,Wrong size,1,64.55
R002700,OI0017401,2025-07-01,1,Changed mind,1,33.94
R002701,OI0017406,2025-07-27,2,Changed mind,1,223.06
R002702,OI0017409,2025-08-17,1,Damaged in transit,0,131.59
R002703,OI0017411,2025-09-03,1,Changed mind,1,111.93
R002704,OI0017416,2025-09-22,2,Arrived too late,1,92.01
R002705,OI0017425,2025-11-02,1,Arrived too late,1,98.21
R002706,OI0017427,2025-06-30,1,Wrong size,1,107.20
R002707,OI0017437,2025-07-26,1,Wrong size,1,47.34
R002708,OI0017438,2025-06-19,1,Not as described,1,96.45
R002709,OI0017446,2025-07-15,1,Damaged in transit,0,51.74
R002710,OI0017448,2025-06-28,1,Arrived too late,1,93.30
R002711,OI0017452,2025-07-06,1,Damaged in transit,0,125.94
R002712,OI0017462,2025-07-12,1,Damaged in transit,0,211.86
R002713,OI0017469,2025-06-20,1,Faulty,0,129.88
R002714,OI0017485,2025-07-01,1,Arrived too late,1,67.23
R002715,OI0017491,2025-07-08,1,Wrong size,1,20.90
R002716,OI0017512,2025-08-04,1,Damaged in transit,0,58.95
R002717,OI0017514,2025-12-10,1,Changed mind,1,45.44
R002718,OI0017517,2026-04-21,1,Wrong size,1,97.57
R002719,OI0017521,2025-07-05,1,Arrived too late,1,52.72
R002720,OI0017523,2025-07-04,1,Faulty,0,111.90
R002721,OI0017529,2026-02-18,1,Not as described,1,79.60
R002722,OI0017536,2025-06-28,1,Damaged in transit,0,50.09
R002723,OI0017544,2025-11-28,2,Damaged in transit,0,581.34
R002724,OI0017546,2025-07-14,1,Arrived too late,1,138.70
R002725,OI0017558,2025-10-30,1,Changed mind,1,31.19
R002726,OI0017559,2025-12-06,1,Faulty,0,145.45
R002727,OI0017568,2025-10-09,1,Changed mind,1,99.97
R002728,OI0017574,2025-06-28,1,Wrong size,1,21.76
R002729,OI0017578,2025-06-27,1,Not as described,1,139.31
R002730,OI0017579,2025-07-17,1,Arrived too late,1,51.74
R002731,OI0017581,2025-07-10,1,Arrived too late,1,50.46
R002732,OI0017582,2025-06-17,3,Wrong size,1,648.78
R002733,OI0017586,2025-09-28,2,Changed mind,1,277.40
R002734,OI0017587,2025-09-07,1,Wrong size,1,237.25
R002735,OI0017592,2025-07-04,1,Not as described,1,47.13
R002736,OI0017594,2025-07-30,2,Faulty,0,250.46
R002737,OI0017596,2025-07-17,1,Damaged in transit,0,90.94
R002738,OI0017600,2025-07-05,1,Not as described,1,54.11
R002739,OI0017604,2025-07-03,1,Arrived too late,1,116.94
R002740,OI0017605,2025-08-25,1,Arrived too late,1,32.34
R002741,OI0017609,2025-11-22,1,Wrong size,1,37.16
R002742,OI0017610,2025-12-16,1,Faulty,0,31.13
R002743,OI0017622,2025-07-04,1,Wrong size,1,45.72
R002744,OI0017623,2025-06-29,1,Not as described,1,206.56
R002745,OI0017630,2025-07-09,1,Not as described,1,274.44
R002746,OI0017633,2025-07-28,1,Not as described,1,20.90
R002747,OI0017636,2025-07-07,1,Not as described,1,127.29
R002748,OI0017637,2025-07-06,1,Arrived too late,1,119.61
R002749,OI0017651,2025-12-18,1,Wrong size,1,82.92
R002750,OI0017656,2025-07-14,1,Changed mind,1,54.16
R002751,OI0017660,2025-07-15,1,Changed mind,1,99.97
R002752,OI0017663,2025-11-27,1,Wrong size,1,96.27
R002753,OI0017673,2026-04-23,1,Changed mind,1,111.95
R002754,OI0017680,2025-07-12,1,Changed mind,1,84.26
R002755,OI0017690,2025-09-24,1,Changed mind,1,28.00
R002756,OI0017697,2026-06-28,1,Wrong size,1,59.52
R002757,OI0017705,2025-07-04,1,Not as described,1,80.35
R002758,OI0017717,2025-09-19,1,Faulty,0,76.48
R002759,OI0017719,2025-11-03,1,Damaged in transit,0,69.58
R002760,OI0017721,2026-06-29,1,Wrong size,1,98.30
R002761,OI0017737,2025-07-15,1,Changed mind,1,51.16
R002762,OI0017750,2025-06-27,1,Not as described,1,76.21
R002763,OI0017756,2025-07-13,1,Arrived too late,1,34.42
R002764,OI0017762,2026-01-02,1,Changed mind,1,65.38
R002765,OI0017774,2025-07-09,2,Faulty,0,99.54
R002766,OI0017777,2025-10-10,1,Not as described,1,86.11
R002767,OI0017778,2025-09-23,2,Not as described,1,141.84
R002768,OI0017797,2025-08-09,1,Changed mind,1,43.18
R002769,OI0017802,2025-07-01,1,Wrong size,1,47.86
R002770,OI0017806,2025-07-13,1,Changed mind,1,53.02
R002771,OI0017813,2025-07-01,1,Changed mind,1,59.13
R002772,OI0017819,2025-10-24,2,Changed mind,1,213.32
R002773,OI0017825,2025-09-08,1,Arrived too late,1,27.29
R002774,OI0017838,2025-07-16,1,Changed mind,1,49.25
R002775,OI0017849,2025-11-08,1,Faulty,0,161.57
R002776,OI0017864,2025-07-01,1,Wrong size,1,52.45
R002777,OI0017866,2025-07-24,1,Changed mind,1,139.31
R002778,OI0017882,2025-06-27,1,Damaged in transit,0,34.46
R002779,OI0017883,2025-07-17,1,Wrong size,1,120.05
R002780,OI0017884,2025-07-07,1,Changed mind,1,21.53
R002781,OI0017888,2025-12-16,1,Arrived too late,1,21.76
R002782,OI0017895,2026-06-26,1,Wrong size,1,59.82
R002783,OI0017928,2025-07-03,1,Damaged in transit,0,32.59
R002784,OI0017929,2025-07-21,1,Changed mind,1,30.25
R002785,OI0017933,2025-06-28,1,Arrived too late,1,53.43
R002786,OI0017935,2025-07-23,1,Changed mind,1,64.55
R002787,OI0017948,2025-11-30,1,Wrong size,1,87.73
R002788,OI0017949,2025-07-01,1,Arrived too late,1,88.93
R002789,OI0017952,2025-07-20,1,Changed mind,1,34.30
R002790,OI0017954,2025-08-24,1,Damaged in transit,0,224.35
R002791,OI0017962,2025-07-16,1,Changed mind,1,53.97
R002792,OI0017963,2025-07-16,1,Damaged in transit,0,47.86
R002793,OI0017966,2025-07-01,1,Arrived too late,1,43.18
R002794,OI0017971,2025-06-30,3,Wrong size,1,82.29
R002795,OI0017976,2025-09-17,1,Faulty,0,34.19
R002796,OI0017978,2025-07-20,1,Wrong size,1,65.52
R002797,OI0017980,2025-07-24,1,Not as described,1,102.89
R002798,OI0017982,2025-08-08,1,Damaged in transit,0,54.76
R002799,OI0017988,2025-12-28,1,Faulty,0,111.95
R002800,OI0017990,2025-07-19,4,Wrong size,1,199.40
R002801,OI0017993,2025-09-27,1,Not as described,1,65.52
R002802,OI0017996,2025-11-18,1,Damaged in transit,0,130.93
R002803,OI0018003,2026-02-16,1,Wrong size,1,20.90
R002804,OI0018007,2025-07-22,1,Wrong size,1,91.59
R002805,OI0018018,2025-07-25,1,Not as described,1,151.51
R002806,OI0018020,2025-07-15,1,Changed mind,1,31.99
R002807,OI0018024,2025-07-20,1,Not as described,1,26.04
R002808,OI0018039,2025-12-03,1,Not as described,1,68.67
R002809,OI0018041,2026-02-11,1,Not as described,1,47.86
R002810,OI0018046,2025-11-21,1,Damaged in transit,0,337.55
R002811,OI0018065,2025-09-09,1,Changed mind,1,34.19
R002812,OI0018074,2025-07-10,1,Faulty,0,50.12
R002813,OI0018087,2025-07-23,1,Arrived too late,1,122.76
R002814,OI0018104,2025-10-18,1,Arrived too late,1,66.51
R002815,OI0018110,2025-07-06,1,Arrived too late,1,21.76
R002816,OI0018115,2025-09-10,3,Wrong size,1,187.01
R002817,OI0018120,2025-07-02,1,Wrong size,1,102.00
R002818,OI0018121,2025-06-30,1,Changed mind,1,107.23
R002819,OI0018122,2025-07-17,1,Changed mind,1,74.18
R002820,OI0018126,2025-07-06,1,Changed mind,1,393.89
R002821,OI0018129,2025-07-27,1,Wrong size,1,31.44
R002822,OI0018134,2025-12-02,1,Arrived too late,1,209.32
R002823,OI0018145,2026-06-11,2,Faulty,0,240.10
R002824,OI0018153,2025-07-22,1,Wrong size,1,31.71
R002825,OI0018154,2025-07-04,1,Arrived too late,1,211.86
R002826,OI0018164,2025-07-26,1,Wrong size,1,29.12
R002827,OI0018168,2025-07-19,1,Arrived too late,1,31.56
R002828,OI0018173,2025-07-11,1,Changed mind,1,129.93
R002829,OI0018174,2025-07-20,1,Not as described,1,71.75
R002830,OI0018175,2025-07-09,1,Wrong size,1,18.23
R002831,OI0018180,2025-08-22,1,Wrong size,1,94.68
R002832,OI0018193,2025-11-06,1,Not as described,1,50.39
R002833,OI0018198,2025-07-09,1,Wrong size,1,27.43
R002834,OI0018207,2025-07-08,1,Wrong size,1,58.60
R002835,OI0018212,2025-07-31,1,Wrong size,1,81.18
R002836,OI0018219,2025-09-17,1,Damaged in transit,0,24.17
R002837,OI0018226,2025-07-21,1,Wrong size,1,44.92
R002838,OI0018231,2025-07-23,1,Changed mind,1,56.03
R002839,OI0018243,2025-07-13,1,Wrong size,1,105.21
R002840,OI0018248,2025-12-31,3,Wrong size,1,143.61
R002841,OI0018261,2026-01-10,3,Changed mind,1,221.16
R002842,OI0018267,2025-09-07,1,Not as described,1,43.18
R002843,OI0018269,2025-07-20,1,Damaged in transit,0,84.42
R002844,OI0018275,2025-11-16,1,Damaged in transit,0,55.32
R002845,OI0018287,2025-08-11,1,Not as described,1,16.57
R002846,OI0018289,2025-08-06,1,Changed mind,1,116.54
R002847,OI0018293,2025-07-08,1,Changed mind,1,139.31
R002848,OI0018306,2025-07-27,1,Not as described,1,169.90
R002849,OI0018307,2025-07-18,1,Changed mind,1,49.39
R002850,OI0018318,2025-11-18,1,Faulty,0,40.68
R002851,OI0018323,2025-07-26,1,Wrong size,1,95.51
R002852,OI0018328,2026-02-04,1,Not as described,1,116.94
R002853,OI0018329,2026-03-03,1,Changed mind,1,148.26
R002854,OI0018342,2025-12-12,1,Arrived too late,1,73.72
R002855,OI0018343,2025-12-27,1,Changed mind,1,120.05
R002856,OI0018347,2025-07-22,1,Wrong size,1,90.94
R002857,OI0018351,2025-07-16,1,Changed mind,1,263.09
R002858,OI0018363,2026-06-02,1,Arrived too late,1,29.59
R002859,OI0018367,2025-08-05,1,Changed mind,1,260.61
R002860,OI0018375,2025-09-21,1,Wrong size,1,63.61
R002861,OI0018378,2025-08-06,1,Wrong size,1,131.59
R002862,OI0018382,2025-07-22,1,Wrong size,1,138.70
R002863,OI0018388,2025-07-24,1,Arrived too late,1,97.95
R002864,OI0018392,2025-07-19,1,Changed mind,1,75.96
R002865,OI0018395,2025-07-29,1,Changed mind,1,117.17
R002866,OI0018400,2025-07-22,1,Arrived too late,1,33.23
R002867,OI0018401,2025-07-23,1,Wrong size,1,472.93
R002868,OI0018417,2025-07-27,1,Wrong size,1,38.97
R002869,OI0018423,2025-08-08,1,Damaged in transit,0,51.34
R002870,OI0018426,2025-07-15,1,Arrived too late,1,35.49
R002871,OI0018431,2025-12-20,1,Arrived too late,1,66.51
R002872,OI0018432,2025-12-21,1,Wrong size,1,82.93
R002873,OI0018444,2025-09-20,1,Changed mind,1,107.23
R002874,OI0018452,2026-07-29,1,Changed mind,1,58.95
R002875,OI0018454,2025-09-08,1,Changed mind,1,111.95
R002876,OI0018458,2025-07-31,1,Changed mind,1,186.94
R002877,OI0018459,2025-07-13,1,Changed mind,1,226.66
R002878,OI0018461,2025-09-15,2,Wrong size,1,310.24
R002879,OI0018464,2025-11-18,1,Changed mind,1,175.31
R002880,OI0018466,2025-07-21,1,Damaged in transit,0,43.18
R002881,OI0018475,2025-07-31,2,Wrong size,1,70.98
R002882,OI0018480,2025-10-01,1,Wrong size,1,50.12
R002883,OI0018485,2025-07-21,1,Wrong size,1,117.17
R002884,OI0018498,2026-02-21,2,Not as described,1,245.52
R002885,OI0018503,2025-07-17,1,Wrong size,1,25.24
R002886,OI0018505,2025-07-29,3,Not as described,1,264.55
R002887,OI0018514,2025-08-26,1,Wrong size,1,41.45
R002888,OI0018521,2025-08-08,1,Not as described,1,95.77
R002889,OI0018531,2025-08-04,1,Changed mind,1,37.11
R002890,OI0018532,2025-08-01,1,Not as described,1,42.29
R002891,OI0018533,2025-07-31,1,Changed mind,1,211.86
R002892,OI0018539,2026-04-05,1,Changed mind,1,32.59
R002893,OI0018545,2025-07-20,1,Not as described,1,122.50
R002894,OI0018547,2025-07-18,1,Changed mind,1,34.26
R002895,OI0018567,2025-08-06,1,Faulty,0,125.94
R002896,OI0018568,2025-07-19,2,Arrived too late,1,67.68
R002897,OI0018573,2025-07-24,2,Wrong size,1,86.36
R002898,OI0018581,2025-10-28,1,Changed mind,1,62.52
R002899,OI0018585,2025-11-18,1,Damaged in transit,0,19.11
R002900,OI0018586,2025-11-14,1,Changed mind,1,166.13
R002901,OI0018597,2025-12-11,1,Wrong size,1,184.72
R002902,OI0018601,2025-08-01,1,Wrong size,1,36.39
R002903,OI0018615,2025-11-06,1,Arrived too late,1,49.96
R002904,OI0018624,2025-08-10,1,Wrong size,1,100.06
R002905,OI0018650,2026-07-16,2,Wrong size,1,46.69
R002906,OI0018655,2025-08-04,1,Wrong size,1,36.53
R002907,OI0018666,2025-10-11,1,Not as described,1,28.08
R002908,OI0018673,2025-08-06,1,Damaged in transit,0,116.64
R002909,OI0018677,2025-08-08,1,Faulty,0,43.18
R002910,OI0018685,2025-07-27,1,Changed mind,1,105.21
R002911,OI0018687,2025-08-05,1,Changed mind,1,380.68
R002912,OI0018692,2026-02-03,1,Arrived too late,1,119.94
R002913,OI0018706,2025-09-12,1,Wrong size,1,68.19
R002914,OI0018709,2025-11-11,1,Changed mind,1,66.12
R002915,OI0018712,2025-07-23,1,Wrong size,1,211.86
R002916,OI0018718,2025-09-13,1,Not as described,1,437.76
R002917,OI0018722,2025-10-30,1,Changed mind,1,448.18
R002918,OI0018725,2025-12-18,1,Changed mind,1,68.52
R002919,OI0018728,2026-01-12,1,Arrived too late,1,112.24
R002920,OI0018733,2025-08-22,1,Arrived too late,1,273.60
R002921,OI0018735,2025-11-04,1,Not as described,1,425.20
R002922,OI0018742,2025-08-09,1,Wrong size,1,93.30
R002923,OI0018743,2025-07-30,1,Wrong size,1,78.15
R002924,OI0018745,2025-07-22,1,Wrong size,1,79.76
R002925,OI0018752,2025-11-01,1,Damaged in transit,0,168.04
R002926,OI0018753,2025-10-27,1,Not as described,1,410.66
R002927,OI0018769,2025-08-04,2,Changed mind,1,293.25
R002928,OI0018772,2025-08-16,1,Changed mind,1,114.45
R002929,OI0018781,2025-07-23,2,Changed mind,1,379.80
R002930,OI0018804,2025-08-13,1,Not as described,1,25.56
R002931,OI0018805,2025-07-24,1,Wrong size,1,437.76
R002932,OI0018833,2025-08-06,1,Wrong size,1,87.12
R002933,OI0018834,2025-08-07,1,Damaged in transit,0,51.99
R002934,OI0018838,2025-08-09,1,Damaged in transit,0,39.80
R002935,OI0018840,2025-08-01,1,Changed mind,1,95.89
R002936,OI0018861,2025-08-20,1,Arrived too late,1,52.72
R002937,OI0018865,2025-09-17,1,Changed mind,1,116.94
R002938,OI0018866,2025-10-04,1,Not as described,1,45.89
R002939,OI0018877,2025-08-14,1,Wrong size,1,44.67
R002940,OI0018878,2025-08-05,1,Not as described,1,45.70
R002941,OI0018886,2025-08-11,1,Changed mind,1,44.67
R002942,OI0018887,2025-08-15,1,Not as described,1,59.52
R002943,OI0018891,2025-09-16,1,Changed mind,1,55.82
R002944,OI0018906,2025-08-13,1,Arrived too late,1,148.15
R002945,OI0018907,2025-08-20,1,Changed mind,1,386.68
R002946,OI0018912,2025-10-13,1,Not as described,1,164.80
R002947,OI0018918,2025-10-14,1,Not as described,1,55.45
R002948,OI0018925,2025-11-10,1,Changed mind,1,33.09
R002949,OI0018929,2026-01-14,1,Arrived too late,1,73.72
R002950,OI0018942,2026-01-18,1,Wrong size,1,43.18
R002951,OI0018944,2025-08-02,1,Damaged in transit,0,180.08
R002952,OI0018947,2025-10-26,1,Arrived too late,1,235.91
R002953,OI0018950,2025-07-25,1,Damaged in transit,0,128.17
R002954,OI0018958,2025-07-31,1,Damaged in transit,0,23.39
R002955,OI0018960,2025-10-24,1,Not as described,1,78.15
R002956,OI0018966,2025-08-12,1,Wrong size,1,33.94
R002957,OI0018972,2025-08-01,1,Faulty,0,16.50
R002958,OI0018975,2025-11-07,1,Wrong size,1,34.46
R002959,OI0018976,2025-10-22,1,Wrong size,1,81.68
R002960,OI0018983,2026-07-08,1,Changed mind,1,216.26
R002961,OI0018994,2025-08-19,1,Changed mind,1,103.71
R002962,OI0019008,2026-06-27,2,Changed mind,1,296.30
R002963,OI0019014,2025-08-12,1,Wrong size,1,114.36
R002964,OI0019028,2025-09-25,1,Faulty,0,104.67
R002965,OI0019051,2025-08-31,2,Damaged in transit,0,348.00
R002966,OI0019062,2025-09-10,1,Not as described,1,31.44
R002967,OI0019074,2025-08-25,1,Changed mind,1,59.52
R002968,OI0019077,2025-08-23,2,Not as described,1,169.84
R002969,OI0019086,2025-08-23,1,Not as described,1,22.63
R002970,OI0019090,2025-08-01,1,Wrong size,1,74.19
R002971,OI0019096,2025-08-15,1,Changed mind,1,30.79
R002972,OI0019097,2025-08-05,2,Not as described,1,93.06
R002973,OI0019099,2025-10-23,1,Wrong size,1,47.55
R002974,OI0019103,2025-08-06,1,Wrong size,1,59.63
R002975,OI0019110,2025-10-08,1,Not as described,1,88.83
R002976,OI0019114,2025-10-17,1,Not as described,1,41.86
R002977,OI0019132,2025-09-03,1,Damaged in transit,0,61.46
R002978,OI0019133,2025-08-13,1,Not as described,1,26.40
R002979,OI0019134,2025-08-13,1,Changed mind,1,35.38
R002980,OI0019137,2025-12-23,1,Arrived too late,1,43.18
R002981,OI0019167,2025-08-02,1,Not as described,1,66.51
R002982,OI0019172,2025-08-08,1,Arrived too late,1,103.49
R002983,OI0019173,2025-08-08,1,Damaged in transit,0,33.94
R002984,OI0019181,2025-08-03,1,Wrong size,1,81.68
R002985,OI0019193,2025-08-17,1,Arrived too late,1,119.88
R002986,OI0019212,2025-10-12,1,Not as described,1,79.45
R002987,OI0019213,2025-10-26,1,Not as described,1,111.95
R002988,OI0019218,2025-09-30,1,Damaged in transit,0,337.55
R002989,OI0019231,2026-03-16,1,Damaged in transit,0,135.84
R002990,OI0019242,2026-03-12,1,Changed mind,1,33.23
R002991,OI0019243,2025-08-23,1,Wrong size,1,194.09
R002992,OI0019245,2025-08-27,1,Wrong size,1,156.81
R002993,OI0019249,2025-08-24,1,Not as described,1,110.05
R002994,OI0019251,2025-12-28,1,Wrong size,1,18.50
R002995,OI0019258,2025-08-10,1,Arrived too late,1,30.80
R002996,OI0019284,2025-08-06,4,Damaged in transit,0,331.11
R002997,OI0019286,2025-08-18,1,Arrived too late,1,105.15
R002998,OI0019293,2025-11-14,2,Changed mind,1,88.56
R002999,OI0019300,2025-08-08,1,Wrong size,1,48.37
R003000,OI0019301,2025-08-11,1,Wrong size,1,20.90
R003001,OI0019312,2025-10-06,2,Wrong size,1,62.88
R003002,OI0019325,2025-11-30,1,Changed mind,1,20.90
R003003,OI0019329,2026-02-13,2,Changed mind,1,83.58
R003004,OI0019330,2026-02-19,1,Changed mind,1,64.10
R003005,OI0019336,2026-05-02,2,Not as described,1,232.14
R003006,OI0019346,2026-01-31,1,Wrong size,1,235.91
R003007,OI0019351,2025-08-20,1,Wrong size,1,152.15
R003008,OI0019352,2025-08-28,1,Changed mind,1,125.94
R003009,OI0019355,2025-10-12,1,Faulty,0,112.90
R003010,OI0019356,2025-09-30,2,Changed mind,1,86.36
R003011,OI0019363,2026-03-09,1,Changed mind,1,79.76
R003012,OI0019368,2025-08-17,1,Faulty,0,172.88
R003013,OI0019375,2025-08-18,1,Changed mind,1,33.98
R003014,OI0019380,2025-11-05,1,Not as described,1,116.07
R003015,OI0019393,2025-11-21,1,Changed mind,1,70.92
R003016,OI0019409,2026-01-16,1,Wrong size,1,73.06
R003017,OI0019410,2026-01-23,1,Wrong size,1,92.31
R003018,OI0019412,2025-08-10,1,Not as described,1,128.17
R003019,OI0019415,2025-09-19,1,Wrong size,1,174.00
R003020,OI0019418,2025-08-19,1,Not as described,1,30.18
R003021,OI0019419,2025-09-14,1,Wrong size,1,36.53
R003022,OI0019420,2025-09-19,1,Arrived too late,1,107.29
R003023,OI0019425,2025-12-28,1,Wrong size,1,128.93
R003024,OI0019426,2025-12-15,1,Faulty,0,44.67
R003025,OI0019429,2026-01-07,1,Changed mind,1,52.62
R003026,OI0019430,2025-08-26,1,Wrong size,1,78.15
R003027,OI0019432,2025-08-26,1,Changed mind,1,61.75
R003028,OI0019469,2025-12-16,1,Faulty,0,125.94
R003029,OI0019470,2025-12-14,1,Changed mind,1,33.81
R003030,OI0019475,2025-10-12,2,Wrong size,1,174.24
R003031,OI0019483,2025-08-15,1,Changed mind,1,33.75
R003032,OI0019503,2025-09-24,3,Changed mind,1,349.92
R003033,OI0019510,2025-10-03,1,Wrong size,1,68.52
R003034,OI0019523,2025-08-09,1,Wrong size,1,75.06
R003035,OI0019533,2025-10-26,1,Faulty,0,107.20
R003036,OI0019536,2025-12-20,1,Wrong size,1,62.01
R003037,OI0019543,2025-11-29,3,Wrong size,1,155.22
R003038,OI0019547,2025-08-18,1,Changed mind,1,83.50
R003039,OI0019553,2025-08-17,2,Damaged in transit,0,98.00
R003040,OI0019571,2025-08-12,1,Damaged in transit,0,99.89
R003041,OI0019574,2025-08-21,1,Changed mind,1,38.19
R003042,OI0019577,2025-08-20,1,Arrived too late,1,29.86
R003043,OI0019578,2025-09-10,1,Not as described,1,129.93
R003044,OI0019582,2025-08-14,1,Faulty,0,62.01
R003045,OI0019585,2025-08-23,1,Wrong size,1,148.15
R003046,OI0019591,2025-09-01,1,Wrong size,1,108.69
R003047,OI0019596,2025-09-03,1,Changed mind,1,110.04
R003048,OI0019599,2025-08-18,1,Wrong size,1,67.23
R003049,OI0019605,2026-04-13,1,Changed mind,1,166.79
R003050,OI0019606,2026-03-22,1,Changed mind,1,241.41
R003051,OI0019611,2025-11-06,1,Changed mind,1,116.54
R003052,OI0019617,2025-10-17,1,Arrived too late,1,274.44
R003053,OI0019624,2025-08-14,1,Changed mind,1,51.51
R003054,OI0019626,2025-08-18,1,Damaged in transit,0,17.16
R003055,OI0019629,2025-09-05,1,Wrong size,1,48.05
R003056,OI0019653,2025-09-08,1,Not as described,1,34.88
R003057,OI0019655,2025-08-22,1,Damaged in transit,0,99.97
R003058,OI0019660,2025-08-21,1,Changed mind,1,19.98
R003059,OI0019661,2025-08-21,3,Wrong size,1,91.11
R003060,OI0019662,2025-08-14,3,Changed mind,1,386.79
R003061,OI0019682,2025-11-02,1,Not as described,1,290.67
R003062,OI0019685,2025-08-19,1,Faulty,0,235.91
R003063,OI0019686,2025-08-30,1,Wrong size,1,65.94
R003064,OI0019708,2025-08-15,1,Wrong size,1,19.01
R003065,OI0019713,2025-09-06,2,Changed mind,1,156.30
R003066,OI0019714,2026-03-11,1,Arrived too late,1,58.95
R003067,OI0019715,2026-05-18,1,Arrived too late,1,20.90
R003068,OI0019717,2025-08-28,2,Changed mind,1,76.31
R003069,OI0019721,2025-09-09,1,Wrong size,1,125.94
R003070,OI0019722,2025-08-31,1,Arrived too late,1,58.02
R003071,OI0019723,2025-09-08,1,Wrong size,1,131.59
R003072,OI0019728,2025-10-28,1,Changed mind,1,192.22
R003073,OI0019743,2025-11-16,1,Changed mind,1,101.92
R003074,OI0019747,2026-03-16,1,Damaged in transit,0,36.53
R003075,OI0019757,2026-01-01,1,Wrong size,1,106.66
R003076,OI0019760,2025-08-26,4,Changed mind,1,355.72
R003077,OI0019769,2026-07-22,1,Wrong size,1,79.76
R003078,OI0019770,2026-07-06,1,Changed mind,1,65.94
R003079,OI0019772,2025-11-11,1,Arrived too late,1,99.97
R003080,OI0019774,2025-12-19,1,Not as described,1,97.95
R003081,OI0019786,2026-04-02,1,Not as described,1,128.17
R003082,OI0019790,2026-04-04,2,Changed mind,1,99.54
R003083,OI0019791,2025-09-03,1,Not as described,1,49.77
R003084,OI0019795,2025-09-04,1,Damaged in transit,0,88.93
R003085,OI0019799,2025-09-06,1,Faulty,0,98.30
R003086,OI0019800,2025-09-03,1,Arrived too late,1,44.92
R003087,OI0019803,2025-08-23,3,Damaged in transit,0,281.37
R003088,OI0019821,2025-08-17,1,Changed mind,1,89.04
R003089,OI0019823,2025-08-20,1,Changed mind,1,68.52
R003090,OI0019831,2025-08-29,1,Changed mind,1,71.10
R003091,OI0019836,2025-10-17,1,Wrong size,1,25.56
R003092,OI0019853,2025-10-26,1,Not as described,1,29.49
R003093,OI0019855,2025-12-14,2,Changed mind,1,165.88
R003094,OI0019859,2025-08-18,1,Changed mind,1,43.18
R003095,OI0019867,2025-12-15,1,Faulty,0,25.32
R003096,OI0019896,2025-08-19,1,Not as described,1,111.95
R003097,OI0019899,2025-10-29,1,Damaged in transit,0,121.30
R003098,OI0019908,2025-08-24,1,Changed mind,1,78.15
R003099,OI0019911,2026-04-19,1,Changed mind,1,58.56
R003100,OI0019927,2025-11-21,4,Wrong size,1,313.92
R003101,OI0019938,2025-09-24,1,Faulty,0,86.40
R003102,OI0019939,2025-09-12,1,Changed mind,1,65.92
R003103,OI0019944,2025-08-22,1,Arrived too late,1,411.22
R003104,OI0019951,2026-03-06,1,Damaged in transit,0,161.57
R003105,OI0019953,2026-04-03,1,Changed mind,1,103.49
R003106,OI0019972,2025-08-28,4,Changed mind,1,479.52
R003107,OI0019973,2025-09-01,1,Damaged in transit,0,131.59
R003108,OI0019977,2025-08-28,2,Wrong size,1,202.73
R003109,OI0019978,2025-08-29,1,Arrived too late,1,42.62
R003110,OI0019986,2025-08-19,1,Arrived too late,1,93.26
R003111,OI0019988,2025-08-28,1,Wrong size,1,176.57
R003112,OI0019996,2025-09-11,1,Wrong size,1,39.41
R003113,OI0020006,2025-08-22,1,Not as described,1,59.96
R003114,OI0020024,2026-02-14,1,Wrong size,1,72.73
R003115,OI0020025,2026-02-06,1,Wrong size,1,44.28
R003116,OI0020031,2026-04-25,4,Faulty,0,136.72
R003117,OI0020033,2026-05-12,1,Changed mind,1,34.46
R003118,OI0020043,2026-01-15,1,Changed mind,1,32.59
R003119,OI0020048,2025-08-25,1,Changed mind,1,211.86
R003120,OI0020049,2025-08-28,1,Wrong size,1,189.90
R003121,OI0020061,2025-08-30,1,Arrived too late,1,31.13
R003122,OI0020064,2025-11-03,1,Arrived too late,1,40.61
R003123,OI0020074,2026-03-12,2,Changed mind,1,135.48
R003124,OI0020078,2025-09-01,1,Faulty,0,192.22
R003125,OI0020102,2025-08-21,1,Not as described,1,27.44
R003126,OI0020104,2025-08-22,1,Faulty,0,47.68
R003127,OI0020107,2025-10-17,1,Wrong size,1,203.26
R003128,OI0020125,2025-09-08,2,Wrong size,1,233.28
R003129,OI0020130,2025-09-24,1,Wrong size,1,119.88
R003130,OI0020142,2025-11-07,1,Wrong size,1,29.59
R003131,OI0020156,2025-09-23,2,Wrong size,1,67.88
R003132,OI0020161,2026-05-10,1,Changed mind,1,32.46
R003133,OI0020162,2026-05-05,2,Changed mind,1,60.67
R003134,OI0020164,2025-09-05,1,Changed mind,1,32.59
R003135,OI0020166,2025-09-04,1,Wrong size,1,280.46
R003136,OI0020170,2025-08-30,1,Faulty,0,174.00
R003137,OI0020178,2026-01-15,1,Wrong size,1,172.61
R003138,OI0020182,2026-04-24,2,Wrong size,1,339.80
R003139,OI0020189,2026-02-16,1,Not as described,1,122.50
R003140,OI0020197,2025-09-06,1,Damaged in transit,0,28.00
R003141,OI0020201,2025-09-08,1,Changed mind,1,143.12
R003142,OI0020207,2025-09-19,1,Arrived too late,1,53.02
R003143,OI0020209,2025-12-03,3,Changed mind,1,95.97
R003144,OI0020212,2025-12-04,1,Changed mind,1,139.31
R003145,OI0020229,2025-08-30,1,Damaged in transit,0,93.98
R003146,OI0020237,2025-09-04,1,Wrong size,1,103.71
R003147,OI0020242,2025-11-14,1,Wrong size,1,73.72
R003148,OI0020243,2025-12-13,1,Arrived too late,1,122.76
R003149,OI0020244,2026-03-27,1,Faulty,0,90.43
R003150,OI0020245,2026-03-29,1,Not as described,1,59.37
R003151,OI0020248,2026-03-20,1,Wrong size,1,59.52
R003152,OI0020249,2025-08-31,1,Changed mind,1,82.12
R003153,OI0020277,2025-09-10,1,Changed mind,1,59.82
R003154,OI0020286,2025-09-15,1,Wrong size,1,169.49
R003155,OI0020302,2025-10-13,1,Changed mind,1,96.54
R003156,OI0020303,2025-11-10,1,Damaged in transit,0,89.89
R003157,OI0020308,2025-09-19,1,Not as described,1,120.05
R003158,OI0020318,2025-09-05,1,Faulty,0,79.76
R003159,OI0020330,2025-09-07,1,Changed mind,1,64.55
R003160,OI0020334,2025-09-21,1,Faulty,0,206.19
R003161,OI0020335,2025-09-25,1,Arrived too late,1,99.94
R003162,OI0020336,2025-09-05,1,Wrong size,1,76.21
R003163,OI0020337,2025-09-13,1,Wrong size,1,52.72
R003164,OI0020361,2026-07-11,1,Changed mind,1,139.31
R003165,OI0020367,2025-10-19,1,Changed mind,1,83.39
R003166,OI0020376,2025-12-29,1,Changed mind,1,91.93
R003167,OI0020382,2026-01-06,1,Wrong size,1,169.49
R003168,OI0020385,2025-09-08,1,Changed mind,1,172.61
R003169,OI0020393,2025-09-27,1,Changed mind,1,122.76
R003170,OI0020400,2025-10-29,1,Changed mind,1,95.77
R003171,OI0020406,2026-01-25,1,Changed mind,1,34.46
R003172,OI0020410,2025-11-04,1,Changed mind,1,67.23
R003173,OI0020412,2025-11-28,1,Arrived too late,1,19.53
R003174,OI0020413,2025-12-12,1,Wrong size,1,153.03
R003175,OI0020415,2026-02-14,1,Wrong size,1,113.30
R003176,OI0020419,2025-09-04,1,Damaged in transit,0,131.49
R003177,OI0020432,2025-09-26,2,Not as described,1,223.90
R003178,OI0020438,2025-09-10,1,Changed mind,1,21.76
R003179,OI0020441,2025-08-30,1,Changed mind,1,29.59
R003180,OI0020442,2025-09-19,1,Wrong size,1,33.94
R003181,OI0020445,2025-10-30,1,Wrong size,1,276.02
R003182,OI0020449,2025-12-27,1,Damaged in transit,0,121.15
R003183,OI0020465,2025-11-22,1,Not as described,1,255.61
R003184,OI0020474,2026-05-12,1,Changed mind,1,125.23
R003185,OI0020476,2025-09-03,1,Changed mind,1,31.99
R003186,OI0020484,2026-03-22,1,Not as described,1,125.94
R003187,OI0020492,2025-09-28,1,Wrong size,1,117.17
R003188,OI0020495,2025-09-10,1,Not as described,1,105.15
R003189,OI0020496,2025-09-29,2,Faulty,0,207.42
R003190,OI0020497,2025-10-05,1,Damaged in transit,0,113.30
R003191,OI0020503,2025-09-06,1,Damaged in transit,0,58.21
R003192,OI0020513,2026-01-09,1,Not as described,1,49.95
R003193,OI0020514,2025-09-18,1,Changed mind,1,156.81
R003194,OI0020526,2025-10-28,1,Arrived too late,1,29.59
R003195,OI0020532,2025-09-12,1,Not as described,1,58.76
R003196,OI0020533,2025-09-23,1,Not as described,1,58.22
R003197,OI0020534,2025-11-19,2,Not as described,1,245.00
R003198,OI0020536,2026-02-17,2,Damaged in transit,0,189.36
R003199,OI0020537,2025-10-09,1,Wrong size,1,97.19
R003200,OI0020538,2025-09-19,1,Damaged in transit,0,70.92
R003201,OI0020545,2025-09-21,1,Changed mind,1,144.52
R003202,OI0020546,2025-09-20,1,Wrong size,1,54.64
R003203,OI0020549,2025-09-12,1,Faulty,0,274.44
R003204,OI0020560,2025-09-26,1,Not as described,1,111.95
R003205,OI0020561,2025-09-17,1,Changed mind,1,103.49
R003206,OI0020567,2025-09-18,1,Wrong size,1,45.89
R003207,OI0020581,2026-01-21,1,Wrong size,1,179.61
R003208,OI0020583,2025-09-21,1,Wrong size,1,83.50
R003209,OI0020586,2025-11-08,1,Faulty,0,65.52
R003210,OI0020593,2025-09-23,4,Changed mind,1,334.00
R003211,OI0020600,2025-09-11,1,Not as described,1,40.73
R003212,OI0020608,2025-10-02,1,Arrived too late,1,17.16
R003213,OI0020609,2025-09-10,1,Wrong size,1,131.59
R003214,OI0020613,2026-03-24,1,Not as described,1,83.50
R003215,OI0020616,2026-05-22,1,Damaged in transit,0,41.48
R003216,OI0020617,2026-05-23,1,Wrong size,1,73.72
R003217,OI0020622,2026-02-20,1,Damaged in transit,0,31.37
R003218,OI0020623,2026-02-04,1,Damaged in transit,0,148.15
R003219,OI0020626,2025-12-10,1,Changed mind,1,393.89
R003220,OI0020651,2025-09-18,1,Changed mind,1,78.46
R003221,OI0020659,2025-09-28,1,Wrong size,1,43.57
R003222,OI0020660,2025-09-08,1,Damaged in transit,0,34.19
R003223,OI0020666,2025-09-13,2,Arrived too late,1,133.02
R003224,OI0020673,2025-09-20,3,Arrived too late,1,76.68
R003225,OI0020674,2025-09-21,1,Arrived too late,1,52.72
R003226,OI0020678,2025-09-07,1,Not as described,1,79.76
R003227,OI0020681,2026-03-08,1,Faulty,0,54.24
R003228,OI0020685,2026-01-08,1,Changed mind,1,89.63
R003229,OI0020687,2026-03-09,1,Faulty,0,59.37
R003230,OI0020696,2025-10-23,2,Damaged in transit,0,117.90
R003231,OI0020707,2025-09-16,1,Changed mind,1,60.02
R003232,OI0020708,2025-09-14,1,Not as described,1,116.07
R003233,OI0020714,2025-09-30,1,Wrong size,1,86.78
R003234,OI0020718,2025-11-18,1,Changed mind,1,109.14
R003235,OI0020719,2026-03-22,1,Damaged in transit,0,263.09
R003236,OI0020745,2025-12-01,1,Changed mind,1,43.18
R003237,OI0020748,2025-12-19,3,Damaged in transit,0,134.01
R003238,OI0020766,2025-09-21,1,Damaged in transit,0,23.90
R003239,OI0020785,2025-09-19,1,Wrong size,1,95.77
R003240,OI0020791,2025-09-21,2,Changed mind,1,581.34
R003241,OI0020799,2026-01-18,4,Arrived too late,1,154.55
R003242,OI0020806,2025-09-25,1,Damaged in transit,0,156.81
R003243,OI0020812,2025-09-13,1,Faulty,0,150.86
R003244,OI0020815,2026-03-30,1,Arrived too late,1,66.51
R003245,OI0020821,2025-12-05,1,Not as described,1,83.50
R003246,OI0020823,2025-09-13,1,Arrived too late,1,66.69
R003247,OI0020824,2025-10-09,1,Wrong size,1,85.97
R003248,OI0020828,2026-01-09,1,Wrong size,1,105.15
R003249,OI0020830,2026-03-22,1,Changed mind,1,40.68
R003250,OI0020836,2025-09-23,1,Damaged in transit,0,37.14
R003251,OI0020838,2025-11-13,1,Changed mind,1,52.72
R003252,OI0020848,2025-10-01,1,Wrong size,1,58.05
R003253,OI0020852,2025-11-27,1,Changed mind,1,327.22
R003254,OI0020856,2025-11-29,1,Not as described,1,74.85
R003255,OI0020857,2025-12-02,1,Wrong size,1,272.93
R003256,OI0020858,2026-01-08,1,Arrived too late,1,44.72
R003257,OI0020874,2026-01-21,1,Arrived too late,1,104.06
R003258,OI0020878,2026-03-06,1,Not as described,1,106.66
R003259,OI0020885,2025-09-30,1,Changed mind,1,22.92
R003260,OI0020904,2025-09-25,1,Damaged in transit,0,77.36
R003261,OI0020907,2025-11-12,1,Not as described,1,156.81
R003262,OI0020909,2025-09-26,1,Not as described,1,51.74
R003263,OI0020915,2025-09-28,1,Wrong size,1,216.26
R003264,OI0020921,2025-10-01,1,Wrong size,1,93.30
R003265,OI0020928,2025-09-24,1,Not as described,1,401.88
R003266,OI0020930,2025-10-12,1,Changed mind,1,58.95
R003267,OI0020931,2026-03-17,1,Wrong size,1,18.28
R003268,OI0020947,2025-09-25,1,Wrong size,1,30.96
R003269,OI0020952,2026-03-10,2,Not as described,1,232.14
R003270,OI0020954,2025-09-24,1,Changed mind,1,64.55
R003271,OI0020957,2026-02-04,1,Arrived too late,1,162.65
R003272,OI0020958,2026-05-01,1,Not as described,1,93.79
R003273,OI0020960,2026-06-07,1,Wrong size,1,235.91
R003274,OI0020961,2025-10-10,1,Not as described,1,58.76
R003275,OI0020969,2025-12-07,1,Changed mind,1,54.64
R003276,OI0020998,2026-04-10,1,Damaged in transit,0,93.30
R003277,OI0021003,2025-10-07,1,Changed mind,1,61.46
R003278,OI0021006,2025-09-16,1,Faulty,0,113.30
R003279,OI0021008,2025-10-29,2,Not as described,1,163.30
R003280,OI0021013,2025-10-05,1,Changed mind,1,105.21
R003281,OI0021019,2025-09-21,1,Damaged in transit,0,111.95
R003282,OI0021023,2025-09-18,2,Changed mind,1,362.62
R003283,OI0021036,2025-12-17,1,Faulty,0,43.18
R003284,OI0021049,2025-09-15,1,Damaged in transit,0,16.31
R003285,OI0021057,2025-12-20,1,Arrived too late,1,113.30
R003286,OI0021059,2025-10-14,1,Faulty,0,91.18
R003287,OI0021067,2025-10-07,1,Wrong size,1,34.19
R003288,OI0021080,2025-09-28,2,Damaged in transit,0,125.05
R003289,OI0021113,2025-12-04,1,Changed mind,1,125.94
R003290,OI0021114,2025-10-05,1,Faulty,0,112.24
R003291,OI0021116,2025-10-07,1,Damaged in transit,0,95.89
R003292,OI0021124,2025-10-10,1,Wrong size,1,94.68
R003293,OI0021147,2025-10-11,1,Wrong size,1,219.47
R003294,OI0021152,2025-09-18,1,Changed mind,1,88.93
R003295,OI0021153,2025-09-22,1,Changed mind,1,113.30
R003296,OI0021158,2026-02-04,2,Not as described,1,192.40
R003297,OI0021161,2025-09-27,1,Wrong size,1,116.07
R003298,OI0021167,2025-10-02,1,Wrong size,1,20.56
R003299,OI0021177,2025-12-19,4,Not as described,1,414.84
R003300,OI0021189,2025-10-13,1,Damaged in transit,0,45.89
R003301,OI0021191,2025-10-01,1,Changed mind,1,110.04
R003302,OI0021192,2025-10-04,1,Changed mind,1,54.64
R003303,OI0021216,2026-01-22,1,Wrong size,1,65.71
R003304,OI0021223,2026-05-15,1,Wrong size,1,116.94
R003305,OI0021226,2026-05-15,2,Changed mind,1,360.16
R003306,OI0021227,2026-05-22,1,Damaged in transit,0,79.35
R003307,OI0021232,2025-12-09,1,Changed mind,1,78.15
R003308,OI0021235,2025-10-08,1,Changed mind,1,94.68
R003309,OI0021256,2025-10-18,1,Damaged in transit,0,26.40
R003310,OI0021263,2025-09-24,3,Changed mind,1,101.82
R003311,OI0021266,2026-07-28,1,Arrived too late,1,65.52
R003312,OI0021274,2025-09-22,1,Wrong size,1,216.26
R003313,OI0021279,2025-10-09,1,Arrived too late,1,131.49
R003314,OI0021291,2025-10-16,3,Damaged in transit,0,335.85
R003315,OI0021295,2025-10-09,1,Not as described,1,119.65
R003316,OI0021298,2025-09-27,1,Wrong size,1,81.04
R003317,OI0021300,2025-10-11,1,Wrong size,1,34.46
R003318,OI0021303,2025-12-18,1,Changed mind,1,25.56
R003319,OI0021318,2025-10-25,1,Changed mind,1,51.74
R003320,OI0021322,2025-10-25,2,Arrived too late,1,113.18
R003321,OI0021325,2026-02-04,1,Changed mind,1,49.77
R003322,OI0021326,2026-01-25,1,Wrong size,1,216.26
R003323,OI0021327,2026-05-02,1,Wrong size,1,59.52
R003324,OI0021331,2026-06-13,1,Changed mind,1,80.66
R003325,OI0021350,2025-10-06,1,Changed mind,1,52.72
R003326,OI0021351,2025-10-17,1,Changed mind,1,146.84
R003327,OI0021352,2025-10-05,2,Arrived too late,1,112.75
R003328,OI0021358,2025-10-10,1,Changed mind,1,54.64
R003329,OI0021360,2025-10-06,1,Wrong size,1,43.18
R003330,OI0021364,2025-09-30,1,Changed mind,1,163.12
R003331,OI0021367,2026-02-08,1,Changed mind,1,51.99
R003332,OI0021374,2025-12-06,1,Not as described,1,68.05
R003333,OI0021375,2025-10-14,2,Changed mind,1,453.32
R003334,OI0021381,2025-12-12,1,Changed mind,1,393.73
R003335,OI0021394,2026-01-01,2,Wrong size,1,81.92
R003336,OI0021396,2025-10-05,1,Faulty,0,29.43
R003337,OI0021401,2025-10-14,1,Changed mind,1,72.03
R003338,OI0021402,2025-09-28,2,Changed mind,1,177.65
R003339,OI0021404,2025-09-27,1,Not as described,1,64.55
R003340,OI0021416,2025-10-22,1,Not as described,1,122.76
R003341,OI0021428,2025-09-28,1,Wrong size,1,139.31
R003342,OI0021445,2025-11-11,1,Wrong size,1,133.12
R003343,OI0021451,2025-10-05,1,Wrong size,1,65.26
R003344,OI0021455,2025-12-03,4,Not as described,1,172.72
R003345,OI0021471,2025-10-14,1,Arrived too late,1,116.54
R003346,OI0021473,2025-11-26,1,Changed mind,1,133.12
R003347,OI0021479,2025-09-28,1,Wrong size,1,100.72
R003348,OI0021494,2025-10-27,1,Damaged in transit,0,67.23
R003349,OI0021496,2025-10-20,1,Not as described,1,111.14
R003350,OI0021500,2025-10-02,1,Wrong size,1,39.09
R003351,OI0021503,2025-10-04,1,Wrong size,1,97.37
R003352,OI0021510,2026-04-20,1,Changed mind,1,26.40
R003353,OI0021519,2025-10-15,1,Faulty,0,57.44
R003354,OI0021524,2025-11-24,1,Damaged in transit,0,105.15
R003355,OI0021545,2026-01-02,1,Changed mind,1,128.93
R003356,OI0021548,2025-10-19,1,Wrong size,1,241.41
R003357,OI0021549,2025-10-22,2,Wrong size,1,48.84
R003358,OI0021550,2025-10-10,2,Changed mind,1,127.79
R003359,OI0021552,2025-10-21,1,Not as described,1,31.13
R003360,OI0021553,2025-10-06,1,Wrong size,1,15.97
R003361,OI0021556,2025-10-17,1,Wrong size,1,82.92
R003362,OI0021559,2025-11-26,1,Arrived too late,1,25.37
R003363,OI0021562,2026-02-03,1,Faulty,0,34.19
R003364,OI0021564,2026-02-28,1,Not as described,1,34.46
R003365,OI0021568,2025-12-11,1,Faulty,0,164.80
R003366,OI0021580,2026-06-17,2,Wrong size,1,54.17
R003367,OI0021584,2025-10-20,1,Damaged in transit,0,44.28
R003368,OI0021586,2025-10-13,1,Faulty,0,38.36
R003369,OI0021593,2026-02-22,1,Changed mind,1,49.85
R003370,OI0021595,2026-06-21,1,Not as described,1,74.35
R003371,OI0021602,2025-11-30,2,Wrong size,1,86.30
R003372,OI0021605,2026-02-09,1,Wrong size,1,49.85
R003373,OI0021611,2025-12-01,1,Wrong size,1,125.23
R003374,OI0021613,2025-11-29,2,Arrived too late,1,68.92
R003375,OI0021635,2026-01-26,1,Not as described,1,74.94
R003376,OI0021636,2026-01-16,1,Wrong size,1,87.12
R003377,OI0021638,2026-04-23,1,Changed mind,1,88.93
R003378,OI0021639,2026-04-17,1,Changed mind,1,45.39
R003379,OI0021640,2026-05-09,1,Not as described,1,31.33
R003380,OI0021641,2026-05-11,1,Changed mind,1,37.07
R003381,OI0021643,2025-11-05,1,Not as described,1,208.78
R003382,OI0021646,2025-10-30,1,Wrong size,1,49.59
R003383,OI0021663,2025-10-16,1,Wrong size,1,94.68
R003384,OI0021683,2026-05-03,1,Arrived too late,1,211.86
R003385,OI0021684,2026-05-22,4,Changed mind,1,1539.80
R003386,OI0021686,2025-10-15,1,Wrong size,1,122.50
R003387,OI0021691,2025-10-28,1,Changed mind,1,87.12
R003388,OI0021692,2025-10-12,1,Changed mind,1,60.28
R003389,OI0021704,2025-10-10,2,Wrong size,1,131.04
R003390,OI0021711,2025-10-19,1,Wrong size,1,40.61
R003391,OI0021715,2025-10-20,1,Faulty,0,226.66
R003392,OI0021732,2025-11-24,1,Damaged in transit,0,437.19
R003393,OI0021745,2025-11-25,1,Changed mind,1,117.17
R003394,OI0021746,2026-03-07,1,Wrong size,1,65.94
R003395,OI0021749,2026-01-16,1,Wrong size,1,125.23
R003396,OI0021750,2025-12-26,1,Changed mind,1,75.06
R003397,OI0021756,2026-03-13,1,Changed mind,1,25.56
R003398,OI0021757,2026-07-01,1,Wrong size,1,69.63
R003399,OI0021758,2026-06-27,1,Changed mind,1,33.17
R003400,OI0021762,2025-10-21,1,Faulty,0,337.55
R003401,OI0021782,2025-10-17,1,Faulty,0,63.66
R003402,OI0021783,2025-10-28,1,Wrong size,1,38.97
R003403,OI0021787,2026-03-01,1,Wrong size,1,31.13
R003404,OI0021799,2025-10-20,1,Wrong size,1,178.47
R003405,OI0021813,2026-05-15,1,Damaged in transit,0,20.90
R003406,OI0021814,2026-06-16,1,Changed mind,1,63.36
R003407,OI0021823,2025-10-28,1,Wrong size,1,181.43
R003408,OI0021824,2025-10-24,3,Not as described,1,339.90
R003409,OI0021828,2026-03-26,1,Wrong size,1,115.79
R003410,OI0021830,2025-10-08,1,Wrong size,1,174.00
R003411,OI0021835,2026-01-09,1,Wrong size,1,189.90
R003412,OI0021848,2026-03-31,1,Changed mind,1,54.16
R003413,OI0021856,2025-12-03,1,Changed mind,1,89.04
R003414,OI0021872,2025-11-23,1,Not as described,1,75.88
R003415,OI0021891,2025-12-20,2,Wrong size,1,945.86
R003416,OI0021894,2026-03-09,1,Damaged in transit,0,20.90
R003417,OI0021902,2026-06-29,1,Changed mind,1,21.32
R003418,OI0021903,2025-10-06,1,Wrong size,1,208.78
R003419,OI0021907,2025-10-08,1,Faulty,0,44.67
R003420,OI0021920,2025-10-20,1,Not as described,1,76.69
R003421,OI0021923,2025-10-26,3,Changed mind,1,94.32
R003422,OI0021926,2025-10-15,1,Wrong size,1,53.74
R003423,OI0021933,2026-04-15,1,Changed mind,1,44.89
R003424,OI0021947,2026-05-06,1,Wrong size,1,128.17
R003425,OI0021948,2025-10-25,1,Not as described,1,243.13
R003426,OI0021950,2025-12-10,1,Arrived too late,1,131.59
R003427,OI0021965,2025-10-21,1,Wrong size,1,36.11
R003428,OI0021977,2025-11-01,1,Changed mind,1,105.15
R003429,OI0021978,2025-10-21,1,Changed mind,1,111.95
R003430,OI0021982,2025-10-11,2,Arrived too late,1,194.16
R003431,OI0021987,2025-12-29,1,Arrived too late,1,93.30
R003432,OI0021992,2026-02-26,1,Changed mind,1,74.71
R003433,OI0021994,2025-10-10,1,Wrong size,1,128.93
R003434,OI0022007,2025-10-21,1,Arrived too late,1,81.65
R003435,OI0022008,2025-11-30,1,Wrong size,1,35.49
R003436,OI0022009,2025-12-04,1,Damaged in transit,0,88.93
R003437,OI0022016,2026-01-04,1,Not as described,1,122.76
R003438,OI0022050,2026-01-23,2,Arrived too late,1,119.04
R003439,OI0022072,2025-11-28,3,Not as described,1,187.29
R003440,OI0022078,2025-10-30,1,Wrong size,1,36.91
R003441,OI0022089,2025-11-03,1,Not as described,1,62.01
R003442,OI0022095,2026-04-18,1,Faulty,0,99.79
R003443,OI0022104,2025-11-11,1,Changed mind,1,49.85
R003444,OI0022108,2026-04-19,1,Not as described,1,290.67
R003445,OI0022110,2025-10-20,1,Arrived too late,1,235.91
R003446,OI0022112,2025-11-02,1,Changed mind,1,47.86
R003447,OI0022123,2025-10-28,1,Wrong size,1,477.87
R003448,OI0022139,2026-03-14,2,Changed mind,1,117.36
R003449,OI0022147,2025-10-20,1,Changed mind,1,51.74
R003450,OI0022150,2025-10-17,1,Arrived too late,1,81.65
R003451,OI0022152,2025-10-14,1,Faulty,0,149.83
R003452,OI0022159,2025-10-16,1,Changed mind,1,156.81
R003453,OI0022162,2025-11-07,1,Not as described,1,33.87
R003454,OI0022163,2025-10-19,1,Arrived too late,1,159.54
R003455,OI0022169,2025-11-04,1,Not as described,1,58.42
R003456,OI0022174,2025-11-20,1,Faulty,0,24.65
R003457,OI0022182,2025-10-29,1,Wrong size,1,106.66
R003458,OI0022183,2026-01-15,1,Arrived too late,1,34.31
R003459,OI0022193,2025-11-02,1,Faulty,0,103.21
R003460,OI0022205,2025-10-18,1,Faulty,0,44.25
R003461,OI0022213,2026-02-12,1,Wrong size,1,98.30
R003462,OI0022217,2025-12-30,1,Changed mind,1,177.27
R003463,OI0022221,2025-10-27,1,Wrong size,1,69.40
R003464,OI0022236,2025-10-23,1,Changed mind,1,34.32
R003465,OI0022246,2025-10-31,1,Wrong size,1,68.41
R003466,OI0022247,2025-10-31,1,Wrong size,1,49.48
R003467,OI0022277,2026-01-20,1,Not as described,1,65.92
R003468,OI0022280,2025-10-18,2,Wrong size,1,54.86
R003469,OI0022281,2025-12-12,1,Changed mind,1,52.72
R003470,OI0022283,2026-02-07,1,Changed mind,1,156.29
R003471,OI0022296,2025-10-18,1,Arrived too late,1,185.32
R003472,OI0022298,2025-10-30,1,Wrong size,1,59.82
R003473,OI0022303,2025-10-26,1,Changed mind,1,32.59
R003474,OI0022306,2025-11-10,1,Wrong size,1,155.35
R003475,OI0022315,2025-11-08,3,Damaged in transit,0,384.51
R003476,OI0022317,2025-11-04,1,Changed mind,1,51.74
R003477,OI0022321,2026-01-28,1,Wrong size,1,42.20
R003478,OI0022328,2026-06-12,1,Faulty,0,56.52
R003479,OI0022343,2025-10-21,1,Changed mind,1,180.08
R003480,OI0022349,2025-12-23,1,Changed mind,1,81.64
R003481,OI0022388,2025-10-22,1,Wrong size,1,135.84
R003482,OI0022391,2025-11-01,1,Changed mind,1,66.51
R003483,OI0022395,2025-11-12,1,Wrong size,1,111.90
R003484,OI0022403,2025-10-29,1,Changed mind,1,93.30
R003485,OI0022412,2026-03-03,1,Damaged in transit,0,109.03
R003486,OI0022443,2026-03-08,1,Wrong size,1,83.50
R003487,OI0022445,2026-03-17,1,Not as described,1,95.89
R003488,OI0022456,2025-11-13,3,Changed mind,1,211.62
R003489,OI0022466,2025-10-20,1,Wrong size,1,73.79
R003490,OI0022469,2025-11-16,1,Arrived too late,1,120.05
R003491,OI0022481,2025-11-03,1,Wrong size,1,40.61
R003492,OI0022482,2025-11-13,1,Changed mind,1,40.61
R003493,OI0022494,2025-11-16,1,Wrong size,1,66.55
R003494,OI0022516,2025-11-13,1,Wrong size,1,148.15
R003495,OI0022522,2026-03-03,4,Changed mind,1,127.96
R003496,OI0022532,2025-10-28,1,Changed mind,1,106.23
R003497,OI0022533,2025-11-14,1,Changed mind,1,169.90
R003498,OI0022537,2025-11-27,1,Changed mind,1,216.26
R003499,OI0022543,2025-11-01,1,Faulty,0,206.19
R003500,OI0022544,2025-11-17,2,Changed mind,1,163.36
R003501,OI0022547,2025-11-05,1,Changed mind,1,70.77
R003502,OI0022565,2026-02-21,1,Faulty,0,68.19
R003503,OI0022568,2026-02-16,1,Wrong size,1,164.80
R003504,OI0022569,2026-02-06,1,Not as described,1,81.68
R003505,OI0022575,2026-02-19,1,Changed mind,1,133.12
R003506,OI0022579,2026-04-25,1,Changed mind,1,112.24
R003507,OI0022581,2025-11-18,1,Wrong size,1,117.17
R003508,OI0022587,2025-11-18,2,Wrong size,1,251.88
R003509,OI0022590,2025-11-18,3,Damaged in transit,0,517.83
R003510,OI0022592,2026-06-12,1,Arrived too late,1,29.59
R003511,OI0022608,2025-11-16,1,Changed mind,1,74.68
R003512,OI0022610,2025-11-03,1,Wrong size,1,21.95
R003513,OI0022625,2025-11-02,1,Changed mind,1,95.89
R003514,OI0022631,2026-03-01,1,Damaged in transit,0,45.89
R003515,OI0022643,2026-01-03,2,Wrong size,1,42.36
R003516,OI0022647,2025-11-17,1,Not as described,1,166.85
R003517,OI0022649,2025-11-26,1,Not as described,1,47.86
R003518,OI0022652,2026-04-04,1,Not as described,1,235.91
R003519,OI0022659,2025-11-01,1,Changed mind,1,68.39
R003520,OI0022664,2025-10-28,1,Not as described,1,110.51
R003521,OI0022665,2026-02-28,1,Wrong size,1,272.93
R003522,OI0022670,2025-11-25,1,Damaged in transit,0,98.30
R003523,OI0022671,2025-12-16,1,Not as described,1,110.59
R003524,OI0022673,2026-01-04,3,Arrived too late,1,500.55
R003525,OI0022683,2025-11-16,1,Wrong size,1,126.60
R003526,OI0022689,2025-12-09,1,Arrived too late,1,70.89
R003527,OI0022704,2025-11-17,1,Arrived too late,1,105.21
R003528,OI0022705,2025-11-11,3,Arrived too late,1,294.06
R003529,OI0022707,2026-03-01,1,Damaged in transit,0,78.29
R003530,OI0022710,2026-06-07,1,Changed mind,1,80.83
R003531,OI0022720,2026-05-29,1,Damaged in transit,0,93.30
R003532,OI0022729,2025-11-02,2,Wrong size,1,68.92
R003533,OI0022733,2025-11-02,1,Not as described,1,88.93
R003534,OI0022734,2025-11-19,1,Arrived too late,1,31.99
R003535,OI0022749,2025-11-09,2,Damaged in transit,0,141.89
R003536,OI0022755,2026-03-19,1,Wrong size,1,58.95
R003537,OI0022756,2026-04-06,1,Changed mind,1,66.53
R003538,OI0022763,2026-02-03,1,Not as described,1,50.59
R003539,OI0022764,2025-11-06,1,Not as described,1,22.27
R003540,OI0022766,2025-11-23,1,Not as described,1,122.76
R003541,OI0022774,2025-11-15,1,Arrived too late,1,104.67
R003542,OI0022783,2026-01-10,1,Wrong size,1,83.70
R003543,OI0022785,2025-11-09,1,Faulty,0,83.70
R003544,OI0022786,2025-11-08,2,Damaged in transit,0,486.26
R003545,OI0022793,2026-02-10,1,Changed mind,1,156.81
R003546,OI0022799,2025-11-15,1,Changed mind,1,404.75
R003547,OI0022808,2025-11-02,2,Damaged in transit,0,151.41
R003548,OI0022813,2025-10-29,2,Damaged in transit,0,896.36
R003549,OI0022815,2025-11-12,1,Wrong size,1,53.60
R003550,OI0022820,2025-11-04,1,Damaged in transit,0,97.90
R003551,OI0022833,2025-11-01,2,Not as described,1,357.10
R003552,OI0022839,2025-11-10,1,Wrong size,1,26.95
R003553,OI0022847,2026-03-02,1,Damaged in transit,0,156.81
R003554,OI0022856,2025-11-14,4,Damaged in transit,0,537.60
R003555,OI0022857,2025-11-25,1,Arrived too late,1,125.94
R003556,OI0022860,2026-01-22,1,Damaged in transit,0,35.49
R003557,OI0022861,2026-01-27,1,Not as described,1,55.51
R003558,OI0022872,2025-11-04,1,Changed mind,1,81.68
R003559,OI0022874,2026-02-18,1,Damaged in transit,0,34.46
R003560,OI0022877,2025-11-23,1,Wrong size,1,49.09
R003561,OI0022886,2025-11-25,4,Damaged in transit,0,162.44
R003562,OI0022892,2025-11-09,1,Not as described,1,120.05
R003563,OI0022896,2025-12-30,1,Wrong size,1,25.56
R003564,OI0022897,2026-01-04,1,Damaged in transit,0,52.72
R003565,OI0022901,2025-11-09,1,Arrived too late,1,111.53
R003566,OI0022907,2025-11-18,2,Wrong size,1,105.41
R003567,OI0022916,2026-04-09,1,Wrong size,1,103.71
R003568,OI0022929,2025-11-10,3,Damaged in transit,0,48.83
R003569,OI0022930,2025-11-05,1,Wrong size,1,40.33
R003570,OI0022934,2025-11-11,1,Damaged in transit,0,243.13
R003571,OI0022935,2025-11-06,1,Wrong size,1,45.78
R003572,OI0022956,2025-11-08,1,Damaged in transit,0,17.16
R003573,OI0022957,2025-11-05,1,Wrong size,1,27.43
R003574,OI0022959,2026-01-13,1,Arrived too late,1,32.41
R003575,OI0022965,2025-11-25,1,Damaged in transit,0,107.20
R003576,OI0022978,2026-01-31,1,Damaged in transit,0,125.23
R003577,OI0022982,2025-12-02,1,Changed mind,1,208.78
R003578,OI0022991,2025-11-19,1,Wrong size,1,437.76
R003579,OI0022998,2026-05-03,1,Faulty,0,276.02
R003580,OI0023007,2026-03-25,1,Arrived too late,1,78.15
R003581,OI0023009,2026-03-29,1,Wrong size,1,111.23
R003582,OI0023018,2025-11-04,1,Arrived too late,1,45.16
R003583,OI0023029,2025-11-22,1,Not as described,1,54.64
R003584,OI0023031,2025-12-22,1,Changed mind,1,111.95
R003585,OI0023040,2026-06-21,1,Wrong size,1,47.86
R003586,OI0023065,2025-11-26,1,Damaged in transit,0,175.32
R003587,OI0023066,2025-11-12,1,Not as described,1,42.91
R003588,OI0023079,2026-02-15,1,Changed mind,1,140.35
R003589,OI0023081,2025-11-19,2,Changed mind,1,168.58
R003590,OI0023088,2025-11-14,1,Changed mind,1,128.93
R003591,OI0023095,2025-12-08,1,Faulty,0,88.93
R003592,OI0023102,2025-11-11,1,Faulty,0,116.54
R003593,OI0023104,2025-11-12,3,Wrong size,1,122.47
R003594,OI0023105,2025-11-07,2,Changed mind,1,266.24
R003595,OI0023111,2026-02-04,1,Wrong size,1,235.91
R003596,OI0023112,2026-02-05,1,Changed mind,1,35.08
R003597,OI0023113,2026-02-10,1,Wrong size,1,83.50
R003598,OI0023122,2025-11-12,1,Arrived too late,1,21.76
R003599,OI0023125,2026-03-26,1,Changed mind,1,59.96
R003600,OI0023143,2025-12-04,2,Wrong size,1,191.78
R003601,OI0023145,2026-01-04,1,Changed mind,1,44.56
R003602,OI0023146,2026-01-01,1,Wrong size,1,174.00
R003603,OI0023156,2025-11-17,3,Arrived too late,1,252.36
R003604,OI0023163,2025-11-13,2,Damaged in transit,0,112.43
R003605,OI0023164,2025-11-16,1,Wrong size,1,64.55
R003606,OI0023165,2025-11-12,1,Wrong size,1,175.32
R003607,OI0023172,2025-11-16,1,Changed mind,1,125.94
R003608,OI0023177,2026-03-12,1,Arrived too late,1,36.10
R003609,OI0023207,2025-12-03,1,Not as described,1,98.53
R003610,OI0023212,2025-12-27,1,Changed mind,1,53.77
R003611,OI0023214,2025-12-26,1,Wrong size,1,44.16
R003612,OI0023227,2025-12-25,1,Wrong size,1,18.91
R003613,OI0023229,2025-12-16,2,Changed mind,1,277.24
R003614,OI0023246,2025-12-01,1,Changed mind,1,246.98
R003615,OI0023251,2026-04-04,1,Damaged in transit,0,148.33
R003616,OI0023252,2026-04-08,1,Faulty,0,68.19
R003617,OI0023258,2026-06-06,1,Changed mind,1,31.99
R003618,OI0023259,2026-06-09,1,Changed mind,1,32.19
R003619,OI0023263,2025-11-16,1,Damaged in transit,0,21.23
R003620,OI0023265,2025-11-19,1,Wrong size,1,88.93
R003621,OI0023269,2025-11-23,1,Changed mind,1,56.02
R003622,OI0023274,2025-12-02,1,Changed mind,1,28.20
R003623,OI0023279,2025-12-08,1,Wrong size,1,68.19
R003624,OI0023282,2025-11-23,1,Changed mind,1,31.33
R003625,OI0023293,2026-02-09,2,Wrong size,1,787.78
R003626,OI0023295,2026-03-23,1,Wrong size,1,34.46
R003627,OI0023299,2025-11-19,1,Changed mind,1,88.93
R003628,OI0023301,2025-11-30,1,Wrong size,1,56.39
R003629,OI0023311,2025-11-11,1,Wrong size,1,393.89
R003630,OI0023328,2025-11-14,1,Wrong size,1,33.94
R003631,OI0023332,2026-04-05,3,Faulty,0,317.25
R003632,OI0023342,2025-12-05,1,Faulty,0,62.10
R003633,OI0023345,2025-11-23,2,Not as described,1,68.92
R003634,OI0023353,2025-11-12,2,Damaged in transit,0,86.36
R003635,OI0023366,2025-11-18,1,Changed mind,1,73.72
R003636,OI0023377,2026-03-06,1,Changed mind,1,66.51
R003637,OI0023379,2026-05-31,1,Changed mind,1,105.21
R003638,OI0023388,2025-11-24,1,Faulty,0,67.74
R003639,OI0023389,2026-01-03,1,Wrong size,1,101.84
R003640,OI0023394,2025-12-12,1,Arrived too late,1,111.90
R003641,OI0023403,2026-01-26,1,Arrived too late,1,95.89
R003642,OI0023407,2025-12-01,1,Not as described,1,79.76
R003643,OI0023409,2026-02-04,1,Changed mind,1,67.23
R003644,OI0023415,2025-11-21,1,Wrong size,1,166.13
R003645,OI0023418,2025-11-11,1,Changed mind,1,25.56
R003646,OI0023419,2025-11-27,1,Changed mind,1,171.81
R003647,OI0023420,2025-12-10,2,Changed mind,1,103.98
R003648,OI0023426,2025-12-29,2,Not as described,1,68.92
R003649,OI0023427,2026-01-15,1,Changed mind,1,76.86
R003650,OI0023429,2025-12-06,1,Wrong size,1,219.47
R003651,OI0023430,2025-12-08,2,Wrong size,1,187.95
R003652,OI0023433,2025-11-21,1,Not as described,1,123.81
R003653,OI0023436,2026-04-07,1,Wrong size,1,116.64
R003654,OI0023442,2025-11-18,1,Not as described,1,411.22
R003655,OI0023446,2025-11-23,2,Faulty,0,55.48
R003656,OI0023447,2025-11-25,1,Not as described,1,245.75
R003657,OI0023449,2025-12-19,1,Changed mind,1,15.18
R003658,OI0023462,2026-01-15,3,Damaged in transit,0,342.96
R003659,OI0023463,2026-04-21,1,Not as described,1,105.21
R003660,OI0023481,2025-12-09,1,Wrong size,1,126.60
R003661,OI0023489,2025-12-03,1,Wrong size,1,55.18
R003662,OI0023505,2025-12-02,1,Faulty,0,208.78
R003663,OI0023506,2026-01-29,2,Not as described,1,386.51
R003664,OI0023507,2026-01-12,3,Changed mind,1,284.04
R003665,OI0023512,2025-11-20,1,Not as described,1,39.17
R003666,OI0023520,2026-03-10,1,Wrong size,1,111.95
R003667,OI0023541,2025-12-07,1,Wrong size,1,131.59
R003668,OI0023554,2025-11-27,1,Changed mind,1,21.16
R003669,OI0023570,2026-01-13,1,Not as described,1,94.68
R003670,OI0023579,2025-12-02,1,Changed mind,1,31.44
R003671,OI0023585,2025-12-10,1,Wrong size,1,86.78
R003672,OI0023594,2025-12-11,1,Wrong size,1,27.43
R003673,OI0023598,2025-11-26,1,Not as described,1,75.35
R003674,OI0023607,2026-02-17,3,Changed mind,1,121.83
R003675,OI0023628,2025-12-06,1,Arrived too late,1,175.32
R003676,OI0023629,2026-01-19,2,Wrong size,1,323.14
R003677,OI0023636,2025-12-07,1,Damaged in transit,0,128.93
R003678,OI0023642,2026-01-18,1,Wrong size,1,66.48
R003679,OI0023654,2025-12-07,1,Wrong size,1,47.34
R003680,OI0023661,2025-12-26,4,Changed mind,1,394.91
R003681,OI0023663,2026-03-02,1,Damaged in transit,0,98.30
R003682,OI0023681,2026-06-02,1,Not as described,1,425.20
R003683,OI0023687,2025-12-11,1,Wrong size,1,78.15
R003684,OI0023688,2025-12-07,1,Not as described,1,166.73
R003685,OI0023698,2025-11-30,1,Faulty,0,36.73
R003686,OI0023705,2025-11-27,2,Arrived too late,1,63.83
R003687,OI0023712,2025-11-22,1,Wrong size,1,105.62
R003688,OI0023729,2025-11-28,1,Changed mind,1,128.93
R003689,OI0023731,2025-12-14,1,Faulty,0,36.70
R003690,OI0023744,2025-12-05,1,Changed mind,1,20.71
R003691,OI0023760,2025-11-28,1,Wrong size,1,71.95
R003692,OI0023768,2026-02-02,2,Changed mind,1,63.49
R003693,OI0023770,2025-12-11,3,Changed mind,1,377.82
R003694,OI0023771,2025-12-17,1,Wrong size,1,57.14
R003695,OI0023775,2025-12-26,1,Faulty,0,70.52
R003696,OI0023797,2026-02-02,2,Not as described,1,152.75
R003697,OI0023799,2026-02-11,2,Not as described,1,98.96
R003698,OI0023802,2025-11-29,3,Wrong size,1,93.39
R003699,OI0023807,2025-12-16,2,Arrived too late,1,38.26
R003700,OI0023817,2025-12-06,1,Wrong size,1,100.61
R003701,OI0023821,2025-12-12,1,Changed mind,1,46.87
R003702,OI0023837,2025-12-21,1,Arrived too late,1,66.51
R003703,OI0023843,2025-12-04,1,Changed mind,1,68.34
R003704,OI0023851,2026-05-15,1,Damaged in transit,0,148.15
R003705,OI0023857,2025-12-11,1,Faulty,0,79.76
R003706,OI0023864,2026-03-22,1,Not as described,1,98.30
R003707,OI0023867,2025-11-30,1,Arrived too late,1,31.13
R003708,OI0023892,2026-05-19,1,Changed mind,1,78.28
R003709,OI0023899,2026-02-18,1,Damaged in transit,0,75.59
R003710,OI0023900,2026-02-19,2,Wrong size,1,99.54
R003711,OI0023901,2025-12-03,1,Wrong size,1,78.15
R003712,OI0023908,2025-12-11,1,Wrong size,1,36.53
R003713,OI0023917,2026-02-03,1,Damaged in transit,0,98.30
R003714,OI0023918,2026-03-21,1,Changed mind,1,125.94
R003715,OI0023920,2025-12-10,3,Wrong size,1,361.89
R003716,OI0023926,2025-12-16,2,Wrong size,1,96.67
R003717,OI0023927,2025-12-07,1,Wrong size,1,52.72
R003718,OI0023937,2025-12-27,1,Not as described,1,54.64
R003719,OI0023938,2025-12-31,1,Arrived too late,1,82.18
R003720,OI0023939,2026-05-07,1,Wrong size,1,41.09
R003721,OI0023947,2025-11-26,1,Wrong size,1,120.05
R003722,OI0023950,2025-12-21,1,Changed mind,1,58.53
R003723,OI0023952,2025-12-14,1,Damaged in transit,0,83.50
R003724,OI0023957,2026-01-22,1,Arrived too late,1,33.94
R003725,OI0023961,2025-11-28,1,Changed mind,1,97.91
R003726,OI0023965,2025-11-27,1,Changed mind,1,25.56
R003727,OI0023967,2026-02-16,1,Changed mind,1,25.56
R003728,OI0023969,2026-01-30,1,Wrong size,1,54.26
R003729,OI0023975,2026-03-07,1,Wrong size,1,192.22
R003730,OI0023977,2025-12-09,1,Damaged in transit,0,33.17
R003731,OI0023985,2026-05-23,1,Wrong size,1,31.33
R003732,OI0024000,2025-12-06,1,Arrived too late,1,116.54
R003733,OI0024001,2025-12-11,3,Arrived too late,1,627.10
R003734,OI0024021,2026-06-01,1,Not as described,1,31.33
R003735,OI0024031,2025-12-10,1,Arrived too late,1,83.61
R003736,OI0024035,2026-01-13,1,Not as described,1,33.40
R003737,OI0024036,2026-01-26,1,Not as described,1,135.84
R003738,OI0024037,2026-03-13,1,Wrong size,1,81.65
R003739,OI0024049,2025-11-27,1,Wrong size,1,81.65
R003740,OI0024050,2025-12-16,1,Wrong size,1,106.66
R003741,OI0024051,2026-02-04,1,Wrong size,1,44.88
R003742,OI0024055,2025-12-29,1,Arrived too late,1,114.13
R003743,OI0024066,2025-12-18,1,Not as described,1,164.80
R003744,OI0024082,2026-02-06,1,Changed mind,1,126.60
R003745,OI0024102,2026-02-07,1,Faulty,0,235.91
R003746,OI0024103,2026-01-22,1,Faulty,0,170.07
R003747,OI0024107,2026-03-29,1,Wrong size,1,49.77
R003748,OI0024114,2026-03-11,1,Faulty,0,53.96
R003749,OI0024125,2025-12-03,1,Wrong size,1,34.46
R003750,OI0024127,2025-11-30,1,Not as described,1,90.94
R003751,OI0024129,2025-12-06,1,Changed mind,1,101.57
R003752,OI0024134,2025-12-16,1,Not as described,1,105.15
R003753,OI0024151,2025-11-28,1,Changed mind,1,99.06
R003754,OI0024153,2025-11-28,2,Arrived too late,1,210.42
R003755,OI0024160,2026-04-14,1,Changed mind,1,51.74
R003756,OI0024173,2025-12-10,1,Damaged in transit,0,67.74
R003757,OI0024180,2025-12-21,1,Wrong size,1,133.12
R003758,OI0024184,2025-12-13,3,Changed mind,1,122.25
R003759,OI0024204,2025-12-11,1,Arrived too late,1,52.72
R003760,OI0024205,2025-12-13,1,Changed mind,1,48.84
R003761,OI0024207,2026-01-16,1,Faulty,0,120.05
R003762,OI0024213,2025-12-06,1,Arrived too late,1,87.01
R003763,OI0024219,2026-02-08,2,Arrived too late,1,70.98
R003764,OI0024231,2025-12-15,2,Changed mind,1,131.84
R003765,OI0024248,2025-12-02,2,Arrived too late,1,71.26
R003766,OI0024249,2025-12-01,1,Changed mind,1,28.00
R003767,OI0024256,2025-12-06,1,Arrived too late,1,76.28
R003768,OI0024262,2025-12-01,1,Faulty,0,59.37
R003769,OI0024264,2025-12-15,2,Wrong size,1,245.52
R003770,OI0024265,2025-12-19,1,Wrong size,1,44.28
R003771,OI0024278,2026-06-22,1,Changed mind,1,78.15
R003772,OI0024281,2025-12-12,1,Changed mind,1,219.47
R003773,OI0024289,2026-01-18,1,Changed mind,1,57.03
R003774,OI0024296,2025-12-08,1,Wrong size,1,73.61
R003775,OI0024297,2025-12-18,1,Wrong size,1,134.40
R003776,OI0024318,2026-04-01,1,Faulty,0,31.99
R003777,OI0024321,2025-12-06,1,Wrong size,1,216.26
R003778,OI0024336,2025-12-24,1,Not as described,1,44.83
R003779,OI0024350,2026-02-28,2,Faulty,0,486.26
R003780,OI0024356,2026-06-13,1,Wrong size,1,87.44
R003781,OI0024362,2025-12-06,1,Damaged in transit,0,95.77
R003782,OI0024370,2025-12-21,1,Wrong size,1,94.68
R003783,OI0024371,2026-01-31,1,Arrived too late,1,348.67
R003784,OI0024376,2026-02-02,1,Changed mind,1,211.86
R003785,OI0024378,2026-01-23,1,Wrong size,1,169.49
R003786,OI0024383,2026-03-01,2,Wrong size,1,125.02
R003787,OI0024391,2025-12-02,2,Changed mind,1,68.92
R003788,OI0024398,2026-02-02,1,Changed mind,1,133.12
R003789,OI0024400,2026-01-10,1,Damaged in transit,0,54.64
R003790,OI0024401,2026-01-19,1,Damaged in transit,0,111.95
R003791,OI0024405,2026-02-25,1,Wrong size,1,146.41
R003792,OI0024406,2025-12-15,1,Arrived too late,1,31.74
R003793,OI0024408,2025-12-20,1,Arrived too late,1,111.53
R003794,OI0024409,2026-03-23,2,Wrong size,1,132.24
R003795,OI0024413,2025-12-23,1,Not as described,1,105.21
R003796,OI0024422,2026-06-09,2,Changed mind,1,245.00
R003797,OI0024429,2025-12-11,2,Arrived too late,1,107.96
R003798,OI0024431,2025-12-17,1,Wrong size,1,70.53
R003799,OI0024432,2025-12-19,1,Arrived too late,1,52.72
R003800,OI0024433,2025-12-08,1,Not as described,1,101.75
R003801,OI0024439,2026-01-14,1,Wrong size,1,54.16
R003802,OI0024444,2025-12-12,1,Arrived too late,1,393.89
R003803,OI0024452,2026-04-26,1,Changed mind,1,85.34
R003804,OI0024455,2025-12-02,1,Not as described,1,26.40
R003805,OI0024456,2025-12-25,1,Arrived too late,1,139.31
R003806,OI0024457,2025-12-19,1,Changed mind,1,128.17
R003807,OI0024458,2025-12-04,1,Wrong size,1,276.02
R003808,OI0024461,2025-11-30,2,Changed mind,1,104.46
R003809,OI0024485,2026-07-13,1,Changed mind,1,58.05
R003810,OI0024496,2025-12-21,3,Arrived too late,1,303.87
R003811,OI0024499,2025-12-18,1,Faulty,0,105.15
R003812,OI0024503,2026-02-04,1,Wrong size,1,33.23
R003813,OI0024504,2026-02-13,1,Not as described,1,169.49
R003814,OI0024505,2025-12-14,1,Faulty,0,42.61
R003815,OI0024512,2025-12-20,1,Arrived too late,1,90.94
R003816,OI0024518,2025-12-19,1,Changed mind,1,243.13
R003817,OI0024523,2025-12-24,1,Wrong size,1,64.63
R003818,OI0024525,2025-12-16,1,Not as described,1,104.59
R003819,OI0024527,2025-12-15,1,Changed mind,1,161.45
R003820,OI0024530,2025-12-15,1,Faulty,0,90.94
R003821,OI0024534,2025-12-06,2,Not as described,1,259.86
R003822,OI0024539,2025-12-04,1,Wrong size,1,172.61
R003823,OI0024543,2025-12-11,1,Arrived too late,1,284.24
R003824,OI0024544,2025-12-30,1,Arrived too late,1,30.80
R003825,OI0024547,2025-12-22,1,Changed mind,1,116.07
R003826,OI0024553,2026-01-08,1,Arrived too late,1,59.96
R003827,OI0024575,2025-12-05,2,Wrong size,1,793.70
R003828,OI0024576,2025-12-09,1,Changed mind,1,24.09
R003829,OI0024580,2025-12-15,1,Wrong size,1,65.82
R003830,OI0024591,2026-01-07,1,Faulty,0,97.95
R003831,OI0024593,2025-12-17,2,Changed mind,1,164.79
R003832,OI0024598,2025-12-13,2,Damaged in transit,0,81.22
R003833,OI0024609,2026-01-24,3,Changed mind,1,76.34
R003834,OI0024613,2025-12-18,1,Damaged in transit,0,45.89
R003835,OI0024614,2025-12-16,1,Wrong size,1,34.95
R003836,OI0024625,2026-05-21,1,Changed mind,1,118.99
R003837,OI0024631,2025-12-10,1,Changed mind,1,38.00
R003838,OI0024636,2025-12-11,1,Changed mind,1,99.97
R003839,OI0024646,2025-12-17,1,Wrong size,1,208.44
R003840,OI0024654,2026-01-30,1,Damaged in transit,0,263.09
R003841,OI0024661,2026-01-02,1,Arrived too late,1,79.76
R003842,OI0024665,2025-12-20,1,Faulty,0,117.17
R003843,OI0024674,2026-03-04,1,Changed mind,1,70.92
R003844,OI0024675,2026-03-21,1,Not as described,1,49.77
R003845,OI0024678,2026-05-07,1,Faulty,0,40.90
R003846,OI0024681,2026-05-05,1,Damaged in transit,0,49.77
R003847,OI0024686,2026-01-06,1,Wrong size,1,48.96
R003848,OI0024690,2026-02-10,2,Wrong size,1,256.34
R003849,OI0024698,2025-12-14,1,Faulty,0,58.18
R003850,OI0024706,2026-04-12,1,Wrong size,1,49.77
R003851,OI0024707,2026-04-02,1,Faulty,0,116.07
R003852,OI0024709,2025-12-17,1,Arrived too late,1,45.89
R003853,OI0024712,2025-12-11,1,Wrong size,1,32.59
R003854,OI0024722,2025-12-26,1,Changed mind,1,31.58
R003855,OI0024731,2025-12-09,1,Faulty,0,85.10
R003856,OI0024740,2025-12-26,1,Arrived too late,1,226.66
R003857,OI0024747,2025-12-03,1,Wrong size,1,122.50
R003858,OI0024751,2025-12-24,1,Wrong size,1,38.72
R003859,OI0024753,2026-02-09,1,Changed mind,1,51.99
R003860,OI0024765,2026-01-01,1,Wrong size,1,161.19
R003861,OI0024771,2025-12-18,2,Arrived too late,1,239.38
R003862,OI0024772,2025-12-28,1,Faulty,0,83.39
R003863,OI0024773,2025-12-11,1,Changed mind,1,128.17
R003864,OI0024774,2026-02-16,1,Faulty,0,107.20
R003865,OI0024787,2026-01-24,1,Not as described,1,66.29
R003866,OI0024794,2025-12-23,2,Not as described,1,170.91
R003867,OI0024798,2026-01-03,1,Wrong size,1,135.84
R003868,OI0024807,2026-01-01,1,Arrived too late,1,93.30
R003869,OI0024813,2026-01-31,3,Wrong size,1,818.79
R003870,OI0024824,2025-12-19,2,Wrong size,1,55.74
R003871,OI0024826,2025-12-12,1,Changed mind,1,44.28
R003872,OI0024832,2025-12-13,1,Arrived too late,1,50.63
R003873,OI0024845,2025-12-16,1,Changed mind,1,79.92
R003874,OI0024857,2025-12-19,1,Not as described,1,216.26
R003875,OI0024866,2026-01-07,1,Arrived too late,1,73.01
R003876,OI0024875,2025-12-17,1,Damaged in transit,0,64.55
R003877,OI0024883,2026-01-04,1,Not as described,1,51.54
R003878,OI0024889,2026-04-03,2,Changed mind,1,233.08
R003879,OI0024891,2026-05-06,1,Wrong size,1,128.93
R003880,OI0024895,2026-01-02,2,Faulty,0,103.48
R003881,OI0024900,2025-12-26,1,Damaged in transit,0,37.26
R003882,OI0024920,2025-12-14,1,Not as described,1,81.65
R003883,OI0024927,2025-12-10,1,Faulty,0,18.70
R003884,OI0024943,2025-12-26,2,Not as described,1,147.44
R003885,OI0024946,2026-01-02,1,Damaged in transit,0,31.13
R003886,OI0024952,2025-12-14,1,Changed mind,1,88.15
R003887,OI0024960,2026-02-13,1,Changed mind,1,79.76
R003888,OI0024964,2026-03-27,2,Arrived too late,1,313.62
R003889,OI0024973,2026-06-01,1,Not as described,1,85.77
R003890,OI0024975,2026-05-26,1,Wrong size,1,186.86
R003891,OI0024976,2026-07-12,1,Not as described,1,28.00
R003892,OI0024977,2025-12-19,1,Changed mind,1,184.72
R003893,OI0024990,2026-01-05,1,Changed mind,1,33.94
R003894,OI0025002,2025-12-30,1,Not as described,1,113.30
R003895,OI0025003,2025-12-21,2,Wrong size,1,189.36
R003896,OI0025005,2025-12-22,2,Changed mind,1,520.24
R003897,OI0025007,2025-12-21,1,Faulty,0,139.31
R003898,OI0025015,2025-12-26,1,Changed mind,1,36.53
R003899,OI0025022,2026-03-29,1,Wrong size,1,54.64
R003900,OI0025026,2026-02-24,1,Wrong size,1,79.02
R003901,OI0025039,2025-12-16,1,Faulty,0,103.71
R003902,OI0025043,2026-01-23,1,Changed mind,1,66.55
R003903,OI0025052,2026-03-18,1,Arrived too late,1,83.39
R003904,OI0025057,2025-12-14,2,Changed mind,1,91.78
R003905,OI0025063,2026-03-26,1,Arrived too late,1,105.21
R003906,OI0025069,2026-01-01,1,Changed mind,1,53.35
R003907,OI0025075,2026-01-01,1,Damaged in transit,0,79.76
R003908,OI0025078,2026-05-23,1,Changed mind,1,49.48
R003909,OI0025084,2025-12-26,1,Damaged in transit,0,25.56
R003910,OI0025086,2026-01-02,1,Damaged in transit,0,128.93
R003911,OI0025090,2025-12-19,1,Not as described,1,68.52
R003912,OI0025094,2025-12-22,1,Arrived too late,1,38.72
R003913,OI0025110,2025-12-28,1,Arrived too late,1,105.15
R003914,OI0025112,2025-12-30,1,Changed mind,1,26.40
R003915,OI0025118,2026-01-08,1,Not as described,1,33.46
R003916,OI0025125,2026-01-18,1,Wrong size,1,68.19
R003917,OI0025133,2025-12-24,1,Not as described,1,66.55
R003918,OI0025135,2026-01-24,1,Not as described,1,32.59
R003919,OI0025136,2026-03-18,1,Wrong size,1,76.21
R003920,OI0025144,2026-01-01,1,Damaged in transit,0,108.76
R003921,OI0025147,2026-01-09,1,Changed mind,1,49.77
R003922,OI0025152,2026-02-01,1,Damaged in transit,0,105.94
R003923,OI0025154,2026-02-11,1,Changed mind,1,125.94
R003924,OI0025157,2026-06-25,1,Wrong size,1,33.18
R003925,OI0025159,2025-12-19,4,Faulty,0,491.38
R003926,OI0025170,2025-12-29,1,Changed mind,1,131.49
R003927,OI0025176,2026-02-17,1,Changed mind,1,18.55
R003928,OI0025185,2026-04-30,1,Faulty,0,116.54
R003929,OI0025193,2026-01-08,1,Faulty,0,67.74
R003930,OI0025201,2025-12-23,1,Damaged in transit,0,31.13
R003931,OI0025203,2025-12-28,1,Not as described,1,28.00
R003932,OI0025213,2026-05-21,1,Faulty,0,49.85
R003933,OI0025220,2025-12-27,3,Damaged in transit,0,272.82
R003934,OI0025223,2026-01-09,1,Not as described,1,31.44
R003935,OI0025226,2026-04-25,2,Wrong size,1,83.43
R003936,OI0025228,2026-04-30,1,Damaged in transit,0,118.66
R003937,OI0025233,2026-01-15,2,Faulty,0,69.18
R003938,OI0025236,2026-01-11,2,Changed mind,1,150.85
R003939,OI0025239,2026-01-20,1,Changed mind,1,81.65
R003940,OI0025278,2026-01-02,1,Faulty,0,79.76
R003941,OI0025285,2025-12-23,1,Wrong size,1,88.93
R003942,OI0025286,2026-01-07,1,Arrived too late,1,62.01
R003943,OI0025287,2026-01-13,1,Wrong size,1,64.55
R003944,OI0025299,2025-12-27,1,Changed mind,1,18.13
R003945,OI0025304,2026-04-30,1,Damaged in transit,0,28.00
R003946,OI0025305,2026-04-28,1,Faulty,0,116.94
R003947,OI0025321,2026-03-20,1,Wrong size,1,44.67
R003948,OI0025342,2026-01-03,1,Faulty,0,44.67
R003949,OI0025350,2026-03-27,1,Not as described,1,97.85
R003950,OI0025352,2026-04-07,1,Not as described,1,437.19
R003951,OI0025364,2025-12-26,1,Changed mind,1,43.18
R003952,OI0025369,2026-03-16,1,Not as described,1,392.52
R003953,OI0025380,2026-02-07,2,Not as described,1,167.06
R003954,OI0025383,2026-01-12,1,Changed mind,1,107.20
R003955,OI0025400,2025-12-31,1,Changed mind,1,31.44
R003956,OI0025401,2025-12-23,1,Changed mind,1,31.44
R003957,OI0025407,2026-03-18,1,Changed mind,1,34.19
R003958,OI0025408,2026-03-16,1,Damaged in transit,0,65.52
R003959,OI0025412,2026-01-06,1,Changed mind,1,19.98
R003960,OI0025413,2026-01-07,1,Damaged in transit,0,315.11
R003961,OI0025416,2025-12-22,1,Changed mind,1,94.68
R003962,OI0025421,2026-04-26,1,Wrong size,1,66.90
R003963,OI0025441,2026-01-14,1,Changed mind,1,34.46
R003964,OI0025445,2026-01-24,4,Wrong size,1,211.69
R003965,OI0025447,2025-12-30,1,Wrong size,1,88.93
R003966,OI0025460,2026-01-07,1,Damaged in transit,0,54.16
R003967,OI0025481,2026-01-07,1,Wrong size,1,122.76
R003968,OI0025486,2026-01-08,1,Damaged in transit,0,117.17
R003969,OI0025491,2026-01-07,1,Changed mind,1,120.05
R003970,OI0025499,2026-01-06,1,Damaged in transit,0,116.54
R003971,OI0025519,2026-03-02,1,Wrong size,1,148.15
R003972,OI0025521,2026-03-04,1,Changed mind,1,125.23
R003973,OI0025526,2026-02-22,1,Damaged in transit,0,125.94
R003974,OI0025536,2026-03-07,1,Damaged in transit,0,128.17
R003975,OI0025542,2026-01-03,1,Arrived too late,1,76.21
R003976,OI0025552,2026-03-21,1,Wrong size,1,175.32
R003977,OI0025563,2026-01-31,2,Changed mind,1,234.34
R003978,OI0025565,2026-04-18,1,Wrong size,1,74.91
R003979,OI0025576,2026-01-07,4,Wrong size,1,224.94
R003980,OI0025595,2026-02-23,2,Changed mind,1,59.18
R003981,OI0025596,2026-01-18,1,Changed mind,1,34.19
R003982,OI0025604,2026-01-05,1,Damaged in transit,0,46.71
R003983,OI0025614,2025-12-27,3,Changed mind,1,78.72
R003984,OI0025617,2026-01-16,3,Not as described,1,149.55
R003985,OI0025624,2025-12-22,2,Not as described,1,191.78
R003986,OI0025642,2026-01-11,1,Not as described,1,81.65
R003987,OI0025644,2026-01-07,1,Faulty,0,164.80
R003988,OI0025654,2026-01-16,1,Damaged in transit,0,44.28
R003989,OI0025655,2026-01-02,1,Not as described,1,49.77
R003990,OI0025656,2025-12-30,1,Arrived too late,1,140.51
R003991,OI0025660,2026-04-07,1,Changed mind,1,71.10
R003992,OI0025668,2025-12-24,1,Wrong size,1,49.85
R003993,OI0025670,2026-01-22,1,Faulty,0,69.08
R003994,OI0025678,2026-01-16,1,Changed mind,1,73.72
R003995,OI0025680,2026-01-21,1,Wrong size,1,133.12
R003996,OI0025687,2026-01-09,1,Changed mind,1,51.46
R003997,OI0025696,2026-01-19,1,Faulty,0,44.67
R003998,OI0025702,2026-02-02,1,Faulty,0,122.50
R003999,OI0025717,2026-05-25,1,Changed mind,1,45.89
R004000,OI0025721,2026-07-04,1,Not as described,1,21.76
R004001,OI0025729,2025-12-31,1,Arrived too late,1,30.80
R004002,OI0025743,2026-01-11,1,Wrong size,1,113.30
R004003,OI0025757,2026-01-18,1,Changed mind,1,26.67
R004004,OI0025766,2026-01-25,1,Not as described,1,222.96
R004005,OI0025772,2026-03-20,1,Arrived too late,1,76.00
R004006,OI0025774,2026-01-04,1,Changed mind,1,49.77
R004007,OI0025780,2026-04-17,1,Faulty,0,384.21
R004008,OI0025814,2026-01-01,2,Changed mind,1,172.29
R004009,OI0025825,2026-04-30,1,Not as described,1,128.17
R004010,OI0025826,2026-04-08,1,Damaged in transit,0,87.16
R004011,OI0025832,2026-05-01,2,Wrong size,1,137.29
R004012,OI0025837,2025-12-30,1,Arrived too late,1,111.53
R004013,OI0025838,2026-01-12,1,Changed mind,1,88.70
R004014,OI0025844,2026-01-10,1,Not as described,1,245.75
R004015,OI0025851,2026-01-02,1,Arrived too late,1,27.43
R004016,OI0025856,2026-01-11,1,Changed mind,1,67.74
R004017,OI0025858,2026-03-02,1,Wrong size,1,140.35
R004018,OI0025862,2026-05-12,1,Changed mind,1,27.43
R004019,OI0025866,2026-01-03,1,Damaged in transit,0,136.33
R004020,OI0025876,2026-01-06,1,Changed mind,1,63.64
R004021,OI0025891,2026-01-09,1,Arrived too late,1,21.20
R004022,OI0025892,2026-01-15,1,Wrong size,1,97.99
R004023,OI0025893,2026-01-20,1,Wrong size,1,31.13
R004024,OI0025900,2026-01-20,4,Changed mind,1,436.12
R004025,OI0025904,2026-01-01,1,Changed mind,1,34.46
R004026,OI0025906,2026-01-23,1,Not as described,1,81.65
R004027,OI0025914,2026-01-12,1,Damaged in transit,0,263.09
R004028,OI0025922,2026-01-06,1,Changed mind,1,120.05
R004029,OI0025925,2026-01-24,1,Changed mind,1,32.90
R004030,OI0025935,2026-01-20,1,Wrong size,1,67.74
R004031,OI0025941,2026-01-26,1,Faulty,0,128.52
R004032,OI0025942,2026-03-23,1,Arrived too late,1,70.92
R004033,OI0025951,2026-03-21,1,Wrong size,1,148.15
R004034,OI0025953,2026-05-21,1,Not as described,1,49.77
R004035,OI0025961,2026-01-22,1,Faulty,0,90.94
R004036,OI0025963,2026-01-03,1,Not as described,1,156.81
R004037,OI0025968,2026-01-06,2,Wrong size,1,112.60
R004038,OI0025977,2026-01-21,1,Wrong size,1,71.90
R004039,OI0025983,2026-03-02,1,Faulty,0,86.96
R004040,OI0025984,2026-03-02,1,Wrong size,1,53.69
R004041,OI0025995,2026-01-02,2,Wrong size,1,81.22
R004042,OI0025998,2026-01-16,1,Not as described,1,61.53
R004043,OI0026002,2026-04-05,1,Wrong size,1,59.52
R004044,OI0026006,2026-01-26,1,Changed mind,1,94.68
R004045,OI0026013,2026-03-03,1,Arrived too late,1,106.66
R004046,OI0026028,2026-01-10,1,Arrived too late,1,44.28
R004047,OI0026036,2026-01-21,1,Wrong size,1,384.11
R004048,OI0026040,2026-01-25,1,Changed mind,1,54.56
R004049,OI0026055,2026-04-08,1,Changed mind,1,23.45
R004050,OI0026060,2026-04-19,1,Arrived too late,1,38.50
R004051,OI0026063,2026-06-10,1,Arrived too late,1,65.94
R004052,OI0026067,2026-01-23,2,Faulty,0,65.18
R004053,OI0026092,2026-05-04,1,Not as described,1,62.01
R004054,OI0026099,2026-01-03,1,Not as described,1,107.20
R004055,OI0026101,2026-01-14,1,Wrong size,1,49.77
R004056,OI0026116,2026-01-30,1,Not as described,1,24.39
R004057,OI0026119,2026-01-20,1,Faulty,0,111.04
R004058,OI0026126,2026-01-13,1,Changed mind,1,28.36
R004059,OI0026134,2026-01-21,1,Wrong size,1,41.91
R004060,OI0026137,2026-01-07,1,Changed mind,1,194.09
R004061,OI0026156,2026-01-06,2,Wrong size,1,65.18
R004062,OI0026159,2026-02-28,1,Changed mind,1,155.77
R004063,OI0026162,2026-02-21,1,Not as described,1,80.30
R004064,OI0026163,2026-01-21,1,Wrong size,1,87.12
R004065,OI0026168,2026-03-10,1,Changed mind,1,125.94
R004066,OI0026173,2026-04-28,2,Wrong size,1,114.28
R004067,OI0026176,2026-01-17,1,Not as described,1,24.06
R004068,OI0026177,2026-01-25,2,Not as described,1,167.00
R004069,OI0026184,2026-02-02,1,Wrong size,1,122.50
R004070,OI0026185,2026-01-20,1,Damaged in transit,0,40.61
R004071,OI0026191,2026-04-07,1,Changed mind,1,77.82
R004072,OI0026192,2026-01-26,2,Wrong size,1,81.22
R004073,OI0026196,2026-04-03,1,Changed mind,1,28.00
R004074,OI0026198,2026-04-07,1,Not as described,1,78.91
R004075,OI0026206,2026-05-18,1,Arrived too late,1,98.30
R004076,OI0026210,2026-03-16,1,Not as described,1,42.44
R004077,OI0026212,2026-05-10,1,Not as described,1,61.02
R004078,OI0026221,2026-03-13,1,Faulty,0,100.06
R004079,OI0026222,2026-05-02,1,Arrived too late,1,58.99
R004080,OI0026223,2026-01-11,1,Wrong size,1,132.78
R004081,OI0026226,2026-06-02,1,Wrong size,1,40.61
R004082,OI0026233,2026-01-08,1,Wrong size,1,68.52
R004083,OI0026235,2026-02-13,1,Not as described,1,100.59
R004084,OI0026238,2026-01-31,1,Damaged in transit,0,29.59
R004085,OI0026244,2026-01-23,1,Not as described,1,86.48
R004086,OI0026260,2026-01-24,1,Faulty,0,39.36
R004087,OI0026266,2026-03-18,1,Faulty,0,235.91
R004088,OI0026294,2026-01-28,2,Arrived too late,1,548.88
R004089,OI0026297,2026-01-16,1,Changed mind,1,66.55
R004090,OI0026301,2026-01-11,4,Damaged in transit,0,530.55
R004091,OI0026315,2026-01-28,1,Changed mind,1,50.12
R004092,OI0026321,2026-02-01,1,Faulty,0,41.67
R004093,OI0026330,2026-01-12,1,Not as described,1,41.79
R004094,OI0026333,2026-01-29,1,Arrived too late,1,67.74
R004095,OI0026334,2026-02-05,2,Faulty,0,70.85
R004096,OI0026335,2026-01-16,1,Damaged in transit,0,33.23
R004097,OI0026343,2026-01-13,1,Arrived too late,1,81.68
R004098,OI0026349,2026-05-01,1,Changed mind,1,52.72
R004099,OI0026369,2026-01-24,1,Arrived too late,1,272.93
R004100,OI0026370,2026-01-10,1,Changed mind,1,58.95
R004101,OI0026371,2026-01-18,1,Changed mind,1,83.70
R004102,OI0026389,2026-01-24,1,Changed mind,1,136.06
R004103,OI0026391,2026-02-06,1,Wrong size,1,36.53
R004104,OI0026393,2026-01-19,1,Changed mind,1,52.62
R004105,OI0026396,2026-01-21,1,Wrong size,1,91.82
R004106,OI0026398,2026-01-16,1,Changed mind,1,99.97
R004107,OI0026399,2026-01-23,1,Not as described,1,109.91
R004108,OI0026403,2026-01-17,1,Damaged in transit,0,100.42
R004109,OI0026408,2026-01-17,1,Arrived too late,1,105.15
R004110,OI0026416,2026-01-17,1,Wrong size,1,133.12
R004111,OI0026419,2026-02-03,1,Wrong size,1,68.67
R004112,OI0026425,2026-07-05,1,Damaged in transit,0,83.50
R004113,OI0026434,2026-02-28,1,Not as described,1,79.76
R004114,OI0026442,2026-02-05,1,Wrong size,1,112.60
R004115,OI0026448,2026-01-30,1,Not as described,1,112.79
R004116,OI0026456,2026-01-28,1,Faulty,0,30.54
R004117,OI0026457,2026-02-06,1,Changed mind,1,47.86
R004118,OI0026461,2026-02-02,1,Not as described,1,80.89
R004119,OI0026470,2026-01-15,1,Changed mind,1,174.00
R004120,OI0026475,2026-01-29,1,Changed mind,1,100.97
R004121,OI0026478,2026-05-29,1,Damaged in transit,0,107.20
R004122,OI0026484,2026-05-13,1,Not as described,1,448.18
R004123,OI0026494,2026-05-14,1,Changed mind,1,193.52
R004124,OI0026507,2026-02-09,1,Wrong size,1,123.45
R004125,OI0026512,2026-01-29,1,Changed mind,1,186.86
R004126,OI0026518,2026-01-23,2,Wrong size,1,348.00
R004127,OI0026527,2026-01-31,1,Wrong size,1,276.02
R004128,OI0026532,2026-05-06,1,Arrived too late,1,36.58
R004129,OI0026534,2026-01-23,1,Arrived too late,1,116.94
R004130,OI0026546,2026-02-04,1,Not as described,1,186.86
R004131,OI0026547,2026-01-24,1,Not as described,1,78.15
R004132,OI0026553,2026-03-16,1,Not as described,1,31.33
R004133,OI0026565,2026-06-23,1,Changed mind,1,32.59
R004134,OI0026569,2026-02-08,1,Wrong size,1,337.55
R004135,OI0026571,2026-01-25,1,Changed mind,1,161.57
R004136,OI0026579,2026-06-12,1,Faulty,0,83.50
R004137,OI0026580,2026-01-23,1,Changed mind,1,123.10
R004138,OI0026591,2026-06-12,2,Changed mind,1,66.46
R004139,OI0026605,2026-04-21,1,Wrong size,1,206.19
R004140,OI0026616,2026-02-12,1,Not as described,1,120.05
R004141,OI0026622,2026-01-27,1,Changed mind,1,131.59
R004142,OI0026626,2026-02-04,1,Arrived too late,1,139.31
R004143,OI0026628,2026-02-05,2,Changed mind,1,59.77
R004144,OI0026629,2026-01-30,1,Wrong size,1,49.59
R004145,OI0026630,2026-02-08,1,Changed mind,1,117.17
R004146,OI0026642,2026-05-27,1,Arrived too late,1,45.61
R004147,OI0026643,2026-01-22,1,Arrived too late,1,166.85
R004148,OI0026648,2026-04-02,1,Changed mind,1,38.00
R004149,OI0026649,2026-02-05,1,Wrong size,1,28.53
R004150,OI0026659,2026-01-30,1,Changed mind,1,49.48
R004151,OI0026671,2026-05-27,1,Faulty,0,58.95
R004152,OI0026678,2026-02-18,1,Wrong size,1,28.00
R004153,OI0026688,2026-02-11,2,Wrong size,1,174.24
R004154,OI0026692,2026-02-11,1,Wrong size,1,134.40
R004155,OI0026699,2026-03-03,1,Faulty,0,106.66
R004156,OI0026707,2026-01-21,3,Wrong size,1,98.13
R004157,OI0026713,2026-02-20,1,Not as described,1,111.90
R004158,OI0026723,2026-04-07,1,Arrived too late,1,68.67
R004159,OI0026724,2026-03-25,1,Changed mind,1,59.52
R004160,OI0026725,2026-02-15,1,Changed mind,1,128.17
R004161,OI0026729,2026-02-05,1,Faulty,0,18.06
R004162,OI0026740,2026-02-07,1,Changed mind,1,34.06
R004163,OI0026750,2026-06-11,1,Changed mind,1,90.90
R004164,OI0026760,2026-02-13,1,Changed mind,1,65.97
R004165,OI0026781,2026-02-02,1,Changed mind,1,44.67
R004166,OI0026805,2026-02-01,1,Not as described,1,89.36
R004167,OI0026807,2026-01-30,1,Changed mind,1,54.64
R004168,OI0026809,2026-06-11,1,Changed mind,1,290.67
R004169,OI0026816,2026-02-20,1,Faulty,0,44.28
R004170,OI0026831,2026-03-15,1,Wrong size,1,155.18
R004171,OI0026844,2026-04-27,1,Changed mind,1,209.32
R004172,OI0026852,2026-02-15,1,Arrived too late,1,53.02
R004173,OI0026854,2026-02-21,1,Wrong size,1,31.99
R004174,OI0026866,2026-02-20,1,Faulty,0,139.31
R004175,OI0026867,2026-04-08,2,Faulty,0,250.46
R004176,OI0026868,2026-02-19,1,Wrong size,1,56.44
R004177,OI0026879,2026-02-03,2,Wrong size,1,99.66
R004178,OI0026897,2026-03-20,1,Wrong size,1,184.32
R004179,OI0026900,2026-02-08,1,Wrong size,1,122.50
R004180,OI0026930,2026-05-07,3,Faulty,0,79.20
R004181,OI0026944,2026-02-23,1,Not as described,1,65.94
R004182,OI0026953,2026-02-04,1,Changed mind,1,64.55
R004183,OI0026957,2026-02-02,1,Arrived too late,1,57.83
R004184,OI0026965,2026-02-25,1,Not as described,1,94.68
R004185,OI0026969,2026-02-02,1,Changed mind,1,103.63
R004186,OI0026971,2026-02-12,1,Changed mind,1,113.73
R004187,OI0026976,2026-03-09,1,Changed mind,1,27.43
R004188,OI0026977,2026-03-02,1,Faulty,0,129.93
R004189,OI0026979,2026-06-04,1,Damaged in transit,0,25.56
R004190,OI0026987,2026-02-08,3,Arrived too late,1,679.98
R004191,OI0026992,2026-06-07,1,Damaged in transit,0,59.63
R004192,OI0027000,2026-04-19,1,Damaged in transit,0,164.80
R004193,OI0027010,2026-02-24,1,Changed mind,1,38.91
R004194,OI0027014,2026-03-01,4,Damaged in transit,0,467.76
R004195,OI0027024,2026-02-22,1,Wrong size,1,88.93
R004196,OI0027036,2026-02-18,2,Damaged in transit,0,119.04
R004197,OI0027037,2026-04-10,1,Not as described,1,38.97
R004198,OI0027038,2026-04-20,2,Not as described,1,61.69
R004199,OI0027039,2026-04-18,1,Not as described,1,187.97
R004200,OI0027040,2026-06-09,1,Damaged in transit,0,44.28
R004201,OI0027043,2026-03-02,1,Wrong size,1,27.69
R004202,OI0027046,2026-02-09,4,Changed mind,1,146.12
R004203,OI0027055,2026-04-03,1,Not as described,1,33.23
R004204,OI0027057,2026-05-05,1,Changed mind,1,90.10
R004205,OI0027068,2026-02-04,1,Changed mind,1,29.59
R004206,OI0027082,2026-02-14,1,Wrong size,1,103.71
R004207,OI0027087,2026-02-27,1,Arrived too late,1,25.56
R004208,OI0027091,2026-02-22,1,Wrong size,1,79.76
R004209,OI0027097,2026-02-08,1,Changed mind,1,184.41
R004210,OI0027114,2026-04-08,1,Changed mind,1,49.85
R004211,OI0027118,2026-05-02,1,Changed mind,1,106.66
R004212,OI0027133,2026-02-10,1,Arrived too late,1,95.10
R004213,OI0027136,2026-02-24,2,Faulty,0,384.44
R004214,OI0027152,2026-03-01,1,Changed mind,1,30.66
R004215,OI0027159,2026-02-27,1,Damaged in transit,0,23.96
R004216,OI0027160,2026-02-17,1,Not as described,1,71.81
R004217,OI0027164,2026-02-26,1,Wrong size,1,91.59
R004218,OI0027166,2026-03-04,1,Changed mind,1,131.49
R004219,OI0027171,2026-04-03,1,Faulty,0,39.43
R004220,OI0027172,2026-04-12,1,Changed mind,1,67.23
R004221,OI0027174,2026-03-07,1,Not as described,1,88.93
R004222,OI0027180,2026-06-04,1,Wrong size,1,67.23
R004223,OI0027181,2026-02-16,1,Changed mind,1,65.94
R004224,OI0027183,2026-04-22,3,Changed mind,1,121.83
R004225,OI0027190,2026-04-01,1,Wrong size,1,34.31
R004226,OI0027199,2026-07-24,1,Arrived too late,1,62.01
R004227,OI0027203,2026-07-03,1,Not as described,1,90.94
R004228,OI0027209,2026-03-03,4,Not as described,1,776.36
R004229,OI0027217,2026-05-01,1,Wrong size,1,456.80
R004230,OI0027218,2026-05-05,1,Wrong size,1,111.53
R004231,OI0027258,2026-02-21,1,Faulty,0,61.82
R004232,OI0027261,2026-02-22,1,Wrong size,1,17.30
R004233,OI0027262,2026-03-01,1,Wrong size,1,98.30
R004234,OI0027264,2026-02-20,1,Not as described,1,148.15
R004235,OI0027270,2026-03-13,1,Wrong size,1,82.81
R004236,OI0027271,2026-06-23,1,Not as described,1,272.93
R004237,OI0027278,2026-02-20,1,Changed mind,1,28.59
R004238,OI0027304,2026-02-28,1,Wrong size,1,34.46
R004239,OI0027309,2026-03-06,1,Changed mind,1,120.05
R004240,OI0027315,2026-02-27,1,Arrived too late,1,66.69
R004241,OI0027316,2026-02-15,1,Changed mind,1,95.89
R004242,OI0027319,2026-03-31,1,Changed mind,1,192.22
R004243,OI0027320,2026-03-06,2,Wrong size,1,199.94
R004244,OI0027341,2026-03-30,1,Damaged in transit,0,111.95
R004245,OI0027342,2026-02-25,1,Wrong size,1,122.76
R004246,OI0027349,2026-02-24,1,Changed mind,1,28.00
R004247,OI0027351,2026-03-05,1,Damaged in transit,0,111.53
R004248,OI0027361,2026-02-27,3,Changed mind,1,72.30
R004249,OI0027364,2026-03-01,1,Changed mind,1,411.22
R004250,OI0027367,2026-04-09,1,Arrived too late,1,49.73
R004251,OI0027370,2026-03-03,1,Not as described,1,59.96
R004252,OI0027382,2026-02-22,1,Faulty,0,89.98
R004253,OI0027392,2026-03-07,1,Arrived too late,1,116.64
R004254,OI0027403,2026-03-12,1,Wrong size,1,216.26
R004255,OI0027405,2026-03-04,1,Wrong size,1,99.76
R004256,OI0027407,2026-06-07,1,Damaged in transit,0,83.39
R004257,OI0027408,2026-06-20,1,Wrong size,1,55.19
R004258,OI0027411,2026-02-26,1,Wrong size,1,31.44
R004259,OI0027415,2026-03-06,2,Not as described,1,251.84
R004260,OI0027420,2026-03-17,1,Arrived too late,1,28.94
R004261,OI0027427,2026-03-07,1,Changed mind,1,206.19
R004262,OI0027442,2026-04-02,2,Wrong size,1,47.35
R004263,OI0027444,2026-02-18,3,Arrived too late,1,76.68
R004264,OI0027451,2026-05-31,2,Wrong size,1,131.04
R004265,OI0027458,2026-02-15,1,Damaged in transit,0,107.20
R004266,OI0027465,2026-03-13,1,Arrived too late,1,105.21
R004267,OI0027466,2026-03-10,1,Arrived too late,1,235.58
R004268,OI0027467,2026-02-23,1,Damaged in transit,0,60.18
R004269,OI0027470,2026-06-27,2,Wrong size,1,81.36
R004270,OI0027477,2026-03-02,1,Damaged in transit,0,94.06
R004271,OI0027480,2026-03-09,1,Changed mind,1,49.85
R004272,OI0027482,2026-03-12,1,Changed mind,1,99.97
R004273,OI0027489,2026-03-15,1,Changed mind,1,272.93
R004274,OI0027490,2026-02-28,2,Not as described,1,88.56
R004275,OI0027492,2026-03-03,1,Damaged in transit,0,20.50
R004276,OI0027493,2026-03-17,1,Wrong size,1,34.87
R004277,OI0027494,2026-03-16,1,Arrived too late,1,19.42
R004278,OI0027511,2026-04-25,2,Faulty,0,453.32
R004279,OI0027512,2026-03-13,1,Arrived too late,1,57.14
R004280,OI0027514,2026-04-19,1,Changed mind,1,51.74
R004281,OI0027517,2026-06-15,1,Not as described,1,85.23
R004282,OI0027524,2026-04-08,1,Damaged in transit,0,31.33
R004283,OI0027535,2026-02-23,1,Wrong size,1,95.77
R004284,OI0027537,2026-02-22,1,Changed mind,1,129.93
R004285,OI0027541,2026-03-19,1,Faulty,0,88.93
R004286,OI0027556,2026-04-08,1,Arrived too late,1,66.55
R004287,OI0027558,2026-02-27,3,Changed mind,1,327.76
R004288,OI0027564,2026-07-11,1,Arrived too late,1,93.30
R004289,OI0027586,2026-05-12,1,Arrived too late,1,73.72
R004290,OI0027588,2026-05-06,1,Changed mind,1,89.95
R004291,OI0027594,2026-03-23,1,Wrong size,1,129.93
R004292,OI0027603,2026-03-09,1,Changed mind,1,87.12
R004293,OI0027610,2026-02-24,1,Changed mind,1,91.93
R004294,OI0027614,2026-03-08,1,Changed mind,1,338.91
R004295,OI0027626,2026-03-18,1,Damaged in transit,0,24.32
R004296,OI0027627,2026-02-24,1,Changed mind,1,99.97
R004297,OI0027643,2026-03-16,2,Changed mind,1,181.88
R004298,OI0027667,2026-03-12,1,Changed mind,1,38.97
R004299,OI0027671,2026-02-27,1,Wrong size,1,155.87
R004300,OI0027672,2026-03-17,1,Changed mind,1,26.29
R004301,OI0027673,2026-03-08,1,Damaged in transit,0,106.65
R004302,OI0027675,2026-03-13,1,Wrong size,1,106.66
R004303,OI0027680,2026-05-15,1,Wrong size,1,65.52
R004304,OI0027716,2026-03-03,1,Faulty,0,54.33
R004305,OI0027724,2026-03-05,1,Not as described,1,76.21
R004306,OI0027742,2026-05-30,1,Changed mind,1,21.76
R004307,OI0027747,2026-02-24,1,Wrong size,1,162.12
R004308,OI0027748,2026-03-11,1,Not as described,1,115.32
R004309,OI0027767,2026-03-17,1,Changed mind,1,93.79
R004310,OI0027805,2026-03-18,1,Not as described,1,64.19
R004311,OI0027810,2026-03-04,1,Not as described,1,94.68
R004312,OI0027816,2026-03-09,1,Not as described,1,173.30
R004313,OI0027821,2026-04-22,2,Wrong size,1,156.30
R004314,OI0027828,2026-06-28,1,Not as described,1,112.24
R004315,OI0027832,2026-05-04,1,Not as described,1,54.64
R004316,OI0027846,2026-05-16,1,Wrong size,1,142.03
R004317,OI0027849,2026-03-26,1,Faulty,0,40.68
R004318,OI0027853,2026-04-23,1,Wrong size,1,384.21
R004319,OI0027863,2026-03-18,1,Wrong size,1,184.72
R004320,OI0027869,2026-03-28,2,Changed mind,1,240.10
R004321,OI0027875,2026-03-24,1,Not as described,1,94.73
R004322,OI0027888,2026-03-04,1,Arrived too late,1,31.99
R004323,OI0027890,2026-03-30,1,Not as described,1,58.21
R004324,OI0027895,2026-03-07,1,Changed mind,1,55.99
R004325,OI0027903,2026-05-08,1,Faulty,0,186.86
R004326,OI0027904,2026-05-11,1,Damaged in transit,0,73.30
R004327,OI0027909,2026-06-22,1,Wrong size,1,30.80
R004328,OI0027915,2026-03-26,1,Arrived too late,1,124.09
R004329,OI0027922,2026-03-18,1,Changed mind,1,77.82
R004330,OI0027925,2026-03-29,1,Wrong size,1,111.95
R004331,OI0027930,2026-05-23,1,Changed mind,1,53.31
R004332,OI0027944,2026-03-19,1,Changed mind,1,136.74
R004333,OI0027950,2026-06-08,1,Damaged in transit,0,21.06
R004334,OI0027951,2026-05-30,1,Wrong size,1,166.85
R004335,OI0027954,2026-03-25,1,Arrived too late,1,50.20
R004336,OI0027956,2026-05-07,1,Faulty,0,38.78
R004337,OI0027966,2026-03-30,2,Arrived too late,1,133.10
R004338,OI0027980,2026-04-14,1,Changed mind,1,93.79
R004339,OI0027983,2026-03-09,1,Wrong size,1,166.79
R004340,OI0027986,2026-04-02,1,Not as described,1,44.28
R004341,OI0027994,2026-03-15,1,Changed mind,1,174.30
R004342,OI0028002,2026-03-17,2,Changed mind,1,240.10
R004343,OI0028011,2026-03-10,1,Damaged in transit,0,88.93
R004344,OI0028017,2026-04-04,1,Faulty,0,122.76
R004345,OI0028026,2026-05-26,1,Wrong size,1,44.67
R004346,OI0028030,2026-04-24,1,Wrong size,1,35.49
R004347,OI0028032,2026-03-26,1,Faulty,0,94.68
R004348,OI0028039,2026-03-31,1,Arrived too late,1,59.52
R004349,OI0028045,2026-03-11,1,Changed mind,1,98.59
R004350,OI0028048,2026-03-30,1,Not as described,1,111.24
R004351,OI0028052,2026-04-16,1,Wrong size,1,27.43
R004352,OI0028054,2026-03-12,1,Changed mind,1,52.72
R004353,OI0028056,2026-03-14,1,Not as described,1,94.68
R004354,OI0028070,2026-03-24,1,Wrong size,1,38.38
R004355,OI0028072,2026-03-19,1,Faulty,0,51.99
R004356,OI0028086,2026-03-24,1,Wrong size,1,68.52
R004357,OI0028088,2026-06-03,1,Wrong size,1,139.77
R004358,OI0028092,2026-03-16,1,Damaged in transit,0,99.97
R004359,OI0028099,2026-06-30,1,Wrong size,1,477.87
R004360,OI0028100,2026-03-22,1,Wrong size,1,109.61
R004361,OI0028103,2026-03-09,1,Arrived too late,1,245.75
R004362,OI0028113,2026-03-19,1,Wrong size,1,49.48
R004363,OI0028115,2026-05-02,1,Changed mind,1,83.39
R004364,OI0028121,2026-03-28,1,Wrong size,1,22.27
R004365,OI0028126,2026-06-10,1,Arrived too late,1,67.23
R004366,OI0028127,2026-07-08,1,Changed mind,1,41.79
R004367,OI0028134,2026-04-22,1,Changed mind,1,93.30
R004368,OI0028145,2026-03-23,1,Arrived too late,1,38.97
R004369,OI0028149,2026-03-31,1,Damaged in transit,0,59.52
R004370,OI0028153,2026-03-26,1,Faulty,0,33.23
R004371,OI0028165,2026-03-16,1,Changed mind,1,50.52
R004372,OI0028167,2026-03-29,1,Wrong size,1,95.89
R004373,OI0028168,2026-04-09,1,Changed mind,1,76.05
R004374,OI0028170,2026-04-05,1,Wrong size,1,49.85
R004375,OI0028176,2026-04-04,1,Damaged in transit,0,32.59
R004376,OI0028184,2026-03-26,1,Not as described,1,94.68
R004377,OI0028186,2026-06-01,3,Wrong size,1,136.29
R004378,OI0028208,2026-03-14,1,Wrong size,1,194.09
R004379,OI0028212,2026-04-09,1,Changed mind,1,90.94
R004380,OI0028216,2026-04-05,1,Not as described,1,192.22
R004381,OI0028220,2026-03-19,2,Wrong size,1,55.38
R004382,OI0028229,2026-03-12,1,Faulty,0,83.50
R004383,OI0028230,2026-03-17,1,Wrong size,1,126.60
R004384,OI0028231,2026-03-21,1,Changed mind,1,128.17
R004385,OI0028233,2026-03-11,1,Changed mind,1,73.72
R004386,OI0028237,2026-05-15,1,Damaged in transit,0,25.48
R004387,OI0028238,2026-05-25,1,Changed mind,1,134.40
R004388,OI0028242,2026-04-03,1,Arrived too late,1,148.15
R004389,OI0028243,2026-03-20,1,Wrong size,1,81.63
R004390,OI0028246,2026-05-23,1,Damaged in transit,0,106.66
R004391,OI0028247,2026-05-19,2,Damaged in transit,0,296.30
R004392,OI0028252,2026-04-17,1,Wrong size,1,64.55
R004393,OI0028266,2026-07-12,2,Arrived too late,1,109.28
R004394,OI0028269,2026-04-02,2,Wrong size,1,86.36
R004395,OI0028287,2026-04-08,2,Damaged in transit,0,159.24
R004396,OI0028294,2026-06-20,1,Wrong size,1,30.17
R004397,OI0028303,2026-04-22,1,Changed mind,1,46.58
R004398,OI0028310,2026-04-08,1,Wrong size,1,189.90
R004399,OI0028318,2026-03-27,1,Changed mind,1,245.75
R004400,OI0028320,2026-03-23,1,Arrived too late,1,25.95
R004401,OI0028321,2026-03-29,1,Arrived too late,1,117.17
R004402,OI0028334,2026-07-10,1,Wrong size,1,30.80
R004403,OI0028335,2026-04-06,2,Wrong size,1,210.42
R004404,OI0028346,2026-06-06,1,Changed mind,1,111.95
R004405,OI0028351,2026-03-29,1,Arrived too late,1,52.72
R004406,OI0028365,2026-06-17,1,Wrong size,1,58.95
R004407,OI0028366,2026-06-18,1,Arrived too late,1,66.12
R004408,OI0028367,2026-04-05,1,Faulty,0,85.19
R004409,OI0028370,2026-04-11,1,Changed mind,1,65.52
R004410,OI0028380,2026-03-16,1,Changed mind,1,67.74
R004411,OI0028383,2026-05-01,2,Changed mind,1,84.42
R004412,OI0028385,2026-06-10,2,Damaged in transit,0,81.36
R004413,OI0028392,2026-04-12,1,Arrived too late,1,63.56
R004414,OI0028407,2026-05-18,1,Damaged in transit,0,45.89
R004415,OI0028410,2026-04-04,1,Changed mind,1,44.57
R004416,OI0028426,2026-03-24,1,Wrong size,1,103.71
R004417,OI0028431,2026-04-02,2,Faulty,0,73.06
R004418,OI0028436,2026-05-21,1,Wrong size,1,117.17
R004419,OI0028444,2026-04-09,1,Changed mind,1,65.82
R004420,OI0028453,2026-04-20,1,Wrong size,1,81.65
R004421,OI0028459,2026-03-19,1,Not as described,1,79.76
R004422,OI0028464,2026-04-01,1,Faulty,0,79.76
R004423,OI0028467,2026-04-06,1,Not as described,1,128.93
R004424,OI0028471,2026-04-01,1,Wrong size,1,25.56
R004425,OI0028475,2026-03-19,1,Damaged in transit,0,141.91
R004426,OI0028476,2026-03-22,1,Wrong size,1,93.79
R004427,OI0028478,2026-03-27,1,Not as described,1,169.69
R004428,OI0028479,2026-04-10,2,Changed mind,1,89.34
R004429,OI0028487,2026-05-03,1,Faulty,0,50.41
R004430,OI0028492,2026-04-09,1,Changed mind,1,119.88
R004431,OI0028505,2026-03-24,1,Wrong size,1,36.53
R004432,OI0028513,2026-04-04,1,Arrived too late,1,36.53
R004433,OI0028529,2026-06-27,1,Wrong size,1,40.61
R004434,OI0028531,2026-07-04,1,Faulty,0,241.41
R004435,OI0028539,2026-03-30,1,Changed mind,1,274.44
R004436,OI0028540,2026-04-06,1,Arrived too late,1,97.05
R004437,OI0028545,2026-04-01,2,Damaged in transit,0,166.78
R004438,OI0028557,2026-05-14,1,Not as described,1,47.86
R004439,OI0028558,2026-06-30,1,Changed mind,1,94.68
R004440,OI0028568,2026-07-19,1,Arrived too late,1,162.16
R004441,OI0028570,2026-03-30,1,Damaged in transit,0,161.57
R004442,OI0028587,2026-04-01,1,Not as described,1,40.61
R004443,OI0028588,2026-03-31,1,Faulty,0,34.46
R004444,OI0028601,2026-05-27,2,Arrived too late,1,329.60
R004445,OI0028618,2026-03-24,1,Changed mind,1,44.67
R004446,OI0028621,2026-06-15,1,Damaged in transit,0,43.18
R004447,OI0028629,2026-05-10,1,Arrived too late,1,90.94
R004448,OI0028631,2026-04-06,1,Not as described,1,146.24
R004449,OI0028633,2026-04-04,1,Changed mind,1,184.72
R004450,OI0028643,2026-07-11,1,Not as described,1,22.55
R004451,OI0028654,2026-04-13,1,Not as described,1,49.85
R004452,OI0028655,2026-03-29,1,Changed mind,1,83.70
R004453,OI0028656,2026-04-04,1,Damaged in transit,0,20.90
R004454,OI0028658,2026-04-04,1,Arrived too late,1,65.63
R004455,OI0028679,2026-06-05,1,Faulty,0,56.98
R004456,OI0028680,2026-06-29,1,Faulty,0,95.89
R004457,OI0028681,2026-04-04,1,Changed mind,1,54.16
R004458,OI0028684,2026-04-10,3,Wrong size,1,179.77
R004459,OI0028687,2026-05-23,1,Faulty,0,94.68
R004460,OI0028688,2026-04-10,1,Not as described,1,16.68
R004461,OI0028710,2026-05-18,1,Wrong size,1,235.91
R004462,OI0028714,2026-04-04,1,Wrong size,1,111.21
R004463,OI0028717,2026-04-02,1,Changed mind,1,62.01
R004464,OI0028721,2026-05-01,1,Damaged in transit,0,99.97
R004465,OI0028723,2026-06-19,1,Faulty,0,76.58
R004466,OI0028726,2026-03-30,1,Changed mind,1,422.39
R004467,OI0028728,2026-04-28,3,Arrived too late,1,223.12
R004468,OI0028730,2026-04-10,2,Not as described,1,131.88
R004469,OI0028734,2026-04-11,1,Changed mind,1,92.25
R004470,OI0028736,2026-04-09,1,Not as described,1,46.61
R004471,OI0028737,2026-03-30,3,Damaged in transit,0,1190.55
R004472,OI0028747,2026-04-11,1,Changed mind,1,47.18
R004473,OI0028754,2026-05-21,1,Changed mind,1,81.65
R004474,OI0028764,2026-03-24,1,Changed mind,1,99.71
R004475,OI0028772,2026-04-12,3,Damaged in transit,0,618.57
R004476,OI0028789,2026-07-12,1,Wrong size,1,44.28
R004477,OI0028805,2026-04-06,1,Not as described,1,77.82
R004478,OI0028810,2026-04-10,1,Wrong size,1,81.68
R004479,OI0028812,2026-06-17,1,Wrong size,1,275.67
R004480,OI0028813,2026-06-21,1,Not as described,1,84.36
R004481,OI0028819,2026-04-23,1,Changed mind,1,46.47
R004482,OI0028821,2026-04-12,3,Arrived too late,1,116.76
R004483,OI0028841,2026-04-07,2,Wrong size,1,141.16
R004484,OI0028855,2026-03-30,1,Wrong size,1,87.72
R004485,OI0028856,2026-04-20,1,Changed mind,1,32.48
R004486,OI0028863,2026-04-17,1,Faulty,0,156.81
R004487,OI0028867,2026-04-24,1,Wrong size,1,136.82
R004488,OI0028868,2026-04-07,1,Changed mind,1,65.94
R004489,OI0028872,2026-04-04,1,Damaged in transit,0,38.97
R004490,OI0028877,2026-04-16,1,Changed mind,1,71.31
R004491,OI0028880,2026-04-13,2,Changed mind,1,548.88
R004492,OI0028881,2026-04-14,1,Faulty,0,219.47
R004493,OI0028884,2026-04-18,1,Not as described,1,97.95
R004494,OI0028902,2026-04-16,1,Changed mind,1,192.22
R004495,OI0028904,2026-06-27,1,Not as described,1,50.33
R004496,OI0028912,2026-04-26,1,Changed mind,1,105.21
R004497,OI0028920,2026-05-11,1,Wrong size,1,65.59
R004498,OI0028940,2026-04-01,1,Changed mind,1,77.82
R004499,OI0028941,2026-04-27,1,Changed mind,1,214.48
R004500,OI0028943,2026-04-19,2,Arrived too late,1,123.35
R004501,OI0028948,2026-04-17,3,Damaged in transit,0,193.28
R004502,OI0028952,2026-06-21,1,Changed mind,1,55.81
R004503,OI0028963,2026-04-11,1,Wrong size,1,111.95
R004504,OI0028972,2026-06-16,1,Arrived too late,1,52.72
R004505,OI0028986,2026-04-13,1,Not as described,1,122.76
R004506,OI0028992,2026-04-05,1,Changed mind,1,93.79
R004507,OI0028994,2026-04-18,1,Not as described,1,21.77
R004508,OI0028998,2026-04-07,1,Faulty,0,68.67
R004509,OI0029003,2026-04-04,1,Changed mind,1,27.43
R004510,OI0029004,2026-04-08,2,Arrived too late,1,99.70
R004511,OI0029006,2026-04-28,1,Changed mind,1,131.49
R004512,OI0029011,2026-04-30,1,Changed mind,1,99.97
R004513,OI0029020,2026-04-25,1,Arrived too late,1,132.88
R004514,OI0029031,2026-04-19,1,Changed mind,1,92.21
R004515,OI0029033,2026-04-27,2,Changed mind,1,167.27
R004516,OI0029035,2026-04-17,1,Changed mind,1,73.72
R004517,OI0029039,2026-07-12,1,Not as described,1,49.77
R004518,OI0029044,2026-04-19,1,Not as described,1,31.90
R004519,OI0029058,2026-07-11,1,Changed mind,1,206.26
R004520,OI0029063,2026-04-11,1,Not as described,1,51.02
R004521,OI0029065,2026-04-06,1,Wrong size,1,70.92
R004522,OI0029074,2026-07-02,1,Wrong size,1,67.74
R004523,OI0029076,2026-04-23,1,Not as described,1,40.68
R004524,OI0029110,2026-06-02,1,Not as described,1,28.40
R004525,OI0029128,2026-04-27,1,Not as described,1,24.69
R004526,OI0029133,2026-04-28,1,Arrived too late,1,38.97
R004527,OI0029137,2026-04-09,1,Damaged in transit,0,128.93
R004528,OI0029158,2026-04-10,3,Changed mind,1,178.56
R004529,OI0029159,2026-05-04,1,Faulty,0,49.77
R004530,OI0029170,2026-04-19,1,Wrong size,1,68.19
R004531,OI0029178,2026-04-30,1,Changed mind,1,70.92
R004532,OI0029188,2026-04-14,1,Changed mind,1,22.31
R004533,OI0029189,2026-04-28,1,Damaged in transit,0,116.64
R004534,OI0029201,2026-04-26,1,Damaged in transit,0,147.55
R004535,OI0029202,2026-04-26,1,Damaged in transit,0,73.72
R004536,OI0029207,2026-05-09,2,Wrong size,1,62.26
R004537,OI0029219,2026-05-03,1,Damaged in transit,0,50.33
R004538,OI0029236,2026-05-20,1,Arrived too late,1,175.32
R004539,OI0029246,2026-05-23,1,Changed mind,1,75.11
R004540,OI0029248,2026-04-29,1,Changed mind,1,386.68
R004541,OI0029255,2026-05-06,1,Changed mind,1,122.50
R004542,OI0029256,2026-05-06,1,Changed mind,1,185.63
R004543,OI0029265,2026-04-24,1,Arrived too late,1,35.86
R004544,OI0029266,2026-05-08,1,Arrived too late,1,99.97
R004545,OI0029269,2026-04-13,1,Damaged in transit,0,51.99
R004546,OI0029273,2026-04-22,1,Changed mind,1,93.30
R004547,OI0029276,2026-05-05,1,Not as described,1,65.52
R004548,OI0029283,2026-07-16,1,Not as described,1,40.61
R004549,OI0029288,2026-04-24,1,Wrong size,1,169.90
R004550,OI0029290,2026-04-14,1,Changed mind,1,33.83
R004551,OI0029293,2026-04-30,1,Wrong size,1,43.18
R004552,OI0029299,2026-05-07,1,Changed mind,1,57.01
R004553,OI0029301,2026-04-23,1,Wrong size,1,67.77
R004554,OI0029302,2026-04-18,1,Changed mind,1,111.95
R004555,OI0029303,2026-04-26,1,Changed mind,1,21.08
R004556,OI0029304,2026-04-24,1,Changed mind,1,51.74
R004557,OI0029307,2026-04-28,1,Changed mind,1,122.50
R004558,OI0029317,2026-04-27,1,Changed mind,1,135.13
R004559,OI0029319,2026-04-29,1,Changed mind,1,95.89
R004560,OI0029321,2026-07-19,1,Not as described,1,176.39
R004561,OI0029322,2026-07-07,1,Changed mind,1,95.89
R004562,OI0029323,2026-07-19,1,Faulty,0,83.70
R004563,OI0029339,2026-05-10,1,Changed mind,1,49.85
R004564,OI0029352,2026-05-11,1,Damaged in transit,0,172.61
R004565,OI0029353,2026-04-24,1,Not as described,1,111.95
R004566,OI0029355,2026-04-25,1,Not as described,1,83.39
R004567,OI0029356,2026-06-14,1,Not as described,1,126.60
R004568,OI0029357,2026-06-12,1,Damaged in transit,0,76.63
R004569,OI0029361,2026-06-23,3,Faulty,0,470.43
R004570,OI0029362,2026-06-26,1,Not as described,1,156.81
R004571,OI0029374,2026-05-08,1,Changed mind,1,83.39
R004572,OI0029385,2026-04-21,1,Changed mind,1,93.30
R004573,OI0029386,2026-04-24,1,Wrong size,1,67.23
R004574,OI0029387,2026-05-01,1,Wrong size,1,72.73
R004575,OI0029396,2026-05-05,1,Changed mind,1,113.30
R004576,OI0029397,2026-04-16,1,Wrong size,1,116.94
R004577,OI0029423,2026-05-07,1,Not as described,1,95.89
R004578,OI0029425,2026-04-28,1,Damaged in transit,0,34.19
R004579,OI0029427,2026-05-14,1,Wrong size,1,36.53
R004580,OI0029435,2026-05-05,1,Damaged in transit,0,63.20
R004581,OI0029454,2026-04-25,1,Not as described,1,38.97
R004582,OI0029460,2026-05-07,1,Changed mind,1,49.48
R004583,OI0029465,2026-05-10,1,Wrong size,1,35.49
R004584,OI0029468,2026-05-12,1,Wrong size,1,276.02
R004585,OI0029482,2026-05-08,1,Changed mind,1,97.41
R004586,OI0029501,2026-04-23,1,Wrong size,1,98.30
R004587,OI0029510,2026-04-28,1,Damaged in transit,0,83.39
R004588,OI0029511,2026-05-01,1,Changed mind,1,51.74
R004589,OI0029514,2026-05-02,1,Changed mind,1,40.68
R004590,OI0029516,2026-05-16,1,Wrong size,1,119.88
R004591,OI0029518,2026-05-01,1,Wrong size,1,98.03
R004592,OI0029525,2026-04-27,1,Changed mind,1,107.01
R004593,OI0029529,2026-05-18,1,Wrong size,1,226.66
R004594,OI0029537,2026-06-12,1,Changed mind,1,15.89
R004595,OI0029541,2026-05-09,1,Arrived too late,1,64.55
R004596,OI0029543,2026-04-30,1,Changed mind,1,59.52
R004597,OI0029544,2026-06-21,1,Damaged in transit,0,131.49
R004598,OI0029546,2026-04-21,1,Wrong size,1,29.14
R004599,OI0029548,2026-04-21,3,Wrong size,1,96.36
R004600,OI0029550,2026-05-07,1,Changed mind,1,81.65
R004601,OI0029554,2026-05-26,1,Changed mind,1,34.19
R004602,OI0029557,2026-06-25,3,Changed mind,1,1226.31
R004603,OI0029571,2026-05-13,2,Damaged in transit,0,257.86
R004604,OI0029577,2026-06-22,1,Wrong size,1,73.34
R004605,OI0029579,2026-06-29,1,Damaged in transit,0,68.19
R004606,OI0029592,2026-04-29,2,Damaged in transit,0,234.34
R004607,OI0029596,2026-05-02,1,Changed mind,1,116.64
R004608,OI0029604,2026-04-24,2,Arrived too late,1,109.77
R004609,OI0029613,2026-05-07,2,Not as described,1,259.86
R004610,OI0029616,2026-06-20,1,Wrong size,1,58.17
R004611,OI0029621,2026-05-23,1,Arrived too late,1,80.04
R004612,OI0029631,2026-05-06,1,Changed mind,1,34.78
R004613,OI0029634,2026-05-15,1,Changed mind,1,36.53
R004614,OI0029645,2026-07-09,1,Arrived too late,1,65.52
R004615,OI0029649,2026-04-25,1,Wrong size,1,35.85
R004616,OI0029650,2026-05-15,1,Faulty,0,106.66
R004617,OI0029653,2026-04-28,1,Wrong size,1,78.15
R004618,OI0029706,2026-05-18,1,Changed mind,1,83.70
R004619,OI0029707,2026-05-02,1,Faulty,0,25.49
R004620,OI0029711,2026-05-13,1,Changed mind,1,68.53
R004621,OI0029732,2026-05-14,1,Arrived too late,1,46.55
R004622,OI0029733,2026-05-15,1,Wrong size,1,164.80
R004623,OI0029737,2026-05-15,3,Damaged in transit,0,1433.61
R004624,OI0029743,2026-06-30,1,Wrong size,1,49.48
R004625,OI0029748,2026-05-08,1,Changed mind,1,92.66
R004626,OI0029750,2026-05-07,1,Changed mind,1,34.19
R004627,OI0029753,2026-05-21,1,Changed mind,1,116.54
R004628,OI0029768,2026-04-28,1,Changed mind,1,88.93
R004629,OI0029769,2026-05-12,1,Arrived too late,1,51.70
R004630,OI0029772,2026-07-09,1,Not as described,1,66.55
R004631,OI0029773,2026-07-09,1,Wrong size,1,78.15
R004632,OI0029775,2026-07-10,1,Damaged in transit,0,34.19
R004633,OI0029789,2026-05-24,1,Faulty,0,166.85
R004634,OI0029793,2026-05-13,1,Wrong size,1,65.52
R004635,OI0029794,2026-05-17,1,Arrived too late,1,129.93
R004636,OI0029801,2026-05-22,2,Not as described,1,548.88
R004637,OI0029805,2026-05-11,1,Arrived too late,1,111.95
R004638,OI0029808,2026-05-19,1,Wrong size,1,87.02
R004639,OI0029820,2026-05-14,1,Wrong size,1,20.51
R004640,OI0029821,2026-05-21,1,Wrong size,1,134.40
R004641,OI0029836,2026-07-03,1,Wrong size,1,32.59
R004642,OI0029845,2026-05-03,2,Wrong size,1,210.30
R004643,OI0029846,2026-05-01,1,Not as described,1,65.94
R004644,OI0029857,2026-07-07,1,Wrong size,1,118.62
R004645,OI0029859,2026-06-30,1,Changed mind,1,87.34
R004646,OI0029866,2026-06-27,1,Wrong size,1,472.93
R004647,OI0029870,2026-05-06,1,Wrong size,1,208.44
R004648,OI0029882,2026-05-19,1,Changed mind,1,81.88
R004649,OI0029898,2026-05-16,1,Damaged in transit,0,38.97
R004650,OI0029904,2026-05-21,2,Not as described,1,313.62
R004651,OI0029918,2026-05-06,1,Not as described,1,206.19
R004652,OI0029928,2026-06-28,1,Arrived too late,1,49.85
R004653,OI0029949,2026-05-06,1,Changed mind,1,36.11
R004654,OI0029955,2026-05-20,1,Arrived too late,1,68.52
R004655,OI0029959,2026-05-12,1,Changed mind,1,37.21
R004656,OI0029961,2026-05-27,1,Not as described,1,166.13
R004657,OI0029979,2026-05-21,1,Damaged in transit,0,26.65
R004658,OI0029986,2026-05-25,1,Faulty,0,116.54
R004659,OI0029990,2026-05-26,1,Faulty,0,35.77
R004660,OI0029991,2026-06-28,1,Faulty,0,124.29
R004661,OI0029993,2026-05-19,1,Faulty,0,125.23
R004662,OI0029996,2026-05-25,1,Changed mind,1,62.01
R004663,OI0029997,2026-05-21,1,Changed mind,1,98.30
R004664,OI0030018,2026-07-05,1,Wrong size,1,41.79
R004665,OI0030023,2026-05-13,2,Damaged in transit,0,189.36
R004666,OI0030036,2026-05-15,1,Wrong size,1,125.94
R004667,OI0030037,2026-05-15,1,Wrong size,1,119.88
R004668,OI0030040,2026-05-21,1,Wrong size,1,51.99
R004669,OI0030055,2026-05-08,1,Changed mind,1,437.76
R004670,OI0030060,2026-05-21,1,Changed mind,1,23.27
R004671,OI0030080,2026-05-29,2,Changed mind,1,43.72
R004672,OI0030089,2026-05-30,1,Changed mind,1,131.59
R004673,OI0030099,2026-06-03,1,Wrong size,1,79.99
R004674,OI0030104,2026-05-26,1,Not as described,1,38.97
R004675,OI0030108,2026-05-19,1,Not as described,1,52.72
R004676,OI0030119,2026-06-03,1,Changed mind,1,241.41
R004677,OI0030123,2026-06-20,1,Changed mind,1,31.44
R004678,OI0030136,2026-05-28,4,Not as described,1,364.80
R004679,OI0030152,2026-05-30,1,Not as described,1,98.93
R004680,OI0030168,2026-05-22,1,Arrived too late,1,35.26
R004681,OI0030170,2026-06-04,1,Damaged in transit,0,128.93
R004682,OI0030192,2026-05-13,1,Not as described,1,63.74
R004683,OI0030195,2026-07-16,1,Changed mind,1,79.76
R004684,OI0030198,2026-05-21,1,Faulty,0,174.00
R004685,OI0030204,2026-05-21,1,Arrived too late,1,58.97
R004686,OI0030208,2026-06-05,1,Damaged in transit,0,104.07
R004687,OI0030221,2026-05-16,2,Wrong size,1,167.59
R004688,OI0030226,2026-06-07,2,Changed mind,1,131.88
R004689,OI0030230,2026-05-20,1,Wrong size,1,116.94
R004690,OI0030232,2026-07-02,3,Arrived too late,1,129.54
R004691,OI0030234,2026-05-30,1,Arrived too late,1,125.94
R004692,OI0030236,2026-05-19,1,Wrong size,1,35.49
R004693,OI0030240,2026-05-20,1,Changed mind,1,38.78
R004694,OI0030242,2026-06-05,1,Not as described,1,95.89
R004695,OI0030253,2026-06-04,1,Changed mind,1,106.66
R004696,OI0030254,2026-06-08,1,Changed mind,1,184.72
R004697,OI0030256,2026-06-05,1,Not as described,1,90.94
R004698,OI0030263,2026-05-16,1,Wrong size,1,87.12
R004699,OI0030273,2026-05-31,2,Wrong size,1,91.78
R004700,OI0030283,2026-05-29,1,Changed mind,1,337.55
R004701,OI0030288,2026-05-20,1,Damaged in transit,0,83.78
R004702,OI0030292,2026-06-10,1,Changed mind,1,125.23
R004703,OI0030295,2026-06-08,1,Not as described,1,87.60
R004704,OI0030299,2026-06-07,1,Not as described,1,31.20
R004705,OI0030303,2026-05-29,1,Wrong size,1,82.81
R004706,OI0030313,2026-05-22,1,Not as described,1,113.30
R004707,OI0030322,2026-07-26,1,Not as described,1,93.30
R004708,OI0030334,2026-06-01,1,Changed mind,1,65.52
R004709,OI0030363,2026-06-07,1,Changed mind,1,66.91
R004710,OI0030368,2026-05-26,1,Wrong size,1,73.72
R004711,OI0030373,2026-06-13,1,Not as described,1,97.95
R004712,OI0030374,2026-06-04,1,Damaged in transit,0,194.09
R004713,OI0030383,2026-05-29,1,Arrived too late,1,324.33
R004714,OI0030384,2026-05-25,2,Wrong size,1,292.62
R004715,OI0030386,2026-06-11,1,Not as described,1,79.91
R004716,OI0030387,2026-05-23,1,Not as described,1,28.52
R004717,OI0030388,2026-05-27,2,Arrived too late,1,134.13
R004718,OI0030397,2026-06-04,1,Arrived too late,1,59.52
R004719,OI0030398,2026-05-31,1,Arrived too late,1,40.83
R004720,OI0030399,2026-06-14,1,Not as described,1,32.59
R004721,OI0030402,2026-06-11,1,Changed mind,1,188.43
R004722,OI0030408,2026-06-02,1,Changed mind,1,34.19
R004723,OI0030417,2026-05-25,1,Changed mind,1,27.43
R004724,OI0030418,2026-05-30,1,Wrong size,1,119.88
R004725,OI0030422,2026-06-22,1,Faulty,0,25.64
R004726,OI0030430,2026-05-28,1,Arrived too late,1,41.79
R004727,OI0030432,2026-06-11,1,Damaged in transit,0,51.99
R004728,OI0030434,2026-05-28,1,Wrong size,1,146.30
R004729,OI0030447,2026-06-02,2,Damaged in transit,0,822.44
R004730,OI0030466,2026-06-03,1,Not as described,1,36.53
R004731,OI0030467,2026-06-06,1,Wrong size,1,116.54
R004732,OI0030479,2026-06-15,1,Changed mind,1,79.76
R004733,OI0030489,2026-07-12,1,Damaged in transit,0,83.50
R004734,OI0030494,2026-06-18,1,Not as described,1,128.17
R004735,OI0030513,2026-06-11,1,Wrong size,1,125.94
R004736,OI0030529,2026-06-14,1,Wrong size,1,129.93
R004737,OI0030531,2026-05-29,1,Arrived too late,1,91.29
R004738,OI0030535,2026-05-28,1,Damaged in transit,0,284.35
R004739,OI0030537,2026-06-05,1,Changed mind,1,111.95
R004740,OI0030539,2026-06-17,1,Not as described,1,49.85
R004741,OI0030547,2026-06-15,1,Damaged in transit,0,113.30
R004742,OI0030549,2026-06-04,1,Damaged in transit,0,107.20
R004743,OI0030558,2026-05-30,1,Damaged in transit,0,25.56
R004744,OI0030562,2026-07-08,1,Changed mind,1,116.54
R004745,OI0030573,2026-05-29,3,Changed mind,1,85.95
R004746,OI0030580,2026-07-03,1,Wrong size,1,33.23
R004747,OI0030604,2026-06-10,1,Arrived too late,1,83.39
R004748,OI0030606,2026-06-06,1,Damaged in transit,0,51.74
R004749,OI0030613,2026-06-17,1,Damaged in transit,0,22.23
R004750,OI0030627,2026-06-10,1,Arrived too late,1,97.80
R004751,OI0030633,2026-06-16,1,Damaged in transit,0,94.68
R004752,OI0030646,2026-06-13,1,Damaged in transit,0,105.15
R004753,OI0030658,2026-06-13,1,Changed mind,1,211.86
R004754,OI0030665,2026-06-21,1,Wrong size,1,190.06
R004755,OI0030700,2026-06-26,1,Wrong size,1,44.35
R004756,OI0030709,2026-06-20,1,Wrong size,1,104.32
R004757,OI0030742,2026-06-20,1,Wrong size,1,290.67
R004758,OI0030743,2026-06-13,1,Not as described,1,169.52
R004759,OI0030746,2026-06-18,1,Arrived too late,1,144.42
R004760,OI0030748,2026-06-10,1,Changed mind,1,20.22
R004761,OI0030749,2026-06-21,1,Not as described,1,33.94
R004762,OI0030750,2026-07-02,1,Damaged in transit,0,235.91
R004763,OI0030755,2026-06-27,1,Damaged in transit,0,83.39
R004764,OI0030765,2026-06-18,1,Changed mind,1,58.95
R004765,OI0030789,2026-06-18,2,Wrong size,1,388.18
R004766,OI0030790,2026-06-21,2,Changed mind,1,47.20
R004767,OI0030791,2026-06-20,1,Damaged in transit,0,180.08
R004768,OI0030792,2026-06-19,2,Faulty,0,67.88
R004769,OI0030799,2026-06-18,1,Arrived too late,1,54.64
R004770,OI0030805,2026-06-03,1,Changed mind,1,94.71
R004771,OI0030810,2026-06-15,1,Wrong size,1,66.65
R004772,OI0030813,2026-06-07,1,Changed mind,1,116.54
R004773,OI0030819,2026-06-24,1,Changed mind,1,235.91
R004774,OI0030820,2026-06-06,1,Damaged in transit,0,164.80
R004775,OI0030824,2026-07-05,1,Damaged in transit,0,27.43
R004776,OI0030832,2026-06-23,1,Wrong size,1,85.60
