subscription_id,customer_id,plan_id,billing_period,seats,discount_pct,start_date,end_date,end_reason,churn_type,churn_reason
SUB-00001-00,CUS-00001,PLN-GROWTH,monthly,37,0.0,2023-01-01,2023-04-01,churn,voluntary,Poor support experience
SUB-00001-01,CUS-00001,PLN-GROWTH,monthly,24,0.0,2023-11-01,2024-01-01,churn,involuntary,Payment failure
SUB-00002-00,CUS-00002,PLN-GROWTH,monthly,44,0.05,2023-01-01,2023-03-01,churn,voluntary,Company acquired or closed
SUB-00003-00,CUS-00003,PLN-GROWTH,monthly,13,0.0,2023-01-01,2023-04-01,churn,voluntary,Price / budget cuts
SUB-00004-00,CUS-00004,PLN-STARTER,monthly,4,0.007,2023-01-01,2023-03-01,plan_change,,
SUB-00004-01,CUS-00004,PLN-STARTER,monthly,5,0.007,2023-03-01,2024-03-01,churn,voluntary,Poor support experience
SUB-00005-00,CUS-00005,PLN-STARTER,monthly,2,0.004,2023-01-01,2023-02-01,churn,voluntary,Low adoption
SUB-00006-00,CUS-00006,PLN-GROWTH,monthly,14,0.0,2023-01-01,2024-01-01,plan_change,,
SUB-00006-01,CUS-00006,PLN-STARTER,monthly,8,0.0,2024-01-01,,,,
SUB-00007-00,CUS-00007,PLN-SCALE,monthly,158,0.012,2023-01-01,2023-05-01,plan_change,,
SUB-00007-01,CUS-00007,PLN-SCALE,monthly,128,0.012,2023-05-01,2023-08-01,plan_change,,
SUB-00007-02,CUS-00007,PLN-SCALE,monthly,166,0.012,2023-08-01,2025-01-01,plan_change,,
SUB-00007-03,CUS-00007,PLN-SCALE,monthly,148,0.012,2025-01-01,2025-06-01,plan_change,,
SUB-00007-04,CUS-00007,PLN-SCALE,monthly,169,0.012,2025-06-01,2025-08-01,plan_change,,
SUB-00007-05,CUS-00007,PLN-SCALE,monthly,136,0.012,2025-08-01,,,,
SUB-00008-00,CUS-00008,PLN-GROWTH,monthly,11,0.029,2023-01-01,2023-05-01,plan_change,,
SUB-00008-01,CUS-00008,PLN-GROWTH,monthly,15,0.029,2023-05-01,2024-02-01,churn,voluntary,Price / budget cuts
SUB-00008-02,CUS-00008,PLN-GROWTH,monthly,12,0.029,2024-10-01,2025-09-01,plan_change,,
SUB-00008-03,CUS-00008,PLN-GROWTH,monthly,13,0.029,2025-09-01,2026-02-01,plan_change,,
SUB-00008-04,CUS-00008,PLN-GROWTH,monthly,17,0.029,2026-02-01,,,,
SUB-00009-00,CUS-00009,PLN-STARTER,monthly,3,0.0,2023-01-01,2023-03-01,plan_change,,
SUB-00009-01,CUS-00009,PLN-STARTER,monthly,4,0.0,2023-03-01,2023-07-01,churn,voluntary,Poor support experience
SUB-00010-00,CUS-00010,PLN-GROWTH,annual,49,0.135,2023-01-01,2023-09-01,plan_change,,
SUB-00010-01,CUS-00010,PLN-GROWTH,annual,70,0.135,2023-09-01,2024-01-01,plan_change,,
SUB-00010-02,CUS-00010,PLN-GROWTH,annual,42,0.135,2024-01-01,2025-03-01,plan_change,,
SUB-00010-03,CUS-00010,PLN-GROWTH,annual,53,0.135,2025-03-01,2025-11-01,plan_change,,
SUB-00010-04,CUS-00010,PLN-GROWTH,annual,31,0.135,2025-11-01,2026-08-01,plan_change,,
SUB-00010-05,CUS-00010,PLN-GROWTH,annual,41,0.135,2026-08-01,,,,
SUB-00011-00,CUS-00011,PLN-GROWTH,annual,39,0.08,2023-01-01,2023-03-01,plan_change,,
SUB-00011-01,CUS-00011,PLN-GROWTH,annual,52,0.08,2023-03-01,2024-05-01,plan_change,,
SUB-00011-02,CUS-00011,PLN-GROWTH,annual,56,0.08,2024-05-01,2025-01-01,plan_change,,
SUB-00011-03,CUS-00011,PLN-GROWTH,annual,66,0.08,2025-01-01,2025-08-01,plan_change,,
SUB-00011-04,CUS-00011,PLN-GROWTH,annual,42,0.08,2025-08-01,2026-01-01,churn,voluntary,Price / budget cuts
SUB-00011-05,CUS-00011,PLN-GROWTH,annual,33,0.08,2026-04-01,,,,
SUB-00012-00,CUS-00012,PLN-SCALE,annual,93,0.178,2023-01-01,2023-08-01,plan_change,,
SUB-00012-01,CUS-00012,PLN-SCALE,annual,115,0.178,2023-08-01,2023-09-01,plan_change,,
SUB-00012-02,CUS-00012,PLN-SCALE,annual,162,0.178,2023-09-01,2025-01-01,plan_change,,
SUB-00012-03,CUS-00012,PLN-SCALE,annual,197,0.178,2025-01-01,2026-02-01,plan_change,,
SUB-00012-04,CUS-00012,PLN-SCALE,annual,113,0.178,2026-02-01,,,,
SUB-00013-00,CUS-00013,PLN-ENTERPRISE,annual,506,0.251,2023-01-01,2023-03-01,plan_change,,
SUB-00013-01,CUS-00013,PLN-ENTERPRISE,annual,718,0.251,2023-03-01,2023-10-01,plan_change,,
SUB-00013-02,CUS-00013,PLN-ENTERPRISE,annual,845,0.251,2023-10-01,2024-05-01,plan_change,,
SUB-00013-03,CUS-00013,PLN-ENTERPRISE,annual,905,0.251,2024-05-01,2024-08-01,plan_change,,
SUB-00013-04,CUS-00013,PLN-ENTERPRISE,annual,1119,0.251,2024-08-01,2025-06-01,plan_change,,
SUB-00013-05,CUS-00013,PLN-ENTERPRISE,annual,1255,0.251,2025-06-01,2025-08-01,plan_change,,
SUB-00013-06,CUS-00013,PLN-ENTERPRISE,annual,1440,0.251,2025-08-01,2025-10-01,plan_change,,
SUB-00013-07,CUS-00013,PLN-ENTERPRISE,annual,1796,0.251,2025-10-01,2025-12-01,plan_change,,
SUB-00013-08,CUS-00013,PLN-ENTERPRISE,annual,2214,0.251,2025-12-01,2026-01-01,plan_change,,
SUB-00013-09,CUS-00013,PLN-ENTERPRISE,annual,1250,0.251,2026-01-01,2026-03-01,plan_change,,
SUB-00013-10,CUS-00013,PLN-ENTERPRISE,annual,979,0.251,2026-03-01,,,,
SUB-00014-00,CUS-00014,PLN-GROWTH,monthly,18,0.061,2023-01-01,2023-05-01,churn,voluntary,Low adoption
SUB-00015-00,CUS-00015,PLN-GROWTH,monthly,29,0.005,2023-01-01,2023-03-01,plan_change,,
SUB-00015-01,CUS-00015,PLN-GROWTH,monthly,34,0.005,2023-03-01,2024-02-01,plan_change,,
SUB-00015-02,CUS-00015,PLN-GROWTH,monthly,43,0.005,2024-02-01,2024-06-01,plan_change,,
SUB-00015-03,CUS-00015,PLN-GROWTH,monthly,49,0.005,2024-06-01,2025-01-01,plan_change,,
SUB-00015-04,CUS-00015,PLN-GROWTH,monthly,41,0.005,2025-01-01,2025-06-01,plan_change,,
SUB-00015-05,CUS-00015,PLN-GROWTH,monthly,57,0.005,2025-06-01,2025-07-01,plan_change,,
SUB-00015-06,CUS-00015,PLN-GROWTH,monthly,79,0.005,2025-07-01,2026-07-01,plan_change,,
SUB-00015-07,CUS-00015,PLN-SCALE,monthly,114,0.005,2026-07-01,2026-08-01,plan_change,,
SUB-00015-08,CUS-00015,PLN-SCALE,monthly,127,0.005,2026-08-01,,,,
SUB-00016-00,CUS-00016,PLN-STARTER,monthly,3,0.038,2023-02-01,2023-06-01,churn,voluntary,Missing functionality
SUB-00017-00,CUS-00017,PLN-SCALE,annual,45,0.211,2023-02-01,2023-05-01,plan_change,,
SUB-00017-01,CUS-00017,PLN-SCALE,annual,64,0.211,2023-05-01,2023-06-01,churn,voluntary,Missing functionality
SUB-00018-00,CUS-00018,PLN-SCALE,monthly,58,0.164,2023-02-01,2023-12-01,plan_change,,
SUB-00018-01,CUS-00018,PLN-SCALE,monthly,77,0.164,2023-12-01,2024-02-01,plan_change,,
SUB-00018-02,CUS-00018,PLN-SCALE,monthly,57,0.164,2024-02-01,2025-08-01,plan_change,,
SUB-00018-03,CUS-00018,PLN-SCALE,monthly,63,0.164,2025-08-01,2025-09-01,plan_change,,
SUB-00018-04,CUS-00018,PLN-SCALE,monthly,80,0.164,2025-09-01,2025-12-01,plan_change,,
SUB-00018-05,CUS-00018,PLN-SCALE,monthly,87,0.164,2025-12-01,2026-02-01,plan_change,,
SUB-00018-06,CUS-00018,PLN-SCALE,monthly,122,0.164,2026-02-01,2026-05-01,plan_change,,
SUB-00018-07,CUS-00018,PLN-SCALE,monthly,146,0.164,2026-05-01,,,,
SUB-00019-00,CUS-00019,PLN-SCALE,monthly,50,0.046,2023-02-01,2023-04-01,churn,voluntary,Switched to competitor
SUB-00020-00,CUS-00020,PLN-SCALE,monthly,78,0.095,2023-02-01,2023-06-01,plan_change,,
SUB-00020-01,CUS-00020,PLN-SCALE,monthly,66,0.095,2023-06-01,2024-12-01,plan_change,,
SUB-00020-02,CUS-00020,PLN-SCALE,monthly,72,0.095,2024-12-01,2025-05-01,plan_change,,
SUB-00020-03,CUS-00020,PLN-SCALE,monthly,48,0.095,2025-05-01,2025-08-01,plan_change,,
SUB-00020-04,CUS-00020,PLN-GROWTH,monthly,36,0.095,2025-08-01,2025-09-01,churn,voluntary,Switched to competitor
SUB-00021-00,CUS-00021,PLN-SCALE,monthly,55,0.103,2023-02-01,2023-07-01,plan_change,,
SUB-00021-01,CUS-00021,PLN-SCALE,monthly,72,0.103,2023-07-01,2023-09-01,plan_change,,
SUB-00021-02,CUS-00021,PLN-SCALE,monthly,57,0.103,2023-09-01,2024-04-01,plan_change,,
SUB-00021-03,CUS-00021,PLN-SCALE,monthly,82,0.103,2024-04-01,2024-10-01,plan_change,,
SUB-00021-04,CUS-00021,PLN-SCALE,monthly,100,0.103,2024-10-01,2025-01-01,plan_change,,
SUB-00021-05,CUS-00021,PLN-SCALE,monthly,130,0.103,2025-01-01,2025-11-01,plan_change,,
SUB-00021-06,CUS-00021,PLN-SCALE,monthly,167,0.103,2025-11-01,2026-02-01,plan_change,,
SUB-00021-07,CUS-00021,PLN-SCALE,monthly,202,0.103,2026-02-01,2026-06-01,plan_change,,
SUB-00021-08,CUS-00021,PLN-SCALE,monthly,233,0.103,2026-06-01,,,,
SUB-00022-00,CUS-00022,PLN-GROWTH,monthly,18,0.079,2023-02-01,2023-04-01,plan_change,,
SUB-00022-01,CUS-00022,PLN-GROWTH,monthly,24,0.079,2023-04-01,2023-06-01,plan_change,,
SUB-00022-02,CUS-00022,PLN-GROWTH,monthly,34,0.079,2023-06-01,2024-09-01,churn,voluntary,Switched to competitor
SUB-00023-00,CUS-00023,PLN-ENTERPRISE,annual,521,0.241,2023-02-01,2023-09-01,plan_change,,
SUB-00023-01,CUS-00023,PLN-ENTERPRISE,annual,291,0.241,2023-09-01,2024-02-01,plan_change,,
SUB-00023-02,CUS-00023,PLN-ENTERPRISE,annual,335,0.241,2024-02-01,2024-07-01,plan_change,,
SUB-00023-03,CUS-00023,PLN-ENTERPRISE,annual,379,0.241,2024-07-01,2025-10-01,plan_change,,
SUB-00023-04,CUS-00023,PLN-ENTERPRISE,annual,454,0.241,2025-10-01,2025-11-01,plan_change,,
SUB-00023-05,CUS-00023,PLN-ENTERPRISE,annual,385,0.241,2025-11-01,2026-02-01,plan_change,,
SUB-00023-06,CUS-00023,PLN-ENTERPRISE,annual,515,0.241,2026-02-01,2026-08-01,plan_change,,
SUB-00023-07,CUS-00023,PLN-ENTERPRISE,annual,716,0.241,2026-08-01,,,,
SUB-00024-00,CUS-00024,PLN-STARTER,monthly,6,0.048,2023-02-01,2023-10-01,plan_change,,
SUB-00024-01,CUS-00024,PLN-STARTER,monthly,7,0.048,2023-10-01,2024-07-01,plan_change,,
SUB-00024-02,CUS-00024,PLN-STARTER,monthly,6,0.048,2024-07-01,2026-02-01,plan_change,,
SUB-00024-03,CUS-00024,PLN-STARTER,monthly,7,0.048,2026-02-01,2026-07-01,plan_change,,
SUB-00024-04,CUS-00024,PLN-STARTER,monthly,6,0.048,2026-07-01,,,,
SUB-00025-00,CUS-00025,PLN-GROWTH,monthly,15,0.0,2023-02-01,2023-06-01,plan_change,,
SUB-00025-01,CUS-00025,PLN-GROWTH,monthly,18,0.0,2023-06-01,2023-12-01,churn,voluntary,Missing functionality
SUB-00026-00,CUS-00026,PLN-GROWTH,monthly,45,0.04,2023-02-01,2023-09-01,plan_change,,
SUB-00026-01,CUS-00026,PLN-GROWTH,monthly,63,0.04,2023-09-01,2024-10-01,plan_change,,
SUB-00026-02,CUS-00026,PLN-GROWTH,monthly,38,0.04,2024-10-01,2024-11-01,plan_change,,
SUB-00026-03,CUS-00026,PLN-GROWTH,monthly,48,0.04,2024-11-01,2025-05-01,plan_change,,
SUB-00026-04,CUS-00026,PLN-GROWTH,monthly,64,0.04,2025-05-01,,,,
SUB-00027-00,CUS-00027,PLN-GROWTH,monthly,10,0.074,2023-02-01,2023-12-01,churn,voluntary,Poor support experience
SUB-00028-00,CUS-00028,PLN-SCALE,monthly,141,0.033,2023-02-01,2023-08-01,plan_change,,
SUB-00028-01,CUS-00028,PLN-SCALE,monthly,124,0.033,2023-08-01,2024-11-01,plan_change,,
SUB-00028-02,CUS-00028,PLN-SCALE,monthly,154,0.033,2024-11-01,2025-01-01,plan_change,,
SUB-00028-03,CUS-00028,PLN-SCALE,monthly,116,0.033,2025-01-01,2025-11-01,plan_change,,
SUB-00028-04,CUS-00028,PLN-SCALE,monthly,168,0.033,2025-11-01,2026-05-01,plan_change,,
SUB-00028-05,CUS-00028,PLN-SCALE,monthly,242,0.033,2026-05-01,,,,
SUB-00029-00,CUS-00029,PLN-SCALE,annual,92,0.124,2023-02-01,2023-09-01,churn,voluntary,Poor support experience
SUB-00030-00,CUS-00030,PLN-STARTER,monthly,3,0.078,2023-02-01,2023-12-01,plan_change,,
SUB-00030-01,CUS-00030,PLN-STARTER,monthly,4,0.078,2023-12-01,2025-03-01,plan_change,,
SUB-00030-02,CUS-00030,PLN-STARTER,monthly,5,0.078,2025-03-01,,,,
SUB-00031-00,CUS-00031,PLN-GROWTH,monthly,28,0.035,2023-02-01,2023-09-01,churn,involuntary,Payment failure
SUB-00032-00,CUS-00032,PLN-GROWTH,annual,34,0.142,2023-02-01,2023-12-01,plan_change,,
SUB-00032-01,CUS-00032,PLN-GROWTH,annual,45,0.142,2023-12-01,2024-05-01,plan_change,,
SUB-00032-02,CUS-00032,PLN-GROWTH,annual,54,0.142,2024-05-01,2025-01-01,plan_change,,
SUB-00032-03,CUS-00032,PLN-GROWTH,annual,64,0.142,2025-01-01,2025-02-01,churn,voluntary,Low adoption
SUB-00033-00,CUS-00033,PLN-STARTER,annual,6,0.178,2023-02-01,2023-05-01,plan_change,,
SUB-00033-01,CUS-00033,PLN-STARTER,annual,8,0.178,2023-05-01,2023-12-01,plan_change,,
SUB-00033-02,CUS-00033,PLN-STARTER,annual,9,0.178,2023-12-01,2024-07-01,plan_change,,
SUB-00033-03,CUS-00033,PLN-STARTER,annual,5,0.178,2024-07-01,2026-05-01,plan_change,,
SUB-00033-04,CUS-00033,PLN-STARTER,annual,3,0.178,2026-05-01,,,,
SUB-00034-00,CUS-00034,PLN-GROWTH,monthly,11,0.065,2023-03-01,2024-09-01,plan_change,,
SUB-00034-01,CUS-00034,PLN-GROWTH,monthly,12,0.065,2024-09-01,2025-10-01,plan_change,,
SUB-00034-02,CUS-00034,PLN-GROWTH,monthly,17,0.065,2025-10-01,2025-11-01,churn,voluntary,Missing functionality
SUB-00035-00,CUS-00035,PLN-GROWTH,monthly,31,0.077,2023-03-01,2023-11-01,churn,voluntary,Poor support experience
SUB-00036-00,CUS-00036,PLN-GROWTH,monthly,44,0.055,2023-03-01,2023-05-01,plan_change,,
SUB-00036-01,CUS-00036,PLN-GROWTH,monthly,31,0.055,2023-05-01,2023-10-01,churn,voluntary,Company acquired or closed
SUB-00037-00,CUS-00037,PLN-ENTERPRISE,annual,172,0.213,2023-03-01,2023-07-01,plan_change,,
SUB-00037-01,CUS-00037,PLN-ENTERPRISE,annual,192,0.213,2023-07-01,2023-11-01,plan_change,,
SUB-00037-02,CUS-00037,PLN-ENTERPRISE,annual,222,0.213,2023-11-01,2024-01-01,plan_change,,
SUB-00037-03,CUS-00037,PLN-ENTERPRISE,annual,197,0.213,2024-01-01,2024-09-01,plan_change,,
SUB-00037-04,CUS-00037,PLN-SCALE,annual,135,0.213,2024-09-01,2025-04-01,churn,involuntary,Payment failure
SUB-00038-00,CUS-00038,PLN-GROWTH,monthly,44,0.032,2023-03-01,2023-12-01,plan_change,,
SUB-00038-01,CUS-00038,PLN-GROWTH,monthly,48,0.032,2023-12-01,2024-04-01,plan_change,,
SUB-00038-02,CUS-00038,PLN-GROWTH,monthly,56,0.032,2024-04-01,2024-05-01,plan_change,,
SUB-00038-03,CUS-00038,PLN-GROWTH,monthly,40,0.032,2024-05-01,2026-01-01,churn,voluntary,Price / budget cuts
SUB-00039-00,CUS-00039,PLN-STARTER,monthly,5,0.06,2023-03-01,2023-04-01,plan_change,,
SUB-00039-01,CUS-00039,PLN-STARTER,monthly,6,0.06,2023-04-01,2023-07-01,plan_change,,
SUB-00039-02,CUS-00039,PLN-STARTER,monthly,3,0.06,2023-07-01,2023-09-01,plan_change,,
SUB-00039-03,CUS-00039,PLN-STARTER,monthly,4,0.06,2023-09-01,2023-11-01,churn,involuntary,Payment failure
SUB-00040-00,CUS-00040,PLN-GROWTH,monthly,26,0.0,2023-03-01,2023-11-01,churn,voluntary,Missing functionality
SUB-00041-00,CUS-00041,PLN-ENTERPRISE,monthly,479,0.136,2023-03-01,2024-05-01,plan_change,,
SUB-00041-01,CUS-00041,PLN-ENTERPRISE,monthly,375,0.136,2024-05-01,2024-06-01,plan_change,,
SUB-00041-02,CUS-00041,PLN-ENTERPRISE,monthly,524,0.136,2024-06-01,2025-06-01,churn,involuntary,Payment failure
SUB-00042-00,CUS-00042,PLN-GROWTH,monthly,16,0.018,2023-03-01,2024-01-01,plan_change,,
SUB-00042-01,CUS-00042,PLN-GROWTH,monthly,21,0.018,2024-01-01,2024-02-01,churn,involuntary,Payment failure
SUB-00043-00,CUS-00043,PLN-STARTER,annual,10,0.172,2023-03-01,2024-06-01,plan_change,,
SUB-00043-01,CUS-00043,PLN-STARTER,annual,12,0.172,2024-06-01,2025-01-01,plan_change,,
SUB-00043-02,CUS-00043,PLN-STARTER,annual,11,0.172,2025-01-01,2025-08-01,plan_change,,
SUB-00043-03,CUS-00043,PLN-STARTER,annual,13,0.172,2025-08-01,2025-09-01,plan_change,,
SUB-00043-04,CUS-00043,PLN-STARTER,annual,7,0.172,2025-09-01,2025-11-01,plan_change,,
SUB-00043-05,CUS-00043,PLN-STARTER,annual,9,0.172,2025-11-01,,,,
SUB-00044-00,CUS-00044,PLN-GROWTH,monthly,22,0.035,2023-03-01,2024-03-01,churn,voluntary,Price / budget cuts
SUB-00045-00,CUS-00045,PLN-GROWTH,monthly,19,0.081,2023-03-01,2024-01-01,churn,voluntary,Price / budget cuts
SUB-00046-00,CUS-00046,PLN-STARTER,monthly,4,0.0,2023-03-01,2023-09-01,churn,involuntary,Payment failure
SUB-00047-00,CUS-00047,PLN-STARTER,monthly,4,0.003,2023-03-01,2024-01-01,churn,voluntary,Price / budget cuts
SUB-00047-01,CUS-00047,PLN-STARTER,monthly,4,0.003,2024-09-01,2024-12-01,churn,voluntary,Missing functionality
SUB-00048-00,CUS-00048,PLN-GROWTH,monthly,15,0.07,2023-03-01,2024-03-01,plan_change,,
SUB-00048-01,CUS-00048,PLN-GROWTH,monthly,20,0.07,2024-03-01,2025-04-01,plan_change,,
SUB-00048-02,CUS-00048,PLN-GROWTH,monthly,17,0.07,2025-04-01,2025-11-01,plan_change,,
SUB-00048-03,CUS-00048,PLN-GROWTH,monthly,11,0.07,2025-11-01,2026-05-01,plan_change,,
SUB-00048-04,CUS-00048,PLN-STARTER,monthly,8,0.07,2026-05-01,2026-07-01,churn,involuntary,Payment failure
SUB-00049-00,CUS-00049,PLN-GROWTH,monthly,25,0.001,2023-03-01,2023-11-01,plan_change,,
SUB-00049-01,CUS-00049,PLN-GROWTH,monthly,34,0.001,2023-11-01,2023-12-01,plan_change,,
SUB-00049-02,CUS-00049,PLN-GROWTH,monthly,38,0.001,2023-12-01,2024-07-01,plan_change,,
SUB-00049-03,CUS-00049,PLN-GROWTH,monthly,55,0.001,2024-07-01,2025-10-01,plan_change,,
SUB-00049-04,CUS-00049,PLN-GROWTH,monthly,41,0.001,2025-10-01,2025-11-01,churn,involuntary,Payment failure
SUB-00050-00,CUS-00050,PLN-SCALE,monthly,160,0.109,2023-03-01,2023-11-01,plan_change,,
SUB-00050-01,CUS-00050,PLN-SCALE,monthly,186,0.109,2023-11-01,2024-07-01,churn,voluntary,Low adoption
SUB-00051-00,CUS-00051,PLN-GROWTH,monthly,16,0.046,2023-03-01,2023-07-01,plan_change,,
SUB-00051-01,CUS-00051,PLN-GROWTH,monthly,19,0.046,2023-07-01,2024-10-01,plan_change,,
SUB-00051-02,CUS-00051,PLN-GROWTH,monthly,22,0.046,2024-10-01,2024-11-01,churn,voluntary,Missing functionality
SUB-00052-00,CUS-00052,PLN-STARTER,annual,2,0.117,2023-04-01,2025-02-01,plan_change,,
SUB-00052-01,CUS-00052,PLN-STARTER,annual,3,0.117,2025-02-01,2025-04-01,plan_change,,
SUB-00052-02,CUS-00052,PLN-STARTER,annual,4,0.117,2025-04-01,2025-07-01,plan_change,,
SUB-00052-03,CUS-00052,PLN-STARTER,annual,3,0.117,2025-07-01,2025-08-01,plan_change,,
SUB-00052-04,CUS-00052,PLN-STARTER,annual,4,0.117,2025-08-01,2026-03-01,plan_change,,
SUB-00052-05,CUS-00052,PLN-STARTER,annual,5,0.117,2026-03-01,2026-07-01,plan_change,,
SUB-00052-06,CUS-00052,PLN-STARTER,annual,4,0.117,2026-07-01,,,,
SUB-00053-00,CUS-00053,PLN-STARTER,monthly,3,0.0,2023-04-01,2023-10-01,plan_change,,
SUB-00053-01,CUS-00053,PLN-STARTER,monthly,2,0.0,2023-10-01,2024-01-01,churn,voluntary,Price / budget cuts
SUB-00054-00,CUS-00054,PLN-STARTER,monthly,5,0.036,2023-04-01,2023-06-01,plan_change,,
SUB-00054-01,CUS-00054,PLN-STARTER,monthly,6,0.036,2023-06-01,2024-03-01,plan_change,,
SUB-00054-02,CUS-00054,PLN-STARTER,monthly,8,0.036,2024-03-01,2024-04-01,plan_change,,
SUB-00054-03,CUS-00054,PLN-STARTER,monthly,10,0.036,2024-04-01,2024-06-01,plan_change,,
SUB-00054-04,CUS-00054,PLN-STARTER,monthly,6,0.036,2024-06-01,2024-08-01,plan_change,,
SUB-00054-05,CUS-00054,PLN-STARTER,monthly,8,0.036,2024-08-01,2026-05-01,churn,involuntary,Payment failure
SUB-00055-00,CUS-00055,PLN-GROWTH,monthly,24,0.069,2023-04-01,2023-05-01,churn,voluntary,Low adoption
SUB-00056-00,CUS-00056,PLN-SCALE,annual,170,0.202,2023-04-01,2024-04-01,plan_change,,
SUB-00056-01,CUS-00056,PLN-SCALE,annual,218,0.202,2024-04-01,2024-09-01,plan_change,,
SUB-00056-02,CUS-00056,PLN-SCALE,annual,290,0.202,2024-09-01,2025-10-01,plan_change,,
SUB-00056-03,CUS-00056,PLN-SCALE,annual,329,0.202,2025-10-01,2025-11-01,plan_change,,
SUB-00056-04,CUS-00056,PLN-ENTERPRISE,annual,452,0.202,2025-11-01,2025-12-01,plan_change,,
SUB-00056-05,CUS-00056,PLN-ENTERPRISE,annual,355,0.202,2025-12-01,2026-03-01,plan_change,,
SUB-00056-06,CUS-00056,PLN-ENTERPRISE,annual,386,0.202,2026-03-01,,,,
SUB-00057-00,CUS-00057,PLN-GROWTH,monthly,25,0.004,2023-04-01,2024-04-01,plan_change,,
SUB-00057-01,CUS-00057,PLN-GROWTH,monthly,28,0.004,2024-04-01,2024-08-01,plan_change,,
SUB-00057-02,CUS-00057,PLN-GROWTH,monthly,32,0.004,2024-08-01,2025-10-01,plan_change,,
SUB-00057-03,CUS-00057,PLN-GROWTH,monthly,20,0.004,2025-10-01,2025-11-01,plan_change,,
SUB-00057-04,CUS-00057,PLN-GROWTH,monthly,18,0.004,2025-11-01,2026-06-01,plan_change,,
SUB-00057-05,CUS-00057,PLN-GROWTH,monthly,12,0.004,2026-06-01,,,,
SUB-00058-00,CUS-00058,PLN-SCALE,monthly,100,0.153,2023-04-01,2024-09-01,plan_change,,
SUB-00058-01,CUS-00058,PLN-SCALE,monthly,134,0.153,2024-09-01,2024-11-01,plan_change,,
SUB-00058-02,CUS-00058,PLN-SCALE,monthly,156,0.153,2024-11-01,2025-03-01,plan_change,,
SUB-00058-03,CUS-00058,PLN-SCALE,monthly,134,0.153,2025-03-01,2025-11-01,churn,involuntary,Payment failure
SUB-00059-00,CUS-00059,PLN-STARTER,monthly,6,0.045,2023-04-01,2023-05-01,churn,voluntary,Price / budget cuts
SUB-00060-00,CUS-00060,PLN-STARTER,monthly,6,0.079,2023-04-01,2024-01-01,plan_change,,
SUB-00060-01,CUS-00060,PLN-STARTER,monthly,8,0.079,2024-01-01,2024-10-01,churn,voluntary,Company acquired or closed
SUB-00061-00,CUS-00061,PLN-STARTER,monthly,2,0.038,2023-04-01,2023-05-01,churn,involuntary,Payment failure
SUB-00062-00,CUS-00062,PLN-SCALE,annual,121,0.164,2023-04-01,2023-10-01,plan_change,,
SUB-00062-01,CUS-00062,PLN-SCALE,annual,160,0.164,2023-10-01,2024-03-01,plan_change,,
SUB-00062-02,CUS-00062,PLN-SCALE,annual,96,0.164,2024-03-01,2024-06-01,plan_change,,
SUB-00062-03,CUS-00062,PLN-SCALE,annual,127,0.164,2024-06-01,2025-01-01,plan_change,,
SUB-00062-04,CUS-00062,PLN-SCALE,annual,183,0.164,2025-01-01,2025-06-01,plan_change,,
SUB-00062-05,CUS-00062,PLN-SCALE,annual,231,0.164,2025-06-01,2026-01-01,plan_change,,
SUB-00062-06,CUS-00062,PLN-SCALE,annual,270,0.164,2026-01-01,,,,
SUB-00063-00,CUS-00063,PLN-SCALE,monthly,98,0.04,2023-04-01,2024-01-01,plan_change,,
SUB-00063-01,CUS-00063,PLN-SCALE,monthly,80,0.04,2024-01-01,2024-09-01,churn,involuntary,Payment failure
SUB-00064-00,CUS-00064,PLN-STARTER,monthly,3,0.025,2023-04-01,2023-10-01,churn,voluntary,Price / budget cuts
SUB-00065-00,CUS-00065,PLN-GROWTH,monthly,34,0.006,2023-04-01,2023-08-01,churn,voluntary,Switched to competitor
SUB-00066-00,CUS-00066,PLN-STARTER,monthly,9,0.035,2023-04-01,2023-05-01,churn,voluntary,Low adoption
SUB-00067-00,CUS-00067,PLN-GROWTH,annual,20,0.206,2023-04-01,2023-10-01,plan_change,,
SUB-00067-01,CUS-00067,PLN-GROWTH,annual,27,0.206,2023-10-01,2024-05-01,plan_change,,
SUB-00067-02,CUS-00067,PLN-GROWTH,annual,37,0.206,2024-05-01,2025-11-01,plan_change,,
SUB-00067-03,CUS-00067,PLN-GROWTH,annual,39,0.206,2025-11-01,2026-05-01,plan_change,,
SUB-00067-04,CUS-00067,PLN-GROWTH,annual,45,0.206,2026-05-01,,,,
SUB-00068-00,CUS-00068,PLN-SCALE,monthly,106,0.012,2023-05-01,2023-07-01,plan_change,,
SUB-00068-01,CUS-00068,PLN-SCALE,monthly,139,0.012,2023-07-01,2024-06-01,plan_change,,
SUB-00068-02,CUS-00068,PLN-SCALE,monthly,197,0.012,2024-06-01,2025-06-01,plan_change,,
SUB-00068-03,CUS-00068,PLN-SCALE,monthly,227,0.012,2025-06-01,2026-01-01,plan_change,,
SUB-00068-04,CUS-00068,PLN-SCALE,monthly,279,0.012,2026-01-01,2026-03-01,plan_change,,
SUB-00068-05,CUS-00068,PLN-SCALE,monthly,329,0.012,2026-03-01,2026-04-01,plan_change,,
SUB-00068-06,CUS-00068,PLN-SCALE,monthly,292,0.012,2026-04-01,2026-05-01,plan_change,,
SUB-00068-07,CUS-00068,PLN-ENTERPRISE,monthly,380,0.012,2026-05-01,,,,
SUB-00069-00,CUS-00069,PLN-SCALE,annual,161,0.202,2023-05-01,2023-06-01,plan_change,,
SUB-00069-01,CUS-00069,PLN-SCALE,annual,222,0.202,2023-06-01,2023-08-01,plan_change,,
SUB-00069-02,CUS-00069,PLN-SCALE,annual,275,0.202,2023-08-01,2023-11-01,plan_change,,
SUB-00069-03,CUS-00069,PLN-ENTERPRISE,annual,383,0.202,2023-11-01,2024-05-01,plan_change,,
SUB-00069-04,CUS-00069,PLN-ENTERPRISE,annual,499,0.202,2024-05-01,2024-11-01,plan_change,,
SUB-00069-05,CUS-00069,PLN-ENTERPRISE,annual,420,0.202,2024-11-01,2025-08-01,plan_change,,
SUB-00069-06,CUS-00069,PLN-ENTERPRISE,annual,290,0.202,2025-08-01,2025-09-01,plan_change,,
SUB-00069-07,CUS-00069,PLN-ENTERPRISE,annual,413,0.202,2025-09-01,2025-11-01,plan_change,,
SUB-00069-08,CUS-00069,PLN-ENTERPRISE,annual,573,0.202,2025-11-01,2025-12-01,plan_change,,
SUB-00069-09,CUS-00069,PLN-ENTERPRISE,annual,387,0.202,2025-12-01,2026-05-01,plan_change,,
SUB-00069-10,CUS-00069,PLN-ENTERPRISE,annual,427,0.202,2026-05-01,,,,
SUB-00070-00,CUS-00070,PLN-SCALE,annual,127,0.182,2023-05-01,2023-08-01,plan_change,,
SUB-00070-01,CUS-00070,PLN-SCALE,annual,96,0.182,2023-08-01,2024-12-01,plan_change,,
SUB-00070-02,CUS-00070,PLN-SCALE,annual,117,0.182,2024-12-01,2025-01-01,plan_change,,
SUB-00070-03,CUS-00070,PLN-SCALE,annual,69,0.182,2025-01-01,2025-05-01,plan_change,,
SUB-00070-04,CUS-00070,PLN-SCALE,annual,92,0.182,2025-05-01,2025-06-01,churn,involuntary,Payment failure
SUB-00071-00,CUS-00071,PLN-GROWTH,monthly,35,0.111,2023-05-01,2023-11-01,plan_change,,
SUB-00071-01,CUS-00071,PLN-GROWTH,monthly,45,0.111,2023-11-01,2024-07-01,plan_change,,
SUB-00071-02,CUS-00071,PLN-GROWTH,monthly,27,0.111,2024-07-01,2024-10-01,plan_change,,
SUB-00071-03,CUS-00071,PLN-GROWTH,monthly,39,0.111,2024-10-01,2025-01-01,plan_change,,
SUB-00071-04,CUS-00071,PLN-GROWTH,monthly,29,0.111,2025-01-01,2025-06-01,plan_change,,
SUB-00071-05,CUS-00071,PLN-GROWTH,monthly,36,0.111,2025-06-01,2025-12-01,plan_change,,
SUB-00071-06,CUS-00071,PLN-GROWTH,monthly,49,0.111,2025-12-01,2026-06-01,plan_change,,
SUB-00071-07,CUS-00071,PLN-GROWTH,monthly,65,0.111,2026-06-01,,,,
SUB-00072-00,CUS-00072,PLN-GROWTH,monthly,20,0.018,2023-05-01,2023-06-01,plan_change,,
SUB-00072-01,CUS-00072,PLN-GROWTH,monthly,23,0.018,2023-06-01,2024-01-01,plan_change,,
SUB-00072-02,CUS-00072,PLN-GROWTH,monthly,27,0.018,2024-01-01,2024-02-01,plan_change,,
SUB-00072-03,CUS-00072,PLN-GROWTH,monthly,31,0.018,2024-02-01,2024-04-01,plan_change,,
SUB-00072-04,CUS-00072,PLN-GROWTH,monthly,34,0.018,2024-04-01,2025-03-01,plan_change,,
SUB-00072-05,CUS-00072,PLN-GROWTH,monthly,45,0.018,2025-03-01,2026-02-01,plan_change,,
SUB-00072-06,CUS-00072,PLN-GROWTH,monthly,63,0.018,2026-02-01,2026-04-01,plan_change,,
SUB-00072-07,CUS-00072,PLN-GROWTH,monthly,90,0.018,2026-04-01,,,,
SUB-00073-00,CUS-00073,PLN-SCALE,annual,88,0.173,2023-05-01,2023-09-01,plan_change,,
SUB-00073-01,CUS-00073,PLN-SCALE,annual,80,0.173,2023-09-01,2025-02-01,plan_change,,
SUB-00073-02,CUS-00073,PLN-SCALE,annual,101,0.173,2025-02-01,2025-05-01,churn,voluntary,Low adoption
SUB-00074-00,CUS-00074,PLN-GROWTH,annual,34,0.073,2023-05-01,2024-12-01,plan_change,,
SUB-00074-01,CUS-00074,PLN-GROWTH,annual,38,0.073,2024-12-01,2025-10-01,plan_change,,
SUB-00074-02,CUS-00074,PLN-GROWTH,annual,54,0.073,2025-10-01,,,,
SUB-00075-00,CUS-00075,PLN-GROWTH,monthly,14,0.018,2023-05-01,2024-02-01,churn,voluntary,Low adoption
SUB-00076-00,CUS-00076,PLN-GROWTH,monthly,21,0.005,2023-05-01,2023-09-01,churn,voluntary,Price / budget cuts
SUB-00077-00,CUS-00077,PLN-ENTERPRISE,annual,361,0.24,2023-05-01,2023-06-01,plan_change,,
SUB-00077-01,CUS-00077,PLN-ENTERPRISE,annual,316,0.24,2023-06-01,2023-09-01,plan_change,,
SUB-00077-02,CUS-00077,PLN-ENTERPRISE,annual,339,0.24,2023-09-01,2025-01-01,plan_change,,
SUB-00077-03,CUS-00077,PLN-ENTERPRISE,annual,303,0.24,2025-01-01,2025-03-01,plan_change,,
SUB-00077-04,CUS-00077,PLN-ENTERPRISE,annual,395,0.24,2025-03-01,2026-02-01,plan_change,,
SUB-00077-05,CUS-00077,PLN-ENTERPRISE,annual,251,0.24,2026-02-01,,,,
SUB-00078-00,CUS-00078,PLN-GROWTH,monthly,43,0.0,2023-05-01,2024-12-01,churn,voluntary,Missing functionality
SUB-00079-00,CUS-00079,PLN-GROWTH,monthly,16,0.047,2023-05-01,2023-10-01,churn,voluntary,Switched to competitor
SUB-00080-00,CUS-00080,PLN-SCALE,annual,46,0.207,2023-05-01,2024-06-01,plan_change,,
SUB-00080-01,CUS-00080,PLN-SCALE,annual,59,0.207,2024-06-01,2025-05-01,plan_change,,
SUB-00080-02,CUS-00080,PLN-SCALE,annual,69,0.207,2025-05-01,2026-01-01,plan_change,,
SUB-00080-03,CUS-00080,PLN-SCALE,annual,45,0.207,2026-01-01,2026-05-01,plan_change,,
SUB-00080-04,CUS-00080,PLN-GROWTH,annual,27,0.207,2026-05-01,,,,
SUB-00081-00,CUS-00081,PLN-STARTER,monthly,4,0.0,2023-05-01,2023-10-01,plan_change,,
SUB-00081-01,CUS-00081,PLN-STARTER,monthly,5,0.0,2023-10-01,2024-02-01,plan_change,,
SUB-00081-02,CUS-00081,PLN-STARTER,monthly,6,0.0,2024-02-01,2024-10-01,plan_change,,
SUB-00081-03,CUS-00081,PLN-STARTER,monthly,8,0.0,2024-10-01,2025-02-01,plan_change,,
SUB-00081-04,CUS-00081,PLN-STARTER,monthly,7,0.0,2025-02-01,2025-03-01,plan_change,,
SUB-00081-05,CUS-00081,PLN-STARTER,monthly,5,0.0,2025-03-01,2025-09-01,churn,voluntary,Switched to competitor
SUB-00082-00,CUS-00082,PLN-SCALE,annual,145,0.173,2023-05-01,2023-06-01,plan_change,,
SUB-00082-01,CUS-00082,PLN-SCALE,annual,159,0.173,2023-06-01,2024-04-01,plan_change,,
SUB-00082-02,CUS-00082,PLN-SCALE,annual,222,0.173,2024-04-01,2024-07-01,plan_change,,
SUB-00082-03,CUS-00082,PLN-SCALE,annual,148,0.173,2024-07-01,,,,
SUB-00083-00,CUS-00083,PLN-GROWTH,monthly,13,0.013,2023-05-01,2023-06-01,plan_change,,
SUB-00083-01,CUS-00083,PLN-GROWTH,monthly,18,0.013,2023-06-01,2024-11-01,plan_change,,
SUB-00083-02,CUS-00083,PLN-GROWTH,monthly,14,0.013,2024-11-01,2025-01-01,plan_change,,
SUB-00083-03,CUS-00083,PLN-GROWTH,monthly,20,0.013,2025-01-01,2025-02-01,churn,involuntary,Payment failure
SUB-00084-00,CUS-00084,PLN-GROWTH,annual,12,0.156,2023-05-01,2024-05-01,plan_change,,
SUB-00084-01,CUS-00084,PLN-GROWTH,annual,16,0.156,2024-05-01,2025-05-01,plan_change,,
SUB-00084-02,CUS-00084,PLN-GROWTH,annual,21,0.156,2025-05-01,2025-08-01,plan_change,,
SUB-00084-03,CUS-00084,PLN-GROWTH,annual,27,0.156,2025-08-01,2025-12-01,plan_change,,
SUB-00084-04,CUS-00084,PLN-GROWTH,annual,31,0.156,2025-12-01,2026-01-01,plan_change,,
SUB-00084-05,CUS-00084,PLN-GROWTH,annual,36,0.156,2026-01-01,2026-04-01,plan_change,,
SUB-00084-06,CUS-00084,PLN-GROWTH,annual,45,0.156,2026-04-01,,,,
SUB-00085-00,CUS-00085,PLN-GROWTH,monthly,14,0.11,2023-05-01,2023-12-01,plan_change,,
SUB-00085-01,CUS-00085,PLN-GROWTH,monthly,17,0.11,2023-12-01,2024-04-01,plan_change,,
SUB-00085-02,CUS-00085,PLN-GROWTH,monthly,24,0.11,2024-04-01,2024-07-01,plan_change,,
SUB-00085-03,CUS-00085,PLN-GROWTH,monthly,29,0.11,2024-07-01,2024-10-01,plan_change,,
SUB-00085-04,CUS-00085,PLN-GROWTH,monthly,22,0.11,2024-10-01,,,,
SUB-00086-00,CUS-00086,PLN-STARTER,monthly,2,0.0,2023-06-01,2023-08-01,plan_change,,
SUB-00086-01,CUS-00086,PLN-STARTER,monthly,3,0.0,2023-08-01,2023-10-01,plan_change,,
SUB-00086-02,CUS-00086,PLN-STARTER,monthly,2,0.0,2023-10-01,2023-12-01,plan_change,,
SUB-00086-03,CUS-00086,PLN-STARTER,monthly,3,0.0,2023-12-01,2024-11-01,churn,involuntary,Payment failure
SUB-00087-00,CUS-00087,PLN-GROWTH,monthly,14,0.056,2023-06-01,2023-11-01,plan_change,,
SUB-00087-01,CUS-00087,PLN-GROWTH,monthly,18,0.056,2023-11-01,2024-06-01,plan_change,,
SUB-00087-02,CUS-00087,PLN-GROWTH,monthly,15,0.056,2024-06-01,2025-01-01,plan_change,,
SUB-00087-03,CUS-00087,PLN-GROWTH,monthly,21,0.056,2025-01-01,2026-02-01,plan_change,,
SUB-00087-04,CUS-00087,PLN-GROWTH,monthly,23,0.056,2026-02-01,2026-07-01,plan_change,,
SUB-00087-05,CUS-00087,PLN-GROWTH,monthly,33,0.056,2026-07-01,,,,
SUB-00088-00,CUS-00088,PLN-GROWTH,monthly,37,0.045,2023-06-01,2024-04-01,churn,voluntary,Poor support experience
SUB-00089-00,CUS-00089,PLN-STARTER,monthly,7,0.06,2023-06-01,2023-10-01,churn,involuntary,Payment failure
SUB-00090-00,CUS-00090,PLN-GROWTH,monthly,33,0.072,2023-06-01,2023-07-01,churn,involuntary,Payment failure
SUB-00091-00,CUS-00091,PLN-SCALE,monthly,107,0.034,2023-06-01,2023-07-01,churn,voluntary,Switched to competitor
SUB-00092-00,CUS-00092,PLN-STARTER,annual,3,0.114,2023-06-01,2023-11-01,plan_change,,
SUB-00092-01,CUS-00092,PLN-STARTER,annual,4,0.114,2023-11-01,2025-07-01,plan_change,,
SUB-00092-02,CUS-00092,PLN-STARTER,annual,3,0.114,2025-07-01,2026-02-01,plan_change,,
SUB-00092-03,CUS-00092,PLN-STARTER,annual,4,0.114,2026-02-01,2026-07-01,plan_change,,
SUB-00092-04,CUS-00092,PLN-STARTER,annual,5,0.114,2026-07-01,,,,
SUB-00093-00,CUS-00093,PLN-STARTER,annual,6,0.1,2023-06-01,2024-02-01,plan_change,,
SUB-00093-01,CUS-00093,PLN-STARTER,annual,5,0.1,2024-02-01,2024-04-01,plan_change,,
SUB-00093-02,CUS-00093,PLN-STARTER,annual,6,0.1,2024-04-01,2026-03-01,plan_change,,
SUB-00093-03,CUS-00093,PLN-STARTER,annual,4,0.1,2026-03-01,2026-06-01,churn,voluntary,Missing functionality
SUB-00094-00,CUS-00094,PLN-STARTER,monthly,2,0.079,2023-06-01,2026-08-01,churn,voluntary,Price / budget cuts
SUB-00095-00,CUS-00095,PLN-STARTER,monthly,6,0.045,2023-06-01,2023-07-01,plan_change,,
SUB-00095-01,CUS-00095,PLN-STARTER,monthly,8,0.045,2023-07-01,2023-11-01,churn,voluntary,Price / budget cuts
SUB-00096-00,CUS-00096,PLN-GROWTH,annual,20,0.11,2023-06-01,2023-09-01,plan_change,,
SUB-00096-01,CUS-00096,PLN-GROWTH,annual,15,0.11,2023-09-01,2023-11-01,plan_change,,
SUB-00096-02,CUS-00096,PLN-GROWTH,annual,18,0.11,2023-11-01,2024-02-01,plan_change,,
SUB-00096-03,CUS-00096,PLN-GROWTH,annual,21,0.11,2024-02-01,2024-03-01,plan_change,,
SUB-00096-04,CUS-00096,PLN-GROWTH,annual,25,0.11,2024-03-01,2024-10-01,plan_change,,
SUB-00096-05,CUS-00096,PLN-GROWTH,annual,29,0.11,2024-10-01,2025-01-01,plan_change,,
SUB-00096-06,CUS-00096,PLN-GROWTH,annual,24,0.11,2025-01-01,2025-06-01,plan_change,,
SUB-00096-07,CUS-00096,PLN-GROWTH,annual,27,0.11,2025-06-01,2025-10-01,plan_change,,
SUB-00096-08,CUS-00096,PLN-GROWTH,annual,35,0.11,2025-10-01,2026-04-01,plan_change,,
SUB-00096-09,CUS-00096,PLN-GROWTH,annual,43,0.11,2026-04-01,2026-06-01,plan_change,,
SUB-00096-10,CUS-00096,PLN-GROWTH,annual,58,0.11,2026-06-01,,,,
SUB-00097-00,CUS-00097,PLN-GROWTH,monthly,17,0.064,2023-06-01,2023-10-01,plan_change,,
SUB-00097-01,CUS-00097,PLN-GROWTH,monthly,23,0.064,2023-10-01,2024-01-01,plan_change,,
SUB-00097-02,CUS-00097,PLN-GROWTH,monthly,15,0.064,2024-01-01,2024-02-01,plan_change,,
SUB-00097-03,CUS-00097,PLN-GROWTH,monthly,19,0.064,2024-02-01,2024-07-01,churn,involuntary,Payment failure
SUB-00098-00,CUS-00098,PLN-SCALE,monthly,68,0.081,2023-06-01,2023-10-01,plan_change,,
SUB-00098-01,CUS-00098,PLN-SCALE,monthly,59,0.081,2023-10-01,2024-05-01,plan_change,,
SUB-00098-02,CUS-00098,PLN-SCALE,monthly,47,0.081,2024-05-01,2025-01-01,plan_change,,
SUB-00098-03,CUS-00098,PLN-SCALE,monthly,54,0.081,2025-01-01,2025-03-01,plan_change,,
SUB-00098-04,CUS-00098,PLN-GROWTH,monthly,38,0.081,2025-03-01,2025-05-01,plan_change,,
SUB-00098-05,CUS-00098,PLN-GROWTH,monthly,28,0.081,2025-05-01,2026-01-01,churn,voluntary,Low adoption
SUB-00099-00,CUS-00099,PLN-GROWTH,monthly,18,0.003,2023-06-01,2024-06-01,plan_change,,
SUB-00099-01,CUS-00099,PLN-GROWTH,monthly,12,0.003,2024-06-01,2024-08-01,plan_change,,
SUB-00099-02,CUS-00099,PLN-GROWTH,monthly,17,0.003,2024-08-01,2024-10-01,plan_change,,
SUB-00099-03,CUS-00099,PLN-GROWTH,monthly,21,0.003,2024-10-01,2024-12-01,plan_change,,
SUB-00099-04,CUS-00099,PLN-GROWTH,monthly,24,0.003,2024-12-01,2025-12-01,plan_change,,
SUB-00099-05,CUS-00099,PLN-GROWTH,monthly,31,0.003,2025-12-01,2026-07-01,plan_change,,
SUB-00099-06,CUS-00099,PLN-GROWTH,monthly,23,0.003,2026-07-01,,,,
SUB-00100-00,CUS-00100,PLN-STARTER,monthly,13,0.004,2023-06-01,2023-10-01,churn,voluntary,Switched to competitor
SUB-00101-00,CUS-00101,PLN-GROWTH,monthly,16,0.039,2023-06-01,2024-06-01,churn,voluntary,Poor support experience
SUB-00102-00,CUS-00102,PLN-GROWTH,monthly,27,0.023,2023-06-01,2023-11-01,churn,voluntary,Price / budget cuts
SUB-00103-00,CUS-00103,PLN-ENTERPRISE,annual,346,0.168,2023-06-01,2023-11-01,plan_change,,
SUB-00103-01,CUS-00103,PLN-ENTERPRISE,annual,217,0.168,2023-11-01,2025-09-01,plan_change,,
SUB-00103-02,CUS-00103,PLN-ENTERPRISE,annual,296,0.168,2025-09-01,2026-06-01,churn,voluntary,Low adoption
SUB-00104-00,CUS-00104,PLN-GROWTH,monthly,48,0.0,2023-06-01,2024-01-01,plan_change,,
SUB-00104-01,CUS-00104,PLN-GROWTH,monthly,58,0.0,2024-01-01,2024-12-01,plan_change,,
SUB-00104-02,CUS-00104,PLN-GROWTH,monthly,78,0.0,2024-12-01,2026-05-01,plan_change,,
SUB-00104-03,CUS-00104,PLN-SCALE,monthly,113,0.0,2026-05-01,,,,
SUB-00105-00,CUS-00105,PLN-GROWTH,monthly,13,0.028,2023-06-01,2023-11-01,churn,voluntary,Low adoption
SUB-00106-00,CUS-00106,PLN-SCALE,monthly,170,0.066,2023-06-01,2023-10-01,plan_change,,
SUB-00106-01,CUS-00106,PLN-SCALE,monthly,231,0.066,2023-10-01,2023-12-01,plan_change,,
SUB-00106-02,CUS-00106,PLN-SCALE,monthly,261,0.066,2023-12-01,2024-09-01,plan_change,,
SUB-00106-03,CUS-00106,PLN-SCALE,monthly,147,0.066,2024-09-01,2024-12-01,plan_change,,
SUB-00106-04,CUS-00106,PLN-SCALE,monthly,209,0.066,2024-12-01,2025-09-01,plan_change,,
SUB-00106-05,CUS-00106,PLN-SCALE,monthly,171,0.066,2025-09-01,2025-10-01,plan_change,,
SUB-00106-06,CUS-00106,PLN-SCALE,monthly,148,0.066,2025-10-01,2026-03-01,plan_change,,
SUB-00106-07,CUS-00106,PLN-SCALE,monthly,170,0.066,2026-03-01,,,,
SUB-00107-00,CUS-00107,PLN-STARTER,monthly,6,0.035,2023-06-01,2026-05-01,plan_change,,
SUB-00107-01,CUS-00107,PLN-STARTER,monthly,4,0.035,2026-05-01,,,,
SUB-00108-00,CUS-00108,PLN-GROWTH,monthly,30,0.024,2023-06-01,2024-04-01,plan_change,,
SUB-00108-01,CUS-00108,PLN-GROWTH,monthly,23,0.024,2024-04-01,2024-09-01,plan_change,,
SUB-00108-02,CUS-00108,PLN-GROWTH,monthly,28,0.024,2024-09-01,2025-01-01,churn,voluntary,Low adoption
SUB-00109-00,CUS-00109,PLN-GROWTH,monthly,19,0.096,2023-07-01,2023-09-01,plan_change,,
SUB-00109-01,CUS-00109,PLN-GROWTH,monthly,22,0.096,2023-09-01,2023-12-01,plan_change,,
SUB-00109-02,CUS-00109,PLN-GROWTH,monthly,26,0.096,2023-12-01,2024-02-01,plan_change,,
SUB-00109-03,CUS-00109,PLN-GROWTH,monthly,36,0.096,2024-02-01,2024-06-01,churn,voluntary,Company acquired or closed
SUB-00110-00,CUS-00110,PLN-ENTERPRISE,annual,185,0.256,2023-07-01,2023-10-01,plan_change,,
SUB-00110-01,CUS-00110,PLN-ENTERPRISE,annual,246,0.256,2023-10-01,2023-12-01,plan_change,,
SUB-00110-02,CUS-00110,PLN-ENTERPRISE,annual,265,0.256,2023-12-01,2024-05-01,plan_change,,
SUB-00110-03,CUS-00110,PLN-ENTERPRISE,annual,191,0.256,2024-05-01,2025-09-01,plan_change,,
SUB-00110-04,CUS-00110,PLN-ENTERPRISE,annual,232,0.256,2025-09-01,2026-01-01,plan_change,,
SUB-00110-05,CUS-00110,PLN-ENTERPRISE,annual,260,0.256,2026-01-01,2026-06-01,plan_change,,
SUB-00110-06,CUS-00110,PLN-ENTERPRISE,annual,369,0.256,2026-06-01,,,,
SUB-00111-00,CUS-00111,PLN-STARTER,monthly,12,0.0,2023-07-01,2023-09-01,churn,voluntary,Price / budget cuts
SUB-00112-00,CUS-00112,PLN-SCALE,monthly,131,0.113,2023-07-01,2023-12-01,plan_change,,
SUB-00112-01,CUS-00112,PLN-SCALE,monthly,180,0.113,2023-12-01,2024-02-01,plan_change,,
SUB-00112-02,CUS-00112,PLN-SCALE,monthly,210,0.113,2024-02-01,2024-05-01,plan_change,,
SUB-00112-03,CUS-00112,PLN-SCALE,monthly,290,0.113,2024-05-01,2025-06-01,plan_change,,
SUB-00112-04,CUS-00112,PLN-ENTERPRISE,monthly,405,0.113,2025-06-01,2025-07-01,plan_change,,
SUB-00112-05,CUS-00112,PLN-ENTERPRISE,monthly,569,0.113,2025-07-01,,,,
SUB-00113-00,CUS-00113,PLN-SCALE,monthly,149,0.033,2023-07-01,2023-11-01,plan_change,,
SUB-00113-01,CUS-00113,PLN-SCALE,monthly,90,0.033,2023-11-01,2024-02-01,plan_change,,
SUB-00113-02,CUS-00113,PLN-SCALE,monthly,112,0.033,2024-02-01,2024-03-01,plan_change,,
SUB-00113-03,CUS-00113,PLN-SCALE,monthly,128,0.033,2024-03-01,2024-04-01,churn,involuntary,Payment failure
SUB-00114-00,CUS-00114,PLN-SCALE,monthly,46,0.145,2023-07-01,2023-12-01,plan_change,,
SUB-00114-01,CUS-00114,PLN-SCALE,monthly,58,0.145,2023-12-01,2024-04-01,plan_change,,
SUB-00114-02,CUS-00114,PLN-SCALE,monthly,81,0.145,2024-04-01,2024-08-01,plan_change,,
SUB-00114-03,CUS-00114,PLN-SCALE,monthly,108,0.145,2024-08-01,2024-09-01,plan_change,,
SUB-00114-04,CUS-00114,PLN-SCALE,monthly,154,0.145,2024-09-01,2025-07-01,plan_change,,
SUB-00114-05,CUS-00114,PLN-SCALE,monthly,125,0.145,2025-07-01,,,,
SUB-00115-00,CUS-00115,PLN-STARTER,monthly,4,0.051,2023-07-01,2023-11-01,plan_change,,
SUB-00115-01,CUS-00115,PLN-STARTER,monthly,5,0.051,2023-11-01,2024-02-01,plan_change,,
SUB-00115-02,CUS-00115,PLN-STARTER,monthly,3,0.051,2024-02-01,2024-06-01,plan_change,,
SUB-00115-03,CUS-00115,PLN-STARTER,monthly,2,0.051,2024-06-01,2024-10-01,churn,voluntary,Price / budget cuts
SUB-00116-00,CUS-00116,PLN-STARTER,monthly,4,0.037,2023-07-01,2024-07-01,plan_change,,
SUB-00116-01,CUS-00116,PLN-STARTER,monthly,5,0.037,2024-07-01,2024-09-01,plan_change,,
SUB-00116-02,CUS-00116,PLN-STARTER,monthly,4,0.037,2024-09-01,2025-06-01,churn,voluntary,Missing functionality
SUB-00117-00,CUS-00117,PLN-GROWTH,monthly,11,0.099,2023-07-01,2023-09-01,plan_change,,
SUB-00117-01,CUS-00117,PLN-GROWTH,monthly,16,0.099,2023-09-01,2024-02-01,plan_change,,
SUB-00117-02,CUS-00117,PLN-GROWTH,monthly,20,0.099,2024-02-01,2024-05-01,plan_change,,
SUB-00117-03,CUS-00117,PLN-GROWTH,monthly,27,0.099,2024-05-01,2024-08-01,plan_change,,
SUB-00117-04,CUS-00117,PLN-GROWTH,monthly,35,0.099,2024-08-01,2025-03-01,plan_change,,
SUB-00117-05,CUS-00117,PLN-GROWTH,monthly,45,0.099,2025-03-01,2025-10-01,plan_change,,
SUB-00117-06,CUS-00117,PLN-GROWTH,monthly,63,0.099,2025-10-01,,,,
SUB-00118-00,CUS-00118,PLN-ENTERPRISE,annual,723,0.232,2023-07-01,2024-03-01,plan_change,,
SUB-00118-01,CUS-00118,PLN-ENTERPRISE,annual,827,0.232,2024-03-01,2024-04-01,plan_change,,
SUB-00118-02,CUS-00118,PLN-ENTERPRISE,annual,1001,0.232,2024-04-01,2024-05-01,plan_change,,
SUB-00118-03,CUS-00118,PLN-ENTERPRISE,annual,842,0.232,2024-05-01,2024-09-01,plan_change,,
SUB-00118-04,CUS-00118,PLN-ENTERPRISE,annual,659,0.232,2024-09-01,2025-04-01,plan_change,,
SUB-00118-05,CUS-00118,PLN-ENTERPRISE,annual,938,0.232,2025-04-01,2026-04-01,plan_change,,
SUB-00118-06,CUS-00118,PLN-ENTERPRISE,annual,616,0.232,2026-04-01,2026-07-01,plan_change,,
SUB-00118-07,CUS-00118,PLN-ENTERPRISE,annual,727,0.232,2026-07-01,,,,
SUB-00119-00,CUS-00119,PLN-SCALE,monthly,61,0.032,2023-07-01,2023-08-01,plan_change,,
SUB-00119-01,CUS-00119,PLN-SCALE,monthly,84,0.032,2023-08-01,2024-10-01,churn,voluntary,Low adoption
SUB-00120-00,CUS-00120,PLN-GROWTH,monthly,30,0.0,2023-07-01,2023-09-01,churn,voluntary,Low adoption
SUB-00121-00,CUS-00121,PLN-SCALE,monthly,99,0.022,2023-07-01,2024-04-01,plan_change,,
SUB-00121-01,CUS-00121,PLN-SCALE,monthly,114,0.022,2024-04-01,2024-05-01,churn,voluntary,Company acquired or closed
SUB-00122-00,CUS-00122,PLN-SCALE,monthly,123,0.117,2023-07-01,2024-07-01,plan_change,,
SUB-00122-01,CUS-00122,PLN-SCALE,monthly,154,0.117,2024-07-01,2024-10-01,plan_change,,
SUB-00122-02,CUS-00122,PLN-SCALE,monthly,215,0.117,2024-10-01,2024-11-01,churn,involuntary,Payment failure
SUB-00123-00,CUS-00123,PLN-GROWTH,monthly,27,0.109,2023-07-01,2023-09-01,churn,voluntary,Price / budget cuts
SUB-00124-00,CUS-00124,PLN-SCALE,annual,116,0.201,2023-07-01,2024-01-01,plan_change,,
SUB-00124-01,CUS-00124,PLN-SCALE,annual,69,0.201,2024-01-01,2025-02-01,plan_change,,
SUB-00124-02,CUS-00124,PLN-SCALE,annual,90,0.201,2025-02-01,2026-05-01,plan_change,,
SUB-00124-03,CUS-00124,PLN-SCALE,annual,97,0.201,2026-05-01,2026-07-01,churn,voluntary,Price / budget cuts
SUB-00125-00,CUS-00125,PLN-SCALE,annual,170,0.189,2023-08-01,2024-01-01,plan_change,,
SUB-00125-01,CUS-00125,PLN-SCALE,annual,231,0.189,2024-01-01,2024-04-01,plan_change,,
SUB-00125-02,CUS-00125,PLN-SCALE,annual,325,0.189,2024-04-01,2024-08-01,plan_change,,
SUB-00125-03,CUS-00125,PLN-ENTERPRISE,annual,446,0.189,2024-08-01,2025-06-01,plan_change,,
SUB-00125-04,CUS-00125,PLN-ENTERPRISE,annual,509,0.189,2025-06-01,2026-08-01,plan_change,,
SUB-00125-05,CUS-00125,PLN-ENTERPRISE,annual,638,0.189,2026-08-01,,,,
SUB-00126-00,CUS-00126,PLN-STARTER,monthly,3,0.048,2023-08-01,2025-11-01,plan_change,,
SUB-00126-01,CUS-00126,PLN-STARTER,monthly,4,0.048,2025-11-01,2026-06-01,plan_change,,
SUB-00126-02,CUS-00126,PLN-STARTER,monthly,6,0.048,2026-06-01,2026-07-01,churn,involuntary,Payment failure
SUB-00127-00,CUS-00127,PLN-GROWTH,monthly,22,0.008,2023-08-01,2024-03-01,plan_change,,
SUB-00127-01,CUS-00127,PLN-GROWTH,monthly,29,0.008,2024-03-01,2025-02-01,plan_change,,
SUB-00127-02,CUS-00127,PLN-GROWTH,monthly,33,0.008,2025-02-01,2025-04-01,plan_change,,
SUB-00127-03,CUS-00127,PLN-GROWTH,monthly,42,0.008,2025-04-01,2026-04-01,plan_change,,
SUB-00127-04,CUS-00127,PLN-GROWTH,monthly,46,0.008,2026-04-01,,,,
SUB-00128-00,CUS-00128,PLN-STARTER,monthly,14,0.0,2023-08-01,2023-09-01,plan_change,,
SUB-00128-01,CUS-00128,PLN-STARTER,monthly,17,0.0,2023-09-01,2024-01-01,plan_change,,
SUB-00128-02,CUS-00128,PLN-STARTER,monthly,13,0.0,2024-01-01,2024-07-01,plan_change,,
SUB-00128-03,CUS-00128,PLN-STARTER,monthly,10,0.0,2024-07-01,2024-08-01,plan_change,,
SUB-00128-04,CUS-00128,PLN-STARTER,monthly,6,0.0,2024-08-01,2024-11-01,churn,voluntary,Company acquired or closed
SUB-00129-00,CUS-00129,PLN-SCALE,annual,117,0.259,2023-08-01,2023-12-01,plan_change,,
SUB-00129-01,CUS-00129,PLN-SCALE,annual,160,0.259,2023-12-01,2024-03-01,plan_change,,
SUB-00129-02,CUS-00129,PLN-SCALE,annual,177,0.259,2024-03-01,2024-06-01,plan_change,,
SUB-00129-03,CUS-00129,PLN-SCALE,annual,191,0.259,2024-06-01,2024-07-01,plan_change,,
SUB-00129-04,CUS-00129,PLN-SCALE,annual,117,0.259,2024-07-01,2024-08-01,plan_change,,
SUB-00129-05,CUS-00129,PLN-SCALE,annual,158,0.259,2024-08-01,2024-11-01,plan_change,,
SUB-00129-06,CUS-00129,PLN-SCALE,annual,205,0.259,2024-11-01,2025-03-01,plan_change,,
SUB-00129-07,CUS-00129,PLN-SCALE,annual,288,0.259,2025-03-01,2025-04-01,plan_change,,
SUB-00129-08,CUS-00129,PLN-SCALE,annual,342,0.259,2025-04-01,2025-06-01,plan_change,,
SUB-00129-09,CUS-00129,PLN-ENTERPRISE,annual,419,0.259,2025-06-01,2026-02-01,plan_change,,
SUB-00129-10,CUS-00129,PLN-ENTERPRISE,annual,561,0.259,2026-02-01,,,,
SUB-00130-00,CUS-00130,PLN-GROWTH,monthly,17,0.065,2023-08-01,2024-01-01,churn,voluntary,Price / budget cuts
SUB-00131-00,CUS-00131,PLN-GROWTH,annual,13,0.135,2023-08-01,2024-05-01,plan_change,,
SUB-00131-01,CUS-00131,PLN-GROWTH,annual,17,0.135,2024-05-01,2025-08-01,plan_change,,
SUB-00131-02,CUS-00131,PLN-GROWTH,annual,19,0.135,2025-08-01,2026-01-01,plan_change,,
SUB-00131-03,CUS-00131,PLN-GROWTH,annual,23,0.135,2026-01-01,,,,
SUB-00132-00,CUS-00132,PLN-SCALE,monthly,97,0.025,2023-08-01,2023-10-01,plan_change,,
SUB-00132-01,CUS-00132,PLN-SCALE,monthly,87,0.025,2023-10-01,2024-02-01,plan_change,,
SUB-00132-02,CUS-00132,PLN-SCALE,monthly,56,0.025,2024-02-01,2024-05-01,churn,voluntary,Price / budget cuts
SUB-00133-00,CUS-00133,PLN-SCALE,monthly,44,0.105,2023-08-01,2023-09-01,churn,voluntary,Missing functionality
SUB-00134-00,CUS-00134,PLN-GROWTH,monthly,32,0.043,2023-08-01,2024-09-01,plan_change,,
SUB-00134-01,CUS-00134,PLN-GROWTH,monthly,23,0.043,2024-09-01,2024-12-01,churn,voluntary,Price / budget cuts
SUB-00134-02,CUS-00134,PLN-GROWTH,monthly,15,0.043,2025-09-01,,,,
SUB-00135-00,CUS-00135,PLN-GROWTH,monthly,18,0.104,2023-08-01,2023-10-01,plan_change,,
SUB-00135-01,CUS-00135,PLN-GROWTH,monthly,26,0.104,2023-10-01,2024-04-01,plan_change,,
SUB-00135-02,CUS-00135,PLN-GROWTH,monthly,34,0.104,2024-04-01,2024-08-01,churn,voluntary,Low adoption
SUB-00136-00,CUS-00136,PLN-GROWTH,monthly,27,0.079,2023-08-01,2023-11-01,plan_change,,
SUB-00136-01,CUS-00136,PLN-GROWTH,monthly,38,0.079,2023-11-01,2024-04-01,churn,voluntary,Price / budget cuts
SUB-00137-00,CUS-00137,PLN-GROWTH,monthly,21,0.076,2023-08-01,2023-12-01,plan_change,,
SUB-00137-01,CUS-00137,PLN-GROWTH,monthly,26,0.076,2023-12-01,2024-04-01,churn,involuntary,Payment failure
SUB-00138-00,CUS-00138,PLN-STARTER,monthly,11,0.0,2023-08-01,2023-09-01,plan_change,,
SUB-00138-01,CUS-00138,PLN-STARTER,monthly,8,0.0,2023-09-01,2023-10-01,churn,voluntary,Missing functionality
SUB-00139-00,CUS-00139,PLN-STARTER,monthly,12,0.04,2023-09-01,2024-01-01,churn,voluntary,Low adoption
SUB-00140-00,CUS-00140,PLN-SCALE,annual,44,0.161,2023-09-01,2023-10-01,churn,involuntary,Payment failure
SUB-00141-00,CUS-00141,PLN-GROWTH,monthly,19,0.055,2023-09-01,2023-12-01,churn,voluntary,Missing functionality
SUB-00141-01,CUS-00141,PLN-GROWTH,monthly,16,0.055,2024-04-01,2024-10-01,plan_change,,
SUB-00141-02,CUS-00141,PLN-GROWTH,monthly,19,0.055,2024-10-01,2025-07-01,plan_change,,
SUB-00141-03,CUS-00141,PLN-GROWTH,monthly,28,0.055,2025-07-01,2025-10-01,churn,involuntary,Payment failure
SUB-00142-00,CUS-00142,PLN-STARTER,monthly,4,0.0,2023-09-01,2023-11-01,churn,voluntary,Switched to competitor
SUB-00143-00,CUS-00143,PLN-STARTER,monthly,11,0.035,2023-09-01,2023-11-01,plan_change,,
SUB-00143-01,CUS-00143,PLN-STARTER,monthly,9,0.035,2023-11-01,2026-01-01,plan_change,,
SUB-00143-02,CUS-00143,PLN-STARTER,monthly,6,0.035,2026-01-01,,,,
SUB-00144-00,CUS-00144,PLN-STARTER,monthly,6,0.027,2023-09-01,2024-02-01,plan_change,,
SUB-00144-01,CUS-00144,PLN-STARTER,monthly,5,0.027,2024-02-01,2026-01-01,churn,voluntary,Poor support experience
SUB-00145-00,CUS-00145,PLN-GROWTH,annual,16,0.119,2023-09-01,2024-09-01,churn,voluntary,Price / budget cuts
SUB-00146-00,CUS-00146,PLN-GROWTH,monthly,32,0.001,2023-09-01,2024-04-01,plan_change,,
SUB-00146-01,CUS-00146,PLN-GROWTH,monthly,38,0.001,2024-04-01,2025-11-01,plan_change,,
SUB-00146-02,CUS-00146,PLN-GROWTH,monthly,55,0.001,2025-11-01,,,,
SUB-00147-00,CUS-00147,PLN-GROWTH,monthly,38,0.04,2023-09-01,2023-12-01,plan_change,,
SUB-00147-01,CUS-00147,PLN-GROWTH,monthly,27,0.04,2023-12-01,2024-02-01,plan_change,,
SUB-00147-02,CUS-00147,PLN-GROWTH,monthly,24,0.04,2024-02-01,2024-03-01,churn,voluntary,Low adoption
SUB-00148-00,CUS-00148,PLN-GROWTH,monthly,23,0.0,2023-09-01,2024-02-01,plan_change,,
SUB-00148-01,CUS-00148,PLN-GROWTH,monthly,27,0.0,2024-02-01,2024-09-01,plan_change,,
SUB-00148-02,CUS-00148,PLN-GROWTH,monthly,30,0.0,2024-09-01,2024-12-01,plan_change,,
SUB-00148-03,CUS-00148,PLN-GROWTH,monthly,33,0.0,2024-12-01,2025-01-01,plan_change,,
SUB-00148-04,CUS-00148,PLN-GROWTH,monthly,38,0.0,2025-01-01,2025-06-01,churn,involuntary,Payment failure
SUB-00149-00,CUS-00149,PLN-GROWTH,annual,25,0.219,2023-09-01,2023-11-01,plan_change,,
SUB-00149-01,CUS-00149,PLN-GROWTH,annual,19,0.219,2023-11-01,2024-03-01,plan_change,,
SUB-00149-02,CUS-00149,PLN-GROWTH,annual,24,0.219,2024-03-01,2024-07-01,plan_change,,
SUB-00149-03,CUS-00149,PLN-GROWTH,annual,32,0.219,2024-07-01,2025-09-01,plan_change,,
SUB-00149-04,CUS-00149,PLN-GROWTH,annual,36,0.219,2025-09-01,2025-10-01,churn,involuntary,Payment failure
SUB-00150-00,CUS-00150,PLN-GROWTH,monthly,11,0.039,2023-09-01,2025-01-01,plan_change,,
SUB-00150-01,CUS-00150,PLN-GROWTH,monthly,14,0.039,2025-01-01,2025-04-01,plan_change,,
SUB-00150-02,CUS-00150,PLN-GROWTH,monthly,16,0.039,2025-04-01,2025-05-01,churn,voluntary,Low adoption
SUB-00151-00,CUS-00151,PLN-GROWTH,monthly,23,0.043,2023-09-01,2024-06-01,plan_change,,
SUB-00151-01,CUS-00151,PLN-GROWTH,monthly,29,0.043,2024-06-01,2024-08-01,plan_change,,
SUB-00151-02,CUS-00151,PLN-GROWTH,monthly,39,0.043,2024-08-01,2024-09-01,plan_change,,
SUB-00151-03,CUS-00151,PLN-GROWTH,monthly,51,0.043,2024-09-01,2025-01-01,plan_change,,
SUB-00151-04,CUS-00151,PLN-GROWTH,monthly,41,0.043,2025-01-01,,,,
SUB-00152-00,CUS-00152,PLN-GROWTH,annual,11,0.123,2023-09-01,2024-01-01,plan_change,,
SUB-00152-01,CUS-00152,PLN-GROWTH,annual,15,0.123,2024-01-01,2024-06-01,plan_change,,
SUB-00152-02,CUS-00152,PLN-GROWTH,annual,20,0.123,2024-06-01,2025-01-01,plan_change,,
SUB-00152-03,CUS-00152,PLN-GROWTH,annual,17,0.123,2025-01-01,2025-04-01,plan_change,,
SUB-00152-04,CUS-00152,PLN-GROWTH,annual,20,0.123,2025-04-01,2025-05-01,plan_change,,
SUB-00152-05,CUS-00152,PLN-GROWTH,annual,17,0.123,2025-05-01,2025-09-01,plan_change,,
SUB-00152-06,CUS-00152,PLN-GROWTH,annual,21,0.123,2025-09-01,2026-06-01,plan_change,,
SUB-00152-07,CUS-00152,PLN-GROWTH,annual,29,0.123,2026-06-01,,,,
SUB-00153-00,CUS-00153,PLN-GROWTH,monthly,14,0.0,2023-09-01,2023-11-01,plan_change,,
SUB-00153-01,CUS-00153,PLN-GROWTH,monthly,17,0.0,2023-11-01,2024-01-01,churn,voluntary,Missing functionality
SUB-00153-02,CUS-00153,PLN-GROWTH,monthly,14,0.0,2024-06-01,2025-07-01,plan_change,,
SUB-00153-03,CUS-00153,PLN-STARTER,monthly,9,0.0,2025-07-01,2025-10-01,plan_change,,
SUB-00153-04,CUS-00153,PLN-STARTER,monthly,12,0.0,2025-10-01,2026-03-01,plan_change,,
SUB-00153-05,CUS-00153,PLN-STARTER,monthly,17,0.0,2026-03-01,,,,
SUB-00154-00,CUS-00154,PLN-GROWTH,monthly,33,0.07,2023-09-01,2023-11-01,churn,voluntary,Low adoption
SUB-00155-00,CUS-00155,PLN-STARTER,monthly,8,0.0,2023-09-01,2023-12-01,plan_change,,
SUB-00155-01,CUS-00155,PLN-STARTER,monthly,11,0.0,2023-12-01,2024-03-01,plan_change,,
SUB-00155-02,CUS-00155,PLN-STARTER,monthly,9,0.0,2024-03-01,2025-03-01,plan_change,,
SUB-00155-03,CUS-00155,PLN-STARTER,monthly,10,0.0,2025-03-01,2025-06-01,plan_change,,
SUB-00155-04,CUS-00155,PLN-STARTER,monthly,11,0.0,2025-06-01,2025-10-01,plan_change,,
SUB-00155-05,CUS-00155,PLN-STARTER,monthly,12,0.0,2025-10-01,2025-11-01,churn,involuntary,Payment failure
SUB-00156-00,CUS-00156,PLN-STARTER,monthly,3,0.007,2023-09-01,2023-11-01,plan_change,,
SUB-00156-01,CUS-00156,PLN-STARTER,monthly,4,0.007,2023-11-01,2024-03-01,churn,voluntary,Low adoption
SUB-00157-00,CUS-00157,PLN-GROWTH,annual,15,0.114,2023-09-01,,,,
SUB-00158-00,CUS-00158,PLN-SCALE,annual,109,0.248,2023-09-01,2023-12-01,plan_change,,
SUB-00158-01,CUS-00158,PLN-SCALE,annual,100,0.248,2023-12-01,2024-01-01,plan_change,,
SUB-00158-02,CUS-00158,PLN-SCALE,annual,107,0.248,2024-01-01,2024-11-01,plan_change,,
SUB-00158-03,CUS-00158,PLN-SCALE,annual,152,0.248,2024-11-01,2024-12-01,plan_change,,
SUB-00158-04,CUS-00158,PLN-SCALE,annual,113,0.248,2024-12-01,2025-03-01,plan_change,,
SUB-00158-05,CUS-00158,PLN-SCALE,annual,126,0.248,2025-03-01,2025-06-01,plan_change,,
SUB-00158-06,CUS-00158,PLN-SCALE,annual,153,0.248,2025-06-01,2025-09-01,plan_change,,
SUB-00158-07,CUS-00158,PLN-SCALE,annual,189,0.248,2025-09-01,,,,
SUB-00159-00,CUS-00159,PLN-SCALE,annual,60,0.182,2023-09-01,2024-08-01,plan_change,,
SUB-00159-01,CUS-00159,PLN-SCALE,annual,73,0.182,2024-08-01,2025-04-01,plan_change,,
SUB-00159-02,CUS-00159,PLN-SCALE,annual,86,0.182,2025-04-01,2026-04-01,plan_change,,
SUB-00159-03,CUS-00159,PLN-SCALE,annual,97,0.182,2026-04-01,2026-05-01,plan_change,,
SUB-00159-04,CUS-00159,PLN-SCALE,annual,111,0.182,2026-05-01,2026-07-01,plan_change,,
SUB-00159-05,CUS-00159,PLN-SCALE,annual,118,0.182,2026-07-01,,,,
SUB-00160-00,CUS-00160,PLN-GROWTH,annual,10,0.154,2023-10-01,2024-10-01,churn,voluntary,Price / budget cuts
SUB-00161-00,CUS-00161,PLN-SCALE,annual,157,0.215,2023-10-01,2024-02-01,plan_change,,
SUB-00161-01,CUS-00161,PLN-SCALE,annual,205,0.215,2024-02-01,2024-07-01,plan_change,,
SUB-00161-02,CUS-00161,PLN-SCALE,annual,115,0.215,2024-07-01,2024-09-01,plan_change,,
SUB-00161-03,CUS-00161,PLN-SCALE,annual,161,0.215,2024-09-01,2024-10-01,plan_change,,
SUB-00161-04,CUS-00161,PLN-SCALE,annual,180,0.215,2024-10-01,2025-04-01,plan_change,,
SUB-00161-05,CUS-00161,PLN-SCALE,annual,240,0.215,2025-04-01,2025-06-01,plan_change,,
SUB-00161-06,CUS-00161,PLN-SCALE,annual,325,0.215,2025-06-01,2025-10-01,plan_change,,
SUB-00161-07,CUS-00161,PLN-ENTERPRISE,annual,454,0.215,2025-10-01,2025-11-01,plan_change,,
SUB-00161-08,CUS-00161,PLN-ENTERPRISE,annual,570,0.215,2025-11-01,2026-04-01,plan_change,,
SUB-00161-09,CUS-00161,PLN-ENTERPRISE,annual,685,0.215,2026-04-01,,,,
SUB-00162-00,CUS-00162,PLN-ENTERPRISE,monthly,345,0.062,2023-10-01,2023-12-01,plan_change,,
SUB-00162-01,CUS-00162,PLN-ENTERPRISE,monthly,487,0.062,2023-12-01,2024-12-01,plan_change,,
SUB-00162-02,CUS-00162,PLN-ENTERPRISE,monthly,670,0.062,2024-12-01,2025-02-01,plan_change,,
SUB-00162-03,CUS-00162,PLN-ENTERPRISE,monthly,923,0.062,2025-02-01,2025-07-01,plan_change,,
SUB-00162-04,CUS-00162,PLN-ENTERPRISE,monthly,1232,0.062,2025-07-01,,,,
SUB-00163-00,CUS-00163,PLN-STARTER,monthly,2,0.008,2023-10-01,2024-02-01,churn,involuntary,Payment failure
SUB-00164-00,CUS-00164,PLN-GROWTH,monthly,28,0.0,2023-10-01,2024-04-01,churn,voluntary,Missing functionality
SUB-00165-00,CUS-00165,PLN-STARTER,monthly,3,0.067,2023-10-01,2023-12-01,plan_change,,
SUB-00165-01,CUS-00165,PLN-STARTER,monthly,4,0.067,2023-12-01,2024-05-01,churn,voluntary,Switched to competitor
SUB-00166-00,CUS-00166,PLN-STARTER,monthly,4,0.08,2023-10-01,2024-07-01,plan_change,,
SUB-00166-01,CUS-00166,PLN-STARTER,monthly,5,0.08,2024-07-01,2025-05-01,churn,involuntary,Payment failure
SUB-00167-00,CUS-00167,PLN-STARTER,monthly,4,0.049,2023-10-01,2023-11-01,churn,voluntary,Price / budget cuts
SUB-00168-00,CUS-00168,PLN-GROWTH,annual,13,0.211,2023-10-01,2023-11-01,churn,involuntary,Payment failure
SUB-00169-00,CUS-00169,PLN-GROWTH,annual,18,0.093,2023-10-01,2024-01-01,plan_change,,
SUB-00169-01,CUS-00169,PLN-GROWTH,annual,20,0.093,2024-01-01,2024-02-01,plan_change,,
SUB-00169-02,CUS-00169,PLN-GROWTH,annual,25,0.093,2024-02-01,2024-06-01,plan_change,,
SUB-00169-03,CUS-00169,PLN-GROWTH,annual,33,0.093,2024-06-01,2024-10-01,churn,voluntary,Switched to competitor
SUB-00170-00,CUS-00170,PLN-STARTER,annual,3,0.087,2023-10-01,2024-10-01,plan_change,,
SUB-00170-01,CUS-00170,PLN-STARTER,annual,4,0.087,2024-10-01,,,,
SUB-00171-00,CUS-00171,PLN-SCALE,annual,40,0.179,2023-10-01,2023-12-01,plan_change,,
SUB-00171-01,CUS-00171,PLN-SCALE,annual,48,0.179,2023-12-01,2024-02-01,plan_change,,
SUB-00171-02,CUS-00171,PLN-SCALE,annual,60,0.179,2024-02-01,2024-12-01,plan_change,,
SUB-00171-03,CUS-00171,PLN-SCALE,annual,70,0.179,2024-12-01,2025-05-01,churn,voluntary,Price / budget cuts
SUB-00172-00,CUS-00172,PLN-ENTERPRISE,annual,314,0.252,2023-10-01,2024-10-01,plan_change,,
SUB-00172-01,CUS-00172,PLN-ENTERPRISE,annual,179,0.252,2024-10-01,2025-05-01,plan_change,,
SUB-00172-02,CUS-00172,PLN-ENTERPRISE,annual,237,0.252,2025-05-01,2025-07-01,plan_change,,
SUB-00172-03,CUS-00172,PLN-ENTERPRISE,annual,320,0.252,2025-07-01,2025-08-01,plan_change,,
SUB-00172-04,CUS-00172,PLN-ENTERPRISE,annual,398,0.252,2025-08-01,2026-01-01,plan_change,,
SUB-00172-05,CUS-00172,PLN-ENTERPRISE,annual,576,0.252,2026-01-01,2026-05-01,plan_change,,
SUB-00172-06,CUS-00172,PLN-ENTERPRISE,annual,719,0.252,2026-05-01,,,,
SUB-00173-00,CUS-00173,PLN-GROWTH,monthly,13,0.0,2023-10-01,2023-12-01,churn,voluntary,Company acquired or closed
SUB-00174-00,CUS-00174,PLN-STARTER,monthly,12,0.048,2023-10-01,2025-01-01,plan_change,,
SUB-00174-01,CUS-00174,PLN-STARTER,monthly,16,0.048,2025-01-01,2025-10-01,churn,voluntary,Price / budget cuts
SUB-00175-00,CUS-00175,PLN-SCALE,annual,44,0.188,2023-10-01,2024-05-01,plan_change,,
SUB-00175-01,CUS-00175,PLN-GROWTH,annual,35,0.188,2024-05-01,2025-03-01,plan_change,,
SUB-00175-02,CUS-00175,PLN-GROWTH,annual,24,0.188,2025-03-01,2025-05-01,plan_change,,
SUB-00175-03,CUS-00175,PLN-GROWTH,annual,30,0.188,2025-05-01,2025-07-01,plan_change,,
SUB-00175-04,CUS-00175,PLN-GROWTH,annual,33,0.188,2025-07-01,2025-09-01,plan_change,,
SUB-00175-05,CUS-00175,PLN-GROWTH,annual,37,0.188,2025-09-01,,,,
SUB-00176-00,CUS-00176,PLN-ENTERPRISE,monthly,697,0.138,2023-10-01,2024-01-01,plan_change,,
SUB-00176-01,CUS-00176,PLN-ENTERPRISE,monthly,582,0.138,2024-01-01,2024-07-01,plan_change,,
SUB-00176-02,CUS-00176,PLN-ENTERPRISE,monthly,727,0.138,2024-07-01,2025-01-01,plan_change,,
SUB-00176-03,CUS-00176,PLN-ENTERPRISE,monthly,792,0.138,2025-01-01,2025-10-01,plan_change,,
SUB-00176-04,CUS-00176,PLN-ENTERPRISE,monthly,1106,0.138,2025-10-01,2025-11-01,plan_change,,
SUB-00176-05,CUS-00176,PLN-ENTERPRISE,monthly,1552,0.138,2025-11-01,2026-02-01,churn,voluntary,Low adoption
SUB-00176-06,CUS-00176,PLN-ENTERPRISE,monthly,1232,0.138,2026-05-01,2026-06-01,plan_change,,
SUB-00176-07,CUS-00176,PLN-ENTERPRISE,monthly,1351,0.138,2026-06-01,,,,
SUB-00177-00,CUS-00177,PLN-GROWTH,monthly,28,0.038,2023-10-01,2024-03-01,churn,involuntary,Payment failure
SUB-00178-00,CUS-00178,PLN-STARTER,annual,4,0.111,2023-10-01,2024-04-01,plan_change,,
SUB-00178-01,CUS-00178,PLN-STARTER,annual,5,0.111,2024-04-01,2025-02-01,plan_change,,
SUB-00178-02,CUS-00178,PLN-STARTER,annual,6,0.111,2025-02-01,,,,
SUB-00179-00,CUS-00179,PLN-STARTER,monthly,5,0.008,2023-10-01,2023-11-01,churn,involuntary,Payment failure
SUB-00180-00,CUS-00180,PLN-GROWTH,annual,38,0.138,2023-10-01,2023-12-01,plan_change,,
SUB-00180-01,CUS-00180,PLN-GROWTH,annual,31,0.138,2023-12-01,2024-07-01,plan_change,,
SUB-00180-02,CUS-00180,PLN-GROWTH,annual,33,0.138,2024-07-01,2026-08-01,plan_change,,
SUB-00180-03,CUS-00180,PLN-GROWTH,annual,36,0.138,2026-08-01,,,,
SUB-00181-00,CUS-00181,PLN-GROWTH,monthly,43,0.116,2023-10-01,2024-02-01,churn,involuntary,Payment failure
SUB-00182-00,CUS-00182,PLN-GROWTH,annual,22,0.073,2023-10-01,2023-11-01,plan_change,,
SUB-00182-01,CUS-00182,PLN-GROWTH,annual,29,0.073,2023-11-01,2024-01-01,plan_change,,
SUB-00182-02,CUS-00182,PLN-GROWTH,annual,19,0.073,2024-01-01,2024-10-01,churn,voluntary,Company acquired or closed
SUB-00183-00,CUS-00183,PLN-STARTER,monthly,10,0.075,2023-10-01,2023-12-01,plan_change,,
SUB-00183-01,CUS-00183,PLN-STARTER,monthly,6,0.075,2023-12-01,2024-08-01,plan_change,,
SUB-00183-02,CUS-00183,PLN-STARTER,monthly,9,0.075,2024-08-01,2025-10-01,churn,involuntary,Payment failure
SUB-00184-00,CUS-00184,PLN-GROWTH,monthly,12,0.038,2023-10-01,2023-12-01,plan_change,,
SUB-00184-01,CUS-00184,PLN-GROWTH,monthly,13,0.038,2023-12-01,2024-06-01,churn,involuntary,Payment failure
SUB-00185-00,CUS-00185,PLN-SCALE,monthly,106,0.033,2023-11-01,2024-02-01,plan_change,,
SUB-00185-01,CUS-00185,PLN-SCALE,monthly,137,0.033,2024-02-01,2024-08-01,plan_change,,
SUB-00185-02,CUS-00185,PLN-SCALE,monthly,198,0.033,2024-08-01,2024-10-01,plan_change,,
SUB-00185-03,CUS-00185,PLN-SCALE,monthly,217,0.033,2024-10-01,2024-12-01,plan_change,,
SUB-00185-04,CUS-00185,PLN-SCALE,monthly,233,0.033,2024-12-01,2025-02-01,churn,voluntary,Poor support experience
SUB-00186-00,CUS-00186,PLN-GROWTH,monthly,14,0.043,2023-11-01,2024-07-01,plan_change,,
SUB-00186-01,CUS-00186,PLN-GROWTH,monthly,18,0.043,2024-07-01,2025-03-01,plan_change,,
SUB-00186-02,CUS-00186,PLN-GROWTH,monthly,16,0.043,2025-03-01,2025-05-01,plan_change,,
SUB-00186-03,CUS-00186,PLN-GROWTH,monthly,22,0.043,2025-05-01,,,,
SUB-00187-00,CUS-00187,PLN-GROWTH,monthly,17,0.004,2023-11-01,2024-02-01,plan_change,,
SUB-00187-01,CUS-00187,PLN-GROWTH,monthly,21,0.004,2024-02-01,2024-06-01,churn,voluntary,Low adoption
SUB-00188-00,CUS-00188,PLN-GROWTH,monthly,32,0.105,2023-11-01,2024-05-01,plan_change,,
SUB-00188-01,CUS-00188,PLN-GROWTH,monthly,39,0.105,2024-05-01,2025-11-01,plan_change,,
SUB-00188-02,CUS-00188,PLN-GROWTH,monthly,48,0.105,2025-11-01,,,,
SUB-00189-00,CUS-00189,PLN-STARTER,annual,5,0.152,2023-11-01,2024-04-01,plan_change,,
SUB-00189-01,CUS-00189,PLN-STARTER,annual,7,0.152,2024-04-01,2024-09-01,plan_change,,
SUB-00189-02,CUS-00189,PLN-STARTER,annual,10,0.152,2024-09-01,2025-04-01,plan_change,,
SUB-00189-03,CUS-00189,PLN-STARTER,annual,12,0.152,2025-04-01,2025-06-01,plan_change,,
SUB-00189-04,CUS-00189,PLN-STARTER,annual,10,0.152,2025-06-01,2025-08-01,plan_change,,
SUB-00189-05,CUS-00189,PLN-STARTER,annual,12,0.152,2025-08-01,,,,
SUB-00190-00,CUS-00190,PLN-STARTER,annual,4,0.156,2023-11-01,2024-02-01,plan_change,,
SUB-00190-01,CUS-00190,PLN-STARTER,annual,5,0.156,2024-02-01,2024-06-01,plan_change,,
SUB-00190-02,CUS-00190,PLN-STARTER,annual,6,0.156,2024-06-01,2025-10-01,plan_change,,
SUB-00190-03,CUS-00190,PLN-STARTER,annual,7,0.156,2025-10-01,2025-11-01,plan_change,,
SUB-00190-04,CUS-00190,PLN-STARTER,annual,5,0.156,2025-11-01,2026-01-01,plan_change,,
SUB-00190-05,CUS-00190,PLN-STARTER,annual,7,0.156,2026-01-01,,,,
SUB-00191-00,CUS-00191,PLN-STARTER,monthly,12,0.049,2023-11-01,2024-02-01,plan_change,,
SUB-00191-01,CUS-00191,PLN-STARTER,monthly,13,0.049,2024-02-01,2024-03-01,plan_change,,
SUB-00191-02,CUS-00191,PLN-STARTER,monthly,18,0.049,2024-03-01,2024-12-01,plan_change,,
SUB-00191-03,CUS-00191,PLN-STARTER,monthly,19,0.049,2024-12-01,2025-04-01,plan_change,,
SUB-00191-04,CUS-00191,PLN-STARTER,monthly,22,0.049,2025-04-01,2025-07-01,plan_change,,
SUB-00191-05,CUS-00191,PLN-STARTER,monthly,25,0.049,2025-07-01,2025-10-01,plan_change,,
SUB-00191-06,CUS-00191,PLN-GROWTH,monthly,29,0.049,2025-10-01,2025-11-01,plan_change,,
SUB-00191-07,CUS-00191,PLN-GROWTH,monthly,42,0.049,2025-11-01,,,,
SUB-00192-00,CUS-00192,PLN-STARTER,monthly,4,0.0,2023-11-01,2023-12-01,plan_change,,
SUB-00192-01,CUS-00192,PLN-STARTER,monthly,5,0.0,2023-12-01,2024-09-01,churn,voluntary,Price / budget cuts
SUB-00193-00,CUS-00193,PLN-STARTER,monthly,3,0.061,2023-11-01,2024-06-01,plan_change,,
SUB-00193-01,CUS-00193,PLN-STARTER,monthly,4,0.061,2024-06-01,2024-07-01,plan_change,,
SUB-00193-02,CUS-00193,PLN-STARTER,monthly,5,0.061,2024-07-01,2024-09-01,plan_change,,
SUB-00193-03,CUS-00193,PLN-STARTER,monthly,4,0.061,2024-09-01,2024-10-01,plan_change,,
SUB-00193-04,CUS-00193,PLN-STARTER,monthly,6,0.061,2024-10-01,2025-03-01,churn,voluntary,Low adoption
SUB-00194-00,CUS-00194,PLN-GROWTH,monthly,38,0.019,2023-11-01,2024-12-01,plan_change,,
SUB-00194-01,CUS-00194,PLN-GROWTH,monthly,34,0.019,2024-12-01,2025-09-01,plan_change,,
SUB-00194-02,CUS-00194,PLN-GROWTH,monthly,40,0.019,2025-09-01,2025-11-01,churn,involuntary,Payment failure
SUB-00195-00,CUS-00195,PLN-STARTER,monthly,12,0.0,2023-11-01,2023-12-01,churn,voluntary,Missing functionality
SUB-00196-00,CUS-00196,PLN-SCALE,annual,74,0.166,2023-11-01,2025-09-01,plan_change,,
SUB-00196-01,CUS-00196,PLN-SCALE,annual,51,0.166,2025-09-01,2026-05-01,plan_change,,
SUB-00196-02,CUS-00196,PLN-SCALE,annual,69,0.166,2026-05-01,,,,
SUB-00197-00,CUS-00197,PLN-GROWTH,monthly,29,0.0,2023-11-01,2024-02-01,plan_change,,
SUB-00197-01,CUS-00197,PLN-GROWTH,monthly,20,0.0,2024-02-01,2024-05-01,plan_change,,
SUB-00197-02,CUS-00197,PLN-GROWTH,monthly,26,0.0,2024-05-01,2024-06-01,churn,voluntary,Switched to competitor
SUB-00198-00,CUS-00198,PLN-GROWTH,monthly,20,0.079,2023-11-01,2024-09-01,plan_change,,
SUB-00198-01,CUS-00198,PLN-GROWTH,monthly,15,0.079,2024-09-01,2025-06-01,plan_change,,
SUB-00198-02,CUS-00198,PLN-GROWTH,monthly,13,0.079,2025-06-01,,,,
SUB-00199-00,CUS-00199,PLN-STARTER,annual,4,0.105,2023-11-01,2025-01-01,churn,voluntary,Price / budget cuts
SUB-00200-00,CUS-00200,PLN-STARTER,monthly,2,0.066,2023-11-01,2024-10-01,churn,voluntary,Low adoption
SUB-00201-00,CUS-00201,PLN-GROWTH,monthly,41,0.03,2023-11-01,2024-10-01,churn,voluntary,Switched to competitor
SUB-00202-00,CUS-00202,PLN-STARTER,monthly,10,0.074,2023-11-01,2025-01-01,plan_change,,
SUB-00202-01,CUS-00202,PLN-STARTER,monthly,6,0.074,2025-01-01,,,,
SUB-00203-00,CUS-00203,PLN-SCALE,annual,105,0.195,2023-11-01,2024-09-01,plan_change,,
SUB-00203-01,CUS-00203,PLN-SCALE,annual,137,0.195,2024-09-01,,,,
SUB-00204-00,CUS-00204,PLN-GROWTH,annual,38,0.115,2023-11-01,2024-10-01,plan_change,,
SUB-00204-01,CUS-00204,PLN-GROWTH,annual,52,0.115,2024-10-01,2024-11-01,churn,voluntary,Price / budget cuts
SUB-00205-00,CUS-00205,PLN-STARTER,monthly,13,0.048,2023-11-01,2024-02-01,plan_change,,
SUB-00205-01,CUS-00205,PLN-STARTER,monthly,12,0.048,2024-02-01,2024-08-01,plan_change,,
SUB-00205-02,CUS-00205,PLN-STARTER,monthly,8,0.048,2024-08-01,2025-05-01,plan_change,,
SUB-00205-03,CUS-00205,PLN-STARTER,monthly,9,0.048,2025-05-01,2025-11-01,plan_change,,
SUB-00205-04,CUS-00205,PLN-STARTER,monthly,11,0.048,2025-11-01,2026-01-01,plan_change,,
SUB-00205-05,CUS-00205,PLN-STARTER,monthly,15,0.048,2026-01-01,2026-04-01,plan_change,,
SUB-00205-06,CUS-00205,PLN-STARTER,monthly,18,0.048,2026-04-01,,,,
SUB-00206-00,CUS-00206,PLN-STARTER,monthly,6,0.016,2023-11-01,2023-12-01,plan_change,,
SUB-00206-01,CUS-00206,PLN-STARTER,monthly,5,0.016,2023-12-01,2025-03-01,churn,involuntary,Payment failure
SUB-00207-00,CUS-00207,PLN-SCALE,annual,93,0.186,2023-11-01,2024-04-01,plan_change,,
SUB-00207-01,CUS-00207,PLN-SCALE,annual,55,0.186,2024-04-01,2024-06-01,plan_change,,
SUB-00207-02,CUS-00207,PLN-SCALE,annual,68,0.186,2024-06-01,2025-05-01,plan_change,,
SUB-00207-03,CUS-00207,PLN-SCALE,annual,45,0.186,2025-05-01,2025-09-01,plan_change,,
SUB-00207-04,CUS-00207,PLN-SCALE,annual,52,0.186,2025-09-01,2026-04-01,plan_change,,
SUB-00207-05,CUS-00207,PLN-GROWTH,annual,32,0.186,2026-04-01,,,,
SUB-00208-00,CUS-00208,PLN-SCALE,monthly,45,0.06,2023-11-01,2024-08-01,plan_change,,
SUB-00208-01,CUS-00208,PLN-SCALE,monthly,49,0.06,2024-08-01,2025-03-01,plan_change,,
SUB-00208-02,CUS-00208,PLN-SCALE,monthly,64,0.06,2025-03-01,2025-08-01,churn,involuntary,Payment failure
SUB-00209-00,CUS-00209,PLN-STARTER,monthly,6,0.0,2023-12-01,2024-02-01,churn,voluntary,Poor support experience
SUB-00210-00,CUS-00210,PLN-GROWTH,monthly,13,0.056,2023-12-01,2025-04-01,plan_change,,
SUB-00210-01,CUS-00210,PLN-GROWTH,monthly,18,0.056,2025-04-01,2025-07-01,plan_change,,
SUB-00210-02,CUS-00210,PLN-GROWTH,monthly,25,0.056,2025-07-01,2025-11-01,plan_change,,
SUB-00210-03,CUS-00210,PLN-GROWTH,monthly,31,0.056,2025-11-01,,,,
SUB-00211-00,CUS-00211,PLN-STARTER,monthly,5,0.066,2023-12-01,,,,
SUB-00212-00,CUS-00212,PLN-SCALE,annual,176,0.131,2023-12-01,2025-02-01,plan_change,,
SUB-00212-01,CUS-00212,PLN-SCALE,annual,236,0.131,2025-02-01,2025-05-01,plan_change,,
SUB-00212-02,CUS-00212,PLN-SCALE,annual,165,0.131,2025-05-01,2025-09-01,plan_change,,
SUB-00212-03,CUS-00212,PLN-SCALE,annual,213,0.131,2025-09-01,2026-01-01,plan_change,,
SUB-00212-04,CUS-00212,PLN-SCALE,annual,247,0.131,2026-01-01,,,,
SUB-00213-00,CUS-00213,PLN-SCALE,monthly,79,0.02,2023-12-01,2024-08-01,plan_change,,
SUB-00213-01,CUS-00213,PLN-SCALE,monthly,90,0.02,2024-08-01,2024-12-01,churn,voluntary,Switched to competitor
SUB-00214-00,CUS-00214,PLN-GROWTH,monthly,15,0.0,2023-12-01,2024-04-01,plan_change,,
SUB-00214-01,CUS-00214,PLN-GROWTH,monthly,10,0.0,2024-04-01,2024-08-01,plan_change,,
SUB-00214-02,CUS-00214,PLN-GROWTH,monthly,14,0.0,2024-08-01,2024-09-01,plan_change,,
SUB-00214-03,CUS-00214,PLN-GROWTH,monthly,16,0.0,2024-09-01,2024-11-01,plan_change,,
SUB-00214-04,CUS-00214,PLN-GROWTH,monthly,18,0.0,2024-11-01,2025-06-01,plan_change,,
SUB-00214-05,CUS-00214,PLN-GROWTH,monthly,22,0.0,2025-06-01,2026-03-01,plan_change,,
SUB-00214-06,CUS-00214,PLN-GROWTH,monthly,30,0.0,2026-03-01,2026-04-01,churn,voluntary,Switched to competitor
SUB-00215-00,CUS-00215,PLN-STARTER,monthly,6,0.06,2023-12-01,2024-01-01,churn,involuntary,Payment failure
SUB-00216-00,CUS-00216,PLN-ENTERPRISE,annual,433,0.2,2023-12-01,2024-01-01,plan_change,,
SUB-00216-01,CUS-00216,PLN-ENTERPRISE,annual,459,0.2,2024-01-01,2024-05-01,plan_change,,
SUB-00216-02,CUS-00216,PLN-ENTERPRISE,annual,488,0.2,2024-05-01,2024-06-01,plan_change,,
SUB-00216-03,CUS-00216,PLN-ENTERPRISE,annual,640,0.2,2024-06-01,2026-04-01,plan_change,,
SUB-00216-04,CUS-00216,PLN-ENTERPRISE,annual,808,0.2,2026-04-01,,,,
SUB-00217-00,CUS-00217,PLN-GROWTH,monthly,44,0.024,2023-12-01,2024-12-01,plan_change,,
SUB-00217-01,CUS-00217,PLN-GROWTH,monthly,54,0.024,2024-12-01,2025-01-01,plan_change,,
SUB-00217-02,CUS-00217,PLN-GROWTH,monthly,72,0.024,2025-01-01,2025-06-01,plan_change,,
SUB-00217-03,CUS-00217,PLN-GROWTH,monthly,85,0.024,2025-06-01,2026-03-01,plan_change,,
SUB-00217-04,CUS-00217,PLN-SCALE,monthly,113,0.024,2026-03-01,2026-05-01,plan_change,,
SUB-00217-05,CUS-00217,PLN-SCALE,monthly,153,0.024,2026-05-01,,,,
SUB-00218-00,CUS-00218,PLN-GROWTH,monthly,20,0.055,2023-12-01,2024-06-01,plan_change,,
SUB-00218-01,CUS-00218,PLN-GROWTH,monthly,23,0.055,2024-06-01,2024-08-01,plan_change,,
SUB-00218-02,CUS-00218,PLN-GROWTH,monthly,32,0.055,2024-08-01,2024-10-01,plan_change,,
SUB-00218-03,CUS-00218,PLN-GROWTH,monthly,25,0.055,2024-10-01,2024-11-01,plan_change,,
SUB-00218-04,CUS-00218,PLN-GROWTH,monthly,35,0.055,2024-11-01,2025-05-01,churn,voluntary,Low adoption
SUB-00219-00,CUS-00219,PLN-SCALE,annual,76,0.212,2023-12-01,2024-05-01,plan_change,,
SUB-00219-01,CUS-00219,PLN-SCALE,annual,93,0.212,2024-05-01,2024-11-01,plan_change,,
SUB-00219-02,CUS-00219,PLN-SCALE,annual,130,0.212,2024-11-01,2025-01-01,plan_change,,
SUB-00219-03,CUS-00219,PLN-SCALE,annual,77,0.212,2025-01-01,2025-03-01,plan_change,,
SUB-00219-04,CUS-00219,PLN-SCALE,annual,111,0.212,2025-03-01,,,,
SUB-00220-00,CUS-00220,PLN-GROWTH,monthly,34,0.046,2023-12-01,2024-01-01,plan_change,,
SUB-00220-01,CUS-00220,PLN-GROWTH,monthly,45,0.046,2024-01-01,2024-02-01,churn,voluntary,Price / budget cuts
SUB-00221-00,CUS-00221,PLN-STARTER,monthly,3,0.001,2023-12-01,2024-02-01,plan_change,,
SUB-00221-01,CUS-00221,PLN-STARTER,monthly,4,0.001,2024-02-01,2024-05-01,churn,voluntary,Missing functionality
SUB-00222-00,CUS-00222,PLN-GROWTH,monthly,42,0.04,2023-12-01,2024-09-01,plan_change,,
SUB-00222-01,CUS-00222,PLN-GROWTH,monthly,55,0.04,2024-09-01,2025-02-01,plan_change,,
SUB-00222-02,CUS-00222,PLN-GROWTH,monthly,65,0.04,2025-02-01,2025-05-01,plan_change,,
SUB-00222-03,CUS-00222,PLN-GROWTH,monthly,50,0.04,2025-05-01,2025-07-01,plan_change,,
SUB-00222-04,CUS-00222,PLN-GROWTH,monthly,61,0.04,2025-07-01,2025-11-01,plan_change,,
SUB-00222-05,CUS-00222,PLN-GROWTH,monthly,88,0.04,2025-11-01,2026-02-01,plan_change,,
SUB-00222-06,CUS-00222,PLN-SCALE,monthly,111,0.04,2026-02-01,,,,
SUB-00223-00,CUS-00223,PLN-GROWTH,monthly,10,0.006,2023-12-01,2024-01-01,plan_change,,
SUB-00223-01,CUS-00223,PLN-GROWTH,monthly,12,0.006,2024-01-01,,,,
SUB-00224-00,CUS-00224,PLN-GROWTH,monthly,14,0.077,2023-12-01,2025-01-01,plan_change,,
SUB-00224-01,CUS-00224,PLN-STARTER,monthly,8,0.077,2025-01-01,2026-01-01,churn,voluntary,Poor support experience
SUB-00225-00,CUS-00225,PLN-GROWTH,monthly,16,0.0,2023-12-01,2025-03-01,plan_change,,
SUB-00225-01,CUS-00225,PLN-GROWTH,monthly,18,0.0,2025-03-01,2026-05-01,plan_change,,
SUB-00225-02,CUS-00225,PLN-GROWTH,monthly,12,0.0,2026-05-01,2026-06-01,plan_change,,
SUB-00225-03,CUS-00225,PLN-GROWTH,monthly,13,0.0,2026-06-01,2026-07-01,plan_change,,
SUB-00225-04,CUS-00225,PLN-GROWTH,monthly,19,0.0,2026-07-01,,,,
SUB-00226-00,CUS-00226,PLN-GROWTH,monthly,21,0.035,2023-12-01,2024-12-01,churn,involuntary,Payment failure
SUB-00227-00,CUS-00227,PLN-GROWTH,monthly,18,0.01,2023-12-01,2024-08-01,plan_change,,
SUB-00227-01,CUS-00227,PLN-GROWTH,monthly,16,0.01,2024-08-01,2024-12-01,churn,voluntary,Price / budget cuts
SUB-00228-00,CUS-00228,PLN-GROWTH,monthly,37,0.079,2023-12-01,2024-08-01,plan_change,,
SUB-00228-01,CUS-00228,PLN-GROWTH,monthly,52,0.079,2024-08-01,2025-05-01,plan_change,,
SUB-00228-02,CUS-00228,PLN-GROWTH,monthly,67,0.079,2025-05-01,2025-08-01,plan_change,,
SUB-00228-03,CUS-00228,PLN-GROWTH,monthly,47,0.079,2025-08-01,2026-07-01,plan_change,,
SUB-00228-04,CUS-00228,PLN-GROWTH,monthly,60,0.079,2026-07-01,,,,
SUB-00229-00,CUS-00229,PLN-GROWTH,annual,11,0.214,2023-12-01,2024-04-01,plan_change,,
SUB-00229-01,CUS-00229,PLN-STARTER,annual,8,0.214,2024-04-01,2025-06-01,plan_change,,
SUB-00229-02,CUS-00229,PLN-STARTER,annual,6,0.214,2025-06-01,2025-09-01,plan_change,,
SUB-00229-03,CUS-00229,PLN-STARTER,annual,8,0.214,2025-09-01,2025-12-01,plan_change,,
SUB-00229-04,CUS-00229,PLN-STARTER,annual,9,0.214,2025-12-01,,,,
SUB-00230-00,CUS-00230,PLN-SCALE,annual,115,0.183,2023-12-01,2024-01-01,plan_change,,
SUB-00230-01,CUS-00230,PLN-SCALE,annual,99,0.183,2024-01-01,2024-05-01,plan_change,,
SUB-00230-02,CUS-00230,PLN-SCALE,annual,55,0.183,2024-05-01,2024-09-01,plan_change,,
SUB-00230-03,CUS-00230,PLN-SCALE,annual,71,0.183,2024-09-01,2024-12-01,churn,voluntary,Switched to competitor
SUB-00231-00,CUS-00231,PLN-STARTER,monthly,3,0.0,2023-12-01,2024-01-01,plan_change,,
SUB-00231-01,CUS-00231,PLN-STARTER,monthly,4,0.0,2024-01-01,2024-04-01,plan_change,,
SUB-00231-02,CUS-00231,PLN-STARTER,monthly,6,0.0,2024-04-01,2024-07-01,plan_change,,
SUB-00231-03,CUS-00231,PLN-STARTER,monthly,5,0.0,2024-07-01,2025-03-01,plan_change,,
SUB-00231-04,CUS-00231,PLN-STARTER,monthly,4,0.0,2025-03-01,2026-01-01,plan_change,,
SUB-00231-05,CUS-00231,PLN-STARTER,monthly,2,0.0,2026-01-01,,,,
SUB-00232-00,CUS-00232,PLN-STARTER,monthly,5,0.027,2023-12-01,2024-04-01,churn,voluntary,Missing functionality
SUB-00233-00,CUS-00233,PLN-STARTER,monthly,13,0.079,2023-12-01,2024-04-01,plan_change,,
SUB-00233-01,CUS-00233,PLN-STARTER,monthly,17,0.079,2024-04-01,2024-06-01,plan_change,,
SUB-00233-02,CUS-00233,PLN-STARTER,monthly,18,0.079,2024-06-01,2024-08-01,plan_change,,
SUB-00233-03,CUS-00233,PLN-STARTER,monthly,22,0.079,2024-08-01,2024-11-01,plan_change,,
SUB-00233-04,CUS-00233,PLN-STARTER,monthly,20,0.079,2024-11-01,2024-12-01,plan_change,,
SUB-00233-05,CUS-00233,PLN-GROWTH,monthly,27,0.079,2024-12-01,2025-01-01,plan_change,,
SUB-00233-06,CUS-00233,PLN-GROWTH,monthly,16,0.079,2025-01-01,2025-04-01,plan_change,,
SUB-00233-07,CUS-00233,PLN-GROWTH,monthly,19,0.079,2025-04-01,,,,
SUB-00234-00,CUS-00234,PLN-STARTER,monthly,3,0.076,2023-12-01,2024-01-01,churn,voluntary,Low adoption
SUB-00235-00,CUS-00235,PLN-GROWTH,monthly,28,0.0,2023-12-01,2024-02-01,churn,voluntary,Poor support experience
SUB-00236-00,CUS-00236,PLN-GROWTH,annual,22,0.179,2024-01-01,2024-07-01,plan_change,,
SUB-00236-01,CUS-00236,PLN-GROWTH,annual,18,0.179,2024-07-01,2025-01-01,churn,voluntary,Company acquired or closed
SUB-00237-00,CUS-00237,PLN-SCALE,monthly,52,0.103,2024-01-01,2025-02-01,plan_change,,
SUB-00237-01,CUS-00237,PLN-SCALE,monthly,46,0.103,2025-02-01,2025-04-01,churn,voluntary,Poor support experience
SUB-00238-00,CUS-00238,PLN-STARTER,monthly,5,0.076,2024-01-01,2024-02-01,plan_change,,
SUB-00238-01,CUS-00238,PLN-STARTER,monthly,6,0.076,2024-02-01,2024-03-01,plan_change,,
SUB-00238-02,CUS-00238,PLN-STARTER,monthly,4,0.076,2024-03-01,2025-09-01,plan_change,,
SUB-00238-03,CUS-00238,PLN-STARTER,monthly,5,0.076,2025-09-01,2026-04-01,plan_change,,
SUB-00238-04,CUS-00238,PLN-STARTER,monthly,6,0.076,2026-04-01,,,,
SUB-00239-00,CUS-00239,PLN-GROWTH,annual,49,0.209,2024-01-01,2025-02-01,plan_change,,
SUB-00239-01,CUS-00239,PLN-GROWTH,annual,62,0.209,2025-02-01,2025-06-01,plan_change,,
SUB-00239-02,CUS-00239,PLN-GROWTH,annual,69,0.209,2025-06-01,2025-10-01,plan_change,,
SUB-00239-03,CUS-00239,PLN-SCALE,annual,97,0.209,2025-10-01,2026-03-01,plan_change,,
SUB-00239-04,CUS-00239,PLN-SCALE,annual,133,0.209,2026-03-01,,,,
SUB-00240-00,CUS-00240,PLN-GROWTH,annual,41,0.142,2024-01-01,2024-04-01,plan_change,,
SUB-00240-01,CUS-00240,PLN-GROWTH,annual,48,0.142,2024-04-01,2024-11-01,plan_change,,
SUB-00240-02,CUS-00240,PLN-GROWTH,annual,60,0.142,2024-11-01,2025-04-01,plan_change,,
SUB-00240-03,CUS-00240,PLN-GROWTH,annual,47,0.142,2025-04-01,,,,
SUB-00241-00,CUS-00241,PLN-STARTER,annual,11,0.091,2024-01-01,2025-01-01,plan_change,,
SUB-00241-01,CUS-00241,PLN-STARTER,annual,16,0.091,2025-01-01,2025-04-01,plan_change,,
SUB-00241-02,CUS-00241,PLN-STARTER,annual,12,0.091,2025-04-01,2026-02-01,plan_change,,
SUB-00241-03,CUS-00241,PLN-STARTER,annual,8,0.091,2026-02-01,2026-06-01,churn,voluntary,Low adoption
SUB-00242-00,CUS-00242,PLN-GROWTH,annual,14,0.114,2024-01-01,2024-04-01,plan_change,,
SUB-00242-01,CUS-00242,PLN-GROWTH,annual,11,0.114,2024-04-01,2024-05-01,plan_change,,
SUB-00242-02,CUS-00242,PLN-GROWTH,annual,14,0.114,2024-05-01,2025-05-01,plan_change,,
SUB-00242-03,CUS-00242,PLN-GROWTH,annual,20,0.114,2025-05-01,,,,
SUB-00243-00,CUS-00243,PLN-GROWTH,annual,15,0.2,2024-01-01,2024-03-01,plan_change,,
SUB-00243-01,CUS-00243,PLN-GROWTH,annual,17,0.2,2024-03-01,2024-12-01,plan_change,,
SUB-00243-02,CUS-00243,PLN-GROWTH,annual,20,0.2,2024-12-01,2025-01-01,plan_change,,
SUB-00243-03,CUS-00243,PLN-GROWTH,annual,27,0.2,2025-01-01,2025-03-01,plan_change,,
SUB-00243-04,CUS-00243,PLN-GROWTH,annual,31,0.2,2025-03-01,2025-10-01,plan_change,,
SUB-00243-05,CUS-00243,PLN-GROWTH,annual,44,0.2,2025-10-01,,,,
SUB-00244-00,CUS-00244,PLN-GROWTH,monthly,12,0.0,2024-01-01,2024-04-01,churn,involuntary,Payment failure
SUB-00245-00,CUS-00245,PLN-STARTER,monthly,8,0.063,2024-01-01,2025-01-01,churn,voluntary,Missing functionality
SUB-00246-00,CUS-00246,PLN-GROWTH,annual,19,0.143,2024-01-01,2024-03-01,plan_change,,
SUB-00246-01,CUS-00246,PLN-GROWTH,annual,22,0.143,2024-03-01,2025-01-01,churn,voluntary,Low adoption
SUB-00247-00,CUS-00247,PLN-SCALE,annual,83,0.191,2024-01-01,2024-07-01,plan_change,,
SUB-00247-01,CUS-00247,PLN-SCALE,annual,96,0.191,2024-07-01,2024-08-01,plan_change,,
SUB-00247-02,CUS-00247,PLN-SCALE,annual,132,0.191,2024-08-01,2025-01-01,churn,voluntary,Price / budget cuts
SUB-00248-00,CUS-00248,PLN-GROWTH,monthly,46,0.062,2024-01-01,2024-06-01,plan_change,,
SUB-00248-01,CUS-00248,PLN-GROWTH,monthly,51,0.062,2024-06-01,2024-10-01,plan_change,,
SUB-00248-02,CUS-00248,PLN-GROWTH,monthly,57,0.062,2024-10-01,2025-09-01,plan_change,,
SUB-00248-03,CUS-00248,PLN-GROWTH,monthly,63,0.062,2025-09-01,2026-01-01,churn,involuntary,Payment failure
SUB-00249-00,CUS-00249,PLN-GROWTH,annual,23,0.156,2024-01-01,2024-11-01,plan_change,,
SUB-00249-01,CUS-00249,PLN-GROWTH,annual,31,0.156,2024-11-01,2025-01-01,churn,voluntary,Poor support experience
SUB-00249-02,CUS-00249,PLN-GROWTH,annual,26,0.156,2025-03-01,2026-06-01,plan_change,,
SUB-00249-03,CUS-00249,PLN-GROWTH,annual,36,0.156,2026-06-01,2026-08-01,plan_change,,
SUB-00249-04,CUS-00249,PLN-GROWTH,annual,39,0.156,2026-08-01,,,,
SUB-00250-00,CUS-00250,PLN-STARTER,monthly,6,0.0,2024-01-01,2024-03-01,plan_change,,
SUB-00250-01,CUS-00250,PLN-STARTER,monthly,5,0.0,2024-03-01,2024-05-01,plan_change,,
SUB-00250-02,CUS-00250,PLN-STARTER,monthly,4,0.0,2024-05-01,2024-11-01,plan_change,,
SUB-00250-03,CUS-00250,PLN-STARTER,monthly,5,0.0,2024-11-01,2024-12-01,churn,voluntary,Switched to competitor
SUB-00251-00,CUS-00251,PLN-GROWTH,monthly,12,0.022,2024-01-01,2024-08-01,plan_change,,
SUB-00251-01,CUS-00251,PLN-GROWTH,monthly,16,0.022,2024-08-01,,,,
SUB-00252-00,CUS-00252,PLN-SCALE,annual,74,0.201,2024-01-01,2024-02-01,churn,involuntary,Payment failure
SUB-00253-00,CUS-00253,PLN-GROWTH,monthly,15,0.069,2024-01-01,2024-12-01,churn,voluntary,Poor support experience
SUB-00254-00,CUS-00254,PLN-STARTER,monthly,5,0.069,2024-01-01,2024-04-01,plan_change,,
SUB-00254-01,CUS-00254,PLN-STARTER,monthly,4,0.069,2024-04-01,2024-08-01,plan_change,,
SUB-00254-02,CUS-00254,PLN-STARTER,monthly,5,0.069,2024-08-01,2025-04-01,churn,voluntary,Low adoption
SUB-00254-03,CUS-00254,PLN-STARTER,monthly,4,0.069,2025-07-01,,,,
SUB-00255-00,CUS-00255,PLN-STARTER,monthly,2,0.039,2024-01-01,2024-09-01,churn,voluntary,Missing functionality
SUB-00256-00,CUS-00256,PLN-GROWTH,monthly,17,0.0,2024-01-01,2024-03-01,churn,voluntary,Switched to competitor
SUB-00257-00,CUS-00257,PLN-STARTER,monthly,4,0.002,2024-01-01,2025-05-01,plan_change,,
SUB-00257-01,CUS-00257,PLN-STARTER,monthly,5,0.002,2025-05-01,,,,
SUB-00258-00,CUS-00258,PLN-STARTER,monthly,4,0.0,2024-01-01,2025-05-01,plan_change,,
SUB-00258-01,CUS-00258,PLN-STARTER,monthly,5,0.0,2025-05-01,2025-07-01,plan_change,,
SUB-00258-02,CUS-00258,PLN-STARTER,monthly,7,0.0,2025-07-01,2025-12-01,plan_change,,
SUB-00258-03,CUS-00258,PLN-STARTER,monthly,9,0.0,2025-12-01,,,,
SUB-00259-00,CUS-00259,PLN-STARTER,monthly,5,0.0,2024-01-01,2024-04-01,plan_change,,
SUB-00259-01,CUS-00259,PLN-STARTER,monthly,7,0.0,2024-04-01,2024-07-01,churn,voluntary,Company acquired or closed
SUB-00259-02,CUS-00259,PLN-STARTER,monthly,5,0.0,2024-11-01,2025-01-01,churn,voluntary,Price / budget cuts
SUB-00260-00,CUS-00260,PLN-GROWTH,monthly,26,0.035,2024-01-01,2025-03-01,plan_change,,
SUB-00260-01,CUS-00260,PLN-GROWTH,monthly,29,0.035,2025-03-01,2025-12-01,churn,voluntary,Missing functionality
SUB-00261-00,CUS-00261,PLN-GROWTH,annual,21,0.138,2024-01-01,2024-05-01,plan_change,,
SUB-00261-01,CUS-00261,PLN-GROWTH,annual,18,0.138,2024-05-01,2024-06-01,plan_change,,
SUB-00261-02,CUS-00261,PLN-GROWTH,annual,24,0.138,2024-06-01,2024-08-01,plan_change,,
SUB-00261-03,CUS-00261,PLN-GROWTH,annual,35,0.138,2024-08-01,2024-10-01,plan_change,,
SUB-00261-04,CUS-00261,PLN-GROWTH,annual,40,0.138,2024-10-01,2024-12-01,plan_change,,
SUB-00261-05,CUS-00261,PLN-GROWTH,annual,27,0.138,2024-12-01,2025-05-01,plan_change,,
SUB-00261-06,CUS-00261,PLN-GROWTH,annual,36,0.138,2025-05-01,,,,
SUB-00262-00,CUS-00262,PLN-STARTER,annual,7,0.139,2024-01-01,2024-11-01,plan_change,,
SUB-00262-01,CUS-00262,PLN-STARTER,annual,9,0.139,2024-11-01,2025-08-01,plan_change,,
SUB-00262-02,CUS-00262,PLN-STARTER,annual,8,0.139,2025-08-01,2026-03-01,plan_change,,
SUB-00262-03,CUS-00262,PLN-STARTER,annual,11,0.139,2026-03-01,,,,
SUB-00263-00,CUS-00263,PLN-GROWTH,monthly,39,0.037,2024-02-01,2024-09-01,churn,voluntary,Low adoption
SUB-00264-00,CUS-00264,PLN-GROWTH,monthly,15,0.0,2024-02-01,2024-09-01,plan_change,,
SUB-00264-01,CUS-00264,PLN-GROWTH,monthly,16,0.0,2024-09-01,2025-02-01,plan_change,,
SUB-00264-02,CUS-00264,PLN-GROWTH,monthly,21,0.0,2025-02-01,2025-07-01,plan_change,,
SUB-00264-03,CUS-00264,PLN-GROWTH,monthly,30,0.0,2025-07-01,2025-08-01,plan_change,,
SUB-00264-04,CUS-00264,PLN-GROWTH,monthly,27,0.0,2025-08-01,,,,
SUB-00265-00,CUS-00265,PLN-STARTER,monthly,12,0.0,2024-02-01,2024-03-01,churn,voluntary,Switched to competitor
SUB-00266-00,CUS-00266,PLN-STARTER,annual,3,0.151,2024-02-01,2025-04-01,plan_change,,
SUB-00266-01,CUS-00266,PLN-STARTER,annual,4,0.151,2025-04-01,2025-09-01,plan_change,,
SUB-00266-02,CUS-00266,PLN-STARTER,annual,5,0.151,2025-09-01,,,,
SUB-00267-00,CUS-00267,PLN-GROWTH,monthly,13,0.099,2024-02-01,2024-04-01,plan_change,,
SUB-00267-01,CUS-00267,PLN-GROWTH,monthly,17,0.099,2024-04-01,2024-05-01,churn,voluntary,Price / budget cuts
SUB-00268-00,CUS-00268,PLN-GROWTH,monthly,31,0.079,2024-02-01,2024-06-01,churn,voluntary,Low adoption
SUB-00269-00,CUS-00269,PLN-STARTER,monthly,11,0.064,2024-02-01,2024-06-01,plan_change,,
SUB-00269-01,CUS-00269,PLN-STARTER,monthly,13,0.064,2024-06-01,2024-08-01,plan_change,,
SUB-00269-02,CUS-00269,PLN-STARTER,monthly,15,0.064,2024-08-01,2025-03-01,plan_change,,
SUB-00269-03,CUS-00269,PLN-STARTER,monthly,16,0.064,2025-03-01,2026-07-01,plan_change,,
SUB-00269-04,CUS-00269,PLN-STARTER,monthly,22,0.064,2026-07-01,,,,
SUB-00270-00,CUS-00270,PLN-SCALE,monthly,60,0.066,2024-02-01,2024-08-01,plan_change,,
SUB-00270-01,CUS-00270,PLN-SCALE,monthly,69,0.066,2024-08-01,2026-02-01,plan_change,,
SUB-00270-02,CUS-00270,PLN-SCALE,monthly,83,0.066,2026-02-01,2026-03-01,plan_change,,
SUB-00270-03,CUS-00270,PLN-SCALE,monthly,89,0.066,2026-03-01,,,,
SUB-00271-00,CUS-00271,PLN-STARTER,monthly,2,0.008,2024-02-01,2024-03-01,churn,voluntary,Low adoption
SUB-00272-00,CUS-00272,PLN-STARTER,monthly,7,0.0,2024-02-01,2025-03-01,plan_change,,
SUB-00272-01,CUS-00272,PLN-STARTER,monthly,5,0.0,2025-03-01,2025-08-01,churn,voluntary,Missing functionality
SUB-00273-00,CUS-00273,PLN-SCALE,annual,123,0.216,2024-02-01,2024-04-01,plan_change,,
SUB-00273-01,CUS-00273,PLN-SCALE,annual,136,0.216,2024-04-01,2024-11-01,plan_change,,
SUB-00273-02,CUS-00273,PLN-SCALE,annual,165,0.216,2024-11-01,2026-01-01,plan_change,,
SUB-00273-03,CUS-00273,PLN-SCALE,annual,176,0.216,2026-01-01,,,,
SUB-00274-00,CUS-00274,PLN-GROWTH,annual,20,0.107,2024-02-01,2024-04-01,plan_change,,
SUB-00274-01,CUS-00274,PLN-GROWTH,annual,24,0.107,2024-04-01,2025-01-01,plan_change,,
SUB-00274-02,CUS-00274,PLN-GROWTH,annual,15,0.107,2025-01-01,2025-12-01,plan_change,,
SUB-00274-03,CUS-00274,PLN-GROWTH,annual,17,0.107,2025-12-01,,,,
SUB-00275-00,CUS-00275,PLN-STARTER,monthly,4,0.054,2024-02-01,2025-02-01,plan_change,,
SUB-00275-01,CUS-00275,PLN-STARTER,monthly,3,0.054,2025-02-01,2025-07-01,plan_change,,
SUB-00275-02,CUS-00275,PLN-STARTER,monthly,2,0.054,2025-07-01,2025-11-01,plan_change,,
SUB-00275-03,CUS-00275,PLN-STARTER,monthly,3,0.054,2025-11-01,,,,
SUB-00276-00,CUS-00276,PLN-GROWTH,monthly,38,0.0,2024-02-01,2024-04-01,plan_change,,
SUB-00276-01,CUS-00276,PLN-GROWTH,monthly,46,0.0,2024-04-01,2025-02-01,plan_change,,
SUB-00276-02,CUS-00276,PLN-GROWTH,monthly,56,0.0,2025-02-01,2025-07-01,plan_change,,
SUB-00276-03,CUS-00276,PLN-GROWTH,monthly,78,0.0,2025-07-01,2026-04-01,plan_change,,
SUB-00276-04,CUS-00276,PLN-SCALE,monthly,107,0.0,2026-04-01,2026-07-01,plan_change,,
SUB-00276-05,CUS-00276,PLN-SCALE,monthly,136,0.0,2026-07-01,,,,
SUB-00277-00,CUS-00277,PLN-GROWTH,monthly,39,0.0,2024-02-01,2024-03-01,plan_change,,
SUB-00277-01,CUS-00277,PLN-GROWTH,monthly,47,0.0,2024-03-01,2024-06-01,churn,voluntary,Switched to competitor
SUB-00278-00,CUS-00278,PLN-STARTER,annual,7,0.177,2024-02-01,2024-10-01,plan_change,,
SUB-00278-01,CUS-00278,PLN-STARTER,annual,8,0.177,2024-10-01,2025-03-01,plan_change,,
SUB-00278-02,CUS-00278,PLN-STARTER,annual,9,0.177,2025-03-01,2025-08-01,plan_change,,
SUB-00278-03,CUS-00278,PLN-STARTER,annual,12,0.177,2025-08-01,2025-09-01,plan_change,,
SUB-00278-04,CUS-00278,PLN-STARTER,annual,7,0.177,2025-09-01,,,,
SUB-00279-00,CUS-00279,PLN-GROWTH,monthly,22,0.0,2024-02-01,2024-03-01,plan_change,,
SUB-00279-01,CUS-00279,PLN-GROWTH,monthly,29,0.0,2024-03-01,2025-02-01,plan_change,,
SUB-00279-02,CUS-00279,PLN-GROWTH,monthly,27,0.0,2025-02-01,2025-04-01,churn,voluntary,Poor support experience
SUB-00280-00,CUS-00280,PLN-SCALE,annual,156,0.185,2024-02-01,2024-07-01,plan_change,,
SUB-00280-01,CUS-00280,PLN-SCALE,annual,212,0.185,2024-07-01,2024-08-01,plan_change,,
SUB-00280-02,CUS-00280,PLN-SCALE,annual,307,0.185,2024-08-01,2026-01-01,plan_change,,
SUB-00280-03,CUS-00280,PLN-SCALE,annual,233,0.185,2026-01-01,,,,
SUB-00281-00,CUS-00281,PLN-STARTER,monthly,12,0.058,2024-02-01,2024-04-01,plan_change,,
SUB-00281-01,CUS-00281,PLN-STARTER,monthly,8,0.058,2024-04-01,2024-06-01,churn,involuntary,Payment failure
SUB-00282-00,CUS-00282,PLN-GROWTH,monthly,44,0.021,2024-02-01,2024-07-01,plan_change,,
SUB-00282-01,CUS-00282,PLN-GROWTH,monthly,59,0.021,2024-07-01,2024-08-01,plan_change,,
SUB-00282-02,CUS-00282,PLN-GROWTH,monthly,75,0.021,2024-08-01,2024-12-01,plan_change,,
SUB-00282-03,CUS-00282,PLN-SCALE,monthly,92,0.021,2024-12-01,2025-05-01,plan_change,,
SUB-00282-04,CUS-00282,PLN-SCALE,monthly,72,0.021,2025-05-01,2025-07-01,plan_change,,
SUB-00282-05,CUS-00282,PLN-SCALE,monthly,57,0.021,2025-07-01,2025-11-01,plan_change,,
SUB-00282-06,CUS-00282,PLN-SCALE,monthly,72,0.021,2025-11-01,2026-04-01,plan_change,,
SUB-00282-07,CUS-00282,PLN-SCALE,monthly,51,0.021,2026-04-01,2026-05-01,plan_change,,
SUB-00282-08,CUS-00282,PLN-SCALE,monthly,70,0.021,2026-05-01,,,,
SUB-00283-00,CUS-00283,PLN-GROWTH,monthly,14,0.076,2024-02-01,2024-12-01,churn,voluntary,Low adoption
SUB-00283-01,CUS-00283,PLN-GROWTH,monthly,13,0.076,2025-08-01,2026-04-01,plan_change,,
SUB-00283-02,CUS-00283,PLN-GROWTH,monthly,10,0.076,2026-04-01,,,,
SUB-00284-00,CUS-00284,PLN-GROWTH,monthly,37,0.004,2024-02-01,2024-05-01,plan_change,,
SUB-00284-01,CUS-00284,PLN-GROWTH,monthly,51,0.004,2024-05-01,2024-06-01,plan_change,,
SUB-00284-02,CUS-00284,PLN-GROWTH,monthly,68,0.004,2024-06-01,2024-11-01,plan_change,,
SUB-00284-03,CUS-00284,PLN-GROWTH,monthly,75,0.004,2024-11-01,2025-02-01,plan_change,,
SUB-00284-04,CUS-00284,PLN-SCALE,monthly,103,0.004,2025-02-01,2026-06-01,churn,involuntary,Payment failure
SUB-00285-00,CUS-00285,PLN-SCALE,annual,94,0.161,2024-02-01,2025-03-01,plan_change,,
SUB-00285-01,CUS-00285,PLN-SCALE,annual,109,0.161,2025-03-01,,,,
SUB-00286-00,CUS-00286,PLN-GROWTH,monthly,32,0.0,2024-03-01,2024-05-01,churn,voluntary,Switched to competitor
SUB-00287-00,CUS-00287,PLN-SCALE,annual,117,0.162,2024-03-01,2024-06-01,plan_change,,
SUB-00287-01,CUS-00287,PLN-SCALE,annual,160,0.162,2024-06-01,2024-08-01,plan_change,,
SUB-00287-02,CUS-00287,PLN-SCALE,annual,201,0.162,2024-08-01,2024-09-01,plan_change,,
SUB-00287-03,CUS-00287,PLN-SCALE,annual,164,0.162,2024-09-01,2024-10-01,plan_change,,
SUB-00287-04,CUS-00287,PLN-SCALE,annual,115,0.162,2024-10-01,2025-01-01,plan_change,,
SUB-00287-05,CUS-00287,PLN-SCALE,annual,123,0.162,2025-01-01,2025-02-01,plan_change,,
SUB-00287-06,CUS-00287,PLN-SCALE,annual,157,0.162,2025-02-01,2025-03-01,plan_change,,
SUB-00287-07,CUS-00287,PLN-SCALE,annual,170,0.162,2025-03-01,2025-11-01,plan_change,,
SUB-00287-08,CUS-00287,PLN-SCALE,annual,222,0.162,2025-11-01,2026-07-01,plan_change,,
SUB-00287-09,CUS-00287,PLN-SCALE,annual,311,0.162,2026-07-01,,,,
SUB-00288-00,CUS-00288,PLN-SCALE,annual,124,0.163,2024-03-01,2024-05-01,plan_change,,
SUB-00288-01,CUS-00288,PLN-SCALE,annual,173,0.163,2024-05-01,2025-04-01,plan_change,,
SUB-00288-02,CUS-00288,PLN-SCALE,annual,208,0.163,2025-04-01,2025-12-01,plan_change,,
SUB-00288-03,CUS-00288,PLN-SCALE,annual,244,0.163,2025-12-01,,,,
SUB-00289-00,CUS-00289,PLN-GROWTH,annual,49,0.126,2024-03-01,2024-05-01,churn,voluntary,Switched to competitor
SUB-00290-00,CUS-00290,PLN-SCALE,monthly,72,0.097,2024-03-01,2024-05-01,plan_change,,
SUB-00290-01,CUS-00290,PLN-SCALE,monthly,90,0.097,2024-05-01,2024-06-01,plan_change,,
SUB-00290-02,CUS-00290,PLN-SCALE,monthly,75,0.097,2024-06-01,2025-06-01,plan_change,,
SUB-00290-03,CUS-00290,PLN-SCALE,monthly,97,0.097,2025-06-01,2026-03-01,plan_change,,
SUB-00290-04,CUS-00290,PLN-SCALE,monthly,113,0.097,2026-03-01,,,,
SUB-00291-00,CUS-00291,PLN-STARTER,annual,11,0.092,2024-03-01,2026-02-01,plan_change,,
SUB-00291-01,CUS-00291,PLN-STARTER,annual,13,0.092,2026-02-01,2026-07-01,plan_change,,
SUB-00291-02,CUS-00291,PLN-STARTER,annual,19,0.092,2026-07-01,,,,
SUB-00292-00,CUS-00292,PLN-STARTER,monthly,4,0.023,2024-03-01,2024-07-01,churn,voluntary,Low adoption
SUB-00293-00,CUS-00293,PLN-GROWTH,monthly,30,0.079,2024-03-01,2024-11-01,plan_change,,
SUB-00293-01,CUS-00293,PLN-GROWTH,monthly,35,0.079,2024-11-01,2025-02-01,churn,voluntary,Low adoption
SUB-00294-00,CUS-00294,PLN-STARTER,monthly,10,0.022,2024-03-01,2024-05-01,churn,involuntary,Payment failure
SUB-00295-00,CUS-00295,PLN-SCALE,monthly,106,0.027,2024-03-01,2025-02-01,plan_change,,
SUB-00295-01,CUS-00295,PLN-SCALE,monthly,117,0.027,2025-02-01,2026-06-01,plan_change,,
SUB-00295-02,CUS-00295,PLN-SCALE,monthly,165,0.027,2026-06-01,,,,
SUB-00296-00,CUS-00296,PLN-STARTER,monthly,13,0.041,2024-03-01,2024-05-01,churn,voluntary,Price / budget cuts
SUB-00297-00,CUS-00297,PLN-STARTER,monthly,7,0.029,2024-03-01,2024-07-01,plan_change,,
SUB-00297-01,CUS-00297,PLN-STARTER,monthly,9,0.029,2024-07-01,2025-03-01,plan_change,,
SUB-00297-02,CUS-00297,PLN-STARTER,monthly,10,0.029,2025-03-01,2026-05-01,churn,involuntary,Payment failure
SUB-00298-00,CUS-00298,PLN-SCALE,annual,112,0.168,2024-03-01,2024-04-01,plan_change,,
SUB-00298-01,CUS-00298,PLN-SCALE,annual,100,0.168,2024-04-01,2024-12-01,plan_change,,
SUB-00298-02,CUS-00298,PLN-SCALE,annual,133,0.168,2024-12-01,2026-03-01,plan_change,,
SUB-00298-03,CUS-00298,PLN-SCALE,annual,185,0.168,2026-03-01,2026-05-01,plan_change,,
SUB-00298-04,CUS-00298,PLN-SCALE,annual,228,0.168,2026-05-01,,,,
SUB-00299-00,CUS-00299,PLN-STARTER,monthly,11,0.069,2024-03-01,2024-07-01,plan_change,,
SUB-00299-01,CUS-00299,PLN-STARTER,monthly,15,0.069,2024-07-01,2024-10-01,churn,voluntary,Price / budget cuts
SUB-00300-00,CUS-00300,PLN-STARTER,monthly,8,0.0,2024-03-01,2024-09-01,churn,involuntary,Payment failure
SUB-00301-00,CUS-00301,PLN-STARTER,annual,5,0.17,2024-03-01,2024-09-01,plan_change,,
SUB-00301-01,CUS-00301,PLN-STARTER,annual,7,0.17,2024-09-01,2025-07-01,plan_change,,
SUB-00301-02,CUS-00301,PLN-STARTER,annual,10,0.17,2025-07-01,,,,
SUB-00302-00,CUS-00302,PLN-STARTER,monthly,3,0.0,2024-03-01,2024-04-01,plan_change,,
SUB-00302-01,CUS-00302,PLN-STARTER,monthly,2,0.0,2024-04-01,2024-06-01,churn,voluntary,Low adoption
SUB-00303-00,CUS-00303,PLN-SCALE,monthly,96,0.104,2024-03-01,2024-04-01,churn,voluntary,Low adoption
SUB-00304-00,CUS-00304,PLN-ENTERPRISE,monthly,173,0.086,2024-03-01,2025-09-01,plan_change,,
SUB-00304-01,CUS-00304,PLN-ENTERPRISE,monthly,249,0.086,2025-09-01,2025-11-01,plan_change,,
SUB-00304-02,CUS-00304,PLN-ENTERPRISE,monthly,197,0.086,2025-11-01,2026-03-01,plan_change,,
SUB-00304-03,CUS-00304,PLN-ENTERPRISE,monthly,264,0.086,2026-03-01,,,,
SUB-00305-00,CUS-00305,PLN-SCALE,annual,70,0.2,2024-03-01,2024-06-01,plan_change,,
SUB-00305-01,CUS-00305,PLN-SCALE,annual,94,0.2,2024-06-01,2024-07-01,plan_change,,
SUB-00305-02,CUS-00305,PLN-SCALE,annual,106,0.2,2024-07-01,,,,
SUB-00306-00,CUS-00306,PLN-GROWTH,annual,26,0.211,2024-03-01,2024-12-01,plan_change,,
SUB-00306-01,CUS-00306,PLN-GROWTH,annual,30,0.211,2024-12-01,,,,
SUB-00307-00,CUS-00307,PLN-STARTER,monthly,6,0.0,2024-03-01,2024-09-01,plan_change,,
SUB-00307-01,CUS-00307,PLN-STARTER,monthly,7,0.0,2024-09-01,2025-09-01,plan_change,,
SUB-00307-02,CUS-00307,PLN-STARTER,monthly,9,0.0,2025-09-01,2025-10-01,plan_change,,
SUB-00307-03,CUS-00307,PLN-STARTER,monthly,11,0.0,2025-10-01,2025-11-01,churn,voluntary,Missing functionality
SUB-00308-00,CUS-00308,PLN-SCALE,monthly,65,0.065,2024-03-01,2024-10-01,plan_change,,
SUB-00308-01,CUS-00308,PLN-SCALE,monthly,71,0.065,2024-10-01,2025-08-01,plan_change,,
SUB-00308-02,CUS-00308,PLN-SCALE,monthly,59,0.065,2025-08-01,2026-04-01,plan_change,,
SUB-00308-03,CUS-00308,PLN-SCALE,monthly,43,0.065,2026-04-01,,,,
SUB-00309-00,CUS-00309,PLN-GROWTH,monthly,33,0.05,2024-03-01,2025-03-01,churn,voluntary,Switched to competitor
SUB-00310-00,CUS-00310,PLN-GROWTH,monthly,29,0.028,2024-03-01,2025-08-01,churn,involuntary,Payment failure
SUB-00311-00,CUS-00311,PLN-GROWTH,monthly,41,0.011,2024-03-01,2024-05-01,plan_change,,
SUB-00311-01,CUS-00311,PLN-GROWTH,monthly,23,0.011,2024-05-01,2024-07-01,churn,voluntary,Company acquired or closed
SUB-00312-00,CUS-00312,PLN-STARTER,monthly,3,0.061,2024-03-01,2024-08-01,plan_change,,
SUB-00312-01,CUS-00312,PLN-STARTER,monthly,4,0.061,2024-08-01,2025-10-01,churn,voluntary,Poor support experience
SUB-00313-00,CUS-00313,PLN-ENTERPRISE,annual,456,0.228,2024-04-01,2025-02-01,plan_change,,
SUB-00313-01,CUS-00313,PLN-ENTERPRISE,annual,604,0.228,2025-02-01,2025-03-01,plan_change,,
SUB-00313-02,CUS-00313,PLN-ENTERPRISE,annual,392,0.228,2025-03-01,2025-10-01,plan_change,,
SUB-00313-03,CUS-00313,PLN-ENTERPRISE,annual,443,0.228,2025-10-01,2026-05-01,plan_change,,
SUB-00313-04,CUS-00313,PLN-ENTERPRISE,annual,342,0.228,2026-05-01,,,,
SUB-00314-00,CUS-00314,PLN-STARTER,annual,3,0.122,2024-04-01,2025-01-01,plan_change,,
SUB-00314-01,CUS-00314,PLN-STARTER,annual,4,0.122,2025-01-01,2025-02-01,plan_change,,
SUB-00314-02,CUS-00314,PLN-STARTER,annual,5,0.122,2025-02-01,2026-04-01,churn,voluntary,Price / budget cuts
SUB-00315-00,CUS-00315,PLN-GROWTH,monthly,30,0.015,2024-04-01,2024-10-01,plan_change,,
SUB-00315-01,CUS-00315,PLN-GROWTH,monthly,37,0.015,2024-10-01,2025-11-01,plan_change,,
SUB-00315-02,CUS-00315,PLN-GROWTH,monthly,50,0.015,2025-11-01,2026-04-01,churn,involuntary,Payment failure
SUB-00316-00,CUS-00316,PLN-GROWTH,monthly,32,0.018,2024-04-01,2024-05-01,plan_change,,
SUB-00316-01,CUS-00316,PLN-GROWTH,monthly,29,0.018,2024-05-01,2024-08-01,plan_change,,
SUB-00316-02,CUS-00316,PLN-GROWTH,monthly,40,0.018,2024-08-01,2025-04-01,plan_change,,
SUB-00316-03,CUS-00316,PLN-GROWTH,monthly,44,0.018,2025-04-01,2025-07-01,plan_change,,
SUB-00316-04,CUS-00316,PLN-GROWTH,monthly,54,0.018,2025-07-01,,,,
SUB-00317-00,CUS-00317,PLN-STARTER,monthly,3,0.0,2024-04-01,2024-05-01,plan_change,,
SUB-00317-01,CUS-00317,PLN-STARTER,monthly,2,0.0,2024-05-01,2024-09-01,plan_change,,
SUB-00317-02,CUS-00317,PLN-STARTER,monthly,3,0.0,2024-09-01,2024-10-01,plan_change,,
SUB-00317-03,CUS-00317,PLN-STARTER,monthly,2,0.0,2024-10-01,2025-06-01,churn,voluntary,Missing functionality
SUB-00318-00,CUS-00318,PLN-STARTER,monthly,7,0.067,2024-04-01,2024-06-01,churn,involuntary,Payment failure
SUB-00319-00,CUS-00319,PLN-GROWTH,monthly,17,0.041,2024-04-01,2025-04-01,plan_change,,
SUB-00319-01,CUS-00319,PLN-GROWTH,monthly,20,0.041,2025-04-01,2025-07-01,plan_change,,
SUB-00319-02,CUS-00319,PLN-GROWTH,monthly,25,0.041,2025-07-01,2026-03-01,plan_change,,
SUB-00319-03,CUS-00319,PLN-GROWTH,monthly,29,0.041,2026-03-01,2026-04-01,plan_change,,
SUB-00319-04,CUS-00319,PLN-GROWTH,monthly,18,0.041,2026-04-01,,,,
SUB-00320-00,CUS-00320,PLN-STARTER,monthly,5,0.036,2024-04-01,2025-08-01,churn,involuntary,Payment failure
SUB-00321-00,CUS-00321,PLN-STARTER,monthly,3,0.079,2024-04-01,2024-08-01,plan_change,,
SUB-00321-01,CUS-00321,PLN-STARTER,monthly,4,0.079,2024-08-01,2025-04-01,plan_change,,
SUB-00321-02,CUS-00321,PLN-STARTER,monthly,5,0.079,2025-04-01,2025-12-01,plan_change,,
SUB-00321-03,CUS-00321,PLN-STARTER,monthly,6,0.079,2025-12-01,,,,
SUB-00322-00,CUS-00322,PLN-SCALE,annual,162,0.204,2024-04-01,2025-08-01,plan_change,,
SUB-00322-01,CUS-00322,PLN-SCALE,annual,203,0.204,2025-08-01,2025-12-01,plan_change,,
SUB-00322-02,CUS-00322,PLN-SCALE,annual,217,0.204,2025-12-01,2026-01-01,plan_change,,
SUB-00322-03,CUS-00322,PLN-SCALE,annual,230,0.204,2026-01-01,2026-02-01,plan_change,,
SUB-00322-04,CUS-00322,PLN-SCALE,annual,172,0.204,2026-02-01,2026-06-01,plan_change,,
SUB-00322-05,CUS-00322,PLN-SCALE,annual,241,0.204,2026-06-01,,,,
SUB-00323-00,CUS-00323,PLN-STARTER,monthly,2,0.035,2024-04-01,2024-05-01,plan_change,,
SUB-00323-01,CUS-00323,PLN-STARTER,monthly,3,0.035,2024-05-01,2025-01-01,plan_change,,
SUB-00323-02,CUS-00323,PLN-STARTER,monthly,4,0.035,2025-01-01,2025-04-01,plan_change,,
SUB-00323-03,CUS-00323,PLN-STARTER,monthly,5,0.035,2025-04-01,2025-10-01,plan_change,,
SUB-00323-04,CUS-00323,PLN-STARTER,monthly,7,0.035,2025-10-01,2026-01-01,churn,involuntary,Payment failure
SUB-00324-00,CUS-00324,PLN-STARTER,monthly,6,0.002,2024-04-01,2024-11-01,churn,voluntary,Company acquired or closed
SUB-00325-00,CUS-00325,PLN-STARTER,monthly,4,0.069,2024-04-01,2024-06-01,churn,voluntary,Missing functionality
SUB-00326-00,CUS-00326,PLN-GROWTH,annual,30,0.194,2024-04-01,2024-05-01,plan_change,,
SUB-00326-01,CUS-00326,PLN-GROWTH,annual,39,0.194,2024-05-01,2024-09-01,plan_change,,
SUB-00326-02,CUS-00326,PLN-GROWTH,annual,53,0.194,2024-09-01,2025-01-01,plan_change,,
SUB-00326-03,CUS-00326,PLN-GROWTH,annual,70,0.194,2025-01-01,2025-09-01,plan_change,,
SUB-00326-04,CUS-00326,PLN-GROWTH,annual,59,0.194,2025-09-01,2025-11-01,plan_change,,
SUB-00326-05,CUS-00326,PLN-GROWTH,annual,76,0.194,2025-11-01,2026-02-01,plan_change,,
SUB-00326-06,CUS-00326,PLN-GROWTH,annual,61,0.194,2026-02-01,,,,
SUB-00327-00,CUS-00327,PLN-STARTER,monthly,3,0.033,2024-04-01,2025-04-01,churn,voluntary,Low adoption
SUB-00328-00,CUS-00328,PLN-GROWTH,annual,31,0.111,2024-04-01,2025-05-01,plan_change,,
SUB-00328-01,CUS-00328,PLN-GROWTH,annual,41,0.111,2025-05-01,2026-05-01,plan_change,,
SUB-00328-02,CUS-00328,PLN-GROWTH,annual,54,0.111,2026-05-01,,,,
SUB-00329-00,CUS-00329,PLN-GROWTH,annual,32,0.179,2024-04-01,2025-01-01,plan_change,,
SUB-00329-01,CUS-00329,PLN-GROWTH,annual,26,0.179,2025-01-01,2025-02-01,plan_change,,
SUB-00329-02,CUS-00329,PLN-GROWTH,annual,29,0.179,2025-02-01,2026-05-01,churn,involuntary,Payment failure
SUB-00330-00,CUS-00330,PLN-GROWTH,annual,13,0.129,2024-04-01,2024-09-01,plan_change,,
SUB-00330-01,CUS-00330,PLN-GROWTH,annual,17,0.129,2024-09-01,2025-02-01,plan_change,,
SUB-00330-02,CUS-00330,PLN-GROWTH,annual,20,0.129,2025-02-01,2025-04-01,plan_change,,
SUB-00330-03,CUS-00330,PLN-GROWTH,annual,17,0.129,2025-04-01,2025-08-01,plan_change,,
SUB-00330-04,CUS-00330,PLN-GROWTH,annual,24,0.129,2025-08-01,2026-05-01,plan_change,,
SUB-00330-05,CUS-00330,PLN-GROWTH,annual,30,0.129,2026-05-01,,,,
SUB-00331-00,CUS-00331,PLN-STARTER,monthly,5,0.044,2024-04-01,2024-05-01,plan_change,,
SUB-00331-01,CUS-00331,PLN-STARTER,monthly,4,0.044,2024-05-01,2024-10-01,plan_change,,
SUB-00331-02,CUS-00331,PLN-STARTER,monthly,5,0.044,2024-10-01,2025-09-01,plan_change,,
SUB-00331-03,CUS-00331,PLN-STARTER,monthly,6,0.044,2025-09-01,2025-10-01,plan_change,,
SUB-00331-04,CUS-00331,PLN-STARTER,monthly,7,0.044,2025-10-01,2025-12-01,plan_change,,
SUB-00331-05,CUS-00331,PLN-STARTER,monthly,8,0.044,2025-12-01,,,,
SUB-00332-00,CUS-00332,PLN-STARTER,monthly,3,0.026,2024-04-01,2024-09-01,plan_change,,
SUB-00332-01,CUS-00332,PLN-STARTER,monthly,4,0.026,2024-09-01,2024-11-01,plan_change,,
SUB-00332-02,CUS-00332,PLN-STARTER,monthly,5,0.026,2024-11-01,2025-10-01,plan_change,,
SUB-00332-03,CUS-00332,PLN-STARTER,monthly,4,0.026,2025-10-01,2026-03-01,churn,involuntary,Payment failure
SUB-00333-00,CUS-00333,PLN-GROWTH,annual,12,0.164,2024-04-01,2025-07-01,plan_change,,
SUB-00333-01,CUS-00333,PLN-GROWTH,annual,16,0.164,2025-07-01,2025-09-01,plan_change,,
SUB-00333-02,CUS-00333,PLN-GROWTH,annual,18,0.164,2025-09-01,,,,
SUB-00334-00,CUS-00334,PLN-GROWTH,monthly,38,0.102,2024-04-01,2024-09-01,plan_change,,
SUB-00334-01,CUS-00334,PLN-GROWTH,monthly,25,0.102,2024-09-01,2025-08-01,plan_change,,
SUB-00334-02,CUS-00334,PLN-GROWTH,monthly,27,0.102,2025-08-01,2026-03-01,plan_change,,
SUB-00334-03,CUS-00334,PLN-GROWTH,monthly,20,0.102,2026-03-01,,,,
SUB-00335-00,CUS-00335,PLN-SCALE,monthly,41,0.014,2024-04-01,2024-07-01,plan_change,,
SUB-00335-01,CUS-00335,PLN-SCALE,monthly,55,0.014,2024-07-01,2025-05-01,plan_change,,
SUB-00335-02,CUS-00335,PLN-SCALE,monthly,44,0.014,2025-05-01,2025-06-01,churn,voluntary,Price / budget cuts
SUB-00335-03,CUS-00335,PLN-SCALE,monthly,40,0.014,2025-12-01,,,,
SUB-00336-00,CUS-00336,PLN-STARTER,monthly,5,0.066,2024-04-01,2024-06-01,plan_change,,
SUB-00336-01,CUS-00336,PLN-STARTER,monthly,4,0.066,2024-06-01,2024-12-01,churn,involuntary,Payment failure
SUB-00337-00,CUS-00337,PLN-SCALE,monthly,118,0.066,2024-04-01,2024-05-01,churn,voluntary,Low adoption
SUB-00338-00,CUS-00338,PLN-STARTER,monthly,6,0.052,2024-04-01,2024-06-01,plan_change,,
SUB-00338-01,CUS-00338,PLN-STARTER,monthly,5,0.052,2024-06-01,2024-10-01,churn,voluntary,Price / budget cuts
SUB-00339-00,CUS-00339,PLN-GROWTH,monthly,48,0.0,2024-04-01,2025-02-01,plan_change,,
SUB-00339-01,CUS-00339,PLN-GROWTH,monthly,60,0.0,2025-02-01,2025-03-01,churn,voluntary,Price / budget cuts
SUB-00340-00,CUS-00340,PLN-STARTER,monthly,9,0.054,2024-04-01,2025-03-01,churn,voluntary,Low adoption
SUB-00341-00,CUS-00341,PLN-ENTERPRISE,annual,273,0.266,2024-04-01,2024-07-01,plan_change,,
SUB-00341-01,CUS-00341,PLN-ENTERPRISE,annual,374,0.266,2024-07-01,2024-09-01,plan_change,,
SUB-00341-02,CUS-00341,PLN-ENTERPRISE,annual,491,0.266,2024-09-01,2025-09-01,plan_change,,
SUB-00341-03,CUS-00341,PLN-ENTERPRISE,annual,284,0.266,2025-09-01,2025-10-01,plan_change,,
SUB-00341-04,CUS-00341,PLN-ENTERPRISE,annual,239,0.266,2025-10-01,2026-01-01,plan_change,,
SUB-00341-05,CUS-00341,PLN-ENTERPRISE,annual,261,0.266,2026-01-01,2026-05-01,plan_change,,
SUB-00341-06,CUS-00341,PLN-ENTERPRISE,annual,304,0.266,2026-05-01,,,,
SUB-00342-00,CUS-00342,PLN-GROWTH,annual,46,0.211,2024-05-01,2024-06-01,plan_change,,
SUB-00342-01,CUS-00342,PLN-GROWTH,annual,58,0.211,2024-06-01,2024-07-01,plan_change,,
SUB-00342-02,CUS-00342,PLN-GROWTH,annual,69,0.211,2024-07-01,2025-03-01,plan_change,,
SUB-00342-03,CUS-00342,PLN-GROWTH,annual,38,0.211,2025-03-01,2025-06-01,plan_change,,
SUB-00342-04,CUS-00342,PLN-GROWTH,annual,44,0.211,2025-06-01,2025-11-01,plan_change,,
SUB-00342-05,CUS-00342,PLN-GROWTH,annual,57,0.211,2025-11-01,2026-01-01,plan_change,,
SUB-00342-06,CUS-00342,PLN-GROWTH,annual,79,0.211,2026-01-01,2026-05-01,churn,voluntary,Price / budget cuts
SUB-00343-00,CUS-00343,PLN-GROWTH,annual,43,0.166,2024-05-01,2024-10-01,plan_change,,
SUB-00343-01,CUS-00343,PLN-GROWTH,annual,61,0.166,2024-10-01,2024-11-01,plan_change,,
SUB-00343-02,CUS-00343,PLN-GROWTH,annual,48,0.166,2024-11-01,2025-05-01,churn,voluntary,Low adoption
SUB-00344-00,CUS-00344,PLN-STARTER,monthly,12,0.0,2024-05-01,2025-01-01,plan_change,,
SUB-00344-01,CUS-00344,PLN-STARTER,monthly,15,0.0,2025-01-01,2025-05-01,churn,voluntary,Company acquired or closed
SUB-00345-00,CUS-00345,PLN-SCALE,monthly,87,0.103,2024-05-01,2024-09-01,plan_change,,
SUB-00345-01,CUS-00345,PLN-SCALE,monthly,72,0.103,2024-09-01,2024-12-01,churn,voluntary,Switched to competitor
SUB-00346-00,CUS-00346,PLN-GROWTH,monthly,28,0.0,2024-05-01,2024-06-01,churn,voluntary,Poor support experience
SUB-00347-00,CUS-00347,PLN-STARTER,monthly,9,0.08,2024-05-01,2024-06-01,plan_change,,
SUB-00347-01,CUS-00347,PLN-STARTER,monthly,8,0.08,2024-06-01,2024-08-01,plan_change,,
SUB-00347-02,CUS-00347,PLN-STARTER,monthly,11,0.08,2024-08-01,2024-12-01,churn,voluntary,Low adoption
SUB-00348-00,CUS-00348,PLN-GROWTH,monthly,37,0.033,2024-05-01,2024-09-01,churn,voluntary,Switched to competitor
SUB-00349-00,CUS-00349,PLN-GROWTH,monthly,21,0.066,2024-05-01,2025-02-01,churn,voluntary,Low adoption
SUB-00349-01,CUS-00349,PLN-GROWTH,monthly,18,0.066,2025-08-01,,,,
SUB-00350-00,CUS-00350,PLN-STARTER,annual,4,0.107,2024-05-01,2025-01-01,churn,voluntary,Switched to competitor
SUB-00351-00,CUS-00351,PLN-GROWTH,monthly,15,0.071,2024-05-01,2024-09-01,plan_change,,
SUB-00351-01,CUS-00351,PLN-GROWTH,monthly,13,0.071,2024-09-01,2025-05-01,plan_change,,
SUB-00351-02,CUS-00351,PLN-STARTER,monthly,8,0.071,2025-05-01,2026-03-01,plan_change,,
SUB-00351-03,CUS-00351,PLN-STARTER,monthly,7,0.071,2026-03-01,,,,
SUB-00352-00,CUS-00352,PLN-SCALE,monthly,119,0.116,2024-05-01,2024-06-01,plan_change,,
SUB-00352-01,CUS-00352,PLN-SCALE,monthly,131,0.116,2024-06-01,2025-12-01,churn,voluntary,Poor support experience
SUB-00353-00,CUS-00353,PLN-GROWTH,monthly,29,0.059,2024-05-01,2024-11-01,plan_change,,
SUB-00353-01,CUS-00353,PLN-GROWTH,monthly,20,0.059,2024-11-01,2025-04-01,plan_change,,
SUB-00353-02,CUS-00353,PLN-GROWTH,monthly,23,0.059,2025-04-01,2025-05-01,plan_change,,
SUB-00353-03,CUS-00353,PLN-GROWTH,monthly,17,0.059,2025-05-01,2025-06-01,plan_change,,
SUB-00353-04,CUS-00353,PLN-GROWTH,monthly,20,0.059,2025-06-01,2026-05-01,plan_change,,
SUB-00353-05,CUS-00353,PLN-GROWTH,monthly,14,0.059,2026-05-01,,,,
SUB-00354-00,CUS-00354,PLN-STARTER,monthly,11,0.004,2024-05-01,2025-06-01,plan_change,,
SUB-00354-01,CUS-00354,PLN-STARTER,monthly,12,0.004,2025-06-01,2025-10-01,plan_change,,
SUB-00354-02,CUS-00354,PLN-STARTER,monthly,17,0.004,2025-10-01,2026-01-01,plan_change,,
SUB-00354-03,CUS-00354,PLN-STARTER,monthly,18,0.004,2026-01-01,2026-02-01,plan_change,,
SUB-00354-04,CUS-00354,PLN-STARTER,monthly,11,0.004,2026-02-01,,,,
SUB-00355-00,CUS-00355,PLN-ENTERPRISE,monthly,210,0.128,2024-05-01,2025-10-01,churn,voluntary,Company acquired or closed
SUB-00356-00,CUS-00356,PLN-GROWTH,monthly,23,0.069,2024-05-01,2024-08-01,plan_change,,
SUB-00356-01,CUS-00356,PLN-GROWTH,monthly,16,0.069,2024-08-01,2025-05-01,plan_change,,
SUB-00356-02,CUS-00356,PLN-GROWTH,monthly,10,0.069,2025-05-01,2025-09-01,plan_change,,
SUB-00356-03,CUS-00356,PLN-GROWTH,monthly,14,0.069,2025-09-01,2026-03-01,plan_change,,
SUB-00356-04,CUS-00356,PLN-STARTER,monthly,8,0.069,2026-03-01,,,,
SUB-00357-00,CUS-00357,PLN-GROWTH,monthly,40,0.057,2024-05-01,2024-06-01,plan_change,,
SUB-00357-01,CUS-00357,PLN-GROWTH,monthly,55,0.057,2024-06-01,2024-09-01,churn,voluntary,Switched to competitor
SUB-00358-00,CUS-00358,PLN-STARTER,monthly,3,0.0,2024-05-01,2025-12-01,churn,voluntary,Low adoption
SUB-00359-00,CUS-00359,PLN-SCALE,monthly,75,0.067,2024-05-01,2025-05-01,plan_change,,
SUB-00359-01,CUS-00359,PLN-SCALE,monthly,93,0.067,2025-05-01,2026-02-01,plan_change,,
SUB-00359-02,CUS-00359,PLN-SCALE,monthly,100,0.067,2026-02-01,2026-03-01,churn,voluntary,Company acquired or closed
SUB-00360-00,CUS-00360,PLN-ENTERPRISE,monthly,284,0.099,2024-05-01,2024-06-01,plan_change,,
SUB-00360-01,CUS-00360,PLN-ENTERPRISE,monthly,394,0.099,2024-06-01,2024-07-01,churn,involuntary,Payment failure
SUB-00361-00,CUS-00361,PLN-STARTER,monthly,6,0.011,2024-05-01,2025-02-01,churn,involuntary,Payment failure
SUB-00362-00,CUS-00362,PLN-GROWTH,monthly,21,0.12,2024-05-01,2025-07-01,plan_change,,
SUB-00362-01,CUS-00362,PLN-GROWTH,monthly,24,0.12,2025-07-01,2025-08-01,plan_change,,
SUB-00362-02,CUS-00362,PLN-GROWTH,monthly,29,0.12,2025-08-01,2025-09-01,plan_change,,
SUB-00362-03,CUS-00362,PLN-GROWTH,monthly,38,0.12,2025-09-01,2025-11-01,plan_change,,
SUB-00362-04,CUS-00362,PLN-GROWTH,monthly,49,0.12,2025-11-01,2026-07-01,plan_change,,
SUB-00362-05,CUS-00362,PLN-GROWTH,monthly,43,0.12,2026-07-01,2026-08-01,plan_change,,
SUB-00362-06,CUS-00362,PLN-GROWTH,monthly,48,0.12,2026-08-01,,,,
SUB-00363-00,CUS-00363,PLN-STARTER,monthly,12,0.067,2024-05-01,2024-07-01,churn,voluntary,Low adoption
SUB-00364-00,CUS-00364,PLN-STARTER,annual,4,0.106,2024-05-01,2024-08-01,plan_change,,
SUB-00364-01,CUS-00364,PLN-STARTER,annual,2,0.106,2024-08-01,2026-08-01,plan_change,,
SUB-00364-02,CUS-00364,PLN-STARTER,annual,3,0.106,2026-08-01,,,,
SUB-00365-00,CUS-00365,PLN-GROWTH,monthly,20,0.0,2024-05-01,2024-09-01,plan_change,,
SUB-00365-01,CUS-00365,PLN-GROWTH,monthly,14,0.0,2024-09-01,2024-11-01,plan_change,,
SUB-00365-02,CUS-00365,PLN-GROWTH,monthly,18,0.0,2024-11-01,2026-08-01,plan_change,,
SUB-00365-03,CUS-00365,PLN-GROWTH,monthly,16,0.0,2026-08-01,,,,
SUB-00366-00,CUS-00366,PLN-STARTER,monthly,8,0.035,2024-05-01,2024-10-01,plan_change,,
SUB-00366-01,CUS-00366,PLN-STARTER,monthly,11,0.035,2024-10-01,2025-02-01,churn,voluntary,Company acquired or closed
SUB-00367-00,CUS-00367,PLN-STARTER,monthly,4,0.068,2024-06-01,2024-10-01,churn,voluntary,Low adoption
SUB-00368-00,CUS-00368,PLN-SCALE,monthly,48,0.03,2024-06-01,2024-09-01,plan_change,,
SUB-00368-01,CUS-00368,PLN-SCALE,monthly,55,0.03,2024-09-01,2026-01-01,plan_change,,
SUB-00368-02,CUS-00368,PLN-SCALE,monthly,47,0.03,2026-01-01,2026-04-01,plan_change,,
SUB-00368-03,CUS-00368,PLN-SCALE,monthly,51,0.03,2026-04-01,,,,
SUB-00369-00,CUS-00369,PLN-GROWTH,monthly,42,0.019,2024-06-01,2024-07-01,churn,voluntary,Low adoption
SUB-00369-01,CUS-00369,PLN-GROWTH,monthly,44,0.019,2024-12-01,2025-03-01,plan_change,,
SUB-00369-02,CUS-00369,PLN-GROWTH,monthly,52,0.019,2025-03-01,2026-02-01,plan_change,,
SUB-00369-03,CUS-00369,PLN-GROWTH,monthly,33,0.019,2026-02-01,,,,
SUB-00370-00,CUS-00370,PLN-SCALE,annual,51,0.164,2024-06-01,2025-02-01,plan_change,,
SUB-00370-01,CUS-00370,PLN-SCALE,annual,69,0.164,2025-02-01,2025-07-01,plan_change,,
SUB-00370-02,CUS-00370,PLN-SCALE,annual,55,0.164,2025-07-01,2026-01-01,plan_change,,
SUB-00370-03,CUS-00370,PLN-SCALE,annual,44,0.164,2026-01-01,,,,
SUB-00371-00,CUS-00371,PLN-STARTER,monthly,9,0.031,2024-06-01,2025-06-01,churn,voluntary,Company acquired or closed
SUB-00372-00,CUS-00372,PLN-STARTER,annual,7,0.112,2024-06-01,2024-08-01,plan_change,,
SUB-00372-01,CUS-00372,PLN-STARTER,annual,10,0.112,2024-08-01,2025-01-01,plan_change,,
SUB-00372-02,CUS-00372,PLN-STARTER,annual,14,0.112,2025-01-01,2025-10-01,plan_change,,
SUB-00372-03,CUS-00372,PLN-STARTER,annual,12,0.112,2025-10-01,2026-03-01,plan_change,,
SUB-00372-04,CUS-00372,PLN-STARTER,annual,8,0.112,2026-03-01,2026-07-01,plan_change,,
SUB-00372-05,CUS-00372,PLN-STARTER,annual,11,0.112,2026-07-01,,,,
SUB-00373-00,CUS-00373,PLN-GROWTH,monthly,16,0.0,2024-06-01,2024-12-01,churn,voluntary,Low adoption
SUB-00374-00,CUS-00374,PLN-STARTER,monthly,7,0.041,2024-06-01,2024-08-01,plan_change,,
SUB-00374-01,CUS-00374,PLN-STARTER,monthly,6,0.041,2024-08-01,2024-09-01,churn,voluntary,Poor support experience
SUB-00375-00,CUS-00375,PLN-STARTER,monthly,11,0.062,2024-06-01,2024-11-01,plan_change,,
SUB-00375-01,CUS-00375,PLN-STARTER,monthly,8,0.062,2024-11-01,2025-03-01,churn,voluntary,Switched to competitor
SUB-00376-00,CUS-00376,PLN-STARTER,annual,7,0.095,2024-06-01,2026-08-01,plan_change,,
SUB-00376-01,CUS-00376,PLN-STARTER,annual,5,0.095,2026-08-01,,,,
SUB-00377-00,CUS-00377,PLN-GROWTH,monthly,11,0.022,2024-06-01,2025-03-01,plan_change,,
SUB-00377-01,CUS-00377,PLN-GROWTH,monthly,13,0.022,2025-03-01,2025-11-01,plan_change,,
SUB-00377-02,CUS-00377,PLN-GROWTH,monthly,16,0.022,2025-11-01,2026-01-01,plan_change,,
SUB-00377-03,CUS-00377,PLN-GROWTH,monthly,21,0.022,2026-01-01,2026-05-01,plan_change,,
SUB-00377-04,CUS-00377,PLN-GROWTH,monthly,29,0.022,2026-05-01,,,,
SUB-00378-00,CUS-00378,PLN-GROWTH,monthly,31,0.025,2024-06-01,2024-09-01,plan_change,,
SUB-00378-01,CUS-00378,PLN-GROWTH,monthly,44,0.025,2024-09-01,2025-03-01,plan_change,,
SUB-00378-02,CUS-00378,PLN-GROWTH,monthly,59,0.025,2025-03-01,2025-09-01,churn,voluntary,Low adoption
SUB-00379-00,CUS-00379,PLN-SCALE,monthly,51,0.08,2024-06-01,2024-10-01,churn,voluntary,Price / budget cuts
SUB-00380-00,CUS-00380,PLN-GROWTH,annual,14,0.097,2024-06-01,2025-05-01,plan_change,,
SUB-00380-01,CUS-00380,PLN-GROWTH,annual,10,0.097,2025-05-01,,,,
SUB-00381-00,CUS-00381,PLN-GROWTH,monthly,34,0.022,2024-06-01,2024-07-01,plan_change,,
SUB-00381-01,CUS-00381,PLN-GROWTH,monthly,30,0.022,2024-07-01,2024-08-01,plan_change,,
SUB-00381-02,CUS-00381,PLN-GROWTH,monthly,25,0.022,2024-08-01,2024-11-01,plan_change,,
SUB-00381-03,CUS-00381,PLN-GROWTH,monthly,15,0.022,2024-11-01,2025-10-01,plan_change,,
SUB-00381-04,CUS-00381,PLN-GROWTH,monthly,12,0.022,2025-10-01,2026-05-01,plan_change,,
SUB-00381-05,CUS-00381,PLN-GROWTH,monthly,15,0.022,2026-05-01,,,,
SUB-00382-00,CUS-00382,PLN-GROWTH,monthly,49,0.059,2024-06-01,2024-09-01,churn,voluntary,Low adoption
SUB-00383-00,CUS-00383,PLN-GROWTH,monthly,28,0.045,2024-06-01,2024-07-01,plan_change,,
SUB-00383-01,CUS-00383,PLN-GROWTH,monthly,39,0.045,2024-07-01,2025-12-01,plan_change,,
SUB-00383-02,CUS-00383,PLN-GROWTH,monthly,27,0.045,2025-12-01,,,,
SUB-00384-00,CUS-00384,PLN-ENTERPRISE,annual,708,0.214,2024-06-01,2025-05-01,plan_change,,
SUB-00384-01,CUS-00384,PLN-ENTERPRISE,annual,917,0.214,2025-05-01,2025-06-01,churn,voluntary,Price / budget cuts
SUB-00385-00,CUS-00385,PLN-STARTER,monthly,11,0.063,2024-06-01,2024-07-01,churn,voluntary,Switched to competitor
SUB-00386-00,CUS-00386,PLN-SCALE,monthly,130,0.08,2024-06-01,2024-07-01,plan_change,,
SUB-00386-01,CUS-00386,PLN-SCALE,monthly,113,0.08,2024-07-01,2024-09-01,plan_change,,
SUB-00386-02,CUS-00386,PLN-SCALE,monthly,139,0.08,2024-09-01,2025-12-01,churn,voluntary,Price / budget cuts
SUB-00387-00,CUS-00387,PLN-ENTERPRISE,annual,662,0.196,2024-06-01,2026-04-01,plan_change,,
SUB-00387-01,CUS-00387,PLN-ENTERPRISE,annual,913,0.196,2026-04-01,2026-05-01,plan_change,,
SUB-00387-02,CUS-00387,PLN-ENTERPRISE,annual,1059,0.196,2026-05-01,,,,
SUB-00388-00,CUS-00388,PLN-STARTER,monthly,4,0.0,2024-06-01,2024-08-01,churn,voluntary,Price / budget cuts
SUB-00389-00,CUS-00389,PLN-SCALE,monthly,59,0.07,2024-06-01,2024-07-01,plan_change,,
SUB-00389-01,CUS-00389,PLN-SCALE,monthly,64,0.07,2024-07-01,2024-11-01,plan_change,,
SUB-00389-02,CUS-00389,PLN-SCALE,monthly,79,0.07,2024-11-01,2025-06-01,plan_change,,
SUB-00389-03,CUS-00389,PLN-SCALE,monthly,58,0.07,2025-06-01,2025-08-01,plan_change,,
SUB-00389-04,CUS-00389,PLN-SCALE,monthly,48,0.07,2025-08-01,,,,
SUB-00390-00,CUS-00390,PLN-GROWTH,annual,37,0.146,2024-06-01,2025-02-01,plan_change,,
SUB-00390-01,CUS-00390,PLN-GROWTH,annual,41,0.146,2025-02-01,2025-06-01,plan_change,,
SUB-00390-02,CUS-00390,PLN-GROWTH,annual,34,0.146,2025-06-01,2025-07-01,plan_change,,
SUB-00390-03,CUS-00390,PLN-GROWTH,annual,39,0.146,2025-07-01,2025-09-01,plan_change,,
SUB-00390-04,CUS-00390,PLN-GROWTH,annual,28,0.146,2025-09-01,2026-02-01,plan_change,,
SUB-00390-05,CUS-00390,PLN-GROWTH,annual,30,0.146,2026-02-01,2026-04-01,plan_change,,
SUB-00390-06,CUS-00390,PLN-GROWTH,annual,20,0.146,2026-04-01,,,,
SUB-00391-00,CUS-00391,PLN-STARTER,monthly,12,0.0,2024-06-01,2024-07-01,churn,voluntary,Switched to competitor
SUB-00392-00,CUS-00392,PLN-GROWTH,monthly,17,0.0,2024-06-01,2024-12-01,churn,voluntary,Low adoption
SUB-00392-01,CUS-00392,PLN-GROWTH,monthly,17,0.0,2025-05-01,2025-12-01,plan_change,,
SUB-00392-02,CUS-00392,PLN-GROWTH,monthly,20,0.0,2025-12-01,2026-04-01,plan_change,,
SUB-00392-03,CUS-00392,PLN-GROWTH,monthly,27,0.0,2026-04-01,2026-06-01,churn,involuntary,Payment failure
SUB-00393-00,CUS-00393,PLN-ENTERPRISE,annual,254,0.18,2024-06-01,2024-09-01,plan_change,,
SUB-00393-01,CUS-00393,PLN-ENTERPRISE,annual,279,0.18,2024-09-01,2025-09-01,plan_change,,
SUB-00393-02,CUS-00393,PLN-ENTERPRISE,annual,306,0.18,2025-09-01,,,,
SUB-00394-00,CUS-00394,PLN-SCALE,monthly,93,0.075,2024-06-01,2024-08-01,churn,voluntary,Missing functionality
SUB-00395-00,CUS-00395,PLN-SCALE,monthly,144,0.043,2024-06-01,2024-10-01,churn,voluntary,Switched to competitor
SUB-00396-00,CUS-00396,PLN-GROWTH,annual,26,0.193,2024-06-01,2024-12-01,plan_change,,
SUB-00396-01,CUS-00396,PLN-GROWTH,annual,31,0.193,2024-12-01,2026-03-01,plan_change,,
SUB-00396-02,CUS-00396,PLN-GROWTH,annual,38,0.193,2026-03-01,2026-04-01,plan_change,,
SUB-00396-03,CUS-00396,PLN-GROWTH,annual,43,0.193,2026-04-01,,,,
SUB-00397-00,CUS-00397,PLN-SCALE,monthly,82,0.118,2024-06-01,2024-08-01,churn,voluntary,Low adoption
SUB-00398-00,CUS-00398,PLN-STARTER,monthly,3,0.026,2024-07-01,2024-08-01,churn,voluntary,Switched to competitor
SUB-00399-00,CUS-00399,PLN-STARTER,monthly,9,0.0,2024-07-01,2024-08-01,plan_change,,
SUB-00399-01,CUS-00399,PLN-STARTER,monthly,6,0.0,2024-08-01,2024-11-01,churn,voluntary,Price / budget cuts
SUB-00400-00,CUS-00400,PLN-GROWTH,monthly,12,0.062,2024-07-01,2025-04-01,plan_change,,
SUB-00400-01,CUS-00400,PLN-GROWTH,monthly,11,0.062,2025-04-01,2025-07-01,plan_change,,
SUB-00400-02,CUS-00400,PLN-GROWTH,monthly,16,0.062,2025-07-01,2025-09-01,churn,voluntary,Low adoption
SUB-00401-00,CUS-00401,PLN-STARTER,monthly,4,0.024,2024-07-01,2024-10-01,plan_change,,
SUB-00401-01,CUS-00401,PLN-STARTER,monthly,5,0.024,2024-10-01,2025-01-01,churn,voluntary,Company acquired or closed
SUB-00401-02,CUS-00401,PLN-STARTER,monthly,5,0.024,2025-05-01,2025-07-01,plan_change,,
SUB-00401-03,CUS-00401,PLN-STARTER,monthly,6,0.024,2025-07-01,2026-01-01,plan_change,,
SUB-00401-04,CUS-00401,PLN-STARTER,monthly,8,0.024,2026-01-01,2026-03-01,plan_change,,
SUB-00401-05,CUS-00401,PLN-STARTER,monthly,11,0.024,2026-03-01,2026-05-01,plan_change,,
SUB-00401-06,CUS-00401,PLN-STARTER,monthly,16,0.024,2026-05-01,,,,
SUB-00402-00,CUS-00402,PLN-STARTER,monthly,2,0.056,2024-07-01,,,,
SUB-00403-00,CUS-00403,PLN-SCALE,annual,70,0.169,2024-07-01,2025-11-01,plan_change,,
SUB-00403-01,CUS-00403,PLN-SCALE,annual,83,0.169,2025-11-01,2026-07-01,plan_change,,
SUB-00403-02,CUS-00403,PLN-SCALE,annual,53,0.169,2026-07-01,,,,
SUB-00404-00,CUS-00404,PLN-GROWTH,monthly,36,0.034,2024-07-01,2025-01-01,plan_change,,
SUB-00404-01,CUS-00404,PLN-GROWTH,monthly,20,0.034,2025-01-01,2025-04-01,churn,voluntary,Low adoption
SUB-00405-00,CUS-00405,PLN-GROWTH,monthly,29,0.0,2024-07-01,2024-11-01,churn,voluntary,Price / budget cuts
SUB-00406-00,CUS-00406,PLN-STARTER,monthly,3,0.029,2024-07-01,2024-10-01,churn,voluntary,Missing functionality
SUB-00407-00,CUS-00407,PLN-STARTER,annual,2,0.105,2024-07-01,2025-07-01,churn,voluntary,Low adoption
SUB-00408-00,CUS-00408,PLN-GROWTH,annual,14,0.168,2024-07-01,2025-03-01,plan_change,,
SUB-00408-01,CUS-00408,PLN-GROWTH,annual,19,0.168,2025-03-01,2025-05-01,plan_change,,
SUB-00408-02,CUS-00408,PLN-GROWTH,annual,24,0.168,2025-05-01,2026-07-01,plan_change,,
SUB-00408-03,CUS-00408,PLN-GROWTH,annual,26,0.168,2026-07-01,,,,
SUB-00409-00,CUS-00409,PLN-GROWTH,monthly,36,0.083,2024-07-01,2025-02-01,plan_change,,
SUB-00409-01,CUS-00409,PLN-GROWTH,monthly,20,0.083,2025-02-01,2026-05-01,churn,voluntary,Company acquired or closed
SUB-00410-00,CUS-00410,PLN-SCALE,monthly,62,0.096,2024-07-01,2024-12-01,churn,involuntary,Payment failure
SUB-00411-00,CUS-00411,PLN-GROWTH,monthly,28,0.079,2024-07-01,2024-09-01,plan_change,,
SUB-00411-01,CUS-00411,PLN-GROWTH,monthly,38,0.079,2024-09-01,2024-11-01,plan_change,,
SUB-00411-02,CUS-00411,PLN-GROWTH,monthly,26,0.079,2024-11-01,2026-08-01,plan_change,,
SUB-00411-03,CUS-00411,PLN-GROWTH,monthly,22,0.079,2026-08-01,,,,
SUB-00412-00,CUS-00412,PLN-GROWTH,annual,14,0.15,2024-07-01,2026-01-01,plan_change,,
SUB-00412-01,CUS-00412,PLN-GROWTH,annual,11,0.15,2026-01-01,,,,
SUB-00413-00,CUS-00413,PLN-STARTER,monthly,12,0.0,2024-07-01,2025-02-01,plan_change,,
SUB-00413-01,CUS-00413,PLN-STARTER,monthly,17,0.0,2025-02-01,2026-02-01,plan_change,,
SUB-00413-02,CUS-00413,PLN-STARTER,monthly,10,0.0,2026-02-01,2026-07-01,plan_change,,
SUB-00413-03,CUS-00413,PLN-STARTER,monthly,14,0.0,2026-07-01,,,,
SUB-00414-00,CUS-00414,PLN-GROWTH,monthly,35,0.032,2024-07-01,2026-06-01,plan_change,,
SUB-00414-01,CUS-00414,PLN-GROWTH,monthly,50,0.032,2026-06-01,,,,
SUB-00415-00,CUS-00415,PLN-STARTER,annual,7,0.077,2024-07-01,,,,
SUB-00416-00,CUS-00416,PLN-STARTER,monthly,6,0.0,2024-07-01,,,,
SUB-00417-00,CUS-00417,PLN-STARTER,monthly,3,0.0,2024-07-01,2024-10-01,churn,voluntary,Low adoption
SUB-00418-00,CUS-00418,PLN-STARTER,monthly,4,0.073,2024-07-01,2024-10-01,plan_change,,
SUB-00418-01,CUS-00418,PLN-STARTER,monthly,5,0.073,2024-10-01,2026-02-01,plan_change,,
SUB-00418-02,CUS-00418,PLN-STARTER,monthly,6,0.073,2026-02-01,2026-07-01,plan_change,,
SUB-00418-03,CUS-00418,PLN-STARTER,monthly,4,0.073,2026-07-01,,,,
SUB-00419-00,CUS-00419,PLN-ENTERPRISE,annual,434,0.244,2024-07-01,2024-12-01,plan_change,,
SUB-00419-01,CUS-00419,PLN-ENTERPRISE,annual,474,0.244,2024-12-01,2025-06-01,plan_change,,
SUB-00419-02,CUS-00419,PLN-ENTERPRISE,annual,599,0.244,2025-06-01,2025-07-01,plan_change,,
SUB-00419-03,CUS-00419,PLN-ENTERPRISE,annual,665,0.244,2025-07-01,2026-05-01,plan_change,,
SUB-00419-04,CUS-00419,PLN-ENTERPRISE,annual,805,0.244,2026-05-01,,,,
SUB-00420-00,CUS-00420,PLN-SCALE,annual,113,0.214,2024-07-01,2024-08-01,plan_change,,
SUB-00420-01,CUS-00420,PLN-SCALE,annual,139,0.214,2024-08-01,2024-10-01,plan_change,,
SUB-00420-02,CUS-00420,PLN-SCALE,annual,199,0.214,2024-10-01,2024-11-01,plan_change,,
SUB-00420-03,CUS-00420,PLN-SCALE,annual,230,0.214,2024-11-01,2026-07-01,plan_change,,
SUB-00420-04,CUS-00420,PLN-SCALE,annual,261,0.214,2026-07-01,,,,
SUB-00421-00,CUS-00421,PLN-STARTER,monthly,8,0.039,2024-07-01,2026-02-01,plan_change,,
SUB-00421-01,CUS-00421,PLN-STARTER,monthly,9,0.039,2026-02-01,,,,
SUB-00422-00,CUS-00422,PLN-STARTER,monthly,6,0.034,2024-07-01,2025-06-01,plan_change,,
SUB-00422-01,CUS-00422,PLN-STARTER,monthly,7,0.034,2025-06-01,2025-11-01,plan_change,,
SUB-00422-02,CUS-00422,PLN-STARTER,monthly,8,0.034,2025-11-01,2026-05-01,plan_change,,
SUB-00422-03,CUS-00422,PLN-STARTER,monthly,6,0.034,2026-05-01,,,,
SUB-00423-00,CUS-00423,PLN-ENTERPRISE,annual,399,0.187,2024-07-01,2024-08-01,plan_change,,
SUB-00423-01,CUS-00423,PLN-ENTERPRISE,annual,469,0.187,2024-08-01,2024-11-01,plan_change,,
SUB-00423-02,CUS-00423,PLN-ENTERPRISE,annual,382,0.187,2024-11-01,2025-01-01,plan_change,,
SUB-00423-03,CUS-00423,PLN-ENTERPRISE,annual,312,0.187,2025-01-01,2025-07-01,plan_change,,
SUB-00423-04,CUS-00423,PLN-ENTERPRISE,annual,439,0.187,2025-07-01,2026-03-01,plan_change,,
SUB-00423-05,CUS-00423,PLN-ENTERPRISE,annual,589,0.187,2026-03-01,2026-04-01,plan_change,,
SUB-00423-06,CUS-00423,PLN-ENTERPRISE,annual,846,0.187,2026-04-01,,,,
SUB-00424-00,CUS-00424,PLN-SCALE,monthly,42,0.15,2024-07-01,2024-09-01,plan_change,,
SUB-00424-01,CUS-00424,PLN-SCALE,monthly,51,0.15,2024-09-01,2024-12-01,plan_change,,
SUB-00424-02,CUS-00424,PLN-SCALE,monthly,45,0.15,2024-12-01,2025-01-01,plan_change,,
SUB-00424-03,CUS-00424,PLN-SCALE,monthly,65,0.15,2025-01-01,2025-05-01,plan_change,,
SUB-00424-04,CUS-00424,PLN-SCALE,monthly,92,0.15,2025-05-01,2026-07-01,plan_change,,
SUB-00424-05,CUS-00424,PLN-SCALE,monthly,115,0.15,2026-07-01,,,,
SUB-00425-00,CUS-00425,PLN-GROWTH,monthly,41,0.013,2024-08-01,2025-11-01,plan_change,,
SUB-00425-01,CUS-00425,PLN-GROWTH,monthly,48,0.013,2025-11-01,2026-05-01,plan_change,,
SUB-00425-02,CUS-00425,PLN-GROWTH,monthly,57,0.013,2026-05-01,,,,
SUB-00426-00,CUS-00426,PLN-GROWTH,annual,23,0.199,2024-08-01,2025-12-01,plan_change,,
SUB-00426-01,CUS-00426,PLN-GROWTH,annual,30,0.199,2025-12-01,2026-03-01,plan_change,,
SUB-00426-02,CUS-00426,PLN-GROWTH,annual,20,0.199,2026-03-01,2026-04-01,plan_change,,
SUB-00426-03,CUS-00426,PLN-GROWTH,annual,29,0.199,2026-04-01,,,,
SUB-00427-00,CUS-00427,PLN-ENTERPRISE,annual,154,0.226,2024-08-01,2024-10-01,plan_change,,
SUB-00427-01,CUS-00427,PLN-ENTERPRISE,annual,198,0.226,2024-10-01,2024-11-01,plan_change,,
SUB-00427-02,CUS-00427,PLN-ENTERPRISE,annual,275,0.226,2024-11-01,2025-05-01,plan_change,,
SUB-00427-03,CUS-00427,PLN-ENTERPRISE,annual,306,0.226,2025-05-01,2025-08-01,plan_change,,
SUB-00427-04,CUS-00427,PLN-ENTERPRISE,annual,251,0.226,2025-08-01,2026-08-01,plan_change,,
SUB-00427-05,CUS-00427,PLN-ENTERPRISE,annual,302,0.226,2026-08-01,,,,
SUB-00428-00,CUS-00428,PLN-STARTER,annual,2,0.113,2024-08-01,2025-08-01,plan_change,,
SUB-00428-01,CUS-00428,PLN-STARTER,annual,3,0.113,2025-08-01,2025-09-01,plan_change,,
SUB-00428-02,CUS-00428,PLN-STARTER,annual,2,0.113,2025-09-01,2026-08-01,churn,voluntary,Poor support experience
SUB-00429-00,CUS-00429,PLN-ENTERPRISE,annual,153,0.212,2024-08-01,2026-06-01,plan_change,,
SUB-00429-01,CUS-00429,PLN-ENTERPRISE,annual,194,0.212,2026-06-01,,,,
SUB-00430-00,CUS-00430,PLN-ENTERPRISE,monthly,587,0.101,2024-08-01,2024-11-01,plan_change,,
SUB-00430-01,CUS-00430,PLN-ENTERPRISE,monthly,502,0.101,2024-11-01,2025-06-01,plan_change,,
SUB-00430-02,CUS-00430,PLN-ENTERPRISE,monthly,582,0.101,2025-06-01,2025-10-01,plan_change,,
SUB-00430-03,CUS-00430,PLN-ENTERPRISE,monthly,351,0.101,2025-10-01,2025-12-01,churn,voluntary,Switched to competitor
SUB-00431-00,CUS-00431,PLN-STARTER,annual,11,0.152,2024-08-01,2024-10-01,plan_change,,
SUB-00431-01,CUS-00431,PLN-STARTER,annual,16,0.152,2024-10-01,2025-02-01,plan_change,,
SUB-00431-02,CUS-00431,PLN-STARTER,annual,21,0.152,2025-02-01,2025-10-01,plan_change,,
SUB-00431-03,CUS-00431,PLN-STARTER,annual,13,0.152,2025-10-01,2026-03-01,plan_change,,
SUB-00431-04,CUS-00431,PLN-STARTER,annual,18,0.152,2026-03-01,,,,
SUB-00432-00,CUS-00432,PLN-GROWTH,monthly,30,0.078,2024-08-01,2024-10-01,churn,involuntary,Payment failure
SUB-00433-00,CUS-00433,PLN-STARTER,monthly,4,0.019,2024-08-01,2025-09-01,plan_change,,
SUB-00433-01,CUS-00433,PLN-STARTER,monthly,5,0.019,2025-09-01,2025-10-01,churn,voluntary,Switched to competitor
SUB-00434-00,CUS-00434,PLN-GROWTH,annual,34,0.141,2024-08-01,2025-03-01,plan_change,,
SUB-00434-01,CUS-00434,PLN-GROWTH,annual,21,0.141,2025-03-01,2025-05-01,plan_change,,
SUB-00434-02,CUS-00434,PLN-GROWTH,annual,13,0.141,2025-05-01,2025-08-01,churn,voluntary,Price / budget cuts
SUB-00435-00,CUS-00435,PLN-GROWTH,monthly,17,0.098,2024-08-01,2025-03-01,plan_change,,
SUB-00435-01,CUS-00435,PLN-GROWTH,monthly,21,0.098,2025-03-01,,,,
SUB-00436-00,CUS-00436,PLN-STARTER,monthly,4,0.07,2024-08-01,2024-10-01,plan_change,,
SUB-00436-01,CUS-00436,PLN-STARTER,monthly,3,0.07,2024-10-01,2025-11-01,churn,voluntary,Price / budget cuts
SUB-00436-02,CUS-00436,PLN-STARTER,monthly,3,0.07,2026-02-01,2026-07-01,churn,voluntary,Missing functionality
SUB-00437-00,CUS-00437,PLN-ENTERPRISE,annual,248,0.224,2024-08-01,2025-11-01,plan_change,,
SUB-00437-01,CUS-00437,PLN-ENTERPRISE,annual,266,0.224,2025-11-01,2026-08-01,plan_change,,
SUB-00437-02,CUS-00437,PLN-ENTERPRISE,annual,345,0.224,2026-08-01,,,,
SUB-00438-00,CUS-00438,PLN-GROWTH,monthly,31,0.075,2024-08-01,2024-09-01,churn,voluntary,Price / budget cuts
SUB-00438-01,CUS-00438,PLN-GROWTH,monthly,23,0.075,2025-02-01,2025-05-01,plan_change,,
SUB-00438-02,CUS-00438,PLN-GROWTH,monthly,26,0.075,2025-05-01,2025-09-01,plan_change,,
SUB-00438-03,CUS-00438,PLN-GROWTH,monthly,31,0.075,2025-09-01,2026-01-01,plan_change,,
SUB-00438-04,CUS-00438,PLN-GROWTH,monthly,39,0.075,2026-01-01,,,,
SUB-00439-00,CUS-00439,PLN-ENTERPRISE,annual,721,0.171,2024-08-01,2025-09-01,plan_change,,
SUB-00439-01,CUS-00439,PLN-ENTERPRISE,annual,1008,0.171,2025-09-01,,,,
SUB-00440-00,CUS-00440,PLN-SCALE,monthly,113,0.085,2024-08-01,2024-09-01,churn,involuntary,Payment failure
SUB-00441-00,CUS-00441,PLN-GROWTH,monthly,28,0.015,2024-08-01,2024-09-01,churn,voluntary,Switched to competitor
SUB-00442-00,CUS-00442,PLN-STARTER,monthly,13,0.0,2024-08-01,2025-02-01,plan_change,,
SUB-00442-01,CUS-00442,PLN-STARTER,monthly,11,0.0,2025-02-01,2025-06-01,plan_change,,
SUB-00442-02,CUS-00442,PLN-STARTER,monthly,14,0.0,2025-06-01,2025-07-01,churn,voluntary,Company acquired or closed
SUB-00443-00,CUS-00443,PLN-GROWTH,monthly,35,0.0,2024-08-01,2024-09-01,plan_change,,
SUB-00443-01,CUS-00443,PLN-GROWTH,monthly,44,0.0,2024-09-01,2025-06-01,plan_change,,
SUB-00443-02,CUS-00443,PLN-GROWTH,monthly,62,0.0,2025-06-01,2025-09-01,churn,voluntary,Price / budget cuts
SUB-00444-00,CUS-00444,PLN-GROWTH,monthly,29,0.084,2024-08-01,2024-10-01,churn,involuntary,Payment failure
SUB-00445-00,CUS-00445,PLN-STARTER,monthly,2,0.0,2024-08-01,2025-03-01,churn,voluntary,Company acquired or closed
SUB-00446-00,CUS-00446,PLN-GROWTH,monthly,17,0.074,2024-08-01,2024-10-01,churn,voluntary,Low adoption
SUB-00447-00,CUS-00447,PLN-GROWTH,monthly,23,0.058,2024-09-01,2024-11-01,plan_change,,
SUB-00447-01,CUS-00447,PLN-GROWTH,monthly,25,0.058,2024-11-01,2025-12-01,plan_change,,
SUB-00447-02,CUS-00447,PLN-GROWTH,monthly,18,0.058,2025-12-01,,,,
SUB-00448-00,CUS-00448,PLN-STARTER,monthly,5,0.034,2024-09-01,2024-10-01,churn,voluntary,Price / budget cuts
SUB-00449-00,CUS-00449,PLN-GROWTH,monthly,26,0.096,2024-09-01,2025-01-01,churn,voluntary,Missing functionality
SUB-00450-00,CUS-00450,PLN-STARTER,monthly,12,0.052,2024-09-01,2025-01-01,plan_change,,
SUB-00450-01,CUS-00450,PLN-STARTER,monthly,14,0.052,2025-01-01,2025-12-01,churn,voluntary,Low adoption
SUB-00451-00,CUS-00451,PLN-GROWTH,monthly,23,0.025,2024-09-01,2025-12-01,plan_change,,
SUB-00451-01,CUS-00451,PLN-GROWTH,monthly,20,0.025,2025-12-01,2026-02-01,plan_change,,
SUB-00451-02,CUS-00451,PLN-GROWTH,monthly,12,0.025,2026-02-01,2026-08-01,plan_change,,
SUB-00451-03,CUS-00451,PLN-GROWTH,monthly,17,0.025,2026-08-01,,,,
SUB-00452-00,CUS-00452,PLN-GROWTH,monthly,14,0.079,2024-09-01,2025-01-01,plan_change,,
SUB-00452-01,CUS-00452,PLN-GROWTH,monthly,20,0.079,2025-01-01,2025-02-01,plan_change,,
SUB-00452-02,CUS-00452,PLN-GROWTH,monthly,23,0.079,2025-02-01,2025-06-01,plan_change,,
SUB-00452-03,CUS-00452,PLN-GROWTH,monthly,32,0.079,2025-06-01,2025-12-01,plan_change,,
SUB-00452-04,CUS-00452,PLN-GROWTH,monthly,34,0.079,2025-12-01,2026-03-01,churn,involuntary,Payment failure
SUB-00453-00,CUS-00453,PLN-STARTER,annual,2,0.126,2024-09-01,,,,
SUB-00454-00,CUS-00454,PLN-GROWTH,monthly,12,0.022,2024-09-01,2024-10-01,churn,involuntary,Payment failure
SUB-00455-00,CUS-00455,PLN-GROWTH,annual,18,0.182,2024-09-01,2024-10-01,plan_change,,
SUB-00455-01,CUS-00455,PLN-GROWTH,annual,22,0.182,2024-10-01,2025-04-01,plan_change,,
SUB-00455-02,CUS-00455,PLN-GROWTH,annual,26,0.182,2025-04-01,2025-08-01,plan_change,,
SUB-00455-03,CUS-00455,PLN-GROWTH,annual,36,0.182,2025-08-01,2025-09-01,plan_change,,
SUB-00455-04,CUS-00455,PLN-GROWTH,annual,43,0.182,2025-09-01,2025-10-01,plan_change,,
SUB-00455-05,CUS-00455,PLN-GROWTH,annual,53,0.182,2025-10-01,2026-03-01,plan_change,,
SUB-00455-06,CUS-00455,PLN-GROWTH,annual,48,0.182,2026-03-01,,,,
SUB-00456-00,CUS-00456,PLN-GROWTH,monthly,13,0.005,2024-09-01,2025-03-01,churn,voluntary,Price / budget cuts
SUB-00457-00,CUS-00457,PLN-GROWTH,monthly,16,0.051,2024-09-01,2025-10-01,churn,voluntary,Price / budget cuts
SUB-00458-00,CUS-00458,PLN-STARTER,monthly,5,0.027,2024-09-01,2026-02-01,plan_change,,
SUB-00458-01,CUS-00458,PLN-STARTER,monthly,7,0.027,2026-02-01,,,,
SUB-00459-00,CUS-00459,PLN-STARTER,monthly,3,0.0,2024-09-01,2024-10-01,plan_change,,
SUB-00459-01,CUS-00459,PLN-STARTER,monthly,4,0.0,2024-10-01,2025-05-01,plan_change,,
SUB-00459-02,CUS-00459,PLN-STARTER,monthly,5,0.0,2025-05-01,2026-06-01,plan_change,,
SUB-00459-03,CUS-00459,PLN-STARTER,monthly,6,0.0,2026-06-01,2026-08-01,plan_change,,
SUB-00459-04,CUS-00459,PLN-STARTER,monthly,8,0.0,2026-08-01,,,,
SUB-00460-00,CUS-00460,PLN-GROWTH,monthly,13,0.039,2024-09-01,2025-01-01,plan_change,,
SUB-00460-01,CUS-00460,PLN-GROWTH,monthly,16,0.039,2025-01-01,2025-05-01,plan_change,,
SUB-00460-02,CUS-00460,PLN-GROWTH,monthly,11,0.039,2025-05-01,2025-09-01,plan_change,,
SUB-00460-03,CUS-00460,PLN-GROWTH,monthly,13,0.039,2025-09-01,2026-03-01,plan_change,,
SUB-00460-04,CUS-00460,PLN-GROWTH,monthly,16,0.039,2026-03-01,,,,
SUB-00461-00,CUS-00461,PLN-STARTER,monthly,3,0.0,2024-09-01,2024-10-01,plan_change,,
SUB-00461-01,CUS-00461,PLN-STARTER,monthly,4,0.0,2024-10-01,2025-01-01,churn,voluntary,Price / budget cuts
SUB-00462-00,CUS-00462,PLN-SCALE,annual,134,0.212,2024-09-01,2024-12-01,plan_change,,
SUB-00462-01,CUS-00462,PLN-SCALE,annual,177,0.212,2024-12-01,2025-01-01,plan_change,,
SUB-00462-02,CUS-00462,PLN-SCALE,annual,194,0.212,2025-01-01,2025-04-01,plan_change,,
SUB-00462-03,CUS-00462,PLN-SCALE,annual,159,0.212,2025-04-01,2025-06-01,plan_change,,
SUB-00462-04,CUS-00462,PLN-SCALE,annual,95,0.212,2025-06-01,2025-09-01,churn,voluntary,Price / budget cuts
SUB-00463-00,CUS-00463,PLN-SCALE,monthly,44,0.054,2024-09-01,2026-01-01,plan_change,,
SUB-00463-01,CUS-00463,PLN-SCALE,monthly,51,0.054,2026-01-01,2026-03-01,churn,voluntary,Price / budget cuts
SUB-00464-00,CUS-00464,PLN-STARTER,monthly,6,0.042,2024-09-01,2025-08-01,plan_change,,
SUB-00464-01,CUS-00464,PLN-STARTER,monthly,4,0.042,2025-08-01,2026-03-01,plan_change,,
SUB-00464-02,CUS-00464,PLN-STARTER,monthly,3,0.042,2026-03-01,,,,
SUB-00465-00,CUS-00465,PLN-SCALE,monthly,82,0.045,2024-09-01,2026-02-01,plan_change,,
SUB-00465-01,CUS-00465,PLN-SCALE,monthly,87,0.045,2026-02-01,2026-06-01,plan_change,,
SUB-00465-02,CUS-00465,PLN-SCALE,monthly,66,0.045,2026-06-01,,,,
SUB-00466-00,CUS-00466,PLN-GROWTH,monthly,47,0.05,2024-09-01,2025-02-01,churn,voluntary,Missing functionality
SUB-00467-00,CUS-00467,PLN-STARTER,monthly,7,0.0,2024-09-01,2024-11-01,churn,voluntary,Low adoption
SUB-00468-00,CUS-00468,PLN-STARTER,monthly,5,0.069,2024-09-01,2025-05-01,plan_change,,
SUB-00468-01,CUS-00468,PLN-STARTER,monthly,3,0.069,2025-05-01,2026-01-01,churn,voluntary,Price / budget cuts
SUB-00469-00,CUS-00469,PLN-STARTER,annual,11,0.085,2024-09-01,2026-03-01,plan_change,,
SUB-00469-01,CUS-00469,PLN-STARTER,annual,13,0.085,2026-03-01,2026-05-01,plan_change,,
SUB-00469-02,CUS-00469,PLN-STARTER,annual,14,0.085,2026-05-01,2026-06-01,plan_change,,
SUB-00469-03,CUS-00469,PLN-STARTER,annual,11,0.085,2026-06-01,,,,
SUB-00470-00,CUS-00470,PLN-STARTER,monthly,9,0.0,2024-09-01,2025-07-01,plan_change,,
SUB-00470-01,CUS-00470,PLN-STARTER,monthly,11,0.0,2025-07-01,2025-12-01,churn,involuntary,Payment failure
SUB-00471-00,CUS-00471,PLN-STARTER,monthly,4,0.0,2024-09-01,2026-03-01,plan_change,,
SUB-00471-01,CUS-00471,PLN-STARTER,monthly,6,0.0,2026-03-01,,,,
SUB-00472-00,CUS-00472,PLN-STARTER,monthly,7,0.056,2024-09-01,2024-10-01,churn,voluntary,Price / budget cuts
SUB-00473-00,CUS-00473,PLN-SCALE,monthly,41,0.043,2024-09-01,2025-03-01,churn,voluntary,Company acquired or closed
SUB-00473-01,CUS-00473,PLN-SCALE,monthly,43,0.043,2025-08-01,2025-11-01,plan_change,,
SUB-00473-02,CUS-00473,PLN-SCALE,monthly,46,0.043,2025-11-01,2026-06-01,plan_change,,
SUB-00473-03,CUS-00473,PLN-SCALE,monthly,52,0.043,2026-06-01,,,,
SUB-00474-00,CUS-00474,PLN-ENTERPRISE,annual,426,0.199,2024-09-01,2024-10-01,plan_change,,
SUB-00474-01,CUS-00474,PLN-ENTERPRISE,annual,497,0.199,2024-10-01,2025-12-01,plan_change,,
SUB-00474-02,CUS-00474,PLN-ENTERPRISE,annual,660,0.199,2025-12-01,2026-08-01,plan_change,,
SUB-00474-03,CUS-00474,PLN-ENTERPRISE,annual,501,0.199,2026-08-01,,,,
SUB-00475-00,CUS-00475,PLN-STARTER,monthly,8,0.0,2024-09-01,2025-11-01,plan_change,,
SUB-00475-01,CUS-00475,PLN-STARTER,monthly,5,0.0,2025-11-01,2025-12-01,plan_change,,
SUB-00475-02,CUS-00475,PLN-STARTER,monthly,6,0.0,2025-12-01,2026-03-01,plan_change,,
SUB-00475-03,CUS-00475,PLN-STARTER,monthly,3,0.0,2026-03-01,2026-06-01,churn,involuntary,Payment failure
SUB-00476-00,CUS-00476,PLN-STARTER,monthly,2,0.017,2024-09-01,2024-11-01,churn,involuntary,Payment failure
SUB-00477-00,CUS-00477,PLN-SCALE,annual,56,0.244,2024-09-01,2025-04-01,plan_change,,
SUB-00477-01,CUS-00477,PLN-SCALE,annual,72,0.244,2025-04-01,2025-08-01,plan_change,,
SUB-00477-02,CUS-00477,PLN-SCALE,annual,66,0.244,2025-08-01,2026-02-01,plan_change,,
SUB-00477-03,CUS-00477,PLN-SCALE,annual,92,0.244,2026-02-01,2026-05-01,plan_change,,
SUB-00477-04,CUS-00477,PLN-SCALE,annual,73,0.244,2026-05-01,2026-07-01,plan_change,,
SUB-00477-05,CUS-00477,PLN-SCALE,annual,90,0.244,2026-07-01,2026-08-01,plan_change,,
SUB-00477-06,CUS-00477,PLN-SCALE,annual,78,0.244,2026-08-01,,,,
SUB-00478-00,CUS-00478,PLN-GROWTH,monthly,25,0.04,2024-09-01,2024-10-01,churn,involuntary,Payment failure
SUB-00479-00,CUS-00479,PLN-SCALE,annual,75,0.204,2024-09-01,2024-10-01,plan_change,,
SUB-00479-01,CUS-00479,PLN-SCALE,annual,93,0.204,2024-10-01,2025-02-01,plan_change,,
SUB-00479-02,CUS-00479,PLN-SCALE,annual,111,0.204,2025-02-01,2025-06-01,plan_change,,
SUB-00479-03,CUS-00479,PLN-SCALE,annual,145,0.204,2025-06-01,2025-11-01,plan_change,,
SUB-00479-04,CUS-00479,PLN-SCALE,annual,179,0.204,2025-11-01,,,,
SUB-00480-00,CUS-00480,PLN-SCALE,monthly,66,0.154,2024-09-01,2025-07-01,plan_change,,
SUB-00480-01,CUS-00480,PLN-SCALE,monthly,52,0.154,2025-07-01,2025-08-01,plan_change,,
SUB-00480-02,CUS-00480,PLN-SCALE,monthly,64,0.154,2025-08-01,,,,
SUB-00481-00,CUS-00481,PLN-STARTER,monthly,2,0.027,2024-09-01,2025-02-01,churn,involuntary,Payment failure
SUB-00482-00,CUS-00482,PLN-GROWTH,annual,22,0.211,2024-09-01,2024-11-01,plan_change,,
SUB-00482-01,CUS-00482,PLN-GROWTH,annual,32,0.211,2024-11-01,2024-12-01,plan_change,,
SUB-00482-02,CUS-00482,PLN-GROWTH,annual,44,0.211,2024-12-01,2025-10-01,plan_change,,
SUB-00482-03,CUS-00482,PLN-GROWTH,annual,55,0.211,2025-10-01,2025-11-01,plan_change,,
SUB-00482-04,CUS-00482,PLN-GROWTH,annual,68,0.211,2025-11-01,2026-03-01,plan_change,,
SUB-00482-05,CUS-00482,PLN-GROWTH,annual,53,0.211,2026-03-01,2026-06-01,plan_change,,
SUB-00482-06,CUS-00482,PLN-GROWTH,annual,57,0.211,2026-06-01,,,,
SUB-00483-00,CUS-00483,PLN-SCALE,annual,112,0.265,2024-09-01,,,,
SUB-00484-00,CUS-00484,PLN-GROWTH,monthly,40,0.0,2024-10-01,2025-03-01,plan_change,,
SUB-00484-01,CUS-00484,PLN-GROWTH,monthly,55,0.0,2025-03-01,2025-05-01,churn,voluntary,Switched to competitor
SUB-00485-00,CUS-00485,PLN-SCALE,monthly,125,0.052,2024-10-01,2025-07-01,plan_change,,
SUB-00485-01,CUS-00485,PLN-SCALE,monthly,146,0.052,2025-07-01,2026-04-01,churn,voluntary,Missing functionality
SUB-00486-00,CUS-00486,PLN-STARTER,monthly,4,0.0,2024-10-01,2025-05-01,plan_change,,
SUB-00486-01,CUS-00486,PLN-STARTER,monthly,3,0.0,2025-05-01,2026-07-01,churn,voluntary,Missing functionality
SUB-00487-00,CUS-00487,PLN-STARTER,annual,4,0.165,2024-10-01,2026-01-01,plan_change,,
SUB-00487-01,CUS-00487,PLN-STARTER,annual,5,0.165,2026-01-01,,,,
SUB-00488-00,CUS-00488,PLN-ENTERPRISE,annual,350,0.196,2024-10-01,2026-02-01,plan_change,,
SUB-00488-01,CUS-00488,PLN-ENTERPRISE,annual,384,0.196,2026-02-01,,,,
SUB-00489-00,CUS-00489,PLN-STARTER,monthly,8,0.035,2024-10-01,2025-03-01,churn,involuntary,Payment failure
SUB-00490-00,CUS-00490,PLN-GROWTH,monthly,16,0.0,2024-10-01,2024-11-01,churn,involuntary,Payment failure
SUB-00491-00,CUS-00491,PLN-SCALE,annual,107,0.125,2024-10-01,2025-08-01,plan_change,,
SUB-00491-01,CUS-00491,PLN-SCALE,annual,122,0.125,2025-08-01,2026-05-01,plan_change,,
SUB-00491-02,CUS-00491,PLN-SCALE,annual,173,0.125,2026-05-01,,,,
SUB-00492-00,CUS-00492,PLN-STARTER,monthly,8,0.015,2024-10-01,2025-08-01,plan_change,,
SUB-00492-01,CUS-00492,PLN-STARTER,monthly,10,0.015,2025-08-01,2025-10-01,churn,voluntary,Poor support experience
SUB-00493-00,CUS-00493,PLN-STARTER,annual,7,0.09,2024-10-01,2024-12-01,plan_change,,
SUB-00493-01,CUS-00493,PLN-STARTER,annual,8,0.09,2024-12-01,2026-01-01,plan_change,,
SUB-00493-02,CUS-00493,PLN-STARTER,annual,9,0.09,2026-01-01,,,,
SUB-00494-00,CUS-00494,PLN-STARTER,monthly,4,0.06,2024-10-01,2024-12-01,churn,voluntary,Low adoption
SUB-00495-00,CUS-00495,PLN-GROWTH,monthly,12,0.0,2024-10-01,2025-02-01,plan_change,,
SUB-00495-01,CUS-00495,PLN-GROWTH,monthly,15,0.0,2025-02-01,2026-02-01,plan_change,,
SUB-00495-02,CUS-00495,PLN-GROWTH,monthly,19,0.0,2026-02-01,2026-03-01,plan_change,,
SUB-00495-03,CUS-00495,PLN-GROWTH,monthly,26,0.0,2026-03-01,2026-04-01,churn,voluntary,Switched to competitor
SUB-00496-00,CUS-00496,PLN-STARTER,monthly,6,0.016,2024-10-01,2025-02-01,plan_change,,
SUB-00496-01,CUS-00496,PLN-STARTER,monthly,3,0.016,2025-02-01,2025-04-01,plan_change,,
SUB-00496-02,CUS-00496,PLN-STARTER,monthly,4,0.016,2025-04-01,2025-08-01,churn,voluntary,Low adoption
SUB-00497-00,CUS-00497,PLN-STARTER,monthly,4,0.025,2024-10-01,2025-08-01,plan_change,,
SUB-00497-01,CUS-00497,PLN-STARTER,monthly,2,0.025,2025-08-01,2025-09-01,churn,involuntary,Payment failure
SUB-00498-00,CUS-00498,PLN-STARTER,monthly,9,0.0,2024-10-01,2024-12-01,churn,voluntary,Low adoption
SUB-00499-00,CUS-00499,PLN-STARTER,monthly,10,0.0,2024-10-01,2025-09-01,churn,voluntary,Price / budget cuts
SUB-00500-00,CUS-00500,PLN-GROWTH,monthly,48,0.068,2024-10-01,2024-12-01,churn,involuntary,Payment failure
SUB-00501-00,CUS-00501,PLN-GROWTH,monthly,36,0.03,2024-10-01,2025-08-01,plan_change,,
SUB-00501-01,CUS-00501,PLN-GROWTH,monthly,45,0.03,2025-08-01,2025-12-01,plan_change,,
SUB-00501-02,CUS-00501,PLN-GROWTH,monthly,48,0.03,2025-12-01,,,,
SUB-00502-00,CUS-00502,PLN-SCALE,monthly,111,0.015,2024-10-01,2024-12-01,churn,voluntary,Low adoption
SUB-00503-00,CUS-00503,PLN-GROWTH,monthly,19,0.001,2024-10-01,2024-12-01,plan_change,,
SUB-00503-01,CUS-00503,PLN-GROWTH,monthly,12,0.001,2024-12-01,2025-01-01,churn,voluntary,Price / budget cuts
SUB-00504-00,CUS-00504,PLN-GROWTH,monthly,13,0.0,2024-10-01,2024-11-01,plan_change,,
SUB-00504-01,CUS-00504,PLN-GROWTH,monthly,15,0.0,2024-11-01,2025-05-01,plan_change,,
SUB-00504-02,CUS-00504,PLN-GROWTH,monthly,10,0.0,2025-05-01,2026-04-01,plan_change,,
SUB-00504-03,CUS-00504,PLN-GROWTH,monthly,13,0.0,2026-04-01,2026-05-01,plan_change,,
SUB-00504-04,CUS-00504,PLN-GROWTH,monthly,15,0.0,2026-05-01,,,,
SUB-00505-00,CUS-00505,PLN-STARTER,monthly,2,0.048,2024-10-01,2025-03-01,plan_change,,
SUB-00505-01,CUS-00505,PLN-STARTER,monthly,3,0.048,2025-03-01,2025-04-01,churn,voluntary,Low adoption
SUB-00506-00,CUS-00506,PLN-SCALE,monthly,58,0.044,2024-10-01,2024-11-01,plan_change,,
SUB-00506-01,CUS-00506,PLN-SCALE,monthly,72,0.044,2024-11-01,2025-12-01,plan_change,,
SUB-00506-02,CUS-00506,PLN-SCALE,monthly,85,0.044,2025-12-01,2026-04-01,plan_change,,
SUB-00506-03,CUS-00506,PLN-SCALE,monthly,92,0.044,2026-04-01,,,,
SUB-00507-00,CUS-00507,PLN-STARTER,monthly,2,0.025,2024-10-01,2025-01-01,churn,voluntary,Switched to competitor
SUB-00508-00,CUS-00508,PLN-ENTERPRISE,annual,178,0.242,2024-10-01,2025-09-01,plan_change,,
SUB-00508-01,CUS-00508,PLN-ENTERPRISE,annual,245,0.242,2025-09-01,2026-01-01,plan_change,,
SUB-00508-02,CUS-00508,PLN-ENTERPRISE,annual,332,0.242,2026-01-01,2026-02-01,plan_change,,
SUB-00508-03,CUS-00508,PLN-ENTERPRISE,annual,432,0.242,2026-02-01,,,,
SUB-00509-00,CUS-00509,PLN-GROWTH,monthly,38,0.021,2024-10-01,2025-09-01,plan_change,,
SUB-00509-01,CUS-00509,PLN-GROWTH,monthly,52,0.021,2025-09-01,2026-08-01,plan_change,,
SUB-00509-02,CUS-00509,PLN-GROWTH,monthly,67,0.021,2026-08-01,,,,
SUB-00510-00,CUS-00510,PLN-SCALE,annual,54,0.176,2024-10-01,2024-11-01,plan_change,,
SUB-00510-01,CUS-00510,PLN-SCALE,annual,58,0.176,2024-11-01,,,,
SUB-00511-00,CUS-00511,PLN-ENTERPRISE,annual,803,0.17,2024-10-01,2025-08-01,plan_change,,
SUB-00511-01,CUS-00511,PLN-ENTERPRISE,annual,578,0.17,2025-08-01,2025-11-01,churn,voluntary,Low adoption
SUB-00512-00,CUS-00512,PLN-GROWTH,monthly,21,0.036,2024-10-01,2025-11-01,plan_change,,
SUB-00512-01,CUS-00512,PLN-GROWTH,monthly,14,0.036,2025-11-01,2025-12-01,churn,involuntary,Payment failure
SUB-00513-00,CUS-00513,PLN-GROWTH,monthly,49,0.0,2024-11-01,2024-12-01,churn,involuntary,Payment failure
SUB-00514-00,CUS-00514,PLN-ENTERPRISE,annual,304,0.204,2024-11-01,2024-12-01,plan_change,,
SUB-00514-01,CUS-00514,PLN-ENTERPRISE,annual,192,0.204,2024-12-01,2025-07-01,plan_change,,
SUB-00514-02,CUS-00514,PLN-ENTERPRISE,annual,267,0.204,2025-07-01,,,,
SUB-00515-00,CUS-00515,PLN-ENTERPRISE,annual,178,0.253,2024-11-01,2025-04-01,plan_change,,
SUB-00515-01,CUS-00515,PLN-ENTERPRISE,annual,160,0.253,2025-04-01,2025-05-01,plan_change,,
SUB-00515-02,CUS-00515,PLN-ENTERPRISE,annual,221,0.253,2025-05-01,2025-08-01,plan_change,,
SUB-00515-03,CUS-00515,PLN-ENTERPRISE,annual,246,0.253,2025-08-01,,,,
SUB-00516-00,CUS-00516,PLN-GROWTH,monthly,12,0.018,2024-11-01,2025-07-01,churn,voluntary,Price / budget cuts
SUB-00517-00,CUS-00517,PLN-STARTER,monthly,3,0.003,2024-11-01,2025-03-01,plan_change,,
SUB-00517-01,CUS-00517,PLN-STARTER,monthly,4,0.003,2025-03-01,2025-05-01,plan_change,,
SUB-00517-02,CUS-00517,PLN-STARTER,monthly,3,0.003,2025-05-01,2025-11-01,churn,voluntary,Switched to competitor
SUB-00518-00,CUS-00518,PLN-GROWTH,annual,44,0.162,2024-11-01,2024-12-01,plan_change,,
SUB-00518-01,CUS-00518,PLN-GROWTH,annual,60,0.162,2024-12-01,2025-07-01,plan_change,,
SUB-00518-02,CUS-00518,PLN-GROWTH,annual,82,0.162,2025-07-01,2025-11-01,churn,voluntary,Price / budget cuts
SUB-00519-00,CUS-00519,PLN-SCALE,annual,133,0.188,2024-11-01,2025-01-01,plan_change,,
SUB-00519-01,CUS-00519,PLN-SCALE,annual,108,0.188,2025-01-01,2025-02-01,plan_change,,
SUB-00519-02,CUS-00519,PLN-SCALE,annual,123,0.188,2025-02-01,2026-04-01,plan_change,,
SUB-00519-03,CUS-00519,PLN-SCALE,annual,166,0.188,2026-04-01,2026-05-01,plan_change,,
SUB-00519-04,CUS-00519,PLN-SCALE,annual,221,0.188,2026-05-01,2026-07-01,plan_change,,
SUB-00519-05,CUS-00519,PLN-SCALE,annual,238,0.188,2026-07-01,,,,
SUB-00520-00,CUS-00520,PLN-GROWTH,monthly,23,0.063,2024-11-01,2025-01-01,plan_change,,
SUB-00520-01,CUS-00520,PLN-GROWTH,monthly,25,0.063,2025-01-01,2025-03-01,churn,voluntary,Price / budget cuts
SUB-00521-00,CUS-00521,PLN-GROWTH,monthly,41,0.0,2024-11-01,2026-06-01,plan_change,,
SUB-00521-01,CUS-00521,PLN-GROWTH,monthly,49,0.0,2026-06-01,,,,
SUB-00522-00,CUS-00522,PLN-GROWTH,monthly,14,0.025,2024-11-01,2025-04-01,plan_change,,
SUB-00522-01,CUS-00522,PLN-GROWTH,monthly,12,0.025,2025-04-01,2025-06-01,churn,involuntary,Payment failure
SUB-00523-00,CUS-00523,PLN-STARTER,monthly,5,0.0,2024-11-01,2024-12-01,churn,voluntary,Low adoption
SUB-00524-00,CUS-00524,PLN-STARTER,monthly,5,0.0,2024-11-01,2025-03-01,plan_change,,
SUB-00524-01,CUS-00524,PLN-STARTER,monthly,7,0.0,2025-03-01,2025-12-01,plan_change,,
SUB-00524-02,CUS-00524,PLN-STARTER,monthly,4,0.0,2025-12-01,2026-04-01,churn,involuntary,Payment failure
SUB-00525-00,CUS-00525,PLN-GROWTH,monthly,23,0.027,2024-11-01,2025-05-01,churn,involuntary,Payment failure
SUB-00526-00,CUS-00526,PLN-ENTERPRISE,monthly,743,0.109,2024-11-01,2024-12-01,churn,voluntary,Price / budget cuts
SUB-00527-00,CUS-00527,PLN-GROWTH,monthly,47,0.066,2024-11-01,2024-12-01,churn,involuntary,Payment failure
SUB-00528-00,CUS-00528,PLN-GROWTH,monthly,33,0.04,2024-11-01,2025-03-01,churn,voluntary,Price / budget cuts
SUB-00529-00,CUS-00529,PLN-STARTER,monthly,4,0.016,2024-11-01,2025-05-01,plan_change,,
SUB-00529-01,CUS-00529,PLN-STARTER,monthly,5,0.016,2025-05-01,2026-03-01,plan_change,,
SUB-00529-02,CUS-00529,PLN-STARTER,monthly,7,0.016,2026-03-01,,,,
SUB-00530-00,CUS-00530,PLN-GROWTH,monthly,24,0.063,2024-11-01,2025-10-01,plan_change,,
SUB-00530-01,CUS-00530,PLN-GROWTH,monthly,29,0.063,2025-10-01,2026-06-01,plan_change,,
SUB-00530-02,CUS-00530,PLN-GROWTH,monthly,32,0.063,2026-06-01,2026-07-01,plan_change,,
SUB-00530-03,CUS-00530,PLN-GROWTH,monthly,44,0.063,2026-07-01,,,,
SUB-00531-00,CUS-00531,PLN-GROWTH,monthly,21,0.066,2024-11-01,2025-06-01,plan_change,,
SUB-00531-01,CUS-00531,PLN-GROWTH,monthly,26,0.066,2025-06-01,,,,
SUB-00532-00,CUS-00532,PLN-SCALE,annual,98,0.184,2024-11-01,2025-04-01,plan_change,,
SUB-00532-01,CUS-00532,PLN-SCALE,annual,130,0.184,2025-04-01,2025-08-01,plan_change,,
SUB-00532-02,CUS-00532,PLN-SCALE,annual,148,0.184,2025-08-01,2026-01-01,plan_change,,
SUB-00532-03,CUS-00532,PLN-SCALE,annual,168,0.184,2026-01-01,2026-04-01,plan_change,,
SUB-00532-04,CUS-00532,PLN-SCALE,annual,127,0.184,2026-04-01,2026-08-01,plan_change,,
SUB-00532-05,CUS-00532,PLN-SCALE,annual,156,0.184,2026-08-01,,,,
SUB-00533-00,CUS-00533,PLN-GROWTH,monthly,30,0.0,2024-11-01,2024-12-01,churn,voluntary,Price / budget cuts
SUB-00534-00,CUS-00534,PLN-STARTER,monthly,6,0.07,2024-11-01,2026-05-01,churn,involuntary,Payment failure
SUB-00535-00,CUS-00535,PLN-STARTER,monthly,7,0.061,2024-11-01,2025-03-01,plan_change,,
SUB-00535-01,CUS-00535,PLN-STARTER,monthly,5,0.061,2025-03-01,2025-10-01,churn,voluntary,Missing functionality
SUB-00536-00,CUS-00536,PLN-GROWTH,monthly,49,0.014,2024-11-01,2024-12-01,plan_change,,
SUB-00536-01,CUS-00536,PLN-GROWTH,monthly,66,0.014,2024-12-01,,,,
SUB-00537-00,CUS-00537,PLN-SCALE,monthly,162,0.046,2024-11-01,2025-04-01,plan_change,,
SUB-00537-01,CUS-00537,PLN-SCALE,monthly,133,0.046,2025-04-01,2025-08-01,plan_change,,
SUB-00537-02,CUS-00537,PLN-SCALE,monthly,147,0.046,2025-08-01,2025-09-01,plan_change,,
SUB-00537-03,CUS-00537,PLN-SCALE,monthly,120,0.046,2025-09-01,,,,
SUB-00538-00,CUS-00538,PLN-SCALE,annual,114,0.222,2024-11-01,2026-02-01,plan_change,,
SUB-00538-01,CUS-00538,PLN-SCALE,annual,134,0.222,2026-02-01,,,,
SUB-00539-00,CUS-00539,PLN-GROWTH,annual,41,0.2,2024-11-01,2026-02-01,plan_change,,
SUB-00539-01,CUS-00539,PLN-GROWTH,annual,55,0.2,2026-02-01,2026-04-01,plan_change,,
SUB-00539-02,CUS-00539,PLN-GROWTH,annual,74,0.2,2026-04-01,,,,
SUB-00540-00,CUS-00540,PLN-STARTER,monthly,5,0.034,2024-11-01,2024-12-01,plan_change,,
SUB-00540-01,CUS-00540,PLN-STARTER,monthly,4,0.034,2024-12-01,2025-12-01,plan_change,,
SUB-00540-02,CUS-00540,PLN-STARTER,monthly,5,0.034,2025-12-01,,,,
SUB-00541-00,CUS-00541,PLN-GROWTH,monthly,26,0.039,2024-11-01,2025-03-01,churn,voluntary,Missing functionality
SUB-00542-00,CUS-00542,PLN-SCALE,annual,116,0.242,2024-11-01,2025-05-01,plan_change,,
SUB-00542-01,CUS-00542,PLN-SCALE,annual,145,0.242,2025-05-01,2026-05-01,plan_change,,
SUB-00542-02,CUS-00542,PLN-SCALE,annual,122,0.242,2026-05-01,,,,
SUB-00543-00,CUS-00543,PLN-ENTERPRISE,annual,466,0.223,2024-12-01,2025-03-01,plan_change,,
SUB-00543-01,CUS-00543,PLN-ENTERPRISE,annual,494,0.223,2025-03-01,2025-10-01,plan_change,,
SUB-00543-02,CUS-00543,PLN-ENTERPRISE,annual,653,0.223,2025-10-01,2026-07-01,plan_change,,
SUB-00543-03,CUS-00543,PLN-ENTERPRISE,annual,435,0.223,2026-07-01,,,,
SUB-00544-00,CUS-00544,PLN-GROWTH,monthly,27,0.0,2024-12-01,2025-01-01,churn,involuntary,Payment failure
SUB-00545-00,CUS-00545,PLN-STARTER,annual,6,0.085,2024-12-01,2025-01-01,plan_change,,
SUB-00545-01,CUS-00545,PLN-STARTER,annual,7,0.085,2025-01-01,,,,
SUB-00546-00,CUS-00546,PLN-SCALE,monthly,89,0.104,2024-12-01,2025-01-01,plan_change,,
SUB-00546-01,CUS-00546,PLN-SCALE,monthly,96,0.104,2025-01-01,2025-02-01,plan_change,,
SUB-00546-02,CUS-00546,PLN-SCALE,monthly,103,0.104,2025-02-01,2025-10-01,churn,voluntary,Price / budget cuts
SUB-00547-00,CUS-00547,PLN-GROWTH,monthly,11,0.056,2024-12-01,2025-01-01,churn,voluntary,Missing functionality
SUB-00548-00,CUS-00548,PLN-STARTER,monthly,8,0.063,2024-12-01,2025-03-01,churn,voluntary,Low adoption
SUB-00549-00,CUS-00549,PLN-GROWTH,monthly,41,0.057,2024-12-01,2025-03-01,plan_change,,
SUB-00549-01,CUS-00549,PLN-GROWTH,monthly,55,0.057,2025-03-01,2025-06-01,churn,voluntary,Missing functionality
SUB-00550-00,CUS-00550,PLN-GROWTH,monthly,32,0.026,2024-12-01,2025-06-01,plan_change,,
SUB-00550-01,CUS-00550,PLN-GROWTH,monthly,40,0.026,2025-06-01,2026-03-01,plan_change,,
SUB-00550-02,CUS-00550,PLN-GROWTH,monthly,43,0.026,2026-03-01,,,,
SUB-00551-00,CUS-00551,PLN-STARTER,annual,13,0.106,2024-12-01,2025-12-01,churn,voluntary,Switched to competitor
SUB-00552-00,CUS-00552,PLN-STARTER,monthly,6,0.005,2024-12-01,2025-03-01,churn,involuntary,Payment failure
SUB-00553-00,CUS-00553,PLN-GROWTH,annual,11,0.118,2024-12-01,2025-01-01,plan_change,,
SUB-00553-01,CUS-00553,PLN-GROWTH,annual,15,0.118,2025-01-01,2025-06-01,plan_change,,
SUB-00553-02,CUS-00553,PLN-GROWTH,annual,21,0.118,2025-06-01,2025-09-01,plan_change,,
SUB-00553-03,CUS-00553,PLN-GROWTH,annual,15,0.118,2025-09-01,2025-12-01,plan_change,,
SUB-00553-04,CUS-00553,PLN-GROWTH,annual,16,0.118,2025-12-01,,,,
SUB-00554-00,CUS-00554,PLN-STARTER,monthly,7,0.0,2024-12-01,2025-02-01,churn,involuntary,Payment failure
SUB-00555-00,CUS-00555,PLN-STARTER,monthly,9,0.058,2024-12-01,2025-02-01,churn,voluntary,Company acquired or closed
SUB-00555-01,CUS-00555,PLN-STARTER,monthly,7,0.058,2025-09-01,2026-03-01,churn,voluntary,Price / budget cuts
SUB-00556-00,CUS-00556,PLN-STARTER,monthly,5,0.073,2024-12-01,2025-07-01,plan_change,,
SUB-00556-01,CUS-00556,PLN-STARTER,monthly,6,0.073,2025-07-01,2026-08-01,plan_change,,
SUB-00556-02,CUS-00556,PLN-STARTER,monthly,7,0.073,2026-08-01,,,,
SUB-00557-00,CUS-00557,PLN-STARTER,annual,6,0.12,2024-12-01,2025-12-01,churn,voluntary,Price / budget cuts
SUB-00558-00,CUS-00558,PLN-STARTER,annual,11,0.142,2024-12-01,2025-01-01,plan_change,,
SUB-00558-01,CUS-00558,PLN-STARTER,annual,13,0.142,2025-01-01,2025-10-01,plan_change,,
SUB-00558-02,CUS-00558,PLN-STARTER,annual,9,0.142,2025-10-01,2026-02-01,plan_change,,
SUB-00558-03,CUS-00558,PLN-STARTER,annual,11,0.142,2026-02-01,2026-08-01,plan_change,,
SUB-00558-04,CUS-00558,PLN-STARTER,annual,7,0.142,2026-08-01,,,,
SUB-00559-00,CUS-00559,PLN-ENTERPRISE,annual,185,0.221,2024-12-01,2025-11-01,plan_change,,
SUB-00559-01,CUS-00559,PLN-ENTERPRISE,annual,206,0.221,2025-11-01,,,,
SUB-00560-00,CUS-00560,PLN-STARTER,monthly,10,0.0,2024-12-01,,,,
SUB-00561-00,CUS-00561,PLN-GROWTH,annual,19,0.139,2024-12-01,2025-08-01,plan_change,,
SUB-00561-01,CUS-00561,PLN-GROWTH,annual,21,0.139,2025-08-01,2025-09-01,plan_change,,
SUB-00561-02,CUS-00561,PLN-GROWTH,annual,26,0.139,2025-09-01,2026-06-01,plan_change,,
SUB-00561-03,CUS-00561,PLN-GROWTH,annual,37,0.139,2026-06-01,,,,
SUB-00562-00,CUS-00562,PLN-GROWTH,annual,29,0.209,2024-12-01,2025-08-01,plan_change,,
SUB-00562-01,CUS-00562,PLN-GROWTH,annual,42,0.209,2025-08-01,2025-11-01,plan_change,,
SUB-00562-02,CUS-00562,PLN-GROWTH,annual,32,0.209,2025-11-01,2026-02-01,plan_change,,
SUB-00562-03,CUS-00562,PLN-GROWTH,annual,37,0.209,2026-02-01,,,,
SUB-00563-00,CUS-00563,PLN-SCALE,annual,130,0.253,2024-12-01,2025-01-01,plan_change,,
SUB-00563-01,CUS-00563,PLN-SCALE,annual,117,0.253,2025-01-01,2025-05-01,plan_change,,
SUB-00563-02,CUS-00563,PLN-SCALE,annual,97,0.253,2025-05-01,2025-06-01,plan_change,,
SUB-00563-03,CUS-00563,PLN-SCALE,annual,129,0.253,2025-06-01,2025-09-01,plan_change,,
SUB-00563-04,CUS-00563,PLN-SCALE,annual,90,0.253,2025-09-01,2026-02-01,plan_change,,
SUB-00563-05,CUS-00563,PLN-SCALE,annual,129,0.253,2026-02-01,2026-06-01,plan_change,,
SUB-00563-06,CUS-00563,PLN-SCALE,annual,82,0.253,2026-06-01,,,,
SUB-00564-00,CUS-00564,PLN-SCALE,annual,126,0.184,2024-12-01,2025-10-01,plan_change,,
SUB-00564-01,CUS-00564,PLN-SCALE,annual,150,0.184,2025-10-01,2026-04-01,plan_change,,
SUB-00564-02,CUS-00564,PLN-SCALE,annual,196,0.184,2026-04-01,2026-06-01,plan_change,,
SUB-00564-03,CUS-00564,PLN-SCALE,annual,226,0.184,2026-06-01,,,,
SUB-00565-00,CUS-00565,PLN-GROWTH,monthly,11,0.051,2024-12-01,2025-01-01,plan_change,,
SUB-00565-01,CUS-00565,PLN-GROWTH,monthly,16,0.051,2025-01-01,2025-03-01,plan_change,,
SUB-00565-02,CUS-00565,PLN-GROWTH,monthly,20,0.051,2025-03-01,2025-06-01,plan_change,,
SUB-00565-03,CUS-00565,PLN-GROWTH,monthly,23,0.051,2025-06-01,2025-08-01,plan_change,,
SUB-00565-04,CUS-00565,PLN-GROWTH,monthly,26,0.051,2025-08-01,2025-10-01,plan_change,,
SUB-00565-05,CUS-00565,PLN-GROWTH,monthly,31,0.051,2025-10-01,2025-12-01,plan_change,,
SUB-00565-06,CUS-00565,PLN-GROWTH,monthly,39,0.051,2025-12-01,2026-02-01,plan_change,,
SUB-00565-07,CUS-00565,PLN-GROWTH,monthly,48,0.051,2026-02-01,2026-04-01,plan_change,,
SUB-00565-08,CUS-00565,PLN-GROWTH,monthly,53,0.051,2026-04-01,,,,
SUB-00566-00,CUS-00566,PLN-STARTER,monthly,6,0.0,2024-12-01,2025-11-01,plan_change,,
SUB-00566-01,CUS-00566,PLN-STARTER,monthly,8,0.0,2025-11-01,2026-01-01,plan_change,,
SUB-00566-02,CUS-00566,PLN-STARTER,monthly,10,0.0,2026-01-01,,,,
SUB-00567-00,CUS-00567,PLN-GROWTH,monthly,19,0.061,2024-12-01,2025-07-01,plan_change,,
SUB-00567-01,CUS-00567,PLN-GROWTH,monthly,12,0.061,2025-07-01,2026-03-01,churn,voluntary,Switched to competitor
SUB-00568-00,CUS-00568,PLN-STARTER,monthly,13,0.001,2024-12-01,,,,
SUB-00569-00,CUS-00569,PLN-GROWTH,monthly,31,0.034,2024-12-01,2025-05-01,churn,voluntary,Price / budget cuts
SUB-00570-00,CUS-00570,PLN-GROWTH,monthly,11,0.0,2024-12-01,2025-03-01,churn,voluntary,Low adoption
SUB-00571-00,CUS-00571,PLN-ENTERPRISE,annual,188,0.195,2024-12-01,2026-04-01,plan_change,,
SUB-00571-01,CUS-00571,PLN-SCALE,annual,135,0.195,2026-04-01,,,,
SUB-00572-00,CUS-00572,PLN-GROWTH,monthly,24,0.0,2024-12-01,2025-02-01,plan_change,,
SUB-00572-01,CUS-00572,PLN-GROWTH,monthly,28,0.0,2025-02-01,2025-03-01,churn,voluntary,Low adoption
SUB-00573-00,CUS-00573,PLN-SCALE,annual,79,0.117,2024-12-01,2025-02-01,plan_change,,
SUB-00573-01,CUS-00573,PLN-SCALE,annual,63,0.117,2025-02-01,2025-03-01,plan_change,,
SUB-00573-02,CUS-00573,PLN-SCALE,annual,84,0.117,2025-03-01,2025-08-01,plan_change,,
SUB-00573-03,CUS-00573,PLN-SCALE,annual,67,0.117,2025-08-01,2025-12-01,plan_change,,
SUB-00573-04,CUS-00573,PLN-SCALE,annual,79,0.117,2025-12-01,2026-01-01,plan_change,,
SUB-00573-05,CUS-00573,PLN-SCALE,annual,100,0.117,2026-01-01,2026-02-01,plan_change,,
SUB-00573-06,CUS-00573,PLN-SCALE,annual,108,0.117,2026-02-01,2026-06-01,plan_change,,
SUB-00573-07,CUS-00573,PLN-SCALE,annual,124,0.117,2026-06-01,2026-07-01,plan_change,,
SUB-00573-08,CUS-00573,PLN-SCALE,annual,177,0.117,2026-07-01,,,,
SUB-00574-00,CUS-00574,PLN-GROWTH,monthly,46,0.042,2024-12-01,2025-01-01,plan_change,,
SUB-00574-01,CUS-00574,PLN-GROWTH,monthly,62,0.042,2025-01-01,2025-07-01,plan_change,,
SUB-00574-02,CUS-00574,PLN-GROWTH,monthly,76,0.042,2025-07-01,2026-06-01,plan_change,,
SUB-00574-03,CUS-00574,PLN-GROWTH,monthly,68,0.042,2026-06-01,,,,
SUB-00575-00,CUS-00575,PLN-SCALE,annual,43,0.182,2024-12-01,2025-01-01,plan_change,,
SUB-00575-01,CUS-00575,PLN-SCALE,annual,61,0.182,2025-01-01,2025-03-01,plan_change,,
SUB-00575-02,CUS-00575,PLN-SCALE,annual,83,0.182,2025-03-01,2025-06-01,plan_change,,
SUB-00575-03,CUS-00575,PLN-SCALE,annual,70,0.182,2025-06-01,2026-04-01,plan_change,,
SUB-00575-04,CUS-00575,PLN-SCALE,annual,78,0.182,2026-04-01,,,,
SUB-00576-00,CUS-00576,PLN-GROWTH,monthly,44,0.064,2024-12-01,2025-03-01,plan_change,,
SUB-00576-01,CUS-00576,PLN-GROWTH,monthly,50,0.064,2025-03-01,2025-07-01,churn,involuntary,Payment failure
SUB-00577-00,CUS-00577,PLN-STARTER,monthly,3,0.061,2024-12-01,2025-05-01,plan_change,,
SUB-00577-01,CUS-00577,PLN-STARTER,monthly,4,0.061,2025-05-01,,,,
SUB-00578-00,CUS-00578,PLN-STARTER,annual,4,0.093,2024-12-01,2025-09-01,plan_change,,
SUB-00578-01,CUS-00578,PLN-STARTER,annual,2,0.093,2025-09-01,,,,
SUB-00579-00,CUS-00579,PLN-GROWTH,monthly,47,0.0,2024-12-01,2025-11-01,plan_change,,
SUB-00579-01,CUS-00579,PLN-GROWTH,monthly,57,0.0,2025-11-01,,,,
SUB-00580-00,CUS-00580,PLN-STARTER,monthly,10,0.065,2024-12-01,2025-04-01,churn,voluntary,Switched to competitor
SUB-00581-00,CUS-00581,PLN-STARTER,monthly,2,0.049,2024-12-01,2025-07-01,plan_change,,
SUB-00581-01,CUS-00581,PLN-STARTER,monthly,3,0.049,2025-07-01,2026-04-01,churn,voluntary,Price / budget cuts
SUB-00582-00,CUS-00582,PLN-STARTER,monthly,13,0.073,2024-12-01,2025-02-01,plan_change,,
SUB-00582-01,CUS-00582,PLN-STARTER,monthly,11,0.073,2025-02-01,2025-05-01,plan_change,,
SUB-00582-02,CUS-00582,PLN-STARTER,monthly,12,0.073,2025-05-01,2025-10-01,plan_change,,
SUB-00582-03,CUS-00582,PLN-STARTER,monthly,14,0.073,2025-10-01,2026-01-01,plan_change,,
SUB-00582-04,CUS-00582,PLN-STARTER,monthly,18,0.073,2026-01-01,2026-07-01,plan_change,,
SUB-00582-05,CUS-00582,PLN-STARTER,monthly,13,0.073,2026-07-01,,,,
SUB-00583-00,CUS-00583,PLN-SCALE,annual,102,0.135,2024-12-01,2026-01-01,plan_change,,
SUB-00583-01,CUS-00583,PLN-SCALE,annual,76,0.135,2026-01-01,2026-03-01,plan_change,,
SUB-00583-02,CUS-00583,PLN-SCALE,annual,110,0.135,2026-03-01,,,,
SUB-00584-00,CUS-00584,PLN-GROWTH,annual,15,0.151,2024-12-01,2025-01-01,plan_change,,
SUB-00584-01,CUS-00584,PLN-GROWTH,annual,16,0.151,2025-01-01,2025-07-01,plan_change,,
SUB-00584-02,CUS-00584,PLN-GROWTH,annual,18,0.151,2025-07-01,2026-01-01,plan_change,,
SUB-00584-03,CUS-00584,PLN-GROWTH,annual,23,0.151,2026-01-01,,,,
SUB-00585-00,CUS-00585,PLN-ENTERPRISE,monthly,213,0.118,2025-01-01,2025-10-01,churn,voluntary,Company acquired or closed
SUB-00586-00,CUS-00586,PLN-STARTER,monthly,5,0.028,2025-01-01,2025-04-01,plan_change,,
SUB-00586-01,CUS-00586,PLN-STARTER,monthly,7,0.028,2025-04-01,2026-01-01,plan_change,,
SUB-00586-02,CUS-00586,PLN-STARTER,monthly,9,0.028,2026-01-01,2026-08-01,plan_change,,
SUB-00586-03,CUS-00586,PLN-STARTER,monthly,13,0.028,2026-08-01,,,,
SUB-00587-00,CUS-00587,PLN-STARTER,monthly,2,0.0,2025-01-01,2025-08-01,plan_change,,
SUB-00587-01,CUS-00587,PLN-STARTER,monthly,3,0.0,2025-08-01,2026-08-01,plan_change,,
SUB-00587-02,CUS-00587,PLN-STARTER,monthly,4,0.0,2026-08-01,,,,
SUB-00588-00,CUS-00588,PLN-GROWTH,monthly,13,0.046,2025-01-01,2025-03-01,churn,voluntary,Poor support experience
SUB-00589-00,CUS-00589,PLN-STARTER,monthly,4,0.012,2025-01-01,2025-02-01,plan_change,,
SUB-00589-01,CUS-00589,PLN-STARTER,monthly,5,0.012,2025-02-01,,,,
SUB-00590-00,CUS-00590,PLN-SCALE,monthly,93,0.015,2025-01-01,2025-04-01,plan_change,,
SUB-00590-01,CUS-00590,PLN-SCALE,monthly,106,0.015,2025-04-01,,,,
SUB-00591-00,CUS-00591,PLN-STARTER,monthly,13,0.04,2025-01-01,2025-06-01,plan_change,,
SUB-00591-01,CUS-00591,PLN-STARTER,monthly,11,0.04,2025-06-01,2026-08-01,plan_change,,
SUB-00591-02,CUS-00591,PLN-STARTER,monthly,10,0.04,2026-08-01,,,,
SUB-00592-00,CUS-00592,PLN-GROWTH,monthly,14,0.109,2025-01-01,2025-04-01,plan_change,,
SUB-00592-01,CUS-00592,PLN-GROWTH,monthly,18,0.109,2025-04-01,2025-10-01,plan_change,,
SUB-00592-02,CUS-00592,PLN-GROWTH,monthly,20,0.109,2025-10-01,,,,
SUB-00593-00,CUS-00593,PLN-STARTER,monthly,3,0.041,2025-01-01,2025-05-01,plan_change,,
SUB-00593-01,CUS-00593,PLN-STARTER,monthly,4,0.041,2025-05-01,2025-10-01,churn,voluntary,Poor support experience
SUB-00594-00,CUS-00594,PLN-SCALE,monthly,57,0.033,2025-01-01,2025-03-01,plan_change,,
SUB-00594-01,CUS-00594,PLN-SCALE,monthly,45,0.033,2025-03-01,2026-08-01,plan_change,,
SUB-00594-02,CUS-00594,PLN-GROWTH,monthly,27,0.033,2026-08-01,,,,
SUB-00595-00,CUS-00595,PLN-STARTER,annual,7,0.155,2025-01-01,2025-03-01,plan_change,,
SUB-00595-01,CUS-00595,PLN-STARTER,annual,8,0.155,2025-03-01,2026-03-01,plan_change,,
SUB-00595-02,CUS-00595,PLN-STARTER,annual,11,0.155,2026-03-01,,,,
SUB-00596-00,CUS-00596,PLN-SCALE,monthly,42,0.096,2025-01-01,2025-02-01,plan_change,,
SUB-00596-01,CUS-00596,PLN-SCALE,monthly,55,0.096,2025-02-01,2025-04-01,plan_change,,
SUB-00596-02,CUS-00596,PLN-SCALE,monthly,66,0.096,2025-04-01,2026-01-01,plan_change,,
SUB-00596-03,CUS-00596,PLN-SCALE,monthly,80,0.096,2026-01-01,,,,
SUB-00597-00,CUS-00597,PLN-GROWTH,monthly,39,0.025,2025-01-01,2025-12-01,plan_change,,
SUB-00597-01,CUS-00597,PLN-GROWTH,monthly,27,0.025,2025-12-01,2026-01-01,plan_change,,
SUB-00597-02,CUS-00597,PLN-GROWTH,monthly,38,0.025,2026-01-01,2026-04-01,churn,involuntary,Payment failure
SUB-00598-00,CUS-00598,PLN-GROWTH,monthly,11,0.096,2025-01-01,2025-06-01,plan_change,,
SUB-00598-01,CUS-00598,PLN-GROWTH,monthly,15,0.096,2025-06-01,2026-02-01,plan_change,,
SUB-00598-02,CUS-00598,PLN-STARTER,monthly,9,0.096,2026-02-01,,,,
SUB-00599-00,CUS-00599,PLN-GROWTH,annual,28,0.164,2025-01-01,2025-05-01,plan_change,,
SUB-00599-01,CUS-00599,PLN-GROWTH,annual,31,0.164,2025-05-01,2025-10-01,plan_change,,
SUB-00599-02,CUS-00599,PLN-GROWTH,annual,40,0.164,2025-10-01,2026-05-01,plan_change,,
SUB-00599-03,CUS-00599,PLN-GROWTH,annual,54,0.164,2026-05-01,,,,
SUB-00600-00,CUS-00600,PLN-STARTER,monthly,14,0.004,2025-01-01,2025-09-01,churn,involuntary,Payment failure
SUB-00601-00,CUS-00601,PLN-SCALE,annual,88,0.205,2025-01-01,2025-04-01,plan_change,,
SUB-00601-01,CUS-00601,PLN-SCALE,annual,124,0.205,2025-04-01,2026-05-01,plan_change,,
SUB-00601-02,CUS-00601,PLN-SCALE,annual,132,0.205,2026-05-01,,,,
SUB-00602-00,CUS-00602,PLN-GROWTH,monthly,16,0.033,2025-01-01,2026-03-01,plan_change,,
SUB-00602-01,CUS-00602,PLN-GROWTH,monthly,14,0.033,2026-03-01,2026-04-01,plan_change,,
SUB-00602-02,CUS-00602,PLN-GROWTH,monthly,11,0.033,2026-04-01,2026-08-01,plan_change,,
SUB-00602-03,CUS-00602,PLN-GROWTH,monthly,16,0.033,2026-08-01,,,,
SUB-00603-00,CUS-00603,PLN-GROWTH,annual,29,0.135,2025-01-01,,,,
SUB-00604-00,CUS-00604,PLN-GROWTH,monthly,13,0.053,2025-01-01,2025-03-01,plan_change,,
SUB-00604-01,CUS-00604,PLN-GROWTH,monthly,10,0.053,2025-03-01,2025-05-01,plan_change,,
SUB-00604-02,CUS-00604,PLN-STARTER,monthly,8,0.053,2025-05-01,2026-05-01,churn,voluntary,Price / budget cuts
SUB-00605-00,CUS-00605,PLN-ENTERPRISE,annual,529,0.175,2025-01-01,2025-08-01,plan_change,,
SUB-00605-01,CUS-00605,PLN-ENTERPRISE,annual,629,0.175,2025-08-01,2025-09-01,plan_change,,
SUB-00605-02,CUS-00605,PLN-ENTERPRISE,annual,741,0.175,2025-09-01,2026-01-01,plan_change,,
SUB-00605-03,CUS-00605,PLN-ENTERPRISE,annual,882,0.175,2026-01-01,2026-08-01,plan_change,,
SUB-00605-04,CUS-00605,PLN-ENTERPRISE,annual,1034,0.175,2026-08-01,,,,
SUB-00606-00,CUS-00606,PLN-GROWTH,monthly,35,0.034,2025-01-01,2025-10-01,churn,voluntary,Company acquired or closed
SUB-00607-00,CUS-00607,PLN-GROWTH,monthly,19,0.027,2025-01-01,2025-12-01,churn,involuntary,Payment failure
SUB-00608-00,CUS-00608,PLN-SCALE,monthly,59,0.074,2025-01-01,2025-05-01,plan_change,,
SUB-00608-01,CUS-00608,PLN-SCALE,monthly,77,0.074,2025-05-01,2026-01-01,plan_change,,
SUB-00608-02,CUS-00608,PLN-SCALE,monthly,104,0.074,2026-01-01,2026-04-01,plan_change,,
SUB-00608-03,CUS-00608,PLN-SCALE,monthly,124,0.074,2026-04-01,,,,
SUB-00609-00,CUS-00609,PLN-STARTER,monthly,5,0.018,2025-01-01,2026-01-01,plan_change,,
SUB-00609-01,CUS-00609,PLN-STARTER,monthly,4,0.018,2026-01-01,,,,
SUB-00610-00,CUS-00610,PLN-SCALE,monthly,189,0.102,2025-01-01,2025-07-01,plan_change,,
SUB-00610-01,CUS-00610,PLN-SCALE,monthly,211,0.102,2025-07-01,2025-10-01,plan_change,,
SUB-00610-02,CUS-00610,PLN-SCALE,monthly,138,0.102,2025-10-01,2026-03-01,plan_change,,
SUB-00610-03,CUS-00610,PLN-SCALE,monthly,183,0.102,2026-03-01,,,,
SUB-00611-00,CUS-00611,PLN-SCALE,monthly,67,0.1,2025-01-01,2025-05-01,plan_change,,
SUB-00611-01,CUS-00611,PLN-SCALE,monthly,79,0.1,2025-05-01,2025-09-01,churn,involuntary,Payment failure
SUB-00612-00,CUS-00612,PLN-STARTER,annual,3,0.092,2025-01-01,2025-02-01,plan_change,,
SUB-00612-01,CUS-00612,PLN-STARTER,annual,4,0.092,2025-02-01,,,,
SUB-00613-00,CUS-00613,PLN-STARTER,monthly,11,0.0,2025-01-01,2025-05-01,churn,involuntary,Payment failure
SUB-00614-00,CUS-00614,PLN-GROWTH,monthly,21,0.066,2025-01-01,2025-03-01,plan_change,,
SUB-00614-01,CUS-00614,PLN-GROWTH,monthly,26,0.066,2025-03-01,2026-03-01,churn,voluntary,Low adoption
SUB-00615-00,CUS-00615,PLN-GROWTH,monthly,14,0.04,2025-01-01,2025-08-01,plan_change,,
SUB-00615-01,CUS-00615,PLN-GROWTH,monthly,17,0.04,2025-08-01,2026-03-01,plan_change,,
SUB-00615-02,CUS-00615,PLN-GROWTH,monthly,20,0.04,2026-03-01,,,,
SUB-00616-00,CUS-00616,PLN-GROWTH,monthly,11,0.063,2025-01-01,2025-04-01,plan_change,,
SUB-00616-01,CUS-00616,PLN-GROWTH,monthly,12,0.063,2025-04-01,2025-05-01,churn,involuntary,Payment failure
SUB-00617-00,CUS-00617,PLN-STARTER,monthly,14,0.03,2025-01-01,2025-04-01,churn,voluntary,Poor support experience
SUB-00618-00,CUS-00618,PLN-STARTER,monthly,6,0.038,2025-01-01,2026-07-01,churn,involuntary,Payment failure
SUB-00619-00,CUS-00619,PLN-SCALE,annual,123,0.245,2025-01-01,2025-12-01,plan_change,,
SUB-00619-01,CUS-00619,PLN-SCALE,annual,111,0.245,2025-12-01,2026-03-01,plan_change,,
SUB-00619-02,CUS-00619,PLN-SCALE,annual,90,0.245,2026-03-01,2026-08-01,plan_change,,
SUB-00619-03,CUS-00619,PLN-SCALE,annual,56,0.245,2026-08-01,,,,
SUB-00620-00,CUS-00620,PLN-GROWTH,monthly,28,0.0,2025-01-01,2025-03-01,churn,voluntary,Poor support experience
SUB-00621-00,CUS-00621,PLN-GROWTH,monthly,38,0.086,2025-01-01,2025-06-01,plan_change,,
SUB-00621-01,CUS-00621,PLN-GROWTH,monthly,42,0.086,2025-06-01,2025-10-01,plan_change,,
SUB-00621-02,CUS-00621,PLN-GROWTH,monthly,50,0.086,2025-10-01,2026-01-01,plan_change,,
SUB-00621-03,CUS-00621,PLN-GROWTH,monthly,30,0.086,2026-01-01,,,,
SUB-00622-00,CUS-00622,PLN-GROWTH,monthly,16,0.012,2025-01-01,2025-08-01,plan_change,,
SUB-00622-01,CUS-00622,PLN-GROWTH,monthly,18,0.012,2025-08-01,2026-01-01,churn,voluntary,Missing functionality
SUB-00623-00,CUS-00623,PLN-SCALE,annual,128,0.251,2025-02-01,2025-03-01,plan_change,,
SUB-00623-01,CUS-00623,PLN-SCALE,annual,159,0.251,2025-03-01,2025-04-01,plan_change,,
SUB-00623-02,CUS-00623,PLN-SCALE,annual,211,0.251,2025-04-01,2025-05-01,plan_change,,
SUB-00623-03,CUS-00623,PLN-SCALE,annual,190,0.251,2025-05-01,2025-10-01,plan_change,,
SUB-00623-04,CUS-00623,PLN-SCALE,annual,158,0.251,2025-10-01,2026-02-01,plan_change,,
SUB-00623-05,CUS-00623,PLN-SCALE,annual,186,0.251,2026-02-01,,,,
SUB-00624-00,CUS-00624,PLN-STARTER,monthly,8,0.033,2025-02-01,2025-09-01,plan_change,,
SUB-00624-01,CUS-00624,PLN-STARTER,monthly,7,0.033,2025-09-01,2025-11-01,plan_change,,
SUB-00624-02,CUS-00624,PLN-STARTER,monthly,10,0.033,2025-11-01,,,,
SUB-00625-00,CUS-00625,PLN-SCALE,annual,127,0.217,2025-02-01,2026-03-01,plan_change,,
SUB-00625-01,CUS-00625,PLN-SCALE,annual,156,0.217,2026-03-01,,,,
SUB-00626-00,CUS-00626,PLN-SCALE,annual,192,0.267,2025-02-01,2025-03-01,plan_change,,
SUB-00626-01,CUS-00626,PLN-SCALE,annual,236,0.267,2025-03-01,2025-11-01,plan_change,,
SUB-00626-02,CUS-00626,PLN-SCALE,annual,302,0.267,2025-11-01,,,,
SUB-00627-00,CUS-00627,PLN-STARTER,annual,13,0.122,2025-02-01,2026-05-01,plan_change,,
SUB-00627-01,CUS-00627,PLN-STARTER,annual,17,0.122,2026-05-01,,,,
SUB-00628-00,CUS-00628,PLN-GROWTH,monthly,15,0.043,2025-02-01,2025-09-01,plan_change,,
SUB-00628-01,CUS-00628,PLN-STARTER,monthly,9,0.043,2025-09-01,2025-12-01,churn,involuntary,Payment failure
SUB-00629-00,CUS-00629,PLN-STARTER,monthly,12,0.044,2025-02-01,2026-03-01,churn,voluntary,Switched to competitor
SUB-00630-00,CUS-00630,PLN-GROWTH,annual,12,0.142,2025-02-01,,,,
SUB-00631-00,CUS-00631,PLN-GROWTH,annual,44,0.157,2025-02-01,2026-02-01,plan_change,,
SUB-00631-01,CUS-00631,PLN-GROWTH,annual,63,0.157,2026-02-01,2026-03-01,plan_change,,
SUB-00631-02,CUS-00631,PLN-GROWTH,annual,79,0.157,2026-03-01,,,,
SUB-00632-00,CUS-00632,PLN-GROWTH,monthly,25,0.045,2025-02-01,,,,
SUB-00633-00,CUS-00633,PLN-SCALE,monthly,116,0.046,2025-02-01,2025-03-01,plan_change,,
SUB-00633-01,CUS-00633,PLN-SCALE,monthly,81,0.046,2025-03-01,2026-03-01,plan_change,,
SUB-00633-02,CUS-00633,PLN-SCALE,monthly,55,0.046,2026-03-01,,,,
SUB-00634-00,CUS-00634,PLN-STARTER,monthly,6,0.048,2025-02-01,2025-03-01,churn,voluntary,Low adoption
SUB-00634-01,CUS-00634,PLN-STARTER,monthly,5,0.048,2025-08-01,2025-09-01,plan_change,,
SUB-00634-02,CUS-00634,PLN-STARTER,monthly,7,0.048,2025-09-01,,,,
SUB-00635-00,CUS-00635,PLN-STARTER,monthly,10,0.049,2025-02-01,2025-03-01,churn,voluntary,Low adoption
SUB-00636-00,CUS-00636,PLN-STARTER,annual,7,0.092,2025-02-01,,,,
SUB-00637-00,CUS-00637,PLN-GROWTH,annual,14,0.118,2025-02-01,2025-09-01,plan_change,,
SUB-00637-01,CUS-00637,PLN-GROWTH,annual,19,0.118,2025-09-01,2026-07-01,plan_change,,
SUB-00637-02,CUS-00637,PLN-GROWTH,annual,14,0.118,2026-07-01,,,,
SUB-00638-00,CUS-00638,PLN-GROWTH,annual,20,0.159,2025-02-01,2026-06-01,plan_change,,
SUB-00638-01,CUS-00638,PLN-GROWTH,annual,25,0.159,2026-06-01,2026-08-01,plan_change,,
SUB-00638-02,CUS-00638,PLN-GROWTH,annual,18,0.159,2026-08-01,,,,
SUB-00639-00,CUS-00639,PLN-ENTERPRISE,annual,443,0.24,2025-02-01,2025-08-01,plan_change,,
SUB-00639-01,CUS-00639,PLN-ENTERPRISE,annual,288,0.24,2025-08-01,2026-01-01,plan_change,,
SUB-00639-02,CUS-00639,PLN-ENTERPRISE,annual,383,0.24,2026-01-01,,,,
SUB-00640-00,CUS-00640,PLN-SCALE,monthly,90,0.093,2025-02-01,2026-01-01,plan_change,,
SUB-00640-01,CUS-00640,PLN-SCALE,monthly,98,0.093,2026-01-01,2026-02-01,plan_change,,
SUB-00640-02,CUS-00640,PLN-SCALE,monthly,115,0.093,2026-02-01,,,,
SUB-00641-00,CUS-00641,PLN-STARTER,monthly,6,0.001,2025-02-01,2025-07-01,churn,voluntary,Price / budget cuts
SUB-00642-00,CUS-00642,PLN-STARTER,monthly,2,0.0,2025-02-01,,,,
SUB-00643-00,CUS-00643,PLN-GROWTH,monthly,21,0.024,2025-02-01,2025-05-01,churn,voluntary,Low adoption
SUB-00644-00,CUS-00644,PLN-STARTER,monthly,3,0.031,2025-02-01,2025-06-01,churn,voluntary,Missing functionality
SUB-00645-00,CUS-00645,PLN-GROWTH,monthly,10,0.08,2025-02-01,2026-08-01,plan_change,,
SUB-00645-01,CUS-00645,PLN-GROWTH,monthly,13,0.08,2026-08-01,,,,
SUB-00646-00,CUS-00646,PLN-GROWTH,monthly,10,0.056,2025-02-01,2025-07-01,plan_change,,
SUB-00646-01,CUS-00646,PLN-STARTER,monthly,7,0.056,2025-07-01,2025-10-01,plan_change,,
SUB-00646-02,CUS-00646,PLN-STARTER,monthly,10,0.056,2025-10-01,2026-07-01,plan_change,,
SUB-00646-03,CUS-00646,PLN-STARTER,monthly,11,0.056,2026-07-01,,,,
SUB-00647-00,CUS-00647,PLN-GROWTH,monthly,15,0.04,2025-02-01,2025-04-01,plan_change,,
SUB-00647-01,CUS-00647,PLN-GROWTH,monthly,19,0.04,2025-04-01,2025-05-01,churn,voluntary,Low adoption
SUB-00648-00,CUS-00648,PLN-SCALE,annual,172,0.201,2025-02-01,2025-06-01,plan_change,,
SUB-00648-01,CUS-00648,PLN-SCALE,annual,227,0.201,2025-06-01,,,,
SUB-00649-00,CUS-00649,PLN-GROWTH,annual,22,0.196,2025-02-01,2025-04-01,plan_change,,
SUB-00649-01,CUS-00649,PLN-GROWTH,annual,18,0.196,2025-04-01,2025-10-01,plan_change,,
SUB-00649-02,CUS-00649,PLN-GROWTH,annual,24,0.196,2025-10-01,,,,
SUB-00650-00,CUS-00650,PLN-STARTER,monthly,2,0.013,2025-02-01,2025-05-01,plan_change,,
SUB-00650-01,CUS-00650,PLN-STARTER,monthly,3,0.013,2025-05-01,2025-06-01,plan_change,,
SUB-00650-02,CUS-00650,PLN-STARTER,monthly,2,0.013,2025-06-01,2025-07-01,churn,voluntary,Switched to competitor
SUB-00651-00,CUS-00651,PLN-GROWTH,monthly,32,0.015,2025-02-01,2025-05-01,churn,voluntary,Switched to competitor
SUB-00652-00,CUS-00652,PLN-GROWTH,monthly,11,0.0,2025-02-01,2025-03-01,plan_change,,
SUB-00652-01,CUS-00652,PLN-GROWTH,monthly,16,0.0,2025-03-01,2025-10-01,plan_change,,
SUB-00652-02,CUS-00652,PLN-GROWTH,monthly,10,0.0,2025-10-01,2026-07-01,plan_change,,
SUB-00652-03,CUS-00652,PLN-GROWTH,monthly,13,0.0,2026-07-01,,,,
SUB-00653-00,CUS-00653,PLN-STARTER,monthly,4,0.0,2025-02-01,2025-12-01,churn,voluntary,Low adoption
SUB-00654-00,CUS-00654,PLN-GROWTH,monthly,13,0.036,2025-03-01,2025-04-01,churn,voluntary,Company acquired or closed
SUB-00655-00,CUS-00655,PLN-GROWTH,monthly,24,0.033,2025-03-01,2025-09-01,churn,voluntary,Poor support experience
SUB-00656-00,CUS-00656,PLN-GROWTH,annual,25,0.11,2025-03-01,2026-02-01,plan_change,,
SUB-00656-01,CUS-00656,PLN-GROWTH,annual,18,0.11,2026-02-01,,,,
SUB-00657-00,CUS-00657,PLN-STARTER,annual,8,0.092,2025-03-01,2026-03-01,plan_change,,
SUB-00657-01,CUS-00657,PLN-STARTER,annual,11,0.092,2026-03-01,,,,
SUB-00658-00,CUS-00658,PLN-STARTER,monthly,3,0.0,2025-03-01,2025-07-01,churn,voluntary,Company acquired or closed
SUB-00659-00,CUS-00659,PLN-SCALE,annual,126,0.158,2025-03-01,2025-04-01,plan_change,,
SUB-00659-01,CUS-00659,PLN-SCALE,annual,153,0.158,2025-04-01,2025-10-01,plan_change,,
SUB-00659-02,CUS-00659,PLN-SCALE,annual,222,0.158,2025-10-01,,,,
SUB-00660-00,CUS-00660,PLN-SCALE,monthly,150,0.117,2025-03-01,2026-04-01,plan_change,,
SUB-00660-01,CUS-00660,PLN-SCALE,monthly,128,0.117,2026-04-01,2026-06-01,plan_change,,
SUB-00660-02,CUS-00660,PLN-SCALE,monthly,174,0.117,2026-06-01,,,,
SUB-00661-00,CUS-00661,PLN-GROWTH,monthly,18,0.074,2025-03-01,2025-07-01,churn,voluntary,Switched to competitor
SUB-00662-00,CUS-00662,PLN-GROWTH,monthly,48,0.098,2025-03-01,2026-02-01,plan_change,,
SUB-00662-01,CUS-00662,PLN-GROWTH,monthly,60,0.098,2026-02-01,2026-06-01,plan_change,,
SUB-00662-02,CUS-00662,PLN-GROWTH,monthly,33,0.098,2026-06-01,,,,
SUB-00663-00,CUS-00663,PLN-STARTER,monthly,6,0.0,2025-03-01,2026-08-01,plan_change,,
SUB-00663-01,CUS-00663,PLN-STARTER,monthly,7,0.0,2026-08-01,,,,
SUB-00664-00,CUS-00664,PLN-GROWTH,monthly,16,0.037,2025-03-01,2025-07-01,churn,voluntary,Price / budget cuts
SUB-00665-00,CUS-00665,PLN-STARTER,monthly,5,0.042,2025-03-01,2025-07-01,plan_change,,
SUB-00665-01,CUS-00665,PLN-STARTER,monthly,7,0.042,2025-07-01,2026-01-01,churn,voluntary,Low adoption
SUB-00666-00,CUS-00666,PLN-ENTERPRISE,annual,255,0.231,2025-03-01,2026-06-01,plan_change,,
SUB-00666-01,CUS-00666,PLN-ENTERPRISE,annual,301,0.231,2026-06-01,,,,
SUB-00667-00,CUS-00667,PLN-GROWTH,monthly,46,0.078,2025-03-01,2025-11-01,churn,voluntary,Company acquired or closed
SUB-00668-00,CUS-00668,PLN-SCALE,monthly,164,0.156,2025-03-01,2025-08-01,plan_change,,
SUB-00668-01,CUS-00668,PLN-SCALE,monthly,190,0.156,2025-08-01,2026-02-01,plan_change,,
SUB-00668-02,CUS-00668,PLN-SCALE,monthly,254,0.156,2026-02-01,2026-03-01,plan_change,,
SUB-00668-03,CUS-00668,PLN-SCALE,monthly,347,0.156,2026-03-01,2026-07-01,plan_change,,
SUB-00668-04,CUS-00668,PLN-ENTERPRISE,monthly,438,0.156,2026-07-01,,,,
SUB-00669-00,CUS-00669,PLN-STARTER,monthly,5,0.034,2025-03-01,2026-04-01,plan_change,,
SUB-00669-01,CUS-00669,PLN-STARTER,monthly,4,0.034,2026-04-01,2026-06-01,churn,voluntary,Low adoption
SUB-00670-00,CUS-00670,PLN-GROWTH,monthly,29,0.0,2025-03-01,2026-08-01,plan_change,,
SUB-00670-01,CUS-00670,PLN-GROWTH,monthly,32,0.0,2026-08-01,,,,
SUB-00671-00,CUS-00671,PLN-STARTER,monthly,12,0.0,2025-03-01,2025-12-01,churn,voluntary,Missing functionality
SUB-00672-00,CUS-00672,PLN-GROWTH,monthly,27,0.068,2025-03-01,2025-08-01,plan_change,,
SUB-00672-01,CUS-00672,PLN-GROWTH,monthly,25,0.068,2025-08-01,2026-03-01,plan_change,,
SUB-00672-02,CUS-00672,PLN-GROWTH,monthly,19,0.068,2026-03-01,,,,
SUB-00673-00,CUS-00673,PLN-STARTER,monthly,2,0.0,2025-03-01,2025-05-01,churn,voluntary,Switched to competitor
SUB-00673-01,CUS-00673,PLN-STARTER,monthly,2,0.0,2025-12-01,2026-01-01,churn,involuntary,Payment failure
SUB-00674-00,CUS-00674,PLN-STARTER,monthly,12,0.0,2025-03-01,2025-10-01,churn,voluntary,Price / budget cuts
SUB-00675-00,CUS-00675,PLN-GROWTH,monthly,14,0.019,2025-03-01,2025-09-01,plan_change,,
SUB-00675-01,CUS-00675,PLN-GROWTH,monthly,18,0.019,2025-09-01,2026-01-01,plan_change,,
SUB-00675-02,CUS-00675,PLN-GROWTH,monthly,11,0.019,2026-01-01,2026-03-01,plan_change,,
SUB-00675-03,CUS-00675,PLN-GROWTH,monthly,15,0.019,2026-03-01,2026-05-01,plan_change,,
SUB-00675-04,CUS-00675,PLN-GROWTH,monthly,21,0.019,2026-05-01,2026-07-01,churn,involuntary,Payment failure
SUB-00676-00,CUS-00676,PLN-STARTER,monthly,6,0.039,2025-03-01,2025-06-01,churn,voluntary,Price / budget cuts
SUB-00677-00,CUS-00677,PLN-GROWTH,monthly,23,0.042,2025-03-01,2025-11-01,churn,voluntary,Missing functionality
SUB-00678-00,CUS-00678,PLN-GROWTH,annual,14,0.117,2025-03-01,2026-04-01,plan_change,,
SUB-00678-01,CUS-00678,PLN-GROWTH,annual,16,0.117,2026-04-01,2026-05-01,plan_change,,
SUB-00678-02,CUS-00678,PLN-GROWTH,annual,21,0.117,2026-05-01,,,,
SUB-00679-00,CUS-00679,PLN-GROWTH,monthly,27,0.05,2025-03-01,2025-08-01,plan_change,,
SUB-00679-01,CUS-00679,PLN-GROWTH,monthly,17,0.05,2025-08-01,2026-08-01,plan_change,,
SUB-00679-02,CUS-00679,PLN-GROWTH,monthly,24,0.05,2026-08-01,,,,
SUB-00680-00,CUS-00680,PLN-SCALE,monthly,118,0.024,2025-03-01,2025-06-01,plan_change,,
SUB-00680-01,CUS-00680,PLN-SCALE,monthly,156,0.024,2025-06-01,2025-09-01,plan_change,,
SUB-00680-02,CUS-00680,PLN-SCALE,monthly,209,0.024,2025-09-01,2026-03-01,plan_change,,
SUB-00680-03,CUS-00680,PLN-SCALE,monthly,226,0.024,2026-03-01,2026-05-01,churn,voluntary,Missing functionality
SUB-00681-00,CUS-00681,PLN-STARTER,annual,10,0.164,2025-03-01,2026-03-01,churn,voluntary,Price / budget cuts
SUB-00682-00,CUS-00682,PLN-ENTERPRISE,annual,465,0.253,2025-03-01,2025-09-01,plan_change,,
SUB-00682-01,CUS-00682,PLN-ENTERPRISE,annual,650,0.253,2025-09-01,2025-12-01,churn,voluntary,Low adoption
SUB-00683-00,CUS-00683,PLN-ENTERPRISE,monthly,234,0.133,2025-03-01,2025-09-01,plan_change,,
SUB-00683-01,CUS-00683,PLN-ENTERPRISE,monthly,328,0.133,2025-09-01,2026-01-01,plan_change,,
SUB-00683-02,CUS-00683,PLN-ENTERPRISE,monthly,256,0.133,2026-01-01,2026-03-01,plan_change,,
SUB-00683-03,CUS-00683,PLN-ENTERPRISE,monthly,320,0.133,2026-03-01,2026-05-01,plan_change,,
SUB-00683-04,CUS-00683,PLN-ENTERPRISE,monthly,375,0.133,2026-05-01,,,,
SUB-00684-00,CUS-00684,PLN-SCALE,annual,105,0.179,2025-03-01,2026-06-01,plan_change,,
SUB-00684-01,CUS-00684,PLN-SCALE,annual,59,0.179,2026-06-01,,,,
SUB-00685-00,CUS-00685,PLN-GROWTH,annual,11,0.123,2025-03-01,2025-05-01,plan_change,,
SUB-00685-01,CUS-00685,PLN-GROWTH,annual,14,0.123,2025-05-01,,,,
SUB-00686-00,CUS-00686,PLN-GROWTH,annual,13,0.077,2025-03-01,2025-08-01,plan_change,,
SUB-00686-01,CUS-00686,PLN-GROWTH,annual,14,0.077,2025-08-01,2025-11-01,plan_change,,
SUB-00686-02,CUS-00686,PLN-GROWTH,annual,16,0.077,2025-11-01,2026-03-01,churn,voluntary,Low adoption
SUB-00686-03,CUS-00686,PLN-GROWTH,annual,12,0.077,2026-07-01,2026-08-01,plan_change,,
SUB-00686-04,CUS-00686,PLN-GROWTH,annual,10,0.077,2026-08-01,,,,
SUB-00687-00,CUS-00687,PLN-STARTER,monthly,5,0.043,2025-03-01,,,,
SUB-00688-00,CUS-00688,PLN-STARTER,monthly,4,0.0,2025-03-01,2025-07-01,plan_change,,
SUB-00688-01,CUS-00688,PLN-STARTER,monthly,5,0.0,2025-07-01,2026-02-01,churn,voluntary,Poor support experience
SUB-00689-00,CUS-00689,PLN-SCALE,annual,110,0.12,2025-03-01,2025-09-01,plan_change,,
SUB-00689-01,CUS-00689,PLN-SCALE,annual,61,0.12,2025-09-01,2025-11-01,plan_change,,
SUB-00689-02,CUS-00689,PLN-SCALE,annual,67,0.12,2025-11-01,2026-03-01,plan_change,,
SUB-00689-03,CUS-00689,PLN-SCALE,annual,85,0.12,2026-03-01,2026-04-01,plan_change,,
SUB-00689-04,CUS-00689,PLN-SCALE,annual,117,0.12,2026-04-01,2026-08-01,plan_change,,
SUB-00689-05,CUS-00689,PLN-SCALE,annual,95,0.12,2026-08-01,,,,
SUB-00690-00,CUS-00690,PLN-SCALE,annual,169,0.183,2025-03-01,2025-07-01,plan_change,,
SUB-00690-01,CUS-00690,PLN-SCALE,annual,197,0.183,2025-07-01,2025-09-01,plan_change,,
SUB-00690-02,CUS-00690,PLN-SCALE,annual,232,0.183,2025-09-01,,,,
SUB-00691-00,CUS-00691,PLN-STARTER,annual,11,0.178,2025-03-01,2025-04-01,plan_change,,
SUB-00691-01,CUS-00691,PLN-STARTER,annual,16,0.178,2025-04-01,2025-08-01,plan_change,,
SUB-00691-02,CUS-00691,PLN-STARTER,annual,17,0.178,2025-08-01,,,,
SUB-00692-00,CUS-00692,PLN-STARTER,monthly,10,0.0,2025-03-01,2025-12-01,plan_change,,
SUB-00692-01,CUS-00692,PLN-STARTER,monthly,13,0.0,2025-12-01,2026-08-01,plan_change,,
SUB-00692-02,CUS-00692,PLN-STARTER,monthly,18,0.0,2026-08-01,,,,
SUB-00693-00,CUS-00693,PLN-ENTERPRISE,monthly,270,0.105,2025-03-01,2026-03-01,plan_change,,
SUB-00693-01,CUS-00693,PLN-ENTERPRISE,monthly,380,0.105,2026-03-01,2026-06-01,plan_change,,
SUB-00693-02,CUS-00693,PLN-ENTERPRISE,monthly,335,0.105,2026-06-01,,,,
SUB-00694-00,CUS-00694,PLN-SCALE,monthly,87,0.133,2025-03-01,2025-05-01,plan_change,,
SUB-00694-01,CUS-00694,PLN-SCALE,monthly,116,0.133,2025-05-01,2025-07-01,plan_change,,
SUB-00694-02,CUS-00694,PLN-SCALE,monthly,144,0.133,2025-07-01,2026-02-01,churn,involuntary,Payment failure
SUB-00695-00,CUS-00695,PLN-STARTER,monthly,3,0.056,2025-03-01,2025-08-01,churn,voluntary,Price / budget cuts
SUB-00696-00,CUS-00696,PLN-GROWTH,monthly,14,0.116,2025-03-01,2025-04-01,plan_change,,
SUB-00696-01,CUS-00696,PLN-GROWTH,monthly,15,0.116,2025-04-01,2025-11-01,plan_change,,
SUB-00696-02,CUS-00696,PLN-GROWTH,monthly,17,0.116,2025-11-01,2025-12-01,churn,voluntary,Company acquired or closed
SUB-00697-00,CUS-00697,PLN-STARTER,monthly,11,0.014,2025-03-01,2025-04-01,churn,voluntary,Price / budget cuts
SUB-00698-00,CUS-00698,PLN-SCALE,annual,190,0.198,2025-03-01,2026-03-01,churn,voluntary,Poor support experience
SUB-00699-00,CUS-00699,PLN-GROWTH,monthly,12,0.006,2025-03-01,2025-05-01,plan_change,,
SUB-00699-01,CUS-00699,PLN-GROWTH,monthly,15,0.006,2025-05-01,2025-06-01,plan_change,,
SUB-00699-02,CUS-00699,PLN-STARTER,monthly,9,0.006,2025-06-01,,,,
SUB-00700-00,CUS-00700,PLN-STARTER,annual,4,0.142,2025-04-01,2025-08-01,plan_change,,
SUB-00700-01,CUS-00700,PLN-STARTER,annual,5,0.142,2025-08-01,2025-11-01,plan_change,,
SUB-00700-02,CUS-00700,PLN-STARTER,annual,7,0.142,2025-11-01,2026-07-01,plan_change,,
SUB-00700-03,CUS-00700,PLN-STARTER,annual,10,0.142,2026-07-01,,,,
SUB-00701-00,CUS-00701,PLN-GROWTH,annual,14,0.185,2025-04-01,2026-04-01,plan_change,,
SUB-00701-01,CUS-00701,PLN-GROWTH,annual,15,0.185,2026-04-01,,,,
SUB-00702-00,CUS-00702,PLN-ENTERPRISE,annual,240,0.173,2025-04-01,,,,
SUB-00703-00,CUS-00703,PLN-STARTER,monthly,3,0.052,2025-04-01,2025-07-01,plan_change,,
SUB-00703-01,CUS-00703,PLN-STARTER,monthly,4,0.052,2025-07-01,2025-09-01,churn,voluntary,Price / budget cuts
SUB-00704-00,CUS-00704,PLN-STARTER,monthly,8,0.067,2025-04-01,2025-07-01,plan_change,,
SUB-00704-01,CUS-00704,PLN-STARTER,monthly,9,0.067,2025-07-01,2025-08-01,churn,voluntary,Missing functionality
SUB-00704-02,CUS-00704,PLN-STARTER,monthly,6,0.067,2026-03-01,2026-06-01,plan_change,,
SUB-00704-03,CUS-00704,PLN-STARTER,monthly,8,0.067,2026-06-01,2026-07-01,plan_change,,
SUB-00704-04,CUS-00704,PLN-STARTER,monthly,5,0.067,2026-07-01,,,,
SUB-00705-00,CUS-00705,PLN-GROWTH,annual,14,0.137,2025-04-01,2025-05-01,churn,involuntary,Payment failure
SUB-00706-00,CUS-00706,PLN-STARTER,monthly,9,0.0,2025-04-01,2026-08-01,plan_change,,
SUB-00706-01,CUS-00706,PLN-STARTER,monthly,10,0.0,2026-08-01,,,,
SUB-00707-00,CUS-00707,PLN-GROWTH,monthly,24,0.0,2025-04-01,2026-03-01,plan_change,,
SUB-00707-01,CUS-00707,PLN-GROWTH,monthly,17,0.0,2026-03-01,2026-05-01,plan_change,,
SUB-00707-02,CUS-00707,PLN-GROWTH,monthly,20,0.0,2026-05-01,,,,
SUB-00708-00,CUS-00708,PLN-GROWTH,monthly,12,0.068,2025-04-01,,,,
SUB-00709-00,CUS-00709,PLN-STARTER,monthly,5,0.0,2025-04-01,2025-06-01,churn,voluntary,Poor support experience
SUB-00710-00,CUS-00710,PLN-GROWTH,monthly,39,0.02,2025-04-01,,,,
SUB-00711-00,CUS-00711,PLN-GROWTH,monthly,14,0.077,2025-04-01,2025-08-01,plan_change,,
SUB-00711-01,CUS-00711,PLN-GROWTH,monthly,16,0.077,2025-08-01,,,,
SUB-00712-00,CUS-00712,PLN-GROWTH,monthly,39,0.043,2025-04-01,2025-11-01,plan_change,,
SUB-00712-01,CUS-00712,PLN-GROWTH,monthly,49,0.043,2025-11-01,2026-06-01,churn,involuntary,Payment failure
SUB-00713-00,CUS-00713,PLN-GROWTH,monthly,40,0.054,2025-04-01,2026-05-01,plan_change,,
SUB-00713-01,CUS-00713,PLN-GROWTH,monthly,46,0.054,2026-05-01,2026-08-01,plan_change,,
SUB-00713-02,CUS-00713,PLN-GROWTH,monthly,32,0.054,2026-08-01,,,,
SUB-00714-00,CUS-00714,PLN-ENTERPRISE,annual,174,0.268,2025-04-01,2025-06-01,plan_change,,
SUB-00714-01,CUS-00714,PLN-ENTERPRISE,annual,190,0.268,2025-06-01,2025-07-01,plan_change,,
SUB-00714-02,CUS-00714,PLN-ENTERPRISE,annual,243,0.268,2025-07-01,,,,
SUB-00715-00,CUS-00715,PLN-GROWTH,annual,17,0.149,2025-04-01,2025-08-01,plan_change,,
SUB-00715-01,CUS-00715,PLN-GROWTH,annual,18,0.149,2025-08-01,2025-11-01,plan_change,,
SUB-00715-02,CUS-00715,PLN-GROWTH,annual,20,0.149,2025-11-01,,,,
SUB-00716-00,CUS-00716,PLN-STARTER,monthly,11,0.076,2025-04-01,2025-11-01,plan_change,,
SUB-00716-01,CUS-00716,PLN-STARTER,monthly,16,0.076,2025-11-01,2026-04-01,churn,voluntary,Missing functionality
SUB-00717-00,CUS-00717,PLN-SCALE,annual,165,0.111,2025-04-01,2026-03-01,plan_change,,
SUB-00717-01,CUS-00717,PLN-SCALE,annual,133,0.111,2026-03-01,2026-06-01,plan_change,,
SUB-00717-02,CUS-00717,PLN-SCALE,annual,122,0.111,2026-06-01,,,,
SUB-00718-00,CUS-00718,PLN-GROWTH,monthly,48,0.01,2025-04-01,2025-05-01,churn,involuntary,Payment failure
SUB-00719-00,CUS-00719,PLN-GROWTH,annual,11,0.074,2025-04-01,2025-10-01,churn,voluntary,Price / budget cuts
SUB-00720-00,CUS-00720,PLN-GROWTH,monthly,41,0.0,2025-04-01,2025-07-01,churn,voluntary,Company acquired or closed
SUB-00721-00,CUS-00721,PLN-STARTER,monthly,3,0.028,2025-04-01,,,,
SUB-00722-00,CUS-00722,PLN-SCALE,annual,123,0.201,2025-04-01,2025-11-01,plan_change,,
SUB-00722-01,CUS-00722,PLN-SCALE,annual,168,0.201,2025-11-01,,,,
SUB-00723-00,CUS-00723,PLN-ENTERPRISE,monthly,814,0.139,2025-04-01,2025-05-01,plan_change,,
SUB-00723-01,CUS-00723,PLN-ENTERPRISE,monthly,926,0.139,2025-05-01,2025-11-01,plan_change,,
SUB-00723-02,CUS-00723,PLN-ENTERPRISE,monthly,1006,0.139,2025-11-01,2026-01-01,plan_change,,
SUB-00723-03,CUS-00723,PLN-ENTERPRISE,monthly,1324,0.139,2026-01-01,,,,
SUB-00724-00,CUS-00724,PLN-STARTER,monthly,9,0.025,2025-04-01,2026-04-01,plan_change,,
SUB-00724-01,CUS-00724,PLN-STARTER,monthly,12,0.025,2026-04-01,2026-07-01,plan_change,,
SUB-00724-02,CUS-00724,PLN-STARTER,monthly,16,0.025,2026-07-01,,,,
SUB-00725-00,CUS-00725,PLN-SCALE,annual,54,0.178,2025-04-01,2026-03-01,plan_change,,
SUB-00725-01,CUS-00725,PLN-SCALE,annual,47,0.178,2026-03-01,2026-04-01,plan_change,,
SUB-00725-02,CUS-00725,PLN-SCALE,annual,55,0.178,2026-04-01,2026-08-01,plan_change,,
SUB-00725-03,CUS-00725,PLN-SCALE,annual,70,0.178,2026-08-01,,,,
SUB-00726-00,CUS-00726,PLN-STARTER,monthly,3,0.038,2025-04-01,2026-08-01,churn,involuntary,Payment failure
SUB-00727-00,CUS-00727,PLN-GROWTH,monthly,33,0.011,2025-04-01,2025-09-01,plan_change,,
SUB-00727-01,CUS-00727,PLN-GROWTH,monthly,40,0.011,2025-09-01,2025-11-01,plan_change,,
SUB-00727-02,CUS-00727,PLN-GROWTH,monthly,24,0.011,2025-11-01,2026-07-01,plan_change,,
SUB-00727-03,CUS-00727,PLN-GROWTH,monthly,34,0.011,2026-07-01,,,,
SUB-00728-00,CUS-00728,PLN-STARTER,monthly,7,0.045,2025-04-01,2025-07-01,plan_change,,
SUB-00728-01,CUS-00728,PLN-STARTER,monthly,5,0.045,2025-07-01,2025-08-01,plan_change,,
SUB-00728-02,CUS-00728,PLN-STARTER,monthly,4,0.045,2025-08-01,2025-09-01,plan_change,,
SUB-00728-03,CUS-00728,PLN-STARTER,monthly,3,0.045,2025-09-01,2026-02-01,plan_change,,
SUB-00728-04,CUS-00728,PLN-STARTER,monthly,4,0.045,2026-02-01,2026-06-01,churn,voluntary,Switched to competitor
SUB-00729-00,CUS-00729,PLN-GROWTH,monthly,13,0.008,2025-04-01,2025-07-01,plan_change,,
SUB-00729-01,CUS-00729,PLN-GROWTH,monthly,16,0.008,2025-07-01,2025-12-01,plan_change,,
SUB-00729-02,CUS-00729,PLN-GROWTH,monthly,17,0.008,2025-12-01,,,,
SUB-00730-00,CUS-00730,PLN-GROWTH,monthly,47,0.064,2025-04-01,2026-03-01,plan_change,,
SUB-00730-01,CUS-00730,PLN-GROWTH,monthly,65,0.064,2026-03-01,,,,
SUB-00731-00,CUS-00731,PLN-GROWTH,annual,12,0.128,2025-04-01,,,,
SUB-00732-00,CUS-00732,PLN-GROWTH,monthly,36,0.062,2025-04-01,2025-06-01,plan_change,,
SUB-00732-01,CUS-00732,PLN-GROWTH,monthly,42,0.062,2025-06-01,2026-04-01,churn,involuntary,Payment failure
SUB-00733-00,CUS-00733,PLN-STARTER,annual,10,0.17,2025-04-01,2025-06-01,plan_change,,
SUB-00733-01,CUS-00733,PLN-STARTER,annual,14,0.17,2025-06-01,2025-11-01,plan_change,,
SUB-00733-02,CUS-00733,PLN-STARTER,annual,19,0.17,2025-11-01,,,,
SUB-00734-00,CUS-00734,PLN-STARTER,monthly,3,0.029,2025-04-01,2025-10-01,plan_change,,
SUB-00734-01,CUS-00734,PLN-STARTER,monthly,4,0.029,2025-10-01,2026-01-01,plan_change,,
SUB-00734-02,CUS-00734,PLN-STARTER,monthly,5,0.029,2026-01-01,2026-04-01,churn,involuntary,Payment failure
SUB-00735-00,CUS-00735,PLN-GROWTH,annual,26,0.17,2025-04-01,2026-05-01,plan_change,,
SUB-00735-01,CUS-00735,PLN-GROWTH,annual,20,0.17,2026-05-01,,,,
SUB-00736-00,CUS-00736,PLN-STARTER,monthly,10,0.001,2025-04-01,2025-10-01,plan_change,,
SUB-00736-01,CUS-00736,PLN-STARTER,monthly,13,0.001,2025-10-01,2026-03-01,plan_change,,
SUB-00736-02,CUS-00736,PLN-STARTER,monthly,10,0.001,2026-03-01,2026-05-01,churn,involuntary,Payment failure
SUB-00737-00,CUS-00737,PLN-ENTERPRISE,annual,164,0.23,2025-05-01,,,,
SUB-00738-00,CUS-00738,PLN-STARTER,monthly,2,0.07,2025-05-01,2025-11-01,churn,voluntary,Poor support experience
SUB-00739-00,CUS-00739,PLN-STARTER,monthly,4,0.003,2025-05-01,2025-08-01,churn,voluntary,Missing functionality
SUB-00739-01,CUS-00739,PLN-STARTER,monthly,4,0.003,2026-01-01,2026-05-01,plan_change,,
SUB-00739-02,CUS-00739,PLN-STARTER,monthly,2,0.003,2026-05-01,,,,
SUB-00740-00,CUS-00740,PLN-GROWTH,monthly,36,0.0,2025-05-01,2025-09-01,churn,voluntary,Missing functionality
SUB-00740-01,CUS-00740,PLN-GROWTH,monthly,26,0.0,2026-04-01,,,,
SUB-00741-00,CUS-00741,PLN-SCALE,monthly,189,0.017,2025-05-01,2025-09-01,plan_change,,
SUB-00741-01,CUS-00741,PLN-SCALE,monthly,111,0.017,2025-09-01,2025-12-01,churn,voluntary,Price / budget cuts
SUB-00742-00,CUS-00742,PLN-GROWTH,monthly,15,0.019,2025-05-01,2025-11-01,plan_change,,
SUB-00742-01,CUS-00742,PLN-GROWTH,monthly,20,0.019,2025-11-01,2026-02-01,churn,voluntary,Switched to competitor
SUB-00743-00,CUS-00743,PLN-STARTER,monthly,8,0.019,2025-05-01,,,,
SUB-00744-00,CUS-00744,PLN-STARTER,monthly,3,0.0,2025-05-01,2025-11-01,plan_change,,
SUB-00744-01,CUS-00744,PLN-STARTER,monthly,2,0.0,2025-11-01,2026-05-01,plan_change,,
SUB-00744-02,CUS-00744,PLN-STARTER,monthly,3,0.0,2026-05-01,,,,
SUB-00745-00,CUS-00745,PLN-GROWTH,annual,22,0.16,2025-05-01,2025-12-01,plan_change,,
SUB-00745-01,CUS-00745,PLN-GROWTH,annual,24,0.16,2025-12-01,,,,
SUB-00746-00,CUS-00746,PLN-STARTER,monthly,6,0.0,2025-05-01,,,,
SUB-00747-00,CUS-00747,PLN-SCALE,monthly,52,0.104,2025-05-01,2025-07-01,plan_change,,
SUB-00747-01,CUS-00747,PLN-SCALE,monthly,73,0.104,2025-07-01,2025-09-01,plan_change,,
SUB-00747-02,CUS-00747,PLN-SCALE,monthly,95,0.104,2025-09-01,2025-10-01,churn,voluntary,Low adoption
SUB-00748-00,CUS-00748,PLN-STARTER,annual,11,0.176,2025-05-01,,,,
SUB-00749-00,CUS-00749,PLN-STARTER,monthly,13,0.019,2025-05-01,2025-06-01,plan_change,,
SUB-00749-01,CUS-00749,PLN-STARTER,monthly,8,0.019,2025-06-01,,,,
SUB-00750-00,CUS-00750,PLN-SCALE,monthly,62,0.075,2025-05-01,2026-04-01,plan_change,,
SUB-00750-01,CUS-00750,PLN-SCALE,monthly,86,0.075,2026-04-01,2026-07-01,plan_change,,
SUB-00750-02,CUS-00750,PLN-SCALE,monthly,70,0.075,2026-07-01,2026-08-01,plan_change,,
SUB-00750-03,CUS-00750,PLN-SCALE,monthly,93,0.075,2026-08-01,,,,
SUB-00751-00,CUS-00751,PLN-STARTER,monthly,9,0.023,2025-05-01,2025-06-01,churn,involuntary,Payment failure
SUB-00752-00,CUS-00752,PLN-GROWTH,annual,10,0.121,2025-05-01,2026-04-01,plan_change,,
SUB-00752-01,CUS-00752,PLN-STARTER,annual,8,0.121,2026-04-01,2026-05-01,churn,voluntary,Missing functionality
SUB-00753-00,CUS-00753,PLN-SCALE,annual,42,0.113,2025-05-01,2026-01-01,plan_change,,
SUB-00753-01,CUS-00753,PLN-SCALE,annual,51,0.113,2026-01-01,2026-03-01,plan_change,,
SUB-00753-02,CUS-00753,PLN-SCALE,annual,59,0.113,2026-03-01,,,,
SUB-00754-00,CUS-00754,PLN-GROWTH,annual,39,0.136,2025-05-01,2025-06-01,plan_change,,
SUB-00754-01,CUS-00754,PLN-GROWTH,annual,29,0.136,2025-06-01,2025-07-01,plan_change,,
SUB-00754-02,CUS-00754,PLN-GROWTH,annual,17,0.136,2025-07-01,2026-02-01,plan_change,,
SUB-00754-03,CUS-00754,PLN-GROWTH,annual,23,0.136,2026-02-01,,,,
SUB-00755-00,CUS-00755,PLN-GROWTH,monthly,31,0.0,2025-05-01,2025-06-01,plan_change,,
SUB-00755-01,CUS-00755,PLN-GROWTH,monthly,39,0.0,2025-06-01,2025-11-01,churn,involuntary,Payment failure
SUB-00756-00,CUS-00756,PLN-ENTERPRISE,annual,237,0.205,2025-05-01,2026-03-01,plan_change,,
SUB-00756-01,CUS-00756,PLN-ENTERPRISE,annual,282,0.205,2026-03-01,2026-05-01,plan_change,,
SUB-00756-02,CUS-00756,PLN-ENTERPRISE,annual,311,0.205,2026-05-01,2026-06-01,plan_change,,
SUB-00756-03,CUS-00756,PLN-ENTERPRISE,annual,333,0.205,2026-06-01,,,,
SUB-00757-00,CUS-00757,PLN-GROWTH,annual,39,0.07,2025-05-01,2026-05-01,churn,voluntary,Low adoption
SUB-00758-00,CUS-00758,PLN-STARTER,monthly,9,0.0,2025-05-01,2025-07-01,churn,voluntary,Price / budget cuts
SUB-00759-00,CUS-00759,PLN-GROWTH,annual,40,0.119,2025-05-01,2025-10-01,plan_change,,
SUB-00759-01,CUS-00759,PLN-GROWTH,annual,52,0.119,2025-10-01,,,,
SUB-00760-00,CUS-00760,PLN-GROWTH,monthly,11,0.016,2025-05-01,2025-10-01,churn,voluntary,Price / budget cuts
SUB-00761-00,CUS-00761,PLN-STARTER,monthly,5,0.061,2025-05-01,2026-01-01,churn,voluntary,Price / budget cuts
SUB-00762-00,CUS-00762,PLN-GROWTH,monthly,37,0.061,2025-05-01,2025-11-01,churn,voluntary,Switched to competitor
SUB-00763-00,CUS-00763,PLN-STARTER,monthly,9,0.021,2025-05-01,2025-07-01,churn,voluntary,Low adoption
SUB-00764-00,CUS-00764,PLN-SCALE,annual,125,0.236,2025-05-01,2025-08-01,plan_change,,
SUB-00764-01,CUS-00764,PLN-SCALE,annual,175,0.236,2025-08-01,2026-05-01,plan_change,,
SUB-00764-02,CUS-00764,PLN-SCALE,annual,231,0.236,2026-05-01,,,,
SUB-00765-00,CUS-00765,PLN-ENTERPRISE,annual,638,0.216,2025-05-01,2026-02-01,plan_change,,
SUB-00765-01,CUS-00765,PLN-ENTERPRISE,annual,725,0.216,2026-02-01,2026-06-01,plan_change,,
SUB-00765-02,CUS-00765,PLN-ENTERPRISE,annual,808,0.216,2026-06-01,2026-08-01,plan_change,,
SUB-00765-03,CUS-00765,PLN-ENTERPRISE,annual,629,0.216,2026-08-01,,,,
SUB-00766-00,CUS-00766,PLN-SCALE,monthly,85,0.09,2025-05-01,2025-08-01,plan_change,,
SUB-00766-01,CUS-00766,PLN-SCALE,monthly,100,0.09,2025-08-01,2025-10-01,plan_change,,
SUB-00766-02,CUS-00766,PLN-SCALE,monthly,115,0.09,2025-10-01,2025-11-01,plan_change,,
SUB-00766-03,CUS-00766,PLN-SCALE,monthly,94,0.09,2025-11-01,2025-12-01,churn,involuntary,Payment failure
SUB-00767-00,CUS-00767,PLN-STARTER,monthly,3,0.0,2025-05-01,2025-07-01,plan_change,,
SUB-00767-01,CUS-00767,PLN-STARTER,monthly,4,0.0,2025-07-01,2025-10-01,churn,voluntary,Low adoption
SUB-00768-00,CUS-00768,PLN-STARTER,monthly,2,0.0,2025-05-01,2026-03-01,churn,voluntary,Price / budget cuts
SUB-00769-00,CUS-00769,PLN-STARTER,monthly,5,0.076,2025-05-01,2025-10-01,churn,involuntary,Payment failure
SUB-00770-00,CUS-00770,PLN-GROWTH,monthly,45,0.098,2025-05-01,2025-07-01,churn,voluntary,Price / budget cuts
SUB-00771-00,CUS-00771,PLN-STARTER,monthly,4,0.073,2025-05-01,2025-07-01,plan_change,,
SUB-00771-01,CUS-00771,PLN-STARTER,monthly,5,0.073,2025-07-01,2025-11-01,plan_change,,
SUB-00771-02,CUS-00771,PLN-STARTER,monthly,3,0.073,2025-11-01,2025-12-01,plan_change,,
SUB-00771-03,CUS-00771,PLN-STARTER,monthly,4,0.073,2025-12-01,,,,
SUB-00772-00,CUS-00772,PLN-STARTER,monthly,8,0.0,2025-05-01,2025-07-01,plan_change,,
SUB-00772-01,CUS-00772,PLN-STARTER,monthly,10,0.0,2025-07-01,,,,
SUB-00773-00,CUS-00773,PLN-SCALE,monthly,115,0.041,2025-05-01,2025-10-01,churn,voluntary,Poor support experience
SUB-00774-00,CUS-00774,PLN-SCALE,monthly,115,0.162,2025-05-01,2025-12-01,churn,voluntary,Company acquired or closed
SUB-00775-00,CUS-00775,PLN-SCALE,annual,85,0.189,2025-06-01,2025-11-01,plan_change,,
SUB-00775-01,CUS-00775,PLN-SCALE,annual,104,0.189,2025-11-01,,,,
SUB-00776-00,CUS-00776,PLN-GROWTH,monthly,30,0.087,2025-06-01,2026-03-01,plan_change,,
SUB-00776-01,CUS-00776,PLN-GROWTH,monthly,38,0.087,2026-03-01,2026-06-01,plan_change,,
SUB-00776-02,CUS-00776,PLN-GROWTH,monthly,43,0.087,2026-06-01,2026-08-01,plan_change,,
SUB-00776-03,CUS-00776,PLN-GROWTH,monthly,36,0.087,2026-08-01,,,,
SUB-00777-00,CUS-00777,PLN-GROWTH,annual,33,0.216,2025-06-01,2025-07-01,plan_change,,
SUB-00777-01,CUS-00777,PLN-GROWTH,annual,41,0.216,2025-07-01,2025-11-01,plan_change,,
SUB-00777-02,CUS-00777,PLN-GROWTH,annual,45,0.216,2025-11-01,2026-06-01,plan_change,,
SUB-00777-03,CUS-00777,PLN-GROWTH,annual,55,0.216,2026-06-01,2026-07-01,plan_change,,
SUB-00777-04,CUS-00777,PLN-GROWTH,annual,33,0.216,2026-07-01,,,,
SUB-00778-00,CUS-00778,PLN-STARTER,monthly,9,0.048,2025-06-01,2025-11-01,churn,voluntary,Price / budget cuts
SUB-00779-00,CUS-00779,PLN-STARTER,monthly,4,0.024,2025-06-01,2025-09-01,plan_change,,
SUB-00779-01,CUS-00779,PLN-STARTER,monthly,3,0.024,2025-09-01,2026-05-01,plan_change,,
SUB-00779-02,CUS-00779,PLN-STARTER,monthly,2,0.024,2026-05-01,,,,
SUB-00780-00,CUS-00780,PLN-GROWTH,monthly,10,0.022,2025-06-01,2025-07-01,churn,voluntary,Low adoption
SUB-00781-00,CUS-00781,PLN-GROWTH,monthly,40,0.068,2025-06-01,2025-07-01,plan_change,,
SUB-00781-01,CUS-00781,PLN-GROWTH,monthly,26,0.068,2025-07-01,2026-03-01,churn,voluntary,Missing functionality
SUB-00782-00,CUS-00782,PLN-STARTER,monthly,3,0.058,2025-06-01,2025-11-01,churn,involuntary,Payment failure
SUB-00783-00,CUS-00783,PLN-GROWTH,monthly,43,0.053,2025-06-01,,,,
SUB-00784-00,CUS-00784,PLN-STARTER,monthly,2,0.053,2025-06-01,,,,
SUB-00785-00,CUS-00785,PLN-SCALE,monthly,43,0.115,2025-06-01,2025-12-01,plan_change,,
SUB-00785-01,CUS-00785,PLN-GROWTH,monthly,25,0.115,2025-12-01,,,,
SUB-00786-00,CUS-00786,PLN-STARTER,monthly,7,0.067,2025-06-01,2026-02-01,plan_change,,
SUB-00786-01,CUS-00786,PLN-STARTER,monthly,10,0.067,2026-02-01,,,,
SUB-00787-00,CUS-00787,PLN-STARTER,monthly,9,0.0,2025-06-01,2026-02-01,plan_change,,
SUB-00787-01,CUS-00787,PLN-STARTER,monthly,12,0.0,2026-02-01,,,,
SUB-00788-00,CUS-00788,PLN-STARTER,monthly,2,0.0,2025-06-01,2026-01-01,churn,voluntary,Company acquired or closed
SUB-00789-00,CUS-00789,PLN-GROWTH,monthly,21,0.07,2025-06-01,2026-06-01,plan_change,,
SUB-00789-01,CUS-00789,PLN-GROWTH,monthly,23,0.07,2026-06-01,,,,
SUB-00790-00,CUS-00790,PLN-GROWTH,monthly,24,0.008,2025-06-01,2025-07-01,churn,voluntary,Low adoption
SUB-00791-00,CUS-00791,PLN-STARTER,monthly,10,0.0,2025-06-01,2025-09-01,plan_change,,
SUB-00791-01,CUS-00791,PLN-STARTER,monthly,14,0.0,2025-09-01,2026-03-01,churn,voluntary,Poor support experience
SUB-00792-00,CUS-00792,PLN-STARTER,monthly,5,0.0,2025-06-01,2025-12-01,plan_change,,
SUB-00792-01,CUS-00792,PLN-STARTER,monthly,4,0.0,2025-12-01,2026-08-01,plan_change,,
SUB-00792-02,CUS-00792,PLN-STARTER,monthly,3,0.0,2026-08-01,,,,
SUB-00793-00,CUS-00793,PLN-STARTER,monthly,7,0.055,2025-06-01,2025-12-01,plan_change,,
SUB-00793-01,CUS-00793,PLN-STARTER,monthly,9,0.055,2025-12-01,2026-02-01,churn,voluntary,Low adoption
SUB-00794-00,CUS-00794,PLN-STARTER,monthly,7,0.072,2025-06-01,2026-01-01,churn,voluntary,Low adoption
SUB-00795-00,CUS-00795,PLN-GROWTH,monthly,46,0.0,2025-06-01,2026-04-01,plan_change,,
SUB-00795-01,CUS-00795,PLN-GROWTH,monthly,37,0.0,2026-04-01,2026-06-01,churn,involuntary,Payment failure
SUB-00796-00,CUS-00796,PLN-GROWTH,monthly,24,0.021,2025-06-01,,,,
SUB-00797-00,CUS-00797,PLN-SCALE,annual,108,0.167,2025-06-01,2025-07-01,plan_change,,
SUB-00797-01,CUS-00797,PLN-SCALE,annual,127,0.167,2025-07-01,2026-04-01,plan_change,,
SUB-00797-02,CUS-00797,PLN-SCALE,annual,147,0.167,2026-04-01,2026-05-01,plan_change,,
SUB-00797-03,CUS-00797,PLN-SCALE,annual,102,0.167,2026-05-01,2026-06-01,plan_change,,
SUB-00797-04,CUS-00797,PLN-SCALE,annual,119,0.167,2026-06-01,2026-07-01,plan_change,,
SUB-00797-05,CUS-00797,PLN-SCALE,annual,136,0.167,2026-07-01,,,,
SUB-00798-00,CUS-00798,PLN-SCALE,monthly,43,0.099,2025-06-01,,,,
SUB-00799-00,CUS-00799,PLN-ENTERPRISE,annual,785,0.181,2025-06-01,2025-09-01,plan_change,,
SUB-00799-01,CUS-00799,PLN-ENTERPRISE,annual,979,0.181,2025-09-01,2026-05-01,plan_change,,
SUB-00799-02,CUS-00799,PLN-ENTERPRISE,annual,870,0.181,2026-05-01,,,,
SUB-00800-00,CUS-00800,PLN-GROWTH,annual,33,0.204,2025-06-01,2026-06-01,plan_change,,
SUB-00800-01,CUS-00800,PLN-GROWTH,annual,39,0.204,2026-06-01,2026-08-01,plan_change,,
SUB-00800-02,CUS-00800,PLN-GROWTH,annual,23,0.204,2026-08-01,,,,
SUB-00801-00,CUS-00801,PLN-SCALE,monthly,53,0.119,2025-06-01,2025-10-01,plan_change,,
SUB-00801-01,CUS-00801,PLN-SCALE,monthly,63,0.119,2025-10-01,2025-12-01,churn,voluntary,Switched to competitor
SUB-00802-00,CUS-00802,PLN-STARTER,monthly,3,0.033,2025-06-01,2025-07-01,plan_change,,
SUB-00802-01,CUS-00802,PLN-STARTER,monthly,4,0.033,2025-07-01,2026-01-01,plan_change,,
SUB-00802-02,CUS-00802,PLN-STARTER,monthly,5,0.033,2026-01-01,2026-07-01,plan_change,,
SUB-00802-03,CUS-00802,PLN-STARTER,monthly,6,0.033,2026-07-01,,,,
SUB-00803-00,CUS-00803,PLN-STARTER,monthly,8,0.052,2025-06-01,2026-03-01,churn,voluntary,Missing functionality
SUB-00804-00,CUS-00804,PLN-STARTER,monthly,2,0.006,2025-06-01,2026-07-01,churn,involuntary,Payment failure
SUB-00805-00,CUS-00805,PLN-STARTER,annual,5,0.142,2025-06-01,2026-07-01,churn,involuntary,Payment failure
SUB-00806-00,CUS-00806,PLN-STARTER,monthly,3,0.008,2025-06-01,2025-12-01,churn,voluntary,Price / budget cuts
SUB-00806-01,CUS-00806,PLN-STARTER,monthly,2,0.008,2026-02-01,2026-05-01,churn,involuntary,Payment failure
SUB-00807-00,CUS-00807,PLN-GROWTH,annual,45,0.123,2025-06-01,2025-08-01,plan_change,,
SUB-00807-01,CUS-00807,PLN-GROWTH,annual,48,0.123,2025-08-01,,,,
SUB-00808-00,CUS-00808,PLN-ENTERPRISE,annual,655,0.167,2025-06-01,2026-01-01,plan_change,,
SUB-00808-01,CUS-00808,PLN-ENTERPRISE,annual,864,0.167,2026-01-01,2026-03-01,plan_change,,
SUB-00808-02,CUS-00808,PLN-ENTERPRISE,annual,785,0.167,2026-03-01,,,,
SUB-00809-00,CUS-00809,PLN-SCALE,monthly,95,0.106,2025-06-01,2025-07-01,plan_change,,
SUB-00809-01,CUS-00809,PLN-SCALE,monthly,82,0.106,2025-07-01,2025-10-01,plan_change,,
SUB-00809-02,CUS-00809,PLN-SCALE,monthly,100,0.106,2025-10-01,2025-11-01,churn,voluntary,Price / budget cuts
SUB-00810-00,CUS-00810,PLN-GROWTH,annual,30,0.11,2025-06-01,2025-11-01,plan_change,,
SUB-00810-01,CUS-00810,PLN-GROWTH,annual,34,0.11,2025-11-01,,,,
SUB-00811-00,CUS-00811,PLN-GROWTH,annual,16,0.118,2025-06-01,2025-07-01,churn,involuntary,Payment failure
SUB-00812-00,CUS-00812,PLN-SCALE,monthly,133,0.096,2025-06-01,2025-07-01,plan_change,,
SUB-00812-01,CUS-00812,PLN-SCALE,monthly,74,0.096,2025-07-01,2025-08-01,churn,voluntary,Low adoption
SUB-00813-00,CUS-00813,PLN-STARTER,monthly,6,0.022,2025-06-01,2025-07-01,plan_change,,
SUB-00813-01,CUS-00813,PLN-STARTER,monthly,8,0.022,2025-07-01,,,,
SUB-00814-00,CUS-00814,PLN-SCALE,monthly,131,0.01,2025-06-01,2025-09-01,churn,voluntary,Price / budget cuts
SUB-00815-00,CUS-00815,PLN-SCALE,annual,116,0.194,2025-07-01,2025-08-01,plan_change,,
SUB-00815-01,CUS-00815,PLN-SCALE,annual,166,0.194,2025-08-01,2026-03-01,plan_change,,
SUB-00815-02,CUS-00815,PLN-SCALE,annual,195,0.194,2026-03-01,,,,
SUB-00816-00,CUS-00816,PLN-GROWTH,monthly,17,0.0,2025-07-01,2025-08-01,churn,voluntary,Price / budget cuts
SUB-00817-00,CUS-00817,PLN-SCALE,monthly,182,0.011,2025-07-01,2025-12-01,plan_change,,
SUB-00817-01,CUS-00817,PLN-SCALE,monthly,260,0.011,2025-12-01,2026-03-01,plan_change,,
SUB-00817-02,CUS-00817,PLN-SCALE,monthly,312,0.011,2026-03-01,,,,
SUB-00818-00,CUS-00818,PLN-STARTER,monthly,3,0.052,2025-07-01,2025-08-01,churn,voluntary,Poor support experience
SUB-00819-00,CUS-00819,PLN-STARTER,monthly,10,0.072,2025-07-01,2026-05-01,churn,involuntary,Payment failure
SUB-00820-00,CUS-00820,PLN-GROWTH,annual,11,0.192,2025-07-01,2026-01-01,plan_change,,
SUB-00820-01,CUS-00820,PLN-GROWTH,annual,14,0.192,2026-01-01,2026-06-01,plan_change,,
SUB-00820-02,CUS-00820,PLN-GROWTH,annual,11,0.192,2026-06-01,,,,
SUB-00821-00,CUS-00821,PLN-SCALE,monthly,52,0.114,2025-07-01,2025-08-01,plan_change,,
SUB-00821-01,CUS-00821,PLN-SCALE,monthly,61,0.114,2025-08-01,2025-10-01,plan_change,,
SUB-00821-02,CUS-00821,PLN-SCALE,monthly,66,0.114,2025-10-01,2025-12-01,plan_change,,
SUB-00821-03,CUS-00821,PLN-SCALE,monthly,73,0.114,2025-12-01,2026-04-01,plan_change,,
SUB-00821-04,CUS-00821,PLN-SCALE,monthly,85,0.114,2026-04-01,,,,
SUB-00822-00,CUS-00822,PLN-GROWTH,monthly,33,0.0,2025-07-01,2025-09-01,churn,voluntary,Missing functionality
SUB-00823-00,CUS-00823,PLN-STARTER,monthly,8,0.06,2025-07-01,2025-10-01,plan_change,,
SUB-00823-01,CUS-00823,PLN-STARTER,monthly,4,0.06,2025-10-01,2026-03-01,churn,involuntary,Payment failure
SUB-00824-00,CUS-00824,PLN-STARTER,monthly,6,0.071,2025-07-01,,,,
SUB-00825-00,CUS-00825,PLN-SCALE,monthly,177,0.078,2025-07-01,2026-04-01,churn,voluntary,Missing functionality
SUB-00826-00,CUS-00826,PLN-STARTER,monthly,13,0.022,2025-07-01,2025-08-01,churn,voluntary,Poor support experience
SUB-00827-00,CUS-00827,PLN-STARTER,monthly,10,0.0,2025-07-01,2025-09-01,churn,voluntary,Missing functionality
SUB-00828-00,CUS-00828,PLN-SCALE,annual,94,0.215,2025-07-01,2026-07-01,plan_change,,
SUB-00828-01,CUS-00828,PLN-SCALE,annual,121,0.215,2026-07-01,,,,
SUB-00829-00,CUS-00829,PLN-SCALE,annual,75,0.256,2025-07-01,2025-10-01,plan_change,,
SUB-00829-01,CUS-00829,PLN-SCALE,annual,63,0.256,2025-10-01,2026-01-01,plan_change,,
SUB-00829-02,CUS-00829,PLN-SCALE,annual,78,0.256,2026-01-01,2026-03-01,plan_change,,
SUB-00829-03,CUS-00829,PLN-SCALE,annual,111,0.256,2026-03-01,2026-07-01,plan_change,,
SUB-00829-04,CUS-00829,PLN-SCALE,annual,136,0.256,2026-07-01,,,,
SUB-00830-00,CUS-00830,PLN-STARTER,monthly,9,0.014,2025-07-01,2025-12-01,plan_change,,
SUB-00830-01,CUS-00830,PLN-STARTER,monthly,12,0.014,2025-12-01,2026-06-01,plan_change,,
SUB-00830-02,CUS-00830,PLN-STARTER,monthly,16,0.014,2026-06-01,2026-08-01,churn,voluntary,Low adoption
SUB-00831-00,CUS-00831,PLN-GROWTH,annual,38,0.165,2025-07-01,2026-04-01,plan_change,,
SUB-00831-01,CUS-00831,PLN-GROWTH,annual,49,0.165,2026-04-01,2026-05-01,plan_change,,
SUB-00831-02,CUS-00831,PLN-GROWTH,annual,54,0.165,2026-05-01,,,,
SUB-00832-00,CUS-00832,PLN-SCALE,monthly,73,0.088,2025-07-01,2026-01-01,plan_change,,
SUB-00832-01,CUS-00832,PLN-SCALE,monthly,92,0.088,2026-01-01,2026-02-01,plan_change,,
SUB-00832-02,CUS-00832,PLN-SCALE,monthly,106,0.088,2026-02-01,2026-04-01,plan_change,,
SUB-00832-03,CUS-00832,PLN-SCALE,monthly,149,0.088,2026-04-01,2026-07-01,plan_change,,
SUB-00832-04,CUS-00832,PLN-SCALE,monthly,183,0.088,2026-07-01,,,,
SUB-00833-00,CUS-00833,PLN-SCALE,monthly,66,0.087,2025-07-01,2025-10-01,plan_change,,
SUB-00833-01,CUS-00833,PLN-SCALE,monthly,75,0.087,2025-10-01,,,,
SUB-00834-00,CUS-00834,PLN-STARTER,monthly,13,0.01,2025-07-01,2026-08-01,plan_change,,
SUB-00834-01,CUS-00834,PLN-STARTER,monthly,18,0.01,2026-08-01,,,,
SUB-00835-00,CUS-00835,PLN-GROWTH,monthly,34,0.119,2025-07-01,,,,
SUB-00836-00,CUS-00836,PLN-STARTER,monthly,7,0.015,2025-07-01,2025-11-01,plan_change,,
SUB-00836-01,CUS-00836,PLN-STARTER,monthly,9,0.015,2025-11-01,2026-08-01,churn,voluntary,Price / budget cuts
SUB-00837-00,CUS-00837,PLN-GROWTH,annual,49,0.155,2025-07-01,,,,
SUB-00838-00,CUS-00838,PLN-STARTER,monthly,11,0.0,2025-07-01,2026-06-01,churn,involuntary,Payment failure
SUB-00839-00,CUS-00839,PLN-STARTER,monthly,5,0.035,2025-07-01,2025-09-01,churn,involuntary,Payment failure
SUB-00840-00,CUS-00840,PLN-SCALE,annual,97,0.202,2025-07-01,2025-12-01,plan_change,,
SUB-00840-01,CUS-00840,PLN-SCALE,annual,64,0.202,2025-12-01,2026-05-01,plan_change,,
SUB-00840-02,CUS-00840,PLN-SCALE,annual,69,0.202,2026-05-01,,,,
SUB-00841-00,CUS-00841,PLN-SCALE,annual,107,0.151,2025-07-01,2026-07-01,plan_change,,
SUB-00841-01,CUS-00841,PLN-SCALE,annual,128,0.151,2026-07-01,,,,
SUB-00842-00,CUS-00842,PLN-STARTER,monthly,8,0.051,2025-07-01,2025-12-01,plan_change,,
SUB-00842-01,CUS-00842,PLN-STARTER,monthly,4,0.051,2025-12-01,2026-07-01,churn,voluntary,Switched to competitor
SUB-00843-00,CUS-00843,PLN-GROWTH,annual,19,0.101,2025-07-01,2026-07-01,plan_change,,
SUB-00843-01,CUS-00843,PLN-GROWTH,annual,22,0.101,2026-07-01,,,,
SUB-00844-00,CUS-00844,PLN-GROWTH,monthly,19,0.074,2025-07-01,,,,
SUB-00845-00,CUS-00845,PLN-ENTERPRISE,monthly,164,0.083,2025-07-01,2025-08-01,plan_change,,
SUB-00845-01,CUS-00845,PLN-SCALE,monthly,107,0.083,2025-08-01,2025-10-01,churn,voluntary,Price / budget cuts
SUB-00846-00,CUS-00846,PLN-GROWTH,monthly,16,0.0,2025-08-01,2025-10-01,churn,voluntary,Missing functionality
SUB-00847-00,CUS-00847,PLN-GROWTH,monthly,32,0.077,2025-08-01,2025-09-01,plan_change,,
SUB-00847-01,CUS-00847,PLN-GROWTH,monthly,25,0.077,2025-09-01,,,,
SUB-00848-00,CUS-00848,PLN-SCALE,annual,77,0.12,2025-08-01,,,,
SUB-00849-00,CUS-00849,PLN-STARTER,monthly,3,0.067,2025-08-01,2026-07-01,churn,voluntary,Switched to competitor
SUB-00850-00,CUS-00850,PLN-GROWTH,annual,43,0.128,2025-08-01,2026-05-01,plan_change,,
SUB-00850-01,CUS-00850,PLN-GROWTH,annual,54,0.128,2026-05-01,2026-07-01,plan_change,,
SUB-00850-02,CUS-00850,PLN-GROWTH,annual,47,0.128,2026-07-01,,,,
SUB-00851-00,CUS-00851,PLN-STARTER,monthly,12,0.007,2025-08-01,2026-03-01,churn,voluntary,Price / budget cuts
SUB-00852-00,CUS-00852,PLN-SCALE,monthly,126,0.061,2025-08-01,2025-09-01,churn,voluntary,Low adoption
SUB-00853-00,CUS-00853,PLN-STARTER,monthly,3,0.01,2025-08-01,2026-02-01,plan_change,,
SUB-00853-01,CUS-00853,PLN-STARTER,monthly,4,0.01,2026-02-01,2026-07-01,churn,voluntary,Low adoption
SUB-00854-00,CUS-00854,PLN-ENTERPRISE,monthly,270,0.166,2025-08-01,2026-05-01,plan_change,,
SUB-00854-01,CUS-00854,PLN-ENTERPRISE,monthly,227,0.166,2026-05-01,2026-07-01,plan_change,,
SUB-00854-02,CUS-00854,PLN-ENTERPRISE,monthly,296,0.166,2026-07-01,,,,
SUB-00855-00,CUS-00855,PLN-STARTER,annual,13,0.078,2025-08-01,2025-10-01,churn,voluntary,Low adoption
SUB-00856-00,CUS-00856,PLN-SCALE,annual,92,0.202,2025-08-01,2026-03-01,plan_change,,
SUB-00856-01,CUS-00856,PLN-SCALE,annual,120,0.202,2026-03-01,,,,
SUB-00857-00,CUS-00857,PLN-STARTER,monthly,3,0.03,2025-08-01,2025-09-01,churn,voluntary,Price / budget cuts
SUB-00858-00,CUS-00858,PLN-STARTER,monthly,5,0.023,2025-08-01,2025-12-01,churn,voluntary,Switched to competitor
SUB-00859-00,CUS-00859,PLN-STARTER,monthly,7,0.0,2025-08-01,2026-07-01,plan_change,,
SUB-00859-01,CUS-00859,PLN-STARTER,monthly,9,0.0,2026-07-01,,,,
SUB-00860-00,CUS-00860,PLN-GROWTH,monthly,23,0.0,2025-08-01,2025-10-01,plan_change,,
SUB-00860-01,CUS-00860,PLN-GROWTH,monthly,16,0.0,2025-10-01,,,,
SUB-00861-00,CUS-00861,PLN-GROWTH,monthly,26,0.041,2025-08-01,2026-02-01,churn,voluntary,Company acquired or closed
SUB-00862-00,CUS-00862,PLN-STARTER,annual,3,0.177,2025-08-01,,,,
SUB-00863-00,CUS-00863,PLN-GROWTH,monthly,11,0.063,2025-08-01,2025-11-01,churn,voluntary,Missing functionality
SUB-00864-00,CUS-00864,PLN-SCALE,annual,45,0.244,2025-08-01,2025-09-01,churn,involuntary,Payment failure
SUB-00865-00,CUS-00865,PLN-STARTER,monthly,3,0.0,2025-08-01,,,,
SUB-00866-00,CUS-00866,PLN-SCALE,monthly,50,0.037,2025-08-01,2026-04-01,churn,involuntary,Payment failure
SUB-00867-00,CUS-00867,PLN-GROWTH,monthly,16,0.096,2025-08-01,2026-04-01,churn,voluntary,Company acquired or closed
SUB-00868-00,CUS-00868,PLN-STARTER,annual,3,0.102,2025-08-01,2026-05-01,plan_change,,
SUB-00868-01,CUS-00868,PLN-STARTER,annual,4,0.102,2026-05-01,,,,
SUB-00869-00,CUS-00869,PLN-STARTER,monthly,5,0.027,2025-08-01,2025-12-01,churn,voluntary,Price / budget cuts
SUB-00870-00,CUS-00870,PLN-GROWTH,monthly,19,0.052,2025-08-01,2025-12-01,plan_change,,
SUB-00870-01,CUS-00870,PLN-GROWTH,monthly,12,0.052,2025-12-01,2026-01-01,churn,voluntary,Price / budget cuts
SUB-00871-00,CUS-00871,PLN-STARTER,monthly,4,0.062,2025-08-01,2026-02-01,plan_change,,
SUB-00871-01,CUS-00871,PLN-STARTER,monthly,5,0.062,2026-02-01,2026-08-01,plan_change,,
SUB-00871-02,CUS-00871,PLN-STARTER,monthly,6,0.062,2026-08-01,,,,
SUB-00872-00,CUS-00872,PLN-GROWTH,monthly,38,0.009,2025-08-01,2025-12-01,churn,voluntary,Price / budget cuts
SUB-00873-00,CUS-00873,PLN-GROWTH,annual,15,0.108,2025-08-01,2026-07-01,plan_change,,
SUB-00873-01,CUS-00873,PLN-GROWTH,annual,16,0.108,2026-07-01,,,,
SUB-00874-00,CUS-00874,PLN-STARTER,monthly,10,0.0,2025-08-01,2025-11-01,churn,voluntary,Missing functionality
SUB-00875-00,CUS-00875,PLN-GROWTH,monthly,17,0.069,2025-08-01,2025-10-01,churn,voluntary,Company acquired or closed
SUB-00876-00,CUS-00876,PLN-SCALE,annual,67,0.225,2025-08-01,2026-02-01,plan_change,,
SUB-00876-01,CUS-00876,PLN-SCALE,annual,96,0.225,2026-02-01,2026-04-01,plan_change,,
SUB-00876-02,CUS-00876,PLN-SCALE,annual,81,0.225,2026-04-01,,,,
SUB-00877-00,CUS-00877,PLN-STARTER,monthly,4,0.0,2025-09-01,,,,
SUB-00878-00,CUS-00878,PLN-SCALE,annual,66,0.12,2025-09-01,,,,
SUB-00879-00,CUS-00879,PLN-STARTER,monthly,5,0.0,2025-09-01,,,,
SUB-00880-00,CUS-00880,PLN-GROWTH,annual,14,0.128,2025-09-01,2025-10-01,churn,involuntary,Payment failure
SUB-00881-00,CUS-00881,PLN-STARTER,monthly,10,0.072,2025-09-01,,,,
SUB-00882-00,CUS-00882,PLN-STARTER,annual,5,0.133,2025-09-01,,,,
SUB-00883-00,CUS-00883,PLN-SCALE,annual,64,0.239,2025-09-01,,,,
SUB-00884-00,CUS-00884,PLN-GROWTH,monthly,47,0.05,2025-09-01,2025-11-01,plan_change,,
SUB-00884-01,CUS-00884,PLN-GROWTH,monthly,59,0.05,2025-11-01,2026-03-01,plan_change,,
SUB-00884-02,CUS-00884,PLN-GROWTH,monthly,66,0.05,2026-03-01,2026-06-01,plan_change,,
SUB-00884-03,CUS-00884,PLN-GROWTH,monthly,88,0.05,2026-06-01,2026-07-01,plan_change,,
SUB-00884-04,CUS-00884,PLN-SCALE,monthly,113,0.05,2026-07-01,,,,
SUB-00885-00,CUS-00885,PLN-STARTER,monthly,7,0.077,2025-09-01,2026-03-01,churn,voluntary,Price / budget cuts
SUB-00886-00,CUS-00886,PLN-SCALE,annual,109,0.17,2025-09-01,2025-11-01,plan_change,,
SUB-00886-01,CUS-00886,PLN-SCALE,annual,131,0.17,2025-11-01,2026-01-01,plan_change,,
SUB-00886-02,CUS-00886,PLN-SCALE,annual,102,0.17,2026-01-01,2026-05-01,plan_change,,
SUB-00886-03,CUS-00886,PLN-SCALE,annual,78,0.17,2026-05-01,,,,
SUB-00887-00,CUS-00887,PLN-GROWTH,annual,24,0.131,2025-09-01,,,,
SUB-00888-00,CUS-00888,PLN-GROWTH,monthly,31,0.001,2025-09-01,2025-12-01,churn,voluntary,Company acquired or closed
SUB-00889-00,CUS-00889,PLN-SCALE,monthly,44,0.062,2025-09-01,2026-01-01,plan_change,,
SUB-00889-01,CUS-00889,PLN-SCALE,monthly,56,0.062,2026-01-01,2026-02-01,churn,involuntary,Payment failure
SUB-00890-00,CUS-00890,PLN-GROWTH,monthly,14,0.044,2025-09-01,2026-07-01,plan_change,,
SUB-00890-01,CUS-00890,PLN-GROWTH,monthly,16,0.044,2026-07-01,,,,
SUB-00891-00,CUS-00891,PLN-SCALE,annual,88,0.19,2025-09-01,2026-05-01,plan_change,,
SUB-00891-01,CUS-00891,PLN-SCALE,annual,94,0.19,2026-05-01,2026-07-01,plan_change,,
SUB-00891-02,CUS-00891,PLN-SCALE,annual,132,0.19,2026-07-01,,,,
SUB-00892-00,CUS-00892,PLN-GROWTH,monthly,44,0.021,2025-09-01,2026-06-01,churn,voluntary,Price / budget cuts
SUB-00893-00,CUS-00893,PLN-SCALE,monthly,45,0.041,2025-09-01,2026-07-01,plan_change,,
SUB-00893-01,CUS-00893,PLN-GROWTH,monthly,29,0.041,2026-07-01,,,,
SUB-00894-00,CUS-00894,PLN-ENTERPRISE,monthly,790,0.1,2025-09-01,2026-03-01,plan_change,,
SUB-00894-01,CUS-00894,PLN-ENTERPRISE,monthly,899,0.1,2026-03-01,2026-04-01,plan_change,,
SUB-00894-02,CUS-00894,PLN-ENTERPRISE,monthly,1053,0.1,2026-04-01,,,,
SUB-00895-00,CUS-00895,PLN-STARTER,monthly,10,0.0,2025-09-01,2025-10-01,plan_change,,
SUB-00895-01,CUS-00895,PLN-STARTER,monthly,11,0.0,2025-10-01,2026-01-01,plan_change,,
SUB-00895-02,CUS-00895,PLN-STARTER,monthly,14,0.0,2026-01-01,,,,
SUB-00896-00,CUS-00896,PLN-GROWTH,monthly,20,0.023,2025-09-01,2025-11-01,plan_change,,
SUB-00896-01,CUS-00896,PLN-GROWTH,monthly,28,0.023,2025-11-01,2026-05-01,plan_change,,
SUB-00896-02,CUS-00896,PLN-GROWTH,monthly,39,0.023,2026-05-01,,,,
SUB-00897-00,CUS-00897,PLN-GROWTH,monthly,13,0.0,2025-09-01,2025-11-01,churn,voluntary,Missing functionality
SUB-00897-01,CUS-00897,PLN-GROWTH,monthly,10,0.0,2026-07-01,,,,
SUB-00898-00,CUS-00898,PLN-GROWTH,annual,36,0.144,2025-09-01,2026-05-01,plan_change,,
SUB-00898-01,CUS-00898,PLN-GROWTH,annual,52,0.144,2026-05-01,,,,
SUB-00899-00,CUS-00899,PLN-GROWTH,annual,33,0.203,2025-09-01,2026-01-01,plan_change,,
SUB-00899-01,CUS-00899,PLN-GROWTH,annual,40,0.203,2026-01-01,,,,
SUB-00900-00,CUS-00900,PLN-STARTER,annual,12,0.159,2025-09-01,2026-03-01,plan_change,,
SUB-00900-01,CUS-00900,PLN-STARTER,annual,7,0.159,2026-03-01,,,,
SUB-00901-00,CUS-00901,PLN-GROWTH,monthly,22,0.073,2025-09-01,2026-01-01,churn,voluntary,Low adoption
SUB-00902-00,CUS-00902,PLN-ENTERPRISE,annual,188,0.168,2025-09-01,2026-01-01,plan_change,,
SUB-00902-01,CUS-00902,PLN-ENTERPRISE,annual,207,0.168,2026-01-01,2026-03-01,plan_change,,
SUB-00902-02,CUS-00902,PLN-ENTERPRISE,annual,279,0.168,2026-03-01,2026-06-01,plan_change,,
SUB-00902-03,CUS-00902,PLN-ENTERPRISE,annual,157,0.168,2026-06-01,2026-07-01,plan_change,,
SUB-00902-04,CUS-00902,PLN-SCALE,annual,102,0.168,2026-07-01,,,,
SUB-00903-00,CUS-00903,PLN-GROWTH,monthly,12,0.0,2025-09-01,2025-10-01,plan_change,,
SUB-00903-01,CUS-00903,PLN-STARTER,monthly,8,0.0,2025-10-01,2025-11-01,churn,voluntary,Missing functionality
SUB-00904-00,CUS-00904,PLN-STARTER,monthly,4,0.018,2025-09-01,2026-04-01,churn,voluntary,Switched to competitor
SUB-00905-00,CUS-00905,PLN-GROWTH,monthly,46,0.0,2025-09-01,2026-01-01,plan_change,,
SUB-00905-01,CUS-00905,PLN-GROWTH,monthly,42,0.0,2026-01-01,2026-02-01,plan_change,,
SUB-00905-02,CUS-00905,PLN-GROWTH,monthly,28,0.0,2026-02-01,,,,
SUB-00906-00,CUS-00906,PLN-STARTER,monthly,3,0.013,2025-09-01,,,,
SUB-00907-00,CUS-00907,PLN-ENTERPRISE,annual,328,0.25,2025-09-01,2026-08-01,plan_change,,
SUB-00907-01,CUS-00907,PLN-ENTERPRISE,annual,462,0.25,2026-08-01,,,,
SUB-00908-00,CUS-00908,PLN-GROWTH,monthly,11,0.06,2025-09-01,2026-03-01,plan_change,,
SUB-00908-01,CUS-00908,PLN-GROWTH,monthly,16,0.06,2026-03-01,2026-06-01,churn,voluntary,Low adoption
SUB-00909-00,CUS-00909,PLN-STARTER,annual,8,0.128,2025-09-01,2026-08-01,plan_change,,
SUB-00909-01,CUS-00909,PLN-STARTER,annual,11,0.128,2026-08-01,,,,
SUB-00910-00,CUS-00910,PLN-SCALE,monthly,71,0.098,2025-09-01,2026-01-01,plan_change,,
SUB-00910-01,CUS-00910,PLN-SCALE,monthly,84,0.098,2026-01-01,2026-02-01,plan_change,,
SUB-00910-02,CUS-00910,PLN-SCALE,monthly,77,0.098,2026-02-01,,,,
SUB-00911-00,CUS-00911,PLN-ENTERPRISE,annual,212,0.17,2025-09-01,2025-10-01,plan_change,,
SUB-00911-01,CUS-00911,PLN-ENTERPRISE,annual,227,0.17,2025-10-01,2025-11-01,plan_change,,
SUB-00911-02,CUS-00911,PLN-ENTERPRISE,annual,156,0.17,2025-11-01,,,,
SUB-00912-00,CUS-00912,PLN-SCALE,monthly,81,0.052,2025-09-01,2025-11-01,plan_change,,
SUB-00912-01,CUS-00912,PLN-SCALE,monthly,117,0.052,2025-11-01,2026-02-01,plan_change,,
SUB-00912-02,CUS-00912,PLN-SCALE,monthly,169,0.052,2026-02-01,2026-04-01,churn,voluntary,Company acquired or closed
SUB-00913-00,CUS-00913,PLN-SCALE,monthly,79,0.041,2025-09-01,2025-11-01,plan_change,,
SUB-00913-01,CUS-00913,PLN-SCALE,monthly,96,0.041,2025-11-01,2025-12-01,churn,involuntary,Payment failure
SUB-00914-00,CUS-00914,PLN-GROWTH,monthly,16,0.07,2025-09-01,2026-02-01,churn,voluntary,Missing functionality
SUB-00915-00,CUS-00915,PLN-GROWTH,annual,16,0.147,2025-09-01,,,,
SUB-00916-00,CUS-00916,PLN-STARTER,monthly,12,0.04,2025-09-01,2026-03-01,plan_change,,
SUB-00916-01,CUS-00916,PLN-STARTER,monthly,13,0.04,2026-03-01,2026-04-01,plan_change,,
SUB-00916-02,CUS-00916,PLN-STARTER,monthly,17,0.04,2026-04-01,,,,
SUB-00917-00,CUS-00917,PLN-GROWTH,monthly,33,0.068,2025-09-01,2026-02-01,plan_change,,
SUB-00917-01,CUS-00917,PLN-GROWTH,monthly,45,0.068,2026-02-01,,,,
SUB-00918-00,CUS-00918,PLN-GROWTH,monthly,35,0.027,2025-09-01,2026-03-01,plan_change,,
SUB-00918-01,CUS-00918,PLN-GROWTH,monthly,25,0.027,2026-03-01,,,,
SUB-00919-00,CUS-00919,PLN-SCALE,monthly,132,0.111,2025-09-01,2025-11-01,plan_change,,
SUB-00919-01,CUS-00919,PLN-SCALE,monthly,178,0.111,2025-11-01,2025-12-01,plan_change,,
SUB-00919-02,CUS-00919,PLN-SCALE,monthly,229,0.111,2025-12-01,,,,
SUB-00920-00,CUS-00920,PLN-SCALE,annual,73,0.222,2025-09-01,2026-04-01,plan_change,,
SUB-00920-01,CUS-00920,PLN-SCALE,annual,88,0.222,2026-04-01,,,,
SUB-00921-00,CUS-00921,PLN-GROWTH,monthly,12,0.013,2025-10-01,2025-11-01,plan_change,,
SUB-00921-01,CUS-00921,PLN-GROWTH,monthly,13,0.013,2025-11-01,2026-02-01,plan_change,,
SUB-00921-02,CUS-00921,PLN-GROWTH,monthly,16,0.013,2026-02-01,2026-07-01,churn,voluntary,Missing functionality
SUB-00922-00,CUS-00922,PLN-STARTER,monthly,4,0.0,2025-10-01,2026-06-01,plan_change,,
SUB-00922-01,CUS-00922,PLN-STARTER,monthly,6,0.0,2026-06-01,2026-08-01,churn,involuntary,Payment failure
SUB-00923-00,CUS-00923,PLN-ENTERPRISE,monthly,300,0.115,2025-10-01,2025-11-01,plan_change,,
SUB-00923-01,CUS-00923,PLN-ENTERPRISE,monthly,387,0.115,2025-11-01,2026-08-01,plan_change,,
SUB-00923-02,CUS-00923,PLN-ENTERPRISE,monthly,469,0.115,2026-08-01,,,,
SUB-00924-00,CUS-00924,PLN-GROWTH,annual,33,0.093,2025-10-01,,,,
SUB-00925-00,CUS-00925,PLN-STARTER,monthly,8,0.063,2025-10-01,2026-06-01,plan_change,,
SUB-00925-01,CUS-00925,PLN-STARTER,monthly,11,0.063,2026-06-01,2026-07-01,plan_change,,
SUB-00925-02,CUS-00925,PLN-STARTER,monthly,10,0.063,2026-07-01,,,,
SUB-00926-00,CUS-00926,PLN-STARTER,monthly,11,0.079,2025-10-01,2026-03-01,churn,voluntary,Price / budget cuts
SUB-00927-00,CUS-00927,PLN-STARTER,monthly,4,0.0,2025-10-01,2026-03-01,churn,voluntary,Price / budget cuts
SUB-00928-00,CUS-00928,PLN-GROWTH,monthly,19,0.04,2025-10-01,2026-05-01,plan_change,,
SUB-00928-01,CUS-00928,PLN-GROWTH,monthly,27,0.04,2026-05-01,2026-08-01,plan_change,,
SUB-00928-02,CUS-00928,PLN-GROWTH,monthly,39,0.04,2026-08-01,,,,
SUB-00929-00,CUS-00929,PLN-GROWTH,annual,24,0.166,2025-10-01,2026-01-01,plan_change,,
SUB-00929-01,CUS-00929,PLN-GROWTH,annual,16,0.166,2026-01-01,,,,
SUB-00930-00,CUS-00930,PLN-SCALE,monthly,54,0.047,2025-10-01,2025-11-01,plan_change,,
SUB-00930-01,CUS-00930,PLN-SCALE,monthly,41,0.047,2025-11-01,2026-06-01,churn,voluntary,Switched to competitor
SUB-00931-00,CUS-00931,PLN-SCALE,monthly,143,0.049,2025-10-01,2026-02-01,plan_change,,
SUB-00931-01,CUS-00931,PLN-SCALE,monthly,170,0.049,2026-02-01,,,,
SUB-00932-00,CUS-00932,PLN-STARTER,annual,11,0.147,2025-10-01,2026-07-01,plan_change,,
SUB-00932-01,CUS-00932,PLN-STARTER,annual,13,0.147,2026-07-01,,,,
SUB-00933-00,CUS-00933,PLN-GROWTH,monthly,23,0.112,2025-10-01,,,,
SUB-00934-00,CUS-00934,PLN-GROWTH,monthly,41,0.048,2025-10-01,2026-06-01,plan_change,,
SUB-00934-01,CUS-00934,PLN-GROWTH,monthly,27,0.048,2026-06-01,,,,
SUB-00935-00,CUS-00935,PLN-GROWTH,monthly,32,0.031,2025-10-01,2025-11-01,churn,voluntary,Price / budget cuts
SUB-00936-00,CUS-00936,PLN-GROWTH,monthly,15,0.049,2025-10-01,2025-11-01,churn,voluntary,Company acquired or closed
SUB-00937-00,CUS-00937,PLN-GROWTH,annual,38,0.112,2025-10-01,2025-12-01,plan_change,,
SUB-00937-01,CUS-00937,PLN-GROWTH,annual,47,0.112,2025-12-01,2026-06-01,plan_change,,
SUB-00937-02,CUS-00937,PLN-GROWTH,annual,67,0.112,2026-06-01,2026-08-01,plan_change,,
SUB-00937-03,CUS-00937,PLN-GROWTH,annual,74,0.112,2026-08-01,,,,
SUB-00938-00,CUS-00938,PLN-STARTER,monthly,13,0.0,2025-10-01,,,,
SUB-00939-00,CUS-00939,PLN-GROWTH,annual,17,0.133,2025-10-01,,,,
SUB-00940-00,CUS-00940,PLN-STARTER,monthly,4,0.008,2025-10-01,2026-01-01,plan_change,,
SUB-00940-01,CUS-00940,PLN-STARTER,monthly,5,0.008,2026-01-01,2026-02-01,churn,involuntary,Payment failure
SUB-00941-00,CUS-00941,PLN-SCALE,monthly,67,0.086,2025-10-01,2025-12-01,churn,voluntary,Low adoption
SUB-00942-00,CUS-00942,PLN-STARTER,monthly,4,0.073,2025-10-01,2026-01-01,churn,voluntary,Missing functionality
SUB-00943-00,CUS-00943,PLN-GROWTH,monthly,21,0.017,2025-10-01,2026-07-01,plan_change,,
SUB-00943-01,CUS-00943,PLN-GROWTH,monthly,12,0.017,2026-07-01,,,,
SUB-00944-00,CUS-00944,PLN-GROWTH,monthly,20,0.007,2025-10-01,2026-02-01,churn,voluntary,Poor support experience
SUB-00945-00,CUS-00945,PLN-ENTERPRISE,annual,159,0.18,2025-10-01,2026-08-01,plan_change,,
SUB-00945-01,CUS-00945,PLN-SCALE,annual,133,0.18,2026-08-01,,,,
SUB-00946-00,CUS-00946,PLN-STARTER,monthly,3,0.031,2025-10-01,2026-08-01,plan_change,,
SUB-00946-01,CUS-00946,PLN-STARTER,monthly,2,0.031,2026-08-01,,,,
SUB-00947-00,CUS-00947,PLN-GROWTH,monthly,25,0.023,2025-10-01,2025-11-01,plan_change,,
SUB-00947-01,CUS-00947,PLN-GROWTH,monthly,27,0.023,2025-11-01,2026-02-01,plan_change,,
SUB-00947-02,CUS-00947,PLN-GROWTH,monthly,32,0.023,2026-02-01,,,,
SUB-00948-00,CUS-00948,PLN-GROWTH,monthly,19,0.048,2025-10-01,2025-12-01,churn,involuntary,Payment failure
SUB-00949-00,CUS-00949,PLN-STARTER,annual,8,0.115,2025-10-01,2026-08-01,plan_change,,
SUB-00949-01,CUS-00949,PLN-STARTER,annual,9,0.115,2026-08-01,,,,
SUB-00950-00,CUS-00950,PLN-GROWTH,monthly,42,0.044,2025-10-01,2026-05-01,plan_change,,
SUB-00950-01,CUS-00950,PLN-GROWTH,monthly,57,0.044,2026-05-01,2026-08-01,churn,involuntary,Payment failure
SUB-00951-00,CUS-00951,PLN-STARTER,monthly,4,0.032,2025-10-01,2026-08-01,churn,voluntary,Poor support experience
SUB-00952-00,CUS-00952,PLN-GROWTH,monthly,26,0.0,2025-10-01,,,,
SUB-00953-00,CUS-00953,PLN-GROWTH,monthly,24,0.0,2025-10-01,2025-11-01,plan_change,,
SUB-00953-01,CUS-00953,PLN-GROWTH,monthly,21,0.0,2025-11-01,2025-12-01,plan_change,,
SUB-00953-02,CUS-00953,PLN-GROWTH,monthly,30,0.0,2025-12-01,,,,
SUB-00954-00,CUS-00954,PLN-GROWTH,monthly,16,0.066,2025-10-01,2025-11-01,plan_change,,
SUB-00954-01,CUS-00954,PLN-GROWTH,monthly,14,0.066,2025-11-01,2025-12-01,churn,voluntary,Poor support experience
SUB-00955-00,CUS-00955,PLN-GROWTH,monthly,12,0.0,2025-10-01,2026-02-01,churn,voluntary,Low adoption
SUB-00956-00,CUS-00956,PLN-STARTER,monthly,5,0.026,2025-10-01,2025-12-01,churn,involuntary,Payment failure
SUB-00957-00,CUS-00957,PLN-SCALE,annual,59,0.16,2025-10-01,2026-04-01,plan_change,,
SUB-00957-01,CUS-00957,PLN-SCALE,annual,78,0.16,2026-04-01,,,,
SUB-00958-00,CUS-00958,PLN-ENTERPRISE,annual,274,0.166,2025-10-01,2026-08-01,plan_change,,
SUB-00958-01,CUS-00958,PLN-ENTERPRISE,annual,346,0.166,2026-08-01,,,,
SUB-00959-00,CUS-00959,PLN-SCALE,annual,127,0.126,2025-10-01,,,,
SUB-00960-00,CUS-00960,PLN-STARTER,annual,2,0.116,2025-10-01,,,,
SUB-00961-00,CUS-00961,PLN-GROWTH,annual,22,0.151,2025-10-01,,,,
SUB-00962-00,CUS-00962,PLN-ENTERPRISE,annual,206,0.219,2025-10-01,2025-11-01,plan_change,,
SUB-00962-01,CUS-00962,PLN-ENTERPRISE,annual,279,0.219,2025-11-01,2026-03-01,plan_change,,
SUB-00962-02,CUS-00962,PLN-ENTERPRISE,annual,229,0.219,2026-03-01,,,,
SUB-00963-00,CUS-00963,PLN-ENTERPRISE,monthly,364,0.112,2025-10-01,2025-11-01,plan_change,,
SUB-00963-01,CUS-00963,PLN-ENTERPRISE,monthly,510,0.112,2025-11-01,2026-04-01,plan_change,,
SUB-00963-02,CUS-00963,PLN-ENTERPRISE,monthly,578,0.112,2026-04-01,2026-06-01,plan_change,,
SUB-00963-03,CUS-00963,PLN-ENTERPRISE,monthly,666,0.112,2026-06-01,,,,
SUB-00964-00,CUS-00964,PLN-SCALE,annual,67,0.238,2025-10-01,2026-07-01,plan_change,,
SUB-00964-01,CUS-00964,PLN-SCALE,annual,95,0.238,2026-07-01,,,,
SUB-00965-00,CUS-00965,PLN-STARTER,annual,13,0.162,2025-11-01,,,,
SUB-00966-00,CUS-00966,PLN-STARTER,monthly,12,0.0,2025-11-01,2026-01-01,plan_change,,
SUB-00966-01,CUS-00966,PLN-STARTER,monthly,16,0.0,2026-01-01,,,,
SUB-00967-00,CUS-00967,PLN-STARTER,monthly,8,0.0,2025-11-01,2026-03-01,plan_change,,
SUB-00967-01,CUS-00967,PLN-STARTER,monthly,9,0.0,2026-03-01,,,,
SUB-00968-00,CUS-00968,PLN-GROWTH,monthly,13,0.02,2025-11-01,,,,
SUB-00969-00,CUS-00969,PLN-GROWTH,annual,10,0.168,2025-11-01,2026-06-01,plan_change,,
SUB-00969-01,CUS-00969,PLN-GROWTH,annual,12,0.168,2026-06-01,2026-07-01,plan_change,,
SUB-00969-02,CUS-00969,PLN-GROWTH,annual,13,0.168,2026-07-01,,,,
SUB-00970-00,CUS-00970,PLN-SCALE,annual,51,0.141,2025-11-01,2026-08-01,plan_change,,
SUB-00970-01,CUS-00970,PLN-SCALE,annual,42,0.141,2026-08-01,,,,
SUB-00971-00,CUS-00971,PLN-ENTERPRISE,annual,192,0.208,2025-11-01,2026-05-01,plan_change,,
SUB-00971-01,CUS-00971,PLN-ENTERPRISE,annual,238,0.208,2026-05-01,2026-06-01,plan_change,,
SUB-00971-02,CUS-00971,PLN-ENTERPRISE,annual,259,0.208,2026-06-01,,,,
SUB-00972-00,CUS-00972,PLN-STARTER,monthly,11,0.072,2025-11-01,2026-01-01,churn,involuntary,Payment failure
SUB-00973-00,CUS-00973,PLN-GROWTH,annual,34,0.122,2025-11-01,,,,
SUB-00974-00,CUS-00974,PLN-SCALE,monthly,45,0.139,2025-11-01,2026-01-01,plan_change,,
SUB-00974-01,CUS-00974,PLN-SCALE,monthly,48,0.139,2026-01-01,2026-03-01,churn,voluntary,Company acquired or closed
SUB-00975-00,CUS-00975,PLN-STARTER,monthly,6,0.05,2025-11-01,,,,
SUB-00976-00,CUS-00976,PLN-GROWTH,annual,35,0.149,2025-11-01,2025-12-01,plan_change,,
SUB-00976-01,CUS-00976,PLN-GROWTH,annual,23,0.149,2025-12-01,2026-01-01,plan_change,,
SUB-00976-02,CUS-00976,PLN-GROWTH,annual,18,0.149,2026-01-01,2026-06-01,plan_change,,
SUB-00976-03,CUS-00976,PLN-GROWTH,annual,11,0.149,2026-06-01,,,,
SUB-00977-00,CUS-00977,PLN-GROWTH,monthly,31,0.1,2025-11-01,2026-04-01,plan_change,,
SUB-00977-01,CUS-00977,PLN-GROWTH,monthly,33,0.1,2026-04-01,,,,
SUB-00978-00,CUS-00978,PLN-ENTERPRISE,monthly,484,0.072,2025-11-01,2026-04-01,churn,involuntary,Payment failure
SUB-00979-00,CUS-00979,PLN-STARTER,monthly,7,0.005,2025-11-01,,,,
SUB-00980-00,CUS-00980,PLN-GROWTH,monthly,22,0.052,2025-11-01,2026-05-01,plan_change,,
SUB-00980-01,CUS-00980,PLN-GROWTH,monthly,16,0.052,2026-05-01,,,,
SUB-00981-00,CUS-00981,PLN-GROWTH,monthly,17,0.015,2025-11-01,2026-05-01,churn,involuntary,Payment failure
SUB-00982-00,CUS-00982,PLN-STARTER,monthly,5,0.061,2025-11-01,2026-03-01,plan_change,,
SUB-00982-01,CUS-00982,PLN-STARTER,monthly,6,0.061,2026-03-01,2026-08-01,plan_change,,
SUB-00982-02,CUS-00982,PLN-STARTER,monthly,8,0.061,2026-08-01,,,,
SUB-00983-00,CUS-00983,PLN-STARTER,monthly,3,0.0,2025-11-01,,,,
SUB-00984-00,CUS-00984,PLN-STARTER,annual,10,0.173,2025-11-01,2026-08-01,plan_change,,
SUB-00984-01,CUS-00984,PLN-STARTER,annual,8,0.173,2026-08-01,,,,
SUB-00985-00,CUS-00985,PLN-STARTER,monthly,5,0.0,2025-11-01,2026-02-01,churn,voluntary,Missing functionality
SUB-00986-00,CUS-00986,PLN-GROWTH,annual,40,0.13,2025-11-01,,,,
SUB-00987-00,CUS-00987,PLN-SCALE,annual,90,0.136,2025-11-01,,,,
SUB-00988-00,CUS-00988,PLN-GROWTH,monthly,40,0.04,2025-11-01,,,,
SUB-00989-00,CUS-00989,PLN-STARTER,monthly,13,0.001,2025-11-01,2026-04-01,churn,involuntary,Payment failure
SUB-00990-00,CUS-00990,PLN-STARTER,annual,7,0.096,2025-11-01,,,,
SUB-00991-00,CUS-00991,PLN-GROWTH,monthly,11,0.033,2025-11-01,2026-01-01,plan_change,,
SUB-00991-01,CUS-00991,PLN-GROWTH,monthly,16,0.033,2026-01-01,,,,
SUB-00992-00,CUS-00992,PLN-ENTERPRISE,annual,238,0.202,2025-11-01,2026-04-01,plan_change,,
SUB-00992-01,CUS-00992,PLN-ENTERPRISE,annual,276,0.202,2026-04-01,,,,
SUB-00993-00,CUS-00993,PLN-STARTER,monthly,3,0.074,2025-11-01,2026-03-01,plan_change,,
SUB-00993-01,CUS-00993,PLN-STARTER,monthly,4,0.074,2026-03-01,,,,
SUB-00994-00,CUS-00994,PLN-STARTER,monthly,12,0.028,2025-11-01,2026-08-01,plan_change,,
SUB-00994-01,CUS-00994,PLN-STARTER,monthly,7,0.028,2026-08-01,,,,
SUB-00995-00,CUS-00995,PLN-GROWTH,monthly,24,0.033,2025-11-01,2026-02-01,plan_change,,
SUB-00995-01,CUS-00995,PLN-GROWTH,monthly,26,0.033,2026-02-01,,,,
SUB-00996-00,CUS-00996,PLN-GROWTH,monthly,17,0.01,2025-11-01,2026-05-01,plan_change,,
SUB-00996-01,CUS-00996,PLN-GROWTH,monthly,24,0.01,2026-05-01,2026-07-01,churn,voluntary,Switched to competitor
SUB-00997-00,CUS-00997,PLN-SCALE,annual,84,0.165,2025-11-01,2026-06-01,plan_change,,
SUB-00997-01,CUS-00997,PLN-SCALE,annual,59,0.165,2026-06-01,,,,
SUB-00998-00,CUS-00998,PLN-STARTER,monthly,12,0.0,2025-11-01,2026-05-01,churn,voluntary,Low adoption
SUB-00999-00,CUS-00999,PLN-ENTERPRISE,monthly,696,0.107,2025-11-01,2026-01-01,plan_change,,
SUB-00999-01,CUS-00999,PLN-ENTERPRISE,monthly,963,0.107,2026-01-01,2026-05-01,plan_change,,
SUB-00999-02,CUS-00999,PLN-ENTERPRISE,monthly,1256,0.107,2026-05-01,,,,
SUB-01000-00,CUS-01000,PLN-SCALE,annual,94,0.158,2025-11-01,2026-01-01,plan_change,,
SUB-01000-01,CUS-01000,PLN-SCALE,annual,116,0.158,2026-01-01,2026-04-01,plan_change,,
SUB-01000-02,CUS-01000,PLN-SCALE,annual,155,0.158,2026-04-01,,,,
SUB-01001-00,CUS-01001,PLN-STARTER,monthly,4,0.067,2025-11-01,2026-01-01,plan_change,,
SUB-01001-01,CUS-01001,PLN-STARTER,monthly,6,0.067,2026-01-01,2026-04-01,plan_change,,
SUB-01001-02,CUS-01001,PLN-STARTER,monthly,8,0.067,2026-04-01,,,,
SUB-01002-00,CUS-01002,PLN-GROWTH,monthly,25,0.114,2025-11-01,2026-06-01,plan_change,,
SUB-01002-01,CUS-01002,PLN-GROWTH,monthly,30,0.114,2026-06-01,,,,
SUB-01003-00,CUS-01003,PLN-STARTER,monthly,11,0.012,2025-11-01,2026-03-01,plan_change,,
SUB-01003-01,CUS-01003,PLN-STARTER,monthly,13,0.012,2026-03-01,,,,
SUB-01004-00,CUS-01004,PLN-STARTER,annual,3,0.083,2025-11-01,2026-07-01,plan_change,,
SUB-01004-01,CUS-01004,PLN-STARTER,annual,4,0.083,2026-07-01,,,,
SUB-01005-00,CUS-01005,PLN-GROWTH,monthly,26,0.102,2025-11-01,2026-01-01,plan_change,,
SUB-01005-01,CUS-01005,PLN-GROWTH,monthly,30,0.102,2026-01-01,,,,
SUB-01006-00,CUS-01006,PLN-STARTER,monthly,3,0.011,2025-11-01,2026-01-01,plan_change,,
SUB-01006-01,CUS-01006,PLN-STARTER,monthly,4,0.011,2026-01-01,2026-05-01,churn,voluntary,Company acquired or closed
SUB-01007-00,CUS-01007,PLN-STARTER,monthly,11,0.036,2025-11-01,2026-03-01,churn,voluntary,Poor support experience
SUB-01008-00,CUS-01008,PLN-SCALE,annual,79,0.161,2025-11-01,,,,
SUB-01009-00,CUS-01009,PLN-STARTER,monthly,2,0.0,2025-11-01,2026-03-01,plan_change,,
SUB-01009-01,CUS-01009,PLN-STARTER,monthly,3,0.0,2026-03-01,,,,
SUB-01010-00,CUS-01010,PLN-GROWTH,monthly,37,0.002,2025-11-01,,,,
SUB-01011-00,CUS-01011,PLN-STARTER,monthly,13,0.071,2025-11-01,2026-01-01,churn,voluntary,Price / budget cuts
SUB-01012-00,CUS-01012,PLN-SCALE,monthly,184,0.08,2025-11-01,2026-06-01,plan_change,,
SUB-01012-01,CUS-01012,PLN-SCALE,monthly,142,0.08,2026-06-01,,,,
SUB-01013-00,CUS-01013,PLN-GROWTH,annual,19,0.157,2025-11-01,2025-12-01,plan_change,,
SUB-01013-01,CUS-01013,PLN-GROWTH,annual,25,0.157,2025-12-01,,,,
SUB-01014-00,CUS-01014,PLN-GROWTH,monthly,33,0.086,2025-11-01,2026-02-01,churn,voluntary,Price / budget cuts
SUB-01015-00,CUS-01015,PLN-SCALE,monthly,68,0.023,2025-11-01,2026-03-01,plan_change,,
SUB-01015-01,CUS-01015,PLN-SCALE,monthly,59,0.023,2026-03-01,2026-06-01,plan_change,,
SUB-01015-02,CUS-01015,PLN-SCALE,monthly,82,0.023,2026-06-01,,,,
SUB-01016-00,CUS-01016,PLN-STARTER,monthly,13,0.011,2025-11-01,,,,
SUB-01017-00,CUS-01017,PLN-ENTERPRISE,monthly,409,0.111,2025-11-01,2026-04-01,plan_change,,
SUB-01017-01,CUS-01017,PLN-ENTERPRISE,monthly,533,0.111,2026-04-01,2026-05-01,plan_change,,
SUB-01017-02,CUS-01017,PLN-ENTERPRISE,monthly,600,0.111,2026-05-01,2026-08-01,churn,involuntary,Payment failure
SUB-01018-00,CUS-01018,PLN-STARTER,monthly,3,0.029,2025-11-01,2026-04-01,plan_change,,
SUB-01018-01,CUS-01018,PLN-STARTER,monthly,4,0.029,2026-04-01,,,,
SUB-01019-00,CUS-01019,PLN-STARTER,monthly,3,0.0,2025-11-01,2025-12-01,plan_change,,
SUB-01019-01,CUS-01019,PLN-STARTER,monthly,4,0.0,2025-12-01,,,,
SUB-01020-00,CUS-01020,PLN-GROWTH,monthly,37,0.059,2025-12-01,2026-07-01,plan_change,,
SUB-01020-01,CUS-01020,PLN-GROWTH,monthly,23,0.059,2026-07-01,,,,
SUB-01021-00,CUS-01021,PLN-GROWTH,monthly,19,0.049,2025-12-01,2026-03-01,plan_change,,
SUB-01021-01,CUS-01021,PLN-GROWTH,monthly,26,0.049,2026-03-01,2026-04-01,plan_change,,
SUB-01021-02,CUS-01021,PLN-GROWTH,monthly,37,0.049,2026-04-01,,,,
SUB-01022-00,CUS-01022,PLN-GROWTH,monthly,33,0.083,2025-12-01,2026-01-01,churn,voluntary,Price / budget cuts
SUB-01023-00,CUS-01023,PLN-SCALE,annual,72,0.24,2025-12-01,2026-07-01,plan_change,,
SUB-01023-01,CUS-01023,PLN-SCALE,annual,82,0.24,2026-07-01,,,,
SUB-01024-00,CUS-01024,PLN-GROWTH,annual,31,0.112,2025-12-01,,,,
SUB-01025-00,CUS-01025,PLN-STARTER,monthly,6,0.026,2025-12-01,,,,
SUB-01026-00,CUS-01026,PLN-STARTER,monthly,2,0.0,2025-12-01,2026-04-01,plan_change,,
SUB-01026-01,CUS-01026,PLN-STARTER,monthly,3,0.0,2026-04-01,,,,
SUB-01027-00,CUS-01027,PLN-STARTER,monthly,2,0.077,2025-12-01,2026-06-01,churn,involuntary,Payment failure
SUB-01028-00,CUS-01028,PLN-GROWTH,monthly,24,0.098,2025-12-01,2026-01-01,plan_change,,
SUB-01028-01,CUS-01028,PLN-GROWTH,monthly,34,0.098,2026-01-01,2026-05-01,plan_change,,
SUB-01028-02,CUS-01028,PLN-GROWTH,monthly,38,0.098,2026-05-01,2026-08-01,plan_change,,
SUB-01028-03,CUS-01028,PLN-GROWTH,monthly,44,0.098,2026-08-01,,,,
SUB-01029-00,CUS-01029,PLN-STARTER,monthly,5,0.076,2025-12-01,2026-05-01,plan_change,,
SUB-01029-01,CUS-01029,PLN-STARTER,monthly,6,0.076,2026-05-01,2026-08-01,plan_change,,
SUB-01029-02,CUS-01029,PLN-STARTER,monthly,5,0.076,2026-08-01,,,,
SUB-01030-00,CUS-01030,PLN-GROWTH,monthly,18,0.049,2025-12-01,2026-01-01,churn,voluntary,Price / budget cuts
SUB-01031-00,CUS-01031,PLN-GROWTH,annual,20,0.218,2025-12-01,2026-05-01,plan_change,,
SUB-01031-01,CUS-01031,PLN-GROWTH,annual,24,0.218,2026-05-01,,,,
SUB-01032-00,CUS-01032,PLN-STARTER,monthly,6,0.035,2025-12-01,2026-02-01,churn,voluntary,Low adoption
SUB-01033-00,CUS-01033,PLN-STARTER,annual,9,0.169,2025-12-01,,,,
SUB-01034-00,CUS-01034,PLN-STARTER,monthly,10,0.0,2025-12-01,2026-03-01,plan_change,,
SUB-01034-01,CUS-01034,PLN-STARTER,monthly,13,0.0,2026-03-01,,,,
SUB-01035-00,CUS-01035,PLN-STARTER,monthly,9,0.047,2025-12-01,2026-03-01,plan_change,,
SUB-01035-01,CUS-01035,PLN-STARTER,monthly,11,0.047,2026-03-01,2026-04-01,plan_change,,
SUB-01035-02,CUS-01035,PLN-STARTER,monthly,13,0.047,2026-04-01,2026-05-01,churn,voluntary,Price / budget cuts
SUB-01036-00,CUS-01036,PLN-ENTERPRISE,annual,815,0.252,2025-12-01,2026-02-01,plan_change,,
SUB-01036-01,CUS-01036,PLN-ENTERPRISE,annual,582,0.252,2026-02-01,,,,
SUB-01037-00,CUS-01037,PLN-ENTERPRISE,annual,627,0.162,2025-12-01,2026-06-01,plan_change,,
SUB-01037-01,CUS-01037,PLN-ENTERPRISE,annual,501,0.162,2026-06-01,,,,
SUB-01038-00,CUS-01038,PLN-ENTERPRISE,annual,237,0.213,2025-12-01,,,,
SUB-01039-00,CUS-01039,PLN-GROWTH,monthly,14,0.101,2025-12-01,2026-04-01,plan_change,,
SUB-01039-01,CUS-01039,PLN-STARTER,monthly,9,0.101,2026-04-01,,,,
SUB-01040-00,CUS-01040,PLN-GROWTH,monthly,10,0.0,2025-12-01,2026-07-01,plan_change,,
SUB-01040-01,CUS-01040,PLN-STARTER,monthly,8,0.0,2026-07-01,,,,
SUB-01041-00,CUS-01041,PLN-GROWTH,annual,26,0.175,2025-12-01,,,,
SUB-01042-00,CUS-01042,PLN-SCALE,annual,61,0.14,2025-12-01,,,,
SUB-01043-00,CUS-01043,PLN-STARTER,monthly,4,0.0,2025-12-01,2026-03-01,plan_change,,
SUB-01043-01,CUS-01043,PLN-STARTER,monthly,5,0.0,2026-03-01,2026-05-01,churn,voluntary,Missing functionality
SUB-01044-00,CUS-01044,PLN-GROWTH,annual,39,0.136,2025-12-01,,,,
SUB-01045-00,CUS-01045,PLN-STARTER,monthly,5,0.077,2025-12-01,2026-02-01,churn,voluntary,Low adoption
SUB-01046-00,CUS-01046,PLN-GROWTH,monthly,37,0.052,2025-12-01,,,,
SUB-01047-00,CUS-01047,PLN-SCALE,annual,102,0.194,2025-12-01,2026-02-01,plan_change,,
SUB-01047-01,CUS-01047,PLN-SCALE,annual,109,0.194,2026-02-01,2026-07-01,plan_change,,
SUB-01047-02,CUS-01047,PLN-SCALE,annual,136,0.194,2026-07-01,,,,
SUB-01048-00,CUS-01048,PLN-STARTER,annual,6,0.086,2025-12-01,2026-03-01,plan_change,,
SUB-01048-01,CUS-01048,PLN-STARTER,annual,8,0.086,2026-03-01,,,,
SUB-01049-00,CUS-01049,PLN-GROWTH,monthly,22,0.027,2025-12-01,2026-01-01,churn,voluntary,Price / budget cuts
SUB-01050-00,CUS-01050,PLN-SCALE,monthly,99,0.086,2025-12-01,2026-08-01,plan_change,,
SUB-01050-01,CUS-01050,PLN-SCALE,monthly,109,0.086,2026-08-01,,,,
SUB-01051-00,CUS-01051,PLN-GROWTH,annual,11,0.184,2025-12-01,,,,
SUB-01052-00,CUS-01052,PLN-GROWTH,monthly,26,0.076,2025-12-01,,,,
SUB-01053-00,CUS-01053,PLN-GROWTH,monthly,10,0.0,2025-12-01,2026-06-01,plan_change,,
SUB-01053-01,CUS-01053,PLN-GROWTH,monthly,12,0.0,2026-06-01,2026-08-01,plan_change,,
SUB-01053-02,CUS-01053,PLN-GROWTH,monthly,16,0.0,2026-08-01,,,,
SUB-01054-00,CUS-01054,PLN-STARTER,monthly,2,0.0,2025-12-01,2026-06-01,plan_change,,
SUB-01054-01,CUS-01054,PLN-STARTER,monthly,3,0.0,2026-06-01,,,,
SUB-01055-00,CUS-01055,PLN-STARTER,monthly,3,0.041,2025-12-01,2026-02-01,churn,involuntary,Payment failure
SUB-01056-00,CUS-01056,PLN-STARTER,annual,2,0.152,2025-12-01,,,,
SUB-01057-00,CUS-01057,PLN-STARTER,monthly,9,0.0,2025-12-01,2026-05-01,churn,voluntary,Poor support experience
SUB-01058-00,CUS-01058,PLN-STARTER,monthly,4,0.062,2025-12-01,2026-05-01,plan_change,,
SUB-01058-01,CUS-01058,PLN-STARTER,monthly,5,0.062,2026-05-01,,,,
SUB-01059-00,CUS-01059,PLN-GROWTH,monthly,19,0.0,2025-12-01,2026-01-01,churn,voluntary,Switched to competitor
SUB-01060-00,CUS-01060,PLN-ENTERPRISE,annual,581,0.208,2025-12-01,,,,
SUB-01061-00,CUS-01061,PLN-ENTERPRISE,annual,546,0.246,2025-12-01,,,,
SUB-01062-00,CUS-01062,PLN-GROWTH,annual,37,0.189,2025-12-01,2026-06-01,plan_change,,
SUB-01062-01,CUS-01062,PLN-GROWTH,annual,49,0.189,2026-06-01,,,,
SUB-01063-00,CUS-01063,PLN-STARTER,annual,3,0.122,2025-12-01,,,,
SUB-01064-00,CUS-01064,PLN-ENTERPRISE,annual,444,0.189,2025-12-01,2026-01-01,plan_change,,
SUB-01064-01,CUS-01064,PLN-ENTERPRISE,annual,545,0.189,2026-01-01,2026-04-01,plan_change,,
SUB-01064-02,CUS-01064,PLN-ENTERPRISE,annual,775,0.189,2026-04-01,2026-07-01,plan_change,,
SUB-01064-03,CUS-01064,PLN-ENTERPRISE,annual,1034,0.189,2026-07-01,,,,
SUB-01065-00,CUS-01065,PLN-GROWTH,annual,10,0.191,2025-12-01,,,,
SUB-01066-00,CUS-01066,PLN-GROWTH,annual,20,0.079,2025-12-01,,,,
SUB-01067-00,CUS-01067,PLN-GROWTH,monthly,40,0.108,2025-12-01,2026-05-01,plan_change,,
SUB-01067-01,CUS-01067,PLN-GROWTH,monthly,51,0.108,2026-05-01,2026-08-01,plan_change,,
SUB-01067-02,CUS-01067,PLN-GROWTH,monthly,56,0.108,2026-08-01,,,,
SUB-01068-00,CUS-01068,PLN-GROWTH,monthly,14,0.027,2025-12-01,,,,
SUB-01069-00,CUS-01069,PLN-SCALE,monthly,84,0.02,2025-12-01,2026-08-01,plan_change,,
SUB-01069-01,CUS-01069,PLN-SCALE,monthly,64,0.02,2026-08-01,,,,
SUB-01070-00,CUS-01070,PLN-GROWTH,monthly,17,0.101,2025-12-01,,,,
SUB-01071-00,CUS-01071,PLN-GROWTH,monthly,22,0.027,2025-12-01,,,,
SUB-01072-00,CUS-01072,PLN-STARTER,monthly,5,0.0,2025-12-01,2026-02-01,plan_change,,
SUB-01072-01,CUS-01072,PLN-STARTER,monthly,6,0.0,2026-02-01,2026-05-01,churn,voluntary,Price / budget cuts
SUB-01073-00,CUS-01073,PLN-SCALE,monthly,55,0.107,2025-12-01,2026-01-01,plan_change,,
SUB-01073-01,CUS-01073,PLN-SCALE,monthly,64,0.107,2026-01-01,,,,
SUB-01074-00,CUS-01074,PLN-GROWTH,annual,48,0.163,2025-12-01,,,,
SUB-01075-00,CUS-01075,PLN-GROWTH,monthly,26,0.0,2025-12-01,2026-04-01,churn,voluntary,Missing functionality
SUB-01076-00,CUS-01076,PLN-GROWTH,monthly,35,0.029,2025-12-01,2026-01-01,plan_change,,
SUB-01076-01,CUS-01076,PLN-GROWTH,monthly,44,0.029,2026-01-01,2026-02-01,churn,voluntary,Switched to competitor
SUB-01077-00,CUS-01077,PLN-SCALE,annual,117,0.132,2025-12-01,,,,
SUB-01078-00,CUS-01078,PLN-ENTERPRISE,annual,612,0.238,2025-12-01,2026-01-01,plan_change,,
SUB-01078-01,CUS-01078,PLN-ENTERPRISE,annual,676,0.238,2026-01-01,2026-03-01,plan_change,,
SUB-01078-02,CUS-01078,PLN-ENTERPRISE,annual,896,0.238,2026-03-01,2026-05-01,plan_change,,
SUB-01078-03,CUS-01078,PLN-ENTERPRISE,annual,1284,0.238,2026-05-01,,,,
SUB-01079-00,CUS-01079,PLN-GROWTH,monthly,17,0.016,2025-12-01,2026-06-01,plan_change,,
SUB-01079-01,CUS-01079,PLN-GROWTH,monthly,22,0.016,2026-06-01,,,,
SUB-01080-00,CUS-01080,PLN-STARTER,monthly,11,0.001,2025-12-01,2026-01-01,churn,voluntary,Price / budget cuts
SUB-01081-00,CUS-01081,PLN-STARTER,monthly,5,0.032,2026-01-01,2026-08-01,churn,voluntary,Price / budget cuts
SUB-01082-00,CUS-01082,PLN-SCALE,annual,77,0.229,2026-01-01,2026-06-01,plan_change,,
SUB-01082-01,CUS-01082,PLN-SCALE,annual,71,0.229,2026-06-01,,,,
SUB-01083-00,CUS-01083,PLN-SCALE,annual,122,0.14,2026-01-01,2026-02-01,plan_change,,
SUB-01083-01,CUS-01083,PLN-SCALE,annual,132,0.14,2026-02-01,2026-08-01,plan_change,,
SUB-01083-02,CUS-01083,PLN-SCALE,annual,155,0.14,2026-08-01,,,,
SUB-01084-00,CUS-01084,PLN-GROWTH,monthly,15,0.048,2026-01-01,,,,
SUB-01085-00,CUS-01085,PLN-GROWTH,monthly,12,0.049,2026-01-01,,,,
SUB-01086-00,CUS-01086,PLN-STARTER,monthly,5,0.016,2026-01-01,,,,
SUB-01087-00,CUS-01087,PLN-SCALE,monthly,56,0.076,2026-01-01,2026-02-01,churn,voluntary,Poor support experience
SUB-01088-00,CUS-01088,PLN-STARTER,annual,9,0.131,2026-01-01,,,,
SUB-01089-00,CUS-01089,PLN-STARTER,monthly,3,0.0,2026-01-01,2026-05-01,plan_change,,
SUB-01089-01,CUS-01089,PLN-STARTER,monthly,2,0.0,2026-05-01,2026-07-01,plan_change,,
SUB-01089-02,CUS-01089,PLN-STARTER,monthly,3,0.0,2026-07-01,,,,
SUB-01090-00,CUS-01090,PLN-GROWTH,monthly,10,0.02,2026-01-01,2026-05-01,plan_change,,
SUB-01090-01,CUS-01090,PLN-STARTER,monthly,8,0.02,2026-05-01,,,,
SUB-01091-00,CUS-01091,PLN-STARTER,annual,2,0.1,2026-01-01,,,,
SUB-01092-00,CUS-01092,PLN-GROWTH,monthly,23,0.05,2026-01-01,2026-03-01,plan_change,,
SUB-01092-01,CUS-01092,PLN-GROWTH,monthly,27,0.05,2026-03-01,2026-05-01,churn,voluntary,Company acquired or closed
SUB-01093-00,CUS-01093,PLN-GROWTH,annual,49,0.168,2026-01-01,2026-02-01,plan_change,,
SUB-01093-01,CUS-01093,PLN-GROWTH,annual,59,0.168,2026-02-01,2026-04-01,plan_change,,
SUB-01093-02,CUS-01093,PLN-GROWTH,annual,70,0.168,2026-04-01,,,,
SUB-01094-00,CUS-01094,PLN-STARTER,annual,6,0.115,2026-01-01,,,,
SUB-01095-00,CUS-01095,PLN-ENTERPRISE,annual,435,0.234,2026-01-01,2026-04-01,plan_change,,
SUB-01095-01,CUS-01095,PLN-ENTERPRISE,annual,569,0.234,2026-04-01,,,,
SUB-01096-00,CUS-01096,PLN-GROWTH,monthly,30,0.065,2026-01-01,,,,
SUB-01097-00,CUS-01097,PLN-STARTER,monthly,14,0.046,2026-01-01,2026-03-01,churn,voluntary,Switched to competitor
SUB-01098-00,CUS-01098,PLN-GROWTH,monthly,19,0.036,2026-01-01,2026-02-01,plan_change,,
SUB-01098-01,CUS-01098,PLN-GROWTH,monthly,25,0.036,2026-02-01,2026-03-01,plan_change,,
SUB-01098-02,CUS-01098,PLN-GROWTH,monthly,28,0.036,2026-03-01,,,,
SUB-01099-00,CUS-01099,PLN-GROWTH,annual,47,0.172,2026-01-01,2026-03-01,plan_change,,
SUB-01099-01,CUS-01099,PLN-GROWTH,annual,32,0.172,2026-03-01,2026-05-01,plan_change,,
SUB-01099-02,CUS-01099,PLN-GROWTH,annual,21,0.172,2026-05-01,,,,
SUB-01100-00,CUS-01100,PLN-STARTER,monthly,9,0.0,2026-01-01,2026-07-01,plan_change,,
SUB-01100-01,CUS-01100,PLN-STARTER,monthly,12,0.0,2026-07-01,,,,
SUB-01101-00,CUS-01101,PLN-ENTERPRISE,annual,241,0.262,2026-01-01,2026-03-01,plan_change,,
SUB-01101-01,CUS-01101,PLN-ENTERPRISE,annual,327,0.262,2026-03-01,2026-04-01,plan_change,,
SUB-01101-02,CUS-01101,PLN-ENTERPRISE,annual,456,0.262,2026-04-01,,,,
SUB-01102-00,CUS-01102,PLN-GROWTH,monthly,10,0.078,2026-01-01,,,,
SUB-01103-00,CUS-01103,PLN-STARTER,monthly,9,0.024,2026-01-01,2026-05-01,plan_change,,
SUB-01103-01,CUS-01103,PLN-STARTER,monthly,7,0.024,2026-05-01,,,,
SUB-01104-00,CUS-01104,PLN-SCALE,annual,52,0.128,2026-01-01,,,,
SUB-01105-00,CUS-01105,PLN-ENTERPRISE,annual,251,0.163,2026-01-01,2026-03-01,plan_change,,
SUB-01105-01,CUS-01105,PLN-ENTERPRISE,annual,273,0.163,2026-03-01,2026-07-01,plan_change,,
SUB-01105-02,CUS-01105,PLN-ENTERPRISE,annual,319,0.163,2026-07-01,,,,
SUB-01106-00,CUS-01106,PLN-GROWTH,monthly,13,0.0,2026-01-01,,,,
SUB-01107-00,CUS-01107,PLN-ENTERPRISE,annual,309,0.183,2026-01-01,2026-07-01,plan_change,,
SUB-01107-01,CUS-01107,PLN-ENTERPRISE,annual,237,0.183,2026-07-01,2026-08-01,plan_change,,
SUB-01107-02,CUS-01107,PLN-ENTERPRISE,annual,291,0.183,2026-08-01,,,,
SUB-01108-00,CUS-01108,PLN-SCALE,annual,119,0.16,2026-01-01,2026-03-01,plan_change,,
SUB-01108-01,CUS-01108,PLN-SCALE,annual,167,0.16,2026-03-01,2026-05-01,plan_change,,
SUB-01108-02,CUS-01108,PLN-SCALE,annual,143,0.16,2026-05-01,2026-06-01,churn,voluntary,Low adoption
SUB-01109-00,CUS-01109,PLN-GROWTH,monthly,16,0.054,2026-01-01,,,,
SUB-01110-00,CUS-01110,PLN-GROWTH,monthly,27,0.101,2026-01-01,2026-02-01,plan_change,,
SUB-01110-01,CUS-01110,PLN-GROWTH,monthly,24,0.101,2026-02-01,2026-03-01,plan_change,,
SUB-01110-02,CUS-01110,PLN-GROWTH,monthly,14,0.101,2026-03-01,,,,
SUB-01111-00,CUS-01111,PLN-GROWTH,monthly,27,0.019,2026-01-01,2026-02-01,churn,voluntary,Low adoption
SUB-01112-00,CUS-01112,PLN-GROWTH,annual,21,0.119,2026-01-01,2026-03-01,plan_change,,
SUB-01112-01,CUS-01112,PLN-GROWTH,annual,23,0.119,2026-03-01,2026-06-01,plan_change,,
SUB-01112-02,CUS-01112,PLN-GROWTH,annual,31,0.119,2026-06-01,,,,
SUB-01113-00,CUS-01113,PLN-GROWTH,monthly,20,0.0,2026-01-01,2026-04-01,plan_change,,
SUB-01113-01,CUS-01113,PLN-GROWTH,monthly,27,0.0,2026-04-01,,,,
SUB-01114-00,CUS-01114,PLN-GROWTH,monthly,10,0.059,2026-01-01,2026-03-01,churn,voluntary,Missing functionality
SUB-01115-00,CUS-01115,PLN-GROWTH,annual,33,0.163,2026-01-01,2026-06-01,plan_change,,
SUB-01115-01,CUS-01115,PLN-GROWTH,annual,20,0.163,2026-06-01,,,,
SUB-01116-00,CUS-01116,PLN-SCALE,monthly,95,0.041,2026-01-01,,,,
SUB-01117-00,CUS-01117,PLN-GROWTH,annual,21,0.121,2026-01-01,2026-02-01,plan_change,,
SUB-01117-01,CUS-01117,PLN-GROWTH,annual,14,0.121,2026-02-01,2026-06-01,plan_change,,
SUB-01117-02,CUS-01117,PLN-GROWTH,annual,10,0.121,2026-06-01,,,,
SUB-01118-00,CUS-01118,PLN-STARTER,monthly,3,0.057,2026-01-01,2026-02-01,plan_change,,
SUB-01118-01,CUS-01118,PLN-STARTER,monthly,2,0.057,2026-02-01,,,,
SUB-01119-00,CUS-01119,PLN-GROWTH,annual,24,0.1,2026-01-01,,,,
SUB-01120-00,CUS-01120,PLN-SCALE,annual,46,0.201,2026-01-01,2026-06-01,plan_change,,
SUB-01120-01,CUS-01120,PLN-SCALE,annual,64,0.201,2026-06-01,2026-08-01,plan_change,,
SUB-01120-02,CUS-01120,PLN-SCALE,annual,73,0.201,2026-08-01,,,,
SUB-01121-00,CUS-01121,PLN-STARTER,monthly,2,0.04,2026-01-01,2026-05-01,churn,involuntary,Payment failure
SUB-01122-00,CUS-01122,PLN-SCALE,monthly,85,0.056,2026-01-01,,,,
SUB-01123-00,CUS-01123,PLN-GROWTH,monthly,40,0.037,2026-01-01,2026-04-01,churn,voluntary,Missing functionality
SUB-01124-00,CUS-01124,PLN-SCALE,monthly,51,0.061,2026-01-01,,,,
SUB-01125-00,CUS-01125,PLN-STARTER,monthly,7,0.077,2026-01-01,2026-05-01,plan_change,,
SUB-01125-01,CUS-01125,PLN-STARTER,monthly,9,0.077,2026-05-01,,,,
SUB-01126-00,CUS-01126,PLN-GROWTH,monthly,43,0.027,2026-01-01,2026-06-01,churn,voluntary,Missing functionality
SUB-01127-00,CUS-01127,PLN-GROWTH,annual,19,0.207,2026-01-01,,,,
SUB-01128-00,CUS-01128,PLN-GROWTH,monthly,44,0.015,2026-01-01,2026-06-01,plan_change,,
SUB-01128-01,CUS-01128,PLN-GROWTH,monthly,56,0.015,2026-06-01,2026-08-01,plan_change,,
SUB-01128-02,CUS-01128,PLN-GROWTH,monthly,32,0.015,2026-08-01,,,,
SUB-01129-00,CUS-01129,PLN-SCALE,annual,93,0.124,2026-01-01,2026-08-01,plan_change,,
SUB-01129-01,CUS-01129,PLN-SCALE,annual,53,0.124,2026-08-01,,,,
SUB-01130-00,CUS-01130,PLN-STARTER,annual,3,0.179,2026-01-01,2026-06-01,plan_change,,
SUB-01130-01,CUS-01130,PLN-STARTER,annual,4,0.179,2026-06-01,,,,
SUB-01131-00,CUS-01131,PLN-STARTER,annual,3,0.111,2026-01-01,,,,
SUB-01132-00,CUS-01132,PLN-SCALE,monthly,71,0.161,2026-01-01,2026-06-01,plan_change,,
SUB-01132-01,CUS-01132,PLN-SCALE,monthly,94,0.161,2026-06-01,2026-08-01,plan_change,,
SUB-01132-02,CUS-01132,PLN-SCALE,monthly,111,0.161,2026-08-01,,,,
SUB-01133-00,CUS-01133,PLN-STARTER,monthly,2,0.026,2026-01-01,2026-02-01,churn,involuntary,Payment failure
SUB-01134-00,CUS-01134,PLN-STARTER,monthly,4,0.032,2026-01-01,2026-05-01,plan_change,,
SUB-01134-01,CUS-01134,PLN-STARTER,monthly,5,0.032,2026-05-01,2026-06-01,churn,voluntary,Switched to competitor
SUB-01135-00,CUS-01135,PLN-STARTER,monthly,2,0.006,2026-02-01,2026-07-01,churn,voluntary,Price / budget cuts
SUB-01136-00,CUS-01136,PLN-STARTER,monthly,4,0.046,2026-02-01,2026-03-01,churn,voluntary,Price / budget cuts
SUB-01137-00,CUS-01137,PLN-GROWTH,monthly,43,0.012,2026-02-01,,,,
SUB-01138-00,CUS-01138,PLN-ENTERPRISE,annual,645,0.221,2026-02-01,,,,
SUB-01139-00,CUS-01139,PLN-STARTER,monthly,4,0.067,2026-02-01,2026-07-01,plan_change,,
SUB-01139-01,CUS-01139,PLN-STARTER,monthly,6,0.067,2026-07-01,,,,
SUB-01140-00,CUS-01140,PLN-STARTER,monthly,7,0.068,2026-02-01,,,,
SUB-01141-00,CUS-01141,PLN-STARTER,monthly,9,0.0,2026-02-01,,,,
SUB-01142-00,CUS-01142,PLN-GROWTH,annual,15,0.166,2026-02-01,,,,
SUB-01143-00,CUS-01143,PLN-SCALE,monthly,111,0.07,2026-02-01,2026-07-01,plan_change,,
SUB-01143-01,CUS-01143,PLN-SCALE,monthly,74,0.07,2026-07-01,,,,
SUB-01144-00,CUS-01144,PLN-STARTER,annual,4,0.146,2026-02-01,2026-06-01,plan_change,,
SUB-01144-01,CUS-01144,PLN-STARTER,annual,3,0.146,2026-06-01,,,,
SUB-01145-00,CUS-01145,PLN-ENTERPRISE,annual,184,0.165,2026-02-01,2026-06-01,plan_change,,
SUB-01145-01,CUS-01145,PLN-ENTERPRISE,annual,200,0.165,2026-06-01,,,,
SUB-01146-00,CUS-01146,PLN-STARTER,monthly,5,0.034,2026-02-01,2026-05-01,plan_change,,
SUB-01146-01,CUS-01146,PLN-STARTER,monthly,4,0.034,2026-05-01,,,,
SUB-01147-00,CUS-01147,PLN-GROWTH,monthly,11,0.047,2026-02-01,,,,
SUB-01148-00,CUS-01148,PLN-SCALE,annual,51,0.118,2026-02-01,,,,
SUB-01149-00,CUS-01149,PLN-STARTER,monthly,2,0.0,2026-02-01,2026-07-01,churn,voluntary,Missing functionality
SUB-01150-00,CUS-01150,PLN-STARTER,annual,9,0.159,2026-02-01,,,,
SUB-01151-00,CUS-01151,PLN-GROWTH,annual,12,0.129,2026-02-01,,,,
SUB-01152-00,CUS-01152,PLN-STARTER,monthly,10,0.071,2026-02-01,,,,
SUB-01153-00,CUS-01153,PLN-GROWTH,annual,11,0.21,2026-02-01,2026-03-01,plan_change,,
SUB-01153-01,CUS-01153,PLN-GROWTH,annual,15,0.21,2026-03-01,,,,
SUB-01154-00,CUS-01154,PLN-STARTER,monthly,7,0.006,2026-02-01,2026-04-01,plan_change,,
SUB-01154-01,CUS-01154,PLN-STARTER,monthly,9,0.006,2026-04-01,2026-06-01,plan_change,,
SUB-01154-02,CUS-01154,PLN-STARTER,monthly,12,0.006,2026-06-01,2026-07-01,churn,involuntary,Payment failure
SUB-01155-00,CUS-01155,PLN-STARTER,monthly,2,0.002,2026-02-01,2026-03-01,plan_change,,
SUB-01155-01,CUS-01155,PLN-STARTER,monthly,3,0.002,2026-03-01,,,,
SUB-01156-00,CUS-01156,PLN-STARTER,monthly,8,0.076,2026-02-01,2026-08-01,plan_change,,
SUB-01156-01,CUS-01156,PLN-STARTER,monthly,6,0.076,2026-08-01,,,,
SUB-01157-00,CUS-01157,PLN-STARTER,monthly,3,0.074,2026-02-01,,,,
SUB-01158-00,CUS-01158,PLN-GROWTH,monthly,32,0.012,2026-02-01,,,,
SUB-01159-00,CUS-01159,PLN-GROWTH,annual,10,0.12,2026-02-01,,,,
SUB-01160-00,CUS-01160,PLN-STARTER,monthly,4,0.063,2026-02-01,2026-03-01,plan_change,,
SUB-01160-01,CUS-01160,PLN-STARTER,monthly,5,0.063,2026-03-01,2026-04-01,plan_change,,
SUB-01160-02,CUS-01160,PLN-STARTER,monthly,7,0.063,2026-04-01,,,,
SUB-01161-00,CUS-01161,PLN-SCALE,annual,96,0.209,2026-02-01,2026-03-01,plan_change,,
SUB-01161-01,CUS-01161,PLN-SCALE,annual,127,0.209,2026-03-01,2026-06-01,plan_change,,
SUB-01161-02,CUS-01161,PLN-SCALE,annual,81,0.209,2026-06-01,,,,
SUB-01162-00,CUS-01162,PLN-GROWTH,monthly,16,0.0,2026-02-01,2026-05-01,churn,voluntary,Company acquired or closed
SUB-01163-00,CUS-01163,PLN-GROWTH,monthly,20,0.12,2026-02-01,2026-07-01,plan_change,,
SUB-01163-01,CUS-01163,PLN-GROWTH,monthly,27,0.12,2026-07-01,,,,
SUB-01164-00,CUS-01164,PLN-SCALE,annual,68,0.263,2026-02-01,2026-03-01,plan_change,,
SUB-01164-01,CUS-01164,PLN-SCALE,annual,99,0.263,2026-03-01,2026-07-01,plan_change,,
SUB-01164-02,CUS-01164,PLN-SCALE,annual,135,0.263,2026-07-01,,,,
SUB-01165-00,CUS-01165,PLN-GROWTH,monthly,35,0.062,2026-02-01,2026-07-01,plan_change,,
SUB-01165-01,CUS-01165,PLN-GROWTH,monthly,50,0.062,2026-07-01,,,,
SUB-01166-00,CUS-01166,PLN-GROWTH,monthly,14,0.071,2026-02-01,2026-06-01,plan_change,,
SUB-01166-01,CUS-01166,PLN-GROWTH,monthly,19,0.071,2026-06-01,,,,
SUB-01167-00,CUS-01167,PLN-GROWTH,monthly,12,0.097,2026-02-01,2026-04-01,plan_change,,
SUB-01167-01,CUS-01167,PLN-GROWTH,monthly,15,0.097,2026-04-01,,,,
SUB-01168-00,CUS-01168,PLN-SCALE,monthly,55,0.05,2026-02-01,,,,
SUB-01169-00,CUS-01169,PLN-STARTER,monthly,9,0.057,2026-02-01,,,,
SUB-01170-00,CUS-01170,PLN-STARTER,annual,3,0.127,2026-02-01,2026-08-01,plan_change,,
SUB-01170-01,CUS-01170,PLN-STARTER,annual,4,0.127,2026-08-01,,,,
SUB-01171-00,CUS-01171,PLN-STARTER,monthly,3,0.0,2026-02-01,,,,
SUB-01172-00,CUS-01172,PLN-GROWTH,monthly,20,0.01,2026-02-01,,,,
SUB-01173-00,CUS-01173,PLN-SCALE,monthly,53,0.02,2026-02-01,,,,
SUB-01174-00,CUS-01174,PLN-GROWTH,monthly,26,0.0,2026-02-01,,,,
SUB-01175-00,CUS-01175,PLN-GROWTH,monthly,30,0.026,2026-02-01,,,,
SUB-01176-00,CUS-01176,PLN-GROWTH,monthly,12,0.06,2026-02-01,2026-03-01,plan_change,,
SUB-01176-01,CUS-01176,PLN-GROWTH,monthly,17,0.06,2026-03-01,,,,
SUB-01177-00,CUS-01177,PLN-GROWTH,annual,20,0.085,2026-02-01,2026-04-01,plan_change,,
SUB-01177-01,CUS-01177,PLN-GROWTH,annual,14,0.085,2026-04-01,,,,
SUB-01178-00,CUS-01178,PLN-STARTER,annual,9,0.072,2026-02-01,2026-05-01,plan_change,,
SUB-01178-01,CUS-01178,PLN-STARTER,annual,5,0.072,2026-05-01,,,,
SUB-01179-00,CUS-01179,PLN-STARTER,monthly,7,0.0,2026-02-01,,,,
SUB-01180-00,CUS-01180,PLN-STARTER,monthly,6,0.032,2026-02-01,2026-03-01,plan_change,,
SUB-01180-01,CUS-01180,PLN-STARTER,monthly,8,0.032,2026-03-01,,,,
SUB-01181-00,CUS-01181,PLN-STARTER,monthly,2,0.031,2026-02-01,2026-04-01,plan_change,,
SUB-01181-01,CUS-01181,PLN-STARTER,monthly,3,0.031,2026-04-01,,,,
SUB-01182-00,CUS-01182,PLN-SCALE,monthly,42,0.019,2026-02-01,2026-06-01,churn,voluntary,Low adoption
SUB-01183-00,CUS-01183,PLN-GROWTH,monthly,44,0.011,2026-02-01,,,,
SUB-01184-00,CUS-01184,PLN-STARTER,monthly,8,0.032,2026-02-01,2026-07-01,churn,voluntary,Low adoption
SUB-01185-00,CUS-01185,PLN-GROWTH,annual,14,0.128,2026-02-01,2026-04-01,plan_change,,
SUB-01185-01,CUS-01185,PLN-GROWTH,annual,10,0.128,2026-04-01,,,,
SUB-01186-00,CUS-01186,PLN-GROWTH,monthly,22,0.045,2026-02-01,,,,
SUB-01187-00,CUS-01187,PLN-SCALE,monthly,52,0.112,2026-02-01,,,,
SUB-01188-00,CUS-01188,PLN-GROWTH,monthly,11,0.047,2026-02-01,,,,
SUB-01189-00,CUS-01189,PLN-ENTERPRISE,monthly,353,0.148,2026-02-01,2026-03-01,plan_change,,
SUB-01189-01,CUS-01189,PLN-ENTERPRISE,monthly,500,0.148,2026-03-01,,,,
SUB-01190-00,CUS-01190,PLN-STARTER,monthly,2,0.053,2026-02-01,2026-04-01,plan_change,,
SUB-01190-01,CUS-01190,PLN-STARTER,monthly,3,0.053,2026-04-01,2026-07-01,churn,voluntary,Poor support experience
SUB-01191-00,CUS-01191,PLN-GROWTH,monthly,11,0.026,2026-02-01,,,,
SUB-01192-00,CUS-01192,PLN-STARTER,monthly,3,0.0,2026-02-01,,,,
SUB-01193-00,CUS-01193,PLN-SCALE,annual,188,0.187,2026-03-01,2026-07-01,plan_change,,
SUB-01193-01,CUS-01193,PLN-SCALE,annual,253,0.187,2026-07-01,,,,
SUB-01194-00,CUS-01194,PLN-GROWTH,monthly,23,0.024,2026-03-01,2026-04-01,churn,voluntary,Switched to competitor
SUB-01195-00,CUS-01195,PLN-STARTER,annual,8,0.079,2026-03-01,,,,
SUB-01196-00,CUS-01196,PLN-STARTER,annual,3,0.092,2026-03-01,,,,
SUB-01197-00,CUS-01197,PLN-STARTER,monthly,4,0.01,2026-03-01,,,,
SUB-01198-00,CUS-01198,PLN-STARTER,monthly,12,0.0,2026-03-01,2026-08-01,plan_change,,
SUB-01198-01,CUS-01198,PLN-STARTER,monthly,8,0.0,2026-08-01,,,,
SUB-01199-00,CUS-01199,PLN-SCALE,annual,155,0.131,2026-03-01,,,,
SUB-01200-00,CUS-01200,PLN-GROWTH,annual,27,0.12,2026-03-01,,,,
SUB-01201-00,CUS-01201,PLN-STARTER,annual,8,0.139,2026-03-01,,,,
SUB-01202-00,CUS-01202,PLN-GROWTH,monthly,43,0.052,2026-03-01,,,,
SUB-01203-00,CUS-01203,PLN-STARTER,monthly,4,0.018,2026-03-01,,,,
SUB-01204-00,CUS-01204,PLN-STARTER,monthly,4,0.044,2026-03-01,2026-05-01,churn,voluntary,Price / budget cuts
SUB-01205-00,CUS-01205,PLN-GROWTH,annual,16,0.131,2026-03-01,,,,
SUB-01206-00,CUS-01206,PLN-STARTER,monthly,13,0.053,2026-03-01,2026-05-01,plan_change,,
SUB-01206-01,CUS-01206,PLN-STARTER,monthly,9,0.053,2026-05-01,,,,
SUB-01207-00,CUS-01207,PLN-STARTER,monthly,3,0.0,2026-03-01,2026-07-01,plan_change,,
SUB-01207-01,CUS-01207,PLN-STARTER,monthly,2,0.0,2026-07-01,2026-08-01,plan_change,,
SUB-01207-02,CUS-01207,PLN-STARTER,monthly,3,0.0,2026-08-01,,,,
SUB-01208-00,CUS-01208,PLN-SCALE,annual,91,0.262,2026-03-01,2026-04-01,plan_change,,
SUB-01208-01,CUS-01208,PLN-SCALE,annual,128,0.262,2026-04-01,2026-08-01,plan_change,,
SUB-01208-02,CUS-01208,PLN-SCALE,annual,106,0.262,2026-08-01,,,,
SUB-01209-00,CUS-01209,PLN-SCALE,annual,107,0.133,2026-03-01,,,,
SUB-01210-00,CUS-01210,PLN-STARTER,monthly,3,0.0,2026-03-01,,,,
SUB-01211-00,CUS-01211,PLN-GROWTH,monthly,14,0.099,2026-03-01,,,,
SUB-01212-00,CUS-01212,PLN-GROWTH,annual,32,0.116,2026-03-01,2026-06-01,plan_change,,
SUB-01212-01,CUS-01212,PLN-GROWTH,annual,46,0.116,2026-06-01,,,,
SUB-01213-00,CUS-01213,PLN-STARTER,monthly,4,0.0,2026-03-01,2026-07-01,plan_change,,
SUB-01213-01,CUS-01213,PLN-STARTER,monthly,3,0.0,2026-07-01,,,,
SUB-01214-00,CUS-01214,PLN-ENTERPRISE,annual,174,0.177,2026-03-01,,,,
SUB-01215-00,CUS-01215,PLN-STARTER,monthly,10,0.002,2026-03-01,2026-06-01,churn,voluntary,Price / budget cuts
SUB-01216-00,CUS-01216,PLN-SCALE,annual,192,0.252,2026-03-01,2026-07-01,plan_change,,
SUB-01216-01,CUS-01216,PLN-SCALE,annual,176,0.252,2026-07-01,,,,
SUB-01217-00,CUS-01217,PLN-SCALE,monthly,55,0.026,2026-03-01,,,,
SUB-01218-00,CUS-01218,PLN-GROWTH,monthly,28,0.058,2026-03-01,,,,
SUB-01219-00,CUS-01219,PLN-STARTER,monthly,3,0.0,2026-03-01,2026-04-01,churn,voluntary,Company acquired or closed
SUB-01219-01,CUS-01219,PLN-STARTER,monthly,2,0.0,2026-07-01,,,,
SUB-01220-00,CUS-01220,PLN-GROWTH,monthly,23,0.03,2026-03-01,,,,
SUB-01221-00,CUS-01221,PLN-GROWTH,annual,48,0.115,2026-03-01,,,,
SUB-01222-00,CUS-01222,PLN-STARTER,monthly,2,0.0,2026-03-01,,,,
SUB-01223-00,CUS-01223,PLN-GROWTH,monthly,44,0.0,2026-03-01,,,,
SUB-01224-00,CUS-01224,PLN-STARTER,monthly,7,0.0,2026-03-01,2026-05-01,churn,voluntary,Missing functionality
SUB-01225-00,CUS-01225,PLN-GROWTH,annual,44,0.188,2026-03-01,,,,
SUB-01226-00,CUS-01226,PLN-SCALE,monthly,98,0.059,2026-03-01,2026-04-01,plan_change,,
SUB-01226-01,CUS-01226,PLN-SCALE,monthly,60,0.059,2026-04-01,,,,
SUB-01227-00,CUS-01227,PLN-GROWTH,annual,12,0.127,2026-03-01,,,,
SUB-01228-00,CUS-01228,PLN-SCALE,monthly,81,0.052,2026-03-01,2026-06-01,plan_change,,
SUB-01228-01,CUS-01228,PLN-SCALE,monthly,99,0.052,2026-06-01,,,,
SUB-01229-00,CUS-01229,PLN-GROWTH,monthly,33,0.063,2026-03-01,2026-05-01,churn,voluntary,Switched to competitor
SUB-01230-00,CUS-01230,PLN-STARTER,monthly,3,0.027,2026-03-01,2026-04-01,plan_change,,
SUB-01230-01,CUS-01230,PLN-STARTER,monthly,2,0.027,2026-04-01,,,,
SUB-01231-00,CUS-01231,PLN-ENTERPRISE,annual,294,0.235,2026-03-01,2026-06-01,plan_change,,
SUB-01231-01,CUS-01231,PLN-ENTERPRISE,annual,190,0.235,2026-06-01,2026-08-01,plan_change,,
SUB-01231-02,CUS-01231,PLN-ENTERPRISE,annual,253,0.235,2026-08-01,,,,
SUB-01232-00,CUS-01232,PLN-STARTER,monthly,5,0.011,2026-03-01,,,,
SUB-01233-00,CUS-01233,PLN-GROWTH,annual,22,0.145,2026-03-01,2026-04-01,churn,involuntary,Payment failure
SUB-01234-00,CUS-01234,PLN-GROWTH,monthly,39,0.057,2026-03-01,2026-04-01,plan_change,,
SUB-01234-01,CUS-01234,PLN-GROWTH,monthly,52,0.057,2026-04-01,,,,
SUB-01235-00,CUS-01235,PLN-GROWTH,monthly,21,0.0,2026-03-01,2026-04-01,churn,involuntary,Payment failure
SUB-01236-00,CUS-01236,PLN-GROWTH,monthly,16,0.06,2026-03-01,2026-08-01,plan_change,,
SUB-01236-01,CUS-01236,PLN-GROWTH,monthly,14,0.06,2026-08-01,,,,
SUB-01237-00,CUS-01237,PLN-STARTER,monthly,12,0.037,2026-03-01,2026-05-01,churn,voluntary,Missing functionality
SUB-01238-00,CUS-01238,PLN-GROWTH,annual,16,0.22,2026-03-01,2026-04-01,plan_change,,
SUB-01238-01,CUS-01238,PLN-GROWTH,annual,12,0.22,2026-04-01,,,,
SUB-01239-00,CUS-01239,PLN-GROWTH,annual,17,0.171,2026-03-01,,,,
SUB-01240-00,CUS-01240,PLN-SCALE,monthly,142,0.144,2026-03-01,,,,
SUB-01241-00,CUS-01241,PLN-STARTER,monthly,9,0.068,2026-03-01,2026-06-01,churn,voluntary,Switched to competitor
SUB-01242-00,CUS-01242,PLN-STARTER,monthly,4,0.023,2026-03-01,,,,
SUB-01243-00,CUS-01243,PLN-STARTER,monthly,5,0.078,2026-03-01,,,,
SUB-01244-00,CUS-01244,PLN-STARTER,monthly,7,0.064,2026-03-01,2026-07-01,plan_change,,
SUB-01244-01,CUS-01244,PLN-STARTER,monthly,6,0.064,2026-07-01,,,,
SUB-01245-00,CUS-01245,PLN-GROWTH,monthly,14,0.027,2026-03-01,2026-07-01,plan_change,,
SUB-01245-01,CUS-01245,PLN-GROWTH,monthly,19,0.027,2026-07-01,,,,
SUB-01246-00,CUS-01246,PLN-SCALE,annual,119,0.137,2026-03-01,,,,
SUB-01247-00,CUS-01247,PLN-STARTER,annual,5,0.165,2026-03-01,2026-04-01,plan_change,,
SUB-01247-01,CUS-01247,PLN-STARTER,annual,6,0.165,2026-04-01,2026-08-01,plan_change,,
SUB-01247-02,CUS-01247,PLN-STARTER,annual,3,0.165,2026-08-01,,,,
SUB-01248-00,CUS-01248,PLN-STARTER,monthly,2,0.067,2026-03-01,2026-05-01,plan_change,,
SUB-01248-01,CUS-01248,PLN-STARTER,monthly,3,0.067,2026-05-01,,,,
SUB-01249-00,CUS-01249,PLN-STARTER,monthly,13,0.01,2026-03-01,2026-07-01,churn,voluntary,Missing functionality
SUB-01250-00,CUS-01250,PLN-GROWTH,monthly,29,0.031,2026-03-01,2026-04-01,plan_change,,
SUB-01250-01,CUS-01250,PLN-GROWTH,monthly,33,0.031,2026-04-01,2026-07-01,churn,voluntary,Low adoption
SUB-01251-00,CUS-01251,PLN-STARTER,monthly,2,0.036,2026-03-01,2026-05-01,plan_change,,
SUB-01251-01,CUS-01251,PLN-STARTER,monthly,3,0.036,2026-05-01,2026-06-01,plan_change,,
SUB-01251-02,CUS-01251,PLN-STARTER,monthly,4,0.036,2026-06-01,,,,
SUB-01252-00,CUS-01252,PLN-GROWTH,monthly,19,0.048,2026-03-01,2026-08-01,plan_change,,
SUB-01252-01,CUS-01252,PLN-GROWTH,monthly,22,0.048,2026-08-01,,,,
SUB-01253-00,CUS-01253,PLN-GROWTH,annual,46,0.113,2026-03-01,2026-06-01,plan_change,,
SUB-01253-01,CUS-01253,PLN-GROWTH,annual,54,0.113,2026-06-01,,,,
SUB-01254-00,CUS-01254,PLN-STARTER,monthly,6,0.073,2026-03-01,2026-08-01,plan_change,,
SUB-01254-01,CUS-01254,PLN-STARTER,monthly,5,0.073,2026-08-01,,,,
SUB-01255-00,CUS-01255,PLN-SCALE,monthly,162,0.111,2026-03-01,2026-06-01,plan_change,,
SUB-01255-01,CUS-01255,PLN-SCALE,monthly,146,0.111,2026-06-01,,,,
SUB-01256-00,CUS-01256,PLN-GROWTH,monthly,15,0.072,2026-03-01,2026-07-01,churn,voluntary,Poor support experience
SUB-01257-00,CUS-01257,PLN-GROWTH,annual,35,0.165,2026-03-01,,,,
SUB-01258-00,CUS-01258,PLN-STARTER,monthly,5,0.043,2026-04-01,,,,
SUB-01259-00,CUS-01259,PLN-STARTER,monthly,8,0.013,2026-04-01,2026-05-01,churn,voluntary,Missing functionality
SUB-01260-00,CUS-01260,PLN-GROWTH,monthly,15,0.0,2026-04-01,2026-08-01,plan_change,,
SUB-01260-01,CUS-01260,PLN-GROWTH,monthly,16,0.0,2026-08-01,,,,
SUB-01261-00,CUS-01261,PLN-STARTER,monthly,6,0.065,2026-04-01,2026-07-01,churn,voluntary,Missing functionality
SUB-01262-00,CUS-01262,PLN-STARTER,monthly,7,0.073,2026-04-01,,,,
SUB-01263-00,CUS-01263,PLN-STARTER,annual,3,0.131,2026-04-01,2026-06-01,plan_change,,
SUB-01263-01,CUS-01263,PLN-STARTER,annual,2,0.131,2026-06-01,,,,
SUB-01264-00,CUS-01264,PLN-SCALE,monthly,51,0.048,2026-04-01,,,,
SUB-01265-00,CUS-01265,PLN-STARTER,annual,7,0.095,2026-04-01,2026-07-01,plan_change,,
SUB-01265-01,CUS-01265,PLN-STARTER,annual,5,0.095,2026-07-01,,,,
SUB-01266-00,CUS-01266,PLN-SCALE,annual,72,0.212,2026-04-01,,,,
SUB-01267-00,CUS-01267,PLN-GROWTH,monthly,32,0.041,2026-04-01,,,,
SUB-01268-00,CUS-01268,PLN-STARTER,monthly,6,0.066,2026-04-01,,,,
SUB-01269-00,CUS-01269,PLN-STARTER,monthly,8,0.009,2026-04-01,2026-05-01,plan_change,,
SUB-01269-01,CUS-01269,PLN-STARTER,monthly,11,0.009,2026-05-01,,,,
SUB-01270-00,CUS-01270,PLN-STARTER,monthly,3,0.062,2026-04-01,,,,
SUB-01271-00,CUS-01271,PLN-SCALE,monthly,160,0.038,2026-04-01,2026-05-01,plan_change,,
SUB-01271-01,CUS-01271,PLN-SCALE,monthly,225,0.038,2026-05-01,2026-06-01,churn,voluntary,Switched to competitor
SUB-01272-00,CUS-01272,PLN-STARTER,annual,11,0.135,2026-04-01,,,,
SUB-01273-00,CUS-01273,PLN-SCALE,monthly,87,0.063,2026-04-01,,,,
SUB-01274-00,CUS-01274,PLN-GROWTH,monthly,48,0.018,2026-04-01,,,,
SUB-01275-00,CUS-01275,PLN-STARTER,monthly,2,0.046,2026-04-01,,,,
SUB-01276-00,CUS-01276,PLN-GROWTH,annual,30,0.114,2026-04-01,,,,
SUB-01277-00,CUS-01277,PLN-GROWTH,monthly,37,0.006,2026-04-01,2026-06-01,plan_change,,
SUB-01277-01,CUS-01277,PLN-GROWTH,monthly,22,0.006,2026-06-01,2026-07-01,plan_change,,
SUB-01277-02,CUS-01277,PLN-GROWTH,monthly,29,0.006,2026-07-01,,,,
SUB-01278-00,CUS-01278,PLN-GROWTH,monthly,11,0.039,2026-04-01,2026-05-01,churn,voluntary,Poor support experience
SUB-01279-00,CUS-01279,PLN-ENTERPRISE,monthly,773,0.168,2026-04-01,,,,
SUB-01280-00,CUS-01280,PLN-GROWTH,annual,39,0.157,2026-04-01,,,,
SUB-01281-00,CUS-01281,PLN-GROWTH,monthly,10,0.071,2026-04-01,,,,
SUB-01282-00,CUS-01282,PLN-STARTER,monthly,6,0.019,2026-04-01,,,,
SUB-01283-00,CUS-01283,PLN-STARTER,monthly,2,0.002,2026-04-01,2026-05-01,churn,involuntary,Payment failure
SUB-01284-00,CUS-01284,PLN-STARTER,annual,4,0.159,2026-04-01,,,,
SUB-01285-00,CUS-01285,PLN-ENTERPRISE,monthly,190,0.115,2026-04-01,,,,
SUB-01286-00,CUS-01286,PLN-GROWTH,annual,13,0.118,2026-04-01,,,,
SUB-01287-00,CUS-01287,PLN-SCALE,annual,104,0.112,2026-04-01,2026-06-01,plan_change,,
SUB-01287-01,CUS-01287,PLN-SCALE,annual,130,0.112,2026-06-01,,,,
SUB-01288-00,CUS-01288,PLN-STARTER,monthly,3,0.0,2026-04-01,,,,
SUB-01289-00,CUS-01289,PLN-GROWTH,monthly,29,0.066,2026-04-01,2026-07-01,plan_change,,
SUB-01289-01,CUS-01289,PLN-GROWTH,monthly,33,0.066,2026-07-01,2026-08-01,churn,voluntary,Price / budget cuts
SUB-01290-00,CUS-01290,PLN-STARTER,monthly,6,0.034,2026-04-01,2026-06-01,churn,voluntary,Low adoption
SUB-01291-00,CUS-01291,PLN-GROWTH,annual,19,0.116,2026-04-01,,,,
SUB-01292-00,CUS-01292,PLN-ENTERPRISE,annual,554,0.262,2026-04-01,,,,
SUB-01293-00,CUS-01293,PLN-STARTER,monthly,4,0.0,2026-04-01,,,,
SUB-01294-00,CUS-01294,PLN-STARTER,monthly,5,0.017,2026-04-01,,,,
SUB-01295-00,CUS-01295,PLN-STARTER,annual,3,0.172,2026-04-01,,,,
SUB-01296-00,CUS-01296,PLN-STARTER,monthly,3,0.039,2026-04-01,2026-06-01,plan_change,,
SUB-01296-01,CUS-01296,PLN-STARTER,monthly,4,0.039,2026-06-01,,,,
SUB-01297-00,CUS-01297,PLN-SCALE,monthly,127,0.07,2026-04-01,,,,
SUB-01298-00,CUS-01298,PLN-STARTER,annual,9,0.124,2026-04-01,2026-08-01,plan_change,,
SUB-01298-01,CUS-01298,PLN-STARTER,annual,12,0.124,2026-08-01,,,,
SUB-01299-00,CUS-01299,PLN-SCALE,annual,56,0.25,2026-04-01,2026-05-01,plan_change,,
SUB-01299-01,CUS-01299,PLN-SCALE,annual,76,0.25,2026-05-01,,,,
SUB-01300-00,CUS-01300,PLN-STARTER,monthly,3,0.063,2026-04-01,,,,
SUB-01301-00,CUS-01301,PLN-GROWTH,monthly,48,0.041,2026-04-01,2026-05-01,plan_change,,
SUB-01301-01,CUS-01301,PLN-GROWTH,monthly,33,0.041,2026-05-01,,,,
SUB-01302-00,CUS-01302,PLN-STARTER,monthly,6,0.019,2026-04-01,,,,
SUB-01303-00,CUS-01303,PLN-SCALE,annual,166,0.114,2026-04-01,2026-06-01,plan_change,,
SUB-01303-01,CUS-01303,PLN-SCALE,annual,230,0.114,2026-06-01,,,,
SUB-01304-00,CUS-01304,PLN-GROWTH,monthly,49,0.0,2026-04-01,2026-06-01,churn,voluntary,Low adoption
SUB-01305-00,CUS-01305,PLN-GROWTH,monthly,23,0.001,2026-04-01,,,,
SUB-01306-00,CUS-01306,PLN-STARTER,monthly,12,0.005,2026-04-01,,,,
SUB-01307-00,CUS-01307,PLN-STARTER,monthly,5,0.004,2026-04-01,2026-08-01,plan_change,,
SUB-01307-01,CUS-01307,PLN-STARTER,monthly,6,0.004,2026-08-01,,,,
SUB-01308-00,CUS-01308,PLN-STARTER,monthly,2,0.075,2026-05-01,,,,
SUB-01309-00,CUS-01309,PLN-SCALE,annual,59,0.138,2026-05-01,2026-08-01,plan_change,,
SUB-01309-01,CUS-01309,PLN-SCALE,annual,40,0.138,2026-08-01,,,,
SUB-01310-00,CUS-01310,PLN-STARTER,annual,9,0.09,2026-05-01,2026-06-01,plan_change,,
SUB-01310-01,CUS-01310,PLN-STARTER,annual,12,0.09,2026-06-01,,,,
SUB-01311-00,CUS-01311,PLN-GROWTH,monthly,49,0.068,2026-05-01,,,,
SUB-01312-00,CUS-01312,PLN-ENTERPRISE,annual,244,0.268,2026-05-01,,,,
SUB-01313-00,CUS-01313,PLN-ENTERPRISE,annual,267,0.216,2026-05-01,2026-06-01,plan_change,,
SUB-01313-01,CUS-01313,PLN-ENTERPRISE,annual,296,0.216,2026-06-01,,,,
SUB-01314-00,CUS-01314,PLN-STARTER,monthly,4,0.0,2026-05-01,,,,
SUB-01315-00,CUS-01315,PLN-GROWTH,annual,24,0.155,2026-05-01,2026-08-01,plan_change,,
SUB-01315-01,CUS-01315,PLN-GROWTH,annual,19,0.155,2026-08-01,,,,
SUB-01316-00,CUS-01316,PLN-STARTER,monthly,3,0.017,2026-05-01,,,,
SUB-01317-00,CUS-01317,PLN-ENTERPRISE,annual,186,0.185,2026-05-01,,,,
SUB-01318-00,CUS-01318,PLN-STARTER,annual,8,0.075,2026-05-01,2026-06-01,plan_change,,
SUB-01318-01,CUS-01318,PLN-STARTER,annual,11,0.075,2026-06-01,,,,
SUB-01319-00,CUS-01319,PLN-SCALE,annual,43,0.147,2026-05-01,2026-06-01,plan_change,,
SUB-01319-01,CUS-01319,PLN-SCALE,annual,49,0.147,2026-06-01,,,,
SUB-01320-00,CUS-01320,PLN-GROWTH,monthly,22,0.068,2026-05-01,,,,
SUB-01321-00,CUS-01321,PLN-GROWTH,monthly,47,0.047,2026-05-01,,,,
SUB-01322-00,CUS-01322,PLN-ENTERPRISE,annual,775,0.166,2026-05-01,,,,
SUB-01323-00,CUS-01323,PLN-GROWTH,monthly,35,0.047,2026-05-01,,,,
SUB-01324-00,CUS-01324,PLN-STARTER,monthly,2,0.025,2026-05-01,2026-06-01,churn,voluntary,Price / budget cuts
SUB-01325-00,CUS-01325,PLN-GROWTH,monthly,30,0.05,2026-05-01,2026-08-01,plan_change,,
SUB-01325-01,CUS-01325,PLN-GROWTH,monthly,32,0.05,2026-08-01,,,,
SUB-01326-00,CUS-01326,PLN-SCALE,annual,83,0.114,2026-05-01,,,,
SUB-01327-00,CUS-01327,PLN-GROWTH,monthly,22,0.023,2026-05-01,,,,
SUB-01328-00,CUS-01328,PLN-STARTER,monthly,9,0.05,2026-05-01,,,,
SUB-01329-00,CUS-01329,PLN-STARTER,monthly,8,0.038,2026-05-01,,,,
SUB-01330-00,CUS-01330,PLN-STARTER,monthly,13,0.0,2026-05-01,,,,
SUB-01331-00,CUS-01331,PLN-SCALE,annual,130,0.169,2026-05-01,2026-08-01,plan_change,,
SUB-01331-01,CUS-01331,PLN-SCALE,annual,156,0.169,2026-08-01,,,,
SUB-01332-00,CUS-01332,PLN-SCALE,monthly,159,0.119,2026-05-01,2026-07-01,plan_change,,
SUB-01332-01,CUS-01332,PLN-SCALE,monthly,100,0.119,2026-07-01,2026-08-01,plan_change,,
SUB-01332-02,CUS-01332,PLN-SCALE,monthly,115,0.119,2026-08-01,,,,
SUB-01333-00,CUS-01333,PLN-STARTER,monthly,12,0.0,2026-05-01,,,,
SUB-01334-00,CUS-01334,PLN-STARTER,monthly,6,0.077,2026-05-01,,,,
SUB-01335-00,CUS-01335,PLN-GROWTH,monthly,35,0.013,2026-05-01,,,,
SUB-01336-00,CUS-01336,PLN-STARTER,monthly,9,0.023,2026-05-01,,,,
SUB-01337-00,CUS-01337,PLN-STARTER,annual,11,0.082,2026-05-01,,,,
SUB-01338-00,CUS-01338,PLN-GROWTH,monthly,22,0.006,2026-05-01,2026-06-01,churn,voluntary,Missing functionality
SUB-01339-00,CUS-01339,PLN-SCALE,annual,48,0.203,2026-05-01,,,,
SUB-01340-00,CUS-01340,PLN-SCALE,annual,181,0.184,2026-05-01,,,,
SUB-01341-00,CUS-01341,PLN-GROWTH,monthly,17,0.064,2026-05-01,,,,
SUB-01342-00,CUS-01342,PLN-ENTERPRISE,annual,198,0.227,2026-05-01,,,,
SUB-01343-00,CUS-01343,PLN-STARTER,monthly,5,0.045,2026-05-01,2026-06-01,churn,voluntary,Low adoption
SUB-01344-00,CUS-01344,PLN-STARTER,monthly,3,0.06,2026-05-01,,,,
SUB-01345-00,CUS-01345,PLN-STARTER,monthly,7,0.0,2026-05-01,2026-07-01,plan_change,,
SUB-01345-01,CUS-01345,PLN-STARTER,monthly,6,0.0,2026-07-01,,,,
SUB-01346-00,CUS-01346,PLN-GROWTH,monthly,37,0.0,2026-05-01,2026-07-01,plan_change,,
SUB-01346-01,CUS-01346,PLN-GROWTH,monthly,40,0.0,2026-07-01,2026-08-01,plan_change,,
SUB-01346-02,CUS-01346,PLN-GROWTH,monthly,51,0.0,2026-08-01,,,,
SUB-01347-00,CUS-01347,PLN-GROWTH,monthly,19,0.039,2026-05-01,2026-06-01,churn,voluntary,Price / budget cuts
SUB-01348-00,CUS-01348,PLN-STARTER,monthly,9,0.043,2026-05-01,2026-07-01,plan_change,,
SUB-01348-01,CUS-01348,PLN-STARTER,monthly,7,0.043,2026-07-01,,,,
SUB-01349-00,CUS-01349,PLN-SCALE,annual,162,0.218,2026-05-01,,,,
SUB-01350-00,CUS-01350,PLN-GROWTH,annual,20,0.111,2026-05-01,,,,
SUB-01351-00,CUS-01351,PLN-SCALE,monthly,59,0.016,2026-05-01,2026-07-01,churn,involuntary,Payment failure
SUB-01352-00,CUS-01352,PLN-STARTER,monthly,8,0.0,2026-05-01,,,,
SUB-01353-00,CUS-01353,PLN-STARTER,annual,3,0.16,2026-05-01,,,,
SUB-01354-00,CUS-01354,PLN-STARTER,monthly,10,0.04,2026-05-01,,,,
SUB-01355-00,CUS-01355,PLN-GROWTH,monthly,49,0.076,2026-05-01,,,,
SUB-01356-00,CUS-01356,PLN-ENTERPRISE,annual,290,0.164,2026-05-01,2026-07-01,plan_change,,
SUB-01356-01,CUS-01356,PLN-ENTERPRISE,annual,386,0.164,2026-07-01,,,,
SUB-01357-00,CUS-01357,PLN-ENTERPRISE,monthly,235,0.164,2026-05-01,,,,
SUB-01358-00,CUS-01358,PLN-STARTER,monthly,9,0.05,2026-05-01,2026-07-01,churn,involuntary,Payment failure
SUB-01359-00,CUS-01359,PLN-STARTER,annual,4,0.097,2026-05-01,2026-06-01,plan_change,,
SUB-01359-01,CUS-01359,PLN-STARTER,annual,2,0.097,2026-06-01,2026-08-01,plan_change,,
SUB-01359-02,CUS-01359,PLN-STARTER,annual,3,0.097,2026-08-01,,,,
SUB-01360-00,CUS-01360,PLN-ENTERPRISE,monthly,189,0.102,2026-06-01,,,,
SUB-01361-00,CUS-01361,PLN-GROWTH,monthly,16,0.058,2026-06-01,2026-08-01,churn,voluntary,Switched to competitor
SUB-01362-00,CUS-01362,PLN-GROWTH,monthly,22,0.116,2026-06-01,,,,
SUB-01363-00,CUS-01363,PLN-STARTER,monthly,5,0.068,2026-06-01,2026-08-01,churn,voluntary,Low adoption
SUB-01364-00,CUS-01364,PLN-STARTER,monthly,5,0.027,2026-06-01,2026-07-01,plan_change,,
SUB-01364-01,CUS-01364,PLN-STARTER,monthly,6,0.027,2026-07-01,,,,
SUB-01365-00,CUS-01365,PLN-SCALE,annual,103,0.262,2026-06-01,,,,
SUB-01366-00,CUS-01366,PLN-STARTER,monthly,3,0.0,2026-06-01,2026-07-01,churn,voluntary,Price / budget cuts
SUB-01367-00,CUS-01367,PLN-SCALE,monthly,99,0.081,2026-06-01,,,,
SUB-01368-00,CUS-01368,PLN-SCALE,monthly,111,0.052,2026-06-01,,,,
SUB-01369-00,CUS-01369,PLN-STARTER,monthly,3,0.0,2026-06-01,,,,
SUB-01370-00,CUS-01370,PLN-GROWTH,monthly,18,0.075,2026-06-01,2026-07-01,churn,involuntary,Payment failure
SUB-01371-00,CUS-01371,PLN-GROWTH,monthly,39,0.07,2026-06-01,,,,
SUB-01372-00,CUS-01372,PLN-STARTER,monthly,4,0.056,2026-06-01,,,,
SUB-01373-00,CUS-01373,PLN-SCALE,annual,105,0.155,2026-06-01,,,,
SUB-01374-00,CUS-01374,PLN-SCALE,annual,132,0.129,2026-06-01,2026-08-01,plan_change,,
SUB-01374-01,CUS-01374,PLN-SCALE,annual,168,0.129,2026-08-01,,,,
SUB-01375-00,CUS-01375,PLN-SCALE,annual,59,0.158,2026-06-01,2026-08-01,plan_change,,
SUB-01375-01,CUS-01375,PLN-SCALE,annual,44,0.158,2026-08-01,,,,
SUB-01376-00,CUS-01376,PLN-GROWTH,monthly,22,0.028,2026-06-01,,,,
SUB-01377-00,CUS-01377,PLN-STARTER,monthly,3,0.052,2026-06-01,,,,
SUB-01378-00,CUS-01378,PLN-ENTERPRISE,annual,764,0.27,2026-06-01,2026-07-01,plan_change,,
SUB-01378-01,CUS-01378,PLN-ENTERPRISE,annual,830,0.27,2026-07-01,,,,
SUB-01379-00,CUS-01379,PLN-STARTER,monthly,9,0.005,2026-06-01,,,,
SUB-01380-00,CUS-01380,PLN-STARTER,monthly,4,0.016,2026-06-01,2026-08-01,churn,voluntary,Switched to competitor
SUB-01381-00,CUS-01381,PLN-STARTER,annual,2,0.087,2026-06-01,,,,
SUB-01382-00,CUS-01382,PLN-GROWTH,monthly,34,0.004,2026-06-01,2026-08-01,churn,voluntary,Low adoption
SUB-01383-00,CUS-01383,PLN-ENTERPRISE,monthly,750,0.149,2026-06-01,2026-07-01,plan_change,,
SUB-01383-01,CUS-01383,PLN-ENTERPRISE,monthly,636,0.149,2026-07-01,,,,
SUB-01384-00,CUS-01384,PLN-GROWTH,monthly,13,0.054,2026-06-01,,,,
SUB-01385-00,CUS-01385,PLN-SCALE,annual,98,0.181,2026-06-01,,,,
SUB-01386-00,CUS-01386,PLN-ENTERPRISE,annual,211,0.27,2026-06-01,,,,
SUB-01387-00,CUS-01387,PLN-GROWTH,monthly,12,0.06,2026-06-01,,,,
SUB-01388-00,CUS-01388,PLN-GROWTH,monthly,18,0.048,2026-06-01,2026-08-01,plan_change,,
SUB-01388-01,CUS-01388,PLN-GROWTH,monthly,19,0.048,2026-08-01,,,,
SUB-01389-00,CUS-01389,PLN-ENTERPRISE,monthly,548,0.14,2026-06-01,,,,
SUB-01390-00,CUS-01390,PLN-STARTER,monthly,2,0.048,2026-06-01,2026-08-01,churn,voluntary,Switched to competitor
SUB-01391-00,CUS-01391,PLN-STARTER,monthly,2,0.0,2026-06-01,,,,
SUB-01392-00,CUS-01392,PLN-STARTER,annual,10,0.077,2026-06-01,,,,
SUB-01393-00,CUS-01393,PLN-STARTER,annual,2,0.081,2026-06-01,,,,
SUB-01394-00,CUS-01394,PLN-SCALE,annual,64,0.197,2026-06-01,,,,
SUB-01395-00,CUS-01395,PLN-STARTER,monthly,6,0.0,2026-06-01,2026-07-01,plan_change,,
SUB-01395-01,CUS-01395,PLN-STARTER,monthly,5,0.0,2026-07-01,,,,
SUB-01396-00,CUS-01396,PLN-GROWTH,monthly,16,0.0,2026-06-01,2026-08-01,plan_change,,
SUB-01396-01,CUS-01396,PLN-GROWTH,monthly,18,0.0,2026-08-01,,,,
SUB-01397-00,CUS-01397,PLN-STARTER,monthly,3,0.069,2026-06-01,2026-07-01,churn,voluntary,Low adoption
SUB-01398-00,CUS-01398,PLN-STARTER,monthly,5,0.026,2026-06-01,,,,
SUB-01399-00,CUS-01399,PLN-SCALE,annual,186,0.26,2026-06-01,2026-07-01,plan_change,,
SUB-01399-01,CUS-01399,PLN-SCALE,annual,211,0.26,2026-07-01,,,,
SUB-01400-00,CUS-01400,PLN-GROWTH,monthly,40,0.111,2026-06-01,,,,
SUB-01401-00,CUS-01401,PLN-GROWTH,monthly,18,0.109,2026-06-01,,,,
SUB-01402-00,CUS-01402,PLN-GROWTH,annual,17,0.21,2026-06-01,,,,
SUB-01403-00,CUS-01403,PLN-STARTER,monthly,5,0.055,2026-06-01,,,,
SUB-01404-00,CUS-01404,PLN-GROWTH,annual,11,0.113,2026-06-01,,,,
SUB-01405-00,CUS-01405,PLN-GROWTH,annual,21,0.121,2026-06-01,2026-07-01,plan_change,,
SUB-01405-01,CUS-01405,PLN-GROWTH,annual,29,0.121,2026-07-01,,,,
SUB-01406-00,CUS-01406,PLN-SCALE,monthly,113,0.061,2026-06-01,,,,
SUB-01407-00,CUS-01407,PLN-STARTER,annual,4,0.136,2026-06-01,,,,
SUB-01408-00,CUS-01408,PLN-GROWTH,monthly,21,0.016,2026-06-01,,,,
SUB-01409-00,CUS-01409,PLN-GROWTH,monthly,33,0.034,2026-06-01,2026-08-01,churn,voluntary,Low adoption
SUB-01410-00,CUS-01410,PLN-STARTER,monthly,2,0.0,2026-06-01,,,,
SUB-01411-00,CUS-01411,PLN-SCALE,annual,54,0.167,2026-06-01,,,,
SUB-01412-00,CUS-01412,PLN-GROWTH,annual,11,0.132,2026-06-01,,,,
SUB-01413-00,CUS-01413,PLN-STARTER,monthly,4,0.061,2026-06-01,2026-08-01,churn,voluntary,Low adoption
SUB-01414-00,CUS-01414,PLN-SCALE,annual,90,0.155,2026-06-01,,,,
SUB-01415-00,CUS-01415,PLN-STARTER,monthly,9,0.008,2026-06-01,,,,
SUB-01416-00,CUS-01416,PLN-SCALE,annual,125,0.129,2026-06-01,,,,
SUB-01417-00,CUS-01417,PLN-GROWTH,annual,42,0.181,2026-06-01,2026-08-01,plan_change,,
SUB-01417-01,CUS-01417,PLN-GROWTH,annual,27,0.181,2026-08-01,,,,
SUB-01418-00,CUS-01418,PLN-SCALE,monthly,74,0.049,2026-06-01,,,,
SUB-01419-00,CUS-01419,PLN-GROWTH,monthly,12,0.048,2026-07-01,,,,
SUB-01420-00,CUS-01420,PLN-STARTER,monthly,9,0.0,2026-07-01,,,,
SUB-01421-00,CUS-01421,PLN-STARTER,annual,9,0.163,2026-07-01,,,,
SUB-01422-00,CUS-01422,PLN-STARTER,annual,5,0.116,2026-07-01,,,,
SUB-01423-00,CUS-01423,PLN-GROWTH,monthly,19,0.093,2026-07-01,2026-08-01,churn,voluntary,Price / budget cuts
SUB-01424-00,CUS-01424,PLN-STARTER,monthly,9,0.033,2026-07-01,,,,
SUB-01425-00,CUS-01425,PLN-STARTER,monthly,4,0.066,2026-07-01,,,,
SUB-01426-00,CUS-01426,PLN-GROWTH,monthly,22,0.055,2026-07-01,2026-08-01,churn,voluntary,Switched to competitor
SUB-01427-00,CUS-01427,PLN-GROWTH,annual,19,0.152,2026-07-01,,,,
SUB-01428-00,CUS-01428,PLN-STARTER,monthly,11,0.072,2026-07-01,,,,
SUB-01429-00,CUS-01429,PLN-GROWTH,monthly,27,0.081,2026-07-01,,,,
SUB-01430-00,CUS-01430,PLN-STARTER,monthly,3,0.044,2026-07-01,,,,
SUB-01431-00,CUS-01431,PLN-ENTERPRISE,annual,717,0.209,2026-07-01,,,,
SUB-01432-00,CUS-01432,PLN-STARTER,monthly,2,0.078,2026-07-01,,,,
SUB-01433-00,CUS-01433,PLN-GROWTH,annual,29,0.17,2026-07-01,2026-08-01,plan_change,,
SUB-01433-01,CUS-01433,PLN-GROWTH,annual,18,0.17,2026-08-01,,,,
SUB-01434-00,CUS-01434,PLN-STARTER,monthly,8,0.046,2026-07-01,,,,
SUB-01435-00,CUS-01435,PLN-STARTER,monthly,10,0.065,2026-07-01,,,,
SUB-01436-00,CUS-01436,PLN-GROWTH,monthly,27,0.014,2026-07-01,,,,
SUB-01437-00,CUS-01437,PLN-GROWTH,annual,28,0.162,2026-07-01,,,,
SUB-01438-00,CUS-01438,PLN-GROWTH,annual,24,0.211,2026-07-01,,,,
SUB-01439-00,CUS-01439,PLN-GROWTH,monthly,25,0.074,2026-07-01,,,,
SUB-01440-00,CUS-01440,PLN-GROWTH,annual,37,0.139,2026-07-01,,,,
SUB-01441-00,CUS-01441,PLN-GROWTH,monthly,28,0.041,2026-07-01,,,,
SUB-01442-00,CUS-01442,PLN-STARTER,monthly,6,0.046,2026-07-01,2026-08-01,churn,voluntary,Price / budget cuts
SUB-01443-00,CUS-01443,PLN-GROWTH,monthly,31,0.048,2026-07-01,,,,
SUB-01444-00,CUS-01444,PLN-SCALE,annual,54,0.185,2026-07-01,,,,
SUB-01445-00,CUS-01445,PLN-STARTER,monthly,3,0.0,2026-07-01,,,,
SUB-01446-00,CUS-01446,PLN-SCALE,monthly,61,0.093,2026-07-01,,,,
SUB-01447-00,CUS-01447,PLN-GROWTH,monthly,30,0.114,2026-07-01,,,,
SUB-01448-00,CUS-01448,PLN-SCALE,annual,108,0.125,2026-07-01,,,,
SUB-01449-00,CUS-01449,PLN-SCALE,annual,60,0.126,2026-07-01,,,,
SUB-01450-00,CUS-01450,PLN-SCALE,annual,190,0.124,2026-07-01,,,,
SUB-01451-00,CUS-01451,PLN-STARTER,monthly,3,0.01,2026-07-01,,,,
SUB-01452-00,CUS-01452,PLN-STARTER,monthly,5,0.024,2026-07-01,,,,
SUB-01453-00,CUS-01453,PLN-STARTER,monthly,3,0.023,2026-07-01,,,,
SUB-01454-00,CUS-01454,PLN-GROWTH,annual,43,0.185,2026-07-01,,,,
SUB-01455-00,CUS-01455,PLN-GROWTH,monthly,22,0.0,2026-07-01,,,,
SUB-01456-00,CUS-01456,PLN-STARTER,monthly,12,0.0,2026-07-01,,,,
SUB-01457-00,CUS-01457,PLN-SCALE,monthly,125,0.053,2026-07-01,2026-08-01,plan_change,,
SUB-01457-01,CUS-01457,PLN-SCALE,monthly,166,0.053,2026-08-01,,,,
SUB-01458-00,CUS-01458,PLN-GROWTH,monthly,23,0.063,2026-07-01,,,,
SUB-01459-00,CUS-01459,PLN-GROWTH,annual,22,0.134,2026-07-01,,,,
SUB-01460-00,CUS-01460,PLN-GROWTH,monthly,13,0.008,2026-07-01,,,,
SUB-01461-00,CUS-01461,PLN-SCALE,annual,136,0.122,2026-07-01,2026-08-01,plan_change,,
SUB-01461-01,CUS-01461,PLN-SCALE,annual,89,0.122,2026-08-01,,,,
SUB-01462-00,CUS-01462,PLN-GROWTH,annual,43,0.163,2026-07-01,,,,
SUB-01463-00,CUS-01463,PLN-SCALE,monthly,164,0.108,2026-07-01,,,,
SUB-01464-00,CUS-01464,PLN-STARTER,monthly,2,0.0,2026-07-01,2026-08-01,churn,involuntary,Payment failure
SUB-01465-00,CUS-01465,PLN-STARTER,monthly,6,0.022,2026-07-01,,,,
SUB-01466-00,CUS-01466,PLN-SCALE,annual,119,0.135,2026-07-01,,,,
SUB-01467-00,CUS-01467,PLN-GROWTH,monthly,43,0.049,2026-07-01,,,,
SUB-01468-00,CUS-01468,PLN-SCALE,monthly,53,0.015,2026-07-01,,,,
SUB-01469-00,CUS-01469,PLN-SCALE,annual,73,0.193,2026-08-01,,,,
SUB-01470-00,CUS-01470,PLN-GROWTH,annual,16,0.148,2026-08-01,,,,
SUB-01471-00,CUS-01471,PLN-STARTER,annual,5,0.15,2026-08-01,,,,
SUB-01472-00,CUS-01472,PLN-GROWTH,monthly,33,0.051,2026-08-01,,,,
SUB-01473-00,CUS-01473,PLN-GROWTH,monthly,38,0.046,2026-08-01,,,,
SUB-01474-00,CUS-01474,PLN-SCALE,monthly,46,0.087,2026-08-01,,,,
SUB-01475-00,CUS-01475,PLN-STARTER,monthly,4,0.0,2026-08-01,,,,
SUB-01476-00,CUS-01476,PLN-STARTER,annual,3,0.099,2026-08-01,,,,
SUB-01477-00,CUS-01477,PLN-ENTERPRISE,annual,166,0.189,2026-08-01,,,,
SUB-01478-00,CUS-01478,PLN-ENTERPRISE,annual,723,0.233,2026-08-01,,,,
SUB-01479-00,CUS-01479,PLN-ENTERPRISE,monthly,161,0.102,2026-08-01,,,,
SUB-01480-00,CUS-01480,PLN-STARTER,monthly,4,0.038,2026-08-01,,,,
SUB-01481-00,CUS-01481,PLN-SCALE,monthly,107,0.116,2026-08-01,,,,
SUB-01482-00,CUS-01482,PLN-GROWTH,monthly,12,0.031,2026-08-01,,,,
SUB-01483-00,CUS-01483,PLN-STARTER,monthly,9,0.023,2026-08-01,,,,
SUB-01484-00,CUS-01484,PLN-STARTER,monthly,7,0.024,2026-08-01,,,,
SUB-01485-00,CUS-01485,PLN-GROWTH,annual,45,0.131,2026-08-01,,,,
SUB-01486-00,CUS-01486,PLN-GROWTH,monthly,13,0.028,2026-08-01,,,,
SUB-01487-00,CUS-01487,PLN-GROWTH,monthly,36,0.0,2026-08-01,,,,
SUB-01488-00,CUS-01488,PLN-STARTER,monthly,6,0.001,2026-08-01,,,,
SUB-01489-00,CUS-01489,PLN-STARTER,annual,3,0.12,2026-08-01,,,,
SUB-01490-00,CUS-01490,PLN-SCALE,monthly,45,0.166,2026-08-01,,,,
SUB-01491-00,CUS-01491,PLN-GROWTH,monthly,27,0.0,2026-08-01,,,,
SUB-01492-00,CUS-01492,PLN-SCALE,annual,59,0.173,2026-08-01,,,,
SUB-01493-00,CUS-01493,PLN-STARTER,annual,8,0.091,2026-08-01,,,,
SUB-01494-00,CUS-01494,PLN-ENTERPRISE,annual,510,0.214,2026-08-01,,,,
SUB-01495-00,CUS-01495,PLN-GROWTH,monthly,37,0.033,2026-08-01,,,,
SUB-01496-00,CUS-01496,PLN-GROWTH,monthly,10,0.061,2026-08-01,,,,
SUB-01497-00,CUS-01497,PLN-GROWTH,annual,40,0.163,2026-08-01,,,,
SUB-01498-00,CUS-01498,PLN-SCALE,annual,63,0.191,2026-08-01,,,,
SUB-01499-00,CUS-01499,PLN-GROWTH,annual,23,0.176,2026-08-01,,,,
SUB-01500-00,CUS-01500,PLN-STARTER,monthly,2,0.01,2026-08-01,,,,
SUB-01501-00,CUS-01501,PLN-STARTER,annual,8,0.071,2026-08-01,,,,
SUB-01502-00,CUS-01502,PLN-STARTER,monthly,5,0.0,2026-08-01,,,,
SUB-01503-00,CUS-01503,PLN-SCALE,monthly,51,0.024,2026-08-01,,,,
SUB-01504-00,CUS-01504,PLN-SCALE,monthly,45,0.08,2026-08-01,,,,
SUB-01505-00,CUS-01505,PLN-STARTER,monthly,6,0.072,2026-08-01,,,,
SUB-01506-00,CUS-01506,PLN-GROWTH,annual,36,0.076,2026-08-01,,,,
SUB-01507-00,CUS-01507,PLN-ENTERPRISE,monthly,254,0.167,2026-08-01,,,,
SUB-01508-00,CUS-01508,PLN-GROWTH,monthly,21,0.059,2026-08-01,,,,
SUB-01509-00,CUS-01509,PLN-GROWTH,monthly,34,0.052,2026-08-01,,,,
SUB-01510-00,CUS-01510,PLN-STARTER,monthly,5,0.0,2026-08-01,,,,
SUB-01511-00,CUS-01511,PLN-STARTER,monthly,5,0.079,2026-08-01,,,,
SUB-01512-00,CUS-01512,PLN-STARTER,monthly,3,0.064,2026-08-01,,,,
SUB-01513-00,CUS-01513,PLN-ENTERPRISE,annual,274,0.212,2026-08-01,,,,
SUB-01514-00,CUS-01514,PLN-GROWTH,monthly,16,0.012,2026-08-01,,,,
SUB-01515-00,CUS-01515,PLN-STARTER,monthly,5,0.033,2026-08-01,,,,
SUB-01516-00,CUS-01516,PLN-GROWTH,monthly,17,0.015,2026-08-01,,,,
SUB-01517-00,CUS-01517,PLN-GROWTH,monthly,26,0.003,2026-08-01,,,,
SUB-01518-00,CUS-01518,PLN-SCALE,annual,104,0.188,2026-08-01,,,,
SUB-01519-00,CUS-01519,PLN-STARTER,annual,7,0.18,2026-08-01,,,,
